# energy (eV)    P(omega), $W_{\text{p}}/W$ = 0.50, $h/W$ = 0.60, $d/W$ = 0.20, x/W = 0.0, $E_{\rm e}$ = 200 keV
0.0100000000	0.0026876851
0.0107130000	0.0028206500
0.0114259000	0.0029567497
0.0121389000	0.0030957144
0.0128518000	0.0032372960
0.0135648000	0.0033812711
0.0142778000	0.0035274304
0.0149907000	0.0036755828
0.0157037000	0.0038255512
0.0164166000	0.0039771692
0.0171296000	0.0041302876
0.0178425000	0.0042847537
0.0185555000	0.0044404392
0.0192685000	0.0045972177
0.0199814000	0.0047549656
0.0206944000	0.0049135718
0.0214073000	0.0050729323
0.0221203000	0.0052329451
0.0228333000	0.0053935165
0.0235462000	0.0055545541
0.0242592000	0.0057159764
0.0249721000	0.0058776955
0.0256851000	0.0060396450
0.0263981000	0.0062017421
0.0271110000	0.0063639238
0.0278240000	0.0065261199
0.0285369000	0.0066882684
0.0292499000	0.0068503104
0.0299629000	0.0070121875
0.0306758000	0.0071738445
0.0313888000	0.0073352320
0.0321017000	0.0074962959
0.0328147000	0.0076569916
0.0335276000	0.0078172788
0.0342406000	0.0079771056
0.0349536000	0.0081364342
0.0356665000	0.0082952245
0.0363795000	0.0084534396
0.0370924000	0.0086110468
0.0378054000	0.0087680073
0.0385184000	0.0089242886
0.0392313000	0.0090798649
0.0399443000	0.0092347015
0.0406572000	0.0093887697
0.0413702000	0.0095420467
0.0420832000	0.0096945071
0.0427961000	0.0098461190
0.0435091000	0.0099968680
0.0442220000	0.0101467250
0.0449350000	0.0102956746
0.0456479000	0.0104436936
0.0463609000	0.0105907649
0.0470739000	0.0107368708
0.0477868000	0.0108819889
0.0484998000	0.0110261111
0.0492127000	0.0111692164
0.0499257000	0.0113112959
0.0506387000	0.0114523288
0.0513516000	0.0115923075
0.0520646000	0.0117312175
0.0527775000	0.0118690482
0.0534905000	0.0120057901
0.0542035000	0.0121414325
0.0549164000	0.0122759665
0.0556294000	0.0124093844
0.0563423000	0.0125416759
0.0570553000	0.0126728327
0.0577683000	0.0128028547
0.0584812000	0.0129317255
0.0591942000	0.0130594520
0.0599071000	0.0131860145
0.0606201000	0.0133114186
0.0613330000	0.0134356610
0.0620460000	0.0135587293
0.0627590000	0.0136806296
0.0634719000	0.0138013514
0.0641849000	0.0139208973
0.0648978000	0.0140392664
0.0656108000	0.0141564498
0.0663238000	0.0142724504
0.0670367000	0.0143872730
0.0677497000	0.0145009097
0.0684626000	0.0146133630
0.0691756000	0.0147246334
0.0698886000	0.0148347194
0.0706015000	0.0149436259
0.0713145000	0.0150513493
0.0720274000	0.0151578927
0.0727404000	0.0152632640
0.0734534000	0.0153674534
0.0741663000	0.0154704715
0.0748793000	0.0155723194
0.0755922000	0.0156729990
0.0763052000	0.0157725151
0.0770181000	0.0158708689
0.0777311000	0.0159680604
0.0784441000	0.0160641006
0.0791570000	0.0161589946
0.0798700000	0.0162527346
0.0805829000	0.0163453372
0.0812959000	0.0164368000
0.0820089000	0.0165271291
0.0827218000	0.0166163316
0.0834348000	0.0167044105
0.0841477000	0.0167913682
0.0848607000	0.0168772140
0.0855737000	0.0169619524
0.0862866000	0.0170455857
0.0869996000	0.0171281266
0.0877125000	0.0172095776
0.0884255000	0.0172899404
0.0891384000	0.0173692275
0.0898514000	0.0174474400
0.0905644000	0.0175245861
0.0912773000	0.0176006693
0.0919903000	0.0176757046
0.0927032000	0.0177496889
0.0934162000	0.0178226334
0.0941292000	0.0178945455
0.0948421000	0.0179654280
0.0955551000	0.0180352955
0.0962680000	0.0181041481
0.0969810000	0.0181719921
0.0976940000	0.0182388369
0.0984069000	0.0183046919
0.0991199000	0.0183695636
0.0998328000	0.0184334554
0.1005460000	0.0184963782
0.1012590000	0.0185583362
0.1019720000	0.0186193394
0.1026850000	0.0186793958
0.1033980000	0.0187385125
0.1041110000	0.0187966930
0.1048240000	0.0188539504
0.1055370000	0.0189102877
0.1062490000	0.0189657139
0.1069620000	0.0190202396
0.1076750000	0.0190738710
0.1083880000	0.0191266129
0.1091010000	0.0191784755
0.1098140000	0.0192294625
0.1105270000	0.0192795905
0.1112400000	0.0193288609
0.1119530000	0.0193772791
0.1126660000	0.0194248572
0.1133790000	0.0194716023
0.1140920000	0.0195175189
0.1148050000	0.0195626202
0.1155180000	0.0196069087
0.1162310000	0.0196503958
0.1169440000	0.0196930857
0.1176570000	0.0197349906
0.1183700000	0.0197761143
0.1190830000	0.0198164654
0.1197960000	0.0198560534
0.1205090000	0.0198948843
0.1212220000	0.0199329664
0.1219350000	0.0199703041
0.1226480000	0.0200069067
0.1233600000	0.0200427903
0.1240730000	0.0200779494
0.1247860000	0.0201123968
0.1254990000	0.0201461427
0.1262120000	0.0201791928
0.1269250000	0.0202115515
0.1276380000	0.0202432310
0.1283510000	0.0202742347
0.1290640000	0.0203045735
0.1297770000	0.0203342520
0.1304900000	0.0203632777
0.1312030000	0.0203916600
0.1319160000	0.0204194037
0.1326290000	0.0204465184
0.1333420000	0.0204730121
0.1340550000	0.0204988882
0.1347680000	0.0205241544
0.1354810000	0.0205488197
0.1361940000	0.0205728905
0.1369070000	0.0205963746
0.1376200000	0.0206192769
0.1383330000	0.0206416067
0.1390460000	0.0206633688
0.1397590000	0.0206845709
0.1404710000	0.0207052203
0.1411840000	0.0207253233
0.1418970000	0.0207448862
0.1426100000	0.0207639220
0.1433230000	0.0207824253
0.1440360000	0.0208004101
0.1447490000	0.0208178822
0.1454620000	0.0208348464
0.1461750000	0.0208513085
0.1468880000	0.0208672827
0.1476010000	0.0208827650
0.1483140000	0.0208977677
0.1490270000	0.0209122954
0.1497400000	0.0209263529
0.1504530000	0.0209399489
0.1511660000	0.0209530897
0.1518790000	0.0209657782
0.1525920000	0.0209780239
0.1533050000	0.0209898266
0.1540180000	0.0210012011
0.1547310000	0.0210121461
0.1554440000	0.0210226708
0.1561570000	0.0210327810
0.1568700000	0.0210424813
0.1575830000	0.0210517762
0.1582950000	0.0210606745
0.1590080000	0.0210691777
0.1597210000	0.0210772917
0.1604340000	0.0210850264
0.1611470000	0.0210923823
0.1618600000	0.0210993645
0.1625730000	0.0211059829
0.1632860000	0.0211122367
0.1639990000	0.0211181374
0.1647120000	0.0211236826
0.1654250000	0.0211288812
0.1661380000	0.0211337369
0.1668510000	0.0211382596
0.1675640000	0.0211424453
0.1682770000	0.0211463048
0.1689900000	0.0211498389
0.1697030000	0.0211530541
0.1704160000	0.0211559550
0.1711290000	0.0211585456
0.1718420000	0.0211608285
0.1725550000	0.0211628076
0.1732680000	0.0211644897
0.1739810000	0.0211658769
0.1746940000	0.0211669749
0.1754060000	0.0211677874
0.1761190000	0.0211683131
0.1768320000	0.0211685599
0.1775450000	0.0211685328
0.1782580000	0.0211682293
0.1789710000	0.0211676598
0.1796840000	0.0211668237
0.1803970000	0.0211657238
0.1811100000	0.0211643600
0.1818230000	0.0211627437
0.1825360000	0.0211608692
0.1832490000	0.0211587436
0.1839620000	0.0211563699
0.1846750000	0.0211537466
0.1853880000	0.0211508800
0.1861010000	0.0211477688
0.1868140000	0.0211444203
0.1875270000	0.0211408295
0.1882400000	0.0211369996
0.1889530000	0.0211329388
0.1896660000	0.0211286417
0.1903790000	0.0211241109
0.1910920000	0.0211193482
0.1918050000	0.0211143549
0.1925180000	0.0211091317
0.1932300000	0.0211036779
0.1939430000	0.0210979966
0.1946560000	0.0210920856
0.1953690000	0.0210859467
0.1960820000	0.0210795755
0.1967950000	0.0210729780
0.1975080000	0.0210661492
0.1982210000	0.0210590902
0.1989340000	0.0210518017
0.1996470000	0.0210442783
0.2003600000	0.0210365203
0.2010730000	0.0210285265
0.2017860000	0.0210202928
0.2024990000	0.0210118220
0.2032120000	0.0210031041
0.2039250000	0.0209941448
0.2046380000	0.0209849353
0.2053510000	0.0209754713
0.2060640000	0.0209657567
0.2067770000	0.0209557764
0.2074900000	0.0209455349
0.2082030000	0.0209350202
0.2089160000	0.0209242372
0.2096290000	0.0209131704
0.2103410000	0.0209018163
0.2110540000	0.0208901709
0.2117670000	0.0208782277
0.2124800000	0.0208659788
0.2131930000	0.0208534132
0.2139060000	0.0208405242
0.2146190000	0.0208273040
0.2153320000	0.0208137431
0.2160450000	0.0207998304
0.2167580000	0.0207855577
0.2174710000	0.0207709129
0.2181840000	0.0207558828
0.2188970000	0.0207404574
0.2196100000	0.0207246226
0.2203230000	0.0207083628
0.2210360000	0.0206916639
0.2217490000	0.0206745130
0.2224620000	0.0206568926
0.2231750000	0.0206387830
0.2238880000	0.0206201681
0.2246010000	0.0206010320
0.2253140000	0.0205813488
0.2260270000	0.0205611017
0.2267400000	0.0205402667
0.2274520000	0.0205188206
0.2281650000	0.0204967408
0.2288780000	0.0204739972
0.2295910000	0.0204505692
0.2303040000	0.0204264218
0.2310170000	0.0204015287
0.2317300000	0.0203758577
0.2324430000	0.0207059954
0.2331560000	0.0210949037
0.2338690000	0.0214806976
0.2345820000	0.0218535807
0.2352950000	0.0222280397
0.2360080000	0.0226331436
0.2367210000	0.0230736075
0.2374340000	0.0235267426
0.2381470000	0.0239912335
0.2388600000	0.0244542994
0.2395730000	0.0249955724
0.2402860000	0.0255109585
0.2409990000	0.0260922604
0.2417120000	0.0266875172
0.2424250000	0.0272939082
0.2431380000	0.0279548705
0.2438510000	0.0286553614
0.2445640000	0.0293919729
0.2452760000	0.0301627437
0.2459890000	0.0309736510
0.2467020000	0.0318659529
0.2474150000	0.0328759621
0.2481280000	0.0338227285
0.2488410000	0.0349822918
0.2495540000	0.0362285959
0.2502670000	0.0375240213
0.2509800000	0.0390676564
0.2516930000	0.0409280125
0.2524060000	0.0429493726
0.2531190000	0.0457962239
0.2538320000	0.0512084105
0.2545450000	0.0525334091
0.2552580000	0.0536834663
0.2559710000	0.0547864788
0.2566840000	0.0558204183
0.2573970000	0.0568496619
0.2581100000	0.0578713809
0.2588230000	0.0588379119
0.2595360000	0.0598433231
0.2602490000	0.0608385281
0.2609620000	0.0618289154
0.2616750000	0.0627946026
0.2623870000	0.0638081254
0.2631000000	0.0647733008
0.2638130000	0.0657480368
0.2645260000	0.0667704312
0.2652390000	0.0678059551
0.2659520000	0.0687729070
0.2666650000	0.0698400356
0.2673780000	0.0709032378
0.2680910000	0.0719102082
0.2688040000	0.0729975575
0.2695170000	0.0741487432
0.2702300000	0.0752856122
0.2709430000	0.0763536946
0.2716560000	0.0775512703
0.2723690000	0.0787636925
0.2730820000	0.0799046276
0.2737950000	0.0811907991
0.2745080000	0.0824706023
0.2752210000	0.0837342282
0.2759340000	0.0851259812
0.2766470000	0.0865031127
0.2773600000	0.0878583316
0.2780730000	0.0893453053
0.2787860000	0.0908510140
0.2794980000	0.0923570213
0.2802110000	0.0939859542
0.2809240000	0.0956449246
0.2816370000	0.0973020835
0.2823500000	0.0991180584
0.2830630000	0.1010199757
0.2837760000	0.1028458093
0.2844890000	0.1048741201
0.2852020000	0.1069621055
0.2859150000	0.1089951271
0.2866280000	0.1112282886
0.2873410000	0.1136724264
0.2880540000	0.1159701701
0.2887670000	0.1185540009
0.2894800000	0.1213269755
0.2901930000	0.1238689809
0.2909060000	0.1268930851
0.2916190000	0.1299991384
0.2923320000	0.1329550696
0.2930450000	0.1364210154
0.2937580000	0.1400550825
0.2944710000	0.1434895871
0.2951840000	0.1475102975
0.2958970000	0.1512700459
0.2966100000	0.1557850040
0.2973220000	0.1604826964
0.2980350000	0.1650086009
0.2987480000	0.1702824228
0.2994610000	0.1758137339
0.3001740000	0.1812813902
0.3008870000	0.1874932437
0.3016000000	0.1936181857
0.3023130000	0.2007836681
0.3030260000	0.2082945400
0.3037390000	0.2158289351
0.3044520000	0.2243710403
0.3051650000	0.2337677835
0.3058780000	0.2430855236
0.3065910000	0.2537383793
0.3073040000	0.2644084267
0.3080170000	0.2768645611
0.3087300000	0.2905351046
0.3094430000	0.3040373234
0.3101560000	0.3200726124
0.3108690000	0.3363108337
0.3115820000	0.3553604282
0.3122950000	0.3765954527
0.3130080000	0.3979545461
0.3137210000	0.4236035964
0.3144330000	0.4497712980
0.3151460000	0.4810254309
0.3158590000	0.5161717662
0.3165720000	0.5526326322
0.3172850000	0.5970961943
0.3179980000	0.6428379078
0.3187110000	0.6993063686
0.3194240000	0.7631137346
0.3201370000	0.8328243456
0.3208500000	0.9174822683
0.3215630000	1.0094102396
0.3222760000	1.1240162777
0.3229890000	1.2590414377
0.3237020000	1.4093078307
0.3244150000	1.5958643936
0.3251280000	1.8069449938
0.3258410000	2.0700372567
0.3265540000	2.3618868687
0.3272670000	2.7175591369
0.3279800000	3.1053934290
0.3286930000	3.4015748271
0.3294060000	3.4848128766
0.3301190000	2.6827650339
0.3351090000	0.4661988322
0.3358220000	3.4458212455
0.3365350000	4.0362758528
0.3372480000	3.8091751023
0.3379610000	3.3270806191
0.3386740000	2.8547637485
0.3393870000	2.4263044027
0.3401000000	2.0700484469
0.3408130000	1.7755186925
0.3415260000	1.5322144892
0.3422390000	1.3330400908
0.3429520000	1.1672082550
0.3436650000	1.0278410067
0.3443780000	0.9127172768
0.3450910000	0.8146462289
0.3458040000	0.7299240033
0.3465170000	0.6589680140
0.3472300000	0.5963712619
0.3479430000	0.5426847800
0.3486560000	0.4950481708
0.3493680000	0.4545628227
0.3500810000	0.4187002578
0.3507940000	0.3857933056
0.3515070000	0.3579194808
0.3522200000	0.3317326862
0.3529330000	0.3092230678
0.3536460000	0.2884663760
0.3543590000	0.2700492034
0.3550720000	0.2535973652
0.3557850000	0.2381506988
0.3564980000	0.2245555150
0.3572110000	0.2114176186
0.3579240000	0.2003088194
0.3586370000	0.1898677468
0.3593500000	0.1798031616
0.3600630000	0.1712098761
0.3607760000	0.1625731206
0.3614890000	0.1551019103
0.3622020000	0.1476315440
0.3629150000	0.1414488183
0.3636280000	0.1354590435
0.3643410000	0.1294973862
0.3650540000	0.1244923915
0.3657670000	0.1192917213
0.3664790000	0.1147953653
0.3671920000	0.1107255554
0.3679050000	0.1064397667
0.3686180000	0.1027399190
0.3693310000	0.0989377012
0.3700440000	0.0957964203
0.3707570000	0.0927579568
0.3714700000	0.0895443898
0.3721830000	0.0869466479
0.3728960000	0.0840901194
0.3736090000	0.0816773177
0.3743220000	0.0793951129
0.3750350000	0.0770592313
0.3757480000	0.0750193285
0.3764610000	0.0730810793
0.3771740000	0.0710697098
0.3778870000	0.0693213463
0.3786000000	0.0674265090
0.3793130000	0.0658560852
0.3800260000	0.0644326181
0.3807390000	0.0627959442
0.3814520000	0.0614295869
0.3821650000	0.0601371022
0.3828780000	0.0587815487
0.3835910000	0.0575843635
0.3843030000	0.0562693079
0.3850160000	0.0552536919
0.3857290000	0.0542355984
0.3864420000	0.0530713171
0.3871550000	0.0521360206
0.3878680000	0.0512948217
0.3885810000	0.0502776252
0.3892940000	0.0494528363
0.3900070000	0.0486584858
0.3907200000	0.0479473412
0.3914330000	0.0470730945
0.3921460000	0.0463807298
0.3928590000	0.0456974400
0.3935720000	0.0449656474
0.3942850000	0.0443496753
0.3949980000	0.0437552304
0.3957110000	0.0430501664
0.3964240000	0.0425510815
0.3971370000	0.0420131055
0.3978500000	0.0415087887
0.3985630000	0.0408905874
0.3992760000	0.0404649482
0.3999890000	0.0400062028
0.4007020000	0.0395712683
0.4014140000	0.0391479468
0.4021270000	0.0386634649
0.4028400000	0.0382703763
0.4035530000	0.0378980396
0.4042660000	0.0375253498
0.4049790000	0.0372083209
0.4056920000	0.0368703303
0.4064050000	0.0365374190
0.4071180000	0.0361214625
0.4078310000	0.0358429375
0.4085440000	0.0355531829
0.4092570000	0.0352635188
0.4099700000	0.0349883429
0.4106830000	0.0347516641
0.4113960000	0.0344904723
0.4121090000	0.0343301624
0.4128220000	0.0340896532
0.4135350000	0.0338562514
0.4142480000	0.0336584614
0.4149610000	0.0334409880
0.4156740000	0.0333080355
0.4163870000	0.0331055175
0.4171000000	0.0330141146
0.4178130000	0.0328224231
0.4185260000	0.0327164039
0.4192380000	0.0326146170
0.4199510000	0.0326204845
0.4206640000	0.0326112780
0.4213770000	0.0329111426
0.4220900000	0.0327197403
0.4228030000	0.0324891185
0.4235160000	0.0322839411
0.4242290000	0.0320617912
0.4249420000	0.0318398110
0.4256550000	0.0316257566
0.4263680000	0.0314404030
0.4270810000	0.0312338538
0.4277940000	0.0310355208
0.4285070000	0.0308388366
0.4292200000	0.0306502665
0.4299330000	0.0304820439
0.4306460000	0.0303018611
0.4313590000	0.0301265091
0.4320720000	0.0299546998
0.4327850000	0.0297892278
0.4334980000	0.0296463931
0.4342110000	0.0294880093
0.4349240000	0.0293335848
0.4356370000	0.0291862281
0.4363490000	0.0290569378
0.4370620000	0.0289170316
0.4377750000	0.0287808862
0.4384880000	0.0286480422
0.4392010000	0.0285193114
0.4399140000	0.0284122496
0.4406270000	0.0282919866
0.4413400000	0.0281741495
0.4420530000	0.0280619642
0.4427660000	0.0279528965
0.4434790000	0.0278619600
0.4441920000	0.0277609489
0.4449050000	0.0276616859
0.4456180000	0.0275672119
0.4463310000	0.0274764663
0.4470440000	0.0274019379
0.4477570000	0.0273187547
0.4484700000	0.0272360941
0.4491830000	0.0271598386
0.4498960000	0.0270848430
0.4506090000	0.0270256184
0.4513220000	0.0269593038
0.4520350000	0.0268926904
0.4527480000	0.0268310410
0.4534600000	0.0267717296
0.4541730000	0.0267280102
0.4548860000	0.0266751199
0.4555990000	0.0266249306
0.4563120000	0.0265782694
0.4570250000	0.0265341010
0.4577380000	0.0264919260
0.4584510000	0.0264649973
0.4591640000	0.0264286299
0.4598770000	0.0263947498
0.4605900000	0.0263652730
0.4613030000	0.0263374518
0.4620160000	0.0263220083
0.4627290000	0.0262997230
0.4634420000	0.0262804114
0.4641550000	0.0262628907
0.4648680000	0.0262479653
0.4655810000	0.0262449061
0.4662940000	0.0262354785
0.4670070000	0.0262280317
0.4677200000	0.0262229124
0.4684330000	0.0262211357
0.4691460000	0.0262212222
0.4698590000	0.0262316595
0.4705720000	0.0262372887
0.4712840000	0.0262446958
0.4719970000	0.0262543563
0.4727100000	0.0262665512
0.4734230000	0.0262807065
0.4741360000	0.0263053332
0.4748490000	0.0263238577
0.4755620000	0.0263453349
0.4762750000	0.0263695289
0.4769880000	0.0263952987
0.4777010000	0.0264301934
0.4784140000	0.0264610667
0.4791270000	0.0264937728
0.4798400000	0.0265283821
0.4805530000	0.0265659220
0.4812660000	0.0266058360
0.4819790000	0.0266533392
0.4826920000	0.0266976721
0.4834050000	0.0267438630
0.4841180000	0.0267923576
0.4848310000	0.0268434060
0.4855440000	0.0268965286
0.4862570000	0.0269567080
0.4869700000	0.0270146508
0.4876830000	0.0270742227
0.4883950000	0.0271363428
0.4891080000	0.0272006306
0.4898210000	0.0272674088
0.4905340000	0.0273403463
0.4912470000	0.0274115134
0.4919600000	0.0274849368
0.4926730000	0.0275603319
0.4933860000	0.0276385375
0.4940990000	0.0277188305
0.4948120000	0.0278047319
0.4955250000	0.0278898227
0.4962380000	0.0279771062
0.4969510000	0.0280666431
0.4976640000	0.0281591848
0.4983770000	0.0282537628
0.4990900000	0.0283532958
0.4998030000	0.0284529178
0.5005160000	0.0285546260
0.5012290000	0.0286589289
0.5019420000	0.0287659353
0.5026550000	0.0288753164
0.5033680000	0.0289872411
0.5040810000	0.0291033144
0.5047940000	0.0292201913
0.5055070000	0.0293397329
0.5062190000	0.0294619554
0.5069320000	0.0295867650
0.5076450000	0.0297141742
0.5083580000	0.0298452046
0.5090710000	0.0299780161
0.5097840000	0.0301134334
0.5104970000	0.0302518220
0.5112100000	0.0303928441
0.5119230000	0.0305369916
0.5126360000	0.0306837749
0.5133490000	0.0308334343
0.5140620000	0.0309860353
0.5147750000	0.0311414648
0.5154880000	0.0313001017
0.5162010000	0.0314615666
0.5169140000	0.0316263704
0.5176270000	0.0317933526
0.5183400000	0.0319640861
0.5190530000	0.0321380938
0.5197660000	0.0323155506
0.5204790000	0.0324962428
0.5211920000	0.0326801030
0.5219050000	0.0328674770
0.5226180000	0.0330564524
0.5233300000	0.0332508492
0.5240430000	0.0334483439
0.5247560000	0.0336497609
0.5254690000	0.0338546187
0.5261820000	0.0340633931
0.5268950000	0.0342760833
0.5276080000	0.0344892800
0.5283210000	0.0347091808
0.5290340000	0.0349333188
0.5297470000	0.0351615113
0.5304600000	0.0353936261
0.5311730000	0.0356297459
0.5318860000	0.0358703176
0.5325990000	0.0361112107
0.5333120000	0.0363600721
0.5340250000	0.0366136712
0.5347380000	0.0368717701
0.5354510000	0.0371341428
0.5361640000	0.0374016795
0.5368770000	0.0376744418
0.5375900000	0.0379456201
0.5383030000	0.0382271268
0.5390160000	0.0385145354
0.5397290000	0.0388063782
0.5404410000	0.0391036775
0.5411540000	0.0394065094
0.5418670000	0.0397143227
0.5425800000	0.0400216534
0.5432930000	0.0403408480
0.5440060000	0.0406657303
0.5447190000	0.0409962668
0.5454320000	0.0413337059
0.5461450000	0.0416765303
0.5468580000	0.0420263384
0.5475710000	0.0423819044
0.5482840000	0.0427356737
0.5489970000	0.0431044626
0.5497100000	0.0434803995
0.5504230000	0.0438634437
0.5511360000	0.0442530173
0.5518490000	0.0446499150
0.5525620000	0.0450549104
0.5532750000	0.0454570601
0.5539880000	0.0458767792
0.5547010000	0.0463045522
0.5554140000	0.0467403718
0.5561270000	0.0471847981
0.5568400000	0.0476377491
0.5575530000	0.0480990112
0.5582650000	0.0485699608
0.5589780000	0.0490371442
0.5596910000	0.0495257478
0.5604040000	0.0500239926
0.5611170000	0.0505328128
0.5618300000	0.0510515926
0.5625430000	0.0515790863
0.5632560000	0.0521186208
0.5639690000	0.0526694430
0.5646820000	0.0532154977
0.5653950000	0.0537877812
0.5661080000	0.0543720312
0.5668210000	0.0549673820
0.5675340000	0.0555764994
0.5682470000	0.0561969649
0.5689600000	0.0568314038
0.5696730000	0.0574786815
0.5703860000	0.0581219614
0.5710990000	0.0587965586
0.5718120000	0.0594856734
0.5725250000	0.0601899854
0.5732380000	0.0609095062
0.5739510000	0.0616434222
0.5746640000	0.0623939729
0.5753760000	0.0631629726
0.5760890000	0.0639256398
0.5768020000	0.0647269621
0.5775150000	0.0655459506
0.5782280000	0.0663846593
0.5789410000	0.0672431523
0.5796540000	0.0681190691
0.5803670000	0.0690161850
0.5810800000	0.0699348287
0.5817930000	0.0708744281
0.5825060000	0.0718107134
0.5832190000	0.0727943756
0.5839320000	0.0738027746
0.5846450000	0.0748343364
0.5853580000	0.0758914283
0.5860710000	0.0769744416
0.5867840000	0.0780842675
0.5874970000	0.0792222129
0.5882100000	0.0803564322
0.5889230000	0.0815504491
0.5896360000	0.0827748000
0.5903490000	0.0840317749
0.5910620000	0.0853228070
0.5917750000	0.0866437294
0.5924870000	0.0880005751
0.5932000000	0.0893945735
0.5939130000	0.0908263457
0.5946260000	0.0922567652
0.5953390000	0.0937643023
0.5960520000	0.0953146154
0.5967650000	0.0969065450
0.5974780000	0.0985439532
0.5981910000	0.1002265215
0.5989040000	0.1019595879
0.5996170000	0.1037406376
0.6003300000	0.1055741917
0.6010430000	0.1074109871
0.6017560000	0.1093520737
0.6024690000	0.1113502712
0.6031820000	0.1134102922
0.6038950000	0.1155348547
0.6046080000	0.1177188417
0.6053210000	0.1199736690
0.6060340000	0.1223006125
0.6067470000	0.1247025697
0.6074600000	0.1271165509
0.6081730000	0.1296710852
0.6088860000	0.1323089317
0.6095990000	0.1350320746
0.6103110000	0.1378543430
0.6110240000	0.1407663311
0.6117370000	0.1437783296
0.6124500000	0.1468948773
0.6131630000	0.1501210993
0.6138760000	0.1533800437
0.6145890000	0.1568378084
0.6153020000	0.1604174219
0.6160150000	0.1641349847
0.6167280000	0.1679861131
0.6174410000	0.1719860061
0.6181540000	0.1761296730
0.6188670000	0.1804434857
0.6195800000	0.1849216023
0.6202930000	0.1895766287
0.6210060000	0.1943104395
0.6217190000	0.1993457229
0.6224320000	0.2045828565
0.6231450000	0.2100463731
0.6238580000	0.2157441833
0.6245710000	0.2216821178
0.6252840000	0.2278791198
0.6259970000	0.2343465570
0.6267100000	0.2411138259
0.6274220000	0.2481851179
0.6281350000	0.2554227516
0.6288480000	0.2631695178
0.6295610000	0.2712808001
0.6302740000	0.2797841632
0.6309870000	0.2887097684
0.6317000000	0.2980760791
0.6324130000	0.3079296003
0.6331260000	0.3182965292
0.6338390000	0.3292023656
0.6345520000	0.3407030131
0.6352650000	0.3525976019
0.6359780000	0.3653896359
0.6366910000	0.3789001353
0.6374040000	0.3932079366
0.6381170000	0.4083593750
0.6388300000	0.4244240180
0.6395430000	0.4414560681
0.6402560000	0.4595756458
0.6409690000	0.4788598331
0.6416820000	0.4994075133
0.6423950000	0.5209451190
0.6431080000	0.5443497582
0.6438210000	0.5693695545
0.6445340000	0.5962206041
0.6452460000	0.6250188759
0.6459590000	0.6559862077
0.6466720000	0.6893449145
0.6473850000	0.7253545453
0.6480980000	0.7643007376
0.6488110000	0.8065040125
0.6495240000	0.8516604122
0.6502370000	0.9014730373
0.6509500000	0.9558472868
0.6516630000	1.0153399776
0.6523760000	1.0805893444
0.6530890000	1.1524042876
0.6538020000	1.2316066718
0.6545150000	1.3193052933
0.6552280000	1.4167609110
0.6559410000	1.5254391800
0.6566540000	1.6471383880
0.6573670000	1.7823652809
0.6580800000	1.9367685587
0.6587930000	2.1120360376
0.6595060000	2.3121473841
0.6602190000	2.5418611554
0.6609320000	2.8074234121
0.6616450000	3.1163369437
0.6623570000	3.4783206630
0.6630700000	3.9063156262
0.6637830000	4.4169676352
0.6644960000	5.0319380694
0.6652090000	5.7739237351
0.6659220000	6.6959264024
0.6666350000	7.8474277150
0.6673480000	9.3071123332
0.6680610000	11.1854547488
0.6687740000	13.6417569618
0.6694870000	16.9048357482
0.6702000000	21.2967520939
0.6709130000	27.2399185532
0.6716260000	35.1825474830
0.6723390000	45.2505414315
0.6730520000	56.3437808246
0.6737650000	65.1587103812
0.6744780000	67.0293869577
0.6751910000	60.7298787071
0.6759040000	50.0173995492
0.6766170000	39.2120917352
0.6773300000	30.3064242238
0.6780430000	23.5432464067
0.6787560000	18.5373615099
0.6794680000	14.8354942756
0.6801810000	12.0684198761
0.6808940000	9.9690995866
0.6816070000	8.3534661325
0.6823200000	7.0839364197
0.6830330000	6.0746511872
0.6837460000	5.2610289736
0.6844590000	4.5968619125
0.6851720000	4.0483393582
0.6858850000	3.5907665926
0.6865980000	3.2053467754
0.6873110000	2.8778435914
0.6880240000	2.5974687403
0.6887370000	2.3556494798
0.6894500000	2.1454650476
0.6901630000	1.9620934896
0.6908760000	1.8010334058
0.6915890000	1.6588370915
0.6923020000	1.5327080002
0.6930150000	1.4202963077
0.6937280000	1.3197741457
0.6944410000	1.2294645660
0.6951540000	1.1480724351
0.6958670000	1.0744502807
0.6965800000	1.0076617863
0.6972920000	0.9469105129
0.6980050000	0.8911673788
0.6987180000	0.8404261487
0.6994310000	0.7938743208
0.7001440000	0.7510551222
0.7008570000	0.7116287762
0.7015700000	0.6752130407
0.7022830000	0.6415296004
0.7029960000	0.6102933150
0.7037090000	0.5812712705
0.7044220000	0.5542866667
0.7051350000	0.5291330546
0.7058480000	0.5056515420
0.7065610000	0.4836987404
0.7072740000	0.4629471424
0.7079870000	0.4436874416
0.7087000000	0.4256050436
0.7094130000	0.4086092547
0.7101260000	0.3926074249
0.7108390000	0.3775440085
0.7115520000	0.3633195533
0.7122650000	0.3498956221
0.7129780000	0.3372115842
0.7136910000	0.3252008659
0.7144030000	0.3138206183
0.7151160000	0.3030217871
0.7158290000	0.2927881336
0.7165420000	0.2829510779
0.7172550000	0.2737093383
0.7179680000	0.2649141472
0.7186810000	0.2565381734
0.7193940000	0.2485674834
0.7201070000	0.2409679547
0.7208200000	0.2337118733
0.7215330000	0.2267712466
0.7222460000	0.2201477749
0.7229590000	0.2138058193
0.7236720000	0.2077452415
0.7243850000	0.2019455749
0.7250980000	0.1963898483
0.7258110000	0.1909690946
0.7265240000	0.1858568522
0.7272370000	0.1809502498
0.7279500000	0.1762452914
0.7286630000	0.1717200750
0.7293760000	0.1673699920
0.7300890000	0.1631842211
0.7308020000	0.1591536291
0.7315150000	0.1552786316
0.7322270000	0.1515510601
0.7329400000	0.1479571868
0.7336530000	0.1444866451
0.7343660000	0.1411474433
0.7350790000	0.1378655720
0.7357920000	0.1347536743
0.7365050000	0.1317514543
0.7372180000	0.1288517411
0.7379310000	0.1260475928
0.7386440000	0.1233260575
0.7393570000	0.1207088558
0.7400700000	0.1181756771
0.7407830000	0.1157217627
0.7414960000	0.1133463783
0.7422090000	0.1110471761
0.7429220000	0.1088212026
0.7436350000	0.1066624932
0.7443480000	0.1045697066
0.7450610000	0.1025086584
0.7457740000	0.1005391641
0.7464870000	0.0986299633
0.7472000000	0.0967716290
0.7479130000	0.0949759583
0.7486260000	0.0932316397
0.7493380000	0.0915407659
0.7500510000	0.0898923583
0.7507640000	0.0882943693
0.7514770000	0.0867385098
0.7521900000	0.0852279313
0.7529030000	0.0837610522
0.7536160000	0.0823337970
0.7543290000	0.0809419591
0.7550420000	0.0795649310
0.7557550000	0.0782428348
0.7564680000	0.0769615547
0.7571810000	0.0757128692
0.7578940000	0.0745004587
0.7586070000	0.0733159004
0.7593200000	0.0721617721
0.7600330000	0.0710355970
0.7607460000	0.0699387076
0.7614590000	0.0688760228
0.7621720000	0.0678362257
0.7628850000	0.0668179642
0.7635980000	0.0658270102
0.7643110000	0.0648543293
0.7650240000	0.0639062360
0.7657370000	0.0629833972
0.7664490000	0.0620875681
0.7671620000	0.0612107545
0.7678750000	0.0603537220
0.7685880000	0.0595184194
0.7693010000	0.0587034049
0.7700140000	0.0579058374
0.7707270000	0.0571272544
0.7714400000	0.0563707203
0.7721530000	0.0556257510
0.7728660000	0.0548937086
0.7735790000	0.0541845008
0.7742920000	0.0534886126
0.7750050000	0.0528141389
0.7757180000	0.0521523529
0.7764310000	0.0515034203
0.7771440000	0.0508706104
0.7778570000	0.0502489586
0.7785700000	0.0496453580
0.7792830000	0.0490508837
0.7799960000	0.0484701951
0.7807090000	0.0479032304
0.7814220000	0.0473485310
0.7821350000	0.0467997153
0.7828480000	0.0462689282
0.7835610000	0.0457466547
0.7842730000	0.0452391968
0.7849860000	0.0447425975
0.7856990000	0.0442543170
0.7864120000	0.0437903391
0.7871250000	0.0433231614
0.7878380000	0.0428647125
0.7885510000	0.0424191048
0.7892640000	0.0419804224
0.7899770000	0.0415519272
0.7906900000	0.0411311455
0.7914030000	0.0407124490
0.7921160000	0.0403124220
0.7928290000	0.0399183864
0.7935420000	0.0395313995
0.7942550000	0.0391532193
0.7949680000	0.0387883120
0.7956810000	0.0384243799
0.7963940000	0.0380691956
0.7971070000	0.0377241094
0.7978200000	0.0374121721
0.7985330000	0.0370813531
0.7992460000	0.0367559466
0.7999590000	0.0364392436
0.8006720000	0.0361222466
0.8013840000	0.0358176371
0.8020970000	0.0355182944
0.8028100000	0.0352282174
0.8035230000	0.0349426633
0.8042360000	0.0346677980
0.8049490000	0.0343967692
0.8056620000	0.0341315292
0.8063750000	0.0338729458
0.8070880000	0.0336190871
0.8078010000	0.0333715301
0.8085140000	0.0331282007
0.8092270000	0.0329393492
0.8099400000	0.0327016675
0.8106530000	0.0324713240
0.8113660000	0.0322510946
0.8120790000	0.0320360493
0.8127920000	0.0318244164
0.8135050000	0.0316224244
0.8142180000	0.0314244028
0.8149310000	0.0312300319
0.8156440000	0.0310455446
0.8163570000	0.0308633798
0.8170700000	0.0306900013
0.8177830000	0.0305186681
0.8184950000	0.0303525100
0.8192080000	0.0301942900
0.8199210000	0.0300361083
0.8206340000	0.0298878772
0.8213470000	0.0298150572
0.8220600000	0.0296781347
0.8227730000	0.0295455284
0.8234860000	0.0294227305
0.8241990000	0.0293017396
0.8249120000	0.0291910563
0.8256250000	0.0290831979
0.8263380000	0.0289786257
0.8270510000	0.0288834513
0.8277640000	0.0287987287
0.8284770000	0.0287163918
0.8291900000	0.0286364217
0.8299030000	0.0285568056
0.8306160000	0.0284930755
0.8313290000	0.0284373101
0.8320420000	0.0283830351
0.8327550000	0.0284363586
0.8334680000	0.0283985298
0.8341810000	0.0283697853
0.8348940000	0.0283520644
0.8356070000	0.0283379970
0.8363190000	0.0283244299
0.8370320000	0.0283304711
0.8377450000	0.0283324905
0.8384580000	0.0283416729
0.8391710000	0.0283763502
0.8398840000	0.0283914693
0.8405970000	0.0284378801
0.8413100000	0.0284875382
0.8420230000	0.0285459420
0.8427360000	0.0286196255
0.8434490000	0.0286989884
0.8441620000	0.0287881202
0.8448750000	0.0288913595
0.8455880000	0.0291747587
0.8463010000	0.0292990666
0.8470140000	0.0294405190
0.8477270000	0.0295920451
0.8484400000	0.0297541030
0.8491530000	0.0299298014
0.8498660000	0.0301151339
0.8505790000	0.0303053471
0.8512920000	0.0305409203
0.8520050000	0.0307807084
0.8527180000	0.0310352967
0.8534300000	0.0313128854
0.8541430000	0.0315940207
0.8548560000	0.0319260167
0.8555690000	0.0322597457
0.8562820000	0.0326210151
0.8569950000	0.0329957715
0.8577080000	0.0336367216
0.8584210000	0.0340674602
0.8591340000	0.0345324132
0.8598470000	0.0350343885
0.8605600000	0.0355781081
0.8612730000	0.0361390632
0.8619860000	0.0368038875
0.8626990000	0.0375473061
0.8634120000	0.0383795342
0.8641250000	0.0393597236
0.8648380000	0.0405253301
0.8655510000	0.0418662233
0.8662640000	0.0434733723
0.8669770000	0.0452370212
0.8676900000	0.0469873325
0.8684030000	0.0484980195
0.8691160000	0.0518221963
0.8698290000	0.0528086347
0.8705420000	0.0505702368
0.8712540000	0.0431726694
0.8719670000	0.0317042073
0.8726800000	0.0219611231
0.8733930000	0.0127857952
0.8741060000	0.0042570689
0.8826620000	0.1023517698
0.8833750000	0.3660049083
0.8840880000	0.5071773378
0.8848010000	0.5682756739
0.8855140000	0.5569349837
0.8862270000	0.5157141609
0.8869400000	0.4630880574
0.8876530000	0.4091025812
0.8883650000	0.3586286285
0.8890780000	0.3136531314
0.8897910000	0.2745921876
0.8905040000	0.2410024777
0.8912170000	0.2123031468
0.8919300000	0.1879006480
0.8926430000	0.1671560236
0.8933560000	0.1493546412
0.8940690000	0.1340807812
0.8947820000	0.1209577871
0.8954950000	0.1096041091
0.8962080000	0.0997736437
0.8969210000	0.0912022865
0.8976340000	0.0837079560
0.8983470000	0.0788509498
0.8990600000	0.0729050106
0.8997730000	0.0676383636
0.9004860000	0.0629600413
0.9011990000	0.0587963763
0.9019120000	0.0550531862
0.9026250000	0.0517030568
0.9033380000	0.0486844529
0.9040510000	0.0459687336
0.9047640000	0.0435040519
0.9054760000	0.0412656561
0.9061890000	0.0392332245
0.9069020000	0.0373680914
0.9076150000	0.0356651695
0.9083280000	0.0341043293
0.9090410000	0.0326703113
0.9097540000	0.0313555009
0.9104670000	0.0301357197
0.9111800000	0.0290104660
0.9118930000	0.0279638482
0.9126060000	0.0274425445
0.9133190000	0.0265247619
0.9140320000	0.0256646553
0.9147450000	0.0248637158
0.9154580000	0.0241247844
0.9161710000	0.0234231039
0.9168840000	0.0227666547
0.9175970000	0.0221520900
0.9183100000	0.0215777028
0.9190230000	0.0210356547
0.9197360000	0.0205191957
0.9204490000	0.0200399471
0.9211620000	0.0195888274
0.9218750000	0.0191635788
0.9225880000	0.0187608435
0.9233000000	0.0183767259
0.9240130000	0.0180167441
0.9247260000	0.0176709449
0.9254390000	0.0173437435
0.9261520000	0.0170328842
0.9268650000	0.0167385626
0.9275780000	0.0166368636
0.9282910000	0.0163640840
0.9290040000	0.0161018997
0.9297170000	0.0158513302
0.9304300000	0.0156163553
0.9311430000	0.0153876575
0.9318560000	0.0151666446
0.9325690000	0.0149587512
0.9332820000	0.0147612052
0.9339950000	0.0145705094
0.9347080000	0.0143880200
0.9354210000	0.0142133691
0.9361340000	0.0140465941
0.9368470000	0.0138864972
0.9375600000	0.0137312834
0.9382730000	0.0135821495
0.9389860000	0.0134391702
0.9396990000	0.0133023639
0.9404110000	0.0131696375
0.9411240000	0.0130422287
0.9418370000	0.0129197777
0.9425500000	0.0128027496
0.9432630000	0.0127777205
0.9439760000	0.0126650899
0.9446890000	0.0125545244
0.9454020000	0.0124503093
0.9461150000	0.0123501735
0.9468280000	0.0122527458
0.9475410000	0.0121586675
0.9482540000	0.0120674512
0.9489670000	0.0119804045
0.9496800000	0.0118953672
0.9503930000	0.0118134365
0.9511060000	0.0117348539
0.9518190000	0.0116589475
0.9525320000	0.0115855237
0.9532450000	0.0115142728
0.9539580000	0.0114451905
0.9546710000	0.0113786234
0.9553840000	0.0113146413
0.9560970000	0.0112518677
0.9568100000	0.0111916825
0.9575230000	0.0111329573
0.9582350000	0.0110757757
0.9589480000	0.0110728089
0.9596610000	0.0110188502
0.9603740000	0.0109663770
0.9610870000	0.0109159473
0.9618000000	0.0108678580
0.9625130000	0.0108209770
0.9632260000	0.0107753847
0.9639390000	0.0107315128
0.9646520000	0.0106895583
0.9653650000	0.0106483950
0.9660780000	0.0106090157
0.9667910000	0.0105711948
0.9675040000	0.0105347826
0.9682170000	0.0105001493
0.9689300000	0.0104663042
0.9696430000	0.0104337729
0.9703560000	0.0104023338
0.9710690000	0.0103723293
0.9717820000	0.0103433239
0.9724950000	0.0103156399
0.9732080000	0.0102892636
0.9739210000	0.0102640292
0.9746340000	0.0102401948
0.9753460000	0.0102488575
0.9760590000	0.0102263496
0.9767720000	0.0102049775
0.9774850000	0.0101846025
0.9781980000	0.0101655942
0.9789110000	0.0101474650
0.9796240000	0.0101301681
0.9803370000	0.0101141121
0.9810500000	0.0100989679
0.9817630000	0.0100850146
0.9824760000	0.0100719078
0.9831890000	0.0100598274
0.9839020000	0.0100486524
0.9846150000	0.0100384095
0.9853280000	0.0100290537
0.9860410000	0.0100201213
0.9867540000	0.0100119850
0.9874670000	0.0100044859
0.9881800000	0.0099979373
0.9888930000	0.0099914813
0.9896060000	0.0099854359
0.9903190000	0.0099794773
0.9910320000	0.0099734583
0.9917450000	0.0099671239
0.9924570000	0.0099795853
0.9931700000	0.0099706364
0.9938830000	0.0099598593
0.9945960000	0.0099463652
0.9953090000	0.0099291490
0.9960220000	0.0099065559
0.9967350000	0.0098771525
0.9974480000	0.0098382761
0.9981610000	0.0097873343
0.9988740000	0.0097216840
0.9995870000	0.0096373980
1.0003000000	0.0095280778
1.0010100000	0.0094034196
1.0017300000	0.0092685651
1.0024400000	0.0091446998
1.0031500000	0.0090696017
1.0038600000	0.0090943792
1.0045800000	0.0092637904
1.0052900000	0.0095780584
1.0060000000	0.0099778691
1.0067200000	0.0103700217
1.0074300000	0.0106805481
1.0081400000	0.0108830344
1.0088600000	0.0109943264
1.0095700000	0.0110435905
1.0102800000	0.0110716157
1.0109900000	0.0110721449
1.0117100000	0.0110711393
1.0124200000	0.0110748487
1.0131300000	0.0110866637
1.0138500000	0.0111070985
1.0145600000	0.0111366080
1.0152700000	0.0111757879
1.0159900000	0.0112218381
1.0167000000	0.0112759510
1.0174100000	0.0113374326
1.0181200000	0.0114062944
1.0188400000	0.0114821755
1.0195500000	0.0115650028
1.0202600000	0.0116550279
1.0209800000	0.0117521389
1.0216900000	0.0118566660
1.0224000000	0.0119687900
1.0231100000	0.0120890006
1.0238300000	0.0122176270
1.0245400000	0.0123551556
1.0252500000	0.0125022291
1.0259700000	0.0126595093
1.0266800000	0.0128277220
1.0273900000	0.0130078219
1.0281100000	0.0132106702
1.0288200000	0.0134172181
1.0295300000	0.0136388668
1.0302400000	0.0138769392
1.0309600000	0.0141326697
1.0316700000	0.0144086202
1.0323800000	0.0147062865
1.0331000000	0.0150279621
1.0338100000	0.0153762925
1.0345200000	0.0157541287
1.0352400000	0.0161649085
1.0359500000	0.0166123650
1.0366600000	0.0171010368
1.0373700000	0.0176359220
1.0380900000	0.0182229814
1.0388000000	0.0188690293
1.0395100000	0.0195822336
1.0402300000	0.0203719837
1.0409400000	0.0212493569
1.0416500000	0.0222275249
1.0423600000	0.0233220786
1.0430800000	0.0245515212
1.0437900000	0.0259382021
1.0445000000	0.0275091337
1.0452200000	0.0292966453
1.0459300000	0.0313400879
1.0466400000	0.0336860054
1.0473600000	0.0364065532
1.0480700000	0.0395498587
1.0487800000	0.0432135061
1.0494900000	0.0475026353
1.0502100000	0.0525428258
1.0509200000	0.0584811994
1.0516300000	0.0654825956
1.0523500000	0.0737191085
1.0530600000	0.0833417795
1.0537700000	0.0944268550
1.0544800000	0.1068814130
1.0552000000	0.1203029844
1.0559100000	0.1338168554
1.0566200000	0.1459886620
1.0573400000	0.1549728477
1.0580500000	0.1590250977
1.0587600000	0.1572283932
1.0594800000	0.1499567477
1.0601900000	0.1386865357
1.0609000000	0.1253214980
1.0616100000	0.1115336728
1.0623300000	0.0984506841
1.0630400000	0.0866652294
1.0637500000	0.0763766462
1.0644700000	0.0675608881
1.0651800000	0.0600810856
1.0658900000	0.0537615979
1.0666100000	0.0484223235
1.0673200000	0.0439095085
1.0680300000	0.0400806954
1.0687400000	0.0368193688
1.0694600000	0.0340291209
1.0701700000	0.0316309726
1.0708800000	0.0295603490
1.0716000000	0.0277644538
1.0723100000	0.0262000790
1.0730200000	0.0248316611
1.0737300000	0.0236299444
1.0744500000	0.0225707216
1.0751600000	0.0216339418
1.0758700000	0.0208026708
1.0765900000	0.0200629549
1.0773000000	0.0194028978
1.0780100000	0.0188124468
1.0787300000	0.0182830723
1.0794400000	0.0178075610
1.0801500000	0.0173796946
1.0808600000	0.0169940657
1.0815800000	0.0166460121
1.0822900000	0.0163315062
1.0830000000	0.0160472270
1.0837200000	0.0157900360
1.0844300000	0.0155553751
1.0851400000	0.0153434166
1.0858600000	0.0151534093
1.0865700000	0.0149834509
1.0872800000	0.0148283961
1.0879900000	0.0146930670
1.0887100000	0.0145728457
1.0894200000	0.0144664810
1.0901300000	0.0143728601
1.0908500000	0.0142909707
1.0915600000	0.0142199373
1.0922700000	0.0141589850
1.0929800000	0.0141073188
1.0937000000	0.0140644223
1.0944100000	0.0140295457
1.0951200000	0.0140023282
1.0958400000	0.0139822481
1.0965500000	0.0139691236
1.0972600000	0.0139622029
1.0979800000	0.0139612814
1.0986900000	0.0139660938
1.0994000000	0.0139763987
1.1001100000	0.0139919102
1.1008300000	0.0140123548
1.1015400000	0.0140375768
1.1022500000	0.0140673047
1.1029700000	0.0141015724
1.1036800000	0.0141400619
1.1043900000	0.0141827044
1.1051100000	0.0142293083
1.1058200000	0.0142797880
1.1065300000	0.0143340821
1.1072400000	0.0143860273
1.1079600000	0.0144476144
1.1086700000	0.0145127762
1.1093800000	0.0145814946
1.1101000000	0.0146536594
1.1108100000	0.0147291798
1.1115200000	0.0148081663
1.1122300000	0.0148905024
1.1129500000	0.0149761380
1.1136600000	0.0150654857
1.1143700000	0.0151576628
1.1150900000	0.0152533009
1.1158000000	0.0153521774
1.1165100000	0.0154544125
1.1172300000	0.0155598520
1.1179400000	0.0156687082
1.1186500000	0.0157808495
1.1193600000	0.0158962766
1.1200800000	0.0160151251
1.1207900000	0.0161374588
1.1215000000	0.0162632917
1.1222200000	0.0163925418
1.1229300000	0.0165252149
1.1236400000	0.0166616353
1.1243500000	0.0168016926
1.1250700000	0.0169453501
1.1257800000	0.0170927227
1.1264900000	0.0172438214
1.1272100000	0.0173987417
1.1279200000	0.0175465176
1.1286300000	0.0177092852
1.1293500000	0.0178759714
1.1300600000	0.0180469547
1.1307700000	0.0182226122
1.1314800000	0.0184019242
1.1322000000	0.0185857273
1.1329100000	0.0187741329
1.1336200000	0.0189671541
1.1343400000	0.0191647787
1.1350500000	0.0193674066
1.1357600000	0.0195746935
1.1364800000	0.0197872989
1.1371900000	0.0200047525
1.1379000000	0.0202277346
1.1386100000	0.0204562410
1.1393300000	0.0206901061
1.1400400000	0.0209298797
1.1407500000	0.0211754980
1.1414700000	0.0214271797
1.1421800000	0.0216851791
1.1428900000	0.0219496256
1.1436000000	0.0222205325
1.1443200000	0.0224981252
1.1450300000	0.0227828978
1.1457400000	0.0230747855
1.1464600000	0.0233739518
1.1471700000	0.0236808436
1.1478800000	0.0239954925
1.1486000000	0.0243179629
1.1493100000	0.0246286012
1.1500200000	0.0249680177
1.1507300000	0.0253161378
1.1514500000	0.0256736509
1.1521600000	0.0260406397
1.1528700000	0.0264170496
1.1535900000	0.0268036366
1.1543000000	0.0272010121
1.1550100000	0.0276091242
1.1557300000	0.0280282903
1.1564400000	0.0284591867
1.1571500000	0.0289018458
1.1578600000	0.0293570956
1.1585800000	0.0298250524
1.1592900000	0.0303061809
1.1600000000	0.0308014128
1.1607200000	0.0313110702
1.1614300000	0.0318354046
1.1621400000	0.0323749862
1.1628500000	0.0329308245
1.1635700000	0.0335036769
1.1642800000	0.0340937124
1.1649900000	0.0347016547
1.1657100000	0.0353283868
1.1664200000	0.0359743038
1.1671300000	0.0366411217
1.1678500000	0.0373302709
1.1685600000	0.0380397929
1.1692700000	0.0387727503
1.1699800000	0.0395291236
1.1707000000	0.0403104806
1.1714100000	0.0411179959
1.1721200000	0.0419048909
1.1728400000	0.0427670289
1.1735500000	0.0436587583
1.1742600000	0.0445817947
1.1749700000	0.0455370229
1.1756900000	0.0465257580
1.1764000000	0.0475503035
1.1771100000	0.0486128236
1.1778300000	0.0497145625
1.1785400000	0.0508573311
1.1792500000	0.0520434050
1.1799700000	0.0532742114
1.1806800000	0.0545533816
1.1813900000	0.0558822210
1.1821000000	0.0572639678
1.1828200000	0.0587016088
1.1835300000	0.0601981607
1.1842400000	0.0617562808
1.1849600000	0.0633793490
1.1856700000	0.0650711727
1.1863800000	0.0668368178
1.1871000000	0.0686829645
1.1878100000	0.0706078263
1.1885200000	0.0726187315
1.1892300000	0.0747214914
1.1899500000	0.0769218963
1.1906600000	0.0792262190
1.1913700000	0.0816413256
1.1920900000	0.0841727662
1.1928000000	0.0868286195
1.1935100000	0.0896186868
1.1942200000	0.0925498883
1.1949400000	0.0954921699
1.1956500000	0.0987336634
1.1963600000	0.1021504883
1.1970800000	0.1057534955
1.1977900000	0.1095569451
1.1985000000	0.1135767946
1.1992200000	0.1178266030
1.1999300000	0.1223280343
1.2006400000	0.1271007724
1.2013500000	0.1321653133
1.2020700000	0.1375464418
1.2027800000	0.1432709370
1.2034900000	0.1493681435
1.2042100000	0.1558705498
1.2049200000	0.1628153230
1.2056300000	0.1702423488
1.2063500000	0.1781986732
1.2070600000	0.1867440736
1.2077700000	0.1959154984
1.2084800000	0.2057875860
1.2092000000	0.2164311977
1.2099100000	0.2279312550
1.2106200000	0.2403777563
1.2113400000	0.2538778954
1.2120500000	0.2685527249
1.2127600000	0.2845339377
1.2134700000	0.3019802689
1.2141900000	0.3210811883
1.2149000000	0.3420427164
1.2156100000	0.3651079819
1.2163300000	0.3905569669
1.2170400000	0.4187211356
1.2177500000	0.4499986107
1.2184700000	0.4848335552
1.2191800000	0.5226365261
1.2198900000	0.5662242519
1.2206000000	0.6153215926
1.2213200000	0.6708408735
1.2220300000	0.7338981849
1.2227400000	0.8058191018
1.2234600000	0.8881992111
1.2241700000	0.9830030776
1.2248800000	1.0926266282
1.2256000000	1.2199198146
1.2263100000	1.3683090748
1.2270200000	1.5418878415
1.2277300000	1.7455510147
1.2284500000	1.9843997548
1.2291600000	2.2642154743
1.2298700000	2.5900861741
1.2305900000	2.9650858644
1.2313000000	3.3877592384
1.2320100000	3.8479935059
1.2327200000	4.3221560753
1.2334400000	4.7694059955
1.2341500000	5.1333210060
1.2348600000	5.3535950574
1.2355800000	5.3867464773
1.2362900000	5.2254962001
1.2370000000	4.9022883447
1.2377200000	4.4743636395
1.2384300000	4.0016278988
1.2391400000	3.5312041905
1.2398500000	3.0925589082
1.2405700000	2.6999642615
1.2412800000	2.3574282550
1.2419900000	2.0629752043
1.2427100000	1.8118892103
1.2434200000	1.5985649091
1.2441300000	1.4174484921
1.2448400000	1.2650121032
1.2455600000	1.1335920200
1.2462700000	1.0213794189
1.2469800000	0.9252263755
1.2477000000	0.8424355747
1.2484100000	0.7706892829
1.2491200000	0.7079408224
1.2498400000	0.6523992747
1.2505500000	0.6025729933
1.2512600000	0.5573314114
1.2519700000	0.5159294487
1.2526900000	0.4779345305
1.2534000000	0.4431225609
1.2541100000	0.4113332764
1.2548300000	0.3824020218
1.2555400000	0.3561434468
1.2562500000	0.3323346147
1.2569700000	0.3107439441
1.2576800000	0.2911460519
1.2583900000	0.2733238369
1.2591000000	0.2570839614
1.2598200000	0.2422516031
1.2605300000	0.2286705027
1.2612400000	0.2162067067
1.2619600000	0.2047425553
1.2626700000	0.1941734209
1.2633800000	0.1844069026
1.2640900000	0.1753646851
1.2648100000	0.1669745716
1.2655200000	0.1591775510
1.2662300000	0.1519175171
1.2669500000	0.1451455543
1.2676600000	0.1388182501
1.2683700000	0.1328988206
1.2690900000	0.1273517463
1.2698000000	0.1221467752
1.2705100000	0.1172555796
1.2712200000	0.1125658942
1.2719400000	0.1082357499
1.2726500000	0.1041490785
1.2733600000	0.1002915172
1.2740800000	0.0966455178
1.2747900000	0.0931957577
1.2755000000	0.0899278984
1.2762200000	0.0868301762
1.2769300000	0.0838907893
1.2776400000	0.0811002228
1.2783500000	0.0784477153
1.2790700000	0.0759238436
1.2797800000	0.0735212869
1.2804900000	0.0712323976
1.2812100000	0.0690483129
1.2819200000	0.0669652548
1.2826300000	0.0649755989
1.2833400000	0.0630742063
1.2840600000	0.0612566364
1.2847700000	0.0595176788
1.2854800000	0.0578525791
1.2862000000	0.0562572316
1.2869100000	0.0547280871
1.2876200000	0.0532611104
1.2883400000	0.0518537834
1.2890500000	0.0505024705
1.2897600000	0.0492043902
1.2904700000	0.0479563926
1.2911900000	0.0467561679
1.2919000000	0.0456017186
1.2926100000	0.0444896968
1.2933300000	0.0434190184
1.2940400000	0.0423876471
1.2947500000	0.0413949324
1.2954700000	0.0404358717
1.2961800000	0.0395111151
1.2968900000	0.0386184836
1.2976000000	0.0377564090
1.2983200000	0.0369233699
1.2990300000	0.0360768913
1.2997400000	0.0352994571
1.3004600000	0.0345477775
1.3011700000	0.0338207047
1.3018800000	0.0331171560
1.3025900000	0.0324360994
1.3033100000	0.0317763054
1.3040200000	0.0311369222
1.3047300000	0.0305175742
1.3054500000	0.0299174040
1.3061600000	0.0293353481
1.3068700000	0.0287709772
1.3075900000	0.0282233685
1.3083000000	0.0276920489
1.3090100000	0.0271759303
1.3097200000	0.0266746991
1.3104400000	0.0261880847
1.3111500000	0.0257153524
1.3118600000	0.0252556513
1.3125800000	0.0248089753
1.3132900000	0.0243744213
1.3140000000	0.0239514300
1.3147100000	0.0235397034
1.3154300000	0.0231390549
1.3161400000	0.0227486265
1.3168500000	0.0223686610
1.3175700000	0.0219982770
1.3182800000	0.0216371001
1.3189900000	0.0212857368
1.3197100000	0.0209416213
1.3204200000	0.0206055499
1.3211300000	0.0202768582
1.3218400000	0.0199553674
1.3225600000	0.0196402512
1.3232700000	0.0193312968
1.3239800000	0.0190278556
1.3247000000	0.0187290389
1.3254100000	0.0184346692
1.3261200000	0.0181440743
1.3268400000	0.0178568448
1.3275500000	0.0175724544
1.3282600000	0.0172704495
1.3289700000	0.0169938077
1.3296900000	0.0167240374
1.3304000000	0.0164642189
1.3311100000	0.0162192404
1.3318300000	0.0159939543
1.3325400000	0.0157915258
1.3332500000	0.0156124373
1.3339600000	0.0154528828
1.3346800000	0.0153055963
1.3353900000	0.0151622098
1.3361000000	0.0150158079
1.3368200000	0.0148622646
1.3375300000	0.0147010706
1.3382400000	0.0145330280
1.3389600000	0.0143602053
1.3396700000	0.0141853176
1.3403800000	0.0140100215
1.3410900000	0.0138358123
1.3418100000	0.0136636426
1.3425200000	0.0134944255
1.3432300000	0.0133290678
1.3439500000	0.0131660027
1.3446600000	0.0130064774
1.3453700000	0.0128501973
1.3460900000	0.0126974616
1.3468000000	0.0125478291
1.3475100000	0.0124013882
1.3482200000	0.0122578763
1.3489400000	0.0121175568
1.3496500000	0.0119797430
1.3503600000	0.0118448129
1.3510800000	0.0117122144
1.3517900000	0.0115823180
1.3525000000	0.0114546977
1.3532100000	0.0113292929
1.3539300000	0.0112061924
1.3546400000	0.0110852087
1.3553500000	0.0109660829
1.3560700000	0.0108488897
1.3567800000	0.0107332749
1.3574900000	0.0106195356
1.3582100000	0.0104943771
1.3589200000	0.0103831558
1.3596300000	0.0102732317
1.3603400000	0.0101646672
1.3610600000	0.0100573706
1.3617700000	0.0099513685
1.3624800000	0.0098461764
1.3632000000	0.0097418171
1.3639100000	0.0096381463
1.3646200000	0.0095349760
1.3653400000	0.0094327972
1.3660500000	0.0093307936
1.3667600000	0.0092296418
1.3674700000	0.0091282100
1.3681900000	0.0090267838
1.3689000000	0.0089252153
1.3696100000	0.0088242677
1.3703300000	0.0087219958
1.3710400000	0.0086185778
1.3717500000	0.0085140714
1.3724600000	0.0084087127
1.3731800000	0.0083013486
1.3738900000	0.0081923579
1.3746000000	0.0080813039
1.3753200000	0.0079671546
1.3760300000	0.0078499277
1.3767400000	0.0077295320
1.3774600000	0.0076053248
1.3781700000	0.0074765683
1.3788800000	0.0073424433
1.3795900000	0.0072024927
1.3803100000	0.0070555465
1.3810200000	0.0069013795
1.3817300000	0.0067381530
1.3824500000	0.0065646485
1.3831600000	0.0063803453
1.3838700000	0.0061834454
1.3845800000	0.0059723886
1.3853000000	0.0057445923
1.3860100000	0.0054982670
1.3867200000	0.0052303640
1.3874400000	0.0049384015
1.3881500000	0.0046189061
1.3888600000	0.0042670062
1.3895800000	0.0038786110
1.3902900000	0.0032834293
1.3910000000	0.0027860173
1.3917100000	0.0022302357
1.3924300000	0.0016079418
1.3931400000	0.0009087299
1.3938500000	0.0001198439
1.4159600000	0.0185914527
1.4166700000	0.0357326864
1.4173800000	0.0481753689
1.4180900000	0.0561581573
1.4188100000	0.0603580103
1.4195200000	0.0616465839
1.4202300000	0.0608619805
1.4209500000	0.0587091281
1.4216600000	0.0557508864
1.4223700000	0.0523790470
1.4230800000	0.0506534192
1.4238000000	0.0470240628
1.4245100000	0.0435425655
1.4252200000	0.0402852966
1.4259400000	0.0372730645
1.4266500000	0.0345193556
1.4273600000	0.0320162173
1.4280800000	0.0297515017
1.4287900000	0.0277140438
1.4295000000	0.0258771933
1.4302100000	0.0242259495
1.4309300000	0.0227383468
1.4316400000	0.0214002305
1.4323500000	0.0201967898
1.4330700000	0.0191159616
1.4337800000	0.0181426128
1.4344900000	0.0172660323
1.4352100000	0.0164761683
1.4359200000	0.0157682429
1.4366300000	0.0151277204
1.4373400000	0.0145516290
1.4380600000	0.0140355198
1.4387700000	0.0135714585
1.4394800000	0.0131568893
1.4402000000	0.0127879948
1.4409100000	0.0124619962
1.4416200000	0.0121757628
1.4423300000	0.0119281224
1.4430500000	0.0117159282
1.4437600000	0.0115405607
1.4444700000	0.0113980245
1.4451900000	0.0112896557
1.4459000000	0.0112156515
1.4466100000	0.0111766392
1.4473300000	0.0111735766
1.4480400000	0.0112081785
1.4487500000	0.0112817771
1.4494600000	0.0113971214
1.4501800000	0.0115577415
1.4508900000	0.0117649470
1.4516000000	0.0120225225
1.4523200000	0.0123333386
1.4530300000	0.0126997524
1.4537400000	0.0131232983
1.4544500000	0.0136004616
1.4551700000	0.0141266493
1.4558800000	0.0146907852
1.4565900000	0.0152751139
1.4573100000	0.0158526061
1.4580200000	0.0163880697
1.4587300000	0.0169214667
1.4594500000	0.0172418530
1.4601600000	0.0173957288
1.4608700000	0.0173576384
1.4615800000	0.0171215742
1.4623000000	0.0167022248
1.4630100000	0.0161319476
1.4637200000	0.0154532629
1.4644400000	0.0147106516
1.4651500000	0.0139439484
1.4658600000	0.0131848805
1.4665800000	0.0124561365
1.4672900000	0.0117719302
1.4680000000	0.0111398028
1.4687100000	0.0105623222
1.4694300000	0.0100387828
1.4701400000	0.0095664974
1.4708500000	0.0091417373
1.4715700000	0.0087603556
1.4722800000	0.0084177541
1.4729900000	0.0081099161
1.4737000000	0.0078331498
1.4744200000	0.0075837419
1.4751300000	0.0073586486
1.4758400000	0.0071551551
1.4765600000	0.0069708344
1.4772700000	0.0068034402
1.4779800000	0.0066511870
1.4787000000	0.0065125174
1.4794100000	0.0063858335
1.4801200000	0.0062701994
1.4808300000	0.0061641134
1.4815500000	0.0060668353
1.4822600000	0.0059774741
1.4829700000	0.0058954366
1.4836900000	0.0058199936
1.4844000000	0.0057503106
1.4851100000	0.0056865059
1.4858300000	0.0056278318
1.4865400000	0.0055740224
1.4872500000	0.0055245196
1.4879600000	0.0054791582
1.4886800000	0.0054376817
1.4893900000	0.0053998882
1.4901000000	0.0053655599
1.4908200000	0.0053345188
1.4915300000	0.0053066385
1.4922400000	0.0052818312
1.4929500000	0.0052599644
1.4936700000	0.0052410087
1.4943800000	0.0052248274
1.4950900000	0.0052290663
1.4958100000	0.0052179158
1.4965200000	0.0052094849
1.4972300000	0.0052037817
1.4979500000	0.0052008320
1.4986600000	0.0052006173
1.4993700000	0.0052032247
1.5000800000	0.0052091387
1.5008000000	0.0052205847
1.5015100000	0.0052354270
1.5022200000	0.0052536632
1.5029400000	0.0052756073
1.5036500000	0.0053013678
1.5043600000	0.0053311643
1.5050800000	0.0053653066
1.5057900000	0.0054041465
1.5065000000	0.0054479910
1.5072100000	0.0054972796
1.5079300000	0.0055524425
1.5086400000	0.0056140321
1.5093500000	0.0056826009
1.5100700000	0.0057588547
1.5107800000	0.0058434907
1.5114900000	0.0059376115
1.5122000000	0.0060420427
1.5129200000	0.0061580085
1.5136300000	0.0062867118
1.5143400000	0.0064297852
1.5150600000	0.0065889727
1.5157700000	0.0067643060
1.5164800000	0.0069615097
1.5172000000	0.0071814451
1.5179100000	0.0074267749
1.5186200000	0.0077007309
1.5193300000	0.0080066387
1.5200500000	0.0083481617
1.5207600000	0.0087291300
1.5214700000	0.0091534582
1.5221900000	0.0096244638
1.5229000000	0.0101447589
1.5236100000	0.0107158217
1.5243200000	0.0113361910
1.5250400000	0.0120009901
1.5257500000	0.0126997365
1.5264600000	0.0134153788
1.5271800000	0.0141227583
1.5278900000	0.0147883064
1.5286000000	0.0153720752
1.5293200000	0.0158311578
1.5300300000	0.0161267831
1.5307400000	0.0162311150
1.5314500000	0.0161333121
1.5321700000	0.0158423891
1.5328800000	0.0153880266
1.5335900000	0.0148025629
1.5343100000	0.0141322866
1.5350200000	0.0134180486
1.5357300000	0.0126943417
1.5364500000	0.0119870233
1.5371600000	0.0113141912
1.5378700000	0.0106863065
1.5385800000	0.0101088352
1.5393000000	0.0095831032
1.5400100000	0.0091079465
1.5407200000	0.0086806728
1.5414400000	0.0082975332
1.5421500000	0.0079547008
1.5428600000	0.0076481667
1.5435700000	0.0073741428
1.5442900000	0.0071291335
1.5450000000	0.0069099318
1.5457100000	0.0067136494
1.5464300000	0.0065376907
1.5471400000	0.0063797944
1.5478500000	0.0062385735
1.5485700000	0.0061109902
1.5492800000	0.0059961663
1.5499900000	0.0058927676
1.5507000000	0.0057995766
1.5514200000	0.0057155675
1.5521300000	0.0056398269
1.5528400000	0.0055715284
1.5535600000	0.0055099663
1.5542700000	0.0054545243
1.5549800000	0.0054046470
1.5557000000	0.0053598372
1.5564100000	0.0053196626
1.5571200000	0.0052837518
1.5578300000	0.0052517491
1.5585500000	0.0052233575
1.5592600000	0.0051983107
1.5599700000	0.0051763572
1.5606900000	0.0051572849
1.5614000000	0.0051409151
1.5621100000	0.0051270609
1.5628200000	0.0051155722
1.5635400000	0.0051063304
1.5642500000	0.0050991938
1.5649600000	0.0050940595
1.5656800000	0.0050908329
1.5663900000	0.0050894168
1.5671000000	0.0050897429
1.5678200000	0.0050917471
1.5685300000	0.0050953660
1.5692400000	0.0051005453
1.5699500000	0.0051072447
1.5706700000	0.0051154178
1.5713800000	0.0051250436
1.5720900000	0.0051360856
1.5728100000	0.0051491809
1.5735200000	0.0051629676
1.5742300000	0.0051781226
1.5749400000	0.0051946488
1.5756600000	0.0052125392
1.5763700000	0.0052318013
1.5770800000	0.0052524398
1.5778000000	0.0052744693
1.5785100000	0.0052979052
1.5792200000	0.0053227613
1.5799400000	0.0053490766
1.5806500000	0.0053768850
1.5813600000	0.0054062652
1.5820700000	0.0054372121
1.5827900000	0.0054697950
1.5835000000	0.0055040690
1.5842100000	0.0055401007
1.5849300000	0.0055779786
1.5856400000	0.0056177741
1.5863500000	0.0056595951
1.5870700000	0.0057035397
1.5877800000	0.0057496975
1.5884900000	0.0057982476
1.5892000000	0.0058493306
1.5899200000	0.0059030838
1.5906300000	0.0059597060
1.5913400000	0.0060193985
1.5920600000	0.0060823677
1.5927700000	0.0061488847
1.5934800000	0.0062192213
1.5941900000	0.0062936802
1.5949100000	0.0063726049
1.5956200000	0.0064563632
1.5963300000	0.0065453974
1.5970500000	0.0066401238
1.5977600000	0.0067411201
1.5984700000	0.0068489067
1.5991900000	0.0069640526
1.5999000000	0.0070872449
1.6006100000	0.0072183825
1.6013200000	0.0073585704
1.6020400000	0.0075085798
1.6027500000	0.0076690314
1.6034600000	0.0078404409
1.6041800000	0.0080231216
1.6048900000	0.0082172166
1.6056000000	0.0084224264
1.6063200000	0.0086379175
1.6070300000	0.0088621795
1.6077400000	0.0090928085
1.6084500000	0.0093264870
1.6091700000	0.0095587577
1.6098800000	0.0097842158
1.6105900000	0.0099967092
1.6113100000	0.0101898500
1.6120200000	0.0103577047
1.6127300000	0.0104954959
1.6134400000	0.0106003857
1.6141600000	0.0106719080
1.6148700000	0.0107101472
1.6155800000	0.0107229565
1.6163000000	0.0107141928
1.6170100000	0.0106910885
1.6177200000	0.0106589796
1.6184400000	0.0106246817
1.6191500000	0.0105936492
1.6198600000	0.0105704101
1.6205700000	0.0105585157
1.6212900000	0.0105607148
1.6220000000	0.0105790195
1.6227100000	0.0106148626
1.6234300000	0.0106692533
1.6241400000	0.0107430314
1.6248500000	0.0108367780
1.6255700000	0.0109510379
1.6262800000	0.0110864061
1.6269900000	0.0112435368
1.6277000000	0.0114232192
1.6284200000	0.0116264111
1.6291300000	0.0118542489
1.6298400000	0.0121080711
1.6305600000	0.0123893974
1.6312700000	0.0127000711
1.6319800000	0.0130422796
1.6326900000	0.0134182814
1.6334100000	0.0138306182
1.6341200000	0.0142821927
1.6348300000	0.0147759986
1.6355500000	0.0153151464
1.6362600000	0.0159027425
1.6369700000	0.0165417835
1.6376900000	0.0172347195
1.6384000000	0.0179832676
1.6391100000	0.0187877713
1.6398200000	0.0196469735
1.6405400000	0.0205565541
1.6412500000	0.0215092671
1.6419600000	0.0224930354
1.6426800000	0.0234904845
1.6433900000	0.0244787306
1.6441000000	0.0254289110
1.6448100000	0.0263077759
1.6455300000	0.0270793385
1.6462400000	0.0277082605
1.6469500000	0.0281640557
1.6476700000	0.0284250812
1.6483800000	0.0284817201
1.6490900000	0.0283382887
1.6498100000	0.0280117877
1.6505200000	0.0275295041
1.6512300000	0.0269251356
1.6519400000	0.0262348058
1.6526600000	0.0254930773
1.6533700000	0.0247306535
1.6540800000	0.0239724360
1.6548000000	0.0232388453
1.6555100000	0.0225435891
1.6562200000	0.0218959836
1.6569400000	0.0213014514
1.6576500000	0.0207627560
1.6583600000	0.0202801023
1.6590700000	0.0198525650
1.6597900000	0.0194683591
1.6605000000	0.0191437181
1.6612100000	0.0188663731
1.6619300000	0.0186333387
1.6626400000	0.0184416020
1.6633500000	0.0182882523
1.6640600000	0.0181706001
1.6647800000	0.0180861740
1.6654900000	0.0180327077
1.6662000000	0.0180081557
1.6669200000	0.0180106859
1.6676300000	0.0180386920
1.6683400000	0.0180907525
1.6690600000	0.0181656584
1.6697700000	0.0182623186
1.6704800000	0.0183798338
1.6711900000	0.0185174094
1.6719100000	0.0186743851
1.6726200000	0.0188502676
1.6733300000	0.0190446150
1.6740500000	0.0192571194
1.6747600000	0.0194875725
1.6754700000	0.0197358359
1.6761900000	0.0200018018
1.6769000000	0.0202855179
1.6776100000	0.0205871808
1.6783200000	0.0209069054
1.6790400000	0.0212448769
1.6797500000	0.0216015201
1.6804600000	0.0219771523
1.6811800000	0.0223722210
1.6818900000	0.0227873005
1.6826000000	0.0232228787
1.6833100000	0.0236797056
1.6840300000	0.0241584518
1.6847400000	0.0246599204
1.6854500000	0.0251849333
1.6861700000	0.0257345842
1.6868800000	0.0263097002
1.6875900000	0.0269117108
1.6883100000	0.0275417583
1.6890200000	0.0282010310
1.6897300000	0.0288910896
1.6904400000	0.0296134434
1.6911600000	0.0303697146
1.6918700000	0.0311616438
1.6925800000	0.0319912507
1.6933000000	0.0328607545
1.6940100000	0.0337722286
1.6947200000	0.0347280849
1.6954400000	0.0357307477
1.6961500000	0.0367835945
1.6968600000	0.0378893746
1.6975700000	0.0390513797
1.6982900000	0.0402731700
1.6990000000	0.0415585846
1.6997100000	0.0429119584
1.7004300000	0.0443617567
1.7011400000	0.0459086876
1.7018500000	0.0475431663
1.7025600000	0.0492714243
1.7032800000	0.0511007325
1.7039900000	0.0530385296
1.7047000000	0.0550928323
1.7054200000	0.0572728732
1.7061300000	0.0595889193
1.7068400000	0.0619526416
1.7075600000	0.0645689575
1.7082700000	0.0673572488
1.7089800000	0.0703318117
1.7096900000	0.0735085500
1.7104100000	0.0769055852
1.7111200000	0.0805420316
1.7118300000	0.0844404671
1.7125500000	0.0886246407
1.7132600000	0.0931209624
1.7139700000	0.0979594403
1.7146800000	0.1031719379
1.7154000000	0.1087945860
1.7161100000	0.1148661484
1.7168200000	0.1214301603
1.7175400000	0.1285334152
1.7182500000	0.1362264621
1.7189600000	0.1445645427
1.7196800000	0.1536063509
1.7203900000	0.1634190956
1.7211000000	0.1740703221
1.7218100000	0.1856337906
1.7225300000	0.1981844956
1.7232400000	0.2117997528
1.7239500000	0.2265517253
1.7246700000	0.2425100560
1.7253800000	0.2597297045
1.7260900000	0.2782462727
1.7268100000	0.2980615216
1.7275200000	0.3191357945
1.7282300000	0.3413674003
1.7289400000	0.3645771080
1.7296600000	0.3884868506
1.7303700000	0.4127083546
1.7310800000	0.4367217565
1.7318000000	0.4598822529
1.7325100000	0.4814319388
1.7332200000	0.5005397508
1.7339300000	0.5163643264
1.7346500000	0.5281160692
1.7353600000	0.5351758513
1.7360700000	0.5371373593
1.7367900000	0.5338981752
1.7375000000	0.5256544802
1.7382100000	0.5128829659
1.7389300000	0.4962684786
1.7396400000	0.4766263737
1.7403500000	0.4548133821
1.7410600000	0.4316472801
1.7417800000	0.4078652880
1.7424900000	0.3840844483
1.7432000000	0.3607869165
1.7439200000	0.3383376462
1.7446300000	0.3169786103
1.7453400000	0.2968728327
1.7460600000	0.2781044507
1.7467700000	0.2606997612
1.7474800000	0.2446497816
1.7481900000	0.2299145792
1.7489100000	0.2164387431
1.7496200000	0.2041547324
1.7503300000	0.1929919822
1.7510500000	0.1828786278
1.7517600000	0.1737430943
1.7524700000	0.1655197475
1.7531800000	0.1581425982
1.7539000000	0.1515549633
1.7546100000	0.1457019815
1.7553200000	0.1405340807
1.7560400000	0.1361538504
1.7567500000	0.1322105638
1.7574600000	0.1288194998
1.7581800000	0.1259374272
1.7588900000	0.1235186419
1.7596000000	0.1215153612
1.7603100000	0.1198730025
1.7610300000	0.1185322559
1.7617400000	0.1174249052
1.7624500000	0.1164734018
1.7631700000	0.1155950166
1.7638800000	0.1147001260
1.7645900000	0.1136977970
1.7653100000	0.1125018947
1.7660200000	0.1110372818
1.7667300000	0.1092450709
1.7674400000	0.1070919134
1.7681600000	0.1045671166
1.7688700000	0.1016869024
1.7695800000	0.0984905829
1.7703000000	0.0950344234
1.7710100000	0.0913848236
1.7717200000	0.0876125245
1.7724300000	0.0837849471
1.7731500000	0.0799638696
1.7738600000	0.0762014969
1.7745700000	0.0725385683
1.7752900000	0.0690063228
1.7760000000	0.0656275004
1.7767100000	0.0624136160
1.7774300000	0.0593712382
1.7781400000	0.0565026458
1.7788500000	0.0538055615
1.7795600000	0.0512747226
1.7802800000	0.0489030550
1.7809900000	0.0466825044
1.7817000000	0.0446042218
1.7824200000	0.0426592134
1.7831300000	0.0408383315
1.7838400000	0.0391329305
1.7845500000	0.0375346409
1.7852700000	0.0360356570
1.7859800000	0.0346285115
1.7866900000	0.0333064043
1.7874100000	0.0320628767
1.7881200000	0.0308920563
1.7888300000	0.0297884599
1.7895500000	0.0287472154
1.7902600000	0.0277636923
1.7909700000	0.0268336983
1.7916800000	0.0259533545
1.7924000000	0.0251191963
1.7931100000	0.0243280031
1.7938200000	0.0235767744
1.7945400000	0.0228627850
1.7952500000	0.0221834316
1.7959600000	0.0215366862
1.7966800000	0.0209202805
1.7973900000	0.0203322806
1.7981000000	0.0197709526
1.7988100000	0.0192345713
1.7995300000	0.0187216143
1.8002400000	0.0182274332
1.8009500000	0.0177480990
1.8016700000	0.0172892747
1.8023800000	0.0168495859
1.8030900000	0.0164280199
1.8038000000	0.0160235611
1.8045200000	0.0156352270
1.8052300000	0.0152620792
1.8059400000	0.0149033856
1.8066600000	0.0145582454
1.8073700000	0.0142260596
1.8080800000	0.0138908179
1.8088000000	0.0135821449
1.8095100000	0.0132844888
1.8102200000	0.0129972757
1.8109300000	0.0127200442
1.8116500000	0.0124522551
1.8123600000	0.0121934606
1.8130700000	0.0119432605
1.8137900000	0.0117012218
1.8145000000	0.0114669296
1.8152100000	0.0112401154
1.8159300000	0.0110203511
1.8166400000	0.0108073920
1.8173500000	0.0106009736
1.8180600000	0.0104007254
1.8187800000	0.0102065224
1.8194900000	0.0100180756
1.8202000000	0.0098352909
1.8209200000	0.0096577311
1.8216300000	0.0094853341
1.8223400000	0.0093179734
1.8230500000	0.0091554629
1.8237700000	0.0089976505
1.8244800000	0.0088443484
1.8251900000	0.0086954935
1.8259100000	0.0085508668
1.8266200000	0.0084102641
1.8273300000	0.0082732953
1.8280500000	0.0081399328
1.8287600000	0.0080098107
1.8294700000	0.0078826164
1.8301800000	0.0077581235
1.8309000000	0.0076361070
1.8316100000	0.0075163655
1.8323200000	0.0073986653
1.8330400000	0.0072828847
1.8337500000	0.0071688433
1.8344600000	0.0070565170
1.8351800000	0.0069457881
1.8358900000	0.0068365813
1.8366000000	0.0067287784
1.8373100000	0.0066222716
1.8380300000	0.0065172326
1.8387400000	0.0064131742
1.8394500000	0.0063104777
1.8401700000	0.0062087951
1.8408800000	0.0061081303
1.8415900000	0.0060083157
1.8423000000	0.0059091929
1.8430200000	0.0058106961
1.8437300000	0.0057126317
1.8444400000	0.0056147967
1.8451600000	0.0055172306
1.8458700000	0.0054196285
1.8465800000	0.0053218830
1.8473000000	0.0052237775
1.8480100000	0.0051250944
1.8487200000	0.0050253601
1.8494300000	0.0049248707
1.8501500000	0.0048231955
1.8508600000	0.0047200306
1.8515700000	0.0046150347
1.8522900000	0.0045079154
1.8530000000	0.0043981714
1.8537100000	0.0042859157
1.8544200000	0.0041704942
1.8551400000	0.0040514392
1.8558500000	0.0039284037
1.8565600000	0.0038008424
1.8572800000	0.0036682383
1.8579900000	0.0035299486
1.8587000000	0.0033853098
1.8594200000	0.0032334465
1.8601300000	0.0030737371
1.8608400000	0.0029056397
1.8615500000	0.0026111418
1.8622700000	0.0024152425
1.8629800000	0.0022072168
1.8636900000	0.0019857929
1.8644100000	0.0017497767
1.8651200000	0.0014978408
1.8658300000	0.0012292684
1.8665500000	0.0009412532
1.8672600000	0.0006332063
1.8679700000	0.0003034868
1.8686800000	0.0000257394
1.8694000000	0.0001060916
1.8879300000	0.0002135113
1.8886500000	0.0008336476
1.8893600000	0.0021692823
1.8900700000	0.0034293514
1.8907900000	0.0045840126
1.8915000000	0.0056119415
1.8922100000	0.0065019043
1.8929200000	0.0072513982
1.8936400000	0.0078630457
1.8943500000	0.0083466339
1.8950600000	0.0087156923
1.8957800000	0.0089822053
1.8964900000	0.0091623026
1.8972000000	0.0092706556
1.8979200000	0.0093208801
1.8986300000	0.0093251630
1.8993400000	0.0092941003
1.9000500000	0.0092364169
1.9007700000	0.0091547255
1.9014800000	0.0090589350
1.9021900000	0.0089541549
1.9029100000	0.0088435367
1.9036200000	0.0087291634
1.9043300000	0.0086120021
1.9050500000	0.0084928754
1.9057600000	0.0083699679
1.9064700000	0.0082432086
1.9071800000	0.0081115769
1.9079000000	0.0079741303
1.9086100000	0.0078300805
1.9093200000	0.0076791040
1.9100400000	0.0075209717
1.9107500000	0.0073561854
1.9114600000	0.0071856478
1.9121700000	0.0070104425
1.9128900000	0.0068320654
1.9136000000	0.0066520619
1.9143100000	0.0064720388
1.9150300000	0.0062935389
1.9157400000	0.0061180100
1.9164500000	0.0059464906
1.9171700000	0.0057801453
1.9178800000	0.0056195673
1.9185900000	0.0055190502
1.9193000000	0.0053688128
1.9200200000	0.0052257220
1.9207300000	0.0050897912
1.9214400000	0.0049609767
1.9221600000	0.0048391329
1.9228700000	0.0047240467
1.9235800000	0.0046154597
1.9242900000	0.0045130807
1.9250100000	0.0044166487
1.9257200000	0.0043257712
1.9264300000	0.0042401717
1.9271500000	0.0041595503
1.9278600000	0.0040836509
1.9285700000	0.0040121245
1.9292900000	0.0039446791
1.9300000000	0.0038811405
1.9307100000	0.0038211691
1.9314200000	0.0037645704
1.9321400000	0.0037111417
1.9328500000	0.0036606870
1.9335600000	0.0036130321
1.9342800000	0.0035679708
1.9349900000	0.0035253614
1.9357000000	0.0034850508
1.9364200000	0.0034469174
1.9371300000	0.0034108124
1.9378400000	0.0033766290
1.9385500000	0.0033442547
1.9392700000	0.0033136134
1.9399800000	0.0032845885
1.9406900000	0.0032570668
1.9414100000	0.0032309925
1.9421200000	0.0032063092
1.9428300000	0.0031829240
1.9435400000	0.0031607732
1.9442600000	0.0031398084
1.9449700000	0.0031199749
1.9456800000	0.0031012162
1.9464000000	0.0030834870
1.9471100000	0.0030667473
1.9478200000	0.0030509578
1.9485400000	0.0030360790
1.9492500000	0.0030220738
1.9499600000	0.0030089158
1.9506700000	0.0029965916
1.9513900000	0.0029850347
1.9521000000	0.0029742471
1.9528100000	0.0029642066
1.9535300000	0.0029548713
1.9542400000	0.0029462341
1.9549500000	0.0029382789
1.9556700000	0.0029309868
1.9563800000	0.0029243495
1.9570900000	0.0029183457
1.9578000000	0.0029129685
1.9585200000	0.0029082135
1.9592300000	0.0029040562
1.9599400000	0.0029004970
1.9606600000	0.0028975295
1.9613700000	0.0028951473
1.9620800000	0.0028933459
1.9627900000	0.0028921186
1.9635100000	0.0028914729
1.9642200000	0.0028913900
1.9649300000	0.0028918765
1.9656500000	0.0028929348
1.9663600000	0.0028945655
1.9670700000	0.0028967677
1.9677900000	0.0028995418
1.9685000000	0.0029029031
1.9692100000	0.0029068525
1.9699200000	0.0029113957
1.9706400000	0.0029165366
1.9713500000	0.0029222875
1.9720600000	0.0029286543
1.9727800000	0.0029356511
1.9734900000	0.0029432905
1.9742000000	0.0029515806
1.9749100000	0.0029605373
1.9756300000	0.0029701739
1.9763400000	0.0029805100
1.9770500000	0.0029915614
1.9777700000	0.0030067978
1.9784800000	0.0030192553
1.9791900000	0.0030324950
1.9799100000	0.0030465413
1.9806200000	0.0030614216
1.9813300000	0.0030771619
1.9820400000	0.0030937971
1.9827600000	0.0031113472
1.9834700000	0.0031298559
1.9841800000	0.0031493594
1.9849000000	0.0031698993
1.9856100000	0.0031915139
1.9863200000	0.0032142499
1.9870400000	0.0032381526
1.9877500000	0.0032632747
1.9884600000	0.0032896660
1.9891700000	0.0033173915
1.9898900000	0.0033465106
1.9906000000	0.0033770908
1.9913100000	0.0034092053
1.9920300000	0.0034429294
1.9927400000	0.0034783401
1.9934500000	0.0035155195
1.9941600000	0.0035545700
1.9948800000	0.0035955858
1.9955900000	0.0036386610
1.9963000000	0.0036839243
1.9970200000	0.0037314807
1.9977300000	0.0037814633
1.9984400000	0.0038339989
1.9991600000	0.0038892092
1.9998700000	0.0039472894
2.0005800000	0.0040108624
2.0012900000	0.0040783408
2.0020100000	0.0041493595
2.0027200000	0.0042241169
2.0034300000	0.0043027981
2.0041500000	0.0043856664
2.0048600000	0.0044729323
2.0055700000	0.0045648296
2.0062900000	0.0046615936
2.0070000000	0.0047634812
2.0077100000	0.0048707212
2.0084200000	0.0049835757
2.0091400000	0.0051022776
2.0098500000	0.0052270419
2.0105600000	0.0053580910
2.0112800000	0.0054955837
2.0119900000	0.0056396692
2.0127000000	0.0057904620
2.0134100000	0.0059479855
2.0141300000	0.0061121415
2.0148400000	0.0062828259
2.0155500000	0.0064597355
2.0162700000	0.0066424789
2.0169800000	0.0068304942
2.0176900000	0.0070230224
2.0184100000	0.0072190957
2.0191200000	0.0074175425
2.0198300000	0.0076169343
2.0205400000	0.0078156587
2.0212600000	0.0080118514
2.0219700000	0.0082034483
2.0226800000	0.0083882011
2.0234000000	0.0085638338
2.0241100000	0.0087279585
2.0248200000	0.0088782470
2.0255400000	0.0090125435
2.0262500000	0.0091288517
2.0269600000	0.0092255247
2.0276700000	0.0093012877
2.0283900000	0.0093552932
2.0291000000	0.0093871569
2.0298100000	0.0093969172
2.0305300000	0.0093850860
2.0312400000	0.0093524781
2.0319500000	0.0093003747
2.0326600000	0.0092301939
2.0333800000	0.0091435229
2.0340900000	0.0090421136
2.0348000000	0.0089277812
2.0355200000	0.0088023456
2.0362300000	0.0086676318
2.0369400000	0.0085254777
2.0376600000	0.0083774538
2.0383700000	0.0082252819
2.0390800000	0.0080704729
2.0397900000	0.0079144383
2.0405100000	0.0077590975
2.0412200000	0.0076042989
2.0419300000	0.0074517898
2.0426500000	0.0073024877
2.0433600000	0.0071571925
2.0440700000	0.0070165086
2.0447800000	0.0068809886
2.0455000000	0.0067510237
2.0462100000	0.0066269097
2.0469200000	0.0065088805
2.0476400000	0.0063970021
2.0483500000	0.0062913517
2.0490600000	0.0061918968
2.0497800000	0.0060985757
2.0504900000	0.0060113445
2.0512000000	0.0059299552
2.0519100000	0.0058542641
2.0526300000	0.0057841333
2.0533400000	0.0057193321
2.0540500000	0.0056596686
2.0547700000	0.0056049321
2.0554800000	0.0055549268
2.0561900000	0.0055094557
2.0569100000	0.0054683039
2.0576200000	0.0054312696
2.0583300000	0.0053981930
2.0590400000	0.0053688576
2.0597600000	0.0053431209
2.0604700000	0.0053208246
2.0611800000	0.0053018145
2.0619000000	0.0052859580
2.0626100000	0.0052731298
2.0633200000	0.0052632312
2.0640300000	0.0052561477
2.0647500000	0.0052518368
2.0654600000	0.0052500729
2.0661700000	0.0052508685
2.0668900000	0.0052541603
2.0676000000	0.0052598548
2.0683100000	0.0052679259
2.0690300000	0.0052783148
2.0697400000	0.0052909891
2.0704500000	0.0053059147
2.0711600000	0.0053230712
2.0718800000	0.0053424381
2.0725900000	0.0053639998
2.0733000000	0.0053877540
2.0740200000	0.0054137111
2.0747300000	0.0054418725
2.0754400000	0.0054722619
2.0761600000	0.0055048999
2.0768700000	0.0055398152
2.0775800000	0.0055770577
2.0782900000	0.0056166475
2.0790100000	0.0056586625
2.0797200000	0.0057031404
2.0804300000	0.0057501173
2.0811500000	0.0057996500
2.0818600000	0.0058517752
2.0825700000	0.0059065290
2.0832800000	0.0059639432
2.0840000000	0.0060240436
2.0847100000	0.0060868334
2.0854200000	0.0061523435
2.0861400000	0.0062205727
2.0868500000	0.0062915034
2.0875600000	0.0063651490
2.0882800000	0.0064415019
2.0889900000	0.0065205673
2.0897000000	0.0066023498
2.0904100000	0.0066868354
2.0911300000	0.0067740998
2.0918400000	0.0068641460
2.0925500000	0.0069570264
2.0932700000	0.0070527895
2.0939800000	0.0071515024
2.0946900000	0.0072532344
2.0954100000	0.0073580846
2.0961200000	0.0074661482
2.0968300000	0.0075775289
2.0975400000	0.0076923384
2.0982600000	0.0078107021
2.0989700000	0.0079327451
2.0996800000	0.0080585878
2.1004000000	0.0081881115
2.1011100000	0.0083216851
2.1018200000	0.0084597623
2.1025300000	0.0086025236
2.1032500000	0.0087501506
2.1039600000	0.0089028521
2.1046700000	0.0090608264
2.1053900000	0.0092243109
2.1061000000	0.0093935154
2.1068100000	0.0095621378
2.1075300000	0.0097433436
2.1082400000	0.0099310299
2.1089500000	0.0101254718
2.1096600000	0.0103269478
2.1103800000	0.0105357792
2.1110900000	0.0107522903
2.1118000000	0.0109768119
2.1125200000	0.0112097085
2.1132300000	0.0114513493
2.1139400000	0.0117021475
2.1146500000	0.0119625188
2.1153700000	0.0122329062
2.1160800000	0.0125137759
2.1167900000	0.0128056157
2.1175100000	0.0131089650
2.1182200000	0.0134243913
2.1189300000	0.0137524558
2.1196500000	0.0140937690
2.1203600000	0.0144490338
2.1210700000	0.0148189115
2.1217800000	0.0152041362
2.1225000000	0.0156054836
2.1232100000	0.0160236603
2.1239200000	0.0164597307
2.1246400000	0.0169145404
2.1253500000	0.0173890371
2.1260600000	0.0178842461
2.1267800000	0.0184012534
2.1274900000	0.0189411686
2.1282000000	0.0195052139
2.1289100000	0.0200946706
2.1296300000	0.0207108544
2.1303400000	0.0213551552
2.1310500000	0.0220290333
2.1317700000	0.0227341503
2.1324800000	0.0234719987
2.1331900000	0.0242443680
2.1339000000	0.0250529744
2.1346200000	0.0258997011
2.1353300000	0.0267863344
2.1360400000	0.0277150514
2.1367600000	0.0286877751
2.1374700000	0.0297065883
2.1381800000	0.0307736230
2.1389000000	0.0318909522
2.1396100000	0.0330606986
2.1403200000	0.0342849553
2.1410300000	0.0355657269
2.1417500000	0.0369048553
2.1424600000	0.0383041865
2.1431700000	0.0397651245
2.1438900000	0.0412888929
2.1446000000	0.0428764718
2.1453100000	0.0445280910
2.1460300000	0.0462436271
2.1467400000	0.0480222590
2.1474500000	0.0498621762
2.1481600000	0.0517607015
2.1488800000	0.0537139200
2.1495900000	0.0557166512
2.1503000000	0.0577621902
2.1510200000	0.0598422570
2.1517300000	0.0619466365
2.1524400000	0.0640631918
2.1531500000	0.0661778282
2.1538700000	0.0682743019
2.1545800000	0.0703343928
2.1552900000	0.0723379447
2.1560100000	0.0742631284
2.1567200000	0.0760868033
2.1574300000	0.0777849958
2.1581500000	0.0793336511
2.1588600000	0.0807089100
2.1595700000	0.0818879682
2.1602800000	0.0828505610
2.1610000000	0.0835788922
2.1617100000	0.0840590259
2.1624200000	0.0842813955
2.1631400000	0.0842402812
2.1638500000	0.0839357444
2.1645600000	0.0833725535
2.1652800000	0.0825603674
2.1659900000	0.0815127715
2.1667000000	0.0802474466
2.1674100000	0.0787850444
2.1681300000	0.0771482260
2.1688400000	0.0753611877
2.1695500000	0.0734486084
2.1702700000	0.0714349780
2.1709800000	0.0693440366
2.1716900000	0.0671982898
2.1724000000	0.0650191780
2.1731200000	0.0628236144
2.1738300000	0.0606296678
2.1745400000	0.0584514398
2.1752600000	0.0564213634
2.1759700000	0.0543029426
2.1766800000	0.0522317395
2.1774000000	0.0502145961
2.1781100000	0.0482567899
2.1788200000	0.0463621654
2.1795300000	0.0445333944
2.1802500000	0.0427721626
2.1809600000	0.0410791177
2.1816700000	0.0394544498
2.1823900000	0.0378973071
2.1831000000	0.0364068259
2.1838100000	0.0349814609
2.1845200000	0.0336195056
2.1852400000	0.0323189810
2.1859500000	0.0310777780
2.1866600000	0.0298937501
2.1873800000	0.0287645270
2.1880900000	0.0276877199
2.1888000000	0.0266610973
2.1895200000	0.0256824503
2.1902300000	0.0247493819
2.1909400000	0.0238597729
2.1916500000	0.0230115119
2.1923700000	0.0222025123
2.1930800000	0.0214308755
2.1937900000	0.0206946007
2.1945100000	0.0199919531
2.1952200000	0.0193211846
2.1959300000	0.0186806661
2.1966500000	0.0180688042
2.1973600000	0.0174841327
2.1980700000	0.0169252469
2.1987800000	0.0163908008
2.1995000000	0.0158795335
2.2002100000	0.0153907955
2.2009200000	0.0149249082
2.2016400000	0.0144797443
2.2023500000	0.0140541522
2.2030600000	0.0136470563
2.2037700000	0.0132574276
2.2044900000	0.0128843134
2.2052000000	0.0125268328
2.2059100000	0.0121841388
2.2066300000	0.0118554395
2.2073400000	0.0115399860
2.2080500000	0.0112370864
2.2087700000	0.0109460803
2.2094800000	0.0106663554
2.2101900000	0.0103973241
2.2109000000	0.0101383626
2.2116200000	0.0098890950
2.2123300000	0.0096489575
2.2130400000	0.0094175049
2.2137600000	0.0091942805
2.2144700000	0.0089788912
2.2151800000	0.0087709166
2.2159000000	0.0085700415
2.2166100000	0.0083758687
2.2173200000	0.0081880835
2.2180300000	0.0080064086
2.2187500000	0.0078305330
2.2194600000	0.0076601699
2.2201700000	0.0074950601
2.2208900000	0.0073349534
2.2216000000	0.0071796095
2.2223100000	0.0070287984
2.2230200000	0.0068822826
2.2237400000	0.0067399160
2.2244500000	0.0066014758
2.2251600000	0.0064667636
2.2258800000	0.0063356054
2.2265900000	0.0062078310
2.2273000000	0.0060832623
2.2280200000	0.0059617582
2.2287300000	0.0058431563
2.2294400000	0.0057272998
2.2301500000	0.0056139674
2.2308700000	0.0055031830
2.2315800000	0.0053947306
2.2322900000	0.0052884757
2.2330100000	0.0051842539
2.2337200000	0.0050820174
2.2344300000	0.0049815826
2.2351500000	0.0048828914
2.2358600000	0.0047858008
2.2365700000	0.0046901987
2.2372800000	0.0045959748
2.2380000000	0.0045030524
2.2387100000	0.0044113154
2.2394200000	0.0043206738
2.2401400000	0.0042310403
2.2408500000	0.0041423268
2.2415600000	0.0040544597
2.2422700000	0.0039673727
2.2429900000	0.0038809454
2.2437000000	0.0037951943
2.2444100000	0.0037099993
2.2451300000	0.0036254478
2.2458400000	0.0035413370
2.2465500000	0.0034577963
2.2472700000	0.0033748556
2.2479800000	0.0032413051
2.2486900000	0.0031577079
2.2494000000	0.0030747471
2.2501200000	0.0029924941
2.2508300000	0.0029108329
2.2515400000	0.0028304014
2.2522600000	0.0027511244
2.2529700000	0.0026732074
2.2536800000	0.0025967866
2.2543900000	0.0025223434
2.2551100000	0.0024500801
2.2558200000	0.0023803605
2.2565300000	0.0023135633
2.2572500000	0.0022500838
2.2579600000	0.0021903721
2.2586700000	0.0021348781
2.2593900000	0.0020839364
2.2601000000	0.0020382127
2.2608100000	0.0019982687
2.2615200000	0.0019644336
2.2622400000	0.0019369284
2.2629500000	0.0019165182
2.2636600000	0.0019033734
2.2643800000	0.0018976359
2.2650900000	0.0018995604
2.2658000000	0.0019090477
2.2665200000	0.0019261953
2.2672300000	0.0019507054
2.2679400000	0.0019822749
2.2686500000	0.0020204456
2.2693700000	0.0020646503
2.2700800000	0.0021142266
2.2707900000	0.0021684105
2.2715100000	0.0022263712
2.2722200000	0.0022872254
2.2729300000	0.0023500692
2.2736400000	0.0024139956
2.2743600000	0.0024780266
2.2750700000	0.0025414692
2.2757800000	0.0026034357
2.2765000000	0.0026633441
2.2772100000	0.0027204939
2.2779200000	0.0027743377
2.2786400000	0.0028245160
2.2793500000	0.0028706851
2.2800600000	0.0029126217
2.2807700000	0.0029502001
2.2814900000	0.0029833680
2.2822000000	0.0030121588
2.2829100000	0.0030366680
2.2836300000	0.0030570470
2.2843400000	0.0030734804
2.2850500000	0.0030861913
2.2857700000	0.0030954356
2.2864800000	0.0031014805
2.2871900000	0.0031045956
2.2879000000	0.0031050587
2.2886200000	0.0031031466
2.2893300000	0.0030991184
2.2900400000	0.0030932454
2.2907600000	0.0030857526
2.2914700000	0.0030768846
2.2921800000	0.0030668856
2.2928900000	0.0030558735
2.2936100000	0.0030440743
2.2943200000	0.0030316512
2.2950300000	0.0030187519
2.2957500000	0.0030055087
2.2964600000	0.0029920481
2.2971700000	0.0029784714
2.2978900000	0.0029648729
2.2986000000	0.0029513247
2.2993100000	0.0029379084
2.3000200000	0.0029246328
2.3007400000	0.0029103883
2.3014500000	0.0028964358
2.3021600000	0.0028828176
2.3028800000	0.0028695685
2.3035900000	0.0028567207
2.3043000000	0.0028442924
2.3050200000	0.0028323008
2.3057300000	0.0028207749
2.3064400000	0.0028096917
2.3071500000	0.0027990744
2.3078700000	0.0027889209
2.3085800000	0.0027792368
2.3092900000	0.0027700223
2.3100100000	0.0027612795
2.3107200000	0.0027530024
2.3114300000	0.0027452004
2.3121400000	0.0027378691
2.3128600000	0.0027310128
2.3135700000	0.0027246425
2.3142800000	0.0027187552
2.3150000000	0.0027133659
2.3157100000	0.0027084802
2.3164200000	0.0027041063
2.3171400000	0.0027002636
2.3178500000	0.0026969622
2.3185600000	0.0026942134
2.3192700000	0.0026920367
2.3199900000	0.0026904481
2.3207000000	0.0026894651
2.3214100000	0.0026890944
2.3221300000	0.0026893667
2.3228400000	0.0026902855
2.3235500000	0.0026918722
2.3242600000	0.0026981581
2.3249800000	0.0027009825
2.3256900000	0.0027045217
2.3264000000	0.0027087824
2.3271200000	0.0027137757
2.3278300000	0.0027195112
2.3285400000	0.0027259942
2.3292600000	0.0027332293
2.3299700000	0.0027412211
2.3306800000	0.0027499629
2.3313900000	0.0027594577
2.3321100000	0.0027697018
2.3328200000	0.0027806853
2.3335300000	0.0027923951
2.3342500000	0.0028048306
2.3349600000	0.0028179477
2.3356700000	0.0028317379
2.3363900000	0.0028461753
2.3371000000	0.0028612276
2.3378100000	0.0028768532
2.3385200000	0.0028930120
2.3392400000	0.0029096619
2.3399500000	0.0029267434
2.3406600000	0.0029441951
2.3413800000	0.0029619539
2.3420900000	0.0029799465
2.3428000000	0.0029980926
2.3435100000	0.0030163135
2.3442300000	0.0030345109
2.3449400000	0.0030525868
2.3456500000	0.0030704459
2.3463700000	0.0030879770
2.3470800000	0.0031050693
2.3477900000	0.0031216174
2.3485100000	0.0031374995
2.3492200000	0.0031526045
2.3499300000	0.0031668195
2.3506400000	0.0031800374
2.3513600000	0.0031921530
2.3520700000	0.0032030704
2.3527800000	0.0032127021
2.3535000000	0.0032209512
2.3542100000	0.0032277626
2.3549200000	0.0032330781
2.3556400000	0.0032368488
2.3563500000	0.0032390485
2.3570600000	0.0032396687
2.3577700000	0.0032387041
2.3584900000	0.0032361712
2.3592000000	0.0032321070
2.3599100000	0.0032265527
2.3606300000	0.0032195646
2.3613400000	0.0032112186
2.3620500000	0.0032015942
2.3627600000	0.0031907819
2.3634800000	0.0031788734
2.3641900000	0.0031659779
2.3649000000	0.0031521987
2.3656200000	0.0031376511
2.3663300000	0.0031224428
2.3670400000	0.0031066826
2.3677600000	0.0030904938
2.3684700000	0.0030739598
2.3691800000	0.0030571988
2.3698900000	0.0030402955
2.3706100000	0.0030233616
2.3713200000	0.0030064551
2.3720300000	0.0029896799
2.3727500000	0.0029731022
2.3734600000	0.0029567924
2.3741700000	0.0029408089
2.3748800000	0.0029252182
2.3756000000	0.0029100667
2.3763100000	0.0028953967
2.3770200000	0.0028812435
2.3777400000	0.0028676579
2.3784500000	0.0028546499
2.3791600000	0.0028422600
2.3798800000	0.0028305065
2.3805900000	0.0028194052
2.3813000000	0.0028089744
2.3820100000	0.0027992302
2.3827300000	0.0027901785
2.3834400000	0.0027818297
2.3841500000	0.0027741934
2.3848700000	0.0027672713
2.3855800000	0.0027610569
2.3862900000	0.0027555593
2.3870100000	0.0027507823
2.3877200000	0.0027467232
2.3884300000	0.0027433840
2.3891400000	0.0027407578
2.3898600000	0.0027388520
2.3905700000	0.0027376556
2.3912800000	0.0027371739
2.3920000000	0.0027373996
2.3927100000	0.0027383297
2.3934200000	0.0027399642
2.3941300000	0.0027422979
2.3948500000	0.0027453298
2.3955600000	0.0027490559
2.3962700000	0.0027534712
2.3969900000	0.0027585776
2.3977000000	0.0027643661
2.3984100000	0.0027708384
2.3991300000	0.0027779884
2.3998400000	0.0027858154
2.4005500000	0.0027949428
2.4012600000	0.0028050061
2.4019800000	0.0028158270
2.4026900000	0.0028274009
2.4034000000	0.0028397305
2.4041200000	0.0028523881
2.4048300000	0.0028662166
2.4055400000	0.0028807960
2.4062600000	0.0028961309
2.4069700000	0.0029122180
2.4076800000	0.0029290611
2.4083900000	0.0029466655
2.4091100000	0.0029650327
2.4098200000	0.0029841687
2.4105300000	0.0030040802
2.4112500000	0.0030247726
2.4119600000	0.0030462561
2.4126700000	0.0030685384
2.4133800000	0.0030916317
2.4141000000	0.0031155447
2.4148100000	0.0031402911
2.4155200000	0.0031658822
2.4162400000	0.0031923338
2.4169500000	0.0032196562
2.4176600000	0.0032478736
2.4183800000	0.0032769948
2.4190900000	0.0033070399
2.4198000000	0.0033380272
2.4205100000	0.0033699798
2.4212300000	0.0034029114
2.4219400000	0.0034368492
2.4226500000	0.0034718098
2.4233700000	0.0035078220
2.4240800000	0.0035449026
2.4247900000	0.0035830819
2.4255100000	0.0036223820
2.4262200000	0.0036628306
2.4269300000	0.0037044579
2.4276400000	0.0037472840
2.4283600000	0.0037913488
2.4290700000	0.0038366787
2.4297800000	0.0038833018
2.4305000000	0.0039312578
2.4312100000	0.0039805764
2.4319200000	0.0040312943
2.4326300000	0.0040834436
2.4333500000	0.0041370676
2.4340600000	0.0041922006
2.4347700000	0.0042488838
2.4354900000	0.0043071615
2.4362000000	0.0043670718
2.4369100000	0.0044286596
2.4376300000	0.0044919737
2.4383400000	0.0045570599
2.4390500000	0.0046239633
2.4397600000	0.0046927363
2.4404800000	0.0047634242
2.4411900000	0.0048360907
2.4419000000	0.0049107845
2.4426200000	0.0049875571
2.4433300000	0.0050664722
2.4440400000	0.0051475887
2.4447500000	0.0052309633
2.4454700000	0.0053166611
2.4461800000	0.0054047426
2.4468900000	0.0054952727
2.4476100000	0.0055883201
2.4483200000	0.0056839514
2.4490300000	0.0057822294
2.4497500000	0.0058832342
2.4504600000	0.0059870249
2.4511700000	0.0060936808
2.4518800000	0.0062032688
2.4526000000	0.0063158628
2.4533100000	0.0064315326
2.4540200000	0.0065503496
2.4547400000	0.0066723860
2.4554500000	0.0067977110
2.4561600000	0.0069263899
2.4568800000	0.0070584905
2.4575900000	0.0071940789
2.4583000000	0.0073332105
2.4590100000	0.0074759530
2.4597300000	0.0076223457
2.4604400000	0.0077724491
2.4611500000	0.0079262969
2.4618700000	0.0080839318
2.4625800000	0.0082453769
2.4632900000	0.0084106494
2.4640000000	0.0085797643
2.4647200000	0.0087527188
2.4654300000	0.0089294935
2.4661400000	0.0091100669
2.4668600000	0.0092943953
2.4675700000	0.0094824161
2.4682800000	0.0096740478
2.4690000000	0.0098692102
2.4697100000	0.0100677585
2.4704200000	0.0102695602
2.4711300000	0.0104744399
2.4718500000	0.0106822041
2.4725600000	0.0108926247
2.4732700000	0.0111054486
2.4739900000	0.0113203773
2.4747000000	0.0115370903
2.4754100000	0.0117552272
2.4761300000	0.0119743852
2.4768400000	0.0121941290
2.4775500000	0.0124139870
2.4782600000	0.0126334384
2.4789800000	0.0128519264
2.4796900000	0.0130688634
2.4804000000	0.0132836116
2.4811200000	0.0134955099
2.4818300000	0.0137038538
2.4825400000	0.0139079168
2.4832500000	0.0141069514
2.4839700000	0.0143001509
2.4846800000	0.0144867383
2.4853900000	0.0146659322
2.4861100000	0.0148368540
2.4868200000	0.0149987329
2.4875300000	0.0151622751
2.4882500000	0.0153044486
2.4889600000	0.0154352559
2.4896700000	0.0155539842
2.4903800000	0.0156599535
2.4911000000	0.0157525561
2.4918100000	0.0158312516
2.4925200000	0.0158955255
2.4932400000	0.0159449864
2.4939500000	0.0159793138
2.4946600000	0.0159982684
2.4953800000	0.0160017104
2.4960900000	0.0159895873
2.4968000000	0.0159619485
2.4975100000	0.0159189268
2.4982300000	0.0158607555
2.4989400000	0.0157877642
2.4996500000	0.0157003226
2.5003700000	0.0155931306
2.5010800000	0.0154657480
2.5017900000	0.0153239014
2.5025000000	0.0151685074
2.5032200000	0.0150004975
2.5039300000	0.0148208850
2.5046400000	0.0146305588
2.5053600000	0.0144305869
2.5060700000	0.0142219946
2.5067800000	0.0140057510
2.5075000000	0.0137828687
2.5082100000	0.0135543144
2.5089200000	0.0133210237
2.5096300000	0.0130838973
2.5103500000	0.0128437930
2.5110600000	0.0126015129
2.5117700000	0.0123578224
2.5124900000	0.0121134438
2.5132000000	0.0118690106
2.5139100000	0.0116251347
2.5146200000	0.0113823661
2.5153400000	0.0111412117
2.5160500000	0.0109021211
2.5167600000	0.0106655123
2.5174800000	0.0104317348
2.5181900000	0.0102010840
2.5189000000	0.0099738200
2.5196200000	0.0097502013
2.5203300000	0.0095304334
2.5210400000	0.0093146687
2.5217500000	0.0091030416
2.5224700000	0.0088956679
2.5231800000	0.0086926298
2.5238900000	0.0084939812
2.5246100000	0.0082997640
2.5253200000	0.0081099929
2.5260300000	0.0079246761
2.5267500000	0.0077438031
2.5274600000	0.0075673375
2.5281700000	0.0073952502
2.5288800000	0.0072274952
2.5296000000	0.0070640137
2.5303100000	0.0069047434
2.5310200000	0.0067496168
2.5317400000	0.0065985583
2.5324500000	0.0064514894
2.5331600000	0.0063083311
2.5338700000	0.0061689903
2.5345900000	0.0060333904
2.5353000000	0.0059014380
2.5360100000	0.0057730520
2.5367300000	0.0056481292
2.5374400000	0.0055266029
2.5381500000	0.0054083770
2.5388700000	0.0052933635
2.5395800000	0.0051814779
2.5402900000	0.0050726380
2.5410000000	0.0049667585
2.5417200000	0.0048637681
2.5424300000	0.0047635875
2.5431400000	0.0046661426
2.5438600000	0.0045713615
2.5445700000	0.0044791774
2.5452800000	0.0043895238
2.5460000000	0.0043023391
2.5467100000	0.0042175621
2.5474200000	0.0041351294
2.5481300000	0.0040550016
2.5488500000	0.0039771271
2.5495600000	0.0039014496
2.5502700000	0.0038279262
2.5509900000	0.0037565278
2.5517000000	0.0036871876
2.5524100000	0.0036198846
2.5531200000	0.0035546190
2.5538400000	0.0034913383
2.5545500000	0.0034300105
2.5552600000	0.0033705985
2.5559800000	0.0033131047
2.5566900000	0.0032574968
2.5574000000	0.0032037525
2.5581200000	0.0031518540
2.5588300000	0.0031017768
2.5595400000	0.0030535104
2.5602500000	0.0030070273
2.5609700000	0.0029623170
2.5616800000	0.0029193428
2.5623900000	0.0028781052
2.5631100000	0.0028385728
2.5638200000	0.0028007179
2.5645300000	0.0027645145
2.5652500000	0.0027299356
2.5659600000	0.0026968966
2.5666700000	0.0026654560
2.5673800000	0.0026355390
2.5681000000	0.0026070975
2.5688100000	0.0025800656
2.5695200000	0.0025544391
2.5702400000	0.0025301477
2.5709500000	0.0025070875
2.5716600000	0.0024853025
2.5723700000	0.0024646838
2.5730900000	0.0024326108
2.5738000000	0.0024145924
2.5745100000	0.0023975785
2.5752300000	0.0023814986
2.5759400000	0.0023662939
2.5766500000	0.0023518889
2.5773700000	0.0023382433
2.5780800000	0.0023252836
2.5787900000	0.0023129538
2.5795000000	0.0023011965
2.5802200000	0.0022899610
2.5809300000	0.0022791958
2.5816400000	0.0022688534
2.5823600000	0.0022588916
2.5830700000	0.0022492655
2.5837800000	0.0022399490
2.5844900000	0.0022309037
2.5852100000	0.0022221018
2.5859200000	0.0022135203
2.5866300000	0.0022051307
2.5873500000	0.0021969101
2.5880600000	0.0021888537
2.5887700000	0.0021809580
2.5894900000	0.0021731990
2.5902000000	0.0021655716
2.5909100000	0.0021580621
2.5916200000	0.0021506865
2.5923400000	0.0021434249
2.5930500000	0.0021362880
2.5937600000	0.0021292737
2.5944800000	0.0021223811
2.5951900000	0.0021156133
2.5959000000	0.0021089692
2.5966200000	0.0021024578
2.5973300000	0.0020960798
2.5980400000	0.0020898395
2.5987500000	0.0020837397
2.5994700000	0.0020777866
2.6001800000	0.0020724414
2.6008900000	0.0020685965
2.6016100000	0.0020648873
2.6023200000	0.0020613166
2.6030300000	0.0020578792
2.6037400000	0.0020545810
2.6044600000	0.0020514197
2.6051700000	0.0020483911
2.6058800000	0.0020454946
2.6066000000	0.0020427258
2.6073100000	0.0020400761
2.6080200000	0.0020375428
2.6087400000	0.0020351184
2.6094500000	0.0020327928
2.6101600000	0.0020305605
2.6108700000	0.0020284095
2.6115900000	0.0020263307
2.6123000000	0.0020243134
2.6130100000	0.0020223478
2.6137300000	0.0020204220
2.6144400000	0.0020185253
2.6151500000	0.0020166480
2.6158700000	0.0020147779
2.6165800000	0.0020128938
2.6172900000	0.0020110068
2.6180000000	0.0020090984
2.6187200000	0.0020071570
2.6194300000	0.0020051764
2.6201400000	0.0020031423
2.6208600000	0.0020010579
2.6215700000	0.0019989101
2.6222800000	0.0019966980
2.6229900000	0.0019944142
2.6237100000	0.0019920579
2.6244200000	0.0019896287
2.6251300000	0.0019871246
2.6258500000	0.0019845459
2.6265600000	0.0019818935
2.6272700000	0.0019791704
2.6279900000	0.0019763853
2.6287000000	0.0019735412
2.6294100000	0.0019706423
2.6301200000	0.0019676947
2.6308400000	0.0019647108
2.6315500000	0.0019616930
2.6322600000	0.0019586573
2.6329800000	0.0019556115
2.6336900000	0.0019525649
2.6344000000	0.0019495306
2.6351200000	0.0019465172
2.6358300000	0.0019435385
2.6365400000	0.0019406052
2.6372500000	0.0019377301
2.6379700000	0.0019349219
2.6386800000	0.0019321966
2.6393900000	0.0019295625
2.6401100000	0.0019270381
2.6408200000	0.0019246290
2.6415300000	0.0019223441
2.6422400000	0.0019201963
2.6429600000	0.0019181976
2.6436700000	0.0019163577
2.6443800000	0.0019146856
2.6451000000	0.0019131882
2.6458100000	0.0019118796
2.6465200000	0.0019107645
2.6472400000	0.0019098502
2.6479500000	0.0019091475
2.6486600000	0.0019086621
2.6493700000	0.0019084015
2.6500900000	0.0019083691
2.6508000000	0.0019085719
2.6515100000	0.0019090163
2.6522300000	0.0019097087
2.6529400000	0.0019106534
2.6536500000	0.0019118534
2.6543600000	0.0019133116
2.6550800000	0.0019150361
2.6557900000	0.0019170285
2.6565000000	0.0019192909
2.6572200000	0.0019218275
2.6579300000	0.0019246403
2.6586400000	0.0019277321
2.6593600000	0.0019311094
2.6600700000	0.0019347690
2.6607800000	0.0019387157
2.6614900000	0.0019429502
2.6622100000	0.0019474760
2.6629200000	0.0019522930
2.6636300000	0.0019574063
2.6643500000	0.0019628165
2.6650600000	0.0019685227
2.6657700000	0.0019745289
2.6664900000	0.0019808382
2.6672000000	0.0019874481
2.6679100000	0.0019943648
2.6686200000	0.0020015878
2.6693400000	0.0020091178
2.6700500000	0.0020169560
2.6707600000	0.0020251038
2.6714800000	0.0020335660
2.6721900000	0.0020423443
2.6729000000	0.0020514344
2.6736100000	0.0020608447
2.6743300000	0.0020705730
2.6750400000	0.0020806210
2.6757500000	0.0020909946
2.6764700000	0.0021016912
2.6771800000	0.0021127157
2.6778900000	0.0021240677
2.6786100000	0.0021357497
2.6793200000	0.0021477653
2.6800300000	0.0021601155
2.6807400000	0.0021728004
2.6814600000	0.0021858266
2.6821700000	0.0021991898
2.6828800000	0.0022128966
2.6836000000	0.0022269472
2.6843100000	0.0022413472
2.6850200000	0.0022560924
2.6857400000	0.0022711890
2.6864500000	0.0022866362
2.6871600000	0.0023024402
2.6878700000	0.0023185975
2.6885900000	0.0023351129
2.6893000000	0.0023519886
2.6900100000	0.0023692219
2.6907300000	0.0023868199
2.6914400000	0.0024047795
2.6921500000	0.0024231011
2.6928600000	0.0024417925
2.6935800000	0.0024608439
2.6942900000	0.0024802666
2.6950000000	0.0025000540
2.6957200000	0.0025202077
2.6964300000	0.0025407275
2.6971400000	0.0025616135
2.6978600000	0.0025828652
2.6985700000	0.0026044783
2.6992800000	0.0026264552
2.6999900000	0.0026487937
2.7007100000	0.0026740924
2.7014200000	0.0026998936
2.7021300000	0.0027261717
2.7028500000	0.0027529222
2.7035600000	0.0027801434
2.7042700000	0.0028078292
2.7049800000	0.0028359760
2.7057000000	0.0028645762
2.7064100000	0.0028936209
2.7071200000	0.0029231067
2.7078400000	0.0029530166
2.7085500000	0.0029833462
2.7092600000	0.0030140844
2.7099800000	0.0030452156
2.7106900000	0.0030767233
2.7114000000	0.0031085926
2.7121100000	0.0031408160
2.7128300000	0.0031733605
2.7135400000	0.0032062149
2.7142500000	0.0032393542
2.7149700000	0.0032727575
2.7156800000	0.0033063938
2.7163900000	0.0033402442
2.7171100000	0.0033742739
2.7178200000	0.0034084521
2.7185300000	0.0034427505
2.7192400000	0.0034771299
2.7199600000	0.0035115561
2.7206700000	0.0035459949
2.7213800000	0.0035803994
2.7221000000	0.0036147287
2.7228100000	0.0036489374
2.7235200000	0.0036829850
2.7242300000	0.0037168154
2.7249500000	0.0037503859
2.7256600000	0.0037836414
2.7263700000	0.0038165331
2.7270900000	0.0038490023
2.7278000000	0.0038809943
2.7285100000	0.0039124519
2.7292300000	0.0039433187
2.7299400000	0.0039735357
2.7306500000	0.0040030385
2.7313600000	0.0040317753
2.7320800000	0.0040596803
2.7327900000	0.0040866911
2.7335000000	0.0041127491
2.7342200000	0.0041377987
2.7349300000	0.0041617749
2.7356400000	0.0041846222
2.7363600000	0.0042062824
2.7370700000	0.0042267027
2.7377800000	0.0042458263
2.7384900000	0.0042636096
2.7392100000	0.0042799968
2.7399200000	0.0042949444
2.7406300000	0.0043084123
2.7413500000	0.0043203538
2.7420600000	0.0043307418
2.7427700000	0.0043395395
2.7434800000	0.0043467186
2.7442000000	0.0043522557
2.7449100000	0.0043561332
2.7456200000	0.0043583339
2.7463400000	0.0043588480
2.7470500000	0.0043576705
2.7477600000	0.0043547980
2.7484800000	0.0043502346
2.7491900000	0.0043439874
2.7499000000	0.0043360778
2.7506100000	0.0043265107
2.7513300000	0.0043153165
2.7520400000	0.0043025195
2.7527500000	0.0042881417
2.7534700000	0.0042722264
2.7541800000	0.0042576508
2.7548900000	0.0042387286
2.7556100000	0.0042183831
2.7563200000	0.0041966618
2.7570300000	0.0041736182
2.7577400000	0.0041493011
2.7584600000	0.0041237665
2.7591700000	0.0040970750
2.7598800000	0.0040692815
2.7606000000	0.0040404464
2.7613100000	0.0040106305
2.7620200000	0.0039798936
2.7627300000	0.0039482984
2.7634500000	0.0039159077
2.7641600000	0.0038827820
2.7648700000	0.0038489826
2.7655900000	0.0038145748
2.7663000000	0.0037796149
2.7670100000	0.0037441634
2.7677300000	0.0037082734
2.7684400000	0.0036720118
2.7691500000	0.0036354264
2.7698600000	0.0035985743
2.7705800000	0.0035615058
2.7712900000	0.0035242746
2.7720000000	0.0034869273
2.7727200000	0.0034495126
2.7734300000	0.0034120738
2.7741400000	0.0033746525
2.7748500000	0.0033372931
2.7755700000	0.0033000362
2.7762800000	0.0032629193
2.7769900000	0.0032259751
2.7777100000	0.0031892395
2.7784200000	0.0031527420
2.7791300000	0.0031165090
2.7798500000	0.0030805762
2.7805600000	0.0030449654
2.7812700000	0.0030096998
2.7819800000	0.0029748034
2.7827000000	0.0029402938
2.7834100000	0.0029061949
2.7841200000	0.0028725180
2.7848400000	0.0028392847
2.7855500000	0.0028065103
2.7862600000	0.0027741974
2.7869800000	0.0027423664
2.7876900000	0.0027110240
2.7884000000	0.0026801812
2.7891100000	0.0026498420
2.7898300000	0.0026200166
2.7905400000	0.0025907107
2.7912500000	0.0025619250
2.7919700000	0.0025336644
2.7926800000	0.0025059337
2.7933900000	0.0024787266
2.7941000000	0.0024520526
2.7948200000	0.0024259052
2.7955300000	0.0024002844
2.7962400000	0.0023751870
2.7969600000	0.0023506102
2.7976700000	0.0023265541
2.7983800000	0.0023030114
2.7991000000	0.0022799793
2.7998100000	0.0022574485
2.8005200000	0.0022336118
2.8012300000	0.0022097307
2.8019500000	0.0021864772
2.8026600000	0.0021638414
2.8033700000	0.0021418106
2.8040900000	0.0021203713
2.8048000000	0.0020995123
2.8055100000	0.0020792180
2.8062300000	0.0020594793
2.8069400000	0.0020402740
2.8076500000	0.0020216024
2.8083600000	0.0020034432
2.8090800000	0.0019857833
2.8097900000	0.0019686033
2.8105000000	0.0019519017
2.8112200000	0.0019356584
2.8119300000	0.0019198597
2.8126400000	0.0019044915
2.8133500000	0.0018895448
2.8140700000	0.0018750038
2.8147800000	0.0018608581
2.8154900000	0.0018470920
2.8162100000	0.0018336952
2.8169200000	0.0018206570
2.8176300000	0.0018079650
2.8183500000	0.0017956078
2.8190600000	0.0017835756
2.8197700000	0.0017718592
2.8204800000	0.0017604462
2.8212000000	0.0017493282
2.8219100000	0.0017384991
2.8226200000	0.0017279438
2.8233400000	0.0017176598
2.8240500000	0.0017076330
2.8247600000	0.0016978629
2.8254800000	0.0016883361
2.8261900000	0.0016790499
2.8269000000	0.0016699943
2.8276100000	0.0016611603
2.8283300000	0.0016525517
2.8290400000	0.0016441560
2.8297500000	0.0016359702
2.8304700000	0.0016279891
2.8311800000	0.0016202068
2.8318900000	0.0016126174
2.8326000000	0.0016052200
2.8333200000	0.0015980111
2.8340300000	0.0015909842
2.8347400000	0.0015841358
2.8354600000	0.0015774675
2.8361700000	0.0015709710
2.8368800000	0.0015646480
2.8376000000	0.0015584946
2.8383100000	0.0015525085
2.8390200000	0.0015466881
2.8397300000	0.0015410320
2.8404500000	0.0015355386
2.8411600000	0.0015302065
2.8418700000	0.0015250352
2.8425900000	0.0015200226
2.8433000000	0.0015151684
2.8440100000	0.0015104730
2.8447200000	0.0015059348
2.8454400000	0.0015015539
2.8461500000	0.0014973297
2.8468600000	0.0014929323
2.8475800000	0.0014890358
2.8482900000	0.0014852953
2.8490000000	0.0014817109
2.8497200000	0.0014782828
2.8504300000	0.0014750111
2.8511400000	0.0014718962
2.8518500000	0.0014689381
2.8525700000	0.0014661374
2.8532800000	0.0014634946
2.8539900000	0.0014610096
2.8547100000	0.0014586833
2.8554200000	0.0014565157
2.8561300000	0.0014545078
2.8568500000	0.0014526590
2.8575600000	0.0014509707
2.8582700000	0.0014494427
2.8589800000	0.0014480756
2.8597000000	0.0014468699
2.8604100000	0.0014458255
2.8611200000	0.0014449431
2.8618400000	0.0014442228
2.8625500000	0.0014436650
2.8632600000	0.0014432699
2.8639700000	0.0014430374
2.8646900000	0.0014429681
2.8654000000	0.0014430621
2.8661100000	0.0014433192
2.8668300000	0.0014437395
2.8675400000	0.0014443233
2.8682500000	0.0014450701
2.8689700000	0.0014459804
2.8696800000	0.0014470536
2.8703900000	0.0014482900
2.8711000000	0.0014496886
2.8718200000	0.0014512502
2.8725300000	0.0014529739
2.8732400000	0.0014548591
2.8739600000	0.0014569058
2.8746700000	0.0014591135
2.8753800000	0.0014614817
2.8761000000	0.0014640092
2.8768100000	0.0014666963
2.8775200000	0.0014695420
2.8782300000	0.0014725446
2.8789500000	0.0014757046
2.8796600000	0.0014790201
2.8803700000	0.0014824908
2.8810900000	0.0014861153
2.8818000000	0.0014898922
2.8825100000	0.0014938211
2.8832200000	0.0014978995
2.8839400000	0.0015021266
2.8846500000	0.0015065005
2.8853600000	0.0015110198
2.8860800000	0.0015156829
2.8867900000	0.0015204875
2.8875000000	0.0015254325
2.8882200000	0.0015305148
2.8889300000	0.0015357329
2.8896400000	0.0015410841
2.8903500000	0.0015465658
2.8910700000	0.0015521758
2.8917800000	0.0015579112
2.8924900000	0.0015637698
2.8932100000	0.0015697455
2.8939200000	0.0015758400
2.8946300000	0.0015820449
2.8953500000	0.0015883603
2.8960600000	0.0015947811
2.8967700000	0.0016013037
2.8974800000	0.0016079237
2.8982000000	0.0016146356
2.8989100000	0.0016214373
2.8996200000	0.0016283213
2.9003400000	0.0016361777
2.9010500000	0.0016451038
2.9017600000	0.0016540939
2.9024700000	0.0016631374
2.9031900000	0.0016722250
2.9039000000	0.0016813435
2.9046100000	0.0016904815
2.9053300000	0.0016996295
2.9060400000	0.0017087749
2.9067500000	0.0017179060
2.9074700000	0.0017270087
2.9081800000	0.0017360722
2.9088900000	0.0017450804
2.9096000000	0.0017540225
2.9103200000	0.0017628825
2.9110300000	0.0017716488
2.9117400000	0.0017803029
2.9124600000	0.0017888355
2.9131700000	0.0017972293
2.9138800000	0.0018054695
2.9145900000	0.0018135429
2.9153100000	0.0018214322
2.9160200000	0.0018291252
2.9167300000	0.0018366054
2.9174500000	0.0018438575
2.9181600000	0.0018508686
2.9188700000	0.0018576253
2.9195900000	0.0018641125
2.9203000000	0.0018703127
2.9210100000	0.0018762174
2.9217200000	0.0018818125
2.9224400000	0.0018870830
2.9231500000	0.0018920184
2.9238600000	0.0018966080
2.9245800000	0.0019008372
2.9252900000	0.0019047016
2.9260000000	0.0019081836
2.9267200000	0.0019112810
2.9274300000	0.0019139857
2.9281400000	0.0019162843
2.9288500000	0.0019181748
2.9295700000	0.0019196528
2.9302800000	0.0019207097
2.9309900000	0.0019213442
2.9317100000	0.0019215546
2.9324200000	0.0019213329
2.9331300000	0.0019206842
2.9338400000	0.0019196073
2.9345600000	0.0019181020
2.9352700000	0.0019161698
2.9359800000	0.0019138177
2.9367000000	0.0019110439
2.9374100000	0.0019078570
2.9381200000	0.0019042618
2.9388400000	0.0019002645
2.9395500000	0.0018958726
2.9402600000	0.0018915841
2.9409700000	0.0018864100
2.9416900000	0.0018808651
2.9424000000	0.0018749634
2.9431100000	0.0018687144
2.9438300000	0.0018621272
2.9445400000	0.0018552180
2.9452500000	0.0018479964
2.9459700000	0.0018404742
2.9466800000	0.0018326700
2.9473900000	0.0018245921
2.9481000000	0.0018162567
2.9488200000	0.0018076759
2.9495300000	0.0017988658
2.9502400000	0.0017898443
2.9509600000	0.0017806188
2.9516700000	0.0017712066
2.9523800000	0.0017616227
2.9530900000	0.0017518790
2.9538100000	0.0017419928
2.9545200000	0.0017319762
2.9552300000	0.0017218426
2.9559500000	0.0017116078
2.9566600000	0.0017012797
2.9573700000	0.0016908786
2.9580900000	0.0016804113
2.9588000000	0.0016698926
2.9595100000	0.0016593327
2.9602200000	0.0016487434
2.9609400000	0.0016381365
2.9616500000	0.0016275232
2.9623600000	0.0016169111
2.9630800000	0.0016063142
2.9637900000	0.0015957385
2.9645000000	0.0015851936
2.9652200000	0.0015746878
2.9659300000	0.0015642298
2.9666400000	0.0015538260
2.9673500000	0.0015434844
2.9680700000	0.0015332124
2.9687800000	0.0015230155
2.9694900000	0.0015128992
2.9702100000	0.0015028692
2.9709200000	0.0014929310
2.9716300000	0.0014830891
2.9723400000	0.0014733476
2.9730600000	0.0014637103
2.9737700000	0.0014541805
2.9744800000	0.0014447632
2.9752000000	0.0014354593
2.9759100000	0.0014262732
2.9766200000	0.0014172064
2.9773400000	0.0014082612
2.9780500000	0.0013994392
2.9787600000	0.0013907426
2.9794700000	0.0013821721
2.9801900000	0.0013737291
2.9809000000	0.0013654146
2.9816100000	0.0013572293
2.9823300000	0.0013491739
2.9830400000	0.0013412485
2.9837500000	0.0013334541
2.9844600000	0.0013257900
2.9851800000	0.0013182567
2.9858900000	0.0013108540
2.9866000000	0.0013035815
2.9873200000	0.0012964389
2.9880300000	0.0012894261
2.9887400000	0.0012825424
2.9894600000	0.0012757874
2.9901700000	0.0012691601
2.9908800000	0.0012626603
2.9915900000	0.0012562869
2.9923100000	0.0012500377
2.9930200000	0.0012439143
2.9937300000	0.0012379156
2.9944500000	0.0012320408
2.9951600000	0.0012262881
2.9958700000	0.0012206571
2.9965900000	0.0012151463
2.9973000000	0.0012097553
2.9980100000	0.0012044833
2.9987200000	0.0011993289
2.9994400000	0.0011942913
3.0001500000	0.0011892848
3.0008600000	0.0011841172
3.0015800000	0.0011791317
3.0022900000	0.0011743259
3.0030000000	0.0011696964
3.0037100000	0.0011652408
3.0044300000	0.0011609562
3.0051400000	0.0011568403
3.0058500000	0.0011528899
3.0065700000	0.0011491025
3.0072800000	0.0011454758
3.0079900000	0.0011420068
3.0087100000	0.0011386934
3.0094200000	0.0011355324
3.0101300000	0.0011325216
3.0108400000	0.0011296585
3.0115600000	0.0011269405
3.0122700000	0.0011243653
3.0129800000	0.0011219300
3.0137000000	0.0011196323
3.0144100000	0.0011174692
3.0151200000	0.0011154384
3.0158400000	0.0011135376
3.0165500000	0.0011117633
3.0172600000	0.0011101131
3.0179700000	0.0011085850
3.0186900000	0.0011071757
3.0194000000	0.0011058822
3.0201100000	0.0011047021
3.0208300000	0.0011036325
3.0215400000	0.0011026701
3.0222500000	0.0011018128
3.0229600000	0.0011010571
3.0236800000	0.0011003999
3.0243900000	0.0010998383
3.0251000000	0.0010993694
3.0258200000	0.0010989896
3.0265300000	0.0010986961
3.0272400000	0.0010984854
3.0279600000	0.0010983546
3.0286700000	0.0010982998
3.0293800000	0.0010983180
3.0300900000	0.0010984054
3.0308100000	0.0010985594
3.0315200000	0.0010987626
3.0322300000	0.0010990414
3.0329500000	0.0010993754
3.0336600000	0.0010997608
3.0343700000	0.0011001943
3.0350900000	0.0011006717
3.0358000000	0.0011011895
3.0365100000	0.0011017436
3.0372200000	0.0011023306
3.0379400000	0.0011029465
3.0386500000	0.0011035873
3.0393600000	0.0011042492
3.0400800000	0.0011049284
3.0407900000	0.0011056208
3.0415000000	0.0011063225
3.0422100000	0.0011070297
3.0429300000	0.0011077387
3.0436400000	0.0011084451
3.0443500000	0.0011091453
3.0450700000	0.0011098357
3.0457800000	0.0011105120
3.0464900000	0.0011111704
3.0472100000	0.0011118075
3.0479200000	0.0011124197
3.0486300000	0.0011130028
3.0493400000	0.0011135538
3.0500600000	0.0011140689
3.0507700000	0.0011145444
3.0514800000	0.0011149775
3.0522000000	0.0011153644
3.0529100000	0.0011157021
3.0536200000	0.0011159877
3.0543300000	0.0011162182
3.0550500000	0.0011163907
3.0557600000	0.0011165018
3.0564700000	0.0011165502
3.0571900000	0.0011165326
3.0579000000	0.0011164465
3.0586100000	0.0011162900
3.0593300000	0.0011160612
3.0600400000	0.0011157582
3.0607500000	0.0011153783
3.0614600000	0.0011149213
3.0621800000	0.0011143848
3.0628900000	0.0011137681
3.0636000000	0.0011130696
3.0643200000	0.0011122887
3.0650300000	0.0011114243
3.0657400000	0.0011104761
3.0664600000	0.0011094434
3.0671700000	0.0011083261
3.0678800000	0.0011071239
3.0685900000	0.0011058370
3.0693100000	0.0011044655
3.0700200000	0.0011030100
3.0707300000	0.0011014703
3.0714500000	0.0010998482
3.0721600000	0.0010981439
3.0728700000	0.0010963580
3.0735800000	0.0010944921
3.0743000000	0.0010925476
3.0750100000	0.0010905254
3.0757200000	0.0010884270
3.0764400000	0.0010862542
3.0771500000	0.0010840087
3.0778600000	0.0010816925
3.0785800000	0.0010793070
3.0792900000	0.0010768545
3.0800000000	0.0010743369
3.0807100000	0.0010717567
3.0814300000	0.0010691158
3.0821400000	0.0010664166
3.0828500000	0.0010636618
3.0835700000	0.0010608534
3.0842800000	0.0010579937
3.0849900000	0.0010550852
3.0857100000	0.0010521306
3.0864200000	0.0010491327
3.0871300000	0.0010460933
3.0878400000	0.0010430155
3.0885600000	0.0010399018
3.0892700000	0.0010367544
3.0899800000	0.0010335764
3.0907000000	0.0010303697
3.0914100000	0.0010271368
3.0921200000	0.0010238809
3.0928300000	0.0010206038
3.0935500000	0.0010173083
3.0942600000	0.0010139966
3.0949700000	0.0010106708
3.0956900000	0.0010073335
3.0964000000	0.0010039871
3.0971100000	0.0010006336
3.0978300000	0.0009972749
3.0985400000	0.0009939132
3.0992500000	0.0009905511
3.0999600000	0.0009871905
3.1006800000	0.0009831062
3.1013900000	0.0009790162
3.1021000000	0.0009749639
3.1028200000	0.0009709520
3.1035300000	0.0009669838
3.1042400000	0.0009630623
3.1049500000	0.0009591898
3.1056700000	0.0009553686
3.1063800000	0.0009516012
3.1070900000	0.0009478883
3.1078100000	0.0009442325
3.1085200000	0.0009406348
3.1092300000	0.0009370963
3.1099500000	0.0009336177
3.1106600000	0.0009302004
3.1113700000	0.0009268450
3.1120800000	0.0009235512
3.1128000000	0.0009203197
3.1135100000	0.0009171510
3.1142200000	0.0009140445
3.1149400000	0.0009110005
3.1156500000	0.0009080183
3.1163600000	0.0009050980
3.1170800000	0.0009022389
3.1177900000	0.0008994402
3.1185000000	0.0008967015
3.1192100000	0.0008940222
3.1199300000	0.0008913711
3.1206400000	0.0008888077
3.1213500000	0.0008863001
3.1220700000	0.0008838478
3.1227800000	0.0008814499
3.1234900000	0.0008791050
3.1242000000	0.0008768115
3.1249200000	0.0008745685
3.1256300000	0.0008723744
3.1263400000	0.0008702281
3.1270600000	0.0008681276
3.1277700000	0.0008660721
3.1284800000	0.0008640598
3.1292000000	0.0008620891
3.1299100000	0.0008601586
3.1306200000	0.0008582666
3.1313300000	0.0008564117
3.1320500000	0.0008545922
3.1327600000	0.0008528066
3.1334700000	0.0008510531
3.1341900000	0.0008493306
3.1349000000	0.0008476371
3.1356100000	0.0008459708
3.1363300000	0.0008443306
3.1370400000	0.0008427148
3.1377500000	0.0008411216
3.1384600000	0.0008395501
3.1391800000	0.0008379977
3.1398900000	0.0008364640
3.1406000000	0.0008349468
3.1413200000	0.0008334451
3.1420300000	0.0008319571
3.1427400000	0.0008304814
3.1434500000	0.0008290171
3.1441700000	0.0008275626
3.1448800000	0.0008261161
3.1455900000	0.0008246775
3.1463100000	0.0008232444
3.1470200000	0.0008218163
3.1477300000	0.0008203920
3.1484500000	0.0008189703
3.1491600000	0.0008175498
3.1498700000	0.0008161299
3.1505800000	0.0008147099
3.1513000000	0.0008132884
3.1520100000	0.0008118648
3.1527200000	0.0008104380
3.1534400000	0.0008090077
3.1541500000	0.0008075725
3.1548600000	0.0008061323
3.1555800000	0.0008046861
3.1562900000	0.0008032338
3.1570000000	0.0008017744
3.1577100000	0.0008003076
3.1584300000	0.0007988327
3.1591400000	0.0007973497
3.1598500000	0.0007958584
3.1605700000	0.0007943581
3.1612800000	0.0007928483
3.1619900000	0.0007913296
3.1627000000	0.0007898010
3.1634200000	0.0007882631
3.1641300000	0.0007867153
3.1648400000	0.0007851575
3.1655600000	0.0007835901
3.1662700000	0.0007820129
3.1669800000	0.0007804262
3.1677000000	0.0007788296
3.1684100000	0.0007772234
3.1691200000	0.0007756080
3.1698300000	0.0007739835
3.1705500000	0.0007723502
3.1712600000	0.0007707080
3.1719700000	0.0007690572
3.1726900000	0.0007673985
3.1734000000	0.0007657318
3.1741100000	0.0007640573
3.1748200000	0.0007623762
3.1755400000	0.0007606876
3.1762500000	0.0007589927
3.1769600000	0.0007572918
3.1776800000	0.0007555851
3.1783900000	0.0007538732
3.1791000000	0.0007521562
3.1798200000	0.0007504348
3.1805300000	0.0007487092
3.1812400000	0.0007469799
3.1819500000	0.0007452476
3.1826700000	0.0007435123
3.1833800000	0.0007417746
3.1840900000	0.0007400349
3.1848100000	0.0007382939
3.1855200000	0.0007365517
3.1862300000	0.0007348085
3.1869500000	0.0007330652
3.1876600000	0.0007313223
3.1883700000	0.0007295794
3.1890800000	0.0007278376
3.1898000000	0.0007260971
3.1905100000	0.0007243585
3.1912200000	0.0007226217
3.1919400000	0.0007208871
3.1926500000	0.0007191555
3.1933600000	0.0007174267
3.1940700000	0.0007157014
3.1947900000	0.0007139799
3.1955000000	0.0007122622
3.1962100000	0.0007105488
3.1969300000	0.0007088399
3.1976400000	0.0007071357
3.1983500000	0.0007054365
3.1990700000	0.0007037427
3.1997800000	0.0007020544
3.2004900000	0.0007002552
3.2012000000	0.0006984187
3.2019200000	0.0006965978
3.2026300000	0.0006947928
3.2033400000	0.0006930028
3.2040600000	0.0006912504
3.2047700000	0.0006894882
3.2054800000	0.0006877395
3.2062000000	0.0006860038
3.2069100000	0.0006842805
3.2076200000	0.0006825686
3.2083300000	0.0006808685
3.2090500000	0.0006791790
3.2097600000	0.0006774999
3.2104700000	0.0006758302
3.2111900000	0.0006741698
3.2119000000	0.0006725184
3.2126100000	0.0006708754
3.2133200000	0.0006692401
3.2140400000	0.0006676124
3.2147500000	0.0006659921
3.2154600000	0.0006643783
3.2161800000	0.0006627709
3.2168900000	0.0006611693
3.2176000000	0.0006595739
3.2183200000	0.0006579834
3.2190300000	0.0006563985
3.2197400000	0.0006548183
3.2204500000	0.0006532429
3.2211700000	0.0006516717
3.2218800000	0.0006501052
3.2225900000	0.0006485425
3.2233100000	0.0006469834
3.2240200000	0.0006454282
3.2247300000	0.0006438765
3.2254500000	0.0006423285
3.2261600000	0.0006407838
3.2268700000	0.0006392422
3.2275800000	0.0006377038
3.2283000000	0.0006361682
3.2290100000	0.0006346360
3.2297200000	0.0006331064
3.2304400000	0.0006315801
3.2311500000	0.0006300562
3.2318600000	0.0006285353
3.2325700000	0.0006270175
3.2332900000	0.0006255022
3.2340000000	0.0006239899
3.2347100000	0.0006224798
3.2354300000	0.0006209727
3.2361400000	0.0006194684
3.2368500000	0.0006179666
3.2375700000	0.0006164677
3.2382800000	0.0006149715
3.2389900000	0.0006134782
3.2397000000	0.0006119877
3.2404200000	0.0006104997
3.2411300000	0.0006090150
3.2418400000	0.0006075328
3.2425600000	0.0006060536
3.2432700000	0.0006045771
3.2439800000	0.0006031036
3.2446900000	0.0006016329
3.2454100000	0.0006001652
3.2461200000	0.0005987005
3.2468300000	0.0005972389
3.2475500000	0.0005957801
3.2482600000	0.0005943246
3.2489700000	0.0005928719
3.2496900000	0.0005914225
3.2504000000	0.0005899760
3.2511100000	0.0005885327
3.2518200000	0.0005870926
3.2525400000	0.0005856556
3.2532500000	0.0005842215
3.2539600000	0.0005827910
3.2546800000	0.0005813636
3.2553900000	0.0005799394
3.2561000000	0.0005785183
3.2568200000	0.0005771006
3.2575300000	0.0005756859
3.2582400000	0.0005742747
3.2589500000	0.0005728669
3.2596700000	0.0005714621
3.2603800000	0.0005700606
3.2610900000	0.0005686626
3.2618100000	0.0005672676
3.2625200000	0.0005658758
3.2632300000	0.0005644881
3.2639400000	0.0005631030
3.2646600000	0.0005617215
3.2653700000	0.0005603433
3.2660800000	0.0005589682
3.2668000000	0.0005575963
3.2675100000	0.0005562279
3.2682200000	0.0005548630
3.2689400000	0.0005535014
3.2696500000	0.0005521426
3.2703600000	0.0005507878
3.2710700000	0.0005494362
3.2717900000	0.0005480873
3.2725000000	0.0005467421
3.2732100000	0.0005454003
3.2739300000	0.0005440616
3.2746400000	0.0005427263
3.2753500000	0.0005413943
3.2760700000	0.0005400655
3.2767800000	0.0005387401
3.2774900000	0.0005374177
3.2782000000	0.0005360989
3.2789200000	0.0005347831
3.2796300000	0.0005334708
3.2803400000	0.0005322074
3.2810600000	0.0005309006
3.2817700000	0.0005295973
3.2824800000	0.0005282967
3.2831900000	0.0005269998
3.2839100000	0.0005257060
3.2846200000	0.0005244151
3.2853300000	0.0005231280
3.2860500000	0.0005218438
3.2867600000	0.0005205627
3.2874700000	0.0005192849
3.2881900000	0.0005180104
3.2889000000	0.0005167388
3.2896100000	0.0005154710
3.2903200000	0.0005142058
3.2910400000	0.0005129439
3.2917500000	0.0005116853
3.2924600000	0.0005104293
3.2931800000	0.0005091770
3.2938900000	0.0005079275
3.2946000000	0.0005066815
3.2953200000	0.0005054380
3.2960300000	0.0005041982
3.2967400000	0.0005029615
3.2974500000	0.0005017279
3.2981700000	0.0005004970
3.2988800000	0.0004992693
3.2995900000	0.0004980448
3.3003100000	0.0004970093
3.3010200000	0.0004962205
3.3017300000	0.0004954299
3.3024400000	0.0004946382
3.3031600000	0.0004938442
3.3038700000	0.0004930491
3.3045800000	0.0004922520
3.3053000000	0.0004914535
3.3060100000	0.0004906533
3.3067200000	0.0004898515
3.3074400000	0.0004890483
3.3081500000	0.0004882433
3.3088600000	0.0004874369
3.3095700000	0.0004866288
3.3102900000	0.0004858190
3.3110000000	0.0004850078
3.3117100000	0.0004841951
3.3124300000	0.0004833810
3.3131400000	0.0004825651
3.3138500000	0.0004817478
3.3145600000	0.0004809291
3.3152800000	0.0004801088
3.3159900000	0.0004792870
3.3167000000	0.0004784637
3.3174200000	0.0004776390
3.3181300000	0.0004768128
3.3188400000	0.0004759852
3.3195600000	0.0004751561
3.3202700000	0.0004743258
3.3209800000	0.0004734939
3.3216900000	0.0004726604
3.3224100000	0.0004718259
3.3231200000	0.0004709897
3.3238300000	0.0004701524
3.3245500000	0.0004693137
3.3252600000	0.0004684734
3.3259700000	0.0004676319
3.3266900000	0.0004667892
3.3274000000	0.0004659453
3.3281100000	0.0004650997
3.3288200000	0.0004642532
3.3295400000	0.0004634054
3.3302500000	0.0004625560
3.3309600000	0.0004617055
3.3316800000	0.0004608540
3.3323900000	0.0004600010
3.3331000000	0.0004591470
3.3338100000	0.0004582919
3.3345300000	0.0004574353
3.3352400000	0.0004565775
3.3359500000	0.0004557188
3.3366700000	0.0004548590
3.3373800000	0.0004539980
3.3380900000	0.0004531356
3.3388100000	0.0004522725
3.3395200000	0.0004514084
3.3402300000	0.0004505429
3.3409400000	0.0004496764
3.3416600000	0.0004488093
3.3423700000	0.0004479405
3.3430800000	0.0004470710
3.3438000000	0.0004462006
3.3445100000	0.0004453289
3.3452200000	0.0004444566
3.3459400000	0.0004435832
3.3466500000	0.0004427088
3.3473600000	0.0004418337
3.3480700000	0.0004409576
3.3487900000	0.0004400806
3.3495000000	0.0004392027
3.3502100000	0.0004383241
3.3509300000	0.0004374446
3.3516400000	0.0004365641
3.3523500000	0.0004356829
3.3530600000	0.0004348008
3.3537800000	0.0004339180
3.3544900000	0.0004330344
3.3552000000	0.0004321502
3.3559200000	0.0004312655
3.3566300000	0.0004303797
3.3573400000	0.0004294932
3.3580600000	0.0004286061
3.3587700000	0.0004277186
3.3594800000	0.0004268300
3.3601900000	0.0004259412
3.3609100000	0.0004250518
3.3616200000	0.0004241617
3.3623300000	0.0004232708
3.3630500000	0.0004223796
3.3637600000	0.0004214879
3.3644700000	0.0004205954
3.3651900000	0.0004197025
3.3659000000	0.0004188092
3.3666100000	0.0004179156
3.3673200000	0.0004170214
3.3680400000	0.0004161265
3.3687500000	0.0004152316
3.3694600000	0.0004143359
3.3701800000	0.0004134401
3.3708900000	0.0004125440
3.3716000000	0.0004116473
3.3723100000	0.0004107503
3.3730300000	0.0004098529
3.3737400000	0.0004089557
3.3744500000	0.0004080580
3.3751700000	0.0004071597
3.3758800000	0.0004062615
3.3765900000	0.0004053629
3.3773100000	0.0004044645
3.3780200000	0.0004035655
3.3787300000	0.0004026662
3.3794400000	0.0004017671
3.3801600000	0.0004008677
3.3808700000	0.0003999683
3.3815800000	0.0003990686
3.3823000000	0.0003981688
3.3830100000	0.0003972693
3.3837200000	0.0003963694
3.3844300000	0.0003954695
3.3851500000	0.0003945698
3.3858600000	0.0003936701
3.3865700000	0.0003927701
3.3872900000	0.0003918702
3.3880000000	0.0003909706
3.3887100000	0.0003900710
3.3894300000	0.0003891715
3.3901400000	0.0003882719
3.3908500000	0.0003873728
3.3915600000	0.0003864734
3.3922800000	0.0003855746
3.3929900000	0.0003846755
3.3937000000	0.0003837768
3.3944200000	0.0003828786
3.3951300000	0.0003819802
3.3958400000	0.0003810826
3.3965600000	0.0003801850
3.3972700000	0.0003792874
3.3979800000	0.0003783901
3.3986900000	0.0003774936
3.3994100000	0.0003765970
3.4001200000	0.0003757857
3.4008300000	0.0003753932
3.4015500000	0.0003750014
3.4022600000	0.0003746102
3.4029700000	0.0003742189
3.4036800000	0.0003738288
3.4044000000	0.0003734384
3.4051100000	0.0003730488
3.4058200000	0.0003726600
3.4065400000	0.0003722712
3.4072500000	0.0003718828
3.4079600000	0.0003714949
3.4086800000	0.0003711074
3.4093900000	0.0003707208
3.4101000000	0.0003703343
3.4108100000	0.0003699481
3.4115300000	0.0003695624
3.4122400000	0.0003691772
3.4129500000	0.0003687924
3.4136700000	0.0003684080
3.4143800000	0.0003680239
3.4150900000	0.0003676404
3.4158100000	0.0003672574
3.4165200000	0.0003668746
3.4172300000	0.0003664921
3.4179400000	0.0003661102
3.4186600000	0.0003657288
3.4193700000	0.0003653478
3.4200800000	0.0003649670
3.4208000000	0.0003645866
3.4215100000	0.0003642067
3.4222200000	0.0003638273
3.4229300000	0.0003634480
3.4236500000	0.0003630692
3.4243600000	0.0003626911
3.4250700000	0.0003623128
3.4257900000	0.0003619351
3.4265000000	0.0003615579
3.4272100000	0.0003611808
3.4279300000	0.0003608046
3.4286400000	0.0003604283
3.4293500000	0.0003600525
3.4300600000	0.0003596770
3.4307800000	0.0003593018
3.4314900000	0.0003589270
3.4322000000	0.0003585525
3.4329200000	0.0003581787
3.4336300000	0.0003578047
3.4343400000	0.0003574314
3.4350600000	0.0003570582
3.4357700000	0.0003566858
3.4364800000	0.0003563133
3.4371900000	0.0003559413
3.4379100000	0.0003555694
3.4386200000	0.0003551980
3.4393300000	0.0003548271
3.4400500000	0.0003544563
3.4407600000	0.0003540858
3.4414700000	0.0003537158
3.4421800000	0.0003533458
3.4429000000	0.0003529762
3.4436100000	0.0003526070
3.4443200000	0.0003522380
3.4450400000	0.0003518694
3.4457500000	0.0003515011
3.4464600000	0.0003511330
3.4471800000	0.0003507654
3.4478900000	0.0003503978
3.4486000000	0.0003500307
3.4493100000	0.0003496636
3.4500300000	0.0003492967
3.4507400000	0.0003489305
3.4514500000	0.0003485644
3.4521700000	0.0003481983
3.4528800000	0.0003478328
3.4535900000	0.0003474675
3.4543000000	0.0003471024
3.4550200000	0.0003467377
3.4557300000	0.0003463731
3.4564400000	0.0003460085
3.4571600000	0.0003456444
3.4578700000	0.0003452804
3.4585800000	0.0003449168
3.4593000000	0.0003445534
3.4600100000	0.0003441902
3.4607200000	0.0003438271
3.4614300000	0.0003434645
3.4621500000	0.0003431017
3.4628600000	0.0003427394
3.4635700000	0.0003423772
3.4642900000	0.0003420152
3.4650000000	0.0003416536
3.4657100000	0.0003412921
3.4664300000	0.0003409306
3.4671400000	0.0003405694
3.4678500000	0.0003402085
3.4685600000	0.0003398475
3.4692800000	0.0003394870
3.4699900000	0.0003391264
3.4707000000	0.0003387663
3.4714200000	0.0003384061
3.4721300000	0.0003380460
3.4728400000	0.0003376866
3.4735500000	0.0003373266
3.4742700000	0.0003369670
3.4749800000	0.0003366079
3.4756900000	0.0003362487
3.4764100000	0.0003358895
3.4771200000	0.0003355307
3.4778300000	0.0003351718
3.4785500000	0.0003348129
3.4792600000	0.0003344545
3.4799700000	0.0003340962
3.4806800000	0.0003337377
3.4814000000	0.0003333795
3.4821100000	0.0003330215
3.4828200000	0.0003326635
3.4835400000	0.0003323056
3.4842500000	0.0003319477
3.4849600000	0.0003315901
3.4856800000	0.0003312323
3.4863900000	0.0003308746
3.4871000000	0.0003305173
3.4878100000	0.0003301599
3.4885300000	0.0003298025
3.4892400000	0.0003294453
3.4899500000	0.0003290881
3.4906700000	0.0003287310
3.4913800000	0.0003283738
3.4920900000	0.0003280169
3.4928000000	0.0003276597
3.4935200000	0.0003273028
3.4942300000	0.0003269456
3.4949400000	0.0003265888
3.4956600000	0.0003262318
3.4963700000	0.0003258749
3.4970800000	0.0003255181
3.4978000000	0.0003251613
3.4985100000	0.0003248045
3.4992200000	0.0003244476
3.4999300000	0.0003240909
3.5006500000	0.0003236475
3.5013600000	0.0003231964
3.5020700000	0.0003227458
3.5027900000	0.0003222961
3.5035000000	0.0003218469
3.5042100000	0.0003213984
3.5049200000	0.0003209506
3.5056400000	0.0003205035
3.5063500000	0.0003200570
3.5070600000	0.0003196114
3.5077800000	0.0003191664
3.5084900000	0.0003187219
3.5092000000	0.0003182784
3.5099200000	0.0003178355
3.5106300000	0.0003173931
3.5113400000	0.0003169516
3.5120500000	0.0003165105
3.5127700000	0.0003160704
3.5134800000	0.0003156309
3.5141900000	0.0003151921
3.5149100000	0.0003147538
3.5156200000	0.0003143162
3.5163300000	0.0003138795
3.5170500000	0.0003134431
3.5177600000	0.0003130077
3.5184700000	0.0003125728
3.5191800000	0.0003121388
3.5199000000	0.0003117051
3.5206100000	0.0003112722
3.5213200000	0.0003108402
3.5220400000	0.0003104088
3.5227500000	0.0003099779
3.5234600000	0.0003095477
3.5241700000	0.0003091181
3.5248900000	0.0003086892
3.5256000000	0.0003082611
3.5263100000	0.0003078336
3.5270300000	0.0003074066
3.5277400000	0.0003069806
3.5284500000	0.0003065549
3.5291700000	0.0003061298
3.5298800000	0.0003057057
3.5305900000	0.0003052821
3.5313000000	0.0003048591
3.5320200000	0.0003044368
3.5327300000	0.0003040153
3.5334400000	0.0003035941
3.5341600000	0.0003031738
3.5348700000	0.0003027542
3.5355800000	0.0003023350
3.5363000000	0.0003019165
3.5370100000	0.0003014988
3.5377200000	0.0003010816
3.5384300000	0.0003006650
3.5391500000	0.0003002494
3.5398600000	0.0002998338
3.5405700000	0.0002994194
3.5412900000	0.0002990056
3.5420000000	0.0002985922
3.5427100000	0.0002981795
3.5434200000	0.0002977673
3.5441400000	0.0002973560
3.5448500000	0.0002969454
3.5455600000	0.0002965350
3.5462800000	0.0002961256
3.5469900000	0.0002957167
3.5477000000	0.0002953086
3.5484200000	0.0002949011
3.5491300000	0.0002944938
3.5498400000	0.0002940875
3.5505500000	0.0002936817
3.5512700000	0.0002932766
3.5519800000	0.0002928721
3.5526900000	0.0002924682
3.5534100000	0.0002920648
3.5541200000	0.0002916621
3.5548300000	0.0002912601
3.5555500000	0.0002908587
3.5562600000	0.0002904580
3.5569700000	0.0002900578
3.5576800000	0.0002896583
3.5584000000	0.0002892594
3.5591100000	0.0002888609
3.5598200000	0.0002884630
3.5605400000	0.0002880659
3.5612500000	0.0002876694
3.5619600000	0.0002872737
3.5626700000	0.0002868783
3.5633900000	0.0002864835
3.5641000000	0.0002860895
3.5648100000	0.0002856959
3.5655300000	0.0002853032
3.5662400000	0.0002849106
3.5669500000	0.0002845190
3.5676700000	0.0002841279
3.5683800000	0.0002837373
3.5690900000	0.0002833475
3.5698000000	0.0002829582
3.5705200000	0.0002825695
3.5712300000	0.0002821815
3.5719400000	0.0002817939
3.5726600000	0.0002814070
3.5733700000	0.0002810208
3.5740800000	0.0002806349
3.5747900000	0.0002802498
3.5755100000	0.0002798654
3.5762200000	0.0002794813
3.5769300000	0.0002790979
3.5776500000	0.0002787152
3.5783600000	0.0002783330
3.5790700000	0.0002779513
3.5797900000	0.0002775703
3.5805000000	0.0002771896
3.5812100000	0.0002768100
3.5819200000	0.0002764305
3.5826400000	0.0002760517
3.5833500000	0.0002756737
3.5840600000	0.0002752962
3.5847800000	0.0002749193
3.5854900000	0.0002745428
3.5862000000	0.0002741668
3.5869200000	0.0002737918
3.5876300000	0.0002734168
3.5883400000	0.0002730429
3.5890500000	0.0002726694
3.5897700000	0.0002722965
3.5904800000	0.0002719240
3.5911900000	0.0002715520
3.5919100000	0.0002711809
3.5926200000	0.0002708101
3.5933300000	0.0002704399
3.5940400000	0.0002700706
3.5947600000	0.0002697015
3.5954700000	0.0002693329
3.5961800000	0.0002689653
3.5969000000	0.0002685978
3.5976100000	0.0002682310
3.5983200000	0.0002678649
3.5990400000	0.0002674991
3.5997500000	0.0002671343
3.6004600000	0.0002667251
3.6011700000	0.0002662929
3.6018900000	0.0002658613
3.6026000000	0.0002654302
3.6033100000	0.0002650002
3.6040300000	0.0002645703
3.6047400000	0.0002641415
3.6054500000	0.0002637132
3.6061700000	0.0002632858
3.6068800000	0.0002628590
3.6075900000	0.0002624327
3.6083000000	0.0002620073
3.6090200000	0.0002615826
3.6097300000	0.0002611586
3.6104400000	0.0002607352
3.6111600000	0.0002603125
3.6118700000	0.0002598908
3.6125800000	0.0002594691
3.6132900000	0.0002590487
3.6140100000	0.0002586286
3.6147200000	0.0002582090
3.6154300000	0.0002577905
3.6161500000	0.0002573727
3.6168600000	0.0002569554
3.6175700000	0.0002565389
3.6182900000	0.0002561230
3.6190000000	0.0002557078
3.6197100000	0.0002552933
3.6204200000	0.0002548794
3.6211400000	0.0002544661
3.6218500000	0.0002540533
3.6225600000	0.0002536416
3.6232800000	0.0002532302
3.6239900000	0.0002528200
3.6247000000	0.0002524099
3.6254200000	0.0002520006
3.6261300000	0.0002515922
3.6268400000	0.0002511842
3.6275500000	0.0002507770
3.6282700000	0.0002503705
3.6289800000	0.0002499644
3.6296900000	0.0002495591
3.6304100000	0.0002491544
3.6311200000	0.0002487505
3.6318300000	0.0002483470
3.6325400000	0.0002479443
3.6332600000	0.0002475423
3.6339700000	0.0002471410
3.6346800000	0.0002467402
3.6354000000	0.0002463402
3.6361100000	0.0002459407
3.6368200000	0.0002455419
3.6375400000	0.0002451436
3.6382500000	0.0002447462
3.6389600000	0.0002443494
3.6396700000	0.0002439531
3.6403900000	0.0002435576
3.6411000000	0.0002431624
3.6418100000	0.0002427683
3.6425300000	0.0002423744
3.6432400000	0.0002419814
3.6439500000	0.0002415891
3.6446600000	0.0002411973
3.6453800000	0.0002408061
3.6460900000	0.0002404157
3.6468000000	0.0002400258
3.6475200000	0.0002396365
3.6482300000	0.0002392479
3.6489400000	0.0002388598
3.6496600000	0.0002384725
3.6503700000	0.0002380859
3.6510800000	0.0002376997
3.6517900000	0.0002373142
3.6525100000	0.0002369293
3.6532200000	0.0002365451
3.6539300000	0.0002361615
3.6546500000	0.0002357784
3.6553600000	0.0002353959
3.6560700000	0.0002350142
3.6567900000	0.0002346332
3.6575000000	0.0002342526
3.6582100000	0.0002338727
3.6589200000	0.0002334932
3.6596400000	0.0002331145
3.6603500000	0.0002327365
3.6610600000	0.0002323588
3.6617800000	0.0002319819
3.6624900000	0.0002316058
3.6632000000	0.0002312300
3.6639100000	0.0002308549
3.6646300000	0.0002304805
3.6653400000	0.0002301066
3.6660500000	0.0002297334
3.6667700000	0.0002293607
3.6674800000	0.0002289887
3.6681900000	0.0002286172
3.6689100000	0.0002282465
3.6696200000	0.0002278762
3.6703300000	0.0002275065
3.6710400000	0.0002271374
3.6717600000	0.0002267689
3.6724700000	0.0002264009
3.6731800000	0.0002260337
3.6739000000	0.0002256670
3.6746100000	0.0002253009
3.6753200000	0.0002249354
3.6760400000	0.0002245706
3.6767500000	0.0002242063
3.6774600000	0.0002238425
3.6781700000	0.0002234794
3.6788900000	0.0002231167
3.6796000000	0.0002227547
3.6803100000	0.0002223934
3.6810300000	0.0002220326
3.6817400000	0.0002216723
3.6824500000	0.0002213125
3.6831600000	0.0002209536
3.6838800000	0.0002205950
3.6845900000	0.0002202371
3.6853000000	0.0002198798
3.6860200000	0.0002195229
3.6867300000	0.0002191666
3.6874400000	0.0002188112
3.6881600000	0.0002184560
3.6888700000	0.0002181016
3.6895800000	0.0002177475
3.6902900000	0.0002173943
3.6910100000	0.0002170416
3.6917200000	0.0002166892
3.6924300000	0.0002163377
3.6931500000	0.0002159867
3.6938600000	0.0002156360
3.6945700000	0.0002152860
3.6952900000	0.0002149367
3.6960000000	0.0002145879
3.6967100000	0.0002142397
3.6974200000	0.0002138920
3.6981400000	0.0002135449
3.6988500000	0.0002131983
3.6995600000	0.0002128523
3.7002800000	0.0002124993
3.7009900000	0.0002121351
3.7017000000	0.0002117715
3.7024100000	0.0002114084
3.7031300000	0.0002110461
3.7038400000	0.0002106842
3.7045500000	0.0002103231
3.7052700000	0.0002099626
3.7059800000	0.0002096025
3.7066900000	0.0002092431
3.7074100000	0.0002088845
3.7081200000	0.0002085261
3.7088300000	0.0002081688
3.7095400000	0.0002078118
3.7102600000	0.0002074553
3.7109700000	0.0002070994
3.7116800000	0.0002067444
3.7124000000	0.0002063898
3.7131100000	0.0002060357
3.7138200000	0.0002056824
3.7145300000	0.0002053296
3.7152500000	0.0002049773
3.7159600000	0.0002046258
3.7166700000	0.0002042747
3.7173900000	0.0002039243
3.7181000000	0.0002035744
3.7188100000	0.0002032252
3.7195300000	0.0002028764
3.7202400000	0.0002025283
3.7209500000	0.0002021808
3.7216600000	0.0002018338
3.7223800000	0.0002014878
3.7230900000	0.0002011417
3.7238000000	0.0002007965
3.7245200000	0.0002004521
3.7252300000	0.0002001078
3.7259400000	0.0001997644
3.7266600000	0.0001994215
3.7273700000	0.0001990791
3.7280800000	0.0001987373
3.7287900000	0.0001983963
3.7295100000	0.0001980557
3.7302200000	0.0001977158
3.7309300000	0.0001973761
3.7316500000	0.0001970372
3.7323600000	0.0001966990
3.7330700000	0.0001963612
3.7337800000	0.0001960241
3.7345000000	0.0001956874
3.7352100000	0.0001953511
3.7359200000	0.0001950158
3.7366400000	0.0001946808
3.7373500000	0.0001943463
3.7380600000	0.0001940127
3.7387800000	0.0001936793
3.7394900000	0.0001933468
3.7402000000	0.0001930146
3.7409100000	0.0001926830
3.7416300000	0.0001923519
3.7423400000	0.0001920214
3.7430500000	0.0001916914
3.7437700000	0.0001913622
3.7444800000	0.0001910333
3.7451900000	0.0001907051
3.7459100000	0.0001903772
3.7466200000	0.0001900500
3.7473300000	0.0001897237
3.7480400000	0.0001893974
3.7487600000	0.0001890720
3.7494700000	0.0001887469
3.7501800000	0.0001884227
3.7509000000	0.0001880987
3.7516100000	0.0001877753
3.7523200000	0.0001874525
3.7530300000	0.0001871303
3.7537500000	0.0001868084
3.7544600000	0.0001864874
3.7551700000	0.0001861666
3.7558900000	0.0001858465
3.7566000000	0.0001855270
3.7573100000	0.0001852081
3.7580300000	0.0001848896
3.7587400000	0.0001845716
3.7594500000	0.0001842542
3.7601600000	0.0001839372
3.7608800000	0.0001836209
3.7615900000	0.0001833050
3.7623000000	0.0001829897
3.7630200000	0.0001826749
3.7637300000	0.0001823606
3.7644400000	0.0001820470
3.7651600000	0.0001817338
3.7658700000	0.0001814209
3.7665800000	0.0001811088
3.7672900000	0.0001807971
3.7680100000	0.0001804862
3.7687200000	0.0001801754
3.7694300000	0.0001798655
3.7701500000	0.0001795559
3.7708600000	0.0001792470
3.7715700000	0.0001789384
3.7722800000	0.0001786305
3.7730000000	0.0001783231
3.7737100000	0.0001780159
3.7744200000	0.0001777095
3.7751400000	0.0001774036
3.7758500000	0.0001770981
3.7765600000	0.0001767933
3.7772800000	0.0001764891
3.7779900000	0.0001761850
3.7787000000	0.0001758816
3.7794100000	0.0001755789
3.7801300000	0.0001752766
3.7808400000	0.0001749746
3.7815500000	0.0001746733
3.7822700000	0.0001743726
3.7829800000	0.0001740721
3.7836900000	0.0001737723
3.7844000000	0.0001734731
3.7851200000	0.0001731741
3.7858300000	0.0001728757
3.7865400000	0.0001725780
3.7872600000	0.0001722807
3.7879700000	0.0001719839
3.7886800000	0.0001716877
3.7894000000	0.0001713920
3.7901100000	0.0001710965
3.7908200000	0.0001708016
3.7915300000	0.0001705073
3.7922500000	0.0001702134
3.7929600000	0.0001699201
3.7936700000	0.0001696273
3.7943900000	0.0001693350
3.7951000000	0.0001690430
3.7958100000	0.0001687518
3.7965300000	0.0001684607
3.7972400000	0.0001681706
3.7979500000	0.0001678805
3.7986600000	0.0001675910
3.7993800000	0.0001673022
3.8000900000	0.0001670121
3.8008000000	0.0001667119
3.8015200000	0.0001664123
3.8022300000	0.0001661131
3.8029400000	0.0001658146
3.8036500000	0.0001655167
3.8043700000	0.0001652191
3.8050800000	0.0001649221
3.8057900000	0.0001646255
3.8065100000	0.0001643297
3.8072200000	0.0001640341
3.8079300000	0.0001637392
3.8086500000	0.0001634446
3.8093600000	0.0001631509
3.8100700000	0.0001628574
3.8107800000	0.0001625644
3.8115000000	0.0001622720
3.8122100000	0.0001619802
3.8129200000	0.0001616890
3.8136400000	0.0001613981
3.8143500000	0.0001611077
3.8150600000	0.0001608179
3.8157800000	0.0001605285
3.8164900000	0.0001602397
3.8172000000	0.0001599514
3.8179100000	0.0001596635
3.8186300000	0.0001593762
3.8193400000	0.0001590897
3.8200500000	0.0001588032
3.8207700000	0.0001585173
3.8214800000	0.0001582320
3.8221900000	0.0001579473
3.8229000000	0.0001576630
3.8236200000	0.0001573792
3.8243300000	0.0001570957
3.8250400000	0.0001568129
3.8257600000	0.0001565305
3.8264700000	0.0001562489
3.8271800000	0.0001559675
3.8279000000	0.0001556867
3.8286100000	0.0001554063
3.8293200000	0.0001551264
3.8300300000	0.0001548471
3.8307500000	0.0001545683
3.8314600000	0.0001542898
3.8321700000	0.0001540119
3.8328900000	0.0001537346
3.8336000000	0.0001534574
3.8343100000	0.0001531811
3.8350300000	0.0001529049
3.8357400000	0.0001526297
3.8364500000	0.0001523547
3.8371600000	0.0001520802
3.8378800000	0.0001518061
3.8385900000	0.0001515325
3.8393000000	0.0001512595
3.8400200000	0.0001509868
3.8407300000	0.0001507147
3.8414400000	0.0001504430
3.8421500000	0.0001501718
3.8428700000	0.0001499012
3.8435800000	0.0001496309
3.8442900000	0.0001493612
3.8450100000	0.0001490921
3.8457200000	0.0001488230
3.8464300000	0.0001485547
3.8471500000	0.0001482869
3.8478600000	0.0001480196
3.8485700000	0.0001477528
3.8492800000	0.0001474862
3.8500000000	0.0001472202
3.8507100000	0.0001469548
3.8514200000	0.0001466897
3.8521400000	0.0001464250
3.8528500000	0.0001461610
3.8535600000	0.0001458973
3.8542700000	0.0001456340
3.8549900000	0.0001453714
3.8557000000	0.0001451092
3.8564100000	0.0001448473
3.8571300000	0.0001445858
3.8578400000	0.0001443250
3.8585500000	0.0001440645
3.8592700000	0.0001438044
3.8599800000	0.0001435450
3.8606900000	0.0001432860
3.8614000000	0.0001430273
3.8621200000	0.0001427691
3.8628300000	0.0001425115
3.8635400000	0.0001422542
3.8642600000	0.0001419975
3.8649700000	0.0001417409
3.8656800000	0.0001414850
3.8664000000	0.0001412296
3.8671100000	0.0001409746
3.8678200000	0.0001407200
3.8685300000	0.0001404661
3.8692500000	0.0001402123
3.8699600000	0.0001399591
3.8706700000	0.0001397063
3.8713900000	0.0001394540
3.8721000000	0.0001392021
3.8728100000	0.0001389506
3.8735200000	0.0001386997
3.8742400000	0.0001384490
3.8749500000	0.0001381990
3.8756600000	0.0001379492
3.8763800000	0.0001377001
3.8770900000	0.0001374513
3.8778000000	0.0001372030
3.8785200000	0.0001369549
3.8792300000	0.0001367075
3.8799400000	0.0001364605
3.8806500000	0.0001362138
3.8813700000	0.0001359675
3.8820800000	0.0001357218
3.8827900000	0.0001354765
3.8835100000	0.0001352317
3.8842200000	0.0001349871
3.8849300000	0.0001347431
3.8856500000	0.0001344994
3.8863600000	0.0001342564
3.8870700000	0.0001340136
3.8877800000	0.0001337713
3.8885000000	0.0001335294
3.8892100000	0.0001332880
3.8899200000	0.0001330469
3.8906400000	0.0001328063
3.8913500000	0.0001325661
3.8920600000	0.0001323263
3.8927700000	0.0001320869
3.8934900000	0.0001318480
3.8942000000	0.0001316095
3.8949100000	0.0001313715
3.8956300000	0.0001311338
3.8963400000	0.0001308965
3.8970500000	0.0001306597
3.8977700000	0.0001304233
3.8984800000	0.0001301873
3.8991900000	0.0001299517
3.8999000000	0.0001297165
3.9006200000	0.0001294691
3.9013300000	0.0001292202
3.9020400000	0.0001289718
3.9027600000	0.0001287238
3.9034700000	0.0001284762
3.9041800000	0.0001282292
3.9048900000	0.0001279825
3.9056100000	0.0001277364
3.9063200000	0.0001274907
3.9070300000	0.0001272454
3.9077500000	0.0001270007
3.9084600000	0.0001267563
3.9091700000	0.0001265125
3.9098900000	0.0001262690
3.9106000000	0.0001260261
3.9113100000	0.0001257836
3.9120200000	0.0001255415
3.9127400000	0.0001252999
3.9134500000	0.0001250587
3.9141600000	0.0001248180
3.9148800000	0.0001245777
3.9155900000	0.0001243379
3.9163000000	0.0001240986
3.9170200000	0.0001238596
3.9177300000	0.0001236212
3.9184400000	0.0001233831
3.9191500000	0.0001231455
3.9198700000	0.0001229084
3.9205800000	0.0001226717
3.9212900000	0.0001224354
3.9220100000	0.0001221996
3.9227200000	0.0001219642
3.9234300000	0.0001217293
3.9241400000	0.0001214947
3.9248600000	0.0001212607
3.9255700000	0.0001210271
3.9262800000	0.0001207939
3.9270000000	0.0001205611
3.9277100000	0.0001203288
3.9284200000	0.0001200968
3.9291400000	0.0001198654
3.9298500000	0.0001196344
3.9305600000	0.0001194038
3.9312700000	0.0001191737
3.9319900000	0.0001189439
3.9327000000	0.0001187146
3.9334100000	0.0001184857
3.9341300000	0.0001182573
3.9348400000	0.0001180293
3.9355500000	0.0001178017
3.9362700000	0.0001175745
3.9369800000	0.0001173478
3.9376900000	0.0001171214
3.9384000000	0.0001168955
3.9391200000	0.0001166701
3.9398300000	0.0001164451
3.9405400000	0.0001162204
3.9412600000	0.0001159962
3.9419700000	0.0001157724
3.9426800000	0.0001155491
3.9433900000	0.0001153261
3.9441100000	0.0001151036
3.9448200000	0.0001148815
3.9455300000	0.0001146598
3.9462500000	0.0001144385
3.9469600000	0.0001142176
3.9476700000	0.0001139971
3.9483900000	0.0001137771
3.9491000000	0.0001135575
3.9498100000	0.0001133383
3.9505200000	0.0001131195
3.9512400000	0.0001129011
3.9519500000	0.0001126831
3.9526600000	0.0001124655
3.9533800000	0.0001122484
3.9540900000	0.0001120316
3.9548000000	0.0001118153
3.9555200000	0.0001115993
3.9562300000	0.0001113838
3.9569400000	0.0001111687
3.9576500000	0.0001109539
3.9583700000	0.0001107396
3.9590800000	0.0001105257
3.9597900000	0.0001103122
3.9605100000	0.0001100991
3.9612200000	0.0001098863
3.9619300000	0.0001096740
3.9626400000	0.0001094621
3.9633600000	0.0001092506
3.9640700000	0.0001090395
3.9647800000	0.0001088287
3.9655000000	0.0001086184
3.9662100000	0.0001084085
3.9669200000	0.0001081989
3.9676400000	0.0001079898
3.9683500000	0.0001077810
3.9690600000	0.0001075727
3.9697700000	0.0001073647
3.9704900000	0.0001071571
3.9712000000	0.0001069500
3.9719100000	0.0001067432
3.9726300000	0.0001065368
3.9733400000	0.0001063308
3.9740500000	0.0001061251
3.9747600000	0.0001059199
3.9754800000	0.0001057151
3.9761900000	0.0001055106
3.9769000000	0.0001053065
3.9776200000	0.0001051028
3.9783300000	0.0001048995
3.9790400000	0.0001046966
3.9797600000	0.0001044940
3.9804700000	0.0001042919
3.9811800000	0.0001040901
3.9818900000	0.0001038887
3.9826100000	0.0001036877
3.9833200000	0.0001034871
3.9840300000	0.0001032868
3.9847500000	0.0001030869
3.9854600000	0.0001028874
3.9861700000	0.0001026883
3.9868900000	0.0001024896
3.9876000000	0.0001022912
3.9883100000	0.0001020931
3.9890200000	0.0001018956
3.9897400000	0.0001016983
3.9904500000	0.0001015014
3.9911600000	0.0001013049
3.9918800000	0.0001011088
3.9925900000	0.0001009130
3.9933000000	0.0001007176
3.9940100000	0.0001005226
3.9947300000	0.0001003279
3.9954400000	0.0001001337
3.9961500000	0.0000999397
3.9968700000	0.0000997462
3.9975800000	0.0000995530
3.9982900000	0.0000993602
3.9990100000	0.0000991677
3.9997200000	0.0000989756
4.0004300000	0.0000987733
4.0011400000	0.0000985645
4.0018600000	0.0000983561
4.0025700000	0.0000981481
4.0032800000	0.0000979401
4.0040000000	0.0000977330
4.0047100000	0.0000975262
4.0054200000	0.0000973198
4.0061400000	0.0000971139
4.0068500000	0.0000969084
4.0075600000	0.0000967032
4.0082700000	0.0000964986
4.0089900000	0.0000962942
4.0097000000	0.0000960903
4.0104100000	0.0000958868
4.0111300000	0.0000956837
4.0118400000	0.0000954810
4.0125500000	0.0000952788
4.0132600000	0.0000950769
4.0139800000	0.0000948754
4.0146900000	0.0000946743
4.0154000000	0.0000944737
4.0161200000	0.0000942734
4.0168300000	0.0000940735
4.0175400000	0.0000938740
4.0182600000	0.0000936750
4.0189700000	0.0000934763
4.0196800000	0.0000932780
4.0203900000	0.0000930801
4.0211100000	0.0000928826
4.0218200000	0.0000926855
4.0225300000	0.0000924888
4.0232500000	0.0000922925
4.0239600000	0.0000920966
4.0246700000	0.0000919011
4.0253900000	0.0000917060
4.0261000000	0.0000915112
4.0268100000	0.0000913169
4.0275200000	0.0000911230
4.0282400000	0.0000909294
4.0289500000	0.0000907362
4.0296600000	0.0000905434
4.0303800000	0.0000903510
4.0310900000	0.0000901591
4.0318000000	0.0000899674
4.0325100000	0.0000897762
4.0332300000	0.0000895854
4.0339400000	0.0000893949
4.0346500000	0.0000892048
4.0353700000	0.0000890151
4.0360800000	0.0000888258
4.0367900000	0.0000886369
4.0375100000	0.0000884484
4.0382200000	0.0000882602
4.0389300000	0.0000880724
4.0396400000	0.0000878850
4.0403600000	0.0000876980
4.0410700000	0.0000875114
4.0417800000	0.0000873251
4.0425000000	0.0000871392
4.0432100000	0.0000869537
4.0439200000	0.0000867686
4.0446300000	0.0000865838
4.0453500000	0.0000863994
4.0460600000	0.0000862154
4.0467700000	0.0000860318
4.0474900000	0.0000858485
4.0482000000	0.0000856656
4.0489100000	0.0000854831
4.0496300000	0.0000853010
4.0503400000	0.0000851192
4.0510500000	0.0000849378
4.0517600000	0.0000847568
4.0524800000	0.0000845761
4.0531900000	0.0000843958
4.0539000000	0.0000842159
4.0546200000	0.0000840363
4.0553300000	0.0000838571
4.0560400000	0.0000836783
4.0567600000	0.0000834998
4.0574700000	0.0000833218
4.0581800000	0.0000831440
4.0588900000	0.0000829667
4.0596100000	0.0000827897
4.0603200000	0.0000826130
4.0610300000	0.0000824367
4.0617500000	0.0000822608
4.0624600000	0.0000820853
4.0631700000	0.0000819101
4.0638800000	0.0000817352
4.0646000000	0.0000815608
4.0653100000	0.0000813866
4.0660200000	0.0000812129
4.0667400000	0.0000810394
4.0674500000	0.0000808664
4.0681600000	0.0000806937
4.0688800000	0.0000805214
4.0695900000	0.0000803494
4.0703000000	0.0000801778
4.0710100000	0.0000800065
4.0717300000	0.0000798356
4.0724400000	0.0000796650
4.0731500000	0.0000794948
4.0738700000	0.0000793249
4.0745800000	0.0000791554
4.0752900000	0.0000789862
4.0760100000	0.0000788174
4.0767200000	0.0000786489
4.0774300000	0.0000784808
4.0781400000	0.0000783130
4.0788600000	0.0000781456
4.0795700000	0.0000779785
4.0802800000	0.0000778118
4.0810000000	0.0000776454
4.0817100000	0.0000774793
4.0824200000	0.0000773136
4.0831300000	0.0000771483
4.0838500000	0.0000769832
4.0845600000	0.0000768185
4.0852700000	0.0000766542
4.0859900000	0.0000764902
4.0867000000	0.0000763266
4.0874100000	0.0000761633
4.0881300000	0.0000760003
4.0888400000	0.0000758377
4.0895500000	0.0000756754
4.0902600000	0.0000755134
4.0909800000	0.0000753518
4.0916900000	0.0000751905
4.0924000000	0.0000750295
4.0931200000	0.0000748689
4.0938300000	0.0000747086
4.0945400000	0.0000745487
4.0952600000	0.0000743891
4.0959700000	0.0000742298
4.0966800000	0.0000740708
4.0973900000	0.0000739122
4.0981100000	0.0000737539
4.0988200000	0.0000735959
4.0995300000	0.0000734383
4.1002500000	0.0000732758
4.1009600000	0.0000731037
4.1016700000	0.0000729319
4.1023800000	0.0000727604
4.1031000000	0.0000725892
4.1038100000	0.0000724183
4.1045200000	0.0000722477
4.1052400000	0.0000720774
4.1059500000	0.0000719075
4.1066600000	0.0000717378
4.1073800000	0.0000715684
4.1080900000	0.0000713992
4.1088000000	0.0000712304
4.1095100000	0.0000710619
4.1102300000	0.0000708937
4.1109400000	0.0000707258
4.1116500000	0.0000705582
4.1123700000	0.0000703909
4.1130800000	0.0000702239
4.1137900000	0.0000700572
4.1145000000	0.0000698908
4.1152200000	0.0000697247
4.1159300000	0.0000695589
4.1166400000	0.0000693934
4.1173600000	0.0000692282
4.1180700000	0.0000690633
4.1187800000	0.0000688987
4.1195000000	0.0000687344
4.1202100000	0.0000685704
4.1209200000	0.0000684067
4.1216300000	0.0000682433
4.1223500000	0.0000680802
4.1230600000	0.0000679175
4.1237700000	0.0000677550
4.1244900000	0.0000675928
4.1252000000	0.0000674309
4.1259100000	0.0000672694
4.1266300000	0.0000671081
4.1273400000	0.0000669471
4.1280500000	0.0000667865
4.1287600000	0.0000666261
4.1294800000	0.0000664660
4.1301900000	0.0000663063
4.1309000000	0.0000661468
4.1316200000	0.0000659877
4.1323300000	0.0000658289
4.1330400000	0.0000656703
4.1337500000	0.0000655121
4.1344700000	0.0000653541
4.1351800000	0.0000651965
4.1358900000	0.0000650392
4.1366100000	0.0000648822
4.1373200000	0.0000647255
4.1380300000	0.0000645690
4.1387500000	0.0000644129
4.1394600000	0.0000642571
4.1401700000	0.0000641016
4.1408800000	0.0000639464
4.1416000000	0.0000637915
4.1423100000	0.0000636369
4.1430200000	0.0000634827
4.1437400000	0.0000633287
4.1444500000	0.0000631750
4.1451600000	0.0000630216
4.1458800000	0.0000628686
4.1465900000	0.0000627158
4.1473000000	0.0000625633
4.1480100000	0.0000624112
4.1487300000	0.0000622593
4.1494400000	0.0000621078
4.1501500000	0.0000619565
4.1508700000	0.0000618056
4.1515800000	0.0000616549
4.1522900000	0.0000615046
4.1530000000	0.0000613546
4.1537200000	0.0000612048
4.1544300000	0.0000610554
4.1551400000	0.0000609063
4.1558600000	0.0000607575
4.1565700000	0.0000606089
4.1572800000	0.0000604607
4.1580000000	0.0000603128
4.1587100000	0.0000601652
4.1594200000	0.0000600179
4.1601300000	0.0000598709
4.1608500000	0.0000597242
4.1615600000	0.0000595778
4.1622700000	0.0000594317
4.1629900000	0.0000592859
4.1637000000	0.0000591404
4.1644100000	0.0000589952
4.1651300000	0.0000588503
4.1658400000	0.0000587058
4.1665500000	0.0000585615
4.1672600000	0.0000584175
4.1679800000	0.0000582738
4.1686900000	0.0000581305
4.1694000000	0.0000579874
4.1701200000	0.0000578446
4.1708300000	0.0000577021
4.1715400000	0.0000575599
4.1722500000	0.0000574181
4.1729700000	0.0000572765
4.1736800000	0.0000571352
4.1743900000	0.0000569942
4.1751100000	0.0000568536
4.1758200000	0.0000567132
4.1765300000	0.0000565731
4.1772500000	0.0000564333
4.1779600000	0.0000562939
4.1786700000	0.0000561547
4.1793800000	0.0000560158
4.1801000000	0.0000558772
4.1808100000	0.0000557389
4.1815200000	0.0000556009
4.1822400000	0.0000554632
4.1829500000	0.0000553259
4.1836600000	0.0000551888
4.1843700000	0.0000550520
4.1850900000	0.0000549155
4.1858000000	0.0000547793
4.1865100000	0.0000546434
4.1872300000	0.0000545078
4.1879400000	0.0000543724
4.1886500000	0.0000542374
4.1893700000	0.0000541027
4.1900800000	0.0000539683
4.1907900000	0.0000538342
4.1915000000	0.0000537003
4.1922200000	0.0000535668
4.1929300000	0.0000534335
4.1936400000	0.0000533006
4.1943600000	0.0000531679
4.1950700000	0.0000530356
4.1957800000	0.0000529035
4.1965000000	0.0000527717
4.1972100000	0.0000526402
4.1979200000	0.0000525090
4.1986300000	0.0000523781
4.1993500000	0.0000522475
4.2000600000	0.0000521185
4.2007700000	0.0000520038
4.2014900000	0.0000518891
4.2022000000	0.0000517743
4.2029100000	0.0000516594
4.2036200000	0.0000515445
4.2043400000	0.0000514295
4.2050500000	0.0000513145
4.2057600000	0.0000511994
4.2064800000	0.0000510842
4.2071900000	0.0000509690
4.2079000000	0.0000508538
4.2086200000	0.0000507385
4.2093300000	0.0000506232
4.2100400000	0.0000505078
4.2107500000	0.0000503923
4.2114700000	0.0000502768
4.2121800000	0.0000501612
4.2128900000	0.0000500457
4.2136100000	0.0000499300
4.2143200000	0.0000498144
4.2150300000	0.0000496987
4.2157500000	0.0000495829
4.2164600000	0.0000494671
4.2171700000	0.0000493513
4.2178800000	0.0000492354
4.2186000000	0.0000491195
4.2193100000	0.0000490035
4.2200200000	0.0000488875
4.2207400000	0.0000487715
4.2214500000	0.0000486554
4.2221600000	0.0000485393
4.2228700000	0.0000484232
4.2235900000	0.0000483071
4.2243000000	0.0000481909
4.2250100000	0.0000480747
4.2257300000	0.0000479585
4.2264400000	0.0000478422
4.2271500000	0.0000477259
4.2278700000	0.0000476096
4.2285800000	0.0000474933
4.2292900000	0.0000473769
4.2300000000	0.0000472605
4.2307200000	0.0000471441
4.2314300000	0.0000470277
4.2321400000	0.0000469113
4.2328600000	0.0000467949
4.2335700000	0.0000466784
4.2342800000	0.0000465619
4.2349900000	0.0000464455
4.2357100000	0.0000463290
4.2364200000	0.0000462125
4.2371300000	0.0000460960
4.2378500000	0.0000459795
4.2385600000	0.0000458629
4.2392700000	0.0000457464
4.2399900000	0.0000456299
4.2407000000	0.0000455134
4.2414100000	0.0000453968
4.2421200000	0.0000452803
4.2428400000	0.0000451638
4.2435500000	0.0000450473
4.2442600000	0.0000449307
4.2449800000	0.0000448143
4.2456900000	0.0000446977
4.2464000000	0.0000445813
4.2471200000	0.0000444648
4.2478300000	0.0000443483
4.2485400000	0.0000442313
4.2492500000	0.0000441149
4.2499700000	0.0000439984
4.2506800000	0.0000438821
4.2513900000	0.0000437657
4.2521100000	0.0000436493
4.2528200000	0.0000435330
4.2535300000	0.0000434167
4.2542400000	0.0000433004
4.2549600000	0.0000431842
4.2556700000	0.0000430679
4.2563800000	0.0000429517
4.2571000000	0.0000428355
4.2578100000	0.0000427194
4.2585200000	0.0000426033
4.2592400000	0.0000424873
4.2599500000	0.0000423712
4.2606600000	0.0000422553
4.2613700000	0.0000421393
4.2620900000	0.0000420234
4.2628000000	0.0000419075
4.2635100000	0.0000417917
4.2642300000	0.0000416759
4.2649400000	0.0000415602
4.2656500000	0.0000414446
4.2663700000	0.0000413289
4.2670800000	0.0000412134
4.2677900000	0.0000410978
4.2685000000	0.0000409824
4.2692200000	0.0000408670
4.2699300000	0.0000407516
4.2706400000	0.0000406363
4.2713600000	0.0000405211
4.2720700000	0.0000404060
4.2727800000	0.0000402909
4.2734900000	0.0000401758
4.2742100000	0.0000400609
4.2749200000	0.0000399460
4.2756300000	0.0000398311
4.2763500000	0.0000397164
4.2770600000	0.0000396017
4.2777700000	0.0000394871
4.2784900000	0.0000393726
4.2792000000	0.0000392582
4.2799100000	0.0000391438
4.2806200000	0.0000390295
4.2813400000	0.0000389153
4.2820500000	0.0000388012
4.2827600000	0.0000386872
4.2834800000	0.0000385732
4.2841900000	0.0000384594
4.2849000000	0.0000383456
4.2856200000	0.0000382319
4.2863300000	0.0000381184
4.2870400000	0.0000380049
4.2877500000	0.0000378915
4.2884700000	0.0000377783
4.2891800000	0.0000376651
4.2898900000	0.0000375520
4.2906100000	0.0000374390
4.2913200000	0.0000373261
4.2920300000	0.0000372134
4.2927400000	0.0000371007
4.2934600000	0.0000369882
4.2941700000	0.0000368757
4.2948800000	0.0000367634
4.2956000000	0.0000366512
4.2963100000	0.0000365391
4.2970200000	0.0000364272
4.2977400000	0.0000363153
4.2984500000	0.0000362036
4.2991600000	0.0000360919
4.2998700000	0.0000359805
4.3005900000	0.0000359152
4.3013000000	0.0000358599
4.3020100000	0.0000358045
4.3027300000	0.0000357491
4.3034400000	0.0000356937
4.3041500000	0.0000356382
4.3048600000	0.0000355828
4.3055800000	0.0000355273
4.3062900000	0.0000354718
4.3070000000	0.0000354163
4.3077200000	0.0000353607
4.3084300000	0.0000353051
4.3091400000	0.0000352495
4.3098600000	0.0000351939
4.3105700000	0.0000351382
4.3112800000	0.0000350825
4.3119900000	0.0000350268
4.3127100000	0.0000349711
4.3134200000	0.0000349153
4.3141300000	0.0000348595
4.3148500000	0.0000348036
4.3155600000	0.0000347478
4.3162700000	0.0000346919
4.3169900000	0.0000346359
4.3177000000	0.0000345800
4.3184100000	0.0000345240
4.3191200000	0.0000344680
4.3198400000	0.0000344119
4.3205500000	0.0000343558
4.3212600000	0.0000342996
4.3219800000	0.0000342435
4.3226900000	0.0000341873
4.3234000000	0.0000341310
4.3241100000	0.0000340747
4.3248300000	0.0000340184
4.3255400000	0.0000339620
4.3262500000	0.0000339057
4.3269700000	0.0000338492
4.3276800000	0.0000337927
4.3283900000	0.0000337362
4.3291100000	0.0000336797
4.3298200000	0.0000336231
4.3305300000	0.0000335664
4.3312400000	0.0000335097
4.3319600000	0.0000334530
4.3326700000	0.0000333962
4.3333800000	0.0000333393
4.3341000000	0.0000332825
4.3348100000	0.0000332256
4.3355200000	0.0000331686
4.3362400000	0.0000331116
4.3369500000	0.0000330545
4.3376600000	0.0000329974
4.3383700000	0.0000329403
4.3390900000	0.0000328831
4.3398000000	0.0000328258
4.3405100000	0.0000327685
4.3412300000	0.0000327112
4.3419400000	0.0000326537
4.3426500000	0.0000325963
4.3433600000	0.0000325388
4.3440800000	0.0000324812
4.3447900000	0.0000324235
4.3455000000	0.0000323659
4.3462200000	0.0000323081
4.3469300000	0.0000322503
4.3476400000	0.0000321925
4.3483600000	0.0000321345
4.3490700000	0.0000320766
4.3497800000	0.0000320185
4.3504900000	0.0000319604
4.3512100000	0.0000319023
4.3519200000	0.0000318441
4.3526300000	0.0000317858
4.3533500000	0.0000317275
4.3540600000	0.0000316691
4.3547700000	0.0000316106
4.3554900000	0.0000315521
4.3562000000	0.0000314935
4.3569100000	0.0000314349
4.3576200000	0.0000313762
4.3583400000	0.0000313174
4.3590500000	0.0000312586
4.3597600000	0.0000311997
4.3604800000	0.0000311407
4.3611900000	0.0000310816
4.3619000000	0.0000310225
4.3626100000	0.0000309633
4.3633300000	0.0000309041
4.3640400000	0.0000308448
4.3647500000	0.0000307853
4.3654700000	0.0000307259
4.3661800000	0.0000306664
4.3668900000	0.0000306068
4.3676100000	0.0000305471
4.3683200000	0.0000304873
4.3690300000	0.0000304275
4.3697400000	0.0000303676
4.3704600000	0.0000303076
4.3711700000	0.0000302475
4.3718800000	0.0000301874
4.3726000000	0.0000301272
4.3733100000	0.0000300669
4.3740200000	0.0000300065
4.3747300000	0.0000299461
4.3754500000	0.0000298856
4.3761600000	0.0000298250
4.3768700000	0.0000297643
4.3775900000	0.0000297035
4.3783000000	0.0000296427
4.3790100000	0.0000295817
4.3797300000	0.0000295207
4.3804400000	0.0000294596
4.3811500000	0.0000293985
4.3818600000	0.0000293372
4.3825800000	0.0000292759
4.3832900000	0.0000292144
4.3840000000	0.0000291529
4.3847200000	0.0000290913
4.3854300000	0.0000290296
4.3861400000	0.0000289678
4.3868600000	0.0000289060
4.3875700000	0.0000288440
4.3882800000	0.0000287820
4.3889900000	0.0000287199
4.3897100000	0.0000286576
4.3904200000	0.0000285953
4.3911300000	0.0000285329
4.3918500000	0.0000284704
4.3925600000	0.0000284078
4.3932700000	0.0000283452
4.3939800000	0.0000282824
4.3947000000	0.0000282195
4.3954100000	0.0000281566
4.3961200000	0.0000280935
4.3968400000	0.0000280304
4.3975500000	0.0000279672
4.3982600000	0.0000279038
4.3989800000	0.0000278404
4.3996900000	0.0000277769
4.4004000000	0.0000277265
4.4011100000	0.0000276863
4.4018300000	0.0000276462
4.4025400000	0.0000276060
4.4032500000	0.0000275659
4.4039700000	0.0000275258
4.4046800000	0.0000274857
4.4053900000	0.0000274457
4.4061100000	0.0000274056
4.4068200000	0.0000273655
4.4075300000	0.0000273255
4.4082400000	0.0000272855
4.4089600000	0.0000272455
4.4096700000	0.0000272055
4.4103800000	0.0000271655
4.4111000000	0.0000271255
4.4118100000	0.0000270855
4.4125200000	0.0000270456
4.4132300000	0.0000270056
4.4139500000	0.0000269657
4.4146600000	0.0000269258
4.4153700000	0.0000268859
4.4160900000	0.0000268459
4.4168000000	0.0000268060
4.4175100000	0.0000267662
4.4182300000	0.0000267263
4.4189400000	0.0000266864
4.4196500000	0.0000266465
4.4203600000	0.0000266067
4.4210800000	0.0000265668
4.4217900000	0.0000265270
4.4225000000	0.0000264871
4.4232200000	0.0000264473
4.4239300000	0.0000264075
4.4246400000	0.0000263676
4.4253600000	0.0000263278
4.4260700000	0.0000262880
4.4267800000	0.0000262482
4.4274900000	0.0000262084
4.4282100000	0.0000261686
4.4289200000	0.0000261288
4.4296300000	0.0000260890
4.4303500000	0.0000260493
4.4310600000	0.0000260094
4.4317700000	0.0000259697
4.4324800000	0.0000259299
4.4332000000	0.0000258901
4.4339100000	0.0000258503
4.4346200000	0.0000258106
4.4353400000	0.0000257708
4.4360500000	0.0000257310
4.4367600000	0.0000256912
4.4374800000	0.0000256515
4.4381900000	0.0000256117
4.4389000000	0.0000255719
4.4396100000	0.0000255322
4.4403300000	0.0000254924
4.4410400000	0.0000254526
4.4417500000	0.0000254128
4.4424700000	0.0000253730
4.4431800000	0.0000253333
4.4438900000	0.0000252935
4.4446000000	0.0000252537
4.4453200000	0.0000252139
4.4460300000	0.0000251741
4.4467400000	0.0000251343
4.4474600000	0.0000250945
4.4481700000	0.0000250547
4.4488800000	0.0000250149
4.4496000000	0.0000249751
4.4503100000	0.0000249352
4.4510200000	0.0000248954
4.4517300000	0.0000248556
4.4524500000	0.0000248157
4.4531600000	0.0000247758
4.4538700000	0.0000247360
4.4545900000	0.0000246961
4.4553000000	0.0000246563
4.4560100000	0.0000246164
4.4567300000	0.0000245765
4.4574400000	0.0000245366
4.4581500000	0.0000244967
4.4588600000	0.0000244567
4.4595800000	0.0000244168
4.4602900000	0.0000243769
4.4610000000	0.0000243369
4.4617200000	0.0000242969
4.4624300000	0.0000242569
4.4631400000	0.0000242170
4.4638500000	0.0000241770
4.4645700000	0.0000241369
4.4652800000	0.0000240969
4.4659900000	0.0000240569
4.4667100000	0.0000240168
4.4674200000	0.0000239767
4.4681300000	0.0000239366
4.4688500000	0.0000238965
4.4695600000	0.0000238564
4.4702700000	0.0000238163
4.4709800000	0.0000237761
4.4717000000	0.0000237360
4.4724100000	0.0000236958
4.4731200000	0.0000236556
4.4738400000	0.0000236153
4.4745500000	0.0000235751
4.4752600000	0.0000235349
4.4759800000	0.0000234946
4.4766900000	0.0000234543
4.4774000000	0.0000234140
4.4781100000	0.0000233736
4.4788300000	0.0000233333
4.4795400000	0.0000232929
4.4802500000	0.0000232525
4.4809700000	0.0000232121
4.4816800000	0.0000231716
4.4823900000	0.0000231312
4.4831000000	0.0000230907
4.4838200000	0.0000230502
4.4845300000	0.0000230096
4.4852400000	0.0000229691
4.4859600000	0.0000229285
4.4866700000	0.0000228879
4.4873800000	0.0000228473
4.4881000000	0.0000228066
4.4888100000	0.0000227659
4.4895200000	0.0000227252
4.4902300000	0.0000226845
4.4909500000	0.0000226437
4.4916600000	0.0000226029
4.4923700000	0.0000225621
4.4930900000	0.0000225212
4.4938000000	0.0000224803
4.4945100000	0.0000224394
4.4952300000	0.0000223985
4.4959400000	0.0000223575
4.4966500000	0.0000223165
4.4973600000	0.0000222755
4.4980800000	0.0000222344
4.4987900000	0.0000221933
4.4995000000	0.0000221522
4.5002200000	0.0000221159
4.5009300000	0.0000220906
4.5016400000	0.0000220654
4.5023500000	0.0000220402
4.5030700000	0.0000220150
4.5037800000	0.0000219899
4.5044900000	0.0000219648
4.5052100000	0.0000219397
4.5059200000	0.0000219146
4.5066300000	0.0000218896
4.5073500000	0.0000218645
4.5080600000	0.0000218396
4.5087700000	0.0000218146
4.5094800000	0.0000217897
4.5102000000	0.0000217648
4.5109100000	0.0000217399
4.5116200000	0.0000217150
4.5123400000	0.0000216902
4.5130500000	0.0000216654
4.5137600000	0.0000216406
4.5144700000	0.0000216159
4.5151900000	0.0000215911
4.5159000000	0.0000215664
4.5166100000	0.0000215417
4.5173300000	0.0000215171
4.5180400000	0.0000214924
4.5187500000	0.0000214678
4.5194700000	0.0000214432
4.5201800000	0.0000214187
4.5208900000	0.0000213942
4.5216000000	0.0000213696
4.5223200000	0.0000213451
4.5230300000	0.0000213207
4.5237400000	0.0000212962
4.5244600000	0.0000212718
4.5251700000	0.0000212474
4.5258800000	0.0000212230
4.5266000000	0.0000211987
4.5273100000	0.0000211744
4.5280200000	0.0000211500
4.5287300000	0.0000211258
4.5294500000	0.0000211015
4.5301600000	0.0000210772
4.5308700000	0.0000210530
4.5315900000	0.0000210288
4.5323000000	0.0000210046
4.5330100000	0.0000209805
4.5337200000	0.0000209563
4.5344400000	0.0000209322
4.5351500000	0.0000209081
4.5358600000	0.0000208841
4.5365800000	0.0000208600
4.5372900000	0.0000208360
4.5380000000	0.0000208119
4.5387200000	0.0000207879
4.5394300000	0.0000207640
4.5401400000	0.0000207400
4.5408500000	0.0000207161
4.5415700000	0.0000206922
4.5422800000	0.0000206683
4.5429900000	0.0000206444
4.5437100000	0.0000206205
4.5444200000	0.0000205967
4.5451300000	0.0000205728
4.5458500000	0.0000205490
4.5465600000	0.0000205252
4.5472700000	0.0000205015
4.5479800000	0.0000204777
4.5487000000	0.0000204540
4.5494100000	0.0000204303
4.5501200000	0.0000204066
4.5508400000	0.0000203829
4.5515500000	0.0000203592
4.5522600000	0.0000203355
4.5529700000	0.0000203119
4.5536900000	0.0000202883
4.5544000000	0.0000202647
4.5551100000	0.0000202411
4.5558300000	0.0000202175
4.5565400000	0.0000201940
4.5572500000	0.0000201704
4.5579700000	0.0000201469
4.5586800000	0.0000201234
4.5593900000	0.0000200999
4.5601000000	0.0000200764
4.5608200000	0.0000200530
4.5615300000	0.0000200295
4.5622400000	0.0000200061
4.5629600000	0.0000199826
4.5636700000	0.0000199592
4.5643800000	0.0000199358
4.5651000000	0.0000199124
4.5658100000	0.0000198891
4.5665200000	0.0000198657
4.5672300000	0.0000198424
4.5679500000	0.0000198190
4.5686600000	0.0000197957
4.5693700000	0.0000197724
4.5700900000	0.0000197491
4.5708000000	0.0000197258
4.5715100000	0.0000197025
4.5722200000	0.0000196793
4.5729400000	0.0000196560
4.5736500000	0.0000196328
4.5743600000	0.0000196095
4.5750800000	0.0000195863
4.5757900000	0.0000195631
4.5765000000	0.0000195399
4.5772200000	0.0000195167
4.5779300000	0.0000194935
4.5786400000	0.0000194703
4.5793500000	0.0000194471
4.5800700000	0.0000194240
4.5807800000	0.0000194008
4.5814900000	0.0000193777
4.5822100000	0.0000193546
4.5829200000	0.0000193314
4.5836300000	0.0000193083
4.5843400000	0.0000192852
4.5850600000	0.0000192621
4.5857700000	0.0000192390
4.5864800000	0.0000192159
4.5872000000	0.0000191928
4.5879100000	0.0000191697
4.5886200000	0.0000191467
4.5893400000	0.0000191236
4.5900500000	0.0000191005
4.5907600000	0.0000190775
4.5914700000	0.0000190544
4.5921900000	0.0000190314
4.5929000000	0.0000190083
4.5936100000	0.0000189853
4.5943300000	0.0000189623
4.5950400000	0.0000189392
4.5957500000	0.0000189162
4.5964700000	0.0000188932
4.5971800000	0.0000188702
4.5978900000	0.0000188471
4.5986000000	0.0000188241
4.5993200000	0.0000188011
4.6000300000	0.0000187784
4.6007400000	0.0000187628
4.6014600000	0.0000187473
4.6021700000	0.0000187318
4.6028800000	0.0000187163
4.6035900000	0.0000187008
4.6043100000	0.0000186854
4.6050200000	0.0000186700
4.6057300000	0.0000186547
4.6064500000	0.0000186394
4.6071600000	0.0000186241
4.6078700000	0.0000186089
4.6085900000	0.0000185937
4.6093000000	0.0000185785
4.6100100000	0.0000185634
4.6107200000	0.0000185483
4.6114400000	0.0000185333
4.6121500000	0.0000185183
4.6128600000	0.0000185033
4.6135800000	0.0000184883
4.6142900000	0.0000184734
4.6150000000	0.0000184585
4.6157200000	0.0000184437
4.6164300000	0.0000184289
4.6171400000	0.0000184141
4.6178500000	0.0000183993
4.6185700000	0.0000183846
4.6192800000	0.0000183700
4.6199900000	0.0000183553
4.6207100000	0.0000183407
4.6214200000	0.0000183262
4.6221300000	0.0000183116
4.6228400000	0.0000182972
4.6235600000	0.0000182827
4.6242700000	0.0000182683
4.6249800000	0.0000182539
4.6257000000	0.0000182395
4.6264100000	0.0000182252
4.6271200000	0.0000182109
4.6278400000	0.0000181966
4.6285500000	0.0000181824
4.6292600000	0.0000181683
4.6299700000	0.0000181541
4.6306900000	0.0000181400
4.6314000000	0.0000181259
4.6321100000	0.0000181119
4.6328300000	0.0000180979
4.6335400000	0.0000180839
4.6342500000	0.0000180700
4.6349600000	0.0000180561
4.6356800000	0.0000180422
4.6363900000	0.0000180284
4.6371000000	0.0000180146
4.6378200000	0.0000180008
4.6385300000	0.0000179871
4.6392400000	0.0000179734
4.6399600000	0.0000179597
4.6406700000	0.0000179461
4.6413800000	0.0000179325
4.6420900000	0.0000179190
4.6428100000	0.0000179055
4.6435200000	0.0000178920
4.6442300000	0.0000178785
4.6449500000	0.0000178651
4.6456600000	0.0000178518
4.6463700000	0.0000178384
4.6470900000	0.0000178251
4.6478000000	0.0000178119
4.6485100000	0.0000177986
4.6492200000	0.0000177854
4.6499400000	0.0000177723
4.6506500000	0.0000177592
4.6513600000	0.0000177460
4.6520800000	0.0000177330
4.6527900000	0.0000177200
4.6535000000	0.0000177070
4.6542100000	0.0000176940
4.6549300000	0.0000176811
4.6556400000	0.0000176682
4.6563500000	0.0000176554
4.6570700000	0.0000176425
4.6577800000	0.0000176298
4.6584900000	0.0000176170
4.6592100000	0.0000176043
4.6599200000	0.0000175917
4.6606300000	0.0000175790
4.6613400000	0.0000175664
4.6620600000	0.0000175539
4.6627700000	0.0000175413
4.6634800000	0.0000175288
4.6642000000	0.0000175164
4.6649100000	0.0000175040
4.6656200000	0.0000174916
4.6663400000	0.0000174792
4.6670500000	0.0000174669
4.6677600000	0.0000174546
4.6684700000	0.0000174424
4.6691900000	0.0000174302
4.6699000000	0.0000174180
4.6706100000	0.0000174059
4.6713300000	0.0000173937
4.6720400000	0.0000173817
4.6727500000	0.0000173696
4.6734600000	0.0000173576
4.6741800000	0.0000173457
4.6748900000	0.0000173338
4.6756000000	0.0000173219
4.6763200000	0.0000173100
4.6770300000	0.0000172982
4.6777400000	0.0000172864
4.6784600000	0.0000172747
4.6791700000	0.0000172630
4.6798800000	0.0000172513
4.6805900000	0.0000172396
4.6813100000	0.0000172280
4.6820200000	0.0000172165
4.6827300000	0.0000172049
4.6834500000	0.0000171934
4.6841600000	0.0000171820
4.6848700000	0.0000171705
4.6855900000	0.0000171592
4.6863000000	0.0000171478
4.6870100000	0.0000171365
4.6877200000	0.0000171252
4.6884400000	0.0000171140
4.6891500000	0.0000171028
4.6898600000	0.0000170916
4.6905800000	0.0000170804
4.6912900000	0.0000170693
4.6920000000	0.0000170583
4.6927100000	0.0000170473
4.6934300000	0.0000170363
4.6941400000	0.0000170253
4.6948500000	0.0000170144
4.6955700000	0.0000170035
4.6962800000	0.0000169927
4.6969900000	0.0000169818
4.6977100000	0.0000169711
4.6984200000	0.0000169603
4.6991300000	0.0000169496
4.6998400000	0.0000169390
4.7005600000	0.0000169256
4.7012700000	0.0000169116
4.7019800000	0.0000168975
4.7027000000	0.0000168835
4.7034100000	0.0000168695
4.7041200000	0.0000168556
4.7048300000	0.0000168416
4.7055500000	0.0000168277
4.7062600000	0.0000168138
4.7069700000	0.0000168000
4.7076900000	0.0000167862
4.7084000000	0.0000167724
4.7091100000	0.0000167587
4.7098300000	0.0000167449
4.7105400000	0.0000167312
4.7112500000	0.0000167175
4.7119600000	0.0000167039
4.7126800000	0.0000166903
4.7133900000	0.0000166767
4.7141000000	0.0000166632
4.7148200000	0.0000166496
4.7155300000	0.0000166361
4.7162400000	0.0000166227
4.7169600000	0.0000166092
4.7176700000	0.0000165958
4.7183800000	0.0000165824
4.7190900000	0.0000165691
4.7198100000	0.0000165557
4.7205200000	0.0000165424
4.7212300000	0.0000165292
4.7219500000	0.0000165159
4.7226600000	0.0000165027
4.7233700000	0.0000164895
4.7240800000	0.0000164764
4.7248000000	0.0000164632
4.7255100000	0.0000164501
4.7262200000	0.0000164371
4.7269400000	0.0000164240
4.7276500000	0.0000164110
4.7283600000	0.0000163980
4.7290800000	0.0000163851
4.7297900000	0.0000163722
4.7305000000	0.0000163593
4.7312100000	0.0000163464
4.7319300000	0.0000163336
4.7326400000	0.0000163207
4.7333500000	0.0000163079
4.7340700000	0.0000162952
4.7347800000	0.0000162825
4.7354900000	0.0000162698
4.7362100000	0.0000162571
4.7369200000	0.0000162445
4.7376300000	0.0000162318
4.7383400000	0.0000162192
4.7390600000	0.0000162067
4.7397700000	0.0000161942
4.7404800000	0.0000161816
4.7412000000	0.0000161692
4.7419100000	0.0000161567
4.7426200000	0.0000161443
4.7433300000	0.0000161319
4.7440500000	0.0000161196
4.7447600000	0.0000161072
4.7454700000	0.0000160949
4.7461900000	0.0000160827
4.7469000000	0.0000160704
4.7476100000	0.0000160582
4.7483300000	0.0000160460
4.7490400000	0.0000160338
4.7497500000	0.0000160217
4.7504600000	0.0000160096
4.7511800000	0.0000159975
4.7518900000	0.0000159855
4.7526000000	0.0000159735
4.7533200000	0.0000159615
4.7540300000	0.0000159495
4.7547400000	0.0000159376
4.7554600000	0.0000159257
4.7561700000	0.0000159138
4.7568800000	0.0000159019
4.7575900000	0.0000158901
4.7583100000	0.0000158783
4.7590200000	0.0000158665
4.7597300000	0.0000158548
4.7604500000	0.0000158431
4.7611600000	0.0000158314
4.7618700000	0.0000158197
4.7625800000	0.0000158081
4.7633000000	0.0000157965
4.7640100000	0.0000157849
4.7647200000	0.0000157734
4.7654400000	0.0000157619
4.7661500000	0.0000157504
4.7668600000	0.0000157389
4.7675800000	0.0000157275
4.7682900000	0.0000157161
4.7690000000	0.0000157047
4.7697100000	0.0000156934
4.7704300000	0.0000156821
4.7711400000	0.0000156708
4.7718500000	0.0000156595
4.7725700000	0.0000156483
4.7732800000	0.0000156371
4.7739900000	0.0000156259
4.7747000000	0.0000156147
4.7754200000	0.0000156036
4.7761300000	0.0000155925
4.7768400000	0.0000155814
4.7775600000	0.0000155704
4.7782700000	0.0000155594
4.7789800000	0.0000155484
4.7797000000	0.0000155375
4.7804100000	0.0000155266
4.7811200000	0.0000155157
4.7818300000	0.0000155048
4.7825500000	0.0000154939
4.7832600000	0.0000154831
4.7839700000	0.0000154723
4.7846900000	0.0000154616
4.7854000000	0.0000154508
4.7861100000	0.0000154401
4.7868300000	0.0000154295
4.7875400000	0.0000154188
4.7882500000	0.0000154082
4.7889600000	0.0000153976
4.7896800000	0.0000153871
4.7903900000	0.0000153765
4.7911000000	0.0000153660
4.7918200000	0.0000153555
4.7925300000	0.0000153451
4.7932400000	0.0000153347
4.7939500000	0.0000153243
4.7946700000	0.0000153139
4.7953800000	0.0000153036
4.7960900000	0.0000152933
4.7968100000	0.0000152830
4.7975200000	0.0000152727
4.7982300000	0.0000152625
4.7989500000	0.0000152523
4.7996600000	0.0000152422
4.8003700000	0.0000152301
4.8010800000	0.0000152163
4.8018000000	0.0000152026
4.8025100000	0.0000151889
4.8032200000	0.0000151752
4.8039400000	0.0000151615
4.8046500000	0.0000151479
4.8053600000	0.0000151342
4.8060800000	0.0000151206
4.8067900000	0.0000151071
4.8075000000	0.0000150935
4.8082100000	0.0000150800
4.8089300000	0.0000150665
4.8096400000	0.0000150530
4.8103500000	0.0000150395
4.8110700000	0.0000150261
4.8117800000	0.0000150127
4.8124900000	0.0000149993
4.8132000000	0.0000149859
4.8139200000	0.0000149726
4.8146300000	0.0000149593
4.8153400000	0.0000149460
4.8160600000	0.0000149327
4.8167700000	0.0000149194
4.8174800000	0.0000149062
4.8182000000	0.0000148930
4.8189100000	0.0000148798
4.8196200000	0.0000148667
4.8203300000	0.0000148535
4.8210500000	0.0000148404
4.8217600000	0.0000148273
4.8224700000	0.0000148143
4.8231900000	0.0000148012
4.8239000000	0.0000147882
4.8246100000	0.0000147752
4.8253300000	0.0000147622
4.8260400000	0.0000147493
4.8267500000	0.0000147364
4.8274600000	0.0000147235
4.8281800000	0.0000147106
4.8288900000	0.0000146977
4.8296000000	0.0000146849
4.8303200000	0.0000146721
4.8310300000	0.0000146593
4.8317400000	0.0000146465
4.8324500000	0.0000146338
4.8331700000	0.0000146211
4.8338800000	0.0000146084
4.8345900000	0.0000145957
4.8353100000	0.0000145830
4.8360200000	0.0000145704
4.8367300000	0.0000145578
4.8374500000	0.0000145452
4.8381600000	0.0000145326
4.8388700000	0.0000145201
4.8395800000	0.0000145076
4.8403000000	0.0000144951
4.8410100000	0.0000144826
4.8417200000	0.0000144702
4.8424400000	0.0000144577
4.8431500000	0.0000144453
4.8438600000	0.0000144330
4.8445700000	0.0000144206
4.8452900000	0.0000144082
4.8460000000	0.0000143959
4.8467100000	0.0000143837
4.8474300000	0.0000143714
4.8481400000	0.0000143591
4.8488500000	0.0000143469
4.8495700000	0.0000143347
4.8502800000	0.0000143225
4.8509900000	0.0000143103
4.8517000000	0.0000142982
4.8524200000	0.0000142861
4.8531300000	0.0000142740
4.8538400000	0.0000142619
4.8545600000	0.0000142499
4.8552700000	0.0000142378
4.8559800000	0.0000142258
4.8567000000	0.0000142139
4.8574100000	0.0000142019
4.8581200000	0.0000141899
4.8588300000	0.0000141780
4.8595500000	0.0000141662
4.8602600000	0.0000141542
4.8609700000	0.0000141424
4.8616900000	0.0000141306
4.8624000000	0.0000141188
4.8631100000	0.0000141070
4.8638200000	0.0000140952
4.8645400000	0.0000140835
4.8652500000	0.0000140718
4.8659600000	0.0000140601
4.8666800000	0.0000140484
4.8673900000	0.0000140367
4.8681000000	0.0000140251
4.8688200000	0.0000140135
4.8695300000	0.0000140019
4.8702400000	0.0000139903
4.8709500000	0.0000139788
4.8716700000	0.0000139673
4.8723800000	0.0000139558
4.8730900000	0.0000139443
4.8738100000	0.0000139328
4.8745200000	0.0000139214
4.8752300000	0.0000139100
4.8759500000	0.0000138986
4.8766600000	0.0000138872
4.8773700000	0.0000138758
4.8780800000	0.0000138645
4.8788000000	0.0000138532
4.8795100000	0.0000138419
4.8802200000	0.0000138306
4.8809400000	0.0000138194
4.8816500000	0.0000138082
4.8823600000	0.0000137970
4.8830700000	0.0000137858
4.8837900000	0.0000137746
4.8845000000	0.0000137635
4.8852100000	0.0000137524
4.8859300000	0.0000137413
4.8866400000	0.0000137302
4.8873500000	0.0000137192
4.8880700000	0.0000137081
4.8887800000	0.0000136971
4.8894900000	0.0000136861
4.8902000000	0.0000136752
4.8909200000	0.0000136642
4.8916300000	0.0000136533
4.8923400000	0.0000136424
4.8930600000	0.0000136315
4.8937700000	0.0000136206
4.8944800000	0.0000136098
4.8952000000	0.0000135990
4.8959100000	0.0000135882
4.8966200000	0.0000135774
4.8973300000	0.0000135667
4.8980500000	0.0000135559
4.8987600000	0.0000135452
4.8994700000	0.0000135345
4.9001900000	0.0000135232
4.9009000000	0.0000135102
4.9016100000	0.0000134973
4.9023200000	0.0000134843
4.9030400000	0.0000134714
4.9037500000	0.0000134585
4.9044600000	0.0000134456
4.9051800000	0.0000134328
4.9058900000	0.0000134199
4.9066000000	0.0000134071
4.9073200000	0.0000133943
4.9080300000	0.0000133815
4.9087400000	0.0000133687
4.9094500000	0.0000133560
4.9101700000	0.0000133432
4.9108800000	0.0000133305
4.9115900000	0.0000133178
4.9123100000	0.0000133051
4.9130200000	0.0000132925
4.9137300000	0.0000132799
4.9144400000	0.0000132672
4.9151600000	0.0000132546
4.9158700000	0.0000132421
4.9165800000	0.0000132295
4.9173000000	0.0000132170
4.9180100000	0.0000132044
4.9187200000	0.0000131919
4.9194400000	0.0000131794
4.9201500000	0.0000131670
4.9208600000	0.0000131545
4.9215700000	0.0000131421
4.9222900000	0.0000131297
4.9230000000	0.0000131173
4.9237100000	0.0000131049
4.9244300000	0.0000130926
4.9251400000	0.0000130802
4.9258500000	0.0000130679
4.9265700000	0.0000130556
4.9272800000	0.0000130433
4.9279900000	0.0000130311
4.9287000000	0.0000130188
4.9294200000	0.0000130066
4.9301300000	0.0000129944
4.9308400000	0.0000129822
4.9315600000	0.0000129700
4.9322700000	0.0000129579
4.9329800000	0.0000129457
4.9336900000	0.0000129336
4.9344100000	0.0000129215
4.9351200000	0.0000129094
4.9358300000	0.0000128974
4.9365500000	0.0000128853
4.9372600000	0.0000128733
4.9379700000	0.0000128613
4.9386900000	0.0000128493
4.9394000000	0.0000128373
4.9401100000	0.0000128254
4.9408200000	0.0000128135
4.9415400000	0.0000128015
4.9422500000	0.0000127896
4.9429600000	0.0000127778
4.9436800000	0.0000127659
4.9443900000	0.0000127540
4.9451000000	0.0000127422
4.9458200000	0.0000127304
4.9465300000	0.0000127186
4.9472400000	0.0000127068
4.9479500000	0.0000126951
4.9486700000	0.0000126833
4.9493800000	0.0000126716
4.9500900000	0.0000126599
4.9508100000	0.0000126482
4.9515200000	0.0000126366
4.9522300000	0.0000126249
4.9529400000	0.0000126133
4.9536600000	0.0000126017
4.9543700000	0.0000125901
4.9550800000	0.0000125785
4.9558000000	0.0000125670
4.9565100000	0.0000125554
4.9572200000	0.0000125439
4.9579400000	0.0000125324
4.9586500000	0.0000125209
4.9593600000	0.0000125094
4.9600700000	0.0000124979
4.9607900000	0.0000124865
4.9615000000	0.0000124751
4.9622100000	0.0000124637
4.9629300000	0.0000124523
4.9636400000	0.0000124409
4.9643500000	0.0000124296
4.9650700000	0.0000124182
4.9657800000	0.0000124069
4.9664900000	0.0000123956
4.9672000000	0.0000123843
4.9679200000	0.0000123730
4.9686300000	0.0000123618
4.9693400000	0.0000123506
4.9700600000	0.0000123394
4.9707700000	0.0000123282
4.9714800000	0.0000123170
4.9721900000	0.0000123058
4.9729100000	0.0000122947
4.9736200000	0.0000122835
4.9743300000	0.0000122724
4.9750500000	0.0000122613
4.9757600000	0.0000122502
4.9764700000	0.0000122392
4.9771900000	0.0000122281
4.9779000000	0.0000122171
4.9786100000	0.0000122061
4.9793200000	0.0000121951
4.9800400000	0.0000121841
4.9807500000	0.0000121732
4.9814600000	0.0000121622
4.9821800000	0.0000121513
4.9828900000	0.0000121404
4.9836000000	0.0000121295
4.9843100000	0.0000121186
4.9850300000	0.0000121077
4.9857400000	0.0000120969
4.9864500000	0.0000120861
4.9871700000	0.0000120753
4.9878800000	0.0000120645
4.9885900000	0.0000120537
4.9893100000	0.0000120429
4.9900200000	0.0000120322
4.9907300000	0.0000120215
4.9914400000	0.0000120107
4.9921600000	0.0000120000
4.9928700000	0.0000119894
4.9935800000	0.0000119787
4.9943000000	0.0000119681
4.9950100000	0.0000119574
4.9957200000	0.0000119468
4.9964400000	0.0000119362
4.9971500000	0.0000119256
4.9978600000	0.0000119151
4.9985700000	0.0000119045
4.9992900000	0.0000118940
5.0000000000	0.0000118835
