# energy (eV)    P(omega), $W_{\text{p}}/W$ = 0.50, $h/W$ = 0.40, $d/W$ = 0.20, x/W = 0.0, $E_{\rm e}$ = 200 keV
0.0100000000	0.0069406065
0.0107130000	0.0071228321
0.0114259000	0.0073098734
0.0121389000	0.0075013701
0.0128518000	0.0076969910
0.0135648000	0.0078964347
0.0142778000	0.0080994300
0.0149907000	0.0083057038
0.0157037000	0.0085150287
0.0164166000	0.0087271786
0.0171296000	0.0089419433
0.0178425000	0.0091591314
0.0185555000	0.0093785610
0.0192685000	0.0096000488
0.0199814000	0.0098234434
0.0206944000	0.0100485826
0.0214073000	0.0102753332
0.0221203000	0.0105035415
0.0228333000	0.0107330879
0.0235462000	0.0109638461
0.0242592000	0.0111956955
0.0249721000	0.0114285242
0.0256851000	0.0116622188
0.0263981000	0.0118966859
0.0271110000	0.0121318278
0.0278240000	0.0123675511
0.0285369000	0.0126037525
0.0292499000	0.0128403630
0.0299629000	0.0130772949
0.0306758000	0.0133144640
0.0313888000	0.0135518023
0.0321017000	0.0137892355
0.0328147000	0.0140266992
0.0335276000	0.0142641194
0.0342406000	0.0145014341
0.0349536000	0.0147385884
0.0356665000	0.0149755125
0.0363795000	0.0152121616
0.0370924000	0.0154484727
0.0378054000	0.0156843990
0.0385184000	0.0159198820
0.0392313000	0.0161548853
0.0399443000	0.0163893567
0.0406572000	0.0166232473
0.0413702000	0.0168565214
0.0420832000	0.0170891443
0.0427961000	0.0173210607
0.0435091000	0.0175522365
0.0442220000	0.0177826434
0.0449350000	0.0180122384
0.0456479000	0.0182409943
0.0463609000	0.0184688736
0.0470739000	0.0186958430
0.0477868000	0.0189218781
0.0484998000	0.0191469465
0.0492127000	0.0193710214
0.0499257000	0.0195940787
0.0506387000	0.0198160960
0.0513516000	0.0200370361
0.0520646000	0.0202568869
0.0527775000	0.0204756219
0.0534905000	0.0206932191
0.0542035000	0.0209096633
0.0549164000	0.0211249325
0.0556294000	0.0213390035
0.0563423000	0.0215518558
0.0570553000	0.0217634853
0.0577683000	0.0219738578
0.0584812000	0.0221829759
0.0591942000	0.0223908156
0.0599071000	0.0225973583
0.0606201000	0.0228025997
0.0613330000	0.0230065223
0.0620460000	0.0232091134
0.0627590000	0.0234103591
0.0634719000	0.0236102562
0.0641849000	0.0238087873
0.0648978000	0.0240059487
0.0656108000	0.0242017198
0.0663238000	0.0243961040
0.0670367000	0.0245890857
0.0677497000	0.0247806683
0.0684626000	0.0249708301
0.0691756000	0.0251595767
0.0698886000	0.0253468905
0.0706015000	0.0255327743
0.0713145000	0.0257172180
0.0720274000	0.0259002158
0.0727404000	0.0260817697
0.0734534000	0.0262618700
0.0741663000	0.0264405205
0.0748793000	0.0266177094
0.0755922000	0.0267934373
0.0763052000	0.0269677000
0.0770181000	0.0271405003
0.0777311000	0.0273118278
0.0784441000	0.0274816928
0.0791570000	0.0276500834
0.0798700000	0.0278170081
0.0805829000	0.0279824580
0.0812959000	0.0281464338
0.0820089000	0.0283089377
0.0827218000	0.0284699778
0.0834348000	0.0286295327
0.0841477000	0.0287876317
0.0848607000	0.0289442602
0.0855737000	0.0290994191
0.0862866000	0.0292531097
0.0869996000	0.0294053425
0.0877125000	0.0295561141
0.0884255000	0.0297054217
0.0891384000	0.0298532769
0.0898514000	0.0299996776
0.0905644000	0.0301446264
0.0912773000	0.0302881306
0.0919903000	0.0304301863
0.0927032000	0.0305708099
0.0934162000	0.0307099862
0.0941292000	0.0308477429
0.0948421000	0.0309840571
0.0955551000	0.0311189568
0.0962680000	0.0312524303
0.0969810000	0.0313844903
0.0976940000	0.0315151413
0.0984069000	0.0316443844
0.0991199000	0.0317722280
0.0998328000	0.0318986765
0.1005460000	0.0320237391
0.1012590000	0.0321474100
0.1019720000	0.0322697000
0.1026850000	0.0323906222
0.1033980000	0.0325101699
0.1041110000	0.0326283579
0.1048240000	0.0327451906
0.1055370000	0.0328606778
0.1062490000	0.0329748113
0.1069620000	0.0330876136
0.1076750000	0.0331990820
0.1083880000	0.0333092257
0.1091010000	0.0334180548
0.1098140000	0.0335255675
0.1105270000	0.0336317734
0.1112400000	0.0337366802
0.1119530000	0.0338403023
0.1126660000	0.0339426361
0.1133790000	0.0340436927
0.1140920000	0.0341434757
0.1148050000	0.0342419998
0.1155180000	0.0343392644
0.1162310000	0.0344352774
0.1169440000	0.0345300499
0.1176570000	0.0346235907
0.1183700000	0.0347158994
0.1190830000	0.0348069927
0.1197960000	0.0348968734
0.1205090000	0.0349855450
0.1212220000	0.0350730177
0.1219350000	0.0351593068
0.1226480000	0.0352444082
0.1233600000	0.0353283359
0.1240730000	0.0354110910
0.1247860000	0.0354926966
0.1254990000	0.0355731385
0.1262120000	0.0356524411
0.1269250000	0.0357306079
0.1276380000	0.0358076408
0.1283510000	0.0358835553
0.1290640000	0.0359583600
0.1297770000	0.0360320538
0.1304900000	0.0361046534
0.1312030000	0.0361761610
0.1319160000	0.0362465873
0.1326290000	0.0363159334
0.1333420000	0.0363842211
0.1340550000	0.0364514400
0.1347680000	0.0365176082
0.1354810000	0.0365827354
0.1361940000	0.0366468300
0.1369070000	0.0367098921
0.1376200000	0.0367719370
0.1383330000	0.0368329726
0.1390460000	0.0368929996
0.1397590000	0.0369520298
0.1404710000	0.0370100614
0.1411840000	0.0370671277
0.1418970000	0.0371232084
0.1426100000	0.0371783278
0.1433230000	0.0372324829
0.1440360000	0.0372856918
0.1447490000	0.0373379643
0.1454620000	0.0373892855
0.1461750000	0.0374396904
0.1468880000	0.0374891717
0.1476010000	0.0375377371
0.1483140000	0.0375854023
0.1490270000	0.0376321637
0.1497400000	0.0376780416
0.1504530000	0.0377230298
0.1511660000	0.0377671465
0.1518790000	0.0378103988
0.1525920000	0.0378527842
0.1533050000	0.0378943114
0.1540180000	0.0379350012
0.1547310000	0.0379748461
0.1554440000	0.0380138576
0.1561570000	0.0380520480
0.1568700000	0.0380894235
0.1575830000	0.0381259879
0.1582950000	0.0381617442
0.1590080000	0.0381967055
0.1597210000	0.0382308796
0.1604340000	0.0382642677
0.1611470000	0.0382968827
0.1618600000	0.0383287275
0.1625730000	0.0383598156
0.1632860000	0.0383901410
0.1639990000	0.0384197212
0.1647120000	0.0384485572
0.1654250000	0.0384766597
0.1661380000	0.0385040328
0.1668510000	0.0385306852
0.1675640000	0.0385566234
0.1682770000	0.0385818455
0.1689900000	0.0386063639
0.1697030000	0.0386301931
0.1704160000	0.0386533261
0.1711290000	0.0386757783
0.1718420000	0.0386975457
0.1725550000	0.0387186457
0.1732680000	0.0387390778
0.1739810000	0.0387588471
0.1746940000	0.0387779619
0.1754060000	0.0387964303
0.1761190000	0.0388142574
0.1768320000	0.0388314437
0.1775450000	0.0388479935
0.1782580000	0.0388639240
0.1789710000	0.0388792318
0.1796840000	0.0388939207
0.1803970000	0.0389080036
0.1811100000	0.0389214787
0.1818230000	0.0389343500
0.1825360000	0.0389466324
0.1832490000	0.0389583245
0.1839620000	0.0389694235
0.1846750000	0.0389799539
0.1853880000	0.0389898949
0.1861010000	0.0389992736
0.1868140000	0.0390080845
0.1875270000	0.0390163348
0.1882400000	0.0390240143
0.1889530000	0.0390311549
0.1896660000	0.0390377399
0.1903790000	0.0390437823
0.1910920000	0.0390492850
0.1918050000	0.0390542459
0.1925180000	0.0390586766
0.1932300000	0.0390625771
0.1939430000	0.0390659519
0.1946560000	0.0390688008
0.1953690000	0.0390711288
0.1960820000	0.0390729413
0.1967950000	0.0390742445
0.1975080000	0.0390750394
0.1982210000	0.0390753155
0.1989340000	0.0390750957
0.1996470000	0.0390743752
0.2003600000	0.0390731459
0.2010730000	0.0390714359
0.2017860000	0.0390692176
0.2024990000	0.0390665151
0.2032120000	0.0390633149
0.2039250000	0.0390596255
0.2046380000	0.0390554534
0.2053510000	0.0390507914
0.2060640000	0.0390456487
0.2067770000	0.0390400248
0.2074900000	0.0390339183
0.2082030000	0.0390273212
0.2089160000	0.0390202516
0.2096290000	0.0390127058
0.2103410000	0.0390046741
0.2110540000	0.0389961627
0.2117670000	0.0389871761
0.2124800000	0.0389777081
0.2131930000	0.0389677579
0.2139060000	0.0389573363
0.2146190000	0.0389464289
0.2153320000	0.0389350377
0.2160450000	0.0389231604
0.2167580000	0.0389108058
0.2174710000	0.0388979548
0.2181840000	0.0388846287
0.2188970000	0.0388708077
0.2196100000	0.0388564906
0.2203230000	0.0388416840
0.2210360000	0.0388263755
0.2217490000	0.0388105683
0.2224620000	0.0387942497
0.2231750000	0.0387774310
0.2238880000	0.0387601011
0.2246010000	0.0387422523
0.2253140000	0.0387238813
0.2260270000	0.0387049887
0.2267400000	0.0386855698
0.2274520000	0.0386656088
0.2281650000	0.0386451056
0.2288780000	0.0386240525
0.2295910000	0.0386024491
0.2303040000	0.0385802863
0.2310170000	0.0385575579
0.2317300000	0.0385342461
0.2324430000	0.0385103604
0.2331560000	0.0384858722
0.2338690000	0.0384607931
0.2345820000	0.0384350929
0.2352950000	0.0384087831
0.2360080000	0.0383818438
0.2367210000	0.0383542573
0.2374340000	0.0383260162
0.2381470000	0.0382971227
0.2388600000	0.0382675524
0.2395730000	0.0382372932
0.2402860000	0.0382063309
0.2409990000	0.0381746533
0.2417120000	0.0381422529
0.2424250000	0.0381091060
0.2431380000	0.0380752036
0.2438510000	0.0380405276
0.2445640000	0.0380050556
0.2452760000	0.0379687781
0.2459890000	0.0379316734
0.2467020000	0.0378937256
0.2474150000	0.0378549154
0.2481280000	0.0383567283
0.2488410000	0.0390673173
0.2495540000	0.0398734913
0.2502670000	0.0408062737
0.2509800000	0.0419749101
0.2516930000	0.0433779160
0.2524060000	0.0450667690
0.2531190000	0.0475052516
0.2538320000	0.0522931422
0.2545450000	0.0537434939
0.2552580000	0.0549224407
0.2559710000	0.0559911078
0.2566840000	0.0569694822
0.2573970000	0.0578483859
0.2581100000	0.0586982798
0.2588230000	0.0594865419
0.2595360000	0.0602404199
0.2602490000	0.0609592038
0.2609620000	0.0616263923
0.2616750000	0.0622713193
0.2623870000	0.0628821877
0.2631000000	0.0634897914
0.2638130000	0.0640498282
0.2645260000	0.0645892498
0.2652390000	0.0651011264
0.2659520000	0.0655981257
0.2666650000	0.0660819032
0.2673780000	0.0665127347
0.2680910000	0.0669650347
0.2688040000	0.0673755720
0.2695170000	0.0677870288
0.2702300000	0.0681701404
0.2709430000	0.0685551267
0.2716560000	0.0689166389
0.2723690000	0.0692653348
0.2730820000	0.0696222526
0.2737950000	0.0699344847
0.2745080000	0.0702525711
0.2752210000	0.0705788684
0.2759340000	0.0708510032
0.2766470000	0.0711770028
0.2773600000	0.0714694976
0.2780730000	0.0717366520
0.2787860000	0.0720166227
0.2794980000	0.0722833410
0.2802110000	0.0725449314
0.2809240000	0.0728258889
0.2816370000	0.0730600893
0.2823500000	0.0733423185
0.2830630000	0.0736194864
0.2837760000	0.0738494362
0.2844890000	0.0741208471
0.2852020000	0.0743386810
0.2859150000	0.0746100420
0.2866280000	0.0748706523
0.2873410000	0.0751011149
0.2880540000	0.0753484165
0.2887670000	0.0755874744
0.2894800000	0.0758598949
0.2901930000	0.0760931404
0.2909060000	0.0763432199
0.2916190000	0.0765928085
0.2923320000	0.0768229618
0.2930450000	0.0771222573
0.2937580000	0.0773624324
0.2944710000	0.0776256230
0.2951840000	0.0778617646
0.2958970000	0.0781146100
0.2966100000	0.0784284542
0.2973220000	0.0786630254
0.2980350000	0.0789681118
0.2987480000	0.0791745748
0.2994610000	0.0795001498
0.3001740000	0.0797939558
0.3008870000	0.0800542386
0.3016000000	0.0803695507
0.3023130000	0.0806230707
0.3030260000	0.0809482855
0.3037390000	0.0812114442
0.3044520000	0.0815614832
0.3051650000	0.0817903385
0.3058780000	0.0821604596
0.3065910000	0.0824807456
0.3073040000	0.0828111785
0.3080170000	0.0831645960
0.3087300000	0.0834697529
0.3094430000	0.0838541848
0.3101560000	0.0841523545
0.3108690000	0.0845541900
0.3115820000	0.0848859987
0.3122950000	0.0852932899
0.3130080000	0.0856089495
0.3137210000	0.0860840274
0.3144330000	0.0865014700
0.3151460000	0.0868608920
0.3158590000	0.0873213321
0.3165720000	0.0876985995
0.3172850000	0.0881661008
0.3179980000	0.0885754232
0.3187110000	0.0890592900
0.3194240000	0.0894836629
0.3201370000	0.0900035690
0.3208500000	0.0904276104
0.3215630000	0.0909856316
0.3222760000	0.0914501029
0.3229890000	0.0920113922
0.3237020000	0.0924912106
0.3244150000	0.0930984752
0.3251280000	0.0935906090
0.3258410000	0.0942140536
0.3265540000	0.0947141407
0.3272670000	0.0954219568
0.3279800000	0.0958987316
0.3286930000	0.0966679033
0.3294060000	0.0971801598
0.3301190000	0.0979755736
0.3308320000	0.0985281163
0.3315450000	0.0993508731
0.3322570000	0.0999361066
0.3329700000	0.1007941937
0.3336830000	0.1014197279
0.3343960000	0.1023261491
0.3351090000	0.1030089469
0.3358220000	0.1039635794
0.3365350000	0.1046426933
0.3372480000	0.1056191281
0.3379610000	0.1064342999
0.3386740000	0.1071496490
0.3393870000	0.1082957422
0.3401000000	0.1090430748
0.3408130000	0.1102663989
0.3415260000	0.1110904330
0.3422390000	0.1123012149
0.3429520000	0.1132568375
0.3436650000	0.1144259645
0.3443780000	0.1155260626
0.3450910000	0.1168066610
0.3458040000	0.1178573546
0.3465170000	0.1192888678
0.3472300000	0.1204368349
0.3479430000	0.1216103370
0.3486560000	0.1231210524
0.3493680000	0.1243303459
0.3500810000	0.1259883804
0.3507940000	0.1273182247
0.3515070000	0.1289719206
0.3522200000	0.1304717078
0.3529330000	0.1323198587
0.3536460000	0.1337204668
0.3543590000	0.1353547179
0.3550720000	0.1373244579
0.3557850000	0.1390965919
0.3564980000	0.1412645043
0.3572110000	0.1429125030
0.3579240000	0.1453986213
0.3586370000	0.1472060916
0.3593500000	0.1491628700
0.3600630000	0.1518372360
0.3607760000	0.1538717478
0.3614890000	0.1566631010
0.3622020000	0.1589330996
0.3629150000	0.1620151816
0.3636280000	0.1643105641
0.3643410000	0.1669573341
0.3650540000	0.1703205357
0.3657670000	0.1729098245
0.3664790000	0.1766262146
0.3671920000	0.1795735011
0.3679050000	0.1834239171
0.3686180000	0.1868800420
0.3693310000	0.1900069113
0.3700440000	0.1944988429
0.3707570000	0.1981850496
0.3714700000	0.2028341660
0.3721830000	0.2069072669
0.3728960000	0.2110627177
0.3736090000	0.2165585383
0.3743220000	0.2209274816
0.3750350000	0.2269963743
0.3757480000	0.2321233499
0.3764610000	0.2371911454
0.3771740000	0.2441299991
0.3778870000	0.2498707784
0.3786000000	0.2572516691
0.3793130000	0.2639881949
0.3800260000	0.2705936609
0.3807390000	0.2790156992
0.3814520000	0.2869199055
0.3821650000	0.2963376761
0.3828780000	0.3044776636
0.3835910000	0.3137822518
0.3843030000	0.3247919021
0.3850160000	0.3345605401
0.3857290000	0.3473117148
0.3864420000	0.3585541330
0.3871550000	0.3703000289
0.3878680000	0.3851624037
0.3885810000	0.3989346069
0.3892940000	0.4131677857
0.3900070000	0.4313283335
0.3907200000	0.4477339985
0.3914330000	0.4688659132
0.3921460000	0.4870855471
0.3928590000	0.5070397332
0.3935720000	0.5334098983
0.3942850000	0.5567299744
0.3949980000	0.5817532422
0.3957110000	0.6148165201
0.3964240000	0.6436687557
0.3971370000	0.6816767032
0.3978500000	0.7179305218
0.3985630000	0.7552163433
0.3992760000	0.8040810616
0.3999890000	0.8494618676
0.4007020000	0.9005870505
0.4014140000	0.9654702311
0.4021270000	1.0256933158
0.4028400000	1.0942210187
0.4035530000	1.1823417260
0.4042660000	1.2654918372
0.4049790000	1.3728738955
0.4056920000	1.4822696813
0.4064050000	1.5988665665
0.4071180000	1.7498127768
0.4078310000	1.9022607096
0.4085440000	2.0731649427
0.4092570000	2.2912406085
0.4099700000	2.5102283639
0.4106830000	2.7495717398
0.4113960000	3.0597577157
0.4121090000	3.3476029049
0.4128220000	3.7128311831
0.4135350000	3.9734520394
0.4142480000	4.1287108252
0.4149610000	4.1790946370
0.4156740000	3.5162244420
0.4163870000	1.6594976351
0.4228030000	4.3187991459
0.4235160000	7.2426359646
0.4242290000	8.0216068091
0.4249420000	7.6322561784
0.4256550000	6.8132695930
0.4263680000	6.0166915859
0.4270810000	5.2921627359
0.4277940000	4.5977949502
0.4285070000	4.0255293605
0.4292200000	3.5351082193
0.4299330000	3.1284778066
0.4306460000	2.7733386779
0.4313590000	2.4708374183
0.4320720000	2.2110103751
0.4327850000	1.9888764312
0.4334980000	1.8038938586
0.4342110000	1.6373467381
0.4349240000	1.4906060560
0.4356370000	1.3623089155
0.4363490000	1.2561901620
0.4370620000	1.1557635048
0.4377750000	1.0658902861
0.4384880000	0.9879492176
0.4392010000	0.9208487508
0.4399140000	0.8562432341
0.4406270000	0.7997114574
0.4413400000	0.7473364305
0.4420530000	0.7026328758
0.4427660000	0.6607356951
0.4434790000	0.6212263803
0.4441920000	0.5847638601
0.4449050000	0.5555965766
0.4456180000	0.5246955917
0.4463310000	0.4965356818
0.4470440000	0.4718199397
0.4477570000	0.4476268501
0.4484700000	0.4271733701
0.4491830000	0.4078708507
0.4498960000	0.3883332210
0.4506090000	0.3702851239
0.4513220000	0.3563231313
0.4520350000	0.3404474493
0.4527480000	0.3255700460
0.4534600000	0.3130905632
0.4541730000	0.3000342030
0.4548860000	0.2889860671
0.4555990000	0.2787157365
0.4563120000	0.2678147367
0.4570250000	0.2576048942
0.4577380000	0.2489965016
0.4584510000	0.2408715279
0.4591640000	0.2322418167
0.4598770000	0.2240047387
0.4605900000	0.2172962531
0.4613030000	0.2107748519
0.4620160000	0.2036975626
0.4627290000	0.1979420738
0.4634420000	0.1916301375
0.4641550000	0.1855901475
0.4648680000	0.1813161650
0.4655810000	0.1759287536
0.4662940000	0.1706449086
0.4670070000	0.1664037140
0.4677200000	0.1622938313
0.4684330000	0.1577143144
0.4691460000	0.1533294038
0.4698590000	0.1497857871
0.4705720000	0.1458345445
0.4712840000	0.1425078411
0.4719970000	0.1393906982
0.4727100000	0.1358964512
0.4734230000	0.1324931035
0.4741360000	0.1297856543
0.4748490000	0.1271214129
0.4755620000	0.1241205723
0.4762750000	0.1217641366
0.4769880000	0.1189204591
0.4777010000	0.1162191098
0.4784140000	0.1140754543
0.4791270000	0.1120409998
0.4798400000	0.1096115074
0.4805530000	0.1072794368
0.4812660000	0.1055114832
0.4819790000	0.1037186913
0.4826920000	0.1015660018
0.4834050000	0.1000128407
0.4841180000	0.0980301347
0.4848310000	0.0961196052
0.4855440000	0.0946337170
0.4862570000	0.0932570083
0.4869700000	0.0915392382
0.4876830000	0.0898205536
0.4883950000	0.0886168186
0.4891080000	0.0870537691
0.4898210000	0.0858149502
0.4905340000	0.0846992154
0.4912470000	0.0832628796
0.4919600000	0.0818684446
0.4926730000	0.0805093530
0.4933860000	0.0798206875
0.4940990000	0.0785558543
0.4948120000	0.0773003831
0.4955250000	0.0764031866
0.4962380000	0.0752549894
0.4969510000	0.0743605853
0.4976640000	0.0735321930
0.4983770000	0.0724327261
0.4990900000	0.0713844208
0.4998030000	0.0703658141
0.5005160000	0.0696448995
0.5012290000	0.0688933529
0.5019420000	0.0679523232
0.5026550000	0.0672893314
0.5033680000	0.0663768413
0.5040810000	0.0655116038
0.5047940000	0.0651232415
0.5055070000	0.0642742646
0.5062190000	0.0634609721
0.5069320000	0.0629159832
0.5076450000	0.0621424372
0.5083580000	0.0613896784
0.5090710000	0.0608389967
0.5097840000	0.0603527677
0.5104970000	0.0596504487
0.5112100000	0.0589537385
0.5119230000	0.0585128540
0.5126360000	0.0580382048
0.5133490000	0.0573883670
0.5140620000	0.0569688941
0.5147750000	0.0563666352
0.5154880000	0.0557663777
0.5162010000	0.0551816926
0.5169140000	0.0549766430
0.5176270000	0.0544190358
0.5183400000	0.0538758342
0.5190530000	0.0535207549
0.5197660000	0.0530032211
0.5204790000	0.0524971300
0.5211920000	0.0523216377
0.5219050000	0.0518227840
0.5226180000	0.0513691563
0.5233300000	0.0508929423
0.5240430000	0.0505976159
0.5247560000	0.0501539850
0.5254690000	0.0498582339
0.5261820000	0.0495855737
0.5268950000	0.0491652420
0.5276080000	0.0487579879
0.5283210000	0.0484983302
0.5290340000	0.0481084473
0.5297470000	0.0478454326
0.5304600000	0.0474694635
0.5311730000	0.0472512672
0.5318860000	0.0468815505
0.5325990000	0.0465196191
0.5333120000	0.0463145467
0.5340250000	0.0460923807
0.5347380000	0.0457472436
0.5354510000	0.0455612647
0.5361640000	0.0452348134
0.5368770000	0.0449188441
0.5375900000	0.0446029546
0.5383030000	0.0444356422
0.5390160000	0.0442424086
0.5397290000	0.0439446629
0.5404410000	0.0437838669
0.5411540000	0.0435011348
0.5418670000	0.0432254832
0.5425800000	0.0430704050
0.5432930000	0.0429018177
0.5440060000	0.0426472906
0.5447190000	0.0425018308
0.5454320000	0.0422446996
0.5461450000	0.0420023934
0.5468580000	0.0417607557
0.5475710000	0.0417231374
0.5482840000	0.0414885989
0.5489970000	0.0412618195
0.5497100000	0.0411397618
0.5504230000	0.0409149326
0.5511360000	0.0407087154
0.5518490000	0.0405932748
0.5525620000	0.0404672198
0.5532750000	0.0402622333
0.5539880000	0.0401616857
0.5547010000	0.0399620184
0.5554140000	0.0397651364
0.5561270000	0.0396714498
0.5568400000	0.0394892781
0.5575530000	0.0393767086
0.5582650000	0.0391962627
0.5589780000	0.0391147750
0.5596910000	0.0389392029
0.5604040000	0.0387645810
0.5611170000	0.0386919342
0.5618300000	0.0385976497
0.5625430000	0.0384348511
0.5632560000	0.0383594735
0.5639690000	0.0382062470
0.5646820000	0.0380553587
0.5653950000	0.0379821079
0.5661080000	0.0378392328
0.5668210000	0.0377628585
0.5675340000	0.0376955811
0.5682470000	0.0375597725
0.5689600000	0.0374239011
0.5696730000	0.0373654848
0.5703860000	0.0372299668
0.5710990000	0.0371060849
0.5718120000	0.0371148087
0.5725250000	0.0369865652
0.5732380000	0.0368681504
0.5739510000	0.0368198293
0.5746640000	0.0366988386
0.5753760000	0.0365834145
0.5760890000	0.0365435783
0.5768020000	0.0364326934
0.5775150000	0.0363764629
0.5782280000	0.0363402081
0.5789410000	0.0362366444
0.5796540000	0.0361303502
0.5803670000	0.0360981280
0.5810800000	0.0359992019
0.5817930000	0.0359647380
0.5825060000	0.0359247866
0.5832190000	0.0358316101
0.5839320000	0.0358006727
0.5846450000	0.0357114340
0.5853580000	0.0356256821
0.5860710000	0.0355984465
0.5867840000	0.0355154709
0.5874970000	0.0354829655
0.5882100000	0.0354595630
0.5889230000	0.0353811571
0.5896360000	0.0353610799
0.5903490000	0.0352865204
0.5910620000	0.0352112227
0.5917750000	0.0351962665
0.5924870000	0.0351256587
0.5932000000	0.0351534678
0.5939130000	0.0350863926
0.5946260000	0.0350216690
0.5953390000	0.0350107135
0.5960520000	0.0349482523
0.5967650000	0.0349360742
0.5974780000	0.0348785885
0.5981910000	0.0348206443
0.5989040000	0.0348531673
0.5996170000	0.0347989830
0.6003300000	0.0347927362
0.6010430000	0.0347408018
0.6017560000	0.0347369530
0.6024690000	0.0346864730
0.6031820000	0.0346399037
0.6038950000	0.0346397235
0.6046080000	0.0346297895
0.6053210000	0.0346313262
0.6060340000	0.0345887103
0.6067470000	0.0345907170
0.6074600000	0.0345505554
0.6081730000	0.0345540668
0.6088860000	0.0345169827
0.6095990000	0.0345232529
0.6103110000	0.0345214783
0.6110240000	0.0345286538
0.6117370000	0.0344962710
0.6124500000	0.0345051287
0.6131630000	0.0344746961
0.6138760000	0.0344841939
0.6145890000	0.0344973082
0.6153020000	0.0344697615
0.6160150000	0.0345137052
0.6167280000	0.0344881369
0.6174410000	0.0345031921
0.6181540000	0.0345183737
0.6188670000	0.0344966584
0.6195800000	0.0345131413
0.6202930000	0.0345309761
0.6210060000	0.0345484610
0.6217190000	0.0345954974
0.6224320000	0.0345790748
0.6231450000	0.0345990103
0.6238580000	0.0346200883
0.6245710000	0.0346754635
0.6252840000	0.0346976308
0.6259970000	0.0347209694
0.6267100000	0.0347784223
0.6274220000	0.0348698943
0.6281350000	0.0349696548
0.6288480000	0.0349617378
0.6295610000	0.0349542549
0.6302740000	0.0349478750
0.6309870000	0.0349418745
0.6317000000	0.0349362001
0.6324130000	0.0349330330
0.6331260000	0.0349294431
0.6338390000	0.0349500622
0.6345520000	0.0349481940
0.6352650000	0.0349473121
0.6359780000	0.0349482487
0.6366910000	0.0349488309
0.6374040000	0.0349515763
0.6381170000	0.0349541751
0.6388300000	0.0349589774
0.6395430000	0.0349639250
0.6402560000	0.0349903908
0.6409690000	0.0349974235
0.6416820000	0.0350051144
0.6423950000	0.0350145498
0.6431080000	0.0350244299
0.6438210000	0.0350356304
0.6445340000	0.0350474473
0.6452460000	0.0350611995
0.6459590000	0.0350753220
0.6466720000	0.0351083088
0.6473850000	0.0351246311
0.6480980000	0.0351417617
0.6488110000	0.0351603730
0.6495240000	0.0351796557
0.6502370000	0.0352001289
0.6509500000	0.0352218723
0.6516630000	0.0352451237
0.6523760000	0.0352685703
0.6530890000	0.0353092977
0.6538020000	0.0353350221
0.6545150000	0.0353617818
0.6552280000	0.0353904385
0.6559410000	0.0354198903
0.6566540000	0.0354504469
0.6573670000	0.0354818556
0.6580800000	0.0355151025
0.6587930000	0.0355491104
0.6595060000	0.0355841790
0.6602190000	0.0356332750
0.6609320000	0.0356705446
0.6616450000	0.0357089474
0.6623570000	0.0357489493
0.6630700000	0.0357898406
0.6637830000	0.0358321208
0.6644960000	0.0358752021
0.6652090000	0.0359200938
0.6659220000	0.0359660145
0.6666350000	0.0360235107
0.6673480000	0.0360713770
0.6680610000	0.0361209486
0.6687740000	0.0361715677
0.6694870000	0.0362233913
0.6702000000	0.0362763817
0.6709130000	0.0363309543
0.6716260000	0.0363868276
0.6723390000	0.0364436228
0.6730520000	0.0365018938
0.6737650000	0.0365695782
0.6744780000	0.0366302383
0.6751910000	0.0366920422
0.6759040000	0.0367554718
0.6766170000	0.0368202257
0.6773300000	0.0368863427
0.6780430000	0.0369536024
0.6787560000	0.0370222042
0.6794680000	0.0370923726
0.6801810000	0.0371639091
0.6808940000	0.0372423836
0.6816070000	0.0373158291
0.6823200000	0.0373913093
0.6830330000	0.0374684017
0.6837460000	0.0375468437
0.6844590000	0.0376263218
0.6851720000	0.0377070642
0.6858850000	0.0377898978
0.6865980000	0.0378738938
0.6873110000	0.0379595336
0.6880240000	0.0380493654
0.6887370000	0.0381372904
0.6894500000	0.0382272096
0.6901630000	0.0383183485
0.6908760000	0.0384114434
0.6915890000	0.0385051729
0.6923020000	0.0386009282
0.6930150000	0.0386982567
0.6937280000	0.0387973064
0.6944410000	0.0388976801
0.6951540000	0.0389995911
0.6958670000	0.0391033164
0.6965800000	0.0392086255
0.6972920000	0.0393152797
0.6980050000	0.0394235571
0.6987180000	0.0395334754
0.6994310000	0.0396447110
0.7001440000	0.0397580881
0.7008570000	0.0398733083
0.7015700000	0.0399897808
0.7022830000	0.0401084266
0.7029960000	0.0402277376
0.7037090000	0.0403473182
0.7044220000	0.0404710537
0.7051350000	0.0405962016
0.7058480000	0.0407228503
0.7065610000	0.0408512819
0.7072740000	0.0409817654
0.7079870000	0.0411144483
0.7087000000	0.0412488910
0.7094130000	0.0413847603
0.7101260000	0.0415229884
0.7108390000	0.0416572497
0.7115520000	0.0417990929
0.7122650000	0.0419425828
0.7129780000	0.0420881174
0.7136910000	0.0422357834
0.7144030000	0.0423850834
0.7151160000	0.0425361276
0.7158290000	0.0426900736
0.7165420000	0.0428454911
0.7172550000	0.0430038203
0.7179680000	0.0431638108
0.7186810000	0.0433254484
0.7193940000	0.0434804746
0.7201070000	0.0436468467
0.7208200000	0.0438150373
0.7215330000	0.0439857545
0.7222460000	0.0441578634
0.7229590000	0.0443335199
0.7236720000	0.0445101926
0.7243850000	0.0446900248
0.7250980000	0.0448720520
0.7258110000	0.0450561878
0.7265240000	0.0452427344
0.7272370000	0.0454201764
0.7279500000	0.0456109926
0.7286630000	0.0458044755
0.7293760000	0.0460009710
0.7300890000	0.0461996101
0.7308020000	0.0464013297
0.7315150000	0.0466053266
0.7322270000	0.0468115295
0.7329400000	0.0470206191
0.7336530000	0.0472329400
0.7343660000	0.0474474831
0.7350790000	0.0476648913
0.7357920000	0.0478699177
0.7365050000	0.0480917039
0.7372180000	0.0483170127
0.7379310000	0.0485455430
0.7386440000	0.0487771507
0.7393570000	0.0490118904
0.7400700000	0.0492494119
0.7407830000	0.0494894276
0.7414960000	0.0497326816
0.7422090000	0.0499795744
0.7429220000	0.0502301732
0.7436350000	0.0504824889
0.7443480000	0.0507185840
0.7450610000	0.0509780081
0.7457740000	0.0512397219
0.7464870000	0.0515059703
0.7472000000	0.0517759963
0.7479130000	0.0520484647
0.7486260000	0.0523250486
0.7493380000	0.0526053199
0.7500510000	0.0528883614
0.7507640000	0.0531754519
0.7514770000	0.0534667075
0.7521900000	0.0537615534
0.7529030000	0.0540351602
0.7536160000	0.0543373299
0.7543290000	0.0546427411
0.7550420000	0.0549527723
0.7557550000	0.0552665654
0.7564680000	0.0555852726
0.7571810000	0.0559077075
0.7578940000	0.0562346580
0.7586070000	0.0565659622
0.7593200000	0.0569006061
0.7600330000	0.0572401103
0.7607460000	0.0575845463
0.7614590000	0.0579023190
0.7621720000	0.0582563501
0.7628850000	0.0586140473
0.7635980000	0.0589763436
0.7643110000	0.0593428432
0.7650240000	0.0597146979
0.7657370000	0.0600927305
0.7664490000	0.0604757661
0.7671620000	0.0608636391
0.7678750000	0.0612562878
0.7685880000	0.0616532285
0.7693010000	0.0620572798
0.7700140000	0.0624662910
0.7707270000	0.0628432737
0.7714400000	0.0632643299
0.7721530000	0.0636889896
0.7728660000	0.0641201551
0.7735790000	0.0645571279
0.7742920000	0.0650011811
0.7750050000	0.0654514175
0.7757180000	0.0659074436
0.7764310000	0.0663706928
0.7771440000	0.0668396082
0.7778570000	0.0673140670
0.7785700000	0.0677966509
0.7792830000	0.0682853496
0.7799960000	0.0687358012
0.7807090000	0.0692389003
0.7814220000	0.0697489300
0.7821350000	0.0702654280
0.7828480000	0.0707895289
0.7835610000	0.0713212484
0.7842730000	0.0718619604
0.7849860000	0.0724101232
0.7856990000	0.0729664892
0.7864120000	0.0735315617
0.7871250000	0.0741021984
0.7878380000	0.0746830660
0.7885510000	0.0752731774
0.7892640000	0.0758707653
0.7899770000	0.0764212690
0.7906900000	0.0770378563
0.7914030000	0.0776613995
0.7921160000	0.0782967088
0.7928290000	0.0789397881
0.7935420000	0.0795943157
0.7942550000	0.0802584854
0.7949680000	0.0809324142
0.7956810000	0.0816186404
0.7963940000	0.0823140388
0.7971070000	0.0830184808
0.7978200000	0.0837369855
0.7985330000	0.0844647531
0.7992460000	0.0851346159
0.7999590000	0.0858871527
0.8006720000	0.0866501980
0.8013840000	0.0874248681
0.8020970000	0.0882131651
0.8028100000	0.0890120495
0.8035230000	0.0898269491
0.8042360000	0.0906536543
0.8049490000	0.0914939659
0.8056620000	0.0923493760
0.8063750000	0.0932168596
0.8070880000	0.0940994382
0.8078010000	0.0949986689
0.8085140000	0.0959107112
0.8092270000	0.0967520410
0.8099400000	0.0977077360
0.8106530000	0.0986826380
0.8113660000	0.0996738787
0.8120790000	0.1006830894
0.8127920000	0.1017076552
0.8135050000	0.1027532777
0.8142180000	0.1038178542
0.8149310000	0.1048985899
0.8156440000	0.1060021567
0.8163570000	0.1071248961
0.8170700000	0.1082665592
0.8177830000	0.1094307682
0.8184950000	0.1106161091
0.8192080000	0.1118236602
0.8199210000	0.1129437023
0.8206340000	0.1141941389
0.8213470000	0.1154684087
0.8220600000	0.1167692991
0.8227730000	0.1180941710
0.8234860000	0.1194438691
0.8241990000	0.1208210451
0.8249120000	0.1222238657
0.8256250000	0.1236549897
0.8263380000	0.1251138148
0.8270510000	0.1266015367
0.8277640000	0.1281209344
0.8284770000	0.1296696748
0.8291900000	0.1312491340
0.8299030000	0.1327203250
0.8306160000	0.1343633230
0.8313290000	0.1360399381
0.8320420000	0.1377505517
0.8327550000	0.1395003683
0.8334680000	0.1412843301
0.8341810000	0.1431067465
0.8348940000	0.1449711878
0.8356070000	0.1468732103
0.8363190000	0.1488165290
0.8370320000	0.1508012310
0.8377450000	0.1528301943
0.8384580000	0.1549050550
0.8391710000	0.1570298009
0.8398840000	0.1591944656
0.8405970000	0.1612292766
0.8413100000	0.1634967051
0.8420230000	0.1658137592
0.8427360000	0.1681796021
0.8434490000	0.1706065210
0.8441620000	0.1730911043
0.8448750000	0.1756371775
0.8455880000	0.1782404537
0.8463010000	0.1809062972
0.8470140000	0.1836376591
0.8477270000	0.1864355040
0.8484400000	0.1892989314
0.8491530000	0.1922411655
0.8498660000	0.1952545135
0.8505790000	0.1983408653
0.8512920000	0.2012602842
0.8520050000	0.2045058079
0.8527180000	0.2078334794
0.8534300000	0.2112447665
0.8541430000	0.2147508725
0.8548560000	0.2183507953
0.8555690000	0.2220457856
0.8562820000	0.2258468748
0.8569950000	0.2297483713
0.8577080000	0.2337534021
0.8584210000	0.2378772195
0.8591340000	0.2421100015
0.8598470000	0.2464585063
0.8605600000	0.2509434044
0.8612730000	0.2555593234
0.8619860000	0.2603038926
0.8626990000	0.2648395550
0.8634120000	0.2698590299
0.8641250000	0.2750360025
0.8648380000	0.2803642378
0.8655510000	0.2858602618
0.8662640000	0.2915248916
0.8669770000	0.2973698646
0.8676900000	0.3034057535
0.8684030000	0.3096302514
0.8691160000	0.3160594956
0.8698290000	0.3226933754
0.8705420000	0.3295484269
0.8712540000	0.3366295150
0.8719670000	0.3439514841
0.8726800000	0.3515366538
0.8733930000	0.3593699370
0.8741060000	0.3669549326
0.8748190000	0.3753449288
0.8755320000	0.3840367158
0.8762450000	0.3930298721
0.8769580000	0.4023644070
0.8776710000	0.4120461199
0.8783840000	0.4220904543
0.8790970000	0.4325312906
0.8798100000	0.4433691288
0.8805230000	0.4546320430
0.8812360000	0.4663395423
0.8819490000	0.4785228653
0.8826620000	0.4911940358
0.8833750000	0.5043882540
0.8840880000	0.5181443575
0.8848010000	0.5324782784
0.8855140000	0.5474381103
0.8862270000	0.5621634070
0.8869400000	0.5784413579
0.8876530000	0.5954412925
0.8883650000	0.6132262467
0.8890780000	0.6318536742
0.8897910000	0.6513424494
0.8905040000	0.6717514360
0.8912170000	0.6931892221
0.8919300000	0.7156866535
0.8926430000	0.7393119108
0.8933560000	0.7641491364
0.8940690000	0.7902761501
0.8947820000	0.8177765235
0.8954950000	0.8467818040
0.8962080000	0.8773917013
0.8969210000	0.9096800353
0.8976340000	0.9438321047
0.8983470000	0.9782416692
0.8990600000	1.0164751309
0.8997730000	1.0569819154
0.9004860000	1.0999988258
0.9011990000	1.1457522656
0.9019120000	1.1944358639
0.9026250000	1.2463089507
0.9033380000	1.3017288173
0.9040510000	1.3609109017
0.9047640000	1.4242788129
0.9054760000	1.4922134456
0.9061890000	1.5651704733
0.9069020000	1.6436305191
0.9076150000	1.7281926009
0.9083280000	1.8195102172
0.9090410000	1.9182988701
0.9097540000	2.0253212179
0.9104670000	2.1372121071
0.9111800000	2.2636077038
0.9118930000	2.4015823837
0.9126060000	2.5524621866
0.9133190000	2.7180800464
0.9140320000	2.9003754390
0.9147450000	3.1016052974
0.9154580000	3.3243946140
0.9161710000	3.5720652482
0.9168840000	3.8482985588
0.9175970000	4.1576111555
0.9183100000	4.5053618113
0.9190230000	4.8983181420
0.9197360000	5.3442426374
0.9204490000	5.8529010748
0.9211620000	6.4367513653
0.9218750000	7.1108150083
0.9225880000	7.8935464843
0.9233000000	8.7862905979
0.9240130000	9.8627648110
0.9247260000	11.1423019065
0.9254390000	12.6755099426
0.9261520000	14.5308808611
0.9268650000	16.7982274442
0.9275780000	19.5963288479
0.9282910000	23.0836458060
0.9290040000	27.4714586901
0.9297170000	33.0301844219
0.9304300000	40.0866933180
0.9311430000	48.9935668187
0.9318560000	59.9744415264
0.9325690000	72.8002983534
0.9332820000	86.2122142561
0.9339950000	97.4268907296
0.9347080000	102.7514244538
0.9354210000	99.9582431776
0.9361340000	90.2476188720
0.9368470000	77.3840108782
0.9375600000	64.0849973110
0.9382730000	52.3767980748
0.9389860000	42.7584628651
0.9396990000	35.1042737600
0.9404110000	29.0789365407
0.9411240000	24.3367079447
0.9418370000	20.5812789890
0.9425500000	17.5826977037
0.9432630000	15.1647662394
0.9439760000	13.1960189960
0.9446890000	11.5774896566
0.9454020000	10.2348074536
0.9461150000	9.1115451990
0.9468280000	8.1646156942
0.9475410000	7.3610540588
0.9482540000	6.6752002556
0.9489670000	6.0869101463
0.9496800000	5.5805383322
0.9503930000	5.1422688907
0.9511060000	4.7649228702
0.9518190000	4.4398600159
0.9525320000	4.1612372205
0.9532450000	3.9248195331
0.9539580000	3.7277700732
0.9546710000	3.5683911001
0.9553840000	3.4461053454
0.9560970000	3.3613821120
0.9568100000	3.3149542228
0.9575230000	3.3069610038
0.9582350000	3.3347705730
0.9589480000	3.3894253600
0.9596610000	3.4516045339
0.9603740000	3.4903023316
0.9610870000	3.4698746619
0.9618000000	3.3668293564
0.9625130000	3.1841539343
0.9632260000	2.9485789917
0.9639390000	2.6926529040
0.9646520000	2.4460467421
0.9653650000	2.2216213457
0.9660780000	2.0242399834
0.9667910000	1.8534709874
0.9675040000	1.7064501295
0.9682170000	1.5796636132
0.9689300000	1.4697061000
0.9696430000	1.3737322511
0.9703560000	1.2893276489
0.9710690000	1.2145088876
0.9717820000	1.1476760910
0.9724950000	1.0876004458
0.9732080000	1.0332496641
0.9739210000	0.9838138416
0.9746340000	0.9385819440
0.9753460000	0.8970515995
0.9760590000	0.8587309020
0.9767720000	0.8232579626
0.9774850000	0.7902912738
0.9781980000	0.7595720189
0.9789110000	0.7300898882
0.9796240000	0.7032240310
0.9803370000	0.6779810196
0.9810500000	0.6542346909
0.9817630000	0.6318418864
0.9824760000	0.6107078358
0.9831890000	0.5907146098
0.9839020000	0.5717737690
0.9846150000	0.5538137024
0.9853280000	0.5367524992
0.9860410000	0.5205184286
0.9867540000	0.5050664437
0.9874670000	0.4903363228
0.9881800000	0.4762844866
0.9888930000	0.4628623234
0.9896060000	0.4500237250
0.9903190000	0.4377546108
0.9910320000	0.4260073271
0.9917450000	0.4147472986
0.9924570000	0.4039441720
0.9931700000	0.3930877882
0.9938830000	0.3831400075
0.9945960000	0.3735896270
0.9953090000	0.3643976559
0.9960220000	0.3555507540
0.9967350000	0.3470504521
0.9974480000	0.3388525344
0.9981610000	0.3309538553
0.9988740000	0.3233347877
0.9995870000	0.3159911448
1.0003000000	0.3089058230
1.0010100000	0.3020633279
1.0017300000	0.2954495462
1.0024400000	0.2890589620
1.0031500000	0.2828801891
1.0038600000	0.2769050332
1.0045800000	0.2711189855
1.0052900000	0.2655235919
1.0060000000	0.2601101858
1.0067200000	0.2548595159
1.0074300000	0.2497723718
1.0081400000	0.2448399954
1.0088600000	0.2397382668
1.0095700000	0.2351037324
1.0102800000	0.2306067380
1.0109900000	0.2262373740
1.0117100000	0.2219932128
1.0124200000	0.2178785042
1.0131300000	0.2138795865
1.0138500000	0.2099929621
1.0145600000	0.2062149220
1.0152700000	0.2025463270
1.0159900000	0.1989713610
1.0167000000	0.1954963582
1.0174100000	0.1921147649
1.0181200000	0.1888210664
1.0188400000	0.1856169388
1.0195500000	0.1824959204
1.0202600000	0.1794568539
1.0209800000	0.1764950625
1.0216900000	0.1736085098
1.0224000000	0.1707968366
1.0231100000	0.1680544822
1.0238300000	0.1653797820
1.0245400000	0.1625524901
1.0252500000	0.1600101076
1.0259700000	0.1575299461
1.0266800000	0.1551079602
1.0273900000	0.1527441317
1.0281100000	0.1504367898
1.0288200000	0.1481841513
1.0295300000	0.1459831190
1.0302400000	0.1438320177
1.0309600000	0.1417321536
1.0316700000	0.1396826408
1.0323800000	0.1376788160
1.0331000000	0.1357190484
1.0338100000	0.1338026808
1.0345200000	0.1319294091
1.0352400000	0.1300989596
1.0359500000	0.1283063382
1.0366600000	0.1265515170
1.0373700000	0.1248377770
1.0380900000	0.1231601694
1.0388000000	0.1215169528
1.0395100000	0.1199075945
1.0402300000	0.1183337705
1.0409400000	0.1166382524
1.0416500000	0.1151285609
1.0423600000	0.1136517478
1.0430800000	0.1122039149
1.0437900000	0.1107846327
1.0445000000	0.1093950825
1.0452200000	0.1080356218
1.0459300000	0.1067014140
1.0466400000	0.1053944759
1.0473600000	0.1041128183
1.0480700000	0.1028567844
1.0487800000	0.1016234107
1.0494900000	0.1004146274
1.0502100000	0.0992294030
1.0509200000	0.0980674887
1.0516300000	0.0969284754
1.0523500000	0.0958111666
1.0530600000	0.0947142843
1.0537700000	0.0936377474
1.0544800000	0.0925799825
1.0552000000	0.0915440579
1.0559100000	0.0905286039
1.0566200000	0.0895269779
1.0573400000	0.0884406418
1.0580500000	0.0874769512
1.0587600000	0.0865313654
1.0594800000	0.0856029223
1.0601900000	0.0846896153
1.0609000000	0.0837932608
1.0616100000	0.0829130043
1.0623300000	0.0820479881
1.0630400000	0.0811995400
1.0637500000	0.0803643283
1.0644700000	0.0795443715
1.0651800000	0.0787372231
1.0658900000	0.0779459000
1.0666100000	0.0771681435
1.0673200000	0.0764004866
1.0680300000	0.0756479120
1.0687400000	0.0749082023
1.0694600000	0.0741788375
1.0701700000	0.0734602128
1.0708800000	0.0727528601
1.0716000000	0.0720601330
1.0723100000	0.0713772415
1.0730200000	0.0707047362
1.0737300000	0.0700410593
1.0744500000	0.0693867803
1.0751600000	0.0686702592
1.0758700000	0.0680326981
1.0765900000	0.0674042798
1.0773000000	0.0667840186
1.0780100000	0.0661695655
1.0787300000	0.0655608540
1.0794400000	0.0649590041
1.0801500000	0.0643586134
1.0808600000	0.0637594508
1.0815800000	0.0631614143
1.0822900000	0.0625636419
1.0830000000	0.0619632292
1.0837200000	0.0613559600
1.0844300000	0.0607420263
1.0851400000	0.0601072937
1.0858600000	0.0594481800
1.0865700000	0.0587524480
1.0872800000	0.0580076393
1.0879900000	0.0571950519
1.0887100000	0.0562962694
1.0894200000	0.0552841513
1.0901300000	0.0541326790
1.0908500000	0.0528059351
1.0915600000	0.0512963782
1.0922700000	0.0495609712
1.0929800000	0.0477603506
1.0937000000	0.0460294031
1.0944100000	0.0446816685
1.0951200000	0.0441730003
1.0958400000	0.0448846304
1.0965500000	0.0468728104
1.0972600000	0.0496872293
1.0979800000	0.0525592581
1.0986900000	0.0547945649
1.0994000000	0.0561229301
1.1001100000	0.0566015690
1.1008300000	0.0564740770
1.1015400000	0.0559655390
1.1022500000	0.0552674629
1.1029700000	0.0545080884
1.1036800000	0.0537471201
1.1043900000	0.0530176422
1.1051100000	0.0523351112
1.1058200000	0.0517005394
1.1065300000	0.0511151149
1.1072400000	0.0505739466
1.1079600000	0.0500715452
1.1086700000	0.0496040456
1.1093800000	0.0491672670
1.1101000000	0.0487519561
1.1108100000	0.0483628734
1.1115200000	0.0479938116
1.1122300000	0.0476416943
1.1129500000	0.0473047194
1.1136600000	0.0469849283
1.1143700000	0.0466752220
1.1150900000	0.0463785348
1.1158000000	0.0460901445
1.1165100000	0.0458119286
1.1172300000	0.0455410656
1.1179400000	0.0452789328
1.1186500000	0.0450254439
1.1193600000	0.0447789085
1.1200800000	0.0445396763
1.1207900000	0.0443092904
1.1215000000	0.0440807403
1.1222200000	0.0438588334
1.1229300000	0.0436415385
1.1236400000	0.0434298707
1.1243500000	0.0432237128
1.1250700000	0.0430233298
1.1257800000	0.0428288428
1.1264900000	0.0426385153
1.1272100000	0.0424526038
1.1279200000	0.0423052283
1.1286300000	0.0421273261
1.1293500000	0.0419531826
1.1300600000	0.0417839780
1.1307700000	0.0416196662
1.1314800000	0.0414620772
1.1322000000	0.0413049173
1.1329100000	0.0411525273
1.1336200000	0.0410042902
1.1343400000	0.0408580010
1.1350500000	0.0407194759
1.1357600000	0.0405820118
1.1364800000	0.0404500189
1.1371900000	0.0403218235
1.1379000000	0.0401994824
1.1386100000	0.0400794816
1.1393300000	0.0399644406
1.1400400000	0.0398509166
1.1407500000	0.0397446721
1.1414700000	0.0396409420
1.1421800000	0.0395439203
1.1428900000	0.0394483977
1.1436000000	0.0393554635
1.1443200000	0.0392676357
1.1450300000	0.0391844770
1.1457400000	0.0391009130
1.1464600000	0.0390235805
1.1471700000	0.0390342027
1.1478800000	0.0389660748
1.1486000000	0.0389019392
1.1493100000	0.0388429996
1.1500200000	0.0387853758
1.1507300000	0.0387334009
1.1514500000	0.0386833859
1.1521600000	0.0386361858
1.1528700000	0.0385983358
1.1535900000	0.0385624857
1.1543000000	0.0385312809
1.1550100000	0.0385032642
1.1557300000	0.0384809000
1.1564400000	0.0384608958
1.1571500000	0.0384499147
1.1578600000	0.0384377785
1.1585800000	0.0384316456
1.1592900000	0.0384305523
1.1600000000	0.0384354017
1.1607200000	0.0384430127
1.1614300000	0.0384565029
1.1621400000	0.0384713683
1.1628500000	0.0384915311
1.1635700000	0.0385196253
1.1642800000	0.0385528609
1.1649900000	0.0385888239
1.1657100000	0.0386296535
1.1664200000	0.0388243045
1.1671300000	0.0388735206
1.1678500000	0.0389235297
1.1685600000	0.0389812457
1.1692700000	0.0390379767
1.1699800000	0.0391013715
1.1707000000	0.0391662023
1.1714100000	0.0392403346
1.1721200000	0.0393130173
1.1728400000	0.0393914580
1.1735500000	0.0394716946
1.1742600000	0.0395544670
1.1749700000	0.0396390113
1.1756900000	0.0397280138
1.1764000000	0.0398168820
1.1771100000	0.0399115713
1.1778300000	0.0400055488
1.1785400000	0.0400956708
1.1792500000	0.0401864824
1.1799700000	0.0402738907
1.1806800000	0.0403605555
1.1813900000	0.0404351580
1.1821000000	0.0404942886
1.1828200000	0.0405559182
1.1835300000	0.0406023615
1.1842400000	0.0406319388
1.1849600000	0.0406492230
1.1856700000	0.0406383877
1.1863800000	0.0407406407
1.1871000000	0.0406607641
1.1878100000	0.0405418089
1.1885200000	0.0403744550
1.1892300000	0.0401473913
1.1899500000	0.0398671537
1.1906600000	0.0394959309
1.1913700000	0.0390520676
1.1920900000	0.0384850188
1.1928000000	0.0377971619
1.1935100000	0.0369706825
1.1942200000	0.0359749155
1.1949400000	0.0347635611
1.1956500000	0.0333121397
1.1963600000	0.0315888792
1.1970800000	0.0295046432
1.1977900000	0.0270433651
1.1985000000	0.0240977236
1.1992200000	0.0205752989
1.1999300000	0.0163486848
1.2006400000	0.0113097314
1.2013500000	0.0052725511
1.2020700000	0.0003529982
1.2213200000	0.0093376952
1.2220300000	0.3825176325
1.2227400000	0.6467815251
1.2234600000	0.8065608039
1.2241700000	0.8811194267
1.2248800000	0.8946778233
1.2256000000	0.8691132020
1.2263100000	0.8209653913
1.2270200000	0.7621406278
1.2277300000	0.6996309511
1.2284500000	0.6607625830
1.2291600000	0.6002514768
1.2298700000	0.5446913388
1.2305900000	0.4943407538
1.2313000000	0.4492553229
1.2320100000	0.4091384008
1.2327200000	0.3735815531
1.2334400000	0.3420268538
1.2341500000	0.3141316354
1.2348600000	0.2894678536
1.2355800000	0.2676955083
1.2362900000	0.2484798273
1.2370000000	0.2314048768
1.2377200000	0.2163123247
1.2384300000	0.2029388862
1.2391400000	0.1911133324
1.2398500000	0.1806469347
1.2405700000	0.1714755395
1.2412800000	0.1633706480
1.2419900000	0.1562640915
1.2427100000	0.1500684754
1.2434200000	0.1447204917
1.2441300000	0.1401652610
1.2448400000	0.1363700046
1.2455600000	0.1332922382
1.2462700000	0.1309008301
1.2469800000	0.1291920409
1.2477000000	0.1281587185
1.2484100000	0.1278259825
1.2491200000	0.1282375203
1.2498400000	0.1294082969
1.2505500000	0.1314046891
1.2512600000	0.1361976927
1.2519700000	0.1399748643
1.2526900000	0.1448459995
1.2534000000	0.1509504308
1.2541100000	0.1584501982
1.2548300000	0.1675064694
1.2555400000	0.1783081352
1.2562500000	0.1910250806
1.2569700000	0.2058219344
1.2576800000	0.2227437311
1.2583900000	0.2416995320
1.2591000000	0.2623043248
1.2598200000	0.2837570571
1.2605300000	0.3047561590
1.2612400000	0.3234447965
1.2619600000	0.3376229622
1.2626700000	0.3451952633
1.2633800000	0.3447657125
1.2640900000	0.3361392379
1.2648100000	0.3204049554
1.2655200000	0.2995486180
1.2662300000	0.2758407209
1.2669500000	0.2513049297
1.2676600000	0.2274332543
1.2683700000	0.2051577320
1.2690900000	0.1849425419
1.2698000000	0.1669254248
1.2705100000	0.1510497387
1.2712200000	0.1371518204
1.2719400000	0.1250229044
1.2726500000	0.1144443118
1.2733600000	0.1052089409
1.2740800000	0.0975681704
1.2747900000	0.0904657042
1.2755000000	0.0842141264
1.2762200000	0.0786902320
1.2769300000	0.0737920457
1.2776400000	0.0694338376
1.2783500000	0.0655391911
1.2790700000	0.0620474046
1.2797800000	0.0589054218
1.2804900000	0.0560671535
1.2812100000	0.0534959635
1.2819200000	0.0511599617
1.2826300000	0.0490316651
1.2833400000	0.0470835127
1.2840600000	0.0452972820
1.2847700000	0.0436553160
1.2854800000	0.0421420436
1.2862000000	0.0407442396
1.2869100000	0.0394508686
1.2876200000	0.0382493700
1.2883400000	0.0371324737
1.2890500000	0.0360913802
1.2897600000	0.0351182665
1.2904700000	0.0342083254
1.2911900000	0.0333558761
1.2919000000	0.0325567042
1.2926100000	0.0318050479
1.2933300000	0.0310968602
1.2940400000	0.0304288120
1.2947500000	0.0297981559
1.2954700000	0.0292019766
1.2961800000	0.0286380243
1.2968900000	0.0281043088
1.2976000000	0.0275976243
1.2983200000	0.0273118669
1.2990300000	0.0268492524
1.2997400000	0.0264081863
1.3004600000	0.0259881422
1.3011700000	0.0255877737
1.3018800000	0.0252058656
1.3025900000	0.0248401115
1.3033100000	0.0244914087
1.3040200000	0.0241569824
1.3047300000	0.0238365163
1.3054500000	0.0235294109
1.3061600000	0.0232352326
1.3068700000	0.0229531101
1.3075900000	0.0226821765
1.3083000000	0.0224212548
1.3090100000	0.0221704449
1.3097200000	0.0219295086
1.3104400000	0.0216977055
1.3111500000	0.0214743793
1.3118600000	0.0212597875
1.3125800000	0.0210525719
1.3132900000	0.0208526781
1.3140000000	0.0206595113
1.3147100000	0.0204729318
1.3154300000	0.0202929193
1.3161400000	0.0201192433
1.3168500000	0.0199514257
1.3175700000	0.0197890873
1.3182800000	0.0196320908
1.3189900000	0.0194799776
1.3197100000	0.0193327772
1.3204200000	0.0191903300
1.3211300000	0.0190525884
1.3218400000	0.0189194880
1.3225600000	0.0187905517
1.3232700000	0.0187668991
1.3239800000	0.0186433512
1.3247000000	0.0185235406
1.3254100000	0.0184073328
1.3261200000	0.0182944790
1.3268400000	0.0181854936
1.3275500000	0.0180794243
1.3282600000	0.0179768111
1.3289700000	0.0178767634
1.3296900000	0.0177798035
1.3304000000	0.0176855348
1.3311100000	0.0175940039
1.3318300000	0.0175053643
1.3325400000	0.0174195938
1.3332500000	0.0173357844
1.3339600000	0.0172543819
1.3346800000	0.0171753431
1.3353900000	0.0170988441
1.3361000000	0.0170243791
1.3368200000	0.0169521110
1.3375300000	0.0168820413
1.3382400000	0.0168139452
1.3389600000	0.0167477888
1.3396700000	0.0166833429
1.3403800000	0.0166207669
1.3410900000	0.0165600749
1.3418100000	0.0165010829
1.3425200000	0.0164439559
1.3432300000	0.0163886427
1.3439500000	0.0163347608
1.3446600000	0.0162823966
1.3453700000	0.0162316149
1.3460900000	0.0161823505
1.3468000000	0.0161346553
1.3475100000	0.0160884713
1.3482200000	0.0160437399
1.3489400000	0.0160004552
1.3496500000	0.0160159651
1.3503600000	0.0159741739
1.3510800000	0.0159337014
1.3517900000	0.0158944795
1.3525000000	0.0158565780
1.3532100000	0.0158201754
1.3539300000	0.0157847327
1.3546400000	0.0157507760
1.3553500000	0.0157177720
1.3560700000	0.0156859867
1.3567800000	0.0156553085
1.3574900000	0.0156257358
1.3582100000	0.0155973875
1.3589200000	0.0155702793
1.3596300000	0.0155440191
1.3603400000	0.0155188135
1.3610600000	0.0154946769
1.3617700000	0.0154716532
1.3624800000	0.0154495858
1.3632000000	0.0154285305
1.3639100000	0.0154086279
1.3646200000	0.0153895375
1.3653400000	0.0153715368
1.3660500000	0.0153544555
1.3667600000	0.0153382734
1.3674700000	0.0153230375
1.3681900000	0.0153087465
1.3689000000	0.0152954479
1.3696100000	0.0152830768
1.3703300000	0.0152715598
1.3710400000	0.0152609699
1.3717500000	0.0152512647
1.3724600000	0.0152424133
1.3731800000	0.0152344425
1.3738900000	0.0152273927
1.3746000000	0.0152212498
1.3753200000	0.0152159686
1.3760300000	0.0152115616
1.3767400000	0.0152430472
1.3774600000	0.0152397340
1.3781700000	0.0152372926
1.3788800000	0.0152356889
1.3795900000	0.0152349917
1.3803100000	0.0152352084
1.3810200000	0.0152362184
1.3817300000	0.0152381037
1.3824500000	0.0152408637
1.3831600000	0.0152444654
1.3838700000	0.0152488875
1.3845800000	0.0152541937
1.3853000000	0.0152603363
1.3860100000	0.0152674141
1.3867200000	0.0152753761
1.3874400000	0.0152841029
1.3881500000	0.0152937938
1.3888600000	0.0153042858
1.3895800000	0.0153156563
1.3902900000	0.0153278469
1.3910000000	0.0153409984
1.3917100000	0.0153549973
1.3924300000	0.0153699196
1.3931400000	0.0153856732
1.3938500000	0.0154023835
1.3945700000	0.0154199632
1.3952800000	0.0154384871
1.3959900000	0.0154579076
1.3967100000	0.0154782662
1.3974200000	0.0154995735
1.3981300000	0.0155218063
1.3988400000	0.0155449986
1.3995600000	0.0155691528
1.4002700000	0.0155942904
1.4009800000	0.0156203869
1.4017000000	0.0156474757
1.4024100000	0.0156755552
1.4031200000	0.0157046101
1.4038300000	0.0157347021
1.4045500000	0.0157658532
1.4052600000	0.0158200248
1.4059700000	0.0158529693
1.4066900000	0.0158870124
1.4074000000	0.0159221627
1.4081100000	0.0159584656
1.4088300000	0.0159958336
1.4095400000	0.0160343532
1.4102500000	0.0160740650
1.4109600000	0.0161149649
1.4116800000	0.0161570365
1.4123900000	0.0162003649
1.4131000000	0.0162449653
1.4138200000	0.0162908004
1.4145300000	0.0163378721
1.4152400000	0.0163863081
1.4159600000	0.0164360650
1.4166700000	0.0164872165
1.4173800000	0.0165396120
1.4180900000	0.0165935338
1.4188100000	0.0166488586
1.4195200000	0.0167057090
1.4202300000	0.0167640199
1.4209500000	0.0168238710
1.4216600000	0.0168853652
1.4223700000	0.0169483663
1.4230800000	0.0170130341
1.4238000000	0.0170794775
1.4245100000	0.0171475444
1.4252200000	0.0172174088
1.4259400000	0.0172890476
1.4266500000	0.0173625156
1.4273600000	0.0174377884
1.4280800000	0.0175150577
1.4287900000	0.0175942885
1.4295000000	0.0176756158
1.4302100000	0.0177589932
1.4309300000	0.0178444871
1.4316400000	0.0179320575
1.4323500000	0.0180219168
1.4330700000	0.0181140574
1.4337800000	0.0182086364
1.4344900000	0.0183198255
1.4352100000	0.0184191359
1.4359200000	0.0185210447
1.4366300000	0.0186256974
1.4373400000	0.0187330395
1.4380600000	0.0188432242
1.4387700000	0.0189561820
1.4394800000	0.0190722940
1.4402000000	0.0191914625
1.4409100000	0.0193137970
1.4416200000	0.0194394754
1.4423300000	0.0195686687
1.4430500000	0.0197012991
1.4437600000	0.0198375927
1.4444700000	0.0199775167
1.4451900000	0.0201213522
1.4459000000	0.0202692580
1.4466100000	0.0204212285
1.4473300000	0.0205775263
1.4480400000	0.0207383871
1.4487500000	0.0209038129
1.4494600000	0.0210740623
1.4501800000	0.0212493372
1.4508900000	0.0214296490
1.4516000000	0.0216155203
1.4523200000	0.0218067689
1.4530300000	0.0220039654
1.4537400000	0.0222072904
1.4544500000	0.0224168839
1.4551700000	0.0226329821
1.4558800000	0.0228559129
1.4565900000	0.0230859286
1.4573100000	0.0233233572
1.4580200000	0.0235684365
1.4587300000	0.0238217624
1.4594500000	0.0240834919
1.4601600000	0.0243541100
1.4608700000	0.0246339521
1.4615800000	0.0249232856
1.4623000000	0.0252226892
1.4630100000	0.0255327217
1.4637200000	0.0258538955
1.4644400000	0.0261866376
1.4651500000	0.0265318670
1.4658600000	0.0268990434
1.4665800000	0.0272703970
1.4672900000	0.0276561616
1.4680000000	0.0280568804
1.4687100000	0.0284734423
1.4694300000	0.0289064196
1.4701400000	0.0293571032
1.4708500000	0.0298264545
1.4715700000	0.0303152172
1.4722800000	0.0308249051
1.4729900000	0.0313566640
1.4737000000	0.0319117824
1.4744200000	0.0324915943
1.4751300000	0.0330976862
1.4758400000	0.0337313956
1.4765600000	0.0343949643
1.4772700000	0.0350897426
1.4779800000	0.0358186262
1.4787000000	0.0365834677
1.4794100000	0.0373866762
1.4801200000	0.0382309099
1.4808300000	0.0391193804
1.4815500000	0.0400547780
1.4822600000	0.0410405354
1.4829700000	0.0420809126
1.4836900000	0.0431797584
1.4844000000	0.0443414861
1.4851100000	0.0455711905
1.4858300000	0.0468745832
1.4865400000	0.0482571313
1.4872500000	0.0497259455
1.4879600000	0.0512880232
1.4886800000	0.0529515460
1.4893900000	0.0547253478
1.4901000000	0.0566192963
1.4908200000	0.0586451026
1.4915300000	0.0608145647
1.4922400000	0.0631416054
1.4929500000	0.0656409818
1.4936700000	0.0683308166
1.4943800000	0.0712301785
1.4950900000	0.0743607254
1.4958100000	0.0777471049
1.4965200000	0.0814170100
1.4972300000	0.0854022219
1.4979500000	0.0897424135
1.4986600000	0.0944671412
1.4993700000	0.0996289896
1.5000800000	0.1053060247
1.5008000000	0.1117513786
1.5015100000	0.1188547611
1.5022200000	0.1267021041
1.5029400000	0.1353898241
1.5036500000	0.1450233720
1.5043600000	0.1557261674
1.5050800000	0.1676379326
1.5057900000	0.1809098054
1.5065000000	0.1957089913
1.5072100000	0.2122113539
1.5079300000	0.2305987523
1.5086400000	0.2510442796
1.5093500000	0.2737025351
1.5100700000	0.2986747357
1.5107800000	0.3259666232
1.5114900000	0.3554411103
1.5122000000	0.3867500924
1.5129200000	0.4192487089
1.5136300000	0.4519428868
1.5143400000	0.4834412447
1.5150600000	0.5119945865
1.5157700000	0.5356475093
1.5164800000	0.5524920358
1.5172000000	0.5610203303
1.5179100000	0.5604243213
1.5186200000	0.5508101970
1.5193300000	0.5331471725
1.5200500000	0.5090565977
1.5207600000	0.4804804325
1.5214700000	0.4493356714
1.5221900000	0.4172899444
1.5229000000	0.3856472521
1.5236100000	0.3553168203
1.5243200000	0.3268800862
1.5250400000	0.3006332107
1.5257500000	0.2766854675
1.5264600000	0.2550069731
1.5271800000	0.2354915088
1.5278900000	0.2179861781
1.5286000000	0.2023159240
1.5293200000	0.1883045933
1.5300300000	0.1757796022
1.5307400000	0.1645704399
1.5314500000	0.1545528730
1.5321700000	0.1455827554
1.5328800000	0.1375442222
1.5335900000	0.1303329305
1.5343100000	0.1238580118
1.5350200000	0.1180388726
1.5357300000	0.1128041708
1.5364500000	0.1080938579
1.5371600000	0.1038530834
1.5378700000	0.1000358531
1.5385800000	0.0965999560
1.5393000000	0.0935100713
1.5400100000	0.0907350740
1.5407200000	0.0882486408
1.5414400000	0.0860254647
1.5421500000	0.0840417866
1.5428600000	0.0822847456
1.5435700000	0.0807370723
1.5442900000	0.0793849920
1.5450000000	0.0782166746
1.5457100000	0.0772224697
1.5464300000	0.0763939086
1.5471400000	0.0757248875
1.5478500000	0.0752092822
1.5485700000	0.0748434003
1.5492800000	0.0746239685
1.5499900000	0.0745497607
1.5507000000	0.0746200480
1.5514200000	0.0748353486
1.5521300000	0.0751980083
1.5528400000	0.0757109260
1.5535600000	0.0763779568
1.5542700000	0.0772055012
1.5549800000	0.0782004927
1.5557000000	0.0793716581
1.5564100000	0.0807293996
1.5571200000	0.0822860429
1.5578300000	0.0840556406
1.5585500000	0.0860545941
1.5592600000	0.0883025724
1.5599700000	0.0908215436
1.5606900000	0.0936362875
1.5614000000	0.0967765344
1.5621100000	0.1002746602
1.5628200000	0.1041678468
1.5635400000	0.1084907864
1.5642500000	0.1133039367
1.5649600000	0.1186065767
1.5656800000	0.1245573188
1.5663900000	0.1311741178
1.5671000000	0.1385270898
1.5678200000	0.1466941420
1.5685300000	0.1557558134
1.5692400000	0.1657907178
1.5699500000	0.1768746176
1.5706700000	0.1890702149
1.5713800000	0.2024146968
1.5720900000	0.2169021435
1.5728100000	0.2324671060
1.5735200000	0.2489527321
1.5742300000	0.2660876265
1.5749400000	0.2834530337
1.5756600000	0.3004667930
1.5763700000	0.3163888742
1.5770800000	0.3303583011
1.5778000000	0.3414757826
1.5785100000	0.3489230273
1.5792200000	0.3521000934
1.5799400000	0.3507349998
1.5806500000	0.3449462227
1.5813600000	0.3352106638
1.5820700000	0.3222707384
1.5827900000	0.3070119901
1.5835000000	0.2903262504
1.5842100000	0.2730141489
1.5849300000	0.2557169158
1.5856400000	0.2389542476
1.5863500000	0.2229973761
1.5870700000	0.2080675321
1.5877800000	0.1942658077
1.5884900000	0.1816102816
1.5892000000	0.1700836319
1.5899200000	0.1596271075
1.5906300000	0.1501660959
1.5913400000	0.1416138555
1.5920600000	0.1338913141
1.5927700000	0.1269137214
1.5934800000	0.1206012774
1.5941900000	0.1148838790
1.5949100000	0.1096929620
1.5956200000	0.1049699713
1.5963300000	0.1006570911
1.5970500000	0.0967080984
1.5977600000	0.0930759747
1.5984700000	0.0897250563
1.5991900000	0.0866218811
1.5999000000	0.0837418733
1.6006100000	0.0810476969
1.6013200000	0.0785918105
1.6020400000	0.0763269075
1.6027500000	0.0742598015
1.6034600000	0.0724082875
1.6041800000	0.0707996252
1.6048900000	0.0694630068
1.6056000000	0.0684213441
1.6063200000	0.0676909781
1.6070300000	0.0672694399
1.6077400000	0.0671269299
1.6084500000	0.0672249672
1.6091700000	0.0674900798
1.6098800000	0.0678573230
1.6105900000	0.0682656160
1.6113100000	0.0686626984
1.6120200000	0.0690172511
1.6127300000	0.0693111757
1.6134400000	0.0695451610
1.6141600000	0.0697252932
1.6148700000	0.0698638048
1.6155800000	0.0699731179
1.6163000000	0.0700681690
1.6170100000	0.0701620393
1.6177200000	0.0702648295
1.6184400000	0.0703846891
1.6191500000	0.0705290156
1.6198600000	0.0707021616
1.6205700000	0.0709078805
1.6212900000	0.0711485461
1.6220000000	0.0714257608
1.6227100000	0.0717400868
1.6234300000	0.0720931814
1.6241400000	0.0724841156
1.6248500000	0.0729131837
1.6255700000	0.0733808908
1.6262800000	0.0738872564
1.6269900000	0.0744315538
1.6277000000	0.0750137969
1.6284200000	0.0756338691
1.6291300000	0.0762912665
1.6298400000	0.0769869112
1.6305600000	0.0777205327
1.6312700000	0.0784919629
1.6319800000	0.0793029605
1.6326900000	0.0801513004
1.6334100000	0.0810385414
1.6341200000	0.0819649120
1.6348300000	0.0829313353
1.6355500000	0.0839379648
1.6362600000	0.0849853726
1.6369700000	0.0860748781
1.6376900000	0.0872068834
1.6384000000	0.0883828003
1.6391100000	0.0894878542
1.6398200000	0.0907509206
1.6405400000	0.0920607633
1.6412500000	0.0934190300
1.6419600000	0.0948256673
1.6426800000	0.0962839037
1.6433900000	0.0977941431
1.6441000000	0.0993583403
1.6448100000	0.1009786251
1.6455300000	0.1026563708
1.6462400000	0.1043932795
1.6469500000	0.1061920913
1.6476700000	0.1080549063
1.6483800000	0.1099841632
1.6490900000	0.1119818059
1.6498100000	0.1140509148
1.6505200000	0.1161942264
1.6512300000	0.1184137833
1.6519400000	0.1207138872
1.6526600000	0.1230973923
1.6533700000	0.1255670073
1.6540800000	0.1281283088
1.6548000000	0.1307842314
1.6555100000	0.1335386225
1.6562200000	0.1363979606
1.6569400000	0.1393638829
1.6576500000	0.1424422850
1.6583600000	0.1456388229
1.6590700000	0.1489587952
1.6597900000	0.1524056523
1.6605000000	0.1559914726
1.6612100000	0.1597193295
1.6619300000	0.1635963163
1.6626400000	0.1676309991
1.6633500000	0.1718316039
1.6640600000	0.1762055957
1.6647800000	0.1807635383
1.6654900000	0.1855151931
1.6662000000	0.1904697916
1.6669200000	0.1956398588
1.6676300000	0.2010355360
1.6683400000	0.2066713937
1.6690600000	0.2125597718
1.6697700000	0.2187181480
1.6704800000	0.2251617601
1.6711900000	0.2319060159
1.6719100000	0.2389698832
1.6726200000	0.2463750676
1.6733300000	0.2541410502
1.6740500000	0.2622905494
1.6747600000	0.2708506181
1.6754700000	0.2798492101
1.6761900000	0.2893105890
1.6769000000	0.2992756115
1.6776100000	0.3097691318
1.6783200000	0.3208421316
1.6790400000	0.3317708993
1.6797500000	0.3440880847
1.6804600000	0.3571173156
1.6811800000	0.3709133668
1.6818900000	0.3855336918
1.6826000000	0.4010466582
1.6833100000	0.4175226469
1.6840300000	0.4350370303
1.6847400000	0.4536707794
1.6854500000	0.4735191681
1.6861700000	0.4946769071
1.6868800000	0.5172497469
1.6875900000	0.5413691025
1.6883100000	0.5671572656
1.6890200000	0.5947667402
1.6897300000	0.6243572338
1.6904400000	0.6561093455
1.6911600000	0.6902275771
1.6918700000	0.7269313084
1.6925800000	0.7664672023
1.6933000000	0.8091151501
1.6940100000	0.8551718241
1.6947200000	0.9049888473
1.6954400000	0.9589270572
1.6961500000	1.0174033804
1.6968600000	1.0808575463
1.6975700000	1.1498101050
1.6982900000	1.2248038017
1.6990000000	1.3064218709
1.6997100000	1.3953109580
1.7004300000	1.4937661119
1.7011400000	1.6023653972
1.7018500000	1.7209159416
1.7025600000	1.8502082493
1.7032800000	1.9909538440
1.7039900000	2.1437958307
1.7047000000	2.3091677113
1.7054200000	2.4871878359
1.7061300000	2.6775410211
1.7068400000	2.8792327666
1.7075600000	3.0904845105
1.7082700000	3.3084150081
1.7089800000	3.5288718918
1.7096900000	3.7463350982
1.7104100000	3.9538963822
1.7111200000	4.1434726384
1.7118300000	4.3063340111
1.7125500000	4.4339076298
1.7132600000	4.5186889533
1.7139700000	4.5553215572
1.7146800000	4.5413792705
1.7154000000	4.4778003221
1.7161100000	4.3684913167
1.7168200000	4.2201358109
1.7175400000	4.0409890483
1.7182500000	3.8397304712
1.7189600000	3.6249094148
1.7196800000	3.4040880124
1.7203900000	3.1834096846
1.7211000000	2.9773916125
1.7218100000	2.7691579602
1.7225300000	2.5716997080
1.7232400000	2.3863717764
1.7239500000	2.2137795793
1.7246700000	2.0539932320
1.7253800000	1.9067007157
1.7260900000	1.7713403148
1.7268100000	1.6472076860
1.7275200000	1.5334999654
1.7282300000	1.4294289778
1.7289400000	1.3341958547
1.7296600000	1.2470076252
1.7303700000	1.1671559938
1.7310800000	1.0939684900
1.7318000000	1.0268242799
1.7325100000	0.9651620743
1.7332200000	0.9084550781
1.7339300000	0.8562437461
1.7346500000	0.8081063754
1.7353600000	0.7636691957
1.7360700000	0.7225804147
1.7367900000	0.6845390694
1.7375000000	0.6492705199
1.7382100000	0.6165270712
1.7389300000	0.5860870737
1.7396400000	0.5577502713
1.7403500000	0.5313373306
1.7410600000	0.5066853853
1.7417800000	0.4836489743
1.7424900000	0.4620954948
1.7432000000	0.4419053601
1.7439200000	0.4229720792
1.7446300000	0.4051962883
1.7453400000	0.3884894475
1.7460600000	0.3727696108
1.7467700000	0.3579640139
1.7474800000	0.3440055794
1.7481900000	0.3308326125
1.7489100000	0.3183888186
1.7496200000	0.3066224792
1.7503300000	0.2954871350
1.7510500000	0.2849391746
1.7517600000	0.2749385396
1.7524700000	0.2654491349
1.7531800000	0.2564379016
1.7539000000	0.2478743064
1.7546100000	0.2397290977
1.7553200000	0.2319768339
1.7560400000	0.2245919301
1.7567500000	0.2175522254
1.7574600000	0.2108371750
1.7581800000	0.2044268544
1.7588900000	0.1983045617
1.7596000000	0.1924556834
1.7603100000	0.1868589083
1.7610300000	0.1815025913
1.7617400000	0.1763741109
1.7624500000	0.1714600320
1.7631700000	0.1667497246
1.7638800000	0.1621020060
1.7645900000	0.1577640274
1.7653100000	0.1535992280
1.7660200000	0.1495982320
1.7667300000	0.1457524905
1.7674400000	0.1420545610
1.7681600000	0.1384966641
1.7688700000	0.1350721864
1.7695800000	0.1317742023
1.7703000000	0.1285967178
1.7710100000	0.1255346612
1.7717200000	0.1225811678
1.7724300000	0.1197325926
1.7731500000	0.1169839985
1.7738600000	0.1143304252
1.7745700000	0.1117673350
1.7752900000	0.1092911931
1.7760000000	0.1068978742
1.7767100000	0.1045838192
1.7774300000	0.1023452038
1.7781400000	0.1001790097
1.7788500000	0.0980825341
1.7795600000	0.0960528450
1.7802800000	0.0940866224
1.7809900000	0.0921818869
1.7817000000	0.0903358335
1.7824200000	0.0885462470
1.7831300000	0.0868103295
1.7838400000	0.0851267267
1.7845500000	0.0834928998
1.7852700000	0.0819072317
1.7859800000	0.0803675127
1.7866900000	0.0788720218
1.7874100000	0.0774201528
1.7881200000	0.0760087384
1.7888300000	0.0746367647
1.7895500000	0.0733029405
1.7902600000	0.0720051890
1.7909700000	0.0707434835
1.7916800000	0.0695155712
1.7924000000	0.0683208825
1.7931100000	0.0671579463
1.7938200000	0.0660256276
1.7945400000	0.0649230011
1.7952500000	0.0638487385
1.7959600000	0.0628021384
1.7966800000	0.0617819012
1.7973900000	0.0607875231
1.7981000000	0.0598180755
1.7988100000	0.0588728609
1.7995300000	0.0579511431
1.8002400000	0.0570476637
1.8009500000	0.0561580462
1.8016700000	0.0552903186
1.8023800000	0.0544435528
1.8030900000	0.0536173806
1.8038000000	0.0528111884
1.8045200000	0.0520243521
1.8052300000	0.0512560808
1.8059400000	0.0505054072
1.8066600000	0.0497726193
1.8073700000	0.0490568923
1.8080800000	0.0483574088
1.8088000000	0.0476739624
1.8095100000	0.0469247038
1.8102200000	0.0462716458
1.8109300000	0.0456331643
1.8116500000	0.0450086249
1.8123600000	0.0443978757
1.8130700000	0.0438004643
1.8137900000	0.0432159746
1.8145000000	0.0426439898
1.8152100000	0.0420839791
1.8159300000	0.0415371093
1.8166400000	0.0410005479
1.8173500000	0.0404755299
1.8180600000	0.0399610348
1.8187800000	0.0394573373
1.8194900000	0.0389640789
1.8202000000	0.0384806168
1.8209200000	0.0380071089
1.8216300000	0.0375430988
1.8223400000	0.0370881628
1.8230500000	0.0366422869
1.8237700000	0.0362050084
1.8244800000	0.0357765345
1.8251900000	0.0353561708
1.8259100000	0.0349436910
1.8266200000	0.0345393684
1.8273300000	0.0341427107
1.8280500000	0.0337535702
1.8287600000	0.0333717266
1.8294700000	0.0329967842
1.8301800000	0.0326289016
1.8309000000	0.0322678447
1.8316100000	0.0319131912
1.8323200000	0.0315650446
1.8330400000	0.0312231045
1.8337500000	0.0308869652
1.8344600000	0.0305571208
1.8351800000	0.0302331121
1.8358900000	0.0299144277
1.8366000000	0.0296013015
1.8373100000	0.0292937153
1.8380300000	0.0289914802
1.8387400000	0.0286942904
1.8394500000	0.0284021147
1.8401700000	0.0281147107
1.8408800000	0.0278321604
1.8415900000	0.0275542312
1.8423000000	0.0272808446
1.8430200000	0.0270113987
1.8437300000	0.0267463745
1.8444400000	0.0264865320
1.8451600000	0.0262301899
1.8458700000	0.0259777694
1.8465800000	0.0257291623
1.8473000000	0.0254843713
1.8480100000	0.0252432645
1.8487200000	0.0250058276
1.8494300000	0.0247716278
1.8501500000	0.0245410383
1.8508600000	0.0243138413
1.8515700000	0.0240898620
1.8522900000	0.0238687394
1.8530000000	0.0236507662
1.8537100000	0.0234358682
1.8544200000	0.0232237547
1.8551400000	0.0230146288
1.8558500000	0.0228081690
1.8565600000	0.0225197858
1.8572800000	0.0223166123
1.8579900000	0.0221158639
1.8587000000	0.0219175042
1.8594200000	0.0217214357
1.8601300000	0.0215275273
1.8608400000	0.0213355816
1.8615500000	0.0211456285
1.8622700000	0.0209576539
1.8629800000	0.0207713479
1.8636900000	0.0205869223
1.8644100000	0.0204040721
1.8651200000	0.0202228470
1.8658300000	0.0200428492
1.8665500000	0.0198644130
1.8672600000	0.0196874980
1.8679700000	0.0195116608
1.8686800000	0.0193369853
1.8694000000	0.0191633363
1.8701100000	0.0189905175
1.8708200000	0.0188185070
1.8715400000	0.0186471025
1.8722500000	0.0184762595
1.8729600000	0.0183060790
1.8736700000	0.0181359391
1.8743900000	0.0179672359
1.8751000000	0.0177978729
1.8758100000	0.0176283167
1.8765300000	0.0174587526
1.8772400000	0.0172886680
1.8779500000	0.0171183710
1.8786700000	0.0169473861
1.8793800000	0.0167754536
1.8800900000	0.0166028381
1.8808000000	0.0164291512
1.8815200000	0.0162538489
1.8822300000	0.0160767537
1.8829400000	0.0158982848
1.8836600000	0.0157179587
1.8843700000	0.0155345298
1.8850800000	0.0153490637
1.8858000000	0.0151608838
1.8865100000	0.0149692179
1.8872200000	0.0147740432
1.8879300000	0.0145746752
1.8886500000	0.0143705579
1.8893600000	0.0141609298
1.8900700000	0.0139454908
1.8907900000	0.0137229418
1.8915000000	0.0134911827
1.8922100000	0.0132516408
1.8929200000	0.0130003901
1.8936400000	0.0127378606
1.8943500000	0.0124611364
1.8950600000	0.0121675246
1.8957800000	0.0118542803
1.8964900000	0.0115182229
1.8972000000	0.0111554310
1.8979200000	0.0107607680
1.8986300000	0.0103293224
1.8993400000	0.0098552288
1.9000500000	0.0093298939
1.9007700000	0.0087230019
1.9014800000	0.0080427331
1.9021900000	0.0072808303
1.9029100000	0.0064288956
1.9036200000	0.0054759253
1.9043300000	0.0045506817
1.9050500000	0.0039570216
1.9057600000	0.0031492344
1.9064700000	0.0028214120
1.9071800000	0.0025829375
1.9079000000	0.0020597853
1.9086100000	0.0022628579
1.9093200000	0.0017111051
1.9100400000	0.0009621776
1.9107500000	0.0015568641
1.9114600000	0.0025910615
1.9121700000	0.0010708199
1.9128900000	0.0021905551
1.9136000000	0.0037554563
1.9143100000	0.0058384094
1.9150300000	0.0004070501
1.9157400000	0.0018629391
1.9164500000	0.0045672875
1.9321400000	0.0001882647
1.9328500000	0.0070633752
1.9335600000	0.0152988333
1.9342800000	0.0227436661
1.9349900000	0.0292893400
1.9357000000	0.0348781302
1.9364200000	0.0395176937
1.9371300000	0.0432376860
1.9378400000	0.0461016954
1.9385500000	0.0481918034
1.9392700000	0.0496003919
1.9399800000	0.0504237907
1.9406900000	0.0507550680
1.9414100000	0.0506878338
1.9421200000	0.0502848853
1.9428300000	0.0496329865
1.9435400000	0.0487788941
1.9442600000	0.0477819149
1.9449700000	0.0466865094
1.9456800000	0.0455262502
1.9464000000	0.0443309439
1.9471100000	0.0431248846
1.9478200000	0.0419268989
1.9485400000	0.0407484381
1.9492500000	0.0396027729
1.9499600000	0.0384969653
1.9506700000	0.0374384300
1.9513900000	0.0364292740
1.9521000000	0.0354772784
1.9528100000	0.0345755773
1.9535300000	0.0337293941
1.9542400000	0.0329404426
1.9549500000	0.0322041661
1.9556700000	0.0315231296
1.9563800000	0.0316604314
1.9570900000	0.0310448132
1.9578000000	0.0304808368
1.9585200000	0.0299670657
1.9592300000	0.0295013829
1.9599400000	0.0290816202
1.9606600000	0.0287056247
1.9613700000	0.0283708058
1.9620800000	0.0280758148
1.9627900000	0.0278161187
1.9635100000	0.0275879186
1.9642200000	0.0273885144
1.9649300000	0.0272129888
1.9656500000	0.0270576627
1.9663600000	0.0269185903
1.9670700000	0.0267886446
1.9677900000	0.0266642783
1.9685000000	0.0265384980
1.9692100000	0.0264064658
1.9699200000	0.0262635315
1.9706400000	0.0261043682
1.9713500000	0.0259254320
1.9720600000	0.0257237233
1.9727800000	0.0254978531
1.9734900000	0.0252465981
1.9742000000	0.0249698195
1.9749100000	0.0246699753
1.9756300000	0.0243484323
1.9763400000	0.0240088860
1.9770500000	0.0236549998
1.9777700000	0.0232910117
1.9784800000	0.0229202458
1.9791900000	0.0225470280
1.9799100000	0.0221746811
1.9806200000	0.0218063798
1.9813300000	0.0214449312
1.9820400000	0.0210926433
1.9827600000	0.0207513959
1.9834700000	0.0204229511
1.9841800000	0.0201080207
1.9849000000	0.0198071038
1.9856100000	0.0195208327
1.9863200000	0.0192497715
1.9870400000	0.0189936297
1.9877500000	0.0187519547
1.9884600000	0.0185248058
1.9891700000	0.0183118288
1.9898900000	0.0181126823
1.9906000000	0.0179269073
1.9913100000	0.0177539046
1.9920300000	0.0175933001
1.9927400000	0.0174445975
1.9934500000	0.0173074196
1.9941600000	0.0171812493
1.9948800000	0.0170656247
1.9955900000	0.0169602218
1.9963000000	0.0168642841
1.9970200000	0.0167776217
1.9977300000	0.0166999267
1.9984400000	0.0166309057
1.9991600000	0.0165702291
1.9998700000	0.0165176491
2.0005800000	0.0164771753
2.0012900000	0.0164457660
2.0020100000	0.0164221338
2.0027200000	0.0164060838
2.0034300000	0.0163974323
2.0041500000	0.0163960204
2.0048600000	0.0164017979
2.0055700000	0.0164145692
2.0062900000	0.0164342224
2.0070000000	0.0164607405
2.0077100000	0.0164941406
2.0084200000	0.0165342452
2.0091400000	0.0166466420
2.0098500000	0.0166986048
2.0105600000	0.0167573971
2.0112800000	0.0168230972
2.0119900000	0.0168957031
2.0127000000	0.0169753168
2.0134100000	0.0170620280
2.0141300000	0.0171559508
2.0148400000	0.0172571797
2.0155500000	0.0173658883
2.0162700000	0.0174822244
2.0169800000	0.0176063812
2.0176900000	0.0177385318
2.0184100000	0.0178789295
2.0191200000	0.0180278215
2.0198300000	0.0181855456
2.0205400000	0.0183523078
2.0212600000	0.0185285195
2.0219700000	0.0187145384
2.0226800000	0.0189109947
2.0234000000	0.0191178687
2.0241100000	0.0193358616
2.0248200000	0.0195655127
2.0255400000	0.0198073927
2.0262500000	0.0200620785
2.0269600000	0.0203302182
2.0276700000	0.0206124690
2.0283900000	0.0209095668
2.0291000000	0.0212222146
2.0298100000	0.0215511682
2.0305300000	0.0218972166
2.0312400000	0.0222611255
2.0319500000	0.0226437223
2.0326600000	0.0230458655
2.0333800000	0.0234684219
2.0340900000	0.0239123550
2.0348000000	0.0243784083
2.0355200000	0.0248676306
2.0362300000	0.0253810444
2.0369400000	0.0259197627
2.0376600000	0.0264848981
2.0383700000	0.0270778365
2.0390800000	0.0276999442
2.0397900000	0.0283526382
2.0405100000	0.0290375107
2.0412200000	0.0297563854
2.0419300000	0.0305109759
2.0426500000	0.0313031060
2.0433600000	0.0321348472
2.0440700000	0.0330082968
2.0447800000	0.0339255375
2.0455000000	0.0348889072
2.0462100000	0.0359005513
2.0469200000	0.0369627254
2.0476400000	0.0380777956
2.0483500000	0.0392481022
2.0490600000	0.0404757619
2.0497800000	0.0417630673
2.0504900000	0.0431116270
2.0512000000	0.0445237117
2.0519100000	0.0460002398
2.0526300000	0.0475430237
2.0533400000	0.0491524384
2.0540500000	0.0508284447
2.0547700000	0.0525706026
2.0554800000	0.0543771132
2.0561900000	0.0562458149
2.0569100000	0.0581727266
2.0576200000	0.0601529642
2.0583300000	0.0621798157
2.0590400000	0.0642447246
2.0597600000	0.0663375489
2.0604700000	0.0684456479
2.0611800000	0.0705546709
2.0619000000	0.0726480698
2.0626100000	0.0747069018
2.0633200000	0.0767102041
2.0640300000	0.0786355555
2.0647500000	0.0804589642
2.0654600000	0.0821567403
2.0661700000	0.0837035342
2.0668900000	0.0850753763
2.0676000000	0.0862496442
2.0683100000	0.0872061112
2.0690300000	0.0879274111
2.0697400000	0.0884009043
2.0704500000	0.0886180045
2.0711600000	0.0885748233
2.0718800000	0.0882733817
2.0725900000	0.0877195952
2.0733000000	0.0869247440
2.0740200000	0.0859046717
2.0747300000	0.0846779247
2.0754400000	0.0832661637
2.0761600000	0.0816933542
2.0768700000	0.0799829659
2.0775800000	0.0781600720
2.0782900000	0.0762486074
2.0790100000	0.0742716152
2.0797200000	0.0722507859
2.0804300000	0.0702051102
2.0811500000	0.0681523516
2.0818600000	0.0661083277
2.0825700000	0.0640853000
2.0832800000	0.0620954129
2.0840000000	0.0601472133
2.0847100000	0.0582479599
2.0854200000	0.0564040131
2.0861400000	0.0546187990
2.0868500000	0.0528958930
2.0875600000	0.0512371634
2.0882800000	0.0496436995
2.0889900000	0.0481162311
2.0897000000	0.0466533137
2.0904100000	0.0452544915
2.0911300000	0.0439182845
2.0918400000	0.0426431920
2.0925500000	0.0414271169
2.0932700000	0.0402677048
2.0939800000	0.0391627075
2.0946900000	0.0381097216
2.0954100000	0.0371069000
2.0961200000	0.0361503375
2.0968300000	0.0352384080
2.0975400000	0.0343682745
2.0982600000	0.0335379065
2.0989700000	0.0327448652
2.0996800000	0.0319864755
2.1004000000	0.0312358400
2.1011100000	0.0304977352
2.1018200000	0.0297909639
2.1025300000	0.0291135702
2.1032500000	0.0284638897
2.1039600000	0.0278401701
2.1046700000	0.0272412446
2.1053900000	0.0266654206
2.1061000000	0.0261117030
2.1068100000	0.0255794014
2.1075300000	0.0250669009
2.1082400000	0.0245740902
2.1089500000	0.0240994370
2.1096600000	0.0236424425
2.1103800000	0.0232025309
2.1110900000	0.0227790317
2.1118000000	0.0223713287
2.1125200000	0.0219788234
2.1132300000	0.0216015706
2.1139400000	0.0212377431
2.1146500000	0.0208871899
2.1153700000	0.0205494997
2.1160800000	0.0202241389
2.1167900000	0.0199103953
2.1175100000	0.0196078378
2.1182200000	0.0193158673
2.1189300000	0.0190341744
2.1196500000	0.0187618874
2.1203600000	0.0184986681
2.1210700000	0.0182441474
2.1217800000	0.0179977594
2.1225000000	0.0177590903
2.1232100000	0.0175202996
2.1239200000	0.0172951833
2.1246400000	0.0170765828
2.1253500000	0.0168644274
2.1260600000	0.0166584440
2.1267800000	0.0164584167
2.1274900000	0.0162642930
2.1282000000	0.0160760861
2.1289100000	0.0158937684
2.1296300000	0.0157174975
2.1303400000	0.0155473702
2.1310500000	0.0153837885
2.1317700000	0.0152273765
2.1324800000	0.0150782951
2.1331900000	0.0149373817
2.1339000000	0.0148052026
2.1346200000	0.0146819765
2.1353300000	0.0145690927
2.1360400000	0.0144669265
2.1367600000	0.0143760589
2.1374700000	0.0142970026
2.1381800000	0.0142299738
2.1389000000	0.0141754305
2.1396100000	0.0141334358
2.1403200000	0.0141035976
2.1410300000	0.0140855872
2.1417500000	0.0140783615
2.1424600000	0.0140813408
2.1431700000	0.0140935160
2.1438900000	0.0141138906
2.1446000000	0.0141405413
2.1453100000	0.0141728623
2.1460300000	0.0142092780
2.1467400000	0.0142483273
2.1474500000	0.0142890718
2.1481600000	0.0143306180
2.1488800000	0.0143722119
2.1495900000	0.0144130502
2.1503000000	0.0144527515
2.1510200000	0.0144909606
2.1517300000	0.0145275984
2.1524400000	0.0145625265
2.1531500000	0.0145958948
2.1538700000	0.0146278022
2.1545800000	0.0146584581
2.1552900000	0.0146881513
2.1560100000	0.0147172124
2.1567200000	0.0147458709
2.1574300000	0.0147744478
2.1581500000	0.0148032039
2.1588600000	0.0148324341
2.1595700000	0.0148623602
2.1602800000	0.0148932102
2.1610000000	0.0149251897
2.1617100000	0.0149584442
2.1624200000	0.0149931262
2.1631400000	0.0150293431
2.1638500000	0.0150671622
2.1645600000	0.0151065886
2.1652800000	0.0151476620
2.1659900000	0.0151903676
2.1667000000	0.0152345793
2.1674100000	0.0152802486
2.1681300000	0.0153272729
2.1688400000	0.0153754223
2.1695500000	0.0154245496
2.1702700000	0.0154744487
2.1709800000	0.0155249013
2.1716900000	0.0155756544
2.1724000000	0.0156264741
2.1731200000	0.0156771215
2.1738300000	0.0157273298
2.1745400000	0.0157769107
2.1752600000	0.0158256518
2.1759700000	0.0158733902
2.1766800000	0.0159199909
2.1774000000	0.0159652831
2.1781100000	0.0160094309
2.1788200000	0.0160523394
2.1795300000	0.0160940402
2.1802500000	0.0161346694
2.1809600000	0.0161743522
2.1816700000	0.0162132733
2.1823900000	0.0162516274
2.1831000000	0.0162896364
2.1838100000	0.0163232096
2.1845200000	0.0163610958
2.1852400000	0.0163993581
2.1859500000	0.0164382469
2.1866600000	0.0164779978
2.1873800000	0.0165188360
2.1880900000	0.0165609658
2.1888000000	0.0166045960
2.1895200000	0.0166499063
2.1902300000	0.0166970589
2.1909400000	0.0167462319
2.1916500000	0.0167975509
2.1923700000	0.0168511558
2.1930800000	0.0169071748
2.1937900000	0.0169657010
2.1945100000	0.0170268512
2.1952200000	0.0170906965
2.1959300000	0.0171573208
2.1966500000	0.0172267812
2.1973600000	0.0172991659
2.1980700000	0.0173745115
2.1987800000	0.0174528793
2.1995000000	0.0175342922
2.2002100000	0.0176307446
2.2009200000	0.0177594197
2.2016400000	0.0178920376
2.2023500000	0.0180286440
2.2030600000	0.0181692531
2.2037700000	0.0183138981
2.2044900000	0.0184626269
2.2052000000	0.0186154942
2.2059100000	0.0187725165
2.2066300000	0.0189337285
2.2073400000	0.0190991918
2.2080500000	0.0192689583
2.2087700000	0.0194430533
2.2094800000	0.0196215612
2.2101900000	0.0198045204
2.2109000000	0.0199919444
2.2116200000	0.0201839879
2.2123300000	0.0203806842
2.2130400000	0.0205820933
2.2137600000	0.0207882977
2.2144700000	0.0209993780
2.2151800000	0.0212154164
2.2159000000	0.0214365086
2.2166100000	0.0216626992
2.2173200000	0.0218941446
2.2180300000	0.0221309591
2.2187500000	0.0223732192
2.2194600000	0.0226210341
2.2201700000	0.0228745102
2.2208900000	0.0231338221
2.2216000000	0.0233990634
2.2223100000	0.0236703648
2.2230200000	0.0239478720
2.2237400000	0.0242317298
2.2244500000	0.0245220830
2.2251600000	0.0248190811
2.2258800000	0.0251228866
2.2265900000	0.0254336876
2.2273000000	0.0257516467
2.2280200000	0.0260769475
2.2287300000	0.0264097440
2.2294400000	0.0267502942
2.2301500000	0.0270987386
2.2308700000	0.0274553026
2.2315800000	0.0278202656
2.2322900000	0.0281937879
2.2330100000	0.0285761336
2.2337200000	0.0289675283
2.2344300000	0.0293682310
2.2351500000	0.0297784909
2.2358600000	0.0301986305
2.2365700000	0.0306288652
2.2372800000	0.0310695190
2.2380000000	0.0315208963
2.2387100000	0.0319833061
2.2394200000	0.0324570577
2.2401400000	0.0329425372
2.2408500000	0.0334400762
2.2415600000	0.0339499947
2.2422700000	0.0344726298
2.2429900000	0.0350084897
2.2437000000	0.0355580207
2.2444100000	0.0361214730
2.2451300000	0.0366992838
2.2458400000	0.0372921207
2.2465500000	0.0379003363
2.2472700000	0.0384907406
2.2479800000	0.0391305645
2.2486900000	0.0397872839
2.2494000000	0.0404614657
2.2501200000	0.0411536808
2.2508300000	0.0418644876
2.2515400000	0.0425945392
2.2522600000	0.0433444654
2.2529700000	0.0441150415
2.2536800000	0.0449068373
2.2543900000	0.0457205612
2.2551100000	0.0465570801
2.2558200000	0.0474170481
2.2565300000	0.0483014274
2.2572500000	0.0492110668
2.2579600000	0.0501467028
2.2586700000	0.0511094021
2.2593900000	0.0521000871
2.2601000000	0.0531196027
2.2608100000	0.0541692073
2.2615200000	0.0552498837
2.2622400000	0.0563628029
2.2629500000	0.0575090579
2.2636600000	0.0586900217
2.2643800000	0.0599068062
2.2650900000	0.0611607868
2.2658000000	0.0624533113
2.2665200000	0.0637858974
2.2672300000	0.0651599104
2.2679400000	0.0665768448
2.2686500000	0.0680385696
2.2693700000	0.0695466104
2.2700800000	0.0711025723
2.2707900000	0.0727086367
2.2715100000	0.0743664538
2.2722200000	0.0760780064
2.2729300000	0.0778452343
2.2736400000	0.0796704119
2.2743600000	0.0815556608
2.2750700000	0.0835032177
2.2757800000	0.0855154157
2.2765000000	0.0875946949
2.2772100000	0.0897435903
2.2779200000	0.0919646104
2.2786400000	0.0942605110
2.2793500000	0.0966340528
2.2800600000	0.0990878605
2.2807700000	0.1016250167
2.2814900000	0.1042481594
2.2822000000	0.1069607938
2.2829100000	0.1097661248
2.2836300000	0.1126670164
2.2843400000	0.1156666117
2.2850500000	0.1187682736
2.2857700000	0.1219750209
2.2864800000	0.1252904696
2.2871900000	0.1287176577
2.2879000000	0.1322596260
2.2886200000	0.1359197673
2.2893300000	0.1397008492
2.2900400000	0.1436059424
2.2907600000	0.1476376920
2.2914700000	0.1517986676
2.2921800000	0.1560911316
2.2928900000	0.1605169442
2.2936100000	0.1650776071
2.2943200000	0.1697742767
2.2950300000	0.1746077413
2.2957500000	0.1795776676
2.2964600000	0.1846834685
2.2971700000	0.1899237541
2.2978900000	0.1952960205
2.2986000000	0.2007966606
2.2993100000	0.2064213930
2.3000200000	0.2121754859
2.3007400000	0.2183696554
2.3014500000	0.2246863328
2.3021600000	0.2311140403
2.3028800000	0.2376394548
2.3035900000	0.2442465663
2.3043000000	0.2509173092
2.3050200000	0.2576305526
2.3057300000	0.2643628138
2.3064400000	0.2710876681
2.3071500000	0.2777759768
2.3078700000	0.2843959936
2.3085800000	0.2909131640
2.3092900000	0.2972905675
2.3100100000	0.3034890829
2.3107200000	0.3094681558
2.3114300000	0.3151865756
2.3121400000	0.3205996807
2.3128600000	0.3256663197
2.3135700000	0.3305838900
2.3142800000	0.3348674445
2.3150000000	0.3386828652
2.3157100000	0.3419935114
2.3164200000	0.3447683016
2.3171400000	0.3469795978
2.3178500000	0.3486070288
2.3185600000	0.3496299988
2.3192700000	0.3500399505
2.3199900000	0.3498331293
2.3207000000	0.3490131659
2.3214100000	0.3475880104
2.3221300000	0.3455749881
2.3228400000	0.3429937597
2.3235500000	0.3398714060
2.3242600000	0.3362395640
2.3249800000	0.3321330663
2.3256900000	0.3275912564
2.3264000000	0.3226556905
2.3271200000	0.3173649314
2.3278300000	0.3117644981
2.3285400000	0.3058969021
2.3292600000	0.2998037836
2.3299700000	0.2935260749
2.3306800000	0.2871035274
2.3313900000	0.2805726014
2.3321100000	0.2739684079
2.3328200000	0.2673230418
2.3335300000	0.2606658214
2.3342500000	0.2540234895
2.3349600000	0.2474213616
2.3356700000	0.2408780766
2.3363900000	0.2344129683
2.3371000000	0.2280432283
2.3378100000	0.2217809125
2.3385200000	0.2156384666
2.3392400000	0.2096255987
2.3399500000	0.2037494978
2.3406600000	0.1980160870
2.3413800000	0.1924300475
2.3420900000	0.1869947608
2.3428000000	0.1817117044
2.3435100000	0.1765821462
2.3442300000	0.1716058099
2.3449400000	0.1667820011
2.3456500000	0.1621092858
2.3463700000	0.1575856560
2.3470800000	0.1532084269
2.3477900000	0.1489747071
2.3485100000	0.1448815156
2.3492200000	0.1409251817
2.3499300000	0.1371016254
2.3506400000	0.1334073806
2.3513600000	0.1298383798
2.3520700000	0.1263905641
2.3527800000	0.1230602114
2.3535000000	0.1198426589
2.3542100000	0.1167342164
2.3549200000	0.1137308851
2.3556400000	0.1108289423
2.3563500000	0.1080241496
2.3570600000	0.1053129993
2.3577700000	0.1026918056
2.3584900000	0.1001570249
2.3592000000	0.0977053503
2.3599100000	0.0953334032
2.3606300000	0.0930381534
2.3613400000	0.0908165721
2.3620500000	0.0886657502
2.3627600000	0.0865828957
2.3634800000	0.0845654299
2.3641900000	0.0826108999
2.3649000000	0.0807168118
2.3656200000	0.0788809096
2.3663300000	0.0771011154
2.3670400000	0.0753753290
2.3677600000	0.0737016000
2.3684700000	0.0720780113
2.3691800000	0.0705028940
2.3698900000	0.0689744747
2.3706100000	0.0674911105
2.3713200000	0.0660512978
2.3720300000	0.0646534751
2.3727500000	0.0632962909
2.3734600000	0.0619783413
2.3741700000	0.0606982982
2.3748800000	0.0594548440
2.3756000000	0.0582468516
2.3763100000	0.0570730221
2.3770200000	0.0559323682
2.3777400000	0.0548236833
2.3784500000	0.0537459882
2.3791600000	0.0526981598
2.3798800000	0.0516791607
2.3805900000	0.0506881830
2.3813000000	0.0497242811
2.3820100000	0.0487693204
2.3827300000	0.0478541594
2.3834400000	0.0469635066
2.3841500000	0.0460965261
2.3848700000	0.0452524021
2.3855800000	0.0444304311
2.3862900000	0.0436297685
2.3870100000	0.0428497921
2.3877200000	0.0420897967
2.3884300000	0.0413491853
2.3891400000	0.0406271971
2.3898600000	0.0399231677
2.3905700000	0.0392366807
2.3912800000	0.0385670682
2.3920000000	0.0379135760
2.3927100000	0.0372759357
2.3934200000	0.0366536404
2.3941300000	0.0360460081
2.3948500000	0.0354521834
2.3955600000	0.0348725560
2.3962700000	0.0343060801
2.3969900000	0.0337526370
2.3977000000	0.0332115626
2.3984100000	0.0326825391
2.3991300000	0.0321651522
2.3998400000	0.0316589782
2.4005500000	0.0311416301
2.4012600000	0.0306293331
2.4019800000	0.0301283750
2.4026900000	0.0296382428
2.4034000000	0.0291585999
2.4041200000	0.0286889868
2.4048300000	0.0282288418
2.4055400000	0.0277783058
2.4062600000	0.0273367455
2.4069700000	0.0269038135
2.4076800000	0.0264789403
2.4083900000	0.0260621886
2.4091100000	0.0256530056
2.4098200000	0.0252512499
2.4105300000	0.0248565037
2.4112500000	0.0244684632
2.4119600000	0.0240868495
2.4126700000	0.0237113703
2.4133800000	0.0233417458
2.4141000000	0.0229777073
2.4148100000	0.0226189056
2.4155200000	0.0222652717
2.4162400000	0.0219164645
2.4169500000	0.0215722539
2.4176600000	0.0212324124
2.4183800000	0.0208964953
2.4190900000	0.0205644534
2.4198000000	0.0202364397
2.4205100000	0.0199118980
2.4212300000	0.0195906319
2.4219400000	0.0192727254
2.4226500000	0.0189579643
2.4233700000	0.0186457265
2.4240800000	0.0183367559
2.4247900000	0.0180305415
2.4255100000	0.0177269923
2.4262200000	0.0174259222
2.4269300000	0.0171276628
2.4276400000	0.0168319824
2.4283600000	0.0165389653
2.4290700000	0.0162486500
2.4297800000	0.0159611056
2.4305000000	0.0156764965
2.4312100000	0.0153949698
2.4319200000	0.0151166099
2.4326300000	0.0148415083
2.4333500000	0.0145703069
2.4340600000	0.0143024240
2.4347700000	0.0140396935
2.4354900000	0.0137823039
2.4362000000	0.0135304417
2.4369100000	0.0132845009
2.4376300000	0.0130448029
2.4383400000	0.0128124394
2.4390500000	0.0125878247
2.4397600000	0.0123716263
2.4404800000	0.0121645846
2.4411900000	0.0119674474
2.4419000000	0.0117809873
2.4426200000	0.0116060056
2.4433300000	0.0114433070
2.4440400000	0.0112934857
2.4447500000	0.0111577363
2.4454700000	0.0110366275
2.4461800000	0.0109308810
2.4468900000	0.0108407719
2.4476100000	0.0107672081
2.4483200000	0.0107112157
2.4490300000	0.0106729838
2.4497500000	0.0106527105
2.4504600000	0.0106496645
2.4511700000	0.0106657829
2.4518800000	0.0107000731
2.4526000000	0.0107522979
2.4533100000	0.0105341659
2.4540200000	0.0106304324
2.4547400000	0.0107437648
2.4554500000	0.0108730871
2.4561600000	0.0110177251
2.4568800000	0.0111763243
2.4575900000	0.0113475816
2.4583000000	0.0115300934
2.4590100000	0.0117223872
2.4597300000	0.0119229266
2.4604400000	0.0121301319
2.4611500000	0.0123421014
2.4618700000	0.0125578922
2.4625800000	0.0127754718
2.4632900000	0.0129937044
2.4640000000	0.0132112281
2.4647200000	0.0134265698
2.4654300000	0.0136385581
2.4661400000	0.0138461324
2.4668600000	0.0140483361
2.4675700000	0.0142441774
2.4682800000	0.0144334215
2.4690000000	0.0146152777
2.4697100000	0.0147893588
2.4704200000	0.0149553969
2.4711300000	0.0151132028
2.4718500000	0.0152627528
2.4725600000	0.0154040757
2.4732700000	0.0155373447
2.4739900000	0.0156627590
2.4747000000	0.0157806276
2.4754100000	0.0158915050
2.4761300000	0.0159953611
2.4768400000	0.0160928322
2.4775500000	0.0161843570
2.4782600000	0.0162704468
2.4789800000	0.0163516546
2.4796900000	0.0164283639
2.4804000000	0.0165011740
2.4811200000	0.0165705193
2.4818300000	0.0166369337
2.4825400000	0.0167008856
2.4832500000	0.0167628510
2.4839700000	0.0168232797
2.4846800000	0.0168825943
2.4853900000	0.0169412019
2.4861100000	0.0169995207
2.4868200000	0.0170578549
2.4875300000	0.0171165715
2.4882500000	0.0171759868
2.4889600000	0.0172363899
2.4896700000	0.0172980408
2.4903800000	0.0173612149
2.4911000000	0.0174261430
2.4918100000	0.0174929118
2.4925200000	0.0175618427
2.4932400000	0.0176329120
2.4939500000	0.0177063821
2.4946600000	0.0177822473
2.4953800000	0.0178606397
2.4960900000	0.0179417134
2.4968000000	0.0180252842
2.4975100000	0.0181114751
2.4982300000	0.0182002500
2.4989400000	0.0182916060
2.4996500000	0.0183854213
2.5003700000	0.0184872404
2.5010800000	0.0185967956
2.5017900000	0.0187086255
2.5025000000	0.0188225037
2.5032200000	0.0189381738
2.5039300000	0.0190553212
2.5046400000	0.0191736180
2.5053600000	0.0192927062
2.5060700000	0.0194122534
2.5067800000	0.0195317545
2.5075000000	0.0196507183
2.5082100000	0.0197687817
2.5089200000	0.0198852755
2.5096300000	0.0199997275
2.5103500000	0.0201115834
2.5110600000	0.0202203022
2.5117700000	0.0203252167
2.5124900000	0.0204257663
2.5132000000	0.0205213358
2.5139100000	0.0206113157
2.5146200000	0.0206951143
2.5153400000	0.0207721485
2.5160500000	0.0208418642
2.5167600000	0.0209036833
2.5174800000	0.0209572569
2.5181900000	0.0210018383
2.5189000000	0.0210371088
2.5196200000	0.0210627220
2.5203300000	0.0210783428
2.5210400000	0.0210838574
2.5217500000	0.0210787673
2.5224700000	0.0210630820
2.5231800000	0.0210367323
2.5238900000	0.0209997597
2.5246100000	0.0209522478
2.5253200000	0.0208941363
2.5260300000	0.0208257498
2.5267500000	0.0207654104
2.5274600000	0.0206767960
2.5281700000	0.0205788594
2.5288800000	0.0204719514
2.5296000000	0.0203565442
2.5303100000	0.0202331302
2.5310200000	0.0201022292
2.5317400000	0.0199643611
2.5324500000	0.0198201152
2.5331600000	0.0196700081
2.5338700000	0.0195146344
2.5345900000	0.0193545567
2.5353000000	0.0191904316
2.5360100000	0.0190226385
2.5367300000	0.0188519778
2.5374400000	0.0186786311
2.5381500000	0.0185032861
2.5388700000	0.0183264147
2.5395800000	0.0181484755
2.5402900000	0.0179699018
2.5410000000	0.0177911498
2.5417200000	0.0176126250
2.5424300000	0.0174344965
2.5431400000	0.0172572246
2.5438600000	0.0170810908
2.5445700000	0.0169063782
2.5452800000	0.0167333779
2.5460000000	0.0165622653
2.5467100000	0.0163932543
2.5474200000	0.0162265498
2.5481300000	0.0160623139
2.5488500000	0.0159006920
2.5495600000	0.0157418260
2.5502700000	0.0155858243
2.5509900000	0.0154328683
2.5517000000	0.0152828785
2.5524100000	0.0151360137
2.5531200000	0.0149923328
2.5538400000	0.0148519446
2.5545500000	0.0147148089
2.5552600000	0.0145809663
2.5559800000	0.0144504582
2.5566900000	0.0143233049
2.5574000000	0.0141995112
2.5581200000	0.0140790775
2.5588300000	0.0139620117
2.5595400000	0.0138482979
2.5602500000	0.0137378868
2.5609700000	0.0136307871
2.5616800000	0.0135269589
2.5623900000	0.0134263630
2.5631100000	0.0133289646
2.5638200000	0.0132347214
2.5645300000	0.0131435867
2.5652500000	0.0130555073
2.5659600000	0.0129704103
2.5666700000	0.0128882411
2.5673800000	0.0128089388
2.5681000000	0.0127324289
2.5688100000	0.0126586478
2.5695200000	0.0125875022
2.5702400000	0.0125189360
2.5709500000	0.0124528424
2.5716600000	0.0123891767
2.5723700000	0.0123278316
2.5730900000	0.0122687408
2.5738000000	0.0122118161
2.5745100000	0.0121569781
2.5752300000	0.0121041473
2.5759400000	0.0120532454
2.5766500000	0.0120042063
2.5773700000	0.0119569432
2.5780800000	0.0119113988
2.5787900000	0.0118675055
2.5795000000	0.0118251944
2.5802200000	0.0117844145
2.5809300000	0.0117451131
2.5816400000	0.0117072258
2.5823600000	0.0116707207
2.5830700000	0.0116355703
2.5837800000	0.0116017144
2.5844900000	0.0115691355
2.5852100000	0.0115378056
2.5859200000	0.0115076971
2.5866300000	0.0114787869
2.5873500000	0.0114510607
2.5880600000	0.0114245011
2.5887700000	0.0113991027
2.5894900000	0.0113748534
2.5902000000	0.0113517479
2.5909100000	0.0113297804
2.5916200000	0.0113089544
2.5923400000	0.0112892662
2.5930500000	0.0112707169
2.5937600000	0.0112533097
2.5944800000	0.0112370483
2.5951900000	0.0112219302
2.5959000000	0.0112079653
2.5966200000	0.0111951628
2.5973300000	0.0111835159
2.5980400000	0.0111730330
2.5987500000	0.0111637319
2.5994700000	0.0111556128
2.6001800000	0.0111523600
2.6008900000	0.0111613790
2.6016100000	0.0111718327
2.6023200000	0.0111837415
2.6030300000	0.0111971030
2.6037400000	0.0112119204
2.6044600000	0.0112282915
2.6051700000	0.0112460316
2.6058800000	0.0112652475
2.6066000000	0.0112859381
2.6073100000	0.0113081066
2.6080200000	0.0113317557
2.6087400000	0.0113568881
2.6094500000	0.0113835038
2.6101600000	0.0114116205
2.6108700000	0.0114412291
2.6115900000	0.0114723282
2.6123000000	0.0115049288
2.6130100000	0.0115390400
2.6137300000	0.0115746573
2.6144400000	0.0116117836
2.6151500000	0.0116504276
2.6158700000	0.0116906016
2.6165800000	0.0117322946
2.6172900000	0.0117755211
2.6180000000	0.0118202872
2.6187200000	0.0118666007
2.6194300000	0.0119144683
2.6201400000	0.0119638988
2.6208600000	0.0120148948
2.6215700000	0.0120674711
2.6222800000	0.0121216358
2.6229900000	0.0121774033
2.6237100000	0.0122347788
2.6244200000	0.0122937785
2.6251300000	0.0123544143
2.6258500000	0.0124166934
2.6265600000	0.0124806429
2.6272700000	0.0125462657
2.6279900000	0.0126135775
2.6287000000	0.0126825951
2.6294100000	0.0127533488
2.6301200000	0.0128258446
2.6308400000	0.0129000967
2.6315500000	0.0129761320
2.6322600000	0.0130539761
2.6329800000	0.0131336402
2.6336900000	0.0132151485
2.6344000000	0.0132985205
2.6351200000	0.0133837819
2.6358300000	0.0134709582
2.6365400000	0.0135600743
2.6372500000	0.0136511476
2.6379700000	0.0137442170
2.6386800000	0.0138392975
2.6393900000	0.0139364221
2.6401100000	0.0140356163
2.6408200000	0.0141369096
2.6415300000	0.0142403293
2.6422400000	0.0143459205
2.6429600000	0.0144536865
2.6436700000	0.0145636785
2.6443800000	0.0146759279
2.6451000000	0.0147904586
2.6458100000	0.0149073108
2.6465200000	0.0150265212
2.6472400000	0.0151481218
2.6479500000	0.0152721459
2.6486600000	0.0153986364
2.6493700000	0.0155276277
2.6500900000	0.0156591510
2.6508000000	0.0157932471
2.6515100000	0.0159299608
2.6522300000	0.0160693294
2.6529400000	0.0162113907
2.6536500000	0.0163561925
2.6543600000	0.0165037718
2.6550800000	0.0166541706
2.6557900000	0.0168074347
2.6565000000	0.0169636082
2.6572200000	0.0171227308
2.6579300000	0.0172848531
2.6586400000	0.0174500169
2.6593600000	0.0176182662
2.6600700000	0.0177896542
2.6607800000	0.0179642319
2.6614900000	0.0181420288
2.6622100000	0.0183231130
2.6629200000	0.0185075220
2.6636300000	0.0186953057
2.6643500000	0.0188865138
2.6650600000	0.0190811993
2.6657700000	0.0192794090
2.6664900000	0.0194811842
2.6672000000	0.0196865865
2.6679100000	0.0198956640
2.6686200000	0.0201084607
2.6693400000	0.0203250291
2.6700500000	0.0205454155
2.6707600000	0.0207696784
2.6714800000	0.0209978555
2.6721900000	0.0212299964
2.6729000000	0.0214661511
2.6736100000	0.0217063674
2.6743300000	0.0219506889
2.6750400000	0.0221991649
2.6757500000	0.0224518319
2.6764700000	0.0227087361
2.6771800000	0.0229699176
2.6778900000	0.0232354131
2.6786100000	0.0235052699
2.6793200000	0.0237795079
2.6800300000	0.0240581770
2.6807400000	0.0243413034
2.6814600000	0.0246289081
2.6821700000	0.0249185185
2.6828800000	0.0252152478
2.6836000000	0.0255165370
2.6843100000	0.0258223980
2.6850200000	0.0261328513
2.6857400000	0.0264478967
2.6864500000	0.0267675398
2.6871600000	0.0270917849
2.6878700000	0.0274206265
2.6885900000	0.0277540333
2.6893000000	0.0280920100
2.6900100000	0.0284345296
2.6907300000	0.0287815373
2.6914400000	0.0291330572
2.6921500000	0.0294889694
2.6928600000	0.0298492718
2.6935800000	0.0302138907
2.6942900000	0.0305827288
2.6950000000	0.0309558092
2.6957200000	0.0313328961
2.6964300000	0.0317139693
2.6971400000	0.0320989045
2.6978600000	0.0324875694
2.6985700000	0.0328798618
2.6992800000	0.0332756001
2.6999900000	0.0336746612
2.7007100000	0.0341269876
2.7014200000	0.0345841032
2.7021300000	0.0350454321
2.7028500000	0.0355106199
2.7035600000	0.0359794691
2.7042700000	0.0364516156
2.7049800000	0.0369266836
2.7057000000	0.0374043344
2.7064100000	0.0378842459
2.7071200000	0.0383659019
2.7078400000	0.0388489486
2.7085500000	0.0393327794
2.7092600000	0.0398170066
2.7099800000	0.0403010703
2.7106900000	0.0407843950
2.7114000000	0.0412663552
2.7121100000	0.0417463784
2.7128300000	0.0422237966
2.7135400000	0.0426979508
2.7142500000	0.0431681592
2.7149700000	0.0436336255
2.7156800000	0.0440936562
2.7163900000	0.0445474476
2.7171100000	0.0449942899
2.7178200000	0.0454332748
2.7185300000	0.0458636774
2.7192400000	0.0462845574
2.7199600000	0.0466951750
2.7206700000	0.0470945995
2.7213800000	0.0474820709
2.7221000000	0.0478566993
2.7228100000	0.0482176679
2.7235200000	0.0485639996
2.7242300000	0.0488951150
2.7249500000	0.0492099716
2.7256600000	0.0495079540
2.7263700000	0.0497882337
2.7270900000	0.0500501174
2.7278000000	0.0502929166
2.7285100000	0.0505160438
2.7292300000	0.0507187572
2.7299400000	0.0509006063
2.7306500000	0.0510610416
2.7313600000	0.0511996619
2.7320800000	0.0513160764
2.7327900000	0.0514099259
2.7335000000	0.0514809631
2.7342200000	0.0515290056
2.7349300000	0.0515538773
2.7356400000	0.0515555602
2.7363600000	0.0515340598
2.7370700000	0.0514893563
2.7377800000	0.0514217138
2.7384900000	0.0513313091
2.7392100000	0.0512183189
2.7399200000	0.0510831388
2.7406300000	0.0509262583
2.7413500000	0.0507480205
2.7420600000	0.0505487969
2.7427700000	0.0503292630
2.7434800000	0.0500900418
2.7442000000	0.0498317401
2.7449100000	0.0495550495
2.7456200000	0.0492607137
2.7463400000	0.0489494599
2.7470500000	0.0486220457
2.7477600000	0.0482793313
2.7484800000	0.0479221042
2.7491900000	0.0475511366
2.7499000000	0.0471673060
2.7506100000	0.0467714853
2.7513300000	0.0463644655
2.7520400000	0.0459470965
2.7527500000	0.0455202287
2.7534700000	0.0450847312
2.7541800000	0.0446413462
2.7548900000	0.0441908994
2.7556100000	0.0437341820
2.7563200000	0.0432718862
2.7570300000	0.0428048644
2.7577400000	0.0423337260
2.7584600000	0.0418592313
2.7591700000	0.0413821349
2.7598800000	0.0409028502
2.7606000000	0.0404221727
2.7613100000	0.0399406214
2.7620200000	0.0394939346
2.7627300000	0.0390106196
2.7634500000	0.0385280271
2.7641600000	0.0380466680
2.7648700000	0.0375669225
2.7655900000	0.0370892900
2.7663000000	0.0366140971
2.7670100000	0.0361417894
2.7677300000	0.0356726646
2.7684400000	0.0352070370
2.7691500000	0.0347452774
2.7698600000	0.0342875685
2.7705800000	0.0338341887
2.7712900000	0.0333854226
2.7720000000	0.0329414005
2.7727200000	0.0325023201
2.7734300000	0.0320684389
2.7741400000	0.0316398342
2.7748500000	0.0312166065
2.7755700000	0.0307990341
2.7762800000	0.0303870659
2.7769900000	0.0299808660
2.7777100000	0.0295804618
2.7784200000	0.0291860278
2.7791300000	0.0287975311
2.7798500000	0.0284150560
2.7805600000	0.0280386354
2.7812700000	0.0276682363
2.7819800000	0.0273039735
2.7827000000	0.0269458333
2.7834100000	0.0265937702
2.7841200000	0.0262478254
2.7848400000	0.0259079809
2.7855500000	0.0255742171
2.7862600000	0.0252465216
2.7869800000	0.0249248696
2.7876900000	0.0246091662
2.7884000000	0.0242993567
2.7891100000	0.0239956261
2.7898300000	0.0236978085
2.7905400000	0.0234058833
2.7912500000	0.0231197240
2.7919700000	0.0228394080
2.7926800000	0.0225648218
2.7933900000	0.0222959208
2.7941000000	0.0220326543
2.7948200000	0.0217749691
2.7955300000	0.0215228109
2.7962400000	0.0212761278
2.7969600000	0.0210348513
2.7976700000	0.0207989347
2.7983800000	0.0205683168
2.7991000000	0.0203429379
2.7998100000	0.0201227309
2.8005200000	0.0198892998
2.8012300000	0.0196554780
2.8019500000	0.0194281002
2.8026600000	0.0192070581
2.8033700000	0.0189922612
2.8040900000	0.0187835468
2.8048000000	0.0185808687
2.8055100000	0.0183840785
2.8062300000	0.0181931205
2.8069400000	0.0180078718
2.8076500000	0.0178281947
2.8083600000	0.0176539508
2.8090800000	0.0174850428
2.8097900000	0.0173212660
2.8105000000	0.0171626395
2.8112200000	0.0170089690
2.8119300000	0.0168601140
2.8126400000	0.0167159481
2.8133500000	0.0165763327
2.8140700000	0.0164411416
2.8147800000	0.0163102362
2.8154900000	0.0161834738
2.8162100000	0.0160607276
2.8169200000	0.0159418455
2.8176300000	0.0158266980
2.8183500000	0.0157151431
2.8190600000	0.0156070344
2.8197700000	0.0155021727
2.8204800000	0.0154005492
2.8212000000	0.0153019826
2.8219100000	0.0152062779
2.8226200000	0.0151133877
2.8233400000	0.0150231389
2.8240500000	0.0149354011
2.8247600000	0.0148500495
2.8254800000	0.0147669511
2.8261900000	0.0146859964
2.8269000000	0.0146070576
2.8276100000	0.0145300244
2.8283300000	0.0144547860
2.8290400000	0.0143812281
2.8297500000	0.0143092497
2.8304700000	0.0142387513
2.8311800000	0.0141696400
2.8318900000	0.0141018153
2.8326000000	0.0140351902
2.8333200000	0.0139696868
2.8340300000	0.0139052154
2.8347400000	0.0138416698
2.8354600000	0.0137790476
2.8361700000	0.0137172255
2.8368800000	0.0136561793
2.8376000000	0.0135958302
2.8383100000	0.0135361136
2.8390200000	0.0134769823
2.8397300000	0.0134183804
2.8404500000	0.0133602752
2.8411600000	0.0133026140
2.8418700000	0.0132453677
2.8425900000	0.0131773760
2.8433000000	0.0131213804
2.8440100000	0.0130656823
2.8447200000	0.0130102397
2.8454400000	0.0129550509
2.8461500000	0.0129000804
2.8468600000	0.0128453201
2.8475800000	0.0127907530
2.8482900000	0.0127363672
2.8490000000	0.0126821576
2.8497200000	0.0126281159
2.8504300000	0.0125742303
2.8511400000	0.0125205159
2.8518500000	0.0124669514
2.8525700000	0.0124135546
2.8532800000	0.0123603310
2.8539900000	0.0123072660
2.8547100000	0.0122543791
2.8554200000	0.0122016815
2.8561300000	0.0121491720
2.8568500000	0.0120968744
2.8575600000	0.0120447938
2.8582700000	0.0119929447
2.8589800000	0.0119413399
2.8597000000	0.0118899856
2.8604100000	0.0118389030
2.8611200000	0.0117881136
2.8618400000	0.0117376295
2.8625500000	0.0116874667
2.8632600000	0.0116376454
2.8639700000	0.0115881792
2.8646900000	0.0115390875
2.8654000000	0.0114903895
2.8661100000	0.0114420936
2.8668300000	0.0113942337
2.8675400000	0.0113468155
2.8682500000	0.0112998665
2.8689700000	0.0112533887
2.8696800000	0.0112074150
2.8703900000	0.0111619458
2.8711000000	0.0111170064
2.8718200000	0.0110726245
2.8725300000	0.0110287927
2.8732400000	0.0109855391
2.8739600000	0.0109428775
2.8746700000	0.0109008294
2.8753800000	0.0108593901
2.8761000000	0.0108185887
2.8768100000	0.0107784318
2.8775200000	0.0107389293
2.8782300000	0.0107001074
2.8789500000	0.0106619603
2.8796600000	0.0106245045
2.8803700000	0.0105877534
2.8810900000	0.0105517167
2.8818000000	0.0105164006
2.8825100000	0.0104818229
2.8832200000	0.0104479741
2.8839400000	0.0104148783
2.8846500000	0.0103825344
2.8853600000	0.0103509534
2.8860800000	0.0103201392
2.8867900000	0.0102900970
2.8875000000	0.0102608355
2.8882200000	0.0102323666
2.8889300000	0.0102046815
2.8896400000	0.0101777909
2.8903500000	0.0101517003
2.8910700000	0.0101264153
2.8917800000	0.0101019388
2.8924900000	0.0100782734
2.8932100000	0.0100554169
2.8939200000	0.0100333888
2.8946300000	0.0100121705
2.8953500000	0.0099917756
2.8960600000	0.0099722087
2.8967700000	0.0099534707
2.8974800000	0.0099355532
2.8982000000	0.0099184709
2.8989100000	0.0099022238
2.8996200000	0.0098868050
2.9003400000	0.0098740754
2.9010500000	0.0098644972
2.9017600000	0.0098560644
2.9024700000	0.0098487800
2.9031900000	0.0098426515
2.9039000000	0.0098376733
2.9046100000	0.0098338434
2.9053300000	0.0098311642
2.9060400000	0.0098296293
2.9067500000	0.0098292462
2.9074700000	0.0098300027
2.9081800000	0.0098319076
2.9088900000	0.0098349616
2.9096000000	0.0098391567
2.9103200000	0.0098444924
2.9110300000	0.0098509747
2.9117400000	0.0098585974
2.9124600000	0.0098673548
2.9131700000	0.0098772529
2.9138800000	0.0098882949
2.9145900000	0.0099004644
2.9153100000	0.0099137716
2.9160200000	0.0099282083
2.9167300000	0.0099437878
2.9174500000	0.0099604935
2.9181600000	0.0099783303
2.9188700000	0.0099972999
2.9195900000	0.0100173925
2.9203000000	0.0100386159
2.9210100000	0.0100609667
2.9217200000	0.0100844439
2.9224400000	0.0101090396
2.9231500000	0.0101347607
2.9238600000	0.0101615575
2.9245800000	0.0101895449
2.9252900000	0.0102186552
2.9260000000	0.0102488817
2.9267200000	0.0102802300
2.9274300000	0.0103126863
2.9281400000	0.0103462633
2.9288500000	0.0103809518
2.9295700000	0.0104167577
2.9302800000	0.0104536665
2.9309900000	0.0104916859
2.9317100000	0.0105308100
2.9324200000	0.0105710423
2.9331300000	0.0106123697
2.9338400000	0.0106547989
2.9345600000	0.0106983227
2.9352700000	0.0107429372
2.9359800000	0.0107886498
2.9367000000	0.0108354356
2.9374100000	0.0108833052
2.9381200000	0.0109322557
2.9388400000	0.0109822787
2.9395500000	0.0110333653
2.9402600000	0.0110855167
2.9409700000	0.0111387213
2.9416900000	0.0111929731
2.9424000000	0.0112482656
2.9431100000	0.0113045971
2.9438300000	0.0113619491
2.9445400000	0.0114203189
2.9452500000	0.0114796921
2.9459700000	0.0115400606
2.9466800000	0.0116014171
2.9473900000	0.0116637413
2.9481000000	0.0117270288
2.9488200000	0.0117912598
2.9495300000	0.0118564196
2.9502400000	0.0119224969
2.9509600000	0.0119894722
2.9516700000	0.0120573252
2.9523800000	0.0121260416
2.9530900000	0.0121955983
2.9538100000	0.0122659736
2.9545200000	0.0123371497
2.9552300000	0.0124090929
2.9559500000	0.0124817875
2.9566600000	0.0125552054
2.9573700000	0.0126293125
2.9580900000	0.0127040861
2.9588000000	0.0127794912
2.9595100000	0.0128554968
2.9602200000	0.0129320720
2.9609400000	0.0130091762
2.9616500000	0.0130867760
2.9623600000	0.0131648352
2.9630800000	0.0132433043
2.9637900000	0.0133221442
2.9645000000	0.0134013224
2.9652200000	0.0134807720
2.9659300000	0.0135604637
2.9666400000	0.0136403419
2.9673500000	0.0137203540
2.9680700000	0.0138004505
2.9687800000	0.0138805731
2.9694900000	0.0139606715
2.9702100000	0.0140406881
2.9709200000	0.0141205595
2.9716300000	0.0142002270
2.9723400000	0.0142796231
2.9730600000	0.0143586951
2.9737700000	0.0144373652
2.9744800000	0.0145155736
2.9752000000	0.0145932479
2.9759100000	0.0146703258
2.9766200000	0.0147467290
2.9773400000	0.0148223840
2.9780500000	0.0148972406
2.9787600000	0.0149711938
2.9794700000	0.0150441775
2.9801900000	0.0151161287
2.9809000000	0.0151869581
2.9816100000	0.0152566038
2.9823300000	0.0153249721
2.9830400000	0.0153919994
2.9837500000	0.0154576040
2.9844600000	0.0155217177
2.9851800000	0.0155842544
2.9858900000	0.0156451374
2.9866000000	0.0157043071
2.9873200000	0.0157616714
2.9880300000	0.0158171757
2.9887400000	0.0158707347
2.9894600000	0.0159222898
2.9901700000	0.0159717634
2.9908800000	0.0160191006
2.9915900000	0.0160642287
2.9923100000	0.0161070868
2.9930200000	0.0161476193
2.9937300000	0.0161857686
2.9944500000	0.0162214776
2.9951600000	0.0162547007
2.9958700000	0.0162853824
2.9965900000	0.0163134883
2.9973000000	0.0163389720
2.9980100000	0.0163617934
2.9987200000	0.0163819200
2.9994400000	0.0163993170
3.0001500000	0.0164136456
3.0008600000	0.0164228639
3.0015800000	0.0164274692
3.0022900000	0.0164274838
3.0030000000	0.0164229551
3.0037100000	0.0164139103
3.0044300000	0.0164004041
3.0051400000	0.0163825024
3.0058500000	0.0163673032
3.0065700000	0.0163407160
3.0072800000	0.0163099673
3.0079900000	0.0162751454
3.0087100000	0.0162363521
3.0094200000	0.0161937074
3.0101300000	0.0161473260
3.0108400000	0.0160973356
3.0115600000	0.0160438602
3.0122700000	0.0159870384
3.0129800000	0.0159270077
3.0137000000	0.0158639064
3.0144100000	0.0157978784
3.0151200000	0.0157290737
3.0158400000	0.0156576325
3.0165500000	0.0155837150
3.0172600000	0.0155074629
3.0179700000	0.0154290206
3.0186900000	0.0153485530
3.0194000000	0.0152661908
3.0201100000	0.0151820853
3.0208300000	0.0150963835
3.0215400000	0.0150092299
3.0222500000	0.0149207558
3.0229600000	0.0148310934
3.0236800000	0.0147403869
3.0243900000	0.0146487621
3.0251000000	0.0145563413
3.0258200000	0.0144632524
3.0265300000	0.0143696103
3.0272400000	0.0142755187
3.0279600000	0.0141810991
3.0286700000	0.0140864505
3.0293800000	0.0139916717
3.0300900000	0.0138968600
3.0308100000	0.0138021040
3.0315200000	0.0137074877
3.0322300000	0.0136130962
3.0329500000	0.0135190024
3.0336600000	0.0134252890
3.0343700000	0.0133320070
3.0350900000	0.0132392257
3.0358000000	0.0131470125
3.0365100000	0.0130554093
3.0372200000	0.0129644798
3.0379400000	0.0128742658
3.0386500000	0.0127848058
3.0393600000	0.0126961429
3.0400800000	0.0126083129
3.0407900000	0.0125213441
3.0415000000	0.0124352717
3.0422100000	0.0123501199
3.0429300000	0.0122659110
3.0436400000	0.0121826723
3.0443500000	0.0121004096
3.0450700000	0.0120191436
3.0457800000	0.0119388894
3.0464900000	0.0118596631
3.0472100000	0.0117814581
3.0479200000	0.0117043006
3.0486300000	0.0116281706
3.0493400000	0.0115530969
3.0500600000	0.0114790637
3.0507700000	0.0114060855
3.0514800000	0.0113341511
3.0522000000	0.0112632621
3.0529100000	0.0111934149
3.0536200000	0.0111246010
3.0543300000	0.0110568251
3.0550500000	0.0109900782
3.0557600000	0.0109243505
3.0564700000	0.0108596395
3.0571900000	0.0107959271
3.0579000000	0.0107332209
3.0586100000	0.0106715055
3.0593300000	0.0106107722
3.0600400000	0.0105510114
3.0607500000	0.0104922182
3.0614600000	0.0104343762
3.0621800000	0.0103774808
3.0628900000	0.0103215314
3.0636000000	0.0102665013
3.0643200000	0.0102123915
3.0650300000	0.0101591890
3.0657400000	0.0101068906
3.0664600000	0.0100554812
3.0671700000	0.0100049538
3.0678800000	0.0099552949
3.0685900000	0.0099065084
3.0693100000	0.0098585668
3.0700200000	0.0098114809
3.0707300000	0.0097652184
3.0714500000	0.0097197933
3.0721600000	0.0096751878
3.0728700000	0.0096313987
3.0735800000	0.0095884138
3.0743000000	0.0095462266
3.0750100000	0.0095048337
3.0757200000	0.0094642148
3.0764400000	0.0094243787
3.0771500000	0.0093853067
3.0778600000	0.0093470003
3.0785800000	0.0093094486
3.0792900000	0.0092726378
3.0800000000	0.0092365727
3.0807100000	0.0092012429
3.0814300000	0.0091666413
3.0821400000	0.0091327611
3.0828500000	0.0090975674
3.0835700000	0.0090651608
3.0842800000	0.0090334539
3.0849900000	0.0090024456
3.0857100000	0.0089721308
3.0864200000	0.0089425011
3.0871300000	0.0089135523
3.0878400000	0.0088852735
3.0885600000	0.0088576647
3.0892700000	0.0088307212
3.0899800000	0.0088044306
3.0907000000	0.0087787894
3.0914100000	0.0087537953
3.0921200000	0.0087294457
3.0928300000	0.0087057268
3.0935500000	0.0086826320
3.0942600000	0.0086601707
3.0949700000	0.0086383219
3.0956900000	0.0086170851
3.0964000000	0.0085964559
3.0971100000	0.0085764310
3.0978300000	0.0085569946
3.0985400000	0.0085381477
3.0992500000	0.0085198842
3.0999600000	0.0085022020
3.1006800000	0.0084879703
3.1013900000	0.0084748383
3.1021000000	0.0084626455
3.1028200000	0.0084513669
3.1035300000	0.0084409784
3.1042400000	0.0084314571
3.1049500000	0.0084227881
3.1056700000	0.0084149404
3.1063800000	0.0084078908
3.1070900000	0.0084016192
3.1078100000	0.0083961019
3.1085200000	0.0083913193
3.1092300000	0.0083872366
3.1099500000	0.0083838416
3.1106600000	0.0083811059
3.1113700000	0.0083790085
3.1120800000	0.0083775216
3.1128000000	0.0083766217
3.1135100000	0.0083762847
3.1142200000	0.0083764918
3.1149400000	0.0083772214
3.1156500000	0.0083784303
3.1163600000	0.0083801084
3.1170800000	0.0083822376
3.1177900000	0.0083847810
3.1185000000	0.0083877212
3.1192100000	0.0083910305
3.1199300000	0.0083946778
3.1206400000	0.0083986535
3.1213500000	0.0084029176
3.1220700000	0.0084074605
3.1227800000	0.0084122474
3.1234900000	0.0084172517
3.1242000000	0.0084224563
3.1249200000	0.0084278318
3.1256300000	0.0084333533
3.1263400000	0.0084390076
3.1270600000	0.0084447547
3.1277700000	0.0084505797
3.1284800000	0.0084564568
3.1292000000	0.0084623639
3.1299100000	0.0084682756
3.1306200000	0.0084741687
3.1313300000	0.0084800261
3.1320500000	0.0084858145
3.1327600000	0.0084915141
3.1334700000	0.0084971118
3.1341900000	0.0085025837
3.1349000000	0.0085079054
3.1356100000	0.0085130601
3.1363300000	0.0085180158
3.1370400000	0.0085227656
3.1377500000	0.0085272911
3.1384600000	0.0085315601
3.1391800000	0.0085355720
3.1398900000	0.0085392985
3.1406000000	0.0085427250
3.1413200000	0.0085458343
3.1420300000	0.0085486138
3.1427400000	0.0085510472
3.1434500000	0.0085531228
3.1441700000	0.0085548183
3.1448800000	0.0085561309
3.1455900000	0.0085570487
3.1463100000	0.0085575494
3.1470200000	0.0085576334
3.1477300000	0.0085572884
3.1484500000	0.0085565046
3.1491600000	0.0085552718
3.1498700000	0.0085535811
3.1505800000	0.0085514385
3.1513000000	0.0085488247
3.1520100000	0.0085457416
3.1527200000	0.0085421821
3.1534400000	0.0085381413
3.1541500000	0.0085343613
3.1548600000	0.0085293481
3.1555800000	0.0085238476
3.1562900000	0.0085178641
3.1570000000	0.0085113937
3.1577100000	0.0085044353
3.1584300000	0.0084969987
3.1591400000	0.0084890832
3.1598500000	0.0084806890
3.1605700000	0.0084718213
3.1612800000	0.0084624891
3.1619900000	0.0084526946
3.1627000000	0.0084424426
3.1634200000	0.0084317378
3.1641300000	0.0084205903
3.1648400000	0.0084090063
3.1655600000	0.0083969933
3.1662700000	0.0083845587
3.1669800000	0.0083717187
3.1677000000	0.0083584653
3.1684100000	0.0083448290
3.1691200000	0.0083308016
3.1698300000	0.0083164044
3.1705500000	0.0083016387
3.1712600000	0.0082865256
3.1719700000	0.0082710719
3.1726900000	0.0082552867
3.1734000000	0.0082391818
3.1741100000	0.0082227710
3.1748200000	0.0082060645
3.1755400000	0.0081890741
3.1762500000	0.0081718053
3.1769600000	0.0081542830
3.1776800000	0.0081365056
3.1783900000	0.0081184961
3.1791000000	0.0081002597
3.1798200000	0.0080818104
3.1805300000	0.0080631577
3.1812400000	0.0080443158
3.1819500000	0.0080252961
3.1826700000	0.0080061084
3.1833800000	0.0079867716
3.1840900000	0.0079672829
3.1848100000	0.0079476658
3.1855200000	0.0079279307
3.1862300000	0.0079080803
3.1869500000	0.0078881323
3.1876600000	0.0078680946
3.1883700000	0.0078479721
3.1890800000	0.0078277867
3.1898000000	0.0078075436
3.1905100000	0.0077872463
3.1912200000	0.0077669111
3.1919400000	0.0077465458
3.1926500000	0.0077261555
3.1933600000	0.0077057570
3.1940700000	0.0076853499
3.1947900000	0.0076649480
3.1955000000	0.0076445605
3.1962100000	0.0076241934
3.1969300000	0.0076038494
3.1976400000	0.0075835378
3.1983500000	0.0075632734
3.1990700000	0.0075430545
3.1997800000	0.0075228931
3.2004900000	0.0074990301
3.2012000000	0.0074738978
3.2019200000	0.0074492411
3.2026300000	0.0074250621
3.2033400000	0.0074013445
3.2040600000	0.0073780824
3.2047700000	0.0073552619
3.2054800000	0.0073328748
3.2062000000	0.0073109105
3.2069100000	0.0072893543
3.2076200000	0.0072682015
3.2083300000	0.0072474411
3.2090500000	0.0072270549
3.2097600000	0.0072070341
3.2104700000	0.0071873690
3.2111900000	0.0071680487
3.2119000000	0.0071490577
3.2126100000	0.0071303892
3.2133200000	0.0071120307
3.2140400000	0.0070939683
3.2147500000	0.0070762005
3.2154600000	0.0070587068
3.2161800000	0.0070414760
3.2168900000	0.0070245020
3.2176000000	0.0070077725
3.2183200000	0.0069912777
3.2190300000	0.0069750147
3.2197400000	0.0069589619
3.2204500000	0.0069431158
3.2211700000	0.0069274628
3.2218800000	0.0069120078
3.2225900000	0.0068967243
3.2233100000	0.0068816125
3.2240200000	0.0068666636
3.2247300000	0.0068518734
3.2254500000	0.0068375026
3.2261600000	0.0068229893
3.2268700000	0.0068086082
3.2275800000	0.0067943507
3.2283000000	0.0067802065
3.2290100000	0.0067661814
3.2297200000	0.0067522526
3.2304400000	0.0067384290
3.2311500000	0.0067246971
3.2318600000	0.0067110529
3.2325700000	0.0066974944
3.2332900000	0.0066840072
3.2340000000	0.0066705929
3.2347100000	0.0066572494
3.2354300000	0.0066439636
3.2361400000	0.0066307427
3.2368500000	0.0066175711
3.2375700000	0.0066044520
3.2382800000	0.0065913843
3.2389900000	0.0065783548
3.2397000000	0.0065653704
3.2404200000	0.0065524203
3.2411300000	0.0065395107
3.2418400000	0.0065266270
3.2425600000	0.0065137752
3.2432700000	0.0065009506
3.2439800000	0.0064881537
3.2446900000	0.0064753758
3.2454100000	0.0064626213
3.2461200000	0.0064498889
3.2468300000	0.0064371731
3.2475500000	0.0064244730
3.2482600000	0.0064117859
3.2489700000	0.0063991172
3.2496900000	0.0063864586
3.2504000000	0.0063738131
3.2511100000	0.0063611778
3.2518200000	0.0063485526
3.2525400000	0.0063359397
3.2532500000	0.0063233349
3.2539600000	0.0063107365
3.2546800000	0.0062981483
3.2553900000	0.0062855687
3.2561000000	0.0062729958
3.2568200000	0.0062604321
3.2575300000	0.0062478738
3.2582400000	0.0062353206
3.2589500000	0.0062227781
3.2596700000	0.0062102422
3.2603800000	0.0061977126
3.2610900000	0.0061851898
3.2618100000	0.0061726749
3.2625200000	0.0061601684
3.2632300000	0.0061476673
3.2639400000	0.0061351792
3.2646600000	0.0061226928
3.2653700000	0.0061102208
3.2660800000	0.0060977583
3.2668000000	0.0060853009
3.2675100000	0.0060728529
3.2682200000	0.0060604247
3.2689400000	0.0060479973
3.2696500000	0.0060355860
3.2703600000	0.0060231821
3.2710700000	0.0060107916
3.2717900000	0.0059984165
3.2725000000	0.0059860519
3.2732100000	0.0059736994
3.2739300000	0.0059613656
3.2746400000	0.0059490417
3.2753500000	0.0059367350
3.2760700000	0.0059244414
3.2767800000	0.0059121661
3.2774900000	0.0058999017
3.2782000000	0.0058876576
3.2789200000	0.0058754276
3.2796300000	0.0058632183
3.2803400000	0.0058510257
3.2810600000	0.0058388461
3.2817700000	0.0058266917
3.2824800000	0.0058145537
3.2831900000	0.0058024355
3.2839100000	0.0057903374
3.2846200000	0.0057782598
3.2853300000	0.0057661991
3.2860500000	0.0057541597
3.2867600000	0.0057421408
3.2874700000	0.0057301499
3.2881900000	0.0057181741
3.2889000000	0.0057062218
3.2896100000	0.0056942914
3.2903200000	0.0056823860
3.2910400000	0.0056704954
3.2917500000	0.0056586335
3.2924600000	0.0056467929
3.2931800000	0.0056349780
3.2938900000	0.0056231885
3.2946000000	0.0056118639
3.2953200000	0.0056001154
3.2960300000	0.0055883877
3.2967400000	0.0055766796
3.2974500000	0.0055650011
3.2981700000	0.0055533514
3.2988800000	0.0055417192
3.2995900000	0.0055301115
3.3003100000	0.0055205290
3.3010200000	0.0055135883
3.3017300000	0.0055066304
3.3024400000	0.0054996521
3.3031600000	0.0054926519
3.3038700000	0.0054856386
3.3045800000	0.0054786063
3.3053000000	0.0054715468
3.3060100000	0.0054644773
3.3067200000	0.0054573848
3.3074400000	0.0054502682
3.3081500000	0.0054431345
3.3088600000	0.0054359830
3.3095700000	0.0054288067
3.3102900000	0.0054216135
3.3110000000	0.0054144007
3.3117100000	0.0054071620
3.3124300000	0.0053999075
3.3131400000	0.0053926297
3.3138500000	0.0053853333
3.3145600000	0.0053780151
3.3152800000	0.0053706771
3.3159900000	0.0053633164
3.3167000000	0.0053559392
3.3174200000	0.0053485333
3.3181300000	0.0053411139
3.3188400000	0.0053336716
3.3195600000	0.0053262136
3.3202700000	0.0053187273
3.3209800000	0.0053112235
3.3216900000	0.0053037010
3.3224100000	0.0052961570
3.3231200000	0.0052885910
3.3238300000	0.0052810082
3.3245500000	0.0052734079
3.3252600000	0.0052657794
3.3259700000	0.0052581330
3.3266900000	0.0052504694
3.3274000000	0.0052427912
3.3281100000	0.0052350809
3.3288200000	0.0052273582
3.3295400000	0.0052196159
3.3302500000	0.0052118535
3.3309600000	0.0052040666
3.3316800000	0.0051962700
3.3323900000	0.0051884467
3.3331000000	0.0051806109
3.3338100000	0.0051727498
3.3345300000	0.0051648718
3.3352400000	0.0051569752
3.3359500000	0.0051490622
3.3366700000	0.0051411266
3.3373800000	0.0051331782
3.3380900000	0.0051252077
3.3388100000	0.0051172207
3.3395200000	0.0051092170
3.3402300000	0.0051011919
3.3409400000	0.0050931539
3.3416600000	0.0050850962
3.3423700000	0.0050770189
3.3430800000	0.0050689269
3.3438000000	0.0050608152
3.3445100000	0.0050526905
3.3452200000	0.0050445502
3.3459400000	0.0050363902
3.3466500000	0.0050282130
3.3473600000	0.0050200219
3.3480700000	0.0050118159
3.3487900000	0.0050035890
3.3495000000	0.0049953503
3.3502100000	0.0049870964
3.3509300000	0.0049788240
3.3516400000	0.0049705385
3.3523500000	0.0049622373
3.3530600000	0.0049539207
3.3537800000	0.0049455898
3.3544900000	0.0049372451
3.3552000000	0.0049288862
3.3559200000	0.0049205155
3.3566300000	0.0049121248
3.3573400000	0.0049037223
3.3580600000	0.0048953048
3.3587700000	0.0048868763
3.3594800000	0.0048784328
3.3601900000	0.0048699797
3.3609100000	0.0048615127
3.3616200000	0.0048530296
3.3623300000	0.0048445356
3.3630500000	0.0048360296
3.3637600000	0.0048275108
3.3644700000	0.0048189806
3.3651900000	0.0048104375
3.3659000000	0.0048018824
3.3666100000	0.0047933174
3.3673200000	0.0047847410
3.3680400000	0.0047761496
3.3687500000	0.0047675558
3.3694600000	0.0047589429
3.3701800000	0.0047503247
3.3708900000	0.0047416904
3.3716000000	0.0047330508
3.3723100000	0.0047243999
3.3730300000	0.0047157398
3.3737400000	0.0047070663
3.3744500000	0.0046983863
3.3751700000	0.0046897029
3.3758800000	0.0046810062
3.3765900000	0.0046722974
3.3773100000	0.0046635834
3.3780200000	0.0046548576
3.3787300000	0.0046461265
3.3794400000	0.0046373862
3.3801600000	0.0046286369
3.3808700000	0.0046198803
3.3815800000	0.0046111136
3.3823000000	0.0046023443
3.3830100000	0.0045935689
3.3837200000	0.0045847839
3.3844300000	0.0045759897
3.3851500000	0.0045671930
3.3858600000	0.0045583918
3.3865700000	0.0045495782
3.3872900000	0.0045407668
3.3880000000	0.0045319382
3.3887100000	0.0045231160
3.3894300000	0.0045142804
3.3901400000	0.0045054469
3.3908500000	0.0044966027
3.3915600000	0.0044877551
3.3922800000	0.0044789006
3.3929900000	0.0044700471
3.3937000000	0.0044611891
3.3944200000	0.0044523218
3.3951300000	0.0044434539
3.3958400000	0.0044345816
3.3965600000	0.0044257060
3.3972700000	0.0044168275
3.3979800000	0.0044079457
3.3986900000	0.0043990620
3.3994100000	0.0043901747
3.4001200000	0.0043822751
3.4008300000	0.0043792726
3.4015500000	0.0043762709
3.4022600000	0.0043732715
3.4029700000	0.0043702825
3.4036800000	0.0043672856
3.4044000000	0.0043642966
3.4051100000	0.0043613053
3.4058200000	0.0043583248
3.4065400000	0.0043553399
3.4072500000	0.0043523600
3.4079600000	0.0043493830
3.4086800000	0.0043464014
3.4093900000	0.0043434295
3.4101000000	0.0043404555
3.4108100000	0.0043374877
3.4115300000	0.0043345191
3.4122400000	0.0043315569
3.4129500000	0.0043285943
3.4136700000	0.0043256321
3.4143800000	0.0043226729
3.4150900000	0.0043197171
3.4158100000	0.0043167628
3.4165200000	0.0043138083
3.4172300000	0.0043108607
3.4179400000	0.0043079089
3.4186600000	0.0043049635
3.4193700000	0.0043020149
3.4200800000	0.0042990745
3.4208000000	0.0042961324
3.4215100000	0.0042931950
3.4222200000	0.0042902571
3.4229300000	0.0042873210
3.4236500000	0.0042843845
3.4243600000	0.0042814542
3.4250700000	0.0042785222
3.4257900000	0.0042755933
3.4265000000	0.0042726645
3.4272100000	0.0042697372
3.4279300000	0.0042668166
3.4286400000	0.0042638929
3.4293500000	0.0042609678
3.4300600000	0.0042580514
3.4307800000	0.0042551313
3.4314900000	0.0042522171
3.4322000000	0.0042492991
3.4329200000	0.0042463844
3.4336300000	0.0042434706
3.4343400000	0.0042405574
3.4350600000	0.0042376472
3.4357700000	0.0042347367
3.4364800000	0.0042318271
3.4371900000	0.0042289217
3.4379100000	0.0042260138
3.4386200000	0.0042231091
3.4393300000	0.0042202033
3.4400500000	0.0042173050
3.4407600000	0.0042143968
3.4414700000	0.0042114974
3.4421800000	0.0042085980
3.4429000000	0.0042056990
3.4436100000	0.0042027996
3.4443200000	0.0041999020
3.4450400000	0.0041970069
3.4457500000	0.0041941112
3.4464600000	0.0041912144
3.4471800000	0.0041883208
3.4478900000	0.0041854231
3.4486000000	0.0041825346
3.4493100000	0.0041796343
3.4500300000	0.0041767438
3.4507400000	0.0041738540
3.4514500000	0.0041709613
3.4521700000	0.0041680695
3.4528800000	0.0041651794
3.4535900000	0.0041622880
3.4543000000	0.0041593953
3.4550200000	0.0041565074
3.4557300000	0.0041536171
3.4564400000	0.0041507250
3.4571600000	0.0041478383
3.4578700000	0.0041449484
3.4585800000	0.0041420583
3.4593000000	0.0041391660
3.4600100000	0.0041362786
3.4607200000	0.0041333906
3.4614300000	0.0041305006
3.4621500000	0.0041276119
3.4628600000	0.0041247220
3.4635700000	0.0041218313
3.4642900000	0.0041189378
3.4650000000	0.0041160489
3.4657100000	0.0041131583
3.4664300000	0.0041102679
3.4671400000	0.0041073781
3.4678500000	0.0041044826
3.4685600000	0.0041015887
3.4692800000	0.0040986938
3.4699900000	0.0040958005
3.4707000000	0.0040929076
3.4714200000	0.0040900094
3.4721300000	0.0040871127
3.4728400000	0.0040842171
3.4735500000	0.0040813179
3.4742700000	0.0040784192
3.4749800000	0.0040755187
3.4756900000	0.0040726196
3.4764100000	0.0040697168
3.4771200000	0.0040668119
3.4778300000	0.0040639076
3.4785500000	0.0040610034
3.4792600000	0.0040580988
3.4799700000	0.0040551888
3.4806800000	0.0040522814
3.4814000000	0.0040493672
3.4821100000	0.0040464587
3.4828200000	0.0040435440
3.4835400000	0.0040406296
3.4842500000	0.0040377099
3.4849600000	0.0040347959
3.4856800000	0.0040318739
3.4863900000	0.0040289515
3.4871000000	0.0040260288
3.4878100000	0.0040231050
3.4885300000	0.0040201781
3.4892400000	0.0040172485
3.4899500000	0.0040143156
3.4906700000	0.0040113831
3.4913800000	0.0040084467
3.4920900000	0.0040055080
3.4928000000	0.0040025691
3.4935200000	0.0039996270
3.4942300000	0.0039966836
3.4949400000	0.0039937381
3.4956600000	0.0039907877
3.4963700000	0.0039878376
3.4970800000	0.0039848813
3.4978000000	0.0039819293
3.4985100000	0.0039789701
3.4992200000	0.0039760055
3.4999300000	0.0039730400
3.5006500000	0.0039690663
3.5013600000	0.0039649982
3.5020700000	0.0039609358
3.5027900000	0.0039568754
3.5035000000	0.0039528204
3.5042100000	0.0039487699
3.5049200000	0.0039447256
3.5056400000	0.0039406856
3.5063500000	0.0039366485
3.5070600000	0.0039326194
3.5077800000	0.0039285924
3.5084900000	0.0039245740
3.5092000000	0.0039205588
3.5099200000	0.0039165511
3.5106300000	0.0039125435
3.5113400000	0.0039085457
3.5120500000	0.0039045454
3.5127700000	0.0039005587
3.5134800000	0.0038965717
3.5141900000	0.0038925900
3.5149100000	0.0038886127
3.5156200000	0.0038846447
3.5163300000	0.0038806768
3.5170500000	0.0038767150
3.5177600000	0.0038727566
3.5184700000	0.0038688044
3.5191800000	0.0038648575
3.5199000000	0.0038609203
3.5206100000	0.0038569781
3.5213200000	0.0038530453
3.5220400000	0.0038491175
3.5227500000	0.0038451016
3.5234600000	0.0038411824
3.5241700000	0.0038372728
3.5248900000	0.0038333649
3.5256000000	0.0038294587
3.5263100000	0.0038255590
3.5270300000	0.0038216667
3.5277400000	0.0038177805
3.5284500000	0.0038138942
3.5291700000	0.0038100164
3.5298800000	0.0038061378
3.5305900000	0.0038022696
3.5313000000	0.0037984003
3.5320200000	0.0037945435
3.5327300000	0.0037906847
3.5334400000	0.0037868347
3.5341600000	0.0037829867
3.5348700000	0.0037791434
3.5355800000	0.0037753108
3.5363000000	0.0037714727
3.5370100000	0.0037676484
3.5377200000	0.0037638261
3.5384300000	0.0037600054
3.5391500000	0.0037561928
3.5398600000	0.0037523825
3.5405700000	0.0037485792
3.5412900000	0.0037447771
3.5420000000	0.0037409836
3.5427100000	0.0037371914
3.5434200000	0.0037334020
3.5441400000	0.0037296229
3.5448500000	0.0037258462
3.5455600000	0.0037220754
3.5462800000	0.0037183065
3.5469900000	0.0037145416
3.5477000000	0.0037107848
3.5484200000	0.0037070311
3.5491300000	0.0037032824
3.5498400000	0.0036995378
3.5505500000	0.0036958006
3.5512700000	0.0036920607
3.5519800000	0.0036883314
3.5526900000	0.0036846007
3.5534100000	0.0036808800
3.5541200000	0.0036771641
3.5548300000	0.0036734509
3.5555500000	0.0036697421
3.5562600000	0.0036660363
3.5569700000	0.0036623394
3.5576800000	0.0036586401
3.5584000000	0.0036549550
3.5591100000	0.0036512667
3.5598200000	0.0036475856
3.5605400000	0.0036439053
3.5612500000	0.0036402361
3.5619600000	0.0036365692
3.5626700000	0.0036329031
3.5633900000	0.0036292449
3.5641000000	0.0036255925
3.5648100000	0.0036219427
3.5655300000	0.0036182928
3.5662400000	0.0036146502
3.5669500000	0.0036110147
3.5676700000	0.0036073865
3.5683800000	0.0036037561
3.5690900000	0.0036001337
3.5698000000	0.0035965133
3.5705200000	0.0035928953
3.5712300000	0.0035892868
3.5719400000	0.0035856791
3.5726600000	0.0035820797
3.5733700000	0.0035784827
3.5740800000	0.0035748901
3.5747900000	0.0035713005
3.5755100000	0.0035677169
3.5762200000	0.0035641362
3.5769300000	0.0035605621
3.5776500000	0.0035569885
3.5783600000	0.0035534223
3.5790700000	0.0035498619
3.5797900000	0.0035463034
3.5805000000	0.0035427496
3.5812100000	0.0035391998
3.5819200000	0.0035356529
3.5826400000	0.0035321127
3.5833500000	0.0035285764
3.5840600000	0.0035250462
3.5847800000	0.0035215151
3.5854900000	0.0035179944
3.5862000000	0.0035144720
3.5869200000	0.0035109570
3.5876300000	0.0035074477
3.5883400000	0.0035039409
3.5890500000	0.0035004354
3.5897700000	0.0034969386
3.5904800000	0.0034934463
3.5911900000	0.0034899592
3.5919100000	0.0034864700
3.5926200000	0.0034829910
3.5933300000	0.0034795129
3.5940400000	0.0034760388
3.5947600000	0.0034725700
3.5954700000	0.0034691074
3.5961800000	0.0034656456
3.5969000000	0.0034621911
3.5976100000	0.0034587385
3.5983200000	0.0034552938
3.5990400000	0.0034518491
3.5997500000	0.0034484075
3.6004600000	0.0034444054
3.6011700000	0.0034400956
3.6018900000	0.0034357949
3.6026000000	0.0034314986
3.6033100000	0.0034272083
3.6040300000	0.0034229224
3.6047400000	0.0034186390
3.6054500000	0.0034143630
3.6061700000	0.0034100908
3.6068800000	0.0034058293
3.6075900000	0.0034015645
3.6083000000	0.0033973126
3.6090200000	0.0033930631
3.6097300000	0.0033888214
3.6104400000	0.0033845801
3.6111600000	0.0033803477
3.6118700000	0.0033761203
3.6125800000	0.0033718947
3.6132900000	0.0033676785
3.6140100000	0.0033634636
3.6147200000	0.0033592601
3.6154300000	0.0033550578
3.6161500000	0.0033508588
3.6168600000	0.0033466693
3.6175700000	0.0033424830
3.6182900000	0.0033383034
3.6190000000	0.0033341261
3.6197100000	0.0033299526
3.6204200000	0.0033257922
3.6211400000	0.0033216286
3.6218500000	0.0033174743
3.6225600000	0.0033133237
3.6232800000	0.0033091789
3.6239900000	0.0033050392
3.6247000000	0.0033009050
3.6254200000	0.0032967764
3.6261300000	0.0032926502
3.6268400000	0.0032885313
3.6275500000	0.0032844221
3.6282700000	0.0032803085
3.6289800000	0.0032762029
3.6296900000	0.0032721040
3.6304100000	0.0032680141
3.6311200000	0.0032639226
3.6318300000	0.0032598411
3.6325400000	0.0032557607
3.6332600000	0.0032516889
3.6339700000	0.0032476189
3.6346800000	0.0032435594
3.6354000000	0.0032395018
3.6361100000	0.0032354481
3.6368200000	0.0032313998
3.6375400000	0.0032273584
3.6382500000	0.0032233174
3.6389600000	0.0032192839
3.6396700000	0.0032152589
3.6403900000	0.0032112332
3.6411000000	0.0032072131
3.6418100000	0.0032032040
3.6425300000	0.0031991939
3.6432400000	0.0031951939
3.6439500000	0.0031911940
3.6446600000	0.0031872018
3.6453800000	0.0031832105
3.6460900000	0.0031792283
3.6468000000	0.0031752510
3.6475200000	0.0031712790
3.6482300000	0.0031673090
3.6489400000	0.0031633443
3.6496600000	0.0031593873
3.6503700000	0.0031554325
3.6510800000	0.0031514808
3.6517900000	0.0031475403
3.6525100000	0.0031436003
3.6532200000	0.0031396678
3.6539300000	0.0031357377
3.6546500000	0.0031318137
3.6553600000	0.0031278947
3.6560700000	0.0031239799
3.6567900000	0.0031200690
3.6575000000	0.0031161625
3.6582100000	0.0031122658
3.6589200000	0.0031083691
3.6596400000	0.0031044805
3.6603500000	0.0031005944
3.6610600000	0.0030967119
3.6617800000	0.0030928390
3.6624900000	0.0030889649
3.6632000000	0.0030850993
3.6639100000	0.0030812376
3.6646300000	0.0030773814
3.6653400000	0.0030735271
3.6660500000	0.0030696824
3.6667700000	0.0030658412
3.6674800000	0.0030620001
3.6681900000	0.0030581655
3.6689100000	0.0030543406
3.6696200000	0.0030505163
3.6703300000	0.0030466967
3.6710400000	0.0030428807
3.6717600000	0.0030390719
3.6724700000	0.0030352694
3.6731800000	0.0030314686
3.6739000000	0.0030276734
3.6746100000	0.0030238862
3.6753200000	0.0030200992
3.6760400000	0.0030163164
3.6767500000	0.0030125422
3.6774600000	0.0030087674
3.6781700000	0.0030050022
3.6788900000	0.0030012425
3.6796000000	0.0029974829
3.6803100000	0.0029937286
3.6810300000	0.0029899795
3.6817400000	0.0029862363
3.6824500000	0.0029824973
3.6831600000	0.0029787620
3.6838800000	0.0029750329
3.6845900000	0.0029713081
3.6853000000	0.0029675863
3.6860200000	0.0029638722
3.6867300000	0.0029601603
3.6874400000	0.0029564521
3.6881600000	0.0029527511
3.6888700000	0.0029490542
3.6895800000	0.0029453594
3.6902900000	0.0029416685
3.6910100000	0.0029379858
3.6917200000	0.0029343067
3.6924300000	0.0029306277
3.6931500000	0.0029269592
3.6938600000	0.0029232940
3.6945700000	0.0029196332
3.6952900000	0.0029159760
3.6960000000	0.0029123256
3.6967100000	0.0029086780
3.6974200000	0.0029050344
3.6981400000	0.0029013963
3.6988500000	0.0028977617
3.6995600000	0.0028941294
3.7002800000	0.0028904042
3.7009900000	0.0028865234
3.7017000000	0.0028826426
3.7024100000	0.0028788104
3.7031300000	0.0028749404
3.7038400000	0.0028710800
3.7045500000	0.0028672217
3.7052700000	0.0028633672
3.7059800000	0.0028595207
3.7066900000	0.0028556818
3.7074100000	0.0028518374
3.7081200000	0.0028480088
3.7088300000	0.0028441797
3.7095400000	0.0028403563
3.7102600000	0.0028365378
3.7109700000	0.0028327260
3.7116800000	0.0028289192
3.7124000000	0.0028251162
3.7131100000	0.0028213163
3.7138200000	0.0028175195
3.7145300000	0.0028137356
3.7152500000	0.0028099496
3.7159600000	0.0028061708
3.7166700000	0.0028023962
3.7173900000	0.0027986276
3.7181000000	0.0027948647
3.7188100000	0.0027911053
3.7195300000	0.0027873483
3.7202400000	0.0027836030
3.7209500000	0.0027798577
3.7216600000	0.0027761199
3.7223800000	0.0027723815
3.7230900000	0.0027686532
3.7238000000	0.0027649234
3.7245200000	0.0027612067
3.7252300000	0.0027574903
3.7259400000	0.0027537802
3.7266600000	0.0027500735
3.7273700000	0.0027463696
3.7280800000	0.0027426755
3.7287900000	0.0027389862
3.7295100000	0.0027352963
3.7302200000	0.0027316146
3.7309300000	0.0027279384
3.7316500000	0.0027242655
3.7323600000	0.0027205946
3.7330700000	0.0027169320
3.7337800000	0.0027132755
3.7345000000	0.0027096220
3.7352100000	0.0027059711
3.7359200000	0.0027023309
3.7366400000	0.0026986897
3.7373500000	0.0026950552
3.7380600000	0.0026914268
3.7387800000	0.0026878014
3.7394900000	0.0026841771
3.7402000000	0.0026805633
3.7409100000	0.0026769519
3.7416300000	0.0026733438
3.7423400000	0.0026697413
3.7430500000	0.0026661446
3.7437700000	0.0026625531
3.7444800000	0.0026589660
3.7451900000	0.0026553809
3.7459100000	0.0026518005
3.7466200000	0.0026482284
3.7473300000	0.0026446591
3.7480400000	0.0026410934
3.7487600000	0.0026375351
3.7494700000	0.0026339759
3.7501800000	0.0026304284
3.7509000000	0.0026268820
3.7516100000	0.0026233380
3.7523200000	0.0026198001
3.7530300000	0.0026162683
3.7537500000	0.0026127425
3.7544600000	0.0026092165
3.7551700000	0.0026056970
3.7558900000	0.0026021832
3.7566000000	0.0025986745
3.7573100000	0.0025951695
3.7580300000	0.0025916659
3.7587400000	0.0025881728
3.7594500000	0.0025846809
3.7601600000	0.0025811917
3.7608800000	0.0025777082
3.7615900000	0.0025742330
3.7623000000	0.0025707592
3.7630200000	0.0025672882
3.7637300000	0.0025638232
3.7644400000	0.0025603642
3.7651600000	0.0025569082
3.7658700000	0.0025534557
3.7665800000	0.0025500107
3.7672900000	0.0025465673
3.7680100000	0.0025431317
3.7687200000	0.0025396968
3.7694300000	0.0025362681
3.7701500000	0.0025328449
3.7708600000	0.0025294253
3.7715700000	0.0025260064
3.7722800000	0.0025225972
3.7730000000	0.0025191920
3.7737100000	0.0025157902
3.7744200000	0.0025123909
3.7751400000	0.0025089961
3.7758500000	0.0025056088
3.7765600000	0.0025022218
3.7772800000	0.0024988416
3.7779900000	0.0024954663
3.7787000000	0.0024920934
3.7794100000	0.0024887302
3.7801300000	0.0024853647
3.7808400000	0.0024820083
3.7815500000	0.0024786506
3.7822700000	0.0024753013
3.7829800000	0.0024719554
3.7836900000	0.0024686181
3.7844000000	0.0024652794
3.7851200000	0.0024619467
3.7858300000	0.0024586177
3.7865400000	0.0024552947
3.7872600000	0.0024519750
3.7879700000	0.0024486590
3.7886800000	0.0024453489
3.7894000000	0.0024420419
3.7901100000	0.0024387417
3.7908200000	0.0024354422
3.7915300000	0.0024321482
3.7922500000	0.0024288585
3.7929600000	0.0024255720
3.7936700000	0.0024222938
3.7943900000	0.0024190142
3.7951000000	0.0024157426
3.7958100000	0.0024124748
3.7965300000	0.0024092109
3.7972400000	0.0024059529
3.7979500000	0.0024026957
3.7986600000	0.0023994468
3.7993800000	0.0023961963
3.8000900000	0.0023929319
3.8008000000	0.0023895218
3.8015200000	0.0023861125
3.8022300000	0.0023827106
3.8029400000	0.0023793106
3.8036500000	0.0023759164
3.8043700000	0.0023725265
3.8050800000	0.0023691434
3.8057900000	0.0023657641
3.8065100000	0.0023623862
3.8072200000	0.0023590155
3.8079300000	0.0023556515
3.8086500000	0.0023522891
3.8093600000	0.0023489306
3.8100700000	0.0023455787
3.8107800000	0.0023422316
3.8115000000	0.0023388876
3.8122100000	0.0023355484
3.8129200000	0.0023322156
3.8136400000	0.0023288847
3.8143500000	0.0023255604
3.8150600000	0.0023222401
3.8157800000	0.0023189239
3.8164900000	0.0023156114
3.8172000000	0.0023123035
3.8179100000	0.0023090022
3.8186300000	0.0023057052
3.8193400000	0.0023024115
3.8200500000	0.0022991223
3.8207700000	0.0022958374
3.8214800000	0.0022925561
3.8221900000	0.0022892816
3.8229000000	0.0022860110
3.8236200000	0.0022827448
3.8243300000	0.0022794825
3.8250400000	0.0022762245
3.8257600000	0.0022729698
3.8264700000	0.0022697226
3.8271800000	0.0022664774
3.8279000000	0.0022632378
3.8286100000	0.0022600029
3.8293200000	0.0022567714
3.8300300000	0.0022535447
3.8307500000	0.0022503224
3.8314600000	0.0022471044
3.8321700000	0.0022438912
3.8328900000	0.0022406818
3.8336000000	0.0022374773
3.8343100000	0.0022342774
3.8350300000	0.0022310814
3.8357400000	0.0022278899
3.8364500000	0.0022247027
3.8371600000	0.0022215203
3.8378800000	0.0022183418
3.8385900000	0.0022151675
3.8393000000	0.0022119975
3.8400200000	0.0022088322
3.8407300000	0.0022056716
3.8414400000	0.0022025145
3.8421500000	0.0021993625
3.8428700000	0.0021962138
3.8435800000	0.0021930703
3.8442900000	0.0021899312
3.8450100000	0.0021867956
3.8457200000	0.0021836648
3.8464300000	0.0021805387
3.8471500000	0.0021774160
3.8478600000	0.0021742983
3.8485700000	0.0021711845
3.8492800000	0.0021680749
3.8500000000	0.0021649702
3.8507100000	0.0021618691
3.8514200000	0.0021587721
3.8521400000	0.0021556800
3.8528500000	0.0021525917
3.8535600000	0.0021495076
3.8542700000	0.0021464284
3.8549900000	0.0021433526
3.8557000000	0.0021402812
3.8564100000	0.0021372140
3.8571300000	0.0021341515
3.8578400000	0.0021310923
3.8585500000	0.0021280384
3.8592700000	0.0021249881
3.8599800000	0.0021219421
3.8606900000	0.0021188998
3.8614000000	0.0021158622
3.8621200000	0.0021128284
3.8628300000	0.0021097990
3.8635400000	0.0021067740
3.8642600000	0.0021037530
3.8649700000	0.0021007358
3.8656800000	0.0020977231
3.8664000000	0.0020947150
3.8671100000	0.0020917103
3.8678200000	0.0020887098
3.8685300000	0.0020857132
3.8692500000	0.0020827215
3.8699600000	0.0020797335
3.8706700000	0.0020767488
3.8713900000	0.0020737696
3.8721000000	0.0020707939
3.8728100000	0.0020678222
3.8735200000	0.0020648549
3.8742400000	0.0020618914
3.8749500000	0.0020589322
3.8756600000	0.0020559764
3.8763800000	0.0020530255
3.8770900000	0.0020500778
3.8778000000	0.0020471352
3.8785200000	0.0020441959
3.8792300000	0.0020412611
3.8799400000	0.0020383299
3.8806500000	0.0020354028
3.8813700000	0.0020324800
3.8820800000	0.0020295612
3.8827900000	0.0020266461
3.8835100000	0.0020237354
3.8842200000	0.0020208287
3.8849300000	0.0020179253
3.8856500000	0.0020150271
3.8863600000	0.0020121320
3.8870700000	0.0020092409
3.8877800000	0.0020063543
3.8885000000	0.0020034711
3.8892100000	0.0020005920
3.8899200000	0.0019977173
3.8906400000	0.0019948466
3.8913500000	0.0019919798
3.8920600000	0.0019891164
3.8927700000	0.0019862569
3.8934900000	0.0019834016
3.8942000000	0.0019805506
3.8949100000	0.0019777029
3.8956300000	0.0019748599
3.8963400000	0.0019720201
3.8970500000	0.0019691847
3.8977700000	0.0019663527
3.8984800000	0.0019635253
3.8991900000	0.0019607013
3.8999000000	0.0019578810
3.9006200000	0.0019548738
3.9013300000	0.0019518413
3.9020400000	0.0019488127
3.9027600000	0.0019457899
3.9034700000	0.0019427706
3.9041800000	0.0019397556
3.9048900000	0.0019367456
3.9056100000	0.0019337398
3.9063200000	0.0019307385
3.9070300000	0.0019277415
3.9077500000	0.0019247487
3.9084600000	0.0019217609
3.9091700000	0.0019187770
3.9098900000	0.0019157979
3.9106000000	0.0019128228
3.9113100000	0.0019098524
3.9120200000	0.0019068864
3.9127400000	0.0019039243
3.9134500000	0.0019009671
3.9141600000	0.0018980142
3.9148800000	0.0018950657
3.9155900000	0.0018921213
3.9163000000	0.0018891816
3.9170200000	0.0018862455
3.9177300000	0.0018833147
3.9184400000	0.0018803879
3.9191500000	0.0018774649
3.9198700000	0.0018745470
3.9205800000	0.0018716331
3.9212900000	0.0018687237
3.9220100000	0.0018658181
3.9227200000	0.0018629175
3.9234300000	0.0018600207
3.9241400000	0.0018571284
3.9248600000	0.0018542404
3.9255700000	0.0018513570
3.9262800000	0.0018484775
3.9270000000	0.0018456019
3.9277100000	0.0018427309
3.9284200000	0.0018398645
3.9291400000	0.0018370023
3.9298500000	0.0018341440
3.9305600000	0.0018312901
3.9312700000	0.0018284401
3.9319900000	0.0018255951
3.9327000000	0.0018227534
3.9334100000	0.0018199171
3.9341300000	0.0018170840
3.9348400000	0.0018142554
3.9355500000	0.0018114311
3.9362700000	0.0018086109
3.9369800000	0.0018057947
3.9376900000	0.0018029833
3.9384000000	0.0018001756
3.9391200000	0.0017973725
3.9398300000	0.0017945731
3.9405400000	0.0017917779
3.9412600000	0.0017889872
3.9419700000	0.0017862006
3.9426800000	0.0017834181
3.9433900000	0.0017806397
3.9441100000	0.0017778654
3.9448200000	0.0017750953
3.9455300000	0.0017723295
3.9462500000	0.0017695677
3.9469600000	0.0017668099
3.9476700000	0.0017640563
3.9483900000	0.0017613064
3.9491000000	0.0017585612
3.9498100000	0.0017558199
3.9505200000	0.0017530826
3.9512400000	0.0017503498
3.9519500000	0.0017476204
3.9526600000	0.0017448956
3.9533800000	0.0017421745
3.9540900000	0.0017394580
3.9548000000	0.0017367454
3.9555200000	0.0017340367
3.9562300000	0.0017313316
3.9569400000	0.0017286315
3.9576500000	0.0017259349
3.9583700000	0.0017232422
3.9590800000	0.0017205541
3.9597900000	0.0017178697
3.9605100000	0.0017151890
3.9612200000	0.0017125127
3.9619300000	0.0017098402
3.9626400000	0.0017071721
3.9633600000	0.0017045078
3.9640700000	0.0017018470
3.9647800000	0.0016991906
3.9655000000	0.0016965383
3.9662100000	0.0016938899
3.9669200000	0.0016912456
3.9676400000	0.0016886054
3.9683500000	0.0016859686
3.9690600000	0.0016833360
3.9697700000	0.0016807071
3.9704900000	0.0016780827
3.9712000000	0.0016754618
3.9719100000	0.0016728450
3.9726300000	0.0016702323
3.9733400000	0.0016676232
3.9740500000	0.0016650183
3.9747600000	0.0016624176
3.9754800000	0.0016598199
3.9761900000	0.0016572268
3.9769000000	0.0016546379
3.9776200000	0.0016520523
3.9783300000	0.0016494704
3.9790400000	0.0016468932
3.9797600000	0.0016443190
3.9804700000	0.0016417493
3.9811800000	0.0016391834
3.9818900000	0.0016366209
3.9826100000	0.0016340632
3.9833200000	0.0016315083
3.9840300000	0.0016289576
3.9847500000	0.0016264110
3.9854600000	0.0016238679
3.9861700000	0.0016213292
3.9868900000	0.0016187934
3.9876000000	0.0016162625
3.9883100000	0.0016137343
3.9890200000	0.0016112107
3.9897400000	0.0016086907
3.9904500000	0.0016061747
3.9911600000	0.0016036620
3.9918800000	0.0016011535
3.9925900000	0.0015986485
3.9933000000	0.0015961477
3.9940100000	0.0015936504
3.9947300000	0.0015911569
3.9954400000	0.0015886671
3.9961500000	0.0015861815
3.9968700000	0.0015836991
3.9975800000	0.0015812207
3.9982900000	0.0015787465
3.9990100000	0.0015762754
3.9997200000	0.0015738082
4.0004300000	0.0015711751
4.0011400000	0.0015684357
4.0018600000	0.0015657007
4.0025700000	0.0015629703
4.0032800000	0.0015602443
4.0040000000	0.0015575224
4.0047100000	0.0015548050
4.0054200000	0.0015520919
4.0061400000	0.0015493828
4.0068500000	0.0015466784
4.0075600000	0.0015439778
4.0082700000	0.0015412818
4.0089900000	0.0015385904
4.0097000000	0.0015359027
4.0104100000	0.0015332198
4.0111300000	0.0015305408
4.0118400000	0.0015278602
4.0125500000	0.0015251899
4.0132600000	0.0015225235
4.0139800000	0.0015198623
4.0146900000	0.0015172044
4.0154000000	0.0015145515
4.0161200000	0.0015119025
4.0168300000	0.0015092580
4.0175400000	0.0015066175
4.0182600000	0.0015039814
4.0189700000	0.0015013492
4.0196800000	0.0014987215
4.0203900000	0.0014960983
4.0211100000	0.0014934793
4.0218200000	0.0014908639
4.0225300000	0.0014882532
4.0232500000	0.0014856466
4.0239600000	0.0014830444
4.0246700000	0.0014804461
4.0253900000	0.0014778521
4.0261000000	0.0014752624
4.0268100000	0.0014726767
4.0275200000	0.0014700953
4.0282400000	0.0014675181
4.0289500000	0.0014649449
4.0296600000	0.0014623761
4.0303800000	0.0014598117
4.0310900000	0.0014572510
4.0318000000	0.0014546949
4.0325100000	0.0014521424
4.0332300000	0.0014495945
4.0339400000	0.0014470507
4.0346500000	0.0014445105
4.0353700000	0.0014419751
4.0360800000	0.0014394435
4.0367900000	0.0014369159
4.0375100000	0.0014343931
4.0382200000	0.0014318743
4.0389300000	0.0014293595
4.0396400000	0.0014268481
4.0403600000	0.0014243416
4.0410700000	0.0014218392
4.0417800000	0.0014193405
4.0425000000	0.0014168464
4.0432100000	0.0014143560
4.0439200000	0.0014118696
4.0446300000	0.0014093872
4.0453500000	0.0014069096
4.0460600000	0.0014044355
4.0467700000	0.0014019658
4.0474900000	0.0013994994
4.0482000000	0.0013970379
4.0489100000	0.0013945799
4.0496300000	0.0013921262
4.0503400000	0.0013896770
4.0510500000	0.0013872312
4.0517600000	0.0013847896
4.0524800000	0.0013823521
4.0531900000	0.0013799189
4.0539000000	0.0013774894
4.0546200000	0.0013750638
4.0553300000	0.0013726426
4.0560400000	0.0013702252
4.0567600000	0.0013678118
4.0574700000	0.0013654025
4.0581800000	0.0013629970
4.0588900000	0.0013605956
4.0596100000	0.0013581986
4.0603200000	0.0013558052
4.0610300000	0.0013534157
4.0617500000	0.0013510300
4.0624600000	0.0013486487
4.0631700000	0.0013462711
4.0638800000	0.0013438981
4.0646000000	0.0013415280
4.0653100000	0.0013391625
4.0660200000	0.0013368006
4.0667400000	0.0013344430
4.0674500000	0.0013320889
4.0681600000	0.0013297395
4.0688800000	0.0013273937
4.0695900000	0.0013250519
4.0703000000	0.0013227133
4.0710100000	0.0013203791
4.0717300000	0.0013180490
4.0724400000	0.0013157227
4.0731500000	0.0013134003
4.0738700000	0.0013110815
4.0745800000	0.0013087668
4.0752900000	0.0013064563
4.0760100000	0.0013041494
4.0767200000	0.0013018465
4.0774300000	0.0012995471
4.0781400000	0.0012972521
4.0788600000	0.0012949605
4.0795700000	0.0012926731
4.0802800000	0.0012903898
4.0810000000	0.0012881095
4.0817100000	0.0012858333
4.0824200000	0.0012835618
4.0831300000	0.0012812932
4.0838500000	0.0012790290
4.0845600000	0.0012767686
4.0852700000	0.0012745115
4.0859900000	0.0012722589
4.0867000000	0.0012700096
4.0874100000	0.0012677642
4.0881300000	0.0012655226
4.0888400000	0.0012632848
4.0895500000	0.0012610509
4.0902600000	0.0012588208
4.0909800000	0.0012565943
4.0916900000	0.0012543718
4.0924000000	0.0012521530
4.0931200000	0.0012499382
4.0938300000	0.0012477264
4.0945400000	0.0012455192
4.0952600000	0.0012433152
4.0959700000	0.0012411147
4.0966800000	0.0012389189
4.0973900000	0.0012367268
4.0981100000	0.0012345380
4.0988200000	0.0012323524
4.0995300000	0.0012301715
4.1002500000	0.0012279045
4.1009600000	0.0012254723
4.1016700000	0.0012230433
4.1023800000	0.0012206172
4.1031000000	0.0012181939
4.1038100000	0.0012157743
4.1045200000	0.0012133574
4.1052400000	0.0012109436
4.1059500000	0.0012085328
4.1066600000	0.0012061252
4.1073800000	0.0012037209
4.1080900000	0.0012013194
4.1088000000	0.0011989214
4.1095100000	0.0011965265
4.1102300000	0.0011941344
4.1109400000	0.0011917455
4.1116500000	0.0011893600
4.1123700000	0.0011869779
4.1130800000	0.0011845989
4.1137900000	0.0011822223
4.1145000000	0.0011798496
4.1152200000	0.0011774798
4.1159300000	0.0011751133
4.1166400000	0.0011727501
4.1173600000	0.0011703903
4.1180700000	0.0011680336
4.1187800000	0.0011656798
4.1195000000	0.0011633294
4.1202100000	0.0011609826
4.1209200000	0.0011586388
4.1216300000	0.0011562982
4.1223500000	0.0011539609
4.1230600000	0.0011516271
4.1237700000	0.0011492958
4.1244900000	0.0011469685
4.1252000000	0.0011446447
4.1259100000	0.0011423241
4.1266300000	0.0011400061
4.1273400000	0.0011376916
4.1280500000	0.0011353810
4.1287600000	0.0011330733
4.1294800000	0.0011307689
4.1301900000	0.0011284681
4.1309000000	0.0011261705
4.1316200000	0.0011238761
4.1323300000	0.0011215851
4.1330400000	0.0011192975
4.1337500000	0.0011170132
4.1344700000	0.0011147322
4.1351800000	0.0011124551
4.1358900000	0.0011101810
4.1366100000	0.0011079101
4.1373200000	0.0011056426
4.1380300000	0.0011033787
4.1387500000	0.0011011179
4.1394600000	0.0010988609
4.1401700000	0.0010966072
4.1408800000	0.0010943567
4.1416000000	0.0010921101
4.1423100000	0.0010898666
4.1430200000	0.0010876264
4.1437400000	0.0010853894
4.1444500000	0.0010831558
4.1451600000	0.0010809264
4.1458800000	0.0010787000
4.1465900000	0.0010764772
4.1473000000	0.0010742578
4.1480100000	0.0010720417
4.1487300000	0.0010698292
4.1494400000	0.0010676202
4.1501500000	0.0010654140
4.1508700000	0.0010632120
4.1515800000	0.0010610135
4.1522900000	0.0010588183
4.1530000000	0.0010566266
4.1537200000	0.0010544382
4.1544300000	0.0010522531
4.1551400000	0.0010500717
4.1558600000	0.0010478940
4.1565700000	0.0010457199
4.1572800000	0.0010435490
4.1580000000	0.0010413816
4.1587100000	0.0010392177
4.1594200000	0.0010370575
4.1601300000	0.0010349008
4.1608500000	0.0010327472
4.1615600000	0.0010305977
4.1622700000	0.0010284513
4.1629900000	0.0010263089
4.1637000000	0.0010241693
4.1644100000	0.0010220337
4.1651300000	0.0010199012
4.1658400000	0.0010177729
4.1665500000	0.0010156480
4.1672600000	0.0010135260
4.1679800000	0.0010114082
4.1686900000	0.0010092937
4.1694000000	0.0010071829
4.1701200000	0.0010050754
4.1708300000	0.0010029715
4.1715400000	0.0010008714
4.1722500000	0.0009987746
4.1729700000	0.0009966811
4.1736800000	0.0009945919
4.1743900000	0.0009925056
4.1751100000	0.0009904230
4.1758200000	0.0009883441
4.1765300000	0.0009862687
4.1772500000	0.0009841968
4.1779600000	0.0009821287
4.1786700000	0.0009800639
4.1793800000	0.0009780028
4.1801000000	0.0009759452
4.1808100000	0.0009738908
4.1815200000	0.0009718408
4.1822400000	0.0009697937
4.1829500000	0.0009677507
4.1836600000	0.0009657109
4.1843700000	0.0009636744
4.1850900000	0.0009616423
4.1858000000	0.0009596136
4.1865100000	0.0009575879
4.1872300000	0.0009555662
4.1879400000	0.0009535476
4.1886500000	0.0009515330
4.1893700000	0.0009495222
4.1900800000	0.0009475144
4.1907900000	0.0009455104
4.1915000000	0.0009435104
4.1922200000	0.0009415132
4.1929300000	0.0009395201
4.1936400000	0.0009375305
4.1943600000	0.0009355446
4.1950700000	0.0009335478
4.1957800000	0.0009315689
4.1965000000	0.0009295935
4.1972100000	0.0009276217
4.1979200000	0.0009256538
4.1986300000	0.0009236895
4.1993500000	0.0009217282
4.2000600000	0.0009197931
4.2007700000	0.0009181006
4.2014900000	0.0009164059
4.2022000000	0.0009147087
4.2029100000	0.0009130095
4.2036200000	0.0009113071
4.2043400000	0.0009096029
4.2050500000	0.0009078967
4.2057600000	0.0009061876
4.2064800000	0.0009044767
4.2071900000	0.0009027635
4.2079000000	0.0009010480
4.2086200000	0.0008993299
4.2093300000	0.0008976098
4.2100400000	0.0008958880
4.2107500000	0.0008941634
4.2114700000	0.0008924371
4.2121800000	0.0008907084
4.2128900000	0.0008889775
4.2136100000	0.0008872442
4.2143200000	0.0008855093
4.2150300000	0.0008837723
4.2157500000	0.0008820328
4.2164600000	0.0008802912
4.2171700000	0.0008785479
4.2178800000	0.0008768022
4.2186000000	0.0008750551
4.2193100000	0.0008733054
4.2200200000	0.0008715539
4.2207400000	0.0008698007
4.2214500000	0.0008680454
4.2221600000	0.0008662878
4.2228700000	0.0008645286
4.2235900000	0.0008627678
4.2243000000	0.0008610042
4.2250100000	0.0008592398
4.2257300000	0.0008574728
4.2264400000	0.0008557042
4.2271500000	0.0008539340
4.2278700000	0.0008521617
4.2285800000	0.0008503877
4.2292900000	0.0008486123
4.2300000000	0.0008468346
4.2307200000	0.0008450555
4.2314300000	0.0008432751
4.2321400000	0.0008414927
4.2328600000	0.0008397082
4.2335700000	0.0008379226
4.2342800000	0.0008361354
4.2349900000	0.0008343463
4.2357100000	0.0008325561
4.2364200000	0.0008307643
4.2371300000	0.0008289708
4.2378500000	0.0008271757
4.2385600000	0.0008253790
4.2392700000	0.0008235810
4.2399900000	0.0008217819
4.2407000000	0.0008199811
4.2414100000	0.0008181791
4.2421200000	0.0008163757
4.2428400000	0.0008145712
4.2435500000	0.0008127649
4.2442600000	0.0008109574
4.2449800000	0.0008091489
4.2456900000	0.0008073386
4.2464000000	0.0008055274
4.2471200000	0.0008037151
4.2478300000	0.0008019017
4.2485400000	0.0008000869
4.2492500000	0.0007982713
4.2499700000	0.0007964544
4.2506800000	0.0007946366
4.2513900000	0.0007928179
4.2521100000	0.0007909980
4.2528200000	0.0007891771
4.2535300000	0.0007873553
4.2542400000	0.0007855322
4.2549600000	0.0007837083
4.2556700000	0.0007818839
4.2563800000	0.0007800583
4.2571000000	0.0007782322
4.2578100000	0.0007764051
4.2585200000	0.0007745773
4.2592400000	0.0007727484
4.2599500000	0.0007709192
4.2606600000	0.0007690890
4.2613700000	0.0007672582
4.2620900000	0.0007654267
4.2628000000	0.0007635948
4.2635100000	0.0007617620
4.2642300000	0.0007599290
4.2649400000	0.0007580954
4.2656500000	0.0007562612
4.2663700000	0.0007544266
4.2670800000	0.0007525918
4.2677900000	0.0007507558
4.2685000000	0.0007489200
4.2692200000	0.0007470837
4.2699300000	0.0007452469
4.2706400000	0.0007434104
4.2713600000	0.0007415730
4.2720700000	0.0007397357
4.2727800000	0.0007378977
4.2734900000	0.0007360599
4.2742100000	0.0007342218
4.2749200000	0.0007323837
4.2756300000	0.0007305454
4.2763500000	0.0007287069
4.2770600000	0.0007268689
4.2777700000	0.0007250303
4.2784900000	0.0007231921
4.2792000000	0.0007213535
4.2799100000	0.0007195154
4.2806200000	0.0007176767
4.2813400000	0.0007158389
4.2820500000	0.0007140009
4.2827600000	0.0007121633
4.2834800000	0.0007103259
4.2841900000	0.0007084883
4.2849000000	0.0007066514
4.2856200000	0.0007048145
4.2863300000	0.0007029782
4.2870400000	0.0007011421
4.2877500000	0.0006993067
4.2884700000	0.0006974714
4.2891800000	0.0006956370
4.2898900000	0.0006938019
4.2906100000	0.0006919685
4.2913200000	0.0006901352
4.2920300000	0.0006883027
4.2927400000	0.0006864704
4.2934600000	0.0006846393
4.2941700000	0.0006828087
4.2948800000	0.0006809781
4.2956000000	0.0006791488
4.2963100000	0.0006773202
4.2970200000	0.0006754922
4.2977400000	0.0006736653
4.2984500000	0.0006718393
4.2991600000	0.0006700136
4.2998700000	0.0006681895
4.3005900000	0.0006672205
4.3013000000	0.0006664341
4.3020100000	0.0006656468
4.3027300000	0.0006648577
4.3034400000	0.0006640680
4.3041500000	0.0006632772
4.3048600000	0.0006624853
4.3055800000	0.0006616923
4.3062900000	0.0006608986
4.3070000000	0.0006601029
4.3077200000	0.0006593064
4.3084300000	0.0006585091
4.3091400000	0.0006577104
4.3098600000	0.0006569101
4.3105700000	0.0006561092
4.3112800000	0.0006553070
4.3119900000	0.0006545036
4.3127100000	0.0006536989
4.3134200000	0.0006528930
4.3141300000	0.0006520858
4.3148500000	0.0006512772
4.3155600000	0.0006504675
4.3162700000	0.0006496569
4.3169900000	0.0006488448
4.3177000000	0.0006480310
4.3184100000	0.0006472162
4.3191200000	0.0006464001
4.3198400000	0.0006455828
4.3205500000	0.0006447637
4.3212600000	0.0006439435
4.3219800000	0.0006431222
4.3226900000	0.0006422994
4.3234000000	0.0006414752
4.3241100000	0.0006406496
4.3248300000	0.0006398223
4.3255400000	0.0006389939
4.3262500000	0.0006381640
4.3269700000	0.0006373325
4.3276800000	0.0006364997
4.3283900000	0.0006356654
4.3291100000	0.0006348295
4.3298200000	0.0006339923
4.3305300000	0.0006331532
4.3312400000	0.0006323131
4.3319600000	0.0006314712
4.3326700000	0.0006306281
4.3333800000	0.0006297829
4.3341000000	0.0006289368
4.3348100000	0.0006280884
4.3355200000	0.0006272388
4.3362400000	0.0006263876
4.3369500000	0.0006255345
4.3376600000	0.0006246801
4.3383700000	0.0006238240
4.3390900000	0.0006229663
4.3398000000	0.0006221065
4.3405100000	0.0006212456
4.3412300000	0.0006203828
4.3419400000	0.0006195186
4.3426500000	0.0006186520
4.3433600000	0.0006177841
4.3440800000	0.0006169142
4.3447900000	0.0006160431
4.3455000000	0.0006151698
4.3462200000	0.0006142945
4.3469300000	0.0006134176
4.3476400000	0.0006125390
4.3483600000	0.0006116591
4.3490700000	0.0006107769
4.3497800000	0.0006098927
4.3504900000	0.0006090066
4.3512100000	0.0006081189
4.3519200000	0.0006072291
4.3526300000	0.0006063376
4.3533500000	0.0006054442
4.3540600000	0.0006045491
4.3547700000	0.0006036514
4.3554900000	0.0006027523
4.3562000000	0.0006018506
4.3569100000	0.0006009476
4.3576200000	0.0006000427
4.3583400000	0.0005991354
4.3590500000	0.0005982265
4.3597600000	0.0005973149
4.3604800000	0.0005964018
4.3611900000	0.0005954865
4.3619000000	0.0005945699
4.3626100000	0.0005936502
4.3633300000	0.0005927285
4.3640400000	0.0005918049
4.3647500000	0.0005908792
4.3654700000	0.0005899514
4.3661800000	0.0005890216
4.3668900000	0.0005880896
4.3676100000	0.0005871551
4.3683200000	0.0005862184
4.3690300000	0.0005852798
4.3697400000	0.0005843391
4.3704600000	0.0005833963
4.3711700000	0.0005824506
4.3718800000	0.0005815036
4.3726000000	0.0005805540
4.3733100000	0.0005796020
4.3740200000	0.0005786475
4.3747300000	0.0005776909
4.3754500000	0.0005767320
4.3761600000	0.0005757711
4.3768700000	0.0005748073
4.3775900000	0.0005738418
4.3783000000	0.0005728735
4.3790100000	0.0005719028
4.3797300000	0.0005709299
4.3804400000	0.0005699551
4.3811500000	0.0005689773
4.3818600000	0.0005679968
4.3825800000	0.0005670146
4.3832900000	0.0005660298
4.3840000000	0.0005650423
4.3847200000	0.0005640522
4.3854300000	0.0005630603
4.3861400000	0.0005620655
4.3868600000	0.0005610681
4.3875700000	0.0005600682
4.3882800000	0.0005590662
4.3889900000	0.0005580613
4.3897100000	0.0005570537
4.3904200000	0.0005560441
4.3911300000	0.0005550312
4.3918500000	0.0005540161
4.3925600000	0.0005529987
4.3932700000	0.0005519782
4.3939800000	0.0005509554
4.3947000000	0.0005499300
4.3954100000	0.0005489021
4.3961200000	0.0005478712
4.3968400000	0.0005468378
4.3975500000	0.0005458018
4.3982600000	0.0005447631
4.3989800000	0.0005437214
4.3996900000	0.0005426770
4.4004000000	0.0005418895
4.4011100000	0.0005413021
4.4018300000	0.0005407148
4.4025400000	0.0005401271
4.4032500000	0.0005395394
4.4039700000	0.0005389511
4.4046800000	0.0005383629
4.4053900000	0.0005377741
4.4061100000	0.0005371851
4.4068200000	0.0005365960
4.4075300000	0.0005360065
4.4082400000	0.0005354168
4.4089600000	0.0005348270
4.4096700000	0.0005342366
4.4103800000	0.0005336461
4.4111000000	0.0005330557
4.4118100000	0.0005324647
4.4125200000	0.0005318727
4.4132300000	0.0005312812
4.4139500000	0.0005306889
4.4146600000	0.0005300969
4.4153700000	0.0005295041
4.4160900000	0.0005289109
4.4168000000	0.0005283180
4.4175100000	0.0005277242
4.4182300000	0.0005271300
4.4189400000	0.0005265363
4.4196500000	0.0005259413
4.4203600000	0.0005253460
4.4210800000	0.0005247504
4.4217900000	0.0005241545
4.4225000000	0.0005235585
4.4232200000	0.0005229621
4.4239300000	0.0005223649
4.4246400000	0.0005217677
4.4253600000	0.0005211698
4.4260700000	0.0005205718
4.4267800000	0.0005199729
4.4274900000	0.0005193740
4.4282100000	0.0005187744
4.4289200000	0.0005181746
4.4296300000	0.0005175743
4.4303500000	0.0005169733
4.4310600000	0.0005163721
4.4317700000	0.0005157706
4.4324800000	0.0005151681
4.4332000000	0.0005145654
4.4339100000	0.0005139624
4.4346200000	0.0005133588
4.4353400000	0.0005127548
4.4360500000	0.0005121502
4.4367600000	0.0005115447
4.4374800000	0.0005109395
4.4381900000	0.0005103331
4.4389000000	0.0005097263
4.4396100000	0.0005091188
4.4403300000	0.0005085111
4.4410400000	0.0005079031
4.4417500000	0.0005072945
4.4424700000	0.0005066848
4.4431800000	0.0005060750
4.4438900000	0.0005054641
4.4446000000	0.0005048529
4.4453200000	0.0005042410
4.4460300000	0.0005036286
4.4467400000	0.0005030160
4.4474600000	0.0005024023
4.4481700000	0.0005017887
4.4488800000	0.0005011735
4.4496000000	0.0005005582
4.4503100000	0.0004999420
4.4510200000	0.0004993253
4.4517300000	0.0004987081
4.4524500000	0.0004980900
4.4531600000	0.0004974712
4.4538700000	0.0004968516
4.4545900000	0.0004962318
4.4553000000	0.0004956110
4.4560100000	0.0004949897
4.4567300000	0.0004943678
4.4574400000	0.0004937447
4.4581500000	0.0004931212
4.4588600000	0.0004924970
4.4595800000	0.0004918716
4.4602900000	0.0004912460
4.4610000000	0.0004906195
4.4617200000	0.0004899922
4.4624300000	0.0004893642
4.4631400000	0.0004887354
4.4638500000	0.0004881057
4.4645700000	0.0004874752
4.4652800000	0.0004868440
4.4659900000	0.0004862117
4.4667100000	0.0004855791
4.4674200000	0.0004849452
4.4681300000	0.0004843111
4.4688500000	0.0004836755
4.4695600000	0.0004830395
4.4702700000	0.0004824026
4.4709800000	0.0004817645
4.4717000000	0.0004811263
4.4724100000	0.0004804862
4.4731200000	0.0004798458
4.4738400000	0.0004792043
4.4745500000	0.0004785622
4.4752600000	0.0004779187
4.4759800000	0.0004772746
4.4766900000	0.0004766293
4.4774000000	0.0004759834
4.4781100000	0.0004753364
4.4788300000	0.0004746883
4.4795400000	0.0004740393
4.4802500000	0.0004733895
4.4809700000	0.0004727387
4.4816800000	0.0004720866
4.4823900000	0.0004714339
4.4831000000	0.0004707804
4.4838200000	0.0004701254
4.4845300000	0.0004694693
4.4852400000	0.0004688124
4.4859600000	0.0004681542
4.4866700000	0.0004674951
4.4873800000	0.0004668350
4.4881000000	0.0004661740
4.4888100000	0.0004655116
4.4895200000	0.0004648481
4.4902300000	0.0004641836
4.4909500000	0.0004635179
4.4916600000	0.0004628515
4.4923700000	0.0004621834
4.4930900000	0.0004615145
4.4938000000	0.0004608442
4.4945100000	0.0004601729
4.4952300000	0.0004595004
4.4959400000	0.0004588267
4.4966500000	0.0004581518
4.4973600000	0.0004574758
4.4980800000	0.0004567984
4.4987900000	0.0004561202
4.4995000000	0.0004554401
4.5002200000	0.0004548586
4.5009300000	0.0004545056
4.5016400000	0.0004541528
4.5023500000	0.0004538003
4.5030700000	0.0004534483
4.5037800000	0.0004530961
4.5044900000	0.0004527443
4.5052100000	0.0004523924
4.5059200000	0.0004520415
4.5066300000	0.0004516898
4.5073500000	0.0004513388
4.5080600000	0.0004509884
4.5087700000	0.0004506379
4.5094800000	0.0004502874
4.5102000000	0.0004499369
4.5109100000	0.0004495871
4.5116200000	0.0004492376
4.5123400000	0.0004488881
4.5130500000	0.0004485388
4.5137600000	0.0004481900
4.5144700000	0.0004478410
4.5151900000	0.0004474919
4.5159000000	0.0004471432
4.5166100000	0.0004467954
4.5173300000	0.0004464467
4.5180400000	0.0004460993
4.5187500000	0.0004457509
4.5194700000	0.0004454034
4.5201800000	0.0004450561
4.5208900000	0.0004447086
4.5216000000	0.0004443615
4.5223200000	0.0004440142
4.5230300000	0.0004436675
4.5237400000	0.0004433210
4.5244600000	0.0004429745
4.5251700000	0.0004426283
4.5258800000	0.0004422823
4.5266000000	0.0004419361
4.5273100000	0.0004415898
4.5280200000	0.0004412443
4.5287300000	0.0004408988
4.5294500000	0.0004405531
4.5301600000	0.0004402078
4.5308700000	0.0004398628
4.5315900000	0.0004395174
4.5323000000	0.0004391723
4.5330100000	0.0004388277
4.5337200000	0.0004384830
4.5344400000	0.0004381387
4.5351500000	0.0004377937
4.5358600000	0.0004374494
4.5365800000	0.0004371053
4.5372900000	0.0004367611
4.5380000000	0.0004364171
4.5387200000	0.0004360730
4.5394300000	0.0004357290
4.5401400000	0.0004353856
4.5408500000	0.0004350415
4.5415700000	0.0004346981
4.5422800000	0.0004343550
4.5429900000	0.0004340113
4.5437100000	0.0004336677
4.5444200000	0.0004333246
4.5451300000	0.0004329813
4.5458500000	0.0004326384
4.5465600000	0.0004322951
4.5472700000	0.0004319521
4.5479800000	0.0004316094
4.5487000000	0.0004312663
4.5494100000	0.0004309233
4.5501200000	0.0004305806
4.5508400000	0.0004302380
4.5515500000	0.0004298952
4.5522600000	0.0004295524
4.5529700000	0.0004292100
4.5536900000	0.0004288670
4.5544000000	0.0004285244
4.5551100000	0.0004281822
4.5558300000	0.0004278391
4.5565400000	0.0004274966
4.5572500000	0.0004271544
4.5579700000	0.0004268118
4.5586800000	0.0004264694
4.5593900000	0.0004261267
4.5601000000	0.0004257842
4.5608200000	0.0004254416
4.5615300000	0.0004250988
4.5622400000	0.0004247566
4.5629600000	0.0004244137
4.5636700000	0.0004240711
4.5643800000	0.0004237287
4.5651000000	0.0004233858
4.5658100000	0.0004230431
4.5665200000	0.0004227002
4.5672300000	0.0004223573
4.5679500000	0.0004220144
4.5686600000	0.0004216713
4.5693700000	0.0004213287
4.5700900000	0.0004209847
4.5708000000	0.0004206416
4.5715100000	0.0004202983
4.5722200000	0.0004199554
4.5729400000	0.0004196119
4.5736500000	0.0004192687
4.5743600000	0.0004189248
4.5750800000	0.0004185812
4.5757900000	0.0004182376
4.5765000000	0.0004178936
4.5772200000	0.0004175497
4.5779300000	0.0004172057
4.5786400000	0.0004168613
4.5793500000	0.0004165171
4.5800700000	0.0004161728
4.5807800000	0.0004158282
4.5814900000	0.0004154836
4.5822100000	0.0004151388
4.5829200000	0.0004147937
4.5836300000	0.0004144487
4.5843400000	0.0004141031
4.5850600000	0.0004137578
4.5857700000	0.0004134118
4.5864800000	0.0004130660
4.5872000000	0.0004127201
4.5879100000	0.0004123743
4.5886200000	0.0004120277
4.5893400000	0.0004116810
4.5900500000	0.0004113345
4.5907600000	0.0004109873
4.5914700000	0.0004106405
4.5921900000	0.0004102930
4.5929000000	0.0004099452
4.5936100000	0.0004095975
4.5943300000	0.0004092491
4.5950400000	0.0004089009
4.5957500000	0.0004085521
4.5964700000	0.0004082036
4.5971800000	0.0004078544
4.5978900000	0.0004075050
4.5986000000	0.0004071554
4.5993200000	0.0004068054
4.6000300000	0.0004064622
4.6007400000	0.0004062740
4.6014600000	0.0004060868
4.6021700000	0.0004059001
4.6028800000	0.0004057141
4.6035900000	0.0004055284
4.6043100000	0.0004053437
4.6050200000	0.0004051588
4.6057300000	0.0004049750
4.6064500000	0.0004047921
4.6071600000	0.0004046093
4.6078700000	0.0004044270
4.6085900000	0.0004042456
4.6093000000	0.0004040643
4.6100100000	0.0004038839
4.6107200000	0.0004037042
4.6114400000	0.0004035245
4.6121500000	0.0004033458
4.6128600000	0.0004031679
4.6135800000	0.0004029903
4.6142900000	0.0004028135
4.6150000000	0.0004026368
4.6157200000	0.0004024608
4.6164300000	0.0004022857
4.6171400000	0.0004021109
4.6178500000	0.0004019366
4.6185700000	0.0004017633
4.6192800000	0.0004015906
4.6199900000	0.0004014183
4.6207100000	0.0004012461
4.6214200000	0.0004010752
4.6221300000	0.0004009040
4.6228400000	0.0004007340
4.6235600000	0.0004005650
4.6242700000	0.0004003959
4.6249800000	0.0004002279
4.6257000000	0.0004000602
4.6264100000	0.0003998926
4.6271200000	0.0003997264
4.6278400000	0.0003995605
4.6285500000	0.0003993950
4.6292600000	0.0003992304
4.6299700000	0.0003990662
4.6306900000	0.0003989026
4.6314000000	0.0003987394
4.6321100000	0.0003985771
4.6328300000	0.0003984155
4.6335400000	0.0003982540
4.6342500000	0.0003980936
4.6349600000	0.0003979335
4.6356800000	0.0003977741
4.6363900000	0.0003976156
4.6371000000	0.0003974569
4.6378200000	0.0003972993
4.6385300000	0.0003971420
4.6392400000	0.0003969857
4.6399600000	0.0003968302
4.6406700000	0.0003966748
4.6413800000	0.0003965204
4.6420900000	0.0003963660
4.6428100000	0.0003962126
4.6435200000	0.0003960601
4.6442300000	0.0003959078
4.6449500000	0.0003957562
4.6456600000	0.0003956050
4.6463700000	0.0003954543
4.6470900000	0.0003953053
4.6478000000	0.0003951559
4.6485100000	0.0003950073
4.6492200000	0.0003948595
4.6499400000	0.0003947123
4.6506500000	0.0003945654
4.6513600000	0.0003944191
4.6520800000	0.0003942738
4.6527900000	0.0003941289
4.6535000000	0.0003939847
4.6542100000	0.0003938412
4.6549300000	0.0003936983
4.6556400000	0.0003935559
4.6563500000	0.0003934140
4.6570700000	0.0003932730
4.6577800000	0.0003931327
4.6584900000	0.0003929930
4.6592100000	0.0003928536
4.6599200000	0.0003927150
4.6606300000	0.0003925765
4.6613400000	0.0003924396
4.6620600000	0.0003923026
4.6627700000	0.0003921669
4.6634800000	0.0003920313
4.6642000000	0.0003918962
4.6649100000	0.0003917624
4.6656200000	0.0003916285
4.6663400000	0.0003914958
4.6670500000	0.0003913635
4.6677600000	0.0003912319
4.6684700000	0.0003911006
4.6691900000	0.0003909707
4.6699000000	0.0003908411
4.6706100000	0.0003907121
4.6713300000	0.0003905835
4.6720400000	0.0003904558
4.6727500000	0.0003903287
4.6734600000	0.0003902019
4.6741800000	0.0003900762
4.6748900000	0.0003899511
4.6756000000	0.0003898266
4.6763200000	0.0003897024
4.6770300000	0.0003895794
4.6777400000	0.0003894569
4.6784600000	0.0003893350
4.6791700000	0.0003892137
4.6798800000	0.0003890933
4.6805900000	0.0003889733
4.6813100000	0.0003888540
4.6820200000	0.0003887357
4.6827300000	0.0003886177
4.6834500000	0.0003885006
4.6841600000	0.0003883838
4.6848700000	0.0003882677
4.6855900000	0.0003881528
4.6863000000	0.0003880381
4.6870100000	0.0003879241
4.6877200000	0.0003878111
4.6884400000	0.0003876984
4.6891500000	0.0003875867
4.6898600000	0.0003874756
4.6905800000	0.0003873652
4.6912900000	0.0003872555
4.6920000000	0.0003871462
4.6927100000	0.0003870378
4.6934300000	0.0003869299
4.6941400000	0.0003868230
4.6948500000	0.0003867164
4.6955700000	0.0003866110
4.6962800000	0.0003865057
4.6969900000	0.0003864012
4.6977100000	0.0003862983
4.6984200000	0.0003861951
4.6991300000	0.0003860929
4.6998400000	0.0003859917
4.7005600000	0.0003858296
4.7012700000	0.0003856515
4.7019800000	0.0003854739
4.7027000000	0.0003852964
4.7034100000	0.0003851198
4.7041200000	0.0003849434
4.7048300000	0.0003847676
4.7055500000	0.0003845922
4.7062600000	0.0003844175
4.7069700000	0.0003842432
4.7076900000	0.0003840696
4.7084000000	0.0003838955
4.7091100000	0.0003837229
4.7098300000	0.0003835503
4.7105400000	0.0003833785
4.7112500000	0.0003832069
4.7119600000	0.0003830356
4.7126800000	0.0003828652
4.7133900000	0.0003826952
4.7141000000	0.0003825256
4.7148200000	0.0003823566
4.7155300000	0.0003821878
4.7162400000	0.0003820198
4.7169600000	0.0003818521
4.7176700000	0.0003816849
4.7183800000	0.0003815182
4.7190900000	0.0003813519
4.7198100000	0.0003811862
4.7205200000	0.0003810208
4.7212300000	0.0003808557
4.7219500000	0.0003806915
4.7226600000	0.0003805280
4.7233700000	0.0003803642
4.7240800000	0.0003802017
4.7248000000	0.0003800392
4.7255100000	0.0003798773
4.7262200000	0.0003797160
4.7269400000	0.0003795553
4.7276500000	0.0003793946
4.7283600000	0.0003792346
4.7290800000	0.0003790753
4.7297900000	0.0003789162
4.7305000000	0.0003787576
4.7312100000	0.0003785997
4.7319300000	0.0003784426
4.7326400000	0.0003782852
4.7333500000	0.0003781290
4.7340700000	0.0003779726
4.7347800000	0.0003778169
4.7354900000	0.0003776620
4.7362100000	0.0003775075
4.7369200000	0.0003773535
4.7376300000	0.0003771999
4.7383400000	0.0003770468
4.7390600000	0.0003768940
4.7397700000	0.0003767419
4.7404800000	0.0003765903
4.7412000000	0.0003764394
4.7419100000	0.0003762887
4.7426200000	0.0003761385
4.7433300000	0.0003759889
4.7440500000	0.0003758397
4.7447600000	0.0003756909
4.7454700000	0.0003755429
4.7461900000	0.0003753952
4.7469000000	0.0003752482
4.7476100000	0.0003751013
4.7483300000	0.0003749553
4.7490400000	0.0003748096
4.7497500000	0.0003746645
4.7504600000	0.0003745198
4.7511800000	0.0003743756
4.7518900000	0.0003742318
4.7526000000	0.0003740889
4.7533200000	0.0003739460
4.7540300000	0.0003738039
4.7547400000	0.0003736624
4.7554600000	0.0003735210
4.7561700000	0.0003733808
4.7568800000	0.0003732403
4.7575900000	0.0003731007
4.7583100000	0.0003729613
4.7590200000	0.0003728228
4.7597300000	0.0003726848
4.7604500000	0.0003725468
4.7611600000	0.0003724102
4.7618700000	0.0003722733
4.7625800000	0.0003721371
4.7633000000	0.0003720016
4.7640100000	0.0003718661
4.7647200000	0.0003717315
4.7654400000	0.0003715978
4.7661500000	0.0003714641
4.7668600000	0.0003713307
4.7675800000	0.0003711983
4.7682900000	0.0003710661
4.7690000000	0.0003709349
4.7697100000	0.0003708034
4.7704300000	0.0003706731
4.7711400000	0.0003705432
4.7718500000	0.0003704138
4.7725700000	0.0003702848
4.7732800000	0.0003701564
4.7739900000	0.0003700286
4.7747000000	0.0003699013
4.7754200000	0.0003697743
4.7761300000	0.0003696482
4.7768400000	0.0003695223
4.7775600000	0.0003693971
4.7782700000	0.0003692720
4.7789800000	0.0003691479
4.7797000000	0.0003690243
4.7804100000	0.0003689009
4.7811200000	0.0003687782
4.7818300000	0.0003686561
4.7825500000	0.0003685344
4.7832600000	0.0003684133
4.7839700000	0.0003682927
4.7846900000	0.0003681726
4.7854000000	0.0003680529
4.7861100000	0.0003679343
4.7868300000	0.0003678155
4.7875400000	0.0003676977
4.7882500000	0.0003675802
4.7889600000	0.0003674632
4.7896800000	0.0003673469
4.7903900000	0.0003672313
4.7911000000	0.0003671160
4.7918200000	0.0003670011
4.7925300000	0.0003668873
4.7932400000	0.0003667736
4.7939500000	0.0003666602
4.7946700000	0.0003665475
4.7953800000	0.0003664355
4.7960900000	0.0003663240
4.7968100000	0.0003662130
4.7975200000	0.0003661024
4.7982300000	0.0003659928
4.7989500000	0.0003658834
4.7996600000	0.0003657744
4.8003700000	0.0003656211
4.8010800000	0.0003654260
4.8018000000	0.0003652315
4.8025100000	0.0003650374
4.8032200000	0.0003648442
4.8039400000	0.0003646505
4.8046500000	0.0003644574
4.8053600000	0.0003642649
4.8060800000	0.0003640726
4.8067900000	0.0003638809
4.8075000000	0.0003636896
4.8082100000	0.0003634987
4.8089300000	0.0003633074
4.8096400000	0.0003631173
4.8103500000	0.0003629274
4.8110700000	0.0003627377
4.8117800000	0.0003625483
4.8124900000	0.0003623595
4.8132000000	0.0003621711
4.8139200000	0.0003619830
4.8146300000	0.0003617953
4.8153400000	0.0003616081
4.8160600000	0.0003614208
4.8167700000	0.0003612343
4.8174800000	0.0003610482
4.8182000000	0.0003608620
4.8189100000	0.0003606766
4.8196200000	0.0003604916
4.8203300000	0.0003603067
4.8210500000	0.0003601224
4.8217600000	0.0003599387
4.8224700000	0.0003597548
4.8231900000	0.0003595714
4.8239000000	0.0003593888
4.8246100000	0.0003592061
4.8253300000	0.0003590239
4.8260400000	0.0003588424
4.8267500000	0.0003586610
4.8274600000	0.0003584800
4.8281800000	0.0003582992
4.8288900000	0.0003581189
4.8296000000	0.0003579391
4.8303200000	0.0003577596
4.8310300000	0.0003575801
4.8317400000	0.0003574015
4.8324500000	0.0003572232
4.8331700000	0.0003570448
4.8338800000	0.0003568674
4.8345900000	0.0003566902
4.8353100000	0.0003565129
4.8360200000	0.0003563362
4.8367300000	0.0003561606
4.8374500000	0.0003559845
4.8381600000	0.0003558092
4.8388700000	0.0003556338
4.8395800000	0.0003554594
4.8403000000	0.0003552850
4.8410100000	0.0003551108
4.8417200000	0.0003549376
4.8424400000	0.0003547643
4.8431500000	0.0003545914
4.8438600000	0.0003544190
4.8445700000	0.0003542467
4.8452900000	0.0003540754
4.8460000000	0.0003539041
4.8467100000	0.0003537331
4.8474300000	0.0003535624
4.8481400000	0.0003533920
4.8488500000	0.0003532221
4.8495700000	0.0003530525
4.8502800000	0.0003528839
4.8509900000	0.0003527147
4.8517000000	0.0003525464
4.8524200000	0.0003523785
4.8531300000	0.0003522110
4.8538400000	0.0003520437
4.8545600000	0.0003518766
4.8552700000	0.0003517100
4.8559800000	0.0003515442
4.8567000000	0.0003513781
4.8574100000	0.0003512131
4.8581200000	0.0003510481
4.8588300000	0.0003508831
4.8595500000	0.0003507189
4.8602600000	0.0003505550
4.8609700000	0.0003503912
4.8616900000	0.0003502282
4.8624000000	0.0003500655
4.8631100000	0.0003499032
4.8638200000	0.0003497411
4.8645400000	0.0003495793
4.8652500000	0.0003494182
4.8659600000	0.0003492571
4.8666800000	0.0003490967
4.8673900000	0.0003489363
4.8681000000	0.0003487769
4.8688200000	0.0003486175
4.8695300000	0.0003484581
4.8702400000	0.0003482994
4.8709500000	0.0003481413
4.8716700000	0.0003479832
4.8723800000	0.0003478256
4.8730900000	0.0003476685
4.8738100000	0.0003475117
4.8745200000	0.0003473554
4.8752300000	0.0003471993
4.8759500000	0.0003470434
4.8766600000	0.0003468882
4.8773700000	0.0003467334
4.8780800000	0.0003465787
4.8788000000	0.0003464247
4.8795100000	0.0003462708
4.8802200000	0.0003461174
4.8809400000	0.0003459645
4.8816500000	0.0003458115
4.8823600000	0.0003456590
4.8830700000	0.0003455072
4.8837900000	0.0003453560
4.8845000000	0.0003452044
4.8852100000	0.0003450535
4.8859300000	0.0003449029
4.8866400000	0.0003447533
4.8873500000	0.0003446035
4.8880700000	0.0003444541
4.8887800000	0.0003443052
4.8894900000	0.0003441565
4.8902000000	0.0003440083
4.8909200000	0.0003438605
4.8916300000	0.0003437131
4.8923400000	0.0003435659
4.8930600000	0.0003434193
4.8937700000	0.0003432732
4.8944800000	0.0003431271
4.8952000000	0.0003429818
4.8959100000	0.0003428366
4.8966200000	0.0003426915
4.8973300000	0.0003425469
4.8980500000	0.0003424029
4.8987600000	0.0003422597
4.8994700000	0.0003421160
4.9001900000	0.0003419577
4.9009000000	0.0003417569
4.9016100000	0.0003415561
4.9023200000	0.0003413557
4.9030400000	0.0003411553
4.9037500000	0.0003409556
4.9044600000	0.0003407560
4.9051800000	0.0003405568
4.9058900000	0.0003403575
4.9066000000	0.0003401591
4.9073200000	0.0003399607
4.9080300000	0.0003397628
4.9087400000	0.0003395650
4.9094500000	0.0003393674
4.9101700000	0.0003391701
4.9108800000	0.0003389733
4.9115900000	0.0003387763
4.9123100000	0.0003385800
4.9130200000	0.0003383841
4.9137300000	0.0003381879
4.9144400000	0.0003379925
4.9151600000	0.0003377970
4.9158700000	0.0003376023
4.9165800000	0.0003374075
4.9173000000	0.0003372131
4.9180100000	0.0003370193
4.9187200000	0.0003368257
4.9194400000	0.0003366317
4.9201500000	0.0003364386
4.9208600000	0.0003362461
4.9215700000	0.0003360529
4.9222900000	0.0003358608
4.9230000000	0.0003356687
4.9237100000	0.0003354770
4.9244300000	0.0003352855
4.9251400000	0.0003350942
4.9258500000	0.0003349035
4.9265700000	0.0003347128
4.9272800000	0.0003345224
4.9279900000	0.0003343323
4.9287000000	0.0003341427
4.9294200000	0.0003339529
4.9301300000	0.0003337636
4.9308400000	0.0003335747
4.9315600000	0.0003333864
4.9322700000	0.0003331975
4.9329800000	0.0003330100
4.9336900000	0.0003328221
4.9344100000	0.0003326344
4.9351200000	0.0003324471
4.9358300000	0.0003322603
4.9365500000	0.0003320738
4.9372600000	0.0003318872
4.9379700000	0.0003317011
4.9386900000	0.0003315155
4.9394000000	0.0003313296
4.9401100000	0.0003311447
4.9408200000	0.0003309594
4.9415400000	0.0003307748
4.9422500000	0.0003305903
4.9429600000	0.0003304063
4.9436800000	0.0003302226
4.9443900000	0.0003300388
4.9451000000	0.0003298557
4.9458200000	0.0003296725
4.9465300000	0.0003294900
4.9472400000	0.0003293075
4.9479500000	0.0003291254
4.9486700000	0.0003289432
4.9493800000	0.0003287620
4.9500900000	0.0003285804
4.9508100000	0.0003283991
4.9515200000	0.0003282186
4.9522300000	0.0003280380
4.9529400000	0.0003278580
4.9536600000	0.0003276780
4.9543700000	0.0003274985
4.9550800000	0.0003273188
4.9558000000	0.0003271400
4.9565100000	0.0003269609
4.9572200000	0.0003267827
4.9579400000	0.0003266044
4.9586500000	0.0003264263
4.9593600000	0.0003262485
4.9600700000	0.0003260712
4.9607900000	0.0003258938
4.9615000000	0.0003257171
4.9622100000	0.0003255405
4.9629300000	0.0003253644
4.9636400000	0.0003251881
4.9643500000	0.0003250121
4.9650700000	0.0003248369
4.9657800000	0.0003246616
4.9664900000	0.0003244866
4.9672000000	0.0003243119
4.9679200000	0.0003241375
4.9686300000	0.0003239635
4.9693400000	0.0003237897
4.9700600000	0.0003236157
4.9707700000	0.0003234427
4.9714800000	0.0003232694
4.9721900000	0.0003230971
4.9729100000	0.0003229243
4.9736200000	0.0003227523
4.9743300000	0.0003225801
4.9750500000	0.0003224085
4.9757600000	0.0003222370
4.9764700000	0.0003220663
4.9771900000	0.0003218953
4.9779000000	0.0003217244
4.9786100000	0.0003215542
4.9793200000	0.0003213844
4.9800400000	0.0003212145
4.9807500000	0.0003210452
4.9814600000	0.0003208758
4.9821800000	0.0003207070
4.9828900000	0.0003205383
4.9836000000	0.0003203697
4.9843100000	0.0003202015
4.9850300000	0.0003200338
4.9857400000	0.0003198660
4.9864500000	0.0003196988
4.9871700000	0.0003195318
4.9878800000	0.0003193651
4.9885900000	0.0003191987
4.9893100000	0.0003190322
4.9900200000	0.0003188662
4.9907300000	0.0003187005
4.9914400000	0.0003185351
4.9921600000	0.0003183701
4.9928700000	0.0003182050
4.9935800000	0.0003180404
4.9943000000	0.0003178763
4.9950100000	0.0003177123
4.9957200000	0.0003175481
4.9964400000	0.0003173848
4.9971500000	0.0003172211
4.9978600000	0.0003170585
4.9985700000	0.0003168958
4.9992900000	0.0003167332
5.0000000000	0.0003165710
