# energy (eV)    P(omega), $W_{\text{p}}/W$ = 0.50, $h/W$ = 0.40, $d/W$ = 0.20, x/W = 0.0, $E_{\rm e}$ = 200 keV
0.0100000000	0.0120216097
0.0107130000	0.0123364809
0.0114259000	0.0126596787
0.0121389000	0.0129905802
0.0128518000	0.0133286129
0.0135648000	0.0136732559
0.0142778000	0.0140240406
0.0149907000	0.0143804946
0.0157037000	0.0147422249
0.0164166000	0.0151088409
0.0171296000	0.0154799793
0.0178425000	0.0158553092
0.0185555000	0.0162345160
0.0192685000	0.0166172831
0.0199814000	0.0170033491
0.0206944000	0.0173924329
0.0214073000	0.0177843049
0.0221203000	0.0181786991
0.0228333000	0.0185754088
0.0235462000	0.0189742158
0.0242592000	0.0193749118
0.0249721000	0.0197773032
0.0256851000	0.0201811940
0.0263981000	0.0205864223
0.0271110000	0.0209928203
0.0278240000	0.0214002255
0.0285369000	0.0218084596
0.0292499000	0.0222174038
0.0299629000	0.0226269061
0.0306758000	0.0230368210
0.0313888000	0.0234470310
0.0321017000	0.0238574077
0.0328147000	0.0242678395
0.0335276000	0.0246781987
0.0342406000	0.0250883782
0.0349536000	0.0254982831
0.0356665000	0.0259077924
0.0363795000	0.0263168290
0.0370924000	0.0267252839
0.0378054000	0.0271330762
0.0385184000	0.0275401045
0.0392313000	0.0279463062
0.0399443000	0.0283515908
0.0406572000	0.0287558743
0.0413702000	0.0291590943
0.0420832000	0.0295611910
0.0427961000	0.0299620689
0.0435091000	0.0303616690
0.0442220000	0.0307599423
0.0449350000	0.0311568146
0.0456479000	0.0315522390
0.0463609000	0.0319461502
0.0470739000	0.0323384907
0.0477868000	0.0327292186
0.0484998000	0.0331182780
0.0492127000	0.0335056220
0.0499257000	0.0338912092
0.0506387000	0.0342750011
0.0513516000	0.0346569330
0.0520646000	0.0350369843
0.0527775000	0.0354151087
0.0534905000	0.0357912683
0.0542035000	0.0361654373
0.0549164000	0.0365375772
0.0556294000	0.0369076478
0.0563423000	0.0372756139
0.0570553000	0.0376414684
0.0577683000	0.0380051519
0.0584812000	0.0383666691
0.0591942000	0.0387259785
0.0599071000	0.0390830478
0.0606201000	0.0394378695
0.0613330000	0.0397904134
0.0620460000	0.0401406577
0.0627590000	0.0404885779
0.0634719000	0.0408341690
0.0641849000	0.0411774006
0.0648978000	0.0415182663
0.0656108000	0.0418567306
0.0663238000	0.0421927990
0.0670367000	0.0425264450
0.0677497000	0.0428576741
0.0684626000	0.0431864489
0.0691756000	0.0435127791
0.0698886000	0.0438366341
0.0706015000	0.0441580187
0.0713145000	0.0444769158
0.0720274000	0.0447933150
0.0727404000	0.0451072196
0.0734534000	0.0454186133
0.0741663000	0.0457275023
0.0748793000	0.0460338663
0.0755922000	0.0463377062
0.0763052000	0.0466390149
0.0770181000	0.0469377969
0.0777311000	0.0472340345
0.0784441000	0.0475277456
0.0791570000	0.0478189092
0.0798700000	0.0481075400
0.0805829000	0.0483936229
0.0812959000	0.0486771592
0.0820089000	0.0489581522
0.0827218000	0.0492366163
0.0834348000	0.0495125142
0.0841477000	0.0497858966
0.0848607000	0.0500567384
0.0855737000	0.0503250409
0.0862866000	0.0505908066
0.0869996000	0.0508540532
0.0877125000	0.0511147755
0.0884255000	0.0513729679
0.0891384000	0.0516286508
0.0898514000	0.0518818206
0.0905644000	0.0521324818
0.0912773000	0.0523806467
0.0919903000	0.0526263086
0.0927032000	0.0528694962
0.0934162000	0.0531101827
0.0941292000	0.0533484164
0.0948421000	0.0535841575
0.0955551000	0.0538174544
0.0962680000	0.0540482869
0.0969810000	0.0542766767
0.0976940000	0.0545026319
0.0984069000	0.0547261542
0.0991199000	0.0549472583
0.0998328000	0.0551659516
0.1005460000	0.0553822499
0.1012590000	0.0555961433
0.1019720000	0.0558076505
0.1026850000	0.0560167940
0.1033980000	0.0562235622
0.1041110000	0.0564279808
0.1048240000	0.0566300574
0.1055370000	0.0568298087
0.1062490000	0.0570272205
0.1069620000	0.0572223322
0.1076750000	0.0574151386
0.1083880000	0.0576056558
0.1091010000	0.0577939010
0.1098140000	0.0579798715
0.1105270000	0.0581635835
0.1112400000	0.0583450503
0.1119530000	0.0585242970
0.1126660000	0.0587013174
0.1133790000	0.0588761305
0.1140920000	0.0590487425
0.1148050000	0.0592191788
0.1155180000	0.0593874384
0.1162310000	0.0595535350
0.1169440000	0.0597174878
0.1176570000	0.0598793117
0.1183700000	0.0600390066
0.1190830000	0.0601966005
0.1197960000	0.0603520992
0.1205090000	0.0605055077
0.1212220000	0.0606568446
0.1219350000	0.0608061356
0.1226480000	0.0609533740
0.1233600000	0.0610985840
0.1240730000	0.0612417671
0.1247860000	0.0613829636
0.1254990000	0.0615221488
0.1262120000	0.0616593651
0.1269250000	0.0617946181
0.1276380000	0.0619279114
0.1283510000	0.0620592716
0.1290640000	0.0621887138
0.1297770000	0.0623162358
0.1304900000	0.0624418666
0.1312030000	0.0625656103
0.1319160000	0.0626874846
0.1326290000	0.0628074921
0.1333420000	0.0629256703
0.1340550000	0.0630420013
0.1347680000	0.0631565160
0.1354810000	0.0632692313
0.1361940000	0.0633801616
0.1369070000	0.0634893077
0.1376200000	0.0635966956
0.1383330000	0.0637023387
0.1390460000	0.0638062385
0.1397590000	0.0639084155
0.1404710000	0.0640088662
0.1411840000	0.0641076486
0.1418970000	0.0642047273
0.1426100000	0.0643001444
0.1433230000	0.0643938944
0.1440360000	0.0644860090
0.1447490000	0.0645765053
0.1454620000	0.0646653568
0.1461750000	0.0647526249
0.1468880000	0.0648382960
0.1476010000	0.0649223841
0.1483140000	0.0650049162
0.1490270000	0.0650858861
0.1497400000	0.0651653285
0.1504530000	0.0652432329
0.1511660000	0.0653196311
0.1518790000	0.0653945349
0.1525920000	0.0654679404
0.1533050000	0.0655398621
0.1540180000	0.0656103365
0.1547310000	0.0656793500
0.1554440000	0.0657469231
0.1561570000	0.0658130769
0.1568700000	0.0658778218
0.1575830000	0.0659411647
0.1582950000	0.0660031103
0.1590080000	0.0660636819
0.1597210000	0.0661228928
0.1604340000	0.0661807445
0.1611470000	0.0662372600
0.1618600000	0.0662924440
0.1625730000	0.0663463199
0.1632860000	0.0663988772
0.1639990000	0.0664501465
0.1647120000	0.0665001288
0.1654250000	0.0665488435
0.1661380000	0.0665962969
0.1668510000	0.0666425046
0.1675640000	0.0666874775
0.1682770000	0.0667312123
0.1689900000	0.0667737306
0.1697030000	0.0668150576
0.1704160000	0.0668551807
0.1711290000	0.0668941271
0.1718420000	0.0669318891
0.1725550000	0.0669684976
0.1732680000	0.0670039517
0.1739810000	0.0670382596
0.1746940000	0.0670714359
0.1754060000	0.0671034947
0.1761190000	0.0671344448
0.1768320000	0.0671642870
0.1775450000	0.0671930286
0.1782580000	0.0672206996
0.1789710000	0.0672472942
0.1796840000	0.0672728186
0.1803970000	0.0672972952
0.1811100000	0.0673207209
0.1818230000	0.0673431030
0.1825360000	0.0673644667
0.1832490000	0.0673848097
0.1839620000	0.0674041273
0.1846750000	0.0674224618
0.1853880000	0.0674397770
0.1861010000	0.0674561204
0.1868140000	0.0674714819
0.1875270000	0.0674858739
0.1882400000	0.0674992792
0.1889530000	0.0675117524
0.1896660000	0.0675232652
0.1903790000	0.0675338398
0.1910920000	0.0675434813
0.1918050000	0.0675521857
0.1925180000	0.0675599736
0.1932300000	0.0675668445
0.1939430000	0.0675728067
0.1946560000	0.0675778593
0.1953690000	0.0675820111
0.1960820000	0.0675852716
0.1967950000	0.0675876516
0.1975080000	0.0675891525
0.1982210000	0.0675897563
0.1989340000	0.0675895027
0.1996470000	0.0675883833
0.2003600000	0.0675863838
0.2010730000	0.0675835533
0.2017860000	0.0675798439
0.2024990000	0.0675752971
0.2032120000	0.0675698896
0.2039250000	0.0675636361
0.2046380000	0.0675565479
0.2053510000	0.0675486124
0.2060640000	0.0675398460
0.2067770000	0.0675302472
0.2074900000	0.0675198138
0.2082030000	0.0675085319
0.2089160000	0.0674964330
0.2096290000	0.0674835106
0.2103410000	0.0674697477
0.2110540000	0.0674551551
0.2117670000	0.0674397411
0.2124800000	0.0674234943
0.2131930000	0.0674064136
0.2139060000	0.0673885178
0.2146190000	0.0673697817
0.2153320000	0.0673502087
0.2160450000	0.0673297952
0.2167580000	0.0673085561
0.2174710000	0.0672864585
0.2181840000	0.0672635395
0.2188970000	0.0672397640
0.2196100000	0.0672151309
0.2203230000	0.0671896509
0.2210360000	0.0671633030
0.2217490000	0.0671360923
0.2224620000	0.0671079972
0.2231750000	0.0670790372
0.2238880000	0.0670491929
0.2246010000	0.0670184512
0.2253140000	0.0669868063
0.2260270000	0.0669542591
0.2267400000	0.0669208015
0.2274520000	0.0668864066
0.2281650000	0.0668510734
0.2288780000	0.0668147892
0.2295910000	0.0667775531
0.2303040000	0.0667393495
0.2310170000	0.0667001673
0.2317300000	0.0666599763
0.2324430000	0.0666187921
0.2331560000	0.0665765661
0.2338690000	0.0665333180
0.2345820000	0.0664889952
0.2352950000	0.0664436181
0.2360080000	0.0663971519
0.2367210000	0.0663495663
0.2374340000	0.0663008481
0.2381470000	0.0662510016
0.2388600000	0.0661999843
0.2395730000	0.0661477754
0.2402860000	0.0660943500
0.2409990000	0.0660396872
0.2417120000	0.0659837739
0.2424250000	0.0659265694
0.2431380000	0.0658680579
0.2438510000	0.0658082082
0.2445640000	0.0657469813
0.2452760000	0.0656843610
0.2459890000	0.0656203097
0.2467020000	0.0655547998
0.2474150000	0.0654877980
0.2481280000	0.0663559174
0.2488410000	0.0675851645
0.2495540000	0.0689797543
0.2502670000	0.0705933496
0.2509800000	0.0726149191
0.2516930000	0.0750418984
0.2524060000	0.0779633347
0.2531190000	0.0821814603
0.2538320000	0.0904635150
0.2545450000	0.0929724541
0.2552580000	0.0950119410
0.2559710000	0.0968606810
0.2566840000	0.0985532451
0.2573970000	0.1000737566
0.2581100000	0.1015440959
0.2588230000	0.1029078335
0.2595360000	0.1042121013
0.2602490000	0.1054556708
0.2609620000	0.1066099977
0.2616750000	0.1077258228
0.2623870000	0.1087827398
0.2631000000	0.1098340148
0.2638130000	0.1108030140
0.2645260000	0.1117363581
0.2652390000	0.1126220595
0.2659520000	0.1134820307
0.2666650000	0.1143191348
0.2673780000	0.1150646572
0.2680910000	0.1158473193
0.2688040000	0.1165577443
0.2695170000	0.1172697636
0.2702300000	0.1179327550
0.2709430000	0.1185989917
0.2716560000	0.1192246258
0.2723690000	0.1198280930
0.2730820000	0.1204457883
0.2737950000	0.1209861852
0.2745080000	0.1215367110
0.2752210000	0.1221014469
0.2759340000	0.1225724904
0.2766470000	0.1231367159
0.2773600000	0.1236429861
0.2780730000	0.1241054227
0.2787860000	0.1245900328
0.2794980000	0.1250517209
0.2802110000	0.1255045426
0.2809240000	0.1259908678
0.2816370000	0.1263963132
0.2823500000	0.1268848445
0.2830630000	0.1273646250
0.2837760000	0.1277627222
0.2844890000	0.1282325483
0.2852020000	0.1286096913
0.2859150000	0.1290794365
0.2866280000	0.1295305864
0.2873410000	0.1299295846
0.2880540000	0.1303577160
0.2887670000	0.1307715887
0.2894800000	0.1312431823
0.2901930000	0.1316470041
0.2909060000	0.1320799512
0.2916190000	0.1325120520
0.2923320000	0.1329105327
0.2930450000	0.1334286319
0.2937580000	0.1338444545
0.2944710000	0.1343000979
0.2951840000	0.1347089484
0.2958970000	0.1351466988
0.2966100000	0.1356899819
0.2973220000	0.1360961225
0.2980350000	0.1366242602
0.2987480000	0.1369817783
0.2994610000	0.1375453666
0.3001740000	0.1380539975
0.3008870000	0.1385046354
0.3016000000	0.1390504777
0.3023130000	0.1394894194
0.3030260000	0.1400523984
0.3037390000	0.1405080221
0.3044520000	0.1411139568
0.3051650000	0.1415102375
0.3058780000	0.1421509220
0.3065910000	0.1427053905
0.3073040000	0.1432774190
0.3080170000	0.1438892141
0.3087300000	0.1444175194
0.3094430000	0.1450829805
0.3101560000	0.1455992020
0.3108690000	0.1462947800
0.3115820000	0.1468692071
0.3122950000	0.1475742313
0.3130080000	0.1481207256
0.3137210000	0.1489430364
0.3144330000	0.1496656358
0.3151460000	0.1502878560
0.3158590000	0.1510848543
0.3165720000	0.1517379569
0.3172850000	0.1525471784
0.3179980000	0.1532557506
0.3187110000	0.1540932981
0.3194240000	0.1548279150
0.3201370000	0.1557278258
0.3208500000	0.1564618775
0.3215630000	0.1574277428
0.3222760000	0.1582317578
0.3229890000	0.1592032865
0.3237020000	0.1600338621
0.3244150000	0.1610849485
0.3251280000	0.1619368438
0.3258410000	0.1630159342
0.3265540000	0.1638815989
0.3272670000	0.1651066837
0.3279800000	0.1659320213
0.3286930000	0.1672632775
0.3294060000	0.1681500157
0.3301190000	0.1695266914
0.3308320000	0.1704831456
0.3315450000	0.1719071421
0.3322570000	0.1729201741
0.3329700000	0.1744053165
0.3336830000	0.1754880902
0.3343960000	0.1770568775
0.3351090000	0.1782387432
0.3358220000	0.1798909660
0.3365350000	0.1810664723
0.3372480000	0.1827564358
0.3379610000	0.1841673750
0.3386740000	0.1854055995
0.3393870000	0.1873891468
0.3401000000	0.1886827276
0.3408130000	0.1907999267
0.3415260000	0.1922262390
0.3422390000	0.1943217542
0.3429520000	0.1959757772
0.3436650000	0.1979992364
0.3443780000	0.1999032702
0.3450910000	0.2021196327
0.3458040000	0.2039381950
0.3465170000	0.2064157182
0.3472300000	0.2084026185
0.3479430000	0.2104337181
0.3486560000	0.2130483203
0.3493680000	0.2151413687
0.3500810000	0.2180109187
0.3507940000	0.2203125909
0.3515070000	0.2231746559
0.3522200000	0.2257704214
0.3529330000	0.2289689994
0.3536460000	0.2313931708
0.3543590000	0.2342216537
0.3550720000	0.2376306732
0.3557850000	0.2406977823
0.3564980000	0.2444497554
0.3572110000	0.2473020839
0.3579240000	0.2516047288
0.3586370000	0.2547330444
0.3593500000	0.2581197439
0.3600630000	0.2627481983
0.3607760000	0.2662694476
0.3614890000	0.2711003802
0.3622020000	0.2750291711
0.3629150000	0.2803632418
0.3636280000	0.2843359981
0.3643410000	0.2889168390
0.3650540000	0.2947374525
0.3657670000	0.2992188695
0.3664790000	0.3056507282
0.3671920000	0.3107517014
0.3679050000	0.3174155450
0.3686180000	0.3233971182
0.3693310000	0.3288089417
0.3700440000	0.3365830214
0.3707570000	0.3429628444
0.3714700000	0.3510090081
0.3721830000	0.3580584176
0.3728960000	0.3652503756
0.3736090000	0.3747618922
0.3743220000	0.3823233762
0.3750350000	0.3928267064
0.3757480000	0.4017000711
0.3764610000	0.4104710689
0.3771740000	0.4224800506
0.3778870000	0.4324157721
0.3786000000	0.4451898300
0.3793130000	0.4568488558
0.3800260000	0.4682811295
0.3807390000	0.4828571436
0.3814520000	0.4965371006
0.3821650000	0.5128364441
0.3828780000	0.5269245742
0.3835910000	0.5430282177
0.3843030000	0.5620826807
0.3850160000	0.5789895638
0.3857290000	0.6010580827
0.3864420000	0.6205156748
0.3871550000	0.6408446757
0.3878680000	0.6665671706
0.3885810000	0.6904031439
0.3892940000	0.7150369982
0.3900070000	0.7464677518
0.3907200000	0.7748616334
0.3914330000	0.8114350239
0.3921460000	0.8429685133
0.3928590000	0.8775040406
0.3935720000	0.9231434963
0.3942850000	0.9635045566
0.3949980000	1.0068134426
0.3957110000	1.0640370293
0.3964240000	1.1139730227
0.3971370000	1.1797547008
0.3978500000	1.2425008988
0.3985630000	1.3070334738
0.3992760000	1.3916056835
0.3999890000	1.4701487691
0.4007020000	1.5586339463
0.4014140000	1.6709303838
0.4021270000	1.7751621679
0.4028400000	1.8937672429
0.4035530000	2.0462825587
0.4042660000	2.1901959764
0.4049790000	2.3760486124
0.4056920000	2.5653873193
0.4064050000	2.7671900131
0.4071180000	3.0284429067
0.4078310000	3.2922960742
0.4085440000	3.5880934368
0.4092570000	3.9655335507
0.4099700000	4.3445539544
0.4106830000	4.7588064427
0.4113960000	5.2956716627
0.4121090000	5.7938726731
0.4128220000	6.4260071760
0.4135350000	6.8770930966
0.4142480000	7.1458226687
0.4149610000	7.2330370773
0.4156740000	6.0857652476
0.4163870000	2.8721786116
0.4228030000	7.4751354369
0.4235160000	12.5357934480
0.4242290000	13.8840803082
0.4249420000	13.2102053059
0.4256550000	11.7926989195
0.4263680000	10.4139723743
0.4270810000	9.1599462045
0.4277940000	7.9581191111
0.4285070000	6.9676276868
0.4292200000	6.1187930229
0.4299330000	5.4149850618
0.4306460000	4.8002982745
0.4313590000	4.2767180553
0.4320720000	3.8269993369
0.4327850000	3.4425206725
0.4334980000	3.1223449505
0.4342110000	2.8340775491
0.4349240000	2.5800915377
0.4356370000	2.3580282127
0.4363490000	2.1743525544
0.4370620000	2.0005284260
0.4377750000	1.8449705107
0.4384880000	1.7100654704
0.4392010000	1.5939239406
0.4399140000	1.4821004102
0.4406270000	1.3842514839
0.4413400000	1.2935970608
0.4420530000	1.2162210586
0.4427660000	1.1437024040
0.4434790000	1.0753165996
0.4441920000	1.0122043371
0.4449050000	0.9617195274
0.4456180000	0.9082334562
0.4463310000	0.8594918308
0.4470440000	0.8167117516
0.4477570000	0.7748361183
0.4484700000	0.7394334713
0.4491830000	0.7060229727
0.4498960000	0.6722052965
0.4506090000	0.6409658225
0.4513220000	0.6167992629
0.4520350000	0.5893199500
0.4527480000	0.5635685214
0.4534600000	0.5419678251
0.4541730000	0.5193684022
0.4548860000	0.5002451480
0.4555990000	0.4824682195
0.4563120000	0.4635994697
0.4570250000	0.4459270423
0.4577380000	0.4310266999
0.4584510000	0.4169631192
0.4591640000	0.4020257209
0.4598770000	0.3877679152
0.4605900000	0.3761561400
0.4613030000	0.3648681388
0.4620160000	0.3526177974
0.4627290000	0.3426555453
0.4634420000	0.3317299731
0.4641550000	0.3212751014
0.4648680000	0.3138773048
0.4655810000	0.3045520091
0.4662940000	0.2954059485
0.4670070000	0.2880647856
0.4677200000	0.2809508857
0.4684330000	0.2730239611
0.4691460000	0.2654338798
0.4698590000	0.2593001514
0.4705720000	0.2524607314
0.4712840000	0.2467024309
0.4719970000	0.2413068862
0.4727100000	0.2352584860
0.4734230000	0.2293674146
0.4741360000	0.2246810240
0.4748490000	0.2200693961
0.4755620000	0.2148750419
0.4762750000	0.2107962376
0.4769880000	0.2058739044
0.4777010000	0.2011979386
0.4784140000	0.1974874180
0.4791270000	0.1939659302
0.4798400000	0.1897605331
0.4805530000	0.1857237701
0.4812660000	0.1826635874
0.4819790000	0.1795603829
0.4826920000	0.1758341046
0.4834050000	0.1731457250
0.4841180000	0.1697136877
0.4848310000	0.1664065842
0.4855440000	0.1638346140
0.4862570000	0.1614516521
0.4869700000	0.1584782130
0.4876830000	0.1555031736
0.4883950000	0.1534196298
0.4891080000	0.1507140078
0.4898210000	0.1485696930
0.4905340000	0.1466384614
0.4912470000	0.1441521736
0.4919600000	0.1417384121
0.4926730000	0.1393858263
0.4933860000	0.1381939273
0.4940990000	0.1360045088
0.4948120000	0.1338312833
0.4955250000	0.1322783317
0.4962380000	0.1302908108
0.4969510000	0.1287426707
0.4976640000	0.1273088137
0.4983770000	0.1254056280
0.4990900000	0.1235910129
0.4998030000	0.1218278037
0.5005160000	0.1205799895
0.5012290000	0.1192791330
0.5019420000	0.1176502083
0.5026550000	0.1165026580
0.5033680000	0.1149231313
0.5040810000	0.1134254060
0.5047940000	0.1127533150
0.5055070000	0.1112837280
0.5062190000	0.1098759149
0.5069320000	0.1089326319
0.5076450000	0.1075936206
0.5083580000	0.1062905935
0.5090710000	0.1053374319
0.5097840000	0.1044958610
0.5104970000	0.1032801462
0.5112100000	0.1020741353
0.5119230000	0.1013110602
0.5126360000	0.1004895147
0.5133490000	0.0993646422
0.5140620000	0.0986386225
0.5147750000	0.0975961183
0.5154880000	0.0965570726
0.5162010000	0.0955449837
0.5169140000	0.0951902077
0.5176270000	0.0942249934
0.5183400000	0.0932847165
0.5190530000	0.0926701612
0.5197660000	0.0917743178
0.5204790000	0.0908982817
0.5211920000	0.0905946638
0.5219050000	0.0897311506
0.5226180000	0.0889459416
0.5233300000	0.0881216194
0.5240430000	0.0876104991
0.5247560000	0.0868425861
0.5254690000	0.0863307228
0.5261820000	0.0858588401
0.5268950000	0.0851312582
0.5276080000	0.0844263171
0.5283210000	0.0839769386
0.5290340000	0.0833020686
0.5297470000	0.0828468708
0.5304600000	0.0821960859
0.5311730000	0.0818184889
0.5318860000	0.0811785234
0.5325990000	0.0805520351
0.5333120000	0.0801971546
0.5340250000	0.0798126725
0.5347380000	0.0792152551
0.5354510000	0.0788934300
0.5361640000	0.0783283629
0.5368770000	0.0777814429
0.5375900000	0.0772346577
0.5383030000	0.0769451460
0.5390160000	0.0766107460
0.5397290000	0.0760953709
0.5404410000	0.0758171371
0.5411540000	0.0753277543
0.5418670000	0.0748506295
0.5425800000	0.0745822907
0.5432930000	0.0742905564
0.5440060000	0.0738500046
0.5447190000	0.0735983160
0.5454320000	0.0731532499
0.5461450000	0.0727338535
0.5468580000	0.0723156117
0.5475710000	0.0722506604
0.5482840000	0.0718447086
0.5489970000	0.0714521903
0.5497100000	0.0712410146
0.5504230000	0.0708518690
0.5511360000	0.0704949521
0.5518490000	0.0702952302
0.5525620000	0.0700771257
0.5532750000	0.0697223340
0.5539880000	0.0695483987
0.5547010000	0.0692028147
0.5554140000	0.0688620518
0.5561270000	0.0686999936
0.5568400000	0.0683847019
0.5575530000	0.0681899405
0.5582650000	0.0678776335
0.5589780000	0.0677366961
0.5596910000	0.0674328263
0.5604040000	0.0671306001
0.5611170000	0.0670049694
0.5618300000	0.0668418656
0.5625430000	0.0665601101
0.5632560000	0.0664297474
0.5639690000	0.0661645656
0.5646820000	0.0659034316
0.5653950000	0.0657767485
0.5661080000	0.0655294892
0.5668210000	0.0653973948
0.5675340000	0.0652810537
0.5682470000	0.0650460283
0.5689600000	0.0648108923
0.5696730000	0.0647098947
0.5703860000	0.0644753683
0.5710990000	0.0642609927
0.5718120000	0.0642762682
0.5725250000	0.0640543366
0.5732380000	0.0638494257
0.5739510000	0.0637659060
0.5746640000	0.0635565317
0.5753760000	0.0633567966
0.5760890000	0.0632879695
0.5768020000	0.0630960935
0.5775150000	0.0629988719
0.5782280000	0.0629362456
0.5789410000	0.0627570462
0.5796540000	0.0625731166
0.5803670000	0.0625174722
0.5810800000	0.0623463016
0.5817930000	0.0622867736
0.5825060000	0.0622177412
0.5832190000	0.0620565257
0.5839320000	0.0620031039
0.5846450000	0.0618487067
0.5853580000	0.0617003471
0.5860710000	0.0616533347
0.5867840000	0.0615097822
0.5874970000	0.0614536419
0.5882100000	0.0614132666
0.5889230000	0.0612776261
0.5896360000	0.0612430096
0.5903490000	0.0611140295
0.5910620000	0.0609837701
0.5917750000	0.0609580213
0.5924870000	0.0608358832
0.5932000000	0.0608842043
0.5939130000	0.0607681835
0.5946260000	0.0606562352
0.5953390000	0.0606374137
0.5960520000	0.0605293822
0.5967650000	0.0605084425
0.5974780000	0.0604090275
0.5981910000	0.0603088177
0.5989040000	0.0603653025
0.5996170000	0.0602716036
0.6003300000	0.0602609357
0.6010430000	0.0601711332
0.6017560000	0.0601646180
0.6024690000	0.0600773334
0.6031820000	0.0599968213
0.6038950000	0.0599966598
0.6046080000	0.0599796037
0.6053210000	0.0599824154
0.6060340000	0.0599087495
0.6067470000	0.0599123748
0.6074600000	0.0598429589
0.6081730000	0.0598491899
0.6088860000	0.0597851036
0.6095990000	0.0597961132
0.6103110000	0.0597931882
0.6110240000	0.0598057656
0.6117370000	0.0597498208
0.6124500000	0.0597653116
0.6131630000	0.0597127442
0.6138760000	0.0597293432
0.6145890000	0.0597522068
0.6153020000	0.0597046371
0.6160150000	0.0597809039
0.6167280000	0.0597367607
0.6174410000	0.0597629854
0.6181540000	0.0597894294
0.6188670000	0.0597519593
0.6195800000	0.0597806569
0.6202930000	0.0598116967
0.6210060000	0.0598421298
0.6217190000	0.0599237545
0.6224320000	0.0598954515
0.6231450000	0.0599301299
0.6238580000	0.0599667871
0.6245710000	0.0600628564
0.6252840000	0.0601014006
0.6259970000	0.0601419737
0.6267100000	0.0602416427
0.6274220000	0.0604002423
0.6281350000	0.0605732021
0.6288480000	0.0605596325
0.6295610000	0.0605468144
0.6302740000	0.0605359068
0.6309870000	0.0605256560
0.6317000000	0.0605159700
0.6324130000	0.0605106276
0.6331260000	0.0605045520
0.6338390000	0.0605404164
0.6345520000	0.0605373233
0.6352650000	0.0605359383
0.6359780000	0.0605377033
0.6366910000	0.0605388541
0.6374040000	0.0605437520
0.6381170000	0.0605483955
0.6388300000	0.0605568565
0.6395430000	0.0605655686
0.6402560000	0.0606115608
0.6409690000	0.0606238851
0.6416820000	0.0606373486
0.6423950000	0.0606538348
0.6431080000	0.0606710907
0.6438210000	0.0606906341
0.6445340000	0.0607112450
0.6452460000	0.0607352086
0.6459590000	0.0607598137
0.6466720000	0.0608171023
0.6473850000	0.0608455182
0.6480980000	0.0608753336
0.6488110000	0.0609077145
0.6495240000	0.0609412581
0.6502370000	0.0609768641
0.6509500000	0.0610146706
0.6516630000	0.0610550898
0.6523760000	0.0610958461
0.6530890000	0.0611665459
0.6538020000	0.0612112487
0.6545150000	0.0612577447
0.6552280000	0.0613075280
0.6559410000	0.0613586882
0.6566540000	0.0614117626
0.6573670000	0.0614663126
0.6580800000	0.0615240479
0.6587930000	0.0615831013
0.6595060000	0.0616439919
0.6602190000	0.0617291903
0.6609320000	0.0617938945
0.6616450000	0.0618605618
0.6623570000	0.0619299997
0.6630700000	0.0620009786
0.6637830000	0.0620743637
0.6644960000	0.0621491363
0.6652090000	0.0622270461
0.6659220000	0.0623067385
0.6666350000	0.0624064915
0.6673480000	0.0624895546
0.6680610000	0.0625755728
0.6687740000	0.0626634055
0.6694870000	0.0627533252
0.6702000000	0.0628452664
0.6709130000	0.0629399494
0.6716260000	0.0630368855
0.6723390000	0.0631354192
0.6730520000	0.0632365097
0.6737650000	0.0633539162
0.6744780000	0.0634591465
0.6751910000	0.0635663585
0.6759040000	0.0636763877
0.6766170000	0.0637887112
0.6773300000	0.0639033969
0.6780430000	0.0640200620
0.6787560000	0.0641390529
0.6794680000	0.0642607584
0.6801810000	0.0643848343
0.6808940000	0.0645209388
0.6816070000	0.0646483222
0.6823200000	0.0647792318
0.6830330000	0.0649129354
0.6837460000	0.0650489773
0.6844590000	0.0651868141
0.6851720000	0.0653268422
0.6858850000	0.0654704939
0.6865980000	0.0656161596
0.6873110000	0.0657646739
0.6880240000	0.0659204598
0.6887370000	0.0660729337
0.6894500000	0.0662288638
0.6901630000	0.0663869076
0.6908760000	0.0665483409
0.6915890000	0.0667108733
0.6923020000	0.0668769167
0.6930150000	0.0670456859
0.6937280000	0.0672174384
0.6944410000	0.0673914850
0.6951540000	0.0675681956
0.6958670000	0.0677480586
0.6965800000	0.0679306581
0.6972920000	0.0681155886
0.6980050000	0.0683033319
0.6987180000	0.0684939187
0.6994310000	0.0686867885
0.7001440000	0.0688833694
0.7008570000	0.0690831444
0.7015700000	0.0692850898
0.7022830000	0.0694908015
0.7029960000	0.0696976659
0.7037090000	0.0699050076
0.7044220000	0.0701195395
0.7051350000	0.0703365201
0.7058480000	0.0705561011
0.7065610000	0.0707787714
0.7072740000	0.0710049982
0.7079870000	0.0712350367
0.7087000000	0.0714681248
0.7094130000	0.0717036860
0.7101260000	0.0719433343
0.7108390000	0.0721761204
0.7115520000	0.0724220343
0.7122650000	0.0726708020
0.7129780000	0.0729231139
0.7136910000	0.0731791194
0.7144030000	0.0734379568
0.7151160000	0.0736998171
0.7158290000	0.0739667067
0.7165420000	0.0742361461
0.7172550000	0.0745106325
0.7179680000	0.0747879976
0.7186810000	0.0750682179
0.7193940000	0.0753369936
0.7201070000	0.0756254189
0.7208200000	0.0759169968
0.7215330000	0.0762129534
0.7222460000	0.0765113217
0.7229590000	0.0768158386
0.7236720000	0.0771221168
0.7243850000	0.0774338711
0.7250980000	0.0777494301
0.7258110000	0.0780686430
0.7265240000	0.0783920349
0.7272370000	0.0786996631
0.7279500000	0.0790304548
0.7286630000	0.0793658686
0.7293760000	0.0797065039
0.7300890000	0.0800508545
0.7308020000	0.0804005440
0.7315150000	0.0807541807
0.7322270000	0.0811116408
0.7329400000	0.0814741044
0.7336530000	0.0818421686
0.7343660000	0.0822140841
0.7350790000	0.0825909662
0.7357920000	0.0829464060
0.7365050000	0.0833308761
0.7372180000	0.0837214519
0.7379310000	0.0841176114
0.7386440000	0.0845191048
0.7393570000	0.0849260251
0.7400700000	0.0853377692
0.7407830000	0.0857538362
0.7414960000	0.0861755151
0.7422090000	0.0866035009
0.7429220000	0.0870379100
0.7436350000	0.0874752961
0.7443480000	0.0878845891
0.7450610000	0.0883342951
0.7457740000	0.0887879717
0.7464870000	0.0892495060
0.7472000000	0.0897175896
0.7479130000	0.0901899058
0.7486260000	0.0906693551
0.7493380000	0.0911551957
0.7500510000	0.0916458387
0.7507640000	0.0921434994
0.7514770000	0.0926483789
0.7521900000	0.0931594826
0.7529030000	0.0936337974
0.7536160000	0.0941575951
0.7543290000	0.0946870111
0.7550420000	0.0952244375
0.7557550000	0.0957683808
0.7564680000	0.0963208451
0.7571810000	0.0968797677
0.7578940000	0.0974465207
0.7586070000	0.0980208180
0.7593200000	0.0986009034
0.7600330000	0.0991894141
0.7607460000	0.0997864740
0.7614590000	0.1003373473
0.7621720000	0.1009510379
0.7628850000	0.1015710835
0.7635980000	0.1021991018
0.7643110000	0.1028344059
0.7650240000	0.1034789912
0.7657370000	0.1041342862
0.7664490000	0.1047982527
0.7671620000	0.1054706029
0.7678750000	0.1061512322
0.7685880000	0.1068393027
0.7693010000	0.1075396964
0.7700140000	0.1082486880
0.7707270000	0.1089021940
0.7714400000	0.1096320642
0.7721530000	0.1103681825
0.7728660000	0.1111155757
0.7735790000	0.1118730340
0.7742920000	0.1126427682
0.7750050000	0.1134232182
0.7757180000	0.1142137052
0.7764310000	0.1150167107
0.7771440000	0.1158295401
0.7778570000	0.1166519773
0.7785700000	0.1174884990
0.7792830000	0.1183356208
0.7799960000	0.1191164803
0.7807090000	0.1199885604
0.7814220000	0.1208726564
0.7821350000	0.1217679654
0.7828480000	0.1226764521
0.7835610000	0.1235981461
0.7842730000	0.1245354266
0.7849860000	0.1254856215
0.7856990000	0.1264500373
0.7864120000	0.1274295433
0.7871250000	0.1284186975
0.7878380000	0.1294255832
0.7885510000	0.1304484928
0.7892640000	0.1314843629
0.7899770000	0.1324386580
0.7906900000	0.1335074614
0.7914030000	0.1345883233
0.7921160000	0.1356895784
0.7928290000	0.1368043041
0.7935420000	0.1379388744
0.7942550000	0.1390901587
0.7949680000	0.1402583597
0.7956810000	0.1414478744
0.7963940000	0.1426532905
0.7971070000	0.1438743853
0.7978200000	0.1451198537
0.7985330000	0.1463813806
0.7992460000	0.1475425782
0.7999590000	0.1488470401
0.8006720000	0.1501697175
0.8013840000	0.1515125467
0.8020970000	0.1528789959
0.8028100000	0.1542637974
0.8035230000	0.1556763612
0.8042360000	0.1571093880
0.8049490000	0.1585660038
0.8056620000	0.1600487872
0.8063750000	0.1615525032
0.8070880000	0.1630823838
0.8078010000	0.1646411296
0.8085140000	0.1662220826
0.8092270000	0.1676805149
0.8099400000	0.1693371347
0.8106530000	0.1710270483
0.8113660000	0.1727452837
0.8120790000	0.1744946687
0.8127920000	0.1762706736
0.8135050000	0.1780831749
0.8142180000	0.1799285341
0.8149310000	0.1818019054
0.8156440000	0.1837148509
0.8163570000	0.1856610323
0.8170700000	0.1876400172
0.8177830000	0.1896580819
0.8184950000	0.1917127791
0.8192080000	0.1938059771
0.8199210000	0.1957475411
0.8206340000	0.1979150809
0.8213470000	0.2001239323
0.8220600000	0.2023789286
0.8227730000	0.2046754969
0.8234860000	0.2070151005
0.8241990000	0.2094023335
0.8249120000	0.2118340226
0.8256250000	0.2143147751
0.8263380000	0.2168435446
0.8270510000	0.2194224045
0.8277640000	0.2220561728
0.8284770000	0.2247408071
0.8291900000	0.2274786913
0.8299030000	0.2300289660
0.8306160000	0.2328769916
0.8313290000	0.2357832917
0.8320420000	0.2387485289
0.8327550000	0.2417817210
0.8334680000	0.2448741020
0.8341810000	0.2480331436
0.8348940000	0.2512650342
0.8356070000	0.2545620704
0.8363190000	0.2579306919
0.8370320000	0.2613710513
0.8377450000	0.2648881340
0.8384580000	0.2684847790
0.8391710000	0.2721678974
0.8398840000	0.2759202186
0.8405970000	0.2794475169
0.8413100000	0.2833779732
0.8420230000	0.2873944552
0.8427360000	0.2914955113
0.8434490000	0.2957024394
0.8441620000	0.3000093291
0.8448750000	0.3044228067
0.8455880000	0.3089354470
0.8463010000	0.3135565460
0.8470140000	0.3182912192
0.8477270000	0.3231411401
0.8484400000	0.3281047473
0.8491530000	0.3332049601
0.8498660000	0.3384284507
0.8505790000	0.3437784922
0.8512920000	0.3488392507
0.8520050000	0.3544652140
0.8527180000	0.3602335787
0.8534300000	0.3661468888
0.8541430000	0.3722245676
0.8548560000	0.3784648741
0.8555690000	0.3848699797
0.8562820000	0.3914590047
0.8569950000	0.3982220850
0.8577080000	0.4051646409
0.8584210000	0.4123131115
0.8591340000	0.4196504697
0.8598470000	0.4271884355
0.8605600000	0.4349628341
0.8612730000	0.4429643537
0.8619860000	0.4511888908
0.8626990000	0.4590514013
0.8634120000	0.4677524864
0.8641250000	0.4767265879
0.8648380000	0.4859629072
0.8655510000	0.4954900822
0.8662640000	0.5053095368
0.8669770000	0.5154416130
0.8676900000	0.5259046382
0.8684030000	0.5366946183
0.8691160000	0.5478395244
0.8698290000	0.5593391668
0.8705420000	0.5712222077
0.8712540000	0.5834970826
0.8719670000	0.5961895236
0.8726800000	0.6093382189
0.8733930000	0.6229170218
0.8741060000	0.6360655571
0.8748190000	0.6506094202
0.8755320000	0.6656764352
0.8762450000	0.6812658770
0.8769580000	0.6974470968
0.8776710000	0.7142301476
0.8783840000	0.7316418030
0.8790970000	0.7497407938
0.8798100000	0.7685279869
0.8805230000	0.7880520521
0.8812360000	0.8083467964
0.8819490000	0.8294663989
0.8826620000	0.8514316885
0.8833750000	0.8743036678
0.8840880000	0.8981496692
0.8848010000	0.9229973227
0.8855140000	0.9489300019
0.8862270000	0.9744563077
0.8869400000	1.0026739550
0.8876530000	1.0321431685
0.8883650000	1.0629732093
0.8890780000	1.0952636748
0.8897910000	1.1290473038
0.8905040000	1.1644261357
0.8912170000	1.2015883791
0.8919300000	1.2405875215
0.8926430000	1.2815417688
0.8933560000	1.3245969796
0.8940690000	1.3698880332
0.8947820000	1.4175598333
0.8954950000	1.4678403812
0.8962080000	1.5209025718
0.8969210000	1.5768743265
0.8976340000	1.6360768999
0.8983470000	1.6957260997
0.8990600000	1.7620038038
0.8997730000	1.8322223583
0.9004860000	1.9067922411
0.9011990000	1.9861059035
0.9019120000	2.0704990641
0.9026250000	2.1604212217
0.9033380000	2.2564917867
0.9040510000	2.3590841981
0.9047640000	2.4689328098
0.9054760000	2.5866978884
0.9061890000	2.7131693507
0.9069020000	2.8491803869
0.9076150000	2.9957694141
0.9083280000	3.1540692628
0.9090410000	3.3253202708
0.9097540000	3.5108445372
0.9104670000	3.7048089284
0.9111800000	3.9239170847
0.9118930000	4.1630977755
0.9126060000	4.4246497699
0.9133190000	4.7117504722
0.9140320000	5.0277620189
0.9147450000	5.3765968642
0.9154580000	5.7628054957
0.9161710000	6.1921464161
0.9168840000	6.6710014096
0.9175970000	7.2072001213
0.9183100000	7.8100321737
0.9190230000	8.4912292381
0.9197360000	9.2642481413
0.9204490000	10.1460179405
0.9211620000	11.1581346558
0.9218750000	12.3266389362
0.9225880000	13.6835219670
0.9233000000	15.2311162345
0.9240130000	17.0972112456
0.9247260000	19.3153220620
0.9254390000	21.9731800537
0.9261520000	25.1895181781
0.9268650000	29.1200306956
0.9275780000	33.9706259284
0.9282910000	40.0160028741
0.9290040000	47.6224253108
0.9297170000	57.2586745572
0.9304300000	69.4913978066
0.9311430000	84.9318171144
0.9318560000	103.9676311085
0.9325690000	126.2018419444
0.9332820000	149.4520864140
0.9339950000	168.8934120072
0.9347080000	178.1240074388
0.9354210000	173.2822273993
0.9361340000	156.4487268364
0.9368470000	134.1493185442
0.9375600000	111.0950364701
0.9382730000	90.7984404066
0.9389860000	74.1246796709
0.9396990000	60.8558301751
0.9404110000	50.4106565828
0.9411240000	42.1898048646
0.9418370000	35.6796141999
0.9425500000	30.4814557855
0.9432630000	26.2898842920
0.9439760000	22.8769998424
0.9446890000	20.0712408154
0.9454020000	17.7436832436
0.9461150000	15.7965094746
0.9468280000	14.1550271126
0.9475410000	12.7620917971
0.9482540000	11.5732227370
0.9489670000	10.5535018215
0.9496800000	9.6758100174
0.9503930000	8.9162012558
0.9511060000	8.2622348961
0.9518190000	7.6989391873
0.9525320000	7.2161934816
0.9532450000	6.8066662984
0.9539580000	6.4654527704
0.9546710000	6.1896260017
0.9553840000	5.9782049039
0.9560970000	5.8320251855
0.9568100000	5.7523789628
0.9575230000	5.7395229302
0.9582350000	5.7888878155
0.9589480000	5.8848935282
0.9596610000	5.9939209782
0.9603740000	6.0620126395
0.9610870000	6.0271369747
0.9618000000	5.8484129357
0.9625130000	5.5310463024
0.9632260000	5.1215672177
0.9639390000	4.6766389677
0.9646520000	4.2478884065
0.9653650000	3.8577120860
0.9660780000	3.5145773675
0.9667910000	3.2177348979
0.9675040000	2.9622015580
0.9682170000	2.7418637339
0.9689300000	2.5507963649
0.9696430000	2.3840484745
0.9703560000	2.2374192180
0.9710690000	2.1074580093
0.9717820000	1.9913816223
0.9724950000	1.8870521706
0.9732080000	1.7926740647
0.9739210000	1.7068384693
0.9746340000	1.6283089077
0.9753460000	1.5562114724
0.9760590000	1.4896908771
0.9767720000	1.4281178354
0.9774850000	1.3708986245
0.9781980000	1.3175832402
0.9789110000	1.2664190182
0.9796240000	1.2197961796
0.9803370000	1.1759915759
0.9810500000	1.1347859073
0.9817630000	1.0959304356
0.9824760000	1.0592604046
0.9831890000	1.0245709874
0.9839020000	0.9917085018
0.9846150000	0.9605485646
0.9853280000	0.9309489084
0.9860410000	0.9027849187
0.9867540000	0.8759783730
0.9874670000	0.8504246997
0.9881800000	0.8260481674
0.9888930000	0.8027644297
0.9896060000	0.7804933983
0.9903190000	0.7592105823
0.9910320000	0.7388333092
0.9917450000	0.7193015147
0.9924570000	0.7005625258
0.9931700000	0.6817317730
0.9938830000	0.6644768905
0.9945960000	0.6479115004
0.9953090000	0.6319679574
0.9960220000	0.6166231015
0.9967350000	0.6018795527
0.9974480000	0.5876606244
0.9981610000	0.5739608262
0.9988740000	0.5607461085
0.9995870000	0.5480091947
1.0003000000	0.5357204053
1.0010100000	0.5238528614
1.0017300000	0.5123820731
1.0024400000	0.5012984671
1.0031500000	0.4905822787
1.0038600000	0.4802192984
1.0045800000	0.4701843536
1.0052900000	0.4604801186
1.0060000000	0.4510915515
1.0067200000	0.4419852710
1.0074300000	0.4331626327
1.0081400000	0.4246084458
1.0088600000	0.4157607154
1.0095700000	0.4077231388
1.0102800000	0.3999241260
1.0109900000	0.3923464865
1.0117100000	0.3849860089
1.0124200000	0.3778500585
1.0131300000	0.3709149420
1.0138500000	0.3641745924
1.0145600000	0.3576225688
1.0152700000	0.3512603696
1.0159900000	0.3450605657
1.0167000000	0.3390341340
1.0174100000	0.3331697103
1.0181200000	0.3274577282
1.0188400000	0.3219010956
1.0195500000	0.3164886044
1.0202600000	0.3112182443
1.0209800000	0.3060819079
1.0216900000	0.3010760621
1.0224000000	0.2962000772
1.0231100000	0.2914443140
1.0238300000	0.2868058857
1.0245400000	0.2819028876
1.0252500000	0.2774939352
1.0259700000	0.2731928954
1.0266800000	0.2689927433
1.0273900000	0.2648934531
1.0281100000	0.2608921299
1.0288200000	0.2569856757
1.0295300000	0.2531687222
1.0302400000	0.2494383595
1.0309600000	0.2457968548
1.0316700000	0.2422426725
1.0323800000	0.2387677219
1.0331000000	0.2353691799
1.0338100000	0.2320459016
1.0345200000	0.2287973620
1.0352400000	0.2256230855
1.0359500000	0.2225144118
1.0366600000	0.2194712909
1.0373700000	0.2164994141
1.0380900000	0.2135902008
1.0388000000	0.2107406291
1.0395100000	0.2079497735
1.0402300000	0.2052205409
1.0409400000	0.2022802885
1.0416500000	0.1996622727
1.0423600000	0.1971012755
1.0430800000	0.1945905331
1.0437900000	0.1921293046
1.0445000000	0.1897196381
1.0452200000	0.1873621509
1.0459300000	0.1850484584
1.0466400000	0.1827820522
1.0473600000	0.1805594911
1.0480700000	0.1783813662
1.0487800000	0.1762425379
1.0494900000	0.1741463524
1.0502100000	0.1720910196
1.0509200000	0.1700761117
1.0516300000	0.1681009185
1.0523500000	0.1661633623
1.0530600000	0.1642612303
1.0537700000	0.1623943804
1.0544800000	0.1605600832
1.0552000000	0.1587636607
1.0559100000	0.1570027383
1.0566200000	0.1552657946
1.0573400000	0.1533819467
1.0580500000	0.1517107877
1.0587600000	0.1500710261
1.0594800000	0.1484609882
1.0601900000	0.1468771996
1.0609000000	0.1453228062
1.0616100000	0.1437963304
1.0623300000	0.1422962837
1.0630400000	0.1408249658
1.0637500000	0.1393766012
1.0644700000	0.1379546880
1.0651800000	0.1365549869
1.0658900000	0.1351827268
1.0666100000	0.1338339872
1.0673200000	0.1325027632
1.0680300000	0.1311976867
1.0687400000	0.1299149171
1.0694600000	0.1286500890
1.0701700000	0.1274038723
1.0708800000	0.1261772030
1.0716000000	0.1249758903
1.0723100000	0.1237916283
1.0730200000	0.1226253662
1.0737300000	0.1214744012
1.0744500000	0.1203397232
1.0751600000	0.1190970773
1.0758700000	0.1179913556
1.0765900000	0.1169014624
1.0773000000	0.1158256981
1.0780100000	0.1147599767
1.0787300000	0.1137041735
1.0794400000	0.1126602337
1.0801500000	0.1116187724
1.0808600000	0.1105793707
1.0815800000	0.1095418480
1.0822900000	0.1085046964
1.0830000000	0.1074628496
1.0837200000	0.1064089646
1.0844300000	0.1053433019
1.0851400000	0.1042412729
1.0858600000	0.1030966396
1.0865700000	0.1018880730
1.0872800000	0.1005938732
1.0879900000	0.0991814198
1.0887100000	0.0976186074
1.0894200000	0.0958581089
1.0901300000	0.0938545671
1.0908500000	0.0915453624
1.0915600000	0.0889173226
1.0922700000	0.0858957646
1.0929800000	0.0827600699
1.0937000000	0.0797457764
1.0944100000	0.0773995699
1.0951200000	0.0765163141
1.0958400000	0.0777607236
1.0965500000	0.0812308973
1.0972600000	0.0861416904
1.0979800000	0.0911529067
1.0986900000	0.0950538900
1.0994000000	0.0973734695
1.1001100000	0.0982114161
1.1008300000	0.0979924453
1.1015400000	0.0971090263
1.1022500000	0.0958950658
1.1029700000	0.0945741407
1.1036800000	0.0932503709
1.1043900000	0.0919814560
1.1051100000	0.0907943432
1.1058200000	0.0896908188
1.1065300000	0.0886729294
1.1072400000	0.0877321513
1.1079600000	0.0868589361
1.1086700000	0.0860465214
1.1093800000	0.0852876217
1.1101000000	0.0845661397
1.1108100000	0.0838903248
1.1115200000	0.0832493798
1.1122300000	0.0826379410
1.1129500000	0.0820528657
1.1136600000	0.0814976790
1.1143700000	0.0809600546
1.1150900000	0.0804450729
1.1158000000	0.0799445347
1.1165100000	0.0794616881
1.1172300000	0.0789916353
1.1179400000	0.0785367582
1.1186500000	0.0780969008
1.1193600000	0.0776691305
1.1200800000	0.0772540501
1.1207900000	0.0768543320
1.1215000000	0.0764578148
1.1222200000	0.0760728338
1.1229300000	0.0756958706
1.1236400000	0.0753286754
1.1243500000	0.0749710464
1.1250700000	0.0746234432
1.1257800000	0.0742860765
1.1264900000	0.0739559289
1.1272100000	0.0736334469
1.1279200000	0.0733778067
1.1286300000	0.0730692281
1.1293500000	0.0727671741
1.1300600000	0.0724736886
1.1307700000	0.0721886911
1.1314800000	0.0719153593
1.1322000000	0.0716427751
1.1329100000	0.0713784645
1.1336200000	0.0711213608
1.1343400000	0.0708676377
1.1350500000	0.0706273820
1.1357600000	0.0703889681
1.1364800000	0.0701600450
1.1371900000	0.0699377097
1.1379000000	0.0697255292
1.1386100000	0.0695174084
1.1393300000	0.0693178909
1.1400400000	0.0691210053
1.1407500000	0.0689367465
1.1414700000	0.0687568489
1.1421800000	0.0685885871
1.1428900000	0.0684229257
1.1436000000	0.0682617541
1.1443200000	0.0681094396
1.1450300000	0.0679652232
1.1457400000	0.0678203037
1.1464600000	0.0676861925
1.1471700000	0.0677046439
1.1478800000	0.0675864980
1.1486000000	0.0674752764
1.1493100000	0.0673730664
1.1500200000	0.0672731386
1.1507300000	0.0671830081
1.1514500000	0.0670962767
1.1521600000	0.0670144277
1.1528700000	0.0669487957
1.1535900000	0.0668866316
1.1543000000	0.0668325247
1.1550100000	0.0667839467
1.1557300000	0.0667451727
1.1564400000	0.0667104914
1.1571500000	0.0666914597
1.1578600000	0.0666704230
1.1585800000	0.0666597991
1.1592900000	0.0666579157
1.1600000000	0.0666663392
1.1607200000	0.0666795514
1.1614300000	0.0667029607
1.1621400000	0.0667287541
1.1628500000	0.0667637355
1.1635700000	0.0668124735
1.1642800000	0.0668701281
1.1649900000	0.0669325119
1.1657100000	0.0670033360
1.1664200000	0.0673409865
1.1671300000	0.0674263560
1.1678500000	0.0675130993
1.1685600000	0.0676132093
1.1692700000	0.0677116092
1.1699800000	0.0678215653
1.1707000000	0.0679340119
1.1714100000	0.0680625909
1.1721200000	0.0681886539
1.1728400000	0.0683247026
1.1735500000	0.0684638635
1.1742600000	0.0686074224
1.1749700000	0.0687540524
1.1756900000	0.0689084137
1.1764000000	0.0690625393
1.1771100000	0.0692267589
1.1778300000	0.0693897414
1.1785400000	0.0695460339
1.1792500000	0.0697035195
1.1799700000	0.0698550989
1.1806800000	0.0700053848
1.1813900000	0.0701347431
1.1821000000	0.0702372574
1.1828200000	0.0703441058
1.1835300000	0.0704246065
1.1842400000	0.0704758453
1.1849600000	0.0705057544
1.1856700000	0.0704868806
1.1863800000	0.0706641979
1.1871000000	0.0705255503
1.1878100000	0.0703191076
1.1885200000	0.0700287014
1.1892300000	0.0696347098
1.1899500000	0.0691484705
1.1906600000	0.0685043901
1.1913700000	0.0677342930
1.1920900000	0.0667504947
1.1928000000	0.0655571180
1.1935100000	0.0641232591
1.1942200000	0.0623957236
1.1949400000	0.0602941899
1.1956500000	0.0577761918
1.1963600000	0.0547866098
1.1970800000	0.0511708136
1.1977900000	0.0469009313
1.1985000000	0.0417907833
1.1992200000	0.0356800427
1.1999300000	0.0283476874
1.2006400000	0.0196060982
1.2013500000	0.0091328008
1.2020700000	0.0006104162
1.2213200000	0.0161571367
1.2220300000	0.6635568328
1.2227400000	1.1220086331
1.2234600000	1.3991992878
1.2241700000	1.5285475405
1.2248800000	1.5520709845
1.2256000000	1.5077224178
1.2263100000	1.4241953665
1.2270200000	1.3221450981
1.2277300000	1.2137015903
1.2284500000	1.1462714017
1.2291600000	1.0412941692
1.2298700000	0.9449055906
1.2305900000	0.8575543786
1.2313000000	0.7793369975
1.2320100000	0.7097388269
1.2327200000	0.6480513647
1.2334400000	0.5933066870
1.2341500000	0.5449103462
1.2348600000	0.5021197397
1.2355800000	0.4643450252
1.2362900000	0.4310054187
1.2370000000	0.4013793242
1.2377200000	0.3751920373
1.2384300000	0.3519867870
1.2391400000	0.3314664825
1.2398500000	0.3133036719
1.2405700000	0.2973870210
1.2412800000	0.2833200691
1.2419900000	0.2709844887
1.2427100000	0.2602286120
1.2434200000	0.2509425174
1.2441300000	0.2430309176
1.2448400000	0.2364368285
1.2455600000	0.2310864392
1.2462700000	0.2269255839
1.2469800000	0.2239476139
1.2477000000	0.2221399277
1.2484100000	0.2215458657
1.2491200000	0.2222409414
1.2498400000	0.2242508022
1.2505500000	0.2276902064
1.2512600000	0.2359780384
1.2519700000	0.2424998647
1.2526900000	0.2509151869
1.2534000000	0.2614650217
1.2541100000	0.2744296615
1.2548300000	0.2900878031
1.2555400000	0.3087662081
1.2562500000	0.3307586349
1.2569700000	0.3563499162
1.2576800000	0.3856178215
1.2583900000	0.4184049866
1.2591000000	0.4540452088
1.2598200000	0.4911524509
1.2605300000	0.5274748840
1.2612400000	0.5598000013
1.2619600000	0.5843216476
1.2626700000	0.5974147596
1.2633800000	0.5966643292
1.2640900000	0.5817330053
1.2648100000	0.5545052181
1.2655200000	0.5184165233
1.2662300000	0.4773950621
1.2669500000	0.4349418890
1.2676600000	0.3936382031
1.2683700000	0.3550964133
1.2690900000	0.3201194995
1.2698000000	0.2889456786
1.2705100000	0.2614769149
1.2712200000	0.2374300196
1.2719400000	0.2164437878
1.2726500000	0.1981398589
1.2733600000	0.1821599073
1.2740800000	0.1689412072
1.2747900000	0.1566514382
1.2755000000	0.1458338559
1.2762200000	0.1362752872
1.2769300000	0.1277993098
1.2776400000	0.1202576079
1.2783500000	0.1135179566
1.2790700000	0.1074753431
1.2797800000	0.1020379719
1.2804900000	0.0971260927
1.2812100000	0.0926763352
1.2819200000	0.0886335210
1.2826300000	0.0849501090
1.2833400000	0.0815783898
1.2840600000	0.0784868505
1.2847700000	0.0756449424
1.2854800000	0.0730257239
1.2862000000	0.0706063148
1.2869100000	0.0683676245
1.2876200000	0.0662879091
1.2883400000	0.0643545983
1.2890500000	0.0625524631
1.2897600000	0.0608679627
1.2904700000	0.0592927880
1.2911900000	0.0578171079
1.2919000000	0.0564336350
1.2926100000	0.0551323925
1.2933300000	0.0539063761
1.2940400000	0.0527498272
1.2947500000	0.0516579940
1.2954700000	0.0506258317
1.2961800000	0.0496494493
1.2968900000	0.0487254046
1.2976000000	0.0478481446
1.2983200000	0.0473541736
1.2990300000	0.0465531710
1.2997400000	0.0457894646
1.3004600000	0.0450621481
1.3011700000	0.0443688919
1.3018800000	0.0437075928
1.3025900000	0.0430742534
1.3033100000	0.0424704368
1.3040200000	0.0418913314
1.3047300000	0.0413363929
1.3054500000	0.0408045846
1.3061600000	0.0402951575
1.3068700000	0.0398066034
1.3075900000	0.0393374206
1.3083000000	0.0388855690
1.3090100000	0.0384512253
1.3097200000	0.0380339782
1.3104400000	0.0376325452
1.3111500000	0.0372457891
1.3118600000	0.0368741590
1.3125800000	0.0365152994
1.3132900000	0.0361691177
1.3140000000	0.0358345829
1.3147100000	0.0355114547
1.3154300000	0.0351996988
1.3161400000	0.0348989168
1.3168500000	0.0346082799
1.3175700000	0.0343271311
1.3182800000	0.0340552336
1.3189900000	0.0337917920
1.3197100000	0.0335368586
1.3204200000	0.0332901574
1.3211300000	0.0330516065
1.3218400000	0.0328210952
1.3225600000	0.0325977964
1.3232700000	0.0325572088
1.3239800000	0.0323432344
1.3247000000	0.0321357332
1.3254100000	0.0319344727
1.3261200000	0.0317390215
1.3268400000	0.0315502730
1.3275500000	0.0313665749
1.3282600000	0.0311888647
1.3289700000	0.0310155974
1.3296900000	0.0308476799
1.3304000000	0.0306844240
1.3311100000	0.0305259113
1.3318300000	0.0303724085
1.3325400000	0.0302238775
1.3332500000	0.0300787424
1.3339600000	0.0299377775
1.3346800000	0.0298009083
1.3353900000	0.0296684403
1.3361000000	0.0295394964
1.3368200000	0.0294143591
1.3375300000	0.0292930315
1.3382400000	0.0291751238
1.3389600000	0.0290605772
1.3396700000	0.0289489940
1.3403800000	0.0288406518
1.3410900000	0.0287355741
1.3418100000	0.0286334428
1.3425200000	0.0285345440
1.3432300000	0.0284387890
1.3439500000	0.0283455139
1.3446600000	0.0282548694
1.3453700000	0.0281669679
1.3460900000	0.0280816961
1.3468000000	0.0279991443
1.3475100000	0.0279192125
1.3482200000	0.0278417985
1.3489400000	0.0277668926
1.3496500000	0.0277940355
1.3503600000	0.0277217164
1.3510800000	0.0276516830
1.3517900000	0.0275838181
1.3525000000	0.0275182424
1.3532100000	0.0274552660
1.3539300000	0.0273939531
1.3546400000	0.0273352177
1.3553500000	0.0272781337
1.3560700000	0.0272231630
1.3567800000	0.0271701120
1.3574900000	0.0271189781
1.3582100000	0.0270699674
1.3589200000	0.0270231078
1.3596300000	0.0269777186
1.3603400000	0.0269341582
1.3610600000	0.0268924522
1.3617700000	0.0268526764
1.3624800000	0.0268145591
1.3632000000	0.0267781974
1.3639100000	0.0267438355
1.3646200000	0.0267108823
1.3653400000	0.0266798195
1.3660500000	0.0266503518
1.3667600000	0.0266224439
1.3674700000	0.0265961779
1.3681900000	0.0265715509
1.3689000000	0.0265486460
1.3696100000	0.0265273506
1.3703300000	0.0265075371
1.3710400000	0.0264893322
1.3717500000	0.0264726628
1.3724600000	0.0264574749
1.3731800000	0.0264438152
1.3738900000	0.0264317539
1.3746000000	0.0264212666
1.3753200000	0.0264122750
1.3760300000	0.0264048007
1.3767400000	0.0264596350
1.3774600000	0.0264540595
1.3781700000	0.0264499974
1.3788800000	0.0264473896
1.3795900000	0.0264463554
1.3803100000	0.0264469078
1.3810200000	0.0264488375
1.3817300000	0.0264522870
1.3824500000	0.0264572554
1.3831600000	0.0264636849
1.3838700000	0.0264715391
1.3845800000	0.0264809288
1.3853000000	0.0264917707
1.3860100000	0.0265042367
1.3867200000	0.0265182385
1.3874400000	0.0265335683
1.3881500000	0.0265505727
1.3888600000	0.0265689685
1.3895800000	0.0265888903
1.3902900000	0.0266102365
1.3910000000	0.0266332521
1.3917100000	0.0266577395
1.3924300000	0.0266838310
1.3931400000	0.0267113668
1.3938500000	0.0267405646
1.3945700000	0.0267712728
1.3952800000	0.0268036218
1.3959900000	0.0268375286
1.3967100000	0.0268730653
1.3974200000	0.0269102504
1.3981300000	0.0269490439
1.3988400000	0.0269895047
1.3995600000	0.0270316372
1.4002700000	0.0270754784
1.4009800000	0.0271209863
1.4017000000	0.0271682189
1.4024100000	0.0272171732
1.4031200000	0.0272678229
1.4038300000	0.0273202753
1.4045500000	0.0273745683
1.4052600000	0.0274688345
1.4059700000	0.0275262460
1.4066900000	0.0275855672
1.4074000000	0.0276468131
1.4081100000	0.0277100628
1.4088300000	0.0277751641
1.4095400000	0.0278422673
1.4102500000	0.0279114433
1.4109600000	0.0279826851
1.4116800000	0.0280559640
1.4123900000	0.0281314280
1.4131000000	0.0282091039
1.4138200000	0.0282889266
1.4145300000	0.0283708996
1.4152400000	0.0284552447
1.4159600000	0.0285418873
1.4166700000	0.0286309544
1.4173800000	0.0287221854
1.4180900000	0.0288160707
1.4188100000	0.0289123957
1.4195200000	0.0290113738
1.4202300000	0.0291128921
1.4209500000	0.0292170891
1.4216600000	0.0293241438
1.4223700000	0.0294338195
1.4230800000	0.0295463941
1.4238000000	0.0296620570
1.4245100000	0.0297805438
1.4252200000	0.0299021571
1.4259400000	0.0300268569
1.4266500000	0.0301547386
1.4273600000	0.0302857599
1.4280800000	0.0304202540
1.4287900000	0.0305581605
1.4295000000	0.0306997138
1.4302100000	0.0308448337
1.4309300000	0.0309936353
1.4316400000	0.0311460499
1.4323500000	0.0313024464
1.4330700000	0.0314628117
1.4337800000	0.0316274191
1.4344900000	0.0318208839
1.4352100000	0.0319937240
1.4359200000	0.0321710850
1.4366300000	0.0323532198
1.4373400000	0.0325400339
1.4380600000	0.0327317941
1.4387700000	0.0329283794
1.4394800000	0.0331304528
1.4402000000	0.0333378443
1.4409100000	0.0335507448
1.4416200000	0.0337694637
1.4423300000	0.0339942987
1.4430500000	0.0342251146
1.4437600000	0.0344623047
1.4444700000	0.0347058124
1.4451900000	0.0349561264
1.4459000000	0.0352135234
1.4466100000	0.0354779938
1.4473300000	0.0357499947
1.4480400000	0.0360299360
1.4487500000	0.0363178214
1.4494600000	0.0366141009
1.4501800000	0.0369191262
1.4508900000	0.0372329174
1.4516000000	0.0375563832
1.4523200000	0.0378892078
1.4530300000	0.0382323836
1.4537400000	0.0385862245
1.4544500000	0.0389509753
1.4551700000	0.0393270463
1.4558800000	0.0397150090
1.4565900000	0.0401153025
1.4573100000	0.0405284971
1.4580200000	0.0409550076
1.4587300000	0.0413958704
1.4594500000	0.0418513596
1.4601600000	0.0423223189
1.4608700000	0.0428093325
1.4615800000	0.0433128661
1.4623000000	0.0438339268
1.4630100000	0.0443734872
1.4637200000	0.0449324393
1.4644400000	0.0455115269
1.4651500000	0.0461123489
1.4658600000	0.0467513478
1.4665800000	0.0473976415
1.4672900000	0.0480690182
1.4680000000	0.0487664240
1.4687100000	0.0494914065
1.4694300000	0.0502449624
1.4701400000	0.0510293378
1.4708500000	0.0518462066
1.4715700000	0.0526968641
1.4722800000	0.0535839445
1.4729900000	0.0545094422
1.4737000000	0.0554756024
1.4744200000	0.0564847446
1.4751300000	0.0575396322
1.4758400000	0.0586425939
1.4765600000	0.0597975307
1.4772700000	0.0610067942
1.4779800000	0.0622754267
1.4787000000	0.0636066483
1.4794100000	0.0650046574
1.4801200000	0.0664740810
1.4808300000	0.0680205092
1.4815500000	0.0696486251
1.4822600000	0.0713644047
1.4829700000	0.0731752611
1.4836900000	0.0750878995
1.4844000000	0.0771099985
1.4851100000	0.0792504298
1.4858300000	0.0815191365
1.4865400000	0.0839256329
1.4872500000	0.0864822990
1.4879600000	0.0892013188
1.4886800000	0.0920969310
1.4893900000	0.0951845177
1.4901000000	0.0984812534
1.4908200000	0.1020075270
1.4915300000	0.1057838779
1.4922400000	0.1098345411
1.4929500000	0.1141852084
1.4936700000	0.1188674281
1.4943800000	0.1239143930
1.4950900000	0.1293638123
1.4958100000	0.1352585877
1.4965200000	0.1416469300
1.4972300000	0.1485841659
1.4979500000	0.1561393501
1.4986600000	0.1643639556
1.4993700000	0.1733495140
1.5000800000	0.1832319168
1.5008000000	0.1944517855
1.5015100000	0.2068171742
1.5022200000	0.2204776751
1.5029400000	0.2356011342
1.5036500000	0.2523711296
1.5043600000	0.2710025124
1.5050800000	0.2917385196
1.5057900000	0.3148422598
1.5065000000	0.3406048096
1.5072100000	0.3693323260
1.5079300000	0.4013413964
1.5086400000	0.4369333558
1.5093500000	0.4763773249
1.5100700000	0.5198495350
1.5107800000	0.5673599423
1.5114900000	0.6186699255
1.5122000000	0.6731734887
1.5129200000	0.7297480353
1.5136300000	0.7866630016
1.5143400000	0.8414962196
1.5150600000	0.8912026006
1.5157700000	0.9323780699
1.5164800000	0.9617011260
1.5172000000	0.9765468410
1.5179100000	0.9755084789
1.5186200000	0.9587708844
1.5193300000	0.9280213080
1.5200500000	0.8860822954
1.5207600000	0.8363344928
1.5214700000	0.7821150965
1.5221900000	0.7263272075
1.5229000000	0.6712409008
1.5236100000	0.6184390166
1.5243200000	0.5689337185
1.5250400000	0.5232406040
1.5257500000	0.4815499060
1.5264600000	0.4438095703
1.5271800000	0.4098347139
1.5278900000	0.3793591568
1.5286000000	0.3520781493
1.5293200000	0.3276850326
1.5300300000	0.3058793634
1.5307400000	0.2863644234
1.5314500000	0.2689237000
1.5321700000	0.2533063713
1.5328800000	0.2393107347
1.5335900000	0.2267551365
1.5343100000	0.2154813891
1.5350200000	0.2053491834
1.5357300000	0.1962343221
1.5364500000	0.1880322662
1.5371600000	0.1806475206
1.5378700000	0.1740000139
1.5385800000	0.1680162562
1.5393000000	0.1626347534
1.5400100000	0.1578013154
1.5407200000	0.1534701122
1.5414400000	0.1495970760
1.5421500000	0.1461408442
1.5428600000	0.1430790108
1.5435700000	0.1403815062
1.5442900000	0.1380243377
1.5450000000	0.1359869024
1.5457100000	0.1342523839
1.5464300000	0.1328060264
1.5471400000	0.1316371903
1.5478500000	0.1307351971
1.5485700000	0.1300936010
1.5492800000	0.1297066796
1.5499900000	0.1295722778
1.5507000000	0.1296891041
1.5514200000	0.1300580292
1.5521300000	0.1306831058
1.5528400000	0.1315693507
1.5535600000	0.1327234322
1.5542700000	0.1341564500
1.5549800000	0.1358804319
1.5557000000	0.1379105138
1.5564100000	0.1402647503
1.5571200000	0.1429645258
1.5578300000	0.1460342294
1.5585500000	0.1495023332
1.5592600000	0.1534029781
1.5599700000	0.1577743043
1.5606900000	0.1626593323
1.5614000000	0.1681096749
1.5621100000	0.1741815511
1.5628200000	0.1809395146
1.5635400000	0.1884437906
1.5642500000	0.1967993697
1.5649600000	0.2060049875
1.5656800000	0.2163360631
1.5663900000	0.2278237679
1.5671000000	0.2405898512
1.5678200000	0.2547695905
1.5685300000	0.2705028380
1.5692400000	0.2879261012
1.5699500000	0.3071709391
1.5706700000	0.3283462331
1.5713800000	0.3515165631
1.5720900000	0.3766716649
1.5728100000	0.4036978961
1.5735200000	0.4323229169
1.5742300000	0.4620754835
1.5749400000	0.4922284647
1.5756600000	0.5217710091
1.5763700000	0.5494181183
1.5770800000	0.5736747739
1.5778000000	0.5929794131
1.5785100000	0.6059111073
1.5792200000	0.6114280774
1.5799400000	0.6090579814
1.5806500000	0.5990064967
1.5813600000	0.5821016903
1.5820700000	0.5596326553
1.5827900000	0.5331370521
1.5835000000	0.5041634611
1.5842100000	0.4741021073
1.5849300000	0.4440664385
1.5856400000	0.4149588675
1.5863500000	0.3872504035
1.5870700000	0.3613251890
1.5877800000	0.3373587785
1.5884900000	0.3153825607
1.5892000000	0.2953664707
1.5899200000	0.2772084941
1.5906300000	0.2607790689
1.5913400000	0.2459275434
1.5920600000	0.2325166289
1.5927700000	0.2203991445
1.5934800000	0.2094364929
1.5941900000	0.1995069398
1.5949100000	0.1904914077
1.5956200000	0.1822882025
1.5963300000	0.1747968947
1.5970500000	0.1679372082
1.5977600000	0.1616274664
1.5984700000	0.1558057395
1.5991900000	0.1504139161
1.5999000000	0.1454093495
1.6006100000	0.1407271580
1.6013200000	0.1364587441
1.6020400000	0.1325219930
1.6027500000	0.1289289151
1.6034600000	0.1257106597
1.6041800000	0.1229148636
1.6048900000	0.1205925193
1.6056000000	0.1187836661
1.6063200000	0.1175168656
1.6070300000	0.1167878739
1.6077400000	0.1165447743
1.6084500000	0.1167204919
1.6091700000	0.1171869643
1.6098800000	0.1178309601
1.6105900000	0.1185459947
1.6113100000	0.1192409644
1.6120200000	0.1198612805
1.6127300000	0.1203754113
1.6134400000	0.1207845874
1.6141600000	0.1210994417
1.6148700000	0.1213413298
1.6155800000	0.1215319353
1.6163000000	0.1216973225
1.6170100000	0.1218603202
1.6177200000	0.1220385587
1.6184400000	0.1222462598
1.6191500000	0.1224963325
1.6198600000	0.1227963766
1.6205700000	0.1231529525
1.6212900000	0.1235701975
1.6220000000	0.1240509148
1.6227100000	0.1245960922
1.6234300000	0.1252086198
1.6241400000	0.1258868833
1.6248500000	0.1266313991
1.6255700000	0.1274430472
1.6262800000	0.1283218632
1.6269900000	0.1292665836
1.6277000000	0.1302772278
1.6284200000	0.1313535984
1.6291300000	0.1324948142
1.6298400000	0.1337024754
1.6305600000	0.1349761132
1.6312700000	0.1363154308
1.6319800000	0.1377234822
1.6326900000	0.1391964043
1.6334100000	0.1407369002
1.6341200000	0.1423453676
1.6348300000	0.1440234063
1.6355500000	0.1457712845
1.6362600000	0.1475899941
1.6369700000	0.1494818236
1.6376900000	0.1514474722
1.6384000000	0.1534893900
1.6391100000	0.1554082837
1.6398200000	0.1576015700
1.6405400000	0.1598760981
1.6412500000	0.1622347311
1.6419600000	0.1646773757
1.6426800000	0.1672096349
1.6433900000	0.1698322153
1.6441000000	0.1725485091
1.6448100000	0.1753622120
1.6455300000	0.1782757143
1.6462400000	0.1812919656
1.6469500000	0.1844157302
1.6476700000	0.1876506484
1.6483800000	0.1910009606
1.6490900000	0.1944700432
1.6498100000	0.1980632412
1.6505200000	0.2017853084
1.6512300000	0.2056397941
1.6519400000	0.2096341693
1.6526600000	0.2137733882
1.6533700000	0.2180621557
1.6540800000	0.2225101562
1.6548000000	0.2271224876
1.6555100000	0.2319058302
1.6562200000	0.2368714355
1.6569400000	0.2420221451
1.6576500000	0.2473682032
1.6583600000	0.2529194281
1.6590700000	0.2586850215
1.6597900000	0.2646709785
1.6605000000	0.2708982746
1.6612100000	0.2773722453
1.6619300000	0.2841052139
1.6626400000	0.2911120537
1.6633500000	0.2984070499
1.6640600000	0.3060031718
1.6647800000	0.3139187601
1.6654900000	0.3221707729
1.6662000000	0.3307752387
1.6669200000	0.3397539095
1.6676300000	0.3491244034
1.6683400000	0.3589120196
1.6690600000	0.3691381900
1.6697700000	0.3798332704
1.6704800000	0.3910237241
1.6711900000	0.4027363091
1.6719100000	0.4150039672
1.6726200000	0.4278643944
1.6733300000	0.4413514266
1.6740500000	0.4555045173
1.6747600000	0.4703706523
1.6754700000	0.4859983776
1.6761900000	0.5024298331
1.6769000000	0.5197359756
1.6776100000	0.5379599738
1.6783200000	0.5571903662
1.6790400000	0.5761703360
1.6797500000	0.5975615412
1.6804600000	0.6201893631
1.6811800000	0.6441489687
1.6818900000	0.6695400963
1.6826000000	0.6964815071
1.6833100000	0.7250954308
1.6840300000	0.7555127872
1.6847400000	0.7878741679
1.6854500000	0.8223450610
1.6861700000	0.8590899561
1.6868800000	0.8982925025
1.6875900000	0.9401809416
1.6883100000	0.9849676416
1.6890200000	1.0329175041
1.6897300000	1.0843078761
1.6904400000	1.1394524177
1.6911600000	1.1987062768
1.6918700000	1.2624505077
1.6925800000	1.3311134689
1.6933000000	1.4051812720
1.6940100000	1.4851691889
1.6947200000	1.5716878618
1.6954400000	1.6653640207
1.6961500000	1.7669217493
1.6968600000	1.8771247627
1.6975700000	1.9968771336
1.6982900000	2.1271215008
1.6990000000	2.2688707799
1.6997100000	2.4232481055
1.7004300000	2.5942393284
1.7011400000	2.7828484465
1.7018500000	2.9887405662
1.7025600000	3.2132886616
1.7032800000	3.4577285343
1.7039900000	3.7231771359
1.7047000000	4.0103874591
1.7054200000	4.3195651254
1.7061300000	4.6501628356
1.7068400000	5.0004535008
1.7075600000	5.3673483475
1.7082700000	5.7458434688
1.7089800000	6.1287272850
1.7096900000	6.5064130249
1.7104100000	6.8669027675
1.7111200000	7.1961582764
1.7118300000	7.4790175890
1.7125500000	7.7005917528
1.7132600000	7.8478468993
1.7139700000	7.9114800488
1.7146800000	7.8872770491
1.7154000000	7.7768670997
1.7161100000	7.5870344478
1.7168200000	7.3293868720
1.7175400000	7.0182613769
1.7182500000	6.6687316197
1.7189600000	6.2956460694
1.7196800000	5.9121381737
1.7203900000	5.5288776807
1.7211000000	5.1710777376
1.7218100000	4.8094287888
1.7225300000	4.4664933410
1.7232400000	4.1446246765
1.7239500000	3.8448744250
1.7246700000	3.5673643804
1.7253800000	3.3115527634
1.7260900000	3.0764641019
1.7268100000	2.8608751416
1.7275200000	2.6633915758
1.7282300000	2.4826445775
1.7289400000	2.3172467234
1.7296600000	2.1658208564
1.7303700000	2.0271368391
1.7310800000	1.9000267840
1.7318000000	1.7834124575
1.7325100000	1.6763190419
1.7332200000	1.5778316385
1.7339300000	1.4871521056
1.7346500000	1.4035480410
1.7353600000	1.3263703433
1.7360700000	1.2550079819
1.7367900000	1.1889382865
1.7375000000	1.1276842417
1.7382100000	1.0708157003
1.7389300000	1.0179476916
1.7396400000	0.9687324267
1.7403500000	0.9228584643
1.7410600000	0.8800429121
1.7417800000	0.8400331794
1.7424900000	0.8025989609
1.7432000000	0.7675325447
1.7439200000	0.7346490313
1.7446300000	0.7037758026
1.7453400000	0.6747591242
1.7460600000	0.6474566586
1.7467700000	0.6217420247
1.7474800000	0.5974987490
1.7481900000	0.5746196743
1.7489100000	0.5530070213
1.7496200000	0.5325709691
1.7503300000	0.5132308329
1.7510500000	0.4949108641
1.7517600000	0.4775414937
1.7524700000	0.4610600284
1.7531800000	0.4454090541
1.7539000000	0.4305355436
1.7546100000	0.4163886868
1.7553200000	0.4029243023
1.7560400000	0.3900979520
1.7567500000	0.3778711461
1.7574600000	0.3662082019
1.7581800000	0.3550745170
1.7588900000	0.3444410839
1.7596000000	0.3342825206
1.7603100000	0.3245618124
1.7610300000	0.3152587344
1.7617400000	0.3063513657
1.7624500000	0.2978163748
1.7631700000	0.2896352960
1.7638800000	0.2815629117
1.7645900000	0.2740285014
1.7653100000	0.2667948690
1.7660200000	0.2598457347
1.7667300000	0.2531662500
1.7674400000	0.2467434878
1.7681600000	0.2405639373
1.7688700000	0.2346161123
1.7695800000	0.2288879847
1.7703000000	0.2233691423
1.7710100000	0.2180507790
1.7717200000	0.2129209691
1.7724300000	0.2079733848
1.7731500000	0.2031994508
1.7738600000	0.1985905520
1.7745700000	0.1941388044
1.7752900000	0.1898380741
1.7760000000	0.1856811912
1.7767100000	0.1816619757
1.7774300000	0.1777737880
1.7781400000	0.1740113825
1.7788500000	0.1703700663
1.7795600000	0.1668447471
1.7802800000	0.1634296589
1.7809900000	0.1601213626
1.7817000000	0.1569149902
1.7824200000	0.1538066902
1.7831300000	0.1507916029
1.7838400000	0.1478673792
1.7845500000	0.1450296077
1.7852700000	0.1422754813
1.7859800000	0.1396011581
1.7866900000	0.1370036554
1.7874100000	0.1344819148
1.7881200000	0.1320304380
1.7888300000	0.1296474641
1.7895500000	0.1273307497
1.7902600000	0.1250766867
1.7909700000	0.1228852306
1.7916800000	0.1207524692
1.7924000000	0.1186774112
1.7931100000	0.1166575024
1.7938200000	0.1146907714
1.7945400000	0.1127756114
1.7952500000	0.1109097141
1.7959600000	0.1090918616
1.7966800000	0.1073197990
1.7973900000	0.1055926502
1.7981000000	0.1039087990
1.7988100000	0.1022670394
1.7995300000	0.1006660897
1.8002400000	0.0990968162
1.8009500000	0.0975516185
1.8016700000	0.0960444396
1.8023800000	0.0945736663
1.8030900000	0.0931386622
1.8038000000	0.0917383595
1.8045200000	0.0903716781
1.8052300000	0.0890372377
1.8059400000	0.0877333648
1.8066600000	0.0864605554
1.8073700000	0.0852173782
1.8080800000	0.0840024125
1.8088000000	0.0828153021
1.8095100000	0.0815138693
1.8102200000	0.0803795386
1.8109300000	0.0792705259
1.8116500000	0.0781857282
1.8123600000	0.0771248818
1.8130700000	0.0760872002
1.8137900000	0.0750719614
1.8145000000	0.0740784429
1.8152100000	0.0731057209
1.8159300000	0.0721558243
1.8166400000	0.0712238283
1.8173500000	0.0703118839
1.8180600000	0.0694182136
1.8187800000	0.0685432987
1.8194900000	0.0676865152
1.8202000000	0.0668467440
1.8209200000	0.0660242635
1.8216300000	0.0652182778
1.8223400000	0.0644280527
1.8230500000	0.0636535642
1.8237700000	0.0628940052
1.8244800000	0.0621497408
1.8251900000	0.0614195603
1.8259100000	0.0607030726
1.8266200000	0.0600007525
1.8273300000	0.0593117443
1.8280500000	0.0586357911
1.8287600000	0.0579725131
1.8294700000	0.0573212187
1.8301800000	0.0566821863
1.8309000000	0.0560550087
1.8316100000	0.0554389513
1.8323200000	0.0548341950
1.8330400000	0.0542402174
1.8337500000	0.0536563132
1.8344600000	0.0530833423
1.8351800000	0.0525205059
1.8358900000	0.0519669150
1.8366000000	0.0514229770
1.8373100000	0.0508886602
1.8380300000	0.0503636361
1.8387400000	0.0498473736
1.8394500000	0.0493398182
1.8401700000	0.0488405491
1.8408800000	0.0483497085
1.8415900000	0.0478668923
1.8423000000	0.0473919641
1.8430200000	0.0469238765
1.8437300000	0.0464634677
1.8444400000	0.0460120585
1.8451600000	0.0455667259
1.8458700000	0.0451282019
1.8465800000	0.0446962985
1.8473000000	0.0442710205
1.8480100000	0.0438521385
1.8487200000	0.0434396278
1.8494300000	0.0430327354
1.8501500000	0.0426321114
1.8508600000	0.0422373759
1.8515700000	0.0418482257
1.8522900000	0.0414640325
1.8530000000	0.0410853051
1.8537100000	0.0407119152
1.8544200000	0.0403433567
1.8551400000	0.0399799831
1.8558500000	0.0396212347
1.8565600000	0.0391201649
1.8572800000	0.0387671125
1.8579900000	0.0384182661
1.8587000000	0.0380735622
1.8594200000	0.0377328318
1.8601300000	0.0373958457
1.8608400000	0.0370622607
1.8615500000	0.0367321285
1.8622700000	0.0364054248
1.8629800000	0.0360816096
1.8636900000	0.0357610514
1.8644100000	0.0354432192
1.8651200000	0.0351281992
1.8658300000	0.0348152986
1.8665500000	0.0345050981
1.8672600000	0.0341975286
1.8679700000	0.0338918172
1.8686800000	0.0335881093
1.8694000000	0.0332861688
1.8701100000	0.0329856535
1.8708200000	0.0326865251
1.8715400000	0.0323884302
1.8722500000	0.0320912901
1.8729600000	0.0317952810
1.8736700000	0.0314993178
1.8743900000	0.0312058294
1.8751000000	0.0309111676
1.8758100000	0.0306161418
1.8765300000	0.0303210731
1.8772400000	0.0300250673
1.8779500000	0.0297286596
1.8786700000	0.0294310200
1.8793800000	0.0291316947
1.8800900000	0.0288311420
1.8808000000	0.0285286835
1.8815200000	0.0282233696
1.8822300000	0.0279148880
1.8829400000	0.0276039671
1.8836600000	0.0272897613
1.8843700000	0.0269700983
1.8850800000	0.0266468308
1.8858000000	0.0263187783
1.8865100000	0.0259845912
1.8872200000	0.0256442281
1.8879300000	0.0252964928
1.8886500000	0.0249404155
1.8893600000	0.0245746669
1.8900700000	0.0241987228
1.8907900000	0.0238103201
1.8915000000	0.0234057978
1.8922100000	0.0229876551
1.8929200000	0.0225490532
1.8936400000	0.0220907526
1.8943500000	0.0216076854
1.8950600000	0.0210951785
1.8957800000	0.0205484756
1.8964900000	0.0199620673
1.8972000000	0.0193291624
1.8979200000	0.0186408601
1.8986300000	0.0178886649
1.8993400000	0.0170624267
1.9000500000	0.0161472545
1.9007700000	0.0150904704
1.9014800000	0.0139064290
1.9021900000	0.0125808568
1.9029100000	0.0110992282
1.9036200000	0.0094424739
1.9043300000	0.0078388641
1.9050500000	0.0068158748
1.9057600000	0.0054241983
1.9064700000	0.0048614204
1.9071800000	0.0044545724
1.9079000000	0.0035502552
1.9086100000	0.0039097938
1.9093200000	0.0029549095
1.9100400000	0.0016571622
1.9107500000	0.0026942020
1.9114600000	0.0044918740
1.9121700000	0.0018539160
1.9128900000	0.0037971227
1.9136000000	0.0065094898
1.9143100000	0.0101168817
1.9150300000	0.0007048599
1.9157400000	0.0032254007
1.9164500000	0.0079042679
1.9321400000	0.0003258115
1.9328500000	0.0122747507
1.9335600000	0.0265847228
1.9342800000	0.0395209562
1.9349900000	0.0508948518
1.9357000000	0.0606061114
1.9364200000	0.0686680509
1.9371300000	0.0751321893
1.9378400000	0.0801090171
1.9385500000	0.0837411494
1.9392700000	0.0861891028
1.9399800000	0.0876202585
1.9406900000	0.0881963244
1.9414100000	0.0880799590
1.9421200000	0.0873802583
1.9428300000	0.0862479970
1.9435400000	0.0847644060
1.9442600000	0.0830325413
1.9449700000	0.0811296581
1.9456800000	0.0791140886
1.9464000000	0.0770376265
1.9471100000	0.0749424882
1.9478200000	0.0728613856
1.9485400000	0.0708142162
1.9492500000	0.0688240419
1.9499600000	0.0669031350
1.9506700000	0.0650643814
1.9513900000	0.0633114421
1.9521000000	0.0616578438
1.9528100000	0.0600916519
1.9535300000	0.0586219480
1.9542400000	0.0572517105
1.9549500000	0.0559730243
1.9556700000	0.0547903478
1.9563800000	0.0550296994
1.9570900000	0.0539607468
1.9578000000	0.0529815571
1.9585200000	0.0520896326
1.9592300000	0.0512812965
1.9599400000	0.0505527809
1.9606600000	0.0499003445
1.9613700000	0.0493194840
1.9620800000	0.0488078545
1.9627900000	0.0483575742
1.9635100000	0.0479620374
1.9642200000	0.0476165466
1.9649300000	0.0473125483
1.9656500000	0.0470436411
1.9663600000	0.0468029580
1.9670700000	0.0465781016
1.9677900000	0.0463628955
1.9685000000	0.0461451723
1.9692100000	0.0459165119
1.9699200000	0.0456688206
1.9706400000	0.0453928296
1.9713500000	0.0450823705
1.9720600000	0.0447322243
1.9727800000	0.0443399731
1.9734900000	0.0439034906
1.9742000000	0.0434225379
1.9749100000	0.0429013933
1.9756300000	0.0423424406
1.9763400000	0.0417521130
1.9770500000	0.0411367896
1.9777700000	0.0405038490
1.9784800000	0.0398590809
1.9791900000	0.0392100164
1.9799100000	0.0385624418
1.9806200000	0.0379218856
1.9813300000	0.0372932354
1.9820400000	0.0366805105
1.9827600000	0.0360869851
1.9834700000	0.0355157269
1.9841800000	0.0349679768
1.9849000000	0.0344446053
1.9856100000	0.0339467141
1.9863200000	0.0334752851
1.9870400000	0.0330298140
1.9877500000	0.0326095150
1.9884600000	0.0322144907
1.9891700000	0.0318441258
1.9898900000	0.0314978263
1.9906000000	0.0311747937
1.9913100000	0.0308739860
1.9920300000	0.0305947522
1.9927400000	0.0303362287
1.9934500000	0.0300977595
1.9941600000	0.0298784447
1.9948800000	0.0296774809
1.9955900000	0.0294943041
1.9963000000	0.0293275986
1.9970200000	0.0291770336
1.9977300000	0.0290420738
1.9984400000	0.0289222085
1.9991600000	0.0288168641
1.9998700000	0.0287256098
2.0005800000	0.0286554211
2.0012900000	0.0286010069
2.0020100000	0.0285601271
2.0027200000	0.0285324431
2.0034300000	0.0285176356
2.0041500000	0.0285154274
2.0048600000	0.0285257321
2.0055700000	0.0285482091
2.0062900000	0.0285826641
2.0070000000	0.0286290679
2.0077100000	0.0286874498
2.0084200000	0.0287575020
2.0091400000	0.0289532161
2.0098500000	0.0290439138
2.0105600000	0.0291464995
2.0112800000	0.0292611096
2.0119900000	0.0293877413
2.0127000000	0.0295265718
2.0134100000	0.0296777579
2.0141300000	0.0298414984
2.0148400000	0.0300179580
2.0155500000	0.0302074392
2.0162700000	0.0304101995
2.0169800000	0.0306265757
2.0176900000	0.0308568692
2.0184100000	0.0311015214
2.0191200000	0.0313609628
2.0198300000	0.0316357818
2.0205400000	0.0319263373
2.0212600000	0.0322333459
2.0219700000	0.0325574306
2.0226800000	0.0328996887
2.0234000000	0.0332600863
2.0241100000	0.0336398444
2.0248200000	0.0340399024
2.0255400000	0.0344612540
2.0262500000	0.0349049041
2.0269600000	0.0353719813
2.0276700000	0.0358636301
2.0283900000	0.0363811324
2.0291000000	0.0369257122
2.0298100000	0.0374986858
2.0305300000	0.0381014275
2.0312400000	0.0387352707
2.0319500000	0.0394016565
2.0326600000	0.0401020802
2.0333800000	0.0408380509
2.0340900000	0.0416112473
2.0348000000	0.0424229645
2.0355200000	0.0432750284
2.0362300000	0.0441692206
2.0369400000	0.0451074792
2.0376600000	0.0460917422
2.0383700000	0.0471244225
2.0390800000	0.0482079006
2.0397900000	0.0493446455
2.0405100000	0.0505374267
2.0412200000	0.0517894244
2.0419300000	0.0531036197
2.0426500000	0.0544831895
2.0433600000	0.0559317432
2.0440700000	0.0574529310
2.0447800000	0.0590503821
2.0455000000	0.0607281677
2.0462100000	0.0624900233
2.0469200000	0.0643398761
2.0476400000	0.0662818508
2.0483500000	0.0683200177
2.0490600000	0.0704580684
2.0497800000	0.0726999941
2.0504900000	0.0750485944
2.0512000000	0.0775078260
2.0519100000	0.0800792868
2.0526300000	0.0827661362
2.0533400000	0.0855690239
2.0540500000	0.0884878841
2.0547700000	0.0915219498
2.0554800000	0.0946680895
2.0561900000	0.0979225396
2.0569100000	0.1012783658
2.0576200000	0.1047270628
2.0583300000	0.1082569415
2.0590400000	0.1118531013
2.0597600000	0.1154978801
2.0604700000	0.1191692642
2.0611800000	0.1228422609
2.0619000000	0.1264880519
2.0626100000	0.1300736468
2.0633200000	0.1335625420
2.0640300000	0.1369156865
2.0647500000	0.1400912781
2.0654600000	0.1430481048
2.0661700000	0.1457419959
2.0668900000	0.1481312071
2.0676000000	0.1501763402
2.0683100000	0.1518421675
2.0690300000	0.1530984464
2.0697400000	0.1539231643
2.0704500000	0.1543013678
2.0711600000	0.1542262804
2.0718800000	0.1537014239
2.0725900000	0.1527370984
2.0733000000	0.1513529462
2.0740200000	0.1495765641
2.0747300000	0.1474402441
2.0754400000	0.1449817125
2.0761600000	0.1422427035
2.0768700000	0.1392640926
2.0775800000	0.1360895418
2.0782900000	0.1327607361
2.0790100000	0.1293178070
2.0797200000	0.1257985273
2.0804300000	0.1222359720
2.0811500000	0.1186610747
2.0818600000	0.1151013852
2.0825700000	0.1115782548
2.0832800000	0.1081128352
2.0840000000	0.1047200116
2.0847100000	0.1014124253
2.0854200000	0.0982011533
2.0861400000	0.0950921618
2.0868500000	0.0920916805
2.0875600000	0.0892029595
2.0882800000	0.0864278981
2.0889900000	0.0837677669
2.0897000000	0.0812200519
2.0904100000	0.0787839571
2.0911300000	0.0764569069
2.0918400000	0.0742362877
2.0925500000	0.0721184462
2.0932700000	0.0700992820
2.0939800000	0.0681748809
2.0946900000	0.0663410580
2.0954100000	0.0645945931
2.0961200000	0.0629286895
2.0968300000	0.0613405113
2.0975400000	0.0598251195
2.0982600000	0.0583789760
2.0989700000	0.0569978378
2.0996800000	0.0556770399
2.1004000000	0.0543697577
2.1011100000	0.0530843021
2.1018200000	0.0518534128
2.1025300000	0.0506736798
2.1032500000	0.0495422071
2.1039600000	0.0484559429
2.1046700000	0.0474128527
2.1053900000	0.0464099899
2.1061000000	0.0454456229
2.1068100000	0.0445185486
2.1075300000	0.0436259548
2.1082400000	0.0427676475
2.1089500000	0.0419409592
2.1096600000	0.0411450203
2.1103800000	0.0403788288
2.1110900000	0.0396412169
2.1118000000	0.0389311117
2.1125200000	0.0382474709
2.1132300000	0.0375903907
2.1139400000	0.0369566875
2.1146500000	0.0363460986
2.1153700000	0.0357579085
2.1160800000	0.0351911871
2.1167900000	0.0346446942
2.1175100000	0.0341176790
2.1182200000	0.0336090981
2.1189300000	0.0331184120
2.1196500000	0.0326441032
2.1203600000	0.0321855823
2.1210700000	0.0317422060
2.1217800000	0.0313129891
2.1225000000	0.0308972109
2.1232100000	0.0304811979
2.1239200000	0.0300890127
2.1246400000	0.0297081703
2.1253500000	0.0293385484
2.1260600000	0.0289796714
2.1267800000	0.0286311635
2.1274900000	0.0282929338
2.1282000000	0.0279650062
2.1289100000	0.0276473331
2.1296300000	0.0273401898
2.1303400000	0.0270437454
2.1310500000	0.0267587022
2.1317700000	0.0264861489
2.1324800000	0.0262263663
2.1331900000	0.0259808160
2.1339000000	0.0257504854
2.1346200000	0.0255357563
2.1353300000	0.0253390523
2.1360400000	0.0251610282
2.1367600000	0.0250026975
2.1374700000	0.0248649544
2.1381800000	0.0247481761
2.1389000000	0.0246531619
2.1396100000	0.0245800220
2.1403200000	0.0245280722
2.1410300000	0.0244967403
2.1417500000	0.0244842067
2.1424600000	0.0244894603
2.1431700000	0.0245107415
2.1438900000	0.0245463126
2.1446000000	0.0245928188
2.1453100000	0.0246492047
2.1460300000	0.0247127219
2.1467400000	0.0247808225
2.1474500000	0.0248518702
2.1481600000	0.0249243066
2.1488800000	0.0249968170
2.1495900000	0.0250680005
2.1503000000	0.0251371923
2.1510200000	0.0252037730
2.1517300000	0.0252676047
2.1524400000	0.0253284462
2.1531500000	0.0253865592
2.1538700000	0.0254421162
2.1545800000	0.0254954827
2.1552900000	0.0255471625
2.1560100000	0.0255977318
2.1567200000	0.0256475915
2.1574300000	0.0256973013
2.1581500000	0.0257473163
2.1588600000	0.0257981504
2.1595700000	0.0258501908
2.1602800000	0.0259038353
2.1610000000	0.0259594421
2.1617100000	0.0260172656
2.1624200000	0.0260775713
2.1631400000	0.0261405466
2.1638500000	0.0262063089
2.1645600000	0.0262748671
2.1652800000	0.0263462904
2.1659900000	0.0264205528
2.1667000000	0.0264974347
2.1674100000	0.0265768512
2.1681300000	0.0266586237
2.1688400000	0.0267423507
2.1695500000	0.0268277757
2.1702700000	0.0269145391
2.1709800000	0.0270022603
2.1716900000	0.0270904979
2.1724000000	0.0271788439
2.1731200000	0.0272668818
2.1738300000	0.0273541459
2.1745400000	0.0274403081
2.1752600000	0.0275249978
2.1759700000	0.0276079309
2.1766800000	0.0276888721
2.1774000000	0.0277675233
2.1781100000	0.0278441710
2.1788200000	0.0279186502
2.1795300000	0.0279910151
2.1802500000	0.0280615043
2.1809600000	0.0281303358
2.1816700000	0.0281978322
2.1823900000	0.0282643327
2.1831000000	0.0283302248
2.1838100000	0.0283884080
2.1845200000	0.0284540742
2.1852400000	0.0285203902
2.1859500000	0.0285877932
2.1866600000	0.0286566938
2.1873800000	0.0287274852
2.1880900000	0.0288005234
2.1888000000	0.0288761722
2.1895200000	0.0289547454
2.1902300000	0.0290365254
2.1909400000	0.0291218226
2.1916500000	0.0292108559
2.1923700000	0.0293038689
2.1930800000	0.0294010845
2.1937900000	0.0295026650
2.1945100000	0.0296088135
2.1952200000	0.0297196537
2.1959300000	0.0298353313
2.1966500000	0.0299559458
2.1973600000	0.0300816504
2.1980700000	0.0302125083
2.1987800000	0.0303486264
2.1995000000	0.0304900443
2.2002100000	0.0306576146
2.2009200000	0.0308812121
2.2016400000	0.0311116701
2.2023500000	0.0313490675
2.2030600000	0.0315934288
2.2037700000	0.0318448119
2.2044900000	0.0321032994
2.2052000000	0.0323689864
2.2059100000	0.0326419012
2.2066300000	0.0329221043
2.2073400000	0.0332097026
2.2080500000	0.0335047857
2.2087700000	0.0338073983
2.2094800000	0.0341176859
2.2101900000	0.0344357161
2.2109000000	0.0347615119
2.2116200000	0.0350953420
2.2123300000	0.0354372645
2.2130400000	0.0357873832
2.2137600000	0.0361458418
2.2144700000	0.0365127801
2.2151800000	0.0368883413
2.2159000000	0.0372726914
2.2166100000	0.0376659080
2.2173200000	0.0380682627
2.2180300000	0.0384799547
2.2187500000	0.0389011164
2.2194600000	0.0393319380
2.2201700000	0.0397726042
2.2208900000	0.0402234184
2.2216000000	0.0406845438
2.2223100000	0.0411562072
2.2230200000	0.0416386621
2.2237400000	0.0421321602
2.2244500000	0.0426369532
2.2251600000	0.0431533006
2.2258800000	0.0436814855
2.2265900000	0.0442218347
2.2273000000	0.0447746309
2.2280200000	0.0453401933
2.2287300000	0.0459187894
2.2294400000	0.0465108685
2.2301500000	0.0471166739
2.2308700000	0.0477365982
2.2315800000	0.0483711270
2.2322900000	0.0490205390
2.2330100000	0.0496852930
2.2337200000	0.0503657820
2.2344300000	0.0510624555
2.2351500000	0.0517757474
2.2358600000	0.0525062191
2.2365700000	0.0532542428
2.2372800000	0.0540203833
2.2380000000	0.0548051698
2.2387100000	0.0556091413
2.2394200000	0.0564328316
2.2401400000	0.0572769157
2.2408500000	0.0581419699
2.2415600000	0.0590285476
2.2422700000	0.0599372380
2.2429900000	0.0608689226
2.2437000000	0.0618243788
2.2444100000	0.0628040408
2.2451300000	0.0638086690
2.2458400000	0.0648394264
2.2465500000	0.0658969211
2.2472700000	0.0669234546
2.2479800000	0.0680359116
2.2486900000	0.0691777458
2.2494000000	0.0703499432
2.2501200000	0.0715534960
2.2508300000	0.0727893761
2.2515400000	0.0740587200
2.2522600000	0.0753626198
2.2529700000	0.0767024272
2.2536800000	0.0780791303
2.2543900000	0.0794939603
2.2551100000	0.0809484285
2.2558200000	0.0824436664
2.2565300000	0.0839813526
2.2572500000	0.0855629608
2.2579600000	0.0871897705
2.2586700000	0.0888636382
2.2593900000	0.0905861674
2.2601000000	0.0923588267
2.2608100000	0.0941838043
2.2615200000	0.0960628086
2.2622400000	0.0979978782
2.2629500000	0.0999909084
2.2636600000	0.1020442938
2.2643800000	0.1041599616
2.2650900000	0.1063403071
2.2658000000	0.1085876718
2.2665200000	0.1109046955
2.2672300000	0.1132937527
2.2679400000	0.1157574402
2.2686500000	0.1182990101
2.2693700000	0.1209211154
2.2700800000	0.1236265432
2.2707900000	0.1264190921
2.2715100000	0.1293016275
2.2722200000	0.1322775988
2.2729300000	0.1353503780
2.2736400000	0.1385239212
2.2743600000	0.1418019164
2.2750700000	0.1451882543
2.2757800000	0.1486869896
2.2765000000	0.1523023669
2.2772100000	0.1560387944
2.2779200000	0.1599006325
2.2786400000	0.1638926755
2.2793500000	0.1680197213
2.2800600000	0.1722863339
2.2807700000	0.1766978770
2.2814900000	0.1812589357
2.2822000000	0.1859756044
2.2829100000	0.1908534561
2.2836300000	0.1958974714
2.2843400000	0.2011131169
2.2850500000	0.2065062378
2.2857700000	0.2120820868
2.2864800000	0.2178469488
2.2871900000	0.2238061091
2.2879000000	0.2299648523
2.2886200000	0.2363290840
2.2893300000	0.2429036104
2.2900400000	0.2496937762
2.2907600000	0.2567041789
2.2914700000	0.2639392873
2.2921800000	0.2714030387
2.2928900000	0.2790986652
2.2936100000	0.2870287784
2.2943200000	0.2951953922
2.2950300000	0.3035998779
2.2957500000	0.3122416553
2.2964600000	0.3211197069
2.2971700000	0.3302316133
2.2978900000	0.3395730248
2.2986000000	0.3491376720
2.2993100000	0.3589181058
2.3000200000	0.3689234929
2.3007400000	0.3796940886
2.3014500000	0.3906777232
2.3021600000	0.4018544394
2.3028800000	0.4132010745
2.3035900000	0.4246897908
2.3043000000	0.4362891784
2.3050200000	0.4479624965
2.3057300000	0.4596689112
2.3064400000	0.4713624803
2.3071500000	0.4829925360
2.3078700000	0.4945038795
2.3085800000	0.5058364252
2.3092900000	0.5169259847
2.3100100000	0.5277045221
2.3107200000	0.5381015263
2.3114300000	0.5480453559
2.3121400000	0.5574583114
2.3128600000	0.5662688851
2.3135700000	0.5748202679
2.3142800000	0.5822692730
2.3150000000	0.5889043061
2.3157100000	0.5946616369
2.3164200000	0.5994872603
2.3171400000	0.6033330972
2.3178500000	0.6061637228
2.3185600000	0.6079433209
2.3192700000	0.6086570039
2.3199900000	0.6082982530
2.3207000000	0.6068733428
2.3214100000	0.6043961377
2.3221300000	0.6008967294
2.3228400000	0.5964092948
2.3235500000	0.5909809651
2.3242600000	0.5846666946
2.3249800000	0.5775270786
2.3256900000	0.5696305013
2.3264000000	0.5610492547
2.3271200000	0.5518503461
2.3278300000	0.5421129636
2.3285400000	0.5319109966
2.3292600000	0.5213168711
2.3299700000	0.5104017393
2.3306800000	0.4992347379
2.3313900000	0.4878792576
2.3321100000	0.4763963509
2.3328200000	0.4648418264
2.3335300000	0.4532666622
2.3342500000	0.4417173609
2.3349600000	0.4302379435
2.3356700000	0.4188608190
2.3363900000	0.4076196080
2.3371000000	0.3965442025
2.3378100000	0.3856555708
2.3385200000	0.3749753499
2.3392400000	0.3645204229
2.3399500000	0.3543032952
2.3406600000	0.3443342625
2.3413800000	0.3346214647
2.3420900000	0.3251707866
2.3428000000	0.3159847965
2.3435100000	0.3070656978
2.3442300000	0.2984130143
2.3449400000	0.2900255346
2.3456500000	0.2819007673
2.3463700000	0.2740352236
2.3470800000	0.2664242303
2.3477900000	0.2590627654
2.3485100000	0.2519456415
2.3492200000	0.2450664768
2.3499300000	0.2384181759
2.3506400000	0.2319947132
2.3513600000	0.2257890162
2.3520700000	0.2197940250
2.3527800000	0.2140032667
2.3535000000	0.2084086347
2.3542100000	0.2030037118
2.3549200000	0.1977815444
2.3556400000	0.1927356561
2.3563500000	0.1878586805
2.3570600000	0.1831445154
2.3577700000	0.1785867544
2.3584900000	0.1741792340
2.3592000000	0.1699162035
2.3599100000	0.1657917868
2.3606300000	0.1618007183
2.3613400000	0.1579377295
2.3620500000	0.1541977642
2.3627600000	0.1505759658
2.3634800000	0.1470678522
2.3641900000	0.1436691574
2.3649000000	0.1403755485
2.3656200000	0.1371831018
2.3663300000	0.1340882047
2.3670400000	0.1310872061
2.3677600000	0.1281767153
2.3684700000	0.1253533994
2.3691800000	0.1226143608
2.3698900000	0.1199565149
2.3706100000	0.1173770048
2.3713200000	0.1148732173
2.3720300000	0.1124424378
2.3727500000	0.1100823198
2.3734600000	0.1077904207
2.3741700000	0.1055644314
2.3748800000	0.1034020629
2.3756000000	0.1013013570
2.3763100000	0.0992600533
2.3770200000	0.0972764386
2.3777400000	0.0953484111
2.3784500000	0.0934742731
2.3791600000	0.0916520715
2.3798800000	0.0898799999
2.3805900000	0.0881566568
2.3813000000	0.0864803954
2.3820100000	0.0848196859
2.3827300000	0.0832281846
2.3834400000	0.0816793019
2.3841500000	0.0801715865
2.3848700000	0.0787036181
2.3855800000	0.0772741765
2.3862900000	0.0758817886
2.3870100000	0.0745253750
2.3877200000	0.0732037117
2.3884300000	0.0719157569
2.3891400000	0.0706601902
2.3898600000	0.0694358543
2.3905700000	0.0682420276
2.3912800000	0.0670775463
2.3920000000	0.0659411007
2.3927100000	0.0648322243
2.3934200000	0.0637500341
2.3941300000	0.0626933449
2.3948500000	0.0616606686
2.3955600000	0.0606526834
2.3962700000	0.0596675709
2.3969900000	0.0587051265
2.3977000000	0.0577641918
2.3984100000	0.0568442148
2.3991300000	0.0559444781
2.3998400000	0.0550642432
2.4005500000	0.0541645767
2.4012600000	0.0532736931
2.4019800000	0.0524025334
2.4026900000	0.0515502004
2.4034000000	0.0507161112
2.4041200000	0.0498994680
2.4048300000	0.0490992912
2.4055400000	0.0483158277
2.4062600000	0.0475479758
2.4069700000	0.0467951314
2.4076800000	0.0460563032
2.4083900000	0.0453316013
2.4091100000	0.0446200638
2.4098200000	0.0439214452
2.4105300000	0.0432350185
2.4112500000	0.0425602553
2.4119600000	0.0418966707
2.4126700000	0.0412437562
2.4133800000	0.0406010253
2.4141000000	0.0399680102
2.4148100000	0.0393441038
2.4155200000	0.0387291861
2.4162400000	0.0381226638
2.4169500000	0.0375241363
2.4176600000	0.0369332084
2.4183800000	0.0363491055
2.4190900000	0.0357717430
2.4198000000	0.0352013868
2.4205100000	0.0346370691
2.4212300000	0.0340784480
2.4219400000	0.0335256703
2.4226500000	0.0329783626
2.4233700000	0.0324354424
2.4240800000	0.0318982046
2.4247900000	0.0313657597
2.4255100000	0.0308379489
2.4262200000	0.0303144487
2.4269300000	0.0297958360
2.4276400000	0.0292817075
2.4283600000	0.0287722095
2.4290700000	0.0282674089
2.4297800000	0.0277674261
2.4305000000	0.0272725465
2.4312100000	0.0267830261
2.4319200000	0.0262990114
2.4326300000	0.0258206617
2.4333500000	0.0253490936
2.4340600000	0.0248832949
2.4347700000	0.0244264560
2.4354900000	0.0239789044
2.4362000000	0.0235409642
2.4369100000	0.0231133212
2.4376300000	0.0226965341
2.4383400000	0.0222925021
2.4390500000	0.0219019457
2.4397600000	0.0215260256
2.4404800000	0.0211660301
2.4411900000	0.0208232598
2.4419000000	0.0204990585
2.4426200000	0.0201948200
2.4433300000	0.0199119444
2.4440400000	0.0196514649
2.4447500000	0.0194154594
2.4454700000	0.0192049174
2.4461800000	0.0190210939
2.4468900000	0.0188644683
2.4476100000	0.0187366193
2.4483200000	0.0186393315
2.4490300000	0.0185729346
2.4497500000	0.0185377729
2.4504600000	0.0185325749
2.4511700000	0.0185607097
2.4518800000	0.0186204510
2.4526000000	0.0187113868
2.4533100000	0.0183321185
2.4540200000	0.0184996574
2.4547400000	0.0186968804
2.4554500000	0.0189219164
2.4561600000	0.0191735923
2.4568800000	0.0194495531
2.4575900000	0.0197475327
2.4583000000	0.0200650892
2.4590100000	0.0203996626
2.4597300000	0.0207485805
2.4604400000	0.0211090954
2.4611500000	0.0214779005
2.4618700000	0.0218533553
2.4625800000	0.0222319254
2.4632900000	0.0226116352
2.4640000000	0.0229901155
2.4647200000	0.0233648051
2.4654300000	0.0237336664
2.4661400000	0.0240948552
2.4668600000	0.0244467075
2.4675700000	0.0247874992
2.4682800000	0.0251168208
2.4690000000	0.0254332973
2.4697100000	0.0257362557
2.4704200000	0.0260252306
2.4711300000	0.0262998924
2.4718500000	0.0265602000
2.4725600000	0.0268062040
2.4732700000	0.0270382057
2.4739900000	0.0272565511
2.4747000000	0.0274617785
2.4754100000	0.0276548533
2.4761300000	0.0278357211
2.4768400000	0.0280054895
2.4775500000	0.0281649216
2.4782600000	0.0283149071
2.4789800000	0.0284564085
2.4796900000	0.0285900916
2.4804000000	0.0287170001
2.4811200000	0.0288378890
2.4818300000	0.0289536872
2.4825400000	0.0290652096
2.4832500000	0.0291732843
2.4839700000	0.0292786937
2.4846800000	0.0293821730
2.4853900000	0.0294844302
2.4861100000	0.0295861932
2.4868200000	0.0296879906
2.4875300000	0.0297904609
2.4882500000	0.0298941549
2.4889600000	0.0299995752
2.4896700000	0.0301071739
2.4903800000	0.0302174303
2.4911000000	0.0303307457
2.4918100000	0.0304472709
2.4925200000	0.0305675651
2.4932400000	0.0306915869
2.4939500000	0.0308197926
2.4946600000	0.0309521722
2.4953800000	0.0310889551
2.4960900000	0.0312304100
2.4968000000	0.0313762153
2.4975100000	0.0315265852
2.4982300000	0.0316814567
2.4989400000	0.0318408242
2.4996500000	0.0320044757
2.5003700000	0.0321820719
2.5010800000	0.0323731463
2.5017900000	0.0325681821
2.5025000000	0.0327667848
2.5032200000	0.0329685076
2.5039300000	0.0331728026
2.5046400000	0.0333790978
2.5053600000	0.0335867700
2.5060700000	0.0337952394
2.5067800000	0.0340036265
2.5075000000	0.0342110750
2.5082100000	0.0344169523
2.5089200000	0.0346200927
2.5096300000	0.0348196732
2.5103500000	0.0350147281
2.5110600000	0.0352043146
2.5117700000	0.0353872702
2.5124900000	0.0355626185
2.5132000000	0.0357292874
2.5139100000	0.0358862147
2.5146200000	0.0360323697
2.5153400000	0.0361667364
2.5160500000	0.0362883493
2.5167600000	0.0363962011
2.5174800000	0.0364896839
2.5181900000	0.0365674968
2.5189000000	0.0366290843
2.5196200000	0.0366738430
2.5203300000	0.0367011888
2.5210400000	0.0367109237
2.5217500000	0.0367021791
2.5224700000	0.0366749712
2.5231800000	0.0366291796
2.5238900000	0.0365648766
2.5246100000	0.0364822081
2.5253200000	0.0363810686
2.5260300000	0.0362620241
2.5267500000	0.0361569588
2.5274600000	0.0360026661
2.5281700000	0.0358321283
2.5288800000	0.0356459567
2.5296000000	0.0354449734
2.5303100000	0.0352300375
2.5310200000	0.0350020537
2.5317400000	0.0347619284
2.5324500000	0.0345106882
2.5331600000	0.0342492333
2.5338700000	0.0339785996
2.5345900000	0.0336997677
2.5353000000	0.0334138813
2.5360100000	0.0331216017
2.5367300000	0.0328243236
2.5374400000	0.0325223631
2.5381500000	0.0322169192
2.5388700000	0.0319088134
2.5395800000	0.0315988453
2.5402900000	0.0312877696
2.5410000000	0.0309763813
2.5417200000	0.0306653871
2.5424300000	0.0303550815
2.5431400000	0.0300462669
2.5438600000	0.0297394335
2.5445700000	0.0294350750
2.5452800000	0.0291336981
2.5460000000	0.0288356089
2.5467100000	0.0285411798
2.5474200000	0.0282507681
2.5481300000	0.0279646563
2.5488500000	0.0276830978
2.5495600000	0.0274063398
2.5502700000	0.0271345712
2.5509900000	0.0268681080
2.5517000000	0.0266068121
2.5524100000	0.0263509601
2.5531200000	0.0261006544
2.5538400000	0.0258560847
2.5545500000	0.0256171811
2.5552600000	0.0253840146
2.5559800000	0.0251566570
2.5566900000	0.0249351437
2.5574000000	0.0247194831
2.5581200000	0.0245096763
2.5588300000	0.0243057366
2.5595400000	0.0241076365
2.5602500000	0.0239152904
2.5609700000	0.0237287129
2.5616800000	0.0235478352
2.5623900000	0.0233725882
2.5631100000	0.0232029117
2.5638200000	0.0230387322
2.5645300000	0.0228799679
2.5652500000	0.0227265262
2.5659600000	0.0225782801
2.5666700000	0.0224351343
2.5673800000	0.0222969825
2.5681000000	0.0221636953
2.5688100000	0.0220351619
2.5695200000	0.0219112190
2.5702400000	0.0217917694
2.5709500000	0.0216766264
2.5716600000	0.0215657127
2.5723700000	0.0214588406
2.5730900000	0.0213558950
2.5738000000	0.0212567221
2.5745100000	0.0211611833
2.5752300000	0.0210691401
2.5759400000	0.0209804557
2.5766500000	0.0208950155
2.5773700000	0.0208126675
2.5780800000	0.0207333121
2.5787900000	0.0206568316
2.5795000000	0.0205831059
2.5802200000	0.0205120457
2.5809300000	0.0204435595
2.5816400000	0.0203775350
2.5823600000	0.0203139165
2.5830700000	0.0202526561
2.5837800000	0.0201936489
2.5844900000	0.0201368644
2.5852100000	0.0200822538
2.5859200000	0.0200297691
2.5866300000	0.0199793701
2.5873500000	0.0199310318
2.5880600000	0.0198847236
2.5887700000	0.0198404366
2.5894900000	0.0197981496
2.5902000000	0.0197578532
2.5909100000	0.0197195376
2.5916200000	0.0196832087
2.5923400000	0.0196488603
2.5930500000	0.0196164942
2.5937600000	0.0195861161
2.5944800000	0.0195577323
2.5951900000	0.0195313388
2.5959000000	0.0195069526
2.5966200000	0.0194845897
2.5973300000	0.0194642385
2.5980400000	0.0194459136
2.5987500000	0.0194296460
2.5994700000	0.0194154362
2.6001800000	0.0194096929
2.6008900000	0.0194252978
2.6016100000	0.0194434005
2.6023200000	0.0194640367
2.6030300000	0.0194872023
2.6037400000	0.0195129024
2.6044600000	0.0195413073
2.6051700000	0.0195720965
2.6058800000	0.0196054552
2.6066000000	0.0196413815
2.6073100000	0.0196798812
2.6080200000	0.0197209585
2.6087400000	0.0197646188
2.6094500000	0.0198108612
2.6101600000	0.0198597173
2.6108700000	0.0199111710
2.6115900000	0.0199652199
2.6123000000	0.0200218829
2.6130100000	0.0200811761
2.6137300000	0.0201430916
2.6144400000	0.0202076344
2.6151500000	0.0202748196
2.6158700000	0.0203446686
2.6165800000	0.0204171622
2.6172900000	0.0204923258
2.6180000000	0.0205701699
2.6187200000	0.0206507078
2.6194300000	0.0207339517
2.6201400000	0.0208199167
2.6208600000	0.0209086068
2.6215700000	0.0210000483
2.6222800000	0.0210942552
2.6229900000	0.0211912525
2.6237100000	0.0212910492
2.6244200000	0.0213936732
2.6251300000	0.0214991457
2.6258500000	0.0216074787
2.6265600000	0.0217187200
2.6272700000	0.0218328739
2.6279900000	0.0219499679
2.6287000000	0.0220700317
2.6294100000	0.0221931174
2.6301200000	0.0223192355
2.6308400000	0.0224484111
2.6315500000	0.0225806906
2.6322600000	0.0227161187
2.6329800000	0.0228547146
2.6336900000	0.0229965209
2.6344000000	0.0231415709
2.6351200000	0.0232899098
2.6358300000	0.0234415817
2.6365400000	0.0235966297
2.6372500000	0.0237550846
2.6379700000	0.0239170135
2.6386800000	0.0240824431
2.6393900000	0.0242514302
2.6401100000	0.0244240194
2.6408200000	0.0246002622
2.6415300000	0.0247802056
2.6422400000	0.0249639284
2.6429600000	0.0251514364
2.6436700000	0.0253428187
2.6443800000	0.0255381295
2.6451000000	0.0257374108
2.6458100000	0.0259407321
2.6465200000	0.0261481577
2.6472400000	0.0263597433
2.6479500000	0.0265755463
2.6486600000	0.0267956417
2.6493700000	0.0270200895
2.6500900000	0.0272489437
2.6508000000	0.0274822754
2.6515100000	0.0277201624
2.6522300000	0.0279626698
2.6529400000	0.0282098633
2.6536500000	0.0284618259
2.6543600000	0.0287186220
2.6550800000	0.0289803252
2.6557900000	0.0292470147
2.6565000000	0.0295187671
2.6572200000	0.0297956517
2.6579300000	0.0300777566
2.6586400000	0.0303651544
2.6593600000	0.0306579219
2.6600700000	0.0309561513
2.6607800000	0.0312599316
2.6614900000	0.0315693140
2.6622100000	0.0318844171
2.6629200000	0.0322053062
2.6636300000	0.0325320679
2.6643500000	0.0328647888
2.6650600000	0.0332035613
2.6657700000	0.0335484665
2.6664900000	0.0338995766
2.6672000000	0.0342569983
2.6679100000	0.0346208160
2.6686200000	0.0349911057
2.6693400000	0.0353679589
2.6700500000	0.0357514564
2.6707600000	0.0361416997
2.6714800000	0.0365387544
2.6721900000	0.0369427069
2.6729000000	0.0373536445
2.6736100000	0.0377716499
2.6743300000	0.0381967990
2.6750400000	0.0386291779
2.6757500000	0.0390688500
2.6764700000	0.0395158958
2.6771800000	0.0399703846
2.6778900000	0.0404323809
2.6786100000	0.0409019666
2.6793200000	0.0413791763
2.6800300000	0.0418640974
2.6807400000	0.0423567746
2.6814600000	0.0428572450
2.6821700000	0.0433612066
2.6828800000	0.0438775557
2.6836000000	0.0444018396
2.6843100000	0.0449340799
2.6850200000	0.0454743115
2.6857400000	0.0460225342
2.6864500000	0.0465787578
2.6871600000	0.0471429905
2.6878700000	0.0477152218
2.6885900000	0.0482953970
2.6893000000	0.0488835250
2.6900100000	0.0494795596
2.6907300000	0.0500834027
2.6914400000	0.0506951000
2.6921500000	0.0513144401
2.6928600000	0.0519414200
2.6935800000	0.0525759134
2.6942900000	0.0532177485
2.6950000000	0.0538669655
2.6957200000	0.0545231551
2.6964300000	0.0551862826
2.6971400000	0.0558561326
2.6978600000	0.0565324719
2.6985700000	0.0572151257
2.6992800000	0.0579037747
2.6999900000	0.0585982088
2.7007100000	0.0593853256
2.7014200000	0.0601807760
2.7021300000	0.0609835597
2.7028500000	0.0617930591
2.7035600000	0.0626089321
2.7042700000	0.0634305450
2.7049800000	0.0642572412
2.7057000000	0.0650884335
2.7064100000	0.0659235623
2.7071200000	0.0667617287
2.7078400000	0.0676023163
2.7085500000	0.0684442697
2.7092600000	0.0692869165
2.7099800000	0.0701292795
2.7106900000	0.0709703592
2.7114000000	0.0718090657
2.7121100000	0.0726444046
2.7128300000	0.0734752129
2.7135400000	0.0743003428
2.7142500000	0.0751186109
2.7149700000	0.0759286289
2.7156800000	0.0767291897
2.7163900000	0.0775188959
2.7171100000	0.0782965150
2.7178200000	0.0790604612
2.7185300000	0.0798094780
2.7192400000	0.0805419250
2.7199600000	0.0812565170
2.7206700000	0.0819516351
2.7213800000	0.0826259562
2.7221000000	0.0832779328
2.7228100000	0.0839061408
2.7235200000	0.0845088811
2.7242300000	0.0850851484
2.7249500000	0.0856331227
2.7256600000	0.0861517372
2.7263700000	0.0866395503
2.7270900000	0.0870953531
2.7278000000	0.0875179500
2.7285100000	0.0879063185
2.7292300000	0.0882591651
2.7299400000	0.0885757083
2.7306500000	0.0888549888
2.7313600000	0.0890963112
2.7320800000	0.0892989961
2.7327900000	0.0894624153
2.7335000000	0.0895861400
2.7342200000	0.0896698522
2.7349300000	0.0897132457
2.7356400000	0.0897162887
2.7363600000	0.0896789919
2.7370700000	0.0896013191
2.7377800000	0.0894837298
2.7384900000	0.0893265327
2.7392100000	0.0891300341
2.7399200000	0.0888949217
2.7406300000	0.0886220492
2.7413500000	0.0883120119
2.7420600000	0.0879654562
2.7427700000	0.0875835568
2.7434800000	0.0871674009
2.7442000000	0.0867180413
2.7449100000	0.0862366816
2.7456200000	0.0857246153
2.7463400000	0.0851831111
2.7470500000	0.0846134832
2.7477600000	0.0840172308
2.7484800000	0.0833957244
2.7491900000	0.0827503050
2.7499000000	0.0820825019
2.7506100000	0.0813938318
2.7513300000	0.0806856732
2.7520400000	0.0799595060
2.7527500000	0.0792168072
2.7534700000	0.0784590896
2.7541800000	0.0776876456
2.7548900000	0.0769039120
2.7556100000	0.0761092642
2.7563200000	0.0753049085
2.7570300000	0.0744923277
2.7577400000	0.0736725819
2.7584600000	0.0728469939
2.7591700000	0.0720168765
2.7598800000	0.0711829509
2.7606000000	0.0703466006
2.7613100000	0.0695087271
2.7620200000	0.0687315216
2.7627300000	0.0678905765
2.7634500000	0.0670508866
2.7641600000	0.0662133435
2.7648700000	0.0653786048
2.7655900000	0.0645475421
2.7663000000	0.0637207227
2.7670100000	0.0628989233
2.7677300000	0.0620826615
2.7684400000	0.0612724833
2.7691500000	0.0604690356
2.7698600000	0.0596726352
2.7705800000	0.0588837662
2.7712900000	0.0581029257
2.7720000000	0.0573303388
2.7727200000	0.0565663499
2.7734300000	0.0558114065
2.7741400000	0.0550656447
2.7748500000	0.0543292378
2.7755700000	0.0536026727
2.7762800000	0.0528858575
2.7769900000	0.0521790796
2.7777100000	0.0514823836
2.7784200000	0.0507960789
2.7791300000	0.0501201039
2.7798500000	0.0494546062
2.7805600000	0.0487996442
2.7812700000	0.0481551568
2.7819800000	0.0475213490
2.7827000000	0.0468981957
2.7834100000	0.0462856145
2.7841200000	0.0456836801
2.7848400000	0.0450923601
2.7855500000	0.0445116208
2.7862600000	0.0439414406
2.7869800000	0.0433817761
2.7876900000	0.0428324623
2.7884000000	0.0422934043
2.7891100000	0.0417649236
2.7898300000	0.0412467319
2.7905400000	0.0407387934
2.7912500000	0.0402408875
2.7919700000	0.0397531495
2.7926800000	0.0392753813
2.7933900000	0.0388075060
2.7941000000	0.0383494351
2.7948200000	0.0379010757
2.7955300000	0.0374623337
2.7962400000	0.0370331187
2.7969600000	0.0366133117
2.7976700000	0.0362028311
2.7983800000	0.0358015709
2.7991000000	0.0354094266
2.7998100000	0.0350262818
2.8005200000	0.0346201267
2.8012300000	0.0342132921
2.8019500000	0.0338176708
2.8026600000	0.0334330740
2.8033700000	0.0330593450
2.8040900000	0.0326962000
2.8048000000	0.0323435591
2.8055100000	0.0320011637
2.8062300000	0.0316689173
2.8069400000	0.0313466057
2.8076500000	0.0310339894
2.8083600000	0.0307308276
2.8090800000	0.0304369510
2.8097900000	0.0301520035
2.8105000000	0.0298760180
2.8112200000	0.0296086566
2.8119300000	0.0293496751
2.8126400000	0.0290988531
2.8133500000	0.0288559496
2.8140700000	0.0286207450
2.8147800000	0.0283929980
2.8154900000	0.0281724603
2.8162100000	0.0279589115
2.8169200000	0.0277520864
2.8176300000	0.0275517600
2.8183500000	0.0273576850
2.8190600000	0.0271696066
2.8197700000	0.0269871787
2.8204800000	0.0268103848
2.8212000000	0.0266389105
2.8219100000	0.0264724158
2.8226200000	0.0263108182
2.8233400000	0.0261538167
2.8240500000	0.0260011843
2.8247600000	0.0258527034
2.8254800000	0.0257081429
2.8261900000	0.0255673122
2.8269000000	0.0254299884
2.8276100000	0.0252959801
2.8283300000	0.0251650943
2.8290400000	0.0250371316
2.8297500000	0.0249119166
2.8304700000	0.0247892758
2.8311800000	0.0246690480
2.8318900000	0.0245510578
2.8326000000	0.0244351539
2.8333200000	0.0243212005
2.8340300000	0.0242090417
2.8347400000	0.0240984926
2.8354600000	0.0239895491
2.8361700000	0.0238819961
2.8368800000	0.0237757919
2.8376000000	0.0236707990
2.8383100000	0.0235669050
2.8390200000	0.0234640279
2.8397300000	0.0233620704
2.8404500000	0.0232609754
2.8411600000	0.0231606511
2.8418700000	0.0230610470
2.8425900000	0.0229427421
2.8433000000	0.0228453106
2.8440100000	0.0227483951
2.8447200000	0.0226519219
2.8454400000	0.0225558888
2.8461500000	0.0224602334
2.8468600000	0.0223649417
2.8475800000	0.0222699842
2.8482900000	0.0221753404
2.8490000000	0.0220810012
2.8497200000	0.0219869522
2.8504300000	0.0218931728
2.8511400000	0.0217996896
2.8518500000	0.0217064653
2.8525700000	0.0216135310
2.8532800000	0.0215208961
2.8539900000	0.0214285353
2.8547100000	0.0213364830
2.8554200000	0.0212447582
2.8561300000	0.0211533590
2.8568500000	0.0210623270
2.8575600000	0.0209716709
2.8582700000	0.0208814164
2.8589800000	0.0207915852
2.8597000000	0.0207021886
2.8604100000	0.0206132633
2.8611200000	0.0205248472
2.8618400000	0.0204369610
2.8625500000	0.0203496327
2.8632600000	0.0202628974
2.8639700000	0.0201767793
2.8646900000	0.0200913116
2.8654000000	0.0200065281
2.8661100000	0.0199224436
2.8668300000	0.0198391172
2.8675400000	0.0197565583
2.8682500000	0.0196748153
2.8689700000	0.0195938918
2.8696800000	0.0195138450
2.8703900000	0.0194346754
2.8711000000	0.0193564273
2.8718200000	0.0192791491
2.8725300000	0.0192028279
2.8732400000	0.0191275123
2.8739600000	0.0190532271
2.8746700000	0.0189800092
2.8753800000	0.0189078506
2.8761000000	0.0188368020
2.8768100000	0.0187668748
2.8775200000	0.0186980867
2.8782300000	0.0186304828
2.8789500000	0.0185640535
2.8796600000	0.0184988274
2.8803700000	0.0184348275
2.8810900000	0.0183720714
2.8818000000	0.0183105697
2.8825100000	0.0182503530
2.8832200000	0.0181914052
2.8839400000	0.0181337680
2.8846500000	0.0180774398
2.8853600000	0.0180224398
2.8860800000	0.0179687745
2.8867900000	0.0179164530
2.8875000000	0.0178654909
2.8882200000	0.0178159087
2.8889300000	0.0177676907
2.8896400000	0.0177208562
2.8903500000	0.0176754144
2.8910700000	0.0176313751
2.8917800000	0.0175887437
2.8924900000	0.0175475242
2.8932100000	0.0175077129
2.8939200000	0.0174693444
2.8946300000	0.0174323855
2.8953500000	0.0173968604
2.8960600000	0.0173627768
2.8967700000	0.0173301366
2.8974800000	0.0172989248
2.8982000000	0.0172691674
2.8989100000	0.0172408642
2.8996200000	0.0172140032
2.9003400000	0.0171918206
2.9010500000	0.0171751207
2.9017600000	0.0171604152
2.9024700000	0.0171477097
2.9031900000	0.0171370166
2.9039000000	0.0171283269
2.9046100000	0.0171216364
2.9053300000	0.0171169497
2.9060400000	0.0171142557
2.9067500000	0.0171135675
2.9074700000	0.0171148636
2.9081800000	0.0171181592
2.9088900000	0.0171234560
2.9096000000	0.0171307396
2.9103200000	0.0171400095
2.9110300000	0.0171512760
2.9117400000	0.0171645283
2.9124600000	0.0171797563
2.9131700000	0.0171969708
2.9138800000	0.0172161771
2.9145900000	0.0172373468
2.9153100000	0.0172604975
2.9160200000	0.0172856149
2.9167300000	0.0173127224
2.9174500000	0.0173417908
2.9181600000	0.0173728287
2.9188700000	0.0174058392
2.9195900000	0.0174408051
2.9203000000	0.0174777401
2.9210100000	0.0175166383
2.9217200000	0.0175574977
2.9224400000	0.0176003047
2.9231500000	0.0176450714
2.9238600000	0.0176917106
2.9245800000	0.0177404233
2.9252900000	0.0177910915
2.9260000000	0.0178437030
2.9267200000	0.0178982678
2.9274300000	0.0179547618
2.9281400000	0.0180132074
2.9288500000	0.0180735884
2.9295700000	0.0181359148
2.9302800000	0.0182001616
2.9309900000	0.0182663423
2.9317100000	0.0183344464
2.9324200000	0.0184044802
2.9331300000	0.0184764207
2.9338400000	0.0185502796
2.9345600000	0.0186260444
2.9352700000	0.0187037084
2.9359800000	0.0187832844
2.9367000000	0.0188647291
2.9374100000	0.0189480609
2.9381200000	0.0190332747
2.9388400000	0.0191203559
2.9395500000	0.0192092891
2.9402600000	0.0193000763
2.9409700000	0.0193926972
2.9416900000	0.0194871417
2.9424000000	0.0195833980
2.9431100000	0.0196814639
2.9438300000	0.0197813063
2.9445400000	0.0198829211
2.9452500000	0.0199862828
2.9459700000	0.0200913779
2.9466800000	0.0201981933
2.9473900000	0.0203066937
2.9481000000	0.0204168713
2.9488200000	0.0205286918
2.9495300000	0.0206421297
2.9502400000	0.0207571653
2.9509600000	0.0208737646
2.9516700000	0.0209918922
2.9523800000	0.0211115234
2.9530900000	0.0212326178
2.9538100000	0.0213551378
2.9545200000	0.0214790522
2.9552300000	0.0216043023
2.9559500000	0.0217308612
2.9566600000	0.0218586797
2.9573700000	0.0219876984
2.9580900000	0.0221178780
2.9588000000	0.0222491573
2.9595100000	0.0223814825
2.9602200000	0.0225147998
2.9609400000	0.0226490387
2.9616500000	0.0227841406
2.9623600000	0.0229200430
2.9630800000	0.0230566595
2.9637900000	0.0231939219
2.9645000000	0.0233317739
2.9652200000	0.0234700989
2.9659300000	0.0236088456
2.9666400000	0.0237479179
2.9673500000	0.0238872240
2.9680700000	0.0240266772
2.9687800000	0.0241661765
2.9694900000	0.0243056344
2.9702100000	0.0244449504
2.9709200000	0.0245840140
2.9716300000	0.0247227237
2.9723400000	0.0248609612
2.9730600000	0.0249986351
2.9737700000	0.0251356099
2.9744800000	0.0252717817
2.9752000000	0.0254070243
2.9759100000	0.0255412292
2.9766200000	0.0256742601
2.9773400000	0.0258059891
2.9780500000	0.0259363288
2.9787600000	0.0260650962
2.9794700000	0.0261921767
2.9801900000	0.0263174604
2.9809000000	0.0264407916
2.9816100000	0.0265620628
2.9823300000	0.0266811106
2.9830400000	0.0267978248
2.9837500000	0.0269120625
2.9844600000	0.0270237056
2.9851800000	0.0271326037
2.9858900000	0.0272386237
2.9866000000	0.0273416615
2.9873200000	0.0274415567
2.9880300000	0.0275382147
2.9887400000	0.0276314866
2.9894600000	0.0277212702
2.9901700000	0.0278074310
2.9908800000	0.0278898731
2.9915900000	0.0279684697
2.9923100000	0.0280431150
2.9930200000	0.0281137123
2.9937300000	0.0281801611
2.9944500000	0.0282423621
2.9951600000	0.0283002358
2.9958700000	0.0283536858
2.9965900000	0.0284026519
2.9973000000	0.0284470534
2.9980100000	0.0284868204
2.9987200000	0.0285218964
2.9994400000	0.0285522210
3.0001500000	0.0285772049
3.0008600000	0.0285932955
3.0015800000	0.0286013559
3.0022900000	0.0286014244
3.0030000000	0.0285935839
3.0037100000	0.0285778817
3.0044300000	0.0285544129
3.0051400000	0.0285232922
3.0058500000	0.0284968765
3.0065700000	0.0284506355
3.0072800000	0.0283971496
3.0079900000	0.0283365730
3.0087100000	0.0282690826
3.0094200000	0.0281948873
3.0101300000	0.0281141865
3.0108400000	0.0280272028
3.0115600000	0.0279341520
3.0122700000	0.0278352752
3.0129800000	0.0277308118
3.0137000000	0.0276210030
3.0144100000	0.0275060985
3.0151200000	0.0273863597
3.0158400000	0.0272620309
3.0165500000	0.0271333905
3.0172600000	0.0270006858
3.0179700000	0.0268641677
3.0186900000	0.0267241234
3.0194000000	0.0265807801
3.0201100000	0.0264344017
3.0208300000	0.0262852439
3.0215400000	0.0261335581
3.0222500000	0.0259795727
3.0229600000	0.0258235183
3.0236800000	0.0256656456
3.0243900000	0.0255061737
3.0251000000	0.0253453156
3.0258200000	0.0251832939
3.0265300000	0.0250203082
3.0272400000	0.0248565394
3.0279600000	0.0246921993
3.0286700000	0.0245274597
3.0293800000	0.0243624928
3.0300900000	0.0241974682
3.0308100000	0.0240325398
3.0315200000	0.0238678539
3.0322300000	0.0237035588
3.0329500000	0.0235397811
3.0336600000	0.0233766652
3.0343700000	0.0232142999
3.0350900000	0.0230528051
3.0358000000	0.0228922990
3.0365100000	0.0227328538
3.0372200000	0.0225745812
3.0379400000	0.0224175535
3.0386500000	0.0222618375
3.0393600000	0.0221075087
3.0400800000	0.0219546290
3.0407900000	0.0218032482
3.0415000000	0.0216534271
3.0422100000	0.0215052080
3.0429300000	0.0213586297
3.0436400000	0.0212137399
3.0443500000	0.0210705487
3.0450700000	0.0209290917
3.0457800000	0.0207893956
3.0464900000	0.0206514884
3.0472100000	0.0205153584
3.0479200000	0.0203810515
3.0486300000	0.0202485328
3.0493400000	0.0201178522
3.0500600000	0.0199889824
3.0507700000	0.0198619487
3.0514800000	0.0197367317
3.0522000000	0.0196133340
3.0529100000	0.0194917491
3.0536200000	0.0193719628
3.0543300000	0.0192539828
3.0550500000	0.0191377940
3.0557600000	0.0190233785
3.0564700000	0.0189107327
3.0571900000	0.0187998247
3.0579000000	0.0186906679
3.0586100000	0.0185832354
3.0593300000	0.0184775123
3.0600400000	0.0183734818
3.0607500000	0.0182711353
3.0614600000	0.0181704440
3.0621800000	0.0180714004
3.0628900000	0.0179740032
3.0636000000	0.0178782059
3.0643200000	0.0177840104
3.0650300000	0.0176913940
3.0657400000	0.0176003512
3.0664600000	0.0175108556
3.0671700000	0.0174228952
3.0678800000	0.0173364462
3.0685900000	0.0172515157
3.0693100000	0.0171680559
3.0700200000	0.0170860854
3.0707300000	0.0170055482
3.0714500000	0.0169264684
3.0721600000	0.0168488150
3.0728700000	0.0167725827
3.0735800000	0.0166977502
3.0743000000	0.0166243063
3.0750100000	0.0165522450
3.0757200000	0.0164815306
3.0764400000	0.0164121791
3.0771500000	0.0163441576
3.0778600000	0.0162774688
3.0785800000	0.0162120935
3.0792900000	0.0161480082
3.0800000000	0.0160852206
3.0807100000	0.0160237130
3.0814300000	0.0159634733
3.0821400000	0.0159044892
3.0828500000	0.0158432180
3.0835700000	0.0157867994
3.0842800000	0.0157315985
3.0849900000	0.0156776139
3.0857100000	0.0156248366
3.0864200000	0.0155732518
3.0871300000	0.0155228524
3.0878400000	0.0154736196
3.0885600000	0.0154255532
3.0892700000	0.0153786449
3.0899800000	0.0153328734
3.0907000000	0.0152882323
3.0914100000	0.0152447178
3.0921200000	0.0152023255
3.0928300000	0.0151610312
3.0935500000	0.0151208234
3.0942600000	0.0150817187
3.0949700000	0.0150436802
3.0956900000	0.0150067074
3.0964000000	0.0149707925
3.0971100000	0.0149359296
3.0978300000	0.0149020914
3.0985400000	0.0148692796
3.0992500000	0.0148374835
3.0999600000	0.0148066997
3.1006800000	0.0147819199
3.1013900000	0.0147590548
3.1021000000	0.0147378252
3.1028200000	0.0147181875
3.1035300000	0.0147001000
3.1042400000	0.0146835225
3.1049500000	0.0146684293
3.1056700000	0.0146547664
3.1063800000	0.0146424933
3.1070900000	0.0146315750
3.1078100000	0.0146219705
3.1085200000	0.0146136453
3.1092300000	0.0146065391
3.1099500000	0.0146006306
3.1106600000	0.0145958703
3.1113700000	0.0145922216
3.1120800000	0.0145896362
3.1128000000	0.0145880731
3.1135100000	0.0145874906
3.1142200000	0.0145878555
3.1149400000	0.0145891304
3.1156500000	0.0145912402
3.1163600000	0.0145941675
3.1170800000	0.0145978801
3.1177900000	0.0146023144
3.1185000000	0.0146074399
3.1192100000	0.0146132083
3.1199300000	0.0146195655
3.1206400000	0.0146264946
3.1213500000	0.0146339262
3.1220700000	0.0146418437
3.1227800000	0.0146501863
3.1234900000	0.0146589076
3.1242000000	0.0146679778
3.1249200000	0.0146773460
3.1256300000	0.0146869686
3.1263400000	0.0146968226
3.1270600000	0.0147068385
3.1277700000	0.0147169905
3.1284800000	0.0147272332
3.1292000000	0.0147375285
3.1299100000	0.0147478319
3.1306200000	0.0147581031
3.1313300000	0.0147683125
3.1320500000	0.0147784019
3.1327600000	0.0147883368
3.1334700000	0.0147980946
3.1341900000	0.0148076336
3.1349000000	0.0148169110
3.1356100000	0.0148258982
3.1363300000	0.0148345388
3.1370400000	0.0148428211
3.1377500000	0.0148507129
3.1384600000	0.0148581585
3.1391800000	0.0148651565
3.1398900000	0.0148716575
3.1406000000	0.0148776366
3.1413200000	0.0148830634
3.1420300000	0.0148879159
3.1427400000	0.0148921662
3.1434500000	0.0148957935
3.1441700000	0.0148987588
3.1448800000	0.0149010577
3.1455900000	0.0149026693
3.1463100000	0.0149035548
3.1470200000	0.0149037145
3.1477300000	0.0149031276
3.1484500000	0.0149017766
3.1491600000	0.0148996439
3.1498700000	0.0148967137
3.1505800000	0.0148929969
3.1513000000	0.0148884596
3.1520100000	0.0148831053
3.1527200000	0.0148769215
3.1534400000	0.0148698995
3.1541500000	0.0148633317
3.1548600000	0.0148546167
3.1555800000	0.0148450531
3.1562900000	0.0148346483
3.1570000000	0.0148233961
3.1577100000	0.0148112938
3.1584300000	0.0147983588
3.1591400000	0.0147845899
3.1598500000	0.0147699878
3.1605700000	0.0147545608
3.1612800000	0.0147383252
3.1619900000	0.0147212844
3.1627000000	0.0147034468
3.1634200000	0.0146848208
3.1641300000	0.0146654239
3.1648400000	0.0146452669
3.1655600000	0.0146243629
3.1662700000	0.0146027245
3.1669800000	0.0145803803
3.1677000000	0.0145573158
3.1684100000	0.0145335849
3.1691200000	0.0145091728
3.1698300000	0.0144841167
3.1705500000	0.0144584186
3.1712600000	0.0144321158
3.1719700000	0.0144052195
3.1726900000	0.0143777460
3.1734000000	0.0143497158
3.1741100000	0.0143211527
3.1748200000	0.0142920744
3.1755400000	0.0142625019
3.1762500000	0.0142324444
3.1769600000	0.0142019456
3.1776800000	0.0141710020
3.1783900000	0.0141396543
3.1791000000	0.0141079116
3.1798200000	0.0140757979
3.1805300000	0.0140433300
3.1812400000	0.0140105324
3.1819500000	0.0139774249
3.1826700000	0.0139440250
3.1833800000	0.0139103652
3.1840900000	0.0138764407
3.1848100000	0.0138422927
3.1855200000	0.0138079389
3.1862300000	0.0137733840
3.1869500000	0.0137386592
3.1876600000	0.0137037782
3.1883700000	0.0136687492
3.1890800000	0.0136336105
3.1898000000	0.0135983715
3.1905100000	0.0135630376
3.1912200000	0.0135276379
3.1919400000	0.0134921855
3.1926500000	0.0134566893
3.1933600000	0.0134211789
3.1940700000	0.0133856533
3.1947900000	0.0133501367
3.1955000000	0.0133146450
3.1962100000	0.0132791887
3.1969300000	0.0132437723
3.1976400000	0.0132084125
3.1983500000	0.0131731345
3.1990700000	0.0131379358
3.1997800000	0.0131028372
3.2004900000	0.0130612911
3.2012000000	0.0130175338
3.2019200000	0.0129746047
3.2026300000	0.0129325072
3.2033400000	0.0128912133
3.2040600000	0.0128507123
3.2047700000	0.0128109804
3.2054800000	0.0127720027
3.2062000000	0.0127337617
3.2069100000	0.0126962308
3.2076200000	0.0126594026
3.2083300000	0.0126232575
3.2090500000	0.0125877642
3.2097600000	0.0125529068
3.2104700000	0.0125186690
3.2111900000	0.0124850316
3.2119000000	0.0124519675
3.2126100000	0.0124194649
3.2133200000	0.0123875022
3.2140400000	0.0123560551
3.2147500000	0.0123251212
3.2154600000	0.0122946642
3.2161800000	0.0122646652
3.2168900000	0.0122351132
3.2176000000	0.0122059872
3.2183200000	0.0121772697
3.2190300000	0.0121489560
3.2197400000	0.0121210081
3.2204500000	0.0120934204
3.2211700000	0.0120661686
3.2218800000	0.0120392620
3.2225900000	0.0120126537
3.2233100000	0.0119863445
3.2240200000	0.0119603189
3.2247300000	0.0119345700
3.2254500000	0.0119095512
3.2261600000	0.0118842843
3.2268700000	0.0118592473
3.2275800000	0.0118344259
3.2283000000	0.0118098017
3.2290100000	0.0117853848
3.2297200000	0.0117611355
3.2304400000	0.0117370697
3.2311500000	0.0117131633
3.2318600000	0.0116894098
3.2325700000	0.0116658053
3.2332900000	0.0116423251
3.2340000000	0.0116189719
3.2347100000	0.0115957419
3.2354300000	0.0115726123
3.2361400000	0.0115495959
3.2368500000	0.0115266650
3.2375700000	0.0115038258
3.2382800000	0.0114810760
3.2389900000	0.0114583926
3.2397000000	0.0114357880
3.2404200000	0.0114132430
3.2411300000	0.0113907683
3.2418400000	0.0113683389
3.2425600000	0.0113459650
3.2432700000	0.0113236383
3.2439800000	0.0113013599
3.2446900000	0.0112791148
3.2454100000	0.0112569101
3.2461200000	0.0112347439
3.2468300000	0.0112126066
3.2475500000	0.0111904968
3.2482600000	0.0111684093
3.2489700000	0.0111463542
3.2496900000	0.0111243163
3.2504000000	0.0111023014
3.2511100000	0.0110803042
3.2518200000	0.0110583243
3.2525400000	0.0110363661
3.2532500000	0.0110144220
3.2539600000	0.0109924889
3.2546800000	0.0109705735
3.2553900000	0.0109486731
3.2561000000	0.0109267843
3.2568200000	0.0109049115
3.2575300000	0.0108830480
3.2582400000	0.0108611935
3.2589500000	0.0108393575
3.2596700000	0.0108175331
3.2603800000	0.0107957194
3.2610900000	0.0107739176
3.2618100000	0.0107521296
3.2625200000	0.0107303560
3.2632300000	0.0107085922
3.2639400000	0.0106868506
3.2646600000	0.0106651121
3.2653700000	0.0106433986
3.2660800000	0.0106217015
3.2668000000	0.0106000134
3.2675100000	0.0105783415
3.2682200000	0.0105567041
3.2689400000	0.0105350680
3.2696500000	0.0105134600
3.2703600000	0.0104918648
3.2710700000	0.0104702930
3.2717900000	0.0104487478
3.2725000000	0.0104272209
3.2732100000	0.0104057151
3.2739300000	0.0103842419
3.2746400000	0.0103627858
3.2753500000	0.0103413596
3.2760700000	0.0103199563
3.2767800000	0.0102985847
3.2774900000	0.0102772321
3.2782000000	0.0102559148
3.2789200000	0.0102346219
3.2796300000	0.0102133652
3.2803400000	0.0101921376
3.2810600000	0.0101709324
3.2817700000	0.0101497712
3.2824800000	0.0101286382
3.2831900000	0.0101075400
3.2839100000	0.0100864766
3.2846200000	0.0100654491
3.2853300000	0.0100444507
3.2860500000	0.0100234897
3.2867600000	0.0100025639
3.2874700000	0.0099816871
3.2881900000	0.0099608367
3.2889000000	0.0099400270
3.2896100000	0.0099192554
3.2903200000	0.0098985274
3.2910400000	0.0098778249
3.2917500000	0.0098571727
3.2924600000	0.0098365574
3.2931800000	0.0098159867
3.2938900000	0.0097954603
3.2946000000	0.0097757437
3.2953200000	0.0097552887
3.2960300000	0.0097348698
3.2967400000	0.0097144850
3.2974500000	0.0096941518
3.2981700000	0.0096738686
3.2988800000	0.0096536159
3.2995900000	0.0096334060
3.3003100000	0.0096167234
3.3010200000	0.0096046427
3.3017300000	0.0095925317
3.3024400000	0.0095803852
3.3031600000	0.0095682006
3.3038700000	0.0095559932
3.3045800000	0.0095437526
3.3053000000	0.0095314645
3.3060100000	0.0095191590
3.3067200000	0.0095068135
3.3074400000	0.0094944261
3.3081500000	0.0094820086
3.3088600000	0.0094695603
3.3095700000	0.0094570686
3.3102900000	0.0094445476
3.3110000000	0.0094319923
3.3117100000	0.0094193920
3.3124300000	0.0094067640
3.3131400000	0.0093940955
3.3138500000	0.0093813943
3.3145600000	0.0093686555
3.3152800000	0.0093558821
3.3159900000	0.0093430689
3.3167000000	0.0093302271
3.3174200000	0.0093173351
3.3181300000	0.0093044197
3.3188400000	0.0092914644
3.3195600000	0.0092784817
3.3202700000	0.0092654497
3.3209800000	0.0092523871
3.3216900000	0.0092392920
3.3224100000	0.0092261594
3.3231200000	0.0092129884
3.3238300000	0.0091997881
3.3245500000	0.0091865574
3.3252600000	0.0091732774
3.3259700000	0.0091599662
3.3266900000	0.0091466251
3.3274000000	0.0091332586
3.3281100000	0.0091198360
3.3288200000	0.0091063917
3.3295400000	0.0090929135
3.3302500000	0.0090794003
3.3309600000	0.0090658440
3.3316800000	0.0090522710
3.3323900000	0.0090386515
3.3331000000	0.0090250101
3.3338100000	0.0090113247
3.3345300000	0.0089976096
3.3352400000	0.0089838624
3.3359500000	0.0089700863
3.3366700000	0.0089562710
3.3373800000	0.0089424336
3.3380900000	0.0089285572
3.3388100000	0.0089146522
3.3395200000	0.0089007182
3.3402300000	0.0088867467
3.3409400000	0.0088727528
3.3416600000	0.0088587245
3.3423700000	0.0088446621
3.3430800000	0.0088305741
3.3438000000	0.0088164517
3.3445100000	0.0088023067
3.3452200000	0.0087881344
3.3459400000	0.0087739278
3.3466500000	0.0087596912
3.3473600000	0.0087454304
3.3480700000	0.0087311435
3.3487900000	0.0087168202
3.3495000000	0.0087024762
3.3502100000	0.0086881058
3.3509300000	0.0086737033
3.3516400000	0.0086592777
3.3523500000	0.0086448248
3.3530600000	0.0086303451
3.3537800000	0.0086158405
3.3544900000	0.0086013118
3.3552000000	0.0085867583
3.3559200000	0.0085721841
3.3566300000	0.0085575753
3.3573400000	0.0085429456
3.3580600000	0.0085282899
3.3587700000	0.0085136151
3.3594800000	0.0084989139
3.3601900000	0.0084841963
3.3609100000	0.0084694543
3.3616200000	0.0084546840
3.3623300000	0.0084398949
3.3630500000	0.0084250848
3.3637600000	0.0084102525
3.3644700000	0.0083954001
3.3651900000	0.0083805252
3.3659000000	0.0083656296
3.3666100000	0.0083507166
3.3673200000	0.0083357837
3.3680400000	0.0083208247
3.3687500000	0.0083058613
3.3694600000	0.0082908647
3.3701800000	0.0082758589
3.3708900000	0.0082608249
3.3716000000	0.0082457817
3.3723100000	0.0082307190
3.3730300000	0.0082156401
3.3737400000	0.0082005377
3.3744500000	0.0081854240
3.3751700000	0.0081703043
3.3758800000	0.0081551615
3.3765900000	0.0081399975
3.3773100000	0.0081248246
3.3780200000	0.0081096308
3.3787300000	0.0080944281
3.3794400000	0.0080792091
3.3801600000	0.0080639743
3.3808700000	0.0080487271
3.3815800000	0.0080334619
3.3823000000	0.0080181923
3.3830100000	0.0080029121
3.3837200000	0.0079876152
3.3844300000	0.0079723020
3.3851500000	0.0079569846
3.3858600000	0.0079416593
3.3865700000	0.0079263122
3.3872900000	0.0079109694
3.3880000000	0.0078955960
3.3887100000	0.0078802341
3.3894300000	0.0078648487
3.3901400000	0.0078494668
3.3908500000	0.0078340665
3.3915600000	0.0078186601
3.3922800000	0.0078032416
3.3929900000	0.0077878249
3.3937000000	0.0077724004
3.3944200000	0.0077569595
3.3951300000	0.0077415175
3.3958400000	0.0077260679
3.3965600000	0.0077106125
3.3972700000	0.0076951521
3.3979800000	0.0076796859
3.3986900000	0.0076642161
3.3994100000	0.0076487404
3.4001200000	0.0076349852
3.4008300000	0.0076297622
3.4015500000	0.0076245404
3.4022600000	0.0076193229
3.4029700000	0.0076141232
3.4036800000	0.0076089098
3.4044000000	0.0076037102
3.4051100000	0.0075985064
3.4058200000	0.0075933216
3.4065400000	0.0075881292
3.4072500000	0.0075829455
3.4079600000	0.0075777665
3.4086800000	0.0075725797
3.4093900000	0.0075674098
3.4101000000	0.0075622362
3.4108100000	0.0075570734
3.4115300000	0.0075519092
3.4122400000	0.0075467563
3.4129500000	0.0075416024
3.4136700000	0.0075364492
3.4143800000	0.0075313014
3.4150900000	0.0075261594
3.4158100000	0.0075210202
3.4165200000	0.0075158802
3.4172300000	0.0075107526
3.4179400000	0.0075056175
3.4186600000	0.0075004936
3.4193700000	0.0074953642
3.4200800000	0.0074902490
3.4208000000	0.0074851308
3.4215100000	0.0074800209
3.4222200000	0.0074749099
3.4229300000	0.0074698022
3.4236500000	0.0074646937
3.4243600000	0.0074595959
3.4250700000	0.0074544952
3.4257900000	0.0074494000
3.4265000000	0.0074443047
3.4272100000	0.0074392122
3.4279300000	0.0074341315
3.4286400000	0.0074290451
3.4293500000	0.0074239563
3.4300600000	0.0074188828
3.4307800000	0.0074138028
3.4314900000	0.0074087330
3.4322000000	0.0074036566
3.4329200000	0.0073985860
3.4336300000	0.0073935168
3.4343400000	0.0073884488
3.4350600000	0.0073833858
3.4357700000	0.0073783225
3.4364800000	0.0073732606
3.4371900000	0.0073682061
3.4379100000	0.0073631473
3.4386200000	0.0073580938
3.4393300000	0.0073530385
3.4400500000	0.0073479963
3.4407600000	0.0073429367
3.4414700000	0.0073378926
3.4421800000	0.0073328485
3.4429000000	0.0073278051
3.4436100000	0.0073227607
3.4443200000	0.0073177197
3.4450400000	0.0073126831
3.4457500000	0.0073076452
3.4464600000	0.0073026055
3.4471800000	0.0072975714
3.4478900000	0.0072925301
3.4486000000	0.0072875049
3.4493100000	0.0072824589
3.4500300000	0.0072774302
3.4507400000	0.0072724026
3.4514500000	0.0072673700
3.4521700000	0.0072623388
3.4528800000	0.0072573107
3.4535900000	0.0072522804
3.4543000000	0.0072472476
3.4550200000	0.0072422233
3.4557300000	0.0072371947
3.4564400000	0.0072321629
3.4571600000	0.0072271408
3.4578700000	0.0072221127
3.4585800000	0.0072170846
3.4593000000	0.0072120524
3.4600100000	0.0072070288
3.4607200000	0.0072020043
3.4614300000	0.0071969762
3.4621500000	0.0071919503
3.4628600000	0.0071869223
3.4635700000	0.0071818930
3.4642900000	0.0071768587
3.4650000000	0.0071718324
3.4657100000	0.0071668033
3.4664300000	0.0071617744
3.4671400000	0.0071567463
3.4678500000	0.0071517087
3.4685600000	0.0071466737
3.4692800000	0.0071416367
3.4699900000	0.0071366028
3.4707000000	0.0071315695
3.4714200000	0.0071265268
3.4721300000	0.0071214868
3.4728400000	0.0071164488
3.4735500000	0.0071114044
3.4742700000	0.0071063609
3.4749800000	0.0071013142
3.4756900000	0.0070962702
3.4764100000	0.0070912195
3.4771200000	0.0070861650
3.4778300000	0.0070811119
3.4785500000	0.0070760586
3.4792600000	0.0070710050
3.4799700000	0.0070659415
3.4806800000	0.0070608829
3.4814000000	0.0070558122
3.4821100000	0.0070507515
3.4828200000	0.0070456801
3.4835400000	0.0070406089
3.4842500000	0.0070355285
3.4849600000	0.0070304583
3.4856800000	0.0070253742
3.4863900000	0.0070202891
3.4871000000	0.0070152035
3.4878100000	0.0070101161
3.4885300000	0.0070050233
3.4892400000	0.0069999257
3.4899500000	0.0069948223
3.4906700000	0.0069897197
3.4913800000	0.0069846102
3.4920900000	0.0069794967
3.4928000000	0.0069743828
3.4935200000	0.0069692633
3.4942300000	0.0069641417
3.4949400000	0.0069590163
3.4956600000	0.0069538824
3.4963700000	0.0069487489
3.4970800000	0.0069436046
3.4978000000	0.0069384679
3.4985100000	0.0069333186
3.4992200000	0.0069281600
3.4999300000	0.0069229995
3.5006500000	0.0069160827
3.5013600000	0.0069090013
3.5020700000	0.0069019301
3.5027900000	0.0068948620
3.5035000000	0.0068878037
3.5042100000	0.0068807528
3.5049200000	0.0068737130
3.5056400000	0.0068666806
3.5063500000	0.0068596530
3.5070600000	0.0068526397
3.5077800000	0.0068456297
3.5084900000	0.0068386349
3.5092000000	0.0068316456
3.5099200000	0.0068246694
3.5106300000	0.0068176933
3.5113400000	0.0068107343
3.5120500000	0.0068037708
3.5127700000	0.0067968311
3.5134800000	0.0067898910
3.5141900000	0.0067829599
3.5149100000	0.0067760364
3.5156200000	0.0067691294
3.5163300000	0.0067622222
3.5170500000	0.0067553259
3.5177600000	0.0067484354
3.5184700000	0.0067415556
3.5191800000	0.0067346850
3.5199000000	0.0067278315
3.5206100000	0.0067209691
3.5213200000	0.0067141232
3.5220400000	0.0067072858
3.5227500000	0.0067002949
3.5234600000	0.0066934725
3.5241700000	0.0066866671
3.5248900000	0.0066798644
3.5256000000	0.0066730645
3.5263100000	0.0066662762
3.5270300000	0.0066595006
3.5277400000	0.0066527359
3.5284500000	0.0066459706
3.5291700000	0.0066392204
3.5298800000	0.0066324687
3.5305900000	0.0066257350
3.5313000000	0.0066189994
3.5320200000	0.0066122857
3.5327300000	0.0066055685
3.5334400000	0.0065988665
3.5341600000	0.0065921680
3.5348700000	0.0065854777
3.5355800000	0.0065788062
3.5363000000	0.0065721248
3.5370100000	0.0065654675
3.5377200000	0.0065588137
3.5384300000	0.0065521628
3.5391500000	0.0065455257
3.5398600000	0.0065388928
3.5405700000	0.0065322722
3.5412900000	0.0065256535
3.5420000000	0.0065190500
3.5427100000	0.0065124483
3.5434200000	0.0065058519
3.5441400000	0.0064992732
3.5448500000	0.0064926987
3.5455600000	0.0064861345
3.5462800000	0.0064795736
3.5469900000	0.0064730197
3.5477000000	0.0064664800
3.5484200000	0.0064599454
3.5491300000	0.0064534197
3.5498400000	0.0064469010
3.5505500000	0.0064403954
3.5512700000	0.0064338848
3.5519800000	0.0064273928
3.5526900000	0.0064208983
3.5534100000	0.0064144213
3.5541200000	0.0064079527
3.5548300000	0.0064014887
3.5555500000	0.0063950323
3.5562600000	0.0063885811
3.5569700000	0.0063821455
3.5576800000	0.0063757055
3.5584000000	0.0063692906
3.5591100000	0.0063628699
3.5598200000	0.0063564616
3.5605400000	0.0063500548
3.5612500000	0.0063436674
3.5619600000	0.0063372840
3.5626700000	0.0063309017
3.5633900000	0.0063245334
3.5641000000	0.0063181754
3.5648100000	0.0063118216
3.5655300000	0.0063054676
3.5662400000	0.0062991264
3.5669500000	0.0062927974
3.5676700000	0.0062864815
3.5683800000	0.0062801614
3.5690900000	0.0062738555
3.5698000000	0.0062675528
3.5705200000	0.0062612543
3.5712300000	0.0062549725
3.5719400000	0.0062486918
3.5726600000	0.0062424259
3.5733700000	0.0062361639
3.5740800000	0.0062299098
3.5747900000	0.0062236608
3.5755100000	0.0062174224
3.5762200000	0.0062111887
3.5769300000	0.0062049667
3.5776500000	0.0061987455
3.5783600000	0.0061925372
3.5790700000	0.0061863390
3.5797900000	0.0061801441
3.5805000000	0.0061739575
3.5812100000	0.0061677776
3.5819200000	0.0061616028
3.5826400000	0.0061554397
3.5833500000	0.0061492834
3.5840600000	0.0061431377
3.5847800000	0.0061369905
3.5854900000	0.0061308614
3.5862000000	0.0061247291
3.5869200000	0.0061186098
3.5876300000	0.0061125007
3.5883400000	0.0061063957
3.5890500000	0.0061002929
3.5897700000	0.0060942054
3.5904800000	0.0060881257
3.5911900000	0.0060820549
3.5919100000	0.0060759805
3.5926200000	0.0060699240
3.5933300000	0.0060638690
3.5940400000	0.0060578208
3.5947600000	0.0060517819
3.5954700000	0.0060457539
3.5961800000	0.0060397271
3.5969000000	0.0060337130
3.5976100000	0.0060277024
3.5983200000	0.0060217055
3.5990400000	0.0060157086
3.5997500000	0.0060097169
3.6004600000	0.0060027486
3.6011700000	0.0059952441
3.6018900000	0.0059877552
3.6026000000	0.0059802741
3.6033100000	0.0059728034
3.6040300000	0.0059653404
3.6047400000	0.0059578816
3.6054500000	0.0059504359
3.6061700000	0.0059429967
3.6068800000	0.0059355762
3.6075900000	0.0059281497
3.6083000000	0.0059207458
3.6090200000	0.0059133460
3.6097300000	0.0059059601
3.6104400000	0.0058985745
3.6111600000	0.0058912046
3.6118700000	0.0058838434
3.6125800000	0.0058764853
3.6132900000	0.0058691434
3.6140100000	0.0058618038
3.6147200000	0.0058544842
3.6154300000	0.0058471666
3.6161500000	0.0058398549
3.6168600000	0.0058325596
3.6175700000	0.0058252697
3.6182900000	0.0058179917
3.6190000000	0.0058107176
3.6197100000	0.0058034500
3.6204200000	0.0057962054
3.6211400000	0.0057889551
3.6218500000	0.0057817210
3.6225600000	0.0057744935
3.6232800000	0.0057672758
3.6239900000	0.0057600672
3.6247000000	0.0057528679
3.6254200000	0.0057456785
3.6261300000	0.0057384935
3.6268400000	0.0057313209
3.6275500000	0.0057241653
3.6282700000	0.0057170021
3.6289800000	0.0057098527
3.6296900000	0.0057027149
3.6304100000	0.0056955929
3.6311200000	0.0056884681
3.6318300000	0.0056813607
3.6325400000	0.0056742552
3.6332600000	0.0056671645
3.6339700000	0.0056600771
3.6346800000	0.0056530081
3.6354000000	0.0056459423
3.6361100000	0.0056388832
3.6368200000	0.0056318333
3.6375400000	0.0056247959
3.6382500000	0.0056177588
3.6389600000	0.0056107349
3.6396700000	0.0056037257
3.6403900000	0.0055967154
3.6411000000	0.0055897147
3.6418100000	0.0055827333
3.6425300000	0.0055757501
3.6432400000	0.0055687846
3.6439500000	0.0055618190
3.6446600000	0.0055548670
3.6453800000	0.0055479164
3.6460900000	0.0055409817
3.6468000000	0.0055340556
3.6475200000	0.0055271387
3.6482300000	0.0055202252
3.6489400000	0.0055133210
3.6496600000	0.0055064303
3.6503700000	0.0054995431
3.6510800000	0.0054926616
3.6517900000	0.0054857994
3.6525100000	0.0054789381
3.6532200000	0.0054720900
3.6539300000	0.0054652460
3.6546500000	0.0054584126
3.6553600000	0.0054515880
3.6560700000	0.0054447704
3.6567900000	0.0054379598
3.6575000000	0.0054311568
3.6582100000	0.0054243709
3.6589200000	0.0054175850
3.6596400000	0.0054108133
3.6603500000	0.0054040458
3.6610600000	0.0053972846
3.6617800000	0.0053905401
3.6624900000	0.0053837934
3.6632000000	0.0053770616
3.6639100000	0.0053703367
3.6646300000	0.0053636212
3.6653400000	0.0053569090
3.6660500000	0.0053502136
3.6667700000	0.0053435243
3.6674800000	0.0053368351
3.6681900000	0.0053301572
3.6689100000	0.0053234963
3.6696200000	0.0053168364
3.6703300000	0.0053101844
3.6710400000	0.0053035390
3.6717600000	0.0052969060
3.6724700000	0.0052902840
3.6731800000	0.0052836649
3.6739000000	0.0052770556
3.6746100000	0.0052704602
3.6753200000	0.0052638653
3.6760400000	0.0052572774
3.6767500000	0.0052507047
3.6774600000	0.0052441308
3.6781700000	0.0052375738
3.6788900000	0.0052310262
3.6796000000	0.0052244787
3.6803100000	0.0052179405
3.6810300000	0.0052114115
3.6817400000	0.0052048927
3.6824500000	0.0051983811
3.6831600000	0.0051918760
3.6838800000	0.0051853817
3.6845900000	0.0051788949
3.6853000000	0.0051724133
3.6860200000	0.0051659451
3.6867300000	0.0051594808
3.6874400000	0.0051530227
3.6881600000	0.0051465775
3.6888700000	0.0051401391
3.6895800000	0.0051337044
3.6902900000	0.0051272767
3.6910100000	0.0051208629
3.6917200000	0.0051144558
3.6924300000	0.0051080484
3.6931500000	0.0051016597
3.6938600000	0.0050952766
3.6945700000	0.0050889010
3.6952900000	0.0050825320
3.6960000000	0.0050761745
3.6967100000	0.0050698221
3.6974200000	0.0050634765
3.6981400000	0.0050571405
3.6988500000	0.0050508105
3.6995600000	0.0050444847
3.7002800000	0.0050379969
3.7009900000	0.0050312378
3.7017000000	0.0050244788
3.7024100000	0.0050178045
3.7031300000	0.0050110640
3.7038400000	0.0050043404
3.7045500000	0.0049976208
3.7052700000	0.0049909072
3.7059800000	0.0049842081
3.7066900000	0.0049775220
3.7074100000	0.0049708260
3.7081200000	0.0049641580
3.7088300000	0.0049574888
3.7095400000	0.0049508296
3.7102600000	0.0049441789
3.7109700000	0.0049375401
3.7116800000	0.0049309098
3.7124000000	0.0049242861
3.7131100000	0.0049176678
3.7138200000	0.0049110549
3.7145300000	0.0049044645
3.7152500000	0.0048978704
3.7159600000	0.0048912888
3.7166700000	0.0048847144
3.7173900000	0.0048781508
3.7181000000	0.0048715969
3.7188100000	0.0048650489
3.7195300000	0.0048585053
3.7202400000	0.0048519823
3.7209500000	0.0048454589
3.7216600000	0.0048389487
3.7223800000	0.0048324374
3.7230900000	0.0048259437
3.7238000000	0.0048194473
3.7245200000	0.0048129740
3.7252300000	0.0048065010
3.7259400000	0.0048000389
3.7266600000	0.0047935827
3.7273700000	0.0047871315
3.7280800000	0.0047806973
3.7287900000	0.0047742717
3.7295100000	0.0047678448
3.7302200000	0.0047614322
3.7309300000	0.0047550291
3.7316500000	0.0047486319
3.7323600000	0.0047422381
3.7330700000	0.0047358586
3.7337800000	0.0047294900
3.7345000000	0.0047231265
3.7352100000	0.0047167674
3.7359200000	0.0047104271
3.7366400000	0.0047040850
3.7373500000	0.0046977544
3.7380600000	0.0046914348
3.7387800000	0.0046851201
3.7394900000	0.0046788074
3.7402000000	0.0046725130
3.7409100000	0.0046662227
3.7416300000	0.0046599382
3.7423400000	0.0046536634
3.7430500000	0.0046473988
3.7437700000	0.0046411432
3.7444800000	0.0046348953
3.7451900000	0.0046286507
3.7459100000	0.0046224143
3.7466200000	0.0046161924
3.7473300000	0.0046099754
3.7480400000	0.0046037648
3.7487600000	0.0045975670
3.7494700000	0.0045913675
3.7501800000	0.0045851885
3.7509000000	0.0045790114
3.7516100000	0.0045728382
3.7523200000	0.0045666760
3.7530300000	0.0045605243
3.7537500000	0.0045543831
3.7544600000	0.0045482413
3.7551700000	0.0045421110
3.7558900000	0.0045359907
3.7566000000	0.0045298792
3.7573100000	0.0045237739
3.7580300000	0.0045176713
3.7587400000	0.0045115870
3.7594500000	0.0045055047
3.7601600000	0.0044994271
3.7608800000	0.0044933593
3.7615900000	0.0044873063
3.7623000000	0.0044812554
3.7630200000	0.0044752094
3.7637300000	0.0044691740
3.7644400000	0.0044631490
3.7651600000	0.0044571292
3.7658700000	0.0044511153
3.7665800000	0.0044451146
3.7672900000	0.0044391169
3.7680100000	0.0044331327
3.7687200000	0.0044271495
3.7694300000	0.0044211771
3.7701500000	0.0044152144
3.7708600000	0.0044092580
3.7715700000	0.0044033027
3.7722800000	0.0043973642
3.7730000000	0.0043914330
3.7737100000	0.0043855074
3.7744200000	0.0043795863
3.7751400000	0.0043736729
3.7758500000	0.0043677728
3.7765600000	0.0043618729
3.7772800000	0.0043559851
3.7779900000	0.0043501057
3.7787000000	0.0043442305
3.7794100000	0.0043383723
3.7801300000	0.0043325098
3.7808400000	0.0043266636
3.7815500000	0.0043208146
3.7822700000	0.0043149806
3.7829800000	0.0043091523
3.7836900000	0.0043033392
3.7844000000	0.0042975234
3.7851200000	0.0042917183
3.7858300000	0.0042859193
3.7865400000	0.0042801310
3.7872600000	0.0042743484
3.7879700000	0.0042685723
3.7886800000	0.0042628064
3.7894000000	0.0042570458
3.7901100000	0.0042512972
3.7908200000	0.0042455498
3.7915300000	0.0042398119
3.7922500000	0.0042340815
3.7929600000	0.0042283565
3.7936700000	0.0042226463
3.7943900000	0.0042169333
3.7951000000	0.0042112345
3.7958100000	0.0042055423
3.7965300000	0.0041998567
3.7972400000	0.0041941817
3.7979500000	0.0041885078
3.7986600000	0.0041828483
3.7993800000	0.0041771861
3.8000900000	0.0041714998
3.8008000000	0.0041655594
3.8015200000	0.0041596202
3.8022300000	0.0041536942
3.8029400000	0.0041477712
3.8036500000	0.0041418585
3.8043700000	0.0041359532
3.8050800000	0.0041300598
3.8057900000	0.0041241730
3.8065100000	0.0041182885
3.8072200000	0.0041124166
3.8079300000	0.0041065567
3.8086500000	0.0041006992
3.8093600000	0.0040948485
3.8100700000	0.0040890093
3.8107800000	0.0040831786
3.8115000000	0.0040773531
3.8122100000	0.0040715361
3.8129200000	0.0040657303
3.8136400000	0.0040599277
3.8143500000	0.0040541367
3.8150600000	0.0040483525
3.8157800000	0.0040425755
3.8164900000	0.0040368050
3.8172000000	0.0040310424
3.8179100000	0.0040252913
3.8186300000	0.0040195478
3.8193400000	0.0040138101
3.8200500000	0.0040080800
3.8207700000	0.0040023575
3.8214800000	0.0039966411
3.8221900000	0.0039909368
3.8229000000	0.0039852393
3.8236200000	0.0039795493
3.8243300000	0.0039738660
3.8250400000	0.0039681903
3.8257600000	0.0039625203
3.8264700000	0.0039568636
3.8271800000	0.0039512100
3.8279000000	0.0039455664
3.8286100000	0.0039399309
3.8293200000	0.0039343014
3.8300300000	0.0039286801
3.8307500000	0.0039230666
3.8314600000	0.0039174605
3.8321700000	0.0039118629
3.8328900000	0.0039062718
3.8336000000	0.0039006892
3.8343100000	0.0038951146
3.8350300000	0.0038895469
3.8357400000	0.0038839870
3.8364500000	0.0038784346
3.8371600000	0.0038728904
3.8378800000	0.0038673531
3.8385900000	0.0038618231
3.8393000000	0.0038563005
3.8400200000	0.0038507863
3.8407300000	0.0038452801
3.8414400000	0.0038397800
3.8421500000	0.0038342888
3.8428700000	0.0038288034
3.8435800000	0.0038233271
3.8442900000	0.0038178584
3.8450100000	0.0038123957
3.8457200000	0.0038069415
3.8464300000	0.0038014953
3.8471500000	0.0037960552
3.8478600000	0.0037906238
3.8485700000	0.0037851990
3.8492800000	0.0037797815
3.8500000000	0.0037743727
3.8507100000	0.0037689702
3.8514200000	0.0037635748
3.8521400000	0.0037581879
3.8528500000	0.0037528075
3.8535600000	0.0037474346
3.8542700000	0.0037420701
3.8549900000	0.0037367116
3.8557000000	0.0037313608
3.8564100000	0.0037260171
3.8571300000	0.0037206817
3.8578400000	0.0037153522
3.8585500000	0.0037100316
3.8592700000	0.0037047175
3.8599800000	0.0036994109
3.8606900000	0.0036941107
3.8614000000	0.0036888186
3.8621200000	0.0036835333
3.8628300000	0.0036782554
3.8635400000	0.0036729854
3.8642600000	0.0036677223
3.8649700000	0.0036624657
3.8656800000	0.0036572171
3.8664000000	0.0036519764
3.8671100000	0.0036467415
3.8678200000	0.0036415140
3.8685300000	0.0036362934
3.8692500000	0.0036310812
3.8699600000	0.0036258755
3.8706700000	0.0036206756
3.8713900000	0.0036154852
3.8721000000	0.0036103010
3.8728100000	0.0036051237
3.8735200000	0.0035999539
3.8742400000	0.0035947908
3.8749500000	0.0035896354
3.8756600000	0.0035844858
3.8763800000	0.0035793446
3.8770900000	0.0035742091
3.8778000000	0.0035690823
3.8785200000	0.0035639614
3.8792300000	0.0035588484
3.8799400000	0.0035537415
3.8806500000	0.0035486419
3.8813700000	0.0035435496
3.8820800000	0.0035384644
3.8827900000	0.0035333856
3.8835100000	0.0035283144
3.8842200000	0.0035232504
3.8849300000	0.0035181919
3.8856500000	0.0035131426
3.8863600000	0.0035080985
3.8870700000	0.0035030614
3.8877800000	0.0034980323
3.8885000000	0.0034930091
3.8892100000	0.0034879930
3.8899200000	0.0034829845
3.8906400000	0.0034779829
3.8913500000	0.0034729882
3.8920600000	0.0034679994
3.8927700000	0.0034630174
3.8934900000	0.0034580428
3.8942000000	0.0034530756
3.8949100000	0.0034481141
3.8956300000	0.0034431608
3.8963400000	0.0034382132
3.8970500000	0.0034332731
3.8977700000	0.0034283390
3.8984800000	0.0034234129
3.8991900000	0.0034184926
3.8999000000	0.0034135789
3.9006200000	0.0034083393
3.9013300000	0.0034030555
3.9020400000	0.0033977786
3.9027600000	0.0033925117
3.9034700000	0.0033872509
3.9041800000	0.0033819976
3.9048900000	0.0033767530
3.9056100000	0.0033715157
3.9063200000	0.0033662863
3.9070300000	0.0033610643
3.9077500000	0.0033558498
3.9084600000	0.0033506437
3.9091700000	0.0033454447
3.9098900000	0.0033402539
3.9106000000	0.0033350700
3.9113100000	0.0033298943
3.9120200000	0.0033247264
3.9127400000	0.0033195653
3.9134500000	0.0033144126
3.9141600000	0.0033092675
3.9148800000	0.0033041300
3.9155900000	0.0032989997
3.9163000000	0.0032938774
3.9170200000	0.0032887615
3.9177300000	0.0032836548
3.9184400000	0.0032785551
3.9191500000	0.0032734620
3.9198700000	0.0032683777
3.9205800000	0.0032633005
3.9212900000	0.0032582311
3.9220100000	0.0032531683
3.9227200000	0.0032481140
3.9234300000	0.0032430667
3.9241400000	0.0032380269
3.9248600000	0.0032329948
3.9255700000	0.0032279707
3.9262800000	0.0032229533
3.9270000000	0.0032179427
3.9277100000	0.0032129401
3.9284200000	0.0032079456
3.9291400000	0.0032029583
3.9298500000	0.0031979779
3.9305600000	0.0031930050
3.9312700000	0.0031880392
3.9319900000	0.0031830817
3.9327000000	0.0031781301
3.9334100000	0.0031731880
3.9341300000	0.0031682515
3.9348400000	0.0031633228
3.9355500000	0.0031584014
3.9362700000	0.0031534873
3.9369800000	0.0031485803
3.9376900000	0.0031436814
3.9384000000	0.0031387891
3.9391200000	0.0031339047
3.9398300000	0.0031290268
3.9405400000	0.0031241563
3.9412600000	0.0031192934
3.9419700000	0.0031144378
3.9426800000	0.0031095895
3.9433900000	0.0031047481
3.9441100000	0.0030999139
3.9448200000	0.0030950869
3.9455300000	0.0030902675
3.9462500000	0.0030854552
3.9469600000	0.0030806496
3.9476700000	0.0030758516
3.9483900000	0.0030710599
3.9491000000	0.0030662763
3.9498100000	0.0030614995
3.9505200000	0.0030567298
3.9512400000	0.0030519678
3.9519500000	0.0030472119
3.9526600000	0.0030424639
3.9533800000	0.0030377223
3.9540900000	0.0030329887
3.9548000000	0.0030282619
3.9555200000	0.0030235419
3.9562300000	0.0030188283
3.9569400000	0.0030141232
3.9576500000	0.0030094243
3.9583700000	0.0030047323
3.9590800000	0.0030000482
3.9597900000	0.0029953705
3.9605100000	0.0029906992
3.9612200000	0.0029860357
3.9619300000	0.0029813788
3.9626400000	0.0029767295
3.9633600000	0.0029720868
3.9640700000	0.0029674504
3.9647800000	0.0029628214
3.9655000000	0.0029581996
3.9662100000	0.0029535846
3.9669200000	0.0029489768
3.9676400000	0.0029443761
3.9683500000	0.0029397814
3.9690600000	0.0029351938
3.9697700000	0.0029306128
3.9704900000	0.0029260397
3.9712000000	0.0029214725
3.9719100000	0.0029169126
3.9726300000	0.0029123598
3.9733400000	0.0029078134
3.9740500000	0.0029032740
3.9747600000	0.0028987421
3.9754800000	0.0028942154
3.9761900000	0.0028896968
3.9769000000	0.0028851855
3.9776200000	0.0028806799
3.9783300000	0.0028761807
3.9790400000	0.0028716896
3.9797600000	0.0028672038
3.9804700000	0.0028627259
3.9811800000	0.0028582546
3.9818900000	0.0028537892
3.9826100000	0.0028493321
3.9833200000	0.0028448800
3.9840300000	0.0028404352
3.9847500000	0.0028359975
3.9854600000	0.0028315658
3.9861700000	0.0028271419
3.9868900000	0.0028227229
3.9876000000	0.0028183126
3.9883100000	0.0028139070
3.9890200000	0.0028095093
3.9897400000	0.0028051179
3.9904500000	0.0028007334
3.9911600000	0.0027963547
3.9918800000	0.0027919834
3.9925900000	0.0027876182
3.9933000000	0.0027832602
3.9940100000	0.0027789083
3.9947300000	0.0027745631
3.9954400000	0.0027702242
3.9961500000	0.0027658927
3.9968700000	0.0027615669
3.9975800000	0.0027572479
3.9982900000	0.0027529363
3.9990100000	0.0027486301
3.9997200000	0.0027443306
4.0004300000	0.0027397419
4.0011400000	0.0027349678
4.0018600000	0.0027302013
4.0025700000	0.0027254429
4.0032800000	0.0027206921
4.0040000000	0.0027159485
4.0047100000	0.0027112126
4.0054200000	0.0027064843
4.0061400000	0.0027017630
4.0068500000	0.0026970498
4.0075600000	0.0026923433
4.0082700000	0.0026876447
4.0089900000	0.0026829541
4.0097000000	0.0026782700
4.0104100000	0.0026735944
4.0111300000	0.0026689255
4.0118400000	0.0026642537
4.0125500000	0.0026596000
4.0132600000	0.0026549529
4.0139800000	0.0026503151
4.0146900000	0.0026456829
4.0154000000	0.0026410593
4.0161200000	0.0026364428
4.0168300000	0.0026318338
4.0175400000	0.0026272319
4.0182600000	0.0026226378
4.0189700000	0.0026180502
4.0196800000	0.0026134708
4.0203900000	0.0026088990
4.0211100000	0.0026043345
4.0218200000	0.0025997763
4.0225300000	0.0025952263
4.0232500000	0.0025906835
4.0239600000	0.0025861484
4.0246700000	0.0025816200
4.0253900000	0.0025770991
4.0261000000	0.0025725857
4.0268100000	0.0025680793
4.0275200000	0.0025635803
4.0282400000	0.0025590887
4.0289500000	0.0025546040
4.0296600000	0.0025501270
4.0303800000	0.0025456576
4.0310900000	0.0025411948
4.0318000000	0.0025367398
4.0325100000	0.0025322913
4.0332300000	0.0025278506
4.0339400000	0.0025234172
4.0346500000	0.0025189900
4.0353700000	0.0025145712
4.0360800000	0.0025101590
4.0367900000	0.0025057538
4.0375100000	0.0025013569
4.0382200000	0.0024969669
4.0389300000	0.0024925839
4.0396400000	0.0024882069
4.0403600000	0.0024838384
4.0410700000	0.0024794770
4.0417800000	0.0024751221
4.0425000000	0.0024707752
4.0432100000	0.0024664348
4.0439200000	0.0024621012
4.0446300000	0.0024577747
4.0453500000	0.0024534566
4.0460600000	0.0024491445
4.0467700000	0.0024448401
4.0474900000	0.0024405414
4.0482000000	0.0024362513
4.0489100000	0.0024319674
4.0496300000	0.0024276908
4.0503400000	0.0024234221
4.0510500000	0.0024191593
4.0517600000	0.0024149040
4.0524800000	0.0024106556
4.0531900000	0.0024064147
4.0539000000	0.0024021804
4.0546200000	0.0023979527
4.0553300000	0.0023937328
4.0560400000	0.0023895195
4.0567600000	0.0023853131
4.0574700000	0.0023811139
4.0581800000	0.0023769213
4.0588900000	0.0023727359
4.0596100000	0.0023685581
4.0603200000	0.0023643867
4.0610300000	0.0023602219
4.0617500000	0.0023560638
4.0624600000	0.0023519134
4.0631700000	0.0023477695
4.0638800000	0.0023436334
4.0646000000	0.0023395026
4.0653100000	0.0023353795
4.0660200000	0.0023312629
4.0667400000	0.0023271538
4.0674500000	0.0023230508
4.0681600000	0.0023189559
4.0688800000	0.0023148673
4.0695900000	0.0023107856
4.0703000000	0.0023067095
4.0710100000	0.0023026413
4.0717300000	0.0022985800
4.0724400000	0.0022945253
4.0731500000	0.0022904775
4.0738700000	0.0022864359
4.0745800000	0.0022824016
4.0752900000	0.0022783744
4.0760100000	0.0022743535
4.0767200000	0.0022703396
4.0774300000	0.0022663320
4.0781400000	0.0022623318
4.0788600000	0.0022583375
4.0795700000	0.0022543507
4.0802800000	0.0022503710
4.0810000000	0.0022463965
4.0817100000	0.0022424291
4.0824200000	0.0022384699
4.0831300000	0.0022345158
4.0838500000	0.0022305694
4.0845600000	0.0022266295
4.0852700000	0.0022226954
4.0859900000	0.0022187691
4.0867000000	0.0022148487
4.0874100000	0.0022109350
4.0881300000	0.0022070279
4.0888400000	0.0022031274
4.0895500000	0.0021992337
4.0902600000	0.0021953467
4.0909800000	0.0021914659
4.0916900000	0.0021875920
4.0924000000	0.0021837246
4.0931200000	0.0021798641
4.0938300000	0.0021760091
4.0945400000	0.0021721618
4.0952600000	0.0021683202
4.0959700000	0.0021644848
4.0966800000	0.0021606574
4.0973900000	0.0021568365
4.0981100000	0.0021530215
4.0988200000	0.0021492119
4.0995300000	0.0021454105
4.1002500000	0.0021414591
4.1009600000	0.0021372194
4.1016700000	0.0021329852
4.1023800000	0.0021287562
4.1031000000	0.0021245320
4.1038100000	0.0021203142
4.1045200000	0.0021161012
4.1052400000	0.0021118937
4.1059500000	0.0021076913
4.1066600000	0.0021034944
4.1073800000	0.0020993033
4.1080900000	0.0020951172
4.1088000000	0.0020909370
4.1095100000	0.0020867624
4.1102300000	0.0020825924
4.1109400000	0.0020784283
4.1116500000	0.0020742699
4.1123700000	0.0020701174
4.1130800000	0.0020659704
4.1137900000	0.0020618276
4.1145000000	0.0020576914
4.1152200000	0.0020535605
4.1159300000	0.0020494353
4.1166400000	0.0020453158
4.1173600000	0.0020412022
4.1180700000	0.0020370939
4.1187800000	0.0020329908
4.1195000000	0.0020288935
4.1202100000	0.0020248027
4.1209200000	0.0020207168
4.1216300000	0.0020166368
4.1223500000	0.0020125624
4.1230600000	0.0020084941
4.1237700000	0.0020044301
4.1244900000	0.0020003732
4.1252000000	0.0019963222
4.1259100000	0.0019922769
4.1266300000	0.0019882362
4.1273400000	0.0019842015
4.1280500000	0.0019801735
4.1287600000	0.0019761507
4.1294800000	0.0019721336
4.1301900000	0.0019681227
4.1309000000	0.0019641175
4.1316200000	0.0019601177
4.1323300000	0.0019561240
4.1330400000	0.0019521362
4.1337500000	0.0019481541
4.1344700000	0.0019441777
4.1351800000	0.0019402083
4.1358900000	0.0019362438
4.1366100000	0.0019322852
4.1373200000	0.0019283322
4.1380300000	0.0019243857
4.1387500000	0.0019204446
4.1394600000	0.0019165099
4.1401700000	0.0019125813
4.1408800000	0.0019086579
4.1416000000	0.0019047416
4.1423100000	0.0019008305
4.1430200000	0.0018969252
4.1437400000	0.0018930256
4.1444500000	0.0018891318
4.1451600000	0.0018852453
4.1458800000	0.0018813641
4.1465900000	0.0018774891
4.1473000000	0.0018736201
4.1480100000	0.0018697568
4.1487300000	0.0018658997
4.1494400000	0.0018620489
4.1501500000	0.0018582027
4.1508700000	0.0018543641
4.1515800000	0.0018505313
4.1522900000	0.0018467045
4.1530000000	0.0018428837
4.1537200000	0.0018390687
4.1544300000	0.0018352594
4.1551400000	0.0018314565
4.1558600000	0.0018276601
4.1565700000	0.0018238699
4.1572800000	0.0018200853
4.1580000000	0.0018163069
4.1587100000	0.0018125346
4.1594200000	0.0018087687
4.1601300000	0.0018050088
4.1608500000	0.0018012544
4.1615600000	0.0017975071
4.1622700000	0.0017937652
4.1629900000	0.0017900303
4.1637000000	0.0017863003
4.1644100000	0.0017825771
4.1651300000	0.0017788595
4.1658400000	0.0017751491
4.1665500000	0.0017714447
4.1672600000	0.0017677454
4.1679800000	0.0017640533
4.1686900000	0.0017603669
4.1694000000	0.0017566870
4.1701200000	0.0017530129
4.1708300000	0.0017493451
4.1715400000	0.0017456839
4.1722500000	0.0017420285
4.1729700000	0.0017383788
4.1736800000	0.0017347366
4.1743900000	0.0017310993
4.1751100000	0.0017274687
4.1758200000	0.0017238443
4.1765300000	0.0017202262
4.1772500000	0.0017166140
4.1779600000	0.0017130086
4.1786700000	0.0017094088
4.1793800000	0.0017058155
4.1801000000	0.0017022284
4.1808100000	0.0016986468
4.1815200000	0.0016950728
4.1822400000	0.0016915040
4.1829500000	0.0016879422
4.1836600000	0.0016843860
4.1843700000	0.0016808356
4.1850900000	0.0016772928
4.1858000000	0.0016737560
4.1865100000	0.0016702244
4.1872300000	0.0016666998
4.1879400000	0.0016631805
4.1886500000	0.0016596683
4.1893700000	0.0016561626
4.1900800000	0.0016526623
4.1907900000	0.0016491685
4.1915000000	0.0016456816
4.1922200000	0.0016421996
4.1929300000	0.0016387248
4.1936400000	0.0016352562
4.1943600000	0.0016317940
4.1950700000	0.0016283127
4.1957800000	0.0016248626
4.1965000000	0.0016214185
4.1972100000	0.0016179808
4.1979200000	0.0016145499
4.1986300000	0.0016111253
4.1993500000	0.0016077060
4.2000600000	0.0016043322
4.2007700000	0.0016013816
4.2014900000	0.0015984272
4.2022000000	0.0015954685
4.2029100000	0.0015925060
4.2036200000	0.0015895381
4.2043400000	0.0015865672
4.2050500000	0.0015835926
4.2057600000	0.0015806129
4.2064800000	0.0015776302
4.2071900000	0.0015746434
4.2079000000	0.0015716527
4.2086200000	0.0015686574
4.2093300000	0.0015656585
4.2100400000	0.0015626568
4.2107500000	0.0015596500
4.2114700000	0.0015566404
4.2121800000	0.0015536266
4.2128900000	0.0015506089
4.2136100000	0.0015475870
4.2143200000	0.0015445624
4.2150300000	0.0015415340
4.2157500000	0.0015385013
4.2164600000	0.0015354650
4.2171700000	0.0015324256
4.2178800000	0.0015293820
4.2186000000	0.0015263360
4.2193100000	0.0015232856
4.2200200000	0.0015202318
4.2207400000	0.0015171753
4.2214500000	0.0015141148
4.2221600000	0.0015110505
4.2228700000	0.0015079835
4.2235900000	0.0015049135
4.2243000000	0.0015018386
4.2250100000	0.0014987625
4.2257300000	0.0014956818
4.2264400000	0.0014925982
4.2271500000	0.0014895119
4.2278700000	0.0014864218
4.2285800000	0.0014833289
4.2292900000	0.0014802334
4.2300000000	0.0014771339
4.2307200000	0.0014740321
4.2314300000	0.0014709279
4.2321400000	0.0014678201
4.2328600000	0.0014647088
4.2335700000	0.0014615957
4.2342800000	0.0014584796
4.2349900000	0.0014553601
4.2357100000	0.0014522388
4.2364200000	0.0014491147
4.2371300000	0.0014459877
4.2378500000	0.0014428578
4.2385600000	0.0014397252
4.2392700000	0.0014365902
4.2399900000	0.0014334534
4.2407000000	0.0014303136
4.2414100000	0.0014271715
4.2421200000	0.0014240273
4.2428400000	0.0014208809
4.2435500000	0.0014177315
4.2442600000	0.0014145800
4.2449800000	0.0014114266
4.2456900000	0.0014082702
4.2464000000	0.0014051123
4.2471200000	0.0014019522
4.2478300000	0.0013987903
4.2485400000	0.0013956261
4.2492500000	0.0013924603
4.2499700000	0.0013892923
4.2506800000	0.0013861228
4.2513900000	0.0013829516
4.2521100000	0.0013797784
4.2528200000	0.0013766033
4.2535300000	0.0013734267
4.2542400000	0.0013702479
4.2549600000	0.0013670677
4.2556700000	0.0013638865
4.2563800000	0.0013607033
4.2571000000	0.0013575192
4.2578100000	0.0013543334
4.2585200000	0.0013511464
4.2592400000	0.0013479574
4.2599500000	0.0013447677
4.2606600000	0.0013415765
4.2613700000	0.0013383842
4.2620900000	0.0013351906
4.2628000000	0.0013319963
4.2635100000	0.0013288006
4.2642300000	0.0013256044
4.2649400000	0.0013224070
4.2656500000	0.0013192088
4.2663700000	0.0013160098
4.2670800000	0.0013128104
4.2677900000	0.0013096089
4.2685000000	0.0013064079
4.2692200000	0.0013032058
4.2699300000	0.0013000030
4.2706400000	0.0012968005
4.2713600000	0.0012935967
4.2720700000	0.0012903930
4.2727800000	0.0012871879
4.2734900000	0.0012839832
4.2742100000	0.0012807781
4.2749200000	0.0012775730
4.2756300000	0.0012743674
4.2763500000	0.0012711615
4.2770600000	0.0012679564
4.2777700000	0.0012647504
4.2784900000	0.0012615449
4.2792000000	0.0012583389
4.2799100000	0.0012551336
4.2806200000	0.0012519273
4.2813400000	0.0012487226
4.2820500000	0.0012455176
4.2827600000	0.0012423132
4.2834800000	0.0012391091
4.2841900000	0.0012359048
4.2849000000	0.0012327017
4.2856200000	0.0012294984
4.2863300000	0.0012262964
4.2870400000	0.0012230945
4.2877500000	0.0012198939
4.2884700000	0.0012166935
4.2891800000	0.0012134947
4.2898900000	0.0012102946
4.2906100000	0.0012070975
4.2913200000	0.0012039006
4.2920300000	0.0012007050
4.2927400000	0.0011975098
4.2934600000	0.0011943167
4.2941700000	0.0011911243
4.2948800000	0.0011879321
4.2956000000	0.0011847420
4.2963100000	0.0011815534
4.2970200000	0.0011783656
4.2977400000	0.0011751798
4.2984500000	0.0011719955
4.2991600000	0.0011688118
4.2998700000	0.0011656307
4.3005900000	0.0011639414
4.3013000000	0.0011625706
4.3020100000	0.0011611983
4.3027300000	0.0011598229
4.3034400000	0.0011584464
4.3041500000	0.0011570679
4.3048600000	0.0011556875
4.3055800000	0.0011543052
4.3062900000	0.0011529216
4.3070000000	0.0011515347
4.3077200000	0.0011501463
4.3084300000	0.0011487564
4.3091400000	0.0011473643
4.3098600000	0.0011459692
4.3105700000	0.0011445730
4.3112800000	0.0011431747
4.3119900000	0.0011417742
4.3127100000	0.0011403715
4.3134200000	0.0011389667
4.3141300000	0.0011375595
4.3148500000	0.0011361500
4.3155600000	0.0011347387
4.3162700000	0.0011333255
4.3169900000	0.0011319100
4.3177000000	0.0011304913
4.3184100000	0.0011290710
4.3191200000	0.0011276483
4.3198400000	0.0011262235
4.3205500000	0.0011247956
4.3212600000	0.0011233659
4.3219800000	0.0011219341
4.3226900000	0.0011204998
4.3234000000	0.0011190630
4.3241100000	0.0011176237
4.3248300000	0.0011161816
4.3255400000	0.0011147374
4.3262500000	0.0011132907
4.3269700000	0.0011118411
4.3276800000	0.0011103894
4.3283900000	0.0011089349
4.3291100000	0.0011074777
4.3298200000	0.0011060182
4.3305300000	0.0011045554
4.3312400000	0.0011030908
4.3319600000	0.0011016231
4.3326700000	0.0011001532
4.3333800000	0.0010986798
4.3341000000	0.0010972047
4.3348100000	0.0010957258
4.3355200000	0.0010942446
4.3362400000	0.0010927606
4.3369500000	0.0010912733
4.3376600000	0.0010897839
4.3383700000	0.0010882913
4.3390900000	0.0010867961
4.3398000000	0.0010852971
4.3405100000	0.0010837962
4.3412300000	0.0010822920
4.3419400000	0.0010807854
4.3426500000	0.0010792746
4.3433600000	0.0010777614
4.3440800000	0.0010762449
4.3447900000	0.0010747261
4.3455000000	0.0010732036
4.3462200000	0.0010716776
4.3469300000	0.0010701487
4.3476400000	0.0010686169
4.3483600000	0.0010670829
4.3490700000	0.0010655448
4.3497800000	0.0010640032
4.3504900000	0.0010624584
4.3512100000	0.0010609107
4.3519200000	0.0010593593
4.3526300000	0.0010578050
4.3533500000	0.0010562474
4.3540600000	0.0010546868
4.3547700000	0.0010531217
4.3554900000	0.0010515540
4.3562000000	0.0010499818
4.3569100000	0.0010484075
4.3576200000	0.0010468298
4.3583400000	0.0010452480
4.3590500000	0.0010436631
4.3597600000	0.0010420738
4.3604800000	0.0010404817
4.3611900000	0.0010388859
4.3619000000	0.0010372876
4.3626100000	0.0010356842
4.3633300000	0.0010340771
4.3640400000	0.0010324667
4.3647500000	0.0010308527
4.3654700000	0.0010292350
4.3661800000	0.0010276139
4.3668900000	0.0010259887
4.3676100000	0.0010243594
4.3683200000	0.0010227261
4.3690300000	0.0010210896
4.3697400000	0.0010194494
4.3704600000	0.0010178055
4.3711700000	0.0010161565
4.3718800000	0.0010145052
4.3726000000	0.0010128495
4.3733100000	0.0010111895
4.3740200000	0.0010095252
4.3747300000	0.0010078573
4.3754500000	0.0010061852
4.3761600000	0.0010045098
4.3768700000	0.0010028293
4.3775900000	0.0010011457
4.3783000000	0.0009994573
4.3790100000	0.0009977647
4.3797300000	0.0009960683
4.3804400000	0.0009943685
4.3811500000	0.0009926635
4.3818600000	0.0009909538
4.3825800000	0.0009892411
4.3832900000	0.0009875239
4.3840000000	0.0009858020
4.3847200000	0.0009840755
4.3854300000	0.0009823458
4.3861400000	0.0009806111
4.3868600000	0.0009788719
4.3875700000	0.0009771283
4.3882800000	0.0009753811
4.3889900000	0.0009736287
4.3897100000	0.0009718718
4.3904200000	0.0009701111
4.3911300000	0.0009683449
4.3918500000	0.0009665748
4.3925600000	0.0009648006
4.3932700000	0.0009630212
4.3939800000	0.0009612375
4.3947000000	0.0009594494
4.3954100000	0.0009576570
4.3961200000	0.0009558593
4.3968400000	0.0009540572
4.3975500000	0.0009522505
4.3982600000	0.0009504392
4.3989800000	0.0009486226
4.3996900000	0.0009468014
4.4004000000	0.0009454283
4.4011100000	0.0009444043
4.4018300000	0.0009433805
4.4025400000	0.0009423560
4.4032500000	0.0009413316
4.4039700000	0.0009403061
4.4046800000	0.0009392807
4.4053900000	0.0009382542
4.4061100000	0.0009372275
4.4068200000	0.0009362006
4.4075300000	0.0009351729
4.4082400000	0.0009341450
4.4089600000	0.0009331167
4.4096700000	0.0009320876
4.4103800000	0.0009310582
4.4111000000	0.0009300290
4.4118100000	0.0009289987
4.4125200000	0.0009279666
4.4132300000	0.0009269355
4.4139500000	0.0009259030
4.4146600000	0.0009248710
4.4153700000	0.0009238376
4.4160900000	0.0009228034
4.4168000000	0.0009217698
4.4175100000	0.0009207347
4.4182300000	0.0009196989
4.4189400000	0.0009186637
4.4196500000	0.0009176265
4.4203600000	0.0009165887
4.4210800000	0.0009155504
4.4217900000	0.0009145116
4.4225000000	0.0009134725
4.4232200000	0.0009124328
4.4239300000	0.0009113917
4.4246400000	0.0009103506
4.4253600000	0.0009093082
4.4260700000	0.0009082657
4.4267800000	0.0009072217
4.4274900000	0.0009061775
4.4282100000	0.0009051323
4.4289200000	0.0009040866
4.4296300000	0.0009030400
4.4303500000	0.0009019922
4.4310600000	0.0009009441
4.4317700000	0.0008998955
4.4324800000	0.0008988451
4.4332000000	0.0008977944
4.4339100000	0.0008967431
4.4346200000	0.0008956908
4.4353400000	0.0008946377
4.4360500000	0.0008935837
4.4367600000	0.0008925281
4.4374800000	0.0008914730
4.4381900000	0.0008904157
4.4389000000	0.0008893579
4.4396100000	0.0008882987
4.4403300000	0.0008872392
4.4410400000	0.0008861792
4.4417500000	0.0008851181
4.4424700000	0.0008840551
4.4431800000	0.0008829920
4.4438900000	0.0008819269
4.4446000000	0.0008808614
4.4453200000	0.0008797945
4.4460300000	0.0008787268
4.4467400000	0.0008776588
4.4474600000	0.0008765887
4.4481700000	0.0008755189
4.4488800000	0.0008744463
4.4496000000	0.0008733735
4.4503100000	0.0008722992
4.4510200000	0.0008712240
4.4517300000	0.0008701479
4.4524500000	0.0008690702
4.4531600000	0.0008679913
4.4538700000	0.0008669111
4.4545900000	0.0008658305
4.4553000000	0.0008647481
4.4560100000	0.0008636648
4.4567300000	0.0008625804
4.4574400000	0.0008614941
4.4581500000	0.0008604069
4.4588600000	0.0008593186
4.4595800000	0.0008582283
4.4602900000	0.0008571375
4.4610000000	0.0008560450
4.4617200000	0.0008549514
4.4624300000	0.0008538564
4.4631400000	0.0008527599
4.4638500000	0.0008516620
4.4645700000	0.0008505627
4.4652800000	0.0008494622
4.4659900000	0.0008483597
4.4667100000	0.0008472567
4.4674200000	0.0008461515
4.4681300000	0.0008450458
4.4688500000	0.0008439375
4.4695600000	0.0008428286
4.4702700000	0.0008417180
4.4709800000	0.0008406055
4.4717000000	0.0008394926
4.4724100000	0.0008383765
4.4731200000	0.0008372599
4.4738400000	0.0008361413
4.4745500000	0.0008350217
4.4752600000	0.0008338997
4.4759800000	0.0008327766
4.4766900000	0.0008316513
4.4774000000	0.0008305251
4.4781100000	0.0008293969
4.4788300000	0.0008282668
4.4795400000	0.0008271353
4.4802500000	0.0008260021
4.4809700000	0.0008248673
4.4816800000	0.0008237303
4.4823900000	0.0008225922
4.4831000000	0.0008214526
4.4838200000	0.0008203104
4.4845300000	0.0008191663
4.4852400000	0.0008180209
4.4859600000	0.0008168732
4.4866700000	0.0008157239
4.4873800000	0.0008145728
4.4881000000	0.0008134202
4.4888100000	0.0008122651
4.4895200000	0.0008111082
4.4902300000	0.0008099494
4.4909500000	0.0008087886
4.4916600000	0.0008076266
4.4923700000	0.0008064615
4.4930900000	0.0008052951
4.4938000000	0.0008041262
4.4945100000	0.0008029557
4.4952300000	0.0008017828
4.4959400000	0.0008006081
4.4966500000	0.0007994312
4.4973600000	0.0007982523
4.4980800000	0.0007970711
4.4987900000	0.0007958884
4.4995000000	0.0007947024
4.5002200000	0.0007936885
4.5009300000	0.0007930732
4.5016400000	0.0007924583
4.5023500000	0.0007918440
4.5030700000	0.0007912305
4.5037800000	0.0007906167
4.5044900000	0.0007900035
4.5052100000	0.0007893901
4.5059200000	0.0007887786
4.5066300000	0.0007881657
4.5073500000	0.0007875539
4.5080600000	0.0007869431
4.5087700000	0.0007863324
4.5094800000	0.0007857215
4.5102000000	0.0007851106
4.5109100000	0.0007845009
4.5116200000	0.0007838918
4.5123400000	0.0007832825
4.5130500000	0.0007826738
4.5137600000	0.0007820659
4.5144700000	0.0007814576
4.5151900000	0.0007808491
4.5159000000	0.0007802414
4.5166100000	0.0007796352
4.5173300000	0.0007790274
4.5180400000	0.0007784219
4.5187500000	0.0007778147
4.5194700000	0.0007772091
4.5201800000	0.0007766039
4.5208900000	0.0007759981
4.5216000000	0.0007753931
4.5223200000	0.0007747879
4.5230300000	0.0007741837
4.5237400000	0.0007735797
4.5244600000	0.0007729758
4.5251700000	0.0007723724
4.5258800000	0.0007717692
4.5266000000	0.0007711658
4.5273100000	0.0007705623
4.5280200000	0.0007699601
4.5287300000	0.0007693578
4.5294500000	0.0007687553
4.5301600000	0.0007681535
4.5308700000	0.0007675522
4.5315900000	0.0007669502
4.5323000000	0.0007663487
4.5330100000	0.0007657481
4.5337200000	0.0007651473
4.5344400000	0.0007645471
4.5351500000	0.0007639458
4.5358600000	0.0007633457
4.5365800000	0.0007627461
4.5372900000	0.0007621461
4.5380000000	0.0007615465
4.5387200000	0.0007609466
4.5394300000	0.0007603472
4.5401400000	0.0007597487
4.5408500000	0.0007591488
4.5415700000	0.0007585503
4.5422800000	0.0007579522
4.5429900000	0.0007573533
4.5437100000	0.0007567542
4.5444200000	0.0007561563
4.5451300000	0.0007555579
4.5458500000	0.0007549602
4.5465600000	0.0007543619
4.5472700000	0.0007537639
4.5479800000	0.0007531667
4.5487000000	0.0007525686
4.5494100000	0.0007519708
4.5501200000	0.0007513733
4.5508400000	0.0007507763
4.5515500000	0.0007501787
4.5522600000	0.0007495812
4.5529700000	0.0007489844
4.5536900000	0.0007483865
4.5544000000	0.0007477893
4.5551100000	0.0007471929
4.5558300000	0.0007465949
4.5565400000	0.0007459979
4.5572500000	0.0007454013
4.5579700000	0.0007448043
4.5586800000	0.0007442073
4.5593900000	0.0007436101
4.5601000000	0.0007430131
4.5608200000	0.0007424158
4.5615300000	0.0007418183
4.5622400000	0.0007412219
4.5629600000	0.0007406241
4.5636700000	0.0007400269
4.5643800000	0.0007394301
4.5651000000	0.0007388324
4.5658100000	0.0007382350
4.5665200000	0.0007376373
4.5672300000	0.0007370396
4.5679500000	0.0007364418
4.5686600000	0.0007358438
4.5693700000	0.0007352466
4.5700900000	0.0007346470
4.5708000000	0.0007340489
4.5715100000	0.0007334505
4.5722200000	0.0007328527
4.5729400000	0.0007322540
4.5736500000	0.0007316557
4.5743600000	0.0007310563
4.5750800000	0.0007304573
4.5757900000	0.0007298583
4.5765000000	0.0007292587
4.5772200000	0.0007286593
4.5779300000	0.0007280596
4.5786400000	0.0007274592
4.5793500000	0.0007268592
4.5800700000	0.0007262591
4.5807800000	0.0007256583
4.5814900000	0.0007250576
4.5822100000	0.0007244566
4.5829200000	0.0007238551
4.5836300000	0.0007232536
4.5843400000	0.0007226512
4.5850600000	0.0007220491
4.5857700000	0.0007214461
4.5864800000	0.0007208432
4.5872000000	0.0007202404
4.5879100000	0.0007196374
4.5886200000	0.0007190333
4.5893400000	0.0007184289
4.5900500000	0.0007178249
4.5907600000	0.0007172196
4.5914700000	0.0007166151
4.5921900000	0.0007160092
4.5929000000	0.0007154029
4.5936100000	0.0007147969
4.5943300000	0.0007141895
4.5950400000	0.0007135825
4.5957500000	0.0007129744
4.5964700000	0.0007123669
4.5971800000	0.0007117581
4.5978900000	0.0007111490
4.5986000000	0.0007105395
4.5993200000	0.0007099293
4.6000300000	0.0007093310
4.6007400000	0.0007090032
4.6014600000	0.0007086772
4.6021700000	0.0007083522
4.6028800000	0.0007080281
4.6035900000	0.0007077047
4.6043100000	0.0007073829
4.6050200000	0.0007070611
4.6057300000	0.0007067409
4.6064500000	0.0007064224
4.6071600000	0.0007061039
4.6078700000	0.0007057864
4.6085900000	0.0007054704
4.6093000000	0.0007051548
4.6100100000	0.0007048406
4.6107200000	0.0007045277
4.6114400000	0.0007042146
4.6121500000	0.0007039035
4.6128600000	0.0007035936
4.6135800000	0.0007032843
4.6142900000	0.0007029763
4.6150000000	0.0007026686
4.6157200000	0.0007023621
4.6164300000	0.0007020573
4.6171400000	0.0007017528
4.6178500000	0.0007014492
4.6185700000	0.0007011474
4.6192800000	0.0007008467
4.6199900000	0.0007005466
4.6207100000	0.0007002468
4.6214200000	0.0006999492
4.6221300000	0.0006996510
4.6228400000	0.0006993549
4.6235600000	0.0006990606
4.6242700000	0.0006987662
4.6249800000	0.0006984736
4.6257000000	0.0006981815
4.6264100000	0.0006978898
4.6271200000	0.0006976003
4.6278400000	0.0006973114
4.6285500000	0.0006970232
4.6292600000	0.0006967365
4.6299700000	0.0006964506
4.6306900000	0.0006961658
4.6314000000	0.0006958816
4.6321100000	0.0006955990
4.6328300000	0.0006953176
4.6335400000	0.0006950364
4.6342500000	0.0006947571
4.6349600000	0.0006944782
4.6356800000	0.0006942006
4.6363900000	0.0006939248
4.6371000000	0.0006936483
4.6378200000	0.0006933740
4.6385300000	0.0006931000
4.6392400000	0.0006928280
4.6399600000	0.0006925572
4.6406700000	0.0006922865
4.6413800000	0.0006920177
4.6420900000	0.0006917489
4.6428100000	0.0006914819
4.6435200000	0.0006912164
4.6442300000	0.0006909510
4.6449500000	0.0006906871
4.6456600000	0.0006904238
4.6463700000	0.0006901616
4.6470900000	0.0006899021
4.6478000000	0.0006896420
4.6485100000	0.0006893833
4.6492200000	0.0006891259
4.6499400000	0.0006888697
4.6506500000	0.0006886139
4.6513600000	0.0006883592
4.6520800000	0.0006881063
4.6527900000	0.0006878539
4.6535000000	0.0006876030
4.6542100000	0.0006873531
4.6549300000	0.0006871044
4.6556400000	0.0006868565
4.6563500000	0.0006866093
4.6570700000	0.0006863640
4.6577800000	0.0006861197
4.6584900000	0.0006858764
4.6592100000	0.0006856338
4.6599200000	0.0006853925
4.6606300000	0.0006851514
4.6613400000	0.0006849132
4.6620600000	0.0006846747
4.6627700000	0.0006844385
4.6634800000	0.0006842025
4.6642000000	0.0006839672
4.6649100000	0.0006837343
4.6656200000	0.0006835012
4.6663400000	0.0006832702
4.6670500000	0.0006830399
4.6677600000	0.0006828108
4.6684700000	0.0006825824
4.6691900000	0.0006823563
4.6699000000	0.0006821306
4.6706100000	0.0006819061
4.6713300000	0.0006816823
4.6720400000	0.0006814600
4.6727500000	0.0006812389
4.6734600000	0.0006810182
4.6741800000	0.0006807994
4.6748900000	0.0006805817
4.6756000000	0.0006803651
4.6763200000	0.0006801488
4.6770300000	0.0006799348
4.6777400000	0.0006797216
4.6784600000	0.0006795095
4.6791700000	0.0006792983
4.6798800000	0.0006790889
4.6805900000	0.0006788800
4.6813100000	0.0006786723
4.6820200000	0.0006784665
4.6827300000	0.0006782612
4.6834500000	0.0006780575
4.6841600000	0.0006778542
4.6848700000	0.0006776521
4.6855900000	0.0006774522
4.6863000000	0.0006772527
4.6870100000	0.0006770544
4.6877200000	0.0006768577
4.6884400000	0.0006766616
4.6891500000	0.0006764672
4.6898600000	0.0006762739
4.6905800000	0.0006760819
4.6912900000	0.0006758911
4.6920000000	0.0006757008
4.6927100000	0.0006755123
4.6934300000	0.0006753246
4.6941400000	0.0006751386
4.6948500000	0.0006749532
4.6955700000	0.0006747697
4.6962800000	0.0006745867
4.6969900000	0.0006744048
4.6977100000	0.0006742259
4.6984200000	0.0006740464
4.6991300000	0.0006738686
4.6998400000	0.0006736924
4.7005600000	0.0006734102
4.7012700000	0.0006731000
4.7019800000	0.0006727905
4.7027000000	0.0006724814
4.7034100000	0.0006721737
4.7041200000	0.0006718666
4.7048300000	0.0006715602
4.7055500000	0.0006712548
4.7062600000	0.0006709503
4.7069700000	0.0006706469
4.7076900000	0.0006703444
4.7084000000	0.0006700411
4.7091100000	0.0006697404
4.7098300000	0.0006694399
4.7105400000	0.0006691407
4.7112500000	0.0006688417
4.7119600000	0.0006685434
4.7126800000	0.0006682466
4.7133900000	0.0006679504
4.7141000000	0.0006676550
4.7148200000	0.0006673606
4.7155300000	0.0006670666
4.7162400000	0.0006667741
4.7169600000	0.0006664820
4.7176700000	0.0006661906
4.7183800000	0.0006659004
4.7190900000	0.0006656106
4.7198100000	0.0006653220
4.7205200000	0.0006650339
4.7212300000	0.0006647464
4.7219500000	0.0006644604
4.7226600000	0.0006641756
4.7233700000	0.0006638903
4.7240800000	0.0006636072
4.7248000000	0.0006633243
4.7255100000	0.0006630423
4.7262200000	0.0006627613
4.7269400000	0.0006624814
4.7276500000	0.0006622015
4.7283600000	0.0006619229
4.7290800000	0.0006616455
4.7297900000	0.0006613683
4.7305000000	0.0006610921
4.7312100000	0.0006608170
4.7319300000	0.0006605436
4.7326400000	0.0006602693
4.7333500000	0.0006599973
4.7340700000	0.0006597250
4.7347800000	0.0006594537
4.7354900000	0.0006591840
4.7362100000	0.0006589149
4.7369200000	0.0006586467
4.7376300000	0.0006583791
4.7383400000	0.0006581126
4.7390600000	0.0006578464
4.7397700000	0.0006575815
4.7404800000	0.0006573176
4.7412000000	0.0006570548
4.7419100000	0.0006567924
4.7426200000	0.0006565307
4.7433300000	0.0006562703
4.7440500000	0.0006560103
4.7447600000	0.0006557513
4.7454700000	0.0006554935
4.7461900000	0.0006552363
4.7469000000	0.0006549803
4.7476100000	0.0006547245
4.7483300000	0.0006544703
4.7490400000	0.0006542164
4.7497500000	0.0006539638
4.7504600000	0.0006537118
4.7511800000	0.0006534608
4.7518900000	0.0006532103
4.7526000000	0.0006529614
4.7533200000	0.0006527127
4.7540300000	0.0006524653
4.7547400000	0.0006522187
4.7554600000	0.0006519726
4.7561700000	0.0006517284
4.7568800000	0.0006514839
4.7575900000	0.0006512407
4.7583100000	0.0006509980
4.7590200000	0.0006507569
4.7597300000	0.0006505166
4.7604500000	0.0006502762
4.7611600000	0.0006500383
4.7618700000	0.0006498001
4.7625800000	0.0006495628
4.7633000000	0.0006493268
4.7640100000	0.0006490910
4.7647200000	0.0006488567
4.7654400000	0.0006486237
4.7661500000	0.0006483910
4.7668600000	0.0006481587
4.7675800000	0.0006479282
4.7682900000	0.0006476980
4.7690000000	0.0006474696
4.7697100000	0.0006472406
4.7704300000	0.0006470139
4.7711400000	0.0006467876
4.7718500000	0.0006465624
4.7725700000	0.0006463378
4.7732800000	0.0006461142
4.7739900000	0.0006458917
4.7747000000	0.0006456701
4.7754200000	0.0006454490
4.7761300000	0.0006452295
4.7768400000	0.0006450103
4.7775600000	0.0006447923
4.7782700000	0.0006445746
4.7789800000	0.0006443586
4.7797000000	0.0006441434
4.7804100000	0.0006439284
4.7811200000	0.0006437150
4.7818300000	0.0006435023
4.7825500000	0.0006432906
4.7832600000	0.0006430796
4.7839700000	0.0006428697
4.7846900000	0.0006426607
4.7854000000	0.0006424524
4.7861100000	0.0006422459
4.7868300000	0.0006420391
4.7875400000	0.0006418340
4.7882500000	0.0006416296
4.7889600000	0.0006414258
4.7896800000	0.0006412235
4.7903900000	0.0006410222
4.7911000000	0.0006408215
4.7918200000	0.0006406216
4.7925300000	0.0006404235
4.7932400000	0.0006402255
4.7939500000	0.0006400283
4.7946700000	0.0006398320
4.7953800000	0.0006396372
4.7960900000	0.0006394431
4.7968100000	0.0006392499
4.7975200000	0.0006390574
4.7982300000	0.0006388666
4.7989500000	0.0006386763
4.7996600000	0.0006384865
4.8003700000	0.0006382196
4.8010800000	0.0006378795
4.8018000000	0.0006375406
4.8025100000	0.0006372023
4.8032200000	0.0006368656
4.8039400000	0.0006365280
4.8046500000	0.0006361917
4.8053600000	0.0006358561
4.8060800000	0.0006355211
4.8067900000	0.0006351870
4.8075000000	0.0006348535
4.8082100000	0.0006345210
4.8089300000	0.0006341876
4.8096400000	0.0006338564
4.8103500000	0.0006335254
4.8110700000	0.0006331949
4.8117800000	0.0006328647
4.8124900000	0.0006325358
4.8132000000	0.0006322075
4.8139200000	0.0006318797
4.8146300000	0.0006315527
4.8153400000	0.0006312264
4.8160600000	0.0006309000
4.8167700000	0.0006305750
4.8174800000	0.0006302507
4.8182000000	0.0006299263
4.8189100000	0.0006296032
4.8196200000	0.0006292807
4.8203300000	0.0006289585
4.8210500000	0.0006286375
4.8217600000	0.0006283173
4.8224700000	0.0006279968
4.8231900000	0.0006276774
4.8239000000	0.0006273591
4.8246100000	0.0006270408
4.8253300000	0.0006267232
4.8260400000	0.0006264070
4.8267500000	0.0006260909
4.8274600000	0.0006257755
4.8281800000	0.0006254605
4.8288900000	0.0006251463
4.8296000000	0.0006248330
4.8303200000	0.0006245201
4.8310300000	0.0006242075
4.8317400000	0.0006238962
4.8324500000	0.0006235855
4.8331700000	0.0006232746
4.8338800000	0.0006229655
4.8345900000	0.0006226567
4.8353100000	0.0006223478
4.8360200000	0.0006220399
4.8367300000	0.0006217339
4.8374500000	0.0006214270
4.8381600000	0.0006211215
4.8388700000	0.0006208159
4.8395800000	0.0006205121
4.8403000000	0.0006202082
4.8410100000	0.0006199046
4.8417200000	0.0006196028
4.8424400000	0.0006193008
4.8431500000	0.0006189996
4.8438600000	0.0006186991
4.8445700000	0.0006183990
4.8452900000	0.0006181004
4.8460000000	0.0006178020
4.8467100000	0.0006175041
4.8474300000	0.0006172066
4.8481400000	0.0006169097
4.8488500000	0.0006166137
4.8495700000	0.0006163182
4.8502800000	0.0006160244
4.8509900000	0.0006157295
4.8517000000	0.0006154363
4.8524200000	0.0006151438
4.8531300000	0.0006148518
4.8538400000	0.0006145603
4.8545600000	0.0006142692
4.8552700000	0.0006139789
4.8559800000	0.0006136900
4.8567000000	0.0006134006
4.8574100000	0.0006131131
4.8581200000	0.0006128256
4.8588300000	0.0006125382
4.8595500000	0.0006122520
4.8602600000	0.0006119665
4.8609700000	0.0006116811
4.8616900000	0.0006113970
4.8624000000	0.0006111136
4.8631100000	0.0006108308
4.8638200000	0.0006105484
4.8645400000	0.0006102665
4.8652500000	0.0006099858
4.8659600000	0.0006097050
4.8666800000	0.0006094255
4.8673900000	0.0006091461
4.8681000000	0.0006088684
4.8688200000	0.0006085906
4.8695300000	0.0006083130
4.8702400000	0.0006080365
4.8709500000	0.0006077610
4.8716700000	0.0006074855
4.8723800000	0.0006072109
4.8730900000	0.0006069373
4.8738100000	0.0006066641
4.8745200000	0.0006063916
4.8752300000	0.0006061198
4.8759500000	0.0006058482
4.8766600000	0.0006055777
4.8773700000	0.0006053079
4.8780800000	0.0006050384
4.8788000000	0.0006047702
4.8795100000	0.0006045021
4.8802200000	0.0006042348
4.8809400000	0.0006039684
4.8816500000	0.0006037019
4.8823600000	0.0006034361
4.8830700000	0.0006031717
4.8837900000	0.0006029083
4.8845000000	0.0006026441
4.8852100000	0.0006023813
4.8859300000	0.0006021189
4.8866400000	0.0006018583
4.8873500000	0.0006015972
4.8880700000	0.0006013370
4.8887800000	0.0006010775
4.8894900000	0.0006008184
4.8902000000	0.0006005604
4.8909200000	0.0006003028
4.8916300000	0.0006000461
4.8923400000	0.0005997895
4.8930600000	0.0005995342
4.8937700000	0.0005992796
4.8944800000	0.0005990252
4.8952000000	0.0005987720
4.8959100000	0.0005985191
4.8966200000	0.0005982663
4.8973300000	0.0005980143
4.8980500000	0.0005977635
4.8987600000	0.0005975140
4.8994700000	0.0005972637
4.9001900000	0.0005969879
4.9009000000	0.0005966379
4.9016100000	0.0005962878
4.9023200000	0.0005959384
4.9030400000	0.0005955892
4.9037500000	0.0005952410
4.9044600000	0.0005948931
4.9051800000	0.0005945458
4.9058900000	0.0005941985
4.9066000000	0.0005938526
4.9073200000	0.0005935068
4.9080300000	0.0005931618
4.9087400000	0.0005928170
4.9094500000	0.0005924725
4.9101700000	0.0005921286
4.9108800000	0.0005917856
4.9115900000	0.0005914422
4.9123100000	0.0005911001
4.9130200000	0.0005907585
4.9137300000	0.0005904165
4.9144400000	0.0005900760
4.9151600000	0.0005897352
4.9158700000	0.0005893957
4.9165800000	0.0005890561
4.9173000000	0.0005887173
4.9180100000	0.0005883795
4.9187200000	0.0005880421
4.9194400000	0.0005877039
4.9201500000	0.0005873674
4.9208600000	0.0005870317
4.9215700000	0.0005866950
4.9222900000	0.0005863600
4.9230000000	0.0005860253
4.9237100000	0.0005856911
4.9244300000	0.0005853572
4.9251400000	0.0005850238
4.9258500000	0.0005846913
4.9265700000	0.0005843589
4.9272800000	0.0005840271
4.9279900000	0.0005836956
4.9287000000	0.0005833652
4.9294200000	0.0005830343
4.9301300000	0.0005827044
4.9308400000	0.0005823751
4.9315600000	0.0005820468
4.9322700000	0.0005817177
4.9329800000	0.0005813907
4.9336900000	0.0005810632
4.9344100000	0.0005807360
4.9351200000	0.0005804096
4.9358300000	0.0005800840
4.9365500000	0.0005797590
4.9372600000	0.0005794336
4.9379700000	0.0005791092
4.9386900000	0.0005787856
4.9394000000	0.0005784616
4.9401100000	0.0005781394
4.9408200000	0.0005778163
4.9415400000	0.0005774945
4.9422500000	0.0005771729
4.9429600000	0.0005768522
4.9436800000	0.0005765320
4.9443900000	0.0005762117
4.9451000000	0.0005758925
4.9458200000	0.0005755732
4.9465300000	0.0005752551
4.9472400000	0.0005749369
4.9479500000	0.0005746194
4.9486700000	0.0005743019
4.9493800000	0.0005739860
4.9500900000	0.0005736695
4.9508100000	0.0005733535
4.9515200000	0.0005730388
4.9522300000	0.0005727241
4.9529400000	0.0005724103
4.9536600000	0.0005720966
4.9543700000	0.0005717836
4.9550800000	0.0005714704
4.9558000000	0.0005711588
4.9565100000	0.0005708465
4.9572200000	0.0005705359
4.9579400000	0.0005702251
4.9586500000	0.0005699148
4.9593600000	0.0005696048
4.9600700000	0.0005692958
4.9607900000	0.0005689865
4.9615000000	0.0005686785
4.9622100000	0.0005683706
4.9629300000	0.0005680638
4.9636400000	0.0005677564
4.9643500000	0.0005674497
4.9650700000	0.0005671442
4.9657800000	0.0005668387
4.9664900000	0.0005665337
4.9672000000	0.0005662292
4.9679200000	0.0005659251
4.9686300000	0.0005656218
4.9693400000	0.0005653190
4.9700600000	0.0005650156
4.9707700000	0.0005647140
4.9714800000	0.0005644121
4.9721900000	0.0005641116
4.9729100000	0.0005638105
4.9736200000	0.0005635107
4.9743300000	0.0005632105
4.9750500000	0.0005629115
4.9757600000	0.0005626125
4.9764700000	0.0005623149
4.9771900000	0.0005620169
4.9779000000	0.0005617189
4.9786100000	0.0005614224
4.9793200000	0.0005611264
4.9800400000	0.0005608302
4.9807500000	0.0005605351
4.9814600000	0.0005602398
4.9821800000	0.0005599456
4.9828900000	0.0005596515
4.9836000000	0.0005593577
4.9843100000	0.0005590644
4.9850300000	0.0005587722
4.9857400000	0.0005584797
4.9864500000	0.0005581883
4.9871700000	0.0005578972
4.9878800000	0.0005576066
4.9885900000	0.0005573166
4.9893100000	0.0005570264
4.9900200000	0.0005567371
4.9907300000	0.0005564482
4.9914400000	0.0005561599
4.9921600000	0.0005558724
4.9928700000	0.0005555845
4.9935800000	0.0005552976
4.9943000000	0.0005550115
4.9950100000	0.0005547258
4.9957200000	0.0005544395
4.9964400000	0.0005541549
4.9971500000	0.0005538696
4.9978600000	0.0005535862
4.9985700000	0.0005533025
4.9992900000	0.0005530192
5.0000000000	0.0005527365
