# energy (eV)    P(omega), $W_{\text{p}}/W$ = 0.50, $h/W$ = 0.60, $d/W$ = 0.20, x/W = 0.0, $E_{\rm e}$ = 200 keV
0.0100000000	0.0055904869
0.0107130000	0.0058670663
0.0114259000	0.0061501664
0.0121389000	0.0064392261
0.0128518000	0.0067337289
0.0135648000	0.0070332105
0.0142778000	0.0073372354
0.0149907000	0.0076454059
0.0157037000	0.0079573540
0.0164166000	0.0082727334
0.0171296000	0.0085912337
0.0178425000	0.0089125373
0.0185555000	0.0092363773
0.0192685000	0.0095624907
0.0199814000	0.0098906208
0.0206944000	0.0102205360
0.0214073000	0.0105520201
0.0221203000	0.0108848611
0.0228333000	0.0112188641
0.0235462000	0.0115538368
0.0242592000	0.0118896095
0.0249721000	0.0122259997
0.0256851000	0.0125628691
0.0263981000	0.0129000455
0.0271110000	0.0132373980
0.0278240000	0.0135747801
0.0285369000	0.0139120634
0.0292499000	0.0142491251
0.0299629000	0.0145858437
0.0306758000	0.0149221046
0.0313888000	0.0152578048
0.0321017000	0.0155928317
0.0328147000	0.0159270930
0.0335276000	0.0162605043
0.0342406000	0.0165929579
0.0349536000	0.0169243754
0.0356665000	0.0172546729
0.0363795000	0.0175837741
0.0370924000	0.0179116108
0.0378054000	0.0182381023
0.0385184000	0.0185631808
0.0392313000	0.0188867930
0.0399443000	0.0192088665
0.0406572000	0.0195293417
0.0413702000	0.0198481709
0.0420832000	0.0201653017
0.0427961000	0.0204806674
0.0435091000	0.0207942381
0.0442220000	0.0211059535
0.0449350000	0.0214157814
0.0456479000	0.0217236736
0.0463609000	0.0220295942
0.0470739000	0.0223335069
0.0477868000	0.0226353648
0.0484998000	0.0229351511
0.0492127000	0.0232328222
0.0499257000	0.0235283596
0.0506387000	0.0238217199
0.0513516000	0.0241128873
0.0520646000	0.0244018319
0.0527775000	0.0246885311
0.0534905000	0.0249729657
0.0542035000	0.0252551131
0.0549164000	0.0255349551
0.0556294000	0.0258124754
0.0563423000	0.0260876528
0.0570553000	0.0263604698
0.0577683000	0.0266309262
0.0584812000	0.0268989882
0.0591942000	0.0271646697
0.0599071000	0.0274279302
0.0606201000	0.0276887809
0.0613330000	0.0279472154
0.0620460000	0.0282032075
0.0627590000	0.0284567700
0.0634719000	0.0287078813
0.0641849000	0.0289565465
0.0648978000	0.0292027637
0.0656108000	0.0294465147
0.0663238000	0.0296878053
0.0670367000	0.0299266455
0.0677497000	0.0301630189
0.0684626000	0.0303969309
0.0691756000	0.0306283822
0.0698886000	0.0308573699
0.0706015000	0.0310839041
0.0713145000	0.0313079773
0.0720274000	0.0315295961
0.0727404000	0.0317487768
0.0734534000	0.0319654989
0.0741663000	0.0321797846
0.0748793000	0.0323916363
0.0755922000	0.0326010578
0.0763052000	0.0328080590
0.0770181000	0.0330126425
0.0777311000	0.0332148084
0.0784441000	0.0334145796
0.0791570000	0.0336119665
0.0798700000	0.0338069530
0.0805829000	0.0339995734
0.0812959000	0.0341898231
0.0820089000	0.0343777146
0.0827218000	0.0345632626
0.0834348000	0.0347464734
0.0841477000	0.0349273521
0.0848607000	0.0351059178
0.0855737000	0.0352821802
0.0862866000	0.0354561437
0.0869996000	0.0356278350
0.0877125000	0.0357972593
0.0884255000	0.0359644198
0.0891384000	0.0361293428
0.0898514000	0.0362920306
0.0905644000	0.0364525004
0.0912773000	0.0366107589
0.0919903000	0.0367668379
0.0927032000	0.0369207307
0.0934162000	0.0370724607
0.0941292000	0.0372220429
0.0948421000	0.0373694838
0.0955551000	0.0375148133
0.0962680000	0.0376580316
0.0969810000	0.0377991519
0.0976940000	0.0379381938
0.0984069000	0.0380751771
0.0991199000	0.0382101147
0.0998328000	0.0383430142
0.1005460000	0.0384738980
0.1012590000	0.0386027750
0.1019720000	0.0387296660
0.1026850000	0.0388545874
0.1033980000	0.0389775542
0.1041110000	0.0390985737
0.1048240000	0.0392176729
0.1055370000	0.0393348585
0.1062490000	0.0394501487
0.1069620000	0.0395635659
0.1076750000	0.0396751227
0.1083880000	0.0397848295
0.1091010000	0.0398927069
0.1098140000	0.0399987634
0.1105270000	0.0401030328
0.1112400000	0.0402055186
0.1119530000	0.0403062315
0.1126660000	0.0404051970
0.1133790000	0.0405024299
0.1140920000	0.0405979392
0.1148050000	0.0406917527
0.1155180000	0.0407838756
0.1162310000	0.0408743315
0.1169440000	0.0409631291
0.1176570000	0.0410502939
0.1183700000	0.0411358336
0.1190830000	0.0412197665
0.1197960000	0.0413021117
0.1205090000	0.0413828823
0.1212220000	0.0414620954
0.1219350000	0.0415397599
0.1226480000	0.0416158954
0.1233600000	0.0416905354
0.1240730000	0.0417636684
0.1247860000	0.0418353207
0.1254990000	0.0419055142
0.1262120000	0.0419742602
0.1269250000	0.0420415679
0.1276380000	0.0421074630
0.1283510000	0.0421719523
0.1290640000	0.0422350586
0.1297770000	0.0422967914
0.1304900000	0.0423571661
0.1312030000	0.0424162027
0.1319160000	0.0424739110
0.1326290000	0.0425303109
0.1333420000	0.0425854190
0.1340550000	0.0426392425
0.1347680000	0.0426917974
0.1354810000	0.0427431021
0.1361940000	0.0427931705
0.1369070000	0.0428420184
0.1376200000	0.0428896562
0.1383330000	0.0429361030
0.1390460000	0.0429813691
0.1397590000	0.0430254702
0.1404710000	0.0430684216
0.1411840000	0.0431102365
0.1418970000	0.0431509279
0.1426100000	0.0431905232
0.1433230000	0.0432290105
0.1440360000	0.0432664194
0.1447490000	0.0433027619
0.1454620000	0.0433380479
0.1461750000	0.0433722893
0.1468880000	0.0434055160
0.1476010000	0.0434377195
0.1483140000	0.0434689253
0.1490270000	0.0434991433
0.1497400000	0.0435283829
0.1504530000	0.0435566629
0.1511660000	0.0435839959
0.1518790000	0.0436103880
0.1525920000	0.0436358590
0.1533050000	0.0436604086
0.1540180000	0.0436840677
0.1547310000	0.0437068331
0.1554440000	0.0437287244
0.1561570000	0.0437497534
0.1568700000	0.0437699298
0.1575830000	0.0437892630
0.1582950000	0.0438077714
0.1590080000	0.0438254578
0.1597210000	0.0438423345
0.1604340000	0.0438584223
0.1611470000	0.0438737222
0.1618600000	0.0438882449
0.1625730000	0.0439020106
0.1632860000	0.0439150181
0.1639990000	0.0439272911
0.1647120000	0.0439388246
0.1654250000	0.0439496372
0.1661380000	0.0439597365
0.1668510000	0.0439691430
0.1675640000	0.0439778486
0.1682770000	0.0439858757
0.1689900000	0.0439932260
0.1697030000	0.0439999129
0.1704160000	0.0440059460
0.1711290000	0.0440113337
0.1718420000	0.0440160814
0.1725550000	0.0440201971
0.1732680000	0.0440236951
0.1739810000	0.0440265796
0.1746940000	0.0440288625
0.1754060000	0.0440305517
0.1761190000	0.0440316443
0.1768320000	0.0440321565
0.1775450000	0.0440320992
0.1782580000	0.0440314671
0.1789710000	0.0440302814
0.1796840000	0.0440285414
0.1803970000	0.0440262525
0.1811100000	0.0440234148
0.1818230000	0.0440200518
0.1825360000	0.0440161517
0.1832490000	0.0440117293
0.1839620000	0.0440067908
0.1846750000	0.0440013332
0.1853880000	0.0439953694
0.1861010000	0.0439888970
0.1868140000	0.0439819308
0.1875270000	0.0439744608
0.1882400000	0.0439664934
0.1889530000	0.0439580457
0.1896660000	0.0439491063
0.1903790000	0.0439396809
0.1910920000	0.0439297731
0.1918050000	0.0439193859
0.1925180000	0.0439085201
0.1932300000	0.0438971748
0.1939430000	0.0438853563
0.1946560000	0.0438730601
0.1953690000	0.0438602897
0.1960820000	0.0438470362
0.1967950000	0.0438333120
0.1975080000	0.0438191065
0.1982210000	0.0438044223
0.1989340000	0.0437892607
0.1996470000	0.0437736105
0.2003600000	0.0437574723
0.2010730000	0.0437408437
0.2017860000	0.0437237159
0.2024990000	0.0437060951
0.2032120000	0.0436879602
0.2039250000	0.0436693232
0.2046380000	0.0436501657
0.2053510000	0.0436304790
0.2060640000	0.0436102709
0.2067770000	0.0435895102
0.2074900000	0.0435682060
0.2082030000	0.0435463337
0.2089160000	0.0435239032
0.2096290000	0.0435008826
0.2103410000	0.0434772643
0.2110540000	0.0434530399
0.2117670000	0.0434281962
0.2124800000	0.0434027167
0.2131930000	0.0433765782
0.2139060000	0.0433497673
0.2146190000	0.0433222673
0.2153320000	0.0432940586
0.2160450000	0.0432651182
0.2167580000	0.0432354289
0.2174710000	0.0432049656
0.2181840000	0.0431737010
0.2188970000	0.0431416141
0.2196100000	0.0431086756
0.2203230000	0.0430748529
0.2210360000	0.0430401172
0.2217490000	0.0430044410
0.2224620000	0.0429677882
0.2231750000	0.0429301180
0.2238880000	0.0428913966
0.2246010000	0.0428515912
0.2253140000	0.0428106478
0.2260270000	0.0427685313
0.2267400000	0.0427251921
0.2274520000	0.0426805817
0.2281650000	0.0426346531
0.2288780000	0.0425873437
0.2295910000	0.0425386109
0.2303040000	0.0424883816
0.2310170000	0.0424366012
0.2317300000	0.0423832027
0.2324430000	0.0430699119
0.2331560000	0.0438788681
0.2338690000	0.0446813462
0.2345820000	0.0454569688
0.2352950000	0.0462358694
0.2360080000	0.0470785134
0.2367210000	0.0479947089
0.2374340000	0.0489372612
0.2381470000	0.0499034344
0.2388600000	0.0508666434
0.2395730000	0.0519925286
0.2402860000	0.0530645673
0.2409990000	0.0542737154
0.2417120000	0.0555118907
0.2424250000	0.0567732258
0.2431380000	0.0581480729
0.2438510000	0.0596051424
0.2445640000	0.0611373451
0.2452760000	0.0627406017
0.2459890000	0.0644273447
0.2467020000	0.0662833944
0.2474150000	0.0683842832
0.2481280000	0.0703536227
0.2488410000	0.0727655945
0.2495540000	0.0753579932
0.2502670000	0.0780525676
0.2509800000	0.0812634353
0.2516930000	0.0851331050
0.2524060000	0.0893376742
0.2531190000	0.0952593226
0.2538320000	0.1065170484
0.2545450000	0.1092731359
0.2552580000	0.1116653329
0.2559710000	0.1139596732
0.2566840000	0.1161103369
0.2573970000	0.1182512326
0.2581100000	0.1203764766
0.2588230000	0.1223869255
0.2595360000	0.1244782478
0.2602490000	0.1265483404
0.2609620000	0.1286084118
0.2616750000	0.1306171050
0.2623870000	0.1327252996
0.2631000000	0.1347329281
0.2638130000	0.1367604431
0.2645260000	0.1388870909
0.2652390000	0.1410410487
0.2659520000	0.1430523719
0.2666650000	0.1452720695
0.2673780000	0.1474835999
0.2680910000	0.1495781641
0.2688040000	0.1518399217
0.2695170000	0.1542344633
0.2702300000	0.1565992252
0.2709430000	0.1588209059
0.2716560000	0.1613119416
0.2723690000	0.1638338588
0.2730820000	0.1662070779
0.2737950000	0.1688823984
0.2745080000	0.1715444724
0.2752210000	0.1741728961
0.2759340000	0.1770678332
0.2766470000	0.1799323560
0.2773600000	0.1827512991
0.2780730000	0.1858443012
0.2787860000	0.1889762731
0.2794980000	0.1921088659
0.2802110000	0.1954971520
0.2809240000	0.1989479182
0.2816370000	0.2023949161
0.2823500000	0.2061722618
0.2830630000	0.2101283732
0.2837760000	0.2139262254
0.2844890000	0.2181452434
0.2852020000	0.2224883886
0.2859150000	0.2267172050
0.2866280000	0.2313623258
0.2873410000	0.2364462913
0.2880540000	0.2412257468
0.2887670000	0.2466002825
0.2894800000	0.2523682500
0.2901930000	0.2576557853
0.2909060000	0.2639461185
0.2916190000	0.2704069109
0.2923320000	0.2765554390
0.2930450000	0.2837648313
0.2937580000	0.2913239267
0.2944710000	0.2984679182
0.2951840000	0.3068312567
0.2958970000	0.3146517765
0.2966100000	0.3240431822
0.2973220000	0.3338146871
0.2980350000	0.3432288612
0.2987480000	0.3541987528
0.2994610000	0.3657042384
0.3001740000	0.3770773173
0.3008870000	0.3899983751
0.3016000000	0.4027386504
0.3023130000	0.4176433182
0.3030260000	0.4332664181
0.3037390000	0.4489384471
0.3044520000	0.4667065787
0.3051650000	0.4862524131
0.3058780000	0.5056339147
0.3065910000	0.5277925437
0.3073040000	0.5499869315
0.3080170000	0.5758964965
0.3087300000	0.6043321110
0.3094430000	0.6324175977
0.3101560000	0.6657720351
0.3108690000	0.6995485833
0.3115820000	0.7391729702
0.3122950000	0.7833431927
0.3130080000	0.8277714840
0.3137210000	0.8811231640
0.3144330000	0.9355536695
0.3151460000	1.0005642815
0.3158590000	1.0736709251
0.3165720000	1.1495118738
0.3172850000	1.2419989478
0.3179980000	1.3371446549
0.3187110000	1.4546026886
0.3194240000	1.5873261151
0.3201370000	1.7323286677
0.3208500000	1.9084225899
0.3215630000	2.0996386749
0.3222760000	2.3380265964
0.3229890000	2.6188875993
0.3237020000	2.9314513369
0.3244150000	3.3195009543
0.3251280000	3.7585621315
0.3258410000	4.3058108960
0.3265540000	4.9128767716
0.3272670000	5.6526978482
0.3279800000	6.4594179682
0.3286930000	7.0754941517
0.3294060000	7.2486344937
0.3301190000	5.5803234573
0.3351090000	0.9697228918
0.3358220000	7.1675271964
0.3365350000	8.3957101978
0.3372480000	7.9233260323
0.3379610000	6.9205387254
0.3386740000	5.9380895182
0.3393870000	5.0468667871
0.3401000000	4.3058317224
0.3408130000	3.6931910970
0.3415260000	3.1871028861
0.3422390000	2.7728074818
0.3429520000	2.4278667321
0.3436650000	2.1379740102
0.3443780000	1.8985093482
0.3450910000	1.6945153496
0.3458040000	1.5182877518
0.3465170000	1.3706947986
0.3472300000	1.2404895915
0.3479430000	1.1288183116
0.3486560000	1.0297311516
0.3493680000	0.9455190674
0.3500810000	0.8709226658
0.3507940000	0.8024741272
0.3515070000	0.7444948113
0.3522200000	0.6900246263
0.3529330000	0.6432031999
0.3536460000	0.6000279723
0.3543590000	0.5617190924
0.3550720000	0.5274982320
0.3557850000	0.4953681935
0.3564980000	0.4670893552
0.3572110000	0.4397617045
0.3579240000	0.4166547030
0.3586370000	0.3949366154
0.3593500000	0.3740016459
0.3600630000	0.3561270718
0.3607760000	0.3381620784
0.3614890000	0.3226214916
0.3622020000	0.3070826614
0.3629150000	0.2942222036
0.3636280000	0.2817630961
0.3643410000	0.2693624757
0.3650540000	0.2589517725
0.3657670000	0.2481340529
0.3664790000	0.2387813506
0.3671920000	0.2303158909
0.3679050000	0.2214011825
0.3686180000	0.2137052674
0.3693310000	0.2057964169
0.3700440000	0.1992623556
0.3707570000	0.1929421612
0.3714700000	0.1862577413
0.3721830000	0.1808542754
0.3728960000	0.1749125179
0.3736090000	0.1698937394
0.3743220000	0.1651466105
0.3750350000	0.1602878310
0.3757480000	0.1560447055
0.3764610000	0.1520130260
0.3771740000	0.1478292520
0.3778870000	0.1441925464
0.3786000000	0.1402511669
0.3793130000	0.1369845871
0.3800260000	0.1340236861
0.3807390000	0.1306193025
0.3814520000	0.1277771939
0.3821650000	0.1250887448
0.3828780000	0.1222691090
0.3835910000	0.1197788887
0.3843030000	0.1170434913
0.3850160000	0.1149309462
0.3857290000	0.1128132478
0.3864420000	0.1103914702
0.3871550000	0.1084459948
0.3878680000	0.1066962481
0.3885810000	0.1045804161
0.3892940000	0.1028648033
0.3900070000	0.1012125044
0.3907200000	0.0997332786
0.3914330000	0.0979147911
0.3921460000	0.0964746288
0.3928590000	0.0950533431
0.3935720000	0.0935311688
0.3942850000	0.0922499078
0.3949980000	0.0910134249
0.3957110000	0.0895468478
0.3964240000	0.0885087195
0.3971370000	0.0873896954
0.3978500000	0.0863406843
0.3985630000	0.0850547870
0.3992760000	0.0841694304
0.3999890000	0.0832152107
0.4007020000	0.0823105192
0.4014140000	0.0814299836
0.4021270000	0.0804222308
0.4028400000	0.0796045813
0.4035530000	0.0788300971
0.4042660000	0.0780548785
0.4049790000	0.0773954378
0.4056920000	0.0766923955
0.4064050000	0.0759999187
0.4071180000	0.0751347030
0.4078310000	0.0745553528
0.4085440000	0.0739526444
0.4092570000	0.0733501243
0.4099700000	0.0727777406
0.4106830000	0.0722854329
0.4113960000	0.0717421369
0.4121090000	0.0714086812
0.4128220000	0.0709084063
0.4135350000	0.0704229150
0.4142480000	0.0700114986
0.4149610000	0.0695591394
0.4156740000	0.0692825887
0.4163870000	0.0688613379
0.4171000000	0.0686712127
0.4178130000	0.0682724814
0.4185260000	0.0680519536
0.4192380000	0.0678402292
0.4199510000	0.0678524321
0.4206640000	0.0678332800
0.4213770000	0.0684570135
0.4220900000	0.0680588839
0.4228030000	0.0675791757
0.4235160000	0.0671523932
0.4242290000	0.0666903069
0.4249420000	0.0662285738
0.4256550000	0.0657833267
0.4263680000	0.0653977789
0.4270810000	0.0649681432
0.4277940000	0.0645555976
0.4285070000	0.0641464817
0.4292200000	0.0637542435
0.4299330000	0.0634043294
0.4306460000	0.0630295373
0.4313590000	0.0626647935
0.4320720000	0.0623074189
0.4327850000	0.0619632262
0.4334980000	0.0616661203
0.4342110000	0.0613366715
0.4349240000	0.0610154583
0.4356370000	0.0607089466
0.4363490000	0.0604400138
0.4370620000	0.0601489995
0.4377750000	0.0598658078
0.4384880000	0.0595894834
0.4392010000	0.0593217146
0.4399140000	0.0590990185
0.4406270000	0.0588488631
0.4413400000	0.0586037538
0.4420530000	0.0583704006
0.4427660000	0.0581435323
0.4434790000	0.0579543777
0.4441920000	0.0577442676
0.4449050000	0.0575377935
0.4456180000	0.0573412807
0.4463310000	0.0571525235
0.4470440000	0.0569974987
0.4477570000	0.0568244714
0.4484700000	0.0566525314
0.4491830000	0.0564939142
0.4498960000	0.0563379178
0.4506090000	0.0562147258
0.4513220000	0.0560767863
0.4520350000	0.0559382253
0.4527480000	0.0558099896
0.4534600000	0.0556866172
0.4541730000	0.0555956769
0.4548860000	0.0554856607
0.4555990000	0.0553812627
0.4563120000	0.0552842034
0.4570250000	0.0551923292
0.4577380000	0.0551046016
0.4584510000	0.0550485868
0.4591640000	0.0549729392
0.4598770000	0.0549024652
0.4605900000	0.0548411504
0.4613030000	0.0547832792
0.4620160000	0.0547511545
0.4627290000	0.0547047983
0.4634420000	0.0546646277
0.4641550000	0.0546281823
0.4648680000	0.0545971352
0.4655810000	0.0545907703
0.4662940000	0.0545711590
0.4670070000	0.0545556677
0.4677200000	0.0545450177
0.4684330000	0.0545413206
0.4691460000	0.0545414991
0.4698590000	0.0545632076
0.4705720000	0.0545749152
0.4712840000	0.0545903209
0.4719970000	0.0546104138
0.4727100000	0.0546357782
0.4734230000	0.0546652206
0.4741360000	0.0547164439
0.4748490000	0.0547549744
0.4755620000	0.0547996464
0.4762750000	0.0548499697
0.4769880000	0.0549035706
0.4777010000	0.0549761521
0.4784140000	0.0550403685
0.4791270000	0.0551083974
0.4798400000	0.0551803851
0.4805530000	0.0552584684
0.4812660000	0.0553414902
0.4819790000	0.0554402977
0.4826920000	0.0555325110
0.4834050000	0.0556285889
0.4841180000	0.0557294586
0.4848310000	0.0558356403
0.4855440000	0.0559461365
0.4862570000	0.0560713113
0.4869700000	0.0561918338
0.4876830000	0.0563157449
0.4883950000	0.0564449563
0.4891080000	0.0565786766
0.4898210000	0.0567175773
0.4905340000	0.0568692893
0.4912470000	0.0570173190
0.4919600000	0.0571700418
0.4926730000	0.0573268658
0.4933860000	0.0574895360
0.4940990000	0.0576565478
0.4948120000	0.0578352255
0.4955250000	0.0580122172
0.4962380000	0.0581937697
0.4969510000	0.0583800093
0.4976640000	0.0585724991
0.4983770000	0.0587692246
0.4990900000	0.0589762567
0.4998030000	0.0591834737
0.5005160000	0.0593950303
0.5012290000	0.0596119839
0.5019420000	0.0598345610
0.5026550000	0.0600620775
0.5033680000	0.0602948849
0.5040810000	0.0605363213
0.5047940000	0.0607794296
0.5055070000	0.0610280804
0.5062190000	0.0612823076
0.5069320000	0.0615419161
0.5076450000	0.0618069318
0.5083580000	0.0620794799
0.5090710000	0.0623557327
0.5097840000	0.0626374056
0.5104970000	0.0629252591
0.5112100000	0.0632185902
0.5119230000	0.0635184225
0.5126360000	0.0638237373
0.5133490000	0.0641350345
0.5140620000	0.0644524503
0.5147750000	0.0647757495
0.5154880000	0.0651057203
0.5162010000	0.0654415734
0.5169140000	0.0657843716
0.5176270000	0.0661317008
0.5183400000	0.0664868331
0.5190530000	0.0668487758
0.5197660000	0.0672178927
0.5204790000	0.0675937396
0.5211920000	0.0679761759
0.5219050000	0.0683659211
0.5226180000	0.0687589971
0.5233300000	0.0691633499
0.5240430000	0.0695741467
0.5247560000	0.0699931019
0.5254690000	0.0704192140
0.5261820000	0.0708534730
0.5268950000	0.0712958769
0.5276080000	0.0717393343
0.5283210000	0.0721967366
0.5290340000	0.0726629525
0.5297470000	0.0731376017
0.5304600000	0.0736204097
0.5311730000	0.0741115482
0.5318860000	0.0746119469
0.5325990000	0.0751130140
0.5333120000	0.0756306555
0.5340250000	0.0761581516
0.5347380000	0.0766950076
0.5354510000	0.0772407531
0.5361640000	0.0777972400
0.5368770000	0.0783645965
0.5375900000	0.0789286580
0.5383030000	0.0795142031
0.5390160000	0.0801120245
0.5397290000	0.0807190690
0.5404410000	0.0813374635
0.5411540000	0.0819673660
0.5418670000	0.0826076299
0.5425800000	0.0832468899
0.5432930000	0.0839108275
0.5440060000	0.0845865956
0.5447190000	0.0852741246
0.5454320000	0.0859760114
0.5461450000	0.0866890999
0.5468580000	0.0874167148
0.5475710000	0.0881563062
0.5482840000	0.0888921604
0.5489970000	0.0896592561
0.5497100000	0.0904412200
0.5504230000	0.0912379672
0.5511360000	0.0920482958
0.5518490000	0.0928738590
0.5525620000	0.0937162656
0.5532750000	0.0945527530
0.5539880000	0.0954257856
0.5547010000	0.0963155705
0.5554140000	0.0972220928
0.5561270000	0.0981465173
0.5568400000	0.0990886736
0.5575530000	0.1000481171
0.5582650000	0.1010277112
0.5589780000	0.1019994713
0.5596910000	0.1030157864
0.5604040000	0.1040521557
0.5611170000	0.1051105220
0.5618300000	0.1061896048
0.5625430000	0.1072868129
0.5632560000	0.1084090663
0.5639690000	0.1095547985
0.5646820000	0.1106906142
0.5653950000	0.1118809867
0.5661080000	0.1130962501
0.5668210000	0.1143346036
0.5675340000	0.1156015924
0.5682470000	0.1168921855
0.5689600000	0.1182118437
0.5696730000	0.1195582073
0.5703860000	0.1208962552
0.5710990000	0.1222994444
0.5718120000	0.1237328309
0.5725250000	0.1251978280
0.5732380000	0.1266944602
0.5739510000	0.1282210347
0.5746640000	0.1297822103
0.5753760000	0.1313817604
0.5760890000	0.1329681386
0.5768020000	0.1346349211
0.5775150000	0.1363384501
0.5782280000	0.1380829977
0.5789410000	0.1398686974
0.5796540000	0.1416906394
0.5803670000	0.1435566763
0.5810800000	0.1454674921
0.5817930000	0.1474218963
0.5825060000	0.1493694070
0.5832190000	0.1514154639
0.5839320000	0.1535129740
0.5846450000	0.1556586637
0.5853580000	0.1578574570
0.5860710000	0.1601101680
0.5867840000	0.1624186501
0.5874970000	0.1647856220
0.5882100000	0.1671448433
0.5889230000	0.1696284460
0.5896360000	0.1721751446
0.5903490000	0.1747897027
0.5910620000	0.1774751009
0.5917750000	0.1802226719
0.5924870000	0.1830449651
0.5932000000	0.1859445373
0.5939130000	0.1889226805
0.5946260000	0.1918980096
0.5953390000	0.1950337468
0.5960520000	0.1982584597
0.5967650000	0.2015697366
0.5974780000	0.2049756106
0.5981910000	0.2084754196
0.5989040000	0.2120802665
0.5996170000	0.2157849205
0.6003300000	0.2195987858
0.6010430000	0.2234193930
0.6017560000	0.2274569299
0.6024690000	0.2316132599
0.6031820000	0.2358981853
0.6038950000	0.2403173594
0.6046080000	0.2448601388
0.6053210000	0.2495502689
0.6060340000	0.2543904033
0.6067470000	0.2593865693
0.6074600000	0.2644077455
0.6081730000	0.2697212778
0.6088860000	0.2752081026
0.6095990000	0.2808723473
0.6103110000	0.2867427770
0.6110240000	0.2927998272
0.6117370000	0.2990649029
0.6124500000	0.3055474448
0.6131630000	0.3122581137
0.6138760000	0.3190368463
0.6145890000	0.3262291329
0.6153020000	0.3336748699
0.6160150000	0.3414075467
0.6167280000	0.3494180451
0.6174410000	0.3577379797
0.6181540000	0.3663569697
0.6188670000	0.3753298695
0.6195800000	0.3846445277
0.6202930000	0.3943271654
0.6210060000	0.4041736771
0.6217190000	0.4146472639
0.6224320000	0.4255407069
0.6231450000	0.4369050355
0.6238580000	0.4487567037
0.6245710000	0.4611078397
0.6252840000	0.4739978463
0.6259970000	0.4874503684
0.6267100000	0.5015265521
0.6274220000	0.5162351155
0.6281350000	0.5312896757
0.6288480000	0.5474032517
0.6295610000	0.5642750353
0.6302740000	0.5819623619
0.6309870000	0.6005279683
0.6317000000	0.6200102592
0.6324130000	0.6405059670
0.6331260000	0.6620695822
0.6338390000	0.6847541459
0.6345520000	0.7086759398
0.6352650000	0.7334171461
0.6359780000	0.7600250735
0.6366910000	0.7881274365
0.6374040000	0.8178882180
0.6381170000	0.8494037972
0.6388300000	0.8828188772
0.6395430000	0.9182462010
0.6402560000	0.9559356238
0.6409690000	0.9960474797
0.6416820000	1.0387874488
0.6423950000	1.0835865007
0.6431080000	1.1322690543
0.6438210000	1.1843111965
0.6445340000	1.2401624158
0.6452460000	1.3000639319
0.6459590000	1.3644771757
0.6466720000	1.4338645711
0.6473850000	1.5087659899
0.6480980000	1.5897755687
0.6488110000	1.6775600042
0.6495240000	1.7714870509
0.6502370000	1.8750992254
0.6509500000	1.9881997525
0.6516630000	2.1119468332
0.6523760000	2.2476680194
0.6530890000	2.3970458552
0.6538020000	2.5617898497
0.6545150000	2.7442063417
0.6552280000	2.9469177573
0.6559410000	3.1729727152
0.6566540000	3.4261117219
0.6573670000	3.7073888268
0.6580800000	4.0285535428
0.6587930000	4.3931165903
0.6595060000	4.8093558268
0.6602190000	5.2871692317
0.6609320000	5.8395488475
0.6616450000	6.4821007608
0.6623570000	7.2350406796
0.6630700000	8.1252864884
0.6637830000	9.1874620852
0.6644960000	10.4666239627
0.6652090000	12.0099823279
0.6659220000	13.9277828774
0.6666350000	16.3229492944
0.6673480000	19.3591486442
0.6680610000	23.2661720415
0.6687740000	28.3753736544
0.6694870000	35.1627010059
0.6702000000	44.2980530724
0.6709130000	56.6600638509
0.6716260000	73.1810318373
0.6723390000	94.1228388328
0.6730520000	117.1971942686
0.6737650000	135.5325782848
0.6744780000	139.4236534223
0.6751910000	126.3204361045
0.6759040000	104.0380737073
0.6766170000	81.5626251195
0.6773300000	63.0385005877
0.6780430000	48.9708357602
0.6787560000	38.5584066095
0.6794680000	30.8583834259
0.6801810000	25.1027645977
0.6808940000	20.7360994874
0.6816070000	17.3755212160
0.6823200000	14.7348517567
0.6830330000	12.6355006097
0.6837460000	10.9431358998
0.6844590000	9.5616435267
0.6851720000	8.4206960752
0.6858850000	7.4689275969
0.6865980000	6.6672399610
0.6873110000	5.9860210968
0.6880240000	5.4028309322
0.6887370000	4.8998378416
0.6894500000	4.4626463797
0.6901630000	4.0812267005
0.6908760000	3.7462157231
0.6915890000	3.4504420926
0.6923020000	3.1880888871
0.6930150000	2.9542683841
0.6937280000	2.7451785492
0.6944410000	2.5573312670
0.6951540000	2.3880326115
0.6958670000	2.2348957973
0.6965800000	2.0959732512
0.6972920000	1.9696083497
0.6980050000	1.8536605653
0.6987180000	1.7481169275
0.6994310000	1.6512874022
0.7001440000	1.5622218850
0.7008570000	1.4802136277
0.7015700000	1.4044675520
0.7022830000	1.3344047522
0.7029960000	1.2694321257
0.7037090000	1.2090652025
0.7044220000	1.1529362318
0.7051350000	1.1006157917
0.7058480000	1.0517733808
0.7065610000	1.0061107455
0.7072740000	0.9629466586
0.7079870000	0.9228857728
0.7087000000	0.8852737205
0.7094130000	0.8499218554
0.7101260000	0.8166374622
0.7108390000	0.7853050037
0.7115520000	0.7557176152
0.7122650000	0.7277953465
0.7129780000	0.7014120834
0.7136910000	0.6764293498
0.7144030000	0.6527580183
0.7151160000	0.6302960546
0.7158290000	0.6090096816
0.7165420000	0.5885482467
0.7172550000	0.5693250912
0.7179680000	0.5510307729
0.7186810000	0.5336084421
0.7193940000	0.5170291164
0.7201070000	0.5012218202
0.7208200000	0.4861289067
0.7215330000	0.4716921507
0.7222460000	0.4579150888
0.7229590000	0.4447235908
0.7236720000	0.4321173689
0.7243850000	0.4200538520
0.7250980000	0.4084977392
0.7258110000	0.3972223753
0.7265240000	0.3865887259
0.7272370000	0.3763828152
0.7279500000	0.3665963316
0.7286630000	0.3571837178
0.7293760000	0.3481353879
0.7300890000	0.3394288333
0.7308020000	0.3310450565
0.7315150000	0.3229849218
0.7322270000	0.3152314388
0.7329400000	0.3077560528
0.7336530000	0.3005372010
0.7343660000	0.2935915411
0.7350790000	0.2867651307
0.7357920000	0.2802922718
0.7365050000	0.2740475462
0.7372180000	0.2680160386
0.7379310000	0.2621833096
0.7386440000	0.2565224186
0.7393570000	0.2510785452
0.7400700000	0.2458094427
0.7407830000	0.2407052129
0.7414960000	0.2357643283
0.7422090000	0.2309819055
0.7429220000	0.2263518011
0.7436350000	0.2218616083
0.7443480000	0.2175085375
0.7450610000	0.2132214839
0.7457740000	0.2091248654
0.7464870000	0.2051536597
0.7472000000	0.2012882582
0.7479130000	0.1975531994
0.7486260000	0.1939249545
0.7493380000	0.1904078769
0.7500510000	0.1869791306
0.7507640000	0.1836552567
0.7514770000	0.1804190136
0.7521900000	0.1772769569
0.7529030000	0.1742257964
0.7536160000	0.1712570549
0.7543290000	0.1683619829
0.7550420000	0.1654977158
0.7557550000	0.1627477089
0.7564680000	0.1600826011
0.7571810000	0.1574852912
0.7578940000	0.1549634345
0.7586070000	0.1524995114
0.7593200000	0.1500988839
0.7600330000	0.1477564001
0.7607460000	0.1454748315
0.7614590000	0.1432644097
0.7621720000	0.1411015952
0.7628850000	0.1389835756
0.7635980000	0.1369223565
0.7643110000	0.1348991461
0.7650240000	0.1329270787
0.7657370000	0.1310075417
0.7664490000	0.1291441859
0.7671620000	0.1273203830
0.7678750000	0.1255377254
0.7685880000	0.1238002667
0.7693010000	0.1221050083
0.7700140000	0.1204460399
0.7707270000	0.1188265601
0.7714400000	0.1172529429
0.7721530000	0.1157033808
0.7728660000	0.1141807072
0.7735790000	0.1127055303
0.7742920000	0.1112580587
0.7750050000	0.1098551302
0.7757180000	0.1084785922
0.7764310000	0.1071287900
0.7771440000	0.1058125236
0.7778570000	0.1045194663
0.7785700000	0.1032639563
0.7792830000	0.1020274292
0.7799960000	0.1008195770
0.7807090000	0.0996402709
0.7814220000	0.0984864770
0.7821350000	0.0973449215
0.7828480000	0.0962408663
0.7835610000	0.0951545195
0.7842730000	0.0940989897
0.7849860000	0.0930660461
0.7856990000	0.0920504060
0.7864120000	0.0910853162
0.7871250000	0.0901135706
0.7878380000	0.0891599814
0.7885510000	0.0882331022
0.7892640000	0.0873206279
0.7899770000	0.0864293434
0.7906900000	0.0855541033
0.7914030000	0.0846832005
0.7921160000	0.0838511308
0.7928290000	0.0830315236
0.7935420000	0.0822265777
0.7942550000	0.0814399503
0.7949680000	0.0806809310
0.7956810000	0.0799239400
0.7963940000	0.0791851449
0.7971070000	0.0784673541
0.7978200000	0.0778185141
0.7985330000	0.0771303997
0.7992460000	0.0764535434
0.7999590000	0.0757947907
0.8006720000	0.0751354267
0.8013840000	0.0745018288
0.8020970000	0.0738791863
0.8028100000	0.0732758168
0.8035230000	0.0726818551
0.8042360000	0.0721101264
0.8049490000	0.0715463778
0.8056620000	0.0709946702
0.8063750000	0.0704568084
0.8070880000	0.0699287744
0.8078010000	0.0694138481
0.8085140000	0.0689077153
0.8092270000	0.0685148983
0.8099400000	0.0680205131
0.8106530000	0.0675413915
0.8113660000	0.0670833077
0.8120790000	0.0666360072
0.8127920000	0.0661958044
0.8135050000	0.0657756552
0.8142180000	0.0653637645
0.8149310000	0.0649594675
0.8156440000	0.0645757287
0.8163570000	0.0641968210
0.8170700000	0.0638361890
0.8177830000	0.0634798112
0.8184950000	0.0631341982
0.8192080000	0.0628050965
0.8199210000	0.0624760746
0.8206340000	0.0621677504
0.8213470000	0.0620162834
0.8220600000	0.0617314818
0.8227730000	0.0614556578
0.8234860000	0.0612002357
0.8241990000	0.0609485725
0.8249120000	0.0607183495
0.8256250000	0.0604940023
0.8263380000	0.0602764909
0.8270510000	0.0600785271
0.8277640000	0.0599023035
0.8284770000	0.0597310426
0.8291900000	0.0595647047
0.8299030000	0.0593991035
0.8306160000	0.0592665455
0.8313290000	0.0591505548
0.8320420000	0.0590376644
0.8327550000	0.0591485819
0.8334680000	0.0590699005
0.8341810000	0.0590101148
0.8348940000	0.0589732590
0.8356070000	0.0589440026
0.8363190000	0.0589157874
0.8370320000	0.0589283584
0.8377450000	0.0589325642
0.8384580000	0.0589516697
0.8391710000	0.0590238059
0.8398840000	0.0590552609
0.8405970000	0.0591518040
0.8413100000	0.0592551021
0.8420230000	0.0593765923
0.8427360000	0.0595298653
0.8434490000	0.0596949524
0.8441620000	0.0598803602
0.8448750000	0.0600951128
0.8455880000	0.0606846038
0.8463010000	0.0609431817
0.8470140000	0.0612374223
0.8477270000	0.0615526176
0.8484400000	0.0618897211
0.8491530000	0.0622551991
0.8498660000	0.0626407185
0.8505790000	0.0630363921
0.8512920000	0.0635264185
0.8520050000	0.0640252151
0.8527180000	0.0645548002
0.8534300000	0.0651322309
0.8541430000	0.0657170433
0.8548560000	0.0664076529
0.8555690000	0.0671018735
0.8562820000	0.0678533868
0.8569950000	0.0686329624
0.8577080000	0.0699662390
0.8584210000	0.0708622831
0.8591340000	0.0718295100
0.8598470000	0.0728737635
0.8605600000	0.0740048700
0.8612730000	0.0751718560
0.8619860000	0.0765549296
0.8626990000	0.0781015278
0.8634120000	0.0798329103
0.8641250000	0.0818721304
0.8648380000	0.0842971167
0.8655510000	0.0870868212
0.8662640000	0.0904304876
0.8669770000	0.0940998425
0.8676900000	0.0977416210
0.8684030000	0.1008850009
0.8691160000	0.1077998607
0.8698290000	0.1098518651
0.8705420000	0.1051954531
0.8712540000	0.0898070797
0.8719670000	0.0659506708
0.8726800000	0.0456827520
0.8733930000	0.0265961095
0.8741060000	0.0088551685
0.8826620000	0.2128950176
0.8833750000	0.7612998417
0.8840880000	1.0549418186
0.8848010000	1.1820277452
0.8855140000	1.1584387551
0.8862270000	1.0726983785
0.8869400000	0.9632347533
0.8876530000	0.8509436099
0.8883650000	0.7459565284
0.8890780000	0.6524063741
0.8897910000	0.5711586386
0.8905040000	0.5012912060
0.8912170000	0.4415958833
0.8919300000	0.3908380782
0.8926430000	0.3476887420
0.8933560000	0.3106614224
0.8940690000	0.2788914120
0.8947820000	0.2515952560
0.8954950000	0.2279793212
0.8962080000	0.2075317064
0.8969210000	0.1897030681
0.8976340000	0.1741146718
0.8983470000	0.1640119730
0.8990600000	0.1516442693
0.8997730000	0.1406895105
0.9004860000	0.1309584817
0.9011990000	0.1222979527
0.9019120000	0.1145120223
0.9026250000	0.1075436676
0.9033380000	0.1012648947
0.9040510000	0.0956161290
0.9047640000	0.0904895279
0.9054760000	0.0858336073
0.9061890000	0.0816060971
0.9069020000	0.0777265722
0.9076150000	0.0741844507
0.9083280000	0.0709378627
0.9090410000	0.0679550683
0.9097540000	0.0652202283
0.9104670000	0.0626830517
0.9111800000	0.0603424948
0.9118930000	0.0581655024
0.9126060000	0.0570811753
0.9133190000	0.0551721636
0.9140320000	0.0533831192
0.9147450000	0.0517171441
0.9154580000	0.0501801473
0.9161710000	0.0487206335
0.9168840000	0.0473552018
0.9175970000	0.0460768909
0.9183100000	0.0448821504
0.9190230000	0.0437546758
0.9197360000	0.0426804275
0.9204490000	0.0416835776
0.9211620000	0.0407452365
0.9218750000	0.0398607081
0.9225880000	0.0390230078
0.9233000000	0.0382240330
0.9240130000	0.0374752611
0.9247260000	0.0367559895
0.9254390000	0.0360754017
0.9261520000	0.0354288059
0.9268650000	0.0348166091
0.9275780000	0.0346050713
0.9282910000	0.0340376823
0.9290040000	0.0334923319
0.9297170000	0.0329711405
0.9304300000	0.0324823863
0.9311430000	0.0320066885
0.9318560000	0.0315469758
0.9325690000	0.0311145517
0.9332820000	0.0307036507
0.9339950000	0.0303069981
0.9347080000	0.0299274152
0.9354210000	0.0295641363
0.9361340000	0.0292172397
0.9368470000	0.0288842337
0.9375600000	0.0285613846
0.9382730000	0.0282511821
0.9389860000	0.0279537810
0.9396990000	0.0276692203
0.9404110000	0.0273931455
0.9411240000	0.0271281315
0.9418370000	0.0268734300
0.9425500000	0.0266300083
0.9432630000	0.0265779464
0.9439760000	0.0263436715
0.9446890000	0.0261136921
0.9454020000	0.0258969218
0.9461150000	0.0256886364
0.9468280000	0.0254859840
0.9475410000	0.0252902984
0.9482540000	0.0251005659
0.9489670000	0.0249195062
0.9496800000	0.0247426263
0.9503930000	0.0245722080
0.9511060000	0.0244087539
0.9518190000	0.0242508664
0.9525320000	0.0240981427
0.9532450000	0.0239499388
0.9539580000	0.0238062456
0.9546710000	0.0236677840
0.9553840000	0.0235346993
0.9560970000	0.0234041283
0.9568100000	0.0232789413
0.9575230000	0.0231567911
0.9582350000	0.0230378517
0.9589480000	0.0230316801
0.9596610000	0.0229194445
0.9603740000	0.0228102984
0.9610870000	0.0227054032
0.9618000000	0.0226053761
0.9625130000	0.0225078621
0.9632260000	0.0224130288
0.9639390000	0.0223217738
0.9646520000	0.0222345072
0.9653650000	0.0221488861
0.9660780000	0.0220669759
0.9667910000	0.0219883072
0.9675040000	0.0219125687
0.9682170000	0.0218405303
0.9689300000	0.0217701315
0.9696430000	0.0217024652
0.9703560000	0.0216370710
0.9710690000	0.0215746606
0.9717820000	0.0215143283
0.9724950000	0.0214567448
0.9732080000	0.0214018812
0.9739210000	0.0213493926
0.9746340000	0.0212998162
0.9753460000	0.0213178345
0.9760590000	0.0212710172
0.9767720000	0.0212265625
0.9774850000	0.0211841816
0.9781980000	0.0211446437
0.9789110000	0.0211069342
0.9796240000	0.0210709559
0.9803370000	0.0210375588
0.9810500000	0.0210060581
0.9817630000	0.0209770345
0.9824760000	0.0209497718
0.9831890000	0.0209246438
0.9839020000	0.0209013993
0.9846150000	0.0208800934
0.9853280000	0.0208606327
0.9860410000	0.0208420524
0.9867540000	0.0208251282
0.9874670000	0.0208095292
0.9881800000	0.0207959073
0.9888930000	0.0207824778
0.9896060000	0.0207699023
0.9903190000	0.0207575071
0.9910320000	0.0207449861
0.9917450000	0.0207318089
0.9924570000	0.0207577269
0.9931700000	0.0207391105
0.9938830000	0.0207166911
0.9945960000	0.0206886197
0.9953090000	0.0206528053
0.9960220000	0.0206058058
0.9967350000	0.0205446394
0.9974480000	0.0204637672
0.9981610000	0.0203577965
0.9988740000	0.0202212292
0.9995870000	0.0200458959
1.0003000000	0.0198184865
1.0010100000	0.0195591710
1.0017300000	0.0192786450
1.0024400000	0.0190209783
1.0031500000	0.0188647563
1.0038600000	0.0189162939
1.0045800000	0.0192686962
1.0052900000	0.0199224276
1.0060000000	0.0207541033
1.0067200000	0.0215698483
1.0074300000	0.0222157953
1.0081400000	0.0226369984
1.0088600000	0.0228685000
1.0095700000	0.0229709717
1.0102800000	0.0230292597
1.0109900000	0.0230303529
1.0117100000	0.0230282530
1.0124200000	0.0230359606
1.0131300000	0.0230605291
1.0138500000	0.0231030278
1.0145600000	0.0231644031
1.0152700000	0.0232458940
1.0159900000	0.0233416759
1.0167000000	0.0234542290
1.0174100000	0.0235821097
1.0181200000	0.0237253420
1.0188400000	0.0238831749
1.0195500000	0.0240554565
1.0202600000	0.0242427100
1.0209800000	0.0244447027
1.0216900000	0.0246621211
1.0224000000	0.0248953415
1.0231100000	0.0251453826
1.0238300000	0.0254129287
1.0245400000	0.0256989921
1.0252500000	0.0260049089
1.0259700000	0.0263320563
1.0266800000	0.0266819435
1.0273900000	0.0270565569
1.0281100000	0.0274784873
1.0288200000	0.0279081132
1.0295300000	0.0283691495
1.0302400000	0.0288643476
1.0309600000	0.0293962750
1.0316700000	0.0299702609
1.0323800000	0.0305894165
1.0331000000	0.0312585121
1.0338100000	0.0319830508
1.0345200000	0.0327689624
1.0352400000	0.0336233979
1.0359500000	0.0345541224
1.0366600000	0.0355705759
1.0373700000	0.0366831551
1.0380900000	0.0379042583
1.0388000000	0.0392480596
1.0395100000	0.0407315486
1.0402300000	0.0423742555
1.0409400000	0.0441992215
1.0416500000	0.0462338440
1.0423600000	0.0485105530
1.0430800000	0.0510678356
1.0437900000	0.0539521791
1.0445000000	0.0572197706
1.0452200000	0.0609378558
1.0459300000	0.0651882866
1.0466400000	0.0700678756
1.0473600000	0.0757267083
1.0480700000	0.0822648918
1.0487800000	0.0898854044
1.0494900000	0.0988069410
1.0502100000	0.1092907108
1.0509200000	0.1216427327
1.0516300000	0.1362058783
1.0523500000	0.1533381092
1.0530600000	0.1733535967
1.0537700000	0.1964109361
1.0544800000	0.2223168462
1.0552000000	0.2502341773
1.0559100000	0.2783434943
1.0566200000	0.3036612706
1.0573400000	0.3223486848
1.0580500000	0.3307775020
1.0587600000	0.3270402912
1.0594800000	0.3119150143
1.0601900000	0.2884725811
1.0609000000	0.2606728383
1.0616100000	0.2319936832
1.0623300000	0.2047806129
1.0630400000	0.1802664585
1.0637500000	0.1588658486
1.0644700000	0.1405287659
1.0651800000	0.1249705172
1.0658900000	0.1118257633
1.0666100000	0.1007198872
1.0673200000	0.0913330750
1.0680300000	0.0833690105
1.0687400000	0.0765853374
1.0694600000	0.0707815244
1.0701700000	0.0657932919
1.0708800000	0.0614863222
1.0716000000	0.0577507970
1.0723100000	0.0544968422
1.0730200000	0.0516504847
1.0737300000	0.0491508711
1.0744500000	0.0469476499
1.0751600000	0.0449991144
1.0758700000	0.0432700408
1.0765900000	0.0417314047
1.0773000000	0.0403584619
1.0780100000	0.0391303021
1.0787300000	0.0380291836
1.0794400000	0.0370401021
1.0801500000	0.0361501239
1.0808600000	0.0353480010
1.0815800000	0.0346240361
1.0822900000	0.0339698514
1.0830000000	0.0333785394
1.0837200000	0.0328435716
1.0844300000	0.0323554672
1.0851400000	0.0319145843
1.0858600000	0.0315193608
1.0865700000	0.0311658394
1.0872800000	0.0308433183
1.0879900000	0.0305618272
1.0887100000	0.0303117607
1.0894200000	0.0300905166
1.0901300000	0.0298957798
1.0908500000	0.0297254450
1.0915600000	0.0295776908
1.0922700000	0.0294509058
1.0929800000	0.0293434361
1.0937000000	0.0292542078
1.0944100000	0.0291816610
1.0951200000	0.0291250454
1.0958400000	0.0290832756
1.0965500000	0.0290559739
1.0972600000	0.0290415762
1.0979800000	0.0290396570
1.0986900000	0.0290496645
1.0994000000	0.0290710964
1.1001100000	0.0291033582
1.1008300000	0.0291458810
1.1015400000	0.0291983410
1.1022500000	0.0292601734
1.1029700000	0.0293314486
1.1036800000	0.0294115053
1.1043900000	0.0295002002
1.1051100000	0.0295971351
1.1058200000	0.0297021317
1.1065300000	0.0298150622
1.1072400000	0.0299231072
1.1079600000	0.0300512072
1.1086700000	0.0301867429
1.1093800000	0.0303296763
1.1101000000	0.0304797783
1.1108100000	0.0306368600
1.1115200000	0.0308011511
1.1122300000	0.0309724097
1.1129500000	0.0311505312
1.1136600000	0.0313363738
1.1143700000	0.0315281018
1.1150900000	0.0317270285
1.1158000000	0.0319326913
1.1165100000	0.0321453399
1.1172300000	0.0323646537
1.1179400000	0.0325910744
1.1186500000	0.0328243280
1.1193600000	0.0330644163
1.1200800000	0.0333116210
1.1207900000	0.0335660750
1.1215000000	0.0338278072
1.1222200000	0.0340966473
1.1229300000	0.0343726074
1.1236400000	0.0346563618
1.1243500000	0.0349476811
1.1250700000	0.0352464887
1.1257800000	0.0355530239
1.1264900000	0.0358673093
1.1272100000	0.0361895438
1.1279200000	0.0364969177
1.1286300000	0.0368354745
1.1293500000	0.0371821820
1.1300600000	0.0375378275
1.1307700000	0.0379031955
1.1314800000	0.0382761649
1.1322000000	0.0386584757
1.1329100000	0.0390503597
1.1336200000	0.0394518442
1.1343400000	0.0398629038
1.1350500000	0.0402843704
1.1357600000	0.0407155276
1.1364800000	0.0411577473
1.1371900000	0.0416100515
1.1379000000	0.0420738547
1.1386100000	0.0425491488
1.1393300000	0.0430355888
1.1400400000	0.0435343185
1.1407500000	0.0440452053
1.1414700000	0.0445687040
1.1421800000	0.0451053436
1.1428900000	0.0456553931
1.1436000000	0.0462188801
1.1443200000	0.0467962739
1.1450300000	0.0473886018
1.1457400000	0.0479957290
1.1464600000	0.0486179959
1.1471700000	0.0492563318
1.1478800000	0.0499108026
1.1486000000	0.0505815422
1.1493100000	0.0512276707
1.1500200000	0.0519336580
1.1507300000	0.0526577492
1.1514500000	0.0534013776
1.1521600000	0.0541647155
1.1528700000	0.0549476492
1.1535900000	0.0557517516
1.1543000000	0.0565782940
1.1550100000	0.0574271685
1.1557300000	0.0582990354
1.1564400000	0.0591953013
1.1571500000	0.0601160338
1.1578600000	0.0610629549
1.1585800000	0.0620363068
1.1592900000	0.0630370557
1.1600000000	0.0640671399
1.1607200000	0.0651272289
1.1614300000	0.0662178464
1.1621400000	0.0673401779
1.1628500000	0.0684963234
1.1635700000	0.0696878586
1.1642800000	0.0709151343
1.1649900000	0.0721796564
1.1657100000	0.0734832614
1.1664200000	0.0748267710
1.1671300000	0.0762137546
1.1678500000	0.0776471873
1.1685600000	0.0791229954
1.1692700000	0.0806475495
1.1699800000	0.0822208084
1.1707000000	0.0838460338
1.1714100000	0.0855256683
1.1721200000	0.0871624125
1.1728400000	0.0889556626
1.1735500000	0.0908104627
1.1742600000	0.0927303815
1.1749700000	0.0947172594
1.1756900000	0.0967738319
1.1764000000	0.0989048900
1.1771100000	0.1011149354
1.1778300000	0.1034065561
1.1785400000	0.1057835185
1.1792500000	0.1082505563
1.1799700000	0.1108106377
1.1806800000	0.1134713160
1.1813900000	0.1162353064
1.1821000000	0.1191093444
1.1828200000	0.1220996424
1.1835300000	0.1252124754
1.1842400000	0.1284533703
1.1849600000	0.1318293575
1.1856700000	0.1353483563
1.1863800000	0.1390209040
1.1871000000	0.1428608951
1.1878100000	0.1468646140
1.1885200000	0.1510473034
1.1892300000	0.1554210507
1.1899500000	0.1599978999
1.1906600000	0.1647908986
1.1913700000	0.1698143281
1.1920900000	0.1750797325
1.1928000000	0.1806039160
1.1935100000	0.1864072648
1.1942200000	0.1925041732
1.1949400000	0.1986241278
1.1956500000	0.2053664444
1.1963600000	0.2124734510
1.1970800000	0.2199677172
1.1977900000	0.2278789042
1.1985000000	0.2362402035
1.1992200000	0.2450798181
1.1999300000	0.2544428089
1.2006400000	0.2643701189
1.2013500000	0.2749043792
1.2020700000	0.2860971428
1.2027800000	0.2980041102
1.2034900000	0.3106863181
1.2042100000	0.3242113426
1.2049200000	0.3386564916
1.2056300000	0.3541047273
1.2063500000	0.3706539056
1.2070600000	0.3884283635
1.2077700000	0.4075049541
1.2084800000	0.4280389252
1.2092000000	0.4501776686
1.2099100000	0.4740978211
1.2106200000	0.4999865797
1.2113400000	0.5280669079
1.2120500000	0.5585905952
1.2127600000	0.5918315633
1.2134700000	0.6281199819
1.2141900000	0.6678499482
1.2149000000	0.7114499858
1.2156100000	0.7594258026
1.2163300000	0.8123597624
1.2170400000	0.8709413116
1.2177500000	0.9359985463
1.2184700000	1.0084553268
1.2191800000	1.0870856091
1.2198900000	1.1777481976
1.2206000000	1.2798707996
1.2213200000	1.3953510537
1.2220300000	1.5265104306
1.2227400000	1.6761061300
1.2234600000	1.8474569762
1.2241700000	2.0446492688
1.2248800000	2.2726665418
1.2256000000	2.5374367013
1.2263100000	2.8460867466
1.2270200000	3.2071310273
1.2277300000	3.6307509466
1.2284500000	4.1275569287
1.2291600000	4.7095743242
1.2298700000	5.3873861838
1.2305900000	6.1673864535
1.2313000000	7.0465480822
1.2320100000	8.0038364339
1.2327200000	8.9900956531
1.2334400000	9.9203764495
1.2341500000	10.6773203820
1.2348600000	11.1354907233
1.2355800000	11.2044455031
1.2362900000	10.8690442674
1.2370000000	10.1967708848
1.2377200000	9.3066862245
1.2384300000	8.3233945289
1.2391400000	7.3449118930
1.2398500000	6.4325284773
1.2405700000	5.6159305060
1.2412800000	4.9034546270
1.2419900000	4.2909914055
1.2427100000	3.7687317502
1.2434200000	3.3250164845
1.2441300000	2.9482936663
1.2448400000	2.6312253408
1.2455600000	2.3578709451
1.2462700000	2.1244681216
1.2469800000	1.9244691862
1.2477000000	1.7522637334
1.2484100000	1.6030308986
1.2491200000	1.4725136260
1.2498400000	1.3569868461
1.2505500000	1.2533479687
1.2512600000	1.1592454305
1.2519700000	1.0731294533
1.2526900000	0.9941002476
1.2534000000	0.9216916500
1.2541100000	0.8555702698
1.2548300000	0.7953935927
1.2555400000	0.7407760694
1.2562500000	0.6912539815
1.2569700000	0.6463456363
1.2576800000	0.6055822371
1.2583900000	0.5685122160
1.2591000000	0.5347334344
1.2598200000	0.5038822651
1.2605300000	0.4756336928
1.2612400000	0.4497090966
1.2619600000	0.4258637472
1.2626700000	0.4038800214
1.2633800000	0.3835657268
1.2640900000	0.3647579697
1.2648100000	0.3473065816
1.2655200000	0.3310888207
1.2662300000	0.3159879869
1.2669500000	0.3019023366
1.2676600000	0.2887415726
1.2683700000	0.2764291846
1.2690900000	0.2648912928
1.2698000000	0.2540649731
1.2705100000	0.2438913042
1.2712200000	0.2341367750
1.2719400000	0.2251300895
1.2726500000	0.2166298264
1.2733600000	0.2086061108
1.2740800000	0.2010224431
1.2747900000	0.1938469522
1.2755000000	0.1870498140
1.2762200000	0.1806065601
1.2769300000	0.1744926432
1.2776400000	0.1686882719
1.2783500000	0.1631710629
1.2790700000	0.1579214158
1.2797800000	0.1529241034
1.2804900000	0.1481632190
1.2812100000	0.1436203277
1.2819200000	0.1392875715
1.2826300000	0.1351490914
1.2833400000	0.1311941988
1.2840600000	0.1274136571
1.2847700000	0.1237966289
1.2854800000	0.1203332247
1.2862000000	0.1170149050
1.2869100000	0.1138342876
1.2876200000	0.1107829788
1.2883400000	0.1078557413
1.2890500000	0.1050450129
1.2897600000	0.1023450084
1.2904700000	0.0997491755
1.2911900000	0.0972527103
1.2919000000	0.0948514579
1.2926100000	0.0925384544
1.2933300000	0.0903114453
1.2940400000	0.0881661948
1.2947500000	0.0861013499
1.2954700000	0.0841065053
1.2961800000	0.0821830132
1.2968900000	0.0803263411
1.2976000000	0.0785332275
1.2983200000	0.0768005076
1.2990300000	0.0750398335
1.2997400000	0.0734227715
1.3004600000	0.0718592793
1.3011700000	0.0703469692
1.3018800000	0.0688835890
1.3025900000	0.0674669925
1.3033100000	0.0660946220
1.3040200000	0.0647647060
1.3047300000	0.0634764632
1.3054500000	0.0622281103
1.3061600000	0.0610174350
1.3068700000	0.0598435443
1.3075900000	0.0587045193
1.3083000000	0.0575993753
1.3090100000	0.0565258496
1.3097200000	0.0554832896
1.3104400000	0.0544711326
1.3111500000	0.0534878502
1.3118600000	0.0525316728
1.3125800000	0.0516025876
1.3132900000	0.0506987161
1.3140000000	0.0498188948
1.3147100000	0.0489625043
1.3154300000	0.0481291563
1.3161400000	0.0473170661
1.3168500000	0.0465267387
1.3175700000	0.0457563407
1.3182800000	0.0450050937
1.3189900000	0.0442742591
1.3197100000	0.0435584997
1.3204200000	0.0428594722
1.3211300000	0.0421757948
1.3218400000	0.0415070950
1.3225600000	0.0408516549
1.3232700000	0.0402090311
1.3239800000	0.0395778752
1.3247000000	0.0389563384
1.3254100000	0.0383440515
1.3261200000	0.0377396169
1.3268400000	0.0371421822
1.3275500000	0.0365506534
1.3282600000	0.0359224870
1.3289700000	0.0353470755
1.3296900000	0.0347859571
1.3304000000	0.0342455378
1.3311100000	0.0337359847
1.3318300000	0.0332673904
1.3325400000	0.0328463380
1.3332500000	0.0324738308
1.3339600000	0.0321419528
1.3346800000	0.0318355911
1.3353900000	0.0315373415
1.3361000000	0.0312328205
1.3368200000	0.0309134467
1.3375300000	0.0305781605
1.3382400000	0.0302286302
1.3389600000	0.0298691582
1.3396700000	0.0295053918
1.3403800000	0.0291407762
1.3410900000	0.0287784217
1.3418100000	0.0284203096
1.3425200000	0.0280683389
1.3432300000	0.0277243958
1.3439500000	0.0273852214
1.3446600000	0.0270534097
1.3453700000	0.0267283477
1.3460900000	0.0264106584
1.3468000000	0.0260994234
1.3475100000	0.0257948272
1.3482200000	0.0254963231
1.3489400000	0.0252044591
1.3496500000	0.0249178069
1.3503600000	0.0246371528
1.3510800000	0.0243613486
1.3517900000	0.0240911645
1.3525000000	0.0238257149
1.3532100000	0.0235648733
1.3539300000	0.0233088246
1.3546400000	0.0230571789
1.3553500000	0.0228093978
1.3560700000	0.0225656363
1.3567800000	0.0223251580
1.3574900000	0.0220885805
1.3582100000	0.0218282512
1.3589200000	0.0215969114
1.3596300000	0.0213682695
1.3603400000	0.0211424558
1.3610600000	0.0209192792
1.3617700000	0.0206987952
1.3624800000	0.0204799960
1.3632000000	0.0202629290
1.3639100000	0.0200472942
1.3646200000	0.0198327003
1.3653400000	0.0196201687
1.3660500000	0.0194080015
1.3667600000	0.0191976062
1.3674700000	0.0189866285
1.3681900000	0.0187756623
1.3689000000	0.0185644002
1.3696100000	0.0183544295
1.3703300000	0.0181417044
1.3710400000	0.0179265954
1.3717500000	0.0177092224
1.3724600000	0.0174900769
1.3731800000	0.0172667599
1.3738900000	0.0170400598
1.3746000000	0.0168090678
1.3753200000	0.0165716380
1.3760300000	0.0163278065
1.3767400000	0.0160773840
1.3774600000	0.0158190335
1.3781700000	0.0155512206
1.3788800000	0.0152722413
1.3795900000	0.0149811449
1.3803100000	0.0146754973
1.3810200000	0.0143548309
1.3817300000	0.0140153206
1.3824500000	0.0136544321
1.3831600000	0.0132710825
1.3838700000	0.0128615317
1.3845800000	0.0124225349
1.3853000000	0.0119487198
1.3860100000	0.0114363646
1.3867200000	0.0108791280
1.3874400000	0.0102718477
1.3881500000	0.0096072991
1.3888600000	0.0088753495
1.3895800000	0.0080674899
1.3902900000	0.0068295155
1.3910000000	0.0057949016
1.3917100000	0.0046388793
1.3924300000	0.0033445118
1.3931400000	0.0018901555
1.3938500000	0.0002492777
1.4159600000	0.0386701071
1.4166700000	0.0743237504
1.4173800000	0.1002044397
1.4180900000	0.1168085806
1.4188100000	0.1255442428
1.4195200000	0.1282244649
1.4202300000	0.1265924942
1.4209500000	0.1221145756
1.4216600000	0.1159614536
1.4223700000	0.1089480515
1.4230800000	0.1053587578
1.4238000000	0.0978097232
1.4245100000	0.0905682346
1.4252200000	0.0837931397
1.4259400000	0.0775277198
1.4266500000	0.0718000268
1.4273600000	0.0665935187
1.4280800000	0.0618829283
1.4287900000	0.0576450325
1.4295000000	0.0538243987
1.4302100000	0.0503898257
1.4309300000	0.0472956252
1.4316400000	0.0445123555
1.4323500000	0.0420092102
1.4330700000	0.0397610982
1.4337800000	0.0377365426
1.4344900000	0.0359132647
1.4352100000	0.0342703567
1.4359200000	0.0327978806
1.4366300000	0.0314656024
1.4373400000	0.0302673407
1.4380600000	0.0291938417
1.4387700000	0.0282286025
1.4394800000	0.0273663068
1.4402000000	0.0265990146
1.4409100000	0.0259209461
1.4416200000	0.0253255895
1.4423300000	0.0248105067
1.4430500000	0.0243691524
1.4437600000	0.0240043982
1.4444700000	0.0237079335
1.4451900000	0.0234825380
1.4459000000	0.0233286219
1.4466100000	0.0232474898
1.4473300000	0.0232411341
1.4480400000	0.0233131222
1.4487500000	0.0234662250
1.4494600000	0.0237061604
1.4501800000	0.0240402719
1.4508900000	0.0244712830
1.4516000000	0.0250070663
1.4523200000	0.0256535928
1.4530300000	0.0264157655
1.4537400000	0.0272967761
1.4544500000	0.0282893137
1.4551700000	0.0293838247
1.4558800000	0.0305572703
1.4565900000	0.0317727175
1.4573100000	0.0329739442
1.4580200000	0.0340877486
1.4587300000	0.0351972485
1.4594500000	0.0358636784
1.4601600000	0.0361837558
1.4608700000	0.0361045313
1.4615800000	0.0356135084
1.4623000000	0.0347412408
1.4630100000	0.0335550335
1.4637200000	0.0321433317
1.4644400000	0.0305986579
1.4651500000	0.0290038713
1.4658600000	0.0274249665
1.4665800000	0.0259091369
1.4672900000	0.0244859484
1.4680000000	0.0231710868
1.4687100000	0.0219698940
1.4694300000	0.0208809021
1.4701400000	0.0198985215
1.4708500000	0.0190149964
1.4715700000	0.0182217011
1.4722800000	0.0175090707
1.4729900000	0.0168687505
1.4737000000	0.0162930613
1.4744200000	0.0157742791
1.4751300000	0.0153060728
1.4758400000	0.0148827954
1.4765600000	0.0144993983
1.4772700000	0.0141512095
1.4779800000	0.0138345147
1.4787000000	0.0135460746
1.4794100000	0.0132825654
1.4801200000	0.0130420404
1.4808300000	0.0128213759
1.4815500000	0.0126190323
1.4822600000	0.0124331562
1.4829700000	0.0122625139
1.4836900000	0.0121055886
1.4844000000	0.0119606442
1.4851100000	0.0118279270
1.4858300000	0.0117058817
1.4865400000	0.0115939552
1.4872500000	0.0114909865
1.4879600000	0.0113966323
1.4886800000	0.0113103588
1.4893900000	0.0112317459
1.4901000000	0.0111603410
1.4908200000	0.0110957733
1.4915300000	0.0110377804
1.4922400000	0.0109861792
1.4929500000	0.0109406946
1.4936700000	0.0109012651
1.4943800000	0.0108676063
1.4950900000	0.0108764213
1.4958100000	0.0108532268
1.4965200000	0.0108356890
1.4972300000	0.0108238248
1.4979500000	0.0108176882
1.4986600000	0.0108172401
1.4993700000	0.0108226622
1.5000800000	0.0108349618
1.5008000000	0.0108587682
1.5015100000	0.0108896388
1.5022200000	0.0109275688
1.5029400000	0.0109732111
1.5036500000	0.0110267914
1.5043600000	0.0110887666
1.5050800000	0.0111597811
1.5057900000	0.0112405667
1.5065000000	0.0113317617
1.5072100000	0.0114342804
1.5079300000	0.0115490177
1.5086400000	0.0116771223
1.5093500000	0.0118197436
1.5100700000	0.0119783498
1.5107800000	0.0121543906
1.5114900000	0.0123501598
1.5122000000	0.0125673746
1.5129200000	0.0128085810
1.5136300000	0.0130762815
1.5143400000	0.0133738713
1.5150600000	0.0137049785
1.5157700000	0.0140696686
1.5164800000	0.0144798489
1.5172000000	0.0149373106
1.5179100000	0.0154475927
1.5186200000	0.0160174165
1.5193300000	0.0166536998
1.5200500000	0.0173640624
1.5207600000	0.0181564704
1.5214700000	0.0190390665
1.5221900000	0.0200187509
1.5229000000	0.0211009568
1.5236100000	0.0222887588
1.5243200000	0.0235791177
1.5250400000	0.0249618901
1.5257500000	0.0264152721
1.5264600000	0.0279037976
1.5271800000	0.0293751367
1.5278900000	0.0307594671
1.5286000000	0.0319736976
1.5293200000	0.0329285826
1.5300300000	0.0335434789
1.5307400000	0.0337604877
1.5314500000	0.0335570589
1.5321700000	0.0329519431
1.5328800000	0.0320068753
1.5335900000	0.0307891190
1.5343100000	0.0293949534
1.5350200000	0.0279093482
1.5357300000	0.0264040480
1.5364500000	0.0249328353
1.5371600000	0.0235333538
1.5378700000	0.0222273621
1.5385800000	0.0210262296
1.5393000000	0.0199327141
1.5400100000	0.0189443944
1.5407200000	0.0180556707
1.5414400000	0.0172587453
1.5421500000	0.0165456582
1.5428600000	0.0159080714
1.5435700000	0.0153381049
1.5442900000	0.0148284887
1.5450000000	0.0143725517
1.5457100000	0.0139642866
1.5464300000	0.0135982945
1.5471400000	0.0132698721
1.5478500000	0.0129761340
1.5485700000	0.0127107622
1.5492800000	0.0124719296
1.5499900000	0.0122568613
1.5507000000	0.0120630248
1.5514200000	0.0118882865
1.5521300000	0.0117307466
1.5528400000	0.0115886863
1.5535600000	0.0114606376
1.5542700000	0.0113453183
1.5549800000	0.0112415738
1.5557000000	0.0111483696
1.5564100000	0.0110648064
1.5571200000	0.0109901120
1.5578300000	0.0109235463
1.5585500000	0.0108644915
1.5592600000	0.0108123941
1.5599700000	0.0107667305
1.5606900000	0.0107270598
1.5614000000	0.0106930103
1.5621100000	0.0106641933
1.5628200000	0.0106402963
1.5635400000	0.0106210729
1.5642500000	0.0106062281
1.5649600000	0.0105955484
1.5656800000	0.0105888364
1.5663900000	0.0105858903
1.5671000000	0.0105865678
1.5678200000	0.0105907360
1.5685300000	0.0105982626
1.5692400000	0.0106090347
1.5699500000	0.0106229687
1.5706700000	0.0106399680
1.5713800000	0.0106599887
1.5720900000	0.0106829552
1.5728100000	0.0107101923
1.5735200000	0.0107388676
1.5742300000	0.0107703892
1.5749400000	0.0108047625
1.5756600000	0.0108419736
1.5763700000	0.0108820375
1.5770800000	0.0109249644
1.5778000000	0.0109707845
1.5785100000	0.0110195299
1.5792200000	0.0110712292
1.5799400000	0.0111259638
1.5806500000	0.0111838038
1.5813600000	0.0112449131
1.5820700000	0.0113092811
1.5827900000	0.0113770519
1.5835000000	0.0114483403
1.5842100000	0.0115232844
1.5849300000	0.0116020686
1.5856400000	0.0116848415
1.5863500000	0.0117718273
1.5870700000	0.0118632299
1.5877800000	0.0119592362
1.5884900000	0.0120602182
1.5892000000	0.0121664686
1.5899200000	0.0122782729
1.5906300000	0.0123960445
1.5913400000	0.0125202023
1.5920600000	0.0126511756
1.5927700000	0.0127895281
1.5934800000	0.0129358253
1.5941900000	0.0130906965
1.5949100000	0.0132548566
1.5956200000	0.0134290703
1.5963300000	0.0136142578
1.5970500000	0.0138112849
1.5977600000	0.0140213531
1.5984700000	0.0142455448
1.5991900000	0.0144850437
1.5999000000	0.0147412787
1.6006100000	0.0150140396
1.6013200000	0.0153056249
1.6020400000	0.0156176386
1.6027500000	0.0159513716
1.6034600000	0.0163078968
1.6041800000	0.0166878656
1.6048900000	0.0170915756
1.6056000000	0.0175184040
1.6063200000	0.0179666172
1.6070300000	0.0184330733
1.6077400000	0.0189127726
1.6084500000	0.0193988148
1.6091700000	0.0198819284
1.6098800000	0.0203508720
1.6105900000	0.0207928493
1.6113100000	0.0211945736
1.6120200000	0.0215437034
1.6127300000	0.0218303019
1.6134400000	0.0220484662
1.6141600000	0.0221972270
1.6148700000	0.0222767597
1.6155800000	0.0223033987
1.6163000000	0.0222851664
1.6170100000	0.0222371057
1.6177200000	0.0221703155
1.6184400000	0.0220989719
1.6191500000	0.0220344196
1.6198600000	0.0219860771
1.6205700000	0.0219613309
1.6212900000	0.0219658980
1.6220000000	0.0220039640
1.6227100000	0.0220785087
1.6234300000	0.0221916311
1.6241400000	0.0223450782
1.6248500000	0.0225400586
1.6255700000	0.0227777050
1.6262800000	0.0230592554
1.6269900000	0.0233860701
1.6277000000	0.0237597906
1.6284200000	0.0241824092
1.6291300000	0.0246562891
1.6298400000	0.0251842144
1.6305600000	0.0257693459
1.6312700000	0.0264155173
1.6319800000	0.0271272784
1.6326900000	0.0279093265
1.6334100000	0.0287669479
1.6341200000	0.0297061801
1.6348300000	0.0307332496
1.6355500000	0.0318546259
1.6362600000	0.0330767700
1.6369700000	0.0344059146
1.6376900000	0.0358471555
1.6384000000	0.0374040640
1.6391100000	0.0390773548
1.6398200000	0.0408644131
1.6405400000	0.0427562536
1.6412500000	0.0447378054
1.6419600000	0.0467839493
1.6426800000	0.0488585480
1.6433900000	0.0509140057
1.6441000000	0.0528902910
1.6448100000	0.0547182477
1.6455300000	0.0563230270
1.6462400000	0.0576311285
1.6469500000	0.0585791444
1.6476700000	0.0591220596
1.6483800000	0.0592398719
1.6490900000	0.0589415590
1.6498100000	0.0582624801
1.6505200000	0.0572593898
1.6512300000	0.0560023756
1.6519400000	0.0545665709
1.6526600000	0.0530238626
1.6533700000	0.0514381105
1.6540800000	0.0498611074
1.6548000000	0.0483353256
1.6555100000	0.0468892762
1.6562200000	0.0455423355
1.6569400000	0.0443057822
1.6576500000	0.0431853642
1.6583600000	0.0421815073
1.6590700000	0.0412922874
1.6597900000	0.0404931918
1.6605000000	0.0398179864
1.6612100000	0.0392411522
1.6619300000	0.0387564799
1.6626400000	0.0383577032
1.6633500000	0.0380387678
1.6640600000	0.0377940801
1.6647800000	0.0376184997
1.6654900000	0.0375073130
1.6662000000	0.0374562658
1.6669200000	0.0374615473
1.6676300000	0.0375198165
1.6683400000	0.0376281169
1.6690600000	0.0377839343
1.6697700000	0.0379849988
1.6704800000	0.0382294403
1.6711900000	0.0385156062
1.6719100000	0.0388421229
1.6726200000	0.0392079646
1.6733300000	0.0396122123
1.6740500000	0.0400542254
1.6747600000	0.0405335706
1.6754700000	0.0410499606
1.6761900000	0.0416031708
1.6769000000	0.0421933006
1.6776100000	0.0428207589
1.6783200000	0.0434857848
1.6790400000	0.0441887633
1.6797500000	0.0449305783
1.6804600000	0.0457118897
1.6811800000	0.0465336282
1.6818900000	0.0473969886
1.6826000000	0.0483029856
1.6833100000	0.0492531791
1.6840300000	0.0502489642
1.6847400000	0.0512920108
1.6854500000	0.0523840292
1.6861700000	0.0535272937
1.6868800000	0.0547235249
1.6875900000	0.0559756961
1.6883100000	0.0572861833
1.6890200000	0.0586574581
1.6897300000	0.0600927668
1.6904400000	0.0615952487
1.6911600000	0.0631682778
1.6918700000	0.0648154746
1.6925800000	0.0665410402
1.6933000000	0.0683495901
1.6940100000	0.0702454374
1.6947200000	0.0722335986
1.6954400000	0.0743191162
1.6961500000	0.0765090151
1.6968600000	0.0788090140
1.6975700000	0.0812259596
1.6982900000	0.0837672571
1.6990000000	0.0864408917
1.6997100000	0.0892558797
1.7004300000	0.0922714284
1.7011400000	0.0954890108
1.7018500000	0.0988886904
1.7025600000	0.1024834290
1.7032800000	0.1062883495
1.7039900000	0.1103189245
1.7047000000	0.1145918284
1.7054200000	0.1191262648
1.7061300000	0.1239435892
1.7068400000	0.1288600786
1.7075600000	0.1343019572
1.7082700000	0.1401015404
1.7089800000	0.1462885644
1.7096900000	0.1528961085
1.7104100000	0.1599618650
1.7111200000	0.1675255911
1.7118300000	0.1756342482
1.7125500000	0.1843372339
1.7132600000	0.1936894799
1.7139700000	0.2037534025
1.7146800000	0.2145952769
1.7154000000	0.2262902542
1.7161100000	0.2389189621
1.7168200000	0.2525719527
1.7175400000	0.2673465559
1.7182500000	0.2833479118
1.7189600000	0.3006909221
1.7196800000	0.3194976691
1.7203900000	0.3399079456
1.7211000000	0.3620622445
1.7218100000	0.3861139850
1.7225300000	0.4122191541
1.7232400000	0.4405385667
1.7239500000	0.4712223201
1.7246700000	0.5044152697
1.7253800000	0.5402317303
1.7260900000	0.5787457525
1.7268100000	0.6199609994
1.7275200000	0.6637949854
1.7282300000	0.7100361955
1.7289400000	0.7583118329
1.7296600000	0.8080435250
1.7303700000	0.8584236717
1.7310800000	0.9083709690
1.7318000000	0.9565442412
1.7325100000	1.0013670638
1.7332200000	1.0411108443
1.7339300000	1.0740255692
1.7346500000	1.0984688967
1.7353600000	1.1131530558
1.7360700000	1.1172329255
1.7367900000	1.1104954785
1.7375000000	1.0933487679
1.7382100000	1.0667843016
1.7389300000	1.0322265438
1.7396400000	0.9913714149
1.7403500000	0.9460008950
1.7410600000	0.8978159393
1.7417800000	0.8483499484
1.7424900000	0.7988863563
1.7432000000	0.7504280345
1.7439200000	0.7037340779
1.7446300000	0.6593077839
1.7453400000	0.6174882382
1.7460600000	0.5784504440
1.7467700000	0.5422490988
1.7474800000	0.5088655180
1.7481900000	0.4782166427
1.7489100000	0.4501872195
1.7496200000	0.4246367647
1.7503300000	0.4014185048
1.7510500000	0.3803829629
1.7517600000	0.3613812650
1.7524700000	0.3442768933
1.7531800000	0.3289325914
1.7539000000	0.3152304604
1.7546100000	0.3030563894
1.7553200000	0.2923072701
1.7560400000	0.2831964854
1.7567500000	0.2749945329
1.7574600000	0.2679411891
1.7581800000	0.2619465346
1.7588900000	0.2569155059
1.7596000000	0.2527487162
1.7603100000	0.2493326351
1.7610300000	0.2465438996
1.7617400000	0.2442406219
1.7624500000	0.2422615034
1.7631700000	0.2404344694
1.7638800000	0.2385731058
1.7645900000	0.2364882746
1.7653100000	0.2340008176
1.7660200000	0.2309544517
1.7667300000	0.2272266924
1.7674400000	0.2227481760
1.7681600000	0.2174966618
1.7688700000	0.2115058909
1.7695800000	0.2048576312
1.7703000000	0.1976689132
1.7710100000	0.1900778456
1.7717200000	0.1822315680
1.7724300000	0.1742703139
1.7731500000	0.1663225800
1.7738600000	0.1584969510
1.7745700000	0.1508781630
1.7752900000	0.1435311926
1.7760000000	0.1365033379
1.7767100000	0.1298185499
1.7774300000	0.1234904905
1.7781400000	0.1175239001
1.7788500000	0.1119140414
1.7795600000	0.1066499687
1.7802800000	0.1017169676
1.7809900000	0.0970982854
1.7817000000	0.0927755167
1.7824200000	0.0887299546
1.7831300000	0.0849425718
1.7838400000	0.0813953863
1.7845500000	0.0780709892
1.7852700000	0.0749531451
1.7859800000	0.0720263224
1.7866900000	0.0692763767
1.7874100000	0.0666898744
1.7881200000	0.0642546010
1.7888300000	0.0619591515
1.7895500000	0.0597933923
1.7902600000	0.0577476919
1.7909700000	0.0558133306
1.7916800000	0.0539822402
1.7924000000	0.0522472146
1.7931100000	0.0506015549
1.7938200000	0.0490390202
1.7945400000	0.0475539424
1.7952500000	0.0461409063
1.7959600000	0.0447956940
1.7966800000	0.0435135874
1.7973900000	0.0422905641
1.7981000000	0.0411230174
1.7988100000	0.0400073594
1.7995300000	0.0389404231
1.8002400000	0.0379125402
1.8009500000	0.0369155383
1.8016700000	0.0359611966
1.8023800000	0.0350466562
1.8030900000	0.0341698107
1.8038000000	0.0333285477
1.8045200000	0.0325208235
1.8052300000	0.0317446865
1.8059400000	0.0309986138
1.8066600000	0.0302807317
1.8073700000	0.0295897945
1.8080800000	0.0288925012
1.8088000000	0.0282504697
1.8095100000	0.0276313535
1.8102200000	0.0270339581
1.8109300000	0.0264573244
1.8116500000	0.0259003306
1.8123600000	0.0253620452
1.8130700000	0.0248416359
1.8137900000	0.0243382021
1.8145000000	0.0238508808
1.8152100000	0.0233791135
1.8159300000	0.0229220101
1.8166400000	0.0224790611
1.8173500000	0.0220497165
1.8180600000	0.0216332058
1.8187800000	0.0212292688
1.8194900000	0.0208373049
1.8202000000	0.0204571176
1.8209200000	0.0200877984
1.8216300000	0.0197292174
1.8223400000	0.0193811119
1.8230500000	0.0190430945
1.8237700000	0.0187148491
1.8244800000	0.0183959850
1.8251900000	0.0180863710
1.8259100000	0.0177855517
1.8266200000	0.0174931022
1.8273300000	0.0172082109
1.8280500000	0.0169308207
1.8287600000	0.0166601706
1.8294700000	0.0163956101
1.8301800000	0.0161366684
1.8309000000	0.0158828777
1.8316100000	0.0156338186
1.8323200000	0.0153890058
1.8330400000	0.0151481854
1.8337500000	0.0149109827
1.8344600000	0.0146773471
1.8351800000	0.0144470341
1.8358900000	0.0142198873
1.8366000000	0.0139956604
1.8373100000	0.0137741292
1.8380300000	0.0135556512
1.8387400000	0.0133392127
1.8394500000	0.0131256069
1.8401700000	0.0129141101
1.8408800000	0.0127047303
1.8415900000	0.0124971188
1.8423000000	0.0122909463
1.8430200000	0.0120860758
1.8437300000	0.0118821047
1.8444400000	0.0116786109
1.8451600000	0.0114756763
1.8458700000	0.0112726669
1.8465800000	0.0110693590
1.8473000000	0.0108653025
1.8480100000	0.0106600446
1.8487200000	0.0104526003
1.8494300000	0.0102435855
1.8501500000	0.0100321041
1.8508600000	0.0098175243
1.8515700000	0.0095991361
1.8522900000	0.0093763311
1.8530000000	0.0091480669
1.8537100000	0.0089145785
1.8544200000	0.0086745055
1.8551400000	0.0084268748
1.8558500000	0.0081709647
1.8565600000	0.0079056412
1.8572800000	0.0076298288
1.8579900000	0.0073421907
1.8587000000	0.0070413465
1.8594200000	0.0067254757
1.8601300000	0.0063932852
1.8608400000	0.0060436481
1.8615500000	0.0054311016
1.8622700000	0.0050236374
1.8629800000	0.0045909506
1.8636900000	0.0041303961
1.8644100000	0.0036394900
1.8651200000	0.0031154716
1.8658300000	0.0025568497
1.8665500000	0.0019577874
1.8672600000	0.0013170600
1.8679700000	0.0006312541
1.8686800000	0.0000535410
1.8694000000	0.0002206734
1.8879300000	0.0004441003
1.8886500000	0.0017340100
1.8893600000	0.0045120900
1.8900700000	0.0071329961
1.8907900000	0.0095346570
1.8915000000	0.0116727189
1.8922100000	0.0135238159
1.8929200000	0.0150827423
1.8936400000	0.0163549525
1.8943500000	0.0173608039
1.8950600000	0.0181284371
1.8957800000	0.0186827794
1.8964900000	0.0190573799
1.8972000000	0.0192827550
1.8979200000	0.0193872248
1.8986300000	0.0193961377
1.8993400000	0.0193315332
1.9000500000	0.0192115586
1.9007700000	0.0190416486
1.9014800000	0.0188424131
1.9021900000	0.0186244793
1.9029100000	0.0183944026
1.9036200000	0.0181565150
1.9043300000	0.0179128284
1.9050500000	0.0176650532
1.9057600000	0.0174094134
1.9064700000	0.0171457615
1.9071800000	0.0168719743
1.9079000000	0.0165860915
1.9086100000	0.0162864732
1.9093200000	0.0159724464
1.9100400000	0.0156435349
1.9107500000	0.0153007824
1.9114600000	0.0149460663
1.9121700000	0.0145816408
1.9128900000	0.0142106176
1.9136000000	0.0138362106
1.9143100000	0.0134617626
1.9150300000	0.0130904826
1.9157400000	0.0127253819
1.9164500000	0.0123686207
1.9171700000	0.0120226216
1.9178800000	0.0116886184
1.9185900000	0.0114795398
1.9193000000	0.0111670450
1.9200200000	0.0108694151
1.9207300000	0.0105866781
1.9214400000	0.0103187429
1.9221600000	0.0100653070
1.9228700000	0.0098259268
1.9235800000	0.0096000649
1.9242900000	0.0093871158
1.9250100000	0.0091865366
1.9257200000	0.0089975106
1.9264300000	0.0088194631
1.9271500000	0.0086517699
1.9278600000	0.0084938986
1.9285700000	0.0083451232
1.9292900000	0.0082048364
1.9300000000	0.0080726755
1.9307100000	0.0079479347
1.9314200000	0.0078302089
1.9321400000	0.0077190769
1.9328500000	0.0076141307
1.9335600000	0.0075150082
1.9342800000	0.0074212805
1.9349900000	0.0073326526
1.9357000000	0.0072488062
1.9364200000	0.0071694884
1.9371300000	0.0070943898
1.9378400000	0.0070232881
1.9385500000	0.0069559492
1.9392700000	0.0068922152
1.9399800000	0.0068318430
1.9406900000	0.0067745976
1.9414100000	0.0067203629
1.9421200000	0.0066690214
1.9428300000	0.0066203797
1.9435400000	0.0065743058
1.9442600000	0.0065306988
1.9449700000	0.0064894449
1.9456800000	0.0064504265
1.9464000000	0.0064135493
1.9471100000	0.0063787306
1.9478200000	0.0063458881
1.9485400000	0.0063149399
1.9492500000	0.0062858087
1.9499600000	0.0062584396
1.9506700000	0.0062328050
1.9513900000	0.0062087663
1.9521000000	0.0061863277
1.9528100000	0.0061654431
1.9535300000	0.0061460253
1.9542400000	0.0061280593
1.9549500000	0.0061115122
1.9556700000	0.0060963442
1.9563800000	0.0060825380
1.9570900000	0.0060700498
1.9578000000	0.0060588647
1.9585200000	0.0060489737
1.9592300000	0.0060403259
1.9599400000	0.0060329222
1.9606600000	0.0060267493
1.9613700000	0.0060217936
1.9620800000	0.0060180462
1.9627900000	0.0060154927
1.9635100000	0.0060141490
1.9642200000	0.0060139759
1.9649300000	0.0060149870
1.9656500000	0.0060171876
1.9663600000	0.0060205787
1.9670700000	0.0060251583
1.9677900000	0.0060309278
1.9685000000	0.0060379183
1.9692100000	0.0060461323
1.9699200000	0.0060555811
1.9706400000	0.0060662732
1.9713500000	0.0060782341
1.9720600000	0.0060914761
1.9727800000	0.0061060284
1.9734900000	0.0061219173
1.9742000000	0.0061391595
1.9749100000	0.0061577881
1.9756300000	0.0061778311
1.9763400000	0.0061993289
1.9770500000	0.0062223145
1.9777700000	0.0062540047
1.9784800000	0.0062799149
1.9791900000	0.0063074520
1.9799100000	0.0063366668
1.9806200000	0.0063676162
1.9813300000	0.0064003542
1.9820400000	0.0064349536
1.9827600000	0.0064714560
1.9834700000	0.0065099522
1.9841800000	0.0065505177
1.9849000000	0.0065932386
1.9856100000	0.0066381948
1.9863200000	0.0066854835
1.9870400000	0.0067351987
1.9877500000	0.0067874503
1.9884600000	0.0068423417
1.9891700000	0.0069000082
1.9898900000	0.0069605732
1.9906000000	0.0070241772
1.9913100000	0.0070909724
1.9920300000	0.0071611154
1.9927400000	0.0072347663
1.9934500000	0.0073120962
1.9941600000	0.0073933176
1.9948800000	0.0074786266
1.9955900000	0.0075682193
1.9963000000	0.0076623628
1.9970200000	0.0077612757
1.9977300000	0.0078652350
1.9984400000	0.0079745043
1.9991600000	0.0080893368
1.9998700000	0.0082101384
2.0005800000	0.0083423644
2.0012900000	0.0084827136
2.0020100000	0.0086304263
2.0027200000	0.0087859150
2.0034300000	0.0089495648
2.0041500000	0.0091219235
2.0048600000	0.0093034288
2.0055700000	0.0094945670
2.0062900000	0.0096958276
2.0070000000	0.0099077446
2.0077100000	0.0101307943
2.0084200000	0.0103655215
2.0091400000	0.0106124110
2.0098500000	0.0108719095
2.0105600000	0.0111444800
2.0112800000	0.0114304526
2.0119900000	0.0117301376
2.0127000000	0.0120437731
2.0134100000	0.0123714080
2.0141300000	0.0127128378
2.0148400000	0.0130678462
2.0155500000	0.0134358025
2.0162700000	0.0138158926
2.0169800000	0.0142069477
2.0176900000	0.0146073895
2.0184100000	0.0150152047
2.0191200000	0.0154279566
2.0198300000	0.0158426741
2.0205400000	0.0162560037
2.0212600000	0.0166640679
2.0219700000	0.0170625733
2.0226800000	0.0174468437
2.0234000000	0.0178121453
2.0241100000	0.0181535115
2.0248200000	0.0184661000
2.0255400000	0.0187454266
2.0262500000	0.0189873397
2.0269600000	0.0191884133
2.0276700000	0.0193459965
2.0283900000	0.0194583260
2.0291000000	0.0195246028
2.0298100000	0.0195449067
2.0305300000	0.0195203024
2.0312400000	0.0194524843
2.0319500000	0.0193441173
2.0326600000	0.0191981508
2.0333800000	0.0190178863
2.0340900000	0.0188069672
2.0348000000	0.0185691689
2.0355200000	0.0183082767
2.0362300000	0.0180280864
2.0369400000	0.0177324206
2.0376600000	0.0174245459
2.0383700000	0.0171080434
2.0390800000	0.0167860557
2.0397900000	0.0164615186
2.0405100000	0.0161384241
2.0412200000	0.0158164574
2.0419300000	0.0154992523
2.0426500000	0.0151887175
2.0433600000	0.0148865164
2.0440700000	0.0145939063
2.0447800000	0.0143120369
2.0455000000	0.0140417212
2.0462100000	0.0137835750
2.0469200000	0.0135380846
2.0476400000	0.0133053872
2.0483500000	0.0130856437
2.0490600000	0.0128787864
2.0497800000	0.0126846869
2.0504900000	0.0125032538
2.0512000000	0.0123339713
2.0519100000	0.0121765409
2.0526300000	0.0120306753
2.0533400000	0.0118958948
2.0540500000	0.0117718005
2.0547700000	0.0116579539
2.0554800000	0.0115539479
2.0561900000	0.0114593727
2.0569100000	0.0113737813
2.0576200000	0.0112967541
2.0583300000	0.0112279585
2.0590400000	0.0111669443
2.0597600000	0.0111134152
2.0604700000	0.0110670419
2.0611800000	0.0110275037
2.0619000000	0.0109945246
2.0626100000	0.0109678443
2.0633200000	0.0109472573
2.0640300000	0.0109325256
2.0647500000	0.0109235606
2.0654600000	0.0109198933
2.0661700000	0.0109215496
2.0668900000	0.0109283978
2.0676000000	0.0109402433
2.0683100000	0.0109570321
2.0690300000	0.0109786418
2.0697400000	0.0110050051
2.0704500000	0.0110360506
2.0711600000	0.0110717365
2.0718800000	0.0111120200
2.0725900000	0.0111568684
2.0733000000	0.0112062771
2.0740200000	0.0112602677
2.0747300000	0.0113188431
2.0754400000	0.0113820526
2.0761600000	0.0114499393
2.0768700000	0.0115225623
2.0775800000	0.0116000258
2.0782900000	0.0116823717
2.0790100000	0.0117697616
2.0797200000	0.0118622745
2.0804300000	0.0119599850
2.0811500000	0.0120630113
2.0818600000	0.0121714298
2.0825700000	0.0122853158
2.0832800000	0.0124047353
2.0840000000	0.0125297417
2.0847100000	0.0126603421
2.0854200000	0.0127966005
2.0861400000	0.0129385144
2.0868500000	0.0130860472
2.0875600000	0.0132392270
2.0882800000	0.0133980377
2.0889900000	0.0135624906
2.0897000000	0.0137325945
2.0904100000	0.0139083209
2.0911300000	0.0140898271
2.0918400000	0.0142771193
2.0925500000	0.0144703066
2.0932700000	0.0146694898
2.0939800000	0.0148748083
2.0946900000	0.0150864065
2.0954100000	0.0153044904
2.0961200000	0.0155292580
2.0968300000	0.0157609251
2.0975400000	0.0159997239
2.0982600000	0.0162459154
2.0989700000	0.0164997596
2.0996800000	0.0167615069
2.1004000000	0.0170309109
2.1011100000	0.0173087382
2.1018200000	0.0175959327
2.1025300000	0.0178928702
2.1032500000	0.0181999280
2.1039600000	0.0185175406
2.1046700000	0.0188461204
2.1053900000	0.0191861610
2.1061000000	0.0195380990
2.1068100000	0.0198888264
2.1075300000	0.0202657267
2.1082400000	0.0206561059
2.1089500000	0.0210605367
2.1096600000	0.0214795980
2.1103800000	0.0219139583
2.1110900000	0.0223642919
2.1118000000	0.0228312872
2.1125200000	0.0233157017
2.1132300000	0.0238183042
2.1139400000	0.0243399535
2.1146500000	0.0248815143
2.1153700000	0.0254439081
2.1160800000	0.0260281048
2.1167900000	0.0266351188
2.1175100000	0.0272660719
2.1182200000	0.0279221448
2.1189300000	0.0286045045
2.1196500000	0.0293144209
2.1203600000	0.0300533559
2.1210700000	0.0308226852
2.1217800000	0.0316239356
2.1225000000	0.0324587204
2.1232100000	0.0333285093
2.1239200000	0.0342355164
2.1246400000	0.0351815004
2.1253500000	0.0361684324
2.1260600000	0.0371984452
2.1267800000	0.0382737974
2.1274900000	0.0393967970
2.1282000000	0.0405699861
2.1289100000	0.0417960298
2.1296300000	0.0430776646
2.1303400000	0.0444177814
2.1310500000	0.0458194178
2.1317700000	0.0472860297
2.1324800000	0.0488207213
2.1331900000	0.0504272150
2.1339000000	0.0521090799
2.1346200000	0.0538702336
2.1353300000	0.0557143912
2.1360400000	0.0576460808
2.1367600000	0.0596693025
2.1374700000	0.0617883882
2.1381800000	0.0640077724
2.1389000000	0.0663317669
2.1396100000	0.0687647867
2.1403200000	0.0713111856
2.1410300000	0.0739751328
2.1417500000	0.0767604596
2.1424600000	0.0796710054
2.1431700000	0.0827096904
2.1438900000	0.0858790599
2.1446000000	0.0891811522
2.1453100000	0.0926164454
2.1460300000	0.0961846828
2.1467400000	0.0998841565
2.1474500000	0.1037111010
2.1481600000	0.1076599475
2.1488800000	0.1117225532
2.1495900000	0.1158881431
2.1503000000	0.1201427710
2.1510200000	0.1244692151
2.1517300000	0.1288462284
2.1524400000	0.1332485668
2.1531500000	0.1376469138
2.1538700000	0.1420074830
2.1545800000	0.1462923775
2.1552900000	0.1504596732
2.1560100000	0.1544639664
2.1567200000	0.1582571258
2.1574300000	0.1617892874
2.1581500000	0.1650104183
2.1588600000	0.1678708923
2.1595700000	0.1703232777
2.1602800000	0.1723254245
2.1610000000	0.1738403178
2.1617100000	0.1748389716
2.1624200000	0.1753014875
2.1631400000	0.1752159689
2.1638500000	0.1745825436
2.1645600000	0.1734111293
2.1652800000	0.1717218164
2.1659900000	0.1695428618
2.1667000000	0.1669110408
2.1674100000	0.1638693080
2.1681300000	0.1604647978
2.1688400000	0.1567478370
2.1695500000	0.1527697567
2.1702700000	0.1485814948
2.1709800000	0.1442324298
2.1716900000	0.1397693721
2.1724000000	0.1352369169
2.1731200000	0.1306702428
2.1738300000	0.1261069324
2.1745400000	0.1215763158
2.1752600000	0.1173538481
2.1759700000	0.1129476281
2.1766800000	0.1086396190
2.1774000000	0.1044440516
2.1781100000	0.1003719032
2.1788200000	0.0964311697
2.1795300000	0.0926274087
2.1802500000	0.0889641262
2.1809600000	0.0854426694
2.1816700000	0.0820634338
2.1823900000	0.0788246474
2.1831000000	0.0757245143
2.1838100000	0.0727598198
2.1845200000	0.0699270145
2.1852400000	0.0672219825
2.1859500000	0.0646403367
2.1866600000	0.0621776126
2.1873800000	0.0598288799
2.1880900000	0.0575891703
2.1888000000	0.0554538419
2.1895200000	0.0534183009
2.1902300000	0.0514775613
2.1909400000	0.0496272152
2.1916500000	0.0478628709
2.1923700000	0.0461801888
2.1930800000	0.0445752195
2.1937900000	0.0430438016
2.1945100000	0.0415823268
2.1952200000	0.0401871591
2.1959300000	0.0388549101
2.1966500000	0.0375822654
2.1973600000	0.0363661755
2.1980700000	0.0352037187
2.1987800000	0.0340920952
2.1995000000	0.0330286829
2.2002100000	0.0320121303
2.2009200000	0.0310431062
2.2016400000	0.0301171857
2.2023500000	0.0292319737
2.2030600000	0.0283852330
2.2037700000	0.0275748232
2.2044900000	0.0267987630
2.2052000000	0.0260552197
2.2059100000	0.0253424322
2.2066300000	0.0246587528
2.2073400000	0.0240026239
2.2080500000	0.0233726069
2.2087700000	0.0227673276
2.2094800000	0.0221855127
2.2101900000	0.0216259402
2.2109000000	0.0210873123
2.2116200000	0.0205688472
2.2123300000	0.0200693724
2.2130400000	0.0195879616
2.2137600000	0.0191236652
2.2144700000	0.0186756655
2.2151800000	0.0182430880
2.2159000000	0.0178252771
2.2166100000	0.0174214068
2.2173200000	0.0170308222
2.2180300000	0.0166529470
2.2187500000	0.0162871338
2.2194600000	0.0159327865
2.2201700000	0.0155893659
2.2208900000	0.0152563512
2.2216000000	0.0149332433
2.2223100000	0.0146195632
2.2230200000	0.0143148172
2.2237400000	0.0140187013
2.2244500000	0.0137307521
2.2251600000	0.0134505571
2.2258800000	0.0131777542
2.2265900000	0.0129119893
2.2273000000	0.0126528923
2.2280200000	0.0124001694
2.2287300000	0.0121534831
2.2294400000	0.0119125070
2.2301500000	0.0116767809
2.2308700000	0.0114463546
2.2315800000	0.0112207786
2.2322900000	0.0109997736
2.2330100000	0.0107829970
2.2337200000	0.0105703500
2.2344300000	0.0103614503
2.2351500000	0.0101561773
2.2358600000	0.0099542336
2.2365700000	0.0097553858
2.2372800000	0.0095594045
2.2380000000	0.0093661304
2.2387100000	0.0091753219
2.2394200000	0.0089867918
2.2401400000	0.0088003583
2.2408500000	0.0086158385
2.2415600000	0.0084330792
2.2422700000	0.0082519424
2.2429900000	0.0080721779
2.2437000000	0.0078938198
2.2444100000	0.0077166184
2.2451300000	0.0075407555
2.2458400000	0.0073658091
2.2465500000	0.0071920486
2.2472700000	0.0070195361
2.2479800000	0.0067417577
2.2486900000	0.0065678797
2.2494000000	0.0063953254
2.2501200000	0.0062242434
2.2508300000	0.0060543923
2.2515400000	0.0058870988
2.2522600000	0.0057222067
2.2529700000	0.0055601434
2.2536800000	0.0054011921
2.2543900000	0.0052463541
2.2551100000	0.0050960503
2.2558200000	0.0049510372
2.2565300000	0.0048121025
2.2572500000	0.0046800686
2.2579600000	0.0045558716
2.2586700000	0.0044404471
2.2593900000	0.0043344912
2.2601000000	0.0042393884
2.2608100000	0.0041563072
2.2615200000	0.0040859322
2.2622400000	0.0040287231
2.2629500000	0.0039862714
2.2636600000	0.0039589310
2.2643800000	0.0039469978
2.2650900000	0.0039510009
2.2658000000	0.0039707344
2.2665200000	0.0040064007
2.2672300000	0.0040573808
2.2679400000	0.0041230442
2.2686500000	0.0042024376
2.2693700000	0.0042943814
2.2700800000	0.0043974979
2.2707900000	0.0045101979
2.2715100000	0.0046307532
2.2722200000	0.0047573272
2.2729300000	0.0048880391
2.2736400000	0.0050210030
2.2743600000	0.0051541842
2.2750700000	0.0052861416
2.2757800000	0.0054150287
2.2765000000	0.0055396351
2.2772100000	0.0056585035
2.2779200000	0.0057704957
2.2786400000	0.0058748638
2.2793500000	0.0059708929
2.2800600000	0.0060581185
2.2807700000	0.0061362794
2.2814900000	0.0062052665
2.2822000000	0.0062651494
2.2829100000	0.0063161267
2.2836300000	0.0063585134
2.2843400000	0.0063926934
2.2850500000	0.0064191309
2.2857700000	0.0064383579
2.2864800000	0.0064509304
2.2871900000	0.0064574089
2.2879000000	0.0064583714
2.2886200000	0.0064543937
2.2893300000	0.0064460145
2.2900400000	0.0064337983
2.2907600000	0.0064182128
2.2914700000	0.0063997672
2.2921800000	0.0063789690
2.2928900000	0.0063560637
2.2936100000	0.0063315212
2.2943200000	0.0063056810
2.2950300000	0.0062788503
2.2957500000	0.0062513045
2.2964600000	0.0062233064
2.2971700000	0.0061950667
2.2978900000	0.0061667818
2.2986000000	0.0061386016
2.2993100000	0.0061106956
2.3000200000	0.0060830824
2.3007400000	0.0060534537
2.3014500000	0.0060244326
2.3021600000	0.0059961068
2.3028800000	0.0059685485
2.3035900000	0.0059418251
2.3043000000	0.0059159741
2.3050200000	0.0058910315
2.3057300000	0.0058670574
2.3064400000	0.0058440043
2.3071500000	0.0058219201
2.3078700000	0.0058008007
2.3085800000	0.0057806575
2.3092900000	0.0057614911
2.3100100000	0.0057433059
2.3107200000	0.0057260891
2.3114300000	0.0057098608
2.3121400000	0.0056946114
2.3128600000	0.0056803499
2.3135700000	0.0056670992
2.3142800000	0.0056548533
2.3150000000	0.0056436431
2.3157100000	0.0056334804
2.3164200000	0.0056243822
2.3171400000	0.0056163888
2.3178500000	0.0056095212
2.3185600000	0.0056038032
2.3192700000	0.0055992751
2.3199900000	0.0055959700
2.3207000000	0.0055939247
2.3214100000	0.0055931529
2.3221300000	0.0055937184
2.3228400000	0.0055956285
2.3235500000	0.0055989279
2.3242600000	0.0056120013
2.3249800000	0.0056178752
2.3256900000	0.0056252355
2.3264000000	0.0056340967
2.3271200000	0.0056444816
2.3278300000	0.0056564101
2.3285400000	0.0056698935
2.3292600000	0.0056849411
2.3299700000	0.0057015627
2.3306800000	0.0057197440
2.3313900000	0.0057394916
2.3321100000	0.0057607979
2.3328200000	0.0057836417
2.3335300000	0.0058079964
2.3342500000	0.0058338606
2.3349600000	0.0058611421
2.3356700000	0.0058898240
2.3363900000	0.0059198517
2.3371000000	0.0059511584
2.3378100000	0.0059836578
2.3385200000	0.0060172659
2.3392400000	0.0060518956
2.3399500000	0.0060874229
2.3406600000	0.0061237202
2.3413800000	0.0061606564
2.3420900000	0.0061980788
2.3428000000	0.0062358204
2.3435100000	0.0062737176
2.3442300000	0.0063115660
2.3449400000	0.0063491618
2.3456500000	0.0063863065
2.3463700000	0.0064227693
2.3470800000	0.0064583192
2.3477900000	0.0064927374
2.3485100000	0.0065257702
2.3492200000	0.0065571869
2.3499300000	0.0065867523
2.3506400000	0.0066142440
2.3513600000	0.0066394430
2.3520700000	0.0066621499
2.3527800000	0.0066821827
2.3535000000	0.0066993399
2.3542100000	0.0067135068
2.3549200000	0.0067245623
2.3556400000	0.0067324049
2.3563500000	0.0067369800
2.3570600000	0.0067382700
2.3577700000	0.0067362636
2.3584900000	0.0067309955
2.3592000000	0.0067225424
2.3599100000	0.0067109899
2.3606300000	0.0066964554
2.3613400000	0.0066790965
2.3620500000	0.0066590789
2.3627600000	0.0066365905
2.3634800000	0.0066118220
2.3641900000	0.0065850009
2.3649000000	0.0065563417
2.3656200000	0.0065260843
2.3663300000	0.0064944527
2.3670400000	0.0064616733
2.3677600000	0.0064280024
2.3684700000	0.0063936136
2.3691800000	0.0063587526
2.3698900000	0.0063235955
2.3706100000	0.0062883750
2.3713200000	0.0062532113
2.3720300000	0.0062183210
2.3727500000	0.0061838412
2.3734600000	0.0061499187
2.3741700000	0.0061166751
2.3748800000	0.0060842482
2.3756000000	0.0060527350
2.3763100000	0.0060222231
2.3770200000	0.0059927863
2.3777400000	0.0059645298
2.3784500000	0.0059374750
2.3791600000	0.0059117056
2.3798800000	0.0058872597
2.3805900000	0.0058641705
2.3813000000	0.0058424759
2.3820100000	0.0058222094
2.3827300000	0.0058033831
2.3834400000	0.0057860188
2.3841500000	0.0057701365
2.3848700000	0.0057557398
2.3855800000	0.0057428149
2.3862900000	0.0057313808
2.3870100000	0.0057214457
2.3877200000	0.0057130037
2.3884300000	0.0057060589
2.3891400000	0.0057005973
2.3898600000	0.0056966339
2.3905700000	0.0056941460
2.3912800000	0.0056931445
2.3920000000	0.0056936145
2.3927100000	0.0056955496
2.3934200000	0.0056989497
2.3941300000	0.0057038042
2.3948500000	0.0057101108
2.3955600000	0.0057178613
2.3962700000	0.0057270452
2.3969900000	0.0057376667
2.3977000000	0.0057497069
2.3984100000	0.0057631693
2.3991300000	0.0057780412
2.3998400000	0.0057943213
2.4005500000	0.0058133061
2.4012600000	0.0058342374
2.4019800000	0.0058567447
2.4026900000	0.0058808180
2.4034000000	0.0059064632
2.4041200000	0.0059327905
2.4048300000	0.0059615533
2.4055400000	0.0059918779
2.4062600000	0.0060237738
2.4069700000	0.0060572342
2.4076800000	0.0060922671
2.4083900000	0.0061288835
2.4091100000	0.0061670865
2.4098200000	0.0062068883
2.4105300000	0.0062483034
2.4112500000	0.0062913426
2.4119600000	0.0063360272
2.4126700000	0.0063823733
2.4133800000	0.0064304061
2.4141000000	0.0064801440
2.4148100000	0.0065316150
2.4155200000	0.0065848433
2.4162400000	0.0066398612
2.4169500000	0.0066966903
2.4176600000	0.0067553809
2.4183800000	0.0068159515
2.4190900000	0.0068784437
2.4198000000	0.0069428956
2.4205100000	0.0070093553
2.4212300000	0.0070778511
2.4219400000	0.0071484400
2.4226500000	0.0072211561
2.4233700000	0.0072960595
2.4240800000	0.0073731851
2.4247900000	0.0074525959
2.4255100000	0.0075343379
2.4262200000	0.0076184686
2.4269300000	0.0077050511
2.4276400000	0.0077941268
2.4283600000	0.0078857792
2.4290700000	0.0079800628
2.4297800000	0.0080770361
2.4305000000	0.0081767818
2.4312100000	0.0082793617
2.4319200000	0.0083848521
2.4326300000	0.0084933195
2.4333500000	0.0086048545
2.4340600000	0.0087195278
2.4347700000	0.0088374256
2.4354900000	0.0089586399
2.4362000000	0.0090832498
2.4369100000	0.0092113487
2.4376300000	0.0093430384
2.4383400000	0.0094784140
2.4390500000	0.0096175690
2.4397600000	0.0097606130
2.4404800000	0.0099076396
2.4411900000	0.0100587817
2.4419000000	0.0102141402
2.4426200000	0.0103738228
2.4433300000	0.0105379616
2.4440400000	0.0107066791
2.4447500000	0.0108800933
2.4454700000	0.0110583396
2.4461800000	0.0112415439
2.4468900000	0.0114298413
2.4476100000	0.0116233743
2.4483200000	0.0118222819
2.4490300000	0.0120266943
2.4497500000	0.0122367781
2.4504600000	0.0124526566
2.4511700000	0.0126744947
2.4518800000	0.0129024310
2.4526000000	0.0131366199
2.4533100000	0.0133772062
2.4540200000	0.0136243385
2.4547400000	0.0138781669
2.4554500000	0.0141388355
2.4561600000	0.0144064799
2.4568800000	0.0146812411
2.4575900000	0.0149632570
2.4583000000	0.0152526423
2.4590100000	0.0155495381
2.4597300000	0.0158540261
2.4604400000	0.0161662322
2.4611500000	0.0164862266
2.4618700000	0.0168140975
2.4625800000	0.0171498937
2.4632900000	0.0174936506
2.4640000000	0.0178453993
2.4647200000	0.0182051344
2.4654300000	0.0185728151
2.4661400000	0.0189483969
2.4668600000	0.0193317887
2.4675700000	0.0197228606
2.4682800000	0.0201214430
2.4690000000	0.0205273691
2.4697100000	0.0209403374
2.4704200000	0.0213600728
2.4711300000	0.0217862102
2.4718500000	0.0222183471
2.4725600000	0.0226560090
2.4732700000	0.0230986700
2.4739900000	0.0235457085
2.4747000000	0.0239964584
2.4754100000	0.0244501699
2.4761300000	0.0249060052
2.4768400000	0.0253630588
2.4775500000	0.0258203501
2.4782600000	0.0262767955
2.4789800000	0.0267312372
2.4796900000	0.0271824529
2.4804000000	0.0276291158
2.4811200000	0.0280698513
2.4818300000	0.0285031938
2.4825400000	0.0289276323
2.4832500000	0.0293416118
2.4839700000	0.0297434549
2.4846800000	0.0301315452
2.4853900000	0.0305042573
2.4861100000	0.0308597639
2.4868200000	0.0311964619
2.4875300000	0.0315366193
2.4882500000	0.0318323313
2.4889600000	0.0321044022
2.4896700000	0.0323513493
2.4903800000	0.0325717586
2.4911000000	0.0327643661
2.4918100000	0.0329280475
2.4925200000	0.0330617330
2.4932400000	0.0331646080
2.4939500000	0.0332360066
2.4946600000	0.0332754303
2.4953800000	0.0332825890
2.4960900000	0.0332573732
2.4968000000	0.0331998858
2.4975100000	0.0331104028
2.4982300000	0.0329894095
2.4989400000	0.0328375914
2.4996500000	0.0326557177
2.5003700000	0.0324327643
2.5010800000	0.0321678157
2.5017900000	0.0318727829
2.5025000000	0.0315495724
2.5032200000	0.0312001214
2.5039300000	0.0308265378
2.5046400000	0.0304306704
2.5053600000	0.0300147406
2.5060700000	0.0295808808
2.5067800000	0.0291311068
2.5075000000	0.0286675248
2.5082100000	0.0281921454
2.5089200000	0.0277069144
2.5096300000	0.0272137056
2.5103500000	0.0267143029
2.5110600000	0.0262103746
2.5117700000	0.0257035128
2.5124900000	0.0251952199
2.5132000000	0.0246868133
2.5139100000	0.0241795660
2.5146200000	0.0236746218
2.5153400000	0.0231730351
2.5160500000	0.0226757410
2.5167600000	0.0221836088
2.5174800000	0.0216973656
2.5181900000	0.0212176258
2.5189000000	0.0207449303
2.5196200000	0.0202798168
2.5203300000	0.0198227128
2.5210400000	0.0193739352
2.5217500000	0.0189337635
2.5224700000	0.0185024389
2.5231800000	0.0180801318
2.5238900000	0.0176669545
2.5246100000	0.0172629945
2.5253200000	0.0168682821
2.5260300000	0.0164828343
2.5267500000	0.0161066295
2.5274600000	0.0157395917
2.5281700000	0.0153816605
2.5288800000	0.0150327402
2.5296000000	0.0146927087
2.5303100000	0.0143614362
2.5310200000	0.0140387822
2.5317400000	0.0137245896
2.5324500000	0.0134186952
2.5331600000	0.0131209346
2.5338700000	0.0128311142
2.5345900000	0.0125490747
2.5353000000	0.0122746217
2.5360100000	0.0120075867
2.5367300000	0.0117477548
2.5374400000	0.0114949875
2.5381500000	0.0112490848
2.5388700000	0.0110098637
2.5395800000	0.0107771486
2.5402900000	0.0105507682
2.5410000000	0.0103305453
2.5417200000	0.0101163315
2.5424300000	0.0099079621
2.5431400000	0.0097052826
2.5438600000	0.0095081437
2.5445700000	0.0093164063
2.5452800000	0.0091299322
2.5460000000	0.0089485936
2.5467100000	0.0087722625
2.5474200000	0.0086008075
2.5481300000	0.0084341467
2.5488500000	0.0082721725
2.5495600000	0.0081147678
2.5502700000	0.0079618436
2.5509900000	0.0078133394
2.5517000000	0.0076691160
2.5524100000	0.0075291298
2.5531200000	0.0073933813
2.5538400000	0.0072617615
2.5545500000	0.0071342032
2.5552600000	0.0070106299
2.5559800000	0.0068910465
2.5566900000	0.0067753853
2.5574000000	0.0066636005
2.5581200000	0.0065556546
2.5588300000	0.0064514971
2.5595400000	0.0063511059
2.5602500000	0.0062544239
2.5609700000	0.0061614292
2.5616800000	0.0060720454
2.5623900000	0.0059862738
2.5631100000	0.0059040486
2.5638200000	0.0058253128
2.5645300000	0.0057500117
2.5652500000	0.0056780897
2.5659600000	0.0056093706
2.5666700000	0.0055439759
2.5673800000	0.0054817503
2.5681000000	0.0054225936
2.5688100000	0.0053663689
2.5695200000	0.0053130672
2.5702400000	0.0052625425
2.5709500000	0.0052145786
2.5716600000	0.0051692668
2.5723700000	0.0051263811
2.5730900000	0.0050596712
2.5738000000	0.0050221937
2.5745100000	0.0049868058
2.5752300000	0.0049533605
2.5759400000	0.0049217354
2.5766500000	0.0048917736
2.5773700000	0.0048633914
2.5780800000	0.0048364358
2.5787900000	0.0048107904
2.5795000000	0.0047863359
2.5802200000	0.0047629665
2.5809300000	0.0047405752
2.5816400000	0.0047190635
2.5823600000	0.0046983434
2.5830700000	0.0046783214
2.5837800000	0.0046589435
2.5844900000	0.0046401296
2.5852100000	0.0046218219
2.5859200000	0.0046039727
2.5866300000	0.0045865225
2.5873500000	0.0045694240
2.5880600000	0.0045526669
2.5887700000	0.0045362442
2.5894900000	0.0045201056
2.5902000000	0.0045042409
2.5909100000	0.0044886214
2.5916200000	0.0044732803
2.5923400000	0.0044581764
2.5930500000	0.0044433318
2.5937600000	0.0044287422
2.5944800000	0.0044144058
2.5951900000	0.0044003289
2.5959000000	0.0043865092
2.5966200000	0.0043729657
2.5973300000	0.0043596995
2.5980400000	0.0043467198
2.5987500000	0.0043340324
2.5994700000	0.0043216499
2.6001800000	0.0043105320
2.6008900000	0.0043025345
2.6016100000	0.0042948194
2.6023200000	0.0042873921
2.6030300000	0.0042802423
2.6037400000	0.0042733820
2.6044600000	0.0042668064
2.6051700000	0.0042605067
2.6058800000	0.0042544819
2.6066000000	0.0042487227
2.6073100000	0.0042432112
2.6080200000	0.0042379418
2.6087400000	0.0042328989
2.6094500000	0.0042280616
2.6101600000	0.0042234183
2.6108700000	0.0042189440
2.6115900000	0.0042146200
2.6123000000	0.0042104239
2.6130100000	0.0042063352
2.6137300000	0.0042023295
2.6144400000	0.0041983842
2.6151500000	0.0041944795
2.6158700000	0.0041905895
2.6165800000	0.0041866705
2.6172900000	0.0041827455
2.6180000000	0.0041787759
2.6187200000	0.0041747377
2.6194300000	0.0041706180
2.6201400000	0.0041663872
2.6208600000	0.0041620515
2.6215700000	0.0041575841
2.6222800000	0.0041529829
2.6229900000	0.0041482327
2.6237100000	0.0041433316
2.6244200000	0.0041382791
2.6251300000	0.0041330705
2.6258500000	0.0041277071
2.6265600000	0.0041221903
2.6272700000	0.0041165263
2.6279900000	0.0041107336
2.6287000000	0.0041048179
2.6294100000	0.0040987884
2.6301200000	0.0040926577
2.6308400000	0.0040864513
2.6315500000	0.0040801746
2.6322600000	0.0040738606
2.6329800000	0.0040675255
2.6336900000	0.0040611890
2.6344000000	0.0040548779
2.6351200000	0.0040486103
2.6358300000	0.0040424148
2.6365400000	0.0040363140
2.6372500000	0.0040303340
2.6379700000	0.0040244933
2.6386800000	0.0040188250
2.6393900000	0.0040133463
2.6401100000	0.0040080959
2.6408200000	0.0040030852
2.6415300000	0.0039983330
2.6422400000	0.0039938657
2.6429600000	0.0039897087
2.6436700000	0.0039858820
2.6443800000	0.0039824042
2.6451000000	0.0039792899
2.6458100000	0.0039765683
2.6465200000	0.0039742490
2.6472400000	0.0039723474
2.6479500000	0.0039708861
2.6486600000	0.0039698766
2.6493700000	0.0039693348
2.6500900000	0.0039692674
2.6508000000	0.0039696894
2.6515100000	0.0039706139
2.6522300000	0.0039720542
2.6529400000	0.0039740193
2.6536500000	0.0039765152
2.6543600000	0.0039795482
2.6550800000	0.0039831353
2.6557900000	0.0039872795
2.6565000000	0.0039919853
2.6572200000	0.0039972614
2.6579300000	0.0040031119
2.6586400000	0.0040095427
2.6593600000	0.0040165673
2.6600700000	0.0040241791
2.6607800000	0.0040323882
2.6614900000	0.0040411957
2.6622100000	0.0040506092
2.6629200000	0.0040606283
2.6636300000	0.0040712637
2.6643500000	0.0040825166
2.6650600000	0.0040943851
2.6657700000	0.0041068777
2.6664900000	0.0041200006
2.6672000000	0.0041337490
2.6679100000	0.0041481352
2.6686200000	0.0041631588
2.6693400000	0.0041788207
2.6700500000	0.0041951235
2.6707600000	0.0042120705
2.6714800000	0.0042296713
2.6721900000	0.0042479297
2.6729000000	0.0042668364
2.6736100000	0.0042864094
2.6743300000	0.0043066437
2.6750400000	0.0043275428
2.6757500000	0.0043491191
2.6764700000	0.0043713675
2.6771800000	0.0043942977
2.6778900000	0.0044179090
2.6786100000	0.0044422069
2.6793200000	0.0044671985
2.6800300000	0.0044928862
2.6807400000	0.0045192698
2.6814600000	0.0045463635
2.6821700000	0.0045741579
2.6828800000	0.0046026672
2.6836000000	0.0046318914
2.6843100000	0.0046618426
2.6850200000	0.0046925115
2.6857400000	0.0047239115
2.6864500000	0.0047560405
2.6871600000	0.0047889117
2.6878700000	0.0048225179
2.6885900000	0.0048568688
2.6893000000	0.0048919689
2.6900100000	0.0049278131
2.6907300000	0.0049644157
2.6914400000	0.0050017705
2.6921500000	0.0050398781
2.6928600000	0.0050787549
2.6935800000	0.0051183804
2.6942900000	0.0051587783
2.6950000000	0.0051999347
2.6957200000	0.0052418531
2.6964300000	0.0052845327
2.6971400000	0.0053279740
2.6978600000	0.0053721762
2.6985700000	0.0054171300
2.6992800000	0.0054628403
2.6999900000	0.0055093027
2.7007100000	0.0055619223
2.7014200000	0.0056155869
2.7021300000	0.0056702437
2.7028500000	0.0057258828
2.7035600000	0.0057825009
2.7042700000	0.0058400855
2.7049800000	0.0058986286
2.7057000000	0.0059581152
2.7064100000	0.0060185259
2.7071200000	0.0060798544
2.7078400000	0.0061420648
2.7085500000	0.0062051483
2.7092600000	0.0062690815
2.7099800000	0.0063338322
2.7106900000	0.0063993660
2.7114000000	0.0064656519
2.7121100000	0.0065326742
2.7128300000	0.0066003643
2.7135400000	0.0066686992
2.7142500000	0.0067376265
2.7149700000	0.0068071030
2.7156800000	0.0068770640
2.7163900000	0.0069474705
2.7171100000	0.0070182499
2.7178200000	0.0070893379
2.7185300000	0.0071606762
2.7192400000	0.0072321830
2.7199600000	0.0073037870
2.7206700000	0.0073754171
2.7213800000	0.0074469759
2.7221000000	0.0075183784
2.7228100000	0.0075895300
2.7235200000	0.0076603466
2.7242300000	0.0077307114
2.7249500000	0.0078005354
2.7256600000	0.0078697046
2.7263700000	0.0079381168
2.7270900000	0.0080056504
2.7278000000	0.0080721914
2.7285100000	0.0081376208
2.7292300000	0.0082018216
2.7299400000	0.0082646708
2.7306500000	0.0083260342
2.7313600000	0.0083858047
2.7320800000	0.0084438451
2.7327900000	0.0085000256
2.7335000000	0.0085542242
2.7342200000	0.0086063255
2.7349300000	0.0086561942
2.7356400000	0.0087037147
2.7363600000	0.0087487663
2.7370700000	0.0087912390
2.7377800000	0.0088310146
2.7384900000	0.0088680025
2.7392100000	0.0089020866
2.7399200000	0.0089331765
2.7406300000	0.0089611886
2.7413500000	0.0089860260
2.7420600000	0.0090076321
2.7427700000	0.0090259305
2.7434800000	0.0090408626
2.7442000000	0.0090523791
2.7449100000	0.0090604440
2.7456200000	0.0090650211
2.7463400000	0.0090660902
2.7470500000	0.0090636410
2.7477600000	0.0090576663
2.7484800000	0.0090481746
2.7491900000	0.0090351807
2.7499000000	0.0090187292
2.7506100000	0.0089988301
2.7513300000	0.0089755469
2.7520400000	0.0089489299
2.7527500000	0.0089190251
2.7534700000	0.0088859222
2.7541800000	0.0088556058
2.7548900000	0.0088162489
2.7556100000	0.0087739316
2.7563200000	0.0087287527
2.7570300000	0.0086808236
2.7577400000	0.0086302455
2.7584600000	0.0085771352
2.7591700000	0.0085216189
2.7598800000	0.0084638101
2.7606000000	0.0084038351
2.7613100000	0.0083418200
2.7620200000	0.0082778894
2.7627300000	0.0082121736
2.7634500000	0.0081448031
2.7641600000	0.0080759038
2.7648700000	0.0080056035
2.7655900000	0.0079340375
2.7663000000	0.0078613233
2.7670100000	0.0077875866
2.7677300000	0.0077129378
2.7684400000	0.0076375162
2.7691500000	0.0075614211
2.7698600000	0.0074847713
2.7705800000	0.0074076714
2.7712900000	0.0073302332
2.7720000000	0.0072525533
2.7727200000	0.0071747333
2.7734300000	0.0070968632
2.7741400000	0.0070190295
2.7748500000	0.0069413244
2.7755700000	0.0068638327
2.7762800000	0.0067866322
2.7769900000	0.0067097908
2.7777100000	0.0066333832
2.7784200000	0.0065574710
2.7791300000	0.0064821090
2.7798500000	0.0064073711
2.7805600000	0.0063333031
2.7812700000	0.0062599531
2.7819800000	0.0061873710
2.7827000000	0.0061155935
2.7834100000	0.0060446701
2.7841200000	0.0059746246
2.7848400000	0.0059055016
2.7855500000	0.0058373331
2.7862600000	0.0057701246
2.7869800000	0.0057039183
2.7876900000	0.0056387282
2.7884000000	0.0055745774
2.7891100000	0.0055114738
2.7898300000	0.0054494392
2.7905400000	0.0053884849
2.7912500000	0.0053286127
2.7919700000	0.0052698325
2.7926800000	0.0052121546
2.7933900000	0.0051555658
2.7941000000	0.0051000857
2.7948200000	0.0050457008
2.7955300000	0.0049924113
2.7962400000	0.0049402106
2.7969600000	0.0048890925
2.7976700000	0.0048390576
2.7983800000	0.0047900904
2.7991000000	0.0047421852
2.7998100000	0.0046953226
2.8005200000	0.0046457439
2.8012300000	0.0045960728
2.8019500000	0.0045477073
2.8026600000	0.0045006263
2.8033700000	0.0044548037
2.8040900000	0.0044102114
2.8048000000	0.0043668262
2.8055100000	0.0043246155
2.8062300000	0.0042835603
2.8069400000	0.0042436145
2.8076500000	0.0042047788
2.8083600000	0.0041670090
2.8090800000	0.0041302776
2.8097900000	0.0040945443
2.8105000000	0.0040598062
2.8112200000	0.0040260211
2.8119300000	0.0039931610
2.8126400000	0.0039611960
2.8133500000	0.0039301080
2.8140700000	0.0038998638
2.8147800000	0.0038704416
2.8154900000	0.0038418091
2.8162100000	0.0038139445
2.8169200000	0.0037868261
2.8176300000	0.0037604276
2.8183500000	0.0037347253
2.8190600000	0.0037096992
2.8197700000	0.0036853298
2.8204800000	0.0036615915
2.8212000000	0.0036384669
2.8219100000	0.0036159431
2.8226200000	0.0035939888
2.8233400000	0.0035725987
2.8240500000	0.0035517437
2.8247600000	0.0035314224
2.8254800000	0.0035116073
2.8261900000	0.0034922927
2.8269000000	0.0034734578
2.8276100000	0.0034550834
2.8283300000	0.0034371782
2.8290400000	0.0034197156
2.8297500000	0.0034026899
2.8304700000	0.0033860896
2.8311800000	0.0033699030
2.8318900000	0.0033541175
2.8326000000	0.0033387315
2.8333200000	0.0033237374
2.8340300000	0.0033091220
2.8347400000	0.0032948778
2.8354600000	0.0032810081
2.8361700000	0.0032674959
2.8368800000	0.0032543444
2.8376000000	0.0032415459
2.8383100000	0.0032290952
2.8390200000	0.0032169891
2.8397300000	0.0032052249
2.8404500000	0.0031937990
2.8411600000	0.0031827086
2.8418700000	0.0031719526
2.8425900000	0.0031615267
2.8433000000	0.0031514303
2.8440100000	0.0031416642
2.8447200000	0.0031322252
2.8454400000	0.0031231132
2.8461500000	0.0031143271
2.8468600000	0.0031051809
2.8475800000	0.0030970765
2.8482900000	0.0030892965
2.8490000000	0.0030818412
2.8497200000	0.0030747109
2.8504300000	0.0030679061
2.8511400000	0.0030614273
2.8518500000	0.0030552747
2.8525700000	0.0030494494
2.8532800000	0.0030439526
2.8539900000	0.0030387841
2.8547100000	0.0030339454
2.8554200000	0.0030294371
2.8561300000	0.0030252607
2.8568500000	0.0030214154
2.8575600000	0.0030179038
2.8582700000	0.0030147257
2.8589800000	0.0030118822
2.8597000000	0.0030093745
2.8604100000	0.0030072023
2.8611200000	0.0030053668
2.8618400000	0.0030038687
2.8625500000	0.0030027085
2.8632600000	0.0030018867
2.8639700000	0.0030014031
2.8646900000	0.0030012591
2.8654000000	0.0030014545
2.8661100000	0.0030019893
2.8668300000	0.0030028635
2.8675400000	0.0030040777
2.8682500000	0.0030056311
2.8689700000	0.0030075243
2.8696800000	0.0030097565
2.8703900000	0.0030123282
2.8711000000	0.0030152372
2.8718200000	0.0030184852
2.8725300000	0.0030220703
2.8732400000	0.0030259913
2.8739600000	0.0030302484
2.8746700000	0.0030348401
2.8753800000	0.0030397659
2.8761000000	0.0030450228
2.8768100000	0.0030506119
2.8775200000	0.0030565306
2.8782300000	0.0030627759
2.8789500000	0.0030693483
2.8796600000	0.0030762444
2.8803700000	0.0030834630
2.8810900000	0.0030910018
2.8818000000	0.0030988574
2.8825100000	0.0031070293
2.8832200000	0.0031155119
2.8839400000	0.0031243041
2.8846500000	0.0031334014
2.8853600000	0.0031428011
2.8860800000	0.0031525001
2.8867900000	0.0031624931
2.8875000000	0.0031727784
2.8882200000	0.0031833491
2.8889300000	0.0031942024
2.8896400000	0.0032053325
2.8903500000	0.0032167340
2.8910700000	0.0032284023
2.8917800000	0.0032403316
2.8924900000	0.0032525169
2.8932100000	0.0032649459
2.8939200000	0.0032776219
2.8946300000	0.0032905276
2.8953500000	0.0033036632
2.8960600000	0.0033170179
2.8967700000	0.0033305844
2.8974800000	0.0033443534
2.8982000000	0.0033583137
2.8989100000	0.0033724607
2.8996200000	0.0033867788
2.9003400000	0.0034031194
2.9010500000	0.0034216850
2.9017600000	0.0034403836
2.9024700000	0.0034591934
2.9031900000	0.0034780949
2.9039000000	0.0034970607
2.9046100000	0.0035160671
2.9053300000	0.0035350941
2.9060400000	0.0035541157
2.9067500000	0.0035731077
2.9074700000	0.0035920406
2.9081800000	0.0036108920
2.9088900000	0.0036296282
2.9096000000	0.0036482271
2.9103200000	0.0036666551
2.9110300000	0.0036848884
2.9117400000	0.0037028881
2.9124600000	0.0037206352
2.9131700000	0.0037380936
2.9138800000	0.0037552325
2.9145900000	0.0037720247
2.9153100000	0.0037884336
2.9160200000	0.0038044345
2.9167300000	0.0038199926
2.9174500000	0.0038350765
2.9181600000	0.0038496589
2.9188700000	0.0038637122
2.9195900000	0.0038772051
2.9203000000	0.0038901009
2.9210100000	0.0039023822
2.9217200000	0.0039140195
2.9224400000	0.0039249817
2.9231500000	0.0039352470
2.9238600000	0.0039447928
2.9245800000	0.0039535891
2.9252900000	0.0039616269
2.9260000000	0.0039688690
2.9267200000	0.0039753114
2.9274300000	0.0039809368
2.9281400000	0.0039857177
2.9288500000	0.0039896497
2.9295700000	0.0039927238
2.9302800000	0.0039949220
2.9309900000	0.0039962418
2.9317100000	0.0039966793
2.9324200000	0.0039962181
2.9331300000	0.0039948687
2.9338400000	0.0039926289
2.9345600000	0.0039894980
2.9352700000	0.0039854790
2.9359800000	0.0039805867
2.9367000000	0.0039748174
2.9374100000	0.0039681888
2.9381200000	0.0039607111
2.9388400000	0.0039523971
2.9395500000	0.0039432621
2.9402600000	0.0039343424
2.9409700000	0.0039235805
2.9416900000	0.0039120476
2.9424000000	0.0038997724
2.9431100000	0.0038867750
2.9438300000	0.0038730740
2.9445400000	0.0038587034
2.9452500000	0.0038436829
2.9459700000	0.0038280374
2.9466800000	0.0038118052
2.9473900000	0.0037950037
2.9481000000	0.0037776666
2.9488200000	0.0037598192
2.9495300000	0.0037414949
2.9502400000	0.0037227308
2.9509600000	0.0037035423
2.9516700000	0.0036839657
2.9523800000	0.0036640318
2.9530900000	0.0036437658
2.9538100000	0.0036232031
2.9545200000	0.0036023695
2.9552300000	0.0035812923
2.9559500000	0.0035600047
2.9566600000	0.0035385229
2.9573700000	0.0035168895
2.9580900000	0.0034951183
2.9588000000	0.0034732401
2.9595100000	0.0034512763
2.9602200000	0.0034292513
2.9609400000	0.0034071898
2.9616500000	0.0033851150
2.9623600000	0.0033630426
2.9630800000	0.0033410018
2.9637900000	0.0033190051
2.9645000000	0.0032970726
2.9652200000	0.0032752214
2.9659300000	0.0032534695
2.9666400000	0.0032318302
2.9673500000	0.0032103205
2.9680700000	0.0031889556
2.9687800000	0.0031677469
2.9694900000	0.0031467057
2.9702100000	0.0031258441
2.9709200000	0.0031051733
2.9716300000	0.0030847029
2.9723400000	0.0030644412
2.9730600000	0.0030443965
2.9737700000	0.0030245752
2.9744800000	0.0030049878
2.9752000000	0.0029856364
2.9759100000	0.0029665302
2.9766200000	0.0029476718
2.9773400000	0.0029290665
2.9780500000	0.0029107174
2.9787600000	0.0028926292
2.9794700000	0.0028748032
2.9801900000	0.0028572423
2.9809000000	0.0028399488
2.9816100000	0.0028229240
2.9823300000	0.0028061694
2.9830400000	0.0027896852
2.9837500000	0.0027734734
2.9844600000	0.0027575325
2.9851800000	0.0027418640
2.9858900000	0.0027264668
2.9866000000	0.0027113406
2.9873200000	0.0026964846
2.9880300000	0.0026818985
2.9887400000	0.0026675809
2.9894600000	0.0026535310
2.9901700000	0.0026397468
2.9908800000	0.0026262277
2.9915900000	0.0026129715
2.9923100000	0.0025999736
2.9930200000	0.0025872373
2.9937300000	0.0025747606
2.9944500000	0.0025625415
2.9951600000	0.0025505762
2.9958700000	0.0025388641
2.9965900000	0.0025274020
2.9973000000	0.0025161893
2.9980100000	0.0025052238
2.9987200000	0.0024945031
2.9994400000	0.0024840253
3.0001500000	0.0024736122
3.0008600000	0.0024628640
3.0015800000	0.0024524945
3.0022900000	0.0024424988
3.0030000000	0.0024328698
3.0037100000	0.0024236025
3.0044300000	0.0024146909
3.0051400000	0.0024061300
3.0058500000	0.0023979135
3.0065700000	0.0023900360
3.0072800000	0.0023824928
3.0079900000	0.0023752776
3.0087100000	0.0023683859
3.0094200000	0.0023618112
3.0101300000	0.0023555490
3.0108400000	0.0023495941
3.0115600000	0.0023439407
3.0122700000	0.0023385846
3.0129800000	0.0023335193
3.0137000000	0.0023287403
3.0144100000	0.0023242412
3.0151200000	0.0023200173
3.0158400000	0.0023160637
3.0165500000	0.0023123733
3.0172600000	0.0023089410
3.0179700000	0.0023057626
3.0186900000	0.0023028315
3.0194000000	0.0023001411
3.0201100000	0.0022976865
3.0208300000	0.0022954617
3.0215400000	0.0022934600
3.0222500000	0.0022916770
3.0229600000	0.0022901051
3.0236800000	0.0022887383
3.0243900000	0.0022875701
3.0251000000	0.0022865948
3.0258200000	0.0022858049
3.0265300000	0.0022851944
3.0272400000	0.0022847561
3.0279600000	0.0022844840
3.0286700000	0.0022843700
3.0293800000	0.0022844079
3.0300900000	0.0022845897
3.0308100000	0.0022849099
3.0315200000	0.0022853326
3.0322300000	0.0022859125
3.0329500000	0.0022866071
3.0336600000	0.0022874087
3.0343700000	0.0022883104
3.0350900000	0.0022893033
3.0358000000	0.0022903802
3.0365100000	0.0022915327
3.0372200000	0.0022927536
3.0379400000	0.0022940345
3.0386500000	0.0022953673
3.0393600000	0.0022967440
3.0400800000	0.0022981567
3.0407900000	0.0022995969
3.0415000000	0.0023010562
3.0422100000	0.0023025272
3.0429300000	0.0023040017
3.0436400000	0.0023054710
3.0443500000	0.0023069273
3.0450700000	0.0023083633
3.0457800000	0.0023097698
3.0464900000	0.0023111394
3.0472100000	0.0023124643
3.0479200000	0.0023137376
3.0486300000	0.0023149506
3.0493400000	0.0023160965
3.0500600000	0.0023171678
3.0507700000	0.0023181567
3.0514800000	0.0023190575
3.0522000000	0.0023198624
3.0529100000	0.0023205647
3.0536200000	0.0023211587
3.0543300000	0.0023216381
3.0550500000	0.0023219967
3.0557600000	0.0023222279
3.0564700000	0.0023223285
3.0571900000	0.0023222919
3.0579000000	0.0023221128
3.0586100000	0.0023217872
3.0593300000	0.0023213112
3.0600400000	0.0023206810
3.0607500000	0.0023198910
3.0614600000	0.0023189402
3.0621800000	0.0023178243
3.0628900000	0.0023165417
3.0636000000	0.0023150888
3.0643200000	0.0023134645
3.0650300000	0.0023116666
3.0657400000	0.0023096944
3.0664600000	0.0023075466
3.0671700000	0.0023052226
3.0678800000	0.0023027221
3.0685900000	0.0023000454
3.0693100000	0.0022971929
3.0700200000	0.0022941654
3.0707300000	0.0022909630
3.0714500000	0.0022875892
3.0721600000	0.0022840444
3.0728700000	0.0022803297
3.0735800000	0.0022764489
3.0743000000	0.0022724044
3.0750100000	0.0022681983
3.0757200000	0.0022638338
3.0764400000	0.0022593146
3.0771500000	0.0022546441
3.0778600000	0.0022498266
3.0785800000	0.0022448649
3.0792900000	0.0022397639
3.0800000000	0.0022345275
3.0807100000	0.0022291609
3.0814300000	0.0022236680
3.0821400000	0.0022180538
3.0828500000	0.0022123240
3.0835700000	0.0022064828
3.0842800000	0.0022005348
3.0849900000	0.0021944854
3.0857100000	0.0021883399
3.0864200000	0.0021821045
3.0871300000	0.0021757828
3.0878400000	0.0021693812
3.0885600000	0.0021629051
3.0892700000	0.0021563586
3.0899800000	0.0021497486
3.0907000000	0.0021430790
3.0914100000	0.0021363548
3.0921200000	0.0021295827
3.0928300000	0.0021227667
3.0935500000	0.0021159124
3.0942600000	0.0021090243
3.0949700000	0.0021021068
3.0956900000	0.0020951655
3.0964000000	0.0020882053
3.0971100000	0.0020812302
3.0978300000	0.0020742445
3.0985400000	0.0020672523
3.0992500000	0.0020602593
3.0999600000	0.0020532696
3.1006800000	0.0020447746
3.1013900000	0.0020362677
3.1021000000	0.0020278392
3.1028200000	0.0020194947
3.1035300000	0.0020112414
3.1042400000	0.0020030848
3.1049500000	0.0019950304
3.1056700000	0.0019870826
3.1063800000	0.0019792468
3.1070900000	0.0019715241
3.1078100000	0.0019639203
3.1085200000	0.0019564374
3.1092300000	0.0019490777
3.1099500000	0.0019418424
3.1106600000	0.0019347347
3.1113700000	0.0019277557
3.1120800000	0.0019209050
3.1128000000	0.0019141837
3.1135100000	0.0019075930
3.1142200000	0.0019011318
3.1149400000	0.0018948004
3.1156500000	0.0018885978
3.1163600000	0.0018825238
3.1170800000	0.0018765770
3.1177900000	0.0018707560
3.1185000000	0.0018650597
3.1192100000	0.0018594870
3.1199300000	0.0018539729
3.1206400000	0.0018486413
3.1213500000	0.0018434256
3.1220700000	0.0018383250
3.1227800000	0.0018333375
3.1234900000	0.0018284603
3.1242000000	0.0018236899
3.1249200000	0.0018190247
3.1256300000	0.0018144613
3.1263400000	0.0018099971
3.1270600000	0.0018056281
3.1277700000	0.0018013530
3.1284800000	0.0017971675
3.1292000000	0.0017930685
3.1299100000	0.0017890533
3.1306200000	0.0017851180
3.1313300000	0.0017812600
3.1320500000	0.0017774757
3.1327600000	0.0017737617
3.1334700000	0.0017701146
3.1341900000	0.0017665318
3.1349000000	0.0017630094
3.1356100000	0.0017595437
3.1363300000	0.0017561323
3.1370400000	0.0017527714
3.1377500000	0.0017494577
3.1384600000	0.0017461892
3.1391800000	0.0017429603
3.1398900000	0.0017397703
3.1406000000	0.0017366147
3.1413200000	0.0017334913
3.1420300000	0.0017303963
3.1427400000	0.0017273270
3.1434500000	0.0017242814
3.1441700000	0.0017212560
3.1448800000	0.0017182474
3.1455900000	0.0017152552
3.1463100000	0.0017122746
3.1470200000	0.0017093042
3.1477300000	0.0017063417
3.1484500000	0.0017033847
3.1491600000	0.0017004303
3.1498700000	0.0016974769
3.1505800000	0.0016945234
3.1513000000	0.0016915668
3.1520100000	0.0016886058
3.1527200000	0.0016856382
3.1534400000	0.0016826633
3.1541500000	0.0016796781
3.1548600000	0.0016766827
3.1555800000	0.0016736748
3.1562900000	0.0016706539
3.1570000000	0.0016676186
3.1577100000	0.0016645676
3.1584300000	0.0016615000
3.1591400000	0.0016584155
3.1598500000	0.0016553138
3.1605700000	0.0016521932
3.1612800000	0.0016490530
3.1619900000	0.0016458941
3.1627000000	0.0016427148
3.1634200000	0.0016395160
3.1641300000	0.0016362967
3.1648400000	0.0016330567
3.1655600000	0.0016297966
3.1662700000	0.0016265161
3.1669800000	0.0016232159
3.1677000000	0.0016198950
3.1684100000	0.0016165543
3.1691200000	0.0016131945
3.1698300000	0.0016098156
3.1705500000	0.0016064184
3.1712600000	0.0016030028
3.1719700000	0.0015995693
3.1726900000	0.0015961193
3.1734000000	0.0015926527
3.1741100000	0.0015891699
3.1748200000	0.0015856733
3.1755400000	0.0015821611
3.1762500000	0.0015786359
3.1769600000	0.0015750981
3.1776800000	0.0015715484
3.1783900000	0.0015679877
3.1791000000	0.0015644164
3.1798200000	0.0015608361
3.1805300000	0.0015572470
3.1812400000	0.0015536502
3.1819500000	0.0015500471
3.1826700000	0.0015464379
3.1833800000	0.0015428237
3.1840900000	0.0015392052
3.1848100000	0.0015355840
3.1855200000	0.0015319604
3.1862300000	0.0015283348
3.1869500000	0.0015247087
3.1876600000	0.0015210836
3.1883700000	0.0015174585
3.1890800000	0.0015138357
3.1898000000	0.0015102157
3.1905100000	0.0015065995
3.1912200000	0.0015029871
3.1919400000	0.0014993793
3.1926500000	0.0014957776
3.1933600000	0.0014921819
3.1940700000	0.0014885933
3.1947900000	0.0014850127
3.1955000000	0.0014814401
3.1962100000	0.0014778765
3.1969300000	0.0014743220
3.1976400000	0.0014707774
3.1983500000	0.0014672433
3.1990700000	0.0014637203
3.1997800000	0.0014602087
3.2004900000	0.0014564665
3.2012000000	0.0014526468
3.2019200000	0.0014488595
3.2026300000	0.0014451052
3.2033400000	0.0014413822
3.2040600000	0.0014377374
3.2047700000	0.0014340721
3.2054800000	0.0014304349
3.2062000000	0.0014268247
3.2069100000	0.0014232404
3.2076200000	0.0014196799
3.2083300000	0.0014161437
3.2090500000	0.0014126297
3.2097600000	0.0014091373
3.2104700000	0.0014056646
3.2111900000	0.0014022110
3.2119000000	0.0013987762
3.2126100000	0.0013953589
3.2133200000	0.0013919577
3.2140400000	0.0013885722
3.2147500000	0.0013852021
3.2154600000	0.0013818456
3.2161800000	0.0013785022
3.2168900000	0.0013751711
3.2176000000	0.0013718528
3.2183200000	0.0013685447
3.2190300000	0.0013652483
3.2197400000	0.0013619615
3.2204500000	0.0013586847
3.2211700000	0.0013554167
3.2218800000	0.0013521587
3.2225900000	0.0013489083
3.2233100000	0.0013456656
3.2240200000	0.0013424309
3.2247300000	0.0013392035
3.2254500000	0.0013359837
3.2261600000	0.0013327708
3.2268700000	0.0013295644
3.2275800000	0.0013263647
3.2283000000	0.0013231708
3.2290100000	0.0013199840
3.2297200000	0.0013168026
3.2304400000	0.0013136279
3.2311500000	0.0013104584
3.2318600000	0.0013072950
3.2325700000	0.0013041380
3.2332900000	0.0013009864
3.2340000000	0.0012978408
3.2347100000	0.0012947001
3.2354300000	0.0012915653
3.2361400000	0.0012884365
3.2368500000	0.0012853130
3.2375700000	0.0012821953
3.2382800000	0.0012790834
3.2389900000	0.0012759774
3.2397000000	0.0012728773
3.2404200000	0.0012697824
3.2411300000	0.0012666943
3.2418400000	0.0012636114
3.2425600000	0.0012605348
3.2432700000	0.0012574638
3.2439800000	0.0012543992
3.2446900000	0.0012513402
3.2454100000	0.0012482876
3.2461200000	0.0012452411
3.2468300000	0.0012422011
3.2475500000	0.0012391669
3.2482600000	0.0012361396
3.2489700000	0.0012331180
3.2496900000	0.0012301034
3.2504000000	0.0012270948
3.2511100000	0.0012240929
3.2518200000	0.0012210976
3.2525400000	0.0012181087
3.2532500000	0.0012151259
3.2539600000	0.0012121507
3.2546800000	0.0012091817
3.2553900000	0.0012062195
3.2561000000	0.0012032638
3.2568200000	0.0012003150
3.2575300000	0.0011973726
3.2582400000	0.0011944374
3.2589500000	0.0011915093
3.2596700000	0.0011885873
3.2603800000	0.0011856725
3.2610900000	0.0011827647
3.2618100000	0.0011798632
3.2625200000	0.0011769684
3.2632300000	0.0011740821
3.2639400000	0.0011712012
3.2646600000	0.0011683278
3.2653700000	0.0011654612
3.2660800000	0.0011626011
3.2668000000	0.0011597478
3.2675100000	0.0011569016
3.2682200000	0.0011540627
3.2689400000	0.0011512306
3.2696500000	0.0011484045
3.2703600000	0.0011455867
3.2710700000	0.0011427753
3.2717900000	0.0011399699
3.2725000000	0.0011371719
3.2732100000	0.0011343811
3.2739300000	0.0011315967
3.2746400000	0.0011288194
3.2753500000	0.0011260489
3.2760700000	0.0011232851
3.2767800000	0.0011205285
3.2774900000	0.0011177779
3.2782000000	0.0011150349
3.2789200000	0.0011122983
3.2796300000	0.0011095686
3.2803400000	0.0011069410
3.2810600000	0.0011042229
3.2817700000	0.0011015121
3.2824800000	0.0010988071
3.2831900000	0.0010961097
3.2839100000	0.0010934185
3.2846200000	0.0010907337
3.2853300000	0.0010880566
3.2860500000	0.0010853855
3.2867600000	0.0010827210
3.2874700000	0.0010800632
3.2881900000	0.0010774123
3.2889000000	0.0010747674
3.2896100000	0.0010721306
3.2903200000	0.0010694991
3.2910400000	0.0010668744
3.2917500000	0.0010642566
3.2924600000	0.0010616442
3.2931800000	0.0010590396
3.2938900000	0.0010564408
3.2946000000	0.0010538491
3.2953200000	0.0010512629
3.2960300000	0.0010486840
3.2967400000	0.0010461119
3.2974500000	0.0010435462
3.2981700000	0.0010409860
3.2988800000	0.0010384325
3.2995900000	0.0010358855
3.3003100000	0.0010337319
3.3010200000	0.0010320911
3.3017300000	0.0010304468
3.3024400000	0.0010288002
3.3031600000	0.0010271486
3.3038700000	0.0010254950
3.3045800000	0.0010238370
3.3053000000	0.0010221763
3.3060100000	0.0010205119
3.3067200000	0.0010188441
3.3074400000	0.0010171736
3.3081500000	0.0010154992
3.3088600000	0.0010138219
3.3095700000	0.0010121412
3.3102900000	0.0010104570
3.3110000000	0.0010087698
3.3117100000	0.0010070794
3.3124300000	0.0010053860
3.3131400000	0.0010036890
3.3138500000	0.0010019891
3.3145600000	0.0010002864
3.3152800000	0.0009985802
3.3159900000	0.0009968708
3.3167000000	0.0009951584
3.3174200000	0.0009934433
3.3181300000	0.0009917247
3.3188400000	0.0009900034
3.3195600000	0.0009882788
3.3202700000	0.0009865520
3.3209800000	0.0009848217
3.3216900000	0.0009830881
3.3224100000	0.0009813523
3.3231200000	0.0009796131
3.3238300000	0.0009778716
3.3245500000	0.0009761271
3.3252600000	0.0009743795
3.3259700000	0.0009726293
3.3266900000	0.0009708764
3.3274000000	0.0009691213
3.3281100000	0.0009673625
3.3288200000	0.0009656018
3.3295400000	0.0009638384
3.3302500000	0.0009620717
3.3309600000	0.0009603027
3.3316800000	0.0009585317
3.3323900000	0.0009567577
3.3331000000	0.0009549812
3.3338100000	0.0009532027
3.3345300000	0.0009514211
3.3352400000	0.0009496369
3.3359500000	0.0009478510
3.3366700000	0.0009460626
3.3373800000	0.0009442718
3.3380900000	0.0009424782
3.3388100000	0.0009406829
3.3395200000	0.0009388857
3.3402300000	0.0009370854
3.3409400000	0.0009352833
3.3416600000	0.0009334797
3.3423700000	0.0009316728
3.3430800000	0.0009298642
3.3438000000	0.0009280539
3.3445100000	0.0009262409
3.3452200000	0.0009244265
3.3459400000	0.0009226098
3.3466500000	0.0009207913
3.3473600000	0.0009189711
3.3480700000	0.0009171489
3.3487900000	0.0009153248
3.3495000000	0.0009134989
3.3502100000	0.0009116715
3.3509300000	0.0009098421
3.3516400000	0.0009080108
3.3523500000	0.0009061779
3.3530600000	0.0009043432
3.3537800000	0.0009025071
3.3544900000	0.0009006693
3.3552000000	0.0008988302
3.3559200000	0.0008969901
3.3566300000	0.0008951477
3.3573400000	0.0008933040
3.3580600000	0.0008914589
3.3587700000	0.0008896128
3.3594800000	0.0008877646
3.3601900000	0.0008859161
3.3609100000	0.0008840662
3.3616200000	0.0008822148
3.3623300000	0.0008803618
3.3630500000	0.0008785081
3.3637600000	0.0008766536
3.3644700000	0.0008747973
3.3651900000	0.0008729401
3.3659000000	0.0008710820
3.3666100000	0.0008692235
3.3673200000	0.0008673636
3.3680400000	0.0008655022
3.3687500000	0.0008636409
3.3694600000	0.0008617779
3.3701800000	0.0008599148
3.3708900000	0.0008580511
3.3716000000	0.0008561860
3.3723100000	0.0008543202
3.3730300000	0.0008524537
3.3737400000	0.0008505877
3.3744500000	0.0008487204
3.3751700000	0.0008468522
3.3758800000	0.0008449839
3.3765900000	0.0008431150
3.3773100000	0.0008412464
3.3780200000	0.0008393765
3.3787300000	0.0008375061
3.3794400000	0.0008356359
3.3801600000	0.0008337654
3.3808700000	0.0008318946
3.3815800000	0.0008300233
3.3823000000	0.0008281519
3.3830100000	0.0008262809
3.3837200000	0.0008244093
3.3844300000	0.0008225375
3.3851500000	0.0008206662
3.3858600000	0.0008187950
3.3865700000	0.0008169231
3.3872900000	0.0008150513
3.3880000000	0.0008131802
3.3887100000	0.0008113092
3.3894300000	0.0008094382
3.3901400000	0.0008075671
3.3908500000	0.0008056970
3.3915600000	0.0008038264
3.3922800000	0.0008019569
3.3929900000	0.0008000871
3.3937000000	0.0007982178
3.3944200000	0.0007963496
3.3951300000	0.0007944810
3.3958400000	0.0007926141
3.3965600000	0.0007907471
3.3972700000	0.0007888803
3.3979800000	0.0007870139
3.3986900000	0.0007851493
3.3994100000	0.0007832844
3.4001200000	0.0007815970
3.4008300000	0.0007807807
3.4015500000	0.0007799656
3.4022600000	0.0007791519
3.4029700000	0.0007783382
3.4036800000	0.0007775267
3.4044000000	0.0007767147
3.4051100000	0.0007759043
3.4058200000	0.0007750956
3.4065400000	0.0007742870
3.4072500000	0.0007734791
3.4079600000	0.0007726725
3.4086800000	0.0007718665
3.4093900000	0.0007710622
3.4101000000	0.0007702585
3.4108100000	0.0007694552
3.4115300000	0.0007686529
3.4122400000	0.0007678517
3.4129500000	0.0007670514
3.4136700000	0.0007662519
3.4143800000	0.0007654531
3.4150900000	0.0007646554
3.4158100000	0.0007638586
3.4165200000	0.0007630625
3.4172300000	0.0007622670
3.4179400000	0.0007614725
3.4186600000	0.0007606794
3.4193700000	0.0007598868
3.4200800000	0.0007590948
3.4208000000	0.0007583037
3.4215100000	0.0007575134
3.4222200000	0.0007567245
3.4229300000	0.0007559354
3.4236500000	0.0007551476
3.4243600000	0.0007543611
3.4250700000	0.0007535743
3.4257900000	0.0007527888
3.4265000000	0.0007520041
3.4272100000	0.0007512199
3.4279300000	0.0007504373
3.4286400000	0.0007496548
3.4293500000	0.0007488730
3.4300600000	0.0007480920
3.4307800000	0.0007473116
3.4314900000	0.0007465321
3.4322000000	0.0007457532
3.4329200000	0.0007449757
3.4336300000	0.0007441978
3.4343400000	0.0007434215
3.4350600000	0.0007426452
3.4357700000	0.0007418706
3.4364800000	0.0007410959
3.4371900000	0.0007403222
3.4379100000	0.0007395486
3.4386200000	0.0007387761
3.4393300000	0.0007380046
3.4400500000	0.0007372335
3.4407600000	0.0007364628
3.4414700000	0.0007356933
3.4421800000	0.0007349236
3.4429000000	0.0007341549
3.4436100000	0.0007333870
3.4443200000	0.0007326196
3.4450400000	0.0007318528
3.4457500000	0.0007310868
3.4464600000	0.0007303212
3.4471800000	0.0007295567
3.4478900000	0.0007287921
3.4486000000	0.0007280284
3.4493100000	0.0007272648
3.4500300000	0.0007265019
3.4507400000	0.0007257401
3.4514500000	0.0007249787
3.4521700000	0.0007242173
3.4528800000	0.0007234571
3.4535900000	0.0007226973
3.4543000000	0.0007219378
3.4550200000	0.0007211792
3.4557300000	0.0007204210
3.4564400000	0.0007196627
3.4571600000	0.0007189052
3.4578700000	0.0007181482
3.4585800000	0.0007173919
3.4593000000	0.0007166361
3.4600100000	0.0007158807
3.4607200000	0.0007151255
3.4614300000	0.0007143713
3.4621500000	0.0007136167
3.4628600000	0.0007128630
3.4635700000	0.0007121099
3.4642900000	0.0007113569
3.4650000000	0.0007106048
3.4657100000	0.0007098528
3.4664300000	0.0007091010
3.4671400000	0.0007083497
3.4678500000	0.0007075990
3.4685600000	0.0007068482
3.4692800000	0.0007060984
3.4699900000	0.0007053484
3.4707000000	0.0007045995
3.4714200000	0.0007038503
3.4721300000	0.0007031012
3.4728400000	0.0007023536
3.4735500000	0.0007016050
3.4742700000	0.0007008570
3.4749800000	0.0007001101
3.4756900000	0.0006993630
3.4764100000	0.0006986159
3.4771200000	0.0006978697
3.4778300000	0.0006971231
3.4785500000	0.0006963765
3.4792600000	0.0006956311
3.4799700000	0.0006948860
3.4806800000	0.0006941403
3.4814000000	0.0006933952
3.4821100000	0.0006926506
3.4828200000	0.0006919060
3.4835400000	0.0006911617
3.4842500000	0.0006904172
3.4849600000	0.0006896735
3.4856800000	0.0006889292
3.4863900000	0.0006881853
3.4871000000	0.0006874421
3.4878100000	0.0006866986
3.4885300000	0.0006859553
3.4892400000	0.0006852124
3.4899500000	0.0006844695
3.4906700000	0.0006837267
3.4913800000	0.0006829838
3.4920900000	0.0006822415
3.4928000000	0.0006814984
3.4935200000	0.0006807562
3.4942300000	0.0006800133
3.4949400000	0.0006792712
3.4956600000	0.0006785287
3.4963700000	0.0006777864
3.4970800000	0.0006770442
3.4978000000	0.0006763020
3.4985100000	0.0006755599
3.4992200000	0.0006748175
3.4999300000	0.0006740757
3.5006500000	0.0006731535
3.5013600000	0.0006722151
3.5020700000	0.0006712781
3.5027900000	0.0006703426
3.5035000000	0.0006694084
3.5042100000	0.0006684756
3.5049200000	0.0006675442
3.5056400000	0.0006666142
3.5063500000	0.0006656854
3.5070600000	0.0006647586
3.5077800000	0.0006638332
3.5084900000	0.0006629087
3.5092000000	0.0006619861
3.5099200000	0.0006610649
3.5106300000	0.0006601448
3.5113400000	0.0006592265
3.5120500000	0.0006583090
3.5127700000	0.0006573938
3.5134800000	0.0006564796
3.5141900000	0.0006555670
3.5149100000	0.0006546553
3.5156200000	0.0006537451
3.5163300000	0.0006528369
3.5170500000	0.0006519293
3.5177600000	0.0006510236
3.5184700000	0.0006501191
3.5191800000	0.0006492163
3.5199000000	0.0006483143
3.5206100000	0.0006474138
3.5213200000	0.0006465153
3.5220400000	0.0006456180
3.5227500000	0.0006447218
3.5234600000	0.0006438271
3.5241700000	0.0006429336
3.5248900000	0.0006420414
3.5256000000	0.0006411510
3.5263100000	0.0006402618
3.5270300000	0.0006393737
3.5277400000	0.0006384876
3.5284500000	0.0006376023
3.5291700000	0.0006367182
3.5298800000	0.0006358361
3.5305900000	0.0006349550
3.5313000000	0.0006340752
3.5320200000	0.0006331968
3.5327300000	0.0006323201
3.5334400000	0.0006314441
3.5341600000	0.0006305699
3.5348700000	0.0006296972
3.5355800000	0.0006288253
3.5363000000	0.0006279549
3.5370100000	0.0006270861
3.5377200000	0.0006262182
3.5384300000	0.0006253519
3.5391500000	0.0006244875
3.5398600000	0.0006236231
3.5405700000	0.0006227611
3.5412900000	0.0006219004
3.5420000000	0.0006210405
3.5427100000	0.0006201822
3.5434200000	0.0006193249
3.5441400000	0.0006184694
3.5448500000	0.0006176153
3.5455600000	0.0006167618
3.5462800000	0.0006159101
3.5469900000	0.0006150599
3.5477000000	0.0006142109
3.5484200000	0.0006133634
3.5491300000	0.0006125163
3.5498400000	0.0006116711
3.5505500000	0.0006108271
3.5512700000	0.0006099845
3.5519800000	0.0006091433
3.5526900000	0.0006083032
3.5534100000	0.0006074642
3.5541200000	0.0006066265
3.5548300000	0.0006057903
3.5555500000	0.0006049556
3.5562600000	0.0006041220
3.5569700000	0.0006032898
3.5576800000	0.0006024587
3.5584000000	0.0006016291
3.5591100000	0.0006008002
3.5598200000	0.0005999727
3.5605400000	0.0005991468
3.5612500000	0.0005983221
3.5619600000	0.0005974990
3.5626700000	0.0005966767
3.5633900000	0.0005958556
3.5641000000	0.0005950360
3.5648100000	0.0005942173
3.5655300000	0.0005934005
3.5662400000	0.0005925841
3.5669500000	0.0005917695
3.5676700000	0.0005909560
3.5683800000	0.0005901436
3.5690900000	0.0005893329
3.5698000000	0.0005885232
3.5705200000	0.0005877146
3.5712300000	0.0005869076
3.5719400000	0.0005861016
3.5726600000	0.0005852969
3.5733700000	0.0005844936
3.5740800000	0.0005836909
3.5747900000	0.0005828900
3.5755100000	0.0005820904
3.5762200000	0.0005812915
3.5769300000	0.0005804941
3.5776500000	0.0005796980
3.5783600000	0.0005789031
3.5790700000	0.0005781092
3.5797900000	0.0005773167
3.5805000000	0.0005765251
3.5812100000	0.0005757355
3.5819200000	0.0005749462
3.5826400000	0.0005741583
3.5833500000	0.0005733721
3.5840600000	0.0005725868
3.5847800000	0.0005718029
3.5854900000	0.0005710200
3.5862000000	0.0005702379
3.5869200000	0.0005694578
3.5876300000	0.0005686780
3.5883400000	0.0005679002
3.5890500000	0.0005671234
3.5897700000	0.0005663477
3.5904800000	0.0005655730
3.5911900000	0.0005647993
3.5919100000	0.0005640274
3.5926200000	0.0005632563
3.5933300000	0.0005624863
3.5940400000	0.0005617182
3.5947600000	0.0005609504
3.5954700000	0.0005601837
3.5961800000	0.0005594191
3.5969000000	0.0005586549
3.5976100000	0.0005578918
3.5983200000	0.0005571304
3.5990400000	0.0005563696
3.5997500000	0.0005556107
3.6004600000	0.0005547598
3.6011700000	0.0005538609
3.6018900000	0.0005529632
3.6026000000	0.0005520664
3.6033100000	0.0005511720
3.6040300000	0.0005502780
3.6047400000	0.0005493860
3.6054500000	0.0005484953
3.6061700000	0.0005476064
3.6068800000	0.0005467185
3.6075900000	0.0005458320
3.6083000000	0.0005449471
3.6090200000	0.0005440639
3.6097300000	0.0005431819
3.6104400000	0.0005423012
3.6111600000	0.0005414220
3.6118700000	0.0005405450
3.6125800000	0.0005396679
3.6132900000	0.0005387935
3.6140100000	0.0005379197
3.6147200000	0.0005370471
3.6154300000	0.0005361767
3.6161500000	0.0005353076
3.6168600000	0.0005344397
3.6175700000	0.0005335734
3.6182900000	0.0005327083
3.6190000000	0.0005318447
3.6197100000	0.0005309826
3.6204200000	0.0005301217
3.6211400000	0.0005292621
3.6218500000	0.0005284036
3.6225600000	0.0005275473
3.6232800000	0.0005266916
3.6239900000	0.0005258385
3.6247000000	0.0005249854
3.6254200000	0.0005241340
3.6261300000	0.0005232846
3.6268400000	0.0005224361
3.6275500000	0.0005215892
3.6282700000	0.0005207437
3.6289800000	0.0005198990
3.6296900000	0.0005190560
3.6304100000	0.0005182144
3.6311200000	0.0005173742
3.6318300000	0.0005165350
3.6325400000	0.0005156975
3.6332600000	0.0005148612
3.6339700000	0.0005140266
3.6346800000	0.0005131930
3.6354000000	0.0005123610
3.6361100000	0.0005115301
3.6368200000	0.0005107007
3.6375400000	0.0005098723
3.6382500000	0.0005090456
3.6389600000	0.0005082204
3.6396700000	0.0005073961
3.6403900000	0.0005065734
3.6411000000	0.0005057515
3.6418100000	0.0005049318
3.6425300000	0.0005041126
3.6432400000	0.0005032951
3.6439500000	0.0005024792
3.6446600000	0.0005016643
3.6453800000	0.0005008506
3.6460900000	0.0005000386
3.6468000000	0.0004992276
3.6475200000	0.0004984179
3.6482300000	0.0004976097
3.6489400000	0.0004968024
3.6496600000	0.0004959970
3.6503700000	0.0004951929
3.6510800000	0.0004943897
3.6517900000	0.0004935878
3.6525100000	0.0004927873
3.6532200000	0.0004919881
3.6539300000	0.0004911902
3.6546500000	0.0004903935
3.6553600000	0.0004895980
3.6560700000	0.0004888040
3.6567900000	0.0004880115
3.6575000000	0.0004872199
3.6582100000	0.0004864297
3.6589200000	0.0004856404
3.6596400000	0.0004848527
3.6603500000	0.0004840665
3.6610600000	0.0004832809
3.6617800000	0.0004824970
3.6624900000	0.0004817148
3.6632000000	0.0004809333
3.6639100000	0.0004801530
3.6646300000	0.0004793742
3.6653400000	0.0004785967
3.6660500000	0.0004778204
3.6667700000	0.0004770451
3.6674800000	0.0004762716
3.6681900000	0.0004754988
3.6689100000	0.0004747277
3.6696200000	0.0004739576
3.6703300000	0.0004731887
3.6710400000	0.0004724209
3.6717600000	0.0004716545
3.6724700000	0.0004708891
3.6731800000	0.0004701253
3.6739000000	0.0004693626
3.6746100000	0.0004686013
3.6753200000	0.0004678411
3.6760400000	0.0004670823
3.6767500000	0.0004663246
3.6774600000	0.0004655678
3.6781700000	0.0004648126
3.6788900000	0.0004640583
3.6796000000	0.0004633053
3.6803100000	0.0004625539
3.6810300000	0.0004618034
3.6817400000	0.0004610541
3.6824500000	0.0004603057
3.6831600000	0.0004595593
3.6838800000	0.0004588134
3.6845900000	0.0004580689
3.6853000000	0.0004573258
3.6860200000	0.0004565835
3.6867300000	0.0004558425
3.6874400000	0.0004551032
3.6881600000	0.0004543645
3.6888700000	0.0004536273
3.6895800000	0.0004528908
3.6902900000	0.0004521562
3.6910100000	0.0004514226
3.6917200000	0.0004506897
3.6924300000	0.0004499586
3.6931500000	0.0004492285
3.6938600000	0.0004484992
3.6945700000	0.0004477712
3.6952900000	0.0004470446
3.6960000000	0.0004463192
3.6967100000	0.0004455949
3.6974200000	0.0004448718
3.6981400000	0.0004441498
3.6988500000	0.0004434289
3.6995600000	0.0004427094
3.7002800000	0.0004419750
3.7009900000	0.0004412176
3.7017000000	0.0004404613
3.7024100000	0.0004397061
3.7031300000	0.0004389525
3.7038400000	0.0004381999
3.7045500000	0.0004374488
3.7052700000	0.0004366990
3.7059800000	0.0004359501
3.7066900000	0.0004352025
3.7074100000	0.0004344567
3.7081200000	0.0004337113
3.7088300000	0.0004329680
3.7095400000	0.0004322256
3.7102600000	0.0004314840
3.7109700000	0.0004307439
3.7116800000	0.0004300054
3.7124000000	0.0004292680
3.7131100000	0.0004285314
3.7138200000	0.0004277966
3.7145300000	0.0004270628
3.7152500000	0.0004263301
3.7159600000	0.0004255989
3.7166700000	0.0004248687
3.7173900000	0.0004241399
3.7181000000	0.0004234121
3.7188100000	0.0004226858
3.7195300000	0.0004219604
3.7202400000	0.0004212365
3.7209500000	0.0004205135
3.7216600000	0.0004197918
3.7223800000	0.0004190721
3.7230900000	0.0004183523
3.7238000000	0.0004176344
3.7245200000	0.0004169180
3.7252300000	0.0004162019
3.7259400000	0.0004154878
3.7266600000	0.0004147745
3.7273700000	0.0004140623
3.7280800000	0.0004133515
3.7287900000	0.0004126422
3.7295100000	0.0004119338
3.7302200000	0.0004112268
3.7309300000	0.0004105204
3.7316500000	0.0004098154
3.7323600000	0.0004091119
3.7330700000	0.0004084094
3.7337800000	0.0004077083
3.7345000000	0.0004070079
3.7352100000	0.0004063086
3.7359200000	0.0004056111
3.7366400000	0.0004049143
3.7373500000	0.0004042185
3.7380600000	0.0004035248
3.7387800000	0.0004028313
3.7394900000	0.0004021397
3.7402000000	0.0004014488
3.7409100000	0.0004007590
3.7416300000	0.0004000703
3.7423400000	0.0003993830
3.7430500000	0.0003986967
3.7437700000	0.0003980120
3.7444800000	0.0003973278
3.7451900000	0.0003966452
3.7459100000	0.0003959632
3.7466200000	0.0003952828
3.7473300000	0.0003946041
3.7480400000	0.0003939254
3.7487600000	0.0003932486
3.7494700000	0.0003925724
3.7501800000	0.0003918981
3.7509000000	0.0003912242
3.7516100000	0.0003905514
3.7523200000	0.0003898802
3.7530300000	0.0003892100
3.7537500000	0.0003885405
3.7544600000	0.0003878728
3.7551700000	0.0003872057
3.7558900000	0.0003865398
3.7566000000	0.0003858753
3.7573100000	0.0003852121
3.7580300000	0.0003845495
3.7587400000	0.0003838882
3.7594500000	0.0003832280
3.7601600000	0.0003825687
3.7608800000	0.0003819108
3.7615900000	0.0003812537
3.7623000000	0.0003805979
3.7630200000	0.0003799432
3.7637300000	0.0003792894
3.7644400000	0.0003786371
3.7651600000	0.0003779857
3.7658700000	0.0003773350
3.7665800000	0.0003766859
3.7672900000	0.0003760376
3.7680100000	0.0003753908
3.7687200000	0.0003747444
3.7694300000	0.0003740999
3.7701500000	0.0003734560
3.7708600000	0.0003728135
3.7715700000	0.0003721716
3.7722800000	0.0003715312
3.7730000000	0.0003708918
3.7737100000	0.0003702530
3.7744200000	0.0003696157
3.7751400000	0.0003689795
3.7758500000	0.0003683440
3.7765600000	0.0003677100
3.7772800000	0.0003670773
3.7779900000	0.0003664449
3.7787000000	0.0003658138
3.7794100000	0.0003651843
3.7801300000	0.0003645554
3.7808400000	0.0003639273
3.7815500000	0.0003633008
3.7822700000	0.0003626752
3.7829800000	0.0003620501
3.7836900000	0.0003614267
3.7844000000	0.0003608043
3.7851200000	0.0003601825
3.7858300000	0.0003595619
3.7865400000	0.0003589426
3.7872600000	0.0003583244
3.7879700000	0.0003577070
3.7886800000	0.0003570908
3.7894000000	0.0003564759
3.7901100000	0.0003558613
3.7908200000	0.0003552480
3.7915300000	0.0003546357
3.7922500000	0.0003540246
3.7929600000	0.0003534145
3.7936700000	0.0003528056
3.7943900000	0.0003521975
3.7951000000	0.0003515901
3.7958100000	0.0003509845
3.7965300000	0.0003503791
3.7972400000	0.0003497757
3.7979500000	0.0003491723
3.7986600000	0.0003485702
3.7993800000	0.0003479694
3.8000900000	0.0003473662
3.8008000000	0.0003467416
3.8015200000	0.0003461187
3.8022300000	0.0003454964
3.8029400000	0.0003448755
3.8036500000	0.0003442559
3.8043700000	0.0003436369
3.8050800000	0.0003430192
3.8057900000	0.0003424023
3.8065100000	0.0003417870
3.8072200000	0.0003411722
3.8079300000	0.0003405588
3.8086500000	0.0003399461
3.8093600000	0.0003393352
3.8100700000	0.0003387248
3.8107800000	0.0003381153
3.8115000000	0.0003375072
3.8122100000	0.0003369003
3.8129200000	0.0003362947
3.8136400000	0.0003356895
3.8143500000	0.0003350855
3.8150600000	0.0003344828
3.8157800000	0.0003338808
3.8164900000	0.0003332803
3.8172000000	0.0003326805
3.8179100000	0.0003320817
3.8186300000	0.0003314843
3.8193400000	0.0003308882
3.8200500000	0.0003302924
3.8207700000	0.0003296978
3.8214800000	0.0003291044
3.8221900000	0.0003285123
3.8229000000	0.0003279209
3.8236200000	0.0003273307
3.8243300000	0.0003267410
3.8250400000	0.0003261528
3.8257600000	0.0003255655
3.8264700000	0.0003249797
3.8271800000	0.0003243945
3.8279000000	0.0003238104
3.8286100000	0.0003232273
3.8293200000	0.0003226451
3.8300300000	0.0003220641
3.8307500000	0.0003214842
3.8314600000	0.0003209051
3.8321700000	0.0003203271
3.8328900000	0.0003197502
3.8336000000	0.0003191738
3.8343100000	0.0003185991
3.8350300000	0.0003180246
3.8357400000	0.0003174523
3.8364500000	0.0003168802
3.8371600000	0.0003163093
3.8378800000	0.0003157391
3.8385900000	0.0003151701
3.8393000000	0.0003146023
3.8400200000	0.0003140351
3.8407300000	0.0003134693
3.8414400000	0.0003129041
3.8421500000	0.0003123400
3.8428700000	0.0003117772
3.8435800000	0.0003112150
3.8442900000	0.0003106540
3.8450100000	0.0003100943
3.8457200000	0.0003095347
3.8464300000	0.0003089766
3.8471500000	0.0003084196
3.8478600000	0.0003078636
3.8485700000	0.0003073086
3.8492800000	0.0003067543
3.8500000000	0.0003062010
3.8507100000	0.0003056489
3.8514200000	0.0003050976
3.8521400000	0.0003045470
3.8528500000	0.0003039978
3.8535600000	0.0003034495
3.8542700000	0.0003029019
3.8549900000	0.0003023557
3.8557000000	0.0003018103
3.8564100000	0.0003012656
3.8571300000	0.0003007217
3.8578400000	0.0003001792
3.8585500000	0.0002996375
3.8592700000	0.0002990965
3.8599800000	0.0002985569
3.8606900000	0.0002980182
3.8614000000	0.0002974801
3.8621200000	0.0002969431
3.8628300000	0.0002964072
3.8635400000	0.0002958721
3.8642600000	0.0002953383
3.8649700000	0.0002948047
3.8656800000	0.0002942724
3.8664000000	0.0002937412
3.8671100000	0.0002932108
3.8678200000	0.0002926813
3.8685300000	0.0002921531
3.8692500000	0.0002916252
3.8699600000	0.0002910987
3.8706700000	0.0002905728
3.8713900000	0.0002900482
3.8721000000	0.0002895240
3.8728100000	0.0002890011
3.8735200000	0.0002884792
3.8742400000	0.0002879579
3.8749500000	0.0002874377
3.8756600000	0.0002869183
3.8763800000	0.0002864001
3.8770900000	0.0002858826
3.8778000000	0.0002853661
3.8785200000	0.0002848503
3.8792300000	0.0002843357
3.8799400000	0.0002838219
3.8806500000	0.0002833088
3.8813700000	0.0002827966
3.8820800000	0.0002822855
3.8827900000	0.0002817753
3.8835100000	0.0002812661
3.8842200000	0.0002807574
3.8849300000	0.0002802499
3.8856500000	0.0002797431
3.8863600000	0.0002792375
3.8870700000	0.0002787326
3.8877800000	0.0002782286
3.8885000000	0.0002777255
3.8892100000	0.0002772233
3.8899200000	0.0002767219
3.8906400000	0.0002762215
3.8913500000	0.0002757219
3.8920600000	0.0002752232
3.8927700000	0.0002747254
3.8934900000	0.0002742284
3.8942000000	0.0002737324
3.8949100000	0.0002732372
3.8956300000	0.0002727428
3.8963400000	0.0002722494
3.8970500000	0.0002717568
3.8977700000	0.0002712651
3.8984800000	0.0002707742
3.8991900000	0.0002702843
3.8999000000	0.0002697951
3.9006200000	0.0002692806
3.9013300000	0.0002687628
3.9020400000	0.0002682461
3.9027600000	0.0002677303
3.9034700000	0.0002672154
3.9041800000	0.0002667015
3.9048900000	0.0002661886
3.9056100000	0.0002656766
3.9063200000	0.0002651656
3.9070300000	0.0002646555
3.9077500000	0.0002641464
3.9084600000	0.0002636382
3.9091700000	0.0002631310
3.9098900000	0.0002626247
3.9106000000	0.0002621194
3.9113100000	0.0002616150
3.9120200000	0.0002611115
3.9127400000	0.0002606089
3.9134500000	0.0002601074
3.9141600000	0.0002596067
3.9148800000	0.0002591070
3.9155900000	0.0002586082
3.9163000000	0.0002581103
3.9170200000	0.0002576134
3.9177300000	0.0002571174
3.9184400000	0.0002566223
3.9191500000	0.0002561282
3.9198700000	0.0002556348
3.9205800000	0.0002551425
3.9212900000	0.0002546511
3.9220100000	0.0002541606
3.9227200000	0.0002536711
3.9234300000	0.0002531825
3.9241400000	0.0002526947
3.9248600000	0.0002522078
3.9255700000	0.0002517219
3.9262800000	0.0002512369
3.9270000000	0.0002507527
3.9277100000	0.0002502696
3.9284200000	0.0002497872
3.9291400000	0.0002493058
3.9298500000	0.0002488253
3.9305600000	0.0002483457
3.9312700000	0.0002478671
3.9319900000	0.0002473892
3.9327000000	0.0002469123
3.9334100000	0.0002464362
3.9341300000	0.0002459611
3.9348400000	0.0002454869
3.9355500000	0.0002450135
3.9362700000	0.0002445410
3.9369800000	0.0002440694
3.9376900000	0.0002435987
3.9384000000	0.0002431288
3.9391200000	0.0002426599
3.9398300000	0.0002421919
3.9405400000	0.0002417246
3.9412600000	0.0002412583
3.9419700000	0.0002407929
3.9426800000	0.0002403283
3.9433900000	0.0002398646
3.9441100000	0.0002394018
3.9448200000	0.0002389397
3.9455300000	0.0002384787
3.9462500000	0.0002380184
3.9469600000	0.0002375590
3.9476700000	0.0002371005
3.9483900000	0.0002366428
3.9491000000	0.0002361861
3.9498100000	0.0002357302
3.9505200000	0.0002352750
3.9512400000	0.0002348208
3.9519500000	0.0002343674
3.9526600000	0.0002339149
3.9533800000	0.0002334632
3.9540900000	0.0002330123
3.9548000000	0.0002325624
3.9555200000	0.0002321133
3.9562300000	0.0002316649
3.9569400000	0.0002312175
3.9576500000	0.0002307709
3.9583700000	0.0002303251
3.9590800000	0.0002298802
3.9597900000	0.0002294361
3.9605100000	0.0002289929
3.9612200000	0.0002285504
3.9619300000	0.0002281088
3.9626400000	0.0002276681
3.9633600000	0.0002272281
3.9640700000	0.0002267890
3.9647800000	0.0002263507
3.9655000000	0.0002259132
3.9662100000	0.0002254766
3.9669200000	0.0002250408
3.9676400000	0.0002246058
3.9683500000	0.0002241716
3.9690600000	0.0002237383
3.9697700000	0.0002233057
3.9704900000	0.0002228740
3.9712000000	0.0002224431
3.9719100000	0.0002220130
3.9726300000	0.0002215837
3.9733400000	0.0002211552
3.9740500000	0.0002207275
3.9747600000	0.0002203007
3.9754800000	0.0002198746
3.9761900000	0.0002194493
3.9769000000	0.0002190249
3.9776200000	0.0002186012
3.9783300000	0.0002181784
3.9790400000	0.0002177563
3.9797600000	0.0002173350
3.9804700000	0.0002169146
3.9811800000	0.0002164949
3.9818900000	0.0002160760
3.9826100000	0.0002156579
3.9833200000	0.0002152406
3.9840300000	0.0002148241
3.9847500000	0.0002144084
3.9854600000	0.0002139934
3.9861700000	0.0002135793
3.9868900000	0.0002131659
3.9876000000	0.0002127533
3.9883100000	0.0002123414
3.9890200000	0.0002119305
3.9897400000	0.0002115201
3.9904500000	0.0002111107
3.9911600000	0.0002107020
3.9918800000	0.0002102940
3.9925900000	0.0002098869
3.9933000000	0.0002094804
3.9940100000	0.0002090748
3.9947300000	0.0002086700
3.9954400000	0.0002082659
3.9961500000	0.0002078625
3.9968700000	0.0002074600
3.9975800000	0.0002070581
3.9982900000	0.0002066571
3.9990100000	0.0002062568
3.9997200000	0.0002058573
4.0004300000	0.0002054365
4.0011400000	0.0002050022
4.0018600000	0.0002045687
4.0025700000	0.0002041361
4.0032800000	0.0002037036
4.0040000000	0.0002032727
4.0047100000	0.0002028426
4.0054200000	0.0002024134
4.0061400000	0.0002019851
4.0068500000	0.0002015577
4.0075600000	0.0002011310
4.0082700000	0.0002007053
4.0089900000	0.0002002803
4.0097000000	0.0001998562
4.0104100000	0.0001994329
4.0111300000	0.0001990105
4.0118400000	0.0001985890
4.0125500000	0.0001981682
4.0132600000	0.0001977483
4.0139800000	0.0001973293
4.0146900000	0.0001969111
4.0154000000	0.0001964938
4.0161200000	0.0001960771
4.0168300000	0.0001956615
4.0175400000	0.0001952465
4.0182600000	0.0001948325
4.0189700000	0.0001944193
4.0196800000	0.0001940069
4.0203900000	0.0001935953
4.0211100000	0.0001931845
4.0218200000	0.0001927746
4.0225300000	0.0001923655
4.0232500000	0.0001919572
4.0239600000	0.0001915498
4.0246700000	0.0001911431
4.0253900000	0.0001907373
4.0261000000	0.0001903322
4.0268100000	0.0001899281
4.0275200000	0.0001895247
4.0282400000	0.0001891221
4.0289500000	0.0001887203
4.0296600000	0.0001883193
4.0303800000	0.0001879191
4.0310900000	0.0001875198
4.0318000000	0.0001871213
4.0325100000	0.0001867235
4.0332300000	0.0001863266
4.0339400000	0.0001859304
4.0346500000	0.0001855351
4.0353700000	0.0001851405
4.0360800000	0.0001847468
4.0367900000	0.0001843539
4.0375100000	0.0001839617
4.0382200000	0.0001835704
4.0389300000	0.0001831798
4.0396400000	0.0001827900
4.0403600000	0.0001824011
4.0410700000	0.0001820129
4.0417800000	0.0001816255
4.0425000000	0.0001812388
4.0432100000	0.0001808530
4.0439200000	0.0001804679
4.0446300000	0.0001800837
4.0453500000	0.0001797002
4.0460600000	0.0001793175
4.0467700000	0.0001789355
4.0474900000	0.0001785543
4.0482000000	0.0001781740
4.0489100000	0.0001777943
4.0496300000	0.0001774155
4.0503400000	0.0001770375
4.0510500000	0.0001766602
4.0517600000	0.0001762836
4.0524800000	0.0001759079
4.0531900000	0.0001755329
4.0539000000	0.0001751587
4.0546200000	0.0001747852
4.0553300000	0.0001744125
4.0560400000	0.0001740405
4.0567600000	0.0001736694
4.0574700000	0.0001732990
4.0581800000	0.0001729293
4.0588900000	0.0001725604
4.0596100000	0.0001721923
4.0603200000	0.0001718249
4.0610300000	0.0001714582
4.0617500000	0.0001710924
4.0624600000	0.0001707272
4.0631700000	0.0001703628
4.0638800000	0.0001699992
4.0646000000	0.0001696363
4.0653100000	0.0001692741
4.0660200000	0.0001689127
4.0667400000	0.0001685520
4.0674500000	0.0001681921
4.0681600000	0.0001678330
4.0688800000	0.0001674745
4.0695900000	0.0001671168
4.0703000000	0.0001667598
4.0710100000	0.0001664036
4.0717300000	0.0001660481
4.0724400000	0.0001656933
4.0731500000	0.0001653393
4.0738700000	0.0001649860
4.0745800000	0.0001646334
4.0752900000	0.0001642815
4.0760100000	0.0001639304
4.0767200000	0.0001635801
4.0774300000	0.0001632303
4.0781400000	0.0001628814
4.0788600000	0.0001625331
4.0795700000	0.0001621856
4.0802800000	0.0001618388
4.0810000000	0.0001614928
4.0817100000	0.0001611474
4.0824200000	0.0001608027
4.0831300000	0.0001604588
4.0838500000	0.0001601156
4.0845600000	0.0001597730
4.0852700000	0.0001594313
4.0859900000	0.0001590902
4.0867000000	0.0001587498
4.0874100000	0.0001584101
4.0881300000	0.0001580712
4.0888400000	0.0001577329
4.0895500000	0.0001573953
4.0902600000	0.0001570585
4.0909800000	0.0001567223
4.0916900000	0.0001563868
4.0924000000	0.0001560521
4.0931200000	0.0001557180
4.0938300000	0.0001553846
4.0945400000	0.0001550519
4.0952600000	0.0001547200
4.0959700000	0.0001543887
4.0966800000	0.0001540581
4.0973900000	0.0001537281
4.0981100000	0.0001533989
4.0988200000	0.0001530704
4.0995300000	0.0001527425
4.1002500000	0.0001524045
4.1009600000	0.0001520466
4.1016700000	0.0001516893
4.1023800000	0.0001513326
4.1031000000	0.0001509765
4.1038100000	0.0001506211
4.1045200000	0.0001502663
4.1052400000	0.0001499121
4.1059500000	0.0001495585
4.1066600000	0.0001492056
4.1073800000	0.0001488532
4.1080900000	0.0001485015
4.1088000000	0.0001481504
4.1095100000	0.0001477999
4.1102300000	0.0001474501
4.1109400000	0.0001471008
4.1116500000	0.0001467522
4.1123700000	0.0001464043
4.1130800000	0.0001460569
4.1137900000	0.0001457101
4.1145000000	0.0001453641
4.1152200000	0.0001450186
4.1159300000	0.0001446738
4.1166400000	0.0001443296
4.1173600000	0.0001439860
4.1180700000	0.0001436430
4.1187800000	0.0001433007
4.1195000000	0.0001429589
4.1202100000	0.0001426179
4.1209200000	0.0001422774
4.1216300000	0.0001419376
4.1223500000	0.0001415984
4.1230600000	0.0001412598
4.1237700000	0.0001409218
4.1244900000	0.0001405846
4.1252000000	0.0001402479
4.1259100000	0.0001399118
4.1266300000	0.0001395763
4.1273400000	0.0001392416
4.1280500000	0.0001389074
4.1287600000	0.0001385739
4.1294800000	0.0001382410
4.1301900000	0.0001379087
4.1309000000	0.0001375771
4.1316200000	0.0001372461
4.1323300000	0.0001369157
4.1330400000	0.0001365860
4.1337500000	0.0001362569
4.1344700000	0.0001359284
4.1351800000	0.0001356005
4.1358900000	0.0001352733
4.1366100000	0.0001349467
4.1373200000	0.0001346208
4.1380300000	0.0001342955
4.1387500000	0.0001339708
4.1394600000	0.0001336468
4.1401700000	0.0001333233
4.1408800000	0.0001330004
4.1416000000	0.0001326783
4.1423100000	0.0001323568
4.1430200000	0.0001320359
4.1437400000	0.0001317157
4.1444500000	0.0001313961
4.1451600000	0.0001310770
4.1458800000	0.0001307587
4.1465900000	0.0001304410
4.1473000000	0.0001301238
4.1480100000	0.0001298073
4.1487300000	0.0001294915
4.1494400000	0.0001291763
4.1501500000	0.0001288617
4.1508700000	0.0001285478
4.1515800000	0.0001282345
4.1522900000	0.0001279218
4.1530000000	0.0001276097
4.1537200000	0.0001272983
4.1544300000	0.0001269875
4.1551400000	0.0001266774
4.1558600000	0.0001263678
4.1565700000	0.0001260589
4.1572800000	0.0001257507
4.1580000000	0.0001254431
4.1587100000	0.0001251360
4.1594200000	0.0001248297
4.1601300000	0.0001245239
4.1608500000	0.0001242188
4.1615600000	0.0001239143
4.1622700000	0.0001236104
4.1629900000	0.0001233072
4.1637000000	0.0001230046
4.1644100000	0.0001227026
4.1651300000	0.0001224012
4.1658400000	0.0001221006
4.1665500000	0.0001218005
4.1672600000	0.0001215010
4.1679800000	0.0001212021
4.1686900000	0.0001209040
4.1694000000	0.0001206064
4.1701200000	0.0001203094
4.1708300000	0.0001200131
4.1715400000	0.0001197173
4.1722500000	0.0001194223
4.1729700000	0.0001191278
4.1736800000	0.0001188340
4.1743900000	0.0001185408
4.1751100000	0.0001182482
4.1758200000	0.0001179563
4.1765300000	0.0001176649
4.1772500000	0.0001173741
4.1779600000	0.0001170841
4.1786700000	0.0001167946
4.1793800000	0.0001165057
4.1801000000	0.0001162175
4.1808100000	0.0001159299
4.1815200000	0.0001156429
4.1822400000	0.0001153565
4.1829500000	0.0001150708
4.1836600000	0.0001147856
4.1843700000	0.0001145011
4.1850900000	0.0001142172
4.1858000000	0.0001139339
4.1865100000	0.0001136512
4.1872300000	0.0001133692
4.1879400000	0.0001130877
4.1886500000	0.0001128069
4.1893700000	0.0001125268
4.1900800000	0.0001122471
4.1907900000	0.0001119682
4.1915000000	0.0001116898
4.1922200000	0.0001114120
4.1929300000	0.0001111349
4.1936400000	0.0001108584
4.1943600000	0.0001105825
4.1950700000	0.0001103072
4.1957800000	0.0001100325
4.1965000000	0.0001097584
4.1972100000	0.0001094850
4.1979200000	0.0001092121
4.1986300000	0.0001089398
4.1993500000	0.0001086681
4.2000600000	0.0001083998
4.2007700000	0.0001081613
4.2014900000	0.0001079226
4.2022000000	0.0001076838
4.2029100000	0.0001074449
4.2036200000	0.0001072059
4.2043400000	0.0001069667
4.2050500000	0.0001067275
4.2057600000	0.0001064881
4.2064800000	0.0001062486
4.2071900000	0.0001060090
4.2079000000	0.0001057693
4.2086200000	0.0001055295
4.2093300000	0.0001052897
4.2100400000	0.0001050496
4.2107500000	0.0001048095
4.2114700000	0.0001045693
4.2121800000	0.0001043289
4.2128900000	0.0001040886
4.2136100000	0.0001038480
4.2143200000	0.0001036075
4.2150300000	0.0001033668
4.2157500000	0.0001031261
4.2164600000	0.0001028852
4.2171700000	0.0001026443
4.2178800000	0.0001024032
4.2186000000	0.0001021622
4.2193100000	0.0001019210
4.2200200000	0.0001016797
4.2207400000	0.0001014384
4.2214500000	0.0001011970
4.2221600000	0.0001009556
4.2228700000	0.0001007141
4.2235900000	0.0001004725
4.2243000000	0.0001002309
4.2250100000	0.0000999891
4.2257300000	0.0000997474
4.2264400000	0.0000995056
4.2271500000	0.0000992637
4.2278700000	0.0000990218
4.2285800000	0.0000987799
4.2292900000	0.0000985379
4.2300000000	0.0000982958
4.2307200000	0.0000980537
4.2314300000	0.0000978116
4.2321400000	0.0000975695
4.2328600000	0.0000973273
4.2335700000	0.0000970851
4.2342800000	0.0000968428
4.2349900000	0.0000966006
4.2357100000	0.0000963583
4.2364200000	0.0000961160
4.2371300000	0.0000958737
4.2378500000	0.0000956313
4.2385600000	0.0000953890
4.2392700000	0.0000951466
4.2399900000	0.0000949042
4.2407000000	0.0000946619
4.2414100000	0.0000944196
4.2421200000	0.0000941772
4.2428400000	0.0000939349
4.2435500000	0.0000936925
4.2442600000	0.0000934501
4.2449800000	0.0000932078
4.2456900000	0.0000929655
4.2464000000	0.0000927233
4.2471200000	0.0000924810
4.2478300000	0.0000922388
4.2485400000	0.0000919954
4.2492500000	0.0000917532
4.2499700000	0.0000915111
4.2506800000	0.0000912690
4.2513900000	0.0000910270
4.2521100000	0.0000907849
4.2528200000	0.0000905430
4.2535300000	0.0000903011
4.2542400000	0.0000900592
4.2549600000	0.0000898174
4.2556700000	0.0000895757
4.2563800000	0.0000893340
4.2571000000	0.0000890924
4.2578100000	0.0000888508
4.2585200000	0.0000886093
4.2592400000	0.0000883680
4.2599500000	0.0000881266
4.2606600000	0.0000878855
4.2613700000	0.0000876443
4.2620900000	0.0000874032
4.2628000000	0.0000871622
4.2635100000	0.0000869214
4.2642300000	0.0000866805
4.2649400000	0.0000864399
4.2656500000	0.0000861993
4.2663700000	0.0000859588
4.2670800000	0.0000857184
4.2677900000	0.0000854781
4.2685000000	0.0000852380
4.2692200000	0.0000849980
4.2699300000	0.0000847581
4.2706400000	0.0000845183
4.2713600000	0.0000842786
4.2720700000	0.0000840391
4.2727800000	0.0000837997
4.2734900000	0.0000835605
4.2742100000	0.0000833214
4.2749200000	0.0000830824
4.2756300000	0.0000828436
4.2763500000	0.0000826049
4.2770600000	0.0000823664
4.2777700000	0.0000821281
4.2784900000	0.0000818899
4.2792000000	0.0000816518
4.2799100000	0.0000814139
4.2806200000	0.0000811763
4.2813400000	0.0000809387
4.2820500000	0.0000807014
4.2827600000	0.0000804642
4.2834800000	0.0000802273
4.2841900000	0.0000799905
4.2849000000	0.0000797539
4.2856200000	0.0000795175
4.2863300000	0.0000792812
4.2870400000	0.0000790452
4.2877500000	0.0000788094
4.2884700000	0.0000785739
4.2891800000	0.0000783384
4.2898900000	0.0000781032
4.2906100000	0.0000778682
4.2913200000	0.0000776335
4.2920300000	0.0000773989
4.2927400000	0.0000771646
4.2934600000	0.0000769305
4.2941700000	0.0000766967
4.2948800000	0.0000764631
4.2956000000	0.0000762297
4.2963100000	0.0000759966
4.2970200000	0.0000757638
4.2977400000	0.0000755311
4.2984500000	0.0000752987
4.2991600000	0.0000750665
4.2998700000	0.0000748346
4.3005900000	0.0000746990
4.3013000000	0.0000745838
4.3020100000	0.0000744687
4.3027300000	0.0000743534
4.3034400000	0.0000742382
4.3041500000	0.0000741229
4.3048600000	0.0000740076
4.3055800000	0.0000738922
4.3062900000	0.0000737767
4.3070000000	0.0000736612
4.3077200000	0.0000735456
4.3084300000	0.0000734300
4.3091400000	0.0000733144
4.3098600000	0.0000731986
4.3105700000	0.0000730829
4.3112800000	0.0000729671
4.3119900000	0.0000728512
4.3127100000	0.0000727352
4.3134200000	0.0000726192
4.3141300000	0.0000725031
4.3148500000	0.0000723870
4.3155600000	0.0000722708
4.3162700000	0.0000721545
4.3169900000	0.0000720382
4.3177000000	0.0000719218
4.3184100000	0.0000718053
4.3191200000	0.0000716888
4.3198400000	0.0000715722
4.3205500000	0.0000714555
4.3212600000	0.0000713387
4.3219800000	0.0000712219
4.3226900000	0.0000711050
4.3234000000	0.0000709880
4.3241100000	0.0000708709
4.3248300000	0.0000707538
4.3255400000	0.0000706366
4.3262500000	0.0000705193
4.3269700000	0.0000704019
4.3276800000	0.0000702844
4.3283900000	0.0000701668
4.3291100000	0.0000700492
4.3298200000	0.0000699315
4.3305300000	0.0000698136
4.3312400000	0.0000696957
4.3319600000	0.0000695777
4.3326700000	0.0000694596
4.3333800000	0.0000693414
4.3341000000	0.0000692231
4.3348100000	0.0000691048
4.3355200000	0.0000689863
4.3362400000	0.0000688677
4.3369500000	0.0000687490
4.3376600000	0.0000686303
4.3383700000	0.0000685114
4.3390900000	0.0000683925
4.3398000000	0.0000682734
4.3405100000	0.0000681542
4.3412300000	0.0000680349
4.3419400000	0.0000679155
4.3426500000	0.0000677959
4.3433600000	0.0000676763
4.3440800000	0.0000675565
4.3447900000	0.0000674366
4.3455000000	0.0000673167
4.3462200000	0.0000671966
4.3469300000	0.0000670763
4.3476400000	0.0000669560
4.3483600000	0.0000668356
4.3490700000	0.0000667150
4.3497800000	0.0000665943
4.3504900000	0.0000664734
4.3512100000	0.0000663526
4.3519200000	0.0000662315
4.3526300000	0.0000661103
4.3533500000	0.0000659890
4.3540600000	0.0000658675
4.3547700000	0.0000657459
4.3554900000	0.0000656242
4.3562000000	0.0000655023
4.3569100000	0.0000653804
4.3576200000	0.0000652583
4.3583400000	0.0000651360
4.3590500000	0.0000650136
4.3597600000	0.0000648911
4.3604800000	0.0000647685
4.3611900000	0.0000646456
4.3619000000	0.0000645227
4.3626100000	0.0000643996
4.3633300000	0.0000642763
4.3640400000	0.0000641530
4.3647500000	0.0000640294
4.3654700000	0.0000639058
4.3661800000	0.0000637820
4.3668900000	0.0000636580
4.3676100000	0.0000635338
4.3683200000	0.0000634095
4.3690300000	0.0000632851
4.3697400000	0.0000631605
4.3704600000	0.0000630357
4.3711700000	0.0000629108
4.3718800000	0.0000627858
4.3726000000	0.0000626605
4.3733100000	0.0000625352
4.3740200000	0.0000624096
4.3747300000	0.0000622838
4.3754500000	0.0000621580
4.3761600000	0.0000620319
4.3768700000	0.0000619057
4.3775900000	0.0000617793
4.3783000000	0.0000616528
4.3790100000	0.0000615260
4.3797300000	0.0000613992
4.3804400000	0.0000612721
4.3811500000	0.0000611448
4.3818600000	0.0000610174
4.3825800000	0.0000608899
4.3832900000	0.0000607621
4.3840000000	0.0000606341
4.3847200000	0.0000605060
4.3854300000	0.0000603777
4.3861400000	0.0000602492
4.3868600000	0.0000601205
4.3875700000	0.0000599917
4.3882800000	0.0000598626
4.3889900000	0.0000597334
4.3897100000	0.0000596040
4.3904200000	0.0000594744
4.3911300000	0.0000593447
4.3918500000	0.0000592147
4.3925600000	0.0000590845
4.3932700000	0.0000589542
4.3939800000	0.0000588236
4.3947000000	0.0000586929
4.3954100000	0.0000585619
4.3961200000	0.0000584308
4.3968400000	0.0000582995
4.3975500000	0.0000581680
4.3982600000	0.0000580362
4.3989800000	0.0000579043
4.3996900000	0.0000577722
4.4004000000	0.0000576673
4.4011100000	0.0000575838
4.4018300000	0.0000575003
4.4025400000	0.0000574168
4.4032500000	0.0000573334
4.4039700000	0.0000572500
4.4046800000	0.0000571666
4.4053900000	0.0000570833
4.4061100000	0.0000569999
4.4068200000	0.0000569166
4.4075300000	0.0000568334
4.4082400000	0.0000567501
4.4089600000	0.0000566669
4.4096700000	0.0000565837
4.4103800000	0.0000565005
4.4111000000	0.0000564174
4.4118100000	0.0000563343
4.4125200000	0.0000562511
4.4132300000	0.0000561681
4.4139500000	0.0000560850
4.4146600000	0.0000560019
4.4153700000	0.0000559189
4.4160900000	0.0000558359
4.4168000000	0.0000557529
4.4175100000	0.0000556700
4.4182300000	0.0000555870
4.4189400000	0.0000555040
4.4196500000	0.0000554212
4.4203600000	0.0000553383
4.4210800000	0.0000552554
4.4217900000	0.0000551725
4.4225000000	0.0000550896
4.4232200000	0.0000550067
4.4239300000	0.0000549240
4.4246400000	0.0000548411
4.4253600000	0.0000547583
4.4260700000	0.0000546755
4.4267800000	0.0000545927
4.4274900000	0.0000545099
4.4282100000	0.0000544272
4.4289200000	0.0000543444
4.4296300000	0.0000542616
4.4303500000	0.0000541789
4.4310600000	0.0000540961
4.4317700000	0.0000540134
4.4324800000	0.0000539307
4.4332000000	0.0000538479
4.4339100000	0.0000537652
4.4346200000	0.0000536825
4.4353400000	0.0000535997
4.4360500000	0.0000535170
4.4367600000	0.0000534343
4.4374800000	0.0000533516
4.4381900000	0.0000532688
4.4389000000	0.0000531861
4.4396100000	0.0000531034
4.4403300000	0.0000530207
4.4410400000	0.0000529380
4.4417500000	0.0000528552
4.4424700000	0.0000527725
4.4431800000	0.0000526897
4.4438900000	0.0000526070
4.4446000000	0.0000525242
4.4453200000	0.0000524415
4.4460300000	0.0000523587
4.4467400000	0.0000522759
4.4474600000	0.0000521931
4.4481700000	0.0000521103
4.4488800000	0.0000520276
4.4496000000	0.0000519447
4.4503100000	0.0000518618
4.4510200000	0.0000517790
4.4517300000	0.0000516962
4.4524500000	0.0000516133
4.4531600000	0.0000515304
4.4538700000	0.0000514475
4.4545900000	0.0000513646
4.4553000000	0.0000512816
4.4560100000	0.0000511987
4.4567300000	0.0000511157
4.4574400000	0.0000510327
4.4581500000	0.0000509497
4.4588600000	0.0000508666
4.4595800000	0.0000507836
4.4602900000	0.0000507005
4.4610000000	0.0000506174
4.4617200000	0.0000505343
4.4624300000	0.0000504511
4.4631400000	0.0000503680
4.4638500000	0.0000502848
4.4645700000	0.0000502015
4.4652800000	0.0000501182
4.4659900000	0.0000500350
4.4667100000	0.0000499516
4.4674200000	0.0000498683
4.4681300000	0.0000497849
4.4688500000	0.0000497015
4.4695600000	0.0000496181
4.4702700000	0.0000495346
4.4709800000	0.0000494511
4.4717000000	0.0000493675
4.4724100000	0.0000492840
4.4731200000	0.0000492003
4.4738400000	0.0000491167
4.4745500000	0.0000490330
4.4752600000	0.0000489493
4.4759800000	0.0000488655
4.4766900000	0.0000487817
4.4774000000	0.0000486979
4.4781100000	0.0000486139
4.4788300000	0.0000485301
4.4795400000	0.0000484461
4.4802500000	0.0000483620
4.4809700000	0.0000482779
4.4816800000	0.0000481938
4.4823900000	0.0000481097
4.4831000000	0.0000480255
4.4838200000	0.0000479412
4.4845300000	0.0000478569
4.4852400000	0.0000477726
4.4859600000	0.0000476882
4.4866700000	0.0000476037
4.4873800000	0.0000475192
4.4881000000	0.0000474346
4.4888100000	0.0000473500
4.4895200000	0.0000472653
4.4902300000	0.0000471806
4.4909500000	0.0000470958
4.4916600000	0.0000470110
4.4923700000	0.0000469260
4.4930900000	0.0000468410
4.4938000000	0.0000467560
4.4945100000	0.0000466710
4.4952300000	0.0000465858
4.4959400000	0.0000465006
4.4966500000	0.0000464153
4.4973600000	0.0000463299
4.4980800000	0.0000462445
4.4987900000	0.0000461590
4.4995000000	0.0000460735
4.5002200000	0.0000459979
4.5009300000	0.0000459453
4.5016400000	0.0000458929
4.5023500000	0.0000458405
4.5030700000	0.0000457882
4.5037800000	0.0000457359
4.5044900000	0.0000456837
4.5052100000	0.0000456315
4.5059200000	0.0000455794
4.5066300000	0.0000455273
4.5073500000	0.0000454752
4.5080600000	0.0000454233
4.5087700000	0.0000453714
4.5094800000	0.0000453195
4.5102000000	0.0000452677
4.5109100000	0.0000452160
4.5116200000	0.0000451642
4.5123400000	0.0000451126
4.5130500000	0.0000450610
4.5137600000	0.0000450095
4.5144700000	0.0000449580
4.5151900000	0.0000449066
4.5159000000	0.0000448552
4.5166100000	0.0000448038
4.5173300000	0.0000447526
4.5180400000	0.0000447013
4.5187500000	0.0000446501
4.5194700000	0.0000445990
4.5201800000	0.0000445479
4.5208900000	0.0000444969
4.5216000000	0.0000444459
4.5223200000	0.0000443949
4.5230300000	0.0000443441
4.5237400000	0.0000442932
4.5244600000	0.0000442424
4.5251700000	0.0000441917
4.5258800000	0.0000441410
4.5266000000	0.0000440903
4.5273100000	0.0000440397
4.5280200000	0.0000439891
4.5287300000	0.0000439386
4.5294500000	0.0000438882
4.5301600000	0.0000438377
4.5308700000	0.0000437873
4.5315900000	0.0000437370
4.5323000000	0.0000436867
4.5330100000	0.0000436365
4.5337200000	0.0000435863
4.5344400000	0.0000435361
4.5351500000	0.0000434860
4.5358600000	0.0000434359
4.5365800000	0.0000433859
4.5372900000	0.0000433359
4.5380000000	0.0000432859
4.5387200000	0.0000432360
4.5394300000	0.0000431862
4.5401400000	0.0000431363
4.5408500000	0.0000430865
4.5415700000	0.0000430368
4.5422800000	0.0000429871
4.5429900000	0.0000429374
4.5437100000	0.0000428878
4.5444200000	0.0000428382
4.5451300000	0.0000427886
4.5458500000	0.0000427391
4.5465600000	0.0000426896
4.5472700000	0.0000426402
4.5479800000	0.0000425908
4.5487000000	0.0000425415
4.5494100000	0.0000424921
4.5501200000	0.0000424428
4.5508400000	0.0000423935
4.5515500000	0.0000423443
4.5522600000	0.0000422951
4.5529700000	0.0000422460
4.5536900000	0.0000421968
4.5544000000	0.0000421477
4.5551100000	0.0000420987
4.5558300000	0.0000420496
4.5565400000	0.0000420007
4.5572500000	0.0000419517
4.5579700000	0.0000419027
4.5586800000	0.0000418539
4.5593900000	0.0000418050
4.5601000000	0.0000417562
4.5608200000	0.0000417074
4.5615300000	0.0000416586
4.5622400000	0.0000416098
4.5629600000	0.0000415611
4.5636700000	0.0000415124
4.5643800000	0.0000414637
4.5651000000	0.0000414151
4.5658100000	0.0000413665
4.5665200000	0.0000413179
4.5672300000	0.0000412693
4.5679500000	0.0000412208
4.5686600000	0.0000411723
4.5693700000	0.0000411238
4.5700900000	0.0000410753
4.5708000000	0.0000410269
4.5715100000	0.0000409785
4.5722200000	0.0000409301
4.5729400000	0.0000408818
4.5736500000	0.0000408334
4.5743600000	0.0000407851
4.5750800000	0.0000407368
4.5757900000	0.0000406885
4.5765000000	0.0000406402
4.5772200000	0.0000405919
4.5779300000	0.0000405437
4.5786400000	0.0000404955
4.5793500000	0.0000404473
4.5800700000	0.0000403991
4.5807800000	0.0000403510
4.5814900000	0.0000403029
4.5822100000	0.0000402548
4.5829200000	0.0000402067
4.5836300000	0.0000401586
4.5843400000	0.0000401105
4.5850600000	0.0000400624
4.5857700000	0.0000400144
4.5864800000	0.0000399664
4.5872000000	0.0000399184
4.5879100000	0.0000398704
4.5886200000	0.0000398224
4.5893400000	0.0000397744
4.5900500000	0.0000397264
4.5907600000	0.0000396785
4.5914700000	0.0000396305
4.5921900000	0.0000395826
4.5929000000	0.0000395347
4.5936100000	0.0000394867
4.5943300000	0.0000394388
4.5950400000	0.0000393910
4.5957500000	0.0000393430
4.5964700000	0.0000392951
4.5971800000	0.0000392473
4.5978900000	0.0000391994
4.5986000000	0.0000391515
4.5993200000	0.0000391036
4.6000300000	0.0000390564
4.6007400000	0.0000390240
4.6014600000	0.0000389916
4.6021700000	0.0000389594
4.6028800000	0.0000389272
4.6035900000	0.0000388951
4.6043100000	0.0000388630
4.6050200000	0.0000388311
4.6057300000	0.0000387991
4.6064500000	0.0000387673
4.6071600000	0.0000387355
4.6078700000	0.0000387039
4.6085900000	0.0000386723
4.6093000000	0.0000386407
4.6100100000	0.0000386093
4.6107200000	0.0000385779
4.6114400000	0.0000385466
4.6121500000	0.0000385154
4.6128600000	0.0000384842
4.6135800000	0.0000384531
4.6142900000	0.0000384220
4.6150000000	0.0000383911
4.6157200000	0.0000383602
4.6164300000	0.0000383294
4.6171400000	0.0000382987
4.6178500000	0.0000382680
4.6185700000	0.0000382374
4.6192800000	0.0000382069
4.6199900000	0.0000381765
4.6207100000	0.0000381461
4.6214200000	0.0000381158
4.6221300000	0.0000380856
4.6228400000	0.0000380555
4.6235600000	0.0000380254
4.6242700000	0.0000379954
4.6249800000	0.0000379655
4.6257000000	0.0000379356
4.6264100000	0.0000379058
4.6271200000	0.0000378761
4.6278400000	0.0000378464
4.6285500000	0.0000378169
4.6292600000	0.0000377874
4.6299700000	0.0000377579
4.6306900000	0.0000377286
4.6314000000	0.0000376994
4.6321100000	0.0000376702
4.6328300000	0.0000376410
4.6335400000	0.0000376120
4.6342500000	0.0000375830
4.6349600000	0.0000375541
4.6356800000	0.0000375252
4.6363900000	0.0000374965
4.6371000000	0.0000374678
4.6378200000	0.0000374391
4.6385300000	0.0000374106
4.6392400000	0.0000373821
4.6399600000	0.0000373537
4.6406700000	0.0000373254
4.6413800000	0.0000372971
4.6420900000	0.0000372689
4.6428100000	0.0000372408
4.6435200000	0.0000372128
4.6442300000	0.0000371848
4.6449500000	0.0000371570
4.6456600000	0.0000371291
4.6463700000	0.0000371014
4.6470900000	0.0000370737
4.6478000000	0.0000370461
4.6485100000	0.0000370186
4.6492200000	0.0000369912
4.6499400000	0.0000369638
4.6506500000	0.0000369365
4.6513600000	0.0000369092
4.6520800000	0.0000368821
4.6527900000	0.0000368550
4.6535000000	0.0000368280
4.6542100000	0.0000368010
4.6549300000	0.0000367742
4.6556400000	0.0000367474
4.6563500000	0.0000367207
4.6570700000	0.0000366940
4.6577800000	0.0000366674
4.6584900000	0.0000366409
4.6592100000	0.0000366145
4.6599200000	0.0000365882
4.6606300000	0.0000365619
4.6613400000	0.0000365356
4.6620600000	0.0000365096
4.6627700000	0.0000364835
4.6634800000	0.0000364575
4.6642000000	0.0000364316
4.6649100000	0.0000364057
4.6656200000	0.0000363800
4.6663400000	0.0000363542
4.6670500000	0.0000363287
4.6677600000	0.0000363031
4.6684700000	0.0000362776
4.6691900000	0.0000362522
4.6699000000	0.0000362269
4.6706100000	0.0000362017
4.6713300000	0.0000361765
4.6720400000	0.0000361514
4.6727500000	0.0000361263
4.6734600000	0.0000361014
4.6741800000	0.0000360766
4.6748900000	0.0000360517
4.6756000000	0.0000360270
4.6763200000	0.0000360023
4.6770300000	0.0000359778
4.6777400000	0.0000359533
4.6784600000	0.0000359288
4.6791700000	0.0000359045
4.6798800000	0.0000358802
4.6805900000	0.0000358559
4.6813100000	0.0000358318
4.6820200000	0.0000358077
4.6827300000	0.0000357838
4.6834500000	0.0000357599
4.6841600000	0.0000357360
4.6848700000	0.0000357123
4.6855900000	0.0000356886
4.6863000000	0.0000356650
4.6870100000	0.0000356414
4.6877200000	0.0000356180
4.6884400000	0.0000355946
4.6891500000	0.0000355713
4.6898600000	0.0000355480
4.6905800000	0.0000355249
4.6912900000	0.0000355018
4.6920000000	0.0000354788
4.6927100000	0.0000354559
4.6934300000	0.0000354330
4.6941400000	0.0000354102
4.6948500000	0.0000353875
4.6955700000	0.0000353648
4.6962800000	0.0000353423
4.6969900000	0.0000353198
4.6977100000	0.0000352974
4.6984200000	0.0000352751
4.6991300000	0.0000352528
4.6998400000	0.0000352306
4.7005600000	0.0000352029
4.7012700000	0.0000351736
4.7019800000	0.0000351444
4.7027000000	0.0000351153
4.7034100000	0.0000350861
4.7041200000	0.0000350571
4.7048300000	0.0000350282
4.7055500000	0.0000349992
4.7062600000	0.0000349704
4.7069700000	0.0000349416
4.7076900000	0.0000349129
4.7084000000	0.0000348842
4.7091100000	0.0000348556
4.7098300000	0.0000348270
4.7105400000	0.0000347985
4.7112500000	0.0000347701
4.7119600000	0.0000347417
4.7126800000	0.0000347134
4.7133900000	0.0000346851
4.7141000000	0.0000346569
4.7148200000	0.0000346288
4.7155300000	0.0000346008
4.7162400000	0.0000345727
4.7169600000	0.0000345448
4.7176700000	0.0000345169
4.7183800000	0.0000344890
4.7190900000	0.0000344612
4.7198100000	0.0000344335
4.7205200000	0.0000344059
4.7212300000	0.0000343783
4.7219500000	0.0000343507
4.7226600000	0.0000343233
4.7233700000	0.0000342958
4.7240800000	0.0000342685
4.7248000000	0.0000342412
4.7255100000	0.0000342139
4.7262200000	0.0000341868
4.7269400000	0.0000341596
4.7276500000	0.0000341326
4.7283600000	0.0000341056
4.7290800000	0.0000340786
4.7297900000	0.0000340517
4.7305000000	0.0000340249
4.7312100000	0.0000339981
4.7319300000	0.0000339714
4.7326400000	0.0000339448
4.7333500000	0.0000339182
4.7340700000	0.0000338916
4.7347800000	0.0000338652
4.7354900000	0.0000338388
4.7362100000	0.0000338124
4.7369200000	0.0000337861
4.7376300000	0.0000337599
4.7383400000	0.0000337337
4.7390600000	0.0000337076
4.7397700000	0.0000336815
4.7404800000	0.0000336555
4.7412000000	0.0000336296
4.7419100000	0.0000336037
4.7426200000	0.0000335778
4.7433300000	0.0000335521
4.7440500000	0.0000335263
4.7447600000	0.0000335007
4.7454700000	0.0000334751
4.7461900000	0.0000334496
4.7469000000	0.0000334241
4.7476100000	0.0000333987
4.7483300000	0.0000333734
4.7490400000	0.0000333481
4.7497500000	0.0000333228
4.7504600000	0.0000332976
4.7511800000	0.0000332725
4.7518900000	0.0000332475
4.7526000000	0.0000332225
4.7533200000	0.0000331975
4.7540300000	0.0000331726
4.7547400000	0.0000331478
4.7554600000	0.0000331230
4.7561700000	0.0000330983
4.7568800000	0.0000330737
4.7575900000	0.0000330491
4.7583100000	0.0000330245
4.7590200000	0.0000330000
4.7597300000	0.0000329756
4.7604500000	0.0000329513
4.7611600000	0.0000329270
4.7618700000	0.0000329028
4.7625800000	0.0000328786
4.7633000000	0.0000328544
4.7640100000	0.0000328304
4.7647200000	0.0000328063
4.7654400000	0.0000327824
4.7661500000	0.0000327585
4.7668600000	0.0000327347
4.7675800000	0.0000327109
4.7682900000	0.0000326872
4.7690000000	0.0000326635
4.7697100000	0.0000326399
4.7704300000	0.0000326164
4.7711400000	0.0000325929
4.7718500000	0.0000325694
4.7725700000	0.0000325461
4.7732800000	0.0000325228
4.7739900000	0.0000324995
4.7747000000	0.0000324764
4.7754200000	0.0000324532
4.7761300000	0.0000324301
4.7768400000	0.0000324071
4.7775600000	0.0000323842
4.7782700000	0.0000323613
4.7789800000	0.0000323384
4.7797000000	0.0000323156
4.7804100000	0.0000322929
4.7811200000	0.0000322703
4.7818300000	0.0000322477
4.7825500000	0.0000322251
4.7832600000	0.0000322026
4.7839700000	0.0000321802
4.7846900000	0.0000321578
4.7854000000	0.0000321355
4.7861100000	0.0000321132
4.7868300000	0.0000320910
4.7875400000	0.0000320689
4.7882500000	0.0000320468
4.7889600000	0.0000320248
4.7896800000	0.0000320028
4.7903900000	0.0000319809
4.7911000000	0.0000319591
4.7918200000	0.0000319373
4.7925300000	0.0000319155
4.7932400000	0.0000318939
4.7939500000	0.0000318722
4.7946700000	0.0000318507
4.7953800000	0.0000318292
4.7960900000	0.0000318078
4.7968100000	0.0000317863
4.7975200000	0.0000317651
4.7982300000	0.0000317438
4.7989500000	0.0000317226
4.7996600000	0.0000317015
4.8003700000	0.0000316764
4.8010800000	0.0000316477
4.8018000000	0.0000316192
4.8025100000	0.0000315906
4.8032200000	0.0000315622
4.8039400000	0.0000315337
4.8046500000	0.0000315053
4.8053600000	0.0000314770
4.8060800000	0.0000314487
4.8067900000	0.0000314205
4.8075000000	0.0000313923
4.8082100000	0.0000313642
4.8089300000	0.0000313360
4.8096400000	0.0000313080
4.8103500000	0.0000312800
4.8110700000	0.0000312521
4.8117800000	0.0000312242
4.8124900000	0.0000311963
4.8132000000	0.0000311685
4.8139200000	0.0000311408
4.8146300000	0.0000311131
4.8153400000	0.0000310854
4.8160600000	0.0000310578
4.8167700000	0.0000310302
4.8174800000	0.0000310027
4.8182000000	0.0000309752
4.8189100000	0.0000309478
4.8196200000	0.0000309205
4.8203300000	0.0000308931
4.8210500000	0.0000308659
4.8217600000	0.0000308387
4.8224700000	0.0000308115
4.8231900000	0.0000307844
4.8239000000	0.0000307573
4.8246100000	0.0000307303
4.8253300000	0.0000307033
4.8260400000	0.0000306764
4.8267500000	0.0000306495
4.8274600000	0.0000306226
4.8281800000	0.0000305958
4.8288900000	0.0000305691
4.8296000000	0.0000305424
4.8303200000	0.0000305157
4.8310300000	0.0000304892
4.8317400000	0.0000304626
4.8324500000	0.0000304361
4.8331700000	0.0000304096
4.8338800000	0.0000303832
4.8345900000	0.0000303569
4.8353100000	0.0000303305
4.8360200000	0.0000303043
4.8367300000	0.0000302780
4.8374500000	0.0000302519
4.8381600000	0.0000302257
4.8388700000	0.0000301996
4.8395800000	0.0000301736
4.8403000000	0.0000301476
4.8410100000	0.0000301217
4.8417200000	0.0000300958
4.8424400000	0.0000300700
4.8431500000	0.0000300441
4.8438600000	0.0000300184
4.8445700000	0.0000299927
4.8452900000	0.0000299670
4.8460000000	0.0000299414
4.8467100000	0.0000299159
4.8474300000	0.0000298903
4.8481400000	0.0000298648
4.8488500000	0.0000298394
4.8495700000	0.0000298140
4.8502800000	0.0000297887
4.8509900000	0.0000297634
4.8517000000	0.0000297381
4.8524200000	0.0000297130
4.8531300000	0.0000296878
4.8538400000	0.0000296627
4.8545600000	0.0000296376
4.8552700000	0.0000296126
4.8559800000	0.0000295876
4.8567000000	0.0000295627
4.8574100000	0.0000295378
4.8581200000	0.0000295129
4.8588300000	0.0000294882
4.8595500000	0.0000294635
4.8602600000	0.0000294387
4.8609700000	0.0000294141
4.8616900000	0.0000293895
4.8624000000	0.0000293650
4.8631100000	0.0000293404
4.8638200000	0.0000293160
4.8645400000	0.0000292915
4.8652500000	0.0000292672
4.8659600000	0.0000292428
4.8666800000	0.0000292185
4.8673900000	0.0000291943
4.8681000000	0.0000291701
4.8688200000	0.0000291460
4.8695300000	0.0000291218
4.8702400000	0.0000290978
4.8709500000	0.0000290738
4.8716700000	0.0000290498
4.8723800000	0.0000290259
4.8730900000	0.0000290020
4.8738100000	0.0000289782
4.8745200000	0.0000289544
4.8752300000	0.0000289306
4.8759500000	0.0000289069
4.8766600000	0.0000288833
4.8773700000	0.0000288597
4.8780800000	0.0000288361
4.8788000000	0.0000288126
4.8795100000	0.0000287891
4.8802200000	0.0000287657
4.8809400000	0.0000287423
4.8816500000	0.0000287190
4.8823600000	0.0000286956
4.8830700000	0.0000286724
4.8837900000	0.0000286491
4.8845000000	0.0000286260
4.8852100000	0.0000286029
4.8859300000	0.0000285798
4.8866400000	0.0000285568
4.8873500000	0.0000285338
4.8880700000	0.0000285108
4.8887800000	0.0000284879
4.8894900000	0.0000284651
4.8902000000	0.0000284423
4.8909200000	0.0000284195
4.8916300000	0.0000283967
4.8923400000	0.0000283741
4.8930600000	0.0000283515
4.8937700000	0.0000283289
4.8944800000	0.0000283063
4.8952000000	0.0000282838
4.8959100000	0.0000282614
4.8966200000	0.0000282389
4.8973300000	0.0000282166
4.8980500000	0.0000281942
4.8987600000	0.0000281719
4.8994700000	0.0000281497
4.9001900000	0.0000281262
4.9009000000	0.0000280993
4.9016100000	0.0000280723
4.9023200000	0.0000280454
4.9030400000	0.0000280185
4.9037500000	0.0000279917
4.9044600000	0.0000279649
4.9051800000	0.0000279381
4.9058900000	0.0000279114
4.9066000000	0.0000278847
4.9073200000	0.0000278581
4.9080300000	0.0000278315
4.9087400000	0.0000278049
4.9094500000	0.0000277784
4.9101700000	0.0000277519
4.9108800000	0.0000277255
4.9115900000	0.0000276991
4.9123100000	0.0000276727
4.9130200000	0.0000276464
4.9137300000	0.0000276201
4.9144400000	0.0000275938
4.9151600000	0.0000275676
4.9158700000	0.0000275415
4.9165800000	0.0000275154
4.9173000000	0.0000274893
4.9180100000	0.0000274632
4.9187200000	0.0000274372
4.9194400000	0.0000274113
4.9201500000	0.0000273853
4.9208600000	0.0000273594
4.9215700000	0.0000273336
4.9222900000	0.0000273078
4.9230000000	0.0000272820
4.9237100000	0.0000272563
4.9244300000	0.0000272305
4.9251400000	0.0000272049
4.9258500000	0.0000271793
4.9265700000	0.0000271537
4.9272800000	0.0000271282
4.9279900000	0.0000271026
4.9287000000	0.0000270772
4.9294200000	0.0000270518
4.9301300000	0.0000270263
4.9308400000	0.0000270010
4.9315600000	0.0000269757
4.9322700000	0.0000269504
4.9329800000	0.0000269252
4.9336900000	0.0000268999
4.9344100000	0.0000268748
4.9351200000	0.0000268497
4.9358300000	0.0000268246
4.9365500000	0.0000267996
4.9372600000	0.0000267745
4.9379700000	0.0000267496
4.9386900000	0.0000267246
4.9394000000	0.0000266997
4.9401100000	0.0000266749
4.9408200000	0.0000266500
4.9415400000	0.0000266253
4.9422500000	0.0000266005
4.9429600000	0.0000265758
4.9436800000	0.0000265511
4.9443900000	0.0000265265
4.9451000000	0.0000265019
4.9458200000	0.0000264773
4.9465300000	0.0000264528
4.9472400000	0.0000264283
4.9479500000	0.0000264038
4.9486700000	0.0000263794
4.9493800000	0.0000263551
4.9500900000	0.0000263307
4.9508100000	0.0000263064
4.9515200000	0.0000262822
4.9522300000	0.0000262579
4.9529400000	0.0000262337
4.9536600000	0.0000262096
4.9543700000	0.0000261855
4.9550800000	0.0000261614
4.9558000000	0.0000261373
4.9565100000	0.0000261133
4.9572200000	0.0000260893
4.9579400000	0.0000260654
4.9586500000	0.0000260415
4.9593600000	0.0000260176
4.9600700000	0.0000259938
4.9607900000	0.0000259700
4.9615000000	0.0000259463
4.9622100000	0.0000259225
4.9629300000	0.0000258989
4.9636400000	0.0000258752
4.9643500000	0.0000258516
4.9650700000	0.0000258280
4.9657800000	0.0000258045
4.9664900000	0.0000257810
4.9672000000	0.0000257575
4.9679200000	0.0000257341
4.9686300000	0.0000257107
4.9693400000	0.0000256873
4.9700600000	0.0000256640
4.9707700000	0.0000256407
4.9714800000	0.0000256174
4.9721900000	0.0000255942
4.9729100000	0.0000255710
4.9736200000	0.0000255479
4.9743300000	0.0000255248
4.9750500000	0.0000255017
4.9757600000	0.0000254786
4.9764700000	0.0000254556
4.9771900000	0.0000254327
4.9779000000	0.0000254097
4.9786100000	0.0000253868
4.9793200000	0.0000253640
4.9800400000	0.0000253411
4.9807500000	0.0000253183
4.9814600000	0.0000252956
4.9821800000	0.0000252728
4.9828900000	0.0000252501
4.9836000000	0.0000252275
4.9843100000	0.0000252049
4.9850300000	0.0000251823
4.9857400000	0.0000251597
4.9864500000	0.0000251372
4.9871700000	0.0000251147
4.9878800000	0.0000250922
4.9885900000	0.0000250698
4.9893100000	0.0000250475
4.9900200000	0.0000250251
4.9907300000	0.0000250028
4.9914400000	0.0000249805
4.9921600000	0.0000249582
4.9928700000	0.0000249360
4.9935800000	0.0000249139
4.9943000000	0.0000248917
4.9950100000	0.0000248696
4.9957200000	0.0000248475
4.9964400000	0.0000248255
4.9971500000	0.0000248035
4.9978600000	0.0000247815
4.9985700000	0.0000247596
4.9992900000	0.0000247377
5.0000000000	0.0000247158
