# energy (eV)    P(omega), $W_{\text{p}}/W$ = 0.50, $h/W$ = 0.40, $d/W$ = 0.20, x/W = 0.0, $E_{\rm e}$ = 200 keV
0.0100000000	0.0047092057
0.0107130000	0.0048328465
0.0114259000	0.0049597547
0.0121389000	0.0050896860
0.0128518000	0.0052224156
0.0135648000	0.0053577389
0.0142778000	0.0054954721
0.0149907000	0.0056354296
0.0157037000	0.0057774574
0.0164166000	0.0059214019
0.0171296000	0.0060671206
0.0178425000	0.0062144836
0.0185555000	0.0063633674
0.0192685000	0.0065136477
0.0199814000	0.0066652218
0.0206944000	0.0068179797
0.0214073000	0.0069718308
0.0221203000	0.0071266710
0.0228333000	0.0072824191
0.0235462000	0.0074389894
0.0242592000	0.0075963001
0.0249721000	0.0077542752
0.0256851000	0.0079128379
0.0263981000	0.0080719247
0.0271110000	0.0082314694
0.0278240000	0.0083914085
0.0285369000	0.0085516720
0.0292499000	0.0087122131
0.0299629000	0.0088729723
0.0306758000	0.0090338924
0.0313888000	0.0091949273
0.0321017000	0.0093560266
0.0328147000	0.0095171466
0.0335276000	0.0096782370
0.0342406000	0.0098392559
0.0349536000	0.0100001660
0.0356665000	0.0101609198
0.0363795000	0.0103214871
0.0370924000	0.0104818251
0.0378054000	0.0106419019
0.0385184000	0.0108016779
0.0392313000	0.0109611285
0.0399443000	0.0111202182
0.0406572000	0.0112789138
0.0413702000	0.0114371912
0.0420832000	0.0115950266
0.0427961000	0.0117523827
0.0435091000	0.0119092362
0.0442220000	0.0120655682
0.0449350000	0.0122213492
0.0456479000	0.0123765609
0.0463609000	0.0125311778
0.0470739000	0.0126851773
0.0477868000	0.0128385429
0.0484998000	0.0129912526
0.0492127000	0.0131432882
0.0499257000	0.0132946333
0.0506387000	0.0134452728
0.0513516000	0.0135951814
0.0520646000	0.0137443510
0.0527775000	0.0138927634
0.0534905000	0.0140404038
0.0542035000	0.0141872620
0.0549164000	0.0143333228
0.0556294000	0.0144785707
0.0563423000	0.0146229917
0.0570553000	0.0147665830
0.0577683000	0.0149093215
0.0584812000	0.0150512088
0.0591942000	0.0151922287
0.0599071000	0.0153323687
0.0606201000	0.0154716257
0.0613330000	0.0156099878
0.0620460000	0.0157474465
0.0627590000	0.0158839924
0.0634719000	0.0160196232
0.0641849000	0.0161543272
0.0648978000	0.0162881019
0.0656108000	0.0164209332
0.0663238000	0.0165528235
0.0670367000	0.0166837623
0.0677497000	0.0168137517
0.0684626000	0.0169427770
0.0691756000	0.0170708422
0.0698886000	0.0171979352
0.0706015000	0.0173240580
0.0713145000	0.0174492036
0.0720274000	0.0175733682
0.0727404000	0.0176965531
0.0734534000	0.0178187517
0.0741663000	0.0179399667
0.0748793000	0.0180601899
0.0755922000	0.0181794218
0.0763052000	0.0182976596
0.0770181000	0.0184149051
0.0777311000	0.0185311514
0.0784441000	0.0186464053
0.0791570000	0.0187606588
0.0798700000	0.0188739177
0.0805829000	0.0189861760
0.0812959000	0.0190974341
0.0820089000	0.0192076935
0.0827218000	0.0193169597
0.0834348000	0.0194252181
0.0841477000	0.0195324888
0.0848607000	0.0196387617
0.0855737000	0.0197440375
0.0862866000	0.0198483170
0.0869996000	0.0199516074
0.0877125000	0.0200539064
0.0884255000	0.0201552120
0.0891384000	0.0202555322
0.0898514000	0.0203548655
0.0905644000	0.0204532137
0.0912773000	0.0205505817
0.0919903000	0.0206469669
0.0927032000	0.0207423804
0.0934162000	0.0208368119
0.0941292000	0.0209302802
0.0948421000	0.0210227698
0.0955551000	0.0211142996
0.0962680000	0.0212048618
0.0969810000	0.0212944648
0.0976940000	0.0213831119
0.0984069000	0.0214708037
0.0991199000	0.0215575460
0.0998328000	0.0216433416
0.1005460000	0.0217281969
0.1012590000	0.0218121079
0.1019720000	0.0218950821
0.1026850000	0.0219771281
0.1033980000	0.0220582415
0.1041110000	0.0221384324
0.1048240000	0.0222177037
0.1055370000	0.0222960621
0.1062490000	0.0223735019
0.1069620000	0.0224500386
0.1076750000	0.0225256702
0.1083880000	0.0226004030
0.1091010000	0.0226742438
0.1098140000	0.0227471915
0.1105270000	0.0228192524
0.1112400000	0.0228904319
0.1119530000	0.0229607397
0.1126660000	0.0230301735
0.1133790000	0.0230987406
0.1140920000	0.0231664437
0.1148050000	0.0232332925
0.1155180000	0.0232992867
0.1162310000	0.0233644318
0.1169440000	0.0234287352
0.1176570000	0.0234922028
0.1183700000	0.0235548345
0.1190830000	0.0236166415
0.1197960000	0.0236776258
0.1205090000	0.0237377896
0.1212220000	0.0237971401
0.1219350000	0.0238556874
0.1226480000	0.0239134289
0.1233600000	0.0239703741
0.1240730000	0.0240265235
0.1247860000	0.0240818931
0.1254990000	0.0241364731
0.1262120000	0.0241902801
0.1269250000	0.0242433164
0.1276380000	0.0242955834
0.1283510000	0.0243470915
0.1290640000	0.0243978467
0.1297770000	0.0244478481
0.1304900000	0.0244971070
0.1312030000	0.0245456251
0.1319160000	0.0245934095
0.1326290000	0.0246404609
0.1333420000	0.0246867942
0.1340550000	0.0247324024
0.1347680000	0.0247772976
0.1354810000	0.0248214866
0.1361940000	0.0248649748
0.1369070000	0.0249077626
0.1376200000	0.0249498602
0.1383330000	0.0249912729
0.1390460000	0.0250320013
0.1397590000	0.0250720534
0.1404710000	0.0251114279
0.1411840000	0.0251501475
0.1418970000	0.0251881983
0.1426100000	0.0252255969
0.1433230000	0.0252623412
0.1440360000	0.0252984435
0.1447490000	0.0253339105
0.1454620000	0.0253687320
0.1461750000	0.0254029318
0.1468880000	0.0254365049
0.1476010000	0.0254694566
0.1483140000	0.0255017975
0.1490270000	0.0255335252
0.1497400000	0.0255646533
0.1504530000	0.0255951778
0.1511660000	0.0256251111
0.1518790000	0.0256544578
0.1525920000	0.0256832164
0.1533050000	0.0257113926
0.1540180000	0.0257390007
0.1547310000	0.0257660354
0.1554440000	0.0257925048
0.1561570000	0.0258184170
0.1568700000	0.0258437762
0.1575830000	0.0258685852
0.1582950000	0.0258928459
0.1590080000	0.0259165671
0.1597210000	0.0259397543
0.1604340000	0.0259624081
0.1611470000	0.0259845373
0.1618600000	0.0260061440
0.1625730000	0.0260272373
0.1632860000	0.0260478131
0.1639990000	0.0260678833
0.1647120000	0.0260874484
0.1654250000	0.0261065160
0.1661380000	0.0261250886
0.1668510000	0.0261431723
0.1675640000	0.0261607713
0.1682770000	0.0261778845
0.1689900000	0.0261945202
0.1697030000	0.0262106883
0.1704160000	0.0262263839
0.1711290000	0.0262416177
0.1718420000	0.0262563869
0.1725550000	0.0262707032
0.1732680000	0.0262845664
0.1739810000	0.0262979798
0.1746940000	0.0263109491
0.1754060000	0.0263234798
0.1761190000	0.0263355755
0.1768320000	0.0263472363
0.1775450000	0.0263584653
0.1782580000	0.0263692741
0.1789710000	0.0263796604
0.1796840000	0.0263896268
0.1803970000	0.0263991819
0.1811100000	0.0264083247
0.1818230000	0.0264170579
0.1825360000	0.0264253914
0.1832490000	0.0264333244
0.1839620000	0.0264408550
0.1846750000	0.0264479998
0.1853880000	0.0264547447
0.1861010000	0.0264611081
0.1868140000	0.0264670862
0.1875270000	0.0264726840
0.1882400000	0.0264778944
0.1889530000	0.0264827392
0.1896660000	0.0264872071
0.1903790000	0.0264913068
0.1910920000	0.0264950403
0.1918050000	0.0264984061
0.1925180000	0.0265014122
0.1932300000	0.0265040586
0.1939430000	0.0265063484
0.1946560000	0.0265082813
0.1953690000	0.0265098607
0.1960820000	0.0265110904
0.1967950000	0.0265119745
0.1975080000	0.0265125137
0.1982210000	0.0265127010
0.1989340000	0.0265125517
0.1996470000	0.0265120628
0.2003600000	0.0265112286
0.2010730000	0.0265100682
0.2017860000	0.0265085630
0.2024990000	0.0265067292
0.2032120000	0.0265045578
0.2039250000	0.0265020544
0.2046380000	0.0264992235
0.2053510000	0.0264960602
0.2060640000	0.0264925708
0.2067770000	0.0264887549
0.2074900000	0.0264846115
0.2082030000	0.0264801352
0.2089160000	0.0264753383
0.2096290000	0.0264702184
0.2103410000	0.0264647688
0.2110540000	0.0264589936
0.2117670000	0.0264528961
0.2124800000	0.0264464719
0.2131930000	0.0264397206
0.2139060000	0.0264326494
0.2146190000	0.0264252486
0.2153320000	0.0264175195
0.2160450000	0.0264094607
0.2167580000	0.0264010779
0.2174710000	0.0263923584
0.2181840000	0.0263833165
0.2188970000	0.0263739388
0.2196100000	0.0263642245
0.2203230000	0.0263541780
0.2210360000	0.0263437911
0.2217490000	0.0263330657
0.2224620000	0.0263219934
0.2231750000	0.0263105818
0.2238880000	0.0262988233
0.2246010000	0.0262867127
0.2253140000	0.0262742479
0.2260270000	0.0262614291
0.2267400000	0.0262482532
0.2274520000	0.0262347095
0.2281650000	0.0262207979
0.2288780000	0.0262065133
0.2295910000	0.0261918552
0.2303040000	0.0261768175
0.2310170000	0.0261613961
0.2317300000	0.0261455789
0.2324430000	0.0261293723
0.2331560000	0.0261127569
0.2338690000	0.0260957406
0.2345820000	0.0260783028
0.2352950000	0.0260604514
0.2360080000	0.0260421729
0.2367210000	0.0260234553
0.2374340000	0.0260042935
0.2381470000	0.0259846891
0.2388600000	0.0259646254
0.2395730000	0.0259440944
0.2402860000	0.0259230863
0.2409990000	0.0259015929
0.2417120000	0.0258796090
0.2424250000	0.0258571187
0.2431380000	0.0258341157
0.2438510000	0.0258105878
0.2445640000	0.0257865198
0.2452760000	0.0257619053
0.2459890000	0.0257367296
0.2467020000	0.0257109818
0.2474150000	0.0256846489
0.2481280000	0.0260251302
0.2488410000	0.0265072665
0.2495540000	0.0270542575
0.2502670000	0.0276871526
0.2509800000	0.0284800753
0.2516930000	0.0294320182
0.2524060000	0.0305779091
0.2531190000	0.0322324256
0.2538320000	0.0354810213
0.2545450000	0.0364650884
0.2552580000	0.0372650066
0.2559710000	0.0379900998
0.2566840000	0.0386539291
0.2573970000	0.0392502673
0.2581100000	0.0398269223
0.2588230000	0.0403617599
0.2595360000	0.0408732678
0.2602490000	0.0413609643
0.2609620000	0.0418136532
0.2616750000	0.0422512375
0.2623870000	0.0426657131
0.2631000000	0.0430779735
0.2638130000	0.0434579596
0.2645260000	0.0438239583
0.2652390000	0.0441712677
0.2659520000	0.0445084827
0.2666650000	0.0448367267
0.2673780000	0.0451290467
0.2680910000	0.0454359332
0.2688040000	0.0457144835
0.2695170000	0.0459936577
0.2702300000	0.0462535997
0.2709430000	0.0465148136
0.2716560000	0.0467601003
0.2723690000	0.0469966911
0.2730820000	0.0472388604
0.2737950000	0.0474507105
0.2745080000	0.0476665326
0.2752210000	0.0478879259
0.2759340000	0.0480725698
0.2766470000	0.0482937611
0.2773600000	0.0484922193
0.2780730000	0.0486734839
0.2787860000	0.0488634444
0.2794980000	0.0490444132
0.2802110000	0.0492219027
0.2809240000	0.0494125328
0.2816370000	0.0495714381
0.2823500000	0.0497629310
0.2830630000	0.0499509898
0.2837760000	0.0501070111
0.2844890000	0.0502911638
0.2852020000	0.0504389643
0.2859150000	0.0506230832
0.2866280000	0.0507999076
0.2873410000	0.0509562768
0.2880540000	0.0511240713
0.2887670000	0.0512862723
0.2894800000	0.0514711100
0.2901930000	0.0516293674
0.2909060000	0.0517990466
0.2916190000	0.0519683928
0.2923320000	0.0521245521
0.2930450000	0.0523276245
0.2937580000	0.0524905836
0.2944710000	0.0526691588
0.2951840000	0.0528293811
0.2958970000	0.0530009370
0.2966100000	0.0532138808
0.2973220000	0.0533730376
0.2980350000	0.0535800392
0.2987480000	0.0537201245
0.2994610000	0.0539410276
0.3001740000	0.0541403754
0.3008870000	0.0543169776
0.3016000000	0.0545309173
0.3023130000	0.0547029309
0.3030260000	0.0549235896
0.3037390000	0.0551021431
0.3044520000	0.0553396451
0.3051650000	0.0554949236
0.3058780000	0.0557460513
0.3065910000	0.0559633658
0.3073040000	0.0561875650
0.3080170000	0.0564273592
0.3087300000	0.0566344086
0.3094430000	0.0568952462
0.3101560000	0.0570975547
0.3108690000	0.0573702007
0.3115820000	0.0575953333
0.3122950000	0.0578716810
0.3130080000	0.0580858565
0.3137210000	0.0584081975
0.3144330000	0.0586914330
0.3151460000	0.0589353013
0.3158590000	0.0592477106
0.3165720000	0.0595036871
0.3172850000	0.0598208874
0.3179980000	0.0600986132
0.3187110000	0.0604269176
0.3194240000	0.0607148552
0.3201370000	0.0610676123
0.3208500000	0.0613553250
0.3215630000	0.0617339433
0.3222760000	0.0620490878
0.3229890000	0.0624299234
0.3237020000	0.0627554809
0.3244150000	0.0631675109
0.3251280000	0.0635014244
0.3258410000	0.0639244326
0.3265540000	0.0642637424
0.3272670000	0.0647439968
0.3279800000	0.0650674892
0.3286930000	0.0655893734
0.3294060000	0.0659369402
0.3301190000	0.0664766299
0.3308320000	0.0668515309
0.3315450000	0.0674097728
0.3322570000	0.0678068546
0.3329700000	0.0683890682
0.3336830000	0.0688134940
0.3343960000	0.0694285023
0.3351090000	0.0698917817
0.3358220000	0.0705395015
0.3365350000	0.0710002813
0.3372480000	0.0716627940
0.3379610000	0.0722158894
0.3386740000	0.0727012548
0.3393870000	0.0734788811
0.3401000000	0.0739859474
0.3408130000	0.0748159750
0.3415260000	0.0753750833
0.3422390000	0.0761966010
0.3429520000	0.0768449924
0.3436650000	0.0776382471
0.3443780000	0.0783846655
0.3450910000	0.0792535537
0.3458040000	0.0799664510
0.3465170000	0.0809377352
0.3472300000	0.0817166328
0.3479430000	0.0825128560
0.3486560000	0.0835378790
0.3493680000	0.0843583866
0.3500810000	0.0854833659
0.3507940000	0.0863856675
0.3515070000	0.0875077030
0.3522200000	0.0885253111
0.3529330000	0.0897792847
0.3536460000	0.0907295997
0.3543590000	0.0918384418
0.3550720000	0.0931749138
0.3557850000	0.0943773098
0.3564980000	0.0958482421
0.3572110000	0.0969664120
0.3579240000	0.0986532477
0.3586370000	0.0998796193
0.3593500000	0.1012072967
0.3600630000	0.1030218588
0.3607760000	0.1044022784
0.3614890000	0.1062962165
0.3622020000	0.1078364144
0.3629150000	0.1099276124
0.3636280000	0.1114850334
0.3643410000	0.1132808713
0.3650540000	0.1155628096
0.3657670000	0.1173196464
0.3664790000	0.1198412236
0.3671920000	0.1218409625
0.3679050000	0.1244534765
0.3686180000	0.1267984633
0.3693310000	0.1289200494
0.3700440000	0.1319678328
0.3707570000	0.1344689304
0.3714700000	0.1376233640
0.3721830000	0.1403869699
0.3728960000	0.1432064505
0.3736090000	0.1469353743
0.3743220000	0.1498997099
0.3750350000	0.1540174642
0.3757480000	0.1574961259
0.3764610000	0.1609346338
0.3771740000	0.1656426582
0.3778870000	0.1695377868
0.3786000000	0.1745457341
0.3793130000	0.1791164784
0.3800260000	0.1835982983
0.3807390000	0.1893126660
0.3814520000	0.1946756836
0.3821650000	0.2010656573
0.3828780000	0.2065886527
0.3835910000	0.2129018319
0.3843030000	0.2203718987
0.3850160000	0.2269999363
0.3857290000	0.2356516304
0.3864420000	0.2432796304
0.3871550000	0.2512492408
0.3878680000	0.2613333878
0.3885810000	0.2706778513
0.3892940000	0.2803350874
0.3900070000	0.2926570504
0.3907200000	0.3037883221
0.3914330000	0.3181263626
0.3921460000	0.3304884152
0.3928590000	0.3440273645
0.3935720000	0.3619195668
0.3942850000	0.3777422781
0.3949980000	0.3947206078
0.3957110000	0.4171540986
0.3964240000	0.4367303893
0.3971370000	0.4625188467
0.3978500000	0.4871171241
0.3985630000	0.5124156171
0.3992760000	0.5455704117
0.3999890000	0.5763613653
0.4007020000	0.6110498884
0.4014140000	0.6550732366
0.4021270000	0.6959347011
0.4028400000	0.7424308631
0.4035530000	0.8022209120
0.4042660000	0.8586384024
0.4049790000	0.9314973101
0.4056920000	1.0057225346
0.4064050000	1.0848337167
0.4071180000	1.1872509742
0.4078310000	1.2906871518
0.4085440000	1.4066459597
0.4092570000	1.5546106641
0.4099700000	1.7031942214
0.4106830000	1.8655891003
0.4113960000	2.0760508020
0.4121090000	2.2713542402
0.4128220000	2.5191622333
0.4135350000	2.6959939126
0.4142480000	2.8013372492
0.4149610000	2.8355227404
0.4156740000	2.3857641968
0.4163870000	1.1259719569
0.4228030000	2.9303122335
0.4235160000	4.9141402840
0.4242290000	5.4426732539
0.4249420000	5.1784981960
0.4256550000	4.6228144467
0.4263680000	4.0823349590
0.4270810000	3.5907409454
0.4277940000	3.1196112669
0.4285070000	2.7313281294
0.4292200000	2.3985765853
0.4299330000	2.1226771877
0.4306460000	1.8817147113
0.4313590000	1.6764671155
0.4320720000	1.5001740452
0.4327850000	1.3494558045
0.4334980000	1.2239448295
0.4342110000	1.1109423391
0.4349240000	1.0113785496
0.4356370000	0.9243287331
0.4363490000	0.8523269877
0.4370620000	0.7841873394
0.4377750000	0.7232082163
0.4384880000	0.6703250763
0.4392010000	0.6247973019
0.4399140000	0.5809623555
0.4406270000	0.5426054546
0.4413400000	0.5070689153
0.4420530000	0.4767374820
0.4427660000	0.4483101782
0.4434790000	0.4215030452
0.4441920000	0.3967631674
0.4449050000	0.3769731190
0.4456180000	0.3560067519
0.4463310000	0.3369002084
0.4470440000	0.3201305383
0.4477570000	0.3037154888
0.4484700000	0.2898377703
0.4491830000	0.2767409804
0.4498960000	0.2634846679
0.4506090000	0.2512390056
0.4513220000	0.2417657715
0.4520350000	0.2309940965
0.4527480000	0.2208997551
0.4534600000	0.2124324063
0.4541730000	0.2035736455
0.4548860000	0.1960774680
0.4555990000	0.1891090326
0.4563120000	0.1817126873
0.4570250000	0.1747852932
0.4577380000	0.1689444854
0.4584510000	0.1634316780
0.4591640000	0.1575764057
0.4598770000	0.1519875355
0.4605900000	0.1474358175
0.4613030000	0.1430110366
0.4620160000	0.1382090850
0.4627290000	0.1343039768
0.4634420000	0.1300213183
0.4641550000	0.1259231758
0.4648680000	0.1230232719
0.4655810000	0.1193679051
0.4662940000	0.1157828081
0.4670070000	0.1129051510
0.4677200000	0.1101165892
0.4684330000	0.1070093800
0.4691460000	0.1040342114
0.4698590000	0.1016298620
0.4705720000	0.0989489379
0.4712840000	0.0966917645
0.4719970000	0.0945767782
0.4727100000	0.0922059263
0.4734230000	0.0898967498
0.4741360000	0.0880597413
0.4748490000	0.0862520493
0.4755620000	0.0842159745
0.4762750000	0.0826171292
0.4769880000	0.0806876897
0.4777010000	0.0788548201
0.4784140000	0.0774003466
0.4791270000	0.0760199660
0.4798400000	0.0743715518
0.4805530000	0.0727892383
0.4812660000	0.0715896791
0.4819790000	0.0703732670
0.4826920000	0.0689126639
0.4834050000	0.0678588417
0.4841180000	0.0665135727
0.4848310000	0.0652172756
0.4855440000	0.0642090982
0.4862570000	0.0632749991
0.4869700000	0.0621094896
0.4876830000	0.0609433595
0.4883950000	0.0601266234
0.4891080000	0.0590660920
0.4898210000	0.0582255515
0.4905340000	0.0574685237
0.4912470000	0.0564939677
0.4919600000	0.0555478414
0.4926730000	0.0546256958
0.4933860000	0.0541584351
0.4940990000	0.0533002438
0.4948120000	0.0524484047
0.4955250000	0.0518396555
0.4962380000	0.0510606020
0.4969510000	0.0504537474
0.4976640000	0.0498916820
0.4983770000	0.0491456920
0.4990900000	0.0484344153
0.4998030000	0.0477432892
0.5005160000	0.0472541474
0.5012290000	0.0467442219
0.5019420000	0.0461057319
0.5026550000	0.0456558908
0.5033680000	0.0450367650
0.5040810000	0.0444497001
0.5047940000	0.0441861955
0.5055070000	0.0436101634
0.5062190000	0.0430583433
0.5069320000	0.0426885674
0.5076450000	0.0421637153
0.5083580000	0.0416529674
0.5090710000	0.0412793289
0.5097840000	0.0409494217
0.5104970000	0.0404728973
0.5112100000	0.0400001783
0.5119230000	0.0397010375
0.5126360000	0.0393789872
0.5133490000	0.0389380713
0.5140620000	0.0386534582
0.5147750000	0.0382448247
0.5154880000	0.0378375491
0.5162010000	0.0374408394
0.5169140000	0.0373017128
0.5176270000	0.0369233755
0.5183400000	0.0365548124
0.5190530000	0.0363138905
0.5197660000	0.0359627430
0.5204790000	0.0356193594
0.5211920000	0.0355002875
0.5219050000	0.0351618145
0.5226180000	0.0348540274
0.5233300000	0.0345309156
0.5240430000	0.0343305361
0.5247560000	0.0340295318
0.5254690000	0.0338288642
0.5261820000	0.0336438638
0.5268950000	0.0333586680
0.5276080000	0.0330823456
0.5283210000	0.0329061673
0.5290340000	0.0326416312
0.5297470000	0.0324631753
0.5304600000	0.0322080797
0.5311730000	0.0320600331
0.5318860000	0.0318091797
0.5325990000	0.0315636087
0.5333120000	0.0314244667
0.5340250000	0.0312737267
0.5347380000	0.0310395506
0.5354510000	0.0309133636
0.5361640000	0.0306918659
0.5368770000	0.0304774802
0.5375900000	0.0302631487
0.5383030000	0.0301496269
0.5390160000	0.0300185175
0.5397290000	0.0298164966
0.5404410000	0.0297073962
0.5411540000	0.0295155621
0.5418670000	0.0293285320
0.5425800000	0.0292233111
0.5432930000	0.0291089243
0.5440060000	0.0289362272
0.5447190000	0.0288375325
0.5454320000	0.0286630686
0.5461450000	0.0284986634
0.5468580000	0.0283347119
0.5475710000	0.0283091876
0.5482840000	0.0281500529
0.5489970000	0.0279961827
0.5497100000	0.0279133663
0.5504230000	0.0277608193
0.5511360000	0.0276209006
0.5518490000	0.0275425739
0.5525620000	0.0274570453
0.5532750000	0.0273179616
0.5539880000	0.0272497398
0.5547010000	0.0271142652
0.5554140000	0.0269806805
0.5561270000	0.0269171139
0.5568400000	0.0267935101
0.5575530000	0.0267171314
0.5582650000	0.0265946986
0.5589780000	0.0265394089
0.5596910000	0.0264202830
0.5604040000	0.0263018017
0.5611170000	0.0262525107
0.5618300000	0.0261885384
0.5625430000	0.0260780792
0.5632560000	0.0260269354
0.5639690000	0.0259229709
0.5646820000	0.0258205929
0.5653950000	0.0257708920
0.5661080000	0.0256739510
0.5668210000	0.0256221308
0.5675340000	0.0255764830
0.5682470000	0.0254843365
0.5689600000	0.0253921475
0.5696730000	0.0253525119
0.5703860000	0.0252605627
0.5710990000	0.0251765086
0.5718120000	0.0251824276
0.5725250000	0.0250954141
0.5732380000	0.0250150695
0.5739510000	0.0249822834
0.5746640000	0.0249001910
0.5753760000	0.0248218755
0.5760890000	0.0247948465
0.5768020000	0.0247196109
0.5775150000	0.0246814583
0.5782280000	0.0246568593
0.5789410000	0.0245865911
0.5796540000	0.0245144703
0.5803670000	0.0244926073
0.5810800000	0.0244254858
0.5817930000	0.0244021018
0.5825060000	0.0243749946
0.5832190000	0.0243117742
0.5839320000	0.0242907830
0.5846450000	0.0242302344
0.5853580000	0.0241720515
0.5860710000	0.0241535720
0.5867840000	0.0240972728
0.5874970000	0.0240752178
0.5882100000	0.0240593391
0.5889230000	0.0240061405
0.5896360000	0.0239925180
0.5903490000	0.0239419291
0.5910620000	0.0238908395
0.5917750000	0.0238806916
0.5924870000	0.0238327840
0.5932000000	0.0238516523
0.5939130000	0.0238061416
0.5946260000	0.0237622265
0.5953390000	0.0237547931
0.5960520000	0.0237124130
0.5967650000	0.0237041500
0.5974780000	0.0236651458
0.5981910000	0.0236258305
0.5989040000	0.0236478973
0.5996170000	0.0236111331
0.6003300000	0.0236068945
0.6010430000	0.0235716568
0.6017560000	0.0235690453
0.6024690000	0.0235347945
0.6031820000	0.0235031970
0.6038950000	0.0235030746
0.6046080000	0.0234963343
0.6053210000	0.0234973768
0.6060340000	0.0234684618
0.6067470000	0.0234698232
0.6074600000	0.0234425734
0.6081730000	0.0234449558
0.6088860000	0.0234197941
0.6095990000	0.0234240483
0.6103110000	0.0234228441
0.6110240000	0.0234277125
0.6117370000	0.0234057407
0.6124500000	0.0234117505
0.6131630000	0.0233911019
0.6138760000	0.0233975460
0.6145890000	0.0234064439
0.6153020000	0.0233877534
0.6160150000	0.0234175691
0.6167280000	0.0234002208
0.6174410000	0.0234104357
0.6181540000	0.0234207363
0.6188670000	0.0234060023
0.6195800000	0.0234171858
0.6202930000	0.0234292867
0.6210060000	0.0234411500
0.6217190000	0.0234730641
0.6224320000	0.0234619213
0.6231450000	0.0234754474
0.6238580000	0.0234897487
0.6245710000	0.0235273207
0.6252840000	0.0235423611
0.6259970000	0.0235581962
0.6267100000	0.0235971779
0.6274220000	0.0236592416
0.6281350000	0.0237269290
0.6288480000	0.0237215572
0.6295610000	0.0237164799
0.6302740000	0.0237121510
0.6309870000	0.0237080796
0.6317000000	0.0237042293
0.6324130000	0.0237020804
0.6331260000	0.0236996445
0.6338390000	0.0237136345
0.6345520000	0.0237123668
0.6352650000	0.0237117683
0.6359780000	0.0237124037
0.6366910000	0.0237127986
0.6374040000	0.0237146612
0.6381170000	0.0237164244
0.6388300000	0.0237196826
0.6395430000	0.0237230395
0.6402560000	0.0237409964
0.6409690000	0.0237457680
0.6416820000	0.0237509861
0.6423950000	0.0237573879
0.6431080000	0.0237640914
0.6438210000	0.0237716909
0.6445340000	0.0237797085
0.6452460000	0.0237890393
0.6459590000	0.0237986213
0.6466720000	0.0238210027
0.6473850000	0.0238320773
0.6480980000	0.0238437003
0.6488110000	0.0238563280
0.6495240000	0.0238694111
0.6502370000	0.0238833021
0.6509500000	0.0238980549
0.6516630000	0.0239138309
0.6523760000	0.0239297393
0.6530890000	0.0239573727
0.6538020000	0.0239748266
0.6545150000	0.0239929829
0.6552280000	0.0240124265
0.6559410000	0.0240324094
0.6566540000	0.0240531419
0.6573670000	0.0240744526
0.6580800000	0.0240970105
0.6587930000	0.0241200848
0.6595060000	0.0241438788
0.6602190000	0.0241771903
0.6609320000	0.0242024776
0.6616450000	0.0242285338
0.6623570000	0.0242556749
0.6630700000	0.0242834196
0.6637830000	0.0243121067
0.6644960000	0.0243413372
0.6652090000	0.0243717961
0.6659220000	0.0244029532
0.6666350000	0.0244419642
0.6673480000	0.0244744415
0.6680610000	0.0245080757
0.6687740000	0.0245424207
0.6694870000	0.0245775829
0.6702000000	0.0246135367
0.6709130000	0.0246505642
0.6716260000	0.0246884741
0.6723390000	0.0247270095
0.6730520000	0.0247665463
0.6737650000	0.0248124701
0.6744780000	0.0248536278
0.6751910000	0.0248955617
0.6759040000	0.0249385986
0.6766170000	0.0249825340
0.6773300000	0.0250273943
0.6780430000	0.0250730299
0.6787560000	0.0251195761
0.6794680000	0.0251671853
0.6801810000	0.0252157227
0.6808940000	0.0252689676
0.6816070000	0.0253188002
0.6823200000	0.0253700134
0.6830330000	0.0254223205
0.6837460000	0.0254755433
0.6844590000	0.0255294691
0.6851720000	0.0255842528
0.6858850000	0.0256404553
0.6865980000	0.0256974465
0.6873110000	0.0257555529
0.6880240000	0.0258165037
0.6887370000	0.0258761607
0.6894500000	0.0259371708
0.6901630000	0.0259990085
0.6908760000	0.0260621732
0.6915890000	0.0261257686
0.6923020000	0.0261907385
0.6930150000	0.0262567758
0.6937280000	0.0263239809
0.6944410000	0.0263920843
0.6951540000	0.0264612309
0.6958670000	0.0265316083
0.6965800000	0.0266030605
0.6972920000	0.0266754253
0.6980050000	0.0267488914
0.6987180000	0.0268234708
0.6994310000	0.0268989441
0.7001440000	0.0269758703
0.7008570000	0.0270540471
0.7015700000	0.0271330737
0.7022830000	0.0272135748
0.7029960000	0.0272945272
0.7037090000	0.0273756625
0.7044220000	0.0274596169
0.7051350000	0.0275445297
0.7058480000	0.0276304607
0.7065610000	0.0277176014
0.7072740000	0.0278061344
0.7079870000	0.0278961596
0.7087000000	0.0279873788
0.7094130000	0.0280795661
0.7101260000	0.0281733538
0.7108390000	0.0282644499
0.7115520000	0.0283606904
0.7122650000	0.0284580482
0.7129780000	0.0285567933
0.7136910000	0.0286569846
0.7144030000	0.0287582845
0.7151160000	0.0288607679
0.7158290000	0.0289652202
0.7165420000	0.0290706708
0.7172550000	0.0291780971
0.7179680000	0.0292866506
0.7186810000	0.0293963216
0.7193940000	0.0295015067
0.7201070000	0.0296143900
0.7208200000	0.0297285073
0.7215330000	0.0298443387
0.7222460000	0.0299611146
0.7229590000	0.0300802974
0.7236720000	0.0302001697
0.7243850000	0.0303221857
0.7250980000	0.0304456910
0.7258110000	0.0305706270
0.7265240000	0.0306971988
0.7272370000	0.0308175931
0.7279500000	0.0309470617
0.7286630000	0.0310783397
0.7293760000	0.0312116618
0.7300890000	0.0313464383
0.7308020000	0.0314833050
0.7315150000	0.0316217168
0.7322270000	0.0317616253
0.7329400000	0.0319034924
0.7336530000	0.0320475520
0.7343660000	0.0321931194
0.7350790000	0.0323406307
0.7357920000	0.0324797410
0.7365050000	0.0326302228
0.7372180000	0.0327830947
0.7379310000	0.0329381524
0.7386440000	0.0330952981
0.7393570000	0.0332545688
0.7400700000	0.0334157270
0.7407830000	0.0335785775
0.7414960000	0.0337436252
0.7422090000	0.0339111418
0.7429220000	0.0340811730
0.7436350000	0.0342523690
0.7443480000	0.0344125594
0.7450610000	0.0345885785
0.7457740000	0.0347661511
0.7464870000	0.0349468006
0.7472000000	0.0351300130
0.7479130000	0.0353148827
0.7486260000	0.0355025447
0.7493380000	0.0356927086
0.7500510000	0.0358847521
0.7507640000	0.0360795429
0.7514770000	0.0362771596
0.7521900000	0.0364772124
0.7529030000	0.0366628544
0.7536160000	0.0368678764
0.7543290000	0.0370750978
0.7550420000	0.0372854538
0.7557550000	0.0374983622
0.7564680000	0.0377146048
0.7571810000	0.0379333768
0.7578940000	0.0381552125
0.7586070000	0.0383800022
0.7593200000	0.0386070579
0.7600330000	0.0388374113
0.7607460000	0.0390711110
0.7614590000	0.0392867196
0.7621720000	0.0395269295
0.7628850000	0.0397696268
0.7635980000	0.0400154447
0.7643110000	0.0402641145
0.7650240000	0.0405164177
0.7657370000	0.0407729126
0.7664490000	0.0410328021
0.7671620000	0.0412959737
0.7678750000	0.0415623856
0.7685880000	0.0418317097
0.7693010000	0.0421058582
0.7700140000	0.0423833722
0.7707270000	0.0426391547
0.7714400000	0.0429248411
0.7721530000	0.0432129725
0.7728660000	0.0435055181
0.7735790000	0.0438020039
0.7742920000	0.0441032937
0.7750050000	0.0444087788
0.7757180000	0.0447181924
0.7764310000	0.0450325067
0.7771440000	0.0453506656
0.7778570000	0.0456725856
0.7785700000	0.0460000185
0.7792830000	0.0463316003
0.7799960000	0.0466372315
0.7807090000	0.0469785839
0.7814220000	0.0473246389
0.7821350000	0.0476750824
0.7828480000	0.0480306846
0.7835610000	0.0483914561
0.7842730000	0.0487583288
0.7849860000	0.0491302571
0.7856990000	0.0495077510
0.7864120000	0.0498911525
0.7871250000	0.0502783291
0.7878380000	0.0506724476
0.7885510000	0.0510728379
0.7892640000	0.0514783009
0.7899770000	0.0518518173
0.7906900000	0.0522701715
0.7914030000	0.0526932452
0.7921160000	0.0531243022
0.7928290000	0.0535606312
0.7935420000	0.0540047279
0.7942550000	0.0544553667
0.7949680000	0.0549126270
0.7956810000	0.0553782311
0.7963940000	0.0558500586
0.7971070000	0.0563280221
0.7978200000	0.0568155272
0.7985330000	0.0573093171
0.7992460000	0.0577638186
0.7999590000	0.0582744145
0.8006720000	0.0587921403
0.8013840000	0.0593177536
0.8020970000	0.0598526127
0.8028100000	0.0603946553
0.8035230000	0.0609475643
0.8042360000	0.0615084834
0.8049490000	0.0620786343
0.8056620000	0.0626590296
0.8063750000	0.0632476168
0.8070880000	0.0638464459
0.8078010000	0.0644565735
0.8085140000	0.0650753937
0.8092270000	0.0656462354
0.8099400000	0.0662946740
0.8106530000	0.0669561446
0.8113660000	0.0676287008
0.8120790000	0.0683134498
0.8127920000	0.0690086172
0.8135050000	0.0697180714
0.8142180000	0.0704403860
0.8149310000	0.0711736647
0.8156440000	0.0719224342
0.8163570000	0.0726842122
0.8170700000	0.0734588301
0.8177830000	0.0742487453
0.8184950000	0.0750529985
0.8192080000	0.0758723212
0.8199210000	0.0766322691
0.8206340000	0.0774806897
0.8213470000	0.0783452811
0.8220600000	0.0792279346
0.8227730000	0.0801268595
0.8234860000	0.0810426289
0.8241990000	0.0819770421
0.8249120000	0.0829288552
0.8256250000	0.0838998720
0.8263380000	0.0848896841
0.8270510000	0.0858991026
0.8277640000	0.0869300131
0.8284770000	0.0879808327
0.8291900000	0.0890524949
0.8299030000	0.0900506972
0.8306160000	0.0911654705
0.8313290000	0.0923030529
0.8320420000	0.0934637033
0.8327550000	0.0946509529
0.8334680000	0.0958613701
0.8341810000	0.0970978786
0.8348940000	0.0983629010
0.8356070000	0.0996534223
0.8363190000	0.1009719630
0.8370320000	0.1023185823
0.8377450000	0.1036952328
0.8384580000	0.1051030246
0.8391710000	0.1065446636
0.8398840000	0.1080133874
0.8405970000	0.1093940055
0.8413100000	0.1109324545
0.8420230000	0.1125045745
0.8427360000	0.1141097976
0.8434490000	0.1157564608
0.8441620000	0.1174422492
0.8448750000	0.1191697585
0.8455880000	0.1209360800
0.8463010000	0.1227448533
0.8470140000	0.1245980809
0.8477270000	0.1264964171
0.8484400000	0.1284392511
0.8491530000	0.1304355553
0.8498660000	0.1324801102
0.8505790000	0.1345741983
0.8512920000	0.1365550223
0.8520050000	0.1387571084
0.8527180000	0.1410149317
0.8534300000	0.1433294881
0.8541430000	0.1457083791
0.8548560000	0.1481509247
0.8555690000	0.1506579736
0.8562820000	0.1532370105
0.8569950000	0.1558841737
0.8577080000	0.1586015849
0.8584210000	0.1613995928
0.8591340000	0.1642715330
0.8598470000	0.1672219911
0.8605600000	0.1702649919
0.8612730000	0.1733968904
0.8619860000	0.1766160780
0.8626990000	0.1796935223
0.8634120000	0.1830992332
0.8641250000	0.1866118062
0.8648380000	0.1902270109
0.8655510000	0.1939560601
0.8662640000	0.1977995082
0.8669770000	0.2017653191
0.8676900000	0.2058606663
0.8684030000	0.2100839847
0.8691160000	0.2144462232
0.8698290000	0.2189473069
0.8705420000	0.2235984556
0.8712540000	0.2284029698
0.8719670000	0.2333709217
0.8726800000	0.2385174551
0.8733930000	0.2438323333
0.8741060000	0.2489787484
0.8748190000	0.2546713560
0.8755320000	0.2605687286
0.8762450000	0.2666705800
0.8769580000	0.2730040566
0.8776710000	0.2795730933
0.8783840000	0.2863881685
0.8790970000	0.2934722699
0.8798100000	0.3008257369
0.8805230000	0.3084676177
0.8812360000	0.3164111493
0.8819490000	0.3246775270
0.8826620000	0.3332749088
0.8833750000	0.3422271783
0.8840880000	0.3515606866
0.8848010000	0.3612862437
0.8855140000	0.3714364810
0.8862270000	0.3814275862
0.8869400000	0.3924721664
0.8876530000	0.4040066122
0.8883650000	0.4160736933
0.8890780000	0.4287123921
0.8897910000	0.4419355148
0.8905040000	0.4557830003
0.8912170000	0.4703285257
0.8919300000	0.4855930199
0.8926430000	0.5016227432
0.8933560000	0.5184747862
0.8940690000	0.5362019498
0.8947820000	0.5548609370
0.8954950000	0.5745410029
0.8962080000	0.5953098003
0.8969210000	0.6172174160
0.8976340000	0.6403895750
0.8983470000	0.6637364442
0.8990600000	0.6896778255
0.8997730000	0.7171616549
0.9004860000	0.7463486033
0.9011990000	0.7773922852
0.9019120000	0.8104240780
0.9026250000	0.8456199367
0.9033380000	0.8832222835
0.9040510000	0.9233772927
0.9047640000	0.9663723830
0.9054760000	1.0124659911
0.9061890000	1.0619672911
0.9069020000	1.1152023856
0.9076150000	1.1725777079
0.9083280000	1.2345366563
0.9090410000	1.3015646985
0.9097540000	1.3741792977
0.9104670000	1.4500971990
0.9111800000	1.5358565360
0.9118930000	1.6294722739
0.9126060000	1.7318441300
0.9133190000	1.8442157488
0.9140320000	1.9679030635
0.9147450000	2.1044374017
0.9154580000	2.2555998194
0.9161710000	2.4236441960
0.9168840000	2.6110683311
0.9175970000	2.8209367418
0.9183100000	3.0568853522
0.9190230000	3.3235059857
0.9197360000	3.6260654865
0.9204490000	3.9711899288
0.9211620000	4.3673319977
0.9218750000	4.8246837709
0.9225880000	5.3557666025
0.9233000000	5.9614929405
0.9240130000	6.6918800392
0.9247260000	7.5600451790
0.9254390000	8.6003258959
0.9261520000	9.8591939302
0.9268650000	11.3975871988
0.9275780000	13.2960972853
0.9282910000	15.6622396985
0.9290040000	18.6393680386
0.9297170000	22.4109600169
0.9304300000	27.1987969365
0.9311430000	33.2421050793
0.9318560000	40.6926217281
0.9325690000	49.3949575608
0.9332820000	58.4949340490
0.9339950000	66.1040848791
0.9347080000	69.7167774540
0.9354210000	67.8216054338
0.9361340000	61.2329526592
0.9368470000	52.5050024794
0.9375600000	43.4816299555
0.9382730000	35.5376240125
0.9389860000	29.0115895370
0.9396990000	23.8182269863
0.9404110000	19.7300394323
0.9411240000	16.5124402811
0.9418370000	13.9643840697
0.9425500000	11.9298485274
0.9432630000	10.2892835222
0.9439760000	8.9534897252
0.9446890000	7.8553185515
0.9454020000	6.9443094808
0.9461150000	6.1821767001
0.9468280000	5.5396855711
0.9475410000	4.9944694417
0.9482540000	4.5291179910
0.9489670000	4.1299634314
0.9496800000	3.7863903673
0.9503930000	3.4890247002
0.9511060000	3.2329955123
0.9518190000	3.0124403906
0.9525320000	2.8233947834
0.9532450000	2.6629852709
0.9539580000	2.5292870206
0.9546710000	2.4211481032
0.9553840000	2.3381768262
0.9560970000	2.2806915929
0.9568100000	2.2491896053
0.9575230000	2.2437653833
0.9582350000	2.2626332025
0.9589480000	2.2997153994
0.9596610000	2.3419029066
0.9603740000	2.3681585048
0.9610870000	2.3542978997
0.9618000000	2.2843817990
0.9625130000	2.1604372107
0.9632260000	2.0006006689
0.9639390000	1.8269560281
0.9646520000	1.6596349337
0.9653650000	1.5073633731
0.9660780000	1.3734410408
0.9667910000	1.2575750512
0.9675040000	1.1578220420
0.9682170000	1.0717979231
0.9689300000	0.9971921923
0.9696430000	0.9320743044
0.9703560000	0.8748060911
0.9710690000	0.8240418230
0.9717820000	0.7786959933
0.9724950000	0.7379348592
0.9732080000	0.7010580189
0.9739210000	0.6675159571
0.9746340000	0.6368262405
0.9753460000	0.6086480127
0.9760590000	0.5826475178
0.9767720000	0.5585792160
0.9774850000	0.5362113962
0.9781980000	0.5153684524
0.9789110000	0.4953648911
0.9796240000	0.4771364649
0.9803370000	0.4600091345
0.9810500000	0.4438972987
0.9817630000	0.4287038250
0.9824760000	0.4143644124
0.9831890000	0.4007990461
0.9839020000	0.3879477203
0.9846150000	0.3757618473
0.9853280000	0.3641858509
0.9860410000	0.3531710619
0.9867540000	0.3426869163
0.9874670000	0.3326925536
0.9881800000	0.3231584057
0.9888930000	0.3140514894
0.9896060000	0.3053405206
0.9903190000	0.2970159457
0.9910320000	0.2890454316
0.9917450000	0.2814055193
0.9924570000	0.2740756140
0.9931700000	0.2667095732
0.9938830000	0.2599600185
0.9945960000	0.2534800990
0.9953090000	0.2472433597
0.9960220000	0.2412407492
0.9967350000	0.2354733062
0.9974480000	0.2299110304
0.9981610000	0.2245517874
0.9988740000	0.2193822604
0.9995870000	0.2143996085
1.0003000000	0.2095922271
1.0010100000	0.2049496032
1.0017300000	0.2004621611
1.0024400000	0.1961261580
1.0031500000	0.1919338686
1.0038600000	0.1878797330
1.0045800000	0.1839539070
1.0052900000	0.1801574396
1.0060000000	0.1764844504
1.0067200000	0.1729218774
1.0074300000	0.1694702566
1.0081400000	0.1661236453
1.0088600000	0.1626621287
1.0095700000	0.1595176028
1.0102800000	0.1564663976
1.0109900000	0.1535017895
1.0117100000	0.1506221313
1.0124200000	0.1478303065
1.0131300000	0.1451170456
1.0138500000	0.1424799756
1.0145600000	0.1399165799
1.0152700000	0.1374274427
1.0159900000	0.1350018325
1.0167000000	0.1326440472
1.0174100000	0.1303496402
1.0181200000	0.1281148696
1.0188400000	0.1259408728
1.0195500000	0.1238232655
1.0202600000	0.1217612624
1.0209800000	0.1197516904
1.0216900000	0.1177931677
1.0224000000	0.1158854508
1.0231100000	0.1140247664
1.0238300000	0.1122099855
1.0245400000	0.1102916712
1.0252500000	0.1085666675
1.0259700000	0.1068838808
1.0266800000	0.1052405662
1.0273900000	0.1036367112
1.0281100000	0.1020711824
1.0288200000	0.1005427698
1.0295300000	0.0990493719
1.0302400000	0.0975898520
1.0309600000	0.0961650966
1.0316700000	0.0947745045
1.0323800000	0.0934149117
1.0331000000	0.0920852115
1.0338100000	0.0907849583
1.0345200000	0.0895139456
1.0352400000	0.0882719876
1.0359500000	0.0870556961
1.0366600000	0.0858650519
1.0373700000	0.0847022812
1.0380900000	0.0835640263
1.0388000000	0.0824491057
1.0395100000	0.0813571578
1.0402300000	0.0802893200
1.0409400000	0.0791389129
1.0416500000	0.0781145889
1.0423600000	0.0771125729
1.0430800000	0.0761302198
1.0437900000	0.0751672385
1.0445000000	0.0742244302
1.0452200000	0.0733020376
1.0459300000	0.0723967791
1.0466400000	0.0715100230
1.0473600000	0.0706404198
1.0480700000	0.0697882022
1.0487800000	0.0689513595
1.0494900000	0.0681312014
1.0502100000	0.0673270279
1.0509200000	0.0665386704
1.0516300000	0.0657658511
1.0523500000	0.0650077583
1.0530600000	0.0642635249
1.0537700000	0.0635330958
1.0544800000	0.0628154035
1.0552000000	0.0621125298
1.0559100000	0.0614235454
1.0566200000	0.0607439433
1.0573400000	0.0600068654
1.0580500000	0.0593530024
1.0587600000	0.0587114234
1.0594800000	0.0580814759
1.0601900000	0.0574617981
1.0609000000	0.0568536225
1.0616100000	0.0562563694
1.0623300000	0.0556694569
1.0630400000	0.0550937859
1.0637500000	0.0545270956
1.0644700000	0.0539707559
1.0651800000	0.0534231065
1.0658900000	0.0528861947
1.0666100000	0.0523584878
1.0673200000	0.0518376335
1.0680300000	0.0513270125
1.0687400000	0.0508251202
1.0694600000	0.0503302470
1.0701700000	0.0498426610
1.0708800000	0.0493627230
1.0716000000	0.0488927084
1.0723100000	0.0484293674
1.0730200000	0.0479730733
1.0737300000	0.0475227693
1.0744500000	0.0470788418
1.0751600000	0.0465926832
1.0758700000	0.0461600987
1.0765900000	0.0457337177
1.0773000000	0.0453128713
1.0780100000	0.0448959657
1.0787300000	0.0444829558
1.0794400000	0.0440746015
1.0801500000	0.0436672373
1.0808600000	0.0432607065
1.0815800000	0.0428549398
1.0822900000	0.0424493523
1.0830000000	0.0420419735
1.0837200000	0.0416299427
1.0844300000	0.0412133902
1.0851400000	0.0407827259
1.0858600000	0.0403355194
1.0865700000	0.0398634677
1.0872800000	0.0393581179
1.0879900000	0.0388067810
1.0887100000	0.0381969616
1.0894200000	0.0375102450
1.0901300000	0.0367289779
1.0908500000	0.0358287906
1.0915600000	0.0348045663
1.0922700000	0.0336271046
1.0929800000	0.0324053964
1.0937000000	0.0312309609
1.0944100000	0.0303165319
1.0951200000	0.0299714021
1.0958400000	0.0304542338
1.0965500000	0.0318031932
1.0972600000	0.0337127484
1.0979800000	0.0356613914
1.0986900000	0.0371780242
1.0994000000	0.0380793053
1.1001100000	0.0384040548
1.1008300000	0.0383175498
1.1015400000	0.0379725086
1.1022500000	0.0374988676
1.1029700000	0.0369836362
1.1036800000	0.0364673235
1.1043900000	0.0359723768
1.1051100000	0.0355092831
1.1058200000	0.0350787294
1.1065300000	0.0346815217
1.1072400000	0.0343143416
1.1079600000	0.0339734644
1.1086700000	0.0336562678
1.1093800000	0.0333599153
1.1101000000	0.0330781283
1.1108100000	0.0328141371
1.1115200000	0.0325637298
1.1122300000	0.0323248193
1.1129500000	0.0320961828
1.1136600000	0.0318792054
1.1143700000	0.0316690705
1.1150900000	0.0314677689
1.1158000000	0.0312720968
1.1165100000	0.0310833280
1.1172300000	0.0308995480
1.1179400000	0.0307216914
1.1186500000	0.0305496997
1.1193600000	0.0303824259
1.1200800000	0.0302201073
1.1207900000	0.0300637909
1.1215000000	0.0299087200
1.1222200000	0.0297581566
1.1229300000	0.0296107224
1.1236400000	0.0294671061
1.1243500000	0.0293272283
1.1250700000	0.0291912688
1.1257800000	0.0290593096
1.1264900000	0.0289301727
1.1272100000	0.0288040320
1.1279200000	0.0287040380
1.1286300000	0.0285833316
1.1293500000	0.0284651755
1.1300600000	0.0283503704
1.1307700000	0.0282388851
1.1314800000	0.0281319612
1.1322000000	0.0280253284
1.1329100000	0.0279219320
1.1336200000	0.0278213533
1.1343400000	0.0277220962
1.1350500000	0.0276281072
1.1357600000	0.0275348379
1.1364800000	0.0274452810
1.1371900000	0.0273583005
1.1379000000	0.0272752923
1.1386100000	0.0271938719
1.1393300000	0.0271158167
1.1400400000	0.0270387908
1.1407500000	0.0269667041
1.1414700000	0.0268963233
1.1421800000	0.0268304942
1.1428900000	0.0267656822
1.1436000000	0.0267026265
1.1443200000	0.0266430355
1.1450300000	0.0265866123
1.1457400000	0.0265299142
1.1464600000	0.0264774443
1.1471700000	0.0264846514
1.1478800000	0.0264384267
1.1486000000	0.0263949108
1.1493100000	0.0263549203
1.1500200000	0.0263158226
1.1507300000	0.0262805577
1.1514500000	0.0262466226
1.1521600000	0.0262145974
1.1528700000	0.0261889162
1.1535900000	0.0261645919
1.1543000000	0.0261434195
1.1550100000	0.0261244102
1.1557300000	0.0261092361
1.1564400000	0.0260956633
1.1571500000	0.0260882126
1.1578600000	0.0260799782
1.1585800000	0.0260758170
1.1592900000	0.0260750752
1.1600000000	0.0260783655
1.1607200000	0.0260835296
1.1614300000	0.0260926826
1.1621400000	0.0261027688
1.1628500000	0.0261164492
1.1635700000	0.0261355111
1.1642800000	0.0261580613
1.1649900000	0.0261824622
1.1657100000	0.0262101650
1.1664200000	0.0263422355
1.1671300000	0.0263756285
1.1678500000	0.0264095596
1.1685600000	0.0264487198
1.1692700000	0.0264872117
1.1699800000	0.0265302250
1.1707000000	0.0265742126
1.1714100000	0.0266245113
1.1721200000	0.0266738263
1.1728400000	0.0267270483
1.1735500000	0.0267814887
1.1742600000	0.0268376497
1.1749700000	0.0268950129
1.1756900000	0.0269554009
1.1764000000	0.0270156979
1.1771100000	0.0270799445
1.1778300000	0.0271437081
1.1785400000	0.0272048558
1.1792500000	0.0272664713
1.1799700000	0.0273257778
1.1806800000	0.0273845797
1.1813900000	0.0274351975
1.1821000000	0.0274753175
1.1828200000	0.0275171331
1.1835300000	0.0275486449
1.1842400000	0.0275687131
1.1849600000	0.0275804405
1.1856700000	0.0275730888
1.1863800000	0.0276424674
1.1871000000	0.0275882713
1.1878100000	0.0275075605
1.1885200000	0.0273940112
1.1892300000	0.0272399489
1.1899500000	0.0270498082
1.1906600000	0.0267979342
1.1913700000	0.0264967738
1.1920900000	0.0261120322
1.1928000000	0.0256453225
1.1935100000	0.0250845577
1.1942200000	0.0244089315
1.1949400000	0.0235870296
1.1956500000	0.0226022427
1.1963600000	0.0214330134
1.1970800000	0.0200188627
1.1977900000	0.0183488897
1.1985000000	0.0163502769
1.1992200000	0.0139603177
1.1999300000	0.0110925670
1.2006400000	0.0076736455
1.2013500000	0.0035774287
1.2020700000	0.0002395103
1.2213200000	0.0063356453
1.2220300000	0.2595376054
1.2227400000	0.4388402108
1.2234600000	0.5472501808
1.2241700000	0.5978380790
1.2248800000	0.6070374265
1.2256000000	0.5896918727
1.2263100000	0.5570236636
1.2270200000	0.5171111604
1.2277300000	0.4746984502
1.2284500000	0.4483263284
1.2291600000	0.4072696457
1.2298700000	0.3695721869
1.2305900000	0.3354094014
1.2313000000	0.3048190142
1.2320100000	0.2775997522
1.2327200000	0.2534744930
1.2334400000	0.2320646851
1.2341500000	0.2131378290
1.2348600000	0.1964034973
1.2355800000	0.1816310006
1.2362900000	0.1685931966
1.2370000000	0.1570078748
1.2377200000	0.1467676072
1.2384300000	0.1376937556
1.2391400000	0.1296701415
1.2398500000	0.1225687128
1.2405700000	0.1163459415
1.2412800000	0.1108467915
1.2419900000	0.1060250107
1.2427100000	0.1018213019
1.2434200000	0.0981927108
1.2441300000	0.0951020020
1.2448400000	0.0925269352
1.2455600000	0.0904386850
1.2462700000	0.0888161288
1.2469800000	0.0876567293
1.2477000000	0.0869556344
1.2484100000	0.0867298874
1.2491200000	0.0870091308
1.2498400000	0.0878035183
1.2505500000	0.0891580869
1.2512600000	0.0924101543
1.2519700000	0.0949729845
1.2526900000	0.0982780707
1.2534000000	0.1024199504
1.2541100000	0.1075085682
1.2548300000	0.1136532767
1.2555400000	0.1209822389
1.2562500000	0.1296107223
1.2569700000	0.1396504279
1.2576800000	0.1511319117
1.2583900000	0.1639934716
1.2591000000	0.1779738762
1.2598200000	0.1925296096
1.2605300000	0.2067775537
1.2612400000	0.2194578426
1.2619600000	0.2290777663
1.2626700000	0.2342155958
1.2633800000	0.2339241507
1.2640900000	0.2280710740
1.2648100000	0.2173953331
1.2655200000	0.2032442660
1.2662300000	0.1871584087
1.2669500000	0.1705108228
1.2676600000	0.1543138406
1.2683700000	0.1391998515
1.2690900000	0.1254838022
1.2698000000	0.1132591500
1.2705100000	0.1024874635
1.2712200000	0.0930576967
1.2719400000	0.0848282018
1.2726500000	0.0776506047
1.2733600000	0.0713843866
1.2740800000	0.0662001063
1.2747900000	0.0613810686
1.2755000000	0.0571393606
1.2762200000	0.0533913873
1.2769300000	0.0500679583
1.2776400000	0.0471109057
1.2783500000	0.0444683807
1.2790700000	0.0420991970
1.2797800000	0.0399673558
1.2804900000	0.0380415856
1.2812100000	0.0362970286
1.2819200000	0.0347120472
1.2826300000	0.0332679943
1.2833400000	0.0319461695
1.2840600000	0.0307342090
1.2847700000	0.0296201323
1.2854800000	0.0285933746
1.2862000000	0.0276449624
1.2869100000	0.0267674081
1.2876200000	0.0259521895
1.2883400000	0.0251943736
1.2890500000	0.0244879901
1.2897600000	0.0238277310
1.2904700000	0.0232103347
1.2911900000	0.0226319467
1.2919000000	0.0220897075
1.2926100000	0.0215797077
1.2933300000	0.0210992014
1.2940400000	0.0206459298
1.2947500000	0.0202180289
1.2954700000	0.0198135204
1.2961800000	0.0194308781
1.2968900000	0.0190687515
1.2976000000	0.0187249655
1.2983200000	0.0185310781
1.2990300000	0.0182171937
1.2997400000	0.0179179299
1.3004600000	0.0176329295
1.3011700000	0.0173612791
1.3018800000	0.0171021540
1.3025900000	0.0168539895
1.3033100000	0.0166173943
1.3040200000	0.0163904858
1.3047300000	0.0161730492
1.3054500000	0.0159646779
1.3061600000	0.0157650777
1.3068700000	0.0155736573
1.3075900000	0.0153898286
1.3083000000	0.0152127930
1.3090100000	0.0150426183
1.3097200000	0.0148791428
1.3104400000	0.0147218642
1.3111500000	0.0145703372
1.3118600000	0.0144247365
1.3125800000	0.0142841405
1.3132900000	0.0141485125
1.3140000000	0.0140174486
1.3147100000	0.0138908543
1.3154300000	0.0137687156
1.3161400000	0.0136508763
1.3168500000	0.0135370120
1.3175700000	0.0134268652
1.3182800000	0.0133203430
1.3189900000	0.0132171341
1.3197100000	0.0131172585
1.3204200000	0.0130206079
1.3211300000	0.0129271502
1.3218400000	0.0128368415
1.3225600000	0.0127493581
1.3232700000	0.0127333095
1.3239800000	0.0126494821
1.3247000000	0.0125681905
1.3254100000	0.0124893435
1.3261200000	0.0124127721
1.3268400000	0.0123388254
1.3275500000	0.0122668573
1.3282600000	0.0121972342
1.3289700000	0.0121293517
1.3296900000	0.0120635644
1.3304000000	0.0119996030
1.3311100000	0.0119374992
1.3318300000	0.0118773571
1.3325400000	0.0118191618
1.3332500000	0.0117622970
1.3339600000	0.0117070653
1.3346800000	0.0116534375
1.3353900000	0.0116015328
1.3361000000	0.0115510082
1.3368200000	0.0115019742
1.3375300000	0.0114544319
1.3382400000	0.0114082286
1.3389600000	0.0113633414
1.3396700000	0.0113196148
1.3403800000	0.0112771570
1.3410900000	0.0112359773
1.3418100000	0.0111959512
1.3425200000	0.0111571905
1.3432300000	0.0111196604
1.3439500000	0.0110831014
1.3446600000	0.0110475722
1.3453700000	0.0110131168
1.3460900000	0.0109796908
1.3468000000	0.0109473295
1.3475100000	0.0109159936
1.3482200000	0.0108856432
1.3489400000	0.0108562745
1.3496500000	0.0108667978
1.3503600000	0.0108384424
1.3510800000	0.0108109817
1.3517900000	0.0107843695
1.3525000000	0.0107586533
1.3532100000	0.0107339541
1.3539300000	0.0107099061
1.3546400000	0.0106868664
1.3553500000	0.0106644730
1.3560700000	0.0106429067
1.3567800000	0.0106220914
1.3574900000	0.0106020262
1.3582100000	0.0105827918
1.3589200000	0.0105643988
1.3596300000	0.0105465812
1.3603400000	0.0105294791
1.3610600000	0.0105131023
1.3617700000	0.0104974807
1.3624800000	0.0104825078
1.3632000000	0.0104682217
1.3639100000	0.0104547177
1.3646200000	0.0104417647
1.3653400000	0.0104295511
1.3660500000	0.0104179614
1.3667600000	0.0104069817
1.3674700000	0.0103966440
1.3681900000	0.0103869475
1.3689000000	0.0103779243
1.3696100000	0.0103695303
1.3703300000	0.0103617160
1.3710400000	0.0103545306
1.3717500000	0.0103479455
1.3724600000	0.0103419397
1.3731800000	0.0103365314
1.3738900000	0.0103317479
1.3746000000	0.0103275798
1.3753200000	0.0103239964
1.3760300000	0.0103210062
1.3767400000	0.0103423689
1.3774600000	0.0103401208
1.3781700000	0.0103384641
1.3788800000	0.0103373759
1.3795900000	0.0103369027
1.3803100000	0.0103370496
1.3810200000	0.0103377347
1.3817300000	0.0103390137
1.3824500000	0.0103408863
1.3831600000	0.0103433299
1.3838700000	0.0103463301
1.3845800000	0.0103499302
1.3853000000	0.0103540978
1.3860100000	0.0103588999
1.3867200000	0.0103643020
1.3874400000	0.0103702229
1.3881500000	0.0103767980
1.3888600000	0.0103839166
1.3895800000	0.0103916314
1.3902900000	0.0103999025
1.3910000000	0.0104088256
1.3917100000	0.0104183237
1.3924300000	0.0104284482
1.3931400000	0.0104391369
1.3938500000	0.0104504746
1.3945700000	0.0104624022
1.3952800000	0.0104749705
1.3959900000	0.0104881471
1.3967100000	0.0105019601
1.3974200000	0.0105164169
1.3981300000	0.0105315017
1.3988400000	0.0105472374
1.3995600000	0.0105636258
1.4002700000	0.0105806815
1.4009800000	0.0105983877
1.4017000000	0.0106167672
1.4024100000	0.0106358189
1.4031200000	0.0106555324
1.4038300000	0.0106759496
1.4045500000	0.0106970853
1.4052600000	0.0107338404
1.4059700000	0.0107561930
1.4066900000	0.0107792910
1.4074000000	0.0108031401
1.4081100000	0.0108277714
1.4088300000	0.0108531253
1.4095400000	0.0108792606
1.4102500000	0.0109062047
1.4109600000	0.0109339550
1.4116800000	0.0109625003
1.4123900000	0.0109918982
1.4131000000	0.0110221593
1.4138200000	0.0110532581
1.4145300000	0.0110851959
1.4152400000	0.0111180593
1.4159600000	0.0111518191
1.4166700000	0.0111865250
1.4173800000	0.0112220750
1.4180900000	0.0112586606
1.4188100000	0.0112961981
1.4195200000	0.0113347707
1.4202300000	0.0113743342
1.4209500000	0.0114149428
1.4216600000	0.0114566662
1.4223700000	0.0114994120
1.4230800000	0.0115432887
1.4238000000	0.0115883701
1.4245100000	0.0116345531
1.4252200000	0.0116819556
1.4259400000	0.0117305620
1.4266500000	0.0117804096
1.4273600000	0.0118314817
1.4280800000	0.0118839084
1.4287900000	0.0119376660
1.4295000000	0.0119928461
1.4302100000	0.0120494171
1.4309300000	0.0121074242
1.4316400000	0.0121668401
1.4323500000	0.0122278091
1.4330700000	0.0122903259
1.4337800000	0.0123544971
1.4344900000	0.0124299383
1.4352100000	0.0124973198
1.4359200000	0.0125664642
1.4366300000	0.0126374705
1.4373400000	0.0127103014
1.4380600000	0.0127850610
1.4387700000	0.0128617022
1.4394800000	0.0129404834
1.4402000000	0.0130213386
1.4409100000	0.0131043417
1.4416200000	0.0131896137
1.4423300000	0.0132772706
1.4430500000	0.0133672595
1.4437600000	0.0134597339
1.4444700000	0.0135546714
1.4451900000	0.0136522629
1.4459000000	0.0137526161
1.4466100000	0.0138557271
1.4473300000	0.0139617742
1.4480400000	0.0140709173
1.4487500000	0.0141831577
1.4494600000	0.0142986709
1.4501800000	0.0144175938
1.4508900000	0.0145399342
1.4516000000	0.0146660468
1.4523200000	0.0147958077
1.4530300000	0.0149296043
1.4537400000	0.0150675591
1.4544500000	0.0152097670
1.4551700000	0.0153563883
1.4558800000	0.0155076455
1.4565900000	0.0156637097
1.4573100000	0.0158248035
1.4580200000	0.0159910883
1.4587300000	0.0161629683
1.4594500000	0.0163405502
1.4601600000	0.0165241629
1.4608700000	0.0167140340
1.4615800000	0.0169103450
1.4623000000	0.0171134885
1.4630100000	0.0173238436
1.4637200000	0.0175417580
1.4644400000	0.0177675214
1.4651500000	0.0180017574
1.4658600000	0.0182508843
1.4665800000	0.0185028454
1.4672900000	0.0187645843
1.4680000000	0.0190364694
1.4687100000	0.0193191041
1.4694300000	0.0196128764
1.4701400000	0.0199186624
1.4708500000	0.0202371144
1.4715700000	0.0205687367
1.4722800000	0.0209145568
1.4729900000	0.0212753518
1.4737000000	0.0216519961
1.4744200000	0.0220453948
1.4751300000	0.0224566243
1.4758400000	0.0228865921
1.4765600000	0.0233368192
1.4772700000	0.0238082219
1.4779800000	0.0243027647
1.4787000000	0.0248217048
1.4794100000	0.0253666767
1.4801200000	0.0259394838
1.4808300000	0.0265423053
1.4815500000	0.0271769666
1.4822600000	0.0278457966
1.4829700000	0.0285516859
1.4836900000	0.0292972456
1.4844000000	0.0300854704
1.4851100000	0.0309198169
1.4858300000	0.0318041604
1.4865400000	0.0327422103
1.4872500000	0.0337387912
1.4879600000	0.0347986508
1.4886800000	0.0359273402
1.4893900000	0.0371308532
1.4901000000	0.0384158849
1.4908200000	0.0397903812
1.4915300000	0.0412623471
1.4922400000	0.0428412290
1.4929500000	0.0445370395
1.4936700000	0.0463620748
1.4943800000	0.0483292729
1.4950900000	0.0504533284
1.4958100000	0.0527509647
1.4965200000	0.0552409712
1.4972300000	0.0579449113
1.4979500000	0.0608897027
1.4986600000	0.0640953993
1.4993700000	0.0675976794
1.5000800000	0.0714495103
1.5008000000	0.0758226403
1.5015100000	0.0806422385
1.5022200000	0.0859666088
1.5029400000	0.0918611694
1.5036500000	0.0983974679
1.5043600000	0.1056592437
1.5050800000	0.1137412975
1.5057900000	0.1227461752
1.5065000000	0.1327873247
1.5072100000	0.1439840682
1.5079300000	0.1564597960
1.5086400000	0.1703319505
1.5093500000	0.1857054264
1.5100700000	0.2026488985
1.5107800000	0.2211662629
1.5114900000	0.2411645064
1.5122000000	0.2624074426
1.5129200000	0.2844575379
1.5136300000	0.3066403202
1.5143400000	0.3280117467
1.5150600000	0.3473849994
1.5157700000	0.3634333504
1.5164800000	0.3748622500
1.5172000000	0.3806486416
1.5179100000	0.3802442541
1.5186200000	0.3737211356
1.5193300000	0.3617368919
1.5200500000	0.3453915983
1.5207600000	0.3260028615
1.5214700000	0.3048713495
1.5221900000	0.2831285383
1.5229000000	0.2616591833
1.5236100000	0.2410801885
1.5243200000	0.2217860550
1.5250400000	0.2039777260
1.5257500000	0.1877293429
1.5264600000	0.1730206300
1.5271800000	0.1597795187
1.5278900000	0.1479022697
1.5286000000	0.1372701079
1.5293200000	0.1277635147
1.5300300000	0.1192653929
1.5307400000	0.1116600523
1.5314500000	0.1048632013
1.5321700000	0.0987770376
1.5328800000	0.0933229479
1.5335900000	0.0884301361
1.5343100000	0.0840369485
1.5350200000	0.0800887029
1.5357300000	0.0765369943
1.5364500000	0.0733410801
1.5371600000	0.0704637447
1.5378700000	0.0678737813
1.5385800000	0.0655425500
1.5393000000	0.0634460859
1.5400100000	0.0615632708
1.5407200000	0.0598762447
1.5414400000	0.0583678369
1.5421500000	0.0570219269
1.5428600000	0.0558297889
1.5435700000	0.0547797055
1.5442900000	0.0538623309
1.5450000000	0.0530696383
1.5457100000	0.0523950800
1.5464300000	0.0518329101
1.5471400000	0.0513789872
1.5478500000	0.0510291560
1.5485700000	0.0507809115
1.5492800000	0.0506320325
1.5499900000	0.0505816873
1.5507000000	0.0506293814
1.5514200000	0.0507754662
1.5521300000	0.0510215336
1.5528400000	0.0513695503
1.5535600000	0.0518221322
1.5542700000	0.0523836218
1.5549800000	0.0530587236
1.5557000000	0.0538533588
1.5564100000	0.0547745851
1.5571200000	0.0558307655
1.5578300000	0.0570314348
1.5585500000	0.0583877212
1.5592600000	0.0599129700
1.5599700000	0.0616220866
1.5606900000	0.0635318840
1.5614000000	0.0656625341
1.5621100000	0.0680360039
1.5628200000	0.0706775211
1.5635400000	0.0736106244
1.5642500000	0.0768763342
1.5649600000	0.0804741611
1.5656800000	0.0845117233
1.5663900000	0.0890012031
1.5671000000	0.0939901740
1.5678200000	0.0995314958
1.5685300000	0.1056798139
1.5692400000	0.1124884677
1.5699500000	0.1200088616
1.5706700000	0.1282835389
1.5713800000	0.1373377308
1.5720900000	0.1471674209
1.5728100000	0.1577282021
1.5735200000	0.1689136506
1.5742300000	0.1805396257
1.5749400000	0.1923220028
1.5756600000	0.2038657877
1.5763700000	0.2146688722
1.5770800000	0.2241470865
1.5778000000	0.2316902644
1.5785100000	0.2367431973
1.5792200000	0.2388988270
1.5799400000	0.2379726148
1.5806500000	0.2340449468
1.5813600000	0.2274393991
1.5820700000	0.2186596985
1.5827900000	0.2083066836
1.5835000000	0.1969854595
1.5842100000	0.1852392508
1.5849300000	0.1735031305
1.5856400000	0.1621297109
1.5863500000	0.1513030221
1.5870700000	0.1411731684
1.5877800000	0.1318087405
1.5884900000	0.1232220048
1.5892000000	0.1154012085
1.5899200000	0.1083064890
1.5906300000	0.1018872220
1.5913400000	0.0960845535
1.5920600000	0.0908448335
1.5927700000	0.0861105590
1.5934800000	0.0818275861
1.5941900000	0.0779483499
1.5949100000	0.0744263299
1.5956200000	0.0712217966
1.5963300000	0.0682955223
1.5970500000	0.0656161447
1.5977600000	0.0631517621
1.5984700000	0.0608781766
1.5991900000	0.0587726843
1.5999000000	0.0568186107
1.6006100000	0.0549906234
1.6013200000	0.0533243151
1.6020400000	0.0517875885
1.6027500000	0.0503850664
1.6034600000	0.0491288223
1.6041800000	0.0480373518
1.6048900000	0.0471304614
1.6056000000	0.0464236965
1.6063200000	0.0459281442
1.6070300000	0.0456421293
1.6077400000	0.0455454331
1.6084500000	0.0456119467
1.6091700000	0.0457918197
1.6098800000	0.0460409879
1.6105900000	0.0463180085
1.6113100000	0.0465874232
1.6120200000	0.0468279822
1.6127300000	0.0470274061
1.6134400000	0.0471861621
1.6141600000	0.0473083795
1.6148700000	0.0474023581
1.6155800000	0.0474765260
1.6163000000	0.0475410176
1.6170100000	0.0476047084
1.6177200000	0.0476744514
1.6184400000	0.0477557761
1.6191500000	0.0478537017
1.6198600000	0.0479711812
1.6205700000	0.0481107614
1.6212900000	0.0482740528
1.6220000000	0.0484621427
1.6227100000	0.0486754124
1.6234300000	0.0489149865
1.6241400000	0.0491802347
1.6248500000	0.0494713566
1.6255700000	0.0497886948
1.6262800000	0.0501322627
1.6269900000	0.0505015672
1.6277000000	0.0508966177
1.6284200000	0.0513173351
1.6291300000	0.0517633775
1.6298400000	0.0522353706
1.6305600000	0.0527331307
1.6312700000	0.0532565440
1.6319800000	0.0538068036
1.6326900000	0.0543823998
1.6334100000	0.0549843902
1.6341200000	0.0556129299
1.6348300000	0.0562686453
1.6355500000	0.0569516404
1.6362600000	0.0576623035
1.6369700000	0.0584015297
1.6376900000	0.0591695919
1.6384000000	0.0599674480
1.6391100000	0.0607172236
1.6398200000	0.0615742104
1.6405400000	0.0624629346
1.6412500000	0.0633845144
1.6419600000	0.0643389135
1.6426800000	0.0653283224
1.6433900000	0.0663530151
1.6441000000	0.0674143181
1.6448100000	0.0685136762
1.6455300000	0.0696520215
1.6462400000	0.0708305086
1.6469500000	0.0720509967
1.6476700000	0.0733149109
1.6483800000	0.0746239056
1.6490900000	0.0759792999
1.6498100000	0.0773831838
1.6505200000	0.0788374140
1.6512300000	0.0803433763
1.6519400000	0.0819039895
1.6526600000	0.0835211902
1.6533700000	0.0851968162
1.6540800000	0.0869346511
1.6548000000	0.0887366862
1.6555100000	0.0906055318
1.6562200000	0.0925455836
1.6569400000	0.0945579524
1.6576500000	0.0966466385
1.6583600000	0.0988154793
1.6590700000	0.1010680698
1.6597900000	0.1034067514
1.6605000000	0.1058397191
1.6612100000	0.1083690580
1.6619300000	0.1109995812
1.6626400000	0.1137371006
1.6633500000	0.1165871975
1.6640600000	0.1195549369
1.6647800000	0.1226474863
1.6654900000	0.1258714689
1.6662000000	0.1292331481
1.6669200000	0.1327410221
1.6676300000	0.1364019717
1.6683400000	0.1402258831
1.6690600000	0.1442211287
1.6697700000	0.1483995672
1.6704800000	0.1527715372
1.6711900000	0.1573474931
1.6719100000	0.1621403043
1.6726200000	0.1671646980
1.6733300000	0.1724338923
1.6740500000	0.1779633012
1.6747600000	0.1837712801
1.6754700000	0.1898767958
1.6761900000	0.1962963109
1.6769000000	0.2030575464
1.6776100000	0.2101773660
1.6783200000	0.2176903606
1.6790400000	0.2251054942
1.6797500000	0.2334626646
1.6804600000	0.2423029556
1.6811800000	0.2516635316
1.6818900000	0.2615833748
1.6826000000	0.2721088723
1.6833100000	0.2832877771
1.6840300000	0.2951712295
1.6847400000	0.3078141677
1.6854500000	0.3212812350
1.6861700000	0.3356366922
1.6868800000	0.3509522907
1.6875900000	0.3673171951
1.6883100000	0.3848143799
1.6890200000	0.4035473186
1.6897300000	0.4236243722
1.6904400000	0.4451680766
1.6911600000	0.4683171857
1.6918700000	0.4932205477
1.6925800000	0.5200455229
1.6933000000	0.5489820165
1.6940100000	0.5802313195
1.6947200000	0.6140320073
1.6954400000	0.6506289066
1.6961500000	0.6903049010
1.6968600000	0.7333583452
1.6975700000	0.7801424310
1.6982900000	0.8310254090
1.6990000000	0.8864030020
1.6997100000	0.9467139567
1.7004300000	1.0135154563
1.7011400000	1.0871997158
1.7018500000	1.1676358718
1.7025600000	1.2553602788
1.7032800000	1.3508557032
1.7039900000	1.4545584896
1.7047000000	1.5667627677
1.7054200000	1.6875488373
1.7061300000	1.8167028476
1.7068400000	1.9535500334
1.7075600000	2.0968836459
1.7082700000	2.2447487702
1.7089800000	2.3943280383
1.7096900000	2.5418761051
1.7104100000	2.6827057493
1.7111200000	2.8113326099
1.7118300000	2.9218335090
1.7125500000	3.0083917820
1.7132600000	3.0659156226
1.7139700000	3.0907707147
1.7146800000	3.0813109096
1.7154000000	3.0381727928
1.7161100000	2.9640069831
1.7168200000	2.8633482517
1.7175400000	2.7417977545
1.7182500000	2.6052444650
1.7189600000	2.4594890788
1.7196800000	2.3096624784
1.7203900000	2.1599329547
1.7211000000	2.0201503668
1.7218100000	1.8788645160
1.7225300000	1.7448897394
1.7232400000	1.6191453460
1.7239500000	1.5020421070
1.7246700000	1.3936275953
1.7253800000	1.2936901072
1.7260900000	1.2018485204
1.7268100000	1.1176249403
1.7275200000	1.0404746261
1.7282300000	0.9698628038
1.7289400000	0.9052474436
1.7296600000	0.8460905172
1.7303700000	0.7919114486
1.7310800000	0.7422539687
1.7318000000	0.6966968437
1.7325100000	0.6548592408
1.7332200000	0.6163837311
1.7339300000	0.5809585149
1.7346500000	0.5482974679
1.7353600000	0.5181469885
1.7360700000	0.4902683865
1.7367900000	0.4644574596
1.7375000000	0.4405278656
1.7382100000	0.4183115442
1.7389300000	0.3976581068
1.7396400000	0.3784316804
1.7403500000	0.3605105878
1.7410600000	0.3437843249
1.7417800000	0.3281541966
1.7424900000	0.3135302325
1.7432000000	0.2998312933
1.7439200000	0.2869851252
1.7446300000	0.2749243104
1.7453400000	0.2635887745
1.7460600000	0.2529229178
1.7467700000	0.2428773697
1.7474800000	0.2334066184
1.7481900000	0.2244688044
1.7489100000	0.2160257317
1.7496200000	0.2080423097
1.7503300000	0.2004870159
1.7510500000	0.1933302601
1.7517600000	0.1865448627
1.7524700000	0.1801063333
1.7531800000	0.1739922417
1.7539000000	0.1681818709
1.7546100000	0.1626553741
1.7553200000	0.1573954891
1.7560400000	0.1523848566
1.7567500000	0.1476084406
1.7574600000	0.1430523014
1.7581800000	0.1387029203
1.7588900000	0.1345489652
1.7596000000	0.1305805209
1.7603100000	0.1267831278
1.7610300000	0.1231488847
1.7617400000	0.1196692279
1.7624500000	0.1163350419
1.7631700000	0.1131391141
1.7638800000	0.1099856527
1.7645900000	0.1070423488
1.7653100000	0.1042165464
1.7660200000	0.1015018841
1.7667300000	0.0988925615
1.7674400000	0.0963835287
1.7681600000	0.0939695076
1.7688700000	0.0916460110
1.7695800000	0.0894083400
1.7703000000	0.0872524274
1.7710100000	0.0851748323
1.7717200000	0.0831708970
1.7724300000	0.0812381484
1.7731500000	0.0793732365
1.7738600000	0.0775727960
1.7745700000	0.0758337480
1.7752900000	0.0741536941
1.7760000000	0.0725298353
1.7767100000	0.0709597568
1.7774300000	0.0694408638
1.7781400000	0.0679711084
1.7788500000	0.0665486568
1.7795600000	0.0651715196
1.7802800000	0.0638374443
1.7809900000	0.0625450877
1.7817000000	0.0612925467
1.7824200000	0.0600783183
1.7831300000	0.0589005042
1.7838400000	0.0577581854
1.7845500000	0.0566496394
1.7852700000	0.0555737690
1.7859800000	0.0545290749
1.7866900000	0.0535143894
1.7874100000	0.0525293012
1.7881200000	0.0515716613
1.7888300000	0.0506407818
1.7895500000	0.0497357866
1.7902600000	0.0488552666
1.7909700000	0.0479992038
1.7916800000	0.0471660695
1.7924000000	0.0463554772
1.7931100000	0.0455664290
1.7938200000	0.0447981546
1.7945400000	0.0440500263
1.7952500000	0.0433211428
1.7959600000	0.0426110282
1.7966800000	0.0419188007
1.7973900000	0.0412441186
1.7981000000	0.0405863517
1.7988100000	0.0399450268
1.7995300000	0.0393196444
1.8002400000	0.0387066368
1.8009500000	0.0381030344
1.8016700000	0.0375142842
1.8023800000	0.0369397565
1.8030900000	0.0363792014
1.8038000000	0.0358322028
1.8045200000	0.0352983371
1.8052300000	0.0347770677
1.8059400000	0.0342677382
1.8066600000	0.0337705441
1.8073700000	0.0332849258
1.8080800000	0.0328103286
1.8088000000	0.0323466126
1.8095100000	0.0318382432
1.8102200000	0.0313951456
1.8109300000	0.0309619381
1.8116500000	0.0305381903
1.8123600000	0.0301237991
1.8130700000	0.0297184575
1.8137900000	0.0293218833
1.8145000000	0.0289337935
1.8152100000	0.0285538283
1.8159300000	0.0281827790
1.8166400000	0.0278187240
1.8173500000	0.0274625011
1.8180600000	0.0271134179
1.8187800000	0.0267716609
1.8194900000	0.0264369868
1.8202000000	0.0261089595
1.8209200000	0.0257876860
1.8216300000	0.0254728568
1.8223400000	0.0251641843
1.8230500000	0.0248616591
1.8237700000	0.0245649671
1.8244800000	0.0242742491
1.8251900000	0.0239890337
1.8259100000	0.0237091677
1.8266200000	0.0234348362
1.8273300000	0.0231657053
1.8280500000	0.0229016749
1.8287600000	0.0226425953
1.8294700000	0.0223881983
1.8301800000	0.0221385912
1.8309000000	0.0218936154
1.8316100000	0.0216529842
1.8323200000	0.0214167680
1.8330400000	0.0211847629
1.8337500000	0.0209566935
1.8344600000	0.0207328953
1.8351800000	0.0205130566
1.8358900000	0.0202968303
1.8366000000	0.0200843753
1.8373100000	0.0198756792
1.8380300000	0.0196706137
1.8387400000	0.0194689715
1.8394500000	0.0192707314
1.8401700000	0.0190757288
1.8408800000	0.0188840195
1.8415900000	0.0186954455
1.8423000000	0.0185099537
1.8430200000	0.0183271357
1.8437300000	0.0181473177
1.8444400000	0.0179710155
1.8451600000	0.0177970884
1.8458700000	0.0176258220
1.8465800000	0.0174571430
1.8473000000	0.0172910532
1.8480100000	0.0171274632
1.8487200000	0.0169663631
1.8494300000	0.0168074594
1.8501500000	0.0166510054
1.8508600000	0.0164968531
1.8515700000	0.0163448840
1.8522900000	0.0161948532
1.8530000000	0.0160469592
1.8537100000	0.0159011517
1.8544200000	0.0157572335
1.8551400000	0.0156153425
1.8558500000	0.0154752603
1.8565600000	0.0152795934
1.8572800000	0.0151417410
1.8579900000	0.0150055341
1.8587000000	0.0148709478
1.8594200000	0.0147379162
1.8601300000	0.0146063501
1.8608400000	0.0144761158
1.8615500000	0.0143472335
1.8622700000	0.0142196935
1.8629800000	0.0140932857
1.8636900000	0.0139681537
1.8644100000	0.0138440907
1.8651200000	0.0137211303
1.8658300000	0.0135990026
1.8665500000	0.0134779345
1.8672600000	0.0133578985
1.8679700000	0.0132385938
1.8686800000	0.0131200773
1.8694000000	0.0130022573
1.8701100000	0.0128850006
1.8708200000	0.0127682924
1.8715400000	0.0126519954
1.8722500000	0.0125360793
1.8729600000	0.0124206128
1.8736700000	0.0123051738
1.8743900000	0.0121907096
1.8751000000	0.0120757978
1.8758100000	0.0119607550
1.8765300000	0.0118457068
1.8772400000	0.0117303054
1.8779500000	0.0116147600
1.8786700000	0.0114987479
1.8793800000	0.0113820928
1.8800900000	0.0112649744
1.8808000000	0.0111471291
1.8815200000	0.0110281878
1.8822300000	0.0109080300
1.8829400000	0.0107869402
1.8836600000	0.0106645904
1.8843700000	0.0105401354
1.8850800000	0.0104142983
1.8858000000	0.0102866198
1.8865100000	0.0101565762
1.8872200000	0.0100241520
1.8879300000	0.0098888826
1.8886500000	0.0097503911
1.8893600000	0.0096081605
1.8900700000	0.0094619873
1.8907900000	0.0093109901
1.8915000000	0.0091537440
1.8922100000	0.0089912173
1.8929200000	0.0088207464
1.8936400000	0.0086426230
1.8943500000	0.0084548686
1.8950600000	0.0082556560
1.8957800000	0.0080431231
1.8964900000	0.0078151114
1.8972000000	0.0075689607
1.8979200000	0.0073011856
1.8986300000	0.0070084535
1.8993400000	0.0066867849
1.9000500000	0.0063303492
1.9007700000	0.0059185773
1.9014800000	0.0054570193
1.9021900000	0.0049400727
1.9029100000	0.0043620394
1.9036200000	0.0037154536
1.9043300000	0.0030876762
1.9050500000	0.0026848731
1.9057600000	0.0021367828
1.9064700000	0.0019143509
1.9071800000	0.0017525407
1.9079000000	0.0013975801
1.9086100000	0.0015353585
1.9093200000	0.0011609932
1.9100400000	0.0006528459
1.9107500000	0.0010563352
1.9114600000	0.0017580335
1.9121700000	0.0007265526
1.9128900000	0.0014862905
1.9136000000	0.0025480754
1.9143100000	0.0039613606
1.9150300000	0.0002761839
1.9157400000	0.0012640064
1.9164500000	0.0030989128
1.9321400000	0.0001277379
1.9328500000	0.0047924708
1.9335600000	0.0103801963
1.9342800000	0.0154314856
1.9349900000	0.0198726992
1.9357000000	0.0236646709
1.9364200000	0.0268125961
1.9371300000	0.0293365958
1.9378400000	0.0312798145
1.9385500000	0.0326979442
1.9392700000	0.0336536655
1.9399800000	0.0342123380
1.9406900000	0.0344371080
1.9414100000	0.0343914895
1.9421200000	0.0341180901
1.9428300000	0.0336757790
1.9435400000	0.0330962803
1.9442600000	0.0324198335
1.9449700000	0.0316766048
1.9456800000	0.0308893731
1.9464000000	0.0300783621
1.9471100000	0.0292600553
1.9478200000	0.0284472264
1.9485400000	0.0276476450
1.9492500000	0.0268703153
1.9499600000	0.0261200287
1.9506700000	0.0254018163
1.9513900000	0.0247171075
1.9521000000	0.0240711818
1.9528100000	0.0234593807
1.9535300000	0.0228852483
1.9542400000	0.0223499472
1.9549500000	0.0218503860
1.9556700000	0.0213883049
1.9563800000	0.0214814630
1.9570900000	0.0210637679
1.9578000000	0.0206811115
1.9585200000	0.0203325192
1.9592300000	0.0200165546
1.9599400000	0.0197317466
1.9606600000	0.0194766344
1.9613700000	0.0192494603
1.9620800000	0.0190493094
1.9627900000	0.0188731057
1.9635100000	0.0187182721
1.9642200000	0.0185829764
1.9649300000	0.0184638820
1.9656500000	0.0183584931
1.9663600000	0.0182641322
1.9670700000	0.0181759639
1.9677900000	0.0180915811
1.9685000000	0.0180062390
1.9692100000	0.0179166550
1.9699200000	0.0178196741
1.9706400000	0.0177116820
1.9713500000	0.0175902741
1.9720600000	0.0174534153
1.9727800000	0.0173001631
1.9734900000	0.0171296874
1.9742000000	0.0169418943
1.9749100000	0.0167384513
1.9756300000	0.0165202859
1.9763400000	0.0162899053
1.9770500000	0.0160497952
1.9777700000	0.0158028312
1.9784800000	0.0155512684
1.9791900000	0.0152980421
1.9799100000	0.0150454067
1.9806200000	0.0147955162
1.9813300000	0.0145502753
1.9820400000	0.0143112498
1.9827600000	0.0140797153
1.9834700000	0.0138568673
1.9841800000	0.0136431887
1.9849000000	0.0134390182
1.9856100000	0.0132447847
1.9863200000	0.0130608711
1.9870400000	0.0128870803
1.9877500000	0.0127231050
1.9884600000	0.0125689857
1.9891700000	0.0124244819
1.9898900000	0.0122893620
1.9906000000	0.0121633146
1.9913100000	0.0120459331
1.9920300000	0.0119369638
1.9927400000	0.0118360697
1.9934500000	0.0117429952
1.9941600000	0.0116573892
1.9948800000	0.0115789384
1.9955900000	0.0115074230
1.9963000000	0.0114423296
1.9970200000	0.0113835295
1.9977300000	0.0113308137
1.9984400000	0.0112839832
1.9991600000	0.0112428143
1.9998700000	0.0112071389
2.0005800000	0.0111796775
2.0012900000	0.0111583663
2.0020100000	0.0111423318
2.0027200000	0.0111314417
2.0034300000	0.0111255715
2.0041500000	0.0111246133
2.0048600000	0.0111285332
2.0055700000	0.0111371982
2.0062900000	0.0111505325
2.0070000000	0.0111685247
2.0077100000	0.0111911862
2.0084200000	0.0112183968
2.0091400000	0.0112946572
2.0098500000	0.0113299134
2.0105600000	0.0113698034
2.0112800000	0.0114143803
2.0119900000	0.0114636427
2.0127000000	0.0115176599
2.0134100000	0.0115764926
2.0141300000	0.0116402185
2.0148400000	0.0117089014
2.0155500000	0.0117826592
2.0162700000	0.0118615923
2.0169800000	0.0119458317
2.0176900000	0.0120354948
2.0184100000	0.0121307535
2.0191200000	0.0122317755
2.0198300000	0.0123387901
2.0205400000	0.0124519369
2.0212600000	0.0125714952
2.0219700000	0.0126977076
2.0226800000	0.0128310016
2.0234000000	0.0129713641
2.0241100000	0.0131192705
2.0248200000	0.0132750871
2.0255400000	0.0134392008
2.0262500000	0.0136120032
2.0269600000	0.0137939340
2.0276700000	0.0139854390
2.0283900000	0.0141870176
2.0291000000	0.0143991468
2.0298100000	0.0146223394
2.0305300000	0.0148571307
2.0312400000	0.0151040402
2.0319500000	0.0153636293
2.0326600000	0.0156364804
2.0333800000	0.0159231818
2.0340900000	0.0162243872
2.0348000000	0.0165406009
2.0355200000	0.0168725347
2.0362300000	0.0172208822
2.0369400000	0.0175863986
2.0376600000	0.0179698388
2.0383700000	0.0183721432
2.0390800000	0.0187942388
2.0397900000	0.0192370868
2.0405100000	0.0197017678
2.0412200000	0.0201895191
2.0419300000	0.0207015033
2.0426500000	0.0212389578
2.0433600000	0.0218032881
2.0440700000	0.0223959173
2.0447800000	0.0230182584
2.0455000000	0.0236718978
2.0462100000	0.0243582909
2.0469200000	0.0250789684
2.0476400000	0.0258355354
2.0483500000	0.0266295799
2.0490600000	0.0274625382
2.0497800000	0.0283359655
2.0504900000	0.0292509535
2.0512000000	0.0302090427
2.0519100000	0.0312108564
2.0526300000	0.0322576240
2.0533400000	0.0333496003
2.0540500000	0.0344867584
2.0547700000	0.0356687999
2.0554800000	0.0368945042
2.0561900000	0.0381624048
2.0569100000	0.0394698004
2.0576200000	0.0408133772
2.0583300000	0.0421885813
2.0590400000	0.0435896070
2.0597600000	0.0450095732
2.0604700000	0.0464399030
2.0611800000	0.0478708599
2.0619000000	0.0492912159
2.0626100000	0.0506881184
2.0633200000	0.0520473445
2.0640300000	0.0533536814
2.0647500000	0.0545908510
2.0654600000	0.0557427797
2.0661700000	0.0567922681
2.0668900000	0.0577230530
2.0676000000	0.0585197852
2.0683100000	0.0591687411
2.0690300000	0.0596581377
2.0697400000	0.0599793994
2.0704500000	0.0601267002
2.0711600000	0.0600974019
2.0718800000	0.0598928759
2.0725900000	0.0595171357
2.0733000000	0.0589778348
2.0740200000	0.0582857230
2.0747300000	0.0574533840
2.0754400000	0.0564955142
2.0761600000	0.0554283743
2.0768700000	0.0542678881
2.0775800000	0.0530310677
2.0782900000	0.0517341527
2.0790100000	0.0503927777
2.0797200000	0.0490216596
2.0804300000	0.0476336834
2.0811500000	0.0462409015
2.0818600000	0.0448540460
2.0825700000	0.0434814363
2.0832800000	0.0421313122
2.0840000000	0.0408094729
2.0847100000	0.0395208432
2.0854200000	0.0382697386
2.0861400000	0.0370584837
2.0868500000	0.0358895044
2.0875600000	0.0347640683
2.0882800000	0.0336829146
2.0889900000	0.0326465383
2.0897000000	0.0316539595
2.0904100000	0.0307048687
2.0911300000	0.0297982619
2.0918400000	0.0289331208
2.0925500000	0.0281080227
2.0932700000	0.0273213700
2.0939800000	0.0265716373
2.0946900000	0.0258571940
2.0954100000	0.0251767868
2.0961200000	0.0245277661
2.0968300000	0.0239090285
2.0975400000	0.0233186492
2.0982600000	0.0227552506
2.0989700000	0.0222171778
2.0996800000	0.0217026160
2.1004000000	0.0211933152
2.1011100000	0.0206925164
2.1018200000	0.0202129772
2.1025300000	0.0197533705
2.1032500000	0.0193125670
2.1039600000	0.0188893778
2.1046700000	0.0184830112
2.1053900000	0.0180923188
2.1061000000	0.0177166255
2.1068100000	0.0173554627
2.1075300000	0.0170077349
2.1082400000	0.0166733664
2.1089500000	0.0163513178
2.1096600000	0.0160412503
2.1103800000	0.0157427735
2.1110900000	0.0154554324
2.1118000000	0.0151788090
2.1125200000	0.0149124970
2.1132300000	0.0146565338
2.1139400000	0.0144096796
2.1146500000	0.0141718318
2.1153700000	0.0139427116
2.1160800000	0.0137219567
2.1167900000	0.0135090840
2.1175100000	0.0133038010
2.1182200000	0.0131057012
2.1189300000	0.0129145747
2.1196500000	0.0127298300
2.1203600000	0.0125512377
2.1210700000	0.0123785474
2.1217800000	0.0122113750
2.1225000000	0.0120494398
2.1232100000	0.0118874222
2.1239200000	0.0117346826
2.1246400000	0.0115863638
2.1253500000	0.0114424180
2.1260600000	0.0113026599
2.1267800000	0.0111669430
2.1274900000	0.0110352315
2.1282000000	0.0109075346
2.1289100000	0.0107838335
2.1296300000	0.0106642352
2.1303400000	0.0105488051
2.1310500000	0.0104378163
2.1317700000	0.0103316920
2.1324800000	0.0102305414
2.1331900000	0.0101349328
2.1339000000	0.0100452504
2.1346200000	0.0099616425
2.1353300000	0.0098850517
2.1360400000	0.0098157328
2.1367600000	0.0097540798
2.1374700000	0.0097004408
2.1381800000	0.0096549623
2.1389000000	0.0096179550
2.1396100000	0.0095894619
2.1403200000	0.0095692169
2.1410300000	0.0095569970
2.1417500000	0.0095520943
2.1424600000	0.0095541157
2.1431700000	0.0095623765
2.1438900000	0.0095762004
2.1446000000	0.0095942826
2.1453100000	0.0096162121
2.1460300000	0.0096409198
2.1467400000	0.0096674144
2.1474500000	0.0096950592
2.1481600000	0.0097232479
2.1488800000	0.0097514690
2.1495900000	0.0097791774
2.1503000000	0.0098061144
2.1510200000	0.0098320390
2.1517300000	0.0098568975
2.1524400000	0.0098805959
2.1531500000	0.0099032361
2.1538700000	0.0099248850
2.1545800000	0.0099456848
2.1552900000	0.0099658315
2.1560100000	0.0099855493
2.1567200000	0.0100049939
2.1574300000	0.0100243832
2.1581500000	0.0100438941
2.1588600000	0.0100637266
2.1595700000	0.0100840313
2.1602800000	0.0101049629
2.1610000000	0.0101266607
2.1617100000	0.0101492238
2.1624200000	0.0101727553
2.1631400000	0.0101973283
2.1638500000	0.0102229884
2.1645600000	0.0102497390
2.1652800000	0.0102776071
2.1659900000	0.0103065826
2.1667000000	0.0103365801
2.1674100000	0.0103675665
2.1681300000	0.0103994722
2.1688400000	0.0104321413
2.1695500000	0.0104654740
2.1702700000	0.0104993302
2.1709800000	0.0105335621
2.1716900000	0.0105679978
2.1724000000	0.0106024787
2.1731200000	0.0106368428
2.1738300000	0.0106709089
2.1745400000	0.0107045493
2.1752600000	0.0107376200
2.1759700000	0.0107700103
2.1766800000	0.0108016287
2.1774000000	0.0108323594
2.1781100000	0.0108623135
2.1788200000	0.0108914268
2.1795300000	0.0109197207
2.1802500000	0.0109472875
2.1809600000	0.0109742123
2.1816700000	0.0110006202
2.1823900000	0.0110266434
2.1831000000	0.0110524325
2.1838100000	0.0110752119
2.1845200000	0.0111009176
2.1852400000	0.0111268786
2.1859500000	0.0111532646
2.1866600000	0.0111802356
2.1873800000	0.0112079443
2.1880900000	0.0112365294
2.1888000000	0.0112661324
2.1895200000	0.0112968754
2.1902300000	0.0113288684
2.1909400000	0.0113622322
2.1916500000	0.0113970520
2.1923700000	0.0114334228
2.1930800000	0.0114714317
2.1937900000	0.0115111415
2.1945100000	0.0115526318
2.1952200000	0.0115959507
2.1959300000	0.0116411550
2.1966500000	0.0116882837
2.1973600000	0.0117373965
2.1980700000	0.0117885182
2.1987800000	0.0118416905
2.1995000000	0.0118969289
2.2002100000	0.0119623715
2.2009200000	0.0120496770
2.2016400000	0.0121396577
2.2023500000	0.0122323446
2.2030600000	0.0123277473
2.2037700000	0.0124258883
2.2044900000	0.0125268002
2.2052000000	0.0126305200
2.2059100000	0.0127370589
2.2066300000	0.0128464405
2.2073400000	0.0129587066
2.2080500000	0.0130738924
2.2087700000	0.0131920151
2.2094800000	0.0133131319
2.2101900000	0.0134372689
2.2109000000	0.0135644353
2.2116200000	0.0136947359
2.2123300000	0.0138281934
2.2130400000	0.0139648486
2.2137600000	0.0141047573
2.2144700000	0.0142479743
2.2151800000	0.0143945553
2.2159000000	0.0145445654
2.2166100000	0.0146980347
2.2173200000	0.0148550692
2.2180300000	0.0150157468
2.2187500000	0.0151801192
2.2194600000	0.0153482604
2.2201700000	0.0155202427
2.2208900000	0.0156961846
2.2216000000	0.0158761496
2.2223100000	0.0160602263
2.2230200000	0.0162485136
2.2237400000	0.0164411098
2.2244500000	0.0166381131
2.2251600000	0.0168396248
2.2258800000	0.0170457554
2.2265900000	0.0172566324
2.2273000000	0.0174723661
2.2280200000	0.0176930811
2.2287300000	0.0179188820
2.2294400000	0.0181499437
2.2301500000	0.0183863615
2.2308700000	0.0186282885
2.2315800000	0.0188759141
2.2322900000	0.0191293472
2.2330100000	0.0193887669
2.2337200000	0.0196543263
2.2344300000	0.0199262011
2.2351500000	0.0202045605
2.2358600000	0.0204896232
2.2365700000	0.0207815354
2.2372800000	0.0210805169
2.2380000000	0.0213867741
2.2387100000	0.0217005169
2.2394200000	0.0220219551
2.2401400000	0.0223513506
2.2408500000	0.0226889284
2.2415600000	0.0230349056
2.2422700000	0.0233895109
2.2429900000	0.0237530893
2.2437000000	0.0241259434
2.2444100000	0.0245082430
2.2451300000	0.0249002849
2.2458400000	0.0253025218
2.2465500000	0.0257151931
2.2472700000	0.0261157796
2.2479800000	0.0265498969
2.2486900000	0.0269954779
2.2494000000	0.0274529069
2.2501200000	0.0279225715
2.2508300000	0.0284048504
2.2515400000	0.0289001868
2.2522600000	0.0294090081
2.2529700000	0.0299318402
2.2536800000	0.0304690698
2.2543900000	0.0310211775
2.2551100000	0.0315887514
2.2558200000	0.0321722355
2.2565300000	0.0327722825
2.2572500000	0.0333894684
2.2579600000	0.0340242928
2.2586700000	0.0346774795
2.2593900000	0.0353496545
2.2601000000	0.0360413908
2.2608100000	0.0367535424
2.2615200000	0.0374867759
2.2622400000	0.0382418862
2.2629500000	0.0390196146
2.2636600000	0.0398208927
2.2643800000	0.0406464750
2.2650900000	0.0414972946
2.2658000000	0.0423742662
2.2665200000	0.0432784192
2.2672300000	0.0442106803
2.2679400000	0.0451720633
2.2686500000	0.0461638364
2.2693700000	0.0471870347
2.2700800000	0.0482427471
2.2707900000	0.0493324539
2.2715100000	0.0504572746
2.2722200000	0.0516185546
2.2729300000	0.0528176100
2.2736400000	0.0540559840
2.2743600000	0.0553351160
2.2750700000	0.0566565238
2.2757800000	0.0580217902
2.2765000000	0.0594325708
2.2772100000	0.0608905857
2.2779200000	0.0623975369
2.2786400000	0.0639552940
2.2793500000	0.0655657304
2.2800600000	0.0672306268
2.2807700000	0.0689520747
2.2814900000	0.0707318640
2.2822000000	0.0725723730
2.2829100000	0.0744757762
2.2836300000	0.0764440167
2.2843400000	0.0784792273
2.2850500000	0.0805836895
2.2857700000	0.0827594516
2.2864800000	0.0850089671
2.2871900000	0.0873342973
2.2879000000	0.0897375051
2.2886200000	0.0922208928
2.2893300000	0.0947863381
2.2900400000	0.0974359244
2.2907600000	0.1001714465
2.2914700000	0.1029946477
2.2921800000	0.1059070632
2.2928900000	0.1089099550
2.2936100000	0.1120043421
2.2943200000	0.1151910090
2.2950300000	0.1184704906
2.2957500000	0.1218425608
2.2964600000	0.1253068213
2.2971700000	0.1288623289
2.2978900000	0.1325073848
2.2986000000	0.1362395417
2.2993100000	0.1400558945
2.3000200000	0.1439600178
2.3007400000	0.1481627309
2.3014500000	0.1524485649
2.3021600000	0.1568097322
2.3028800000	0.1612371933
2.3035900000	0.1657200854
2.3043000000	0.1702461510
2.3050200000	0.1748010531
2.3057300000	0.1793688585
2.3064400000	0.1839316384
2.3071500000	0.1884696222
2.3078700000	0.1929612703
2.3085800000	0.1973831376
2.3092900000	0.2017101737
2.3100100000	0.2059158351
2.3107200000	0.2099726058
2.3114300000	0.2138525247
2.3121400000	0.2175252890
2.3128600000	0.2209629778
2.3135700000	0.2242995242
2.3142800000	0.2272058940
2.3150000000	0.2297946373
2.3157100000	0.2320408936
2.3164200000	0.2339235743
2.3171400000	0.2354239271
2.3178500000	0.2365281302
2.3185600000	0.2372222096
2.3192700000	0.2375003591
2.3199900000	0.2373600312
2.3207000000	0.2368036894
2.3214100000	0.2358367278
2.3221300000	0.2344709015
2.3228400000	0.2327195502
2.3235500000	0.2306010481
2.3242600000	0.2281368607
2.3249800000	0.2253506218
2.3256900000	0.2222690258
2.3264000000	0.2189202682
2.3271200000	0.2153305140
2.3278300000	0.2115306473
2.3285400000	0.2075495121
2.3292600000	0.2034153611
2.3299700000	0.1991559665
2.3306800000	0.1947982995
2.3313900000	0.1903670983
2.3321100000	0.1858861855
2.3328200000	0.1813773372
2.3335300000	0.1768604460
2.3342500000	0.1723536565
2.3349600000	0.1678741453
2.3356700000	0.1634345587
2.3363900000	0.1590480146
2.3371000000	0.1547261775
2.3378100000	0.1504772271
2.3385200000	0.1463096079
2.3392400000	0.1422299067
2.3399500000	0.1382430013
2.3406600000	0.1343529104
2.3413800000	0.1305628102
2.3420900000	0.1268749950
2.3428000000	0.1232904674
2.3435100000	0.1198100875
2.3442300000	0.1164336680
2.3449400000	0.1131607376
2.3456500000	0.1099903233
2.3463700000	0.1069210629
2.3470800000	0.1039511346
2.3477900000	0.1010785767
2.3485100000	0.0983013665
2.3492200000	0.0956170136
2.3499300000	0.0930227496
2.3506400000	0.0905162228
2.3513600000	0.0880946734
2.3520700000	0.0857553475
2.3527800000	0.0834957198
2.3535000000	0.0813126264
2.3542100000	0.0792035635
2.3549200000	0.0771658182
2.3556400000	0.0751968644
2.3563500000	0.0732938265
2.3570600000	0.0714543245
2.3577700000	0.0696758576
2.3584900000	0.0679560216
2.3592000000	0.0662925726
2.3599100000	0.0646832184
2.3606300000	0.0631259029
2.3613400000	0.0616185711
2.3620500000	0.0601592492
2.3627600000	0.0587460430
2.3634800000	0.0573772026
2.3641900000	0.0560510638
2.3649000000	0.0547659346
2.3656200000	0.0535202842
2.3663300000	0.0523127029
2.3670400000	0.0511417655
2.3677600000	0.0500061489
2.3684700000	0.0489045522
2.3691800000	0.0478358432
2.3698900000	0.0467988185
2.3706100000	0.0457923635
2.3713200000	0.0448154579
2.3720300000	0.0438670423
2.3727500000	0.0429461998
2.3734600000	0.0420519778
2.3741700000	0.0411834751
2.3748800000	0.0403397978
2.3756000000	0.0395201812
2.3763100000	0.0387237439
2.3770200000	0.0379498161
2.3777400000	0.0371975791
2.3784500000	0.0364663686
2.3791600000	0.0357554224
2.3798800000	0.0350640368
2.3805900000	0.0343916635
2.3813000000	0.0337376610
2.3820100000	0.0330897251
2.3827300000	0.0324687932
2.3834400000	0.0318644898
2.3841500000	0.0312762481
2.3848700000	0.0307035143
2.3855800000	0.0301458112
2.3862900000	0.0296025658
2.3870100000	0.0290733559
2.3877200000	0.0285577029
2.3884300000	0.0280552019
2.3891400000	0.0275653366
2.3898600000	0.0270876563
2.3905700000	0.0266218785
2.3912800000	0.0261675498
2.3920000000	0.0257241588
2.3927100000	0.0252915231
2.3934200000	0.0248692990
2.3941300000	0.0244570235
2.3948500000	0.0240541166
2.3955600000	0.0236608424
2.3962700000	0.0232764914
2.3969900000	0.0229009831
2.3977000000	0.0225338669
2.3984100000	0.0221749272
2.3991300000	0.0218238828
2.3998400000	0.0214804464
2.4005500000	0.0211294283
2.4012600000	0.0207818375
2.4019800000	0.0204419400
2.4026900000	0.0201093878
2.4034000000	0.0197839525
2.4041200000	0.0194653225
2.4048300000	0.0191531164
2.4055400000	0.0188474300
2.4062600000	0.0185478336
2.4069700000	0.0182540915
2.4076800000	0.0179658172
2.4083900000	0.0176830533
2.4091100000	0.0174054247
2.4098200000	0.0171328354
2.4105300000	0.0168650022
2.4112500000	0.0166017186
2.4119600000	0.0163427956
2.4126700000	0.0160880349
2.4133800000	0.0158372465
2.4141000000	0.0155902483
2.4148100000	0.0153468031
2.4155200000	0.0151068643
2.4162400000	0.0148702004
2.4169500000	0.0146366552
2.4176600000	0.0144060744
2.4183800000	0.0141781563
2.4190900000	0.0139528676
2.4198000000	0.0137303119
2.4205100000	0.0135101120
2.4212300000	0.0132921345
2.4219400000	0.0130764366
2.4226500000	0.0128628727
2.4233700000	0.0126510209
2.4240800000	0.0124413859
2.4247900000	0.0122336210
2.4255100000	0.0120276643
2.4262200000	0.0118233898
2.4269300000	0.0116210223
2.4276400000	0.0114204046
2.4283600000	0.0112215940
2.4290700000	0.0110246165
2.4297800000	0.0108295190
2.4305000000	0.0106364132
2.4312100000	0.0104453987
2.4319200000	0.0102565329
2.4326300000	0.0100698778
2.4333500000	0.0098858690
2.4340600000	0.0097041118
2.4347700000	0.0095258505
2.4354900000	0.0093512130
2.4362000000	0.0091803257
2.4369100000	0.0090134560
2.4376300000	0.0088508222
2.4383400000	0.0086931647
2.4390500000	0.0085407648
2.4397600000	0.0083940752
2.4404800000	0.0082535984
2.4411900000	0.0081198418
2.4419000000	0.0079933296
2.4426200000	0.0078746053
2.4433300000	0.0077642151
2.4440400000	0.0076625621
2.4447500000	0.0075704567
2.4454700000	0.0074882850
2.4461800000	0.0074165365
2.4468900000	0.0073553978
2.4476100000	0.0073054851
2.4483200000	0.0072674945
2.4490300000	0.0072415543
2.4497500000	0.0072277989
2.4504600000	0.0072257321
2.4511700000	0.0072366683
2.4518800000	0.0072599339
2.4526000000	0.0072953681
2.4533100000	0.0071473666
2.4540200000	0.0072126828
2.4547400000	0.0072895781
2.4554500000	0.0073773225
2.4561600000	0.0074754586
2.4568800000	0.0075830671
2.4575900000	0.0076992642
2.4583000000	0.0078230973
2.4590100000	0.0079535676
2.4597300000	0.0080896324
2.4604400000	0.0082302200
2.4611500000	0.0083740400
2.4618700000	0.0085204528
2.4625800000	0.0086680793
2.4632900000	0.0088161488
2.4640000000	0.0089637374
2.4647200000	0.0091098454
2.4654300000	0.0092536782
2.4661400000	0.0093945161
2.4668600000	0.0095317101
2.4675700000	0.0096645873
2.4682800000	0.0097929883
2.4690000000	0.0099163766
2.4697100000	0.0100344894
2.4704200000	0.0101471453
2.4711300000	0.0102542156
2.4718500000	0.0103556842
2.4725600000	0.0104515709
2.4732700000	0.0105419930
2.4739900000	0.0106270858
2.4747000000	0.0107070589
2.4754100000	0.0107822884
2.4761300000	0.0108527540
2.4768400000	0.0109188874
2.4775500000	0.0109809863
2.4782600000	0.0110393975
2.4789800000	0.0110944964
2.4796900000	0.0111465430
2.4804000000	0.0111959441
2.4811200000	0.0112429943
2.4818300000	0.0112880558
2.4825400000	0.0113314466
2.4832500000	0.0113734895
2.4839700000	0.0114144899
2.4846800000	0.0114547343
2.4853900000	0.0114944989
2.4861100000	0.0115340677
2.4868200000	0.0115736468
2.4875300000	0.0116134854
2.4882500000	0.0116537981
2.4889600000	0.0116947810
2.4896700000	0.0117366105
2.4903800000	0.0117794734
2.4911000000	0.0118235265
2.4918100000	0.0118688284
2.4925200000	0.0119155973
2.4932400000	0.0119638172
2.4939500000	0.0120136658
2.4946600000	0.0120651396
2.4953800000	0.0121183281
2.4960900000	0.0121733358
2.4968000000	0.0122300378
2.4975100000	0.0122885174
2.4982300000	0.0123487504
2.4989400000	0.0124107345
2.4996500000	0.0124743873
2.5003700000	0.0125434706
2.5010800000	0.0126178028
2.5017900000	0.0126936783
2.5025000000	0.0127709437
2.5032200000	0.0128494247
2.5039300000	0.0129289082
2.5046400000	0.0130091715
2.5053600000	0.0130899717
2.5060700000	0.0131710834
2.5067800000	0.0132521638
2.5075000000	0.0133328797
2.5082100000	0.0134129846
2.5089200000	0.0134920246
2.5096300000	0.0135696792
2.5103500000	0.0136455724
2.5110600000	0.0137193372
2.5117700000	0.0137905207
2.5124900000	0.0138587427
2.5132000000	0.0139235857
2.5139100000	0.0139846362
2.5146200000	0.0140414928
2.5153400000	0.0140937598
2.5160500000	0.0141410612
2.5167600000	0.0141830049
2.5174800000	0.0142193540
2.5181900000	0.0142496020
2.5189000000	0.0142735327
2.5196200000	0.0142909109
2.5203300000	0.0143015094
2.5210400000	0.0143052509
2.5217500000	0.0143017972
2.5224700000	0.0142911548
2.5231800000	0.0142732766
2.5238900000	0.0142481908
2.5246100000	0.0142159543
2.5253200000	0.0141765260
2.5260300000	0.0141301263
2.5267500000	0.0140891864
2.5274600000	0.0140290621
2.5281700000	0.0139626129
2.5288800000	0.0138900766
2.5296000000	0.0138117736
2.5303100000	0.0137280381
2.5310200000	0.0136392227
2.5317400000	0.0135456802
2.5324500000	0.0134478105
2.5331600000	0.0133459639
2.5338700000	0.0132405440
2.5345900000	0.0131319325
2.5353000000	0.0130205748
2.5360100000	0.0129067285
2.5367300000	0.0127909365
2.5374400000	0.0126733220
2.5381500000	0.0125543518
2.5388700000	0.0124343459
2.5395800000	0.0123136155
2.5402900000	0.0121924546
2.5410000000	0.0120711727
2.5417200000	0.0119500450
2.5424300000	0.0118291862
2.5431400000	0.0117089085
2.5438600000	0.0115894031
2.5445700000	0.0114708620
2.5452800000	0.0113534826
2.5460000000	0.0112373840
2.5467100000	0.0111227113
2.5474200000	0.0110096036
2.5481300000	0.0108981708
2.5488500000	0.0107885116
2.5495600000	0.0106807222
2.5502700000	0.0105748763
2.5509900000	0.0104710968
2.5517000000	0.0103693299
2.5524100000	0.0102696833
2.5531200000	0.0101721969
2.5538400000	0.0100769445
2.5545500000	0.0099838990
2.5552600000	0.0098930879
2.5559800000	0.0098045391
2.5566900000	0.0097182666
2.5574000000	0.0096342735
2.5581200000	0.0095525602
2.5588300000	0.0094731319
2.5595400000	0.0093959780
2.5602500000	0.0093210649
2.5609700000	0.0092483986
2.5616800000	0.0091779520
2.5623900000	0.0091096984
2.5631100000	0.0090436143
2.5638200000	0.0089796710
2.5645300000	0.0089178368
2.5652500000	0.0088580757
2.5659600000	0.0088003380
2.5666700000	0.0087445869
2.5673800000	0.0086907808
2.5681000000	0.0086388694
2.5688100000	0.0085888096
2.5695200000	0.0085405378
2.5702400000	0.0084940162
2.5709500000	0.0084491722
2.5716600000	0.0084059755
2.5723700000	0.0083643533
2.5730900000	0.0083242606
2.5738000000	0.0082856376
2.5745100000	0.0082484305
2.5752300000	0.0082125852
2.5759400000	0.0081780487
2.5766500000	0.0081447761
2.5773700000	0.0081127084
2.5780800000	0.0080818069
2.5787900000	0.0080520256
2.5795000000	0.0080233179
2.5802200000	0.0079956491
2.5809300000	0.0079689834
2.5816400000	0.0079432772
2.5823600000	0.0079185088
2.5830700000	0.0078946595
2.5837800000	0.0078716885
2.5844900000	0.0078495840
2.5852100000	0.0078283269
2.5859200000	0.0078078986
2.5866300000	0.0077882833
2.5873500000	0.0077694713
2.5880600000	0.0077514508
2.5887700000	0.0077342182
2.5894900000	0.0077177653
2.5902000000	0.0077020884
2.5909100000	0.0076871837
2.5916200000	0.0076730534
2.5923400000	0.0076596952
2.5930500000	0.0076471097
2.5937600000	0.0076352991
2.5944800000	0.0076242659
2.5951900000	0.0076140085
2.5959000000	0.0076045334
2.5966200000	0.0075958471
2.5973300000	0.0075879448
2.5980400000	0.0075808323
2.5987500000	0.0075745216
2.5994700000	0.0075690129
2.6001800000	0.0075668060
2.6008900000	0.0075729254
2.6016100000	0.0075800182
2.6023200000	0.0075880983
2.6030300000	0.0075971641
2.6037400000	0.0076072177
2.6044600000	0.0076183254
2.6051700000	0.0076303621
2.6058800000	0.0076434000
2.6066000000	0.0076574385
2.6073100000	0.0076724798
2.6080200000	0.0076885256
2.6087400000	0.0077055779
2.6094500000	0.0077236365
2.6101600000	0.0077427135
2.6108700000	0.0077628029
2.6115900000	0.0077839035
2.6123000000	0.0078060228
2.6130100000	0.0078291671
2.6137300000	0.0078533333
2.6144400000	0.0078785233
2.6151500000	0.0079047431
2.6158700000	0.0079320010
2.6165800000	0.0079602895
2.6172900000	0.0079896184
2.6180000000	0.0080199920
2.6187200000	0.0080514155
2.6194300000	0.0080838934
2.6201400000	0.0081174318
2.6208600000	0.0081520322
2.6215700000	0.0081877050
2.6222800000	0.0082244555
2.6229900000	0.0082622934
2.6237100000	0.0083012224
2.6244200000	0.0083412533
2.6251300000	0.0083823944
2.6258500000	0.0084246504
2.6265600000	0.0084680398
2.6272700000	0.0085125645
2.6279900000	0.0085582351
2.6287000000	0.0086050632
2.6294100000	0.0086530692
2.6301200000	0.0087022572
2.6308400000	0.0087526368
2.6315500000	0.0088042263
2.6322600000	0.0088570431
2.6329800000	0.0089110947
2.6336900000	0.0089663977
2.6344000000	0.0090229651
2.6351200000	0.0090808145
2.6358300000	0.0091399631
2.6365400000	0.0092004278
2.6372500000	0.0092622205
2.6379700000	0.0093253675
2.6386800000	0.0093898791
2.6393900000	0.0094557776
2.6401100000	0.0095230803
2.6408200000	0.0095918072
2.6415300000	0.0096619769
2.6422400000	0.0097336198
2.6429600000	0.0098067385
2.6436700000	0.0098813674
2.6443800000	0.0099575279
2.6451000000	0.0100352363
2.6458100000	0.0101145198
2.6465200000	0.0101954033
2.6472400000	0.0102779087
2.6479500000	0.0103620582
2.6486600000	0.0104478813
2.6493700000	0.0105354011
2.6500900000	0.0106246389
2.6508000000	0.0107156223
2.6515100000	0.0108083817
2.6522300000	0.0109029425
2.6529400000	0.0109993302
2.6536500000	0.0110975774
2.6543600000	0.0111977090
2.6550800000	0.0112997537
2.6557900000	0.0114037425
2.6565000000	0.0115097053
2.6572200000	0.0116176690
2.6579300000	0.0117276680
2.6586400000	0.0118397306
2.6593600000	0.0119538868
2.6600700000	0.0120701725
2.6607800000	0.0121886224
2.6614900000	0.0123092566
2.6622100000	0.0124321211
2.6629200000	0.0125572415
2.6636300000	0.0126846516
2.6643500000	0.0128143851
2.6650600000	0.0129464781
2.6657700000	0.0130809621
2.6664900000	0.0132178654
2.6672000000	0.0133572296
2.6679100000	0.0134990874
2.6686200000	0.0136434687
2.6693400000	0.0137904090
2.6700500000	0.0139399399
2.6707600000	0.0140921009
2.6714800000	0.0142469176
2.6721900000	0.0144044239
2.6729000000	0.0145646534
2.6736100000	0.0147276387
2.6743300000	0.0148934094
2.6750400000	0.0150619988
2.6757500000	0.0152334318
2.6764700000	0.0154077398
2.6771800000	0.0155849498
2.6778900000	0.0157650870
2.6786100000	0.0159481831
2.6793200000	0.0161342519
2.6800300000	0.0163233273
2.6807400000	0.0165154268
2.6814600000	0.0167105648
2.6821700000	0.0169070637
2.6828800000	0.0171083928
2.6836000000	0.0173128156
2.6843100000	0.0175203405
2.6850200000	0.0177309812
2.6857400000	0.0179447375
2.6864500000	0.0181616134
2.6871600000	0.0183816118
2.6878700000	0.0186047288
2.6885900000	0.0188309433
2.6893000000	0.0190602584
2.6900100000	0.0192926559
2.6907300000	0.0195280985
2.6914400000	0.0197666026
2.6921500000	0.0200080869
2.6928600000	0.0202525498
2.6935800000	0.0204999416
2.6942900000	0.0207501960
2.6950000000	0.0210033287
2.6957200000	0.0212591799
2.6964300000	0.0215177357
2.6971400000	0.0217789120
2.6978600000	0.0220426187
2.6985700000	0.0223087867
2.6992800000	0.0225772927
2.6999900000	0.0228480533
2.7007100000	0.0231549539
2.7014200000	0.0234651041
2.7021300000	0.0237781130
2.7028500000	0.0240937400
2.7035600000	0.0244118514
2.7042700000	0.0247321999
2.7049800000	0.0250545306
2.7057000000	0.0253786138
2.7064100000	0.0257042308
2.7071200000	0.0260310314
2.7078400000	0.0263587757
2.7085500000	0.0266870519
2.7092600000	0.0270155971
2.7099800000	0.0273440314
2.7106900000	0.0276719642
2.7114000000	0.0279989713
2.7121100000	0.0283246640
2.7128300000	0.0286485894
2.7135400000	0.0289703001
2.7142500000	0.0292893336
2.7149700000	0.0296051496
2.7156800000	0.0299172776
2.7163900000	0.0302251723
2.7171100000	0.0305283520
2.7178200000	0.0308262005
2.7185300000	0.0311182261
2.7192400000	0.0314037905
2.7199600000	0.0316823920
2.7206700000	0.0319533991
2.7213800000	0.0322162960
2.7221000000	0.0324704791
2.7228100000	0.0327153940
2.7235200000	0.0329503779
2.7242300000	0.0331750376
2.7249500000	0.0333886658
2.7256600000	0.0335908450
2.7263700000	0.0337810130
2.7270900000	0.0339586994
2.7278000000	0.0341234371
2.7285100000	0.0342748275
2.7292300000	0.0344123673
2.7299400000	0.0345357507
2.7306500000	0.0346446050
2.7313600000	0.0347386579
2.7320800000	0.0348176444
2.7327900000	0.0348813206
2.7335000000	0.0349295188
2.7342200000	0.0349621153
2.7349300000	0.0349789905
2.7356400000	0.0349801321
2.7363600000	0.0349655442
2.7370700000	0.0349352131
2.7377800000	0.0348893179
2.7384900000	0.0348279788
2.7392100000	0.0347513155
2.7399200000	0.0346595965
2.7406300000	0.0345531540
2.7413500000	0.0344322206
2.7420600000	0.0342970485
2.7427700000	0.0341480960
2.7434800000	0.0339857858
2.7442000000	0.0338105295
2.7449100000	0.0336227965
2.7456200000	0.0334230914
2.7463400000	0.0332119075
2.7470500000	0.0329897589
2.7477600000	0.0327572291
2.7484800000	0.0325148526
2.7491900000	0.0322631533
2.7499000000	0.0320027264
2.7506100000	0.0317341644
2.7513300000	0.0314580038
2.7520400000	0.0311748214
2.7527500000	0.0308851941
2.7534700000	0.0305897116
2.7541800000	0.0302888775
2.7548900000	0.0299832520
2.7556100000	0.0296733719
2.7563200000	0.0293597070
2.7570300000	0.0290428354
2.7577400000	0.0287231708
2.7584600000	0.0284012289
2.7591700000	0.0280775218
2.7598800000	0.0277523300
2.7606000000	0.0274261932
2.7613100000	0.0270994635
2.7620200000	0.0267963891
2.7627300000	0.0264684628
2.7634500000	0.0261410266
2.7641600000	0.0258144273
2.7648700000	0.0254889228
2.7655900000	0.0251648520
2.7663000000	0.0248424364
2.7670100000	0.0245219785
2.7677300000	0.0242036801
2.7684400000	0.0238877545
2.7691500000	0.0235744534
2.7698600000	0.0232639006
2.7705800000	0.0229562851
2.7712900000	0.0226518000
2.7720000000	0.0223505336
2.7727200000	0.0220526202
2.7734300000	0.0217582344
2.7741400000	0.0214674287
2.7748500000	0.0211802712
2.7755700000	0.0208969507
2.7762800000	0.0206174328
2.7769900000	0.0203418286
2.7777100000	0.0200701567
2.7784200000	0.0198025356
2.7791300000	0.0195389429
2.7798500000	0.0192794358
2.7805600000	0.0190240367
2.7812700000	0.0187727231
2.7819800000	0.0185255729
2.7827000000	0.0182825769
2.7834100000	0.0180437042
2.7841200000	0.0178089827
2.7848400000	0.0175784002
2.7855500000	0.0173519435
2.7862600000	0.0171296040
2.7869800000	0.0169113651
2.7876900000	0.0166971622
2.7884000000	0.0164869583
2.7891100000	0.0162808789
2.7898300000	0.0160788114
2.7905400000	0.0158807419
2.7912500000	0.0156865845
2.7919700000	0.0154963917
2.7926800000	0.0153100866
2.7933900000	0.0151276389
2.7941000000	0.0149490142
2.7948200000	0.0147741763
2.7955300000	0.0146030884
2.7962400000	0.0144357154
2.7969600000	0.0142720107
2.7976700000	0.0141119427
2.7983800000	0.0139554698
2.7991000000	0.0138025516
2.7998100000	0.0136531424
2.8005200000	0.0134947608
2.8012300000	0.0133361141
2.8019500000	0.0131818396
2.8026600000	0.0130318638
2.8033700000	0.0128861254
2.8040900000	0.0127445139
2.8048000000	0.0126069980
2.8055100000	0.0124734770
2.8062300000	0.0123439131
2.8069400000	0.0122182230
2.8076500000	0.0120963131
2.8083600000	0.0119780897
2.8090800000	0.0118634866
2.8097900000	0.0117523650
2.8105000000	0.0116447378
2.8112200000	0.0115404732
2.8119300000	0.0114394760
2.8126400000	0.0113416603
2.8133500000	0.0112469321
2.8140700000	0.0111552057
2.8147800000	0.0110663871
2.8154900000	0.0109803796
2.8162100000	0.0108970970
2.8169200000	0.0108164361
2.8176300000	0.0107383092
2.8183500000	0.0106626199
2.8190600000	0.0105892687
2.8197700000	0.0105181207
2.8204800000	0.0104491697
2.8212000000	0.0103822928
2.8219100000	0.0103173578
2.8226200000	0.0102543322
2.8233400000	0.0101930990
2.8240500000	0.0101335694
2.8247600000	0.0100756588
2.8254800000	0.0100192770
2.8261900000	0.0099643497
2.8269000000	0.0099107902
2.8276100000	0.0098585236
2.8283300000	0.0098074748
2.8290400000	0.0097575661
2.8297500000	0.0097087292
2.8304700000	0.0096608964
2.8311800000	0.0096140048
2.8318900000	0.0095679861
2.8326000000	0.0095227814
2.8333200000	0.0094783377
2.8340300000	0.0094345942
2.8347400000	0.0093914789
2.8354600000	0.0093489901
2.8361700000	0.0093070441
2.8368800000	0.0092656247
2.8376000000	0.0092246781
2.8383100000	0.0091841607
2.8390200000	0.0091440405
2.8397300000	0.0091042795
2.8404500000	0.0090648555
2.8411600000	0.0090257327
2.8418700000	0.0089868914
2.8425900000	0.0089407594
2.8433000000	0.0089027667
2.8440100000	0.0088649759
2.8447200000	0.0088273584
2.8454400000	0.0087899132
2.8461500000	0.0087526160
2.8468600000	0.0087154615
2.8475800000	0.0086784381
2.8482900000	0.0086415376
2.8490000000	0.0086047567
2.8497200000	0.0085680898
2.8504300000	0.0085315287
2.8511400000	0.0084950838
2.8518500000	0.0084587407
2.8525700000	0.0084225113
2.8532800000	0.0083863994
2.8539900000	0.0083503951
2.8547100000	0.0083145117
2.8554200000	0.0082787567
2.8561300000	0.0082431293
2.8568500000	0.0082076458
2.8575600000	0.0081723094
2.8582700000	0.0081371302
2.8589800000	0.0081021166
2.8597000000	0.0080672731
2.8604100000	0.0080326139
2.8611200000	0.0079981536
2.8618400000	0.0079639005
2.8625500000	0.0079298654
2.8632600000	0.0078960619
2.8639700000	0.0078624995
2.8646900000	0.0078291911
2.8654000000	0.0077961498
2.8661100000	0.0077633814
2.8668300000	0.0077309088
2.8675400000	0.0076987359
2.8682500000	0.0076668813
2.8689700000	0.0076353464
2.8696800000	0.0076041536
2.8703900000	0.0075733030
2.8711000000	0.0075428119
2.8718200000	0.0075126991
2.8725300000	0.0074829596
2.8732400000	0.0074536123
2.8739600000	0.0074246667
2.8746700000	0.0073961374
2.8753800000	0.0073680211
2.8761000000	0.0073403376
2.8768100000	0.0073130915
2.8775200000	0.0072862893
2.8782300000	0.0072599489
2.8789500000	0.0072340664
2.8796600000	0.0072086529
2.8803700000	0.0071837175
2.8810900000	0.0071592669
2.8818000000	0.0071353052
2.8825100000	0.0071118445
2.8832200000	0.0070888783
2.8839400000	0.0070664230
2.8846500000	0.0070444779
2.8853600000	0.0070230505
2.8860800000	0.0070021432
2.8867900000	0.0069817598
2.8875000000	0.0069619061
2.8882200000	0.0069425902
2.8889300000	0.0069238060
2.8896400000	0.0069055609
2.8903500000	0.0068878587
2.8910700000	0.0068707030
2.8917800000	0.0068540959
2.8924900000	0.0068380391
2.8932100000	0.0068225311
2.8939200000	0.0068075852
2.8946300000	0.0067931887
2.8953500000	0.0067793510
2.8960600000	0.0067660750
2.8967700000	0.0067533614
2.8974800000	0.0067412045
2.8982000000	0.0067296143
2.8989100000	0.0067185907
2.8996200000	0.0067081292
2.9003400000	0.0066994922
2.9010500000	0.0066929935
2.9017600000	0.0066872719
2.9024700000	0.0066823296
2.9031900000	0.0066781714
2.9039000000	0.0066747938
2.9046100000	0.0066721952
2.9053300000	0.0066703774
2.9060400000	0.0066693360
2.9067500000	0.0066690761
2.9074700000	0.0066695894
2.9081800000	0.0066708819
2.9088900000	0.0066729541
2.9096000000	0.0066758004
2.9103200000	0.0066794207
2.9110300000	0.0066838189
2.9117400000	0.0066889908
2.9124600000	0.0066949327
2.9131700000	0.0067016485
2.9138800000	0.0067091404
2.9145900000	0.0067173973
2.9153100000	0.0067264262
2.9160200000	0.0067362215
2.9167300000	0.0067467920
2.9174500000	0.0067581268
2.9181600000	0.0067702289
2.9188700000	0.0067830997
2.9195900000	0.0067967324
2.9203000000	0.0068111323
2.9210100000	0.0068262972
2.9217200000	0.0068422263
2.9224400000	0.0068589144
2.9231500000	0.0068763660
2.9238600000	0.0068945474
2.9245800000	0.0069135367
2.9252900000	0.0069332879
2.9260000000	0.0069537964
2.9267200000	0.0069750659
2.9274300000	0.0069970873
2.9281400000	0.0070198691
2.9288500000	0.0070434051
2.9295700000	0.0070676991
2.9302800000	0.0070927415
2.9309900000	0.0071185374
2.9317100000	0.0071450829
2.9324200000	0.0071723802
2.9331300000	0.0072004206
2.9338400000	0.0072292085
2.9345600000	0.0072587391
2.9352700000	0.0072890098
2.9359800000	0.0073200255
2.9367000000	0.0073517693
2.9374100000	0.0073842485
2.9381200000	0.0074174611
2.9388400000	0.0074514014
2.9395500000	0.0074860633
2.9402600000	0.0075214477
2.9409700000	0.0075575466
2.9416900000	0.0075943561
2.9424000000	0.0076318717
2.9431100000	0.0076700923
2.9438300000	0.0077090052
2.9445400000	0.0077486088
2.9452500000	0.0077888930
2.9459700000	0.0078298527
2.9466800000	0.0078714827
2.9473900000	0.0079137692
2.9481000000	0.0079567094
2.9488200000	0.0080002897
2.9495300000	0.0080445001
2.9502400000	0.0080893331
2.9509600000	0.0081347754
2.9516700000	0.0081808132
2.9523800000	0.0082274368
2.9530900000	0.0082746306
2.9538100000	0.0083223798
2.9545200000	0.0083706723
2.9552300000	0.0084194852
2.9559500000	0.0084688080
2.9566600000	0.0085186216
2.9573700000	0.0085689028
2.9580900000	0.0086196361
2.9588000000	0.0086707980
2.9595100000	0.0087223672
2.9602200000	0.0087743230
2.9609400000	0.0088266377
2.9616500000	0.0088792886
2.9623600000	0.0089322513
2.9630800000	0.0089854920
2.9637900000	0.0090389844
2.9645000000	0.0090927062
2.9652200000	0.0091466122
2.9659300000	0.0092006825
2.9666400000	0.0092548793
2.9673500000	0.0093091670
2.9680700000	0.0093635119
2.9687800000	0.0094178745
2.9694900000	0.0094722207
2.9702100000	0.0095265114
2.9709200000	0.0095807036
2.9716300000	0.0096347575
2.9723400000	0.0096886272
2.9730600000	0.0097422770
2.9737700000	0.0097956542
2.9744800000	0.0098487180
2.9752000000	0.0099014195
2.9759100000	0.0099537163
2.9766200000	0.0100055554
2.9773400000	0.0100568868
2.9780500000	0.0101076765
2.9787600000	0.0101578532
2.9794700000	0.0102073721
2.9801900000	0.0102561905
2.9809000000	0.0103042477
2.9816100000	0.0103515019
2.9823300000	0.0103978893
2.9830400000	0.0104433668
2.9837500000	0.0104878790
2.9844600000	0.0105313798
2.9851800000	0.0105738105
2.9858900000	0.0106151192
2.9866000000	0.0106552654
2.9873200000	0.0106941866
2.9880300000	0.0107318459
2.9887400000	0.0107681853
2.9894600000	0.0108031651
2.9901700000	0.0108367326
2.9908800000	0.0108688505
2.9915900000	0.0108994696
2.9923100000	0.0109285485
2.9930200000	0.0109560495
2.9937300000	0.0109819335
2.9944500000	0.0110061618
2.9951600000	0.0110287034
2.9958700000	0.0110495208
2.9965900000	0.0110685904
2.9973000000	0.0110858808
2.9980100000	0.0111013650
2.9987200000	0.0111150207
2.9994400000	0.0111268244
3.0001500000	0.0111365462
3.0008600000	0.0111428008
3.0015800000	0.0111459254
3.0022900000	0.0111459353
3.0030000000	0.0111428625
3.0037100000	0.0111367256
3.0044300000	0.0111275618
3.0051400000	0.0111154155
3.0058500000	0.0111051030
3.0065700000	0.0110870637
3.0072800000	0.0110662008
3.0079900000	0.0110425744
3.0087100000	0.0110162534
3.0094200000	0.0109873192
3.0101300000	0.0109558497
3.0108400000	0.0109219315
3.0115600000	0.0108856488
3.0122700000	0.0108470955
3.0129800000	0.0108063650
3.0137000000	0.0107635512
3.0144100000	0.0107187516
3.0151200000	0.0106720680
3.0158400000	0.0106235957
3.0165500000	0.0105734430
3.0172600000	0.0105217065
3.0179700000	0.0104684839
3.0186900000	0.0104138872
3.0194000000	0.0103580049
3.0201100000	0.0103009399
3.0208300000	0.0102427917
3.0215400000	0.0101836586
3.0222500000	0.0101236294
3.0229600000	0.0100627941
3.0236800000	0.0100012503
3.0243900000	0.0099390834
3.0251000000	0.0098763765
3.0258200000	0.0098132163
3.0265300000	0.0097496807
3.0272400000	0.0096858402
3.0279600000	0.0096217771
3.0286700000	0.0095575586
3.0293800000	0.0094932518
3.0300900000	0.0094289227
3.0308100000	0.0093646314
3.0315200000	0.0093004348
3.0322300000	0.0092363907
3.0329500000	0.0091725487
3.0336600000	0.0091089648
3.0343700000	0.0090456736
3.0350900000	0.0089827220
3.0358000000	0.0089201560
3.0365100000	0.0088580038
3.0372200000	0.0087963087
3.0379400000	0.0087350991
3.0386500000	0.0086744011
3.0393600000	0.0086142439
3.0400800000	0.0085546518
3.0407900000	0.0084956440
3.0415000000	0.0084372445
3.0422100000	0.0083794695
3.0429300000	0.0083223343
3.0436400000	0.0082658574
3.0443500000	0.0082100427
3.0450700000	0.0081549043
3.0457800000	0.0081004523
3.0464900000	0.0080466977
3.0472100000	0.0079936362
3.0479200000	0.0079412853
3.0486300000	0.0078896316
3.0493400000	0.0078386946
3.0500600000	0.0077884635
3.0507700000	0.0077389483
3.0514800000	0.0076901413
3.0522000000	0.0076420436
3.0529100000	0.0075946527
3.0536200000	0.0075479630
3.0543300000	0.0075019774
3.0550500000	0.0074566901
3.0557600000	0.0074120943
3.0564700000	0.0073681883
3.0571900000	0.0073249599
3.0579000000	0.0072824141
3.0586100000	0.0072405406
3.0593300000	0.0071993335
3.0600400000	0.0071587862
3.0607500000	0.0071188954
3.0614600000	0.0070796500
3.0621800000	0.0070410468
3.0628900000	0.0070030855
3.0636000000	0.0069657480
3.0643200000	0.0069290348
3.0650300000	0.0068929373
3.0657400000	0.0068574532
3.0664600000	0.0068225722
3.0671700000	0.0067882897
3.0678800000	0.0067545965
3.0685900000	0.0067214952
3.0693100000	0.0066889671
3.0700200000	0.0066570197
3.0707300000	0.0066256309
3.0714500000	0.0065948103
3.0721600000	0.0065645457
3.0728700000	0.0065348351
3.0735800000	0.0065056701
3.0743000000	0.0064770464
3.0750100000	0.0064489616
3.0757200000	0.0064214019
3.0764400000	0.0063943734
3.0771500000	0.0063678633
3.0778600000	0.0063418727
3.0785800000	0.0063163941
3.0792900000	0.0062914183
3.0800000000	0.0062669483
3.0807100000	0.0062429773
3.0814300000	0.0062195003
3.0821400000	0.0061965128
3.0828500000	0.0061726341
3.0835700000	0.0061506465
3.0842800000	0.0061291336
3.0849900000	0.0061080947
3.0857100000	0.0060875263
3.0864200000	0.0060674227
3.0871300000	0.0060477811
3.0878400000	0.0060285942
3.0885600000	0.0060098618
3.0892700000	0.0059915808
3.0899800000	0.0059737428
3.0907000000	0.0059563454
3.0914100000	0.0059393871
3.0921200000	0.0059228661
3.0928300000	0.0059067730
3.0935500000	0.0058911033
3.0942600000	0.0058758635
3.0949700000	0.0058610391
3.0956900000	0.0058466301
3.0964000000	0.0058326334
3.0971100000	0.0058190466
3.0978300000	0.0058058591
3.0985400000	0.0057930716
3.0992500000	0.0057806800
3.0999600000	0.0057686828
3.1006800000	0.0057590266
3.1013900000	0.0057501167
3.1021000000	0.0057418439
3.1028200000	0.0057341915
3.1035300000	0.0057271430
3.1042400000	0.0057206828
3.1049500000	0.0057148009
3.1056700000	0.0057094764
3.1063800000	0.0057046932
3.1070900000	0.0057004380
3.1078100000	0.0056966946
3.1085200000	0.0056934496
3.1092300000	0.0056906795
3.1099500000	0.0056883760
3.1106600000	0.0056865199
3.1113700000	0.0056850968
3.1120800000	0.0056840879
3.1128000000	0.0056834773
3.1135100000	0.0056832487
3.1142200000	0.0056833892
3.1149400000	0.0056838842
3.1156500000	0.0056847044
3.1163600000	0.0056858431
3.1170800000	0.0056872877
3.1177900000	0.0056890134
3.1185000000	0.0056910082
3.1192100000	0.0056932536
3.1199300000	0.0056957283
3.1206400000	0.0056984257
3.1213500000	0.0057013189
3.1220700000	0.0057044012
3.1227800000	0.0057076491
3.1234900000	0.0057110444
3.1242000000	0.0057145757
3.1249200000	0.0057182230
3.1256300000	0.0057219692
3.1263400000	0.0057258057
3.1270600000	0.0057297050
3.1277700000	0.0057336572
3.1284800000	0.0057376448
3.1292000000	0.0057416527
3.1299100000	0.0057456638
3.1306200000	0.0057496622
3.1313300000	0.0057536364
3.1320500000	0.0057575637
3.1327600000	0.0057614309
3.1334700000	0.0057652289
3.1341900000	0.0057689415
3.1349000000	0.0057725522
3.1356100000	0.0057760497
3.1363300000	0.0057794121
3.1370400000	0.0057826347
3.1377500000	0.0057857052
3.1384600000	0.0057886017
3.1391800000	0.0057913238
3.1398900000	0.0057938522
3.1406000000	0.0057961770
3.1413200000	0.0057982867
3.1420300000	0.0058001725
3.1427400000	0.0058018236
3.1434500000	0.0058032318
3.1441700000	0.0058043822
3.1448800000	0.0058052727
3.1455900000	0.0058058955
3.1463100000	0.0058062352
3.1470200000	0.0058062921
3.1477300000	0.0058060581
3.1484500000	0.0058055263
3.1491600000	0.0058046898
3.1498700000	0.0058035427
3.1505800000	0.0058020889
3.1513000000	0.0058003154
3.1520100000	0.0057982236
3.1527200000	0.0057958085
3.1534400000	0.0057930668
3.1541500000	0.0057905020
3.1548600000	0.0057871007
3.1555800000	0.0057833686
3.1562900000	0.0057793088
3.1570000000	0.0057749187
3.1577100000	0.0057701974
3.1584300000	0.0057651517
3.1591400000	0.0057597811
3.1598500000	0.0057540857
3.1605700000	0.0057480690
3.1612800000	0.0057417372
3.1619900000	0.0057350917
3.1627000000	0.0057281358
3.1634200000	0.0057208726
3.1641300000	0.0057133091
3.1648400000	0.0057054494
3.1655600000	0.0056972987
3.1662700000	0.0056888619
3.1669800000	0.0056801500
3.1677000000	0.0056711576
3.1684100000	0.0056619055
3.1691200000	0.0056523880
3.1698300000	0.0056426196
3.1705500000	0.0056326012
3.1712600000	0.0056223470
3.1719700000	0.0056118618
3.1726900000	0.0056011517
3.1734000000	0.0055902246
3.1741100000	0.0055790900
3.1748200000	0.0055677547
3.1755400000	0.0055562268
3.1762500000	0.0055445100
3.1769600000	0.0055326213
3.1776800000	0.0055205594
3.1783900000	0.0055083401
3.1791000000	0.0054959668
3.1798200000	0.0054834491
3.1805300000	0.0054707934
3.1812400000	0.0054580093
3.1819500000	0.0054451045
3.1826700000	0.0054320858
3.1833800000	0.0054189659
3.1840900000	0.0054057429
3.1848100000	0.0053924329
3.1855200000	0.0053790427
3.1862300000	0.0053655744
3.1869500000	0.0053520398
3.1876600000	0.0053384443
3.1883700000	0.0053247913
3.1890800000	0.0053110956
3.1898000000	0.0052973609
3.1905100000	0.0052835893
3.1912200000	0.0052697920
3.1919400000	0.0052559743
3.1926500000	0.0052421396
3.1933600000	0.0052282993
3.1940700000	0.0052144532
3.1947900000	0.0052006107
3.1955000000	0.0051867779
3.1962100000	0.0051729589
3.1969300000	0.0051591557
3.1976400000	0.0051453744
3.1983500000	0.0051316251
3.1990700000	0.0051179068
3.1997800000	0.0051042274
3.2004900000	0.0050880365
3.2012000000	0.0050709844
3.2019200000	0.0050542550
3.2026300000	0.0050378497
3.2033400000	0.0050217575
3.2040600000	0.0050059743
3.2047700000	0.0049904908
3.2054800000	0.0049753012
3.2062000000	0.0049603987
3.2069100000	0.0049457729
3.2076200000	0.0049314209
3.2083300000	0.0049173351
3.2090500000	0.0049035032
3.2097600000	0.0048899192
3.2104700000	0.0048765766
3.2111900000	0.0048634679
3.2119000000	0.0048505826
3.2126100000	0.0048379162
3.2133200000	0.0048254601
3.2140400000	0.0048132048
3.2147500000	0.0048011495
3.2154600000	0.0047892802
3.2161800000	0.0047775892
3.2168900000	0.0047660724
3.2176000000	0.0047547216
3.2183200000	0.0047435300
3.2190300000	0.0047324956
3.2197400000	0.0047216039
3.2204500000	0.0047108524
3.2211700000	0.0047002320
3.2218800000	0.0046897459
3.2225900000	0.0046793761
3.2233100000	0.0046691229
3.2240200000	0.0046589801
3.2247300000	0.0046489451
3.2254500000	0.0046391946
3.2261600000	0.0046293474
3.2268700000	0.0046195899
3.2275800000	0.0046099163
3.2283000000	0.0046003196
3.2290100000	0.0045908036
3.2297200000	0.0045813530
3.2304400000	0.0045719739
3.2311500000	0.0045626568
3.2318600000	0.0045533993
3.2325700000	0.0045442000
3.2332900000	0.0045350490
3.2340000000	0.0045259475
3.2347100000	0.0045168940
3.2354300000	0.0045078797
3.2361400000	0.0044989094
3.2368500000	0.0044899726
3.2375700000	0.0044810714
3.2382800000	0.0044722050
3.2389900000	0.0044633646
3.2397000000	0.0044545548
3.2404200000	0.0044457682
3.2411300000	0.0044370091
3.2418400000	0.0044282676
3.2425600000	0.0044195477
3.2432700000	0.0044108463
3.2439800000	0.0044021637
3.2446900000	0.0043934940
3.2454100000	0.0043848402
3.2461200000	0.0043762013
3.2468300000	0.0043675737
3.2475500000	0.0043589568
3.2482600000	0.0043503487
3.2489700000	0.0043417531
3.2496900000	0.0043331643
3.2504000000	0.0043245844
3.2511100000	0.0043160114
3.2518200000	0.0043074453
3.2525400000	0.0042988875
3.2532500000	0.0042903353
3.2539600000	0.0042817874
3.2546800000	0.0042732463
3.2553900000	0.0042647112
3.2561000000	0.0042561805
3.2568200000	0.0042476561
3.2575300000	0.0042391354
3.2582400000	0.0042306182
3.2589500000	0.0042221082
3.2596700000	0.0042136027
3.2603800000	0.0042051014
3.2610900000	0.0041966047
3.2618100000	0.0041881135
3.2625200000	0.0041796279
3.2632300000	0.0041711460
3.2639400000	0.0041626729
3.2646600000	0.0041542010
3.2653700000	0.0041457388
3.2660800000	0.0041372831
3.2668000000	0.0041288308
3.2675100000	0.0041203850
3.2682200000	0.0041119525
3.2689400000	0.0041035206
3.2696500000	0.0040950996
3.2703600000	0.0040866836
3.2710700000	0.0040782768
3.2717900000	0.0040698804
3.2725000000	0.0040614910
3.2732100000	0.0040531099
3.2739300000	0.0040447416
3.2746400000	0.0040363799
3.2753500000	0.0040280298
3.2760700000	0.0040196888
3.2767800000	0.0040113600
3.2774900000	0.0040030387
3.2782000000	0.0039947312
3.2789200000	0.0039864332
3.2796300000	0.0039781493
3.2803400000	0.0039698767
3.2810600000	0.0039616129
3.2817700000	0.0039533663
3.2824800000	0.0039451307
3.2831900000	0.0039369085
3.2839100000	0.0039287001
3.2846200000	0.0039205056
3.2853300000	0.0039123224
3.2860500000	0.0039041538
3.2867600000	0.0038959991
3.2874700000	0.0038878633
3.2881900000	0.0038797378
3.2889000000	0.0038716282
3.2896100000	0.0038635335
3.2903200000	0.0038554558
3.2910400000	0.0038473881
3.2917500000	0.0038393399
3.2924600000	0.0038313061
3.2931800000	0.0038232898
3.2938900000	0.0038152907
3.2946000000	0.0038076071
3.2953200000	0.0037996358
3.2960300000	0.0037916786
3.2967400000	0.0037837347
3.2974500000	0.0037758110
3.2981700000	0.0037679067
3.2988800000	0.0037600143
3.2995900000	0.0037521386
3.3003100000	0.0037456369
3.3010200000	0.0037409277
3.3017300000	0.0037362068
3.3024400000	0.0037314721
3.3031600000	0.0037267225
3.3038700000	0.0037219641
3.3045800000	0.0037171926
3.3053000000	0.0037124028
3.3060100000	0.0037076062
3.3067200000	0.0037027940
3.3074400000	0.0036979654
3.3081500000	0.0036931253
3.3088600000	0.0036882730
3.3095700000	0.0036834039
3.3102900000	0.0036785234
3.3110000000	0.0036736296
3.3117100000	0.0036687182
3.3124300000	0.0036637960
3.3131400000	0.0036588581
3.3138500000	0.0036539075
3.3145600000	0.0036489422
3.3152800000	0.0036439634
3.3159900000	0.0036389692
3.3167000000	0.0036339638
3.3174200000	0.0036289390
3.3181300000	0.0036239050
3.3188400000	0.0036188554
3.3195600000	0.0036137952
3.3202700000	0.0036087158
3.3209800000	0.0036036245
3.3216900000	0.0035985206
3.3224100000	0.0035934020
3.3231200000	0.0035882685
3.3238300000	0.0035831236
3.3245500000	0.0035779669
3.3252600000	0.0035727910
3.3259700000	0.0035676030
3.3266900000	0.0035624033
3.3274000000	0.0035571937
3.3281100000	0.0035519623
3.3288200000	0.0035467225
3.3295400000	0.0035414694
3.3302500000	0.0035362027
3.3309600000	0.0035309193
3.3316800000	0.0035256293
3.3323900000	0.0035203213
3.3331000000	0.0035150047
3.3338100000	0.0035096710
3.3345300000	0.0035043258
3.3352400000	0.0034989681
3.3359500000	0.0034935991
3.3366700000	0.0034882149
3.3373800000	0.0034828220
3.3380900000	0.0034774141
3.3388100000	0.0034719949
3.3395200000	0.0034665645
3.3402300000	0.0034611195
3.3409400000	0.0034556658
3.3416600000	0.0034501986
3.3423700000	0.0034447183
3.3430800000	0.0034392279
3.3438000000	0.0034337242
3.3445100000	0.0034282116
3.3452200000	0.0034226885
3.3459400000	0.0034171520
3.3466500000	0.0034116038
3.3473600000	0.0034060462
3.3480700000	0.0034004785
3.3487900000	0.0033948966
3.3495000000	0.0033893067
3.3502100000	0.0033837064
3.3509300000	0.0033780937
3.3516400000	0.0033724720
3.3523500000	0.0033668397
3.3530600000	0.0033611969
3.3537800000	0.0033555445
3.3544900000	0.0033498827
3.3552000000	0.0033442112
3.3559200000	0.0033385318
3.3566300000	0.0033328388
3.3573400000	0.0033271377
3.3580600000	0.0033214265
3.3587700000	0.0033157078
3.3594800000	0.0033099789
3.3601900000	0.0033042436
3.3609100000	0.0032984988
3.3616200000	0.0032927430
3.3623300000	0.0032869799
3.3630500000	0.0032812087
3.3637600000	0.0032754287
3.3644700000	0.0032696410
3.3651900000	0.0032638446
3.3659000000	0.0032580401
3.3666100000	0.0032522287
3.3673200000	0.0032464097
3.3680400000	0.0032405805
3.3687500000	0.0032347497
3.3694600000	0.0032289059
3.3701800000	0.0032230585
3.3708900000	0.0032172002
3.3716000000	0.0032113382
3.3723100000	0.0032054687
3.3730300000	0.0031995929
3.3737400000	0.0031937080
3.3744500000	0.0031878187
3.3751700000	0.0031819270
3.3758800000	0.0031760264
3.3765900000	0.0031701175
3.3773100000	0.0031642051
3.3780200000	0.0031582847
3.3787300000	0.0031523608
3.3794400000	0.0031464305
3.3801600000	0.0031404942
3.3808700000	0.0031345529
3.3815800000	0.0031286047
3.3823000000	0.0031226548
3.3830100000	0.0031167008
3.3837200000	0.0031107402
3.3844300000	0.0031047734
3.3851500000	0.0030988049
3.3858600000	0.0030928334
3.3865700000	0.0030868534
3.3872900000	0.0030808750
3.3880000000	0.0030748848
3.3887100000	0.0030688990
3.3894300000	0.0030629041
3.3901400000	0.0030569106
3.3908500000	0.0030509099
3.3915600000	0.0030449069
3.3922800000	0.0030388992
3.3929900000	0.0030328921
3.3937000000	0.0030268820
3.3944200000	0.0030208656
3.3951300000	0.0030148488
3.3958400000	0.0030088290
3.3965600000	0.0030028070
3.3972700000	0.0029967830
3.3979800000	0.0029907568
3.3986900000	0.0029847292
3.3994100000	0.0029786993
3.4001200000	0.0029733394
3.4008300000	0.0029713022
3.4015500000	0.0029692656
3.4022600000	0.0029672306
3.4029700000	0.0029652025
3.4036800000	0.0029631691
3.4044000000	0.0029611411
3.4051100000	0.0029591115
3.4058200000	0.0029570893
3.4065400000	0.0029550640
3.4072500000	0.0029530422
3.4079600000	0.0029510223
3.4086800000	0.0029489993
3.4093900000	0.0029469829
3.4101000000	0.0029449650
3.4108100000	0.0029429514
3.4115300000	0.0029409373
3.4122400000	0.0029389274
3.4129500000	0.0029369173
3.4136700000	0.0029349075
3.4143800000	0.0029328996
3.4150900000	0.0029308942
3.4158100000	0.0029288897
3.4165200000	0.0029268851
3.4172300000	0.0029248851
3.4179400000	0.0029228824
3.4186600000	0.0029208839
3.4193700000	0.0029188833
3.4200800000	0.0029168883
3.4208000000	0.0029148921
3.4215100000	0.0029128991
3.4222200000	0.0029109057
3.4229300000	0.0029089136
3.4236500000	0.0029069212
3.4243600000	0.0029049330
3.4250700000	0.0029029437
3.4257900000	0.0029009565
3.4265000000	0.0028989692
3.4272100000	0.0028969831
3.4279300000	0.0028950015
3.4286400000	0.0028930178
3.4293500000	0.0028910331
3.4300600000	0.0028890543
3.4307800000	0.0028870731
3.4314900000	0.0028850958
3.4322000000	0.0028831160
3.4329200000	0.0028811384
3.4336300000	0.0028791614
3.4343400000	0.0028771848
3.4350600000	0.0028752102
3.4357700000	0.0028732355
3.4364800000	0.0028712613
3.4371900000	0.0028692900
3.4379100000	0.0028673171
3.4386200000	0.0028653462
3.4393300000	0.0028633746
3.4400500000	0.0028614081
3.4407600000	0.0028594349
3.4414700000	0.0028574677
3.4421800000	0.0028555005
3.4429000000	0.0028535335
3.4436100000	0.0028515663
3.4443200000	0.0028496003
3.4450400000	0.0028476360
3.4457500000	0.0028456713
3.4464600000	0.0028437058
3.4471800000	0.0028417426
3.4478900000	0.0028397765
3.4486000000	0.0028378166
3.4493100000	0.0028358488
3.4500300000	0.0028338876
3.4507400000	0.0028319269
3.4514500000	0.0028299642
3.4521700000	0.0028280021
3.4528800000	0.0028260413
3.4535900000	0.0028240795
3.4543000000	0.0028221168
3.4550200000	0.0028201574
3.4557300000	0.0028181963
3.4564400000	0.0028162340
3.4571600000	0.0028142754
3.4578700000	0.0028123146
3.4585800000	0.0028103537
3.4593000000	0.0028083913
3.4600100000	0.0028064322
3.4607200000	0.0028044727
3.4614300000	0.0028025119
3.4621500000	0.0028005519
3.4628600000	0.0027985911
3.4635700000	0.0027966298
3.4642900000	0.0027946666
3.4650000000	0.0027927065
3.4657100000	0.0027907452
3.4664300000	0.0027887841
3.4671400000	0.0027868234
3.4678500000	0.0027848588
3.4685600000	0.0027828953
3.4692800000	0.0027809311
3.4699900000	0.0027789680
3.4707000000	0.0027770052
3.4714200000	0.0027750388
3.4721300000	0.0027730734
3.4728400000	0.0027711088
3.4735500000	0.0027691417
3.4742700000	0.0027671749
3.4749800000	0.0027652069
3.4756900000	0.0027632400
3.4764100000	0.0027612704
3.4771200000	0.0027592994
3.4778300000	0.0027573289
3.4785500000	0.0027553584
3.4792600000	0.0027533877
3.4799700000	0.0027514132
3.4806800000	0.0027494406
3.4814000000	0.0027474634
3.4821100000	0.0027454900
3.4828200000	0.0027435124
3.4835400000	0.0027415349
3.4842500000	0.0027395539
3.4849600000	0.0027375768
3.4856800000	0.0027355943
3.4863900000	0.0027336114
3.4871000000	0.0027316283
3.4878100000	0.0027296446
3.4885300000	0.0027276587
3.4892400000	0.0027256710
3.4899500000	0.0027236810
3.4906700000	0.0027216914
3.4913800000	0.0027196990
3.4920900000	0.0027177051
3.4928000000	0.0027157111
3.4935200000	0.0027137149
3.4942300000	0.0027117178
3.4949400000	0.0027097193
3.4956600000	0.0027077175
3.4963700000	0.0027057158
3.4970800000	0.0027037100
3.4978000000	0.0027017071
3.4985100000	0.0026996993
3.4992200000	0.0026976879
3.4999300000	0.0026956758
3.5006500000	0.0026929797
3.5013600000	0.0026902195
3.5020700000	0.0026874632
3.5027900000	0.0026847082
3.5035000000	0.0026819569
3.5042100000	0.0026792087
3.5049200000	0.0026764647
3.5056400000	0.0026737236
3.5063500000	0.0026709844
3.5070600000	0.0026682507
3.5077800000	0.0026655184
3.5084900000	0.0026627919
3.5092000000	0.0026600676
3.5099200000	0.0026573484
3.5106300000	0.0026546293
3.5113400000	0.0026519168
3.5120500000	0.0026492026
3.5127700000	0.0026464977
3.5134800000	0.0026437926
3.5141900000	0.0026410910
3.5149100000	0.0026383924
3.5156200000	0.0026357002
3.5163300000	0.0026330080
3.5170500000	0.0026303199
3.5177600000	0.0026276342
3.5184700000	0.0026249526
3.5191800000	0.0026222747
3.5199000000	0.0026196033
3.5206100000	0.0026169286
3.5213200000	0.0026142602
3.5220400000	0.0026115952
3.5227500000	0.0026088704
3.5234600000	0.0026062112
3.5241700000	0.0026035586
3.5248900000	0.0026009072
3.5256000000	0.0025982568
3.5263100000	0.0025956109
3.5270300000	0.0025929700
3.5277400000	0.0025903332
3.5284500000	0.0025876964
3.5291700000	0.0025850653
3.5298800000	0.0025824338
3.5305900000	0.0025798092
3.5313000000	0.0025771839
3.5320200000	0.0025745670
3.5327300000	0.0025719489
3.5334400000	0.0025693367
3.5341600000	0.0025667258
3.5348700000	0.0025641182
3.5355800000	0.0025615178
3.5363000000	0.0025589137
3.5370100000	0.0025563189
3.5377200000	0.0025537255
3.5384300000	0.0025511332
3.5391500000	0.0025485464
3.5398600000	0.0025459611
3.5405700000	0.0025433806
3.5412900000	0.0025408009
3.5420000000	0.0025382270
3.5427100000	0.0025356541
3.5434200000	0.0025330830
3.5441400000	0.0025305189
3.5448500000	0.0025279564
3.5455600000	0.0025253979
3.5462800000	0.0025228408
3.5469900000	0.0025202863
3.5477000000	0.0025177374
3.5484200000	0.0025151905
3.5491300000	0.0025126471
3.5498400000	0.0025101063
3.5505500000	0.0025075707
3.5512700000	0.0025050332
3.5519800000	0.0025025029
3.5526900000	0.0024999716
3.5534100000	0.0024974472
3.5541200000	0.0024949259
3.5548300000	0.0024924066
3.5555500000	0.0024898901
3.5562600000	0.0024873758
3.5569700000	0.0024848675
3.5576800000	0.0024823575
3.5584000000	0.0024798572
3.5591100000	0.0024773547
3.5598200000	0.0024748571
3.5605400000	0.0024723600
3.5612500000	0.0024698705
3.5619600000	0.0024673826
3.5626700000	0.0024648951
3.5633900000	0.0024624131
3.5641000000	0.0024599350
3.5648100000	0.0024574586
3.5655300000	0.0024549822
3.5662400000	0.0024525107
3.5669500000	0.0024500440
3.5676700000	0.0024475823
3.5683800000	0.0024451191
3.5690900000	0.0024426613
3.5698000000	0.0024402049
3.5705200000	0.0024377501
3.5712300000	0.0024353018
3.5719400000	0.0024328539
3.5726600000	0.0024304118
3.5733700000	0.0024279712
3.5740800000	0.0024255337
3.5747900000	0.0024230982
3.5755100000	0.0024206668
3.5762200000	0.0024182373
3.5769300000	0.0024158123
3.5776500000	0.0024133876
3.5783600000	0.0024109679
3.5790700000	0.0024085522
3.5797900000	0.0024061378
3.5805000000	0.0024037266
3.5812100000	0.0024013181
3.5819200000	0.0023989115
3.5826400000	0.0023965095
3.5833500000	0.0023941102
3.5840600000	0.0023917149
3.5847800000	0.0023893191
3.5854900000	0.0023869304
3.5862000000	0.0023845404
3.5869200000	0.0023821555
3.5876300000	0.0023797745
3.5883400000	0.0023773951
3.5890500000	0.0023750167
3.5897700000	0.0023726441
3.5904800000	0.0023702746
3.5911900000	0.0023679086
3.5919100000	0.0023655413
3.5926200000	0.0023631808
3.5933300000	0.0023608209
3.5940400000	0.0023584638
3.5947600000	0.0023561102
3.5954700000	0.0023537608
3.5961800000	0.0023514120
3.5969000000	0.0023490682
3.5976100000	0.0023467256
3.5983200000	0.0023443884
3.5990400000	0.0023420512
3.5997500000	0.0023397161
3.6004600000	0.0023370007
3.6011700000	0.0023340766
3.6018900000	0.0023311586
3.6026000000	0.0023282436
3.6033100000	0.0023253326
3.6040300000	0.0023224246
3.6047400000	0.0023195184
3.6054500000	0.0023166172
3.6061700000	0.0023137185
3.6068800000	0.0023108271
3.6075900000	0.0023079335
3.6083000000	0.0023050486
3.6090200000	0.0023021653
3.6097300000	0.0022992874
3.6104400000	0.0022964097
3.6111600000	0.0022935380
3.6118700000	0.0022906697
3.6125800000	0.0022878027
3.6132900000	0.0022849420
3.6140100000	0.0022820823
3.6147200000	0.0022792302
3.6154300000	0.0022763790
3.6161500000	0.0022735300
3.6168600000	0.0022706875
3.6175700000	0.0022678471
3.6182900000	0.0022650113
3.6190000000	0.0022621770
3.6197100000	0.0022593453
3.6204200000	0.0022565225
3.6211400000	0.0022536975
3.6218500000	0.0022508789
3.6225600000	0.0022480627
3.6232800000	0.0022452505
3.6239900000	0.0022424417
3.6247000000	0.0022396367
3.6254200000	0.0022368355
3.6261300000	0.0022340359
3.6268400000	0.0022312412
3.6275500000	0.0022284531
3.6282700000	0.0022256621
3.6289800000	0.0022228765
3.6296900000	0.0022200955
3.6304100000	0.0022173205
3.6311200000	0.0022145444
3.6318300000	0.0022117752
3.6325400000	0.0022090066
3.6332600000	0.0022062440
3.6339700000	0.0022034824
3.6346800000	0.0022007281
3.6354000000	0.0021979751
3.6361100000	0.0021952247
3.6368200000	0.0021924779
3.6375400000	0.0021897359
3.6382500000	0.0021869941
3.6389600000	0.0021842574
3.6396700000	0.0021815264
3.6403900000	0.0021787950
3.6411000000	0.0021760674
3.6418100000	0.0021733473
3.6425300000	0.0021706265
3.6432400000	0.0021679125
3.6439500000	0.0021651986
3.6446600000	0.0021624899
3.6453800000	0.0021597818
3.6460900000	0.0021570799
3.6468000000	0.0021543813
3.6475200000	0.0021516864
3.6482300000	0.0021489928
3.6489400000	0.0021463027
3.6496600000	0.0021436180
3.6503700000	0.0021409346
3.6510800000	0.0021382535
3.6517900000	0.0021355798
3.6525100000	0.0021329066
3.6532200000	0.0021302384
3.6539300000	0.0021275719
3.6546500000	0.0021249094
3.6553600000	0.0021222505
3.6560700000	0.0021195942
3.6567900000	0.0021169407
3.6575000000	0.0021142903
3.6582100000	0.0021116463
3.6589200000	0.0021090025
3.6596400000	0.0021063641
3.6603500000	0.0021037274
3.6610600000	0.0021010931
3.6617800000	0.0020984654
3.6624900000	0.0020958368
3.6632000000	0.0020932141
3.6639100000	0.0020905940
3.6646300000	0.0020879776
3.6653400000	0.0020853624
3.6660500000	0.0020827538
3.6667700000	0.0020801476
3.6674800000	0.0020775415
3.6681900000	0.0020749397
3.6689100000	0.0020723445
3.6696200000	0.0020697498
3.6703300000	0.0020671582
3.6710400000	0.0020645691
3.6717600000	0.0020619848
3.6724700000	0.0020594048
3.6731800000	0.0020568260
3.6739000000	0.0020542510
3.6746100000	0.0020516814
3.6753200000	0.0020491120
3.6760400000	0.0020465454
3.6767500000	0.0020439846
3.6774600000	0.0020414234
3.6781700000	0.0020388688
3.6788900000	0.0020363178
3.6796000000	0.0020337670
3.6803100000	0.0020312197
3.6810300000	0.0020286760
3.6817400000	0.0020261363
3.6824500000	0.0020235993
3.6831600000	0.0020210650
3.6838800000	0.0020185348
3.6845900000	0.0020160076
3.6853000000	0.0020134823
3.6860200000	0.0020109624
3.6867300000	0.0020084439
3.6874400000	0.0020059278
3.6881600000	0.0020034168
3.6888700000	0.0020009085
3.6895800000	0.0019984015
3.6902900000	0.0019958973
3.6910100000	0.0019933986
3.6917200000	0.0019909024
3.6924300000	0.0019884062
3.6931500000	0.0019859172
3.6938600000	0.0019834304
3.6945700000	0.0019809465
3.6952900000	0.0019784651
3.6960000000	0.0019759884
3.6967100000	0.0019735135
3.6974200000	0.0019710413
3.6981400000	0.0019685729
3.6988500000	0.0019661068
3.6995600000	0.0019636424
3.7002800000	0.0019611149
3.7009900000	0.0019584817
3.7017000000	0.0019558487
3.7024100000	0.0019532485
3.7031300000	0.0019506227
3.7038400000	0.0019480035
3.7045500000	0.0019453857
3.7052700000	0.0019427704
3.7059800000	0.0019401606
3.7066900000	0.0019375560
3.7074100000	0.0019349475
3.7081200000	0.0019323499
3.7088300000	0.0019297518
3.7095400000	0.0019271577
3.7102600000	0.0019245669
3.7109700000	0.0019219806
3.7116800000	0.0019193978
3.7124000000	0.0019168175
3.7131100000	0.0019142392
3.7138200000	0.0019116632
3.7145300000	0.0019090958
3.7152500000	0.0019065270
3.7159600000	0.0019039631
3.7166700000	0.0019014021
3.7173900000	0.0018988451
3.7181000000	0.0018962920
3.7188100000	0.0018937413
3.7195300000	0.0018911922
3.7202400000	0.0018886510
3.7209500000	0.0018861099
3.7216600000	0.0018835738
3.7223800000	0.0018810373
3.7230900000	0.0018785077
3.7238000000	0.0018759770
3.7245200000	0.0018734553
3.7252300000	0.0018709338
3.7259400000	0.0018684164
3.7266600000	0.0018659015
3.7273700000	0.0018633884
3.7280800000	0.0018608820
3.7287900000	0.0018583788
3.7295100000	0.0018558753
3.7302200000	0.0018533773
3.7309300000	0.0018508830
3.7316500000	0.0018483910
3.7323600000	0.0018459003
3.7330700000	0.0018434152
3.7337800000	0.0018409343
3.7345000000	0.0018384555
3.7352100000	0.0018359784
3.7359200000	0.0018335085
3.7366400000	0.0018310380
3.7373500000	0.0018285720
3.7380600000	0.0018261102
3.7387800000	0.0018236503
3.7394900000	0.0018211913
3.7402000000	0.0018187394
3.7409100000	0.0018162890
3.7416300000	0.0018138410
3.7423400000	0.0018113967
3.7430500000	0.0018089564
3.7437700000	0.0018065196
3.7444800000	0.0018040858
3.7451900000	0.0018016533
3.7459100000	0.0017992240
3.7466200000	0.0017968003
3.7473300000	0.0017943786
3.7480400000	0.0017919593
3.7487600000	0.0017895451
3.7494700000	0.0017871302
3.7501800000	0.0017847232
3.7509000000	0.0017823170
3.7516100000	0.0017799124
3.7523200000	0.0017775120
3.7530300000	0.0017751156
3.7537500000	0.0017727234
3.7544600000	0.0017703311
3.7551700000	0.0017679431
3.7558900000	0.0017655591
3.7566000000	0.0017631784
3.7573100000	0.0017608003
3.7580300000	0.0017584232
3.7587400000	0.0017560531
3.7594500000	0.0017536838
3.7601600000	0.0017513165
3.7608800000	0.0017489529
3.7615900000	0.0017465950
3.7623000000	0.0017442381
3.7630200000	0.0017418830
3.7637300000	0.0017395321
3.7644400000	0.0017371852
3.7651600000	0.0017348403
3.7658700000	0.0017324978
3.7665800000	0.0017301604
3.7672900000	0.0017278241
3.7680100000	0.0017254931
3.7687200000	0.0017231625
3.7694300000	0.0017208362
3.7701500000	0.0017185135
3.7708600000	0.0017161933
3.7715700000	0.0017138737
3.7722800000	0.0017115605
3.7730000000	0.0017092502
3.7737100000	0.0017069420
3.7744200000	0.0017046356
3.7751400000	0.0017023323
3.7758500000	0.0017000340
3.7765600000	0.0016977360
3.7772800000	0.0016954425
3.7779900000	0.0016931524
3.7787000000	0.0016908639
3.7794100000	0.0016885820
3.7801300000	0.0016862985
3.7808400000	0.0016840213
3.7815500000	0.0016817431
3.7822700000	0.0016794706
3.7829800000	0.0016772005
3.7836900000	0.0016749361
3.7844000000	0.0016726708
3.7851200000	0.0016704096
3.7858300000	0.0016681509
3.7865400000	0.0016658963
3.7872600000	0.0016636439
3.7879700000	0.0016613940
3.7886800000	0.0016591481
3.7894000000	0.0016569044
3.7901100000	0.0016546652
3.7908200000	0.0016524265
3.7915300000	0.0016501916
3.7922500000	0.0016479595
3.7929600000	0.0016457296
3.7936700000	0.0016435054
3.7943900000	0.0016412802
3.7951000000	0.0016390605
3.7958100000	0.0016368433
3.7965300000	0.0016346288
3.7972400000	0.0016324183
3.7979500000	0.0016302083
3.7986600000	0.0016280039
3.7993800000	0.0016257985
3.8000900000	0.0016235836
3.8008000000	0.0016212699
3.8015200000	0.0016189567
3.8022300000	0.0016166486
3.8029400000	0.0016143416
3.8036500000	0.0016120387
3.8043700000	0.0016097387
3.8050800000	0.0016074433
3.8057900000	0.0016051505
3.8065100000	0.0016028586
3.8072200000	0.0016005716
3.8079300000	0.0015982892
3.8086500000	0.0015960078
3.8093600000	0.0015937291
3.8100700000	0.0015914548
3.8107800000	0.0015891838
3.8115000000	0.0015869149
3.8122100000	0.0015846493
3.8129200000	0.0015823881
3.8136400000	0.0015801281
3.8143500000	0.0015778726
3.8150600000	0.0015756197
3.8157800000	0.0015733697
3.8164900000	0.0015711223
3.8172000000	0.0015688779
3.8179100000	0.0015666379
3.8186300000	0.0015644009
3.8193400000	0.0015621662
3.8200500000	0.0015599345
3.8207700000	0.0015577058
3.8214800000	0.0015554794
3.8221900000	0.0015532576
3.8229000000	0.0015510386
3.8236200000	0.0015488225
3.8243300000	0.0015466090
3.8250400000	0.0015443985
3.8257600000	0.0015421902
3.8264700000	0.0015399870
3.8271800000	0.0015377852
3.8279000000	0.0015355871
3.8286100000	0.0015333923
3.8293200000	0.0015311998
3.8300300000	0.0015290104
3.8307500000	0.0015268241
3.8314600000	0.0015246408
3.8321700000	0.0015224606
3.8328900000	0.0015202831
3.8336000000	0.0015181088
3.8343100000	0.0015159377
3.8350300000	0.0015137693
3.8357400000	0.0015116039
3.8364500000	0.0015094414
3.8371600000	0.0015072821
3.8378800000	0.0015051256
3.8385900000	0.0015029718
3.8393000000	0.0015008210
3.8400200000	0.0014986734
3.8407300000	0.0014965289
3.8414400000	0.0014943868
3.8421500000	0.0014922482
3.8428700000	0.0014901119
3.8435800000	0.0014879791
3.8442900000	0.0014858492
3.8450100000	0.0014837217
3.8457200000	0.0014815975
3.8464300000	0.0014794764
3.8471500000	0.0014773577
3.8478600000	0.0014752424
3.8485700000	0.0014731297
3.8492800000	0.0014710198
3.8500000000	0.0014689133
3.8507100000	0.0014668093
3.8514200000	0.0014647080
3.8521400000	0.0014626100
3.8528500000	0.0014605146
3.8535600000	0.0014584221
3.8542700000	0.0014563329
3.8549900000	0.0014542460
3.8557000000	0.0014521621
3.8564100000	0.0014500810
3.8571300000	0.0014480031
3.8578400000	0.0014459275
3.8585500000	0.0014438554
3.8592700000	0.0014417858
3.8599800000	0.0014397191
3.8606900000	0.0014376549
3.8614000000	0.0014355939
3.8621200000	0.0014335356
3.8628300000	0.0014314801
3.8635400000	0.0014294277
3.8642600000	0.0014273780
3.8649700000	0.0014253308
3.8656800000	0.0014232867
3.8664000000	0.0014212458
3.8671100000	0.0014192071
3.8678200000	0.0014171712
3.8685300000	0.0014151381
3.8692500000	0.0014131082
3.8699600000	0.0014110809
3.8706700000	0.0014090558
3.8713900000	0.0014070344
3.8721000000	0.0014050155
3.8728100000	0.0014029992
3.8735200000	0.0014009859
3.8742400000	0.0013989751
3.8749500000	0.0013969674
3.8756600000	0.0013949619
3.8763800000	0.0013929598
3.8770900000	0.0013909598
3.8778000000	0.0013889632
3.8785200000	0.0013869689
3.8792300000	0.0013849777
3.8799400000	0.0013829889
3.8806500000	0.0013810029
3.8813700000	0.0013790197
3.8820800000	0.0013770394
3.8827900000	0.0013750615
3.8835100000	0.0013730866
3.8842200000	0.0013711145
3.8849300000	0.0013691445
3.8856500000	0.0013671781
3.8863600000	0.0013652138
3.8870700000	0.0013632522
3.8877800000	0.0013612937
3.8885000000	0.0013593374
3.8892100000	0.0013573840
3.8899200000	0.0013554335
3.8906400000	0.0013534858
3.8913500000	0.0013515407
3.8920600000	0.0013495979
3.8927700000	0.0013476577
3.8934900000	0.0013457205
3.8942000000	0.0013437861
3.8949100000	0.0013418539
3.8956300000	0.0013399250
3.8963400000	0.0013379982
3.8970500000	0.0013360744
3.8977700000	0.0013341529
3.8984800000	0.0013322346
3.8991900000	0.0013303185
3.8999000000	0.0013284049
3.9006200000	0.0013263646
3.9013300000	0.0013243071
3.9020400000	0.0013222522
3.9027600000	0.0013202012
3.9034700000	0.0013181526
3.9041800000	0.0013161070
3.9048900000	0.0013140647
3.9056100000	0.0013120253
3.9063200000	0.0013099890
3.9070300000	0.0013079555
3.9077500000	0.0013059249
3.9084600000	0.0013038977
3.9091700000	0.0013018732
3.9098900000	0.0012998519
3.9106000000	0.0012978333
3.9113100000	0.0012958179
3.9120200000	0.0012938055
3.9127400000	0.0012917957
3.9134500000	0.0012897893
3.9141600000	0.0012877858
3.9148800000	0.0012857853
3.9155900000	0.0012837875
3.9163000000	0.0012817929
3.9170200000	0.0012798008
3.9177300000	0.0012778123
3.9184400000	0.0012758265
3.9191500000	0.0012738433
3.9198700000	0.0012718635
3.9205800000	0.0012698864
3.9212900000	0.0012679124
3.9220100000	0.0012659410
3.9227200000	0.0012639729
3.9234300000	0.0012620075
3.9241400000	0.0012600451
3.9248600000	0.0012580856
3.9255700000	0.0012561293
3.9262800000	0.0012541755
3.9270000000	0.0012522245
3.9277100000	0.0012502765
3.9284200000	0.0012483317
3.9291400000	0.0012463897
3.9298500000	0.0012444504
3.9305600000	0.0012425140
3.9312700000	0.0012405803
3.9319900000	0.0012386500
3.9327000000	0.0012367219
3.9334100000	0.0012347975
3.9341300000	0.0012328753
3.9348400000	0.0012309561
3.9355500000	0.0012290398
3.9362700000	0.0012271263
3.9369800000	0.0012252156
3.9376900000	0.0012233081
3.9384000000	0.0012214031
3.9391200000	0.0012195012
3.9398300000	0.0012176018
3.9405400000	0.0012157053
3.9412600000	0.0012138118
3.9419700000	0.0012119211
3.9426800000	0.0012100333
3.9433900000	0.0012081481
3.9441100000	0.0012062658
3.9448200000	0.0012043863
3.9455300000	0.0012025097
3.9462500000	0.0012006359
3.9469600000	0.0011987647
3.9476700000	0.0011968964
3.9483900000	0.0011950307
3.9491000000	0.0011931680
3.9498100000	0.0011913081
3.9505200000	0.0011894509
3.9512400000	0.0011875966
3.9519500000	0.0011857448
3.9526600000	0.0011838960
3.9533800000	0.0011820498
3.9540900000	0.0011802066
3.9548000000	0.0011783662
3.9555200000	0.0011765283
3.9562300000	0.0011746930
3.9569400000	0.0011728609
3.9576500000	0.0011710313
3.9583700000	0.0011692044
3.9590800000	0.0011673805
3.9597900000	0.0011655592
3.9605100000	0.0011637403
3.9612200000	0.0011619245
3.9619300000	0.0011601112
3.9626400000	0.0011583009
3.9633600000	0.0011564932
3.9640700000	0.0011546879
3.9647800000	0.0011528856
3.9655000000	0.0011510860
3.9662100000	0.0011492891
3.9669200000	0.0011474949
3.9676400000	0.0011457036
3.9683500000	0.0011439146
3.9690600000	0.0011421283
3.9697700000	0.0011403446
3.9704900000	0.0011385640
3.9712000000	0.0011367857
3.9719100000	0.0011350103
3.9726300000	0.0011332376
3.9733400000	0.0011314674
3.9740500000	0.0011296999
3.9747600000	0.0011279354
3.9754800000	0.0011261729
3.9761900000	0.0011244135
3.9769000000	0.0011226569
3.9776200000	0.0011209026
3.9783300000	0.0011191508
3.9790400000	0.0011174022
3.9797600000	0.0011156556
3.9804700000	0.0011139121
3.9811800000	0.0011121711
3.9818900000	0.0011104325
3.9826100000	0.0011086971
3.9833200000	0.0011069637
3.9840300000	0.0011052331
3.9847500000	0.0011035052
3.9854600000	0.0011017797
3.9861700000	0.0011000572
3.9868900000	0.0010983367
3.9876000000	0.0010966195
3.9883100000	0.0010949042
3.9890200000	0.0010931919
3.9897400000	0.0010914821
3.9904500000	0.0010897750
3.9911600000	0.0010880702
3.9918800000	0.0010863682
3.9925900000	0.0010846686
3.9933000000	0.0010829718
3.9940100000	0.0010812774
3.9947300000	0.0010795856
3.9954400000	0.0010778962
3.9961500000	0.0010762098
3.9968700000	0.0010745255
3.9975800000	0.0010728439
3.9982900000	0.0010711652
3.9990100000	0.0010694886
3.9997200000	0.0010678146
4.0004300000	0.0010660281
4.0011400000	0.0010641694
4.0018600000	0.0010623137
4.0025700000	0.0010604612
4.0032800000	0.0010586116
4.0040000000	0.0010567649
4.0047100000	0.0010549211
4.0054200000	0.0010530803
4.0061400000	0.0010512422
4.0068500000	0.0010494073
4.0075600000	0.0010475750
4.0082700000	0.0010457457
4.0089900000	0.0010439196
4.0097000000	0.0010420960
4.0104100000	0.0010402757
4.0111300000	0.0010384581
4.0118400000	0.0010366393
4.0125500000	0.0010348275
4.0132600000	0.0010330183
4.0139800000	0.0010312128
4.0146900000	0.0010294094
4.0154000000	0.0010276094
4.0161200000	0.0010258121
4.0168300000	0.0010240178
4.0175400000	0.0010222262
4.0182600000	0.0010204377
4.0189700000	0.0010186518
4.0196800000	0.0010168689
4.0203900000	0.0010150891
4.0211100000	0.0010133121
4.0218200000	0.0010115376
4.0225300000	0.0010097662
4.0232500000	0.0010079977
4.0239600000	0.0010062321
4.0246700000	0.0010044692
4.0253900000	0.0010027092
4.0261000000	0.0010009521
4.0268100000	0.0009991977
4.0275200000	0.0009974463
4.0282400000	0.0009956977
4.0289500000	0.0009939518
4.0296600000	0.0009922089
4.0303800000	0.0009904689
4.0310900000	0.0009887315
4.0318000000	0.0009869972
4.0325100000	0.0009852654
4.0332300000	0.0009835366
4.0339400000	0.0009818107
4.0346500000	0.0009800872
4.0353700000	0.0009783670
4.0360800000	0.0009766493
4.0367900000	0.0009749343
4.0375100000	0.0009732226
4.0382200000	0.0009715136
4.0389300000	0.0009698073
4.0396400000	0.0009681034
4.0403600000	0.0009664028
4.0410700000	0.0009647049
4.0417800000	0.0009630095
4.0425000000	0.0009613173
4.0432100000	0.0009596276
4.0439200000	0.0009579406
4.0446300000	0.0009562563
4.0453500000	0.0009545753
4.0460600000	0.0009528966
4.0467700000	0.0009512210
4.0474900000	0.0009495475
4.0482000000	0.0009478774
4.0489100000	0.0009462097
4.0496300000	0.0009445449
4.0503400000	0.0009428831
4.0510500000	0.0009412237
4.0517600000	0.0009395671
4.0524800000	0.0009379132
4.0531900000	0.0009362623
4.0539000000	0.0009346140
4.0546200000	0.0009329682
4.0553300000	0.0009313254
4.0560400000	0.0009296852
4.0567600000	0.0009280477
4.0574700000	0.0009264131
4.0581800000	0.0009247809
4.0588900000	0.0009231516
4.0596100000	0.0009215253
4.0603200000	0.0009199014
4.0610300000	0.0009182801
4.0617500000	0.0009166614
4.0624600000	0.0009150458
4.0631700000	0.0009134326
4.0638800000	0.0009118225
4.0646000000	0.0009102144
4.0653100000	0.0009086094
4.0660200000	0.0009070069
4.0667400000	0.0009054073
4.0674500000	0.0009038101
4.0681600000	0.0009022160
4.0688800000	0.0009006244
4.0695900000	0.0008990355
4.0703000000	0.0008974488
4.0710100000	0.0008958651
4.0717300000	0.0008942841
4.0724400000	0.0008927057
4.0731500000	0.0008911300
4.0738700000	0.0008895567
4.0745800000	0.0008879863
4.0752900000	0.0008864186
4.0760100000	0.0008848533
4.0767200000	0.0008832908
4.0774300000	0.0008817308
4.0781400000	0.0008801736
4.0788600000	0.0008786187
4.0795700000	0.0008770668
4.0802800000	0.0008755176
4.0810000000	0.0008739704
4.0817100000	0.0008724260
4.0824200000	0.0008708848
4.0831300000	0.0008693456
4.0838500000	0.0008678094
4.0845600000	0.0008662757
4.0852700000	0.0008647443
4.0859900000	0.0008632159
4.0867000000	0.0008616898
4.0874100000	0.0008601663
4.0881300000	0.0008586454
4.0888400000	0.0008571271
4.0895500000	0.0008556114
4.0902600000	0.0008540983
4.0909800000	0.0008525876
4.0916900000	0.0008510797
4.0924000000	0.0008495742
4.0931200000	0.0008480715
4.0938300000	0.0008465709
4.0945400000	0.0008450733
4.0952600000	0.0008435779
4.0959700000	0.0008420849
4.0966800000	0.0008405950
4.0973900000	0.0008391077
4.0981100000	0.0008376226
4.0988200000	0.0008361397
4.0995300000	0.0008346600
4.1002500000	0.0008331219
4.1009600000	0.0008314716
4.1016700000	0.0008298235
4.1023800000	0.0008281775
4.1031000000	0.0008265333
4.1038100000	0.0008248916
4.1045200000	0.0008232517
4.1052400000	0.0008216140
4.1059500000	0.0008199783
4.1066600000	0.0008183448
4.1073800000	0.0008167135
4.1080900000	0.0008150841
4.1088000000	0.0008134570
4.1095100000	0.0008118322
4.1102300000	0.0008102091
4.1109400000	0.0008085883
4.1116500000	0.0008069697
4.1123700000	0.0008053535
4.1130800000	0.0008037394
4.1137900000	0.0008021269
4.1145000000	0.0008005170
4.1152200000	0.0007989091
4.1159300000	0.0007973035
4.1166400000	0.0007957001
4.1173600000	0.0007940990
4.1180700000	0.0007924999
4.1187800000	0.0007909029
4.1195000000	0.0007893082
4.1202100000	0.0007877159
4.1209200000	0.0007861256
4.1216300000	0.0007845376
4.1223500000	0.0007829517
4.1230600000	0.0007813683
4.1237700000	0.0007797865
4.1244900000	0.0007782075
4.1252000000	0.0007766308
4.1259100000	0.0007750563
4.1266300000	0.0007734836
4.1273400000	0.0007719132
4.1280500000	0.0007703454
4.1287600000	0.0007687797
4.1294800000	0.0007672162
4.1301900000	0.0007656551
4.1309000000	0.0007640962
4.1316200000	0.0007625394
4.1323300000	0.0007609850
4.1330400000	0.0007594329
4.1337500000	0.0007578831
4.1344700000	0.0007563354
4.1351800000	0.0007547904
4.1358900000	0.0007532474
4.1366100000	0.0007517067
4.1373200000	0.0007501682
4.1380300000	0.0007486321
4.1387500000	0.0007470982
4.1394600000	0.0007455668
4.1401700000	0.0007440378
4.1408800000	0.0007425108
4.1416000000	0.0007409865
4.1423100000	0.0007394643
4.1430200000	0.0007379443
4.1437400000	0.0007364266
4.1444500000	0.0007349111
4.1451600000	0.0007333985
4.1458800000	0.0007318879
4.1465900000	0.0007303797
4.1473000000	0.0007288739
4.1480100000	0.0007273703
4.1487300000	0.0007258691
4.1494400000	0.0007243703
4.1501500000	0.0007228734
4.1508700000	0.0007213794
4.1515800000	0.0007198877
4.1522900000	0.0007183983
4.1530000000	0.0007169113
4.1537200000	0.0007154265
4.1544300000	0.0007139439
4.1551400000	0.0007124638
4.1558600000	0.0007109863
4.1565700000	0.0007095111
4.1572800000	0.0007080382
4.1580000000	0.0007065676
4.1587100000	0.0007050995
4.1594200000	0.0007036338
4.1601300000	0.0007021705
4.1608500000	0.0007007093
4.1615600000	0.0006992509
4.1622700000	0.0006977946
4.1629900000	0.0006963410
4.1637000000	0.0006948893
4.1644100000	0.0006934403
4.1651300000	0.0006919934
4.1658400000	0.0006905493
4.1665500000	0.0006891076
4.1672600000	0.0006876679
4.1679800000	0.0006862310
4.1686900000	0.0006847963
4.1694000000	0.0006833641
4.1701200000	0.0006819342
4.1708300000	0.0006805067
4.1715400000	0.0006790818
4.1722500000	0.0006776592
4.1729700000	0.0006762388
4.1736800000	0.0006748213
4.1743900000	0.0006734057
4.1751100000	0.0006719927
4.1758200000	0.0006705822
4.1765300000	0.0006691741
4.1772500000	0.0006677683
4.1779600000	0.0006663651
4.1786700000	0.0006649641
4.1793800000	0.0006635657
4.1801000000	0.0006621696
4.1808100000	0.0006607758
4.1815200000	0.0006593848
4.1822400000	0.0006579959
4.1829500000	0.0006566098
4.1836600000	0.0006552257
4.1843700000	0.0006538440
4.1850900000	0.0006524652
4.1858000000	0.0006510888
4.1865100000	0.0006497144
4.1872300000	0.0006483427
4.1879400000	0.0006469730
4.1886500000	0.0006456062
4.1893700000	0.0006442419
4.1900800000	0.0006428796
4.1907900000	0.0006415199
4.1915000000	0.0006401629
4.1922200000	0.0006388078
4.1929300000	0.0006374555
4.1936400000	0.0006361056
4.1943600000	0.0006347582
4.1950700000	0.0006334034
4.1957800000	0.0006320607
4.1965000000	0.0006307204
4.1972100000	0.0006293825
4.1979200000	0.0006280473
4.1986300000	0.0006267146
4.1993500000	0.0006253839
4.2000600000	0.0006240709
4.2007700000	0.0006229226
4.2014900000	0.0006217728
4.2022000000	0.0006206212
4.2029100000	0.0006194683
4.2036200000	0.0006183132
4.2043400000	0.0006171570
4.2050500000	0.0006159993
4.2057600000	0.0006148397
4.2064800000	0.0006136789
4.2071900000	0.0006125165
4.2079000000	0.0006113526
4.2086200000	0.0006101869
4.2093300000	0.0006090198
4.2100400000	0.0006078515
4.2107500000	0.0006066814
4.2114700000	0.0006055101
4.2121800000	0.0006043372
4.2128900000	0.0006031628
4.2136100000	0.0006019868
4.2143200000	0.0006008097
4.2150300000	0.0005996311
4.2157500000	0.0005984509
4.2164600000	0.0005972692
4.2171700000	0.0005960864
4.2178800000	0.0005949020
4.2186000000	0.0005937166
4.2193100000	0.0005925295
4.2200200000	0.0005913410
4.2207400000	0.0005901515
4.2214500000	0.0005889605
4.2221600000	0.0005877680
4.2228700000	0.0005865745
4.2235900000	0.0005853798
4.2243000000	0.0005841831
4.2250100000	0.0005829860
4.2257300000	0.0005817872
4.2264400000	0.0005805872
4.2271500000	0.0005793861
4.2278700000	0.0005781836
4.2285800000	0.0005769800
4.2292900000	0.0005757754
4.2300000000	0.0005745692
4.2307200000	0.0005733621
4.2314300000	0.0005721541
4.2321400000	0.0005709448
4.2328600000	0.0005697340
4.2335700000	0.0005685225
4.2342800000	0.0005673099
4.2349900000	0.0005660960
4.2357100000	0.0005648814
4.2364200000	0.0005636656
4.2371300000	0.0005624488
4.2378500000	0.0005612308
4.2385600000	0.0005600118
4.2392700000	0.0005587919
4.2399900000	0.0005575712
4.2407000000	0.0005563494
4.2414100000	0.0005551267
4.2421200000	0.0005539031
4.2428400000	0.0005526788
4.2435500000	0.0005514532
4.2442600000	0.0005502269
4.2449800000	0.0005489998
4.2456900000	0.0005477716
4.2464000000	0.0005465427
4.2471200000	0.0005453130
4.2478300000	0.0005440826
4.2485400000	0.0005428514
4.2492500000	0.0005416194
4.2499700000	0.0005403867
4.2506800000	0.0005391534
4.2513900000	0.0005379194
4.2521100000	0.0005366846
4.2528200000	0.0005354491
4.2535300000	0.0005342130
4.2542400000	0.0005329761
4.2549600000	0.0005317386
4.2556700000	0.0005305007
4.2563800000	0.0005292621
4.2571000000	0.0005280231
4.2578100000	0.0005267834
4.2585200000	0.0005255433
4.2592400000	0.0005243024
4.2599500000	0.0005230613
4.2606600000	0.0005218195
4.2613700000	0.0005205774
4.2620900000	0.0005193347
4.2628000000	0.0005180917
4.2635100000	0.0005168482
4.2642300000	0.0005156046
4.2649400000	0.0005143605
4.2656500000	0.0005131160
4.2663700000	0.0005118712
4.2670800000	0.0005106263
4.2677900000	0.0005093806
4.2685000000	0.0005081351
4.2692200000	0.0005068891
4.2699300000	0.0005056429
4.2706400000	0.0005043968
4.2713600000	0.0005031502
4.2720700000	0.0005019036
4.2727800000	0.0005006565
4.2734900000	0.0004994096
4.2742100000	0.0004981624
4.2749200000	0.0004969154
4.2756300000	0.0004956681
4.2763500000	0.0004944207
4.2770600000	0.0004931736
4.2777700000	0.0004919261
4.2784900000	0.0004906789
4.2792000000	0.0004894314
4.2799100000	0.0004881843
4.2806200000	0.0004869367
4.2813400000	0.0004856898
4.2820500000	0.0004844427
4.2827600000	0.0004831959
4.2834800000	0.0004819493
4.2841900000	0.0004807025
4.2849000000	0.0004794562
4.2856200000	0.0004782099
4.2863300000	0.0004769640
4.2870400000	0.0004757182
4.2877500000	0.0004744728
4.2884700000	0.0004732276
4.2891800000	0.0004719830
4.2898900000	0.0004707379
4.2906100000	0.0004694940
4.2913200000	0.0004682501
4.2920300000	0.0004670068
4.2927400000	0.0004657636
4.2934600000	0.0004645212
4.2941700000	0.0004632791
4.2948800000	0.0004620371
4.2956000000	0.0004607959
4.2963100000	0.0004595553
4.2970200000	0.0004583150
4.2977400000	0.0004570754
4.2984500000	0.0004558365
4.2991600000	0.0004545978
4.2998700000	0.0004533601
4.3005900000	0.0004527027
4.3013000000	0.0004521691
4.3020100000	0.0004516349
4.3027300000	0.0004510996
4.3034400000	0.0004505637
4.3041500000	0.0004500272
4.3048600000	0.0004494899
4.3055800000	0.0004489518
4.3062900000	0.0004484133
4.3070000000	0.0004478734
4.3077200000	0.0004473331
4.3084300000	0.0004467920
4.3091400000	0.0004462502
4.3098600000	0.0004457072
4.3105700000	0.0004451637
4.3112800000	0.0004446195
4.3119900000	0.0004440743
4.3127100000	0.0004435284
4.3134200000	0.0004429816
4.3141300000	0.0004424339
4.3148500000	0.0004418853
4.3155600000	0.0004413359
4.3162700000	0.0004407859
4.3169900000	0.0004402349
4.3177000000	0.0004396828
4.3184100000	0.0004391300
4.3191200000	0.0004385762
4.3198400000	0.0004380217
4.3205500000	0.0004374659
4.3212600000	0.0004369095
4.3219800000	0.0004363522
4.3226900000	0.0004357939
4.3234000000	0.0004352347
4.3241100000	0.0004346745
4.3248300000	0.0004341133
4.3255400000	0.0004335512
4.3262500000	0.0004329881
4.3269700000	0.0004324239
4.3276800000	0.0004318589
4.3283900000	0.0004312928
4.3291100000	0.0004307257
4.3298200000	0.0004301576
4.3305300000	0.0004295883
4.3312400000	0.0004290183
4.3319600000	0.0004284471
4.3326700000	0.0004278750
4.3333800000	0.0004273016
4.3341000000	0.0004267275
4.3348100000	0.0004261519
4.3355200000	0.0004255754
4.3362400000	0.0004249979
4.3369500000	0.0004244191
4.3376600000	0.0004238394
4.3383700000	0.0004232585
4.3390900000	0.0004226766
4.3398000000	0.0004220932
4.3405100000	0.0004215091
4.3412300000	0.0004209237
4.3419400000	0.0004203374
4.3426500000	0.0004197494
4.3433600000	0.0004191605
4.3440800000	0.0004185703
4.3447900000	0.0004179792
4.3455000000	0.0004173867
4.3462200000	0.0004167929
4.3469300000	0.0004161979
4.3476400000	0.0004156017
4.3483600000	0.0004150048
4.3490700000	0.0004144062
4.3497800000	0.0004138062
4.3504900000	0.0004132051
4.3512100000	0.0004126028
4.3519200000	0.0004119990
4.3526300000	0.0004113941
4.3533500000	0.0004107880
4.3540600000	0.0004101807
4.3547700000	0.0004095716
4.3554900000	0.0004089616
4.3562000000	0.0004083497
4.3569100000	0.0004077371
4.3576200000	0.0004071231
4.3583400000	0.0004065076
4.3590500000	0.0004058908
4.3597600000	0.0004052723
4.3604800000	0.0004046528
4.3611900000	0.0004040318
4.3619000000	0.0004034098
4.3626100000	0.0004027859
4.3633300000	0.0004021605
4.3640400000	0.0004015338
4.3647500000	0.0004009058
4.3654700000	0.0004002762
4.3661800000	0.0003996454
4.3668900000	0.0003990130
4.3676100000	0.0003983790
4.3683200000	0.0003977435
4.3690300000	0.0003971066
4.3697400000	0.0003964684
4.3704600000	0.0003958287
4.3711700000	0.0003951871
4.3718800000	0.0003945445
4.3726000000	0.0003939002
4.3733100000	0.0003932543
4.3740200000	0.0003926067
4.3747300000	0.0003919576
4.3754500000	0.0003913070
4.3761600000	0.0003906550
4.3768700000	0.0003900011
4.3775900000	0.0003893460
4.3783000000	0.0003886891
4.3790100000	0.0003880304
4.3797300000	0.0003873704
4.3804400000	0.0003867090
4.3811500000	0.0003860455
4.3818600000	0.0003853803
4.3825800000	0.0003847138
4.3832900000	0.0003840457
4.3840000000	0.0003833757
4.3847200000	0.0003827039
4.3854300000	0.0003820309
4.3861400000	0.0003813559
4.3868600000	0.0003806792
4.3875700000	0.0003800008
4.3882800000	0.0003793209
4.3889900000	0.0003786391
4.3897100000	0.0003779555
4.3904200000	0.0003772704
4.3911300000	0.0003765832
4.3918500000	0.0003758945
4.3925600000	0.0003752042
4.3932700000	0.0003745118
4.3939800000	0.0003738178
4.3947000000	0.0003731221
4.3954100000	0.0003724247
4.3961200000	0.0003717253
4.3968400000	0.0003710241
4.3975500000	0.0003703211
4.3982600000	0.0003696164
4.3989800000	0.0003689096
4.3996900000	0.0003682010
4.4004000000	0.0003676667
4.4011100000	0.0003672681
4.4018300000	0.0003668697
4.4025400000	0.0003664709
4.4032500000	0.0003660722
4.4039700000	0.0003656731
4.4046800000	0.0003652739
4.4053900000	0.0003648744
4.4061100000	0.0003644748
4.4068200000	0.0003640751
4.4075300000	0.0003636751
4.4082400000	0.0003632750
4.4089600000	0.0003628748
4.4096700000	0.0003624743
4.4103800000	0.0003620736
4.4111000000	0.0003616730
4.4118100000	0.0003612720
4.4125200000	0.0003608704
4.4132300000	0.0003604690
4.4139500000	0.0003600672
4.4146600000	0.0003596655
4.4153700000	0.0003592633
4.4160900000	0.0003588608
4.4168000000	0.0003584585
4.4175100000	0.0003580557
4.4182300000	0.0003576525
4.4189400000	0.0003572497
4.4196500000	0.0003568460
4.4203600000	0.0003564421
4.4210800000	0.0003560380
4.4217900000	0.0003556337
4.4225000000	0.0003552293
4.4232200000	0.0003548246
4.4239300000	0.0003544194
4.4246400000	0.0003540142
4.4253600000	0.0003536085
4.4260700000	0.0003532028
4.4267800000	0.0003527965
4.4274900000	0.0003523901
4.4282100000	0.0003519833
4.4289200000	0.0003515763
4.4296300000	0.0003511690
4.4303500000	0.0003507613
4.4310600000	0.0003503534
4.4317700000	0.0003499453
4.4324800000	0.0003495365
4.4332000000	0.0003491276
4.4339100000	0.0003487184
4.4346200000	0.0003483089
4.4353400000	0.0003478991
4.4360500000	0.0003474889
4.4367600000	0.0003470780
4.4374800000	0.0003466674
4.4381900000	0.0003462560
4.4389000000	0.0003458443
4.4396100000	0.0003454321
4.4403300000	0.0003450197
4.4410400000	0.0003446072
4.4417500000	0.0003441943
4.4424700000	0.0003437806
4.4431800000	0.0003433669
4.4438900000	0.0003429524
4.4446000000	0.0003425377
4.4453200000	0.0003421225
4.4460300000	0.0003417070
4.4467400000	0.0003412914
4.4474600000	0.0003408750
4.4481700000	0.0003404586
4.4488800000	0.0003400412
4.4496000000	0.0003396237
4.4503100000	0.0003392057
4.4510200000	0.0003387873
4.4517300000	0.0003383685
4.4524500000	0.0003379491
4.4531600000	0.0003375292
4.4538700000	0.0003371089
4.4545900000	0.0003366884
4.4553000000	0.0003362672
4.4560100000	0.0003358456
4.4567300000	0.0003354236
4.4574400000	0.0003350009
4.4581500000	0.0003345778
4.4588600000	0.0003341543
4.4595800000	0.0003337300
4.4602900000	0.0003333056
4.4610000000	0.0003328804
4.4617200000	0.0003324549
4.4624300000	0.0003320288
4.4631400000	0.0003316021
4.4638500000	0.0003311749
4.4645700000	0.0003307471
4.4652800000	0.0003303188
4.4659900000	0.0003298898
4.4667100000	0.0003294606
4.4674200000	0.0003290305
4.4681300000	0.0003286003
4.4688500000	0.0003281690
4.4695600000	0.0003277375
4.4702700000	0.0003273053
4.4709800000	0.0003268724
4.4717000000	0.0003264394
4.4724100000	0.0003260051
4.4731200000	0.0003255706
4.4738400000	0.0003251353
4.4745500000	0.0003246997
4.4752600000	0.0003242631
4.4759800000	0.0003238261
4.4766900000	0.0003233882
4.4774000000	0.0003229500
4.4781100000	0.0003225110
4.4788300000	0.0003220713
4.4795400000	0.0003216310
4.4802500000	0.0003211900
4.4809700000	0.0003207485
4.4816800000	0.0003203061
4.4823900000	0.0003198632
4.4831000000	0.0003194198
4.4838200000	0.0003189754
4.4845300000	0.0003185302
4.4852400000	0.0003180845
4.4859600000	0.0003176380
4.4866700000	0.0003171907
4.4873800000	0.0003167429
4.4881000000	0.0003162944
4.4888100000	0.0003158449
4.4895200000	0.0003153948
4.4902300000	0.0003149439
4.4909500000	0.0003144923
4.4916600000	0.0003140402
4.4923700000	0.0003135868
4.4930900000	0.0003131330
4.4938000000	0.0003126782
4.4945100000	0.0003122227
4.4952300000	0.0003117664
4.4959400000	0.0003113093
4.4966500000	0.0003108514
4.4973600000	0.0003103928
4.4980800000	0.0003099332
4.4987900000	0.0003094730
4.4995000000	0.0003090116
4.5002200000	0.0003086170
4.5009300000	0.0003083775
4.5016400000	0.0003081381
4.5023500000	0.0003078990
4.5030700000	0.0003076602
4.5037800000	0.0003074212
4.5044900000	0.0003071825
4.5052100000	0.0003069437
4.5059200000	0.0003067056
4.5066300000	0.0003064670
4.5073500000	0.0003062289
4.5080600000	0.0003059911
4.5087700000	0.0003057533
4.5094800000	0.0003055155
4.5102000000	0.0003052777
4.5109100000	0.0003050403
4.5116200000	0.0003048032
4.5123400000	0.0003045660
4.5130500000	0.0003043291
4.5137600000	0.0003040924
4.5144700000	0.0003038556
4.5151900000	0.0003036187
4.5159000000	0.0003033822
4.5166100000	0.0003031462
4.5173300000	0.0003029096
4.5180400000	0.0003026739
4.5187500000	0.0003024375
4.5194700000	0.0003022017
4.5201800000	0.0003019661
4.5208900000	0.0003017303
4.5216000000	0.0003014948
4.5223200000	0.0003012592
4.5230300000	0.0003010240
4.5237400000	0.0003007889
4.5244600000	0.0003005538
4.5251700000	0.0003003189
4.5258800000	0.0003000841
4.5266000000	0.0002998492
4.5273100000	0.0002996143
4.5280200000	0.0002993798
4.5287300000	0.0002991454
4.5294500000	0.0002989108
4.5301600000	0.0002986766
4.5308700000	0.0002984425
4.5315900000	0.0002982081
4.5323000000	0.0002979740
4.5330100000	0.0002977402
4.5337200000	0.0002975063
4.5344400000	0.0002972727
4.5351500000	0.0002970386
4.5358600000	0.0002968050
4.5365800000	0.0002965716
4.5372900000	0.0002963380
4.5380000000	0.0002961046
4.5387200000	0.0002958711
4.5394300000	0.0002956377
4.5401400000	0.0002954048
4.5408500000	0.0002951713
4.5415700000	0.0002949383
4.5422800000	0.0002947055
4.5429900000	0.0002944723
4.5437100000	0.0002942391
4.5444200000	0.0002940064
4.5451300000	0.0002937734
4.5458500000	0.0002935408
4.5465600000	0.0002933079
4.5472700000	0.0002930751
4.5479800000	0.0002928427
4.5487000000	0.0002926098
4.5494100000	0.0002923771
4.5501200000	0.0002921446
4.5508400000	0.0002919122
4.5515500000	0.0002916796
4.5522600000	0.0002914469
4.5529700000	0.0002912146
4.5536900000	0.0002909819
4.5544000000	0.0002907495
4.5551100000	0.0002905173
4.5558300000	0.0002902845
4.5565400000	0.0002900521
4.5572500000	0.0002898199
4.5579700000	0.0002895875
4.5586800000	0.0002893551
4.5593900000	0.0002891227
4.5601000000	0.0002888903
4.5608200000	0.0002886578
4.5615300000	0.0002884252
4.5622400000	0.0002881931
4.5629600000	0.0002879604
4.5636700000	0.0002877279
4.5643800000	0.0002874956
4.5651000000	0.0002872630
4.5658100000	0.0002870305
4.5665200000	0.0002867978
4.5672300000	0.0002865651
4.5679500000	0.0002863325
4.5686600000	0.0002860997
4.5693700000	0.0002858672
4.5700900000	0.0002856339
4.5708000000	0.0002854011
4.5715100000	0.0002851681
4.5722200000	0.0002849355
4.5729400000	0.0002847024
4.5736500000	0.0002844695
4.5743600000	0.0002842362
4.5750800000	0.0002840031
4.5757900000	0.0002837699
4.5765000000	0.0002835366
4.5772200000	0.0002833032
4.5779300000	0.0002830698
4.5786400000	0.0002828362
4.5793500000	0.0002826026
4.5800700000	0.0002823690
4.5807800000	0.0002821352
4.5814900000	0.0002819014
4.5822100000	0.0002816675
4.5829200000	0.0002814333
4.5836300000	0.0002811992
4.5843400000	0.0002809648
4.5850600000	0.0002807304
4.5857700000	0.0002804957
4.5864800000	0.0002802611
4.5872000000	0.0002800264
4.5879100000	0.0002797918
4.5886200000	0.0002795566
4.5893400000	0.0002793214
4.5900500000	0.0002790863
4.5907600000	0.0002788507
4.5914700000	0.0002786154
4.5921900000	0.0002783796
4.5929000000	0.0002781436
4.5936100000	0.0002779078
4.5943300000	0.0002776714
4.5950400000	0.0002774351
4.5957500000	0.0002771985
4.5964700000	0.0002769620
4.5971800000	0.0002767250
4.5978900000	0.0002764880
4.5986000000	0.0002762508
4.5993200000	0.0002760133
4.6000300000	0.0002757804
4.6007400000	0.0002756527
4.6014600000	0.0002755257
4.6021700000	0.0002753991
4.6028800000	0.0002752729
4.6035900000	0.0002751469
4.6043100000	0.0002750215
4.6050200000	0.0002748961
4.6057300000	0.0002747714
4.6064500000	0.0002746473
4.6071600000	0.0002745233
4.6078700000	0.0002743996
4.6085900000	0.0002742765
4.6093000000	0.0002741535
4.6100100000	0.0002740311
4.6107200000	0.0002739092
4.6114400000	0.0002737872
4.6121500000	0.0002736660
4.6128600000	0.0002735453
4.6135800000	0.0002734248
4.6142900000	0.0002733048
4.6150000000	0.0002731849
4.6157200000	0.0002730655
4.6164300000	0.0002729468
4.6171400000	0.0002728281
4.6178500000	0.0002727099
4.6185700000	0.0002725923
4.6192800000	0.0002724751
4.6199900000	0.0002723582
4.6207100000	0.0002722414
4.6214200000	0.0002721254
4.6221300000	0.0002720093
4.6228400000	0.0002718939
4.6235600000	0.0002717792
4.6242700000	0.0002716645
4.6249800000	0.0002715505
4.6257000000	0.0002714367
4.6264100000	0.0002713231
4.6271200000	0.0002712103
4.6278400000	0.0002710977
4.6285500000	0.0002709854
4.6292600000	0.0002708737
4.6299700000	0.0002707623
4.6306900000	0.0002706513
4.6314000000	0.0002705406
4.6321100000	0.0002704305
4.6328300000	0.0002703208
4.6335400000	0.0002702113
4.6342500000	0.0002701024
4.6349600000	0.0002699938
4.6356800000	0.0002698856
4.6363900000	0.0002697781
4.6371000000	0.0002696704
4.6378200000	0.0002695635
4.6385300000	0.0002694568
4.6392400000	0.0002693507
4.6399600000	0.0002692452
4.6406700000	0.0002691398
4.6413800000	0.0002690350
4.6420900000	0.0002689303
4.6428100000	0.0002688262
4.6435200000	0.0002687227
4.6442300000	0.0002686194
4.6449500000	0.0002685165
4.6456600000	0.0002684139
4.6463700000	0.0002683117
4.6470900000	0.0002682106
4.6478000000	0.0002681092
4.6485100000	0.0002680084
4.6492200000	0.0002679081
4.6499400000	0.0002678082
4.6506500000	0.0002677086
4.6513600000	0.0002676093
4.6520800000	0.0002675107
4.6527900000	0.0002674124
4.6535000000	0.0002673146
4.6542100000	0.0002672172
4.6549300000	0.0002671203
4.6556400000	0.0002670237
4.6563500000	0.0002669273
4.6570700000	0.0002668317
4.6577800000	0.0002667365
4.6584900000	0.0002666417
4.6592100000	0.0002665471
4.6599200000	0.0002664531
4.6606300000	0.0002663591
4.6613400000	0.0002662662
4.6620600000	0.0002661733
4.6627700000	0.0002660812
4.6634800000	0.0002659892
4.6642000000	0.0002658975
4.6649100000	0.0002658067
4.6656200000	0.0002657159
4.6663400000	0.0002656258
4.6670500000	0.0002655361
4.6677600000	0.0002654468
4.6684700000	0.0002653577
4.6691900000	0.0002652696
4.6699000000	0.0002651816
4.6706100000	0.0002650941
4.6713300000	0.0002650069
4.6720400000	0.0002649202
4.6727500000	0.0002648340
4.6734600000	0.0002647480
4.6741800000	0.0002646627
4.6748900000	0.0002645778
4.6756000000	0.0002644934
4.6763200000	0.0002644091
4.6770300000	0.0002643256
4.6777400000	0.0002642425
4.6784600000	0.0002641598
4.6791700000	0.0002640775
4.6798800000	0.0002639958
4.6805900000	0.0002639144
4.6813100000	0.0002638334
4.6820200000	0.0002637531
4.6827300000	0.0002636731
4.6834500000	0.0002635937
4.6841600000	0.0002635144
4.6848700000	0.0002634356
4.6855900000	0.0002633577
4.6863000000	0.0002632799
4.6870100000	0.0002632025
4.6877200000	0.0002631258
4.6884400000	0.0002630493
4.6891500000	0.0002629736
4.6898600000	0.0002628982
4.6905800000	0.0002628233
4.6912900000	0.0002627489
4.6920000000	0.0002626747
4.6927100000	0.0002626012
4.6934300000	0.0002625280
4.6941400000	0.0002624554
4.6948500000	0.0002623831
4.6955700000	0.0002623115
4.6962800000	0.0002622401
4.6969900000	0.0002621692
4.6977100000	0.0002620994
4.6984200000	0.0002620294
4.6991300000	0.0002619601
4.6998400000	0.0002618913
4.7005600000	0.0002617814
4.7012700000	0.0002616606
4.7019800000	0.0002615400
4.7027000000	0.0002614196
4.7034100000	0.0002612998
4.7041200000	0.0002611801
4.7048300000	0.0002610608
4.7055500000	0.0002609418
4.7062600000	0.0002608233
4.7069700000	0.0002607051
4.7076900000	0.0002605872
4.7084000000	0.0002604691
4.7091100000	0.0002603520
4.7098300000	0.0002602349
4.7105400000	0.0002601184
4.7112500000	0.0002600019
4.7119600000	0.0002598857
4.7126800000	0.0002597701
4.7133900000	0.0002596547
4.7141000000	0.0002595397
4.7148200000	0.0002594250
4.7155300000	0.0002593104
4.7162400000	0.0002591965
4.7169600000	0.0002590827
4.7176700000	0.0002589692
4.7183800000	0.0002588562
4.7190900000	0.0002587433
4.7198100000	0.0002586309
4.7205200000	0.0002585186
4.7212300000	0.0002584066
4.7219500000	0.0002582952
4.7226600000	0.0002581843
4.7233700000	0.0002580731
4.7240800000	0.0002579629
4.7248000000	0.0002578527
4.7255100000	0.0002577428
4.7262200000	0.0002576333
4.7269400000	0.0002575243
4.7276500000	0.0002574153
4.7283600000	0.0002573067
4.7290800000	0.0002571987
4.7297900000	0.0002570907
4.7305000000	0.0002569831
4.7312100000	0.0002568759
4.7319300000	0.0002567694
4.7326400000	0.0002566625
4.7333500000	0.0002565566
4.7340700000	0.0002564505
4.7347800000	0.0002563448
4.7354900000	0.0002562397
4.7362100000	0.0002561349
4.7369200000	0.0002560304
4.7376300000	0.0002559262
4.7383400000	0.0002558223
4.7390600000	0.0002557186
4.7397700000	0.0002556154
4.7404800000	0.0002555126
4.7412000000	0.0002554102
4.7419100000	0.0002553080
4.7426200000	0.0002552060
4.7433300000	0.0002551046
4.7440500000	0.0002550033
4.7447600000	0.0002549024
4.7454700000	0.0002548019
4.7461900000	0.0002547017
4.7469000000	0.0002546020
4.7476100000	0.0002545023
4.7483300000	0.0002544033
4.7490400000	0.0002543044
4.7497500000	0.0002542059
4.7504600000	0.0002541077
4.7511800000	0.0002540099
4.7518900000	0.0002539124
4.7526000000	0.0002538154
4.7533200000	0.0002537184
4.7540300000	0.0002536221
4.7547400000	0.0002535260
4.7554600000	0.0002534301
4.7561700000	0.0002533349
4.7568800000	0.0002532397
4.7575900000	0.0002531449
4.7583100000	0.0002530503
4.7590200000	0.0002529564
4.7597300000	0.0002528628
4.7604500000	0.0002527691
4.7611600000	0.0002526764
4.7618700000	0.0002525836
4.7625800000	0.0002524911
4.7633000000	0.0002523992
4.7640100000	0.0002523073
4.7647200000	0.0002522160
4.7654400000	0.0002521252
4.7661500000	0.0002520345
4.7668600000	0.0002519440
4.7675800000	0.0002518541
4.7682900000	0.0002517645
4.7690000000	0.0002516754
4.7697100000	0.0002515862
4.7704300000	0.0002514978
4.7711400000	0.0002514097
4.7718500000	0.0002513219
4.7725700000	0.0002512343
4.7732800000	0.0002511472
4.7739900000	0.0002510605
4.7747000000	0.0002509741
4.7754200000	0.0002508880
4.7761300000	0.0002508024
4.7768400000	0.0002507170
4.7775600000	0.0002506320
4.7782700000	0.0002505472
4.7789800000	0.0002504630
4.7797000000	0.0002503791
4.7804100000	0.0002502953
4.7811200000	0.0002502122
4.7818300000	0.0002501293
4.7825500000	0.0002500467
4.7832600000	0.0002499645
4.7839700000	0.0002498827
4.7846900000	0.0002498012
4.7854000000	0.0002497201
4.7861100000	0.0002496396
4.7868300000	0.0002495590
4.7875400000	0.0002494790
4.7882500000	0.0002493993
4.7889600000	0.0002493199
4.7896800000	0.0002492410
4.7903900000	0.0002491626
4.7911000000	0.0002490843
4.7918200000	0.0002490064
4.7925300000	0.0002489292
4.7932400000	0.0002488520
4.7939500000	0.0002487751
4.7946700000	0.0002486986
4.7953800000	0.0002486227
4.7960900000	0.0002485470
4.7968100000	0.0002484717
4.7975200000	0.0002483966
4.7982300000	0.0002483222
4.7989500000	0.0002482480
4.7996600000	0.0002481740
4.8003700000	0.0002480701
4.8010800000	0.0002479377
4.8018000000	0.0002478057
4.8025100000	0.0002476740
4.8032200000	0.0002475429
4.8039400000	0.0002474115
4.8046500000	0.0002472805
4.8053600000	0.0002471499
4.8060800000	0.0002470194
4.8067900000	0.0002468894
4.8075000000	0.0002467595
4.8082100000	0.0002466300
4.8089300000	0.0002465002
4.8096400000	0.0002463713
4.8103500000	0.0002462424
4.8110700000	0.0002461137
4.8117800000	0.0002459852
4.8124900000	0.0002458571
4.8132000000	0.0002457293
4.8139200000	0.0002456017
4.8146300000	0.0002454743
4.8153400000	0.0002453473
4.8160600000	0.0002452202
4.8167700000	0.0002450937
4.8174800000	0.0002449674
4.8182000000	0.0002448411
4.8189100000	0.0002447153
4.8196200000	0.0002445897
4.8203300000	0.0002444643
4.8210500000	0.0002443393
4.8217600000	0.0002442146
4.8224700000	0.0002440898
4.8231900000	0.0002439654
4.8239000000	0.0002438415
4.8246100000	0.0002437176
4.8253300000	0.0002435939
4.8260400000	0.0002434708
4.8267500000	0.0002433477
4.8274600000	0.0002432249
4.8281800000	0.0002431022
4.8288900000	0.0002429799
4.8296000000	0.0002428579
4.8303200000	0.0002427361
4.8310300000	0.0002426143
4.8317400000	0.0002424931
4.8324500000	0.0002423722
4.8331700000	0.0002422511
4.8338800000	0.0002421307
4.8345900000	0.0002420105
4.8353100000	0.0002418902
4.8360200000	0.0002417703
4.8367300000	0.0002416512
4.8374500000	0.0002415317
4.8381600000	0.0002414127
4.8388700000	0.0002412937
4.8395800000	0.0002411754
4.8403000000	0.0002410571
4.8410100000	0.0002409389
4.8417200000	0.0002408214
4.8424400000	0.0002407038
4.8431500000	0.0002405865
4.8438600000	0.0002404695
4.8445700000	0.0002403526
4.8452900000	0.0002402364
4.8460000000	0.0002401201
4.8467100000	0.0002400042
4.8474300000	0.0002398883
4.8481400000	0.0002397727
4.8488500000	0.0002396575
4.8495700000	0.0002395424
4.8502800000	0.0002394280
4.8509900000	0.0002393132
4.8517000000	0.0002391990
4.8524200000	0.0002390851
4.8531300000	0.0002389714
4.8538400000	0.0002388579
4.8545600000	0.0002387445
4.8552700000	0.0002386315
4.8559800000	0.0002385190
4.8567000000	0.0002384063
4.8574100000	0.0002382943
4.8581200000	0.0002381824
4.8588300000	0.0002380705
4.8595500000	0.0002379590
4.8602600000	0.0002378479
4.8609700000	0.0002377367
4.8616900000	0.0002376261
4.8624000000	0.0002375157
4.8631100000	0.0002374056
4.8638200000	0.0002372956
4.8645400000	0.0002371858
4.8652500000	0.0002370765
4.8659600000	0.0002369672
4.8666800000	0.0002368584
4.8673900000	0.0002367495
4.8681000000	0.0002366414
4.8688200000	0.0002365332
4.8695300000	0.0002364251
4.8702400000	0.0002363175
4.8709500000	0.0002362101
4.8716700000	0.0002361029
4.8723800000	0.0002359959
4.8730900000	0.0002358894
4.8738100000	0.0002357830
4.8745200000	0.0002356769
4.8752300000	0.0002355710
4.8759500000	0.0002354652
4.8766600000	0.0002353599
4.8773700000	0.0002352549
4.8780800000	0.0002351499
4.8788000000	0.0002350455
4.8795100000	0.0002349410
4.8802200000	0.0002348370
4.8809400000	0.0002347332
4.8816500000	0.0002346294
4.8823600000	0.0002345259
4.8830700000	0.0002344229
4.8837900000	0.0002343204
4.8845000000	0.0002342175
4.8852100000	0.0002341151
4.8859300000	0.0002340129
4.8866400000	0.0002339114
4.8873500000	0.0002338098
4.8880700000	0.0002337084
4.8887800000	0.0002336074
4.8894900000	0.0002335065
4.8902000000	0.0002334060
4.8909200000	0.0002333057
4.8916300000	0.0002332057
4.8923400000	0.0002331058
4.8930600000	0.0002330063
4.8937700000	0.0002329072
4.8944800000	0.0002328081
4.8952000000	0.0002327095
4.8959100000	0.0002326110
4.8966200000	0.0002325125
4.8973300000	0.0002324144
4.8980500000	0.0002323167
4.8987600000	0.0002322195
4.8994700000	0.0002321220
4.9001900000	0.0002320146
4.9009000000	0.0002318784
4.9016100000	0.0002317421
4.9023200000	0.0002316062
4.9030400000	0.0002314702
4.9037500000	0.0002313347
4.9044600000	0.0002311993
4.9051800000	0.0002310641
4.9058900000	0.0002309289
4.9066000000	0.0002307943
4.9073200000	0.0002306597
4.9080300000	0.0002305254
4.9087400000	0.0002303912
4.9094500000	0.0002302571
4.9101700000	0.0002301233
4.9108800000	0.0002299898
4.9115900000	0.0002298561
4.9123100000	0.0002297229
4.9130200000	0.0002295900
4.9137300000	0.0002294568
4.9144400000	0.0002293243
4.9151600000	0.0002291917
4.9158700000	0.0002290595
4.9165800000	0.0002289273
4.9173000000	0.0002287954
4.9180100000	0.0002286640
4.9187200000	0.0002285326
4.9194400000	0.0002284010
4.9201500000	0.0002282700
4.9208600000	0.0002281393
4.9215700000	0.0002280083
4.9222900000	0.0002278779
4.9230000000	0.0002277476
4.9237100000	0.0002276175
4.9244300000	0.0002274876
4.9251400000	0.0002273578
4.9258500000	0.0002272284
4.9265700000	0.0002270990
4.9272800000	0.0002269698
4.9279900000	0.0002268408
4.9287000000	0.0002267122
4.9294200000	0.0002265834
4.9301300000	0.0002264550
4.9308400000	0.0002263268
4.9315600000	0.0002261991
4.9322700000	0.0002260709
4.9329800000	0.0002259437
4.9336900000	0.0002258162
4.9344100000	0.0002256888
4.9351200000	0.0002255618
4.9358300000	0.0002254350
4.9365500000	0.0002253085
4.9372600000	0.0002251819
4.9379700000	0.0002250556
4.9386900000	0.0002249297
4.9394000000	0.0002248035
4.9401100000	0.0002246781
4.9408200000	0.0002245524
4.9415400000	0.0002244271
4.9422500000	0.0002243019
4.9429600000	0.0002241771
4.9436800000	0.0002240525
4.9443900000	0.0002239278
4.9451000000	0.0002238035
4.9458200000	0.0002236792
4.9465300000	0.0002235554
4.9472400000	0.0002234316
4.9479500000	0.0002233080
4.9486700000	0.0002231844
4.9493800000	0.0002230615
4.9500900000	0.0002229382
4.9508100000	0.0002228153
4.9515200000	0.0002226928
4.9522300000	0.0002225703
4.9529400000	0.0002224481
4.9536600000	0.0002223260
4.9543700000	0.0002222042
4.9550800000	0.0002220822
4.9558000000	0.0002219609
4.9565100000	0.0002218394
4.9572200000	0.0002217185
4.9579400000	0.0002215975
4.9586500000	0.0002214767
4.9593600000	0.0002213561
4.9600700000	0.0002212358
4.9607900000	0.0002211154
4.9615000000	0.0002209955
4.9622100000	0.0002208757
4.9629300000	0.0002207562
4.9636400000	0.0002206366
4.9643500000	0.0002205172
4.9650700000	0.0002203983
4.9657800000	0.0002202794
4.9664900000	0.0002201607
4.9672000000	0.0002200421
4.9679200000	0.0002199238
4.9686300000	0.0002198057
4.9693400000	0.0002196878
4.9700600000	0.0002195697
4.9707700000	0.0002194523
4.9714800000	0.0002193348
4.9721900000	0.0002192179
4.9729100000	0.0002191006
4.9736200000	0.0002189839
4.9743300000	0.0002188671
4.9750500000	0.0002187507
4.9757600000	0.0002186343
4.9764700000	0.0002185185
4.9771900000	0.0002184025
4.9779000000	0.0002182865
4.9786100000	0.0002181711
4.9793200000	0.0002180559
4.9800400000	0.0002179405
4.9807500000	0.0002178257
4.9814600000	0.0002177107
4.9821800000	0.0002175962
4.9828900000	0.0002174817
4.9836000000	0.0002173674
4.9843100000	0.0002172532
4.9850300000	0.0002171395
4.9857400000	0.0002170256
4.9864500000	0.0002169122
4.9871700000	0.0002167988
4.9878800000	0.0002166858
4.9885900000	0.0002165729
4.9893100000	0.0002164599
4.9900200000	0.0002163473
4.9907300000	0.0002162348
4.9914400000	0.0002161226
4.9921600000	0.0002160107
4.9928700000	0.0002158986
4.9935800000	0.0002157870
4.9943000000	0.0002156756
4.9950100000	0.0002155644
4.9957200000	0.0002154529
4.9964400000	0.0002153421
4.9971500000	0.0002152311
4.9978600000	0.0002151207
4.9985700000	0.0002150103
4.9992900000	0.0002149000
5.0000000000	0.0002147900
