# energy (eV)    P(omega), $W_{\text{p}}/W$ = 0.50, $h/W$ = 0.40, $d/W$ = 0.20, x/W = 0.0, $E_{\rm e}$ = 200 keV
0.0100000000	0.0128673733
0.0107130000	0.0132041904
0.0114259000	0.0135499161
0.0121389000	0.0139038837
0.0128518000	0.0142654809
0.0135648000	0.0146341505
0.0142778000	0.0150093911
0.0149907000	0.0153906973
0.0157037000	0.0157776488
0.0164166000	0.0161698277
0.0171296000	0.0165668452
0.0178425000	0.0169683476
0.0185555000	0.0173739982
0.0192685000	0.0177834582
0.0199814000	0.0181964481
0.0206944000	0.0186126671
0.0214073000	0.0190318697
0.0221203000	0.0194537712
0.0228333000	0.0198781505
0.0235462000	0.0203047743
0.0242592000	0.0207334196
0.0249721000	0.0211638793
0.0256851000	0.0215959439
0.0263981000	0.0220294400
0.0271110000	0.0224641881
0.0278240000	0.0229000145
0.0285369000	0.0233367284
0.0292499000	0.0237742026
0.0299629000	0.0242122747
0.0306758000	0.0246507887
0.0313888000	0.0250896192
0.0321017000	0.0255286288
0.0328147000	0.0259676980
0.0335276000	0.0264066903
0.0342406000	0.0268454910
0.0349536000	0.0272839986
0.0356665000	0.0277220837
0.0363795000	0.0281596639
0.0370924000	0.0285966223
0.0378054000	0.0290328727
0.0385184000	0.0294683064
0.0392313000	0.0299028564
0.0399443000	0.0303364261
0.0406572000	0.0307689254
0.0413702000	0.0312002876
0.0420832000	0.0316304488
0.0427961000	0.0320593068
0.0435091000	0.0324867984
0.0442220000	0.0329128713
0.0449350000	0.0333374460
0.0456479000	0.0337604725
0.0463609000	0.0341818805
0.0470739000	0.0346016090
0.0477868000	0.0350196130
0.0484998000	0.0354358326
0.0492127000	0.0358502176
0.0499257000	0.0362627238
0.0506387000	0.0366733101
0.0513516000	0.0370819071
0.0520646000	0.0374884928
0.0527775000	0.0378930177
0.0534905000	0.0382954411
0.0542035000	0.0386957356
0.0549164000	0.0390938599
0.0556294000	0.0394897712
0.0563423000	0.0398834314
0.0570553000	0.0402748333
0.0577683000	0.0406639131
0.0584812000	0.0410506761
0.0591942000	0.0414350776
0.0599071000	0.0418170832
0.0606201000	0.0421966847
0.0613330000	0.0425738501
0.0620460000	0.0429485558
0.0627590000	0.0433207756
0.0634719000	0.0436905043
0.0641849000	0.0440577093
0.0648978000	0.0444223837
0.0656108000	0.0447844895
0.0663238000	0.0451440327
0.0670367000	0.0455009848
0.0677497000	0.0458553519
0.0684626000	0.0462070936
0.0691756000	0.0465562208
0.0698886000	0.0469027003
0.0706015000	0.0472465373
0.0713145000	0.0475877138
0.0720274000	0.0479262183
0.0727404000	0.0482620544
0.0734534000	0.0485952049
0.0741663000	0.0489256763
0.0748793000	0.0492534468
0.0755922000	0.0495785174
0.0763052000	0.0499008804
0.0770181000	0.0502205409
0.0777311000	0.0505374796
0.0784441000	0.0508517159
0.0791570000	0.0511632272
0.0798700000	0.0514720293
0.0805829000	0.0517781059
0.0812959000	0.0520814586
0.0820089000	0.0523820907
0.0827218000	0.0526800178
0.0834348000	0.0529752000
0.0841477000	0.0532676912
0.0848607000	0.0535574649
0.0855737000	0.0538445223
0.0862866000	0.0541288663
0.0869996000	0.0544105155
0.0877125000	0.0546894646
0.0884255000	0.0549657074
0.0891384000	0.0552392659
0.0898514000	0.0555101360
0.0905644000	0.0557783228
0.0912773000	0.0560438393
0.0919903000	0.0563066783
0.0927032000	0.0565668707
0.0934162000	0.0568243874
0.0941292000	0.0570792807
0.0948421000	0.0573315073
0.0955551000	0.0575811195
0.0962680000	0.0578280956
0.0969810000	0.0580724586
0.0976940000	0.0583142173
0.0984069000	0.0585533735
0.0991199000	0.0587899429
0.0998328000	0.0590239335
0.1005460000	0.0592553621
0.1012590000	0.0594842181
0.1019720000	0.0597105215
0.1026850000	0.0599342965
0.1033980000	0.0601555305
0.1041110000	0.0603742512
0.1048240000	0.0605904665
0.1055370000	0.0608041944
0.1062490000	0.0610154197
0.1069620000	0.0612241845
0.1076750000	0.0614304831
0.1083880000	0.0616343331
0.1091010000	0.0618357526
0.1098140000	0.0620347387
0.1105270000	0.0622313088
0.1112400000	0.0624254771
0.1119530000	0.0626172707
0.1126660000	0.0628066824
0.1133790000	0.0629937331
0.1140920000	0.0631784290
0.1148050000	0.0633607977
0.1155180000	0.0635408377
0.1162310000	0.0637185639
0.1169440000	0.0638939967
0.1176570000	0.0640671522
0.1183700000	0.0642380302
0.1190830000	0.0644066607
0.1197960000	0.0645730497
0.1205090000	0.0647372028
0.1212220000	0.0648991398
0.1219350000	0.0650588881
0.1226480000	0.0652164406
0.1233600000	0.0653718233
0.1240730000	0.0655250377
0.1247860000	0.0656761268
0.1254990000	0.0658250643
0.1262120000	0.0659718956
0.1269250000	0.0661166267
0.1276380000	0.0662592611
0.1283510000	0.0663998278
0.1290640000	0.0665383427
0.1297770000	0.0666748033
0.1304900000	0.0668092408
0.1312030000	0.0669416594
0.1319160000	0.0670720783
0.1326290000	0.0672005001
0.1333420000	0.0673269650
0.1340550000	0.0674514537
0.1347680000	0.0675739994
0.1354810000	0.0676946202
0.1361940000	0.0678133313
0.1369070000	0.0679301337
0.1376200000	0.0680450554
0.1383330000	0.0681581105
0.1390460000	0.0682693005
0.1397590000	0.0683786476
0.1404710000	0.0684861477
0.1411840000	0.0685918633
0.1418970000	0.0686957562
0.1426100000	0.0687978716
0.1433230000	0.0688982035
0.1440360000	0.0689967858
0.1447490000	0.0690936369
0.1454620000	0.0691887284
0.1461750000	0.0692821260
0.1468880000	0.0693738150
0.1476010000	0.0694638107
0.1483140000	0.0695521417
0.1490270000	0.0696388014
0.1497400000	0.0697238270
0.1504530000	0.0698072072
0.1511660000	0.0698889762
0.1518790000	0.0699691464
0.1525920000	0.0700477138
0.1533050000	0.0701246935
0.1540180000	0.0702001251
0.1547310000	0.0702739939
0.1554440000	0.0703463216
0.1561570000	0.0704171309
0.1568700000	0.0704864329
0.1575830000	0.0705542352
0.1582950000	0.0706205424
0.1590080000	0.0706853798
0.1597210000	0.0707487615
0.1604340000	0.0708106890
0.1611470000	0.0708711871
0.1618600000	0.0709302607
0.1625730000	0.0709879349
0.1632860000	0.0710441983
0.1639990000	0.0710990839
0.1647120000	0.0711525926
0.1654250000	0.0712047451
0.1661380000	0.0712555483
0.1668510000	0.0713050188
0.1675640000	0.0713531682
0.1682770000	0.0713999931
0.1689900000	0.0714455165
0.1697030000	0.0714897655
0.1704160000	0.0715327264
0.1711290000	0.0715744284
0.1718420000	0.0716148634
0.1725550000	0.0716540643
0.1732680000	0.0716920301
0.1739810000	0.0717287697
0.1746940000	0.0717642987
0.1754060000	0.0717986320
0.1761190000	0.0718317792
0.1768320000	0.0718637412
0.1775450000	0.0718945257
0.1782580000	0.0719241647
0.1789710000	0.0719526523
0.1796840000	0.0719799947
0.1803970000	0.0720062163
0.1811100000	0.0720313135
0.1818230000	0.0720552942
0.1825360000	0.0720781853
0.1832490000	0.0720999845
0.1839620000	0.0721206866
0.1846750000	0.0721403369
0.1853880000	0.0721588966
0.1861010000	0.0721764168
0.1868140000	0.0721928863
0.1875270000	0.0722083187
0.1882400000	0.0722226954
0.1889530000	0.0722360749
0.1896660000	0.0722484268
0.1903790000	0.0722597750
0.1910920000	0.0722701248
0.1918050000	0.0722794721
0.1925180000	0.0722878389
0.1932300000	0.0722952246
0.1939430000	0.0723016381
0.1946560000	0.0723070784
0.1953690000	0.0723115548
0.1960820000	0.0723150778
0.1967950000	0.0723176586
0.1975080000	0.0723192990
0.1982210000	0.0723199795
0.1989340000	0.0723197427
0.1996470000	0.0723185796
0.2003600000	0.0723164748
0.2010730000	0.0723134810
0.2017860000	0.0723095468
0.2024990000	0.0723047167
0.2032120000	0.0722989658
0.2039250000	0.0722923095
0.2046380000	0.0722847603
0.2053510000	0.0722763047
0.2060640000	0.0722669599
0.2067770000	0.0722567246
0.2074900000	0.0722455963
0.2082030000	0.0722335601
0.2089160000	0.0722206499
0.2096290000	0.0722068586
0.2103410000	0.0721921679
0.2110540000	0.0721765896
0.2117670000	0.0721601324
0.2124800000	0.0721427841
0.2131930000	0.0721245437
0.2139060000	0.0721054311
0.2146190000	0.0720854195
0.2153320000	0.0720645125
0.2160450000	0.0720427061
0.2167580000	0.0720200163
0.2174710000	0.0719964081
0.2181840000	0.0719719210
0.2188970000	0.0719465175
0.2196100000	0.0719201963
0.2203230000	0.0718929691
0.2210360000	0.0718648132
0.2217490000	0.0718357341
0.2224620000	0.0718057087
0.2231750000	0.0717747579
0.2238880000	0.0717428611
0.2246010000	0.0717100039
0.2253140000	0.0716761804
0.2260270000	0.0716413914
0.2267400000	0.0716056283
0.2274520000	0.0715688623
0.2281650000	0.0715310925
0.2288780000	0.0714923049
0.2295910000	0.0714524989
0.2303040000	0.0714116577
0.2310170000	0.0713697695
0.2317300000	0.0713268018
0.2324430000	0.0712827713
0.2331560000	0.0712376261
0.2338690000	0.0711913874
0.2345820000	0.0711439986
0.2352950000	0.0710954819
0.2360080000	0.0710457998
0.2367210000	0.0709949198
0.2374340000	0.0709428280
0.2381470000	0.0708895289
0.2388600000	0.0708349771
0.2395730000	0.0707791502
0.2402860000	0.0707220217
0.2409990000	0.0706635691
0.2417120000	0.0706037784
0.2424250000	0.0705426062
0.2431380000	0.0704800355
0.2438510000	0.0704160328
0.2445640000	0.0703505566
0.2452760000	0.0702835893
0.2459890000	0.0702150909
0.2467020000	0.0701450318
0.2474150000	0.0700733762
0.2481280000	0.0710022825
0.2488410000	0.0723175903
0.2495540000	0.0738098138
0.2502670000	0.0755363718
0.2509800000	0.0776994585
0.2516930000	0.0802963311
0.2524060000	0.0834222699
0.2531190000	0.0879356547
0.2538320000	0.0967974032
0.2545450000	0.0994819890
0.2552580000	0.1016642699
0.2559710000	0.1036424564
0.2566840000	0.1054535389
0.2573970000	0.1070805293
0.2581100000	0.1086538379
0.2588230000	0.1101130858
0.2595360000	0.1115087034
0.2602490000	0.1128393761
0.2609620000	0.1140745616
0.2616750000	0.1152685521
0.2623870000	0.1163995129
0.2631000000	0.1175244382
0.2638130000	0.1185613305
0.2645260000	0.1195600732
0.2652390000	0.1205078397
0.2659520000	0.1214280763
0.2666650000	0.1223238463
0.2673780000	0.1231216255
0.2680910000	0.1239591449
0.2688040000	0.1247193720
0.2695170000	0.1254813061
0.2702300000	0.1261907816
0.2709430000	0.1269037302
0.2716560000	0.1275732350
0.2723690000	0.1282190221
0.2730820000	0.1288800348
0.2737950000	0.1294583382
0.2745080000	0.1300474802
0.2752210000	0.1306518287
0.2759340000	0.1311559262
0.2766470000	0.1317597298
0.2773600000	0.1323015220
0.2780730000	0.1327964124
0.2787860000	0.1333150295
0.2794980000	0.1338091205
0.2802110000	0.1342937258
0.2809240000	0.1348141802
0.2816370000	0.1352480937
0.2823500000	0.1357709104
0.2830630000	0.1362843649
0.2837760000	0.1367104172
0.2844890000	0.1372132216
0.2852020000	0.1376168540
0.2859150000	0.1381195734
0.2866280000	0.1386023962
0.2873410000	0.1390294164
0.2880540000	0.1394876104
0.2887670000	0.1399305479
0.2894800000	0.1404352493
0.2901930000	0.1408674334
0.2909060000	0.1413307829
0.2916190000	0.1417932277
0.2923320000	0.1422196989
0.2930450000	0.1427741658
0.2937580000	0.1432191944
0.2944710000	0.1437068335
0.2951840000	0.1441444035
0.2958970000	0.1446128977
0.2966100000	0.1451943160
0.2973220000	0.1456289882
0.2980350000	0.1461942021
0.2987480000	0.1465768481
0.2994610000	0.1471799966
0.3001740000	0.1477243399
0.3008870000	0.1482066298
0.3016000000	0.1487907919
0.3023130000	0.1492605675
0.3030260000	0.1498630678
0.3037390000	0.1503506955
0.3044520000	0.1509991622
0.3051650000	0.1514232918
0.3058780000	0.1521089438
0.3065910000	0.1527023422
0.3073040000	0.1533145317
0.3080170000	0.1539692734
0.3087300000	0.1545346791
0.3094430000	0.1552468479
0.3101560000	0.1557993248
0.3108690000	0.1565437219
0.3115820000	0.1571584830
0.3122950000	0.1579129900
0.3130080000	0.1584978637
0.3137210000	0.1593778746
0.3144330000	0.1601511912
0.3151460000	0.1608170983
0.3158590000	0.1616700273
0.3165720000	0.1623689820
0.3172850000	0.1632349921
0.3179980000	0.1639933047
0.3187110000	0.1648896282
0.3194240000	0.1656758114
0.3201370000	0.1666388694
0.3208500000	0.1674244500
0.3215630000	0.1684580853
0.3222760000	0.1693185340
0.3229890000	0.1703582319
0.3237020000	0.1712471039
0.3244150000	0.1723719362
0.3251280000	0.1732836247
0.3258410000	0.1744384255
0.3265540000	0.1753648505
0.3272670000	0.1766758778
0.3279800000	0.1775591525
0.3286930000	0.1789837932
0.3294060000	0.1799327729
0.3301190000	0.1814060194
0.3308320000	0.1824296029
0.3315450000	0.1839534887
0.3322570000	0.1850376181
0.3329700000	0.1866269382
0.3336830000	0.1877856990
0.3343960000	0.1894645290
0.3351090000	0.1907293278
0.3358220000	0.1924974441
0.3365350000	0.1937554420
0.3372480000	0.1955639481
0.3379610000	0.1970738800
0.3386740000	0.1983989967
0.3393870000	0.2005216657
0.3401000000	0.2019060218
0.3408130000	0.2041717135
0.3415260000	0.2056981063
0.3422390000	0.2079405994
0.3429520000	0.2097106659
0.3436650000	0.2118760591
0.3443780000	0.2139136624
0.3450910000	0.2162854831
0.3458040000	0.2182316292
0.3465170000	0.2208829202
0.3472300000	0.2230092074
0.3479430000	0.2251827956
0.3486560000	0.2279807809
0.3493680000	0.2302206640
0.3500810000	0.2332914738
0.3507940000	0.2357546094
0.3515070000	0.2388174157
0.3522200000	0.2415952641
0.3529330000	0.2450181774
0.3536460000	0.2476124116
0.3543590000	0.2506392999
0.3550720000	0.2542874164
0.3557850000	0.2575696652
0.3564980000	0.2615847828
0.3572110000	0.2646372035
0.3579240000	0.2692416025
0.3586370000	0.2725893645
0.3593500000	0.2762136263
0.3600630000	0.2811666888
0.3607760000	0.2849349419
0.3614890000	0.2901046861
0.3622020000	0.2943090605
0.3629150000	0.3000172245
0.3636280000	0.3042686570
0.3643410000	0.3091708067
0.3650540000	0.3153996408
0.3657670000	0.3201954093
0.3664790000	0.3270783549
0.3671920000	0.3325371252
0.3679050000	0.3396683336
0.3686180000	0.3460694543
0.3693310000	0.3518608898
0.3700440000	0.3601801938
0.3707570000	0.3670075093
0.3714700000	0.3756179926
0.3721830000	0.3831618546
0.3728960000	0.3908582699
0.3736090000	0.4010368718
0.3743220000	0.4091287401
0.3750350000	0.4203687179
0.3757480000	0.4298644665
0.3764610000	0.4392506836
0.3771740000	0.4521019180
0.3778870000	0.4627345468
0.3786000000	0.4764045297
0.3793130000	0.4888813216
0.3800260000	0.5011154775
0.3807390000	0.5167138123
0.3814520000	0.5313532855
0.3821650000	0.5487958237
0.3828780000	0.5638721272
0.3835910000	0.5811052901
0.3843030000	0.6014961992
0.3850160000	0.6195889684
0.3857290000	0.6432053313
0.3864420000	0.6640277198
0.3871550000	0.6857826463
0.3878680000	0.7133092986
0.3885810000	0.7388171788
0.3892940000	0.7651789206
0.3900070000	0.7988142239
0.3907200000	0.8291997401
0.3914330000	0.8683383965
0.3921460000	0.9020837711
0.3928590000	0.9390417519
0.3935720000	0.9878824047
0.3942850000	1.0310745571
0.3949980000	1.0774213183
0.3957110000	1.1386586809
0.3964240000	1.1920974428
0.3971370000	1.2624932345
0.3978500000	1.3296407525
0.3985630000	1.3987000185
0.3992760000	1.4892044562
0.3999890000	1.5732570351
0.4007020000	1.6679490988
0.4014140000	1.7881225618
0.4021270000	1.8996658949
0.4028400000	2.0265907569
0.4035530000	2.1898044055
0.4042660000	2.3438130363
0.4049790000	2.5427026608
0.4056920000	2.7453231093
0.4064050000	2.9612820206
0.4071180000	3.2408613092
0.4078310000	3.5232235874
0.4085440000	3.8397710546
0.4092570000	4.2436883401
0.4099700000	4.6492972271
0.4106830000	5.0926099974
0.4113960000	5.6671367181
0.4121090000	6.2002876947
0.4128220000	6.8767677012
0.4135350000	7.3594996240
0.4142480000	7.6470835104
0.4149610000	7.7404190427
0.4156740000	6.5126690304
0.4163870000	3.0736490944
0.4228030000	7.9995827579
0.4235160000	13.4152839717
0.4242290000	14.8581694325
0.4249420000	14.1370235574
0.4256550000	12.6200734536
0.4263680000	11.1446223735
0.4270810000	9.8026191594
0.4277940000	8.5164759423
0.4285070000	7.4564945781
0.4292200000	6.5481077459
0.4299330000	5.7949221612
0.4306460000	5.1371098964
0.4313590000	4.5767958684
0.4320720000	4.0955252212
0.4327850000	3.6840716512
0.4334980000	3.3414324449
0.4342110000	3.0329400932
0.4349240000	2.7611341896
0.4356370000	2.5234906142
0.4363490000	2.3269280796
0.4370620000	2.1409080950
0.4377750000	1.9744358431
0.4384880000	1.8300655242
0.4392010000	1.7057751979
0.4399140000	1.5861057210
0.4406270000	1.4813913678
0.4413400000	1.3843762346
0.4420530000	1.3015712192
0.4427660000	1.2239643304
0.4434790000	1.1507802052
0.4441920000	1.0832396187
0.4449050000	1.0292125743
0.4456180000	0.9719735644
0.4463310000	0.9198118911
0.4470440000	0.8740300889
0.4477570000	0.8292161385
0.4484700000	0.7913294028
0.4491830000	0.7555745893
0.4498960000	0.7193839651
0.4506090000	0.6859524449
0.4513220000	0.6600902132
0.4520350000	0.6306826807
0.4527480000	0.6031242663
0.4534600000	0.5800078837
0.4541730000	0.5558226374
0.4548860000	0.5353575154
0.4555990000	0.5163331955
0.4563120000	0.4961403887
0.4570250000	0.4772278486
0.4577380000	0.4612819445
0.4584510000	0.4462315202
0.4591640000	0.4302459177
0.4598770000	0.4149875895
0.4605900000	0.4025610130
0.4613030000	0.3904809155
0.4620160000	0.3773709094
0.4627290000	0.3667095960
0.4634420000	0.3550173222
0.4641550000	0.3438287743
0.4648680000	0.3359118932
0.4655810000	0.3259321900
0.4662940000	0.3161442911
0.4670070000	0.3082879850
0.4677200000	0.3006748820
0.4684330000	0.2921916685
0.4691460000	0.2840689340
0.4698590000	0.2775047860
0.4705720000	0.2701853928
0.4712840000	0.2640230086
0.4719970000	0.2582488420
0.4727100000	0.2517759752
0.4734230000	0.2454714745
0.4741360000	0.2404562267
0.4748490000	0.2355209806
0.4755620000	0.2299620898
0.4762750000	0.2255970667
0.4769880000	0.2203292807
0.4777010000	0.2153251528
0.4784140000	0.2113542506
0.4791270000	0.2075856499
0.4798400000	0.2030851132
0.4805530000	0.1987650452
0.4812660000	0.1954901241
0.4819790000	0.1921691544
0.4826920000	0.1881813558
0.4834050000	0.1853043320
0.4841180000	0.1816314254
0.4848310000	0.1780922202
0.4855440000	0.1753397650
0.4862570000	0.1727895886
0.4869700000	0.1696074653
0.4876830000	0.1664236247
0.4883950000	0.1641938813
0.4891080000	0.1612983704
0.4898210000	0.1590035796
0.4905340000	0.1569368339
0.4912470000	0.1542760494
0.4919600000	0.1516928802
0.4926730000	0.1491751793
0.4933860000	0.1478996767
0.4940990000	0.1455565968
0.4948120000	0.1432308427
0.4955250000	0.1415689238
0.4962380000	0.1394419116
0.4969510000	0.1377851358
0.4976640000	0.1362506686
0.4983770000	0.1342139061
0.4990900000	0.1322719331
0.4998030000	0.1303849734
0.5005160000	0.1290496061
0.5012290000	0.1276574686
0.5019420000	0.1259142177
0.5026550000	0.1246861511
0.5033680000	0.1229957641
0.5040810000	0.1213929216
0.5047940000	0.1206737050
0.5055070000	0.1191009733
0.5062190000	0.1175943522
0.5069320000	0.1165848905
0.5076450000	0.1151519002
0.5083580000	0.1137574202
0.5090710000	0.1127373799
0.5097840000	0.1118367687
0.5104970000	0.1105357291
0.5112100000	0.1092450733
0.5119230000	0.1084284682
0.5126360000	0.1075492825
0.5133490000	0.1063454602
0.5140620000	0.1055685091
0.5147750000	0.1044528387
0.5154880000	0.1033408679
0.5162010000	0.1022577462
0.5169140000	0.1018781153
0.5176270000	0.1008451587
0.5183400000	0.0998388902
0.5190530000	0.0991812263
0.5197660000	0.0982225105
0.5204790000	0.0972849922
0.5211920000	0.0969601085
0.5219050000	0.0960359906
0.5226180000	0.0951956776
0.5233300000	0.0943135017
0.5240430000	0.0937665331
0.5247560000	0.0929447277
0.5254690000	0.0923969618
0.5261820000	0.0918919853
0.5268950000	0.0911133417
0.5276080000	0.0903589288
0.5283210000	0.0898780351
0.5290340000	0.0891558044
0.5297470000	0.0886686806
0.5304600000	0.0879722254
0.5311730000	0.0875681545
0.5318860000	0.0868832770
0.5325990000	0.0862128230
0.5333120000	0.0858330626
0.5340250000	0.0854216195
0.5347380000	0.0847822767
0.5354510000	0.0844378929
0.5361640000	0.0838331723
0.5368770000	0.0832478732
0.5375900000	0.0826627174
0.5383030000	0.0823529153
0.5390160000	0.0819950694
0.5397290000	0.0814435291
0.5404410000	0.0811457960
0.5411540000	0.0806220733
0.5418670000	0.0801114693
0.5425800000	0.0798243250
0.5432930000	0.0795121402
0.5440060000	0.0790406779
0.5447190000	0.0787713526
0.5454320000	0.0782950572
0.5461450000	0.0778462353
0.5468580000	0.0773986485
0.5475710000	0.0773291839
0.5482840000	0.0768947499
0.5489970000	0.0764746930
0.5497100000	0.0762487250
0.5504230000	0.0758322765
0.5511360000	0.0754503218
0.5518490000	0.0752366115
0.5525620000	0.0750032258
0.5532750000	0.0746235441
0.5539880000	0.0744374320
0.5547010000	0.0740676042
0.5554140000	0.0737029359
0.5561270000	0.0735295347
0.5568400000	0.0731921273
0.5575530000	0.0729837230
0.5582650000	0.0726495092
0.5589780000	0.0724987124
0.5596910000	0.0721735279
0.5604040000	0.0718501022
0.5611170000	0.0717156872
0.5618300000	0.0715411641
0.5625430000	0.0712396471
0.5632560000	0.0711001666
0.5639690000	0.0708163877
0.5646820000	0.0705369408
0.5653950000	0.0704013976
0.5661080000	0.0701368002
0.5668210000	0.0699954647
0.5675340000	0.0698709901
0.5682470000	0.0696194857
0.5689600000	0.0693678625
0.5696730000	0.0692598094
0.5703860000	0.0690088380
0.5710990000	0.0687794340
0.5718120000	0.0687958294
0.5725250000	0.0685583375
0.5732380000	0.0683390627
0.5739510000	0.0682497151
0.5746640000	0.0680256625
0.5753760000	0.0678119266
0.5760890000	0.0677383043
0.5768020000	0.0675329795
0.5775150000	0.0674289655
0.5782280000	0.0673619795
0.5789410000	0.0671702220
0.5796540000	0.0669734013
0.5803670000	0.0669138878
0.5810800000	0.0667307229
0.5817930000	0.0666670522
0.5825060000	0.0665932086
0.5832190000	0.0664206983
0.5839320000	0.0663635628
0.5846450000	0.0661983498
0.5853580000	0.0660395987
0.5860710000	0.0659893230
0.5867840000	0.0658357167
0.5874970000	0.0657756707
0.5882100000	0.0657324985
0.5889230000	0.0655873600
0.5896360000	0.0655503515
0.5903490000	0.0654123414
0.5910620000	0.0652729619
0.5917750000	0.0652454445
0.5924870000	0.0651147571
0.5932000000	0.0651665197
0.5939130000	0.0650423798
0.5946260000	0.0649225985
0.5953390000	0.0649024950
0.5960520000	0.0647869057
0.5967650000	0.0647645347
0.5974780000	0.0646581677
0.5981910000	0.0645509497
0.5989040000	0.0646114502
0.5996170000	0.0645112009
0.6003300000	0.0644998240
0.6010430000	0.0644037449
0.6017560000	0.0643968127
0.6024690000	0.0643034284
0.6031820000	0.0642172927
0.6038950000	0.0642171610
0.6046080000	0.0641989461
0.6053210000	0.0642019967
0.6060340000	0.0641231885
0.6067470000	0.0641271097
0.6074600000	0.0640528503
0.6081730000	0.0640595603
0.6088860000	0.0639910053
0.6095990000	0.0640028302
0.6103110000	0.0639997400
0.6110240000	0.0640132431
0.6117370000	0.0639534019
0.6124500000	0.0639700231
0.6131630000	0.0639137968
0.6138760000	0.0639316040
0.6145890000	0.0639561168
0.6153020000	0.0639052395
0.6160150000	0.0639869139
0.6167280000	0.0639397042
0.6174410000	0.0639678143
0.6181540000	0.0639961592
0.6188670000	0.0639560920
0.6195800000	0.0639868491
0.6202930000	0.0640201132
0.6210060000	0.0640527278
0.6217190000	0.0641401373
0.6224320000	0.0641098820
0.6231450000	0.0641470408
0.6238580000	0.0641863175
0.6245710000	0.0642891882
0.6252840000	0.0643304849
0.6259970000	0.0643739531
0.6267100000	0.0644806770
0.6274220000	0.0646504794
0.6281350000	0.0648356534
0.6288480000	0.0648211683
0.6295610000	0.0648074875
0.6302740000	0.0647958515
0.6309870000	0.0647849185
0.6317000000	0.0647745900
0.6324130000	0.0647689108
0.6331260000	0.0647624468
0.6338390000	0.0648008755
0.6345520000	0.0647976039
0.6352650000	0.0647961603
0.6359780000	0.0647980886
0.6366910000	0.0647993592
0.6374040000	0.0648046407
0.6381170000	0.0648096498
0.6388300000	0.0648187452
0.6395430000	0.0648281092
0.6402560000	0.0648773785
0.6409690000	0.0648906090
0.6416820000	0.0649050586
0.6423950000	0.0649227439
0.6431080000	0.0649412529
0.6438210000	0.0649622104
0.6445340000	0.0649843105
0.6452460000	0.0650099994
0.6459590000	0.0650363749
0.6466720000	0.0650977358
0.6473850000	0.0651281904
0.6480980000	0.0651601427
0.6488110000	0.0651948414
0.6495240000	0.0652307845
0.6502370000	0.0652689351
0.6509500000	0.0653094412
0.6516630000	0.0653527440
0.6523760000	0.0653964073
0.6530890000	0.0654721240
0.6538020000	0.0655200118
0.6545150000	0.0655698190
0.6552280000	0.0656231451
0.6559410000	0.0656779450
0.6566540000	0.0657347939
0.6573670000	0.0657932222
0.6580800000	0.0658550602
0.6587930000	0.0659183090
0.6595060000	0.0659835243
0.6602190000	0.0660747608
0.6609320000	0.0661440582
0.6616450000	0.0662154572
0.6623570000	0.0662898218
0.6630700000	0.0663658359
0.6637830000	0.0664444257
0.6644960000	0.0665245006
0.6652090000	0.0666079338
0.6659220000	0.0666932752
0.6666350000	0.0668000914
0.6673480000	0.0668890407
0.6680610000	0.0669811534
0.6687740000	0.0670752084
0.6694870000	0.0671714974
0.6702000000	0.0672699502
0.6709130000	0.0673713380
0.6716260000	0.0674751377
0.6723390000	0.0675806474
0.6730520000	0.0676888940
0.6737650000	0.0678146077
0.6744780000	0.0679272858
0.6751910000	0.0680420851
0.6759040000	0.0681599004
0.6766170000	0.0682801715
0.6773300000	0.0684029711
0.6780430000	0.0685278896
0.6787560000	0.0686552978
0.6794680000	0.0687856119
0.6801810000	0.0689184635
0.6808940000	0.0690641929
0.6816070000	0.0692005849
0.6823200000	0.0693407516
0.6830330000	0.0694839093
0.6837460000	0.0696295701
0.6844590000	0.0697771522
0.6851720000	0.0699270800
0.6858850000	0.0700808868
0.6865980000	0.0702368495
0.6873110000	0.0703958616
0.6880240000	0.0705626598
0.6887370000	0.0707259105
0.6894500000	0.0708928611
0.6901630000	0.0710620743
0.6908760000	0.0712349161
0.6915890000	0.0714089342
0.6923020000	0.0715867108
0.6930150000	0.0717674054
0.6937280000	0.0719512936
0.6944410000	0.0721376376
0.6951540000	0.0723268334
0.6958670000	0.0725194061
0.6965800000	0.0727149058
0.6972920000	0.0729129010
0.6980050000	0.0731139073
0.6987180000	0.0733179575
0.6994310000	0.0735244515
0.7001440000	0.0737349183
0.7008570000	0.0739488045
0.7015700000	0.0741650140
0.7022830000	0.0743852553
0.7029960000	0.0746067306
0.7037090000	0.0748287197
0.7044220000	0.0750584031
0.7051350000	0.0752907080
0.7058480000	0.0755257965
0.7065610000	0.0757641920
0.7072740000	0.0760063950
0.7079870000	0.0762526784
0.7087000000	0.0765022262
0.7094130000	0.0767544218
0.7101260000	0.0770109925
0.7108390000	0.0772602205
0.7115520000	0.0775234986
0.7122650000	0.0777898317
0.7129780000	0.0780599593
0.7136910000	0.0783340406
0.7144030000	0.0786111536
0.7151160000	0.0788915027
0.7158290000	0.0791772357
0.7165420000	0.0794656982
0.7172550000	0.0797595640
0.7179680000	0.0800565111
0.7186810000	0.0803565150
0.7193940000	0.0806442711
0.7201070000	0.0809530585
0.7208200000	0.0812652210
0.7215330000	0.0815820710
0.7222460000	0.0819015027
0.7229590000	0.0822275165
0.7236720000	0.0825554161
0.7243850000	0.0828891779
0.7250980000	0.0832270128
0.7258110000	0.0835687592
0.7265240000	0.0839149795
0.7272370000	0.0842443286
0.7279500000	0.0845984706
0.7286630000	0.0849575608
0.7293760000	0.0853222407
0.7300890000	0.0856908979
0.7308020000	0.0860652705
0.7315150000	0.0864438688
0.7322270000	0.0868265602
0.7329400000	0.0872146080
0.7336530000	0.0876086516
0.7343660000	0.0880068179
0.7350790000	0.0884103014
0.7357920000	0.0887908352
0.7365050000	0.0892024418
0.7372180000	0.0896205850
0.7379310000	0.0900447057
0.7386440000	0.0904745366
0.7393570000	0.0909101767
0.7400700000	0.0913509816
0.7407830000	0.0917964141
0.7414960000	0.0922478543
0.7422090000	0.0927060462
0.7429220000	0.0931711145
0.7436350000	0.0936393701
0.7443480000	0.0940775567
0.7450610000	0.0945590011
0.7457740000	0.0950446966
0.7464870000	0.0955388036
0.7472000000	0.0960399225
0.7479130000	0.0965455722
0.7486260000	0.0970588583
0.7493380000	0.0975789865
0.7500510000	0.0981042560
0.7507640000	0.0986370383
0.7514770000	0.0991775485
0.7521900000	0.0997247224
0.7529030000	0.1002325187
0.7536160000	0.1007932819
0.7543290000	0.1013600598
0.7550420000	0.1019354138
0.7557550000	0.1025177436
0.7564680000	0.1031091963
0.7571810000	0.1037075621
0.7578940000	0.1043143119
0.7586070000	0.1049291375
0.7593200000	0.1055501595
0.7600330000	0.1061802015
0.7607460000	0.1068193959
0.7614590000	0.1074091534
0.7621720000	0.1080661517
0.7628850000	0.1087299535
0.7635980000	0.1094022907
0.7643110000	0.1100824278
0.7650240000	0.1107725006
0.7657370000	0.1114740391
0.7664490000	0.1121848608
0.7671620000	0.1129046574
0.7678750000	0.1136333174
0.7685880000	0.1143699444
0.7693010000	0.1151197632
0.7700140000	0.1158787869
0.7707270000	0.1165784186
0.7714400000	0.1173597941
0.7721530000	0.1181478590
0.7728660000	0.1189479938
0.7735790000	0.1197589036
0.7742920000	0.1205829563
0.7750050000	0.1214184803
0.7757180000	0.1222647500
0.7764310000	0.1231244208
0.7771440000	0.1239946095
0.7778570000	0.1248750833
0.7785700000	0.1257706359
0.7792830000	0.1266775367
0.7799960000	0.1275135091
0.7807090000	0.1284471284
0.7814220000	0.1293936121
0.7821350000	0.1303521003
0.7828480000	0.1313246958
0.7835610000	0.1323114308
0.7842730000	0.1333148518
0.7849860000	0.1343320983
0.7856990000	0.1353645697
0.7864120000	0.1364131955
0.7871250000	0.1374721512
0.7878380000	0.1385500889
0.7885510000	0.1396451814
0.7892640000	0.1407541492
0.7899770000	0.1417757968
0.7906900000	0.1429200218
0.7914030000	0.1440771563
0.7921160000	0.1452561225
0.7928290000	0.1464495103
0.7935420000	0.1476641432
0.7942550000	0.1488966694
0.7949680000	0.1501473063
0.7956810000	0.1514207599
0.7963940000	0.1527112377
0.7971070000	0.1540185013
0.7978200000	0.1553518577
0.7985330000	0.1567024062
0.7992460000	0.1579455576
0.7999590000	0.1593420709
0.8006720000	0.1607580849
0.8013840000	0.1621956732
0.8020970000	0.1636585479
0.8028100000	0.1651410699
0.8035230000	0.1666533136
0.8042360000	0.1681874641
0.8049490000	0.1697468691
0.8056620000	0.1713342871
0.8063750000	0.1729441160
0.8070880000	0.1745819553
0.8078010000	0.1762506969
0.8085140000	0.1779432126
0.8092270000	0.1795045764
0.8099400000	0.1812780979
0.8106530000	0.1830872626
0.8113660000	0.1849267478
0.8120790000	0.1867995806
0.8127920000	0.1887009127
0.8135050000	0.1906413157
0.8142180000	0.1926168959
0.8149310000	0.1946224652
0.8156440000	0.1966704011
0.8163570000	0.1987539185
0.8170700000	0.2008725544
0.8177830000	0.2030330275
0.8184950000	0.2052327187
0.8192080000	0.2074736279
0.8199210000	0.2095522181
0.8206340000	0.2118727159
0.8213470000	0.2142374403
0.8220600000	0.2166515659
0.8227730000	0.2191101976
0.8234860000	0.2216149018
0.8241990000	0.2241705960
0.8249120000	0.2267738844
0.8256250000	0.2294296989
0.8263380000	0.2321369186
0.8270510000	0.2348977634
0.8277640000	0.2377173916
0.8284770000	0.2405914760
0.8291900000	0.2435225682
0.8299030000	0.2462528298
0.8306160000	0.2493018363
0.8313290000	0.2524132301
0.8320420000	0.2555877209
0.8327550000	0.2588349619
0.8334680000	0.2621455688
0.8341810000	0.2655275411
0.8348940000	0.2689875036
0.8356070000	0.2725172092
0.8363190000	0.2761235522
0.8370320000	0.2798066962
0.8377450000	0.2835719776
0.8384580000	0.2874224366
0.8391710000	0.2913654713
0.8398840000	0.2953825943
0.8405970000	0.2991588338
0.8413100000	0.3033666629
0.8420230000	0.3076665890
0.8427360000	0.3120570582
0.8434490000	0.3165608708
0.8441620000	0.3211717004
0.8448750000	0.3258966394
0.8455880000	0.3307277402
0.8463010000	0.3356749543
0.8470140000	0.3407437580
0.8477270000	0.3459359434
0.8484400000	0.3512498386
0.8491530000	0.3567099793
0.8498660000	0.3623020994
0.8505790000	0.3680297017
0.8512920000	0.3734476297
0.8520050000	0.3794706276
0.8527180000	0.3856460768
0.8534300000	0.3919767010
0.8541430000	0.3984832950
0.8548560000	0.4051639937
0.8555690000	0.4120211228
0.8562820000	0.4190751513
0.8569950000	0.4263155197
0.8577080000	0.4337480306
0.8584210000	0.4414009890
0.8591340000	0.4492561657
0.8598470000	0.4573261096
0.8605600000	0.4656491719
0.8612730000	0.4742153843
0.8619860000	0.4830203553
0.8626990000	0.4914377791
0.8634120000	0.5007529321
0.8641250000	0.5103603692
0.8648380000	0.5202485324
0.8655510000	0.5304480778
0.8662640000	0.5409605323
0.8669770000	0.5518076719
0.8676900000	0.5630091176
0.8684030000	0.5745605948
0.8691160000	0.5864920480
0.8698290000	0.5988032745
0.8705420000	0.6115249587
0.8712540000	0.6246661323
0.8719670000	0.6382543431
0.8726800000	0.6523310091
0.8733930000	0.6668681402
0.8741060000	0.6809446738
0.8748190000	0.6965149778
0.8755320000	0.7126453565
0.8762450000	0.7293350356
0.8769580000	0.7466582591
0.8776710000	0.7646257900
0.8783840000	0.7832662920
0.8790970000	0.8026426408
0.8798100000	0.8227557643
0.8805230000	0.8436577687
0.8812360000	0.8653848435
0.8819490000	0.8879949994
0.8826620000	0.9115105313
0.8833750000	0.9359967423
0.8840880000	0.9615257197
0.8848010000	0.9881270463
0.8855140000	1.0158899814
0.8862270000	1.0432179147
0.8869400000	1.0734270916
0.8876530000	1.1049761712
0.8883650000	1.1379821231
0.8890780000	1.1725515744
0.8897910000	1.2087195802
0.8905040000	1.2465953817
0.8912170000	1.2863804630
0.8919300000	1.3281320911
0.8926430000	1.3719768189
0.8933560000	1.4180707992
0.8940690000	1.4665584247
0.8947820000	1.5175948356
0.8954950000	1.5714241149
0.8962080000	1.6282313741
0.8969210000	1.6881535503
0.8976340000	1.7515345829
0.8983470000	1.8153938351
0.8990600000	1.8863493655
0.8997730000	1.9615239009
0.9004860000	2.0413568845
0.9011990000	2.1262684613
0.9019120000	2.2166180621
0.9026250000	2.3128868967
0.9033380000	2.4157381064
0.9040510000	2.5255714803
0.9047640000	2.6431732104
0.9054760000	2.7692501599
0.9061890000	2.9046479995
0.9069020000	3.0502587337
0.9076150000	3.2071940753
0.9083280000	3.3766668066
0.9090410000	3.5600048116
0.9097540000	3.7586235104
0.9104670000	3.9662781702
0.9111800000	4.2008511816
0.9118930000	4.4569134833
0.9126060000	4.7369261116
0.9133190000	5.0442907330
0.9140320000	5.3826067958
0.9147450000	5.7560629087
0.9154580000	6.1695307459
0.9161710000	6.6291752572
0.9168840000	7.1418286884
0.9175970000	7.7158733225
0.9183100000	8.3612544882
0.9190230000	9.0905318689
0.9197360000	9.9181122169
0.9204490000	10.8621194489
0.9211620000	11.9456738761
0.9218750000	13.1966543196
0.9225880000	14.6493099683
0.9233000000	16.3061382789
0.9240130000	18.3039481149
0.9247260000	20.6786204629
0.9254390000	23.5240793343
0.9261520000	26.9674383504
0.9268650000	31.1753815877
0.9275780000	36.3683514766
0.9282910000	42.8404370506
0.9290040000	50.9837552082
0.9297170000	61.3001771848
0.9304300000	74.3963484462
0.9311430000	90.9266366480
0.9318560000	111.3061106228
0.9325690000	135.1097544985
0.9332820000	160.0011702809
0.9339950000	180.8148356219
0.9347080000	190.6970600355
0.9354210000	185.5136057624
0.9361340000	167.4919741834
0.9368470000	143.6185980426
0.9375600000	118.9370428878
0.9382730000	97.2078114977
0.9389860000	79.3571275109
0.9396990000	65.1516880792
0.9404110000	53.9692339941
0.9411240000	45.1681071051
0.9418370000	38.1983903142
0.9425500000	32.6333180006
0.9432630000	28.1458850132
0.9439760000	24.4921053284
0.9446890000	21.4883076864
0.9454020000	18.9964681585
0.9461150000	16.9118649018
0.9468280000	15.1545335891
0.9475410000	13.6632967307
0.9482540000	12.3905343619
0.9489670000	11.2988643630
0.9496800000	10.3592542841
0.9503930000	9.5460690125
0.9511060000	8.8459909767
0.9518190000	8.2429934113
0.9525320000	7.7262436651
0.9532450000	7.2878954943
0.9539580000	6.9227013801
0.9546710000	6.6275322760
0.9553840000	6.4013432274
0.9560970000	6.2450350090
0.9568100000	6.1599969043
0.9575230000	6.1465078877
0.9582350000	6.1996742971
0.9589480000	6.3028021085
0.9596610000	6.4198647424
0.9603740000	6.4930390547
0.9610870000	6.4558488488
0.9618000000	6.2644845580
0.9625130000	5.9245267657
0.9632260000	5.4858425215
0.9639390000	5.0091603815
0.9646520000	4.5498036630
0.9653650000	4.1317777065
0.9660780000	3.7641576109
0.9667910000	3.4461408442
0.9675040000	3.1723876504
0.9682170000	2.9363467644
0.9689300000	2.7316689301
0.9696430000	2.5530486380
0.9703560000	2.3959843123
0.9710690000	2.2567784392
0.9717820000	2.1324486557
0.9724950000	2.0207040622
0.9732080000	1.9196206593
0.9739210000	1.8276888425
0.9746340000	1.7435837964
0.9753460000	1.6663690982
0.9760590000	1.5951283917
0.9767720000	1.5291874411
0.9774850000	1.4679101468
0.9781980000	1.4108143750
0.9789110000	1.3560234054
0.9796240000	1.3060960121
0.9803370000	1.2591871422
0.9810500000	1.2150618550
0.9817630000	1.1734536994
0.9824760000	1.1341861609
0.9831890000	1.0970398477
0.9839020000	1.0618501283
0.9846150000	1.0284837739
0.9853280000	0.9967884002
0.9860410000	0.9666305234
0.9867540000	0.9379263640
0.9874670000	0.9105639209
0.9881800000	0.8844620661
0.9888930000	0.8595304796
0.9896060000	0.8356833757
0.9903190000	0.8128945132
0.9910320000	0.7910753665
0.9917450000	0.7701615969
0.9924570000	0.7500967986
0.9931700000	0.7299339127
0.9938830000	0.7114583419
0.9945960000	0.6937210918
0.9953090000	0.6766497274
0.9960220000	0.6602194446
0.9967350000	0.6444330395
0.9974480000	0.6292084020
0.9981610000	0.6145396441
0.9988740000	0.6003903058
0.9995870000	0.5867525919
1.0003000000	0.5735947196
1.0010100000	0.5608879078
1.0017300000	0.5486059312
1.0024400000	0.5367385378
1.0031500000	0.5252645608
1.0038600000	0.5141687861
1.0045800000	0.5034242588
1.0052900000	0.4930338403
1.0060000000	0.4829814222
1.0067200000	0.4732312645
1.0074300000	0.4637848148
1.0081400000	0.4546258081
1.0088600000	0.4451525477
1.0095700000	0.4365466956
1.0102800000	0.4281962830
1.0109900000	0.4200829025
1.0117100000	0.4122020447
1.0124200000	0.4045615943
1.0131300000	0.3971361827
1.0138500000	0.3899193138
1.0145600000	0.3829040888
1.0152700000	0.3760921135
1.0159900000	0.3694540199
1.0167000000	0.3630015585
1.0174100000	0.3567225621
1.0181200000	0.3506067875
1.0188400000	0.3446573481
1.0195500000	0.3388622432
1.0202600000	0.3332193194
1.0209800000	0.3277198971
1.0216900000	0.3223601929
1.0224000000	0.3171395307
1.0231100000	0.3120475913
1.0238300000	0.3070812834
1.0245400000	0.3018317185
1.0252500000	0.2971111113
1.0259700000	0.2925060473
1.0266800000	0.2880090026
1.0273900000	0.2836199513
1.0281100000	0.2793357943
1.0288200000	0.2751532132
1.0295300000	0.2710664612
1.0302400000	0.2670724211
1.0309600000	0.2631735210
1.0316700000	0.2593681170
1.0323800000	0.2556475456
1.0331000000	0.2520087852
1.0338100000	0.2484506088
1.0345200000	0.2449724547
1.0352400000	0.2415738138
1.0359500000	0.2382454133
1.0366600000	0.2349871996
1.0373700000	0.2318052665
1.0380900000	0.2286904273
1.0388000000	0.2256394459
1.0395100000	0.2226513309
1.0402300000	0.2197291950
1.0409400000	0.2165811284
1.0416500000	0.2137780706
1.0423600000	0.2110360625
1.0430800000	0.2083478608
1.0437900000	0.2057126734
1.0445000000	0.2031326933
1.0452200000	0.2006085804
1.0459300000	0.1981313584
1.0466400000	0.1957047640
1.0473600000	0.1933251151
1.0480700000	0.1909930434
1.0487800000	0.1887030461
1.0494900000	0.1864587054
1.0502100000	0.1842581045
1.0509200000	0.1821007862
1.0516300000	0.1799859900
1.0523500000	0.1779114906
1.0530600000	0.1758749196
1.0537700000	0.1738761246
1.0544800000	0.1719121829
1.0552000000	0.1699887930
1.0559100000	0.1681034128
1.0566200000	0.1662437059
1.0573400000	0.1642267101
1.0580500000	0.1624374374
1.0587600000	0.1606817816
1.0594800000	0.1589579491
1.0601900000	0.1572622217
1.0609000000	0.1555979663
1.0616100000	0.1539636021
1.0623300000	0.1523575352
1.0630400000	0.1507822268
1.0637500000	0.1492314940
1.0644700000	0.1477090814
1.0651800000	0.1462104511
1.0658900000	0.1447412005
1.0666100000	0.1432971314
1.0673200000	0.1418718162
1.0680300000	0.1404744947
1.0687400000	0.1391010560
1.0694600000	0.1377468275
1.0701700000	0.1364125221
1.0708800000	0.1350991458
1.0716000000	0.1338129166
1.0723100000	0.1325449417
1.0730200000	0.1312962358
1.0737300000	0.1300639047
1.0744500000	0.1288490090
1.0751600000	0.1275185057
1.0758700000	0.1263346033
1.0765900000	0.1251676409
1.0773000000	0.1240158016
1.0780100000	0.1228747068
1.0787300000	0.1217442208
1.0794400000	0.1206264267
1.0801500000	0.1195112722
1.0808600000	0.1183983035
1.0815800000	0.1172873262
1.0822900000	0.1161767224
1.0830000000	0.1150610595
1.0837200000	0.1139324667
1.0844300000	0.1127912031
1.0851400000	0.1116109207
1.0858600000	0.1103849335
1.0865700000	0.1090903752
1.0872800000	0.1077039861
1.0879900000	0.1061907881
1.0887100000	0.1045163600
1.0894200000	0.1026299579
1.0901300000	0.1004829532
1.0908500000	0.0980082085
1.0915600000	0.0951915946
1.0922700000	0.0919531360
1.0929800000	0.0885921852
1.0937000000	0.0853613756
1.0944100000	0.0828468490
1.0951200000	0.0819008477
1.0958400000	0.0832360608
1.0965500000	0.0869576725
1.0972600000	0.0922238754
1.0979800000	0.0975977422
1.0986900000	0.1017812335
1.0994000000	0.1042691681
1.1001100000	0.1051685208
1.1008300000	0.1049346555
1.1015400000	0.1039883710
1.1022500000	0.1026876714
1.1029700000	0.1012722638
1.1036800000	0.0998537884
1.1043900000	0.0984941129
1.1051100000	0.0972221285
1.1058200000	0.0960397565
1.1065300000	0.0949491840
1.1072400000	0.0939412735
1.1079600000	0.0930057939
1.1086700000	0.0921354881
1.1093800000	0.0913225459
1.1101000000	0.0905497183
1.1108100000	0.0898258363
1.1115200000	0.0891393302
1.1122300000	0.0884844494
1.1129500000	0.0878578244
1.1136600000	0.0872632251
1.1143700000	0.0866874497
1.1150900000	0.0861359356
1.1158000000	0.0855999010
1.1165100000	0.0850828218
1.1172300000	0.0845794523
1.1179400000	0.0840923412
1.1186500000	0.0836213196
1.1193600000	0.0831632474
1.1200800000	0.0827187688
1.1207900000	0.0822907444
1.1215000000	0.0818661519
1.1222200000	0.0814539153
1.1229300000	0.0810502687
1.1236400000	0.0806570833
1.1243500000	0.0802741433
1.1250700000	0.0799019409
1.1257800000	0.0795407017
1.1264900000	0.0791871936
1.1272100000	0.0788418949
1.1279200000	0.0785681666
1.1286300000	0.0782377580
1.1293500000	0.0779143368
1.1300600000	0.0776000908
1.1307700000	0.0772949338
1.1314800000	0.0770022688
1.1322000000	0.0767104055
1.1329100000	0.0764274008
1.1336200000	0.0761521140
1.1343400000	0.0758804475
1.1350500000	0.0756232011
1.1357600000	0.0753679272
1.1364800000	0.0751228158
1.1371900000	0.0748847585
1.1379000000	0.0746575744
1.1386100000	0.0744347374
1.1393300000	0.0742211123
1.1400400000	0.0740103055
1.1407500000	0.0738130188
1.1414700000	0.0736204018
1.1421800000	0.0734402437
1.1428900000	0.0732628701
1.1436000000	0.0730903038
1.1443200000	0.0729272213
1.1450300000	0.0727728095
1.1457400000	0.0726176448
1.1464600000	0.0724740530
1.1471700000	0.0724938170
1.1478800000	0.0723673198
1.1486000000	0.0722482366
1.1493100000	0.0721388022
1.1500200000	0.0720318114
1.1507300000	0.0719353107
1.1514500000	0.0718424496
1.1521600000	0.0717548161
1.1528700000	0.0716845466
1.1535900000	0.0716179900
1.1543000000	0.0715600606
1.1550100000	0.0715080509
1.1557300000	0.0714665388
1.1564400000	0.0714294085
1.1571500000	0.0714090347
1.1578600000	0.0713865135
1.1585800000	0.0713751419
1.1592900000	0.0713731286
1.1600000000	0.0713821514
1.1607200000	0.0713963011
1.1614300000	0.0714213691
1.1621400000	0.0714489895
1.1628500000	0.0714864478
1.1635700000	0.0715386358
1.1642800000	0.0716003707
1.1649900000	0.0716671689
1.1657100000	0.0717430044
1.1664200000	0.0721045468
1.1671300000	0.0721959562
1.1678500000	0.0722888362
1.1685600000	0.0723960280
1.1692700000	0.0725013884
1.1699800000	0.0726191218
1.1707000000	0.0727395219
1.1714100000	0.0728771952
1.1721200000	0.0730121740
1.1728400000	0.0731578445
1.1735500000	0.0733068467
1.1742600000	0.0734605577
1.1749700000	0.0736175566
1.1756900000	0.0737828330
1.1764000000	0.0739478566
1.1771100000	0.0741236873
1.1778300000	0.0742981928
1.1785400000	0.0744655343
1.1792500000	0.0746341526
1.1799700000	0.0747964459
1.1806800000	0.0749573531
1.1813900000	0.0750958509
1.1821000000	0.0752056037
1.1828200000	0.0753199971
1.1835300000	0.0754061770
1.1842400000	0.0754610229
1.1849600000	0.0754930284
1.1856700000	0.0754727976
1.1863800000	0.0756626467
1.1871000000	0.0755141638
1.1878100000	0.0752930865
1.1885200000	0.0749821020
1.1892300000	0.0745601997
1.1899500000	0.0740395195
1.1906600000	0.0733498255
1.1913700000	0.0725251950
1.1920900000	0.0714717367
1.1928000000	0.0701938652
1.1935100000	0.0686584891
1.1942200000	0.0668086497
1.1949400000	0.0645583397
1.1956500000	0.0618620873
1.1963600000	0.0586608708
1.1970800000	0.0547891160
1.1977900000	0.0502169776
1.1985000000	0.0447450982
1.1992200000	0.0382018030
1.1999300000	0.0303504257
1.2006400000	0.0209900662
1.2013500000	0.0097754253
1.2020700000	0.0006530893
1.2213200000	0.0172893400
1.2220300000	0.7105166785
1.2227400000	1.2014214968
1.2234600000	1.4982344001
1.2241700000	1.6367395512
1.2248800000	1.6619287238
1.2256000000	1.6144412350
1.2263100000	1.5250017229
1.2270200000	1.4157276127
1.2277300000	1.2996075441
1.2284500000	1.2274039938
1.2291600000	1.1149953271
1.2298700000	1.0117831768
1.2305900000	0.9182480511
1.2313000000	0.8344932440
1.2320100000	0.7599677082
1.2327200000	0.6939128045
1.2334400000	0.6352920858
1.2341500000	0.5834690304
1.2348600000	0.5376484626
1.2355800000	0.4971987858
1.2362900000	0.4614980997
1.2370000000	0.4297737215
1.2377200000	0.4017314938
1.2384300000	0.3768823069
1.2391400000	0.3549080286
1.2398500000	0.3354580165
1.2405700000	0.3184130442
1.2412800000	0.3033485714
1.2419900000	0.2901378761
1.2427100000	0.2786185395
1.2434200000	0.2686728334
1.2441300000	0.2601987031
1.2448400000	0.2531350981
1.2455600000	0.2474029529
1.2462700000	0.2429442245
1.2469800000	0.2397517491
1.2477000000	0.2378119803
1.2484100000	0.2371712613
1.2491200000	0.2379103753
1.2498400000	0.2400566994
1.2505500000	0.2437330076
1.2512600000	0.2526000780
1.2519700000	0.2595751137
1.2526900000	0.2685764948
1.2534000000	0.2798621071
1.2541100000	0.2937318605
1.2548300000	0.3104839336
1.2555400000	0.3304679640
1.2562500000	0.3539982413
1.2569700000	0.3813795506
1.2576800000	0.4126950686
1.2583900000	0.4477764007
1.2591000000	0.4859106572
1.2598200000	0.5256146846
1.2605300000	0.5644789392
1.2612400000	0.5990659084
1.2619600000	0.6253028724
1.2626700000	0.6393109146
1.2633800000	0.6385059298
1.2640900000	0.6225269777
1.2648100000	0.5933905171
1.2655200000	0.5547727332
1.2662300000	0.5108768853
1.2669500000	0.4654492199
1.2676600000	0.4212516898
1.2683700000	0.3800096084
1.2690900000	0.3425821703
1.2698000000	0.3092242532
1.2705100000	0.2798309440
1.2712200000	0.2540992095
1.2719400000	0.2316425404
1.2726500000	0.2120560688
1.2733600000	0.1949563664
1.2740800000	0.1808119834
1.2747900000	0.1676609388
1.2755000000	0.1560852115
1.2762200000	0.1458566933
1.2769300000	0.1367866067
1.2776400000	0.1287162489
1.2783500000	0.1215041298
1.2790700000	0.1150378830
1.2797800000	0.1092192831
1.2804900000	0.1039629908
1.2812100000	0.0992012010
1.2819200000	0.0948748693
1.2826300000	0.0909331266
1.2833400000	0.0873249149
1.2840600000	0.0840165178
1.2847700000	0.0809752469
1.2854800000	0.0781722731
1.2862000000	0.0755831137
1.2869100000	0.0731873416
1.2876200000	0.0709616863
1.2883400000	0.0688926994
1.2890500000	0.0669640835
1.2897600000	0.0651613482
1.2904700000	0.0634756042
1.2911900000	0.0618963310
1.2919000000	0.0604157322
1.2926100000	0.0590231297
1.2933300000	0.0577110280
1.2940400000	0.0564732655
1.2947500000	0.0553047577
1.2954700000	0.0542001066
1.2961800000	0.0531551488
1.2968900000	0.0521662013
1.2976000000	0.0512273203
1.2983200000	0.0506988660
1.2990300000	0.0498415868
1.2997400000	0.0490242204
1.3004600000	0.0482457980
1.3011700000	0.0475038268
1.3018800000	0.0467960563
1.3025900000	0.0461182069
1.3033100000	0.0454719543
1.3040200000	0.0448521468
1.3047300000	0.0442582027
1.3054500000	0.0436890131
1.3061600000	0.0431437766
1.3068700000	0.0426208793
1.3075900000	0.0421187137
1.3083000000	0.0416350959
1.3090100000	0.0411702158
1.3097200000	0.0407236338
1.3104400000	0.0402939771
1.3111500000	0.0398800283
1.3118600000	0.0394822687
1.3125800000	0.0390981767
1.3132900000	0.0387276535
1.3140000000	0.0383695953
1.3147100000	0.0380237452
1.3154300000	0.0376900669
1.3161400000	0.0373681341
1.3168500000	0.0370570598
1.3175700000	0.0367561404
1.3182800000	0.0364651227
1.3189900000	0.0361831552
1.3197100000	0.0359102943
1.3204200000	0.0356462445
1.3211300000	0.0353909183
1.3218400000	0.0351441976
1.3225600000	0.0349051967
1.3232700000	0.0348618580
1.3239800000	0.0346328352
1.3247000000	0.0344107411
1.3254100000	0.0341953266
1.3261200000	0.0339861303
1.3268400000	0.0337841088
1.3275500000	0.0335874929
1.3282600000	0.0333972867
1.3289700000	0.0332118357
1.3296900000	0.0330321112
1.3304000000	0.0328573765
1.3311100000	0.0326877189
1.3318300000	0.0325234242
1.3325400000	0.0323644518
1.3332500000	0.0322091139
1.3339600000	0.0320582399
1.3346800000	0.0319117502
1.3353900000	0.0317699721
1.3361000000	0.0316319661
1.3368200000	0.0314980350
1.3375300000	0.0313681821
1.3382400000	0.0312419902
1.3389600000	0.0311193961
1.3396700000	0.0309999743
1.3403800000	0.0308840218
1.3410900000	0.0307715640
1.3418100000	0.0306622604
1.3425200000	0.0305564173
1.3432300000	0.0304539398
1.3439500000	0.0303541169
1.3446600000	0.0302571101
1.3453700000	0.0301630399
1.3460900000	0.0300717848
1.3468000000	0.0299834417
1.3475100000	0.0298979035
1.3482200000	0.0298150608
1.3489400000	0.0297349032
1.3496500000	0.0297640322
1.3503600000	0.0296866434
1.3510800000	0.0296117017
1.3517900000	0.0295390815
1.3525000000	0.0294689122
1.3532100000	0.0294015260
1.3539300000	0.0293359206
1.3546400000	0.0292730749
1.3553500000	0.0292119972
1.3560700000	0.0291531821
1.3567800000	0.0290964225
1.3574900000	0.0290417153
1.3582100000	0.0289892815
1.3589200000	0.0289391509
1.3596300000	0.0288905946
1.3603400000	0.0288439964
1.3610600000	0.0287993838
1.3617700000	0.0287568379
1.3624800000	0.0287160679
1.3632000000	0.0286771775
1.3639100000	0.0286404286
1.3646200000	0.0286051880
1.3653400000	0.0285719717
1.3660500000	0.0285404633
1.3667600000	0.0285106252
1.3674700000	0.0284825451
1.3681900000	0.0284562202
1.3689000000	0.0284317394
1.3696100000	0.0284089821
1.3703300000	0.0283878117
1.3710400000	0.0283683638
1.3717500000	0.0283505603
1.3724600000	0.0283343433
1.3731800000	0.0283197628
1.3738900000	0.0283068939
1.3746000000	0.0282957108
1.3753200000	0.0282861293
1.3760300000	0.0282781729
1.3767400000	0.0283369470
1.3774600000	0.0283310240
1.3781700000	0.0283267219
1.3788800000	0.0283239773
1.3795900000	0.0283229179
1.3803100000	0.0283235579
1.3810200000	0.0283256728
1.3817300000	0.0283294155
1.3824500000	0.0283347850
1.3831600000	0.0283417194
1.3838700000	0.0283501796
1.3845800000	0.0283602846
1.3853000000	0.0283719448
1.3860100000	0.0283853446
1.3867200000	0.0284003895
1.3874400000	0.0284168567
1.3881500000	0.0284351175
1.3888600000	0.0284548687
1.3895800000	0.0284762544
1.3902900000	0.0284991660
1.3910000000	0.0285238657
1.3917100000	0.0285501418
1.3924300000	0.0285781362
1.3931400000	0.0286076778
1.3938500000	0.0286389995
1.3945700000	0.0286719393
1.3952800000	0.0287066367
1.3959900000	0.0287430029
1.3967100000	0.0287811149
1.3974200000	0.0288209928
1.3981300000	0.0288625937
1.3988400000	0.0289059808
1.3995600000	0.0289511585
1.4002700000	0.0289981668
1.4009800000	0.0290469606
1.4017000000	0.0290976021
1.4024100000	0.0291500879
1.4031200000	0.0292043901
1.4038300000	0.0292606235
1.4045500000	0.0293188287
1.4052600000	0.0294198468
1.4059700000	0.0294813934
1.4066900000	0.0295449858
1.4074000000	0.0296106402
1.4081100000	0.0296784414
1.4088300000	0.0297482263
1.4095400000	0.0298201561
1.4102500000	0.0298943066
1.4109600000	0.0299706704
1.4116800000	0.0300492167
1.4123900000	0.0301301041
1.4131000000	0.0302133613
1.4138200000	0.0302989187
1.4145300000	0.0303867800
1.4152400000	0.0304771828
1.4159600000	0.0305700472
1.4166700000	0.0306655093
1.4173800000	0.0307632900
1.4180900000	0.0308639146
1.4188100000	0.0309671532
1.4195200000	0.0310732346
1.4202300000	0.0311820376
1.4209500000	0.0312937110
1.4216600000	0.0314084463
1.4223700000	0.0315259899
1.4230800000	0.0316466396
1.4238000000	0.0317705986
1.4245100000	0.0318975833
1.4252200000	0.0320279181
1.4259400000	0.0321615601
1.4266500000	0.0322986117
1.4273600000	0.0324390274
1.4280800000	0.0325831643
1.4287900000	0.0327309578
1.4295000000	0.0328826588
1.4302100000	0.0330381817
1.4309300000	0.0331976498
1.4316400000	0.0333609894
1.4323500000	0.0335285959
1.4330700000	0.0337004552
1.4337800000	0.0338768601
1.4344900000	0.0340841766
1.4352100000	0.0342694037
1.4359200000	0.0344594753
1.4366300000	0.0346546625
1.4373400000	0.0348548640
1.4380600000	0.0350603656
1.4387700000	0.0352710379
1.4394800000	0.0354875911
1.4402000000	0.0357098432
1.4409100000	0.0359379989
1.4416200000	0.0361723895
1.4423300000	0.0364133342
1.4430500000	0.0366606881
1.4437600000	0.0369148728
1.4444700000	0.0371758276
1.4451900000	0.0374440762
1.4459000000	0.0377199151
1.4466100000	0.0380033342
1.4473300000	0.0382948232
1.4480400000	0.0385948214
1.4487500000	0.0389033328
1.4494600000	0.0392208397
1.4501800000	0.0395477190
1.4508900000	0.0398839924
1.4516000000	0.0402306333
1.4523200000	0.0405873038
1.4530300000	0.0409550672
1.4537400000	0.0413342599
1.4544500000	0.0417251442
1.4551700000	0.0421281601
1.4558800000	0.0425439199
1.4565900000	0.0429728942
1.4573100000	0.0434156942
1.4580200000	0.0438727646
1.4587300000	0.0443452158
1.4594500000	0.0448333419
1.4601600000	0.0453380468
1.4608700000	0.0458599568
1.4615800000	0.0463995712
1.4623000000	0.0469579690
1.4630100000	0.0475361927
1.4637200000	0.0481351983
1.4644400000	0.0487557830
1.4651500000	0.0493996601
1.4658600000	0.0500844448
1.4665800000	0.0507770538
1.4672900000	0.0514965441
1.4680000000	0.0522439296
1.4687100000	0.0530208691
1.4694300000	0.0538284309
1.4701400000	0.0546690220
1.4708500000	0.0555444362
1.4715700000	0.0564560621
1.4722800000	0.0574067225
1.4729900000	0.0583985549
1.4737000000	0.0594339660
1.4744200000	0.0605154410
1.4751300000	0.0616459418
1.4758400000	0.0628279646
1.4765600000	0.0640656896
1.4772700000	0.0653616372
1.4779800000	0.0667212120
1.4787000000	0.0681478637
1.4794100000	0.0696460931
1.4801200000	0.0712208589
1.4808300000	0.0728781523
1.4815500000	0.0746229919
1.4822600000	0.0764617826
1.4829700000	0.0784024686
1.4836900000	0.0804522374
1.4844000000	0.0826193171
1.4851100000	0.0849132168
1.4858300000	0.0873445930
1.4865400000	0.0899236413
1.4872500000	0.0926636303
1.4879600000	0.0955776189
1.4886800000	0.0986808661
1.4893900000	0.1019898583
1.4901000000	0.1055230012
1.4908200000	0.1093021467
1.4915300000	0.1133493080
1.4922400000	0.1176904580
1.4929500000	0.1223531320
1.4936700000	0.1273711413
1.4943800000	0.1327800592
1.4950900000	0.1386203018
1.4958100000	0.1449378467
1.4965200000	0.1517843637
1.4972300000	0.1592191484
1.4979500000	0.1673162072
1.4986600000	0.1761307106
1.4993700000	0.1857607537
1.5000800000	0.1963519742
1.5008000000	0.2083765909
1.5015100000	0.2216289025
1.5022200000	0.2362692321
1.5029400000	0.2524774664
1.5036500000	0.2704503542
1.5043600000	0.2904181583
1.5050800000	0.3126415657
1.5057900000	0.3374025597
1.5065000000	0.3650130977
1.5072100000	0.3958013010
1.5079300000	0.4301064679
1.5086400000	0.4682515520
1.5093500000	0.5105249766
1.5100700000	0.5571156234
1.5107800000	0.6080341514
1.5114900000	0.6630248292
1.5122000000	0.7214381881
1.5129200000	0.7820711013
1.5136300000	0.8430688486
1.5143400000	0.9018355058
1.5150600000	0.9551075351
1.5157700000	0.9992366566
1.5164800000	1.0306630910
1.5172000000	1.0465735999
1.5179100000	1.0454605292
1.5186200000	1.0275219806
1.5193300000	0.9945662426
1.5200500000	0.9496183499
1.5207600000	0.8963014659
1.5214700000	0.8381921897
1.5221900000	0.7784018878
1.5229000000	0.7193634869
1.5236100000	0.6627733817
1.5243200000	0.6097163373
1.5250400000	0.5607449467
1.5257500000	0.5160630906
1.5264600000	0.4756149719
1.5271800000	0.4392024522
1.5278900000	0.4065402533
1.5286000000	0.3773017630
1.5293200000	0.3511583227
1.5300300000	0.3277879356
1.5307400000	0.3068726291
1.5314500000	0.2881802922
1.5321700000	0.2714421412
1.5328800000	0.2564420040
1.5335900000	0.2429851930
1.5343100000	0.2309021727
1.5350200000	0.2200425665
1.5357300000	0.2102732670
1.5364500000	0.2014822346
1.5371600000	0.1935671213
1.5378700000	0.1864421111
1.5385800000	0.1800284399
1.5393000000	0.1742602007
1.5400100000	0.1690793143
1.5407200000	0.1644366613
1.5414400000	0.1602850094
1.5421500000	0.1565800282
1.5428600000	0.1532976998
1.5435700000	0.1504057957
1.5442900000	0.1478785983
1.5450000000	0.1456940248
1.5457100000	0.1438340475
1.5464300000	0.1422828485
1.5471400000	0.1410290214
1.5478500000	0.1400611168
1.5485700000	0.1393722215
1.5492800000	0.1389561962
1.5499900000	0.1388107256
1.5507000000	0.1389344191
1.5514200000	0.1393282014
1.5521300000	0.1399964075
1.5528400000	0.1409444059
1.5535600000	0.1421793314
1.5542700000	0.1437130687
1.5549800000	0.1455584966
1.5557000000	0.1477318215
1.5564100000	0.1502523784
1.5571200000	0.1531430660
1.5578300000	0.1564300023
1.5585500000	0.1601436804
1.5592600000	0.1643206630
1.5599700000	0.1690017981
1.5606900000	0.1742331602
1.5614000000	0.1800700259
1.5621100000	0.1865726079
1.5628200000	0.1938100434
1.5635400000	0.2018468317
1.5642500000	0.2107954248
1.5649600000	0.2206544655
1.5656800000	0.2317189386
1.5663900000	0.2440222287
1.5671000000	0.2576947336
1.5678200000	0.2728813404
1.5685300000	0.2897318370
1.5692400000	0.3083924290
1.5699500000	0.3290040221
1.5706700000	0.3516832340
1.5713800000	0.3764992344
1.5720900000	0.4034410338
1.5728100000	0.4323869181
1.5735200000	0.4630452063
1.5742300000	0.4949111807
1.5749400000	0.5272060556
1.5756600000	0.5588471752
1.5763700000	0.5884582557
1.5770800000	0.6144380717
1.5778000000	0.6351141224
1.5785100000	0.6489645276
1.5792200000	0.6548734921
1.5799400000	0.6523350999
1.5806500000	0.6415696267
1.5813600000	0.6234639566
1.5820700000	0.5993987455
1.5827900000	0.5710208857
1.5835000000	0.5399889653
1.5842100000	0.5077919700
1.5849300000	0.4756224479
1.5856400000	0.4444469200
1.5863500000	0.4147698660
1.5870700000	0.3870027161
1.5877800000	0.3613335008
1.5884900000	0.3377958375
1.5892000000	0.3163575291
1.5899200000	0.2969093147
1.5906300000	0.2793124273
1.5913400000	0.2634055042
1.5920600000	0.2490415073
1.5927700000	0.2360627948
1.5934800000	0.2243209149
1.5941900000	0.2136854837
1.5949100000	0.2040289587
1.5956200000	0.1952424162
1.5963300000	0.1872182823
1.5970500000	0.1798705742
1.5977600000	0.1731118039
1.5984700000	0.1668756416
1.5991900000	0.1610998455
1.5999000000	0.1557387469
1.6006100000	0.1507228408
1.6013200000	0.1461501089
1.6020400000	0.1419326108
1.6027500000	0.1380832595
1.6034600000	0.1346354857
1.6041800000	0.1316403935
1.6048900000	0.1291526809
1.6056000000	0.1272153015
1.6063200000	0.1258588976
1.6070300000	0.1250789353
1.6077400000	0.1248197627
1.6084500000	0.1250094694
1.6091700000	0.1255107624
1.6098800000	0.1262022400
1.6105900000	0.1269697370
1.6113100000	0.1277155790
1.6120200000	0.1283812431
1.6127300000	0.1289329287
1.6134400000	0.1293719631
1.6141600000	0.1297097527
1.6148700000	0.1299692013
1.6155800000	0.1301735644
1.6163000000	0.1303507931
1.6170100000	0.1305253694
1.6177200000	0.1307162011
1.6184400000	0.1309385398
1.6191500000	0.1312062289
1.6198600000	0.1315274199
1.6205700000	0.1319091509
1.6212900000	0.1323558574
1.6220000000	0.1328705473
1.6227100000	0.1334542819
1.6234300000	0.1341101598
1.6241400000	0.1348364520
1.6248500000	0.1356337128
1.6255700000	0.1365028856
1.6262800000	0.1374440092
1.6269900000	0.1384557296
1.6277000000	0.1395380664
1.6284200000	0.1406908095
1.6291300000	0.1419130135
1.6298400000	0.1432063920
1.6305600000	0.1445704430
1.6312700000	0.1460048475
1.6319800000	0.1475128762
1.6326900000	0.1490903921
1.6334100000	0.1507402891
1.6341200000	0.1524629934
1.6348300000	0.1542602176
1.6355500000	0.1561322495
1.6362600000	0.1580801510
1.6369700000	0.1601063724
1.6376900000	0.1622116630
1.6384000000	0.1643986465
1.6391100000	0.1664538729
1.6398200000	0.1688029890
1.6405400000	0.1712391235
1.6412500000	0.1737653433
1.6419600000	0.1763815483
1.6426800000	0.1790937388
1.6433900000	0.1819026730
1.6441000000	0.1848119832
1.6448100000	0.1878256275
1.6455300000	0.1909461671
1.6462400000	0.1941767597
1.6469500000	0.1975225098
1.6476700000	0.2009873146
1.6483800000	0.2045757171
1.6490900000	0.2082913341
1.6498100000	0.2121398890
1.6505200000	0.2161264740
1.6512300000	0.2202548913
1.6519400000	0.2245331429
1.6526600000	0.2289665345
1.6533700000	0.2335601056
1.6540800000	0.2383242290
1.6548000000	0.2432643650
1.6555100000	0.2483876687
1.6562200000	0.2537061914
1.6569400000	0.2592229763
1.6576500000	0.2649489969
1.6583600000	0.2708947687
1.6590700000	0.2770701471
1.6597900000	0.2834815539
1.6605000000	0.2901514558
1.6612100000	0.2970855669
1.6619300000	0.3042970872
1.6626400000	0.3118019470
1.6633500000	0.3196154461
1.6640600000	0.3277514776
1.6647800000	0.3362296839
1.6654900000	0.3450682304
1.6662000000	0.3542842838
1.6669200000	0.3639011422
1.6676300000	0.3739376777
1.6683400000	0.3844209864
1.6690600000	0.3953740240
1.6697700000	0.4068293045
1.6704800000	0.4188151727
1.6711900000	0.4313602882
1.6719100000	0.4444999344
1.6726200000	0.4582744872
1.6733300000	0.4727201881
1.6740500000	0.4878792952
1.6747600000	0.5038021347
1.6754700000	0.5205407029
1.6761900000	0.5381401360
1.6769000000	0.5566764347
1.6776100000	0.5761958374
1.6783200000	0.5967931761
1.6790400000	0.6171223091
1.6797500000	0.6400340692
1.6804600000	0.6642703516
1.6811800000	0.6899330988
1.6818900000	0.7171291277
1.6826000000	0.7459856488
1.6833100000	0.7766335803
1.6840300000	0.8092131539
1.6847400000	0.8438749464
1.6854500000	0.8807962170
1.6861700000	0.9201531487
1.6868800000	0.9621424437
1.6875900000	1.0070085711
1.6883100000	1.0549789905
1.6890200000	1.1063374469
1.6897300000	1.1613809980
1.6904400000	1.2204456032
1.6911600000	1.2839116529
1.6918700000	1.3521873043
1.6925800000	1.4257313590
1.6933000000	1.5050644906
1.6940100000	1.5907386095
1.6947200000	1.6834077585
1.6954400000	1.7837432358
1.6961500000	1.8925205974
1.6968600000	2.0105578566
1.6975700000	2.1388233600
1.6982900000	2.2783267678
1.6990000000	2.4301530001
1.6997100000	2.5955050577
1.7004300000	2.7786521317
1.7011400000	2.9806696080
1.7018500000	3.2011988059
1.7025600000	3.4417103248
1.7032800000	3.7035278388
1.7039900000	3.9878477159
1.7047000000	4.2954765104
1.7054200000	4.6266344827
1.7061300000	4.9807354510
1.7068400000	5.3559295753
1.7075600000	5.7489085350
1.7082700000	6.1543127125
1.7089800000	6.5644178562
1.7096900000	6.9689557111
1.7104100000	7.3550753948
1.7111200000	7.7077406967
1.7118300000	8.0107116553
1.7125500000	8.2480408335
1.7132600000	8.4057676639
1.7139700000	8.4739277469
1.7146800000	8.4480071994
1.7154000000	8.3297509706
1.7161100000	8.1264254615
1.7168200000	7.8504637003
1.7175400000	7.5172218518
1.7182500000	7.1428450850
1.7189600000	6.7432375876
1.7196800000	6.3324664612
1.7203900000	5.9219600297
1.7211000000	5.5387240044
1.7218100000	5.1513650407
1.7225300000	4.7840497681
1.7232400000	4.4392988019
1.7239500000	4.1182385825
1.7246700000	3.8209995679
1.7253800000	3.5470014955
1.7260900000	3.2951995695
1.7268100000	3.0642835759
1.7275200000	2.8527601028
1.7282300000	2.6591630208
1.7289400000	2.4820062755
1.7296600000	2.3198148150
1.7303700000	2.1712710477
1.7310800000	2.0351240660
1.7318000000	1.9102189830
1.7325100000	1.7955116797
1.7332200000	1.6900222191
1.7339300000	1.5928957109
1.7346500000	1.5033476824
1.7353600000	1.4206828991
1.7360700000	1.3442468754
1.7367900000	1.2734797912
1.7375000000	1.2078707096
1.7382100000	1.1469589140
1.7389300000	1.0903320594
1.7396400000	1.0376176338
1.7403500000	0.9884820595
1.7410600000	0.9426223231
1.7417800000	0.8997678878
1.7424900000	0.8596720737
1.7432000000	0.8221123963
1.7439200000	0.7868908254
1.7446300000	0.7538224573
1.7453400000	0.7227426391
1.7460600000	0.6934989091
1.7467700000	0.6659558995
1.7474800000	0.6399888629
1.7481900000	0.6154830219
1.7489100000	0.5923336430
1.7496200000	0.5704445201
1.7503300000	0.5497292335
1.7510500000	0.5301066476
1.7517600000	0.5115022482
1.7524700000	0.4938488838
1.7531800000	0.4770850586
1.7539000000	0.4611539765
1.7546100000	0.4460012127
1.7553200000	0.4315794464
1.7560400000	0.4178410792
1.7567500000	0.4047448844
1.7574600000	0.3922526423
1.7581800000	0.3803272910
1.7588900000	0.3689377604
1.7596000000	0.3580568638
1.7603100000	0.3476449540
1.7610300000	0.3376803688
1.7617400000	0.3281396282
1.7624500000	0.3189977429
1.7631700000	0.3102349330
1.7638800000	0.3015885432
1.7645900000	0.2935183821
1.7653100000	0.2857703840
1.7660200000	0.2783271129
1.7667300000	0.2711726643
1.7674400000	0.2642931919
1.7681600000	0.2576742243
1.7688700000	0.2513034586
1.7695800000	0.2451680116
1.7703000000	0.2392567303
1.7710100000	0.2335601833
1.7717200000	0.2280655959
1.7724300000	0.2227661912
1.7731500000	0.2176527842
1.7738600000	0.2127161472
1.7745700000	0.2079478347
1.7752900000	0.2033412784
1.7760000000	0.1988887971
1.7767100000	0.1945837718
1.7774300000	0.1904190916
1.7781400000	0.1863891368
1.7788500000	0.1824888814
1.7795600000	0.1787128708
1.7802800000	0.1750549293
1.7809900000	0.1715113729
1.7817000000	0.1680769885
1.7824200000	0.1647476495
1.7831300000	0.1615181507
1.7838400000	0.1583859768
1.7845500000	0.1553464024
1.7852700000	0.1523964208
1.7859800000	0.1495319162
1.7866900000	0.1467496953
1.7874100000	0.1440486230
1.7881200000	0.1414228110
1.7888300000	0.1388703729
1.7895500000	0.1363889059
1.7902600000	0.1339745448
1.7909700000	0.1316272425
1.7916800000	0.1293428088
1.7924000000	0.1271201815
1.7931100000	0.1249566246
1.7938200000	0.1228500270
1.7945400000	0.1207986675
1.7952500000	0.1188000734
1.7959600000	0.1168529401
1.7966800000	0.1149548531
1.7973900000	0.1131048738
1.7981000000	0.1113012701
1.7988100000	0.1095427516
1.7995300000	0.1078279449
1.8002400000	0.1061470663
1.8009500000	0.1044919755
1.8016700000	0.1028776068
1.8023800000	0.1013022318
1.8030900000	0.0997651700
1.8038000000	0.0982652767
1.8045200000	0.0968013962
1.8052300000	0.0953720483
1.8059400000	0.0939754424
1.8066600000	0.0926121086
1.8073700000	0.0912805138
1.8080800000	0.0899791364
1.8088000000	0.0887075953
1.8095100000	0.0873135983
1.8102200000	0.0860985898
1.8109300000	0.0849106999
1.8116500000	0.0837487467
1.8123600000	0.0826124480
1.8130700000	0.0815009610
1.8137900000	0.0804135125
1.8145000000	0.0793493291
1.8152100000	0.0783074209
1.8159300000	0.0772899616
1.8166400000	0.0762916747
1.8173500000	0.0753148658
1.8180600000	0.0743576299
1.8187800000	0.0734204833
1.8194900000	0.0725027577
1.8202000000	0.0716032533
1.8209200000	0.0707222697
1.8216300000	0.0698589532
1.8223400000	0.0690125182
1.8230500000	0.0681829388
1.8237700000	0.0673693499
1.8244800000	0.0665721436
1.8251900000	0.0657900223
1.8259100000	0.0650225672
1.8266200000	0.0642702870
1.8273300000	0.0635322651
1.8280500000	0.0628082262
1.8287600000	0.0620977643
1.8294700000	0.0614001372
1.8301800000	0.0607156443
1.8309000000	0.0600438489
1.8316100000	0.0593839639
1.8323200000	0.0587361836
1.8330400000	0.0580999482
1.8337500000	0.0574745020
1.8344600000	0.0568607666
1.8351800000	0.0562578858
1.8358900000	0.0556649076
1.8366000000	0.0550822684
1.8373100000	0.0545099341
1.8380300000	0.0539475531
1.8387400000	0.0533945563
1.8394500000	0.0528508854
1.8401700000	0.0523160894
1.8408800000	0.0517903209
1.8415900000	0.0512731469
1.8423000000	0.0507644213
1.8430200000	0.0502630218
1.8437300000	0.0497698467
1.8444400000	0.0492863111
1.8451600000	0.0488092833
1.8458700000	0.0483395476
1.8465800000	0.0478769026
1.8473000000	0.0474213533
1.8480100000	0.0469726540
1.8487200000	0.0465307784
1.8494300000	0.0460949194
1.8501500000	0.0456657741
1.8508600000	0.0452429347
1.8515700000	0.0448260770
1.8522900000	0.0444145275
1.8530000000	0.0440088315
1.8537100000	0.0436088512
1.8544200000	0.0432140447
1.8551400000	0.0428247906
1.8558500000	0.0424404892
1.8565600000	0.0419037372
1.8572800000	0.0415255336
1.8579900000	0.0411518333
1.8587000000	0.0407825685
1.8594200000	0.0404175579
1.8601300000	0.0400565560
1.8608400000	0.0396991948
1.8615500000	0.0393455297
1.8622700000	0.0389955349
1.8629800000	0.0386486312
1.8636900000	0.0383052138
1.8644100000	0.0379647133
1.8651200000	0.0376272222
1.8658300000	0.0372919979
1.8665500000	0.0369596623
1.8672600000	0.0366301418
1.8679700000	0.0363026077
1.8686800000	0.0359772157
1.8694000000	0.0356537125
1.8701100000	0.0353317314
1.8708200000	0.0350112310
1.8715400000	0.0346918325
1.8722500000	0.0343734512
1.8729600000	0.0340562757
1.8736700000	0.0337391429
1.8743900000	0.0334246551
1.8751000000	0.0331089031
1.8758100000	0.0327927533
1.8765300000	0.0324765497
1.8772400000	0.0321593332
1.8779500000	0.0318416774
1.8786700000	0.0315226918
1.8793800000	0.0312018897
1.8800900000	0.0308797617
1.8808000000	0.0305555802
1.8815200000	0.0302283266
1.8822300000	0.0298976655
1.8829400000	0.0295643770
1.8836600000	0.0292275538
1.8843700000	0.0288848668
1.8850800000	0.0285383009
1.8858000000	0.0281865901
1.8865100000	0.0278282867
1.8872200000	0.0274633459
1.8879300000	0.0270904843
1.8886500000	0.0267086620
1.8893600000	0.0263164534
1.8900700000	0.0259132964
1.8907900000	0.0254967647
1.8915000000	0.0250629337
1.8922100000	0.0246144857
1.8929200000	0.0241440901
1.8936400000	0.0236525653
1.8943500000	0.0231344821
1.8950600000	0.0225848361
1.8957800000	0.0219985359
1.8964900000	0.0213696847
1.8972000000	0.0206910132
1.8979200000	0.0199529936
1.8986300000	0.0191465360
1.8993400000	0.0182607787
1.9000500000	0.0172797811
1.9007700000	0.0161471130
1.9014800000	0.0148781897
1.9021900000	0.0134577414
1.9029100000	0.0118702263
1.9036200000	0.0100952303
1.9043300000	0.0083785421
1.9050500000	0.0072850352
1.9057600000	0.0057974950
1.9064700000	0.0051964995
1.9071800000	0.0047627263
1.9079000000	0.0037952806
1.9086100000	0.0041822450
1.9093200000	0.0031603935
1.9100400000	0.0017711915
1.9107500000	0.0028831005
1.9114600000	0.0048089801
1.9121700000	0.0019841237
1.9128900000	0.0040650607
1.9136000000	0.0069687520
1.9143100000	0.0108298141
1.9150300000	0.0007543998
1.9157400000	0.0034519498
1.9164500000	0.0084585550
1.9321400000	0.0003486586
1.9328500000	0.0131494428
1.9335600000	0.0284786644
1.9342800000	0.0423363157
1.9349900000	0.0545203619
1.9357000000	0.0649233618
1.9364200000	0.0735595832
1.9371300000	0.0804842112
1.9378400000	0.0858156063
1.9385500000	0.0897065387
1.9392700000	0.0923289562
1.9399800000	0.0938621613
1.9406900000	0.0944793781
1.9414100000	0.0943548507
1.9421200000	0.0936054400
1.9428300000	0.0923926635
1.9435400000	0.0908035341
1.9442600000	0.0889484494
1.9449700000	0.0869101671
1.9456800000	0.0847511734
1.9464000000	0.0825269514
1.9471100000	0.0802827252
1.9478200000	0.0780535365
1.9485400000	0.0758606997
1.9492500000	0.0737289202
1.9499600000	0.0716713448
1.9506700000	0.0697017776
1.9513900000	0.0678241404
1.9521000000	0.0660529252
1.9528100000	0.0643753460
1.9535300000	0.0628011328
1.9542400000	0.0613334764
1.9549500000	0.0599638984
1.9556700000	0.0586971752
1.9563800000	0.0589537882
1.9570900000	0.0578089037
1.9578000000	0.0567601839
1.9585200000	0.0558049525
1.9592300000	0.0549392716
1.9599400000	0.0541591047
1.9606600000	0.0534604437
1.9613700000	0.0528384644
1.9620800000	0.0522906542
1.9627900000	0.0518085686
1.9635100000	0.0513851302
1.9642200000	0.0510153051
1.9649300000	0.0506899281
1.9656500000	0.0504021395
1.9663600000	0.0501445803
1.9670700000	0.0499039662
1.9677900000	0.0496736776
1.9685000000	0.0494406760
1.9692100000	0.0491959378
1.9699200000	0.0489307892
1.9706400000	0.0486352976
1.9713500000	0.0483028525
1.9720600000	0.0479278609
1.9727800000	0.0475077320
1.9734900000	0.0470401874
1.9742000000	0.0465249721
1.9749100000	0.0459666710
1.9756300000	0.0453678402
1.9763400000	0.0447353744
1.9770500000	0.0440761108
1.9777700000	0.0433979574
1.9784800000	0.0427071202
1.9791900000	0.0420116707
1.9799100000	0.0413178108
1.9806200000	0.0406314660
1.9813300000	0.0399578751
1.9820400000	0.0393013457
1.9827600000	0.0386653877
1.9834700000	0.0380532887
1.9841800000	0.0374663792
1.9849000000	0.0369055927
1.9856100000	0.0363721100
1.9863200000	0.0358669835
1.9870400000	0.0353896732
1.9877500000	0.0349393374
1.9884600000	0.0345160860
1.9891700000	0.0341192597
1.9898900000	0.0337482221
1.9906000000	0.0334021177
1.9913100000	0.0330798299
1.9920300000	0.0327806610
1.9927400000	0.0325036858
1.9934500000	0.0322482011
1.9941600000	0.0320132428
1.9948800000	0.0317979498
1.9955900000	0.0316017179
1.9963000000	0.0314231373
1.9970200000	0.0312618533
1.9977300000	0.0311172924
1.9984400000	0.0309889073
1.9991600000	0.0308760835
1.9998700000	0.0307783591
2.0005800000	0.0307032089
2.0012900000	0.0306449634
2.0020100000	0.0306012223
2.0027200000	0.0305716224
2.0034300000	0.0305558218
2.0041500000	0.0305535236
2.0048600000	0.0305646350
2.0055700000	0.0305887912
2.0062900000	0.0306257841
2.0070000000	0.0306755823
2.0077100000	0.0307382174
2.0084200000	0.0308133596
2.0091400000	0.0310231270
2.0098500000	0.0311203964
2.0105600000	0.0312304063
2.0112800000	0.0313533030
2.0119900000	0.0314890835
2.0127000000	0.0316379378
2.0134100000	0.0318000341
2.0141300000	0.0319755853
2.0148400000	0.0321647683
2.0155500000	0.0323679071
2.0162700000	0.0325852778
2.0169800000	0.0328172417
2.0176900000	0.0330641216
2.0184100000	0.0333263906
2.0191200000	0.0336045104
2.0198300000	0.0338991115
2.0205400000	0.0342105788
2.0212600000	0.0345396803
2.0219700000	0.0348870838
2.0226800000	0.0352539654
2.0234000000	0.0356402888
2.0241100000	0.0360473629
2.0248200000	0.0364761943
2.0255400000	0.0369278482
2.0262500000	0.0374034020
2.0269600000	0.0379040649
2.0276700000	0.0384310640
2.0283900000	0.0389857731
2.0291000000	0.0395695044
2.0298100000	0.0401836685
2.0305300000	0.0408297385
2.0312400000	0.0415091437
2.0319500000	0.0422234288
2.0326600000	0.0429741964
2.0333800000	0.0437630642
2.0340900000	0.0445918314
2.0348000000	0.0454618863
2.0355200000	0.0463751860
2.0362300000	0.0473336402
2.0369400000	0.0483393261
2.0376600000	0.0493943212
2.0383700000	0.0505012114
2.0390800000	0.0516625487
2.0397900000	0.0528809797
2.0405100000	0.0541594719
2.0412200000	0.0555014354
2.0419300000	0.0569100643
2.0426500000	0.0583887640
2.0433600000	0.0599414040
2.0440700000	0.0615718957
2.0447800000	0.0632841299
2.0455000000	0.0650824700
2.0462100000	0.0669709200
2.0469200000	0.0689536886
2.0476400000	0.0710351982
2.0483500000	0.0732198101
2.0490600000	0.0755114822
2.0497800000	0.0779144925
2.0504900000	0.0804318410
2.0512000000	0.0830677693
2.0519100000	0.0858239897
2.0526300000	0.0887038896
2.0533400000	0.0917081641
2.0540500000	0.0948367436
2.0547700000	0.0980888057
2.0554800000	0.1014609945
2.0561900000	0.1049492759
2.0569100000	0.1085462172
2.0576200000	0.1122427025
2.0583300000	0.1160262024
2.0590400000	0.1198807464
2.0597600000	0.1237874033
2.0604700000	0.1277225782
2.0611800000	0.1316594823
2.0619000000	0.1355672273
2.0626100000	0.1394104524
2.0633200000	0.1431500321
2.0640300000	0.1467441090
2.0647500000	0.1501478720
2.0654600000	0.1533171605
2.0661700000	0.1562046239
2.0668900000	0.1587655187
2.0676000000	0.1609576156
2.0683100000	0.1627431556
2.0690300000	0.1640897237
2.0697400000	0.1649737255
2.0704500000	0.1653791334
2.0711600000	0.1652986826
2.0718800000	0.1647361485
2.0725900000	0.1637025708
2.0733000000	0.1622190022
2.0740200000	0.1603150237
2.0747300000	0.1580252452
2.0754400000	0.1553901045
2.0761600000	0.1524543335
2.0768700000	0.1492617452
2.0775800000	0.1458591374
2.0782900000	0.1422911904
2.0790100000	0.1386009192
2.0797200000	0.1348288101
2.0804300000	0.1310103150
2.0811500000	0.1271785892
2.0818600000	0.1233631627
2.0825700000	0.1195869203
2.0832800000	0.1158725336
2.0840000000	0.1122359575
2.0847100000	0.1086907416
2.0854200000	0.1052487586
2.0861400000	0.1019164034
2.0868500000	0.0987003541
2.0875600000	0.0956040931
2.0882800000	0.0926296570
2.0889900000	0.0897784074
2.0897000000	0.0870476504
2.0904100000	0.0844365320
2.0911300000	0.0819422921
2.0918400000	0.0795621293
2.0925500000	0.0772921276
2.0932700000	0.0751278917
2.0939800000	0.0730652269
2.0946900000	0.0710996475
2.0954100000	0.0692277012
2.0961200000	0.0674421040
2.0968300000	0.0657398153
2.0975400000	0.0641155415
2.0982600000	0.0625654901
2.0989700000	0.0610851143
2.0996800000	0.0596694121
2.1004000000	0.0582681999
2.1011100000	0.0568903834
2.1018200000	0.0555710532
2.1025300000	0.0543065529
2.1032500000	0.0530937794
2.1039600000	0.0519294616
2.1046700000	0.0508114182
2.1053900000	0.0497364909
2.1061000000	0.0487028244
2.1068100000	0.0477091289
2.1075300000	0.0467523900
2.1082400000	0.0458323999
2.1089500000	0.0449462998
2.1096600000	0.0440931572
2.1103800000	0.0432718986
2.1110900000	0.0424812719
2.1118000000	0.0417201273
2.1125200000	0.0409873478
2.1132300000	0.0402830365
2.1139400000	0.0396037807
2.1146500000	0.0389492990
2.1153700000	0.0383188247
2.1160800000	0.0377113606
2.1167900000	0.0371255774
2.1175100000	0.0365606705
2.1182200000	0.0360155214
2.1189300000	0.0354895516
2.1196500000	0.0349811348
2.1203600000	0.0344896393
2.1210700000	0.0340143751
2.1217800000	0.0335542867
2.1225000000	0.0331086013
2.1232100000	0.0326626581
2.1239200000	0.0322422579
2.1246400000	0.0318340145
2.1253500000	0.0314377967
2.1260600000	0.0310530945
2.1267800000	0.0306795055
2.1274900000	0.0303169323
2.1282000000	0.0299654008
2.1289100000	0.0296248599
2.1296300000	0.0292956051
2.1303400000	0.0289778180
2.1310500000	0.0286722515
2.1317700000	0.0283800734
2.1324800000	0.0281015847
2.1331900000	0.0278383527
2.1339000000	0.0275914364
2.1346200000	0.0273612450
2.1353300000	0.0271503776
2.1360400000	0.0269595362
2.1367600000	0.0267898076
2.1374700000	0.0266421506
2.1381800000	0.0265169699
2.1389000000	0.0264151223
2.1396100000	0.0263367264
2.1403200000	0.0262810482
2.1410300000	0.0262474745
2.1417500000	0.0262340543
2.1424600000	0.0262397031
2.1431700000	0.0262625348
2.1438900000	0.0263006856
2.1446000000	0.0263505588
2.1453100000	0.0264110227
2.1460300000	0.0264791303
2.1467400000	0.0265521499
2.1474500000	0.0266283266
2.1481600000	0.0267059900
2.1488800000	0.0267837301
2.1495900000	0.0268600450
2.1503000000	0.0269342219
2.1510200000	0.0270055967
2.1517300000	0.0270740215
2.1524400000	0.0271392378
2.1531500000	0.0272015263
2.1538700000	0.0272610720
2.1545800000	0.0273182667
2.1552900000	0.0273736508
2.1560100000	0.0274278419
2.1567200000	0.0274812701
2.1574300000	0.0275345355
2.1581500000	0.0275881261
2.1588600000	0.0276425929
2.1595700000	0.0276983511
2.1602800000	0.0277558274
2.1610000000	0.0278154055
2.1617100000	0.0278773587
2.1624200000	0.0279419713
2.1631400000	0.0280094443
2.1638500000	0.0280799037
2.1645600000	0.0281533589
2.1652800000	0.0282298842
2.1659900000	0.0283094518
2.1667000000	0.0283918260
2.1674100000	0.0284769159
2.1681300000	0.0285645300
2.1688400000	0.0286542376
2.1695500000	0.0287457640
2.1702700000	0.0288387232
2.1709800000	0.0289327074
2.1716900000	0.0290272433
2.1724000000	0.0291218932
2.1731200000	0.0292162106
2.1738300000	0.0293096963
2.1745400000	0.0294019982
2.1752600000	0.0294927192
2.1759700000	0.0295815546
2.1766800000	0.0296682519
2.1774000000	0.0297524917
2.1781100000	0.0298345812
2.1788200000	0.0299143436
2.1795300000	0.0299918368
2.1802500000	0.0300673169
2.1809600000	0.0301410175
2.1816700000	0.0302132849
2.1823900000	0.0302844824
2.1831000000	0.0303550259
2.1838100000	0.0304173110
2.1845200000	0.0304876089
2.1852400000	0.0305586020
2.1859500000	0.0306307589
2.1866600000	0.0307045202
2.1873800000	0.0307803072
2.1880900000	0.0308585018
2.1888000000	0.0309394939
2.1895200000	0.0310236200
2.1902300000	0.0311111830
2.1909400000	0.0312025155
2.1916500000	0.0312978521
2.1923700000	0.0313974540
2.1930800000	0.0315015599
2.1937900000	0.0316103440
2.1945100000	0.0317240239
2.1952200000	0.0318427319
2.1959300000	0.0319666243
2.1966500000	0.0320958077
2.1973600000	0.0322304461
2.1980700000	0.0323706072
2.1987800000	0.0325164055
2.1995000000	0.0326678835
2.2002100000	0.0328473821
2.2009200000	0.0330869086
2.2016400000	0.0333337868
2.2023500000	0.0335881012
2.2030600000	0.0338498780
2.2037700000	0.0341191791
2.2044900000	0.0343960930
2.2052000000	0.0346807213
2.2059100000	0.0349730947
2.2066300000	0.0352732776
2.2073400000	0.0355813847
2.2080500000	0.0358975118
2.2087700000	0.0362217070
2.2094800000	0.0365541258
2.2101900000	0.0368948409
2.2109000000	0.0372438768
2.2116200000	0.0376015212
2.2123300000	0.0379678365
2.2130400000	0.0383429339
2.2137600000	0.0387269672
2.2144700000	0.0391200862
2.2151800000	0.0395224444
2.2159000000	0.0399342195
2.2166100000	0.0403554947
2.2173200000	0.0407865609
2.2180300000	0.0412276316
2.2187500000	0.0416788485
2.2194600000	0.0421404156
2.2201700000	0.0426125305
2.2208900000	0.0430955185
2.2216000000	0.0435895542
2.2223100000	0.0440948808
2.2230200000	0.0446117697
2.2237400000	0.0451404907
2.2244500000	0.0456813133
2.2251600000	0.0462345157
2.2258800000	0.0468004012
2.2265900000	0.0473793198
2.2273000000	0.0479715743
2.2280200000	0.0485775070
2.2287300000	0.0491974043
2.2294400000	0.0498317475
2.2301500000	0.0504807975
2.2308700000	0.0511449747
2.2315800000	0.0518247994
2.2322900000	0.0525205703
2.2330100000	0.0532327788
2.2337200000	0.0539618463
2.2344300000	0.0547082540
2.2351500000	0.0554724669
2.2358600000	0.0562550869
2.2365700000	0.0570565119
2.2372800000	0.0578773476
2.2380000000	0.0587181609
2.2387100000	0.0595795298
2.2394200000	0.0604620249
2.2401400000	0.0613663707
2.2408500000	0.0622931844
2.2415600000	0.0632430583
2.2422700000	0.0642166243
2.2429900000	0.0652148263
2.2437000000	0.0662384976
2.2444100000	0.0672881034
2.2451300000	0.0683644580
2.2458400000	0.0694688084
2.2465500000	0.0706018049
2.2472700000	0.0717016312
2.2479800000	0.0728935156
2.2486900000	0.0741168747
2.2494000000	0.0753727654
2.2501200000	0.0766622505
2.2508300000	0.0779863716
2.2515400000	0.0793463465
2.2522600000	0.0807433446
2.2529700000	0.0821788150
2.2536800000	0.0836538158
2.2543900000	0.0851696657
2.2551100000	0.0867279854
2.2558200000	0.0883299853
2.2565300000	0.0899774654
2.2572500000	0.0916720042
2.2579600000	0.0934149722
2.2586700000	0.0952083589
2.2593900000	0.0970538822
2.2601000000	0.0989531156
2.2608100000	0.1009084032
2.2615200000	0.1029215759
2.2622400000	0.1049948181
2.2629500000	0.1071301592
2.2636600000	0.1093301666
2.2643800000	0.1115969037
2.2650900000	0.1139329377
2.2658000000	0.1163407769
2.2665200000	0.1188232497
2.2672300000	0.1213829003
2.2679400000	0.1240225106
2.2686500000	0.1267455656
2.2693700000	0.1295549076
2.2700800000	0.1324535219
2.2707900000	0.1354454798
2.2715100000	0.1385338503
2.2722200000	0.1417223297
2.2729300000	0.1450145303
2.2736400000	0.1484146913
2.2743600000	0.1519267638
2.2750700000	0.1555549167
2.2757800000	0.1593034937
2.2765000000	0.1631770429
2.2772100000	0.1671802876
2.2779200000	0.1713178992
2.2786400000	0.1755950150
2.2793500000	0.1800167749
2.2800600000	0.1845880689
2.2807700000	0.1893146447
2.2814900000	0.1942014145
2.2822000000	0.1992549075
2.2829100000	0.2044810950
2.2836300000	0.2098853135
2.2843400000	0.2154734204
2.2850500000	0.2212516775
2.2857700000	0.2272257139
2.2864800000	0.2334022624
2.2871900000	0.2397869866
2.2879000000	0.2463855478
2.2886200000	0.2532042750
2.2893300000	0.2602483160
2.2900400000	0.2675233985
2.2907600000	0.2750344481
2.2914700000	0.2827862527
2.2921800000	0.2907830320
2.2928900000	0.2990282480
2.2936100000	0.3075246991
2.2943200000	0.3162745437
2.2950300000	0.3252792514
2.2957500000	0.3345382003
2.2964600000	0.3440503011
2.2971700000	0.3538129610
2.2978900000	0.3638215207
2.2986000000	0.3740692638
2.2993100000	0.3845482080
2.3000200000	0.3952681764
2.3007400000	0.4068080018
2.3014500000	0.4185760862
2.3021600000	0.4305510474
2.3028800000	0.4427080692
2.3035900000	0.4550173262
2.3043000000	0.4674451661
2.3050200000	0.4799522247
2.3057300000	0.4924947513
2.3064400000	0.5050235241
2.3071500000	0.5174842564
2.3078700000	0.5298178080
2.3085800000	0.5419598016
2.3092900000	0.5538414674
2.3100100000	0.5653899069
2.3107200000	0.5765295755
2.3114300000	0.5871837194
2.3121400000	0.5972690789
2.3128600000	0.6067090521
2.3135700000	0.6158713268
2.3142800000	0.6238525111
2.3150000000	0.6309615988
2.3157100000	0.6371303029
2.3164200000	0.6423007725
2.3171400000	0.6464214887
2.3178500000	0.6494544962
2.3185600000	0.6513614194
2.3192700000	0.6521263058
2.3199900000	0.6517421734
2.3207000000	0.6502157341
2.3214100000	0.6475618541
2.3221300000	0.6438127647
2.3228400000	0.6390050808
2.3235500000	0.6331893118
2.3242600000	0.6264243207
2.3249800000	0.6187750384
2.3256900000	0.6103147250
2.3264000000	0.6011208452
2.3271200000	0.5912651787
2.3278300000	0.5808325798
2.3285400000	0.5699022065
2.3292600000	0.5585516633
2.3299700000	0.5468571779
2.3306800000	0.5348928292
2.3313900000	0.5227265331
2.3321100000	0.5104237024
2.3328200000	0.4980441320
2.3335300000	0.4856424403
2.3342500000	0.4732684517
2.3349600000	0.4609693316
2.3356700000	0.4487798031
2.3363900000	0.4367358890
2.3371000000	0.4248696156
2.3378100000	0.4132034502
2.3385200000	0.4017605741
2.3392400000	0.3905590767
2.3399500000	0.3796123582
2.3406600000	0.3689314482
2.3413800000	0.3585250682
2.3420900000	0.3483995248
2.3428000000	0.3385575692
2.3435100000	0.3290015619
2.3442300000	0.3197309941
2.3449400000	0.3107445665
2.3456500000	0.3020396105
2.3463700000	0.2936123887
2.3470800000	0.2854578930
2.3477900000	0.2775707443
2.3485100000	0.2699453835
2.3492200000	0.2625749734
2.3499300000	0.2554519114
2.3506400000	0.2485697422
2.3513600000	0.2419208881
2.3520700000	0.2354977843
2.3527800000	0.2292934954
2.3535000000	0.2232993362
2.3542100000	0.2175084312
2.3549200000	0.2119133299
2.3556400000	0.2065070923
2.3563500000	0.2012818271
2.3570600000	0.1962309956
2.3577700000	0.1913477342
2.3584900000	0.1866254389
2.3592000000	0.1820579482
2.3599100000	0.1776389658
2.3606300000	0.1733628511
2.3613400000	0.1692239587
2.3620500000	0.1652168721
2.3627600000	0.1613363870
2.3634800000	0.1575777020
2.3641900000	0.1539362462
2.3649000000	0.1504073781
2.3656200000	0.1469868934
2.3663300000	0.1436709218
2.3670400000	0.1404555518
2.3677600000	0.1373371505
2.3684700000	0.1343121471
2.3691800000	0.1313774384
2.3698900000	0.1285297192
2.3706100000	0.1257659285
2.3713200000	0.1230832669
2.3720300000	0.1204788259
2.3727500000	0.1179500925
2.3734600000	0.1154944493
2.3741700000	0.1131094222
2.3748800000	0.1107925594
2.3756000000	0.1085417634
2.3763100000	0.1063546115
2.3770200000	0.1042292697
2.3777400000	0.1021634845
2.3784500000	0.1001554384
2.3791600000	0.0982030391
2.3798800000	0.0963043503
2.3805900000	0.0944578712
2.3813000000	0.0926618369
2.3820100000	0.0908824663
2.3827300000	0.0891772477
2.3834400000	0.0875176924
2.3841500000	0.0859022459
2.3848700000	0.0843293862
2.3855800000	0.0827978065
2.3862900000	0.0813059275
2.3870100000	0.0798525933
2.3877200000	0.0784364932
2.3884300000	0.0770565098
2.3891400000	0.0757112292
2.3898600000	0.0743994107
2.3905700000	0.0731202822
2.3912800000	0.0718725958
2.3920000000	0.0706549489
2.3927100000	0.0694668417
2.3934200000	0.0683073276
2.3941300000	0.0671751372
2.3948500000	0.0660686756
2.3955600000	0.0649886698
2.3962700000	0.0639331714
2.3969900000	0.0629019620
2.3977000000	0.0618937991
2.3984100000	0.0609080914
2.3991300000	0.0599440716
2.3998400000	0.0590009475
2.4005500000	0.0580370035
2.4012600000	0.0570824697
2.4019800000	0.0561490705
2.4026900000	0.0552358432
2.4034000000	0.0543421640
2.4041200000	0.0534671785
2.4048300000	0.0526098361
2.4055400000	0.0517704022
2.4062600000	0.0509476959
2.4069700000	0.0501410702
2.4076800000	0.0493494627
2.4083900000	0.0485729915
2.4091100000	0.0478106260
2.4098200000	0.0470621031
2.4105300000	0.0463266439
2.4112500000	0.0456036822
2.4119600000	0.0448926983
2.4126700000	0.0441931475
2.4133800000	0.0435045085
2.4141000000	0.0428262800
2.4148100000	0.0421578115
2.4155200000	0.0414989744
2.4162400000	0.0408491330
2.4169500000	0.0402078580
2.4176600000	0.0395747260
2.4183800000	0.0389489068
2.4190900000	0.0383303099
2.4198000000	0.0377192203
2.4205100000	0.0371146008
2.4212300000	0.0365160849
2.4219400000	0.0359238302
2.4226500000	0.0353374364
2.4233700000	0.0347557434
2.4240800000	0.0341801390
2.4247900000	0.0336096698
2.4255100000	0.0330441657
2.4262200000	0.0324832799
2.4269300000	0.0319276309
2.4276400000	0.0313767861
2.4283600000	0.0308309024
2.4290700000	0.0302900515
2.4297800000	0.0297543622
2.4305000000	0.0292241405
2.4312100000	0.0286996605
2.4319200000	0.0281810792
2.4326300000	0.0276685674
2.4333500000	0.0271633214
2.4340600000	0.0266642566
2.4347700000	0.0261747915
2.4354900000	0.0256952773
2.4362000000	0.0252260610
2.4369100000	0.0247678775
2.4376300000	0.0243213254
2.4383400000	0.0238884398
2.4390500000	0.0234699928
2.4397600000	0.0230672278
2.4404800000	0.0226815255
2.4411900000	0.0223142793
2.4419000000	0.0219669294
2.4426200000	0.0216409690
2.4433300000	0.0213378984
2.4440400000	0.0210588249
2.4447500000	0.0208059747
2.4454700000	0.0205804082
2.4461800000	0.0203834701
2.4468900000	0.0202156743
2.4476100000	0.0200787123
2.4483200000	0.0199744964
2.4490300000	0.0199033797
2.4497500000	0.0198657313
2.4504600000	0.0198601890
2.4511700000	0.0198903625
2.4518800000	0.0199544024
2.4526000000	0.0200518673
2.4533100000	0.0196455188
2.4540200000	0.0198250637
2.4547400000	0.0200364154
2.4554500000	0.0202775689
2.4561600000	0.0205472674
2.4568800000	0.0208429876
2.4575900000	0.0211623013
2.4583000000	0.0215025923
2.4590100000	0.0218611176
2.4597300000	0.0222350138
2.4604400000	0.0226213369
2.4611500000	0.0230165439
2.4618700000	0.0234188770
2.4625800000	0.0238245492
2.4632900000	0.0242314436
2.4640000000	0.0246370217
2.4647200000	0.0250385392
2.4654300000	0.0254338129
2.4661400000	0.0258208669
2.4668600000	0.0261979182
2.4675700000	0.0265631196
2.4682800000	0.0269160320
2.4690000000	0.0272551824
2.4697100000	0.0275798497
2.4704200000	0.0278895351
2.4711300000	0.0281838857
2.4718500000	0.0284628573
2.4725600000	0.0287265042
2.4732700000	0.0289751494
2.4739900000	0.0292091634
2.4747000000	0.0294291233
2.4754100000	0.0296360636
2.4761300000	0.0298299258
2.4768400000	0.0300118966
2.4775500000	0.0301827938
2.4782600000	0.0303435709
2.4789800000	0.0304952592
2.4796900000	0.0306385719
2.4804000000	0.0307746277
2.4811200000	0.0309042354
2.4818300000	0.0310283902
2.4825400000	0.0311479658
2.4832500000	0.0312638490
2.4839700000	0.0313768785
2.4846800000	0.0314878420
2.4853900000	0.0315974981
2.4861100000	0.0317066268
2.4868200000	0.0318157947
2.4875300000	0.0319256856
2.4882500000	0.0320368901
2.4889600000	0.0321499464
2.4896700000	0.0322653392
2.4903800000	0.0323835820
2.4911000000	0.0325051048
2.4918100000	0.0326300692
2.4925200000	0.0327590743
2.4932400000	0.0328920757
2.4939500000	0.0330295625
2.4946600000	0.0331715237
2.4953800000	0.0333182053
2.4960900000	0.0334698952
2.4968000000	0.0336262485
2.4975100000	0.0337874948
2.4982300000	0.0339535664
2.4989400000	0.0341244574
2.4996500000	0.0342999405
2.5003700000	0.0344903717
2.5010800000	0.0346952509
2.5017900000	0.0349043763
2.5025000000	0.0351173247
2.5032200000	0.0353336172
2.5039300000	0.0355526665
2.5046400000	0.0357738594
2.5053600000	0.0359965278
2.5060700000	0.0362200500
2.5067800000	0.0364434836
2.5075000000	0.0366659104
2.5082100000	0.0368866522
2.5089200000	0.0371044595
2.5096300000	0.0373184500
2.5103500000	0.0375275886
2.5110600000	0.0377308645
2.5117700000	0.0379270317
2.5124900000	0.0381150433
2.5132000000	0.0382937502
2.5139100000	0.0384620136
2.5146200000	0.0386187290
2.5153400000	0.0387628066
2.5160500000	0.0388932121
2.5167600000	0.0390088652
2.5174800000	0.0391091146
2.5181900000	0.0391925655
2.5189000000	0.0392586225
2.5196200000	0.0393066387
2.5203300000	0.0393359880
2.5210400000	0.0393464583
2.5217500000	0.0393371184
2.5224700000	0.0393079854
2.5231800000	0.0392589305
2.5238900000	0.0391900313
2.5246100000	0.0391014439
2.5253200000	0.0389930553
2.5260300000	0.0388654723
2.5267500000	0.0387528634
2.5274600000	0.0385874942
2.5281700000	0.0384047100
2.5288800000	0.0382051659
2.5296000000	0.0379897434
2.5303100000	0.0377593633
2.5310200000	0.0375149955
2.5317400000	0.0372576117
2.5324500000	0.0369883123
2.5331600000	0.0367080622
2.5338700000	0.0364179721
2.5345900000	0.0361190930
2.5353000000	0.0358126511
2.5360100000	0.0354993552
2.5367300000	0.0351807004
2.5374400000	0.0348570256
2.5381500000	0.0345296162
2.5388700000	0.0341993526
2.5395800000	0.0338670921
2.5402900000	0.0335336439
2.5410000000	0.0331998600
2.5417200000	0.0328664980
2.5424300000	0.0325338737
2.5431400000	0.0322028473
2.5438600000	0.0318739442
2.5445700000	0.0315476937
2.5452800000	0.0312246390
2.5460000000	0.0309051082
2.5467100000	0.0305895005
2.5474200000	0.0302781992
2.5481300000	0.0299715067
2.5488500000	0.0296696950
2.5495600000	0.0293730289
2.5502700000	0.0290817109
2.5509900000	0.0287960800
2.5517000000	0.0285159880
2.5524100000	0.0282417314
2.5531200000	0.0279734201
2.5538400000	0.0277112573
2.5545500000	0.0274551681
2.5552600000	0.0272052288
2.5559800000	0.0269615163
2.5566900000	0.0267240684
2.5574000000	0.0264928943
2.5581200000	0.0262679951
2.5588300000	0.0260493851
2.5595400000	0.0258370346
2.5602500000	0.0256308523
2.5609700000	0.0254308535
2.5616800000	0.0252369646
2.5623900000	0.0250491115
2.5631100000	0.0248672296
2.5638200000	0.0246912401
2.5645300000	0.0245210554
2.5652500000	0.0243565761
2.5659600000	0.0241976662
2.5666700000	0.0240442235
2.5673800000	0.0238961339
2.5681000000	0.0237532589
2.5688100000	0.0236154794
2.5695200000	0.0234826206
2.5702400000	0.0233545782
2.5709500000	0.0232311520
2.5716600000	0.0231122591
2.5723700000	0.0229976984
2.5730900000	0.0228873464
2.5738000000	0.0227810383
2.5745100000	0.0226786252
2.5752300000	0.0225799591
2.5759400000	0.0224848928
2.5766500000	0.0223933039
2.5773700000	0.0223050291
2.5780800000	0.0222199619
2.5787900000	0.0221379759
2.5795000000	0.0220589424
2.5802200000	0.0219827656
2.5809300000	0.0219093476
2.5816400000	0.0218385678
2.5823600000	0.0217703665
2.5830700000	0.0217046925
2.5837800000	0.0216414332
2.5844900000	0.0215805560
2.5852100000	0.0215220085
2.5859200000	0.0214657394
2.5866300000	0.0214117054
2.5873500000	0.0213598798
2.5880600000	0.0213102298
2.5887700000	0.0212627459
2.5894900000	0.0212174053
2.5902000000	0.0211741981
2.5909100000	0.0211331136
2.5916200000	0.0210941582
2.5923400000	0.0210573253
2.5930500000	0.0210226168
2.5937600000	0.0209900389
2.5944800000	0.0209595982
2.5951900000	0.0209312907
2.5959000000	0.0209051343
2.5966200000	0.0208811464
2.5973300000	0.0208593144
2.5980400000	0.0208396540
2.5987500000	0.0208221986
2.5994700000	0.0208069487
2.6001800000	0.0208007712
2.6008900000	0.0208174692
2.6016100000	0.0208368444
2.6023200000	0.0208589349
2.6030300000	0.0208837362
2.6037400000	0.0209112540
2.6044600000	0.0209416706
2.6051700000	0.0209746428
2.6058800000	0.0210103690
2.6066000000	0.0210488471
2.6073100000	0.0210900833
2.6080200000	0.0211340822
2.6087400000	0.0211808493
2.6094500000	0.0212303841
2.6101600000	0.0212827200
2.6108700000	0.0213378402
2.6115900000	0.0213957417
2.6123000000	0.0214564449
2.6130100000	0.0215199672
2.6137300000	0.0215863000
2.6144400000	0.0216554487
2.6151500000	0.0217274294
2.6158700000	0.0218022652
2.6165800000	0.0218799353
2.6172900000	0.0219604670
2.6180000000	0.0220438716
2.6187200000	0.0221301633
2.6194300000	0.0222193553
2.6201400000	0.0223114635
2.6208600000	0.0224064925
2.6215700000	0.0225044703
2.6222800000	0.0226054119
2.6229900000	0.0227093441
2.6237100000	0.0228162766
2.6244200000	0.0229262391
2.6251300000	0.0230392546
2.6258500000	0.0231553358
2.6265600000	0.0232745339
2.6272700000	0.0233968536
2.6279900000	0.0235223241
2.6287000000	0.0236509777
2.6294100000	0.0237828698
2.6301200000	0.0239180116
2.6308400000	0.0240564304
2.6315500000	0.0241981757
2.6322600000	0.0243432954
2.6329800000	0.0244918100
2.6336900000	0.0246437651
2.6344000000	0.0247991965
2.6351200000	0.0249581528
2.6358300000	0.0251206809
2.6365400000	0.0252868272
2.6372500000	0.0254566246
2.6379700000	0.0256301451
2.6386800000	0.0258074173
2.6393900000	0.0259885019
2.6401100000	0.0261734469
2.6408200000	0.0263623072
2.6415300000	0.0265551335
2.6422400000	0.0267520101
2.6429600000	0.0269529431
2.6436700000	0.0271580280
2.6443800000	0.0273673231
2.6451000000	0.0275808732
2.6458100000	0.0277987528
2.6465200000	0.0280210308
2.6472400000	0.0282477669
2.6479500000	0.0284790227
2.6486600000	0.0287148784
2.6493700000	0.0289553984
2.6500900000	0.0292006405
2.6508000000	0.0294506809
2.6515100000	0.0297056031
2.6522300000	0.0299654767
2.6529400000	0.0302303721
2.6536500000	0.0305003784
2.6543600000	0.0307755644
2.6550800000	0.0310560092
2.6557900000	0.0313417976
2.6565000000	0.0316330115
2.6572200000	0.0319297253
2.6579300000	0.0322320334
2.6586400000	0.0325400135
2.6593600000	0.0328537482
2.6600700000	0.0331733360
2.6607800000	0.0334988725
2.6614900000	0.0338304123
2.6622100000	0.0341680827
2.6629200000	0.0345119535
2.6636300000	0.0348621178
2.6643500000	0.0352186680
2.6650600000	0.0355817034
2.6657700000	0.0359513109
2.6664900000	0.0363275678
2.6672000000	0.0367105885
2.6679100000	0.0371004633
2.6686200000	0.0374972737
2.6693400000	0.0379011178
2.6700500000	0.0383120823
2.6707600000	0.0387302758
2.6714800000	0.0391557686
2.6721900000	0.0395886532
2.6729000000	0.0400290235
2.6736100000	0.0404769678
2.6743300000	0.0409325676
2.6750400000	0.0413959151
2.6757500000	0.0418670782
2.6764700000	0.0423461432
2.6771800000	0.0428331845
2.6778900000	0.0433282710
2.6786100000	0.0438314906
2.6793200000	0.0443428803
2.6800300000	0.0448625339
2.6807400000	0.0453904991
2.6814600000	0.0459268158
2.6821700000	0.0464668739
2.6828800000	0.0470202068
2.6836000000	0.0475820429
2.6843100000	0.0481524055
2.6850200000	0.0487313316
2.6857400000	0.0493188214
2.6864500000	0.0499148852
2.6871600000	0.0505195321
2.6878700000	0.0511327504
2.6885900000	0.0517544816
2.6893000000	0.0523847353
2.6900100000	0.0530234624
2.6907300000	0.0536705569
2.6914400000	0.0543260687
2.6921500000	0.0549897707
2.6928600000	0.0556616597
2.6935800000	0.0563416010
2.6942900000	0.0570294098
2.6950000000	0.0577251292
2.6957200000	0.0584283208
2.6964300000	0.0591389474
2.6971400000	0.0598567787
2.6978600000	0.0605815639
2.6985700000	0.0613131164
2.6992800000	0.0620510933
2.6999900000	0.0627952703
2.7007100000	0.0636387669
2.7014200000	0.0644911939
2.7021300000	0.0653514800
2.7028500000	0.0662189629
2.7035600000	0.0670932765
2.7042700000	0.0679737416
2.7049800000	0.0688596542
2.7057000000	0.0697503853
2.7064100000	0.0706453356
2.7071200000	0.0715435415
2.7078400000	0.0724443424
2.7085500000	0.0733466072
2.7092600000	0.0742496162
2.7099800000	0.0751523213
2.7106900000	0.0760536518
2.7114000000	0.0769524394
2.7121100000	0.0778476192
2.7128300000	0.0787379444
2.7135400000	0.0796221850
2.7142500000	0.0804990735
2.7149700000	0.0813671215
2.7156800000	0.0822250352
2.7163900000	0.0830713177
2.7171100000	0.0839046487
2.7178200000	0.0847233276
2.7185300000	0.0855260089
2.7192400000	0.0863109340
2.7199600000	0.0870767261
2.7206700000	0.0878216503
2.7213800000	0.0885442888
2.7221000000	0.0892429835
2.7228100000	0.0899162074
2.7235200000	0.0905621403
2.7242300000	0.0911797054
2.7249500000	0.0917669510
2.7256600000	0.0923227348
2.7263700000	0.0928455121
2.7270900000	0.0933339867
2.7278000000	0.0937868780
2.7285100000	0.0942030901
2.7292300000	0.0945812363
2.7299400000	0.0949204799
2.7306500000	0.0952197919
2.7313600000	0.0954784277
2.7320800000	0.0956956596
2.7327900000	0.0958708136
2.7335000000	0.0960034305
2.7342200000	0.0960931693
2.7349300000	0.0961397019
2.7356400000	0.0961429943
2.7363600000	0.0961030583
2.7370700000	0.0960198543
2.7377800000	0.0958938749
2.7384900000	0.0957254513
2.7392100000	0.0955149111
2.7399200000	0.0952629914
2.7406300000	0.0949706074
2.7413500000	0.0946383967
2.7420600000	0.0942670517
2.7427700000	0.0938578314
2.7434800000	0.0934119014
2.7442000000	0.0929303892
2.7449100000	0.0924145846
2.7456200000	0.0918658736
2.7463400000	0.0912856166
2.7470500000	0.0906752210
2.7477600000	0.0900362939
2.7484800000	0.0893703038
2.7491900000	0.0886786873
2.7499000000	0.0879630838
2.7506100000	0.0872251179
2.7513300000	0.0864662675
2.7520400000	0.0856881189
2.7527500000	0.0848922538
2.7534700000	0.0840802936
2.7541800000	0.0832536236
2.7548900000	0.0824137834
2.7556100000	0.0815622465
2.7563200000	0.0807003064
2.7570300000	0.0798295516
2.7577400000	0.0789511182
2.7584600000	0.0780664236
2.7591700000	0.0771768747
2.7598800000	0.0762832447
2.7606000000	0.0753870160
2.7613100000	0.0744891544
2.7620200000	0.0736563057
2.7627300000	0.0727551518
2.7634500000	0.0718553424
2.7641600000	0.0709578337
2.7648700000	0.0700633293
2.7655900000	0.0691727639
2.7663000000	0.0682867453
2.7670100000	0.0674061060
2.7677300000	0.0665314007
2.7684400000	0.0656632142
2.7691500000	0.0648022401
2.7698600000	0.0639488177
2.7705800000	0.0631034656
2.7712900000	0.0622667171
2.7720000000	0.0614388130
2.7727200000	0.0606201223
2.7734300000	0.0598111244
2.7741400000	0.0590119659
2.7748500000	0.0582228318
2.7755700000	0.0574442445
2.7762800000	0.0566761050
2.7769900000	0.0559187216
2.7777100000	0.0551721413
2.7784200000	0.0544366972
2.7791300000	0.0537123220
2.7798500000	0.0529991745
2.7805600000	0.0522973171
2.7812700000	0.0516066837
2.7819800000	0.0509274952
2.7827000000	0.0502597244
2.7834100000	0.0496032823
2.7841200000	0.0489582495
2.7848400000	0.0483245912
2.7855500000	0.0477022711
2.7862600000	0.0470912665
2.7869800000	0.0464915304
2.7876900000	0.0459028862
2.7884000000	0.0453252322
2.7891100000	0.0447589130
2.7898300000	0.0442036196
2.7905400000	0.0436593137
2.7912500000	0.0431257589
2.7919700000	0.0426031000
2.7926800000	0.0420911249
2.7933900000	0.0415897512
2.7941000000	0.0410988839
2.7948200000	0.0406184238
2.7955300000	0.0401482697
2.7962400000	0.0396883248
2.7969600000	0.0392384617
2.7976700000	0.0387985929
2.7983800000	0.0383686049
2.7991000000	0.0379483856
2.7998100000	0.0375378103
2.8005200000	0.0371025769
2.8012300000	0.0366666155
2.8019500000	0.0362426704
2.8026600000	0.0358305395
2.8033700000	0.0354300547
2.8040900000	0.0350409120
2.8048000000	0.0346630257
2.8055100000	0.0342961188
2.8062300000	0.0339400877
2.8069400000	0.0335947031
2.8076500000	0.0332597082
2.8083600000	0.0329348450
2.8090800000	0.0326199319
2.8097900000	0.0323145876
2.8105000000	0.0320188471
2.8112200000	0.0317323485
2.8119300000	0.0314548300
2.8126400000	0.0311860555
2.8133500000	0.0309257666
2.8140700000	0.0306737280
2.8147800000	0.0304296812
2.8154900000	0.0301933599
2.8162100000	0.0299645283
2.8169200000	0.0297429019
2.8176300000	0.0295282395
2.8183500000	0.0293202764
2.8190600000	0.0291187393
2.8197700000	0.0289232573
2.8204800000	0.0287338128
2.8212000000	0.0285500689
2.8219100000	0.0283716610
2.8226200000	0.0281985010
2.8233400000	0.0280302661
2.8240500000	0.0278667133
2.8247600000	0.0277076090
2.8254800000	0.0275527058
2.8261900000	0.0274017994
2.8269000000	0.0272546508
2.8276100000	0.0271110551
2.8283300000	0.0269708051
2.8290400000	0.0268336876
2.8297500000	0.0266995142
2.8304700000	0.0265680991
2.8311800000	0.0264392695
2.8318900000	0.0263128375
2.8326000000	0.0261886409
2.8333200000	0.0260665341
2.8340300000	0.0259463502
2.8347400000	0.0258278909
2.8354600000	0.0257111518
2.8361700000	0.0255959024
2.8368800000	0.0254820979
2.8376000000	0.0253695911
2.8383100000	0.0252582613
2.8390200000	0.0251480209
2.8397300000	0.0250387656
2.8404500000	0.0249304339
2.8411600000	0.0248229277
2.8418700000	0.0247161927
2.8425900000	0.0245894169
2.8433000000	0.0244850091
2.8440100000	0.0243811537
2.8447200000	0.0242777718
2.8454400000	0.0241748610
2.8461500000	0.0240723545
2.8468600000	0.0239702371
2.8475800000	0.0238684773
2.8482900000	0.0237670531
2.8490000000	0.0236659548
2.8497200000	0.0235651671
2.8504300000	0.0234646675
2.8511400000	0.0233644851
2.8518500000	0.0232645794
2.8525700000	0.0231649841
2.8532800000	0.0230657089
2.8539900000	0.0229667272
2.8547100000	0.0228680755
2.8554200000	0.0227697742
2.8561300000	0.0226718215
2.8568500000	0.0225742618
2.8575600000	0.0224771046
2.8582700000	0.0223803771
2.8589800000	0.0222841030
2.8597000000	0.0221882942
2.8604100000	0.0220929901
2.8611200000	0.0219982313
2.8618400000	0.0219040400
2.8625500000	0.0218104462
2.8632600000	0.0217174877
2.8639700000	0.0216251902
2.8646900000	0.0215335895
2.8654000000	0.0214427216
2.8661100000	0.0213526026
2.8668300000	0.0212632959
2.8675400000	0.0211748113
2.8682500000	0.0210872010
2.8689700000	0.0210004686
2.8696800000	0.0209146757
2.8703900000	0.0208298226
2.8711000000	0.0207459569
2.8718200000	0.0206631305
2.8725300000	0.0205813295
2.8732400000	0.0205006061
2.8739600000	0.0204209869
2.8746700000	0.0203425113
2.8753800000	0.0202651710
2.8761000000	0.0201890201
2.8768100000	0.0201140709
2.8775200000	0.0200403425
2.8782300000	0.0199678832
2.8789500000	0.0198966826
2.8796600000	0.0198267713
2.8803700000	0.0197581743
2.8810900000	0.0196909102
2.8818000000	0.0196249904
2.8825100000	0.0195604479
2.8832200000	0.0194972652
2.8839400000	0.0194354870
2.8846500000	0.0193751118
2.8853600000	0.0193161601
2.8860800000	0.0192586387
2.8867900000	0.0192025576
2.8875000000	0.0191479334
2.8882200000	0.0190947881
2.8889300000	0.0190431049
2.8896400000	0.0189929046
2.8903500000	0.0189441968
2.8910700000	0.0188969921
2.8917800000	0.0188512965
2.8924900000	0.0188071140
2.8932100000	0.0187644408
2.8939200000	0.0187233141
2.8946300000	0.0186836981
2.8953500000	0.0186456187
2.8960600000	0.0186090844
2.8967700000	0.0185740971
2.8974800000	0.0185406406
2.8982000000	0.0185087430
2.8989100000	0.0184784041
2.8996200000	0.0184496109
2.9003400000	0.0184258309
2.9010500000	0.0184079258
2.9017600000	0.0183921584
2.9024700000	0.0183785347
2.9031900000	0.0183670678
2.9039000000	0.0183577483
2.9046100000	0.0183505715
2.9053300000	0.0183455423
2.9060400000	0.0183426491
2.9067500000	0.0183419056
2.9074700000	0.0183432889
2.9081800000	0.0183468152
2.9088900000	0.0183524865
2.9096000000	0.0183602874
2.9103200000	0.0183702172
2.9110300000	0.0183822869
2.9117400000	0.0183964849
2.9124600000	0.0184128007
2.9131700000	0.0184312455
2.9138800000	0.0184518252
2.9145900000	0.0184745092
2.9153100000	0.0184993166
2.9160200000	0.0185262317
2.9167300000	0.0185552801
2.9174500000	0.0185864300
2.9181600000	0.0186196910
2.9188700000	0.0186550660
2.9195900000	0.0186925369
2.9203000000	0.0187321183
2.9210100000	0.0187738040
2.9217200000	0.0188175915
2.9224400000	0.0188634666
2.9231500000	0.0189114420
2.9238600000	0.0189614243
2.9245800000	0.0190136290
2.9252900000	0.0190679297
2.9260000000	0.0191243132
2.9267200000	0.0191827902
2.9274300000	0.0192433350
2.9281400000	0.0193059714
2.9288500000	0.0193706822
2.9295700000	0.0194374781
2.9302800000	0.0195063322
2.9309900000	0.0195772591
2.9317100000	0.0196502475
2.9324200000	0.0197253041
2.9331300000	0.0198024043
2.9338400000	0.0198815607
2.9345600000	0.0199627597
2.9352700000	0.0200459943
2.9359800000	0.0201312782
2.9367000000	0.0202185650
2.9374100000	0.0203078743
2.9381200000	0.0203992006
2.9388400000	0.0204925285
2.9395500000	0.0205878414
2.9402600000	0.0206851413
2.9409700000	0.0207844066
2.9416900000	0.0208856265
2.9424000000	0.0209887882
2.9431100000	0.0210938894
2.9438300000	0.0212008947
2.9445400000	0.0213097996
2.9452500000	0.0214205768
2.9459700000	0.0215332120
2.9466800000	0.0216476908
2.9473900000	0.0217639757
2.9481000000	0.0218820583
2.9488200000	0.0220019018
2.9495300000	0.0221234786
2.9502400000	0.0222467680
2.9509600000	0.0223717334
2.9516700000	0.0224983369
2.9523800000	0.0226265519
2.9530900000	0.0227563352
2.9538100000	0.0228876465
2.9545200000	0.0230204524
2.9552300000	0.0231546899
2.9559500000	0.0232903302
2.9566600000	0.0234273207
2.9573700000	0.0235655975
2.9580900000	0.0237051187
2.9588000000	0.0238458186
2.9595100000	0.0239876396
2.9602200000	0.0241305239
2.9609400000	0.0242743961
2.9616500000	0.0244191934
2.9623600000	0.0245648488
2.9630800000	0.0247112696
2.9637900000	0.0248583828
2.9645000000	0.0250061281
2.9652200000	0.0251543804
2.9659300000	0.0253030849
2.9666400000	0.0254521384
2.9673500000	0.0256014427
2.9680700000	0.0257509048
2.9687800000	0.0259004165
2.9694900000	0.0260498839
2.9702100000	0.0261991995
2.9709200000	0.0263482446
2.9716300000	0.0264969107
2.9723400000	0.0266450708
2.9730600000	0.0267926270
2.9737700000	0.0269394343
2.9744800000	0.0270853810
2.9752000000	0.0272303320
2.9759100000	0.0273741712
2.9766200000	0.0275167521
2.9773400000	0.0276579381
2.9780500000	0.0277976350
2.9787600000	0.0279356472
2.9794700000	0.0280718516
2.9801900000	0.0282061304
2.9809000000	0.0283383168
2.9816100000	0.0284682956
2.9823300000	0.0285958917
2.9830400000	0.0287209868
2.9837500000	0.0288434280
2.9844600000	0.0289630887
2.9851800000	0.0290798074
2.9858900000	0.0291934419
2.9866000000	0.0293038803
2.9873200000	0.0294109507
2.9880300000	0.0295145519
2.9887400000	0.0296145242
2.9894600000	0.0297107581
2.9901700000	0.0298031095
2.9908800000	0.0298914755
2.9915900000	0.0299757201
2.9923100000	0.0300557301
2.9930200000	0.0301314019
2.9937300000	0.0302026277
2.9944500000	0.0302693011
2.9951600000	0.0303313368
2.9958700000	0.0303886315
2.9965900000	0.0304411208
2.9973000000	0.0304887180
2.9980100000	0.0305313484
2.9987200000	0.0305689514
2.9994400000	0.0306014621
3.0001500000	0.0306282493
3.0008600000	0.0306455059
3.0015800000	0.0306541564
3.0022900000	0.0306542418
3.0030000000	0.0306458507
3.0037100000	0.0306290340
3.0044300000	0.0306038935
3.0051400000	0.0305705522
3.0058500000	0.0305422535
3.0065700000	0.0304927071
3.0072800000	0.0304353961
3.0079900000	0.0303704857
3.0087100000	0.0302981654
3.0094200000	0.0302186592
3.0101300000	0.0301321807
3.0108400000	0.0300389685
3.0115600000	0.0299392539
3.0122700000	0.0298332952
3.0129800000	0.0297213492
3.0137000000	0.0296036740
3.0144100000	0.0294805376
3.0151200000	0.0293522199
3.0158400000	0.0292189829
3.0165500000	0.0290811248
3.0172600000	0.0289389107
3.0179700000	0.0287926095
3.0186900000	0.0286425291
3.0194000000	0.0284889128
3.0201100000	0.0283320434
3.0208300000	0.0281721952
3.0215400000	0.0280096375
3.0222500000	0.0278446151
3.0229600000	0.0276773750
3.0236800000	0.0275081861
3.0243900000	0.0273372831
3.0251000000	0.0271648943
3.0258200000	0.0269912582
3.0265300000	0.0268165888
3.0272400000	0.0266410800
3.0279600000	0.0264649586
3.0286700000	0.0262884090
3.0293800000	0.0261116156
3.0300900000	0.0259347601
3.0308100000	0.0257580077
3.0315200000	0.0255815149
3.0322300000	0.0254054408
3.0329500000	0.0252299210
3.0336600000	0.0250551104
3.0343700000	0.0248811039
3.0350900000	0.0247080303
3.0358000000	0.0245360162
3.0365100000	0.0243651388
3.0372200000	0.0241955180
3.0379400000	0.0240272312
3.0386500000	0.0238603501
3.0393600000	0.0236949556
3.0400800000	0.0235311138
3.0407900000	0.0233688784
3.0415000000	0.0232083143
3.0422100000	0.0230494669
3.0429300000	0.0228923781
3.0436400000	0.0227370986
3.0443500000	0.0225836394
3.0450700000	0.0224320386
3.0457800000	0.0222823250
3.0464900000	0.0221345283
3.0472100000	0.0219886363
3.0479200000	0.0218446979
3.0486300000	0.0217026758
3.0493400000	0.0215626236
3.0500600000	0.0214245119
3.0507700000	0.0212883679
3.0514800000	0.0211541708
3.0522000000	0.0210219233
3.0529100000	0.0208916185
3.0536200000	0.0207632412
3.0543300000	0.0206367997
3.0550500000	0.0205122777
3.0557600000	0.0203896561
3.0564700000	0.0202689310
3.0571900000	0.0201500683
3.0579000000	0.0200330822
3.0586100000	0.0199179440
3.0593300000	0.0198046377
3.0600400000	0.0196931454
3.0607500000	0.0195834577
3.0614600000	0.0194755438
3.0621800000	0.0193693957
3.0628900000	0.0192650120
3.0636000000	0.0191623429
3.0643200000	0.0190613904
3.0650300000	0.0189621302
3.0657400000	0.0188645564
3.0664600000	0.0187686406
3.0671700000	0.0186743702
3.0678800000	0.0185817194
3.0685900000	0.0184906959
3.0693100000	0.0184012487
3.0700200000	0.0183133975
3.0707300000	0.0182270824
3.0714500000	0.0181423291
3.0721600000	0.0180591045
3.0728700000	0.0179774029
3.0735800000	0.0178972014
3.0743000000	0.0178184882
3.0750100000	0.0177412565
3.0757200000	0.0176654685
3.0764400000	0.0175911410
3.0771500000	0.0175182389
3.0778600000	0.0174467652
3.0785800000	0.0173766990
3.0792900000	0.0173080153
3.0800000000	0.0172407225
3.0807100000	0.0171748015
3.0814300000	0.0171102392
3.0821400000	0.0170470228
3.0828500000	0.0169813549
3.0835700000	0.0169208879
3.0842800000	0.0168617259
3.0849900000	0.0168038675
3.0857100000	0.0167473030
3.0864200000	0.0166920165
3.0871300000	0.0166380005
3.0878400000	0.0165852348
3.0885600000	0.0165337191
3.0892700000	0.0164834448
3.0899800000	0.0164343886
3.0907000000	0.0163865441
3.0914100000	0.0163399070
3.0921200000	0.0162944726
3.0928300000	0.0162502150
3.0935500000	0.0162071219
3.0942600000	0.0161652111
3.0949700000	0.0161244430
3.0956900000	0.0160848170
3.0964000000	0.0160463250
3.0971100000	0.0160089604
3.0978300000	0.0159726940
3.0985400000	0.0159375278
3.0992500000	0.0159034501
3.0999600000	0.0158704574
3.1006800000	0.0158438987
3.1013900000	0.0158193921
3.1021000000	0.0157966385
3.1028200000	0.0157755911
3.1035300000	0.0157562053
3.1042400000	0.0157384379
3.1049500000	0.0157222615
3.1056700000	0.0157076180
3.1063800000	0.0156944642
3.1070900000	0.0156827626
3.1078100000	0.0156724691
3.1085200000	0.0156635469
3.1092300000	0.0156559312
3.1099500000	0.0156495993
3.1106600000	0.0156444981
3.1113700000	0.0156405884
3.1120800000	0.0156378184
3.1128000000	0.0156361441
3.1135100000	0.0156355209
3.1142200000	0.0156359131
3.1149400000	0.0156372809
3.1156500000	0.0156395435
3.1163600000	0.0156426823
3.1170800000	0.0156466630
3.1177900000	0.0156514172
3.1185000000	0.0156569123
3.1192100000	0.0156630965
3.1199300000	0.0156699119
3.1206400000	0.0156773404
3.1213500000	0.0156853074
3.1220700000	0.0156937953
3.1227800000	0.0157027389
3.1234900000	0.0157120885
3.1242000000	0.0157218121
3.1249200000	0.0157318552
3.1256300000	0.0157421709
3.1263400000	0.0157527348
3.1270600000	0.0157634722
3.1277700000	0.0157743557
3.1284800000	0.0157853364
3.1292000000	0.0157963734
3.1299100000	0.0158074193
3.1306200000	0.0158184307
3.1313300000	0.0158293760
3.1320500000	0.0158401926
3.1327600000	0.0158508437
3.1334700000	0.0158613051
3.1341900000	0.0158715320
3.1349000000	0.0158814787
3.1356100000	0.0158911144
3.1363300000	0.0159003785
3.1370400000	0.0159092586
3.1377500000	0.0159177204
3.1384600000	0.0159257039
3.1391800000	0.0159332077
3.1398900000	0.0159401789
3.1406000000	0.0159465907
3.1413200000	0.0159524107
3.1420300000	0.0159576151
3.1427400000	0.0159621741
3.1434500000	0.0159660656
3.1441700000	0.0159692473
3.1448800000	0.0159717150
3.1455900000	0.0159734460
3.1463100000	0.0159743988
3.1470200000	0.0159745737
3.1477300000	0.0159739484
3.1484500000	0.0159725041
3.1491600000	0.0159702221
3.1498700000	0.0159670854
3.1505800000	0.0159631055
3.1513000000	0.0159582463
3.1520100000	0.0159525115
3.1527200000	0.0159458874
3.1534400000	0.0159383652
3.1541500000	0.0159313297
3.1548600000	0.0159219928
3.1555800000	0.0159117464
3.1562900000	0.0159005984
3.1570000000	0.0158885422
3.1577100000	0.0158755749
3.1584300000	0.0158617150
3.1591400000	0.0158469613
3.1598500000	0.0158313146
3.1605700000	0.0158147838
3.1612800000	0.0157973863
3.1619900000	0.0157791256
3.1627000000	0.0157600110
3.1634200000	0.0157400515
3.1641300000	0.0157192656
3.1648400000	0.0156976651
3.1655600000	0.0156752639
3.1662700000	0.0156520755
3.1669800000	0.0156281307
3.1677000000	0.0156034137
3.1684100000	0.0155779825
3.1691200000	0.0155518212
3.1698300000	0.0155249695
3.1705500000	0.0154974298
3.1712600000	0.0154692419
3.1719700000	0.0154404179
3.1726900000	0.0154109752
3.1734000000	0.0153809358
3.1741100000	0.0153503252
3.1748200000	0.0153191623
3.1755400000	0.0152874698
3.1762500000	0.0152552574
3.1769600000	0.0152225719
3.1776800000	0.0151894097
3.1783900000	0.0151558143
3.1791000000	0.0151217955
3.1798200000	0.0150873791
3.1805300000	0.0150525830
3.1812400000	0.0150174334
3.1819500000	0.0149819518
3.1826700000	0.0149461565
3.1833800000	0.0149100828
3.1840900000	0.0148737253
3.1848100000	0.0148371282
3.1855200000	0.0148003105
3.1862300000	0.0147632772
3.1869500000	0.0147260618
3.1876600000	0.0146886789
3.1883700000	0.0146511373
3.1890800000	0.0146134781
3.1898000000	0.0145757115
3.1905100000	0.0145378430
3.1912200000	0.0144999040
3.1919400000	0.0144619084
3.1926500000	0.0144238658
3.1933600000	0.0143858081
3.1940700000	0.0143477339
3.1947900000	0.0143096695
3.1955000000	0.0142716316
3.1962100000	0.0142336317
3.1969300000	0.0141956745
3.1976400000	0.0141577778
3.1983500000	0.0141199690
3.1990700000	0.0140822450
3.1997800000	0.0140446282
3.2004900000	0.0140001006
3.2012000000	0.0139532027
3.2019200000	0.0139071923
3.2026300000	0.0138620734
3.2033400000	0.0138178156
3.2040600000	0.0137744078
3.2047700000	0.0137318242
3.2054800000	0.0136900490
3.2062000000	0.0136490634
3.2069100000	0.0136088389
3.2076200000	0.0135693675
3.2083300000	0.0135306282
3.2090500000	0.0134925875
3.2097600000	0.0134552284
3.2104700000	0.0134185334
3.2111900000	0.0133824818
3.2119000000	0.0133470448
3.2126100000	0.0133122096
3.2133200000	0.0132779529
3.2140400000	0.0132442490
3.2147500000	0.0132110952
3.2154600000	0.0131784525
3.2161800000	0.0131463006
3.2168900000	0.0131146278
3.2176000000	0.0130834117
3.2183200000	0.0130526333
3.2190300000	0.0130222878
3.2197400000	0.0129923344
3.2204500000	0.0129627670
3.2211700000	0.0129335596
3.2218800000	0.0129047223
3.2225900000	0.0128762046
3.2233100000	0.0128480075
3.2240200000	0.0128201144
3.2247300000	0.0127925178
3.2254500000	0.0127657039
3.2261600000	0.0127386240
3.2268700000	0.0127117905
3.2275800000	0.0126851881
3.2283000000	0.0126587970
3.2290100000	0.0126326281
3.2297200000	0.0126066388
3.2304400000	0.0125808464
3.2311500000	0.0125552246
3.2318600000	0.0125297668
3.2325700000	0.0125044686
3.2332900000	0.0124793037
3.2340000000	0.0124542749
3.2347100000	0.0124293783
3.2354300000	0.0124045890
3.2361400000	0.0123799212
3.2368500000	0.0123553451
3.2375700000	0.0123308671
3.2382800000	0.0123064852
3.2389900000	0.0122821742
3.2397000000	0.0122579478
3.2404200000	0.0122337852
3.2411300000	0.0122096980
3.2418400000	0.0121856592
3.2425600000	0.0121616800
3.2432700000	0.0121377514
3.2439800000	0.0121138746
3.2446900000	0.0120900333
3.2454100000	0.0120662354
3.2461200000	0.0120424788
3.2468300000	0.0120187532
3.2475500000	0.0119950570
3.2482600000	0.0119713847
3.2489700000	0.0119477472
3.2496900000	0.0119241281
3.2504000000	0.0119005335
3.2511100000	0.0118769580
3.2518200000	0.0118534010
3.2525400000	0.0118298672
3.2532500000	0.0118063487
3.2539600000	0.0117828417
3.2546800000	0.0117593538
3.2553900000	0.0117358820
3.2561000000	0.0117124226
3.2568200000	0.0116889803
3.2575300000	0.0116655480
3.2582400000	0.0116421253
3.2589500000	0.0116187225
3.2596700000	0.0115953321
3.2603800000	0.0115719531
3.2610900000	0.0115485869
3.2618100000	0.0115252354
3.2625200000	0.0115018995
3.2632300000	0.0114785739
3.2639400000	0.0114552722
3.2646600000	0.0114319738
3.2653700000	0.0114087021
3.2660800000	0.0113854480
3.2668000000	0.0113622036
3.2675100000	0.0113389765
3.2682200000	0.0113157864
3.2689400000	0.0112925976
3.2696500000	0.0112694391
3.2703600000	0.0112462941
3.2710700000	0.0112231742
3.2717900000	0.0112000829
3.2725000000	0.0111770112
3.2732100000	0.0111539621
3.2739300000	0.0111309479
3.2746400000	0.0111079520
3.2753500000	0.0110849882
3.2760700000	0.0110620488
3.2767800000	0.0110391435
3.2774900000	0.0110162586
3.2782000000	0.0109934114
3.2789200000	0.0109705903
3.2796300000	0.0109478081
3.2803400000	0.0109250571
3.2810600000	0.0109023301
3.2817700000	0.0108796502
3.2824800000	0.0108570005
3.2831900000	0.0108343881
3.2839100000	0.0108118129
3.2846200000	0.0107892763
3.2853300000	0.0107667708
3.2860500000	0.0107443056
3.2867600000	0.0107218779
3.2874700000	0.0106995027
3.2881900000	0.0106771559
3.2889000000	0.0106548526
3.2896100000	0.0106325903
3.2903200000	0.0106103745
3.2910400000	0.0105881861
3.2917500000	0.0105660517
3.2924600000	0.0105439567
3.2931800000	0.0105219097
3.2938900000	0.0104999101
3.2946000000	0.0104787784
3.2953200000	0.0104568553
3.2960300000	0.0104349707
3.2967400000	0.0104131228
3.2974500000	0.0103913302
3.2981700000	0.0103695911
3.2988800000	0.0103478848
3.2995900000	0.0103262243
3.3003100000	0.0103083448
3.3010200000	0.0102953979
3.3017300000	0.0102824186
3.3024400000	0.0102694012
3.3031600000	0.0102563429
3.3038700000	0.0102432602
3.3045800000	0.0102301420
3.3053000000	0.0102169728
3.3060100000	0.0102037849
3.3067200000	0.0101905542
3.3074400000	0.0101772785
3.3081500000	0.0101639705
3.3088600000	0.0101506296
3.3095700000	0.0101372420
3.3102900000	0.0101238232
3.3110000000	0.0101103675
3.3117100000	0.0100968636
3.3124300000	0.0100833300
3.3131400000	0.0100697529
3.3138500000	0.0100561409
3.3145600000	0.0100424883
3.3152800000	0.0100287989
3.3159900000	0.0100150667
3.3167000000	0.0100013038
3.3174200000	0.0099874872
3.3181300000	0.0099736455
3.3188400000	0.0099597610
3.3195600000	0.0099458470
3.3202700000	0.0099318803
3.3209800000	0.0099178807
3.3216900000	0.0099038463
3.3224100000	0.0098897717
3.3231200000	0.0098756559
3.3238300000	0.0098615087
3.3245500000	0.0098473290
3.3252600000	0.0098330962
3.3259700000	0.0098188302
3.3266900000	0.0098045320
3.3274000000	0.0097902067
3.3281100000	0.0097758211
3.3288200000	0.0097614123
3.3295400000	0.0097469671
3.3302500000	0.0097324845
3.3309600000	0.0097179556
3.3316800000	0.0097034089
3.3323900000	0.0096888122
3.3331000000	0.0096741920
3.3338100000	0.0096595248
3.3345300000	0.0096448257
3.3352400000	0.0096300921
3.3359500000	0.0096153276
3.3366700000	0.0096005209
3.3373800000	0.0095856907
3.3380900000	0.0095708187
3.3388100000	0.0095559159
3.3395200000	0.0095409821
3.3402300000	0.0095260081
3.3409400000	0.0095110099
3.3416600000	0.0094959751
3.3423700000	0.0094809036
3.3430800000	0.0094658045
3.3438000000	0.0094506687
3.3445100000	0.0094355087
3.3452200000	0.0094203194
3.3459400000	0.0094050933
3.3466500000	0.0093898349
3.3473600000	0.0093745507
3.3480700000	0.0093592385
3.3487900000	0.0093438873
3.3495000000	0.0093285138
3.3502100000	0.0093131122
3.3509300000	0.0092976759
3.3516400000	0.0092822150
3.3523500000	0.0092667249
3.3530600000	0.0092512059
3.3537800000	0.0092356602
3.3544900000	0.0092200888
3.3552000000	0.0092044907
3.3559200000	0.0091888704
3.3566300000	0.0091732131
3.3573400000	0.0091575334
3.3580600000	0.0091418256
3.3587700000	0.0091260975
3.3594800000	0.0091103411
3.3601900000	0.0090945671
3.3609100000	0.0090787669
3.3616200000	0.0090629363
3.3623300000	0.0090470856
3.3630500000	0.0090312124
3.3637600000	0.0090153154
3.3644700000	0.0089993969
3.3651900000	0.0089834542
3.3659000000	0.0089674892
3.3666100000	0.0089515057
3.3673200000	0.0089355008
3.3680400000	0.0089194679
3.3687500000	0.0089034304
3.3694600000	0.0088873571
3.3701800000	0.0088712740
3.3708900000	0.0088551607
3.3716000000	0.0088390375
3.3723100000	0.0088228935
3.3730300000	0.0088067320
3.3737400000	0.0087905453
3.3744500000	0.0087743465
3.3751700000	0.0087581414
3.3758800000	0.0087419114
3.3765900000	0.0087256586
3.3773100000	0.0087093963
3.3780200000	0.0086931116
3.3787300000	0.0086768175
3.3794400000	0.0086605057
3.3801600000	0.0086441770
3.3808700000	0.0086278351
3.3815800000	0.0086114738
3.3823000000	0.0085951079
3.3830100000	0.0085787305
3.3837200000	0.0085623352
3.3844300000	0.0085459224
3.3851500000	0.0085295052
3.3858600000	0.0085130795
3.3865700000	0.0084966303
3.3872900000	0.0084801859
3.3880000000	0.0084637085
3.3887100000	0.0084472434
3.3894300000	0.0084307533
3.3901400000	0.0084142668
3.3908500000	0.0083977606
3.3915600000	0.0083812479
3.3922800000	0.0083647222
3.3929900000	0.0083481984
3.3937000000	0.0083316662
3.3944200000	0.0083151164
3.3951300000	0.0082985655
3.3958400000	0.0082820064
3.3965600000	0.0082654411
3.3972700000	0.0082488704
3.3979800000	0.0082322935
3.3986900000	0.0082157127
3.3994100000	0.0081991256
3.4001200000	0.0081843828
3.4008300000	0.0081787861
3.4015500000	0.0081731907
3.4022600000	0.0081676001
3.4029700000	0.0081620283
3.4036800000	0.0081564419
3.4044000000	0.0081508705
3.4051100000	0.0081452943
3.4058200000	0.0081397386
3.4065400000	0.0081341748
3.4072500000	0.0081286202
3.4079600000	0.0081230707
3.4086800000	0.0081175128
3.4093900000	0.0081119731
3.4101000000	0.0081064293
3.4108100000	0.0081008971
3.4115300000	0.0080953636
3.4122400000	0.0080898420
3.4129500000	0.0080843194
3.4136700000	0.0080787975
3.4143800000	0.0080732814
3.4150900000	0.0080677715
3.4158100000	0.0080622647
3.4165200000	0.0080567569
3.4172300000	0.0080512625
3.4179400000	0.0080457599
3.4186600000	0.0080402695
3.4193700000	0.0080347730
3.4200800000	0.0080292918
3.4208000000	0.0080238075
3.4215100000	0.0080183320
3.4222200000	0.0080128553
3.4229300000	0.0080073822
3.4236500000	0.0080019082
3.4243600000	0.0079964457
3.4250700000	0.0079909800
3.4257900000	0.0079855202
3.4265000000	0.0079800603
3.4272100000	0.0079746034
3.4279300000	0.0079691592
3.4286400000	0.0079637088
3.4293500000	0.0079582559
3.4300600000	0.0079528194
3.4307800000	0.0079473760
3.4314900000	0.0079419434
3.4322000000	0.0079365038
3.4329200000	0.0079310703
3.4336300000	0.0079256384
3.4343400000	0.0079202078
3.4350600000	0.0079147825
3.4357700000	0.0079093569
3.4364800000	0.0079039327
3.4371900000	0.0078985165
3.4379100000	0.0078930958
3.4386200000	0.0078876807
3.4393300000	0.0078822636
3.4400500000	0.0078768606
3.4407600000	0.0078714389
3.4414700000	0.0078660338
3.4421800000	0.0078606288
3.4429000000	0.0078552245
3.4436100000	0.0078498191
3.4443200000	0.0078444174
3.4450400000	0.0078390203
3.4457500000	0.0078336219
3.4464600000	0.0078282215
3.4471800000	0.0078228272
3.4478900000	0.0078174251
3.4486000000	0.0078120403
3.4493100000	0.0078066331
3.4500300000	0.0078012445
3.4507400000	0.0077958571
3.4514500000	0.0077904644
3.4521700000	0.0077850730
3.4528800000	0.0077796851
3.4535900000	0.0077742947
3.4543000000	0.0077689017
3.4550200000	0.0077635179
3.4557300000	0.0077581293
3.4564400000	0.0077527375
3.4571600000	0.0077473558
3.4578700000	0.0077419679
3.4585800000	0.0077365799
3.4593000000	0.0077311875
3.4600100000	0.0077258044
3.4607200000	0.0077204201
3.4614300000	0.0077150322
3.4621500000	0.0077096466
3.4628600000	0.0077042587
3.4635700000	0.0076988694
3.4642900000	0.0076934748
3.4650000000	0.0076880886
3.4657100000	0.0076826996
3.4664300000	0.0076773106
3.4671400000	0.0076719227
3.4678500000	0.0076665244
3.4685600000	0.0076611290
3.4692800000	0.0076557314
3.4699900000	0.0076503371
3.4707000000	0.0076449435
3.4714200000	0.0076395398
3.4721300000	0.0076341391
3.4728400000	0.0076287404
3.4735500000	0.0076233348
3.4742700000	0.0076179303
3.4749800000	0.0076125223
3.4756900000	0.0076071172
3.4764100000	0.0076017049
3.4771200000	0.0075962885
3.4778300000	0.0075908737
3.4785500000	0.0075854586
3.4792600000	0.0075800431
3.4799700000	0.0075746172
3.4806800000	0.0075691964
3.4814000000	0.0075637625
3.4821100000	0.0075583396
3.4828200000	0.0075529051
3.4835400000	0.0075474708
3.4842500000	0.0075420265
3.4849600000	0.0075365934
3.4856800000	0.0075311451
3.4863900000	0.0075256959
3.4871000000	0.0075202462
3.4878100000	0.0075147945
3.4885300000	0.0075093370
3.4892400000	0.0075038744
3.4899500000	0.0074984055
3.4906700000	0.0074929376
3.4913800000	0.0074874622
3.4920900000	0.0074819825
3.4928000000	0.0074765023
3.4935200000	0.0074710162
3.4942300000	0.0074655278
3.4949400000	0.0074600354
3.4956600000	0.0074545339
3.4963700000	0.0074490326
3.4970800000	0.0074435199
3.4978000000	0.0074380154
3.4985100000	0.0074324973
3.4992200000	0.0074269692
3.4999300000	0.0074214390
3.5006500000	0.0074140263
3.5013600000	0.0074064371
3.5020700000	0.0073988588
3.5027900000	0.0073912838
3.5035000000	0.0073837193
3.5042100000	0.0073761628
3.5049200000	0.0073686181
3.5056400000	0.0073610813
3.5063500000	0.0073535498
3.5070600000	0.0073460336
3.5077800000	0.0073385208
3.5084900000	0.0073310244
3.5092000000	0.0073235339
3.5099200000	0.0073160574
3.5106300000	0.0073085809
3.5113400000	0.0073011229
3.5120500000	0.0072936599
3.5127700000	0.0072862226
3.5134800000	0.0072787847
3.5141900000	0.0072713565
3.5149100000	0.0072639364
3.5156200000	0.0072565342
3.5163300000	0.0072491315
3.5170500000	0.0072417406
3.5177600000	0.0072343559
3.5184700000	0.0072269827
3.5191800000	0.0072196194
3.5199000000	0.0072122744
3.5206100000	0.0072049198
3.5213200000	0.0071975829
3.5220400000	0.0071902551
3.5227500000	0.0071827628
3.5234600000	0.0071754510
3.5241700000	0.0071681575
3.5248900000	0.0071608669
3.5256000000	0.0071535794
3.5263100000	0.0071463041
3.5270300000	0.0071390426
3.5277400000	0.0071317927
3.5284500000	0.0071245422
3.5291700000	0.0071173078
3.5298800000	0.0071100718
3.5305900000	0.0071028553
3.5313000000	0.0070956365
3.5320200000	0.0070884413
3.5327300000	0.0070812422
3.5334400000	0.0070740596
3.5341600000	0.0070668807
3.5348700000	0.0070597104
3.5355800000	0.0070525605
3.5363000000	0.0070453999
3.5370100000	0.0070382650
3.5377200000	0.0070311339
3.5384300000	0.0070240060
3.5391500000	0.0070168928
3.5398600000	0.0070097841
3.5405700000	0.0070026887
3.5412900000	0.0069955953
3.5420000000	0.0069885181
3.5427100000	0.0069814429
3.5434200000	0.0069743733
3.5441400000	0.0069673227
3.5448500000	0.0069602766
3.5455600000	0.0069532417
3.5462800000	0.0069462100
3.5469900000	0.0069391860
3.5477000000	0.0069321772
3.5484200000	0.0069251739
3.5491300000	0.0069181802
3.5498400000	0.0069111938
3.5505500000	0.0069042216
3.5512700000	0.0068972439
3.5519800000	0.0068902862
3.5526900000	0.0068833260
3.5534100000	0.0068763843
3.5541200000	0.0068694517
3.5548300000	0.0068625240
3.5555500000	0.0068556045
3.5562600000	0.0068486904
3.5569700000	0.0068417933
3.5576800000	0.0068348913
3.5584000000	0.0068280163
3.5591100000	0.0068211349
3.5598200000	0.0068142669
3.5605400000	0.0068074005
3.5612500000	0.0068005550
3.5619600000	0.0067937136
3.5626700000	0.0067868735
3.5633900000	0.0067800483
3.5641000000	0.0067732342
3.5648100000	0.0067664247
3.5655300000	0.0067596148
3.5662400000	0.0067528187
3.5669500000	0.0067460357
3.5676700000	0.0067392667
3.5683800000	0.0067324932
3.5690900000	0.0067257350
3.5698000000	0.0067189800
3.5705200000	0.0067122297
3.5712300000	0.0067054973
3.5719400000	0.0066987660
3.5726600000	0.0066920506
3.5733700000	0.0066853394
3.5740800000	0.0066786366
3.5747900000	0.0066719393
3.5755100000	0.0066652533
3.5762200000	0.0066585725
3.5769300000	0.0066519041
3.5776500000	0.0066452365
3.5783600000	0.0066385828
3.5790700000	0.0066319400
3.5797900000	0.0066253006
3.5805000000	0.0066186702
3.5812100000	0.0066120469
3.5819200000	0.0066054291
3.5826400000	0.0065988239
3.5833500000	0.0065922259
3.5840600000	0.0065856393
3.5847800000	0.0065790510
3.5854900000	0.0065724822
3.5862000000	0.0065659100
3.5869200000	0.0065593516
3.5876300000	0.0065528042
3.5883400000	0.0065462613
3.5890500000	0.0065397205
3.5897700000	0.0065331963
3.5904800000	0.0065266805
3.5911900000	0.0065201741
3.5919100000	0.0065136638
3.5926200000	0.0065071728
3.5933300000	0.0065006834
3.5940400000	0.0064942012
3.5947600000	0.0064877290
3.5954700000	0.0064812685
3.5961800000	0.0064748094
3.5969000000	0.0064683637
3.5976100000	0.0064619219
3.5983200000	0.0064554947
3.5990400000	0.0064490676
3.5997500000	0.0064426460
3.6004600000	0.0064351774
3.6011700000	0.0064271340
3.6018900000	0.0064191073
3.6026000000	0.0064110890
3.6033100000	0.0064030819
3.6040300000	0.0063950830
3.6047400000	0.0063870886
3.6054500000	0.0063791082
3.6061700000	0.0063711347
3.6068800000	0.0063631814
3.6075900000	0.0063552216
3.6083000000	0.0063472860
3.6090200000	0.0063393548
3.6097300000	0.0063314386
3.6104400000	0.0063235226
3.6111600000	0.0063156234
3.6118700000	0.0063077336
3.6125800000	0.0062998471
3.6132900000	0.0062919780
3.6140100000	0.0062841113
3.6147200000	0.0062762660
3.6154300000	0.0062684229
3.6161500000	0.0062605861
3.6168600000	0.0062527669
3.6175700000	0.0062449535
3.6182900000	0.0062371528
3.6190000000	0.0062293564
3.6197100000	0.0062215668
3.6204200000	0.0062138020
3.6211400000	0.0062060309
3.6218500000	0.0061982773
3.6225600000	0.0061905307
3.6232800000	0.0061827947
3.6239900000	0.0061750684
3.6247000000	0.0061673521
3.6254200000	0.0061596464
3.6261300000	0.0061519453
3.6268400000	0.0061442576
3.6275500000	0.0061365881
3.6282700000	0.0061289104
3.6289800000	0.0061212476
3.6296900000	0.0061135971
3.6304100000	0.0061059636
3.6311200000	0.0060983271
3.6318300000	0.0060907093
3.6325400000	0.0060830934
3.6332600000	0.0060754934
3.6339700000	0.0060678970
3.6346800000	0.0060603203
3.6354000000	0.0060527470
3.6361100000	0.0060451809
3.6368200000	0.0060376247
3.6375400000	0.0060300818
3.6382500000	0.0060225393
3.6389600000	0.0060150109
3.6396700000	0.0060074983
3.6403900000	0.0059999844
3.6411000000	0.0059924808
3.6418100000	0.0059849981
3.6425300000	0.0059775133
3.6432400000	0.0059700475
3.6439500000	0.0059625816
3.6446600000	0.0059551302
3.6453800000	0.0059476804
3.6460900000	0.0059402476
3.6468000000	0.0059328240
3.6475200000	0.0059254103
3.6482300000	0.0059180002
3.6489400000	0.0059106001
3.6496600000	0.0059032145
3.6503700000	0.0058958325
3.6510800000	0.0058884567
3.6517900000	0.0058811016
3.6525100000	0.0058737475
3.6532200000	0.0058664075
3.6539300000	0.0058590718
3.6546500000	0.0058517476
3.6553600000	0.0058444327
3.6560700000	0.0058371255
3.6567900000	0.0058298256
3.6575000000	0.0058225340
3.6582100000	0.0058152606
3.6589200000	0.0058079873
3.6596400000	0.0058007291
3.6603500000	0.0057934755
3.6610600000	0.0057862286
3.6617800000	0.0057789997
3.6624900000	0.0057717682
3.6632000000	0.0057645529
3.6639100000	0.0057573449
3.6646300000	0.0057501470
3.6653400000	0.0057429526
3.6660500000	0.0057357762
3.6667700000	0.0057286064
3.6674800000	0.0057214366
3.6681900000	0.0057142790
3.6689100000	0.0057071396
3.6696200000	0.0057000013
3.6703300000	0.0056928714
3.6710400000	0.0056857486
3.6717600000	0.0056786392
3.6724700000	0.0056715415
3.6731800000	0.0056644469
3.6739000000	0.0056573627
3.6746100000	0.0056502935
3.6753200000	0.0056432248
3.6760400000	0.0056361636
3.6767500000	0.0056291188
3.6774600000	0.0056220726
3.6781700000	0.0056150445
3.6788900000	0.0056080265
3.6796000000	0.0056010087
3.6803100000	0.0055940008
3.6810300000	0.0055870026
3.6817400000	0.0055800155
3.6824500000	0.0055730361
3.6831600000	0.0055660636
3.6838800000	0.0055591028
3.6845900000	0.0055521499
3.6853000000	0.0055452027
3.6860200000	0.0055382697
3.6867300000	0.0055313410
3.6874400000	0.0055244190
3.6881600000	0.0055175107
3.6888700000	0.0055106098
3.6895800000	0.0055037127
3.6902900000	0.0054968232
3.6910100000	0.0054899486
3.6917200000	0.0054830811
3.6924300000	0.0054762134
3.6931500000	0.0054693656
3.6938600000	0.0054625239
3.6945700000	0.0054556903
3.6952900000	0.0054488637
3.6960000000	0.0054420494
3.6967100000	0.0054352405
3.6974200000	0.0054284391
3.6981400000	0.0054216478
3.6988500000	0.0054148630
3.6995600000	0.0054080826
3.7002800000	0.0054011287
3.7009900000	0.0053938839
3.7017000000	0.0053866390
3.7024100000	0.0053794851
3.7031300000	0.0053722601
3.7038400000	0.0053650534
3.7045500000	0.0053578508
3.7052700000	0.0053506548
3.7059800000	0.0053434742
3.7066900000	0.0053363076
3.7074100000	0.0053291303
3.7081200000	0.0053219832
3.7088300000	0.0053148346
3.7095400000	0.0053076967
3.7102600000	0.0053005681
3.7109700000	0.0052934522
3.7116800000	0.0052863453
3.7124000000	0.0052792456
3.7131100000	0.0052721516
3.7138200000	0.0052650634
3.7145300000	0.0052579994
3.7152500000	0.0052509313
3.7159600000	0.0052438766
3.7166700000	0.0052368297
3.7173900000	0.0052297944
3.7181000000	0.0052227694
3.7188100000	0.0052157508
3.7195300000	0.0052087368
3.7202400000	0.0052017450
3.7209500000	0.0051947528
3.7216600000	0.0051877746
3.7223800000	0.0051807953
3.7230900000	0.0051738349
3.7238000000	0.0051668715
3.7245200000	0.0051599330
3.7252300000	0.0051529947
3.7259400000	0.0051460682
3.7266600000	0.0051391478
3.7273700000	0.0051322329
3.7280800000	0.0051253363
3.7287900000	0.0051184488
3.7295100000	0.0051115599
3.7302200000	0.0051046864
3.7309300000	0.0050978231
3.7316500000	0.0050909660
3.7323600000	0.0050841126
3.7330700000	0.0050772745
3.7337800000	0.0050704482
3.7345000000	0.0050636273
3.7352100000	0.0050568110
3.7359200000	0.0050500151
3.7366400000	0.0050432170
3.7373500000	0.0050364314
3.7380600000	0.0050296575
3.7387800000	0.0050228889
3.7394900000	0.0050161223
3.7402000000	0.0050093756
3.7409100000	0.0050026330
3.7416300000	0.0049958967
3.7423400000	0.0049891710
3.7430500000	0.0049824560
3.7437700000	0.0049757507
3.7444800000	0.0049690537
3.7451900000	0.0049623602
3.7459100000	0.0049556754
3.7466200000	0.0049490063
3.7473300000	0.0049423424
3.7480400000	0.0049356852
3.7487600000	0.0049290419
3.7494700000	0.0049223968
3.7501800000	0.0049157736
3.7509000000	0.0049091525
3.7516100000	0.0049025354
3.7523200000	0.0048959302
3.7530300000	0.0048893363
3.7537500000	0.0048827536
3.7544600000	0.0048761702
3.7551700000	0.0048695993
3.7558900000	0.0048630390
3.7566000000	0.0048564881
3.7573100000	0.0048499439
3.7580300000	0.0048434026
3.7587400000	0.0048368808
3.7594500000	0.0048303613
3.7601600000	0.0048238467
3.7608800000	0.0048173427
3.7615900000	0.0048108545
3.7623000000	0.0048043686
3.7630200000	0.0047978878
3.7637300000	0.0047914186
3.7644400000	0.0047849605
3.7651600000	0.0047785079
3.7658700000	0.0047720616
3.7665800000	0.0047656295
3.7672900000	0.0047592006
3.7680100000	0.0047527861
3.7687200000	0.0047463727
3.7694300000	0.0047399710
3.7701500000	0.0047335796
3.7708600000	0.0047271949
3.7715700000	0.0047208114
3.7722800000	0.0047144460
3.7730000000	0.0047080883
3.7737100000	0.0047017367
3.7744200000	0.0046953898
3.7751400000	0.0046890512
3.7758500000	0.0046827270
3.7765600000	0.0046764029
3.7772800000	0.0046700917
3.7779900000	0.0046637896
3.7787000000	0.0046574919
3.7794100000	0.0046512125
3.7801300000	0.0046449285
3.7808400000	0.0046386619
3.7815500000	0.0046323924
3.7822700000	0.0046261388
3.7829800000	0.0046198915
3.7836900000	0.0046136605
3.7844000000	0.0046074265
3.7851200000	0.0046012040
3.7858300000	0.0045949880
3.7865400000	0.0045887835
3.7872600000	0.0045825851
3.7879700000	0.0045763936
3.7886800000	0.0045702132
3.7894000000	0.0045640383
3.7901100000	0.0045578764
3.7908200000	0.0045517157
3.7915300000	0.0045455652
3.7922500000	0.0045394227
3.7929600000	0.0045332861
3.7936700000	0.0045271652
3.7943900000	0.0045210414
3.7951000000	0.0045149329
3.7958100000	0.0045088314
3.7965300000	0.0045027368
3.7972400000	0.0044966539
3.7979500000	0.0044905719
3.7986600000	0.0044845055
3.7993800000	0.0044784360
3.8000900000	0.0044723408
3.8008000000	0.0044659733
3.8015200000	0.0044596068
3.8022300000	0.0044532547
3.8029400000	0.0044469057
3.8036500000	0.0044405677
3.8043700000	0.0044342377
3.8050800000	0.0044279204
3.8057900000	0.0044216103
3.8065100000	0.0044153025
3.8072200000	0.0044090083
3.8079300000	0.0044027269
3.8086500000	0.0043964481
3.8093600000	0.0043901765
3.8100700000	0.0043839174
3.8107800000	0.0043776673
3.8115000000	0.0043714228
3.8122100000	0.0043651874
3.8129200000	0.0043589641
3.8136400000	0.0043527441
3.8143500000	0.0043465366
3.8150600000	0.0043403363
3.8157800000	0.0043341438
3.8164900000	0.0043279582
3.8172000000	0.0043217811
3.8179100000	0.0043156163
3.8186300000	0.0043094597
3.8193400000	0.0043033093
3.8200500000	0.0042971671
3.8207700000	0.0042910329
3.8214800000	0.0042849053
3.8221900000	0.0042787907
3.8229000000	0.0042726834
3.8236200000	0.0042665841
3.8243300000	0.0042604920
3.8250400000	0.0042544080
3.8257600000	0.0042483301
3.8264700000	0.0042422665
3.8271800000	0.0042362063
3.8279000000	0.0042301568
3.8286100000	0.0042241158
3.8293200000	0.0042180814
3.8300300000	0.0042120557
3.8307500000	0.0042060384
3.8314600000	0.0042000291
3.8321700000	0.0041940288
3.8328900000	0.0041880355
3.8336000000	0.0041820513
3.8343100000	0.0041760757
3.8350300000	0.0041701075
3.8357400000	0.0041641477
3.8364500000	0.0041581958
3.8371600000	0.0041522527
3.8378800000	0.0041463172
3.8385900000	0.0041403893
3.8393000000	0.0041344694
3.8400200000	0.0041285585
3.8407300000	0.0041226563
3.8414400000	0.0041167605
3.8421500000	0.0041108743
3.8428700000	0.0041049942
3.8435800000	0.0040991240
3.8442900000	0.0040932618
3.8450100000	0.0040874061
3.8457200000	0.0040815595
3.8464300000	0.0040757216
3.8471500000	0.0040698901
3.8478600000	0.0040640679
3.8485700000	0.0040582529
3.8492800000	0.0040524457
3.8500000000	0.0040466477
3.8507100000	0.0040408565
3.8514200000	0.0040350730
3.8521400000	0.0040292985
3.8528500000	0.0040235310
3.8535600000	0.0040177716
3.8542700000	0.0040120212
3.8549900000	0.0040062772
3.8557000000	0.0040005413
3.8564100000	0.0039948132
3.8571300000	0.0039890939
3.8578400000	0.0039833810
3.8585500000	0.0039776776
3.8592700000	0.0039719812
3.8599800000	0.0039662927
3.8606900000	0.0039606112
3.8614000000	0.0039549384
3.8621200000	0.0039492728
3.8628300000	0.0039436152
3.8635400000	0.0039379660
3.8642600000	0.0039323242
3.8649700000	0.0039266895
3.8656800000	0.0039210632
3.8664000000	0.0039154454
3.8671100000	0.0039098339
3.8678200000	0.0039042303
3.8685300000	0.0038986340
3.8692500000	0.0038930468
3.8699600000	0.0038874666
3.8706700000	0.0038818925
3.8713900000	0.0038763286
3.8721000000	0.0038707715
3.8728100000	0.0038652216
3.8735200000	0.0038596799
3.8742400000	0.0038541453
3.8749500000	0.0038486189
3.8756600000	0.0038430987
3.8763800000	0.0038375877
3.8770900000	0.0038320826
3.8778000000	0.0038265869
3.8785200000	0.0038210976
3.8792300000	0.0038156166
3.8799400000	0.0038101423
3.8806500000	0.0038046757
3.8813700000	0.0037992170
3.8820800000	0.0037937658
3.8827900000	0.0037883216
3.8835100000	0.0037828855
3.8842200000	0.0037774571
3.8849300000	0.0037720347
3.8856500000	0.0037666220
3.8863600000	0.0037612149
3.8870700000	0.0037558154
3.8877800000	0.0037504244
3.8885000000	0.0037450397
3.8892100000	0.0037396626
3.8899200000	0.0037342937
3.8906400000	0.0037289323
3.8913500000	0.0037235781
3.8920600000	0.0037182303
3.8927700000	0.0037128898
3.8934900000	0.0037075572
3.8942000000	0.0037022325
3.8949100000	0.0036969140
3.8956300000	0.0036916043
3.8963400000	0.0036863007
3.8970500000	0.0036810050
3.8977700000	0.0036757159
3.8984800000	0.0036704353
3.8991900000	0.0036651609
3.8999000000	0.0036598936
3.9006200000	0.0036542768
3.9013300000	0.0036486127
3.9020400000	0.0036429559
3.9027600000	0.0036373099
3.9034700000	0.0036316705
3.9041800000	0.0036260390
3.9048900000	0.0036204170
3.9056100000	0.0036148027
3.9063200000	0.0036091969
3.9070300000	0.0036035990
3.9077500000	0.0035980091
3.9084600000	0.0035924283
3.9091700000	0.0035868551
3.9098900000	0.0035812905
3.9106000000	0.0035757336
3.9113100000	0.0035701853
3.9120200000	0.0035646454
3.9127400000	0.0035591127
3.9134500000	0.0035535891
3.9141600000	0.0035480737
3.9148800000	0.0035425663
3.9155900000	0.0035370667
3.9163000000	0.0035315757
3.9170200000	0.0035260916
3.9177300000	0.0035206172
3.9184400000	0.0035151504
3.9191500000	0.0035096907
3.9198700000	0.0035042404
3.9205800000	0.0034987977
3.9212900000	0.0034933633
3.9220100000	0.0034879361
3.9227200000	0.0034825180
3.9234300000	0.0034771073
3.9241400000	0.0034717047
3.9248600000	0.0034663103
3.9255700000	0.0034609245
3.9262800000	0.0034555460
3.9270000000	0.0034501746
3.9277100000	0.0034448119
3.9284200000	0.0034394578
3.9291400000	0.0034341115
3.9298500000	0.0034287726
3.9305600000	0.0034234417
3.9312700000	0.0034181183
3.9319900000	0.0034128040
3.9327000000	0.0034074959
3.9334100000	0.0034021980
3.9341300000	0.0033969061
3.9348400000	0.0033916226
3.9355500000	0.0033863469
3.9362700000	0.0033810790
3.9369800000	0.0033758187
3.9376900000	0.0033705671
3.9384000000	0.0033653226
3.9391200000	0.0033600866
3.9398300000	0.0033548574
3.9405400000	0.0033496363
3.9412600000	0.0033444233
3.9419700000	0.0033392181
3.9426800000	0.0033340207
3.9433900000	0.0033288308
3.9441100000	0.0033236485
3.9448200000	0.0033184740
3.9455300000	0.0033133077
3.9462500000	0.0033081488
3.9469600000	0.0033029972
3.9476700000	0.0032978538
3.9483900000	0.0032927171
3.9491000000	0.0032875890
3.9498100000	0.0032824684
3.9505200000	0.0032773552
3.9512400000	0.0032722503
3.9519500000	0.0032671520
3.9526600000	0.0032620621
3.9533800000	0.0032569792
3.9540900000	0.0032519047
3.9548000000	0.0032468376
3.9555200000	0.0032417777
3.9562300000	0.0032367247
3.9569400000	0.0032316809
3.9576500000	0.0032266436
3.9583700000	0.0032216138
3.9590800000	0.0032165924
3.9597900000	0.0032115779
3.9605100000	0.0032065703
3.9612200000	0.0032015709
3.9619300000	0.0031965788
3.9626400000	0.0031915947
3.9633600000	0.0031866177
3.9640700000	0.0031816474
3.9647800000	0.0031766852
3.9655000000	0.0031717306
3.9662100000	0.0031667832
3.9669200000	0.0031618436
3.9676400000	0.0031569116
3.9683500000	0.0031519861
3.9690600000	0.0031470682
3.9697700000	0.0031421573
3.9704900000	0.0031372549
3.9712000000	0.0031323588
3.9719100000	0.0031274706
3.9726300000	0.0031225899
3.9733400000	0.0031177161
3.9740500000	0.0031128498
3.9747600000	0.0031079916
3.9754800000	0.0031031390
3.9761900000	0.0030982949
3.9769000000	0.0030934587
3.9776200000	0.0030886287
3.9783300000	0.0030838055
3.9790400000	0.0030789910
3.9797600000	0.0030741822
3.9804700000	0.0030693818
3.9811800000	0.0030645885
3.9818900000	0.0030598015
3.9826100000	0.0030550235
3.9833200000	0.0030502508
3.9840300000	0.0030454859
3.9847500000	0.0030407286
3.9854600000	0.0030359778
3.9861700000	0.0030312353
3.9868900000	0.0030264981
3.9876000000	0.0030217701
3.9883100000	0.0030170472
3.9890200000	0.0030123328
3.9897400000	0.0030076251
3.9904500000	0.0030029250
3.9911600000	0.0029982309
3.9918800000	0.0029935448
3.9925900000	0.0029888652
3.9933000000	0.0029841934
3.9940100000	0.0029795280
3.9947300000	0.0029748699
3.9954400000	0.0029702185
3.9961500000	0.0029655751
3.9968700000	0.0029609378
3.9975800000	0.0029563077
3.9982900000	0.0029516855
3.9990100000	0.0029470692
3.9997200000	0.0029424600
4.0004300000	0.0029375408
4.0011400000	0.0029324228
4.0018600000	0.0029273129
4.0025700000	0.0029222118
4.0032800000	0.0029171187
4.0040000000	0.0029120333
4.0047100000	0.0029069562
4.0054200000	0.0029018873
4.0061400000	0.0028968260
4.0068500000	0.0028917732
4.0075600000	0.0028867276
4.0082700000	0.0028816904
4.0089900000	0.0028766620
4.0097000000	0.0028716404
4.0104100000	0.0028666280
4.0111300000	0.0028616227
4.0118400000	0.0028566143
4.0125500000	0.0028516253
4.0132600000	0.0028466434
4.0139800000	0.0028416714
4.0146900000	0.0028367055
4.0154000000	0.0028317489
4.0161200000	0.0028267997
4.0168300000	0.0028218587
4.0175400000	0.0028169252
4.0182600000	0.0028120001
4.0189700000	0.0028070821
4.0196800000	0.0028021726
4.0203900000	0.0027972715
4.0211100000	0.0027923781
4.0218200000	0.0027874916
4.0225300000	0.0027826137
4.0232500000	0.0027777436
4.0239600000	0.0027728818
4.0246700000	0.0027680271
4.0253900000	0.0027631805
4.0261000000	0.0027583419
4.0268100000	0.0027535108
4.0275200000	0.0027486876
4.0282400000	0.0027438724
4.0289500000	0.0027390646
4.0296600000	0.0027342650
4.0303800000	0.0027294735
4.0310900000	0.0027246892
4.0318000000	0.0027199132
4.0325100000	0.0027151442
4.0332300000	0.0027103835
4.0339400000	0.0027056306
4.0346500000	0.0027008845
4.0353700000	0.0026961473
4.0360800000	0.0026914171
4.0367900000	0.0026866945
4.0375100000	0.0026819808
4.0382200000	0.0026772745
4.0389300000	0.0026725757
4.0396400000	0.0026678833
4.0403600000	0.0026632000
4.0410700000	0.0026585243
4.0417800000	0.0026538556
4.0425000000	0.0026491955
4.0432100000	0.0026445424
4.0439200000	0.0026398965
4.0446300000	0.0026352583
4.0453500000	0.0026306290
4.0460600000	0.0026260061
4.0467700000	0.0026213916
4.0474900000	0.0026167831
4.0482000000	0.0026121839
4.0489100000	0.0026075913
4.0496300000	0.0026030065
4.0503400000	0.0025984302
4.0510500000	0.0025938602
4.0517600000	0.0025892982
4.0524800000	0.0025847437
4.0531900000	0.0025801972
4.0539000000	0.0025756577
4.0546200000	0.0025711254
4.0553300000	0.0025666015
4.0560400000	0.0025620845
4.0567600000	0.0025575749
4.0574700000	0.0025530732
4.0581800000	0.0025485784
4.0588900000	0.0025440914
4.0596100000	0.0025396125
4.0603200000	0.0025351405
4.0610300000	0.0025306756
4.0617500000	0.0025262178
4.0624600000	0.0025217683
4.0631700000	0.0025173258
4.0638800000	0.0025128916
4.0646000000	0.0025084631
4.0653100000	0.0025040429
4.0660200000	0.0024996296
4.0667400000	0.0024952243
4.0674500000	0.0024908257
4.0681600000	0.0024864356
4.0688800000	0.0024820524
4.0695900000	0.0024776766
4.0703000000	0.0024733067
4.0710100000	0.0024689453
4.0717300000	0.0024645913
4.0724400000	0.0024602444
4.0731500000	0.0024559048
4.0738700000	0.0024515720
4.0745800000	0.0024472469
4.0752900000	0.0024429295
4.0760100000	0.0024386188
4.0767200000	0.0024343156
4.0774300000	0.0024300191
4.0781400000	0.0024257307
4.0788600000	0.0024214485
4.0795700000	0.0024171743
4.0802800000	0.0024129079
4.0810000000	0.0024086468
4.0817100000	0.0024043935
4.0824200000	0.0024001490
4.0831300000	0.0023959098
4.0838500000	0.0023916791
4.0845600000	0.0023874551
4.0852700000	0.0023832376
4.0859900000	0.0023790282
4.0867000000	0.0023748253
4.0874100000	0.0023706294
4.0881300000	0.0023664408
4.0888400000	0.0023622591
4.0895500000	0.0023580848
4.0902600000	0.0023539176
4.0909800000	0.0023497571
4.0916900000	0.0023456039
4.0924000000	0.0023414578
4.0931200000	0.0023373191
4.0938300000	0.0023331862
4.0945400000	0.0023290616
4.0952600000	0.0023249431
4.0959700000	0.0023208313
4.0966800000	0.0023167280
4.0973900000	0.0023126316
4.0981100000	0.0023085416
4.0988200000	0.0023044574
4.0995300000	0.0023003821
4.1002500000	0.0022961458
4.1009600000	0.0022916004
4.1016700000	0.0022870609
4.1023800000	0.0022825270
4.1031000000	0.0022779983
4.1038100000	0.0022734764
4.1045200000	0.0022689596
4.1052400000	0.0022644487
4.1059500000	0.0022599433
4.1066600000	0.0022554438
4.1073800000	0.0022509506
4.1080900000	0.0022464625
4.1088000000	0.0022419810
4.1095100000	0.0022375054
4.1102300000	0.0022330347
4.1109400000	0.0022285703
4.1116500000	0.0022241121
4.1123700000	0.0022196602
4.1130800000	0.0022152141
4.1137900000	0.0022107726
4.1145000000	0.0022063382
4.1152200000	0.0022019094
4.1159300000	0.0021974868
4.1166400000	0.0021930702
4.1173600000	0.0021886600
4.1180700000	0.0021842555
4.1187800000	0.0021798565
4.1195000000	0.0021754638
4.1202100000	0.0021710779
4.1209200000	0.0021666975
4.1216300000	0.0021623232
4.1223500000	0.0021579550
4.1230600000	0.0021535933
4.1237700000	0.0021492363
4.1244900000	0.0021448868
4.1252000000	0.0021405437
4.1259100000	0.0021362067
4.1266300000	0.0021318746
4.1273400000	0.0021275490
4.1280500000	0.0021232305
4.1287600000	0.0021189176
4.1294800000	0.0021146108
4.1301900000	0.0021103107
4.1309000000	0.0021060167
4.1316200000	0.0021017284
4.1323300000	0.0020974467
4.1330400000	0.0020931713
4.1337500000	0.0020889021
4.1344700000	0.0020846389
4.1351800000	0.0020803832
4.1358900000	0.0020761328
4.1366100000	0.0020718887
4.1373200000	0.0020676507
4.1380300000	0.0020634195
4.1387500000	0.0020591942
4.1394600000	0.0020549758
4.1401700000	0.0020507638
4.1408800000	0.0020465575
4.1416000000	0.0020423587
4.1423100000	0.0020381656
4.1430200000	0.0020339786
4.1437400000	0.0020297978
4.1444500000	0.0020256232
4.1451600000	0.0020214563
4.1458800000	0.0020172951
4.1465900000	0.0020131407
4.1473000000	0.0020089926
4.1480100000	0.0020048507
4.1487300000	0.0020007155
4.1494400000	0.0019965869
4.1501500000	0.0019924634
4.1508700000	0.0019883479
4.1515800000	0.0019842386
4.1522900000	0.0019801358
4.1530000000	0.0019760395
4.1537200000	0.0019719493
4.1544300000	0.0019678652
4.1551400000	0.0019637881
4.1558600000	0.0019597178
4.1565700000	0.0019556543
4.1572800000	0.0019515967
4.1580000000	0.0019475457
4.1587100000	0.0019435014
4.1594200000	0.0019394638
4.1601300000	0.0019354327
4.1608500000	0.0019314076
4.1615600000	0.0019273900
4.1622700000	0.0019233782
4.1629900000	0.0019193738
4.1637000000	0.0019153748
4.1644100000	0.0019113831
4.1651300000	0.0019073973
4.1658400000	0.0019034193
4.1665500000	0.0018994477
4.1672600000	0.0018954816
4.1679800000	0.0018915232
4.1686900000	0.0018875708
4.1694000000	0.0018836255
4.1701200000	0.0018796864
4.1708300000	0.0018757540
4.1715400000	0.0018718287
4.1722500000	0.0018679097
4.1729700000	0.0018639966
4.1736800000	0.0018600917
4.1743900000	0.0018561920
4.1751100000	0.0018522995
4.1758200000	0.0018484137
4.1765300000	0.0018445346
4.1772500000	0.0018406619
4.1779600000	0.0018367964
4.1786700000	0.0018329369
4.1793800000	0.0018290843
4.1801000000	0.0018252385
4.1808100000	0.0018213985
4.1815200000	0.0018175667
4.1822400000	0.0018137404
4.1829500000	0.0018099218
4.1836600000	0.0018061090
4.1843700000	0.0018023025
4.1850900000	0.0017985040
4.1858000000	0.0017947121
4.1865100000	0.0017909258
4.1872300000	0.0017871469
4.1879400000	0.0017833737
4.1886500000	0.0017796081
4.1893700000	0.0017758496
4.1900800000	0.0017720967
4.1907900000	0.0017683509
4.1915000000	0.0017646124
4.1922200000	0.0017608793
4.1929300000	0.0017571538
4.1936400000	0.0017534349
4.1943600000	0.0017497229
4.1950700000	0.0017459904
4.1957800000	0.0017422914
4.1965000000	0.0017385989
4.1972100000	0.0017349132
4.1979200000	0.0017312348
4.1986300000	0.0017275631
4.1993500000	0.0017238971
4.2000600000	0.0017202799
4.2007700000	0.0017171165
4.2014900000	0.0017139490
4.2022000000	0.0017107768
4.2029100000	0.0017076006
4.2036200000	0.0017044186
4.2043400000	0.0017012334
4.2050500000	0.0016980443
4.2057600000	0.0016948497
4.2064800000	0.0016916517
4.2071900000	0.0016884495
4.2079000000	0.0016852431
4.2086200000	0.0016820317
4.2093300000	0.0016788165
4.2100400000	0.0016755982
4.2107500000	0.0016723745
4.2114700000	0.0016691478
4.2121800000	0.0016659166
4.2128900000	0.0016626811
4.2136100000	0.0016594412
4.2143200000	0.0016561984
4.2150300000	0.0016529515
4.2157500000	0.0016497000
4.2164600000	0.0016464446
4.2171700000	0.0016431860
4.2178800000	0.0016399228
4.2186000000	0.0016366570
4.2193100000	0.0016333865
4.2200200000	0.0016301124
4.2207400000	0.0016268353
4.2214500000	0.0016235541
4.2221600000	0.0016202687
4.2228700000	0.0016169803
4.2235900000	0.0016136889
4.2243000000	0.0016103921
4.2250100000	0.0016070940
4.2257300000	0.0016037911
4.2264400000	0.0016004850
4.2271500000	0.0015971759
4.2278700000	0.0015938629
4.2285800000	0.0015905468
4.2292900000	0.0015872279
4.2300000000	0.0015839048
4.2307200000	0.0015805792
4.2314300000	0.0015772510
4.2321400000	0.0015739189
4.2328600000	0.0015705831
4.2335700000	0.0015672453
4.2342800000	0.0015639043
4.2349900000	0.0015605598
4.2357100000	0.0015572132
4.2364200000	0.0015538637
4.2371300000	0.0015505110
4.2378500000	0.0015471552
4.2385600000	0.0015437966
4.2392700000	0.0015404353
4.2399900000	0.0015370721
4.2407000000	0.0015337058
4.2414100000	0.0015303369
4.2421200000	0.0015269657
4.2428400000	0.0015235923
4.2435500000	0.0015202156
4.2442600000	0.0015168366
4.2449800000	0.0015134556
4.2456900000	0.0015100715
4.2464000000	0.0015066856
4.2471200000	0.0015032974
4.2478300000	0.0014999074
4.2485400000	0.0014965148
4.2492500000	0.0014931205
4.2499700000	0.0014897238
4.2506800000	0.0014863256
4.2513900000	0.0014829254
4.2521100000	0.0014795233
4.2528200000	0.0014761190
4.2535300000	0.0014727131
4.2542400000	0.0014693049
4.2549600000	0.0014658951
4.2556700000	0.0014624843
4.2563800000	0.0014590714
4.2571000000	0.0014556574
4.2578100000	0.0014522416
4.2585200000	0.0014488246
4.2592400000	0.0014454053
4.2599500000	0.0014419854
4.2606600000	0.0014385639
4.2613700000	0.0014351412
4.2620900000	0.0014317170
4.2628000000	0.0014282921
4.2635100000	0.0014248657
4.2642300000	0.0014214388
4.2649400000	0.0014180106
4.2656500000	0.0014145815
4.2663700000	0.0014111516
4.2670800000	0.0014077212
4.2677900000	0.0014042886
4.2685000000	0.0014008565
4.2692200000	0.0013974232
4.2699300000	0.0013939893
4.2706400000	0.0013905556
4.2713600000	0.0013871205
4.2720700000	0.0013836854
4.2727800000	0.0013802490
4.2734900000	0.0013768130
4.2742100000	0.0013733764
4.2749200000	0.0013699399
4.2756300000	0.0013665029
4.2763500000	0.0013630656
4.2770600000	0.0013596290
4.2777700000	0.0013561916
4.2784900000	0.0013527547
4.2792000000	0.0013493172
4.2799100000	0.0013458805
4.2806200000	0.0013424427
4.2813400000	0.0013390067
4.2820500000	0.0013355702
4.2827600000	0.0013321344
4.2834800000	0.0013286990
4.2841900000	0.0013252634
4.2849000000	0.0013218290
4.2856200000	0.0013183944
4.2863300000	0.0013149612
4.2870400000	0.0013115281
4.2877500000	0.0013080964
4.2884700000	0.0013046649
4.2891800000	0.0013012352
4.2898900000	0.0012978040
4.2906100000	0.0012943760
4.2913200000	0.0012909483
4.2920300000	0.0012875219
4.2927400000	0.0012840960
4.2934600000	0.0012806723
4.2941700000	0.0012772495
4.2948800000	0.0012738267
4.2956000000	0.0012704063
4.2963100000	0.0012669874
4.2970200000	0.0012635695
4.2977400000	0.0012601536
4.2984500000	0.0012567393
4.2991600000	0.0012533257
4.2998700000	0.0012499149
4.3005900000	0.0012481038
4.3013000000	0.0012466342
4.3020100000	0.0012451629
4.3027300000	0.0012436884
4.3034400000	0.0012422126
4.3041500000	0.0012407348
4.3048600000	0.0012392548
4.3055800000	0.0012377729
4.3062900000	0.0012362896
4.3070000000	0.0012348026
4.3077200000	0.0012333142
4.3084300000	0.0012318240
4.3091400000	0.0012303315
4.3098600000	0.0012288359
4.3105700000	0.0012273390
4.3112800000	0.0012258399
4.3119900000	0.0012243384
4.3127100000	0.0012228346
4.3134200000	0.0012213284
4.3141300000	0.0012198198
4.3148500000	0.0012183086
4.3155600000	0.0012167956
4.3162700000	0.0012152805
4.3169900000	0.0012137629
4.3177000000	0.0012122419
4.3184100000	0.0012107192
4.3191200000	0.0012091939
4.3198400000	0.0012076663
4.3205500000	0.0012061355
4.3212600000	0.0012046027
4.3219800000	0.0012030676
4.3226900000	0.0012015299
4.3234000000	0.0011999895
4.3241100000	0.0011984464
4.3248300000	0.0011969002
4.3255400000	0.0011953519
4.3262500000	0.0011938009
4.3269700000	0.0011922467
4.3276800000	0.0011906903
4.3283900000	0.0011891309
4.3291100000	0.0011875686
4.3298200000	0.0011860038
4.3305300000	0.0011844356
4.3312400000	0.0011828653
4.3319600000	0.0011812917
4.3326700000	0.0011797159
4.3333800000	0.0011781361
4.3341000000	0.0011765547
4.3348100000	0.0011749690
4.3355200000	0.0011733810
4.3362400000	0.0011717900
4.3369500000	0.0011701954
4.3376600000	0.0011685985
4.3383700000	0.0011669983
4.3390900000	0.0011653952
4.3398000000	0.0011637881
4.3405100000	0.0011621790
4.3412300000	0.0011605662
4.3419400000	0.0011589509
4.3426500000	0.0011573311
4.3433600000	0.0011557087
4.3440800000	0.0011540828
4.3447900000	0.0011524544
4.3455000000	0.0011508221
4.3462200000	0.0011491860
4.3469300000	0.0011475468
4.3476400000	0.0011459045
4.3483600000	0.0011442599
4.3490700000	0.0011426108
4.3497800000	0.0011409579
4.3504900000	0.0011393017
4.3512100000	0.0011376423
4.3519200000	0.0011359790
4.3526300000	0.0011343125
4.3533500000	0.0011326426
4.3540600000	0.0011309693
4.3547700000	0.0011292913
4.3554900000	0.0011276105
4.3562000000	0.0011259249
4.3569100000	0.0011242369
4.3576200000	0.0011225454
4.3583400000	0.0011208494
4.3590500000	0.0011191502
4.3597600000	0.0011174462
4.3604800000	0.0011157392
4.3611900000	0.0011140282
4.3619000000	0.0011123146
4.3626100000	0.0011105954
4.3633300000	0.0011088724
4.3640400000	0.0011071458
4.3647500000	0.0011054153
4.3654700000	0.0011036808
4.3661800000	0.0011019427
4.3668900000	0.0011002003
4.3676100000	0.0010984534
4.3683200000	0.0010967022
4.3690300000	0.0010949476
4.3697400000	0.0010931890
4.3704600000	0.0010914264
4.3711700000	0.0010896585
4.3718800000	0.0010878880
4.3726000000	0.0010861127
4.3733100000	0.0010843329
4.3740200000	0.0010825485
4.3747300000	0.0010807602
4.3754500000	0.0010789674
4.3761600000	0.0010771710
4.3768700000	0.0010753692
4.3775900000	0.0010735641
4.3783000000	0.0010717539
4.3790100000	0.0010699390
4.3797300000	0.0010681202
4.3804400000	0.0010662978
4.3811500000	0.0010644696
4.3818600000	0.0010626365
4.3825800000	0.0010608001
4.3832900000	0.0010589590
4.3840000000	0.0010571128
4.3847200000	0.0010552616
4.3854300000	0.0010534071
4.3861400000	0.0010515471
4.3868600000	0.0010496824
4.3875700000	0.0010478129
4.3882800000	0.0010459395
4.3889900000	0.0010440606
4.3897100000	0.0010421769
4.3904200000	0.0010402891
4.3911300000	0.0010383953
4.3918500000	0.0010364974
4.3925600000	0.0010345951
4.3932700000	0.0010326872
4.3939800000	0.0010307747
4.3947000000	0.0010288576
4.3954100000	0.0010269357
4.3961200000	0.0010250082
4.3968400000	0.0010230760
4.3975500000	0.0010211388
4.3982600000	0.0010191967
4.3989800000	0.0010172489
4.3996900000	0.0010152962
4.4004000000	0.0010138241
4.4011100000	0.0010127262
4.4018300000	0.0010116286
4.4025400000	0.0010105302
4.4032500000	0.0010094319
4.4039700000	0.0010083325
4.4046800000	0.0010072331
4.4053900000	0.0010061326
4.4061100000	0.0010050318
4.4068200000	0.0010039309
4.4075300000	0.0010028291
4.4082400000	0.0010017271
4.4089600000	0.0010006246
4.4096700000	0.0009995213
4.4103800000	0.0009984176
4.4111000000	0.0009973142
4.4118100000	0.0009962096
4.4125200000	0.0009951031
4.4132300000	0.0009939976
4.4139500000	0.0009928907
4.4146600000	0.0009917843
4.4153700000	0.0009906763
4.4160900000	0.0009895675
4.4168000000	0.0009884594
4.4175100000	0.0009873496
4.4182300000	0.0009862391
4.4189400000	0.0009851293
4.4196500000	0.0009840172
4.4203600000	0.0009829046
4.4210800000	0.0009817914
4.4217900000	0.0009806777
4.4225000000	0.0009795637
4.4232200000	0.0009784490
4.4239300000	0.0009773327
4.4246400000	0.0009762165
4.4253600000	0.0009750989
4.4260700000	0.0009739813
4.4267800000	0.0009728619
4.4274900000	0.0009717424
4.4282100000	0.0009706218
4.4289200000	0.0009695007
4.4296300000	0.0009683786
4.4303500000	0.0009672552
4.4310600000	0.0009661315
4.4317700000	0.0009650073
4.4324800000	0.0009638811
4.4332000000	0.0009627546
4.4339100000	0.0009616275
4.4346200000	0.0009604992
4.4353400000	0.0009593702
4.4360500000	0.0009582402
4.4367600000	0.0009571084
4.4374800000	0.0009559772
4.4381900000	0.0009548436
4.4389000000	0.0009537095
4.4396100000	0.0009525739
4.4403300000	0.0009514379
4.4410400000	0.0009503014
4.4417500000	0.0009491638
4.4424700000	0.0009480241
4.4431800000	0.0009468843
4.4438900000	0.0009457423
4.4446000000	0.0009445999
4.4453200000	0.0009434561
4.4460300000	0.0009423114
4.4467400000	0.0009411662
4.4474600000	0.0009400190
4.4481700000	0.0009388720
4.4488800000	0.0009377220
4.4496000000	0.0009365718
4.4503100000	0.0009354199
4.4510200000	0.0009342672
4.4517300000	0.0009331134
4.4524500000	0.0009319580
4.4531600000	0.0009308012
4.4538700000	0.0009296431
4.4545900000	0.0009284845
4.4553000000	0.0009273240
4.4560100000	0.0009261625
4.4567300000	0.0009249999
4.4574400000	0.0009238352
4.4581500000	0.0009226695
4.4588600000	0.0009215027
4.4595800000	0.0009203337
4.4602900000	0.0009191642
4.4610000000	0.0009179929
4.4617200000	0.0009168203
4.4624300000	0.0009156463
4.4631400000	0.0009144707
4.4638500000	0.0009132936
4.4645700000	0.0009121149
4.4652800000	0.0009109350
4.4659900000	0.0009097529
4.4667100000	0.0009085702
4.4674200000	0.0009073853
4.4681300000	0.0009061998
4.4688500000	0.0009050116
4.4695600000	0.0009038226
4.4702700000	0.0009026318
4.4709800000	0.0009014390
4.4717000000	0.0009002458
4.4724100000	0.0008990492
4.4731200000	0.0008978520
4.4738400000	0.0008966526
4.4745500000	0.0008954521
4.4752600000	0.0008942492
4.4759800000	0.0008930450
4.4766900000	0.0008918385
4.4774000000	0.0008906310
4.4781100000	0.0008894214
4.4788300000	0.0008882097
4.4795400000	0.0008869964
4.4802500000	0.0008857815
4.4809700000	0.0008845648
4.4816800000	0.0008833457
4.4823900000	0.0008821254
4.4831000000	0.0008809036
4.4838200000	0.0008796789
4.4845300000	0.0008784522
4.4852400000	0.0008772241
4.4859600000	0.0008759936
4.4866700000	0.0008747612
4.4873800000	0.0008735271
4.4881000000	0.0008722912
4.4888100000	0.0008710527
4.4895200000	0.0008698123
4.4902300000	0.0008685699
4.4909500000	0.0008673252
4.4916600000	0.0008660794
4.4923700000	0.0008648301
4.4930900000	0.0008635795
4.4938000000	0.0008623263
4.4945100000	0.0008610712
4.4952300000	0.0008598136
4.4959400000	0.0008585540
4.4966500000	0.0008572922
4.4973600000	0.0008560282
4.4980800000	0.0008547616
4.4987900000	0.0008534936
4.4995000000	0.0008522220
4.5002200000	0.0008511349
4.5009300000	0.0008504752
4.5016400000	0.0008498161
4.5023500000	0.0008491575
4.5030700000	0.0008484998
4.5037800000	0.0008478417
4.5044900000	0.0008471844
4.5052100000	0.0008465268
4.5059200000	0.0008458712
4.5066300000	0.0008452141
4.5073500000	0.0008445582
4.5080600000	0.0008439034
4.5087700000	0.0008432487
4.5094800000	0.0008425938
4.5102000000	0.0008419389
4.5109100000	0.0008412852
4.5116200000	0.0008406323
4.5123400000	0.0008399791
4.5130500000	0.0008393264
4.5137600000	0.0008386748
4.5144700000	0.0008380226
4.5151900000	0.0008373703
4.5159000000	0.0008367188
4.5166100000	0.0008360689
4.5173300000	0.0008354173
4.5180400000	0.0008347682
4.5187500000	0.0008341172
4.5194700000	0.0008334679
4.5201800000	0.0008328191
4.5208900000	0.0008321698
4.5216000000	0.0008315212
4.5223200000	0.0008308723
4.5230300000	0.0008302245
4.5237400000	0.0008295771
4.5244600000	0.0008289296
4.5251700000	0.0008282827
4.5258800000	0.0008276361
4.5266000000	0.0008269892
4.5273100000	0.0008263422
4.5280200000	0.0008256966
4.5287300000	0.0008250509
4.5294500000	0.0008244050
4.5301600000	0.0008237598
4.5308700000	0.0008231152
4.5315900000	0.0008224697
4.5323000000	0.0008218250
4.5330100000	0.0008211810
4.5337200000	0.0008205370
4.5344400000	0.0008198935
4.5351500000	0.0008192489
4.5358600000	0.0008186055
4.5365800000	0.0008179627
4.5372900000	0.0008173194
4.5380000000	0.0008166766
4.5387200000	0.0008160335
4.5394300000	0.0008153908
4.5401400000	0.0008147492
4.5408500000	0.0008141061
4.5415700000	0.0008134645
4.5422800000	0.0008128233
4.5429900000	0.0008121811
4.5437100000	0.0008115389
4.5444200000	0.0008108978
4.5451300000	0.0008102563
4.5458500000	0.0008096155
4.5465600000	0.0008089742
4.5472700000	0.0008083331
4.5479800000	0.0008076928
4.5487000000	0.0008070516
4.5494100000	0.0008064107
4.5501200000	0.0008057702
4.5508400000	0.0008051301
4.5515500000	0.0008044895
4.5522600000	0.0008038488
4.5529700000	0.0008032090
4.5536900000	0.0008025680
4.5544000000	0.0008019278
4.5551100000	0.0008012884
4.5558300000	0.0008006473
4.5565400000	0.0008000072
4.5572500000	0.0007993677
4.5579700000	0.0007987276
4.5586800000	0.0007980876
4.5593900000	0.0007974473
4.5601000000	0.0007968073
4.5608200000	0.0007961669
4.5615300000	0.0007955264
4.5622400000	0.0007948869
4.5629600000	0.0007942460
4.5636700000	0.0007936058
4.5643800000	0.0007929660
4.5651000000	0.0007923252
4.5658100000	0.0007916848
4.5665200000	0.0007910439
4.5672300000	0.0007904031
4.5679500000	0.0007897622
4.5686600000	0.0007891211
4.5693700000	0.0007884808
4.5700900000	0.0007878381
4.5708000000	0.0007871968
4.5715100000	0.0007865553
4.5722200000	0.0007859144
4.5729400000	0.0007852725
4.5736500000	0.0007846310
4.5743600000	0.0007839884
4.5750800000	0.0007833463
4.5757900000	0.0007827041
4.5765000000	0.0007820613
4.5772200000	0.0007814186
4.5779300000	0.0007807757
4.5786400000	0.0007801320
4.5793500000	0.0007794887
4.5800700000	0.0007788453
4.5807800000	0.0007782013
4.5814900000	0.0007775573
4.5822100000	0.0007769129
4.5829200000	0.0007762680
4.5836300000	0.0007756231
4.5843400000	0.0007749773
4.5850600000	0.0007743318
4.5857700000	0.0007736852
4.5864800000	0.0007730389
4.5872000000	0.0007723926
4.5879100000	0.0007717462
4.5886200000	0.0007710985
4.5893400000	0.0007704505
4.5900500000	0.0007698030
4.5907600000	0.0007691540
4.5914700000	0.0007685059
4.5921900000	0.0007678563
4.5929000000	0.0007672063
4.5936100000	0.0007665566
4.5943300000	0.0007659053
4.5950400000	0.0007652545
4.5957500000	0.0007646027
4.5964700000	0.0007639514
4.5971800000	0.0007632986
4.5978900000	0.0007626455
4.5986000000	0.0007619922
4.5993200000	0.0007613379
4.6000300000	0.0007606965
4.6007400000	0.0007603451
4.6014600000	0.0007599957
4.6021700000	0.0007596473
4.6028800000	0.0007592999
4.6035900000	0.0007589532
4.6043100000	0.0007586084
4.6050200000	0.0007582634
4.6057300000	0.0007579202
4.6064500000	0.0007575788
4.6071600000	0.0007572375
4.6078700000	0.0007568971
4.6085900000	0.0007565585
4.6093000000	0.0007562202
4.6100100000	0.0007558834
4.6107200000	0.0007555479
4.6114400000	0.0007552124
4.6121500000	0.0007548789
4.6128600000	0.0007545468
4.6135800000	0.0007542153
4.6142900000	0.0007538852
4.6150000000	0.0007535553
4.6157200000	0.0007532268
4.6164300000	0.0007529001
4.6171400000	0.0007525737
4.6178500000	0.0007522483
4.6185700000	0.0007519249
4.6192800000	0.0007516026
4.6199900000	0.0007512809
4.6207100000	0.0007509595
4.6214200000	0.0007506405
4.6221300000	0.0007503209
4.6228400000	0.0007500035
4.6235600000	0.0007496881
4.6242700000	0.0007493726
4.6249800000	0.0007490589
4.6257000000	0.0007487459
4.6264100000	0.0007484332
4.6271200000	0.0007481230
4.6278400000	0.0007478133
4.6285500000	0.0007475044
4.6292600000	0.0007471971
4.6299700000	0.0007468907
4.6306900000	0.0007465854
4.6314000000	0.0007462808
4.6321100000	0.0007459779
4.6328300000	0.0007456763
4.6335400000	0.0007453749
4.6342500000	0.0007450755
4.6349600000	0.0007447766
4.6356800000	0.0007444791
4.6363900000	0.0007441835
4.6371000000	0.0007438871
4.6378200000	0.0007435931
4.6385300000	0.0007432995
4.6392400000	0.0007430079
4.6399600000	0.0007427177
4.6406700000	0.0007424276
4.6413800000	0.0007421394
4.6420900000	0.0007418514
4.6428100000	0.0007415652
4.6435200000	0.0007412806
4.6442300000	0.0007409962
4.6449500000	0.0007407134
4.6456600000	0.0007404312
4.6463700000	0.0007401501
4.6470900000	0.0007398720
4.6478000000	0.0007395932
4.6485100000	0.0007393160
4.6492200000	0.0007390401
4.6499400000	0.0007387655
4.6506500000	0.0007384914
4.6513600000	0.0007382183
4.6520800000	0.0007379473
4.6527900000	0.0007376768
4.6535000000	0.0007374079
4.6542100000	0.0007371401
4.6549300000	0.0007368735
4.6556400000	0.0007366079
4.6563500000	0.0007363430
4.6570700000	0.0007360800
4.6577800000	0.0007358182
4.6584900000	0.0007355575
4.6592100000	0.0007352975
4.6599200000	0.0007350388
4.6606300000	0.0007347805
4.6613400000	0.0007345251
4.6620600000	0.0007342695
4.6627700000	0.0007340164
4.6634800000	0.0007337634
4.6642000000	0.0007335113
4.6649100000	0.0007332617
4.6656200000	0.0007330119
4.6663400000	0.0007327643
4.6670500000	0.0007325176
4.6677600000	0.0007322720
4.6684700000	0.0007320272
4.6691900000	0.0007317849
4.6699000000	0.0007315430
4.6706100000	0.0007313025
4.6713300000	0.0007310626
4.6720400000	0.0007308244
4.6727500000	0.0007305874
4.6734600000	0.0007303509
4.6741800000	0.0007301164
4.6748900000	0.0007298831
4.6756000000	0.0007296510
4.6763200000	0.0007294192
4.6770300000	0.0007291899
4.6777400000	0.0007289613
4.6784600000	0.0007287340
4.6791700000	0.0007285078
4.6798800000	0.0007282834
4.6805900000	0.0007280595
4.6813100000	0.0007278369
4.6820200000	0.0007276164
4.6827300000	0.0007273964
4.6834500000	0.0007271781
4.6841600000	0.0007269602
4.6848700000	0.0007267436
4.6855900000	0.0007265295
4.6863000000	0.0007263157
4.6870100000	0.0007261031
4.6877200000	0.0007258923
4.6884400000	0.0007256822
4.6891500000	0.0007254739
4.6898600000	0.0007252668
4.6905800000	0.0007250610
4.6912900000	0.0007248565
4.6920000000	0.0007246527
4.6927100000	0.0007244506
4.6934300000	0.0007242495
4.6941400000	0.0007240502
4.6948500000	0.0007238515
4.6955700000	0.0007236549
4.6962800000	0.0007234588
4.6969900000	0.0007232639
4.6977100000	0.0007230722
4.6984200000	0.0007228798
4.6991300000	0.0007226894
4.6998400000	0.0007225006
4.7005600000	0.0007221981
4.7012700000	0.0007218656
4.7019800000	0.0007215339
4.7027000000	0.0007212026
4.7034100000	0.0007208727
4.7041200000	0.0007205435
4.7048300000	0.0007202151
4.7055500000	0.0007198877
4.7062600000	0.0007195614
4.7069700000	0.0007192361
4.7076900000	0.0007189118
4.7084000000	0.0007185867
4.7091100000	0.0007182645
4.7098300000	0.0007179424
4.7105400000	0.0007176216
4.7112500000	0.0007173011
4.7119600000	0.0007169814
4.7126800000	0.0007166632
4.7133900000	0.0007163458
4.7141000000	0.0007160291
4.7148200000	0.0007157135
4.7155300000	0.0007153984
4.7162400000	0.0007150848
4.7169600000	0.0007147717
4.7176700000	0.0007144594
4.7183800000	0.0007141484
4.7190900000	0.0007138377
4.7198100000	0.0007135284
4.7205200000	0.0007132196
4.7212300000	0.0007129114
4.7219500000	0.0007126048
4.7226600000	0.0007122996
4.7233700000	0.0007119938
4.7240800000	0.0007116904
4.7248000000	0.0007113871
4.7255100000	0.0007110849
4.7262200000	0.0007107836
4.7269400000	0.0007104836
4.7276500000	0.0007101836
4.7283600000	0.0007098850
4.7290800000	0.0007095876
4.7297900000	0.0007092905
4.7305000000	0.0007089945
4.7312100000	0.0007086996
4.7319300000	0.0007084065
4.7326400000	0.0007081125
4.7333500000	0.0007078210
4.7340700000	0.0007075291
4.7347800000	0.0007072383
4.7354900000	0.0007069492
4.7362100000	0.0007066609
4.7369200000	0.0007063734
4.7376300000	0.0007060866
4.7383400000	0.0007058009
4.7390600000	0.0007055155
4.7397700000	0.0007052316
4.7404800000	0.0007049488
4.7412000000	0.0007046671
4.7419100000	0.0007043858
4.7426200000	0.0007041053
4.7433300000	0.0007038262
4.7440500000	0.0007035476
4.7447600000	0.0007032700
4.7454700000	0.0007029936
4.7461900000	0.0007027180
4.7469000000	0.0007024436
4.7476100000	0.0007021694
4.7483300000	0.0007018969
4.7490400000	0.0007016248
4.7497500000	0.0007013540
4.7504600000	0.0007010839
4.7511800000	0.0007008149
4.7518900000	0.0007005464
4.7526000000	0.0007002796
4.7533200000	0.0007000130
4.7540300000	0.0006997479
4.7547400000	0.0006994837
4.7554600000	0.0006992199
4.7561700000	0.0006989581
4.7568800000	0.0006986960
4.7575900000	0.0006984354
4.7583100000	0.0006981752
4.7590200000	0.0006979168
4.7597300000	0.0006976593
4.7604500000	0.0006974016
4.7611600000	0.0006971466
4.7618700000	0.0006968913
4.7625800000	0.0006966370
4.7633000000	0.0006963841
4.7640100000	0.0006961314
4.7647200000	0.0006958802
4.7654400000	0.0006956305
4.7661500000	0.0006953811
4.7668600000	0.0006951321
4.7675800000	0.0006948850
4.7682900000	0.0006946384
4.7690000000	0.0006943936
4.7697100000	0.0006941481
4.7704300000	0.0006939051
4.7711400000	0.0006936626
4.7718500000	0.0006934212
4.7725700000	0.0006931805
4.7732800000	0.0006929408
4.7739900000	0.0006927024
4.7747000000	0.0006924649
4.7754200000	0.0006922279
4.7761300000	0.0006919927
4.7768400000	0.0006917577
4.7775600000	0.0006915241
4.7782700000	0.0006912908
4.7789800000	0.0006910593
4.7797000000	0.0006908287
4.7804100000	0.0006905983
4.7811200000	0.0006903695
4.7818300000	0.0006901416
4.7825500000	0.0006899147
4.7832600000	0.0006896886
4.7839700000	0.0006894636
4.7846900000	0.0006892396
4.7854000000	0.0006890164
4.7861100000	0.0006887951
4.7868300000	0.0006885735
4.7875400000	0.0006883536
4.7882500000	0.0006881346
4.7889600000	0.0006879162
4.7896800000	0.0006876994
4.7903900000	0.0006874837
4.7911000000	0.0006872685
4.7918200000	0.0006870543
4.7925300000	0.0006868420
4.7932400000	0.0006866298
4.7939500000	0.0006864184
4.7946700000	0.0006862082
4.7953800000	0.0006859993
4.7960900000	0.0006857913
4.7968100000	0.0006855843
4.7975200000	0.0006853780
4.7982300000	0.0006851735
4.7989500000	0.0006849695
4.7996600000	0.0006847661
4.8003700000	0.0006844801
4.8010800000	0.0006841155
4.8018000000	0.0006837522
4.8025100000	0.0006833896
4.8032200000	0.0006830286
4.8039400000	0.0006826667
4.8046500000	0.0006823061
4.8053600000	0.0006819464
4.8060800000	0.0006815873
4.8067900000	0.0006812291
4.8075000000	0.0006808716
4.8082100000	0.0006805151
4.8089300000	0.0006801577
4.8096400000	0.0006798026
4.8103500000	0.0006794478
4.8110700000	0.0006790935
4.8117800000	0.0006787396
4.8124900000	0.0006783870
4.8132000000	0.0006780350
4.8139200000	0.0006776837
4.8146300000	0.0006773331
4.8153400000	0.0006769833
4.8160600000	0.0006766333
4.8167700000	0.0006762850
4.8174800000	0.0006759373
4.8182000000	0.0006755896
4.8189100000	0.0006752432
4.8196200000	0.0006748975
4.8203300000	0.0006745521
4.8210500000	0.0006742080
4.8217600000	0.0006738647
4.8224700000	0.0006735211
4.8231900000	0.0006731787
4.8239000000	0.0006728375
4.8246100000	0.0006724963
4.8253300000	0.0006721559
4.8260400000	0.0006718169
4.8267500000	0.0006714780
4.8274600000	0.0006711399
4.8281800000	0.0006708022
4.8288900000	0.0006704654
4.8296000000	0.0006701295
4.8303200000	0.0006697941
4.8310300000	0.0006694590
4.8317400000	0.0006691252
4.8324500000	0.0006687922
4.8331700000	0.0006684589
4.8338800000	0.0006681275
4.8345900000	0.0006677965
4.8353100000	0.0006674654
4.8360200000	0.0006671353
4.8367300000	0.0006668073
4.8374500000	0.0006664783
4.8381600000	0.0006661508
4.8388700000	0.0006658232
4.8395800000	0.0006654975
4.8403000000	0.0006651717
4.8410100000	0.0006648463
4.8417200000	0.0006645227
4.8424400000	0.0006641990
4.8431500000	0.0006638761
4.8438600000	0.0006635540
4.8445700000	0.0006632322
4.8452900000	0.0006629122
4.8460000000	0.0006625923
4.8467100000	0.0006622729
4.8474300000	0.0006619540
4.8481400000	0.0006616357
4.8488500000	0.0006613185
4.8495700000	0.0006610016
4.8502800000	0.0006606867
4.8509900000	0.0006603706
4.8517000000	0.0006600563
4.8524200000	0.0006597427
4.8531300000	0.0006594298
4.8538400000	0.0006591172
4.8545600000	0.0006588052
4.8552700000	0.0006584940
4.8559800000	0.0006581843
4.8567000000	0.0006578741
4.8574100000	0.0006575658
4.8581200000	0.0006572577
4.8588300000	0.0006569496
4.8595500000	0.0006566428
4.8602600000	0.0006563368
4.8609700000	0.0006560308
4.8616900000	0.0006557263
4.8624000000	0.0006554224
4.8631100000	0.0006551193
4.8638200000	0.0006548165
4.8645400000	0.0006545143
4.8652500000	0.0006542134
4.8659600000	0.0006539125
4.8666800000	0.0006536129
4.8673900000	0.0006533133
4.8681000000	0.0006530156
4.8688200000	0.0006527179
4.8695300000	0.0006524203
4.8702400000	0.0006521239
4.8709500000	0.0006518285
4.8716700000	0.0006515332
4.8723800000	0.0006512389
4.8730900000	0.0006509456
4.8738100000	0.0006506527
4.8745200000	0.0006503606
4.8752300000	0.0006500693
4.8759500000	0.0006497781
4.8766600000	0.0006494882
4.8773700000	0.0006491990
4.8780800000	0.0006489101
4.8788000000	0.0006486226
4.8795100000	0.0006483351
4.8802200000	0.0006480486
4.8809400000	0.0006477630
4.8816500000	0.0006474773
4.8823600000	0.0006471924
4.8830700000	0.0006469090
4.8837900000	0.0006466266
4.8845000000	0.0006463434
4.8852100000	0.0006460617
4.8859300000	0.0006457804
4.8866400000	0.0006455011
4.8873500000	0.0006452212
4.8880700000	0.0006449423
4.8887800000	0.0006446641
4.8894900000	0.0006443864
4.8902000000	0.0006441098
4.8909200000	0.0006438337
4.8916300000	0.0006435585
4.8923400000	0.0006432835
4.8930600000	0.0006430098
4.8937700000	0.0006427369
4.8944800000	0.0006424642
4.8952000000	0.0006421928
4.8959100000	0.0006419217
4.8966200000	0.0006416507
4.8973300000	0.0006413806
4.8980500000	0.0006411117
4.8987600000	0.0006408443
4.8994700000	0.0006405760
4.9001900000	0.0006402803
4.9009000000	0.0006399051
4.9016100000	0.0006395297
4.9023200000	0.0006391552
4.9030400000	0.0006387807
4.9037500000	0.0006384075
4.9044600000	0.0006380345
4.9051800000	0.0006376621
4.9058900000	0.0006372898
4.9066000000	0.0006369190
4.9073200000	0.0006365482
4.9080300000	0.0006361784
4.9087400000	0.0006358087
4.9094500000	0.0006354394
4.9101700000	0.0006350707
4.9108800000	0.0006347030
4.9115900000	0.0006343347
4.9123100000	0.0006339680
4.9130200000	0.0006336018
4.9137300000	0.0006332351
4.9144400000	0.0006328701
4.9151600000	0.0006325047
4.9158700000	0.0006321407
4.9165800000	0.0006317767
4.9173000000	0.0006314134
4.9180100000	0.0006310513
4.9187200000	0.0006306895
4.9194400000	0.0006303269
4.9201500000	0.0006299661
4.9208600000	0.0006296063
4.9215700000	0.0006292453
4.9222900000	0.0006288862
4.9230000000	0.0006285273
4.9237100000	0.0006281690
4.9244300000	0.0006278111
4.9251400000	0.0006274536
4.9258500000	0.0006270972
4.9265700000	0.0006267408
4.9272800000	0.0006263850
4.9279900000	0.0006260297
4.9287000000	0.0006256755
4.9294200000	0.0006253207
4.9301300000	0.0006249670
4.9308400000	0.0006246140
4.9315600000	0.0006242620
4.9322700000	0.0006239091
4.9329800000	0.0006235586
4.9336900000	0.0006232074
4.9344100000	0.0006228567
4.9351200000	0.0006225067
4.9358300000	0.0006221577
4.9365500000	0.0006218092
4.9372600000	0.0006214604
4.9379700000	0.0006211126
4.9386900000	0.0006207657
4.9394000000	0.0006204183
4.9401100000	0.0006200729
4.9408200000	0.0006197265
4.9415400000	0.0006193815
4.9422500000	0.0006190367
4.9429600000	0.0006186928
4.9436800000	0.0006183496
4.9443900000	0.0006180062
4.9451000000	0.0006176640
4.9458200000	0.0006173217
4.9465300000	0.0006169806
4.9472400000	0.0006166395
4.9479500000	0.0006162991
4.9486700000	0.0006159587
4.9493800000	0.0006156201
4.9500900000	0.0006152807
4.9508100000	0.0006149420
4.9515200000	0.0006146046
4.9522300000	0.0006142672
4.9529400000	0.0006139308
4.9536600000	0.0006135944
4.9543700000	0.0006132588
4.9550800000	0.0006129230
4.9558000000	0.0006125890
4.9565100000	0.0006122542
4.9572200000	0.0006119213
4.9579400000	0.0006115880
4.9586500000	0.0006112553
4.9593600000	0.0006109230
4.9600700000	0.0006105917
4.9607900000	0.0006102602
4.9615000000	0.0006099300
4.9622100000	0.0006095998
4.9629300000	0.0006092709
4.9636400000	0.0006089414
4.9643500000	0.0006086125
4.9650700000	0.0006082850
4.9657800000	0.0006079575
4.9664900000	0.0006076305
4.9672000000	0.0006073040
4.9679200000	0.0006069781
4.9686300000	0.0006066529
4.9693400000	0.0006063282
4.9700600000	0.0006060029
4.9707700000	0.0006056796
4.9714800000	0.0006053559
4.9721900000	0.0006050339
4.9729100000	0.0006047110
4.9736200000	0.0006043896
4.9743300000	0.0006040678
4.9750500000	0.0006037472
4.9757600000	0.0006034266
4.9764700000	0.0006031076
4.9771900000	0.0006027881
4.9779000000	0.0006024687
4.9786100000	0.0006021507
4.9793200000	0.0006018334
4.9800400000	0.0006015159
4.9807500000	0.0006011995
4.9814600000	0.0006008830
4.9821800000	0.0006005675
4.9828900000	0.0006002522
4.9836000000	0.0005999372
4.9843100000	0.0005996228
4.9850300000	0.0005993095
4.9857400000	0.0005989959
4.9864500000	0.0005986835
4.9871700000	0.0005983714
4.9878800000	0.0005980599
4.9885900000	0.0005977490
4.9893100000	0.0005974379
4.9900200000	0.0005971277
4.9907300000	0.0005968180
4.9914400000	0.0005965090
4.9921600000	0.0005962007
4.9928700000	0.0005958921
4.9935800000	0.0005955845
4.9943000000	0.0005952778
4.9950100000	0.0005949715
4.9957200000	0.0005946646
4.9964400000	0.0005943594
4.9971500000	0.0005940536
4.9978600000	0.0005937497
4.9985700000	0.0005934456
4.9992900000	0.0005931418
5.0000000000	0.0005928387
