# energy (eV)    P(omega), $W_{\text{p}}/W$ = 0.50, $h/W$ = 0.40, $d/W$ = 0.20, x/W = 0.0, $E_{\rm e}$ = 200 keV
0.0100000000	0.0043451185
0.0107130000	0.0044592006
0.0114259000	0.0045762975
0.0121389000	0.0046961837
0.0128518000	0.0048186518
0.0135648000	0.0049435132
0.0142778000	0.0050705981
0.0149907000	0.0051997354
0.0157037000	0.0053307829
0.0164166000	0.0054635989
0.0171296000	0.0055980520
0.0178425000	0.0057340222
0.0185555000	0.0058713957
0.0192685000	0.0060100577
0.0199814000	0.0061499135
0.0206944000	0.0062908614
0.0214073000	0.0064328182
0.0221203000	0.0065756876
0.0228333000	0.0067193946
0.0235462000	0.0068638603
0.0242592000	0.0070090092
0.0249721000	0.0071547711
0.0256851000	0.0073010752
0.0263981000	0.0074478628
0.0271110000	0.0075950729
0.0278240000	0.0077426470
0.0285369000	0.0078905204
0.0292499000	0.0080386499
0.0299629000	0.0081869805
0.0306758000	0.0083354598
0.0313888000	0.0084840449
0.0321017000	0.0086326895
0.0328147000	0.0087813531
0.0335276000	0.0089299894
0.0342406000	0.0090785598
0.0349536000	0.0092270297
0.0356665000	0.0093753555
0.0363795000	0.0095235091
0.0370924000	0.0096714512
0.0378054000	0.0098191523
0.0385184000	0.0099665758
0.0392313000	0.0101136991
0.0399443000	0.0102604894
0.0406572000	0.0104069161
0.0413702000	0.0105529568
0.0420832000	0.0106985898
0.0427961000	0.0108437805
0.0435091000	0.0109885075
0.0442220000	0.0111327532
0.0449350000	0.0112764906
0.0456479000	0.0114197027
0.0463609000	0.0115623660
0.0470739000	0.0117044596
0.0477868000	0.0118459683
0.0484998000	0.0119868718
0.0492127000	0.0121271534
0.0499257000	0.0122667978
0.0506387000	0.0124057912
0.0513516000	0.0125441102
0.0520646000	0.0126817472
0.0527775000	0.0128186857
0.0534905000	0.0129549119
0.0542035000	0.0130904162
0.0549164000	0.0132251849
0.0556294000	0.0133592035
0.0563423000	0.0134924591
0.0570553000	0.0136249492
0.0577683000	0.0137566524
0.0584812000	0.0138875702
0.0591942000	0.0140176876
0.0599071000	0.0141469932
0.0606201000	0.0142754840
0.0613330000	0.0144031491
0.0620460000	0.0145299808
0.0627590000	0.0146559701
0.0634719000	0.0147811151
0.0641849000	0.0149054049
0.0648978000	0.0150288373
0.0656108000	0.0151513992
0.0663238000	0.0152730929
0.0670367000	0.0153939086
0.0677497000	0.0155138483
0.0684626000	0.0156328985
0.0691756000	0.0157510628
0.0698886000	0.0158683301
0.0706015000	0.0159847021
0.0713145000	0.0161001725
0.0720274000	0.0162147378
0.0727404000	0.0163283990
0.0734534000	0.0164411503
0.0741663000	0.0165529939
0.0748793000	0.0166639225
0.0755922000	0.0167739364
0.0763052000	0.0168830330
0.0770181000	0.0169912141
0.0777311000	0.0170984732
0.0784441000	0.0172048167
0.0791570000	0.0173102370
0.0798700000	0.0174147397
0.0805829000	0.0175183191
0.0812959000	0.0176209756
0.0820089000	0.0177227107
0.0827218000	0.0178235294
0.0834348000	0.0179234182
0.0841477000	0.0180223956
0.0848607000	0.0181204523
0.0855737000	0.0182175891
0.0862866000	0.0183138065
0.0869996000	0.0184091114
0.0877125000	0.0185035014
0.0884255000	0.0185969750
0.0891384000	0.0186895392
0.0898514000	0.0187811929
0.0905644000	0.0188719376
0.0912773000	0.0189617779
0.0919903000	0.0190507114
0.0927032000	0.0191387484
0.0934162000	0.0192258792
0.0941292000	0.0193121213
0.0948421000	0.0193974603
0.0955551000	0.0194819138
0.0962680000	0.0195654744
0.0969810000	0.0196481501
0.0976940000	0.0197299437
0.0984069000	0.0198108559
0.0991199000	0.0198908919
0.0998328000	0.0199700545
0.1005460000	0.0200483495
0.1012590000	0.0201257732
0.1019720000	0.0202023325
0.1026850000	0.0202780353
0.1033980000	0.0203528777
0.1041110000	0.0204268689
0.1048240000	0.0205000115
0.1055370000	0.0205723119
0.1062490000	0.0206437647
0.1069620000	0.0207143841
0.1076750000	0.0207841685
0.1083880000	0.0208531236
0.1091010000	0.0209212556
0.1098140000	0.0209885635
0.1105270000	0.0210550533
0.1112400000	0.0211207297
0.1119530000	0.0211856019
0.1126660000	0.0212496676
0.1133790000	0.0213129336
0.1140920000	0.0213754024
0.1148050000	0.0214370830
0.1155180000	0.0214979751
0.1162310000	0.0215580837
0.1169440000	0.0216174156
0.1176570000	0.0216759764
0.1183700000	0.0217337659
0.1190830000	0.0217907944
0.1197960000	0.0218470639
0.1205090000	0.0219025763
0.1212220000	0.0219573382
0.1219350000	0.0220113591
0.1226480000	0.0220646365
0.1233600000	0.0221171791
0.1240730000	0.0221689875
0.1247860000	0.0222200763
0.1254990000	0.0222704366
0.1262120000	0.0223200836
0.1269250000	0.0223690196
0.1276380000	0.0224172457
0.1283510000	0.0224647716
0.1290640000	0.0225116027
0.1297770000	0.0225577383
0.1304900000	0.0226031889
0.1312030000	0.0226479560
0.1319160000	0.0226920460
0.1326290000	0.0227354597
0.1333420000	0.0227782109
0.1340550000	0.0228202930
0.1347680000	0.0228617173
0.1354810000	0.0229024898
0.1361940000	0.0229426159
0.1369070000	0.0229820956
0.1376200000	0.0230209385
0.1383330000	0.0230591495
0.1390460000	0.0230967290
0.1397590000	0.0231336846
0.1404710000	0.0231700149
0.1411840000	0.0232057410
0.1418970000	0.0232408500
0.1426100000	0.0232753572
0.1433230000	0.0233092607
0.1440360000	0.0233425718
0.1447490000	0.0233752967
0.1454620000	0.0234074260
0.1461750000	0.0234389817
0.1468880000	0.0234699592
0.1476010000	0.0235003632
0.1483140000	0.0235302037
0.1490270000	0.0235594784
0.1497400000	0.0235882000
0.1504530000	0.0236163645
0.1511660000	0.0236439835
0.1518790000	0.0236710613
0.1525920000	0.0236975965
0.1533050000	0.0237235943
0.1540180000	0.0237490679
0.1547310000	0.0237740125
0.1554440000	0.0237984354
0.1561570000	0.0238223442
0.1568700000	0.0238457428
0.1575830000	0.0238686337
0.1582950000	0.0238910187
0.1590080000	0.0239129059
0.1597210000	0.0239343004
0.1604340000	0.0239552027
0.1611470000	0.0239756211
0.1618600000	0.0239955573
0.1625730000	0.0240150197
0.1632860000	0.0240340047
0.1639990000	0.0240525231
0.1647120000	0.0240705756
0.1654250000	0.0240881690
0.1661380000	0.0241053057
0.1668510000	0.0241219912
0.1675640000	0.0241382295
0.1682770000	0.0241540196
0.1689900000	0.0241693691
0.1697030000	0.0241842871
0.1704160000	0.0241987693
0.1711290000	0.0242128253
0.1718420000	0.0242264525
0.1725550000	0.0242396619
0.1732680000	0.0242524533
0.1739810000	0.0242648296
0.1746940000	0.0242767962
0.1754060000	0.0242883581
0.1761190000	0.0242995186
0.1768320000	0.0243102778
0.1775450000	0.0243206386
0.1782580000	0.0243306117
0.1789710000	0.0243401949
0.1796840000	0.0243493907
0.1803970000	0.0243582071
0.1811100000	0.0243666430
0.1818230000	0.0243747009
0.1825360000	0.0243823901
0.1832490000	0.0243897097
0.1839620000	0.0243966580
0.1846750000	0.0244032504
0.1853880000	0.0244094737
0.1861010000	0.0244153451
0.1868140000	0.0244208610
0.1875270000	0.0244260259
0.1882400000	0.0244308335
0.1889530000	0.0244353036
0.1896660000	0.0244394260
0.1903790000	0.0244432087
0.1910920000	0.0244466535
0.1918050000	0.0244497590
0.1925180000	0.0244525327
0.1932300000	0.0244549744
0.1939430000	0.0244570871
0.1946560000	0.0244588705
0.1953690000	0.0244603277
0.1960820000	0.0244614622
0.1967950000	0.0244622779
0.1975080000	0.0244627754
0.1982210000	0.0244629481
0.1989340000	0.0244628103
0.1996470000	0.0244623591
0.2003600000	0.0244615893
0.2010730000	0.0244605186
0.2017860000	0.0244591297
0.2024990000	0.0244574377
0.2032120000	0.0244554340
0.2039250000	0.0244531241
0.2046380000	0.0244505120
0.2053510000	0.0244475932
0.2060640000	0.0244443735
0.2067770000	0.0244408525
0.2074900000	0.0244370294
0.2082030000	0.0244328992
0.2089160000	0.0244284731
0.2096290000	0.0244237489
0.2103410000	0.0244187205
0.2110540000	0.0244133918
0.2117670000	0.0244077656
0.2124800000	0.0244018380
0.2131930000	0.0243956086
0.2139060000	0.0243890840
0.2146190000	0.0243822553
0.2153320000	0.0243751237
0.2160450000	0.0243676879
0.2167580000	0.0243599531
0.2174710000	0.0243519076
0.2181840000	0.0243435647
0.2188970000	0.0243349119
0.2196100000	0.0243259486
0.2203230000	0.0243166788
0.2210360000	0.0243070948
0.2217490000	0.0242971986
0.2224620000	0.0242869823
0.2231750000	0.0242764528
0.2238880000	0.0242656033
0.2246010000	0.0242544290
0.2253140000	0.0242429278
0.2260270000	0.0242310999
0.2267400000	0.0242189426
0.2274520000	0.0242064460
0.2281650000	0.0241936098
0.2288780000	0.0241804295
0.2295910000	0.0241669046
0.2303040000	0.0241530295
0.2310170000	0.0241388002
0.2317300000	0.0241242059
0.2324430000	0.0241092521
0.2331560000	0.0240939212
0.2338690000	0.0240782204
0.2345820000	0.0240621307
0.2352950000	0.0240456593
0.2360080000	0.0240287939
0.2367210000	0.0240115233
0.2374340000	0.0239938429
0.2381470000	0.0239757541
0.2388600000	0.0239572416
0.2395730000	0.0239382978
0.2402860000	0.0239189138
0.2409990000	0.0238990820
0.2417120000	0.0238787976
0.2424250000	0.0238580460
0.2431380000	0.0238368214
0.2438510000	0.0238151124
0.2445640000	0.0237929051
0.2452760000	0.0237701935
0.2459890000	0.0237469642
0.2467020000	0.0237232069
0.2474150000	0.0236989098
0.2481280000	0.0240130676
0.2488410000	0.0244579289
0.2495540000	0.0249626309
0.2502670000	0.0255465954
0.2509800000	0.0262782155
0.2516930000	0.0271565616
0.2524060000	0.0282138612
0.2531190000	0.0297404634
0.2538320000	0.0327379032
0.2545450000	0.0336458898
0.2552580000	0.0343839646
0.2559710000	0.0350529991
0.2566840000	0.0356655063
0.2573970000	0.0362157402
0.2581100000	0.0367478126
0.2588230000	0.0372413007
0.2595360000	0.0377132627
0.2602490000	0.0381632542
0.2609620000	0.0385809446
0.2616750000	0.0389846982
0.2623870000	0.0393671297
0.2631000000	0.0397475172
0.2638130000	0.0400981257
0.2645260000	0.0404358281
0.2652390000	0.0407562861
0.2659520000	0.0410674301
0.2666650000	0.0413702967
0.2673780000	0.0416400167
0.2680910000	0.0419231770
0.2688040000	0.0421801919
0.2695170000	0.0424377823
0.2702300000	0.0426776275
0.2709430000	0.0429186462
0.2716560000	0.0431449691
0.2723690000	0.0433632684
0.2730820000	0.0435867150
0.2737950000	0.0437821862
0.2745080000	0.0439813226
0.2752210000	0.0441855993
0.2759340000	0.0443559678
0.2766470000	0.0445600582
0.2773600000	0.0447431729
0.2780730000	0.0449104235
0.2787860000	0.0450856976
0.2794980000	0.0452526751
0.2802110000	0.0454164423
0.2809240000	0.0455923342
0.2816370000	0.0457389540
0.2823500000	0.0459156421
0.2830630000	0.0460891614
0.2837760000	0.0462331202
0.2844890000	0.0464030354
0.2852020000	0.0465394091
0.2859150000	0.0467092931
0.2866280000	0.0468724467
0.2873410000	0.0470167264
0.2880540000	0.0471715482
0.2887670000	0.0473212089
0.2894800000	0.0474917562
0.2901930000	0.0476377782
0.2909060000	0.0477943389
0.2916190000	0.0479505924
0.2923320000	0.0480946786
0.2930450000	0.0482820508
0.2937580000	0.0484324109
0.2944710000	0.0485971799
0.2951840000	0.0487450149
0.2958970000	0.0489033073
0.2966100000	0.0490997877
0.2973220000	0.0492466395
0.2980350000	0.0494376371
0.2987480000	0.0495668920
0.2994610000	0.0497707164
0.3001740000	0.0499546519
0.3008870000	0.0501176004
0.3016000000	0.0503149998
0.3023130000	0.0504737144
0.3030260000	0.0506773133
0.3037390000	0.0508420622
0.3044520000	0.0510612022
0.3051650000	0.0512044756
0.3058780000	0.0514361878
0.3065910000	0.0516367010
0.3073040000	0.0518435667
0.3080170000	0.0520648217
0.3087300000	0.0522558634
0.3094430000	0.0524965348
0.3101560000	0.0526832022
0.3108690000	0.0529347690
0.3115820000	0.0531424959
0.3122950000	0.0533974783
0.3130080000	0.0535950952
0.3137210000	0.0538925151
0.3144330000	0.0541538527
0.3151460000	0.0543788668
0.3158590000	0.0546671227
0.3165720000	0.0549033089
0.3172850000	0.0551959855
0.3179980000	0.0554522394
0.3187110000	0.0557551616
0.3194240000	0.0560208378
0.3201370000	0.0563463222
0.3208500000	0.0566117910
0.3215630000	0.0569611371
0.3222760000	0.0572519168
0.3229890000	0.0576033089
0.3237020000	0.0579036965
0.3244150000	0.0582838713
0.3251280000	0.0585919689
0.3258410000	0.0589822730
0.3265540000	0.0592953497
0.3272670000	0.0597384742
0.3279800000	0.0600369565
0.3286930000	0.0605184923
0.3294060000	0.0608391876
0.3301190000	0.0613371523
0.3308320000	0.0616830686
0.3315450000	0.0621981511
0.3322570000	0.0625645333
0.3329700000	0.0631017343
0.3336830000	0.0634933464
0.3343960000	0.0640608067
0.3351090000	0.0644882685
0.3358220000	0.0650859112
0.3365350000	0.0655110668
0.3372480000	0.0661223587
0.3379610000	0.0666326926
0.3386740000	0.0670805330
0.3393870000	0.0677980387
0.3401000000	0.0682659022
0.3408130000	0.0690317579
0.3415260000	0.0695476400
0.3422390000	0.0703056437
0.3429520000	0.0709039061
0.3436650000	0.0716358320
0.3443780000	0.0723245426
0.3450910000	0.0731262546
0.3458040000	0.0737840357
0.3465170000	0.0746802271
0.3472300000	0.0753989059
0.3479430000	0.0761335706
0.3486560000	0.0770793462
0.3493680000	0.0778364179
0.3500810000	0.0788744219
0.3507940000	0.0797069639
0.3515070000	0.0807422516
0.3522200000	0.0816811855
0.3529330000	0.0828382109
0.3536460000	0.0837150541
0.3543590000	0.0847381685
0.3550720000	0.0859713140
0.3557850000	0.0870807493
0.3564980000	0.0884379596
0.3572110000	0.0894696805
0.3579240000	0.0910261022
0.3586370000	0.0921576594
0.3593500000	0.0933826903
0.3600630000	0.0950569634
0.3607760000	0.0963306588
0.3614890000	0.0980781711
0.3622020000	0.0994992919
0.3629150000	0.1014288134
0.3636280000	0.1028658256
0.3643410000	0.1045228222
0.3650540000	0.1066283373
0.3657670000	0.1082493479
0.3664790000	0.1105759748
0.3671920000	0.1124211082
0.3679050000	0.1148316413
0.3686180000	0.1169953304
0.3693310000	0.1189528905
0.3700440000	0.1217650412
0.3707570000	0.1240727717
0.3714700000	0.1269833271
0.3721830000	0.1295332707
0.3728960000	0.1321347690
0.3736090000	0.1355753992
0.3743220000	0.1383105533
0.3750350000	0.1421099524
0.3757480000	0.1453196688
0.3764610000	0.1484923357
0.3771740000	0.1528363693
0.3778870000	0.1564303543
0.3786000000	0.1610511228
0.3793130000	0.1652684898
0.3800260000	0.1694038073
0.3807390000	0.1746763809
0.3814520000	0.1796247681
0.3821650000	0.1855207147
0.3828780000	0.1906167114
0.3835910000	0.1964418006
0.3843030000	0.2033343351
0.3850160000	0.2094499400
0.3857290000	0.2174327468
0.3864420000	0.2244710042
0.3871550000	0.2318244611
0.3878680000	0.2411289737
0.3885810000	0.2497509897
0.3892940000	0.2586615970
0.3900070000	0.2700309137
0.3907200000	0.2803015946
0.3914330000	0.2935311200
0.3921460000	0.3049374266
0.3928590000	0.3174296405
0.3935720000	0.3339385452
0.3942850000	0.3485379569
0.3949980000	0.3642036428
0.3957110000	0.3849027357
0.3964240000	0.4029655267
0.3971370000	0.4267602040
0.3978500000	0.4494567173
0.3985630000	0.4727993104
0.3992760000	0.5033908119
0.3999890000	0.5318012275
0.4007020000	0.5638078802
0.4014140000	0.6044276558
0.4021270000	0.6421300017
0.4028400000	0.6850314102
0.4035530000	0.7401989170
0.4042660000	0.7922546069
0.4049790000	0.8594805806
0.4056920000	0.9279672369
0.4064050000	1.0009621028
0.4071180000	1.0954611837
0.4078310000	1.1909004086
0.4085440000	1.2978941024
0.4092570000	1.4344192236
0.4099700000	1.5715153515
0.4106830000	1.7213550070
0.4113960000	1.9155452987
0.4121090000	2.0957492552
0.4128220000	2.3243984857
0.4135350000	2.4875587868
0.4142480000	2.5847577166
0.4149610000	2.6163002218
0.4156740000	2.2013138197
0.4163870000	1.0389197994
0.4228030000	2.7037611046
0.4235160000	4.5342135387
0.4242290000	5.0218840491
0.4249420000	4.7781331340
0.4256550000	4.2654109299
0.4263680000	3.7667175039
0.4270810000	3.3131300736
0.4277940000	2.8784248225
0.4285070000	2.5201610023
0.4292200000	2.2131354647
0.4299330000	1.9585666661
0.4306460000	1.7362337129
0.4313590000	1.5468544174
0.4320720000	1.3841910875
0.4327850000	1.2451253215
0.4334980000	1.1293179728
0.4342110000	1.0250520409
0.4349240000	0.9331858242
0.4356370000	0.8528660882
0.4363490000	0.7864310120
0.4370620000	0.7235594431
0.4377750000	0.6672947979
0.4384880000	0.6185002112
0.4392010000	0.5764923249
0.4399140000	0.5360463892
0.4406270000	0.5006549749
0.4413400000	0.4678658718
0.4420530000	0.4398794524
0.4427660000	0.4136499485
0.4434790000	0.3889153553
0.4441920000	0.3660881917
0.4449050000	0.3478281711
0.4456180000	0.3284827768
0.4463310000	0.3108534177
0.4470440000	0.2953802610
0.4477570000	0.2802343084
0.4484700000	0.2674295180
0.4491830000	0.2553452803
0.4498960000	0.2431138533
0.4506090000	0.2318149401
0.4513220000	0.2230741102
0.4520350000	0.2131352258
0.4527480000	0.2038213085
0.4534600000	0.1960085959
0.4541730000	0.1878347328
0.4548860000	0.1809181073
0.4555990000	0.1744884227
0.4563120000	0.1676639112
0.4570250000	0.1612720950
0.4577380000	0.1558828577
0.4584510000	0.1507962621
0.4591640000	0.1453936786
0.4598770000	0.1402369010
0.4605900000	0.1360370901
0.4613030000	0.1319544024
0.4620160000	0.1275237042
0.4627290000	0.1239205118
0.4634420000	0.1199689586
0.4641550000	0.1161876560
0.4648680000	0.1135119524
0.4655810000	0.1101391931
0.4662940000	0.1068312709
0.4670070000	0.1041760942
0.4677200000	0.1016031246
0.4684330000	0.0987361432
0.4691460000	0.0959909941
0.4698590000	0.0937725322
0.4705720000	0.0912988785
0.4712840000	0.0892162140
0.4719970000	0.0872647438
0.4727100000	0.0850771896
0.4734230000	0.0829465426
0.4741360000	0.0812515589
0.4748490000	0.0795836251
0.4755620000	0.0777049654
0.4762750000	0.0762297317
0.4769880000	0.0744494631
0.4777010000	0.0727582983
0.4784140000	0.0714162745
0.4791270000	0.0701426154
0.4798400000	0.0686216451
0.4805530000	0.0671616652
0.4812660000	0.0660548475
0.4819790000	0.0649324799
0.4826920000	0.0635848006
0.4834050000	0.0626124525
0.4841180000	0.0613711904
0.4848310000	0.0601751140
0.4855440000	0.0592448819
0.4862570000	0.0583830009
0.4869700000	0.0573076005
0.4876830000	0.0562316275
0.4883950000	0.0554780357
0.4891080000	0.0544994972
0.4898210000	0.0537239415
0.4905340000	0.0530254418
0.4912470000	0.0521262317
0.4919600000	0.0512532534
0.4926730000	0.0504024017
0.4933860000	0.0499712663
0.4940990000	0.0491794244
0.4948120000	0.0483934437
0.4955250000	0.0478317587
0.4962380000	0.0471129362
0.4969510000	0.0465529994
0.4976640000	0.0460343889
0.4983770000	0.0453460738
0.4990900000	0.0446897880
0.4998030000	0.0440520950
0.5005160000	0.0436007703
0.5012290000	0.0431302686
0.5019420000	0.0425411422
0.5026550000	0.0421260797
0.5033680000	0.0415548204
0.5040810000	0.0410131433
0.5047940000	0.0407700110
0.5055070000	0.0402385138
0.5062190000	0.0397293565
0.5069320000	0.0393881692
0.5076450000	0.0389038949
0.5083580000	0.0384326345
0.5090710000	0.0380878832
0.5097840000	0.0377834821
0.5104970000	0.0373437992
0.5112100000	0.0369076277
0.5119230000	0.0366316143
0.5126360000	0.0363344627
0.5133490000	0.0359276354
0.5140620000	0.0356650265
0.5147750000	0.0352879857
0.5154880000	0.0349121979
0.5162010000	0.0345461590
0.5169140000	0.0344177886
0.5176270000	0.0340687017
0.5183400000	0.0337286334
0.5190530000	0.0335063378
0.5197660000	0.0331823387
0.5204790000	0.0328655031
0.5211920000	0.0327556370
0.5219050000	0.0324433324
0.5226180000	0.0321593412
0.5233300000	0.0318612101
0.5240430000	0.0316763226
0.5247560000	0.0313985899
0.5254690000	0.0312134364
0.5261820000	0.0310427389
0.5268950000	0.0307795925
0.5276080000	0.0305246334
0.5283210000	0.0303620760
0.5290340000	0.0301179920
0.5297470000	0.0299533330
0.5304600000	0.0297179596
0.5311730000	0.0295813589
0.5318860000	0.0293498998
0.5325990000	0.0291233146
0.5333120000	0.0289949300
0.5340250000	0.0288558441
0.5347380000	0.0286397729
0.5354510000	0.0285233418
0.5361640000	0.0283189687
0.5368770000	0.0281211578
0.5375900000	0.0279233970
0.5383030000	0.0278186518
0.5390160000	0.0276976789
0.5397290000	0.0275112768
0.5404410000	0.0274106113
0.5411540000	0.0272336084
0.5418670000	0.0270610382
0.5425800000	0.0269639522
0.5432930000	0.0268584089
0.5440060000	0.0266990636
0.5447190000	0.0266079992
0.5454320000	0.0264470236
0.5461450000	0.0262953291
0.5468580000	0.0261440531
0.5475710000	0.0261205022
0.5482840000	0.0259736706
0.5489970000	0.0258316966
0.5497100000	0.0257552829
0.5504230000	0.0256145298
0.5511360000	0.0254854286
0.5518490000	0.0254131575
0.5525620000	0.0253342414
0.5532750000	0.0252059107
0.5539880000	0.0251429633
0.5547010000	0.0250179626
0.5554140000	0.0248947057
0.5561270000	0.0248360536
0.5568400000	0.0247220059
0.5575530000	0.0246515323
0.5582650000	0.0245385650
0.5589780000	0.0244875500
0.5596910000	0.0243776340
0.5604040000	0.0242683129
0.5611170000	0.0242228326
0.5618300000	0.0241638062
0.5625430000	0.0240618869
0.5632560000	0.0240146971
0.5639690000	0.0239187704
0.5646820000	0.0238243075
0.5653950000	0.0237784491
0.5661080000	0.0236890029
0.5668210000	0.0236411890
0.5675340000	0.0235990703
0.5682470000	0.0235140479
0.5689600000	0.0234289863
0.5696730000	0.0233924150
0.5703860000	0.0233075746
0.5710990000	0.0232300190
0.5718120000	0.0232354803
0.5725250000	0.0231551940
0.5732380000	0.0230810611
0.5739510000	0.0230508097
0.5746640000	0.0229750641
0.5753760000	0.0229028034
0.5760890000	0.0228778640
0.5768020000	0.0228084450
0.5775150000	0.0227732421
0.5782280000	0.0227505448
0.5789410000	0.0226857093
0.5796540000	0.0226191643
0.5803670000	0.0225989916
0.5810800000	0.0225370593
0.5817930000	0.0225154832
0.5825060000	0.0224904717
0.5832190000	0.0224321390
0.5839320000	0.0224127706
0.5846450000	0.0223569032
0.5853580000	0.0223032185
0.5860710000	0.0222861677
0.5867840000	0.0222342211
0.5874970000	0.0222138712
0.5882100000	0.0221992200
0.5889230000	0.0221501343
0.5896360000	0.0221375649
0.5903490000	0.0220908872
0.5910620000	0.0220437475
0.5917750000	0.0220343840
0.5924870000	0.0219901803
0.5932000000	0.0220075898
0.5939130000	0.0219655976
0.5946260000	0.0219250777
0.5953390000	0.0219182189
0.5960520000	0.0218791152
0.5967650000	0.0218714910
0.5974780000	0.0218355023
0.5981910000	0.0217992265
0.5989040000	0.0218195871
0.5996170000	0.0217856653
0.6003300000	0.0217817543
0.6010430000	0.0217492409
0.6017560000	0.0217468312
0.6024690000	0.0217152284
0.6031820000	0.0216860738
0.6038950000	0.0216859608
0.6046080000	0.0216797415
0.6053210000	0.0216807033
0.6060340000	0.0216540237
0.6067470000	0.0216552798
0.6074600000	0.0216301367
0.6081730000	0.0216323348
0.6088860000	0.0216091184
0.6095990000	0.0216130436
0.6103110000	0.0216119325
0.6110240000	0.0216164244
0.6117370000	0.0215961512
0.6124500000	0.0216016963
0.6131630000	0.0215826440
0.6138760000	0.0215885899
0.6145890000	0.0215967998
0.6153020000	0.0215795542
0.6160150000	0.0216070647
0.6167280000	0.0215910576
0.6174410000	0.0216004826
0.6181540000	0.0216099868
0.6188670000	0.0215963918
0.6195800000	0.0216067106
0.6202930000	0.0216178759
0.6210060000	0.0216288220
0.6217190000	0.0216582685
0.6224320000	0.0216479871
0.6231450000	0.0216604674
0.6238580000	0.0216736629
0.6245710000	0.0217083300
0.6252840000	0.0217222075
0.6259970000	0.0217368183
0.6267100000	0.0217727861
0.6274220000	0.0218300513
0.6281350000	0.0218925054
0.6288480000	0.0218875489
0.6295610000	0.0218828641
0.6302740000	0.0218788698
0.6309870000	0.0218751130
0.6317000000	0.0218715604
0.6324130000	0.0218695775
0.6331260000	0.0218673298
0.6338390000	0.0218802381
0.6345520000	0.0218790684
0.6352650000	0.0218785161
0.6359780000	0.0218791023
0.6366910000	0.0218794666
0.6374040000	0.0218811851
0.6381170000	0.0218828119
0.6388300000	0.0218858182
0.6395430000	0.0218889154
0.6402560000	0.0219054839
0.6409690000	0.0219098865
0.6416820000	0.0219147011
0.6423950000	0.0219206079
0.6431080000	0.0219267931
0.6438210000	0.0219338049
0.6445340000	0.0219412026
0.6452460000	0.0219498119
0.6459590000	0.0219586530
0.6466720000	0.0219793039
0.6473850000	0.0219895222
0.6480980000	0.0220002465
0.6488110000	0.0220118979
0.6495240000	0.0220239694
0.6502370000	0.0220367864
0.6509500000	0.0220503985
0.6516630000	0.0220649547
0.6523760000	0.0220796331
0.6530890000	0.0221051300
0.6538020000	0.0221212344
0.6545150000	0.0221379869
0.6552280000	0.0221559271
0.6559410000	0.0221743649
0.6566540000	0.0221934945
0.6573670000	0.0222131575
0.6580800000	0.0222339713
0.6587930000	0.0222552615
0.6595060000	0.0222772158
0.6602190000	0.0223079518
0.6609320000	0.0223312840
0.6616450000	0.0223553256
0.6623570000	0.0223803683
0.6630700000	0.0224059678
0.6637830000	0.0224324369
0.6644960000	0.0224594074
0.6652090000	0.0224875113
0.6659220000	0.0225162595
0.6666350000	0.0225522543
0.6673480000	0.0225822205
0.6680610000	0.0226132543
0.6687740000	0.0226449438
0.6694870000	0.0226773874
0.6702000000	0.0227105615
0.6709130000	0.0227447261
0.6716260000	0.0227797050
0.6723390000	0.0228152610
0.6730520000	0.0228517409
0.6737650000	0.0228941141
0.6744780000	0.0229320897
0.6751910000	0.0229707814
0.6759040000	0.0230104908
0.6766170000	0.0230510293
0.6773300000	0.0230924212
0.6780430000	0.0231345284
0.6787560000	0.0231774759
0.6794680000	0.0232214042
0.6801810000	0.0232661888
0.6808940000	0.0233153171
0.6816070000	0.0233612968
0.6823200000	0.0234085505
0.6830330000	0.0234568134
0.6837460000	0.0235059213
0.6844590000	0.0235556778
0.6851720000	0.0236062258
0.6858850000	0.0236580830
0.6865980000	0.0237106678
0.6873110000	0.0237642818
0.6880240000	0.0238205201
0.6887370000	0.0238755647
0.6894500000	0.0239318578
0.6901630000	0.0239889144
0.6908760000	0.0240471956
0.6915890000	0.0241058741
0.6923020000	0.0241658207
0.6930150000	0.0242267523
0.6937280000	0.0242887615
0.6944410000	0.0243515995
0.6951540000	0.0244153999
0.6958670000	0.0244803361
0.6965800000	0.0245462639
0.6972920000	0.0246130338
0.6980050000	0.0246808198
0.6987180000	0.0247496331
0.6994310000	0.0248192712
0.7001440000	0.0248902499
0.7008570000	0.0249623824
0.7015700000	0.0250352990
0.7022830000	0.0251095761
0.7029960000	0.0251842696
0.7037090000	0.0252591319
0.7044220000	0.0253365954
0.7051350000	0.0254149431
0.7058480000	0.0254942304
0.7065610000	0.0255746338
0.7072740000	0.0256563218
0.7079870000	0.0257393867
0.7087000000	0.0258235533
0.7094130000	0.0259086131
0.7101260000	0.0259951496
0.7108390000	0.0260792026
0.7115520000	0.0261680023
0.7122650000	0.0262578328
0.7129780000	0.0263489434
0.7136910000	0.0264413884
0.7144030000	0.0265348563
0.7151160000	0.0266294161
0.7158290000	0.0267257927
0.7165420000	0.0268230904
0.7172550000	0.0269222110
0.7179680000	0.0270223716
0.7186810000	0.0271235634
0.7193940000	0.0272206162
0.7201070000	0.0273247719
0.7208200000	0.0274300661
0.7215330000	0.0275369421
0.7222460000	0.0276446894
0.7229590000	0.0277546575
0.7236720000	0.0278652619
0.7243850000	0.0279778443
0.7250980000	0.0280918008
0.7258110000	0.0282070773
0.7265240000	0.0283238632
0.7272370000	0.0284349491
0.7279500000	0.0285544079
0.7286630000	0.0286755362
0.7293760000	0.0287985504
0.7300890000	0.0289229067
0.7308020000	0.0290491915
0.7315150000	0.0291769020
0.7322270000	0.0293059934
0.7329400000	0.0294368921
0.7336530000	0.0295698138
0.7343660000	0.0297041266
0.7350790000	0.0298402331
0.7357920000	0.0299685880
0.7365050000	0.0301074353
0.7372180000	0.0302484879
0.7379310000	0.0303915573
0.7386440000	0.0305365533
0.7393570000	0.0306835100
0.7400700000	0.0308322083
0.7407830000	0.0309824680
0.7414960000	0.0311347550
0.7422090000	0.0312893200
0.7429220000	0.0314462052
0.7436350000	0.0316041652
0.7443480000	0.0317519705
0.7450610000	0.0319143807
0.7457740000	0.0320782243
0.7464870000	0.0322449068
0.7472000000	0.0324139542
0.7479130000	0.0325845307
0.7486260000	0.0327576836
0.7493380000	0.0329331450
0.7500510000	0.0331103407
0.7507640000	0.0332900712
0.7514770000	0.0334724092
0.7521900000	0.0336569949
0.7529030000	0.0338282840
0.7536160000	0.0340174547
0.7543290000	0.0342086547
0.7550420000	0.0344027471
0.7557550000	0.0345991945
0.7564680000	0.0347987183
0.7571810000	0.0350005759
0.7578940000	0.0352052604
0.7586070000	0.0354126705
0.7593200000	0.0356221714
0.7600330000	0.0358347150
0.7607460000	0.0360503462
0.7614590000	0.0362492850
0.7621720000	0.0364709231
0.7628850000	0.0366948563
0.7635980000	0.0369216687
0.7643110000	0.0371511127
0.7650240000	0.0373839090
0.7657370000	0.0376205731
0.7664490000	0.0378603692
0.7671620000	0.0381031937
0.7678750000	0.0383490080
0.7685880000	0.0385975093
0.7693010000	0.0388504621
0.7700140000	0.0391065200
0.7707270000	0.0393425267
0.7714400000	0.0396061252
0.7721530000	0.0398719798
0.7728660000	0.0401419072
0.7735790000	0.0404154702
0.7742920000	0.0406934658
0.7750050000	0.0409753324
0.7757180000	0.0412608236
0.7764310000	0.0415508368
0.7771440000	0.0418443972
0.7778570000	0.0421414280
0.7785700000	0.0424435454
0.7792830000	0.0427494910
0.7799960000	0.0430314923
0.7807090000	0.0433464531
0.7814220000	0.0436657528
0.7821350000	0.0439891019
0.7828480000	0.0443172107
0.7835610000	0.0446500891
0.7842730000	0.0449885971
0.7849860000	0.0453317697
0.7856990000	0.0456800778
0.7864120000	0.0460338365
0.7871250000	0.0463910786
0.7878380000	0.0467547258
0.7885510000	0.0471241599
0.7892640000	0.0474982746
0.7899770000	0.0478429127
0.7906900000	0.0482289217
0.7914030000	0.0486192856
0.7921160000	0.0490170154
0.7928290000	0.0494196097
0.7935420000	0.0498293710
0.7942550000	0.0502451687
0.7949680000	0.0506670760
0.7956810000	0.0510966819
0.7963940000	0.0515320301
0.7971070000	0.0519730399
0.7978200000	0.0524228534
0.7985330000	0.0528784661
0.7992460000	0.0532978278
0.7999590000	0.0537689469
0.8006720000	0.0542466448
0.8013840000	0.0547316203
0.8020970000	0.0552251268
0.8028100000	0.0557252615
0.8035230000	0.0562354223
0.8042360000	0.0567529739
0.8049490000	0.0572790437
0.8056620000	0.0578145657
0.8063750000	0.0583576463
0.8070880000	0.0589101770
0.8078010000	0.0594731326
0.8085140000	0.0600441087
0.8092270000	0.0605708158
0.8099400000	0.0611691204
0.8106530000	0.0617794494
0.8113660000	0.0624000070
0.8120790000	0.0630318146
0.8127920000	0.0636732351
0.8135050000	0.0643278380
0.8142180000	0.0649943068
0.8149310000	0.0656708921
0.8156440000	0.0663617705
0.8163570000	0.0670646517
0.8170700000	0.0677793800
0.8177830000	0.0685082229
0.8184950000	0.0692502953
0.8192080000	0.0700062722
0.8199210000	0.0707074647
0.8206340000	0.0714902897
0.8213470000	0.0722880352
0.8220600000	0.0731024464
0.8227730000	0.0739318709
0.8234860000	0.0747768377
0.8241990000	0.0756390068
0.8249120000	0.0765172304
0.8256250000	0.0774131731
0.8263380000	0.0783264579
0.8270510000	0.0792578333
0.8277640000	0.0802090390
0.8284770000	0.0811786145
0.8291900000	0.0821674212
0.8299030000	0.0830884474
0.8306160000	0.0841170320
0.8313290000	0.0851666623
0.8320420000	0.0862375771
0.8327550000	0.0873330345
0.8334680000	0.0884498683
0.8341810000	0.0895907762
0.8348940000	0.0907579935
0.8356070000	0.0919487381
0.8363190000	0.0931653359
0.8370320000	0.0944078413
0.8377450000	0.0956780561
0.8384580000	0.0969770046
0.8391710000	0.0983071833
0.8398840000	0.0996623527
0.8405970000	0.1009362283
0.8413100000	0.1023557322
0.8420230000	0.1038063038
0.8427360000	0.1052874190
0.8434490000	0.1068067705
0.8441620000	0.1083622222
0.8448750000	0.1099561692
0.8455880000	0.1115859276
0.8463010000	0.1132548556
0.8470140000	0.1149648009
0.8477270000	0.1167163673
0.8484400000	0.1185089911
0.8491530000	0.1203509511
0.8498660000	0.1222374313
0.8505790000	0.1241696150
0.8512920000	0.1259972916
0.8520050000	0.1280291234
0.8527180000	0.1301123831
0.8534300000	0.1322479896
0.8541430000	0.1344429567
0.8548560000	0.1366966569
0.8555690000	0.1390098734
0.8562820000	0.1413895121
0.8569950000	0.1438320099
0.8577080000	0.1463393245
0.8584210000	0.1489210044
0.8591340000	0.1515709006
0.8598470000	0.1542932440
0.8605600000	0.1571009753
0.8612730000	0.1599907310
0.8619860000	0.1629610271
0.8626990000	0.1658005388
0.8634120000	0.1689429372
0.8641250000	0.1721839357
0.8648380000	0.1755196308
0.8655510000	0.1789603686
0.8662640000	0.1825066605
0.8669770000	0.1861658548
0.8676900000	0.1899445702
0.8684030000	0.1938413627
0.8691160000	0.1978663348
0.8698290000	0.2020194172
0.8705420000	0.2063109623
0.8712540000	0.2107440155
0.8719670000	0.2153278702
0.8726800000	0.2200764993
0.8733930000	0.2249804577
0.8741060000	0.2297289776
0.8748190000	0.2349814613
0.8755320000	0.2404228785
0.8762450000	0.2460529652
0.8769580000	0.2518967691
0.8776710000	0.2579579206
0.8783840000	0.2642460882
0.8790970000	0.2707824823
0.8798100000	0.2775674159
0.8805230000	0.2846184647
0.8812360000	0.2919478421
0.8819490000	0.2995751046
0.8826620000	0.3075077798
0.8833750000	0.3157679045
0.8840880000	0.3243797925
0.8848010000	0.3333534181
0.8855140000	0.3427188897
0.8862270000	0.3519375323
0.8869400000	0.3621282007
0.8876530000	0.3727708606
0.8883650000	0.3839049752
0.8890780000	0.3955665128
0.8897910000	0.4077672895
0.8905040000	0.4205441565
0.8912170000	0.4339650944
0.8919300000	0.4480494139
0.8926430000	0.4628397989
0.8933560000	0.4783889259
0.8940690000	0.4947455135
0.8947820000	0.5119618808
0.8954950000	0.5301203820
0.8962080000	0.5492834394
0.8969210000	0.5694972674
0.8976340000	0.5908778704
0.8983470000	0.6124196757
0.8990600000	0.6363553986
0.8997730000	0.6617143151
0.9004860000	0.6886446739
0.9011990000	0.7172882129
0.9019120000	0.7477661518
0.9026250000	0.7802408418
0.9033380000	0.8149359622
0.9040510000	0.8519863859
0.9047640000	0.8916573096
0.9054760000	0.9341871892
0.9061890000	0.9798612949
0.9069020000	1.0289805166
0.9076150000	1.0819198643
0.9083280000	1.1390884548
0.9090410000	1.2009342220
0.9097540000	1.2679346214
0.9104670000	1.3379829277
0.9111800000	1.4171117789
0.9118930000	1.5034896131
0.9126060000	1.5979465859
0.9133190000	1.7016301894
0.9140320000	1.8157546154
0.9147450000	1.9417327968
0.9154580000	2.0812080871
0.9161710000	2.2362601070
0.9168840000	2.4091935386
0.9175970000	2.6028359658
0.9183100000	2.8205422009
0.9190230000	3.0665490504
0.9197360000	3.3457161522
0.9204490000	3.6641572853
0.9211620000	4.0296716150
0.9218750000	4.4516632180
0.9225880000	4.9416853595
0.9233000000	5.5005799407
0.9240130000	6.1744971307
0.9247260000	6.9755400463
0.9254390000	7.9353914149
0.9261520000	9.0969300120
0.9268650000	10.5163823360
0.9275780000	12.2681090284
0.9282910000	14.4513130299
0.9290040000	17.1982645493
0.9297170000	20.6782557074
0.9304300000	25.0959207719
0.9311430000	30.6719902278
0.9318560000	37.5464697738
0.9325690000	45.5759840131
0.9332820000	53.9723952594
0.9339950000	60.9932440683
0.9347080000	64.3266209674
0.9354210000	62.5779741090
0.9361340000	56.4987232379
0.9368470000	48.4455748977
0.9375600000	40.1198448496
0.9382730000	32.7900301268
0.9389860000	26.7685563470
0.9396990000	21.9767188995
0.9404110000	18.2046097875
0.9411240000	15.2357794891
0.9418370000	12.8847263805
0.9425500000	11.0074910599
0.9432630000	9.4937664198
0.9439760000	8.2612495816
0.9446890000	7.2479835564
0.9454020000	6.4074091814
0.9461150000	5.7042007128
0.9468280000	5.1113837892
0.9475410000	4.6083210366
0.9482540000	4.1789482130
0.9489670000	3.8106542553
0.9496800000	3.4936444961
0.9503930000	3.2192695936
0.9511060000	2.9830352229
0.9518190000	2.7795322205
0.9525320000	2.6051025497
0.9532450000	2.4570949441
0.9539580000	2.3337333830
0.9546710000	2.2339549900
0.9553840000	2.1573983461
0.9560970000	2.1043572257
0.9568100000	2.0752903784
0.9575230000	2.0702850082
0.9582350000	2.0876934575
0.9589480000	2.1219079851
0.9596610000	2.1608331170
0.9603740000	2.1850582363
0.9610870000	2.1722689846
0.9618000000	2.1077584984
0.9625130000	1.9933970534
0.9632260000	1.8459188567
0.9639390000	1.6857002235
0.9646520000	1.5313162203
0.9653650000	1.3908181312
0.9660780000	1.2672505154
0.9667910000	1.1603431324
0.9675040000	1.0683028805
0.9682170000	0.9889300071
0.9689300000	0.9200926581
0.9696430000	0.8600095580
0.9703560000	0.8071692017
0.9710690000	0.7603299114
0.9717820000	0.7184901112
0.9724950000	0.6808805234
0.9732080000	0.6468549009
0.9739210000	0.6159062167
0.9746340000	0.5875893389
0.9753460000	0.5615897660
0.9760590000	0.5375995478
0.9767720000	0.5153921294
0.9774850000	0.4947537154
0.9781980000	0.4755222774
0.9789110000	0.4570653216
0.9796240000	0.4402462532
0.9803370000	0.4244431466
0.9810500000	0.4095770193
0.9817630000	0.3955582490
0.9824760000	0.3823275062
0.9831890000	0.3698109628
0.9839020000	0.3579532525
0.9846150000	0.3467095442
0.9853280000	0.3360285588
0.9860410000	0.3258653900
0.9867540000	0.3161918370
0.9874670000	0.3069701986
0.9881800000	0.2981731928
0.9888930000	0.2897703865
0.9896060000	0.2817329145
0.9903190000	0.2740519617
0.9910320000	0.2666976951
0.9917450000	0.2596484693
0.9924570000	0.2528852819
0.9931700000	0.2460887526
0.9938830000	0.2398610453
0.9945960000	0.2338821261
0.9953090000	0.2281275853
0.9960220000	0.2225890713
0.9967350000	0.2172675426
0.9974480000	0.2121353183
0.9981610000	0.2071904292
0.9988740000	0.2024205880
0.9995870000	0.1978231734
1.0003000000	0.1933874782
1.0010100000	0.1891038020
1.0017300000	0.1849633096
1.0024400000	0.1809625476
1.0031500000	0.1770943879
1.0038600000	0.1733537005
1.0045800000	0.1697314024
1.0052900000	0.1662284613
1.0060000000	0.1628394517
1.0067200000	0.1595523214
1.0074300000	0.1563675648
1.0081400000	0.1532796988
1.0088600000	0.1500858115
1.0095700000	0.1471844066
1.0102800000	0.1443691072
1.0109900000	0.1416337095
1.0117100000	0.1389766939
1.0124200000	0.1364007207
1.0131300000	0.1338972372
1.0138500000	0.1314640539
1.0145600000	0.1290988486
1.0152700000	0.1268021605
1.0159900000	0.1245640877
1.0167000000	0.1223885960
1.0174100000	0.1202715824
1.0181200000	0.1182095943
1.0188400000	0.1162036814
1.0195500000	0.1142497981
1.0202600000	0.1123472199
1.0209800000	0.1104930191
1.0216900000	0.1086859207
1.0224000000	0.1069256999
1.0231100000	0.1052088754
1.0238300000	0.1035344052
1.0245400000	0.1017644064
1.0252500000	0.1001727724
1.0259700000	0.0986200913
1.0266800000	0.0971038304
1.0273900000	0.0956239783
1.0281100000	0.0941794892
1.0288200000	0.0927692466
1.0295300000	0.0913913116
1.0302400000	0.0900446353
1.0309600000	0.0887300356
1.0316700000	0.0874469579
1.0323800000	0.0861924827
1.0331000000	0.0849655890
1.0338100000	0.0837658655
1.0345200000	0.0825931218
1.0352400000	0.0814471865
1.0359500000	0.0803249332
1.0366600000	0.0792263442
1.0373700000	0.0781534738
1.0380900000	0.0771032237
1.0388000000	0.0760745037
1.0395100000	0.0750669804
1.0402300000	0.0740817030
1.0409400000	0.0730202402
1.0416500000	0.0720751124
1.0423600000	0.0711505677
1.0430800000	0.0702441658
1.0437900000	0.0693556378
1.0445000000	0.0684857232
1.0452200000	0.0676346459
1.0459300000	0.0667993779
1.0466400000	0.0659811818
1.0473600000	0.0651788124
1.0480700000	0.0643924844
1.0487800000	0.0636203427
1.0494900000	0.0628635955
1.0502100000	0.0621215971
1.0509200000	0.0613941918
1.0516300000	0.0606811235
1.0523500000	0.0599816430
1.0530600000	0.0592949504
1.0537700000	0.0586209948
1.0544800000	0.0579587912
1.0552000000	0.0573102605
1.0559100000	0.0566745453
1.0566200000	0.0560474869
1.0573400000	0.0553673967
1.0580500000	0.0547640874
1.0587600000	0.0541721124
1.0594800000	0.0535908696
1.0601900000	0.0530191025
1.0609000000	0.0524579483
1.0616100000	0.0519068722
1.0623300000	0.0513653371
1.0630400000	0.0508341743
1.0637500000	0.0503112980
1.0644700000	0.0497979720
1.0651800000	0.0492926644
1.0658900000	0.0487972642
1.0666100000	0.0483103573
1.0673200000	0.0478297730
1.0680300000	0.0473586309
1.0687400000	0.0468955428
1.0694600000	0.0464389309
1.0701700000	0.0459890429
1.0708800000	0.0455462116
1.0716000000	0.0451125364
1.0723100000	0.0446850188
1.0730200000	0.0442640034
1.0737300000	0.0438485149
1.0744500000	0.0434389100
1.0751600000	0.0429903389
1.0758700000	0.0425912001
1.0765900000	0.0421977850
1.0773000000	0.0418094766
1.0780100000	0.0414248044
1.0787300000	0.0410437266
1.0794400000	0.0406669446
1.0801500000	0.0402910761
1.0808600000	0.0399159766
1.0815800000	0.0395415822
1.0822900000	0.0391673533
1.0830000000	0.0387914715
1.0837200000	0.0384112974
1.0844300000	0.0380269514
1.0851400000	0.0376295849
1.0858600000	0.0372169552
1.0865700000	0.0367814015
1.0872800000	0.0363151245
1.0879900000	0.0358064162
1.0887100000	0.0352437474
1.0894200000	0.0346101275
1.0901300000	0.0338892679
1.0908500000	0.0330586835
1.0915600000	0.0321136530
1.0922700000	0.0310272336
1.0929800000	0.0298999893
1.0937000000	0.0288163624
1.0944100000	0.0279726377
1.0951200000	0.0276541923
1.0958400000	0.0280996883
1.0965500000	0.0293443406
1.0972600000	0.0311062418
1.0979800000	0.0329042085
1.0986900000	0.0343035692
1.0994000000	0.0351351590
1.1001100000	0.0354347961
1.1008300000	0.0353549783
1.1015400000	0.0350366149
1.1022500000	0.0345995954
1.1029700000	0.0341242015
1.1036800000	0.0336478100
1.1043900000	0.0331911323
1.1051100000	0.0327638448
1.1058200000	0.0323665812
1.1065300000	0.0320000852
1.1072400000	0.0316612950
1.1079600000	0.0313467740
1.1086700000	0.0310541025
1.1093800000	0.0307806633
1.1101000000	0.0305206636
1.1108100000	0.0302770835
1.1115200000	0.0300460371
1.1122300000	0.0298255985
1.1129500000	0.0296146395
1.1136600000	0.0294144382
1.1143700000	0.0292205502
1.1150900000	0.0290348127
1.1158000000	0.0288542693
1.1165100000	0.0286800954
1.1172300000	0.0285105246
1.1179400000	0.0283464192
1.1186500000	0.0281877253
1.1193600000	0.0280333845
1.1200800000	0.0278836158
1.1207900000	0.0277393851
1.1215000000	0.0275963038
1.1222200000	0.0274573813
1.1229300000	0.0273213461
1.1236400000	0.0271888337
1.1243500000	0.0270597707
1.1250700000	0.0269343230
1.1257800000	0.0268125664
1.1264900000	0.0266934138
1.1272100000	0.0265770258
1.1279200000	0.0264847629
1.1286300000	0.0263733890
1.1293500000	0.0262643682
1.1300600000	0.0261584394
1.1307700000	0.0260555736
1.1314800000	0.0259569166
1.1322000000	0.0258585282
1.1329100000	0.0257631260
1.1336200000	0.0256703237
1.1343400000	0.0255787407
1.1350500000	0.0254920185
1.1357600000	0.0254059604
1.1364800000	0.0253233276
1.1371900000	0.0252430721
1.1379000000	0.0251664817
1.1386100000	0.0250913564
1.1393300000	0.0250193361
1.1400400000	0.0249482655
1.1407500000	0.0248817522
1.1414700000	0.0248168129
1.1421800000	0.0247560735
1.1428900000	0.0246962725
1.1436000000	0.0246380919
1.1443200000	0.0245831082
1.1450300000	0.0245310475
1.1457400000	0.0244787330
1.1464600000	0.0244303198
1.1471700000	0.0244369697
1.1478800000	0.0243943189
1.1486000000	0.0243541674
1.1493100000	0.0243172688
1.1500200000	0.0242811940
1.1507300000	0.0242486556
1.1514500000	0.0242173442
1.1521600000	0.0241877950
1.1528700000	0.0241640994
1.1535900000	0.0241416557
1.1543000000	0.0241221203
1.1550100000	0.0241045807
1.1557300000	0.0240905798
1.1564400000	0.0240780563
1.1571500000	0.0240711817
1.1578600000	0.0240635839
1.1585800000	0.0240597445
1.1592900000	0.0240590600
1.1600000000	0.0240620959
1.1607200000	0.0240668607
1.1614300000	0.0240753061
1.1621400000	0.0240846124
1.1628500000	0.0240972351
1.1635700000	0.0241148232
1.1642800000	0.0241356300
1.1649900000	0.0241581443
1.1657100000	0.0241837052
1.1664200000	0.0243055645
1.1671300000	0.0243363757
1.1678500000	0.0243676834
1.1685600000	0.0244038160
1.1692700000	0.0244393318
1.1699800000	0.0244790195
1.1707000000	0.0245196062
1.1714100000	0.0245660159
1.1721200000	0.0246115182
1.1728400000	0.0246606253
1.1735500000	0.0247108566
1.1742600000	0.0247626754
1.1749700000	0.0248156035
1.1756900000	0.0248713227
1.1764000000	0.0249269577
1.1771100000	0.0249862370
1.1778300000	0.0250450707
1.1785400000	0.0251014908
1.1792500000	0.0251583424
1.1799700000	0.0252130636
1.1806800000	0.0252673193
1.1813900000	0.0253140235
1.1821000000	0.0253510416
1.1828200000	0.0253896242
1.1835300000	0.0254186997
1.1842400000	0.0254372164
1.1849600000	0.0254480371
1.1856700000	0.0254412538
1.1863800000	0.0255052684
1.1871000000	0.0254552625
1.1878100000	0.0253807920
1.1885200000	0.0252760219
1.1892300000	0.0251338712
1.1899500000	0.0249584314
1.1906600000	0.0247260314
1.1913700000	0.0244481555
1.1920900000	0.0240931607
1.1928000000	0.0236625351
1.1935100000	0.0231451265
1.1942200000	0.0225217371
1.1949400000	0.0217633814
1.1956500000	0.0208547343
1.1963600000	0.0197759052
1.1970800000	0.0184710911
1.1977900000	0.0169302338
1.1985000000	0.0150861458
1.1992200000	0.0128809687
1.1999300000	0.0102349412
1.2006400000	0.0070803571
1.2013500000	0.0033008435
1.2020700000	0.0002209934
1.2213200000	0.0058458203
1.2220300000	0.2394712078
1.2227400000	0.4049108451
1.2234600000	0.5049389844
1.2241700000	0.5516156253
1.2248800000	0.5601037146
1.2256000000	0.5440992496
1.2263100000	0.5139568166
1.2270200000	0.4771301901
1.2277300000	0.4379966629
1.2284500000	0.4136635294
1.2291600000	0.3757811875
1.2298700000	0.3409983479
1.2305900000	0.3094768947
1.2313000000	0.2812516363
1.2320100000	0.2561368611
1.2327200000	0.2338768728
1.2334400000	0.2141223880
1.2341500000	0.1966588831
1.2348600000	0.1812183854
1.2355800000	0.1675880416
1.2362900000	0.1555582709
1.2370000000	0.1448686825
1.2377200000	0.1354201542
1.2384300000	0.1270478593
1.2391400000	0.1196446019
1.2398500000	0.1130922305
1.2405700000	0.1073505822
1.2412800000	0.1022766082
1.2419900000	0.0978276320
1.2427100000	0.0939489413
1.2434200000	0.0906009028
1.2441300000	0.0877491601
1.2448400000	0.0853731925
1.2455600000	0.0834464033
1.2462700000	0.0819493031
1.2469800000	0.0808795509
1.2477000000	0.0802326696
1.2484100000	0.0800243854
1.2491200000	0.0802820486
1.2498400000	0.0810150283
1.2505500000	0.0822648796
1.2512600000	0.0852655242
1.2519700000	0.0876302226
1.2526900000	0.0906797911
1.2534000000	0.0945014581
1.2541100000	0.0991966682
1.2548300000	0.1048663198
1.2555400000	0.1116286673
1.2562500000	0.1195900667
1.2569700000	0.1288535831
1.2576800000	0.1394474102
1.2583900000	0.1513146164
1.2591000000	0.1642141665
1.2598200000	0.1776445654
1.2605300000	0.1907909710
1.2612400000	0.2024909205
1.2619600000	0.2113671089
1.2626700000	0.2161077245
1.2633800000	0.2158388155
1.2640900000	0.2104382577
1.2648100000	0.2005878871
1.2655200000	0.1875308757
1.2662300000	0.1726886570
1.2669500000	0.1573281380
1.2676600000	0.1423833851
1.2683700000	0.1284378964
1.2690900000	0.1157822692
1.2698000000	0.1045027355
1.2705100000	0.0945638352
1.2712200000	0.0858631074
1.2719400000	0.0782698556
1.2726500000	0.0716471768
1.2733600000	0.0658654160
1.2740800000	0.0610819445
1.2747900000	0.0566354792
1.2755000000	0.0527217087
1.2762200000	0.0492635011
1.2769300000	0.0461970153
1.2776400000	0.0434685804
1.2783500000	0.0410303560
1.2790700000	0.0388443404
1.2797800000	0.0368773178
1.2804900000	0.0351004342
1.2812100000	0.0334907538
1.2819200000	0.0320283118
1.2826300000	0.0306959027
1.2833400000	0.0294762721
1.2840600000	0.0283580118
1.2847700000	0.0273300676
1.2854800000	0.0263826916
1.2862000000	0.0255076039
1.2869100000	0.0246978960
1.2876200000	0.0239457044
1.2883400000	0.0232464776
1.2890500000	0.0225947069
1.2897600000	0.0219854945
1.2904700000	0.0214158310
1.2911900000	0.0208821600
1.2919000000	0.0203818430
1.2926100000	0.0199112730
1.2933300000	0.0194679161
1.2940400000	0.0190496885
1.2947500000	0.0186548700
1.2954700000	0.0182816355
1.2961800000	0.0179285765
1.2968900000	0.0175944471
1.2976000000	0.0172772404
1.2983200000	0.0170983427
1.2990300000	0.0168087257
1.2997400000	0.0165325991
1.3004600000	0.0162696330
1.3011700000	0.0160189849
1.3018800000	0.0157798937
1.3025900000	0.0155509157
1.3033100000	0.0153326125
1.3040200000	0.0151232470
1.3047300000	0.0149226213
1.3054500000	0.0147303600
1.3061600000	0.0145461915
1.3068700000	0.0143695705
1.3075900000	0.0141999543
1.3083000000	0.0140366060
1.3090100000	0.0138795881
1.3097200000	0.0137287515
1.3104400000	0.0135836327
1.3111500000	0.0134438208
1.3118600000	0.0133094771
1.3125800000	0.0131797511
1.3132900000	0.0130546089
1.3140000000	0.0129336781
1.3147100000	0.0128168713
1.3154300000	0.0127041756
1.3161400000	0.0125954469
1.3168500000	0.0124903858
1.3175700000	0.0123887550
1.3182800000	0.0122904684
1.3189900000	0.0121952389
1.3197100000	0.0121030851
1.3204200000	0.0120139070
1.3211300000	0.0119276748
1.3218400000	0.0118443482
1.3225600000	0.0117636285
1.3232700000	0.0117488204
1.3239800000	0.0116714741
1.3247000000	0.0115964674
1.3254100000	0.0115237163
1.3261200000	0.0114530650
1.3268400000	0.0113848354
1.3275500000	0.0113184315
1.3282600000	0.0112541911
1.3289700000	0.0111915569
1.3296900000	0.0111308559
1.3304000000	0.0110718396
1.3311100000	0.0110145372
1.3318300000	0.0109590450
1.3325400000	0.0109053489
1.3332500000	0.0108528805
1.3339600000	0.0108019191
1.3346800000	0.0107524373
1.3353900000	0.0107045456
1.3361000000	0.0106579273
1.3368200000	0.0106126843
1.3375300000	0.0105688176
1.3382400000	0.0105261865
1.3389600000	0.0104847696
1.3396700000	0.0104444237
1.3403800000	0.0104052484
1.3410900000	0.0103672525
1.3418100000	0.0103303209
1.3425200000	0.0102945569
1.3432300000	0.0102599284
1.3439500000	0.0102261959
1.3446600000	0.0101934136
1.3453700000	0.0101616220
1.3460900000	0.0101307803
1.3468000000	0.0101009210
1.3475100000	0.0100720077
1.3482200000	0.0100440038
1.3489400000	0.0100169057
1.3496500000	0.0100266152
1.3503600000	0.0100004520
1.3510800000	0.0099751144
1.3517900000	0.0099505597
1.3525000000	0.0099268316
1.3532100000	0.0099040420
1.3539300000	0.0098818532
1.3546400000	0.0098605947
1.3553500000	0.0098399327
1.3560700000	0.0098200337
1.3567800000	0.0098008277
1.3574900000	0.0097823138
1.3582100000	0.0097645664
1.3589200000	0.0097475953
1.3596300000	0.0097311552
1.3603400000	0.0097153753
1.3610600000	0.0097002646
1.3617700000	0.0096858507
1.3624800000	0.0096720354
1.3632000000	0.0096588537
1.3639100000	0.0096463937
1.3646200000	0.0096344422
1.3653400000	0.0096231728
1.3660500000	0.0096124790
1.3667600000	0.0096023481
1.3674700000	0.0095928097
1.3681900000	0.0095838627
1.3689000000	0.0095755371
1.3696100000	0.0095677920
1.3703300000	0.0095605818
1.3710400000	0.0095539518
1.3717500000	0.0095478758
1.3724600000	0.0095423342
1.3731800000	0.0095373440
1.3738900000	0.0095329303
1.3746000000	0.0095290844
1.3753200000	0.0095257779
1.3760300000	0.0095230188
1.3767400000	0.0095427297
1.3774600000	0.0095406553
1.3781700000	0.0095391267
1.3788800000	0.0095381225
1.3795900000	0.0095376858
1.3803100000	0.0095378212
1.3810200000	0.0095384533
1.3817300000	0.0095396333
1.3824500000	0.0095413610
1.3831600000	0.0095436155
1.3838700000	0.0095463837
1.3845800000	0.0095497054
1.3853000000	0.0095535506
1.3860100000	0.0095579814
1.3867200000	0.0095629657
1.3874400000	0.0095684287
1.3881500000	0.0095744954
1.3888600000	0.0095810635
1.3895800000	0.0095881817
1.3902900000	0.0095958132
1.3910000000	0.0096040463
1.3917100000	0.0096128099
1.3924300000	0.0096221516
1.3931400000	0.0096320137
1.3938500000	0.0096424748
1.3945700000	0.0096534800
1.3952800000	0.0096650765
1.3959900000	0.0096772342
1.3967100000	0.0096899792
1.3974200000	0.0097033181
1.3981300000	0.0097172365
1.3988400000	0.0097317555
1.3995600000	0.0097468767
1.4002700000	0.0097626135
1.4009800000	0.0097789506
1.4017000000	0.0097959090
1.4024100000	0.0098134875
1.4031200000	0.0098316768
1.4038300000	0.0098505152
1.4045500000	0.0098700167
1.4052600000	0.0099039299
1.4059700000	0.0099245541
1.4066900000	0.0099458661
1.4074000000	0.0099678712
1.4081100000	0.0099905980
1.4088300000	0.0100139915
1.4095400000	0.0100381059
1.4102500000	0.0100629667
1.4109600000	0.0100885713
1.4116800000	0.0101149094
1.4123900000	0.0101420343
1.4131000000	0.0101699555
1.4138200000	0.0101986497
1.4145300000	0.0102281181
1.4152400000	0.0102584404
1.4159600000	0.0102895899
1.4166700000	0.0103216123
1.4173800000	0.0103544135
1.4180900000	0.0103881703
1.4188100000	0.0104228053
1.4195200000	0.0104583954
1.4202300000	0.0104948999
1.4209500000	0.0105323686
1.4216600000	0.0105708659
1.4223700000	0.0106103066
1.4230800000	0.0106507907
1.4238000000	0.0106923864
1.4245100000	0.0107349985
1.4252200000	0.0107787358
1.4259400000	0.0108235840
1.4266500000	0.0108695773
1.4273600000	0.0109167005
1.4280800000	0.0109650735
1.4287900000	0.0110146746
1.4295000000	0.0110655881
1.4302100000	0.0111177850
1.4309300000	0.0111713069
1.4316400000	0.0112261289
1.4323500000	0.0112823837
1.4330700000	0.0113400667
1.4337800000	0.0113992761
1.4344900000	0.0114688842
1.4352100000	0.0115310557
1.4359200000	0.0115948539
1.4366300000	0.0116603699
1.4373400000	0.0117275695
1.4380600000	0.0117965487
1.4387700000	0.0118672640
1.4394800000	0.0119399538
1.4402000000	0.0120145572
1.4409100000	0.0120911426
1.4416200000	0.0121698213
1.4423300000	0.0122507006
1.4430500000	0.0123337315
1.4437600000	0.0124190557
1.4444700000	0.0125066527
1.4451900000	0.0125966984
1.4459000000	0.0126892922
1.4466100000	0.0127844307
1.4473300000	0.0128822782
1.4480400000	0.0129829823
1.4487500000	0.0130865442
1.4494600000	0.0131931259
1.4501800000	0.0133028536
1.4508900000	0.0134157347
1.4516000000	0.0135320962
1.4523200000	0.0136518240
1.4530300000	0.0137752754
1.4537400000	0.0139025635
1.4544500000	0.0140337759
1.4551700000	0.0141690603
1.4558800000	0.0143086223
1.4565900000	0.0144526196
1.4573100000	0.0146012576
1.4580200000	0.0147546852
1.4587300000	0.0149132754
1.4594500000	0.0150771266
1.4601600000	0.0152465423
1.4608700000	0.0154217326
1.4615800000	0.0156028647
1.4623000000	0.0157903011
1.4630100000	0.0159843915
1.4637200000	0.0161854567
1.4644400000	0.0163937640
1.4651500000	0.0166098889
1.4658600000	0.0168397532
1.4665800000	0.0170722326
1.4672900000	0.0173137337
1.4680000000	0.0175645966
1.4687100000	0.0178253778
1.4694300000	0.0180964356
1.4701400000	0.0183785782
1.4708500000	0.0186724073
1.4715700000	0.0189783885
1.4722800000	0.0192974696
1.4729900000	0.0196303678
1.4737000000	0.0199778898
1.4744200000	0.0203408708
1.4751300000	0.0207203039
1.4758400000	0.0211170264
1.4765600000	0.0215324418
1.4772700000	0.0219673954
1.4779800000	0.0224237000
1.4787000000	0.0229025154
1.4794100000	0.0234053498
1.4801200000	0.0239338672
1.4808300000	0.0244900783
1.4815500000	0.0250756673
1.4822600000	0.0256927831
1.4829700000	0.0263440926
1.4836900000	0.0270320054
1.4844000000	0.0277592843
1.4851100000	0.0285291186
1.4858300000	0.0293450843
1.4865400000	0.0302106037
1.4872500000	0.0311301285
1.4879600000	0.0321080392
1.4886800000	0.0331494578
1.4893900000	0.0342599144
1.4901000000	0.0354455868
1.4908200000	0.0367138064
1.4915300000	0.0380719590
1.4922400000	0.0395287609
1.4929500000	0.0410934504
1.4936700000	0.0427773729
1.4943800000	0.0445924661
1.4950900000	0.0465522885
1.4958100000	0.0486722702
1.4965200000	0.0509697479
1.4972300000	0.0534646177
1.4979500000	0.0561817161
1.4986600000	0.0591395463
1.4993700000	0.0623710280
1.5000800000	0.0659250329
1.5008000000	0.0699600299
1.5015100000	0.0744069738
1.5022200000	0.0793196605
1.5029400000	0.0847584500
1.5036500000	0.0907893577
1.5043600000	0.0974896485
1.5050800000	0.1049467927
1.5057900000	0.1132554075
1.5065000000	0.1225201689
1.5072100000	0.1328511730
1.5079300000	0.1443622694
1.5086400000	0.1571618199
1.5093500000	0.1713466086
1.5100700000	0.1869800004
1.5107800000	0.2040655900
1.5114900000	0.2225175563
1.5122000000	0.2421179747
1.5129200000	0.2624631421
1.5136300000	0.2829307371
1.5143400000	0.3026497108
1.5150600000	0.3205250109
1.5157700000	0.3353324930
1.5164800000	0.3458777028
1.5172000000	0.3512166871
1.5179100000	0.3508435675
1.5186200000	0.3448248213
1.5193300000	0.3337672080
1.5200500000	0.3186857439
1.5207600000	0.3007961578
1.5214700000	0.2812985491
1.5221900000	0.2612369073
1.5229000000	0.2414275780
1.5236100000	0.2224397655
1.5243200000	0.2046374680
1.5250400000	0.1882060916
1.5257500000	0.1732140451
1.5264600000	0.1596426205
1.5271800000	0.1474253216
1.5278900000	0.1364664302
1.5286000000	0.1266563551
1.5293200000	0.1178848188
1.5300300000	0.1100437784
1.5307400000	0.1030264885
1.5314500000	0.0967551755
1.5321700000	0.0911395990
1.5328800000	0.0861072241
1.5335900000	0.0815927287
1.5343100000	0.0775392263
1.5350200000	0.0738962628
1.5357300000	0.0706191758
1.5364500000	0.0676703729
1.5371600000	0.0650155162
1.5378700000	0.0626258116
1.5385800000	0.0604748339
1.5393000000	0.0585404711
1.5400100000	0.0568032379
1.5407200000	0.0552466552
1.5414400000	0.0538548800
1.5421500000	0.0526130383
1.5428600000	0.0515130787
1.5435700000	0.0505441902
1.5442900000	0.0496977494
1.5450000000	0.0489663502
1.5457100000	0.0483439511
1.5464300000	0.0478252506
1.5471400000	0.0474064275
1.5478500000	0.0470836478
1.5485700000	0.0468546002
1.5492800000	0.0467172352
1.5499900000	0.0466707854
1.5507000000	0.0467147946
1.5514200000	0.0468495872
1.5521300000	0.0470766317
1.5528400000	0.0473977431
1.5535600000	0.0478153347
1.5542700000	0.0483334135
1.5549800000	0.0489563203
1.5557000000	0.0496895183
1.5564100000	0.0505395196
1.5571200000	0.0515140407
1.5578300000	0.0526218792
1.5585500000	0.0538733027
1.5592600000	0.0552806249
1.5599700000	0.0568575986
1.5606900000	0.0586197370
1.5614000000	0.0605856524
1.5621100000	0.0627756132
1.5628200000	0.0652128967
1.5635400000	0.0679192216
1.5642500000	0.0709324367
1.5649600000	0.0742520905
1.5656800000	0.0779774804
1.5663900000	0.0821198468
1.5671000000	0.0867230850
1.5678200000	0.0918359678
1.5685300000	0.0975089156
1.5692400000	0.1037911437
1.5699500000	0.1107300820
1.5706700000	0.1183649846
1.5713800000	0.1267191318
1.5720900000	0.1357888177
1.5728100000	0.1455330687
1.5735200000	0.1558536894
1.5742300000	0.1665807762
1.5749400000	0.1774521725
1.5756600000	0.1881034237
1.5763700000	0.1980712434
1.5770800000	0.2068166281
1.5778000000	0.2137765880
1.5785100000	0.2184388419
1.5792200000	0.2204278040
1.5799400000	0.2195732039
1.5806500000	0.2159492123
1.5813600000	0.2098543874
1.5820700000	0.2017535093
1.5827900000	0.1922009612
1.5835000000	0.1817550633
1.5842100000	0.1709170395
1.5849300000	0.1600883242
1.5856400000	0.1495942667
1.5863500000	0.1396046682
1.5870700000	0.1302580275
1.5877800000	0.1216176321
1.5884900000	0.1136947998
1.5892000000	0.1064786865
1.5899200000	0.0999325119
1.5906300000	0.0940095657
1.5913400000	0.0886555444
1.5920600000	0.0838209460
1.5927700000	0.0794527134
1.5934800000	0.0755008890
1.5941900000	0.0719215857
1.5949100000	0.0686718796
1.5956200000	0.0657151132
1.5963300000	0.0630150917
1.5970500000	0.0605428776
1.5977600000	0.0582690358
1.5984700000	0.0561712394
1.5991900000	0.0542285398
1.5999000000	0.0524255517
1.6006100000	0.0507389014
1.6013200000	0.0492014296
1.6020400000	0.0477835206
1.6027500000	0.0464894396
1.6034600000	0.0453303266
1.6041800000	0.0443232469
1.6048900000	0.0434864755
1.6056000000	0.0428343558
1.6063200000	0.0423771175
1.6070300000	0.0421132149
1.6077400000	0.0420239928
1.6084500000	0.0420853608
1.6091700000	0.0422513233
1.6098800000	0.0424812233
1.6105900000	0.0427368222
1.6113100000	0.0429854036
1.6120200000	0.0432073609
1.6127300000	0.0433913639
1.6134400000	0.0435378438
1.6141600000	0.0436506106
1.6148700000	0.0437373223
1.6155800000	0.0438057554
1.6163000000	0.0438652605
1.6170100000	0.0439240268
1.6177200000	0.0439883776
1.6184400000	0.0440634148
1.6191500000	0.0441537693
1.6198600000	0.0442621659
1.6205700000	0.0443909545
1.6212900000	0.0445416210
1.6220000000	0.0447151686
1.6227100000	0.0449119492
1.6234300000	0.0451330004
1.6241400000	0.0453777406
1.6248500000	0.0456463540
1.6255700000	0.0459391568
1.6262800000	0.0462561612
1.6269900000	0.0465969123
1.6277000000	0.0469614188
1.6284200000	0.0473496076
1.6291300000	0.0477611634
1.6298400000	0.0481966634
1.6305600000	0.0486559382
1.6312700000	0.0491388827
1.6319800000	0.0496465978
1.6326900000	0.0501776905
1.6334100000	0.0507331368
1.6341200000	0.0513130796
1.6348300000	0.0519180969
1.6355500000	0.0525482847
1.6362600000	0.0532040013
1.6369700000	0.0538860726
1.6376900000	0.0545947503
1.6384000000	0.0553309182
1.6391100000	0.0560227233
1.6398200000	0.0568134501
1.6405400000	0.0576334606
1.6412500000	0.0584837862
1.6419600000	0.0593643937
1.6426800000	0.0602773042
1.6433900000	0.0612227703
1.6441000000	0.0622020162
1.6448100000	0.0632163748
1.6455300000	0.0642667062
1.6462400000	0.0653540758
1.6469500000	0.0664801990
1.6476700000	0.0676463906
1.6483800000	0.0688541773
1.6490900000	0.0701047760
1.6498100000	0.0714001152
1.6505200000	0.0727419081
1.6512300000	0.0741314333
1.6519400000	0.0755713839
1.6526600000	0.0770635468
1.6533700000	0.0786096177
1.6540800000	0.0802130877
1.6548000000	0.0818757941
1.6555100000	0.0836001454
1.6562200000	0.0853901974
1.6569400000	0.0872469750
1.6576500000	0.0891741692
1.6583600000	0.0911753208
1.6590700000	0.0932537468
1.6597900000	0.0954116075
1.6605000000	0.0976564643
1.6612100000	0.0999902412
1.6619300000	0.1024173791
1.6626400000	0.1049432404
1.6633500000	0.1075729751
1.6640600000	0.1103112565
1.6647800000	0.1131646979
1.6654900000	0.1161394103
1.6662000000	0.1192411730
1.6669200000	0.1224778271
1.6676300000	0.1258557214
1.6683400000	0.1293839776
1.6690600000	0.1330703210
1.6697700000	0.1369256932
1.6704800000	0.1409596336
1.6711900000	0.1451817881
1.6719100000	0.1496040313
1.6726200000	0.1542399516
1.6733300000	0.1591017451
1.6740500000	0.1642036341
1.6747600000	0.1695625548
1.6754700000	0.1751960074
1.6761900000	0.1811191817
1.6769000000	0.1873576556
1.6776100000	0.1939269887
1.6783200000	0.2008590974
1.6790400000	0.2077009115
1.6797500000	0.2154119265
1.6804600000	0.2235687085
1.6811800000	0.2322055483
1.6818900000	0.2413584142
1.6826000000	0.2510701066
1.6833100000	0.2613846866
1.6840300000	0.2723493402
1.6847400000	0.2840147582
1.6854500000	0.2964405855
1.6861700000	0.3096861147
1.6868800000	0.3238175495
1.6875900000	0.3389171604
1.6883100000	0.3550615066
1.6890200000	0.3723460613
1.6897300000	0.3908708073
1.6904400000	0.4107488063
1.6911600000	0.4321080840
1.6918700000	0.4550859803
1.6925800000	0.4798369153
1.6933000000	0.5065361113
1.6940100000	0.5353692961
1.6947200000	0.5665565989
1.6954400000	0.6003239171
1.6961500000	0.6369322623
1.6968600000	0.6766569213
1.6975700000	0.7198237778
1.6982900000	0.7667726104
1.6990000000	0.8178685454
1.6997100000	0.8735164068
1.7004300000	0.9351529801
1.7011400000	1.0031401553
1.7018500000	1.0773571871
1.7025600000	1.1582989602
1.7032800000	1.2464109147
1.7039900000	1.3420956582
1.7047000000	1.4456245787
1.7054200000	1.5570717677
1.7061300000	1.6762399087
1.7068400000	1.8025064073
1.7075600000	1.9347578179
1.7082700000	2.0711903744
1.7089800000	2.2092045409
1.7096900000	2.3453445529
1.7104100000	2.4752855935
1.7111200000	2.5939673389
1.7118300000	2.6959245768
1.7125500000	2.7757903727
1.7132600000	2.8288666065
1.7139700000	2.8517999584
1.7146800000	2.8430715562
1.7154000000	2.8032687661
1.7161100000	2.7348372682
1.7168200000	2.6419612162
1.7175400000	2.5298086987
1.7182500000	2.4038133684
1.7189600000	2.2693274254
1.7196800000	2.1310850451
1.7203900000	1.9929322363
1.7211000000	1.8639572912
1.7218100000	1.7335953123
1.7225300000	1.6099791338
1.7232400000	1.4939569858
1.7239500000	1.3859078799
1.7246700000	1.2858757106
1.7253800000	1.1936651424
1.7260900000	1.1089245206
1.7268100000	1.0312129001
1.7275200000	0.9600276582
1.7282300000	0.8948753682
1.7289400000	0.8352559086
1.7296600000	0.7806728503
1.7303700000	0.7306827741
1.7310800000	0.6848646885
1.7318000000	0.6428299285
1.7325100000	0.6042271063
1.7332200000	0.5687264286
1.7339300000	0.5360402032
1.7346500000	0.5059044284
1.7353600000	0.4780851102
1.7360700000	0.4523620134
1.7367900000	0.4285467243
1.7375000000	0.4064673080
1.7382100000	0.3859686983
1.7389300000	0.3669121342
1.7396400000	0.3491722483
1.7403500000	0.3326367709
1.7410600000	0.3172037419
1.7417800000	0.3027820971
1.7424900000	0.2892888223
1.7432000000	0.2766490518
1.7439200000	0.2647961183
1.7446300000	0.2536678163
1.7453400000	0.2432087166
1.7460600000	0.2333675181
1.7467700000	0.2240986674
1.7474800000	0.2153601718
1.7481900000	0.2071134078
1.7489100000	0.1993231331
1.7496200000	0.1919569700
1.7503300000	0.1849858333
1.7510500000	0.1783824205
1.7517600000	0.1721216536
1.7524700000	0.1661809358
1.7531800000	0.1605395710
1.7539000000	0.1551784441
1.7546100000	0.1500792427
1.7553200000	0.1452260393
1.7560400000	0.1406028168
1.7567500000	0.1361957018
1.7574600000	0.1319918323
1.7581800000	0.1279787349
1.7588900000	0.1241459536
1.7596000000	0.1204843398
1.7603100000	0.1169805521
1.7610300000	0.1136272999
1.7617400000	0.1104166818
1.7624500000	0.1073402871
1.7631700000	0.1043914608
1.7638800000	0.1014818174
1.7645900000	0.0987660827
1.7653100000	0.0961587646
1.7660200000	0.0936539934
1.7667300000	0.0912464174
1.7674400000	0.0889313770
1.7681600000	0.0867040023
1.7688700000	0.0845601529
1.7695800000	0.0824954932
1.7703000000	0.0805062706
1.7710100000	0.0785893102
1.7717200000	0.0767403144
1.7724300000	0.0749570013
1.7731500000	0.0732362800
1.7738600000	0.0715750452
1.7745700000	0.0699704562
1.7752900000	0.0684203001
1.7760000000	0.0669219942
1.7767100000	0.0654733104
1.7774300000	0.0640718546
1.7781400000	0.0627157372
1.7788500000	0.0614032662
1.7795600000	0.0601326060
1.7802800000	0.0589016782
1.7809900000	0.0577092435
1.7817000000	0.0565535460
1.7824200000	0.0554331989
1.7831300000	0.0543464506
1.7838400000	0.0532924531
1.7845500000	0.0522696173
1.7852700000	0.0512769306
1.7859800000	0.0503130098
1.7866900000	0.0493767774
1.7874100000	0.0484678539
1.7881200000	0.0475842564
1.7888300000	0.0467253504
1.7895500000	0.0458903272
1.7902600000	0.0450778870
1.7909700000	0.0442880129
1.7916800000	0.0435192946
1.7924000000	0.0427713754
1.7931100000	0.0420433346
1.7938200000	0.0413344613
1.7945400000	0.0406441765
1.7952500000	0.0399716486
1.7959600000	0.0393164384
1.7966800000	0.0386777323
1.7973900000	0.0380552150
1.7981000000	0.0374483051
1.7988100000	0.0368565660
1.7995300000	0.0362795367
1.8002400000	0.0357139253
1.8009500000	0.0351569921
1.8016700000	0.0346137626
1.8023800000	0.0340836561
1.8030900000	0.0335664419
1.8038000000	0.0330617359
1.8045200000	0.0325691474
1.8052300000	0.0320881813
1.8059400000	0.0316182321
1.8066600000	0.0311594798
1.8073700000	0.0307114084
1.8080800000	0.0302735060
1.8088000000	0.0298456435
1.8095100000	0.0293765800
1.8102200000	0.0289677417
1.8109300000	0.0285680288
1.8116500000	0.0281770442
1.8123600000	0.0277946927
1.8130700000	0.0274206912
1.8137900000	0.0270547792
1.8145000000	0.0266966956
1.8152100000	0.0263461084
1.8159300000	0.0260037478
1.8166400000	0.0256678407
1.8173500000	0.0253391601
1.8180600000	0.0250170673
1.8187800000	0.0247017341
1.8194900000	0.0243929363
1.8202000000	0.0240902712
1.8209200000	0.0237938379
1.8216300000	0.0235033505
1.8223400000	0.0232185439
1.8230500000	0.0229394092
1.8237700000	0.0226656568
1.8244800000	0.0223974164
1.8251900000	0.0221342533
1.8259100000	0.0218760259
1.8266200000	0.0216229051
1.8273300000	0.0213745828
1.8280500000	0.0211309666
1.8287600000	0.0208919185
1.8294700000	0.0206571908
1.8301800000	0.0204268828
1.8309000000	0.0202008480
1.8316100000	0.0199788219
1.8323200000	0.0197608694
1.8330400000	0.0195468024
1.8337500000	0.0193363669
1.8344600000	0.0191298722
1.8351800000	0.0189270309
1.8358900000	0.0187275228
1.8366000000	0.0185314944
1.8373100000	0.0183389342
1.8380300000	0.0181497240
1.8387400000	0.0179636723
1.8394500000	0.0177807596
1.8401700000	0.0176008343
1.8408800000	0.0174239475
1.8415900000	0.0172499537
1.8423000000	0.0170788037
1.8430200000	0.0169101207
1.8437300000	0.0167442059
1.8444400000	0.0165815350
1.8451600000	0.0164210556
1.8458700000	0.0162630312
1.8465800000	0.0161073941
1.8473000000	0.0159541460
1.8480100000	0.0158032044
1.8487200000	0.0156545603
1.8494300000	0.0155079427
1.8501500000	0.0153635854
1.8508600000	0.0152213518
1.8515700000	0.0150811327
1.8522900000	0.0149427020
1.8530000000	0.0148062429
1.8537100000	0.0146717090
1.8544200000	0.0145389183
1.8551400000	0.0144079980
1.8558500000	0.0142787467
1.8565600000	0.0140982084
1.8572800000	0.0139710145
1.8579900000	0.0138453388
1.8587000000	0.0137211586
1.8594200000	0.0135984127
1.8601300000	0.0134770192
1.8608400000	0.0133568543
1.8615500000	0.0132379370
1.8622700000	0.0131202582
1.8629800000	0.0130036241
1.8636900000	0.0128881672
1.8644100000	0.0127736965
1.8651200000	0.0126602433
1.8658300000	0.0125475583
1.8665500000	0.0124358510
1.8672600000	0.0123250961
1.8679700000	0.0122150159
1.8686800000	0.0121056630
1.8694000000	0.0119969528
1.8701100000	0.0118887623
1.8708200000	0.0117810779
1.8715400000	0.0116737728
1.8722500000	0.0115668193
1.8729600000	0.0114602806
1.8736700000	0.0113537673
1.8743900000	0.0112481535
1.8751000000	0.0111421267
1.8758100000	0.0110359789
1.8765300000	0.0109298263
1.8772400000	0.0108233478
1.8779500000	0.0107167364
1.8786700000	0.0106096944
1.8793800000	0.0105020592
1.8800900000	0.0103939965
1.8808000000	0.0102852631
1.8815200000	0.0101755185
1.8822300000	0.0100646515
1.8829400000	0.0099529246
1.8836600000	0.0098400351
1.8843700000	0.0097252032
1.8850800000	0.0096090961
1.8858000000	0.0094912901
1.8865100000	0.0093713018
1.8872200000	0.0092491170
1.8879300000	0.0091243071
1.8886500000	0.0089965242
1.8893600000	0.0088652914
1.8900700000	0.0087304209
1.8907900000	0.0085910994
1.8915000000	0.0084460123
1.8922100000	0.0082960529
1.8929200000	0.0081387635
1.8936400000	0.0079744134
1.8943500000	0.0078011769
1.8950600000	0.0076173684
1.8957800000	0.0074212693
1.8964900000	0.0072108885
1.8972000000	0.0069837710
1.8979200000	0.0067367010
1.8986300000	0.0064666038
1.8993400000	0.0061698073
1.9000500000	0.0058409318
1.9007700000	0.0054609985
1.9014800000	0.0050351284
1.9021900000	0.0045581520
1.9029100000	0.0040248119
1.9036200000	0.0034282194
1.9043300000	0.0028489785
1.9050500000	0.0024773150
1.9057600000	0.0019715958
1.9064700000	0.0017663583
1.9071800000	0.0016170550
1.9079000000	0.0012895368
1.9086100000	0.0014166589
1.9093200000	0.0010712369
1.9100400000	0.0006023767
1.9107500000	0.0009746670
1.9114600000	0.0016221109
1.9121700000	0.0006703804
1.9128900000	0.0013713780
1.9136000000	0.0023510712
1.9143100000	0.0036550900
1.9150300000	0.0002548311
1.9157400000	0.0011662818
1.9164500000	0.0028593271
1.9321400000	0.0001178622
1.9328500000	0.0044219250
1.9335600000	0.0095776177
1.9342800000	0.0142383505
1.9349900000	0.0183361774
1.9357000000	0.0218349607
1.9364200000	0.0247394939
1.9371300000	0.0270683424
1.9378400000	0.0288613148
1.9385500000	0.0301697971
1.9392700000	0.0310516236
1.9399800000	0.0315671003
1.9406900000	0.0317744913
1.9414100000	0.0317323997
1.9421200000	0.0314801388
1.9428300000	0.0310720261
1.9435400000	0.0305373329
1.9442600000	0.0299131876
1.9449700000	0.0292274237
1.9456800000	0.0285010591
1.9464000000	0.0277527537
1.9471100000	0.0269977166
1.9478200000	0.0262477339
1.9485400000	0.0255099744
1.9492500000	0.0247927461
1.9499600000	0.0241004701
1.9506700000	0.0234377882
1.9513900000	0.0228060196
1.9521000000	0.0222100353
1.9528100000	0.0216455373
1.9535300000	0.0211157954
1.9542400000	0.0206218825
1.9549500000	0.0201609462
1.9556700000	0.0197345919
1.9563800000	0.0198205468
1.9570900000	0.0194351468
1.9578000000	0.0190820763
1.9585200000	0.0187604361
1.9592300000	0.0184689008
1.9599400000	0.0182061132
1.9606600000	0.0179707253
1.9613700000	0.0177611155
1.9620800000	0.0175764393
1.9627900000	0.0174138590
1.9635100000	0.0172709963
1.9642200000	0.0171461608
1.9649300000	0.0170362742
1.9656500000	0.0169390332
1.9663600000	0.0168519676
1.9670700000	0.0167706158
1.9677900000	0.0166927569
1.9685000000	0.0166140128
1.9692100000	0.0165313549
1.9699200000	0.0164418720
1.9706400000	0.0163422294
1.9713500000	0.0162302083
1.9720600000	0.0161039310
1.9727800000	0.0159625278
1.9734900000	0.0158052330
1.9742000000	0.0156319597
1.9749100000	0.0154442466
1.9756300000	0.0152429495
1.9763400000	0.0150303817
1.9770500000	0.0148088367
1.9777700000	0.0145809677
1.9784800000	0.0143488556
1.9791900000	0.0141152086
1.9799100000	0.0138821068
1.9806200000	0.0136515377
1.9813300000	0.0134252586
1.9820400000	0.0132047145
1.9827600000	0.0129910821
1.9834700000	0.0127854646
1.9841800000	0.0125883075
1.9849000000	0.0123999233
1.9856100000	0.0122207079
1.9863200000	0.0120510144
1.9870400000	0.0118906609
1.9877500000	0.0117393641
1.9884600000	0.0115971612
1.9891700000	0.0114638303
1.9898900000	0.0113391578
1.9906000000	0.0112228563
1.9913100000	0.0111145506
1.9920300000	0.0110140067
1.9927400000	0.0109209136
1.9934500000	0.0108350355
1.9941600000	0.0107560485
1.9948800000	0.0106836633
1.9955900000	0.0106176774
1.9963000000	0.0105576169
1.9970200000	0.0105033631
1.9977300000	0.0104547232
1.9984400000	0.0104115135
1.9991600000	0.0103735277
1.9998700000	0.0103406105
2.0005800000	0.0103152723
2.0012900000	0.0102956088
2.0020100000	0.0102808139
2.0027200000	0.0102707658
2.0034300000	0.0102653493
2.0041500000	0.0102644651
2.0048600000	0.0102680817
2.0055700000	0.0102760766
2.0062900000	0.0102883798
2.0070000000	0.0103049807
2.0077100000	0.0103258899
2.0084200000	0.0103509964
2.0091400000	0.0104213603
2.0098500000	0.0104538904
2.0105600000	0.0104906959
2.0112800000	0.0105318259
2.0119900000	0.0105772792
2.0127000000	0.0106271196
2.0134100000	0.0106814033
2.0141300000	0.0107402017
2.0148400000	0.0108035739
2.0155500000	0.0108716286
2.0162700000	0.0109444584
2.0169800000	0.0110221842
2.0176900000	0.0111049144
2.0184100000	0.0111928075
2.0191200000	0.0112860183
2.0198300000	0.0113847583
2.0205400000	0.0114891564
2.0212600000	0.0115994702
2.0219700000	0.0117159236
2.0226800000	0.0118389112
2.0234000000	0.0119684205
2.0241100000	0.0121048907
2.0248200000	0.0122486592
2.0255400000	0.0124000834
2.0262500000	0.0125595244
2.0269600000	0.0127273881
2.0276700000	0.0129040856
2.0283900000	0.0130900779
2.0291000000	0.0132858050
2.0298100000	0.0134917400
2.0305300000	0.0137083769
2.0312400000	0.0139361950
2.0319500000	0.0141757123
2.0326600000	0.0144274663
2.0333800000	0.0146919995
2.0340900000	0.0149699153
2.0348000000	0.0152616790
2.0355200000	0.0155679472
2.0362300000	0.0158893600
2.0369400000	0.0162266142
2.0376600000	0.0165804063
2.0383700000	0.0169516040
2.0390800000	0.0173410626
2.0397900000	0.0177496691
2.0405100000	0.0181784204
2.0412200000	0.0186284581
2.0419300000	0.0191008551
2.0426500000	0.0195967529
2.0433600000	0.0201174485
2.0440700000	0.0206642549
2.0447800000	0.0212384758
2.0455000000	0.0218415750
2.0462100000	0.0224748954
2.0469200000	0.0231398491
2.0476400000	0.0238379175
2.0483500000	0.0245705655
2.0490600000	0.0253391184
2.0497800000	0.0261450113
2.0504900000	0.0269892513
2.0512000000	0.0278732599
2.0519100000	0.0287976121
2.0526300000	0.0297634424
2.0533400000	0.0307709857
2.0540500000	0.0318202174
2.0547700000	0.0329108620
2.0554800000	0.0340417934
2.0561900000	0.0352116584
2.0569100000	0.0364179645
2.0576200000	0.0376576544
2.0583300000	0.0389265260
2.0590400000	0.0402192227
2.0597600000	0.0415293953
2.0604700000	0.0428491304
2.0611800000	0.0441694439
2.0619000000	0.0454799762
2.0626100000	0.0467688686
2.0633200000	0.0480229976
2.0640300000	0.0492283270
2.0647500000	0.0503698370
2.0654600000	0.0514326972
2.0661700000	0.0524010379
2.0668900000	0.0532598533
2.0676000000	0.0539949811
2.0683100000	0.0545937589
2.0690300000	0.0550453148
2.0697400000	0.0553417360
2.0704500000	0.0554776473
2.0711600000	0.0554506144
2.0718800000	0.0552619025
2.0725900000	0.0549152149
2.0733000000	0.0544176133
2.0740200000	0.0537790164
2.0747300000	0.0530110348
2.0754400000	0.0521272286
2.0761600000	0.0511426012
2.0768700000	0.0500718451
2.0775800000	0.0489306571
2.0782900000	0.0477340211
2.0790100000	0.0464963628
2.0797200000	0.0452312611
2.0804300000	0.0439506049
2.0811500000	0.0426655145
2.0818600000	0.0413858923
2.0825700000	0.0401194144
2.0832800000	0.0388736835
2.0840000000	0.0376540504
2.0847100000	0.0364650590
2.0854200000	0.0353106913
2.0861400000	0.0341930921
2.0868500000	0.0331144997
2.0875600000	0.0320760837
2.0882800000	0.0310785261
2.0889900000	0.0301222836
2.0897000000	0.0292064521
2.0904100000	0.0283307462
2.0911300000	0.0274942393
2.0918400000	0.0266959920
2.0925500000	0.0259346915
2.0932700000	0.0252088637
2.0939800000	0.0245171013
2.0946900000	0.0238578996
2.0954100000	0.0232301023
2.0961200000	0.0226312646
2.0968300000	0.0220603686
2.0975400000	0.0215156381
2.0982600000	0.0209958022
2.0989700000	0.0204993339
2.0996800000	0.0200245585
2.1004000000	0.0195546376
2.1011100000	0.0190925611
2.1018200000	0.0186501005
2.1025300000	0.0182260311
2.1032500000	0.0178193111
2.1039600000	0.0174288435
2.1046700000	0.0170538976
2.1053900000	0.0166934140
2.1061000000	0.0163467698
2.1068100000	0.0160135326
2.1075300000	0.0156926916
2.1082400000	0.0153841769
2.1089500000	0.0150870294
2.1096600000	0.0148009368
2.1103800000	0.0145255386
2.1110900000	0.0142604151
2.1118000000	0.0140051806
2.1125200000	0.0137594602
2.1132300000	0.0135232884
2.1139400000	0.0132955213
2.1146500000	0.0130760642
2.1153700000	0.0128646599
2.1160800000	0.0126609741
2.1167900000	0.0124645610
2.1175100000	0.0122751508
2.1182200000	0.0120923684
2.1189300000	0.0119160201
2.1196500000	0.0117455601
2.1203600000	0.0115807769
2.1210700000	0.0114214392
2.1217800000	0.0112671928
2.1225000000	0.0111177788
2.1232100000	0.0109682886
2.1239200000	0.0108273591
2.1246400000	0.0106905086
2.1253500000	0.0105576929
2.1260600000	0.0104287411
2.1267800000	0.0103035181
2.1274900000	0.0101819908
2.1282000000	0.0100641677
2.1289100000	0.0099500314
2.1296300000	0.0098396806
2.1303400000	0.0097331758
2.1310500000	0.0096307688
2.1317700000	0.0095328503
2.1324800000	0.0094395209
2.1331900000	0.0093513049
2.1339000000	0.0092685569
2.1346200000	0.0091914138
2.1353300000	0.0091207451
2.1360400000	0.0090567860
2.1367600000	0.0089999002
2.1374700000	0.0089504087
2.1381800000	0.0089084466
2.1389000000	0.0088743009
2.1396100000	0.0088480109
2.1403200000	0.0088293312
2.1410300000	0.0088180561
2.1417500000	0.0088135325
2.1424600000	0.0088153975
2.1431700000	0.0088230196
2.1438900000	0.0088357746
2.1446000000	0.0088524586
2.1453100000	0.0088726924
2.1460300000	0.0088954897
2.1467400000	0.0089199356
2.1474500000	0.0089454428
2.1481600000	0.0089714519
2.1488800000	0.0089974909
2.1495900000	0.0090230568
2.1503000000	0.0090479110
2.1510200000	0.0090718310
2.1517300000	0.0090947674
2.1524400000	0.0091166334
2.1531500000	0.0091375230
2.1538700000	0.0091574981
2.1545800000	0.0091766896
2.1552900000	0.0091952785
2.1560100000	0.0092134717
2.1567200000	0.0092314129
2.1574300000	0.0092493030
2.1581500000	0.0092673053
2.1588600000	0.0092856044
2.1595700000	0.0093043391
2.1602800000	0.0093236523
2.1610000000	0.0093436725
2.1617100000	0.0093644910
2.1624200000	0.0093862031
2.1631400000	0.0094088762
2.1638500000	0.0094325522
2.1645600000	0.0094572345
2.1652800000	0.0094829479
2.1659900000	0.0095096830
2.1667000000	0.0095373611
2.1674100000	0.0095659516
2.1681300000	0.0095953905
2.1688400000	0.0096255336
2.1695500000	0.0096562890
2.1702700000	0.0096875275
2.1709800000	0.0097191126
2.1716900000	0.0097508858
2.1724000000	0.0097827007
2.1731200000	0.0098144078
2.1738300000	0.0098458399
2.1745400000	0.0098768793
2.1752600000	0.0099073930
2.1759700000	0.0099372790
2.1766800000	0.0099664528
2.1774000000	0.0099948074
2.1781100000	0.0100224455
2.1788200000	0.0100493079
2.1795300000	0.0100754142
2.1802500000	0.0101008497
2.1809600000	0.0101256928
2.1816700000	0.0101500589
2.1823900000	0.0101740701
2.1831000000	0.0101978653
2.1838100000	0.0102188836
2.1845200000	0.0102426019
2.1852400000	0.0102665557
2.1859500000	0.0102909017
2.1866600000	0.0103157874
2.1873800000	0.0103413538
2.1880900000	0.0103677288
2.1888000000	0.0103950431
2.1895200000	0.0104234091
2.1902300000	0.0104529286
2.1909400000	0.0104837128
2.1916500000	0.0105158405
2.1923700000	0.0105493993
2.1930800000	0.0105844694
2.1937900000	0.0106211090
2.1945100000	0.0106593914
2.1952200000	0.0106993610
2.1959300000	0.0107410702
2.1966500000	0.0107845551
2.1973600000	0.0108298706
2.1980700000	0.0108770397
2.1987800000	0.0109261008
2.1995000000	0.0109770683
2.2002100000	0.0110374510
2.2009200000	0.0111180062
2.2016400000	0.0112010298
2.2023500000	0.0112865503
2.2030600000	0.0113745766
2.2037700000	0.0114651295
2.2044900000	0.0115582390
2.2052000000	0.0116539393
2.2059100000	0.0117522408
2.2066300000	0.0118531652
2.2073400000	0.0119567511
2.2080500000	0.0120630309
2.2087700000	0.0121720205
2.2094800000	0.0122837727
2.2101900000	0.0123983115
2.2109000000	0.0125156456
2.2116200000	0.0126358715
2.2123300000	0.0127590103
2.2130400000	0.0128850994
2.2137600000	0.0130141906
2.2144700000	0.0131463342
2.2151800000	0.0132815818
2.2159000000	0.0134199933
2.2166100000	0.0135615965
2.2173200000	0.0137064893
2.2180300000	0.0138547435
2.2187500000	0.0140064067
2.2194600000	0.0141615475
2.2201700000	0.0143202323
2.2208900000	0.0144825706
2.2216000000	0.0146486209
2.2223100000	0.0148184650
2.2230200000	0.0149921941
2.2237400000	0.0151698990
2.2244500000	0.0153516702
2.2251600000	0.0155376013
2.2258800000	0.0157277941
2.2265900000	0.0159223663
2.2273000000	0.0161214197
2.2280200000	0.0163250693
2.2287300000	0.0165334114
2.2294400000	0.0167466077
2.2301500000	0.0169647459
2.2308700000	0.0171879674
2.2315800000	0.0174164469
2.2322900000	0.0176502848
2.2330100000	0.0178896464
2.2337200000	0.0181346730
2.2344300000	0.0183855268
2.2351500000	0.0186423637
2.2358600000	0.0189053856
2.2365700000	0.0191747274
2.2372800000	0.0194505920
2.2380000000	0.0197331697
2.2387100000	0.0200226543
2.2394200000	0.0203192392
2.2401400000	0.0206231661
2.2408500000	0.0209346427
2.2415600000	0.0212538693
2.2422700000	0.0215810570
2.2429900000	0.0219165238
2.2437000000	0.0222605492
2.2444100000	0.0226132898
2.2451300000	0.0229750193
2.2458400000	0.0233461557
2.2465500000	0.0237269197
2.2472700000	0.0240965332
2.2479800000	0.0244970850
2.2486900000	0.0249082141
2.2494000000	0.0253302752
2.2501200000	0.0257636257
2.2508300000	0.0262086153
2.2515400000	0.0266656528
2.2522600000	0.0271351325
2.2529700000	0.0276175398
2.2536800000	0.0281132313
2.2543900000	0.0286226505
2.2551100000	0.0291463402
2.2558200000	0.0296847099
2.2565300000	0.0302383618
2.2572500000	0.0308078274
2.2579600000	0.0313935678
2.2586700000	0.0319962508
2.2593900000	0.0326164538
2.2601000000	0.0332547057
2.2608100000	0.0339117945
2.2615200000	0.0345883351
2.2622400000	0.0352850610
2.2629500000	0.0360026561
2.2636600000	0.0367419802
2.2643800000	0.0375037292
2.2650900000	0.0382887643
2.2658000000	0.0390979292
2.2665200000	0.0399321740
2.2672300000	0.0407923536
2.2679400000	0.0416794033
2.2686500000	0.0425944935
2.2693700000	0.0435385790
2.2700800000	0.0445126647
2.2707900000	0.0455181164
2.2715100000	0.0465559670
2.2722200000	0.0476274579
2.2729300000	0.0487338035
2.2736400000	0.0498764276
2.2743600000	0.0510566583
2.2750700000	0.0522758960
2.2757800000	0.0535356013
2.2765000000	0.0548373017
2.2772100000	0.0561825842
2.2779200000	0.0575730193
2.2786400000	0.0590103321
2.2793500000	0.0604962510
2.2800600000	0.0620324192
2.2807700000	0.0636207663
2.2814900000	0.0652629439
2.2822000000	0.0669611465
2.2829100000	0.0687173803
2.2836300000	0.0705334382
2.2843400000	0.0724112882
2.2850500000	0.0743530353
2.2857700000	0.0763605694
2.2864800000	0.0784361545
2.2871900000	0.0805816922
2.2879000000	0.0827990862
2.2886200000	0.0850904606
2.2893300000	0.0874575480
2.2900400000	0.0899022707
2.2907600000	0.0924262846
2.2914700000	0.0950311985
2.2921800000	0.0977184286
2.2928900000	0.1004891395
2.2936100000	0.1033442713
2.2943200000	0.1062845480
2.2950300000	0.1093104630
2.2957500000	0.1124218078
2.2964600000	0.1156182147
2.2971700000	0.1188988136
2.2978900000	0.1222620370
2.2986000000	0.1257056268
2.2993100000	0.1292269026
2.3000200000	0.1328291625
2.3007400000	0.1367069254
2.3014500000	0.1406613825
2.3021600000	0.1446853482
2.3028800000	0.1487704819
2.3035900000	0.1529067606
2.3043000000	0.1570828748
2.3050200000	0.1612855957
2.3057300000	0.1655002223
2.3064400000	0.1697102120
2.3071500000	0.1738973227
2.3078700000	0.1780416804
2.3085800000	0.1821216526
2.3092900000	0.1861141259
2.3100100000	0.1899946091
2.3107200000	0.1937377136
2.3114300000	0.1973176403
2.3121400000	0.2007064295
2.3128600000	0.2038783189
2.3135700000	0.2069568862
2.3142800000	0.2096385377
2.3150000000	0.2120271213
2.3157100000	0.2140996987
2.3164200000	0.2158368117
2.3171400000	0.2172211582
2.3178500000	0.2182399849
2.3185600000	0.2188803982
2.3192700000	0.2191370409
2.3199900000	0.2190075627
2.3207000000	0.2184942363
2.3214100000	0.2176020388
2.3221300000	0.2163418166
2.3228400000	0.2147258777
2.3235500000	0.2127711759
2.3242600000	0.2104975168
2.3249800000	0.2079267070
2.3256900000	0.2050833769
2.3264000000	0.2019935419
2.3271200000	0.1986813438
2.3278300000	0.1951752791
2.3285400000	0.1915019614
2.3292600000	0.1876874589
2.3299700000	0.1837573966
2.3306800000	0.1797366602
2.3313900000	0.1756480752
2.3321100000	0.1715136223
2.3328200000	0.1673533940
2.3335300000	0.1631857444
2.3342500000	0.1590274157
2.3349600000	0.1548942560
2.3356700000	0.1507979341
2.3363900000	0.1467505535
2.3371000000	0.1427628768
2.3378100000	0.1388424513
2.3385200000	0.1349970685
2.3392400000	0.1312328060
2.3399500000	0.1275541644
2.3406600000	0.1239648517
2.3413800000	0.1204677986
2.3420900000	0.1170651218
2.3428000000	0.1137577466
2.3435100000	0.1105464665
2.3442300000	0.1074311086
2.3449400000	0.1044112381
2.3456500000	0.1014859574
2.3463700000	0.0986540093
2.3470800000	0.0959137131
2.3477900000	0.0932632588
2.3485100000	0.0907007799
2.3492200000	0.0882239786
2.3499300000	0.0858303008
2.3506400000	0.0835175763
2.3513600000	0.0812832589
2.3520700000	0.0791248076
2.3527800000	0.0770398922
2.3535000000	0.0750255936
2.3542100000	0.0730796016
2.3549200000	0.0711994128
2.3556400000	0.0693826968
2.3563500000	0.0676268001
2.3570600000	0.0659295267
2.3577700000	0.0642885693
2.3584900000	0.0627017095
2.3592000000	0.0611668769
2.3599100000	0.0596819565
2.3606300000	0.0582450513
2.3613400000	0.0568542651
2.3620500000	0.0555077768
2.3627600000	0.0542038384
2.3634800000	0.0529408356
2.3641900000	0.0517172328
2.3649000000	0.0505314687
2.3656200000	0.0493821310
2.3663300000	0.0482679188
2.3670400000	0.0471875174
2.3677600000	0.0461397058
2.3684700000	0.0451232837
2.3691800000	0.0441372064
2.3698900000	0.0431803636
2.3706100000	0.0422517269
2.3713200000	0.0413503549
2.3720300000	0.0404752701
2.3727500000	0.0396256264
2.3734600000	0.0388005450
2.3741700000	0.0379991943
2.3748800000	0.0372207495
2.3756000000	0.0364645050
2.3763100000	0.0357296477
2.3770200000	0.0350155594
2.3777400000	0.0343214848
2.3784500000	0.0336468110
2.3791600000	0.0329908346
2.3798800000	0.0323529064
2.3805900000	0.0317325206
2.3813000000	0.0311290851
2.3820100000	0.0305312472
2.3827300000	0.0299583252
2.3834400000	0.0294007461
2.3841500000	0.0288579868
2.3848700000	0.0283295364
2.3855800000	0.0278149545
2.3862900000	0.0273137125
2.3870100000	0.0268254207
2.3877200000	0.0263496376
2.3884300000	0.0258859897
2.3891400000	0.0254340004
2.3898600000	0.0249932540
2.3905700000	0.0245634898
2.3912800000	0.0241442895
2.3920000000	0.0237351811
2.3927100000	0.0233359965
2.3934200000	0.0229464184
2.3941300000	0.0225660199
2.3948500000	0.0221942654
2.3955600000	0.0218313989
2.3962700000	0.0214767656
2.3969900000	0.0211302913
2.3977000000	0.0207915603
2.3984100000	0.0204603735
2.3991300000	0.0201364717
2.3998400000	0.0198195895
2.4005500000	0.0194957119
2.4012600000	0.0191749965
2.4019800000	0.0188613796
2.4026900000	0.0185545401
2.4034000000	0.0182542672
2.4041200000	0.0179602734
2.4048300000	0.0176722069
2.4055400000	0.0173901560
2.4062600000	0.0171137241
2.4069700000	0.0168426938
2.4076800000	0.0165767087
2.4083900000	0.0163158079
2.4091100000	0.0160596453
2.4098200000	0.0158081324
2.4105300000	0.0155610078
2.4112500000	0.0153180812
2.4119600000	0.0150791779
2.4126700000	0.0148441150
2.4133800000	0.0146127174
2.4141000000	0.0143848168
2.4148100000	0.0141601947
2.4155200000	0.0139388077
2.4162400000	0.0137204424
2.4169500000	0.0135049547
2.4176600000	0.0132922023
2.4183800000	0.0130819066
2.4190900000	0.0128740370
2.4198000000	0.0126686891
2.4205100000	0.0124655149
2.4212300000	0.0122643912
2.4219400000	0.0120653709
2.4226500000	0.0118683196
2.4233700000	0.0116728480
2.4240800000	0.0114794218
2.4247900000	0.0112877210
2.4255100000	0.0110976887
2.4262200000	0.0109092085
2.4269300000	0.0107224879
2.4276400000	0.0105373818
2.4283600000	0.0103539430
2.4290700000	0.0101721956
2.4297800000	0.0099921830
2.4305000000	0.0098140079
2.4312100000	0.0096377625
2.4319200000	0.0094634996
2.4326300000	0.0092912765
2.4333500000	0.0091214951
2.4340600000	0.0089537912
2.4347700000	0.0087893129
2.4354900000	0.0086281782
2.4362000000	0.0084705038
2.4369100000	0.0083165363
2.4376300000	0.0081664772
2.4383400000	0.0080210096
2.4390500000	0.0078803931
2.4397600000	0.0077450454
2.4404800000	0.0076154302
2.4411900000	0.0074920155
2.4419000000	0.0073752851
2.4426200000	0.0072657405
2.4433300000	0.0071638856
2.4440400000	0.0070700922
2.4447500000	0.0069851083
2.4454700000	0.0069092901
2.4461800000	0.0068430890
2.4468900000	0.0067866776
2.4476100000	0.0067406240
2.4483200000	0.0067055707
2.4490300000	0.0066816362
2.4497500000	0.0066689443
2.4504600000	0.0066670372
2.4511700000	0.0066771278
2.4518800000	0.0066985945
2.4526000000	0.0067312888
2.4533100000	0.0065947306
2.4540200000	0.0066549966
2.4547400000	0.0067259464
2.4554500000	0.0068069064
2.4561600000	0.0068974545
2.4568800000	0.0069967428
2.4575900000	0.0071039555
2.4583000000	0.0072182139
2.4590100000	0.0073385962
2.4597300000	0.0074641405
2.4604400000	0.0075938578
2.4611500000	0.0077265577
2.4618700000	0.0078616499
2.4625800000	0.0079978619
2.4632900000	0.0081344827
2.4640000000	0.0082706597
2.4647200000	0.0084054707
2.4654300000	0.0085381823
2.4661400000	0.0086681306
2.4668600000	0.0087947167
2.4675700000	0.0089173198
2.4682800000	0.0090357928
2.4690000000	0.0091496407
2.4697100000	0.0092586211
2.4704200000	0.0093625663
2.4711300000	0.0094613579
2.4718500000	0.0095549810
2.4725600000	0.0096434536
2.4732700000	0.0097268843
2.4739900000	0.0098053976
2.4747000000	0.0098791870
2.4754100000	0.0099485997
2.4761300000	0.0100136169
2.4768400000	0.0100746368
2.4775500000	0.0101319340
2.4782600000	0.0101858288
2.4789800000	0.0102366674
2.4796900000	0.0102846896
2.4804000000	0.0103302709
2.4811200000	0.0103736830
2.4818300000	0.0104152603
2.4825400000	0.0104552960
2.4832500000	0.0104940880
2.4839700000	0.0105319180
2.4846800000	0.0105690506
2.4853900000	0.0106057405
2.4861100000	0.0106422497
2.4868200000	0.0106787684
2.4875300000	0.0107155265
2.4882500000	0.0107527220
2.4889600000	0.0107905360
2.4896700000	0.0108291311
2.4903800000	0.0108686797
2.4911000000	0.0109093264
2.4918100000	0.0109511254
2.4925200000	0.0109942779
2.4932400000	0.0110387692
2.4939500000	0.0110847634
2.4946600000	0.0111322570
2.4953800000	0.0111813328
2.4960900000	0.0112320871
2.4968000000	0.0112844046
2.4975100000	0.0113383625
2.4982300000	0.0113939380
2.4989400000	0.0114511293
2.4996500000	0.0115098602
2.5003700000	0.0115736018
2.5010800000	0.0116421864
2.5017900000	0.0117121950
2.5025000000	0.0117834859
2.5032200000	0.0118558986
2.5039300000	0.0119292361
2.5046400000	0.0120032932
2.5053600000	0.0120778458
2.5060700000	0.0121526856
2.5067800000	0.0122274967
2.5075000000	0.0123019714
2.5082100000	0.0123758823
2.5089200000	0.0124488107
2.5096300000	0.0125204609
2.5103500000	0.0125904858
2.5110600000	0.0126585468
2.5117700000	0.0127242262
2.5124900000	0.0127871731
2.5132000000	0.0128470022
2.5139100000	0.0129033321
2.5146200000	0.0129557924
2.5153400000	0.0130040179
2.5160500000	0.0130476618
2.5167600000	0.0130863623
2.5174800000	0.0131199008
2.5181900000	0.0131478099
2.5189000000	0.0131698901
2.5196200000	0.0131859245
2.5203300000	0.0131957034
2.5210400000	0.0131991556
2.5217500000	0.0131959689
2.5224700000	0.0131861493
2.5231800000	0.0131696534
2.5238900000	0.0131465073
2.5246100000	0.0131167633
2.5253200000	0.0130803836
2.5260300000	0.0130375715
2.5267500000	0.0129997972
2.5274600000	0.0129443217
2.5281700000	0.0128830104
2.5288800000	0.0128160827
2.5296000000	0.0127438342
2.5303100000	0.0126665732
2.5310200000	0.0125846252
2.5317400000	0.0124983155
2.5324500000	0.0124080132
2.5331600000	0.0123140415
2.5338700000	0.0122167729
2.5345900000	0.0121165593
2.5353000000	0.0120138120
2.5360100000	0.0119087684
2.5367300000	0.0118019296
2.5374400000	0.0116934093
2.5381500000	0.0115836381
2.5388700000	0.0114729112
2.5395800000	0.0113615158
2.5402900000	0.0112497233
2.5410000000	0.0111378191
2.5417200000	0.0110260572
2.5424300000	0.0109145433
2.5431400000	0.0108035658
2.5438600000	0.0106933007
2.5445700000	0.0105839253
2.5452800000	0.0104756219
2.5460000000	0.0103685003
2.5467100000	0.0102626943
2.5474200000	0.0101583322
2.5481300000	0.0100555156
2.5488500000	0.0099543354
2.5495600000	0.0098548805
2.5502700000	0.0097572187
2.5509900000	0.0096614636
2.5517000000	0.0095675655
2.5524100000	0.0094756237
2.5531200000	0.0093856751
2.5538400000	0.0092977878
2.5545500000	0.0092119368
2.5552600000	0.0091281473
2.5559800000	0.0090464453
2.5566900000	0.0089668435
2.5574000000	0.0088893449
2.5581200000	0.0088139498
2.5588300000	0.0087406630
2.5595400000	0.0086694748
2.5602500000	0.0086003541
2.5609700000	0.0085333064
2.5616800000	0.0084683069
2.5623900000	0.0084053308
2.5631100000	0.0083443564
2.5638200000	0.0082853573
2.5645300000	0.0082283042
2.5652500000	0.0081731639
2.5659600000	0.0081198906
2.5666700000	0.0080684502
2.5673800000	0.0080188046
2.5681000000	0.0079709071
2.5688100000	0.0079247179
2.5695200000	0.0078801786
2.5702400000	0.0078372541
2.5709500000	0.0077958775
2.5716600000	0.0077560209
2.5723700000	0.0077176170
2.5730900000	0.0076806243
2.5738000000	0.0076449877
2.5745100000	0.0076106575
2.5752300000	0.0075775839
2.5759400000	0.0075457177
2.5766500000	0.0075150178
2.5773700000	0.0074854297
2.5780800000	0.0074569175
2.5787900000	0.0074294390
2.5795000000	0.0074029510
2.5802200000	0.0073774216
2.5809300000	0.0073528177
2.5816400000	0.0073290992
2.5823600000	0.0073062459
2.5830700000	0.0072842407
2.5837800000	0.0072630459
2.5844900000	0.0072426506
2.5852100000	0.0072230372
2.5859200000	0.0072041884
2.5866300000	0.0071860898
2.5873500000	0.0071687324
2.5880600000	0.0071521053
2.5887700000	0.0071362052
2.5894900000	0.0071210245
2.5902000000	0.0071065598
2.5909100000	0.0070928075
2.5916200000	0.0070797699
2.5923400000	0.0070674445
2.5930500000	0.0070558322
2.5937600000	0.0070449348
2.5944800000	0.0070347547
2.5951900000	0.0070252905
2.5959000000	0.0070165481
2.5966200000	0.0070085334
2.5973300000	0.0070012422
2.5980400000	0.0069946797
2.5987500000	0.0069888569
2.5994700000	0.0069837742
2.6001800000	0.0069817380
2.6008900000	0.0069873843
2.6016100000	0.0069939287
2.6023200000	0.0070013841
2.6030300000	0.0070097490
2.6037400000	0.0070190253
2.6044600000	0.0070292742
2.6051700000	0.0070403802
2.6058800000	0.0070524101
2.6066000000	0.0070653632
2.6073100000	0.0070792415
2.6080200000	0.0070940467
2.6087400000	0.0071097805
2.6094500000	0.0071264429
2.6101600000	0.0071440449
2.6108700000	0.0071625810
2.6115900000	0.0071820502
2.6123000000	0.0072024593
2.6130100000	0.0072238141
2.6137300000	0.0072461118
2.6144400000	0.0072693541
2.6151500000	0.0072935466
2.6158700000	0.0073186969
2.6165800000	0.0073447982
2.6172900000	0.0073718595
2.6180000000	0.0073998846
2.6187200000	0.0074288784
2.6194300000	0.0074588451
2.6201400000	0.0074897903
2.6208600000	0.0075217155
2.6215700000	0.0075546301
2.6222800000	0.0075885390
2.6229900000	0.0076234514
2.6237100000	0.0076593703
2.6244200000	0.0076963062
2.6251300000	0.0077342662
2.6258500000	0.0077732550
2.6265600000	0.0078132895
2.6272700000	0.0078543716
2.6279900000	0.0078965110
2.6287000000	0.0079397184
2.6294100000	0.0079840125
2.6301200000	0.0080293973
2.6308400000	0.0080758816
2.6315500000	0.0081234822
2.6322600000	0.0081722152
2.6329800000	0.0082220876
2.6336900000	0.0082731145
2.6344000000	0.0083253081
2.6351200000	0.0083786846
2.6358300000	0.0084332598
2.6365400000	0.0084890494
2.6372500000	0.0085460644
2.6379700000	0.0086043288
2.6386800000	0.0086638524
2.6393900000	0.0087246556
2.6401100000	0.0087867544
2.6408200000	0.0088501674
2.6415300000	0.0089149115
2.6422400000	0.0089810151
2.6429600000	0.0090484802
2.6436700000	0.0091173388
2.6443800000	0.0091876106
2.6451000000	0.0092593106
2.6458100000	0.0093324639
2.6465200000	0.0094070935
2.6472400000	0.0094832195
2.6479500000	0.0095608626
2.6486600000	0.0096400498
2.6493700000	0.0097208026
2.6500900000	0.0098031405
2.6508000000	0.0098870891
2.6515100000	0.0099726764
2.6522300000	0.0100599257
2.6529400000	0.0101488607
2.6536500000	0.0102395114
2.6543600000	0.0103319008
2.6550800000	0.0104260554
2.6557900000	0.0105220038
2.6565000000	0.0106197736
2.6572200000	0.0107193895
2.6579300000	0.0108208833
2.6586400000	0.0109242813
2.6593600000	0.0110296109
2.6600700000	0.0111369054
2.6607800000	0.0112461968
2.6614900000	0.0113575035
2.6622100000	0.0114708680
2.6629200000	0.0115863141
2.6636300000	0.0117038729
2.6643500000	0.0118235754
2.6650600000	0.0119454549
2.6657700000	0.0120695407
2.6664900000	0.0121958586
2.6672000000	0.0123244471
2.6679100000	0.0124553365
2.6686200000	0.0125885542
2.6693400000	0.0127241331
2.6700500000	0.0128621022
2.6707600000	0.0130024981
2.6714800000	0.0131453444
2.6721900000	0.0132906722
2.6729000000	0.0134385128
2.6736100000	0.0135888961
2.6743300000	0.0137418493
2.6750400000	0.0138974034
2.6757500000	0.0140555812
2.6764700000	0.0142164116
2.6771800000	0.0143799197
2.6778900000	0.0145461287
2.6786100000	0.0147150678
2.6793200000	0.0148867498
2.6800300000	0.0150612058
2.6807400000	0.0152384521
2.6814600000	0.0154185021
2.6821700000	0.0155998077
2.6828800000	0.0157855699
2.6836000000	0.0159741868
2.6843100000	0.0161656658
2.6850200000	0.0163600197
2.6857400000	0.0165572484
2.6864500000	0.0167573554
2.6871600000	0.0169603435
2.6878700000	0.0171662090
2.6885900000	0.0173749326
2.6893000000	0.0175865170
2.6900100000	0.0178009455
2.6907300000	0.0180181837
2.6914400000	0.0182382466
2.6921500000	0.0184610593
2.6928600000	0.0186866203
2.6935800000	0.0189148837
2.6942900000	0.0191457884
2.6950000000	0.0193793489
2.6957200000	0.0196154176
2.6964300000	0.0198539819
2.6971400000	0.0200949639
2.6978600000	0.0203382808
2.6985700000	0.0205838687
2.6992800000	0.0208316137
2.6999900000	0.0210814391
2.7007100000	0.0213646101
2.7014200000	0.0216507795
2.7021300000	0.0219395864
2.7028500000	0.0222308091
2.7035600000	0.0225243241
2.7042700000	0.0228199032
2.7049800000	0.0231173113
2.7057000000	0.0234163363
2.7064100000	0.0237167765
2.7071200000	0.0240183089
2.7078400000	0.0243207119
2.7085500000	0.0246236058
2.7092600000	0.0249267478
2.7099800000	0.0252297875
2.7106900000	0.0255323645
2.7114000000	0.0258340873
2.7121100000	0.0261345974
2.7128300000	0.0264334768
2.7135400000	0.0267303128
2.7142500000	0.0270246786
2.7149700000	0.0273160756
2.7156800000	0.0276040698
2.7163900000	0.0278881580
2.7171100000	0.0281678959
2.7178200000	0.0284427146
2.7185300000	0.0287121607
2.7192400000	0.0289756452
2.7199600000	0.0292327052
2.7206700000	0.0294827579
2.7213800000	0.0297253276
2.7221000000	0.0299598572
2.7228100000	0.0301858352
2.7235200000	0.0304026500
2.7242300000	0.0306099390
2.7249500000	0.0308070494
2.7256600000	0.0309935960
2.7263700000	0.0311690602
2.7270900000	0.0313330078
2.7278000000	0.0314850079
2.7285100000	0.0316246927
2.7292300000	0.0317515979
2.7299400000	0.0318654412
2.7306500000	0.0319658788
2.7313600000	0.0320526595
2.7320800000	0.0321255387
2.7327900000	0.0321842914
2.7335000000	0.0322287628
2.7342200000	0.0322588389
2.7349300000	0.0322744092
2.7356400000	0.0322754626
2.7363600000	0.0322620025
2.7370700000	0.0322340165
2.7377800000	0.0321916699
2.7384900000	0.0321350735
2.7392100000	0.0320643378
2.7399200000	0.0319797105
2.7406300000	0.0318814980
2.7413500000	0.0317699151
2.7420600000	0.0316451945
2.7427700000	0.0315077590
2.7434800000	0.0313579985
2.7442000000	0.0311962930
2.7449100000	0.0310230755
2.7456200000	0.0308388115
2.7463400000	0.0306439563
2.7470500000	0.0304389842
2.7477600000	0.0302244336
2.7484800000	0.0300007977
2.7491900000	0.0297685597
2.7499000000	0.0295282690
2.7506100000	0.0292804722
2.7513300000	0.0290256643
2.7520400000	0.0287643775
2.7527500000	0.0284971442
2.7534700000	0.0282245084
2.7541800000	0.0279469347
2.7548900000	0.0276649402
2.7556100000	0.0273790201
2.7563200000	0.0270896077
2.7570300000	0.0267972366
2.7577400000	0.0265022884
2.7584600000	0.0262052391
2.7591700000	0.0259065610
2.7598800000	0.0256065130
2.7606000000	0.0253055931
2.7613100000	0.0250041261
2.7620200000	0.0247244855
2.7627300000	0.0244219144
2.7634500000	0.0241197956
2.7641600000	0.0238184489
2.7648700000	0.0235181124
2.7655900000	0.0232190988
2.7663000000	0.0229216124
2.7670100000	0.0226259322
2.7677300000	0.0223322447
2.7684400000	0.0220407464
2.7691500000	0.0217516698
2.7698600000	0.0214651289
2.7705800000	0.0211812983
2.7712900000	0.0209003559
2.7720000000	0.0206223835
2.7727200000	0.0203475047
2.7734300000	0.0200758808
2.7741400000	0.0198075602
2.7748500000	0.0195426057
2.7755700000	0.0192811916
2.7762800000	0.0190232860
2.7769900000	0.0187689915
2.7777100000	0.0185183253
2.7784200000	0.0182713967
2.7791300000	0.0180281850
2.7798500000	0.0177887429
2.7805600000	0.0175530913
2.7812700000	0.0173212093
2.7819800000	0.0170931688
2.7827000000	0.0168689612
2.7834100000	0.0166485582
2.7841200000	0.0164319853
2.7848400000	0.0162192315
2.7855500000	0.0160102844
2.7862600000	0.0158051362
2.7869800000	0.0156037715
2.7876900000	0.0154061307
2.7884000000	0.0152121798
2.7891100000	0.0150220345
2.7898300000	0.0148355908
2.7905400000	0.0146528361
2.7912500000	0.0144736909
2.7919700000	0.0142982039
2.7926800000	0.0141263039
2.7933900000	0.0139579630
2.7941000000	0.0137931495
2.7948200000	0.0136318301
2.7955300000	0.0134739707
2.7962400000	0.0133195390
2.7969600000	0.0131684920
2.7976700000	0.0130208004
2.7983800000	0.0128764260
2.7991000000	0.0127353314
2.7998100000	0.0125974745
2.8005200000	0.0124513389
2.8012300000	0.0123049588
2.8019500000	0.0121626128
2.8026600000	0.0120242332
2.8033700000	0.0118897632
2.8040900000	0.0117591011
2.8048000000	0.0116322180
2.8055100000	0.0115090208
2.8062300000	0.0113894748
2.8069400000	0.0112735030
2.8076500000	0.0111610192
2.8083600000	0.0110519368
2.8090800000	0.0109461948
2.8097900000	0.0108436651
2.8105000000	0.0107443597
2.8112200000	0.0106481568
2.8119300000	0.0105549687
2.8126400000	0.0104647160
2.8133500000	0.0103773122
2.8140700000	0.0102926781
2.8147800000	0.0102107270
2.8154900000	0.0101313695
2.8162100000	0.0100545264
2.8169200000	0.0099801022
2.8176300000	0.0099080160
2.8183500000	0.0098381789
2.8190600000	0.0097704993
2.8197700000	0.0097048524
2.8204800000	0.0096412327
2.8212000000	0.0095795267
2.8219100000	0.0095196124
2.8226200000	0.0094614600
2.8233400000	0.0094049613
2.8240500000	0.0093500345
2.8247600000	0.0092966016
2.8254800000	0.0092445792
2.8261900000	0.0091938989
2.8269000000	0.0091444805
2.8276100000	0.0090962552
2.8283300000	0.0090491535
2.8290400000	0.0090031037
2.8297500000	0.0089580429
2.8304700000	0.0089139085
2.8311800000	0.0088706425
2.8318900000	0.0088281820
2.8326000000	0.0087864725
2.8333200000	0.0087454652
2.8340300000	0.0087051039
2.8347400000	0.0086653222
2.8354600000	0.0086261187
2.8361700000	0.0085874160
2.8368800000	0.0085491991
2.8376000000	0.0085114185
2.8383100000	0.0084740339
2.8390200000	0.0084370158
2.8397300000	0.0084003291
2.8404500000	0.0083639533
2.8411600000	0.0083278555
2.8418700000	0.0082920174
2.8425900000	0.0082494523
2.8433000000	0.0082143973
2.8440100000	0.0081795284
2.8447200000	0.0081448196
2.8454400000	0.0081102696
2.8461500000	0.0080758563
2.8468600000	0.0080415745
2.8475800000	0.0080074137
2.8482900000	0.0079733664
2.8490000000	0.0079394294
2.8497200000	0.0079055976
2.8504300000	0.0078718634
2.8511400000	0.0078382365
2.8518500000	0.0078047034
2.8525700000	0.0077712753
2.8532800000	0.0077379556
2.8539900000	0.0077047352
2.8547100000	0.0076716263
2.8554200000	0.0076386359
2.8561300000	0.0076057632
2.8568500000	0.0075730233
2.8575600000	0.0075404192
2.8582700000	0.0075079600
2.8589800000	0.0074756537
2.8597000000	0.0074435043
2.8604100000	0.0074115249
2.8611200000	0.0073797292
2.8618400000	0.0073481245
2.8625500000	0.0073167211
2.8632600000	0.0072855313
2.8639700000	0.0072545639
2.8646900000	0.0072238309
2.8654000000	0.0071933444
2.8661100000	0.0071631097
2.8668300000	0.0071331479
2.8675400000	0.0071034626
2.8682500000	0.0070740710
2.8689700000	0.0070449745
2.8696800000	0.0070161935
2.8703900000	0.0069877284
2.8711000000	0.0069595949
2.8718200000	0.0069318104
2.8725300000	0.0069043704
2.8732400000	0.0068772922
2.8739600000	0.0068505848
2.8746700000	0.0068242614
2.8753800000	0.0067983191
2.8761000000	0.0067727761
2.8768100000	0.0067476366
2.8775200000	0.0067229069
2.8782300000	0.0066986031
2.8789500000	0.0066747219
2.8796600000	0.0066512734
2.8803700000	0.0066282660
2.8810900000	0.0066057059
2.8818000000	0.0065835970
2.8825100000	0.0065619503
2.8832200000	0.0065407599
2.8839400000	0.0065200409
2.8846500000	0.0064997926
2.8853600000	0.0064800219
2.8860800000	0.0064607313
2.8867900000	0.0064419239
2.8875000000	0.0064236053
2.8882200000	0.0064057829
2.8889300000	0.0063884512
2.8896400000	0.0063716169
2.8903500000	0.0063552833
2.8910700000	0.0063394541
2.8917800000	0.0063241311
2.8924900000	0.0063093159
2.8932100000	0.0062950070
2.8939200000	0.0062812167
2.8946300000	0.0062679334
2.8953500000	0.0062551656
2.8960600000	0.0062429161
2.8967700000	0.0062311856
2.8974800000	0.0062199686
2.8982000000	0.0062092746
2.8989100000	0.0061991034
2.8996200000	0.0061894508
2.9003400000	0.0061814817
2.9010500000	0.0061754855
2.9017600000	0.0061702063
2.9024700000	0.0061656461
2.9031900000	0.0061618095
2.9039000000	0.0061586930
2.9046100000	0.0061562954
2.9053300000	0.0061546181
2.9060400000	0.0061536572
2.9067500000	0.0061534175
2.9074700000	0.0061538911
2.9081800000	0.0061550836
2.9088900000	0.0061569956
2.9096000000	0.0061596219
2.9103200000	0.0061629622
2.9110300000	0.0061670203
2.9117400000	0.0061717924
2.9124600000	0.0061772749
2.9131700000	0.0061834714
2.9138800000	0.0061903841
2.9145900000	0.0061980026
2.9153100000	0.0062063334
2.9160200000	0.0062153712
2.9167300000	0.0062251245
2.9174500000	0.0062355828
2.9181600000	0.0062467492
2.9188700000	0.0062586248
2.9195900000	0.0062712034
2.9203000000	0.0062844900
2.9210100000	0.0062984823
2.9217200000	0.0063131798
2.9224400000	0.0063285775
2.9231500000	0.0063446797
2.9238600000	0.0063614554
2.9245800000	0.0063789764
2.9252900000	0.0063972004
2.9260000000	0.0064161231
2.9267200000	0.0064357481
2.9274300000	0.0064560668
2.9281400000	0.0064770871
2.9288500000	0.0064988032
2.9295700000	0.0065212189
2.9302800000	0.0065443249
2.9309900000	0.0065681263
2.9317100000	0.0065926193
2.9324200000	0.0066178060
2.9331300000	0.0066436783
2.9338400000	0.0066702402
2.9345600000	0.0066974876
2.9352700000	0.0067254177
2.9359800000	0.0067540352
2.9367000000	0.0067833246
2.9374100000	0.0068132925
2.9381200000	0.0068439371
2.9388400000	0.0068752530
2.9395500000	0.0069072349
2.9402600000	0.0069398833
2.9409700000	0.0069731911
2.9416900000	0.0070071544
2.9424000000	0.0070417693
2.9431100000	0.0070770346
2.9438300000	0.0071129388
2.9445400000	0.0071494801
2.9452500000	0.0071866496
2.9459700000	0.0072244422
2.9466800000	0.0072628534
2.9473900000	0.0073018703
2.9481000000	0.0073414903
2.9488200000	0.0073817009
2.9495300000	0.0074224930
2.9502400000	0.0074638595
2.9509600000	0.0075057881
2.9516700000	0.0075482663
2.9523800000	0.0075912849
2.9530900000	0.0076348296
2.9538100000	0.0076788868
2.9545200000	0.0077234453
2.9552300000	0.0077684840
2.9559500000	0.0078139931
2.9566600000	0.0078599550
2.9573700000	0.0079063484
2.9580900000	0.0079531590
2.9588000000	0.0080003650
2.9595100000	0.0080479469
2.9602200000	0.0080958854
2.9609400000	0.0081441551
2.9616500000	0.0081927350
2.9623600000	0.0082416025
2.9630800000	0.0082907267
2.9637900000	0.0083400829
2.9645000000	0.0083896510
2.9652200000	0.0084393889
2.9659300000	0.0084892784
2.9666400000	0.0085392847
2.9673500000	0.0085893748
2.9680700000	0.0086395177
2.9687800000	0.0086896770
2.9694900000	0.0087398211
2.9702100000	0.0087899140
2.9709200000	0.0088399160
2.9716300000	0.0088897904
2.9723400000	0.0089394949
2.9730600000	0.0089889964
2.9737700000	0.0090382464
2.9744800000	0.0090872073
2.9752000000	0.0091358339
2.9759100000	0.0091840870
2.9766200000	0.0092319178
2.9773400000	0.0092792802
2.9780500000	0.0093261428
2.9787600000	0.0093724398
2.9794700000	0.0094181299
2.9801900000	0.0094631736
2.9809000000	0.0095075150
2.9816100000	0.0095511154
2.9823300000	0.0095939161
2.9830400000	0.0096358773
2.9837500000	0.0096769478
2.9844600000	0.0097170850
2.9851800000	0.0097562349
2.9858900000	0.0097943496
2.9866000000	0.0098313916
2.9873200000	0.0098673034
2.9880300000	0.0099020509
2.9887400000	0.0099355805
2.9894600000	0.0099678555
2.9901700000	0.0099988276
2.9908800000	0.0100284621
2.9915900000	0.0100567137
2.9923100000	0.0100835442
2.9930200000	0.0101089187
2.9937300000	0.0101328014
2.9944500000	0.0101551563
2.9951600000	0.0101759550
2.9958700000	0.0101951627
2.9965900000	0.0102127578
2.9973000000	0.0102287113
2.9980100000	0.0102429982
2.9987200000	0.0102555980
2.9994400000	0.0102664891
3.0001500000	0.0102754592
3.0008600000	0.0102812301
3.0015800000	0.0102841131
3.0022900000	0.0102841222
3.0030000000	0.0102812870
3.0037100000	0.0102756246
3.0044300000	0.0102671692
3.0051400000	0.0102559621
3.0058500000	0.0102464469
3.0065700000	0.0102298025
3.0072800000	0.0102105527
3.0079900000	0.0101887530
3.0087100000	0.0101644671
3.0094200000	0.0101377702
3.0101300000	0.0101087339
3.0108400000	0.0100774382
3.0115600000	0.0100439609
3.0122700000	0.0100083886
3.0129800000	0.0099708074
3.0137000000	0.0099313040
3.0144100000	0.0098899683
3.0151200000	0.0098468943
3.0158400000	0.0098021698
3.0165500000	0.0097558950
3.0172600000	0.0097081587
3.0179700000	0.0096590513
3.0186900000	0.0096086760
3.0194000000	0.0095571146
3.0201100000	0.0095044618
3.0208300000	0.0094508097
3.0215400000	0.0093962488
3.0222500000	0.0093408611
3.0229600000	0.0092847296
3.0236800000	0.0092279443
3.0243900000	0.0091705843
3.0251000000	0.0091127259
3.0258200000	0.0090544493
3.0265300000	0.0089958262
3.0272400000	0.0089369219
3.0279600000	0.0088778122
3.0286700000	0.0088185591
3.0293800000	0.0087592245
3.0300900000	0.0086998694
3.0308100000	0.0086405491
3.0315200000	0.0085813162
3.0322300000	0.0085222241
3.0329500000	0.0084633183
3.0336600000	0.0084046508
3.0343700000	0.0083462533
3.0350900000	0.0082881692
3.0358000000	0.0082304408
3.0365100000	0.0081730942
3.0372200000	0.0081161694
3.0379400000	0.0080596926
3.0386500000	0.0080036877
3.0393600000	0.0079481819
3.0400800000	0.0078931975
3.0407900000	0.0078387523
3.0415000000	0.0077848682
3.0422100000	0.0077315604
3.0429300000	0.0076788430
3.0436400000	0.0076267328
3.0443500000	0.0075752338
3.0450700000	0.0075243587
3.0457800000	0.0074741170
3.0464900000	0.0074245187
3.0472100000	0.0073755599
3.0479200000	0.0073272569
3.0486300000	0.0072795971
3.0493400000	0.0072325985
3.0500600000	0.0071862514
3.0507700000	0.0071405647
3.0514800000	0.0070955315
3.0522000000	0.0070511527
3.0529100000	0.0070074261
3.0536200000	0.0069643464
3.0543300000	0.0069219165
3.0550500000	0.0068801309
3.0557600000	0.0068389832
3.0564700000	0.0067984720
3.0571900000	0.0067585861
3.0579000000	0.0067193300
3.0586100000	0.0066806941
3.0593300000	0.0066426732
3.0600400000	0.0066052610
3.0607500000	0.0065684546
3.0614600000	0.0065322437
3.0621800000	0.0064966254
3.0628900000	0.0064615993
3.0636000000	0.0064271486
3.0643200000	0.0063932742
3.0650300000	0.0063599678
3.0657400000	0.0063272273
3.0664600000	0.0062950434
3.0671700000	0.0062634116
3.0678800000	0.0062323236
3.0685900000	0.0062017816
3.0693100000	0.0061717687
3.0700200000	0.0061422914
3.0707300000	0.0061133296
3.0714500000	0.0060848921
3.0721600000	0.0060569676
3.0728700000	0.0060295543
3.0735800000	0.0060026443
3.0743000000	0.0059762338
3.0750100000	0.0059503206
3.0757200000	0.0059248918
3.0764400000	0.0058999531
3.0771500000	0.0058754928
3.0778600000	0.0058515118
3.0785800000	0.0058280033
3.0792900000	0.0058049586
3.0800000000	0.0057823807
3.0807100000	0.0057602631
3.0814300000	0.0057386014
3.0821400000	0.0057173913
3.0828500000	0.0056953589
3.0835700000	0.0056750714
3.0842800000	0.0056552219
3.0849900000	0.0056358097
3.0857100000	0.0056168317
3.0864200000	0.0055982826
3.0871300000	0.0055801596
3.0878400000	0.0055624563
3.0885600000	0.0055451723
3.0892700000	0.0055283048
3.0899800000	0.0055118461
3.0907000000	0.0054957938
3.0914100000	0.0054801468
3.0921200000	0.0054649031
3.0928300000	0.0054500543
3.0935500000	0.0054355963
3.0942600000	0.0054215348
3.0949700000	0.0054078567
3.0956900000	0.0053945618
3.0964000000	0.0053816473
3.0971100000	0.0053691111
3.0978300000	0.0053569433
3.0985400000	0.0053451445
3.0992500000	0.0053337110
3.0999600000	0.0053226414
3.1006800000	0.0053137319
3.1013900000	0.0053055109
3.1021000000	0.0052978778
3.1028200000	0.0052908170
3.1035300000	0.0052843135
3.1042400000	0.0052783529
3.1049500000	0.0052729258
3.1056700000	0.0052680129
3.1063800000	0.0052635996
3.1070900000	0.0052596734
3.1078100000	0.0052562194
3.1085200000	0.0052532253
3.1092300000	0.0052506694
3.1099500000	0.0052485441
3.1106600000	0.0052468314
3.1113700000	0.0052455184
3.1120800000	0.0052445875
3.1128000000	0.0052440241
3.1135100000	0.0052438132
3.1142200000	0.0052439428
3.1149400000	0.0052443995
3.1156500000	0.0052451563
3.1163600000	0.0052462069
3.1170800000	0.0052475398
3.1177900000	0.0052491321
3.1185000000	0.0052509727
3.1192100000	0.0052530445
3.1199300000	0.0052553278
3.1206400000	0.0052578167
3.1213500000	0.0052604861
3.1220700000	0.0052633301
3.1227800000	0.0052663268
3.1234900000	0.0052694597
3.1242000000	0.0052727179
3.1249200000	0.0052760831
3.1256300000	0.0052795397
3.1263400000	0.0052830795
3.1270600000	0.0052866773
3.1277700000	0.0052903240
3.1284800000	0.0052940032
3.1292000000	0.0052977012
3.1299100000	0.0053014022
3.1306200000	0.0053050914
3.1313300000	0.0053087583
3.1320500000	0.0053123820
3.1327600000	0.0053159501
3.1334700000	0.0053194544
3.1341900000	0.0053228800
3.1349000000	0.0053262115
3.1356100000	0.0053294385
3.1363300000	0.0053325409
3.1370400000	0.0053355144
3.1377500000	0.0053383475
3.1384600000	0.0053410200
3.1391800000	0.0053435316
3.1398900000	0.0053458645
3.1406000000	0.0053480096
3.1413200000	0.0053499561
3.1420300000	0.0053516961
3.1427400000	0.0053532195
3.1434500000	0.0053545189
3.1441700000	0.0053555803
3.1448800000	0.0053564020
3.1455900000	0.0053569765
3.1463100000	0.0053572900
3.1470200000	0.0053573425
3.1477300000	0.0053571266
3.1484500000	0.0053566359
3.1491600000	0.0053558641
3.1498700000	0.0053548056
3.1505800000	0.0053534643
3.1513000000	0.0053518279
3.1520100000	0.0053498978
3.1527200000	0.0053476694
3.1534400000	0.0053451397
3.1541500000	0.0053427733
3.1548600000	0.0053396349
3.1555800000	0.0053361914
3.1562900000	0.0053324455
3.1570000000	0.0053283948
3.1577100000	0.0053240386
3.1584300000	0.0053193830
3.1591400000	0.0053144276
3.1598500000	0.0053091726
3.1605700000	0.0053036211
3.1612800000	0.0052977789
3.1619900000	0.0052916472
3.1627000000	0.0052852291
3.1634200000	0.0052785275
3.1641300000	0.0052715488
3.1648400000	0.0052642969
3.1655600000	0.0052567764
3.1662700000	0.0052489919
3.1669800000	0.0052409536
3.1677000000	0.0052326565
3.1684100000	0.0052241198
3.1691200000	0.0052153382
3.1698300000	0.0052063251
3.1705500000	0.0051970813
3.1712600000	0.0051876200
3.1719700000	0.0051779454
3.1726900000	0.0051680635
3.1734000000	0.0051579813
3.1741100000	0.0051477076
3.1748200000	0.0051372488
3.1755400000	0.0051266122
3.1762500000	0.0051158013
3.1769600000	0.0051048319
3.1776800000	0.0050937026
3.1783900000	0.0050824281
3.1791000000	0.0050710116
3.1798200000	0.0050594617
3.1805300000	0.0050477845
3.1812400000	0.0050359889
3.1819500000	0.0050240819
3.1826700000	0.0050120698
3.1833800000	0.0049999644
3.1840900000	0.0049877638
3.1848100000	0.0049754829
3.1855200000	0.0049631281
3.1862300000	0.0049507011
3.1869500000	0.0049382130
3.1876600000	0.0049256688
3.1883700000	0.0049130715
3.1890800000	0.0049004347
3.1898000000	0.0048877619
3.1905100000	0.0048750552
3.1912200000	0.0048623247
3.1919400000	0.0048495754
3.1926500000	0.0048368104
3.1933600000	0.0048240403
3.1940700000	0.0048112647
3.1947900000	0.0047984925
3.1955000000	0.0047857293
3.1962100000	0.0047729788
3.1969300000	0.0047602429
3.1976400000	0.0047475272
3.1983500000	0.0047348410
3.1990700000	0.0047221833
3.1997800000	0.0047095616
3.2004900000	0.0046946227
3.2012000000	0.0046788890
3.2019200000	0.0046634532
3.2026300000	0.0046483164
3.2033400000	0.0046334684
3.2040600000	0.0046189056
3.2047700000	0.0046046193
3.2054800000	0.0045906042
3.2062000000	0.0045768539
3.2069100000	0.0045633590
3.2076200000	0.0045501167
3.2083300000	0.0045371200
3.2090500000	0.0045243577
3.2097600000	0.0045118239
3.2104700000	0.0044995130
3.2111900000	0.0044874179
3.2119000000	0.0044755289
3.2126100000	0.0044638418
3.2133200000	0.0044523488
3.2140400000	0.0044410412
3.2147500000	0.0044299180
3.2154600000	0.0044189664
3.2161800000	0.0044081794
3.2168900000	0.0043975531
3.2176000000	0.0043870799
3.2183200000	0.0043767537
3.2190300000	0.0043665725
3.2197400000	0.0043565229
3.2204500000	0.0043466028
3.2211700000	0.0043368035
3.2218800000	0.0043271282
3.2225900000	0.0043175602
3.2233100000	0.0043080998
3.2240200000	0.0042987413
3.2247300000	0.0042894822
3.2254500000	0.0042804856
3.2261600000	0.0042713998
3.2268700000	0.0042623968
3.2275800000	0.0042534711
3.2283000000	0.0042446164
3.2290100000	0.0042358362
3.2297200000	0.0042271164
3.2304400000	0.0042184624
3.2311500000	0.0042098658
3.2318600000	0.0042013241
3.2325700000	0.0041928360
3.2332900000	0.0041843926
3.2340000000	0.0041759948
3.2347100000	0.0041676414
3.2354300000	0.0041593240
3.2361400000	0.0041510474
3.2368500000	0.0041428015
3.2375700000	0.0041345886
3.2382800000	0.0041264077
3.2389900000	0.0041182509
3.2397000000	0.0041101222
3.2404200000	0.0041020151
3.2411300000	0.0040939332
3.2418400000	0.0040858676
3.2425600000	0.0040778220
3.2432700000	0.0040697934
3.2439800000	0.0040617821
3.2446900000	0.0040537828
3.2454100000	0.0040457980
3.2461200000	0.0040378271
3.2468300000	0.0040298666
3.2475500000	0.0040219160
3.2482600000	0.0040139734
3.2489700000	0.0040060424
3.2496900000	0.0039981178
3.2504000000	0.0039902013
3.2511100000	0.0039822912
3.2518200000	0.0039743874
3.2525400000	0.0039664913
3.2532500000	0.0039586003
3.2539600000	0.0039507133
3.2546800000	0.0039428327
3.2553900000	0.0039349575
3.2561000000	0.0039270864
3.2568200000	0.0039192212
3.2575300000	0.0039113593
3.2582400000	0.0039035006
3.2589500000	0.0038956486
3.2596700000	0.0038878007
3.2603800000	0.0038799568
3.2610900000	0.0038721171
3.2618100000	0.0038642824
3.2625200000	0.0038564529
3.2632300000	0.0038486269
3.2639400000	0.0038408089
3.2646600000	0.0038329920
3.2653700000	0.0038251842
3.2660800000	0.0038173822
3.2668000000	0.0038095835
3.2675100000	0.0038017907
3.2682200000	0.0037940102
3.2689400000	0.0037862303
3.2696500000	0.0037784604
3.2703600000	0.0037706952
3.2710700000	0.0037629383
3.2717900000	0.0037551911
3.2725000000	0.0037474505
3.2732100000	0.0037397174
3.2739300000	0.0037319961
3.2746400000	0.0037242810
3.2753500000	0.0037165765
3.2760700000	0.0037088804
3.2767800000	0.0037011956
3.2774900000	0.0036935178
3.2782000000	0.0036858525
3.2789200000	0.0036781962
3.2796300000	0.0036705528
3.2803400000	0.0036629198
3.2810600000	0.0036552950
3.2817700000	0.0036476860
3.2824800000	0.0036400872
3.2831900000	0.0036325008
3.2839100000	0.0036249271
3.2846200000	0.0036173661
3.2853300000	0.0036098157
3.2860500000	0.0036022787
3.2867600000	0.0035947545
3.2874700000	0.0035872478
3.2881900000	0.0035797505
3.2889000000	0.0035722680
3.2896100000	0.0035647992
3.2903200000	0.0035573461
3.2910400000	0.0035499022
3.2917500000	0.0035424762
3.2924600000	0.0035350637
3.2931800000	0.0035276672
3.2938900000	0.0035202866
3.2946000000	0.0035131970
3.2953200000	0.0035058421
3.2960300000	0.0034985002
3.2967400000	0.0034911705
3.2974500000	0.0034838594
3.2981700000	0.0034765664
3.2988800000	0.0034692842
3.2995900000	0.0034620175
3.3003100000	0.0034560185
3.3010200000	0.0034516734
3.3017300000	0.0034473175
3.3024400000	0.0034429489
3.3031600000	0.0034385666
3.3038700000	0.0034341760
3.3045800000	0.0034297735
3.3053000000	0.0034253541
3.3060100000	0.0034209283
3.3067200000	0.0034164882
3.3074400000	0.0034120330
3.3081500000	0.0034075670
3.3088600000	0.0034030900
3.3095700000	0.0033985974
3.3102900000	0.0033940942
3.3110000000	0.0033895788
3.3117100000	0.0033850471
3.3124300000	0.0033805056
3.3131400000	0.0033759494
3.3138500000	0.0033713816
3.3145600000	0.0033668002
3.3152800000	0.0033622064
3.3159900000	0.0033575984
3.3167000000	0.0033529800
3.3174200000	0.0033483437
3.3181300000	0.0033436989
3.3188400000	0.0033390398
3.3195600000	0.0033343708
3.3202700000	0.0033296842
3.3209800000	0.0033249865
3.3216900000	0.0033202773
3.3224100000	0.0033155544
3.3231200000	0.0033108179
3.3238300000	0.0033060708
3.3245500000	0.0033013128
3.3252600000	0.0032965371
3.3259700000	0.0032917502
3.3266900000	0.0032869526
3.3274000000	0.0032821458
3.3281100000	0.0032773189
3.3288200000	0.0032724842
3.3295400000	0.0032676373
3.3302500000	0.0032627778
3.3309600000	0.0032579029
3.3316800000	0.0032530220
3.3323900000	0.0032481244
3.3331000000	0.0032432189
3.3338100000	0.0032382976
3.3345300000	0.0032333657
3.3352400000	0.0032284222
3.3359500000	0.0032234684
3.3366700000	0.0032185005
3.3373800000	0.0032135246
3.3380900000	0.0032085348
3.3388100000	0.0032035346
3.3395200000	0.0031985241
3.3402300000	0.0031935001
3.3409400000	0.0031884681
3.3416600000	0.0031834237
3.3423700000	0.0031783670
3.3430800000	0.0031733012
3.3438000000	0.0031682230
3.3445100000	0.0031631367
3.3452200000	0.0031580406
3.3459400000	0.0031529322
3.3466500000	0.0031478130
3.3473600000	0.0031426851
3.3480700000	0.0031375479
3.3487900000	0.0031323976
3.3495000000	0.0031272399
3.3502100000	0.0031220727
3.3509300000	0.0031168939
3.3516400000	0.0031117069
3.3523500000	0.0031065101
3.3530600000	0.0031013037
3.3537800000	0.0030960883
3.3544900000	0.0030908643
3.3552000000	0.0030856313
3.3559200000	0.0030803910
3.3566300000	0.0030751382
3.3573400000	0.0030698779
3.3580600000	0.0030646083
3.3587700000	0.0030593318
3.3594800000	0.0030540459
3.3601900000	0.0030487540
3.3609100000	0.0030434534
3.3616200000	0.0030381427
3.3623300000	0.0030328252
3.3630500000	0.0030275001
3.3637600000	0.0030221671
3.3644700000	0.0030168269
3.3651900000	0.0030114787
3.3659000000	0.0030061230
3.3666100000	0.0030007610
3.3673200000	0.0029953919
3.3680400000	0.0029900134
3.3687500000	0.0029846334
3.3694600000	0.0029792415
3.3701800000	0.0029738462
3.3708900000	0.0029684408
3.3716000000	0.0029630322
3.3723100000	0.0029576165
3.3730300000	0.0029521950
3.3737400000	0.0029467651
3.3744500000	0.0029413311
3.3751700000	0.0029358950
3.3758800000	0.0029304506
3.3765900000	0.0029249987
3.3773100000	0.0029195434
3.3780200000	0.0029140808
3.3787300000	0.0029086149
3.3794400000	0.0029031432
3.3801600000	0.0028976658
3.3808700000	0.0028921839
3.3815800000	0.0028866957
3.3823000000	0.0028812058
3.3830100000	0.0028757122
3.3837200000	0.0028702125
3.3844300000	0.0028647070
3.3851500000	0.0028592000
3.3858600000	0.0028536902
3.3865700000	0.0028481726
3.3872900000	0.0028426564
3.3880000000	0.0028371294
3.3887100000	0.0028316064
3.3894300000	0.0028260751
3.3901400000	0.0028205450
3.3908500000	0.0028150083
3.3915600000	0.0028094694
3.3922800000	0.0028039262
3.3929900000	0.0027983837
3.3937000000	0.0027928383
3.3944200000	0.0027872871
3.3951300000	0.0027817355
3.3958400000	0.0027761812
3.3965600000	0.0027706247
3.3972700000	0.0027650665
3.3979800000	0.0027595063
3.3986900000	0.0027539447
3.3994100000	0.0027483811
3.4001200000	0.0027434356
3.4008300000	0.0027415560
3.4015500000	0.0027396768
3.4022600000	0.0027377991
3.4029700000	0.0027359279
3.4036800000	0.0027340517
3.4044000000	0.0027321805
3.4051100000	0.0027303078
3.4058200000	0.0027284419
3.4065400000	0.0027265733
3.4072500000	0.0027247078
3.4079600000	0.0027228441
3.4086800000	0.0027209775
3.4093900000	0.0027191170
3.4101000000	0.0027172552
3.4108100000	0.0027153972
3.4115300000	0.0027135388
3.4122400000	0.0027116844
3.4129500000	0.0027098297
3.4136700000	0.0027079752
3.4143800000	0.0027061227
3.4150900000	0.0027042722
3.4158100000	0.0027024228
3.4165200000	0.0027005731
3.4172300000	0.0026987278
3.4179400000	0.0026968799
3.4186600000	0.0026950360
3.4193700000	0.0026931901
3.4200800000	0.0026913493
3.4208000000	0.0026895074
3.4215100000	0.0026876686
3.4222200000	0.0026858293
3.4229300000	0.0026839912
3.4236500000	0.0026821529
3.4243600000	0.0026803184
3.4250700000	0.0026784829
3.4257900000	0.0026766493
3.4265000000	0.0026748157
3.4272100000	0.0026729832
3.4279300000	0.0026711548
3.4286400000	0.0026693244
3.4293500000	0.0026674932
3.4300600000	0.0026656675
3.4307800000	0.0026638394
3.4314900000	0.0026620150
3.4322000000	0.0026601883
3.4329200000	0.0026583636
3.4336300000	0.0026565394
3.4343400000	0.0026547157
3.4350600000	0.0026528938
3.4357700000	0.0026510717
3.4364800000	0.0026492502
3.4371900000	0.0026474313
3.4379100000	0.0026456109
3.4386200000	0.0026437925
3.4393300000	0.0026419733
3.4400500000	0.0026401588
3.4407600000	0.0026383382
3.4414700000	0.0026365231
3.4421800000	0.0026347080
3.4429000000	0.0026328931
3.4436100000	0.0026310780
3.4443200000	0.0026292640
3.4450400000	0.0026274516
3.4457500000	0.0026256388
3.4464600000	0.0026238253
3.4471800000	0.0026220138
3.4478900000	0.0026201997
3.4486000000	0.0026183915
3.4493100000	0.0026165758
3.4500300000	0.0026147662
3.4507400000	0.0026129571
3.4514500000	0.0026111462
3.4521700000	0.0026093358
3.4528800000	0.0026075265
3.4535900000	0.0026057164
3.4543000000	0.0026039055
3.4550200000	0.0026020976
3.4557300000	0.0026002881
3.4564400000	0.0025984776
3.4571600000	0.0025966704
3.4578700000	0.0025948612
3.4585800000	0.0025930520
3.4593000000	0.0025912413
3.4600100000	0.0025894336
3.4607200000	0.0025876257
3.4614300000	0.0025858165
3.4621500000	0.0025840080
3.4628600000	0.0025821988
3.4635700000	0.0025803892
3.4642900000	0.0025785778
3.4650000000	0.0025767692
3.4657100000	0.0025749596
3.4664300000	0.0025731501
3.4671400000	0.0025713410
3.4678500000	0.0025695283
3.4685600000	0.0025677167
3.4692800000	0.0025659043
3.4699900000	0.0025640930
3.4707000000	0.0025622820
3.4714200000	0.0025604676
3.4721300000	0.0025586542
3.4728400000	0.0025568414
3.4735500000	0.0025550264
3.4742700000	0.0025532118
3.4749800000	0.0025513959
3.4756900000	0.0025495810
3.4764100000	0.0025477638
3.4771200000	0.0025459452
3.4778300000	0.0025441270
3.4785500000	0.0025423089
3.4792600000	0.0025404906
3.4799700000	0.0025386688
3.4806800000	0.0025368487
3.4814000000	0.0025350243
3.4821100000	0.0025332035
3.4828200000	0.0025313788
3.4835400000	0.0025295542
3.4842500000	0.0025277264
3.4849600000	0.0025259021
3.4856800000	0.0025240729
3.4863900000	0.0025222434
3.4871000000	0.0025204136
3.4878100000	0.0025185833
3.4885300000	0.0025167509
3.4892400000	0.0025149169
3.4899500000	0.0025130808
3.4906700000	0.0025112450
3.4913800000	0.0025094067
3.4920900000	0.0025075670
3.4928000000	0.0025057271
3.4935200000	0.0025038853
3.4942300000	0.0025020426
3.4949400000	0.0025001986
3.4956600000	0.0024983516
3.4963700000	0.0024965047
3.4970800000	0.0024946540
3.4978000000	0.0024928059
3.4985100000	0.0024909533
3.4992200000	0.0024890974
3.4999300000	0.0024872409
3.5006500000	0.0024847533
3.5013600000	0.0024822065
3.5020700000	0.0024796633
3.5027900000	0.0024771213
3.5035000000	0.0024745828
3.5042100000	0.0024720471
3.5049200000	0.0024695152
3.5056400000	0.0024669861
3.5063500000	0.0024644587
3.5070600000	0.0024619363
3.5077800000	0.0024594153
3.5084900000	0.0024568996
3.5092000000	0.0024543860
3.5099200000	0.0024518771
3.5106300000	0.0024493682
3.5113400000	0.0024468654
3.5120500000	0.0024443611
3.5127700000	0.0024418653
3.5134800000	0.0024393693
3.5141900000	0.0024368767
3.5149100000	0.0024343867
3.5156200000	0.0024319027
3.5163300000	0.0024294186
3.5170500000	0.0024269384
3.5177600000	0.0024244603
3.5184700000	0.0024219861
3.5191800000	0.0024195152
3.5199000000	0.0024170504
3.5206100000	0.0024145825
3.5213200000	0.0024121204
3.5220400000	0.0024096615
3.5227500000	0.0024071474
3.5234600000	0.0024046938
3.5241700000	0.0024022463
3.5248900000	0.0023997999
3.5256000000	0.0023973544
3.5263100000	0.0023949131
3.5270300000	0.0023924764
3.5277400000	0.0023900435
3.5284500000	0.0023876105
3.5291700000	0.0023851829
3.5298800000	0.0023827548
3.5305900000	0.0023803332
3.5313000000	0.0023779109
3.5320200000	0.0023754964
3.5327300000	0.0023730807
3.5334400000	0.0023706704
3.5341600000	0.0023682615
3.5348700000	0.0023658555
3.5355800000	0.0023634562
3.5363000000	0.0023610534
3.5370100000	0.0023586592
3.5377200000	0.0023562663
3.5384300000	0.0023538745
3.5391500000	0.0023514876
3.5398600000	0.0023491023
3.5405700000	0.0023467213
3.5412900000	0.0023443411
3.5420000000	0.0023419662
3.5427100000	0.0023395922
3.5434200000	0.0023372199
3.5441400000	0.0023348540
3.5448500000	0.0023324897
3.5455600000	0.0023301290
3.5462800000	0.0023277696
3.5469900000	0.0023254127
3.5477000000	0.0023230608
3.5484200000	0.0023207108
3.5491300000	0.0023183641
3.5498400000	0.0023160198
3.5505500000	0.0023136802
3.5512700000	0.0023113389
3.5519800000	0.0023090042
3.5526900000	0.0023066687
3.5534100000	0.0023043395
3.5541200000	0.0023020131
3.5548300000	0.0022996886
3.5555500000	0.0022973668
3.5562600000	0.0022950468
3.5569700000	0.0022927325
3.5576800000	0.0022904165
3.5584000000	0.0022881096
3.5591100000	0.0022858006
3.5598200000	0.0022834961
3.5605400000	0.0022811921
3.5612500000	0.0022788951
3.5619600000	0.0022765995
3.5626700000	0.0022743044
3.5633900000	0.0022720142
3.5641000000	0.0022697277
3.5648100000	0.0022674428
3.5655300000	0.0022651579
3.5662400000	0.0022628775
3.5669500000	0.0022606015
3.5676700000	0.0022583302
3.5683800000	0.0022560574
3.5690900000	0.0022537897
3.5698000000	0.0022515232
3.5705200000	0.0022492582
3.5712300000	0.0022469992
3.5719400000	0.0022447406
3.5726600000	0.0022424873
3.5733700000	0.0022402355
3.5740800000	0.0022379864
3.5747900000	0.0022357392
3.5755100000	0.0022334958
3.5762200000	0.0022312541
3.5769300000	0.0022290166
3.5776500000	0.0022267794
3.5783600000	0.0022245469
3.5790700000	0.0022223180
3.5797900000	0.0022200902
3.5805000000	0.0022178655
3.5812100000	0.0022156431
3.5819200000	0.0022134226
3.5826400000	0.0022112064
3.5833500000	0.0022089925
3.5840600000	0.0022067825
3.5847800000	0.0022045719
3.5854900000	0.0022023679
3.5862000000	0.0022001627
3.5869200000	0.0021979622
3.5876300000	0.0021957653
3.5883400000	0.0021935699
3.5890500000	0.0021913754
3.5897700000	0.0021891863
3.5904800000	0.0021870000
3.5911900000	0.0021848169
3.5919100000	0.0021826326
3.5926200000	0.0021804547
3.5933300000	0.0021782773
3.5940400000	0.0021761024
3.5947600000	0.0021739308
3.5954700000	0.0021717631
3.5961800000	0.0021695959
3.5969000000	0.0021674332
3.5976100000	0.0021652718
3.5983200000	0.0021631153
3.5990400000	0.0021609588
3.5997500000	0.0021588043
3.6004600000	0.0021562988
3.6011700000	0.0021536008
3.6018900000	0.0021509084
3.6026000000	0.0021482188
3.6033100000	0.0021455329
3.6040300000	0.0021428498
3.6047400000	0.0021401682
3.6054500000	0.0021374914
3.6061700000	0.0021348168
3.6068800000	0.0021321490
3.6075900000	0.0021294791
3.6083000000	0.0021268173
3.6090200000	0.0021241569
3.6097300000	0.0021215015
3.6104400000	0.0021188463
3.6111600000	0.0021161967
3.6118700000	0.0021135502
3.6125800000	0.0021109049
3.6132900000	0.0021082654
3.6140100000	0.0021056267
3.6147200000	0.0021029952
3.6154300000	0.0021003644
3.6161500000	0.0020977357
3.6168600000	0.0020951130
3.6175700000	0.0020924922
3.6182900000	0.0020898757
3.6190000000	0.0020872605
3.6197100000	0.0020846478
3.6204200000	0.0020820433
3.6211400000	0.0020794367
3.6218500000	0.0020768360
3.6225600000	0.0020742376
3.6232800000	0.0020716428
3.6239900000	0.0020690513
3.6247000000	0.0020664631
3.6254200000	0.0020638785
3.6261300000	0.0020612954
3.6268400000	0.0020587168
3.6275500000	0.0020561443
3.6282700000	0.0020535691
3.6289800000	0.0020509989
3.6296900000	0.0020484328
3.6304100000	0.0020458724
3.6311200000	0.0020433110
3.6318300000	0.0020407559
3.6325400000	0.0020382014
3.6332600000	0.0020356523
3.6339700000	0.0020331043
3.6346800000	0.0020305630
3.6354000000	0.0020280228
3.6361100000	0.0020254851
3.6368200000	0.0020229507
3.6375400000	0.0020204207
3.6382500000	0.0020178909
3.6389600000	0.0020153658
3.6396700000	0.0020128460
3.6403900000	0.0020103258
3.6411000000	0.0020078091
3.6418100000	0.0020052993
3.6425300000	0.0020027888
3.6432400000	0.0020002847
3.6439500000	0.0019977806
3.6446600000	0.0019952814
3.6453800000	0.0019927827
3.6460900000	0.0019902897
3.6468000000	0.0019877998
3.6475200000	0.0019853132
3.6482300000	0.0019828279
3.6489400000	0.0019803458
3.6496600000	0.0019778687
3.6503700000	0.0019753928
3.6510800000	0.0019729189
3.6517900000	0.0019704520
3.6525100000	0.0019679855
3.6532200000	0.0019655236
3.6539300000	0.0019630633
3.6546500000	0.0019606067
3.6553600000	0.0019581533
3.6560700000	0.0019557025
3.6567900000	0.0019532541
3.6575000000	0.0019508086
3.6582100000	0.0019483691
3.6589200000	0.0019459297
3.6596400000	0.0019434953
3.6603500000	0.0019410625
3.6610600000	0.0019386319
3.6617800000	0.0019362073
3.6624900000	0.0019337820
3.6632000000	0.0019313620
3.6639100000	0.0019289445
3.6646300000	0.0019265304
3.6653400000	0.0019241175
3.6660500000	0.0019217106
3.6667700000	0.0019193059
3.6674800000	0.0019169013
3.6681900000	0.0019145007
3.6689100000	0.0019121061
3.6696200000	0.0019097120
3.6703300000	0.0019073208
3.6710400000	0.0019049319
3.6717600000	0.0019025475
3.6724700000	0.0019001670
3.6731800000	0.0018977876
3.6739000000	0.0018954117
3.6746100000	0.0018930407
3.6753200000	0.0018906700
3.6760400000	0.0018883018
3.6767500000	0.0018859391
3.6774600000	0.0018835759
3.6781700000	0.0018812188
3.6788900000	0.0018788651
3.6796000000	0.0018765115
3.6803100000	0.0018741611
3.6810300000	0.0018718141
3.6817400000	0.0018694708
3.6824500000	0.0018671300
3.6831600000	0.0018647916
3.6838800000	0.0018624571
3.6845900000	0.0018601252
3.6853000000	0.0018577953
3.6860200000	0.0018554701
3.6867300000	0.0018531464
3.6874400000	0.0018508249
3.6881600000	0.0018485080
3.6888700000	0.0018461936
3.6895800000	0.0018438805
3.6902900000	0.0018415700
3.6910100000	0.0018392644
3.6917200000	0.0018369612
3.6924300000	0.0018346580
3.6931500000	0.0018323615
3.6938600000	0.0018300669
3.6945700000	0.0018277751
3.6952900000	0.0018254856
3.6960000000	0.0018232004
3.6967100000	0.0018209169
3.6974200000	0.0018186358
3.6981400000	0.0018163583
3.6988500000	0.0018140829
3.6995600000	0.0018118090
3.7002800000	0.0018094769
3.7009900000	0.0018070474
3.7017000000	0.0018046179
3.7024100000	0.0018022188
3.7031300000	0.0017997960
3.7038400000	0.0017973793
3.7045500000	0.0017949640
3.7052700000	0.0017925509
3.7059800000	0.0017901429
3.7066900000	0.0017877396
3.7074100000	0.0017853329
3.7081200000	0.0017829361
3.7088300000	0.0017805389
3.7095400000	0.0017781454
3.7102600000	0.0017757549
3.7109700000	0.0017733686
3.7116800000	0.0017709854
3.7124000000	0.0017686046
3.7131100000	0.0017662258
3.7138200000	0.0017638489
3.7145300000	0.0017614800
3.7152500000	0.0017591099
3.7159600000	0.0017567442
3.7166700000	0.0017543812
3.7173900000	0.0017520219
3.7181000000	0.0017496662
3.7188100000	0.0017473127
3.7195300000	0.0017449607
3.7202400000	0.0017426161
3.7209500000	0.0017402714
3.7216600000	0.0017379314
3.7223800000	0.0017355911
3.7230900000	0.0017332571
3.7238000000	0.0017309220
3.7245200000	0.0017285953
3.7252300000	0.0017262687
3.7259400000	0.0017239460
3.7266600000	0.0017216255
3.7273700000	0.0017193068
3.7280800000	0.0017169942
3.7287900000	0.0017146846
3.7295100000	0.0017123746
3.7302200000	0.0017100697
3.7309300000	0.0017077683
3.7316500000	0.0017054690
3.7323600000	0.0017031709
3.7330700000	0.0017008779
3.7337800000	0.0016985889
3.7345000000	0.0016963017
3.7352100000	0.0016940161
3.7359200000	0.0016917372
3.7366400000	0.0016894577
3.7373500000	0.0016871824
3.7380600000	0.0016849109
3.7387800000	0.0016826413
3.7394900000	0.0016803724
3.7402000000	0.0016781101
3.7409100000	0.0016758492
3.7416300000	0.0016735904
3.7423400000	0.0016713352
3.7430500000	0.0016690835
3.7437700000	0.0016668351
3.7444800000	0.0016645895
3.7451900000	0.0016623451
3.7459100000	0.0016601037
3.7466200000	0.0016578674
3.7473300000	0.0016556329
3.7480400000	0.0016534007
3.7487600000	0.0016511731
3.7494700000	0.0016489449
3.7501800000	0.0016467241
3.7509000000	0.0016445039
3.7516100000	0.0016422852
3.7523200000	0.0016400705
3.7530300000	0.0016378594
3.7537500000	0.0016356522
3.7544600000	0.0016334448
3.7551700000	0.0016312415
3.7558900000	0.0016290417
3.7566000000	0.0016268452
3.7573100000	0.0016246509
3.7580300000	0.0016224576
3.7587400000	0.0016202708
3.7594500000	0.0016180847
3.7601600000	0.0016159004
3.7608800000	0.0016137196
3.7615900000	0.0016115441
3.7623000000	0.0016093693
3.7630200000	0.0016071964
3.7637300000	0.0016050272
3.7644400000	0.0016028618
3.7651600000	0.0016006982
3.7658700000	0.0015985368
3.7665800000	0.0015963801
3.7672900000	0.0015942245
3.7680100000	0.0015920737
3.7687200000	0.0015899234
3.7694300000	0.0015877769
3.7701500000	0.0015856338
3.7708600000	0.0015834930
3.7715700000	0.0015813527
3.7722800000	0.0015792184
3.7730000000	0.0015770867
3.7737100000	0.0015749570
3.7744200000	0.0015728290
3.7751400000	0.0015707037
3.7758500000	0.0015685832
3.7765600000	0.0015664629
3.7772800000	0.0015643467
3.7779900000	0.0015622337
3.7787000000	0.0015601222
3.7794100000	0.0015580167
3.7801300000	0.0015559098
3.7808400000	0.0015538086
3.7815500000	0.0015517065
3.7822700000	0.0015496098
3.7829800000	0.0015475152
3.7836900000	0.0015454259
3.7844000000	0.0015433358
3.7851200000	0.0015412494
3.7858300000	0.0015391653
3.7865400000	0.0015370850
3.7872600000	0.0015350068
3.7879700000	0.0015329309
3.7886800000	0.0015308587
3.7894000000	0.0015287884
3.7901100000	0.0015267223
3.7908200000	0.0015246568
3.7915300000	0.0015225946
3.7922500000	0.0015205352
3.7929600000	0.0015184777
3.7936700000	0.0015164255
3.7943900000	0.0015143723
3.7951000000	0.0015123242
3.7958100000	0.0015102785
3.7965300000	0.0015082352
3.7972400000	0.0015061956
3.7979500000	0.0015041565
3.7986600000	0.0015021225
3.7993800000	0.0015000876
3.8000900000	0.0014980441
3.8008000000	0.0014959092
3.8015200000	0.0014937749
3.8022300000	0.0014916452
3.8029400000	0.0014895167
3.8036500000	0.0014873918
3.8043700000	0.0014852697
3.8050800000	0.0014831517
3.8057900000	0.0014810362
3.8065100000	0.0014789215
3.8072200000	0.0014768113
3.8079300000	0.0014747054
3.8086500000	0.0014726004
3.8093600000	0.0014704979
3.8100700000	0.0014683995
3.8107800000	0.0014663041
3.8115000000	0.0014642106
3.8122100000	0.0014621202
3.8129200000	0.0014600338
3.8136400000	0.0014579485
3.8143500000	0.0014558675
3.8150600000	0.0014537888
3.8157800000	0.0014517128
3.8164900000	0.0014496391
3.8172000000	0.0014475682
3.8179100000	0.0014455015
3.8186300000	0.0014434374
3.8193400000	0.0014413756
3.8200500000	0.0014393164
3.8207700000	0.0014372600
3.8214800000	0.0014352057
3.8221900000	0.0014331558
3.8229000000	0.0014311083
3.8236200000	0.0014290636
3.8243300000	0.0014270212
3.8250400000	0.0014249816
3.8257600000	0.0014229441
3.8264700000	0.0014209113
3.8271800000	0.0014188797
3.8279000000	0.0014168516
3.8286100000	0.0014148264
3.8293200000	0.0014128034
3.8300300000	0.0014107834
3.8307500000	0.0014087662
3.8314600000	0.0014067516
3.8321700000	0.0014047401
3.8328900000	0.0014027309
3.8336000000	0.0014007247
3.8343100000	0.0013987215
3.8350300000	0.0013967207
3.8357400000	0.0013947228
3.8364500000	0.0013927275
3.8371600000	0.0013907352
3.8378800000	0.0013887454
3.8385900000	0.0013867582
3.8393000000	0.0013847736
3.8400200000	0.0013827921
3.8407300000	0.0013808134
3.8414400000	0.0013788370
3.8421500000	0.0013768637
3.8428700000	0.0013748926
3.8435800000	0.0013729246
3.8442900000	0.0013709595
3.8450100000	0.0013689965
3.8457200000	0.0013670365
3.8464300000	0.0013650795
3.8471500000	0.0013631246
3.8478600000	0.0013611728
3.8485700000	0.0013592235
3.8492800000	0.0013572767
3.8500000000	0.0013553331
3.8507100000	0.0013533917
3.8514200000	0.0013514529
3.8521400000	0.0013495172
3.8528500000	0.0013475838
3.8535600000	0.0013456531
3.8542700000	0.0013437254
3.8549900000	0.0013417999
3.8557000000	0.0013398771
3.8564100000	0.0013379569
3.8571300000	0.0013360397
3.8578400000	0.0013341246
3.8585500000	0.0013322127
3.8592700000	0.0013303031
3.8599800000	0.0013283962
3.8606900000	0.0013264917
3.8614000000	0.0013245900
3.8621200000	0.0013226908
3.8628300000	0.0013207943
3.8635400000	0.0013189006
3.8642600000	0.0013170093
3.8649700000	0.0013151205
3.8656800000	0.0013132344
3.8664000000	0.0013113513
3.8671100000	0.0013094702
3.8678200000	0.0013075918
3.8685300000	0.0013057159
3.8692500000	0.0013038429
3.8699600000	0.0013019724
3.8706700000	0.0013001039
3.8713900000	0.0012982388
3.8721000000	0.0012963760
3.8728100000	0.0012945156
3.8735200000	0.0012926579
3.8742400000	0.0012908027
3.8749500000	0.0012889502
3.8756600000	0.0012870998
3.8763800000	0.0012852524
3.8770900000	0.0012834070
3.8778000000	0.0012815649
3.8785200000	0.0012797248
3.8792300000	0.0012778875
3.8799400000	0.0012760525
3.8806500000	0.0012742201
3.8813700000	0.0012723903
3.8820800000	0.0012705630
3.8827900000	0.0012687381
3.8835100000	0.0012669159
3.8842200000	0.0012650962
3.8849300000	0.0012632786
3.8856500000	0.0012614643
3.8863600000	0.0012596518
3.8870700000	0.0012578419
3.8877800000	0.0012560348
3.8885000000	0.0012542298
3.8892100000	0.0012524274
3.8899200000	0.0012506278
3.8906400000	0.0012488306
3.8913500000	0.0012470359
3.8920600000	0.0012452433
3.8927700000	0.0012434532
3.8934900000	0.0012416657
3.8942000000	0.0012398809
3.8949100000	0.0012380981
3.8956300000	0.0012363183
3.8963400000	0.0012345406
3.8970500000	0.0012327655
3.8977700000	0.0012309926
3.8984800000	0.0012292226
3.8991900000	0.0012274546
3.8999000000	0.0012256891
3.9006200000	0.0012238065
3.9013300000	0.0012219080
3.9020400000	0.0012200121
3.9027600000	0.0012181197
3.9034700000	0.0012162295
3.9041800000	0.0012143420
3.9048900000	0.0012124577
3.9056100000	0.0012105759
3.9063200000	0.0012086971
3.9070300000	0.0012068208
3.9077500000	0.0012049473
3.9084600000	0.0012030768
3.9091700000	0.0012012088
3.9098900000	0.0011993438
3.9106000000	0.0011974813
3.9113100000	0.0011956217
3.9120200000	0.0011937649
3.9127400000	0.0011919106
3.9134500000	0.0011900592
3.9141600000	0.0011882107
3.9148800000	0.0011863648
3.9155900000	0.0011845216
3.9163000000	0.0011826812
3.9170200000	0.0011808431
3.9177300000	0.0011790083
3.9184400000	0.0011771761
3.9191500000	0.0011753462
3.9198700000	0.0011735195
3.9205800000	0.0011716953
3.9212900000	0.0011698740
3.9220100000	0.0011680550
3.9227200000	0.0011662391
3.9234300000	0.0011644256
3.9241400000	0.0011626149
3.9248600000	0.0011608070
3.9255700000	0.0011590019
3.9262800000	0.0011571992
3.9270000000	0.0011553990
3.9277100000	0.0011536017
3.9284200000	0.0011518072
3.9291400000	0.0011500154
3.9298500000	0.0011482260
3.9305600000	0.0011464394
3.9312700000	0.0011446552
3.9319900000	0.0011428741
3.9327000000	0.0011410951
3.9334100000	0.0011393195
3.9341300000	0.0011375460
3.9348400000	0.0011357752
3.9355500000	0.0011340071
3.9362700000	0.0011322415
3.9369800000	0.0011304785
3.9376900000	0.0011287185
3.9384000000	0.0011269608
3.9391200000	0.0011252060
3.9398300000	0.0011234534
3.9405400000	0.0011217036
3.9412600000	0.0011199565
3.9419700000	0.0011182120
3.9426800000	0.0011164701
3.9433900000	0.0011147308
3.9441100000	0.0011129940
3.9448200000	0.0011112598
3.9455300000	0.0011095283
3.9462500000	0.0011077993
3.9469600000	0.0011060728
3.9476700000	0.0011043491
3.9483900000	0.0011026275
3.9491000000	0.0011009089
3.9498100000	0.0010991928
3.9505200000	0.0010974792
3.9512400000	0.0010957683
3.9519500000	0.0010940597
3.9526600000	0.0010923539
3.9533800000	0.0010906504
3.9540900000	0.0010889497
3.9548000000	0.0010872516
3.9555200000	0.0010855559
3.9562300000	0.0010838624
3.9569400000	0.0010821720
3.9576500000	0.0010804839
3.9583700000	0.0010787982
3.9590800000	0.0010771154
3.9597900000	0.0010754349
3.9605100000	0.0010737566
3.9612200000	0.0010720812
3.9619300000	0.0010704082
3.9626400000	0.0010687378
3.9633600000	0.0010670699
3.9640700000	0.0010654042
3.9647800000	0.0010637412
3.9655000000	0.0010620808
3.9662100000	0.0010604228
3.9669200000	0.0010587674
3.9676400000	0.0010571145
3.9683500000	0.0010554638
3.9690600000	0.0010538157
3.9697700000	0.0010521700
3.9704900000	0.0010505270
3.9712000000	0.0010488862
3.9719100000	0.0010472481
3.9726300000	0.0010456124
3.9733400000	0.0010439791
3.9740500000	0.0010423483
3.9747600000	0.0010407202
3.9754800000	0.0010390940
3.9761900000	0.0010374706
3.9769000000	0.0010358499
3.9776200000	0.0010342312
3.9783300000	0.0010326149
3.9790400000	0.0010310015
3.9797600000	0.0010293899
3.9804700000	0.0010277812
3.9811800000	0.0010261749
3.9818900000	0.0010245707
3.9826100000	0.0010229695
3.9833200000	0.0010213701
3.9840300000	0.0010197733
3.9847500000	0.0010181790
3.9854600000	0.0010165870
3.9861700000	0.0010149977
3.9868900000	0.0010134102
3.9876000000	0.0010118257
3.9883100000	0.0010102430
3.9890200000	0.0010086632
3.9897400000	0.0010070856
3.9904500000	0.0010055105
3.9911600000	0.0010039374
3.9918800000	0.0010023671
3.9925900000	0.0010007989
3.9933000000	0.0009992333
3.9940100000	0.0009976699
3.9947300000	0.0009961089
3.9954400000	0.0009945502
3.9961500000	0.0009929941
3.9968700000	0.0009914401
3.9975800000	0.0009898885
3.9982900000	0.0009883396
3.9990100000	0.0009867926
3.9997200000	0.0009852481
4.0004300000	0.0009835997
4.0011400000	0.0009818848
4.0018600000	0.0009801726
4.0025700000	0.0009784633
4.0032800000	0.0009767567
4.0040000000	0.0009750527
4.0047100000	0.0009733515
4.0054200000	0.0009716530
4.0061400000	0.0009699571
4.0068500000	0.0009682641
4.0075600000	0.0009665734
4.0082700000	0.0009648856
4.0089900000	0.0009632007
4.0097000000	0.0009615181
4.0104100000	0.0009598386
4.0111300000	0.0009581615
4.0118400000	0.0009564833
4.0125500000	0.0009548116
4.0132600000	0.0009531423
4.0139800000	0.0009514764
4.0146900000	0.0009498125
4.0154000000	0.0009481517
4.0161200000	0.0009464933
4.0168300000	0.0009448378
4.0175400000	0.0009431847
4.0182600000	0.0009415345
4.0189700000	0.0009398866
4.0196800000	0.0009382416
4.0203900000	0.0009365994
4.0211100000	0.0009349598
4.0218200000	0.0009333225
4.0225300000	0.0009316881
4.0232500000	0.0009300563
4.0239600000	0.0009284273
4.0246700000	0.0009268007
4.0253900000	0.0009251768
4.0261000000	0.0009235556
4.0268100000	0.0009219368
4.0275200000	0.0009203208
4.0282400000	0.0009187074
4.0289500000	0.0009170965
4.0296600000	0.0009154884
4.0303800000	0.0009138829
4.0310900000	0.0009122799
4.0318000000	0.0009106797
4.0325100000	0.0009090818
4.0332300000	0.0009074867
4.0339400000	0.0009058942
4.0346500000	0.0009043040
4.0353700000	0.0009027167
4.0360800000	0.0009011319
4.0367900000	0.0008995495
4.0375100000	0.0008979702
4.0382200000	0.0008963933
4.0389300000	0.0008948190
4.0396400000	0.0008932468
4.0403600000	0.0008916776
4.0410700000	0.0008901110
4.0417800000	0.0008885468
4.0425000000	0.0008869854
4.0432100000	0.0008854264
4.0439200000	0.0008838698
4.0446300000	0.0008823157
4.0453500000	0.0008807647
4.0460600000	0.0008792158
4.0467700000	0.0008776697
4.0474900000	0.0008761257
4.0482000000	0.0008745847
4.0489100000	0.0008730460
4.0496300000	0.0008715099
4.0503400000	0.0008699766
4.0510500000	0.0008684454
4.0517600000	0.0008669170
4.0524800000	0.0008653910
4.0531900000	0.0008638677
4.0539000000	0.0008623468
4.0546200000	0.0008608283
4.0553300000	0.0008593126
4.0560400000	0.0008577992
4.0567600000	0.0008562883
4.0574700000	0.0008547800
4.0581800000	0.0008532741
4.0588900000	0.0008517708
4.0596100000	0.0008502702
4.0603200000	0.0008487719
4.0610300000	0.0008472759
4.0617500000	0.0008457824
4.0624600000	0.0008442917
4.0631700000	0.0008428033
4.0638800000	0.0008413176
4.0646000000	0.0008398339
4.0653100000	0.0008383530
4.0660200000	0.0008368744
4.0667400000	0.0008353985
4.0674500000	0.0008339248
4.0681600000	0.0008324540
4.0688800000	0.0008309854
4.0695900000	0.0008295194
4.0703000000	0.0008280553
4.0710100000	0.0008265941
4.0717300000	0.0008251354
4.0724400000	0.0008236790
4.0731500000	0.0008222251
4.0738700000	0.0008207735
4.0745800000	0.0008193245
4.0752900000	0.0008178780
4.0760100000	0.0008164338
4.0767200000	0.0008149921
4.0774300000	0.0008135527
4.0781400000	0.0008121159
4.0788600000	0.0008106813
4.0795700000	0.0008092493
4.0802800000	0.0008078199
4.0810000000	0.0008063924
4.0817100000	0.0008049674
4.0824200000	0.0008035454
4.0831300000	0.0008021252
4.0838500000	0.0008007077
4.0845600000	0.0007992926
4.0852700000	0.0007978796
4.0859900000	0.0007964694
4.0867000000	0.0007950613
4.0874100000	0.0007936556
4.0881300000	0.0007922523
4.0888400000	0.0007908514
4.0895500000	0.0007894529
4.0902600000	0.0007880568
4.0909800000	0.0007866630
4.0916900000	0.0007852716
4.0924000000	0.0007838826
4.0931200000	0.0007824960
4.0938300000	0.0007811114
4.0945400000	0.0007797296
4.0952600000	0.0007783498
4.0959700000	0.0007769723
4.0966800000	0.0007755976
4.0973900000	0.0007742253
4.0981100000	0.0007728551
4.0988200000	0.0007714868
4.0995300000	0.0007701215
4.1002500000	0.0007687023
4.1009600000	0.0007671797
4.1016700000	0.0007656590
4.1023800000	0.0007641402
4.1031000000	0.0007626232
4.1038100000	0.0007611084
4.1045200000	0.0007595954
4.1052400000	0.0007580843
4.1059500000	0.0007565751
4.1066600000	0.0007550678
4.1073800000	0.0007535627
4.1080900000	0.0007520593
4.1088000000	0.0007505580
4.1095100000	0.0007490588
4.1102300000	0.0007475612
4.1109400000	0.0007460657
4.1116500000	0.0007445723
4.1123700000	0.0007430811
4.1130800000	0.0007415917
4.1137900000	0.0007401039
4.1145000000	0.0007386185
4.1152200000	0.0007371350
4.1159300000	0.0007356535
4.1166400000	0.0007341741
4.1173600000	0.0007326968
4.1180700000	0.0007312214
4.1187800000	0.0007297479
4.1195000000	0.0007282764
4.1202100000	0.0007268073
4.1209200000	0.0007253399
4.1216300000	0.0007238747
4.1223500000	0.0007224115
4.1230600000	0.0007209505
4.1237700000	0.0007194910
4.1244900000	0.0007180341
4.1252000000	0.0007165792
4.1259100000	0.0007151265
4.1266300000	0.0007136754
4.1273400000	0.0007122264
4.1280500000	0.0007107799
4.1287600000	0.0007093352
4.1294800000	0.0007078926
4.1301900000	0.0007064522
4.1309000000	0.0007050139
4.1316200000	0.0007035775
4.1323300000	0.0007021433
4.1330400000	0.0007007112
4.1337500000	0.0006992812
4.1344700000	0.0006978532
4.1351800000	0.0006964277
4.1358900000	0.0006950040
4.1366100000	0.0006935824
4.1373200000	0.0006921628
4.1380300000	0.0006907456
4.1387500000	0.0006893302
4.1394600000	0.0006879173
4.1401700000	0.0006865064
4.1408800000	0.0006850975
4.1416000000	0.0006836911
4.1423100000	0.0006822866
4.1430200000	0.0006808842
4.1437400000	0.0006794838
4.1444500000	0.0006780855
4.1451600000	0.0006766898
4.1458800000	0.0006752960
4.1465900000	0.0006739044
4.1473000000	0.0006725150
4.1480100000	0.0006711277
4.1487300000	0.0006697426
4.1494400000	0.0006683597
4.1501500000	0.0006669786
4.1508700000	0.0006656001
4.1515800000	0.0006642237
4.1522900000	0.0006628495
4.1530000000	0.0006614774
4.1537200000	0.0006601074
4.1544300000	0.0006587395
4.1551400000	0.0006573739
4.1558600000	0.0006560106
4.1565700000	0.0006546495
4.1572800000	0.0006532904
4.1580000000	0.0006519336
4.1587100000	0.0006505790
4.1594200000	0.0006492266
4.1601300000	0.0006478764
4.1608500000	0.0006465282
4.1615600000	0.0006451826
4.1622700000	0.0006438389
4.1629900000	0.0006424976
4.1637000000	0.0006411582
4.1644100000	0.0006398213
4.1651300000	0.0006384863
4.1658400000	0.0006371539
4.1665500000	0.0006358236
4.1672600000	0.0006344952
4.1679800000	0.0006331694
4.1686900000	0.0006318456
4.1694000000	0.0006305242
4.1701200000	0.0006292049
4.1708300000	0.0006278878
4.1715400000	0.0006265731
4.1722500000	0.0006252604
4.1729700000	0.0006239498
4.1736800000	0.0006226419
4.1743900000	0.0006213358
4.1751100000	0.0006200321
4.1758200000	0.0006187306
4.1765300000	0.0006174314
4.1772500000	0.0006161343
4.1779600000	0.0006148396
4.1786700000	0.0006135470
4.1793800000	0.0006122566
4.1801000000	0.0006109685
4.1808100000	0.0006096825
4.1815200000	0.0006083991
4.1822400000	0.0006071175
4.1829500000	0.0006058386
4.1836600000	0.0006045616
4.1843700000	0.0006032867
4.1850900000	0.0006020145
4.1858000000	0.0006007445
4.1865100000	0.0005994764
4.1872300000	0.0005982107
4.1879400000	0.0005969470
4.1886500000	0.0005956858
4.1893700000	0.0005944270
4.1900800000	0.0005931701
4.1907900000	0.0005919155
4.1915000000	0.0005906634
4.1922200000	0.0005894131
4.1929300000	0.0005881654
4.1936400000	0.0005869199
4.1943600000	0.0005856766
4.1950700000	0.0005844266
4.1957800000	0.0005831877
4.1965000000	0.0005819510
4.1972100000	0.0005807166
4.1979200000	0.0005794847
4.1986300000	0.0005782550
4.1993500000	0.0005770272
4.2000600000	0.0005758157
4.2007700000	0.0005747562
4.2014900000	0.0005736953
4.2022000000	0.0005726328
4.2029100000	0.0005715690
4.2036200000	0.0005705032
4.2043400000	0.0005694364
4.2050500000	0.0005683683
4.2057600000	0.0005672983
4.2064800000	0.0005662272
4.2071900000	0.0005651547
4.2079000000	0.0005640808
4.2086200000	0.0005630052
4.2093300000	0.0005619283
4.2100400000	0.0005608505
4.2107500000	0.0005597708
4.2114700000	0.0005586901
4.2121800000	0.0005576079
4.2128900000	0.0005565243
4.2136100000	0.0005554392
4.2143200000	0.0005543531
4.2150300000	0.0005532657
4.2157500000	0.0005521767
4.2164600000	0.0005510864
4.2171700000	0.0005499951
4.2178800000	0.0005489022
4.2186000000	0.0005478084
4.2193100000	0.0005467131
4.2200200000	0.0005456166
4.2207400000	0.0005445191
4.2214500000	0.0005434202
4.2221600000	0.0005423199
4.2228700000	0.0005412186
4.2235900000	0.0005401163
4.2243000000	0.0005390122
4.2250100000	0.0005379076
4.2257300000	0.0005368015
4.2264400000	0.0005356943
4.2271500000	0.0005345861
4.2278700000	0.0005334765
4.2285800000	0.0005323660
4.2292900000	0.0005312545
4.2300000000	0.0005301416
4.2307200000	0.0005290279
4.2314300000	0.0005279133
4.2321400000	0.0005267974
4.2328600000	0.0005256803
4.2335700000	0.0005245625
4.2342800000	0.0005234436
4.2349900000	0.0005223236
4.2357100000	0.0005212029
4.2364200000	0.0005200811
4.2371300000	0.0005189584
4.2378500000	0.0005178346
4.2385600000	0.0005167098
4.2392700000	0.0005155842
4.2399900000	0.0005144579
4.2407000000	0.0005133306
4.2414100000	0.0005122025
4.2421200000	0.0005110735
4.2428400000	0.0005099438
4.2435500000	0.0005088130
4.2442600000	0.0005076815
4.2449800000	0.0005065493
4.2456900000	0.0005054160
4.2464000000	0.0005042822
4.2471200000	0.0005031476
4.2478300000	0.0005020123
4.2485400000	0.0005008763
4.2492500000	0.0004997396
4.2499700000	0.0004986022
4.2506800000	0.0004974642
4.2513900000	0.0004963256
4.2521100000	0.0004951864
4.2528200000	0.0004940464
4.2535300000	0.0004929059
4.2542400000	0.0004917646
4.2549600000	0.0004906228
4.2556700000	0.0004894806
4.2563800000	0.0004883378
4.2571000000	0.0004871946
4.2578100000	0.0004860508
4.2585200000	0.0004849065
4.2592400000	0.0004837616
4.2599500000	0.0004826164
4.2606600000	0.0004814707
4.2613700000	0.0004803246
4.2620900000	0.0004791780
4.2628000000	0.0004780311
4.2635100000	0.0004768838
4.2642300000	0.0004757363
4.2649400000	0.0004745884
4.2656500000	0.0004734401
4.2663700000	0.0004722916
4.2670800000	0.0004711430
4.2677900000	0.0004699936
4.2685000000	0.0004688444
4.2692200000	0.0004676947
4.2699300000	0.0004665449
4.2706400000	0.0004653951
4.2713600000	0.0004642449
4.2720700000	0.0004630947
4.2727800000	0.0004619441
4.2734900000	0.0004607935
4.2742100000	0.0004596428
4.2749200000	0.0004584922
4.2756300000	0.0004573413
4.2763500000	0.0004561904
4.2770600000	0.0004550397
4.2777700000	0.0004538887
4.2784900000	0.0004527379
4.2792000000	0.0004515869
4.2799100000	0.0004504362
4.2806200000	0.0004492851
4.2813400000	0.0004481346
4.2820500000	0.0004469840
4.2827600000	0.0004458336
4.2834800000	0.0004446833
4.2841900000	0.0004435330
4.2849000000	0.0004423830
4.2856200000	0.0004412330
4.2863300000	0.0004400835
4.2870400000	0.0004389340
4.2877500000	0.0004377850
4.2884700000	0.0004366360
4.2891800000	0.0004354877
4.2898900000	0.0004343389
4.2906100000	0.0004331911
4.2913200000	0.0004320434
4.2920300000	0.0004308962
4.2927400000	0.0004297491
4.2934600000	0.0004286028
4.2941700000	0.0004274568
4.2948800000	0.0004263108
4.2956000000	0.0004251656
4.2963100000	0.0004240209
4.2970200000	0.0004228765
4.2977400000	0.0004217328
4.2984500000	0.0004205896
4.2991600000	0.0004194467
4.2998700000	0.0004183047
4.3005900000	0.0004176981
4.3013000000	0.0004172058
4.3020100000	0.0004167129
4.3027300000	0.0004162190
4.3034400000	0.0004157246
4.3041500000	0.0004152295
4.3048600000	0.0004147338
4.3055800000	0.0004142373
4.3062900000	0.0004137404
4.3070000000	0.0004132423
4.3077200000	0.0004127437
4.3084300000	0.0004122445
4.3091400000	0.0004117446
4.3098600000	0.0004112436
4.3105700000	0.0004107421
4.3112800000	0.0004102400
4.3119900000	0.0004097370
4.3127100000	0.0004092332
4.3134200000	0.0004087287
4.3141300000	0.0004082234
4.3148500000	0.0004077172
4.3155600000	0.0004072103
4.3162700000	0.0004067028
4.3169900000	0.0004061944
4.3177000000	0.0004056850
4.3184100000	0.0004051749
4.3191200000	0.0004046640
4.3198400000	0.0004041523
4.3205500000	0.0004036396
4.3212600000	0.0004031261
4.3219800000	0.0004026119
4.3226900000	0.0004020968
4.3234000000	0.0004015809
4.3241100000	0.0004010640
4.3248300000	0.0004005461
4.3255400000	0.0004000275
4.3262500000	0.0003995080
4.3269700000	0.0003989874
4.3276800000	0.0003984661
4.3283900000	0.0003979438
4.3291100000	0.0003974205
4.3298200000	0.0003968963
4.3305300000	0.0003963711
4.3312400000	0.0003958451
4.3319600000	0.0003953181
4.3326700000	0.0003947902
4.3333800000	0.0003942611
4.3341000000	0.0003937314
4.3348100000	0.0003932003
4.3355200000	0.0003926685
4.3362400000	0.0003921356
4.3369500000	0.0003916015
4.3376600000	0.0003910667
4.3383700000	0.0003905307
4.3390900000	0.0003899938
4.3398000000	0.0003894555
4.3405100000	0.0003889166
4.3412300000	0.0003883764
4.3419400000	0.0003878354
4.3426500000	0.0003872929
4.3433600000	0.0003867495
4.3440800000	0.0003862050
4.3447900000	0.0003856596
4.3455000000	0.0003851129
4.3462200000	0.0003845650
4.3469300000	0.0003840160
4.3476400000	0.0003834660
4.3483600000	0.0003829151
4.3490700000	0.0003823628
4.3497800000	0.0003818093
4.3504900000	0.0003812546
4.3512100000	0.0003806989
4.3519200000	0.0003801418
4.3526300000	0.0003795837
4.3533500000	0.0003790244
4.3540600000	0.0003784641
4.3547700000	0.0003779021
4.3554900000	0.0003773392
4.3562000000	0.0003767747
4.3569100000	0.0003762094
4.3576200000	0.0003756429
4.3583400000	0.0003750750
4.3590500000	0.0003745059
4.3597600000	0.0003739352
4.3604800000	0.0003733636
4.3611900000	0.0003727906
4.3619000000	0.0003722168
4.3626100000	0.0003716410
4.3633300000	0.0003710640
4.3640400000	0.0003704858
4.3647500000	0.0003699063
4.3654700000	0.0003693255
4.3661800000	0.0003687434
4.3668900000	0.0003681599
4.3676100000	0.0003675749
4.3683200000	0.0003669885
4.3690300000	0.0003664009
4.3697400000	0.0003658120
4.3704600000	0.0003652218
4.3711700000	0.0003646298
4.3718800000	0.0003640369
4.3726000000	0.0003634424
4.3733100000	0.0003628464
4.3740200000	0.0003622489
4.3747300000	0.0003616501
4.3754500000	0.0003610498
4.3761600000	0.0003604482
4.3768700000	0.0003598449
4.3775900000	0.0003592404
4.3783000000	0.0003586343
4.3790100000	0.0003580265
4.3797300000	0.0003574175
4.3804400000	0.0003568073
4.3811500000	0.0003561951
4.3818600000	0.0003555813
4.3825800000	0.0003549664
4.3832900000	0.0003543499
4.3840000000	0.0003537317
4.3847200000	0.0003531119
4.3854300000	0.0003524909
4.3861400000	0.0003518681
4.3868600000	0.0003512437
4.3875700000	0.0003506178
4.3882800000	0.0003499905
4.3889900000	0.0003493614
4.3897100000	0.0003487306
4.3904200000	0.0003480985
4.3911300000	0.0003474644
4.3918500000	0.0003468290
4.3925600000	0.0003461921
4.3932700000	0.0003455532
4.3939800000	0.0003449129
4.3947000000	0.0003442710
4.3954100000	0.0003436275
4.3961200000	0.0003429821
4.3968400000	0.0003423352
4.3975500000	0.0003416866
4.3982600000	0.0003410363
4.3989800000	0.0003403842
4.3996900000	0.0003397304
4.4004000000	0.0003392374
4.4011100000	0.0003388696
4.4018300000	0.0003385020
4.4025400000	0.0003381341
4.4032500000	0.0003377661
4.4039700000	0.0003373979
4.4046800000	0.0003370296
4.4053900000	0.0003366610
4.4061100000	0.0003362923
4.4068200000	0.0003359235
4.4075300000	0.0003355544
4.4082400000	0.0003351853
4.4089600000	0.0003348160
4.4096700000	0.0003344465
4.4103800000	0.0003340768
4.4111000000	0.0003337072
4.4118100000	0.0003333372
4.4125200000	0.0003329666
4.4132300000	0.0003325963
4.4139500000	0.0003322255
4.4146600000	0.0003318549
4.4153700000	0.0003314838
4.4160900000	0.0003311124
4.4168000000	0.0003307412
4.4175100000	0.0003303695
4.4182300000	0.0003299975
4.4189400000	0.0003296258
4.4196500000	0.0003292533
4.4203600000	0.0003288807
4.4210800000	0.0003285078
4.4217900000	0.0003281348
4.4225000000	0.0003277616
4.4232200000	0.0003273883
4.4239300000	0.0003270144
4.4246400000	0.0003266405
4.4253600000	0.0003262662
4.4260700000	0.0003258919
4.4267800000	0.0003255170
4.4274900000	0.0003251420
4.4282100000	0.0003247667
4.4289200000	0.0003243912
4.4296300000	0.0003240154
4.4303500000	0.0003236391
4.4310600000	0.0003232628
4.4317700000	0.0003228862
4.4324800000	0.0003225090
4.4332000000	0.0003221317
4.4339100000	0.0003217542
4.4346200000	0.0003213763
4.4353400000	0.0003209982
4.4360500000	0.0003206197
4.4367600000	0.0003202407
4.4374800000	0.0003198618
4.4381900000	0.0003194822
4.4389000000	0.0003191023
4.4396100000	0.0003187220
4.4403300000	0.0003183415
4.4410400000	0.0003179609
4.4417500000	0.0003175799
4.4424700000	0.0003171982
4.4431800000	0.0003168165
4.4438900000	0.0003164340
4.4446000000	0.0003160514
4.4453200000	0.0003156684
4.4460300000	0.0003152850
4.4467400000	0.0003149015
4.4474600000	0.0003145173
4.4481700000	0.0003141331
4.4488800000	0.0003137480
4.4496000000	0.0003133628
4.4503100000	0.0003129770
4.4510200000	0.0003125910
4.4517300000	0.0003122046
4.4524500000	0.0003118176
4.4531600000	0.0003114302
4.4538700000	0.0003110424
4.4545900000	0.0003106544
4.4553000000	0.0003102658
4.4560100000	0.0003098768
4.4567300000	0.0003094874
4.4574400000	0.0003090974
4.4581500000	0.0003087070
4.4588600000	0.0003083163
4.4595800000	0.0003079248
4.4602900000	0.0003075331
4.4610000000	0.0003071409
4.4617200000	0.0003067482
4.4624300000	0.0003063551
4.4631400000	0.0003059614
4.4638500000	0.0003055672
4.4645700000	0.0003051725
4.4652800000	0.0003047774
4.4659900000	0.0003043815
4.4667100000	0.0003039855
4.4674200000	0.0003035886
4.4681300000	0.0003031917
4.4688500000	0.0003027938
4.4695600000	0.0003023956
4.4702700000	0.0003019969
4.4709800000	0.0003015974
4.4717000000	0.0003011979
4.4724100000	0.0003007972
4.4731200000	0.0003003963
4.4738400000	0.0002999947
4.4745500000	0.0002995927
4.4752600000	0.0002991899
4.4759800000	0.0002987866
4.4766900000	0.0002983826
4.4774000000	0.0002979783
4.4781100000	0.0002975732
4.4788300000	0.0002971675
4.4795400000	0.0002967612
4.4802500000	0.0002963544
4.4809700000	0.0002959470
4.4816800000	0.0002955388
4.4823900000	0.0002951302
4.4831000000	0.0002947211
4.4838200000	0.0002943110
4.4845300000	0.0002939003
4.4852400000	0.0002934890
4.4859600000	0.0002930770
4.4866700000	0.0002926644
4.4873800000	0.0002922511
4.4881000000	0.0002918373
4.4888100000	0.0002914226
4.4895200000	0.0002910073
4.4902300000	0.0002905913
4.4909500000	0.0002901745
4.4916600000	0.0002897574
4.4923700000	0.0002893391
4.4930900000	0.0002889204
4.4938000000	0.0002885007
4.4945100000	0.0002880805
4.4952300000	0.0002876595
4.4959400000	0.0002872377
4.4966500000	0.0002868152
4.4973600000	0.0002863920
4.4980800000	0.0002859680
4.4987900000	0.0002855434
4.4995000000	0.0002851176
4.5002200000	0.0002847536
4.5009300000	0.0002845326
4.5016400000	0.0002843117
4.5023500000	0.0002840911
4.5030700000	0.0002838707
4.5037800000	0.0002836502
4.5044900000	0.0002834300
4.5052100000	0.0002832096
4.5059200000	0.0002829900
4.5066300000	0.0002827698
4.5073500000	0.0002825501
4.5080600000	0.0002823307
4.5087700000	0.0002821113
4.5094800000	0.0002818919
4.5102000000	0.0002816725
4.5109100000	0.0002814535
4.5116200000	0.0002812347
4.5123400000	0.0002810158
4.5130500000	0.0002807972
4.5137600000	0.0002805788
4.5144700000	0.0002803603
4.5151900000	0.0002801418
4.5159000000	0.0002799235
4.5166100000	0.0002797058
4.5173300000	0.0002794874
4.5180400000	0.0002792700
4.5187500000	0.0002790519
4.5194700000	0.0002788343
4.5201800000	0.0002786169
4.5208900000	0.0002783994
4.5216000000	0.0002781821
4.5223200000	0.0002779647
4.5230300000	0.0002777476
4.5237400000	0.0002775307
4.5244600000	0.0002773138
4.5251700000	0.0002770971
4.5258800000	0.0002768804
4.5266000000	0.0002766637
4.5273100000	0.0002764469
4.5280200000	0.0002762306
4.5287300000	0.0002760143
4.5294500000	0.0002757979
4.5301600000	0.0002755817
4.5308700000	0.0002753658
4.5315900000	0.0002751495
4.5323000000	0.0002749335
4.5330100000	0.0002747178
4.5337200000	0.0002745020
4.5344400000	0.0002742864
4.5351500000	0.0002740704
4.5358600000	0.0002738549
4.5365800000	0.0002736395
4.5372900000	0.0002734240
4.5380000000	0.0002732087
4.5387200000	0.0002729932
4.5394300000	0.0002727779
4.5401400000	0.0002725629
4.5408500000	0.0002723475
4.5415700000	0.0002721325
4.5422800000	0.0002719177
4.5429900000	0.0002717026
4.5437100000	0.0002714874
4.5444200000	0.0002712727
4.5451300000	0.0002710577
4.5458500000	0.0002708431
4.5465600000	0.0002706282
4.5472700000	0.0002704134
4.5479800000	0.0002701989
4.5487000000	0.0002699841
4.5494100000	0.0002697694
4.5501200000	0.0002695548
4.5508400000	0.0002693404
4.5515500000	0.0002691258
4.5522600000	0.0002689111
4.5529700000	0.0002686968
4.5536900000	0.0002684821
4.5544000000	0.0002682676
4.5551100000	0.0002680534
4.5558300000	0.0002678386
4.5565400000	0.0002676242
4.5572500000	0.0002674099
4.5579700000	0.0002671955
4.5586800000	0.0002669811
4.5593900000	0.0002667666
4.5601000000	0.0002665522
4.5608200000	0.0002663377
4.5615300000	0.0002661231
4.5622400000	0.0002659089
4.5629600000	0.0002656942
4.5636700000	0.0002654797
4.5643800000	0.0002652653
4.5651000000	0.0002650507
4.5658100000	0.0002648362
4.5665200000	0.0002646215
4.5672300000	0.0002644068
4.5679500000	0.0002641921
4.5686600000	0.0002639773
4.5693700000	0.0002637629
4.5700900000	0.0002635476
4.5708000000	0.0002633327
4.5715100000	0.0002631178
4.5722200000	0.0002629031
4.5729400000	0.0002626881
4.5736500000	0.0002624732
4.5743600000	0.0002622580
4.5750800000	0.0002620429
4.5757900000	0.0002618277
4.5765000000	0.0002616124
4.5772200000	0.0002613971
4.5779300000	0.0002611818
4.5786400000	0.0002609662
4.5793500000	0.0002607507
4.5800700000	0.0002605352
4.5807800000	0.0002603194
4.5814900000	0.0002601037
4.5822100000	0.0002598878
4.5829200000	0.0002596718
4.5836300000	0.0002594558
4.5843400000	0.0002592395
4.5850600000	0.0002590233
4.5857700000	0.0002588067
4.5864800000	0.0002585902
4.5872000000	0.0002583737
4.5879100000	0.0002581572
4.5886200000	0.0002579402
4.5893400000	0.0002577232
4.5900500000	0.0002575062
4.5907600000	0.0002572889
4.5914700000	0.0002570718
4.5921900000	0.0002568542
4.5929000000	0.0002566365
4.5936100000	0.0002564188
4.5943300000	0.0002562007
4.5950400000	0.0002559827
4.5957500000	0.0002557644
4.5964700000	0.0002555462
4.5971800000	0.0002553276
4.5978900000	0.0002551088
4.5986000000	0.0002548900
4.5993200000	0.0002546709
4.6000300000	0.0002544560
4.6007400000	0.0002543382
4.6014600000	0.0002542210
4.6021700000	0.0002541042
4.6028800000	0.0002539877
4.6035900000	0.0002538714
4.6043100000	0.0002537558
4.6050200000	0.0002536401
4.6057300000	0.0002535250
4.6064500000	0.0002534105
4.6071600000	0.0002532961
4.6078700000	0.0002531819
4.6085900000	0.0002530683
4.6093000000	0.0002529549
4.6100100000	0.0002528419
4.6107200000	0.0002527295
4.6114400000	0.0002526169
4.6121500000	0.0002525051
4.6128600000	0.0002523937
4.6135800000	0.0002522825
4.6142900000	0.0002521718
4.6150000000	0.0002520612
4.6157200000	0.0002519510
4.6164300000	0.0002518414
4.6171400000	0.0002517320
4.6178500000	0.0002516228
4.6185700000	0.0002515144
4.6192800000	0.0002514063
4.6199900000	0.0002512984
4.6207100000	0.0002511906
4.6214200000	0.0002510836
4.6221300000	0.0002509764
4.6228400000	0.0002508700
4.6235600000	0.0002507642
4.6242700000	0.0002506584
4.6249800000	0.0002505531
4.6257000000	0.0002504481
4.6264100000	0.0002503433
4.6271200000	0.0002502392
4.6278400000	0.0002501354
4.6285500000	0.0002500317
4.6292600000	0.0002499287
4.6299700000	0.0002498259
4.6306900000	0.0002497235
4.6314000000	0.0002496213
4.6321100000	0.0002495197
4.6328300000	0.0002494185
4.6335400000	0.0002493175
4.6342500000	0.0002492170
4.6349600000	0.0002491168
4.6356800000	0.0002490170
4.6363900000	0.0002489178
4.6371000000	0.0002488184
4.6378200000	0.0002487198
4.6385300000	0.0002486213
4.6392400000	0.0002485235
4.6399600000	0.0002484261
4.6406700000	0.0002483288
4.6413800000	0.0002482321
4.6420900000	0.0002481355
4.6428100000	0.0002480395
4.6435200000	0.0002479440
4.6442300000	0.0002478486
4.6449500000	0.0002477537
4.6456600000	0.0002476591
4.6463700000	0.0002475648
4.6470900000	0.0002474715
4.6478000000	0.0002473779
4.6485100000	0.0002472849
4.6492200000	0.0002471923
4.6499400000	0.0002471002
4.6506500000	0.0002470083
4.6513600000	0.0002469167
4.6520800000	0.0002468257
4.6527900000	0.0002467350
4.6535000000	0.0002466448
4.6542100000	0.0002465549
4.6549300000	0.0002464654
4.6556400000	0.0002463763
4.6563500000	0.0002462874
4.6570700000	0.0002461992
4.6577800000	0.0002461113
4.6584900000	0.0002460239
4.6592100000	0.0002459366
4.6599200000	0.0002458498
4.6606300000	0.0002457631
4.6613400000	0.0002456774
4.6620600000	0.0002455917
4.6627700000	0.0002455067
4.6634800000	0.0002454219
4.6642000000	0.0002453373
4.6649100000	0.0002452535
4.6656200000	0.0002451697
4.6663400000	0.0002450866
4.6670500000	0.0002450038
4.6677600000	0.0002449214
4.6684700000	0.0002448392
4.6691900000	0.0002447579
4.6699000000	0.0002446767
4.6706100000	0.0002445960
4.6713300000	0.0002445155
4.6720400000	0.0002444355
4.6727500000	0.0002443560
4.6734600000	0.0002442766
4.6741800000	0.0002441979
4.6748900000	0.0002441196
4.6756000000	0.0002440417
4.6763200000	0.0002439639
4.6770300000	0.0002438869
4.6777400000	0.0002438102
4.6784600000	0.0002437339
4.6791700000	0.0002436579
4.6798800000	0.0002435826
4.6805900000	0.0002435074
4.6813100000	0.0002434327
4.6820200000	0.0002433587
4.6827300000	0.0002432848
4.6834500000	0.0002432115
4.6841600000	0.0002431384
4.6848700000	0.0002430657
4.6855900000	0.0002429938
4.6863000000	0.0002429220
4.6870100000	0.0002428506
4.6877200000	0.0002427798
4.6884400000	0.0002427093
4.6891500000	0.0002426394
4.6898600000	0.0002425698
4.6905800000	0.0002425007
4.6912900000	0.0002424321
4.6920000000	0.0002423636
4.6927100000	0.0002422958
4.6934300000	0.0002422282
4.6941400000	0.0002421613
4.6948500000	0.0002420945
4.6955700000	0.0002420285
4.6962800000	0.0002419627
4.6969900000	0.0002418972
4.6977100000	0.0002418328
4.6984200000	0.0002417682
4.6991300000	0.0002417042
4.6998400000	0.0002416408
4.7005600000	0.0002415394
4.7012700000	0.0002414279
4.7019800000	0.0002413167
4.7027000000	0.0002412056
4.7034100000	0.0002410950
4.7041200000	0.0002409846
4.7048300000	0.0002408745
4.7055500000	0.0002407647
4.7062600000	0.0002406553
4.7069700000	0.0002405463
4.7076900000	0.0002404375
4.7084000000	0.0002403285
4.7091100000	0.0002402205
4.7098300000	0.0002401125
4.7105400000	0.0002400049
4.7112500000	0.0002398975
4.7119600000	0.0002397903
4.7126800000	0.0002396836
4.7133900000	0.0002395772
4.7141000000	0.0002394710
4.7148200000	0.0002393651
4.7155300000	0.0002392595
4.7162400000	0.0002391543
4.7169600000	0.0002390494
4.7176700000	0.0002389446
4.7183800000	0.0002388403
4.7190900000	0.0002387362
4.7198100000	0.0002386325
4.7205200000	0.0002385289
4.7212300000	0.0002384256
4.7219500000	0.0002383227
4.7226600000	0.0002382204
4.7233700000	0.0002381179
4.7240800000	0.0002380161
4.7248000000	0.0002379144
4.7255100000	0.0002378131
4.7262200000	0.0002377121
4.7269400000	0.0002376114
4.7276500000	0.0002375108
4.7283600000	0.0002374107
4.7290800000	0.0002373110
4.7297900000	0.0002372113
4.7305000000	0.0002371121
4.7312100000	0.0002370132
4.7319300000	0.0002369149
4.7326400000	0.0002368163
4.7333500000	0.0002367186
4.7340700000	0.0002366207
4.7347800000	0.0002365232
4.7354900000	0.0002364262
4.7362100000	0.0002363295
4.7369200000	0.0002362331
4.7376300000	0.0002361369
4.7383400000	0.0002360411
4.7390600000	0.0002359454
4.7397700000	0.0002358502
4.7404800000	0.0002357553
4.7412000000	0.0002356608
4.7419100000	0.0002355665
4.7426200000	0.0002354724
4.7433300000	0.0002353788
4.7440500000	0.0002352854
4.7447600000	0.0002351923
4.7454700000	0.0002350996
4.7461900000	0.0002350071
4.7469000000	0.0002349151
4.7476100000	0.0002348231
4.7483300000	0.0002347317
4.7490400000	0.0002346405
4.7497500000	0.0002345496
4.7504600000	0.0002344591
4.7511800000	0.0002343688
4.7518900000	0.0002342788
4.7526000000	0.0002341893
4.7533200000	0.0002340999
4.7540300000	0.0002340109
4.7547400000	0.0002339223
4.7554600000	0.0002338338
4.7561700000	0.0002337460
4.7568800000	0.0002336581
4.7575900000	0.0002335707
4.7583100000	0.0002334834
4.7590200000	0.0002333967
4.7597300000	0.0002333103
4.7604500000	0.0002332239
4.7611600000	0.0002331384
4.7618700000	0.0002330527
4.7625800000	0.0002329674
4.7633000000	0.0002328826
4.7640100000	0.0002327978
4.7647200000	0.0002327135
4.7654400000	0.0002326298
4.7661500000	0.0002325461
4.7668600000	0.0002324626
4.7675800000	0.0002323797
4.7682900000	0.0002322970
4.7690000000	0.0002322148
4.7697100000	0.0002321325
4.7704300000	0.0002320509
4.7711400000	0.0002319696
4.7718500000	0.0002318886
4.7725700000	0.0002318078
4.7732800000	0.0002317274
4.7739900000	0.0002316474
4.7747000000	0.0002315678
4.7754200000	0.0002314882
4.7761300000	0.0002314093
4.7768400000	0.0002313305
4.7775600000	0.0002312521
4.7782700000	0.0002311738
4.7789800000	0.0002310961
4.7797000000	0.0002310188
4.7804100000	0.0002309414
4.7811200000	0.0002308647
4.7818300000	0.0002307882
4.7825500000	0.0002307121
4.7832600000	0.0002306362
4.7839700000	0.0002305607
4.7846900000	0.0002304855
4.7854000000	0.0002304106
4.7861100000	0.0002303364
4.7868300000	0.0002302620
4.7875400000	0.0002301882
4.7882500000	0.0002301147
4.7889600000	0.0002300414
4.7896800000	0.0002299687
4.7903900000	0.0002298963
4.7911000000	0.0002298241
4.7918200000	0.0002297522
4.7925300000	0.0002296809
4.7932400000	0.0002296097
4.7939500000	0.0002295388
4.7946700000	0.0002294682
4.7953800000	0.0002293981
4.7960900000	0.0002293283
4.7968100000	0.0002292588
4.7975200000	0.0002291895
4.7982300000	0.0002291209
4.7989500000	0.0002290524
4.7996600000	0.0002289842
4.8003700000	0.0002288882
4.8010800000	0.0002287661
4.8018000000	0.0002286443
4.8025100000	0.0002285228
4.8032200000	0.0002284018
4.8039400000	0.0002282806
4.8046500000	0.0002281597
4.8053600000	0.0002280392
4.8060800000	0.0002279188
4.8067900000	0.0002277988
4.8075000000	0.0002276790
4.8082100000	0.0002275595
4.8089300000	0.0002274398
4.8096400000	0.0002273208
4.8103500000	0.0002272019
4.8110700000	0.0002270831
4.8117800000	0.0002269645
4.8124900000	0.0002268464
4.8132000000	0.0002267284
4.8139200000	0.0002266107
4.8146300000	0.0002264932
4.8153400000	0.0002263760
4.8160600000	0.0002262587
4.8167700000	0.0002261420
4.8174800000	0.0002260254
4.8182000000	0.0002259089
4.8189100000	0.0002257928
4.8196200000	0.0002256770
4.8203300000	0.0002255612
4.8210500000	0.0002254459
4.8217600000	0.0002253309
4.8224700000	0.0002252157
4.8231900000	0.0002251010
4.8239000000	0.0002249866
4.8246100000	0.0002248723
4.8253300000	0.0002247582
4.8260400000	0.0002246446
4.8267500000	0.0002245310
4.8274600000	0.0002244177
4.8281800000	0.0002243045
4.8288900000	0.0002241916
4.8296000000	0.0002240791
4.8303200000	0.0002239667
4.8310300000	0.0002238543
4.8317400000	0.0002237425
4.8324500000	0.0002236309
4.8331700000	0.0002235192
4.8338800000	0.0002234081
4.8345900000	0.0002232972
4.8353100000	0.0002231862
4.8360200000	0.0002230756
4.8367300000	0.0002229657
4.8374500000	0.0002228554
4.8381600000	0.0002227457
4.8388700000	0.0002226359
4.8395800000	0.0002225267
4.8403000000	0.0002224175
4.8410100000	0.0002223085
4.8417200000	0.0002222000
4.8424400000	0.0002220915
4.8431500000	0.0002219833
4.8438600000	0.0002218753
4.8445700000	0.0002217675
4.8452900000	0.0002216602
4.8460000000	0.0002215530
4.8467100000	0.0002214460
4.8474300000	0.0002213391
4.8481400000	0.0002212324
4.8488500000	0.0002211261
4.8495700000	0.0002210199
4.8502800000	0.0002209144
4.8509900000	0.0002208084
4.8517000000	0.0002207031
4.8524200000	0.0002205980
4.8531300000	0.0002204931
4.8538400000	0.0002203883
4.8545600000	0.0002202837
4.8552700000	0.0002201794
4.8559800000	0.0002200756
4.8567000000	0.0002199717
4.8574100000	0.0002198684
4.8581200000	0.0002197651
4.8588300000	0.0002196618
4.8595500000	0.0002195590
4.8602600000	0.0002194564
4.8609700000	0.0002193538
4.8616900000	0.0002192518
4.8624000000	0.0002191499
4.8631100000	0.0002190483
4.8638200000	0.0002189469
4.8645400000	0.0002188456
4.8652500000	0.0002187447
4.8659600000	0.0002186439
4.8666800000	0.0002185434
4.8673900000	0.0002184430
4.8681000000	0.0002183432
4.8688200000	0.0002182434
4.8695300000	0.0002181437
4.8702400000	0.0002180443
4.8709500000	0.0002179453
4.8716700000	0.0002178464
4.8723800000	0.0002177477
4.8730900000	0.0002176494
4.8738100000	0.0002175512
4.8745200000	0.0002174533
4.8752300000	0.0002173556
4.8759500000	0.0002172580
4.8766600000	0.0002171609
4.8773700000	0.0002170639
4.8780800000	0.0002169671
4.8788000000	0.0002168707
4.8795100000	0.0002167744
4.8802200000	0.0002166783
4.8809400000	0.0002165826
4.8816500000	0.0002164868
4.8823600000	0.0002163913
4.8830700000	0.0002162963
4.8837900000	0.0002162017
4.8845000000	0.0002161067
4.8852100000	0.0002160123
4.8859300000	0.0002159180
4.8866400000	0.0002158244
4.8873500000	0.0002157306
4.8880700000	0.0002156370
4.8887800000	0.0002155438
4.8894900000	0.0002154507
4.8902000000	0.0002153580
4.8909200000	0.0002152654
4.8916300000	0.0002151732
4.8923400000	0.0002150810
4.8930600000	0.0002149892
4.8937700000	0.0002148977
4.8944800000	0.0002148063
4.8952000000	0.0002147153
4.8959100000	0.0002146245
4.8966200000	0.0002145336
4.8973300000	0.0002144431
4.8980500000	0.0002143529
4.8987600000	0.0002142633
4.8994700000	0.0002141733
4.9001900000	0.0002140742
4.9009000000	0.0002139485
4.9016100000	0.0002138228
4.9023200000	0.0002136973
4.9030400000	0.0002135719
4.9037500000	0.0002134469
4.9044600000	0.0002133219
4.9051800000	0.0002131972
4.9058900000	0.0002130725
4.9066000000	0.0002129483
4.9073200000	0.0002128241
4.9080300000	0.0002127002
4.9087400000	0.0002125763
4.9094500000	0.0002124526
4.9101700000	0.0002123291
4.9108800000	0.0002122059
4.9115900000	0.0002120826
4.9123100000	0.0002119597
4.9130200000	0.0002118370
4.9137300000	0.0002117142
4.9144400000	0.0002115919
4.9151600000	0.0002114695
4.9158700000	0.0002113476
4.9165800000	0.0002112257
4.9173000000	0.0002111039
4.9180100000	0.0002109826
4.9187200000	0.0002108615
4.9194400000	0.0002107400
4.9201500000	0.0002106191
4.9208600000	0.0002104986
4.9215700000	0.0002103777
4.9222900000	0.0002102574
4.9230000000	0.0002101372
4.9237100000	0.0002100171
4.9244300000	0.0002098972
4.9251400000	0.0002097775
4.9258500000	0.0002096581
4.9265700000	0.0002095387
4.9272800000	0.0002094195
4.9279900000	0.0002093005
4.9287000000	0.0002091818
4.9294200000	0.0002090630
4.9301300000	0.0002089445
4.9308400000	0.0002088262
4.9315600000	0.0002087083
4.9322700000	0.0002085901
4.9329800000	0.0002084727
4.9336900000	0.0002083550
4.9344100000	0.0002082376
4.9351200000	0.0002081203
4.9358300000	0.0002080034
4.9365500000	0.0002078866
4.9372600000	0.0002077698
4.9379700000	0.0002076533
4.9386900000	0.0002075371
4.9394000000	0.0002074207
4.9401100000	0.0002073050
4.9408200000	0.0002071889
4.9415400000	0.0002070734
4.9422500000	0.0002069579
4.9429600000	0.0002068427
4.9436800000	0.0002067277
4.9443900000	0.0002066127
4.9451000000	0.0002064980
4.9458200000	0.0002063834
4.9465300000	0.0002062691
4.9472400000	0.0002061548
4.9479500000	0.0002060408
4.9486700000	0.0002059268
4.9493800000	0.0002058133
4.9500900000	0.0002056996
4.9508100000	0.0002055862
4.9515200000	0.0002054732
4.9522300000	0.0002053601
4.9529400000	0.0002052474
4.9536600000	0.0002051347
4.9543700000	0.0002050223
4.9550800000	0.0002049098
4.9558000000	0.0002047979
4.9565100000	0.0002046858
4.9572200000	0.0002045742
4.9579400000	0.0002044626
4.9586500000	0.0002043511
4.9593600000	0.0002042398
4.9600700000	0.0002041288
4.9607900000	0.0002040178
4.9615000000	0.0002039071
4.9622100000	0.0002037966
4.9629300000	0.0002036864
4.9636400000	0.0002035760
4.9643500000	0.0002034658
4.9650700000	0.0002033561
4.9657800000	0.0002032464
4.9664900000	0.0002031368
4.9672000000	0.0002030275
4.9679200000	0.0002029183
4.9686300000	0.0002028093
4.9693400000	0.0002027006
4.9700600000	0.0002025916
4.9707700000	0.0002024833
4.9714800000	0.0002023748
4.9721900000	0.0002022669
4.9729100000	0.0002021588
4.9736200000	0.0002020511
4.9743300000	0.0002019433
4.9750500000	0.0002018359
4.9757600000	0.0002017285
4.9764700000	0.0002016216
4.9771900000	0.0002015146
4.9779000000	0.0002014076
4.9786100000	0.0002013011
4.9793200000	0.0002011948
4.9800400000	0.0002010884
4.9807500000	0.0002009824
4.9814600000	0.0002008764
4.9821800000	0.0002007707
4.9828900000	0.0002006650
4.9836000000	0.0002005595
4.9843100000	0.0002004542
4.9850300000	0.0002003492
4.9857400000	0.0002002442
4.9864500000	0.0002001395
4.9871700000	0.0002000350
4.9878800000	0.0001999306
4.9885900000	0.0001998265
4.9893100000	0.0001997222
4.9900200000	0.0001996183
4.9907300000	0.0001995146
4.9914400000	0.0001994110
4.9921600000	0.0001993077
4.9928700000	0.0001992044
4.9935800000	0.0001991013
4.9943000000	0.0001989986
4.9950100000	0.0001988959
4.9957200000	0.0001987931
4.9964400000	0.0001986909
4.9971500000	0.0001985884
4.9978600000	0.0001984866
4.9985700000	0.0001983847
4.9992900000	0.0001982830
5.0000000000	0.0001981814
