# energy (eV)    P(omega), $W_{\text{p}}/W$ = 0.50, $h/W$ = 0.60, $d/W$ = 0.20, x/W = 0.0, $E_{\rm e}$ = 200 keV
0.0100000000	0.0054751190
0.0107130000	0.0057458582
0.0114259000	0.0060229813
0.0121389000	0.0063059390
0.0128518000	0.0065942258
0.0135648000	0.0068873871
0.0142778000	0.0071849965
0.0149907000	0.0074866648
0.0157037000	0.0077920316
0.0164166000	0.0081007581
0.0171296000	0.0084125402
0.0178425000	0.0087270670
0.0185555000	0.0090440775
0.0192685000	0.0093633139
0.0199814000	0.0096845249
0.0206944000	0.0100074841
0.0214073000	0.0103319795
0.0221203000	0.0106578039
0.0228333000	0.0109847662
0.0235462000	0.0113126783
0.0242592000	0.0116413740
0.0249721000	0.0119706746
0.0256851000	0.0123004449
0.0263981000	0.0126305162
0.0271110000	0.0129607602
0.0278240000	0.0132910337
0.0285369000	0.0136212111
0.0292499000	0.0139511718
0.0299629000	0.0142807971
0.0306758000	0.0146099748
0.0313888000	0.0149386041
0.0321017000	0.0152665746
0.0328147000	0.0155937961
0.0335276000	0.0159201860
0.0342406000	0.0162456388
0.0349536000	0.0165700775
0.0356665000	0.0168934204
0.0363795000	0.0172155925
0.0370924000	0.0175365272
0.0378054000	0.0178561453
0.0385184000	0.0181743806
0.0392313000	0.0184911808
0.0399443000	0.0188064752
0.0406572000	0.0191202052
0.0413702000	0.0194323244
0.0420832000	0.0197427812
0.0427961000	0.0200515104
0.0435091000	0.0203584828
0.0442220000	0.0206636393
0.0449350000	0.0209669484
0.0456479000	0.0212683629
0.0463609000	0.0215678477
0.0470739000	0.0218653671
0.0477868000	0.0221608754
0.0484998000	0.0224543559
0.0492127000	0.0227457662
0.0499257000	0.0230350880
0.0506387000	0.0233222788
0.0513516000	0.0236073231
0.0520646000	0.0238901918
0.0527775000	0.0241708628
0.0534905000	0.0244493170
0.0542035000	0.0247255325
0.0549164000	0.0249994914
0.0556294000	0.0252711777
0.0563423000	0.0255405707
0.0570553000	0.0258076534
0.0577683000	0.0260724253
0.0584812000	0.0263348536
0.0591942000	0.0265949517
0.0599071000	0.0268526801
0.0606201000	0.0271080496
0.0613330000	0.0273610540
0.0620460000	0.0276116677
0.0627590000	0.0278599032
0.0634719000	0.0281057393
0.0641849000	0.0283491810
0.0648978000	0.0285902265
0.0656108000	0.0288288580
0.0663238000	0.0290650810
0.0670367000	0.0292989055
0.0677497000	0.0295303152
0.0684626000	0.0297593157
0.0691756000	0.0299859073
0.0698886000	0.0302100875
0.0706015000	0.0304318660
0.0713145000	0.0306512354
0.0720274000	0.0308682024
0.0727404000	0.0310827827
0.0734534000	0.0312949564
0.0741663000	0.0315047452
0.0748793000	0.0317121513
0.0755922000	0.0319171786
0.0763052000	0.0321198367
0.0770181000	0.0323201282
0.0777311000	0.0325180530
0.0784441000	0.0327136338
0.0791570000	0.0329068805
0.0798700000	0.0330977776
0.0805829000	0.0332863585
0.0812959000	0.0334726188
0.0820089000	0.0336565705
0.0827218000	0.0338382284
0.0834348000	0.0340175983
0.0841477000	0.0341946853
0.0848607000	0.0343695082
0.0855737000	0.0345420763
0.0862866000	0.0347123940
0.0869996000	0.0348804875
0.0877125000	0.0350463618
0.0884255000	0.0352100202
0.0891384000	0.0353714881
0.0898514000	0.0355307681
0.0905644000	0.0356878767
0.0912773000	0.0358428209
0.0919903000	0.0359956314
0.0927032000	0.0361463018
0.0934162000	0.0362948551
0.0941292000	0.0364413059
0.0948421000	0.0365856605
0.0955551000	0.0367279482
0.0962680000	0.0368681693
0.0969810000	0.0370063365
0.0976940000	0.0371424693
0.0984069000	0.0372765867
0.0991199000	0.0374087017
0.0998328000	0.0375388216
0.1005460000	0.0376669681
0.1012590000	0.0377931502
0.1019720000	0.0379173881
0.1026850000	0.0380396981
0.1033980000	0.0381600945
0.1041110000	0.0382785848
0.1048240000	0.0383951951
0.1055370000	0.0385099322
0.1062490000	0.0386228138
0.1069620000	0.0387338620
0.1076750000	0.0388430889
0.1083880000	0.0389505048
0.1091010000	0.0390561298
0.1098140000	0.0391599724
0.1105270000	0.0392620654
0.1112400000	0.0393624124
0.1119530000	0.0394610239
0.1126660000	0.0395579248
0.1133790000	0.0396531296
0.1140920000	0.0397466471
0.1148050000	0.0398385045
0.1155180000	0.0399287069
0.1162310000	0.0400172774
0.1169440000	0.0401042246
0.1176570000	0.0401895733
0.1183700000	0.0402733311
0.1190830000	0.0403555160
0.1197960000	0.0404361466
0.1205090000	0.0405152359
0.1212220000	0.0405928003
0.1219350000	0.0406688487
0.1226480000	0.0407434004
0.1233600000	0.0408164881
0.1240730000	0.0408881004
0.1247860000	0.0409582632
0.1254990000	0.0410269980
0.1262120000	0.0410943157
0.1269250000	0.0411602254
0.1276380000	0.0412247522
0.1283510000	0.0412879029
0.1290640000	0.0413496995
0.1297770000	0.0414101517
0.1304900000	0.0414692743
0.1312030000	0.0415270870
0.1319160000	0.0415835993
0.1326290000	0.0416388308
0.1333420000	0.0416927976
0.1340550000	0.0417455068
0.1347680000	0.0417969741
0.1354810000	0.0418472176
0.1361940000	0.0418962507
0.1369070000	0.0419440890
0.1376200000	0.0419907428
0.1383330000	0.0420362306
0.1390460000	0.0420805624
0.1397590000	0.0421237538
0.1404710000	0.0421658197
0.1411840000	0.0422067729
0.1418970000	0.0422466264
0.1426100000	0.0422854067
0.1433230000	0.0423231024
0.1440360000	0.0423597422
0.1447490000	0.0423953382
0.1454620000	0.0424298999
0.1461750000	0.0424634390
0.1468880000	0.0424959846
0.1476010000	0.0425275286
0.1483140000	0.0425580959
0.1490270000	0.0425876961
0.1497400000	0.0426163385
0.1504530000	0.0426440415
0.1511660000	0.0426708173
0.1518790000	0.0426966721
0.1525920000	0.0427216251
0.1533050000	0.0427456761
0.1540180000	0.0427688553
0.1547310000	0.0427911596
0.1554440000	0.0428126081
0.1561570000	0.0428332125
0.1568700000	0.0428529822
0.1575830000	0.0428719265
0.1582950000	0.0428900631
0.1590080000	0.0429073952
0.1597210000	0.0429239345
0.1604340000	0.0429397015
0.1611470000	0.0429546973
0.1618600000	0.0429689319
0.1625730000	0.0429824257
0.1632860000	0.0429951771
0.1639990000	0.0430072094
0.1647120000	0.0430185178
0.1654250000	0.0430291205
0.1661380000	0.0430390247
0.1668510000	0.0430482508
0.1675640000	0.0430567907
0.1682770000	0.0430646663
0.1689900000	0.0430718793
0.1697030000	0.0430784430
0.1704160000	0.0430843664
0.1711290000	0.0430896581
0.1718420000	0.0430943232
0.1725550000	0.0430983695
0.1732680000	0.0431018111
0.1739810000	0.0431046522
0.1746940000	0.0431069042
0.1754060000	0.0431085750
0.1761190000	0.0431096617
0.1768320000	0.0431101802
0.1775450000	0.0431101412
0.1782580000	0.0431095394
0.1789710000	0.0431083956
0.1796840000	0.0431067092
0.1803970000	0.0431044854
0.1811100000	0.0431017243
0.1818230000	0.0430984489
0.1825360000	0.0430946477
0.1832490000	0.0430903352
0.1839620000	0.0430855173
0.1846750000	0.0430801913
0.1853880000	0.0430743697
0.1861010000	0.0430680502
0.1868140000	0.0430612472
0.1875270000	0.0430539509
0.1882400000	0.0430461678
0.1889530000	0.0430379143
0.1896660000	0.0430291796
0.1903790000	0.0430199689
0.1910920000	0.0430102860
0.1918050000	0.0430001337
0.1925180000	0.0429895130
0.1932300000	0.0429784227
0.1939430000	0.0429668691
0.1946560000	0.0429548478
0.1953690000	0.0429423624
0.1960820000	0.0429294039
0.1967950000	0.0429159846
0.1975080000	0.0429020940
0.1982210000	0.0428877348
0.1989340000	0.0428729083
0.1996470000	0.0428576033
0.2003600000	0.0428418205
0.2010730000	0.0428255577
0.2017860000	0.0428088061
0.2024990000	0.0427915718
0.2032120000	0.0427738341
0.2039250000	0.0427556049
0.2046380000	0.0427368661
0.2053510000	0.0427176092
0.2060640000	0.0426978418
0.2067770000	0.0426775334
0.2074900000	0.0426566928
0.2082030000	0.0426352960
0.2089160000	0.0426133527
0.2096290000	0.0425908317
0.2103410000	0.0425677254
0.2110540000	0.0425440258
0.2117670000	0.0425197198
0.2124800000	0.0424947913
0.2131930000	0.0424692177
0.2139060000	0.0424429856
0.2146190000	0.0424160789
0.2153320000	0.0423884783
0.2160450000	0.0423601614
0.2167580000	0.0423311111
0.2174710000	0.0423013031
0.2181840000	0.0422707105
0.2188970000	0.0422393129
0.2196100000	0.0422070814
0.2203230000	0.0421739844
0.2210360000	0.0421399932
0.2217490000	0.0421050814
0.2224620000	0.0420692133
0.2231750000	0.0420323491
0.2238880000	0.0419944557
0.2246010000	0.0419555010
0.2253140000	0.0419154320
0.2260270000	0.0418742145
0.2267400000	0.0418317999
0.2274520000	0.0417881405
0.2281650000	0.0417431906
0.2288780000	0.0416968888
0.2295910000	0.0416491934
0.2303040000	0.0416000326
0.2310170000	0.0415493532
0.2317300000	0.0414970896
0.2324430000	0.0421694446
0.2331560000	0.0429614890
0.2338690000	0.0437471917
0.2345820000	0.0445066017
0.2352950000	0.0452692219
0.2360080000	0.0460942525
0.2367210000	0.0469912963
0.2374340000	0.0479141465
0.2381470000	0.0488601242
0.2388600000	0.0498032008
0.2395730000	0.0509055509
0.2402860000	0.0519551823
0.2409990000	0.0531390556
0.2417120000	0.0543513501
0.2424250000	0.0555863210
0.2431380000	0.0569324306
0.2438510000	0.0583590440
0.2445640000	0.0598592202
0.2452760000	0.0614289656
0.2459890000	0.0630804526
0.2467020000	0.0648977065
0.2474150000	0.0669546801
0.2481280000	0.0688828580
0.2488410000	0.0712444121
0.2495540000	0.0737826217
0.2502670000	0.0764208727
0.2509800000	0.0795646216
0.2516930000	0.0833533977
0.2524060000	0.0874700729
0.2531190000	0.0932679227
0.2538320000	0.1042902654
0.2545450000	0.1069887647
0.2552580000	0.1093309858
0.2559710000	0.1115773990
0.2566840000	0.1136831424
0.2573970000	0.1157793240
0.2581100000	0.1178601835
0.2588230000	0.1198286506
0.2595360000	0.1218763020
0.2602490000	0.1239031696
0.2609620000	0.1259202277
0.2616750000	0.1278869841
0.2623870000	0.1299511634
0.2631000000	0.1319168812
0.2638130000	0.1339020718
0.2645260000	0.1359843253
0.2652390000	0.1380933195
0.2659520000	0.1400626633
0.2666650000	0.1422360274
0.2673780000	0.1444013975
0.2680910000	0.1464522483
0.2688040000	0.1486668002
0.2695170000	0.1510113629
0.2702300000	0.1533267705
0.2709430000	0.1555020900
0.2716560000	0.1579411371
0.2723690000	0.1604104228
0.2730820000	0.1627341205
0.2737950000	0.1653536087
0.2745080000	0.1679601295
0.2752210000	0.1705337063
0.2759340000	0.1733682294
0.2766470000	0.1761729768
0.2773600000	0.1789330999
0.2780730000	0.1819615578
0.2787860000	0.1850281747
0.2794980000	0.1880954026
0.2802110000	0.1914129841
0.2809240000	0.1947917436
0.2816370000	0.1981668172
0.2823500000	0.2018653400
0.2830630000	0.2057388976
0.2837760000	0.2094575061
0.2844890000	0.2135884853
0.2852020000	0.2178410027
0.2859150000	0.2219815843
0.2866280000	0.2265297777
0.2873410000	0.2315076531
0.2880540000	0.2361873843
0.2887670000	0.2414497702
0.2894800000	0.2470973755
0.2901930000	0.2522745889
0.2909060000	0.2584336601
0.2916190000	0.2647596364
0.2923320000	0.2707798768
0.2930450000	0.2778388304
0.2937580000	0.2852401907
0.2944710000	0.2922351240
0.2951840000	0.3004239464
0.2958970000	0.3080812942
0.2966100000	0.3172767308
0.2973220000	0.3268443380
0.2980350000	0.3360620857
0.2987480000	0.3468030748
0.2994610000	0.3580684843
0.3001740000	0.3692042634
0.3008870000	0.3818557103
0.3016000000	0.3943301621
0.3023130000	0.4089238281
0.3030260000	0.4242209409
0.3037390000	0.4395659764
0.3044520000	0.4569633685
0.3051650000	0.4761013667
0.3058780000	0.4950784821
0.3065910000	0.5167747679
0.3073040000	0.5385060874
0.3080170000	0.5638750507
0.3087300000	0.5917173585
0.3094430000	0.6192168742
0.3101560000	0.6518753852
0.3108690000	0.6849472287
0.3115820000	0.7237448836
0.3122950000	0.7669935294
0.3130080000	0.8104949029
0.3137210000	0.8627334631
0.3144330000	0.9160283863
0.3151460000	0.9796826566
0.3158590000	1.0512640577
0.3165720000	1.1255227740
0.3172850000	1.2160803019
0.3179980000	1.3092410689
0.3187110000	1.4242486448
0.3194240000	1.5542031800
0.3201370000	1.6961807369
0.3208500000	1.8686010388
0.3215630000	2.0558281282
0.3222760000	2.2892429800
0.3229890000	2.5642449381
0.3237020000	2.8702884321
0.3244150000	3.2502431611
0.3251280000	3.6801455235
0.3258410000	4.2159787574
0.3265540000	4.8103816462
0.3272670000	5.5347707130
0.3279800000	6.3246638029
0.3286930000	6.9278905495
0.3294060000	7.0974215957
0.3301190000	5.4639136270
0.3351090000	0.9495043957
0.3358220000	7.0180453468
0.3365350000	8.2206160026
0.3372480000	7.7580866407
0.3379610000	6.7762154030
0.3386740000	5.8142573222
0.3393870000	4.9416224946
0.3401000000	4.2160426405
0.3408130000	3.6161791953
0.3415260000	3.1206457472
0.3422390000	2.7149905935
0.3429520000	2.3772435794
0.3436650000	2.0933964758
0.3443780000	1.8589257220
0.3450910000	1.6591858512
0.3458040000	1.4866332702
0.3465170000	1.3421181766
0.3472300000	1.2146281773
0.3479430000	1.1052855919
0.3486560000	1.0082646726
0.3493680000	0.9258086378
0.3500810000	0.8527677499
0.3507940000	0.7857464987
0.3515070000	0.7289761666
0.3522200000	0.6756417636
0.3529330000	0.6297966335
0.3536460000	0.5875216548
0.3543590000	0.5500115517
0.3550720000	0.5165042255
0.3557850000	0.4850441086
0.3564980000	0.4573548954
0.3572110000	0.4305970175
0.3579240000	0.4079718005
0.3586370000	0.3867065298
0.3593500000	0.3662080353
0.3600630000	0.3487061391
0.3607760000	0.3311156901
0.3614890000	0.3158991099
0.3622020000	0.3006842340
0.3629150000	0.2880919052
0.3636280000	0.2758925513
0.3643410000	0.2637504534
0.3650540000	0.2535567989
0.3657670000	0.2429645981
0.3664790000	0.2338068806
0.3671920000	0.2255179109
0.3679050000	0.2167890440
0.3686180000	0.2092535704
0.3693310000	0.2015095894
0.3700440000	0.1951117496
0.3707570000	0.1889233154
0.3714700000	0.1823782365
0.3721830000	0.1770874217
0.3728960000	0.1712695228
0.3736090000	0.1663553714
0.3743220000	0.1617072065
0.3750350000	0.1569497115
0.3757480000	0.1527950431
0.3764610000	0.1488474123
0.3771740000	0.1447508507
0.3778870000	0.1411899594
0.3786000000	0.1373307363
0.3793130000	0.1341322556
0.3800260000	0.1312330841
0.3807390000	0.1278996630
0.3814520000	0.1251168043
0.3821650000	0.1224844027
0.3828780000	0.1197235433
0.3835910000	0.1172852373
0.3843030000	0.1146068570
0.3850160000	0.1125383571
0.3857290000	0.1104648094
0.3864420000	0.1080935113
0.3871550000	0.1061885963
0.3878680000	0.1044753331
0.3885810000	0.1024036045
0.3892940000	0.1007237609
0.3900070000	0.0991059114
0.3907200000	0.0976575301
0.3914330000	0.0958769484
0.3921460000	0.0944668146
0.3928590000	0.0930751628
0.3935720000	0.0915847211
0.3942850000	0.0903301768
0.3949980000	0.0891194771
0.3957110000	0.0876834710
0.3964240000	0.0866669948
0.3971370000	0.0855713055
0.3978500000	0.0845441709
0.3985630000	0.0832850792
0.3992760000	0.0824181908
0.3999890000	0.0814838716
0.4007020000	0.0805980490
0.4014140000	0.0797358788
0.4021270000	0.0787491377
0.4028400000	0.0779485429
0.4035530000	0.0771902146
0.4042660000	0.0764311663
0.4049790000	0.0757854861
0.4056920000	0.0750971109
0.4064050000	0.0744190806
0.4071180000	0.0735719048
0.4078310000	0.0730046459
0.4085440000	0.0724145142
0.4092570000	0.0718245662
0.4099700000	0.0712641272
0.4106830000	0.0707820978
0.4113960000	0.0702501404
0.4121090000	0.0699236572
0.4128220000	0.0694338249
0.4135350000	0.0689584681
0.4142480000	0.0685556448
0.4149610000	0.0681127303
0.4156740000	0.0678419665
0.4163870000	0.0674295122
0.4171000000	0.0672433760
0.4178130000	0.0668529721
0.4185260000	0.0666370651
0.4192380000	0.0664297782
0.4199510000	0.0664417613
0.4206640000	0.0664230417
0.4213770000	0.0670338383
0.4220900000	0.0666440223
0.4228030000	0.0661743236
0.4235160000	0.0657564496
0.4242290000	0.0653040053
0.4249420000	0.0648519066
0.4256550000	0.0644159504
0.4263680000	0.0640384518
0.4270810000	0.0636177817
0.4277940000	0.0632138458
0.4285070000	0.0628132679
0.4292200000	0.0624292163
0.4299330000	0.0620866086
0.4306460000	0.0617196397
0.4313590000	0.0613625098
0.4320720000	0.0610125955
0.4327850000	0.0606755888
0.4334980000	0.0603846896
0.4342110000	0.0600621195
0.4349240000	0.0597476136
0.4356370000	0.0594475032
0.4363490000	0.0591841903
0.4370620000	0.0588992547
0.4377750000	0.0586219786
0.4384880000	0.0583514268
0.4392010000	0.0580892526
0.4399140000	0.0578712141
0.4406270000	0.0576262867
0.4413400000	0.0573863003
0.4420530000	0.0571578253
0.4427660000	0.0569357003
0.4434790000	0.0567505051
0.4441920000	0.0565447896
0.4449050000	0.0563426344
0.4456180000	0.0561502332
0.4463310000	0.0559654263
0.4470440000	0.0558136508
0.4477570000	0.0556442466
0.4484700000	0.0554759068
0.4491830000	0.0553206130
0.4498960000	0.0551678853
0.4506090000	0.0550472803
0.4513220000	0.0549122341
0.4520350000	0.0547765792
0.4527480000	0.0546510349
0.4534600000	0.0545302528
0.4541730000	0.0544412289
0.4548860000	0.0543335253
0.4555990000	0.0542313230
0.4563120000	0.0541363069
0.4570250000	0.0540463681
0.4577380000	0.0539604897
0.4584510000	0.0539056653
0.4591640000	0.0538316159
0.4598770000	0.0537626325
0.4605900000	0.0537026180
0.4613030000	0.0536459755
0.4620160000	0.0536145447
0.4627290000	0.0535691780
0.4634420000	0.0535298684
0.4641550000	0.0534942064
0.4648680000	0.0534638307
0.4655810000	0.0534576248
0.4662940000	0.0534384473
0.4670070000	0.0534233043
0.4677200000	0.0534129021
0.4684330000	0.0534093084
0.4691460000	0.0534095099
0.4698590000	0.0534307943
0.4705720000	0.0534422855
0.4712840000	0.0534573980
0.4719970000	0.0534771003
0.4727100000	0.0535019647
0.4734230000	0.0535308225
0.4741360000	0.0535810092
0.4748490000	0.0536187665
0.4755620000	0.0536625379
0.4762750000	0.0537118433
0.4769880000	0.0537643584
0.4777010000	0.0538354601
0.4784140000	0.0538983704
0.4791270000	0.0539650141
0.4798400000	0.0540355345
0.4805530000	0.0541120240
0.4812660000	0.0541933497
0.4819790000	0.0542901335
0.4826920000	0.0543804601
0.4834050000	0.0544745711
0.4841180000	0.0545733745
0.4848310000	0.0546773799
0.4855440000	0.0547856103
0.4862570000	0.0549082148
0.4869700000	0.0550262637
0.4876830000	0.0551476310
0.4883950000	0.0552741887
0.4891080000	0.0554051618
0.4898210000	0.0555412080
0.4905340000	0.0556897999
0.4912470000	0.0558347860
0.4919600000	0.0559843679
0.4926730000	0.0561379661
0.4933860000	0.0562972894
0.4940990000	0.0564608643
0.4948120000	0.0566358634
0.4955250000	0.0568092115
0.4962380000	0.0569870260
0.4969510000	0.0571694305
0.4976640000	0.0573579558
0.4983770000	0.0575506291
0.4990900000	0.0577533954
0.4998030000	0.0579563430
0.5005160000	0.0581635404
0.5012290000	0.0583760229
0.5019420000	0.0585940127
0.5026550000	0.0588168395
0.5033680000	0.0590448477
0.5040810000	0.0592813064
0.5047940000	0.0595194023
0.5055070000	0.0597629260
0.5062190000	0.0600119107
0.5069320000	0.0602661654
0.5076450000	0.0605257154
0.5083580000	0.0607926419
0.5090710000	0.0610631965
0.5097840000	0.0613390591
0.5104970000	0.0616209744
0.5112100000	0.0619082539
0.5119230000	0.0622019001
0.5126360000	0.0625009156
0.5133490000	0.0628057896
0.5140620000	0.0631166557
0.5147750000	0.0634332835
0.5154880000	0.0637564449
0.5162010000	0.0640853667
0.5169140000	0.0644210902
0.5176270000	0.0647612511
0.5183400000	0.0651090538
0.5190530000	0.0654635257
0.5197660000	0.0658250238
0.5204790000	0.0661931126
0.5211920000	0.0665676544
0.5219050000	0.0669493541
0.5226180000	0.0673343159
0.5233300000	0.0677303213
0.5240430000	0.0681326372
0.5247560000	0.0685429431
0.5254690000	0.0689602578
0.5261820000	0.0693855511
0.5268950000	0.0698188207
0.5276080000	0.0702531226
0.5283210000	0.0707010807
0.5290340000	0.0711576702
0.5297470000	0.0716225186
0.5304600000	0.0720953573
0.5311730000	0.0725763544
0.5318860000	0.0730664201
0.5325990000	0.0735571408
0.5333120000	0.0740640931
0.5340250000	0.0745806962
0.5347380000	0.0751064657
0.5354510000	0.0756409411
0.5361640000	0.0761859361
0.5368770000	0.0767415756
0.5375900000	0.0772939892
0.5383030000	0.0778674415
0.5390160000	0.0784529169
0.5397290000	0.0790474245
0.5404410000	0.0796530473
0.5411540000	0.0802699409
0.5418670000	0.0808969815
0.5425800000	0.0815230396
0.5432930000	0.0821732645
0.5440060000	0.0828350758
0.5447190000	0.0835084047
0.5454320000	0.0841957951
0.5461450000	0.0848941554
0.5468580000	0.0856067422
0.5475710000	0.0863310580
0.5482840000	0.0870517148
0.5489970000	0.0878029667
0.5497100000	0.0885687795
0.5504230000	0.0893490704
0.5511360000	0.0901426620
0.5518490000	0.0909511734
0.5525620000	0.0917761803
0.5532750000	0.0925953913
0.5539880000	0.0934503916
0.5547010000	0.0943217979
0.5554140000	0.0952095962
0.5561270000	0.0961149265
0.5568400000	0.0970376225
0.5575530000	0.0979772485
0.5582650000	0.0989366091
0.5589780000	0.0998882985
0.5596910000	0.1008836213
0.5604040000	0.1018985842
0.5611170000	0.1029350897
0.5618300000	0.1039918839
0.5625430000	0.1050664289
0.5632560000	0.1061655019
0.5639690000	0.1072875686
0.5646820000	0.1083999252
0.5653950000	0.1095657103
0.5661080000	0.1107558721
0.5668210000	0.1119686471
0.5675340000	0.1132094659
0.5682470000	0.1144734018
0.5689600000	0.1157658022
0.5696730000	0.1170843562
0.5703860000	0.1183947682
0.5710990000	0.1197689746
0.5718120000	0.1211727544
0.5725250000	0.1226074920
0.5732380000	0.1240732113
0.5739510000	0.1255682547
0.5746640000	0.1270971846
0.5753760000	0.1286636962
0.5760890000	0.1302173099
0.5768020000	0.1318496657
0.5775150000	0.1335180089
0.5782280000	0.1352265235
0.5789410000	0.1369753406
0.5796540000	0.1387596515
0.5803670000	0.1405871466
0.5810800000	0.1424584960
0.5817930000	0.1443725334
0.5825060000	0.1462798218
0.5832190000	0.1482836194
0.5839320000	0.1503378076
0.5846450000	0.1524391806
0.5853580000	0.1545925606
0.5860710000	0.1567987447
0.5867840000	0.1590595482
0.5874970000	0.1613776340
0.5882100000	0.1636881311
0.5889230000	0.1661204394
0.5896360000	0.1686145405
0.5903490000	0.1711750995
0.5910620000	0.1738050360
0.5917750000	0.1764958616
0.5924870000	0.1792598668
0.5932000000	0.1820995548
0.5939130000	0.1850161914
0.5946260000	0.1879300750
0.5953390000	0.1910010515
0.5960520000	0.1941591666
0.5967650000	0.1974020586
0.5974780000	0.2007375942
0.5981910000	0.2041651254
0.5989040000	0.2076955256
0.5996170000	0.2113236719
0.6003300000	0.2150587747
0.6010430000	0.2188004836
0.6017560000	0.2227546399
0.6024690000	0.2268251366
0.6031820000	0.2310215734
0.6038950000	0.2353494872
0.6046080000	0.2397984546
0.6053210000	0.2443917301
0.6060340000	0.2491319128
0.6067470000	0.2540249053
0.6074600000	0.2589423956
0.6081730000	0.2641462024
0.6088860000	0.2695197242
0.6095990000	0.2750670028
0.6103110000	0.2808162088
0.6110240000	0.2867481831
0.6117370000	0.2928838880
0.6124500000	0.2992325696
0.6131630000	0.3058046683
0.6138760000	0.3124434295
0.6145890000	0.3194872031
0.6153020000	0.3267791943
0.6160150000	0.3343522014
0.6167280000	0.3421972951
0.6174410000	0.3503454363
0.6181540000	0.3587864596
0.6188670000	0.3675740862
0.6195800000	0.3766964158
0.6202930000	0.3861791284
0.6210060000	0.3958223368
0.6217190000	0.4060796702
0.6224320000	0.4167481930
0.6231450000	0.4278778801
0.6238580000	0.4394848465
0.6245710000	0.4515809701
0.6252840000	0.4642048403
0.6259970000	0.4773796141
0.6267100000	0.4911651750
0.6274220000	0.5055700616
0.6281350000	0.5203138087
0.6288480000	0.5360947047
0.6295610000	0.5526181571
0.6302740000	0.5699403176
0.6309870000	0.5881226286
0.6317000000	0.6072027021
0.6324130000	0.6272752717
0.6331260000	0.6483937086
0.6338390000	0.6706099531
0.6345520000	0.6940378889
0.6352650000	0.7182683301
0.6359780000	0.7443269542
0.6366910000	0.7718491682
0.6374040000	0.8009955699
0.6381170000	0.8318605448
0.6388300000	0.8645858156
0.6395430000	0.8992817953
0.6402560000	0.9361931834
0.6409690000	0.9754770010
0.6416820000	1.0173346902
0.6423950000	1.0612089682
0.6431080000	1.1088865860
0.6438210000	1.1598544487
0.6445340000	1.2145527674
0.6452460000	1.2732177863
0.6459590000	1.3363014149
0.6466720000	1.4042565282
0.6473850000	1.4776118576
0.6480980000	1.5569492790
0.6488110000	1.6429217283
0.6495240000	1.7349100266
0.6502370000	1.8363835461
0.6509500000	1.9471495918
0.6516630000	2.0683424549
0.6523760000	2.2012622985
0.6530890000	2.3475569360
0.6538020000	2.5089006016
0.6545150000	2.6875520343
0.6552280000	2.8860795417
0.6559410000	3.1074688241
0.6566540000	3.3553832003
0.6573670000	3.6308549889
0.6580800000	3.9453911795
0.6587930000	4.3024300709
0.6595060000	4.7100786874
0.6602190000	5.1780307504
0.6609320000	5.7190101945
0.6616450000	6.3483010547
0.6623570000	7.0857018320
0.6630700000	7.9575749806
0.6637830000	8.9978298921
0.6644960000	10.2505932127
0.6652090000	11.7621010746
0.6659220000	13.6403239923
0.6666350000	15.9860618645
0.6673480000	18.9596044280
0.6680610000	22.7860009944
0.6687740000	27.7897682783
0.6694870000	34.4370326986
0.6702000000	43.3838703215
0.6709130000	55.4907854751
0.6716260000	71.6708407517
0.6723390000	92.1805184538
0.6730520000	114.7787530655
0.6737650000	132.7358227008
0.6744780000	136.5466538095
0.6751910000	123.7138654201
0.6759040000	101.8913275274
0.6766170000	79.8796715063
0.6773300000	61.7377941229
0.6780430000	47.9604119716
0.6787560000	37.7628379154
0.6794680000	30.2216988051
0.6801810000	24.5848414473
0.6808940000	20.3082771819
0.6816070000	17.0170396553
0.6823200000	14.4308561155
0.6830330000	12.3748212397
0.6837460000	10.7173750708
0.6844590000	9.3643867289
0.6851720000	8.2469799477
0.6858850000	7.3148487576
0.6865980000	6.5297017180
0.6873110000	5.8625377652
0.6880240000	5.2913798828
0.6887370000	4.7987643685
0.6894500000	4.3705928042
0.6901630000	3.9970423014
0.6908760000	3.6689429695
0.6915890000	3.3792714178
0.6923020000	3.1223307484
0.6930150000	2.8933340918
0.6937280000	2.6885578554
0.6944410000	2.5045858976
0.6951540000	2.3387798729
0.6958670000	2.1888022440
0.6965800000	2.0527456180
0.6972920000	1.9289875577
0.6980050000	1.8154316861
0.6987180000	1.7120653167
0.6994310000	1.6172332793
0.7001440000	1.5300050727
0.7008570000	1.4496885253
0.7015700000	1.3755049693
0.7022830000	1.3068874382
0.7029960000	1.2432550687
0.7037090000	1.1841333840
0.7044220000	1.1291622212
0.7051350000	1.0779210215
0.7058480000	1.0300860956
0.7065610000	0.9853653497
0.7072740000	0.9430915999
0.7079870000	0.9038570411
0.7087000000	0.8670207970
0.7094130000	0.8323981146
0.7101260000	0.7998002514
0.7108390000	0.7691140571
0.7115520000	0.7401369361
0.7122650000	0.7127905827
0.7129780000	0.6869514869
0.7136910000	0.6624840302
0.7144030000	0.6393009253
0.7151160000	0.6173022393
0.7158290000	0.5964548931
0.7165420000	0.5764154639
0.7172550000	0.5575887752
0.7179680000	0.5396717637
0.7186810000	0.5226087526
0.7193940000	0.5063713575
0.7201070000	0.4908900669
0.7208200000	0.4761084232
0.7215330000	0.4619694016
0.7222460000	0.4484764669
0.7229590000	0.4355570173
0.7236720000	0.4232107718
0.7243850000	0.4113960368
0.7250980000	0.4000782403
0.7258110000	0.3890353972
0.7265240000	0.3786210364
0.7272370000	0.3686255917
0.7279500000	0.3590409230
0.7286630000	0.3498224127
0.7293760000	0.3409606722
0.7300890000	0.3324336576
0.7308020000	0.3242227633
0.7315150000	0.3163288357
0.7322270000	0.3087352354
0.7329400000	0.3014139961
0.7336530000	0.2943439994
0.7343660000	0.2875415606
0.7350790000	0.2808559085
0.7357920000	0.2745165190
0.7365050000	0.2684005576
0.7372180000	0.2624934168
0.7379310000	0.2567809543
0.7386440000	0.2512367857
0.7393570000	0.2459051593
0.7400700000	0.2407446993
0.7407830000	0.2357457116
0.7414960000	0.2309067001
0.7422090000	0.2262228824
0.7429220000	0.2216882420
0.7436350000	0.2172906275
0.7443480000	0.2130273068
0.7450610000	0.2088286400
0.7457740000	0.2048164826
0.7464870000	0.2009271521
0.7472000000	0.1971414430
0.7479130000	0.1934833892
0.7486260000	0.1899299464
0.7493380000	0.1864853785
0.7500510000	0.1831273201
0.7507640000	0.1798719712
0.7514770000	0.1767024462
0.7521900000	0.1736251651
0.7529030000	0.1706369058
0.7536160000	0.1677293660
0.7543290000	0.1648939762
0.7550420000	0.1620887544
0.7557550000	0.1593954380
0.7564680000	0.1567852701
0.7571810000	0.1542415020
0.7578940000	0.1517716315
0.7586070000	0.1493584995
0.7593200000	0.1470073581
0.7600330000	0.1447131610
0.7607460000	0.1424786231
0.7614590000	0.1403137654
0.7621720000	0.1381955331
0.7628850000	0.1361211715
0.7635980000	0.1341024393
0.7643110000	0.1321209316
0.7650240000	0.1301895125
0.7657370000	0.1283095407
0.7664490000	0.1264845919
0.7671620000	0.1246983802
0.7678750000	0.1229524654
0.7685880000	0.1212508176
0.7693010000	0.1195904998
0.7700140000	0.1179657239
0.7707270000	0.1163796222
0.7714400000	0.1148384375
0.7721530000	0.1133208115
0.7728660000	0.1118295195
0.7735790000	0.1103847451
0.7742920000	0.1089671042
0.7750050000	0.1075930888
0.7757180000	0.1062449195
0.7764310000	0.1049229343
0.7771440000	0.1036337937
0.7778570000	0.1023673836
0.7785700000	0.1011377467
0.7792830000	0.0999267007
0.7799960000	0.0987437388
0.7807090000	0.0975887343
0.7814220000	0.0964587157
0.7821350000	0.0953406830
0.7828480000	0.0942593776
0.7835610000	0.0931954152
0.7842730000	0.0921616346
0.7849860000	0.0911499746
0.7856990000	0.0901552611
0.7864120000	0.0892100564
0.7871250000	0.0882583323
0.7878380000	0.0873243900
0.7885510000	0.0864166074
0.7892640000	0.0855229320
0.7899770000	0.0846500095
0.7906900000	0.0837928008
0.7914030000	0.0829398385
0.7921160000	0.0821249100
0.7928290000	0.0813221867
0.7935420000	0.0805338222
0.7942550000	0.0797633984
0.7949680000	0.0790200136
0.7956810000	0.0782786148
0.7963940000	0.0775550366
0.7971070000	0.0768520298
0.7978200000	0.0762165544
0.7985330000	0.0755426116
0.7992460000	0.0748796946
0.7999590000	0.0742345078
0.8006720000	0.0735887213
0.8013840000	0.0729681702
0.8020970000	0.0723583483
0.8028100000	0.0717674021
0.8035230000	0.0711856689
0.8042360000	0.0706257107
0.8049490000	0.0700735677
0.8056620000	0.0695332171
0.8063750000	0.0690064267
0.8070880000	0.0684892608
0.8078010000	0.0679849320
0.8085140000	0.0674892151
0.8092270000	0.0671044826
0.8099400000	0.0666202688
0.8106530000	0.0661510041
0.8113660000	0.0657023431
0.8120790000	0.0652642426
0.8127920000	0.0648330928
0.8135050000	0.0644215833
0.8142180000	0.0640181607
0.8149310000	0.0636221745
0.8156440000	0.0632463229
0.8163570000	0.0628752013
0.8170700000	0.0625219782
0.8177830000	0.0621729208
0.8184950000	0.0618344051
0.8192080000	0.0615120597
0.8199210000	0.0611897907
0.8206340000	0.0608877922
0.8213470000	0.0607394250
0.8220600000	0.0604604623
0.8227730000	0.0601902904
0.8234860000	0.0599400993
0.8241990000	0.0596935876
0.8249120000	0.0594680732
0.8256250000	0.0592483115
0.8263380000	0.0590352425
0.8270510000	0.0588413172
0.8277640000	0.0586686821
0.8284770000	0.0585009047
0.8291900000	0.0583379462
0.8299030000	0.0581757061
0.8306160000	0.0580458266
0.8313290000	0.0579321701
0.8320420000	0.0578215463
0.8327550000	0.0579301268
0.8334680000	0.0578530008
0.8341810000	0.0577943767
0.8348940000	0.0577582066
0.8356070000	0.0577294741
0.8363190000	0.0577017555
0.8370320000	0.0577139783
0.8377450000	0.0577180009
0.8384580000	0.0577366094
0.8391710000	0.0578071510
0.8398840000	0.0578378382
0.8405970000	0.0579322666
0.8413100000	0.0580333005
0.8420230000	0.0581521410
0.8427360000	0.0583020988
0.8434490000	0.0584636138
0.8441620000	0.0586450165
0.8448750000	0.0588551440
0.8455880000	0.0594322928
0.8463010000	0.0596853057
0.8470140000	0.0599732248
0.8477270000	0.0602816420
0.8484400000	0.0606114881
0.8491530000	0.0609690924
0.8498660000	0.0613462892
0.8505790000	0.0617333896
0.8512920000	0.0622128556
0.8520050000	0.0627008569
0.8527180000	0.0632189504
0.8534300000	0.0637838339
0.8541430000	0.0643558621
0.8548560000	0.0650314165
0.8555690000	0.0657103912
0.8562820000	0.0664453458
0.8569950000	0.0672076240
0.8577080000	0.0685120378
0.8584210000	0.0693879670
0.8591340000	0.0703333354
0.8598470000	0.0713538063
0.8605600000	0.0724589240
0.8612730000	0.0735986665
0.8619860000	0.0749494023
0.8626990000	0.0764594842
0.8634120000	0.0781495183
0.8641250000	0.0801397548
0.8648380000	0.0825061714
0.8655510000	0.0852277328
0.8662640000	0.0884893440
0.8669770000	0.0920670373
0.8676900000	0.0956147719
0.8684030000	0.0986738750
0.8691160000	0.1054381289
0.8698290000	0.1074446854
0.8705420000	0.1028925246
0.8712540000	0.0878421697
0.8719670000	0.0645059816
0.8726800000	0.0446906417
0.8733930000	0.0260264880
0.8741060000	0.0086670379
0.8826620000	0.2085112645
0.8833750000	0.7456645926
0.8840880000	1.0332828253
0.8848010000	1.1577626270
0.8855140000	1.1346590913
0.8862270000	1.0506792688
0.8869400000	0.9434627831
0.8876530000	0.8334766214
0.8883650000	0.7306445059
0.8890780000	0.6390145232
0.8897910000	0.5594344303
0.8905040000	0.4910010528
0.8912170000	0.4325310007
0.8919300000	0.3828150273
0.8926430000	0.3405513644
0.8933560000	0.3042840659
0.8940690000	0.2731661730
0.8947820000	0.2464303118
0.8954950000	0.2232991371
0.8962080000	0.2032712536
0.8969210000	0.1858085929
0.8976340000	0.1705401934
0.8983470000	0.1606449467
0.8990600000	0.1485311316
0.8997730000	0.1378012600
0.9004860000	0.1282700006
0.9011990000	0.1197872686
0.9019120000	0.1121611821
0.9026250000	0.1053358902
0.9033380000	0.0991860250
0.9040510000	0.0936532355
0.9047640000	0.0886318917
0.9054760000	0.0840715663
0.9061890000	0.0799308575
0.9069020000	0.0761309904
0.9076150000	0.0726616002
0.9083280000	0.0694816765
0.9090410000	0.0665601313
0.9097540000	0.0638814506
0.9104670000	0.0613963745
0.9111800000	0.0591038820
0.9118930000	0.0569715957
0.9126060000	0.0559095677
0.9133190000	0.0540397599
0.9140320000	0.0522874560
0.9147450000	0.0506556949
0.9154580000	0.0491502646
0.9161710000	0.0477207257
0.9168840000	0.0463833373
0.9175970000	0.0451312811
0.9183100000	0.0439610796
0.9190230000	0.0428567627
0.9197360000	0.0418045789
0.9204490000	0.0408282048
0.9211620000	0.0399091381
0.9218750000	0.0390427793
0.9225880000	0.0382222869
0.9233000000	0.0374397246
0.9240130000	0.0367063347
0.9247260000	0.0360018390
0.9254390000	0.0353352328
0.9261520000	0.0347019205
0.9268650000	0.0341023009
0.9275780000	0.0338951281
0.9282910000	0.0333393959
0.9290040000	0.0328052495
0.9297170000	0.0322947660
0.9304300000	0.0318160540
0.9311430000	0.0313501298
0.9318560000	0.0308998622
0.9325690000	0.0304763232
0.9332820000	0.0300738654
0.9339950000	0.0296853633
0.9347080000	0.0293135803
0.9354210000	0.0289577666
0.9361340000	0.0286179988
0.9368470000	0.0282918364
0.9375600000	0.0279756220
0.9382730000	0.0276717945
0.9389860000	0.0273805056
0.9396990000	0.0271017933
0.9404110000	0.0268313927
0.9411240000	0.0265718257
0.9418370000	0.0263223594
0.9425500000	0.0260839414
0.9432630000	0.0260329626
0.9439760000	0.0258035031
0.9446890000	0.0255782506
0.9454020000	0.0253659363
0.9461150000	0.0251619326
0.9468280000	0.0249634462
0.9475410000	0.0247717834
0.9482540000	0.0245859515
0.9489670000	0.0244086144
0.9496800000	0.0242353712
0.9503930000	0.0240684568
0.9511060000	0.0239083636
0.9518190000	0.0237537226
0.9525320000	0.0236041396
0.9532450000	0.0234589833
0.9539580000	0.0233182451
0.9546710000	0.0231826310
0.9553840000	0.0230522836
0.9560970000	0.0229243980
0.9568100000	0.0228017859
0.9575230000	0.0226821481
0.9582350000	0.0225656550
0.9589480000	0.0225596206
0.9596610000	0.0224496938
0.9603740000	0.0223427930
0.9610870000	0.0222400557
0.9618000000	0.0221420867
0.9625130000	0.0220465792
0.9632260000	0.0219536971
0.9639390000	0.0218643198
0.9646520000	0.0217788493
0.9653650000	0.0216949903
0.9660780000	0.0216147660
0.9667910000	0.0215377167
0.9675040000	0.0214635373
0.9682170000	0.0213929823
0.9689300000	0.0213240330
0.9696430000	0.0212577601
0.9703560000	0.0211937126
0.9710690000	0.0211325877
0.9717820000	0.0210734977
0.9724950000	0.0210171006
0.9732080000	0.0209633676
0.9739210000	0.0209119609
0.9746340000	0.0208634064
0.9753460000	0.0208810635
0.9760590000	0.0208352118
0.9767720000	0.0207916742
0.9774850000	0.0207501678
0.9781980000	0.0207114464
0.9789110000	0.0206745158
0.9796240000	0.0206392811
0.9803370000	0.0206065746
0.9810500000	0.0205757258
0.9817630000	0.0205473037
0.9824760000	0.0205206066
0.9831890000	0.0204960008
0.9839020000	0.0204732402
0.9846150000	0.0204523793
0.9853280000	0.0204333260
0.9860410000	0.0204151353
0.9867540000	0.0203985684
0.9874670000	0.0203833007
0.9881800000	0.0203699712
0.9888930000	0.0203568320
0.9896060000	0.0203445313
0.9903190000	0.0203324103
0.9910320000	0.0203201696
0.9917450000	0.0203072908
0.9924570000	0.0203327145
0.9931700000	0.0203145206
0.9938830000	0.0202926107
0.9945960000	0.0202651757
0.9953090000	0.0202301715
0.9960220000	0.0201842305
0.9967350000	0.0201244363
0.9974480000	0.0200453721
0.9981610000	0.0199417628
0.9988740000	0.0198082315
0.9995870000	0.0196367869
1.0003000000	0.0194144102
1.0010100000	0.0191608321
1.0017300000	0.0188865120
1.0024400000	0.0186345558
1.0031500000	0.0184818262
1.0038600000	0.0185323102
1.0045800000	0.0188770736
1.0052900000	0.0195165710
1.0060000000	0.0203301207
1.0067200000	0.0211280940
1.0074300000	0.0217599949
1.0081400000	0.0221720810
1.0088600000	0.0223986273
1.0095700000	0.0224989773
1.0102800000	0.0225561589
1.0109900000	0.0225573639
1.0117100000	0.0225554535
1.0124200000	0.0225631435
1.0131300000	0.0225873338
1.0138500000	0.0226290702
1.0145600000	0.0226892787
1.0152700000	0.0227691713
1.0159900000	0.0228630530
1.0167000000	0.0229733499
1.0174100000	0.0230986499
1.0181200000	0.0232389778
1.0188400000	0.0233935997
1.0195500000	0.0235623676
1.0202600000	0.0237457947
1.0209800000	0.0239436539
1.0216900000	0.0241566180
1.0224000000	0.0243850561
1.0231100000	0.0246299662
1.0238300000	0.0248920189
1.0245400000	0.0251722059
1.0252500000	0.0254718360
1.0259700000	0.0257922581
1.0266800000	0.0261349506
1.0273900000	0.0265018589
1.0281100000	0.0269151119
1.0288200000	0.0273358979
1.0295300000	0.0277874465
1.0302400000	0.0282724525
1.0309600000	0.0287934306
1.0316700000	0.0293556002
1.0323800000	0.0299620083
1.0331000000	0.0306173272
1.0338100000	0.0313269464
1.0345200000	0.0320966736
1.0352400000	0.0329335123
1.0359500000	0.0338450678
1.0366600000	0.0348405855
1.0373700000	0.0359302478
1.0380900000	0.0371261976
1.0388000000	0.0384423169
1.0395100000	0.0398952451
1.0402300000	0.0415041100
1.0409400000	0.0432914779
1.0416500000	0.0452841815
1.0423600000	0.0475139827
1.0430800000	0.0500185753
1.0437900000	0.0528434886
1.0445000000	0.0560437519
1.0452200000	0.0596852247
1.0459300000	0.0638480728
1.0466400000	0.0686271129
1.0473600000	0.0741693409
1.0480700000	0.0805727948
1.0487800000	0.0880362731
1.0494900000	0.0967739638
1.0502100000	0.1070416933
1.0509200000	0.1191391738
1.0516300000	0.1334022115
1.0523500000	0.1501813918
1.0530600000	0.1697844118
1.0537700000	0.1923665994
1.0544800000	0.2177386579
1.0552000000	0.2450806914
1.0559100000	0.2726107611
1.0566200000	0.2974068262
1.0573400000	0.3157091764
1.0580500000	0.3239643452
1.0587600000	0.3203042067
1.0594800000	0.3054906861
1.0601900000	0.2825314038
1.0609000000	0.2553046009
1.0616100000	0.2272165015
1.0623300000	0.2005642682
1.0630400000	0.1765553270
1.0637500000	0.1555957627
1.0644700000	0.1376365906
1.0651800000	0.1223989846
1.0658900000	0.1095251356
1.0666100000	0.0986481465
1.0673200000	0.0894547952
1.0680300000	0.0816548714
1.0687400000	0.0750110141
1.0694600000	0.0693268241
1.0701700000	0.0644414076
1.0708800000	0.0602232145
1.0716000000	0.0565646904
1.0723100000	0.0533778131
1.0730200000	0.0505901336
1.0737300000	0.0481420528
1.0744500000	0.0459842567
1.0751600000	0.0440758983
1.0758700000	0.0423824796
1.0765900000	0.0408755744
1.0773000000	0.0395309482
1.0780100000	0.0383281219
1.0787300000	0.0372497191
1.0794400000	0.0362810453
1.0801500000	0.0354094327
1.0808600000	0.0346238654
1.0815800000	0.0339148457
1.0822900000	0.0332741687
1.0830000000	0.0326950691
1.0837200000	0.0321711532
1.0844300000	0.0316931377
1.0851400000	0.0312613727
1.0858600000	0.0308743266
1.0865700000	0.0305281239
1.0872800000	0.0302122822
1.0879900000	0.0299366265
1.0887100000	0.0296917484
1.0894200000	0.0294750993
1.0901300000	0.0292844120
1.0908500000	0.0291176243
1.0915600000	0.0289729525
1.0922700000	0.0288488185
1.0929800000	0.0287436023
1.0937000000	0.0286562523
1.0944100000	0.0285852406
1.0951200000	0.0285298326
1.0958400000	0.0284889651
1.0965500000	0.0284622686
1.0972600000	0.0284482105
1.0979800000	0.0284463745
1.0986900000	0.0284562201
1.0994000000	0.0284772556
1.1001100000	0.0285088986
1.1008300000	0.0285505918
1.1015400000	0.0286020183
1.1022500000	0.0286626248
1.1029700000	0.0287324804
1.1036800000	0.0288109374
1.1043900000	0.0288978554
1.1051100000	0.0289928445
1.1058200000	0.0290957300
1.1065300000	0.0292063869
1.1072400000	0.0293122574
1.1079600000	0.0294377731
1.1086700000	0.0295705721
1.1093800000	0.0297106175
1.1101000000	0.0298576848
1.1108100000	0.0300115890
1.1115200000	0.0301725550
1.1122300000	0.0303403461
1.1129500000	0.0305148598
1.1136600000	0.0306969370
1.1143700000	0.0308847791
1.1150900000	0.0310796729
1.1158000000	0.0312811650
1.1165100000	0.0314895003
1.1172300000	0.0317043648
1.1179400000	0.0319261910
1.1186500000	0.0321547107
1.1193600000	0.0323899255
1.1200800000	0.0326321116
1.1207900000	0.0328813990
1.1215000000	0.0331378162
1.1222200000	0.0334011964
1.1229300000	0.0336715512
1.1236400000	0.0339495415
1.1243500000	0.0342349424
1.1250700000	0.0345276791
1.1257800000	0.0348279858
1.1264900000	0.0351358846
1.1272100000	0.0354515707
1.1279200000	0.0357526992
1.1286300000	0.0360843749
1.1293500000	0.0364240353
1.1300600000	0.0367724516
1.1307700000	0.0371303925
1.1314800000	0.0374957798
1.1322000000	0.0378703182
1.1329100000	0.0382542349
1.1336200000	0.0386475565
1.1343400000	0.0390502584
1.1350500000	0.0394631552
1.1357600000	0.0398855453
1.1364800000	0.0403187728
1.1371900000	0.0407618794
1.1379000000	0.0412162509
1.1386100000	0.0416818794
1.1393300000	0.0421584269
1.1400400000	0.0426470140
1.1407500000	0.0431475106
1.1414700000	0.0436603624
1.1421800000	0.0441860877
1.1428900000	0.0447249500
1.1436000000	0.0452769764
1.1443200000	0.0458426265
1.1450300000	0.0464229067
1.1457400000	0.0470176850
1.1464600000	0.0476272950
1.1471700000	0.0482526470
1.1478800000	0.0488938055
1.1486000000	0.0495509017
1.1493100000	0.0501838891
1.1500200000	0.0508755161
1.1507300000	0.0515848782
1.1514500000	0.0523133804
1.1521600000	0.0530611909
1.1528700000	0.0538281983
1.1535900000	0.0546159439
1.1543000000	0.0554256728
1.1550100000	0.0562572796
1.1557300000	0.0571114112
1.1564400000	0.0579894451
1.1571500000	0.0588914479
1.1578600000	0.0598191066
1.1585800000	0.0607726581
1.1592900000	0.0617530494
1.1600000000	0.0627621791
1.1607200000	0.0638007036
1.1614300000	0.0648691350
1.1621400000	0.0659686356
1.1628500000	0.0671012623
1.1635700000	0.0682685586
1.1642800000	0.0694708685
1.1649900000	0.0707096671
1.1657100000	0.0719867536
1.1664200000	0.0733029329
1.1671300000	0.0746617019
1.1678500000	0.0760659752
1.1685600000	0.0775117616
1.1692700000	0.0790053028
1.1699800000	0.0805465581
1.1707000000	0.0821387223
1.1714100000	0.0837841894
1.1721200000	0.0853876406
1.1728400000	0.0871444123
1.1735500000	0.0889614818
1.1742600000	0.0908423453
1.1749700000	0.0927888062
1.1756900000	0.0948035440
1.1764000000	0.0968912523
1.1771100000	0.0990563412
1.1778300000	0.1013013463
1.1785400000	0.1036299574
1.1792500000	0.1060468114
1.1799700000	0.1085548167
1.1806800000	0.1111613729
1.1813900000	0.1138691399
1.1821000000	0.1166847160
1.1828200000	0.1196141874
1.1835300000	0.1226637016
1.1842400000	0.1258386732
1.1849600000	0.1291459895
1.1856700000	0.1325934084
1.1863800000	0.1361912534
1.1871000000	0.1399531360
1.1878100000	0.1438754167
1.1885200000	0.1479730276
1.1892300000	0.1522578106
1.1899500000	0.1567415650
1.1906600000	0.1614370725
1.1913700000	0.1663583243
1.1920900000	0.1715166297
1.1928000000	0.1769284512
1.1935100000	0.1826137602
1.1942200000	0.1885866584
1.1949400000	0.1945821384
1.1956500000	0.2011873186
1.1963600000	0.2081497717
1.1970800000	0.2154916087
1.1977900000	0.2232418875
1.1985000000	0.2314331239
1.1992200000	0.2400929482
1.1999300000	0.2492655048
1.2006400000	0.2589909035
1.2013500000	0.2693109091
1.2020700000	0.2802760258
1.2027800000	0.2919408214
1.2034900000	0.3043650916
1.2042100000	0.3176150380
1.2049200000	0.3317663964
1.2056300000	0.3469004420
1.2063500000	0.3631130406
1.2070600000	0.3805260007
1.2077700000	0.3992146127
1.2084800000	0.4193309670
1.2092000000	0.4410194584
1.2099100000	0.4644531313
1.2106200000	0.4898153753
1.2113400000	0.5173246225
1.2120500000	0.5472275404
1.2127600000	0.5797924797
1.2134700000	0.6153428936
1.2141900000	0.6542648716
1.2149000000	0.6969782190
1.2156100000	0.7439783593
1.2163300000	0.7958358162
1.2170400000	0.8532260158
1.2177500000	0.9169602152
1.2184700000	0.9879434859
1.2191800000	1.0649747334
1.2198900000	1.1537935920
1.2206000000	1.2538394235
1.2213200000	1.3669712784
1.2220300000	1.4954634253
1.2227400000	1.6420169930
1.2234600000	1.8098833229
1.2241700000	2.0030656255
1.2248800000	2.2264461009
1.2256000000	2.4858321227
1.2263100000	2.7882057723
1.2270200000	3.1419082843
1.2277300000	3.5569140451
1.2284500000	4.0436177603
1.2291600000	4.6138002904
1.2298700000	5.2778295596
1.2305900000	6.0419695473
1.2313000000	6.9032549146
1.2320100000	7.8410788837
1.2327200000	8.8072852487
1.2334400000	9.7186522696
1.2341500000	10.4602078685
1.2348600000	10.9090658662
1.2355800000	10.9766230569
1.2362900000	10.6480464974
1.2370000000	9.9894474565
1.2377200000	9.1174655999
1.2384300000	8.1541714570
1.2391400000	7.1955881158
1.2398500000	6.3017596581
1.2405700000	5.5017687931
1.2412800000	4.8037828540
1.2419900000	4.2037760879
1.2427100000	3.6921390253
1.2434200000	3.2574496724
1.2441300000	2.8883910945
1.2448400000	2.5777746540
1.2455600000	2.3099839355
1.2462700000	2.0813330920
1.2469800000	1.8854074631
1.2477000000	1.7167104335
1.2484100000	1.5705186820
1.2491200000	1.4426610287
1.2498400000	1.3294873393
1.2505500000	1.2279574342
1.2512600000	1.1357672389
1.2519700000	1.0513986534
1.2526900000	0.9739707729
1.2534000000	0.9030276855
1.2541100000	0.8382435264
1.2548300000	0.7792833034
1.2555400000	0.7257696583
1.2562500000	0.6772484775
1.2569700000	0.6332479141
1.2576800000	0.5933086874
1.2583900000	0.5569883545
1.2591000000	0.5238928854
1.2598200000	0.4936659733
1.2605300000	0.4659891415
1.2612400000	0.4405893781
1.2619600000	0.4172268767
1.2626700000	0.3956883952
1.2633800000	0.3757856122
1.2640900000	0.3573589141
1.2648100000	0.3402611607
1.2655200000	0.3243720832
1.2662300000	0.3095773366
1.2669500000	0.2957772301
1.2676600000	0.2828832899
1.2683700000	0.2708205501
1.2690900000	0.2595166238
1.2698000000	0.2489098585
1.2705100000	0.2389425243
1.2712200000	0.2293858483
1.2719400000	0.2205618526
1.2726500000	0.2122340181
1.2733600000	0.2043730730
1.2740800000	0.1969432562
1.2747900000	0.1899133424
1.2755000000	0.1832541108
1.2762200000	0.1769415888
1.2769300000	0.1709517260
1.2776400000	0.1652651316
1.2783500000	0.1598598763
1.2790700000	0.1547167564
1.2797800000	0.1498208536
1.2804900000	0.1451565833
1.2812100000	0.1407058844
1.2819200000	0.1364610580
1.2826300000	0.1324065667
1.2833400000	0.1285319384
1.2840600000	0.1248281236
1.2847700000	0.1212845052
1.2854800000	0.1178913938
1.2862000000	0.1146404233
1.2869100000	0.1115243607
1.2876200000	0.1085349832
1.2883400000	0.1056671592
1.2890500000	0.1029134805
1.2897600000	0.1002682782
1.2904700000	0.0977251340
1.2911900000	0.0952793406
1.2919000000	0.0929268284
1.2926100000	0.0906607735
1.2933300000	0.0884789679
1.2940400000	0.0863772617
1.2947500000	0.0843543288
1.2954700000	0.0823999762
1.2961800000	0.0805155276
1.2968900000	0.0786965428
1.2976000000	0.0769398263
1.2983200000	0.0752422780
1.2990300000	0.0735173435
1.2997400000	0.0719331054
1.3004600000	0.0704013496
1.3011700000	0.0689197371
1.3018800000	0.0674860613
1.3025900000	0.0660982199
1.3033100000	0.0647537064
1.3040200000	0.0634507856
1.3047300000	0.0621886923
1.3054500000	0.0609656789
1.3061600000	0.0597795784
1.3068700000	0.0586295158
1.3075900000	0.0575136109
1.3083000000	0.0564308993
1.3090100000	0.0553791640
1.3097200000	0.0543577660
1.3104400000	0.0533661535
1.3111500000	0.0524028295
1.3118600000	0.0514660598
1.3125800000	0.0505558322
1.3132900000	0.0496703066
1.3140000000	0.0488083424
1.3147100000	0.0479693330
1.3154300000	0.0471528985
1.3161400000	0.0463572894
1.3168500000	0.0455830009
1.3175700000	0.0448282365
1.3182800000	0.0440922336
1.3189900000	0.0433762275
1.3197100000	0.0426749897
1.3204200000	0.0419901428
1.3211300000	0.0413203326
1.3218400000	0.0406651941
1.3225600000	0.0400230435
1.3232700000	0.0393934461
1.3239800000	0.0387750803
1.3247000000	0.0381661338
1.3254100000	0.0375662446
1.3261200000	0.0369740427
1.3268400000	0.0363886925
1.3275500000	0.0358091219
1.3282600000	0.0351936515
1.3289700000	0.0346298622
1.3296900000	0.0340800766
1.3304000000	0.0335505776
1.3311100000	0.0330513350
1.3318300000	0.0325922456
1.3325400000	0.0321797663
1.3332500000	0.0318148813
1.3339600000	0.0314898292
1.3346800000	0.0311897911
1.3353900000	0.0308977014
1.3361000000	0.0305994554
1.3368200000	0.0302866384
1.3375300000	0.0299582109
1.3382400000	0.0296158088
1.3389600000	0.0292636513
1.3396700000	0.0289072752
1.3403800000	0.0285500593
1.3410900000	0.0281950537
1.3418100000	0.0278442014
1.3425200000	0.0274993643
1.3432300000	0.0271623916
1.3439500000	0.0268300908
1.3446600000	0.0265050036
1.3453700000	0.0261865298
1.3460900000	0.0258752797
1.3468000000	0.0255703536
1.3475100000	0.0252719322
1.3482200000	0.0249794799
1.3489400000	0.0246935335
1.3496500000	0.0244126936
1.3503600000	0.0241377305
1.3510800000	0.0238675193
1.3517900000	0.0236028145
1.3525000000	0.0233427484
1.3532100000	0.0230871971
1.3539300000	0.0228363415
1.3546400000	0.0225897999
1.3553500000	0.0223470445
1.3560700000	0.0221082273
1.3567800000	0.0218726268
1.3574900000	0.0216408481
1.3582100000	0.0213857994
1.3589200000	0.0211591521
1.3596300000	0.0209351481
1.3603400000	0.0207139148
1.3610600000	0.0204952651
1.3617700000	0.0202792535
1.3624800000	0.0200648924
1.3632000000	0.0198522284
1.3639100000	0.0196409674
1.3646200000	0.0194307262
1.3653400000	0.0192225054
1.3660500000	0.0190146416
1.3667600000	0.0188085135
1.3674700000	0.0186018148
1.3681900000	0.0183951274
1.3689000000	0.0181881498
1.3696100000	0.0179824375
1.3703300000	0.0177740264
1.3710400000	0.0175632796
1.3717500000	0.0173503147
1.3724600000	0.0171356130
1.3731800000	0.0169168243
1.3738900000	0.0166947208
1.3746000000	0.0164684125
1.3753200000	0.0162357965
1.3760300000	0.0159969085
1.3767400000	0.0157515629
1.3774600000	0.0154984499
1.3781700000	0.0152360660
1.3788800000	0.0149627420
1.3795900000	0.0146775461
1.3803100000	0.0143780939
1.3810200000	0.0140639269
1.3817300000	0.0137312977
1.3824500000	0.0133777234
1.3831600000	0.0130021428
1.3838700000	0.0126008919
1.3845800000	0.0121707913
1.3853000000	0.0117065777
1.3860100000	0.0112046046
1.3867200000	0.0106586593
1.3874400000	0.0100636840
1.3881500000	0.0094126005
1.3888600000	0.0086954813
1.3895800000	0.0079039897
1.3902900000	0.0066910994
1.3910000000	0.0056774471
1.3917100000	0.0045448456
1.3924300000	0.0032767013
1.3931400000	0.0018518091
1.3938500000	0.0002441736
1.4159600000	0.0378866387
1.4166700000	0.0728182366
1.4173800000	0.0981748193
1.4180900000	0.1144427296
1.4188100000	0.1230015137
1.4195200000	0.1256274880
1.4202300000	0.1240285920
1.4209500000	0.1196413757
1.4216600000	0.1136128739
1.4223700000	0.1067415069
1.4230800000	0.1032249086
1.4238000000	0.0958287437
1.4245100000	0.0887338917
1.4252200000	0.0820959831
1.4259400000	0.0759574245
1.4266500000	0.0703456989
1.4273600000	0.0652446009
1.4280800000	0.0606293748
1.4287900000	0.0564772680
1.4295000000	0.0527339706
1.4302100000	0.0493689130
1.4309300000	0.0463373324
1.4316400000	0.0436103832
1.4323500000	0.0411578827
1.4330700000	0.0389552477
1.4337800000	0.0369716386
1.4344900000	0.0351852277
1.4352100000	0.0335755300
1.4359200000	0.0321328086
1.4366300000	0.0308274412
1.4373400000	0.0296533711
1.4380600000	0.0286015315
1.4387700000	0.0276557529
1.4394800000	0.0268108260
1.4402000000	0.0260589707
1.4409100000	0.0253945235
1.4416200000	0.0248111032
1.4423300000	0.0243063200
1.4430500000	0.0238737598
1.4437600000	0.0235162344
1.4444700000	0.0232255997
1.4451900000	0.0230045771
1.4459000000	0.0228535661
1.4466100000	0.0227738424
1.4473300000	0.0227673548
1.4480400000	0.0228375953
1.4487500000	0.0229872747
1.4494600000	0.0232219911
1.4501800000	0.0235489346
1.4508900000	0.0239707689
1.4516000000	0.0244952020
1.4523200000	0.0251280800
1.4530300000	0.0258742026
1.4537400000	0.0267366948
1.4544500000	0.0277083960
1.4551700000	0.0287799514
1.4558800000	0.0299288019
1.4565900000	0.0311187843
1.4573100000	0.0322948474
1.4580200000	0.0333853148
1.4587300000	0.0344716737
1.4594500000	0.0351240972
1.4601600000	0.0354373929
1.4608700000	0.0353597158
1.4615800000	0.0348788302
1.4623000000	0.0340246530
1.4630100000	0.0328630863
1.4637200000	0.0314807318
1.4644400000	0.0299681830
1.4651500000	0.0284065712
1.4658600000	0.0268605146
1.4665800000	0.0253762226
1.4672900000	0.0239826443
1.4680000000	0.0226951382
1.4687100000	0.0215189345
1.4694300000	0.0204525956
1.4701400000	0.0194906480
1.4708500000	0.0186254978
1.4715700000	0.0178486988
1.4722800000	0.0171508850
1.4729900000	0.0165238761
1.4737000000	0.0159601529
1.4744200000	0.0154521521
1.4751300000	0.0149936746
1.4758400000	0.0145791912
1.4765600000	0.0142037586
1.4772700000	0.0138628017
1.4779800000	0.0135526840
1.4787000000	0.0132702336
1.4794100000	0.0130121958
1.4801200000	0.0127766649
1.4808300000	0.0125605817
1.4815500000	0.0123624389
1.4822600000	0.0121804218
1.4829700000	0.0120133224
1.4836900000	0.0118596554
1.4844000000	0.0117177210
1.4851100000	0.0115877605
1.4858300000	0.0114682508
1.4865400000	0.0113586506
1.4872500000	0.0112578229
1.4879600000	0.0111654316
1.4886800000	0.0110809540
1.4893900000	0.0110039789
1.4901000000	0.0109340632
1.4908200000	0.0108708438
1.4915300000	0.0108140637
1.4922400000	0.0107635439
1.4929500000	0.0107190149
1.4936700000	0.0106804168
1.4943800000	0.0106474710
1.4950900000	0.0106561394
1.4958100000	0.0106334432
1.4965200000	0.0106162881
1.4972300000	0.0106046906
1.4979500000	0.0105987038
1.4986600000	0.0105982895
1.4993700000	0.0106036257
1.5000800000	0.0106156997
1.5008000000	0.0106390474
1.5015100000	0.0106693157
1.5022200000	0.0107065000
1.5029400000	0.0107512402
1.5036500000	0.0108037572
1.5043600000	0.0108644991
1.5050800000	0.0109340970
1.5057900000	0.0110132681
1.5065000000	0.0111026379
1.5072100000	0.0112031022
1.5079300000	0.0113155379
1.5086400000	0.0114410705
1.5093500000	0.0115808264
1.5100700000	0.0117362438
1.5107800000	0.0119087436
1.5114900000	0.0121005730
1.5122000000	0.0123134147
1.5129200000	0.0125497632
1.5136300000	0.0128120705
1.5143400000	0.0131036634
1.5150600000	0.0134280967
1.5157700000	0.0137854349
1.5164800000	0.0141873442
1.5172000000	0.0146355800
1.5179100000	0.0151355693
1.5186200000	0.0156938980
1.5193300000	0.0163173441
1.5200500000	0.0170133733
1.5207600000	0.0177897912
1.5214700000	0.0186545758
1.5221900000	0.0196144881
1.5229000000	0.0206748515
1.5236100000	0.0218386784
1.5243200000	0.0231029910
1.5250400000	0.0244578505
1.5257500000	0.0258818935
1.5264600000	0.0273403696
1.5271800000	0.0287820054
1.5278900000	0.0301383887
1.5286000000	0.0313281060
1.5293200000	0.0322637135
1.5300300000	0.0328661968
1.5307400000	0.0330788263
1.5314500000	0.0328795075
1.5321700000	0.0322866126
1.5328800000	0.0313606304
1.5335900000	0.0301674663
1.5343100000	0.0288014556
1.5350200000	0.0273458523
1.5357300000	0.0258709523
1.5364500000	0.0244294522
1.5371600000	0.0230582353
1.5378700000	0.0217786210
1.5385800000	0.0206017488
1.5393000000	0.0195303209
1.5400100000	0.0185619650
1.5407200000	0.0176911943
1.5414400000	0.0169103683
1.5421500000	0.0162116879
1.5428600000	0.0155869834
1.5435700000	0.0150285339
1.5442900000	0.0145292161
1.5450000000	0.0140824937
1.5457100000	0.0136824807
1.5464300000	0.0133238871
1.5471400000	0.0130021046
1.5478500000	0.0127143063
1.5485700000	0.0124543013
1.5492800000	0.0122202998
1.5499900000	0.0120095828
1.5507000000	0.0118196689
1.5514200000	0.0116484677
1.5521300000	0.0114941177
1.5528400000	0.0113549348
1.5535600000	0.0112294805
1.5542700000	0.0111164989
1.5549800000	0.0110148583
1.5557000000	0.0109235452
1.5564100000	0.0108416787
1.5571200000	0.0107685019
1.5578300000	0.0107032899
1.5585500000	0.0106454371
1.5592600000	0.0105944015
1.5599700000	0.0105496698
1.5606900000	0.0105108103
1.5614000000	0.0104774584
1.5621100000	0.0104492336
1.5628200000	0.0104258297
1.5635400000	0.0104070051
1.5642500000	0.0103924709
1.5649600000	0.0103820178
1.5656800000	0.0103754525
1.5663900000	0.0103725774
1.5671000000	0.0103732529
1.5678200000	0.0103773488
1.5685300000	0.0103847355
1.5692400000	0.0103953024
1.5699500000	0.0104089676
1.5706700000	0.0104256365
1.5713800000	0.0104452661
1.5720900000	0.0104677823
1.5728100000	0.0104944834
1.5735200000	0.0105225939
1.5742300000	0.0105534933
1.5749400000	0.0105871873
1.5756600000	0.0106236621
1.5763700000	0.0106629326
1.5770800000	0.0107050086
1.5778000000	0.0107499199
1.5785100000	0.0107976979
1.5792200000	0.0108483705
1.5799400000	0.0109020176
1.5806500000	0.0109587081
1.5813600000	0.0110186023
1.5820700000	0.0110816900
1.5827900000	0.0111481125
1.5835000000	0.0112179821
1.5842100000	0.0112914343
1.5849300000	0.0113686498
1.5856400000	0.0114497742
1.5863500000	0.0115350273
1.5870700000	0.0116246089
1.5877800000	0.0117187020
1.5884900000	0.0118176715
1.5892000000	0.0119218040
1.5899200000	0.0120313793
1.5906300000	0.0121468027
1.5913400000	0.0122684847
1.5920600000	0.0123968458
1.5927700000	0.0125324385
1.5934800000	0.0126758172
1.5941900000	0.0128275985
1.5949100000	0.0129884829
1.5956200000	0.0131592199
1.5963300000	0.0133407112
1.5970500000	0.0135338054
1.5977600000	0.0137396798
1.5984700000	0.0139593953
1.5991900000	0.0141941118
1.5999000000	0.0144452296
1.6006100000	0.0147125426
1.6013200000	0.0149983035
1.6020400000	0.0153040842
1.6027500000	0.0156311497
1.6034600000	0.0159805516
1.6041800000	0.0163529282
1.6048900000	0.0167485714
1.6056000000	0.0171668707
1.6063200000	0.0176061279
1.6070300000	0.0180632638
1.6077400000	0.0185333793
1.6084500000	0.0190097126
1.6091700000	0.0194831785
1.6098800000	0.0199427609
1.6105900000	0.0203759204
1.6113100000	0.0207696369
1.6120200000	0.0211118164
1.6127300000	0.0213927217
1.6134400000	0.0216065683
1.6141600000	0.0217524067
1.6148700000	0.0218304099
1.6155800000	0.0218565834
1.6163000000	0.0218387901
1.6170100000	0.0217917720
1.6177200000	0.0217264055
1.6184400000	0.0216565832
1.6191500000	0.0215934229
1.6198600000	0.0215461548
1.6205700000	0.0215220176
1.6212900000	0.0215266144
1.6220000000	0.0215640473
1.6227100000	0.0216372371
1.6234300000	0.0217482415
1.6241400000	0.0218987734
1.6248500000	0.0220900182
1.6255700000	0.0223230870
1.6262800000	0.0225991946
1.6269900000	0.0229196751
1.6277000000	0.0232861392
1.6284200000	0.0237005408
1.6291300000	0.0241651981
1.6298400000	0.0246828416
1.6305600000	0.0252565712
1.6312700000	0.0258901467
1.6319800000	0.0265880298
1.6326900000	0.0273548269
1.6334100000	0.0281957222
1.6341200000	0.0291166360
1.6348300000	0.0301236740
1.6355500000	0.0312231802
1.6362600000	0.0324214904
1.6369700000	0.0337247161
1.6376900000	0.0351378543
1.6384000000	0.0366644073
1.6391100000	0.0383050755
1.6398200000	0.0400572951
1.6405400000	0.0419122556
1.6412500000	0.0438551789
1.6419600000	0.0458614342
1.6426800000	0.0478955863
1.6433900000	0.0499109645
1.6441000000	0.0518487042
1.6448100000	0.0536409932
1.6455300000	0.0552144374
1.6462400000	0.0564969652
1.6469500000	0.0574264011
1.6476700000	0.0579586048
1.6483800000	0.0580739632
1.6490900000	0.0577812791
1.6498100000	0.0571152253
1.6505200000	0.0561314525
1.6512300000	0.0548986868
1.6519400000	0.0534906006
1.6526600000	0.0519776833
1.6533700000	0.0504225543
1.6540800000	0.0488759991
1.6548000000	0.0473796641
1.6555100000	0.0459615062
1.6562200000	0.0446405253
1.6569400000	0.0434277800
1.6576500000	0.0423289070
1.6583600000	0.0413443229
1.6590700000	0.0404721412
1.6597900000	0.0396883413
1.6605000000	0.0390260008
1.6612100000	0.0384601120
1.6619300000	0.0379845863
1.6626400000	0.0375932789
1.6633500000	0.0372802527
1.6640600000	0.0370400226
1.6647800000	0.0368675479
1.6654900000	0.0367582061
1.6662000000	0.0367078255
1.6669200000	0.0367126690
1.6676300000	0.0367694602
1.6683400000	0.0368752995
1.6690600000	0.0370277211
1.6697700000	0.0372244991
1.6704800000	0.0374637990
1.6711900000	0.0377440000
1.6719100000	0.0380637547
1.6726200000	0.0384220565
1.6733300000	0.0388180041
1.6740500000	0.0392509683
1.6747600000	0.0397205239
1.6754700000	0.0402263885
1.6761900000	0.0407683412
1.6769000000	0.0413464787
1.6776100000	0.0419612009
1.6783200000	0.0426127418
1.6790400000	0.0433014780
1.6797500000	0.0440282750
1.6804600000	0.0447937793
1.6811800000	0.0455989026
1.6818900000	0.0464448148
1.6826000000	0.0473325099
1.6833100000	0.0482635166
1.6840300000	0.0492392013
1.6847400000	0.0502612003
1.6854500000	0.0513311891
1.6861700000	0.0524513961
1.6868800000	0.0536235070
1.6875900000	0.0548504351
1.6883100000	0.0561345085
1.6890200000	0.0574781490
1.6897300000	0.0588845373
1.6904400000	0.0603567496
1.6911600000	0.0618980915
1.6918700000	0.0635121110
1.6925800000	0.0652029244
1.6933000000	0.0669750545
1.6940100000	0.0688327269
1.6947200000	0.0707808580
1.6954400000	0.0728243879
1.6961500000	0.0749702006
1.6968600000	0.0772238995
1.6975700000	0.0795921933
1.6982900000	0.0820823386
1.6990000000	0.0847021596
1.6997100000	0.0874604912
1.7004300000	0.0904153487
1.7011400000	0.0935681757
1.7018500000	0.0968994370
1.7025600000	0.1004218338
1.7032800000	0.1041501849
1.7039900000	0.1080996509
1.7047000000	0.1122865712
1.7054200000	0.1167297632
1.7061300000	0.1214501522
1.7068400000	0.1262677113
1.7075600000	0.1316000910
1.7082700000	0.1372829795
1.7089800000	0.1433455154
1.7096900000	0.1498201132
1.7104100000	0.1567437074
1.7111200000	0.1641552562
1.7118300000	0.1721007778
1.7125500000	0.1806286773
1.7132600000	0.1897927833
1.7139700000	0.1996542580
1.7146800000	0.2102780457
1.7154000000	0.2217377873
1.7161100000	0.2341124898
1.7168200000	0.2474908851
1.7175400000	0.2619683445
1.7182500000	0.2776478933
1.7189600000	0.2946421207
1.7196800000	0.3130706512
1.7203900000	0.3330704659
1.7211000000	0.3547792297
1.7218100000	0.3783472760
1.7225300000	0.4039274544
1.7232400000	0.4316773472
1.7239500000	0.4617440333
1.7246700000	0.4942694570
1.7253800000	0.5293656344
1.7260900000	0.5671051359
1.7268100000	0.6074915471
1.7275200000	0.6504440509
1.7282300000	0.6957553835
1.7289400000	0.7430602548
1.7296600000	0.7917919225
1.7303700000	0.8411590368
1.7310800000	0.8901020387
1.7318000000	0.9373067266
1.7325100000	0.9812283821
1.7332200000	1.0201731736
1.7339300000	1.0524262748
1.7346500000	1.0763783736
1.7353600000	1.0907675866
1.7360700000	1.0947657749
1.7367900000	1.0881641915
1.7375000000	1.0713626696
1.7382100000	1.0453327688
1.7389300000	1.0114703016
1.7396400000	0.9714370765
1.7403500000	0.9269792347
1.7410600000	0.8797635249
1.7417800000	0.8312925109
1.7424900000	0.7828238165
1.7432000000	0.7353401521
1.7439200000	0.6895853482
1.7446300000	0.6460525861
1.7453400000	0.6050741371
1.7460600000	0.5668214869
1.7467700000	0.5313482333
1.7474800000	0.4986360756
1.7481900000	0.4686036254
1.7489100000	0.4411379486
1.7496200000	0.4161013919
1.7503300000	0.3933501328
1.7510500000	0.3727377027
1.7517600000	0.3541182229
1.7524700000	0.3373579233
1.7531800000	0.3223223085
1.7539000000	0.3088958523
1.7546100000	0.2969667394
1.7553200000	0.2864339360
1.7560400000	0.2775065414
1.7567500000	0.2694697112
1.7574600000	0.2625584067
1.7581800000	0.2566845168
1.7588900000	0.2517548883
1.7596000000	0.2476721318
1.7603100000	0.2443249973
1.7610300000	0.2415925987
1.7617400000	0.2393358970
1.7624500000	0.2373968312
1.7631700000	0.2356067790
1.7638800000	0.2337830676
1.7645900000	0.2317403530
1.7653100000	0.2293030715
1.7660200000	0.2263180749
1.7667300000	0.2226653360
1.7674400000	0.2182768822
1.7681600000	0.2131309191
1.7688700000	0.2072605116
1.7695800000	0.2007457875
1.7703000000	0.1937014305
1.7710100000	0.1862627805
1.7717200000	0.1785740265
1.7724300000	0.1707725900
1.7731500000	0.1629843917
1.7738600000	0.1553158391
1.7745700000	0.1478499700
1.7752900000	0.1406504585
1.7760000000	0.1337636551
1.7767100000	0.1272130307
1.7774300000	0.1210119746
1.7781400000	0.1151651317
1.7788500000	0.1096678614
1.7795600000	0.1045094370
1.7802800000	0.0996754402
1.7809900000	0.0951494545
1.7817000000	0.0909134439
1.7824200000	0.0869490768
1.7831300000	0.0832377083
1.7838400000	0.0797617166
1.7845500000	0.0765040428
1.7852700000	0.0734487768
1.7859800000	0.0705806988
1.7866900000	0.0678859485
1.7874100000	0.0653513616
1.7881200000	0.0629649687
1.7888300000	0.0607155936
1.7895500000	0.0585933061
1.7902600000	0.0565886680
1.7909700000	0.0546931347
1.7916800000	0.0528987996
1.7924000000	0.0511986014
1.7931100000	0.0495859754
1.7938200000	0.0480548063
1.7945400000	0.0465995395
1.7952500000	0.0452148683
1.7959600000	0.0438966600
1.7966800000	0.0426402904
1.7973900000	0.0414418183
1.7981000000	0.0402977095
1.7988100000	0.0392044477
1.7995300000	0.0381589299
1.8002400000	0.0371516814
1.8009500000	0.0361746939
1.8016700000	0.0352395102
1.8023800000	0.0343433291
1.8030900000	0.0334840861
1.8038000000	0.0326597114
1.8045200000	0.0318682024
1.8052300000	0.0311076464
1.8059400000	0.0303765513
1.8066600000	0.0296730807
1.8073700000	0.0289960143
1.8080800000	0.0283127197
1.8088000000	0.0276835772
1.8095100000	0.0270768899
1.8102200000	0.0264914875
1.8109300000	0.0259264300
1.8116500000	0.0253806180
1.8123600000	0.0248531389
1.8130700000	0.0243431770
1.8137900000	0.0238498499
1.8145000000	0.0233723118
1.8152100000	0.0229100155
1.8159300000	0.0224620886
1.8166400000	0.0220280319
1.8173500000	0.0216073066
1.8180600000	0.0211991575
1.8187800000	0.0208033296
1.8194900000	0.0204192344
1.8202000000	0.0200466794
1.8209200000	0.0196847741
1.8216300000	0.0193333914
1.8223400000	0.0189922736
1.8230500000	0.0186610415
1.8237700000	0.0183393848
1.8244800000	0.0180269210
1.8251900000	0.0177235214
1.8259100000	0.0174287395
1.8266200000	0.0171421593
1.8273300000	0.0168629854
1.8280500000	0.0165911619
1.8287600000	0.0163259429
1.8294700000	0.0160666913
1.8301800000	0.0158129456
1.8309000000	0.0155642474
1.8316100000	0.0153201860
1.8323200000	0.0150802856
1.8330400000	0.0148442975
1.8337500000	0.0146118545
1.8344600000	0.0143829071
1.8351800000	0.0141572157
1.8358900000	0.0139346269
1.8366000000	0.0137148993
1.8373100000	0.0134978134
1.8380300000	0.0132837194
1.8387400000	0.0130716238
1.8394500000	0.0128623040
1.8401700000	0.0126550507
1.8408800000	0.0124498720
1.8415900000	0.0122464259
1.8423000000	0.0120443898
1.8430200000	0.0118436294
1.8437300000	0.0116437502
1.8444400000	0.0114443386
1.8451600000	0.0112454748
1.8458700000	0.0110465376
1.8465800000	0.0108473078
1.8473000000	0.0106473441
1.8480100000	0.0104462030
1.8487200000	0.0102429190
1.8494300000	0.0100380959
1.8501500000	0.0098308556
1.8508600000	0.0096205787
1.8515700000	0.0094065696
1.8522900000	0.0091882321
1.8530000000	0.0089645446
1.8537100000	0.0087357375
1.8544200000	0.0085004775
1.8551400000	0.0082578112
1.8558500000	0.0080070312
1.8565600000	0.0077470262
1.8572800000	0.0074767423
1.8579900000	0.0071948695
1.8587000000	0.0069000550
1.8594200000	0.0065905148
1.8601300000	0.0062649816
1.8608400000	0.0059223512
1.8615500000	0.0053220829
1.8622700000	0.0049227836
1.8629800000	0.0044987669
1.8636900000	0.0040474405
1.8644100000	0.0035663703
1.8651200000	0.0030528510
1.8658300000	0.0025054212
1.8665500000	0.0019183610
1.8672600000	0.0012904701
1.8679700000	0.0006184037
1.8686800000	0.0000523980
1.8694000000	0.0002161405
1.8879300000	0.0004351368
1.8886500000	0.0016983787
1.8893600000	0.0044207418
1.8900700000	0.0069890800
1.8907900000	0.0093425657
1.8915000000	0.0114377334
1.8922100000	0.0132516848
1.8929200000	0.0147793181
1.8936400000	0.0160259781
1.8943500000	0.0170116137
1.8950600000	0.0177638011
1.8957800000	0.0183069680
1.8964900000	0.0186739907
1.8972000000	0.0188947742
1.8979200000	0.0189970711
1.8986300000	0.0190057219
1.8993400000	0.0189423247
1.9000500000	0.0188246635
1.9007700000	0.0186580613
1.9014800000	0.0184627197
1.9021900000	0.0182490542
1.9029100000	0.0180234905
1.9036200000	0.0177902758
1.9043300000	0.0175513835
1.9050500000	0.0173084925
1.9057600000	0.0170579042
1.9064700000	0.0167994766
1.9071800000	0.0165311311
1.9079000000	0.0162509485
1.9086100000	0.0159573231
1.9093200000	0.0156495958
1.9100400000	0.0153273000
1.9107500000	0.0149914578
1.9114600000	0.0146439079
1.9121700000	0.0142868574
1.9128900000	0.0139233535
1.9136000000	0.0135565437
1.9143100000	0.0131897012
1.9150300000	0.0128259684
1.9157400000	0.0124682944
1.9164500000	0.0121187939
1.9171700000	0.0117798397
1.9178800000	0.0114526393
1.9185900000	0.0112478597
1.9193000000	0.0109417306
1.9200200000	0.0106501645
1.9207300000	0.0103731885
1.9214400000	0.0101107131
1.9221600000	0.0098624418
1.9228700000	0.0096279398
1.9235800000	0.0094066807
1.9242900000	0.0091980711
1.9250100000	0.0090015794
1.9257200000	0.0088164052
1.9264300000	0.0086419857
1.9271500000	0.0084777093
1.9278600000	0.0083230547
1.9285700000	0.0081773105
1.9292900000	0.0080398818
1.9300000000	0.0079104134
1.9307100000	0.0077882139
1.9314200000	0.0076728864
1.9321400000	0.0075640183
1.9328500000	0.0074612101
1.9335600000	0.0073641070
1.9342800000	0.0072722887
1.9349900000	0.0071854664
1.9357000000	0.0071033284
1.9364200000	0.0070256269
1.9371300000	0.0069520586
1.9378400000	0.0068824060
1.9385500000	0.0068164397
1.9392700000	0.0067540050
1.9399800000	0.0066948639
1.9406900000	0.0066387860
1.9414100000	0.0065856576
1.9421200000	0.0065353638
1.9428300000	0.0064877150
1.9435400000	0.0064425819
1.9442600000	0.0063998655
1.9449700000	0.0063594548
1.9456800000	0.0063212341
1.9464000000	0.0062851113
1.9471100000	0.0062510054
1.9478200000	0.0062188356
1.9485400000	0.0061885219
1.9492500000	0.0061599884
1.9499600000	0.0061331814
1.9506700000	0.0061080739
1.9513900000	0.0060845302
1.9521000000	0.0060625541
1.9528100000	0.0060421009
1.9535300000	0.0060230848
1.9542400000	0.0060054914
1.9549500000	0.0059892882
1.9556700000	0.0059744363
1.9563800000	0.0059609191
1.9570900000	0.0059486932
1.9578000000	0.0059377443
1.9585200000	0.0059280636
1.9592300000	0.0059196011
1.9599400000	0.0059123578
1.9606600000	0.0059063207
1.9613700000	0.0059014764
1.9620800000	0.0058978162
1.9627900000	0.0058953261
1.9635100000	0.0058940217
1.9642200000	0.0058938645
1.9649300000	0.0058948679
1.9656500000	0.0058970370
1.9663600000	0.0059003730
1.9670700000	0.0059048738
1.9677900000	0.0059105409
1.9685000000	0.0059174047
1.9692100000	0.0059254677
1.9699200000	0.0059347410
1.9706400000	0.0059452329
1.9713500000	0.0059569685
1.9720600000	0.0059699599
1.9727800000	0.0059842356
1.9734900000	0.0059998214
1.9742000000	0.0060167338
1.9749100000	0.0060350051
1.9756300000	0.0060546630
1.9763400000	0.0060757469
1.9770500000	0.0060982892
1.9777700000	0.0061293628
1.9784800000	0.0061547721
1.9791900000	0.0061817763
1.9799100000	0.0062104251
1.9806200000	0.0062407744
1.9813300000	0.0062728770
1.9820400000	0.0063068046
1.9827600000	0.0063425976
1.9834700000	0.0063803452
1.9841800000	0.0064201214
1.9849000000	0.0064620108
1.9856100000	0.0065060916
1.9863200000	0.0065524590
1.9870400000	0.0066012053
1.9877500000	0.0066524382
1.9884600000	0.0067062592
1.9891700000	0.0067628008
1.9898900000	0.0068221840
1.9906000000	0.0068845469
1.9913100000	0.0069500382
1.9920300000	0.0070188118
1.9927400000	0.0070910245
1.9934500000	0.0071668443
1.9941600000	0.0072464793
1.9948800000	0.0073301219
1.9955900000	0.0074179644
1.9963000000	0.0075102685
1.9970200000	0.0076072488
1.9977300000	0.0077091766
1.9984400000	0.0078163106
1.9991600000	0.0079288990
1.9998700000	0.0080473397
2.0005800000	0.0081769806
2.0012900000	0.0083145856
2.0020100000	0.0084594101
2.0027200000	0.0086118586
2.0034300000	0.0087723085
2.0041500000	0.0089412972
2.0048600000	0.0091192537
2.0055700000	0.0093066548
2.0062900000	0.0095039803
2.0070000000	0.0097117541
2.0077100000	0.0099304429
2.0084200000	0.0101605809
2.0091400000	0.0104026435
2.0098500000	0.0106570687
2.0105600000	0.0109243103
2.0112800000	0.0112046920
2.0119900000	0.0114985179
2.0127000000	0.0118060216
2.0134100000	0.0121272508
2.0141300000	0.0124620050
2.0148400000	0.0128100721
2.0155500000	0.0131708334
2.0162700000	0.0135434908
2.0169800000	0.0139268980
2.0176900000	0.0143195074
2.0184100000	0.0147193448
2.0191200000	0.0151240209
2.0198300000	0.0155306224
2.0205400000	0.0159358609
2.0212600000	0.0163359343
2.0219700000	0.0167266329
2.0226800000	0.0171033714
2.0234000000	0.0174615084
2.0241100000	0.0177961737
2.0248200000	0.0181026197
2.0255400000	0.0183764496
2.0262500000	0.0186135928
2.0269600000	0.0188106905
2.0276700000	0.0189651437
2.0283900000	0.0190752241
2.0291000000	0.0191401487
2.0298100000	0.0191599965
2.0305300000	0.0191358124
2.0312400000	0.0190692583
2.0319500000	0.0189629481
2.0326600000	0.0188197747
2.0333800000	0.0186429758
2.0340900000	0.0184361246
2.0348000000	0.0182029236
2.0355200000	0.0179470845
2.0362300000	0.0176723297
2.0369400000	0.0173824071
2.0376600000	0.0170805198
2.0383700000	0.0167701785
2.0390800000	0.0164544645
2.0397900000	0.0161362558
2.0405100000	0.0158194667
2.0412200000	0.0155037862
2.0419300000	0.0151927775
2.0426500000	0.0148883113
2.0433600000	0.0145920181
2.0440700000	0.0143051300
2.0447800000	0.0140287736
2.0455000000	0.0137637459
2.0462100000	0.0135106498
2.0469200000	0.0132699620
2.0476400000	0.0130418168
2.0483500000	0.0128263716
2.0490600000	0.0126235597
2.0497800000	0.0124332553
2.0504900000	0.0122553685
2.0512000000	0.0120893937
2.0519100000	0.0119350379
2.0526300000	0.0117920195
2.0533400000	0.0116598683
2.0540500000	0.0115381930
2.0547700000	0.0114265637
2.0554800000	0.0113245815
2.0561900000	0.0112318444
2.0569100000	0.0111479141
2.0576200000	0.0110723796
2.0583300000	0.0110049145
2.0590400000	0.0109450776
2.0597600000	0.0108925784
2.0604700000	0.0108470940
2.0611800000	0.0108083100
2.0619000000	0.0107759559
2.0626100000	0.0107497764
2.0633200000	0.0107295701
2.0640300000	0.0107151036
2.0647500000	0.0107062900
2.0654600000	0.0107026695
2.0661700000	0.0107042675
2.0668900000	0.0107109549
2.0676000000	0.0107225408
2.0683100000	0.0107389722
2.0690300000	0.0107601291
2.0697400000	0.0107859456
2.0704500000	0.0108163517
2.0711600000	0.0108513063
2.0718800000	0.0108907673
2.0725900000	0.0109347030
2.0733000000	0.0109831085
2.0740200000	0.0110360053
2.0747300000	0.0110933960
2.0754400000	0.0111553291
2.0761600000	0.0112218467
2.0768700000	0.0112930070
2.0775800000	0.0113689120
2.0782900000	0.0114496028
2.0790100000	0.0115352379
2.0797200000	0.0116258948
2.0804300000	0.0117216464
2.0811500000	0.0118226090
2.0818600000	0.0119288572
2.0825700000	0.0120404648
2.0832800000	0.0121574965
2.0840000000	0.0122800047
2.0847100000	0.0124079961
2.0854200000	0.0125415336
2.0861400000	0.0126806145
2.0868500000	0.0128252029
2.0875600000	0.0129753262
2.0882800000	0.0131309687
2.0889900000	0.0132921411
2.0897000000	0.0134588520
2.0904100000	0.0136310735
2.0911300000	0.0138089597
2.0918400000	0.0139925164
2.0925500000	0.0141818508
2.0932700000	0.0143770613
2.0939800000	0.0145782847
2.0946900000	0.0147856625
2.0954100000	0.0149993965
2.0961200000	0.0152196809
2.0968300000	0.0154467270
2.0975400000	0.0156807626
2.0982600000	0.0159220433
2.0989700000	0.0161708242
2.0996800000	0.0164273505
2.1004000000	0.0166913806
2.1011100000	0.0169636660
2.1018200000	0.0172451318
2.1025300000	0.0175361463
2.1032500000	0.0178370795
2.1039600000	0.0181483570
2.1046700000	0.0184703831
2.1053900000	0.0188036416
2.1061000000	0.0191485605
2.1068100000	0.0194922931
2.1075300000	0.0198616767
2.1082400000	0.0202442707
2.1089500000	0.0206406362
2.1096600000	0.0210513406
2.1103800000	0.0214770392
2.1110900000	0.0219183929
2.1118000000	0.0223760761
2.1125200000	0.0228508315
2.1132300000	0.0233434124
2.1139400000	0.0238546606
2.1146500000	0.0243854236
2.1153700000	0.0249366044
2.1160800000	0.0255091536
2.1167900000	0.0261040654
2.1175100000	0.0267224393
2.1182200000	0.0273654324
2.1189300000	0.0280341885
2.1196500000	0.0287299521
2.1203600000	0.0294541561
2.1210700000	0.0302081488
2.1217800000	0.0309934263
2.1225000000	0.0318115701
2.1232100000	0.0326640205
2.1239200000	0.0335529473
2.1246400000	0.0344800744
2.1253500000	0.0354473335
2.1260600000	0.0364568149
2.1267800000	0.0375107323
2.1274900000	0.0386113476
2.1282000000	0.0397611522
2.1289100000	0.0409627581
2.1296300000	0.0422188475
2.1303400000	0.0435322536
2.1310500000	0.0449059533
2.1317700000	0.0463433341
2.1324800000	0.0478474378
2.1331900000	0.0494219129
2.1339000000	0.0510702575
2.1346200000	0.0527963109
2.1353300000	0.0546037145
2.1360400000	0.0564969061
2.1367600000	0.0584798057
2.1374700000	0.0605566596
2.1381800000	0.0627318138
2.1389000000	0.0650094938
2.1396100000	0.0673940269
2.1403200000	0.0698896802
2.1410300000	0.0725005402
2.1417500000	0.0752303617
2.1424600000	0.0780829072
2.1431700000	0.0810610396
2.1438900000	0.0841672529
2.1446000000	0.0874035454
2.1453100000	0.0907703853
2.1460300000	0.0942675216
2.1467400000	0.0978932800
2.1474500000	0.1016439708
2.1481600000	0.1055141357
2.1488800000	0.1094957947
2.1495900000	0.1135783876
2.1503000000	0.1177482460
2.1510200000	0.1219884920
2.1517300000	0.1262783017
2.1524400000	0.1305929339
2.1531500000	0.1349036571
2.1538700000	0.1391773576
2.1545800000	0.1433768940
2.1552900000	0.1474611781
2.1560100000	0.1513857102
2.1567200000	0.1551033185
2.1574300000	0.1585651323
2.1581500000	0.1617221160
2.1588600000	0.1645256316
2.1595700000	0.1669291925
2.1602800000	0.1688914885
2.1610000000	0.1703762416
2.1617100000	0.1713550431
2.1624200000	0.1718083908
2.1631400000	0.1717246244
2.1638500000	0.1711038691
2.1645600000	0.1699558443
2.1652800000	0.1683002394
2.1659900000	0.1661647485
2.1667000000	0.1635854129
2.1674100000	0.1606043318
2.1681300000	0.1572676992
2.1688400000	0.1536248397
2.1695500000	0.1497260612
2.1702700000	0.1456212865
2.1709800000	0.1413589101
2.1716900000	0.1369848094
2.1724000000	0.1325426913
2.1731200000	0.1280670339
2.1738300000	0.1235946700
2.1745400000	0.1191543464
2.1752600000	0.1150160303
2.1759700000	0.1106976202
2.1766800000	0.1064754620
2.1774000000	0.1023635031
2.1781100000	0.0983725022
2.1788200000	0.0945102964
2.1795300000	0.0907823323
2.1802500000	0.0871920462
2.1809600000	0.0837407589
2.1816700000	0.0804288577
2.1823900000	0.0772546063
2.1831000000	0.0742162445
2.1838100000	0.0713106219
2.1845200000	0.0685342600
2.1852400000	0.0658831248
2.1859500000	0.0633529168
2.1866600000	0.0609392603
2.1873800000	0.0586373237
2.1880900000	0.0564422373
2.1888000000	0.0543494521
2.1895200000	0.0523544658
2.1902300000	0.0504523915
2.1909400000	0.0486389095
2.1916500000	0.0469097155
2.1923700000	0.0452605563
2.1930800000	0.0436875617
2.1937900000	0.0421866525
2.1945100000	0.0407542929
2.1952200000	0.0393869188
2.1959300000	0.0380812101
2.1966500000	0.0368339177
2.1973600000	0.0356420534
2.1980700000	0.0345027535
2.1987800000	0.0334132740
2.1995000000	0.0323710451
2.2002100000	0.0313747422
2.2009200000	0.0304250209
2.2016400000	0.0295175444
2.2023500000	0.0286499653
2.2030600000	0.0278200910
2.2037700000	0.0270258239
2.2044900000	0.0262652219
2.2052000000	0.0255364889
2.2059100000	0.0248378990
2.2066300000	0.0241678373
2.2073400000	0.0235247772
2.2080500000	0.0229073087
2.2087700000	0.0223140852
2.2094800000	0.0217438586
2.2101900000	0.0211954312
2.2109000000	0.0206675312
2.2116200000	0.0201593923
2.2123300000	0.0196698654
2.2130400000	0.0191980427
2.2137600000	0.0187429935
2.2144700000	0.0183039162
2.2151800000	0.0178799540
2.2159000000	0.0174704644
2.2166100000	0.0170746375
2.2173200000	0.0166918317
2.2180300000	0.0163214822
2.2187500000	0.0159629544
2.2194600000	0.0156156641
2.2201700000	0.0152790829
2.2208900000	0.0149527003
2.2216000000	0.0146360270
2.2223100000	0.0143285939
2.2230200000	0.0140299169
2.2237400000	0.0137396980
2.2244500000	0.0134574831
2.2251600000	0.0131828679
2.2258800000	0.0129154975
2.2265900000	0.0126550250
2.2273000000	0.0124010873
2.2280200000	0.0121533969
2.2287300000	0.0119116226
2.2294400000	0.0116754448
2.2301500000	0.0114444122
2.2308700000	0.0112185740
2.2315800000	0.0109974892
2.2322900000	0.0107808844
2.2330100000	0.0105684236
2.2337200000	0.0103600101
2.2344300000	0.0101552691
2.2351500000	0.0099540825
2.2358600000	0.0097561587
2.2365700000	0.0095612691
2.2372800000	0.0093691886
2.2380000000	0.0091797614
2.2387100000	0.0089927505
2.2394200000	0.0088079725
2.2401400000	0.0086252491
2.2408500000	0.0084444013
2.2415600000	0.0082652786
2.2422700000	0.0080877459
2.2429900000	0.0079115580
2.2437000000	0.0077367484
2.2444100000	0.0075630721
2.2451300000	0.0073907075
2.2458400000	0.0072192409
2.2465500000	0.0070489363
2.2472700000	0.0068798546
2.2479800000	0.0066076009
2.2486900000	0.0064371803
2.2494000000	0.0062680568
2.2501200000	0.0061003760
2.2508300000	0.0059339012
2.2515400000	0.0057699330
2.2522600000	0.0056083180
2.2529700000	0.0054494752
2.2536800000	0.0052936822
2.2543900000	0.0051419204
2.2551100000	0.0049946022
2.2558200000	0.0048524692
2.2565300000	0.0047162934
2.2572500000	0.0045868809
2.2579600000	0.0044651491
2.2586700000	0.0043520150
2.2593900000	0.0042481610
2.2601000000	0.0041549440
2.2608100000	0.0040735094
2.2615200000	0.0040045281
2.2622400000	0.0039484508
2.2629500000	0.0039068372
2.2636600000	0.0038800345
2.2643800000	0.0038683325
2.2650900000	0.0038722500
2.2658000000	0.0038915853
2.2665200000	0.0039265367
2.2672300000	0.0039764975
2.2679400000	0.0040408499
2.2686500000	0.0041186598
2.2693700000	0.0042087708
2.2700800000	0.0043098329
2.2707900000	0.0044202885
2.2715100000	0.0045384438
2.2722200000	0.0046624987
2.2729300000	0.0047906100
2.2736400000	0.0049209292
2.2743600000	0.0050514622
2.2750700000	0.0051807966
2.2757800000	0.0053071225
2.2765000000	0.0054292537
2.2772100000	0.0055457618
2.2779200000	0.0056555313
2.2786400000	0.0057578292
2.2793500000	0.0058519546
2.2800600000	0.0059374524
2.2807700000	0.0060140665
2.2814900000	0.0060816900
2.2822000000	0.0061403910
2.2829100000	0.0061903640
2.2836300000	0.0062319179
2.2843400000	0.0062654288
2.2850500000	0.0062913515
2.2857700000	0.0063102076
2.2864800000	0.0063225419
2.2871900000	0.0063289037
2.2879000000	0.0063298594
2.2886200000	0.0063259734
2.2893300000	0.0063177735
2.2900400000	0.0063058131
2.2907600000	0.0062905505
2.2914700000	0.0062724847
2.2921800000	0.0062521132
2.2928900000	0.0062296765
2.2936100000	0.0062056350
2.2943200000	0.0061803217
2.2950300000	0.0061540375
2.2957500000	0.0061270524
2.2964600000	0.0060996239
2.2971700000	0.0060719585
2.2978900000	0.0060442488
2.2986000000	0.0060166416
2.2993100000	0.0059893030
2.3000200000	0.0059622513
2.3007400000	0.0059332246
2.3014500000	0.0059047934
2.3021600000	0.0058770435
2.3028800000	0.0058500457
2.3035900000	0.0058238663
2.3043000000	0.0057985418
2.3050200000	0.0057741076
2.3057300000	0.0057506226
2.3064400000	0.0057280402
2.3071500000	0.0057064074
2.3078700000	0.0056857202
2.3085800000	0.0056659898
2.3092900000	0.0056472167
2.3100100000	0.0056294054
2.3107200000	0.0056125433
2.3114300000	0.0055966499
2.3121400000	0.0055817161
2.3128600000	0.0055677506
2.3135700000	0.0055547759
2.3142800000	0.0055427861
2.3150000000	0.0055318114
2.3157100000	0.0055218636
2.3164200000	0.0055129593
2.3171400000	0.0055051378
2.3178500000	0.0054984201
2.3185600000	0.0054928291
2.3192700000	0.0054884047
2.3199900000	0.0054851791
2.3207000000	0.0054831886
2.3214100000	0.0054824464
2.3221300000	0.0054830152
2.3228400000	0.0054849022
2.3235500000	0.0054881512
2.3242600000	0.0055009805
2.3249800000	0.0055067534
2.3256900000	0.0055139834
2.3264000000	0.0055226850
2.3271200000	0.0055328802
2.3278300000	0.0055445888
2.3285400000	0.0055578217
2.3292600000	0.0055725882
2.3299700000	0.0055888977
2.3306800000	0.0056067363
2.3313900000	0.0056261105
2.3321100000	0.0056470128
2.3328200000	0.0056694225
2.3335300000	0.0056933133
2.3342500000	0.0057186841
2.3349600000	0.0057454445
2.3356700000	0.0057735776
2.3363900000	0.0058030302
2.3371000000	0.0058337367
2.3378100000	0.0058656124
2.3385200000	0.0058985750
2.3392400000	0.0059325392
2.3399500000	0.0059673832
2.3406600000	0.0060029820
2.3413800000	0.0060392070
2.3420900000	0.0060759087
2.3428000000	0.0061129230
2.3435100000	0.0061500896
2.3442300000	0.0061872082
2.3449400000	0.0062240787
2.3456500000	0.0062605069
2.3463700000	0.0062962660
2.3470800000	0.0063311297
2.3477900000	0.0063648835
2.3485100000	0.0063972786
2.3492200000	0.0064280887
2.3499300000	0.0064570832
2.3506400000	0.0064840441
2.3513600000	0.0065087566
2.3520700000	0.0065310251
2.3527800000	0.0065506712
2.3535000000	0.0065674974
2.3542100000	0.0065813912
2.3549200000	0.0065922336
2.3556400000	0.0065999255
2.3563500000	0.0066044130
2.3570600000	0.0066056789
2.3577700000	0.0066037124
2.3584900000	0.0065985471
2.3592000000	0.0065902585
2.3599100000	0.0065789306
2.3606300000	0.0065646782
2.3613400000	0.0065476561
2.3620500000	0.0065280267
2.3627600000	0.0065059744
2.3634800000	0.0064816859
2.3641900000	0.0064553845
2.3649000000	0.0064272805
2.3656200000	0.0063976091
2.3663300000	0.0063665899
2.3670400000	0.0063344451
2.3677600000	0.0063014259
2.3684700000	0.0062677024
2.3691800000	0.0062335158
2.3698900000	0.0061990387
2.3706100000	0.0061644990
2.3713200000	0.0061300150
2.3720300000	0.0060957987
2.3727500000	0.0060619850
2.3734600000	0.0060287173
2.3741700000	0.0059961153
2.3748800000	0.0059643138
2.3756000000	0.0059334081
2.3763100000	0.0059034841
2.3770200000	0.0058746141
2.3777400000	0.0058469012
2.3784500000	0.0058203665
2.3791600000	0.0057950920
2.3798800000	0.0057711152
2.3805900000	0.0057484685
2.3813000000	0.0057271890
2.3820100000	0.0057073097
2.3827300000	0.0056888425
2.3834400000	0.0056718086
2.3841500000	0.0056562278
2.3848700000	0.0056421034
2.3855800000	0.0056294221
2.3862900000	0.0056182023
2.3870100000	0.0056084522
2.3877200000	0.0056001661
2.3884300000	0.0055933478
2.3891400000	0.0055879836
2.3898600000	0.0055840884
2.3905700000	0.0055816397
2.3912800000	0.0055806484
2.3920000000	0.0055810997
2.3927100000	0.0055829874
2.3934200000	0.0055863113
2.3941300000	0.0055910613
2.3948500000	0.0055972348
2.3955600000	0.0056048240
2.3962700000	0.0056138184
2.3969900000	0.0056242223
2.3977000000	0.0056360169
2.3984100000	0.0056492059
2.3991300000	0.0056637768
2.3998400000	0.0056797281
2.4005500000	0.0056983305
2.4012600000	0.0057188410
2.4019800000	0.0057408965
2.4026900000	0.0057644872
2.4034000000	0.0057896189
2.4041200000	0.0058154191
2.4048300000	0.0058436071
2.4055400000	0.0058733261
2.4062600000	0.0059045855
2.4069700000	0.0059373785
2.4076800000	0.0059717131
2.4083900000	0.0060076000
2.4091100000	0.0060450421
2.4098200000	0.0060840516
2.4105300000	0.0061246425
2.4112500000	0.0061668254
2.4119600000	0.0062106214
2.4126700000	0.0062560460
2.4133800000	0.0063031240
2.4141000000	0.0063518733
2.4148100000	0.0064023217
2.4155200000	0.0064544925
2.4162400000	0.0065084176
2.4169500000	0.0065641181
2.4176600000	0.0066216434
2.4183800000	0.0066810115
2.4190900000	0.0067422632
2.4198000000	0.0068054359
2.4205100000	0.0068705766
2.4212300000	0.0069377133
2.4219400000	0.0070069016
2.4226500000	0.0070781751
2.4233700000	0.0071515926
2.4240800000	0.0072271884
2.4247900000	0.0073050242
2.4255100000	0.0073851451
2.4262200000	0.0074676075
2.4269300000	0.0075524732
2.4276400000	0.0076397827
2.4283600000	0.0077296180
2.4290700000	0.0078220324
2.4297800000	0.0079170833
2.4305000000	0.0080148518
2.4312100000	0.0081153984
2.4319200000	0.0082187979
2.4326300000	0.0083251155
2.4333500000	0.0084344400
2.4340600000	0.0085468408
2.4347700000	0.0086624022
2.4354900000	0.0087812145
2.4362000000	0.0089033553
2.4369100000	0.0090289159
2.4376300000	0.0091579962
2.4383400000	0.0092906896
2.4390500000	0.0094270876
2.4397600000	0.0095672975
2.4404800000	0.0097114114
2.4411900000	0.0098595592
2.4419000000	0.0100118400
2.4426200000	0.0101683593
2.4433300000	0.0103292466
2.4440400000	0.0104946220
2.4447500000	0.0106646011
2.4454700000	0.0108393167
2.4461800000	0.0110188922
2.4468900000	0.0112034599
2.4476100000	0.0113931597
2.4483200000	0.0115881276
2.4490300000	0.0117884914
2.4497500000	0.0119944145
2.4504600000	0.0122060174
2.4511700000	0.0124234621
2.4518800000	0.0126468843
2.4526000000	0.0128764353
2.4533100000	0.0131122570
2.4540200000	0.0133544953
2.4547400000	0.0136032972
2.4554500000	0.0138588038
2.4561600000	0.0141211482
2.4568800000	0.0143904687
2.4575900000	0.0146669002
2.4583000000	0.0149505552
2.4590100000	0.0152415722
2.4597300000	0.0155400312
2.4604400000	0.0158460555
2.4611500000	0.0161597140
2.4618700000	0.0164810932
2.4625800000	0.0168102408
2.4632900000	0.0171471917
2.4640000000	0.0174919763
2.4647200000	0.0178445893
2.4654300000	0.0182049906
2.4661400000	0.0185731368
2.4668600000	0.0189489385
2.4675700000	0.0193322684
2.4682800000	0.0197229602
2.4690000000	0.0201208504
2.4697100000	0.0205256437
2.4704200000	0.0209370703
2.4711300000	0.0213547722
2.4718500000	0.0217783551
2.4725600000	0.0222073539
2.4732700000	0.0226412529
2.4739900000	0.0230794429
2.4747000000	0.0235212713
2.4754100000	0.0239660027
2.4761300000	0.0244128161
2.4768400000	0.0248608241
2.4775500000	0.0253090651
2.4782600000	0.0257564774
2.4789800000	0.0262019259
2.4796900000	0.0266442125
2.4804000000	0.0270820368
2.4811200000	0.0275140513
2.4818300000	0.0279388194
2.4825400000	0.0283548601
2.4832500000	0.0287606493
2.4839700000	0.0291545425
2.4846800000	0.0295349555
2.4853900000	0.0299002950
2.4861100000	0.0302487700
2.4868200000	0.0305788090
2.4875300000	0.0309122391
2.4882500000	0.0312021041
2.4889600000	0.0314687962
2.4896700000	0.0317108622
2.4903800000	0.0319269159
2.4911000000	0.0321157184
2.4918100000	0.0322761676
2.4925200000	0.0324072149
2.4932400000	0.0325080619
2.4939500000	0.0325780557
2.4946600000	0.0326167078
2.4953800000	0.0326237336
2.4960900000	0.0325990259
2.4968000000	0.0325426854
2.4975100000	0.0324549827
2.4982300000	0.0323363936
2.4989400000	0.0321875898
2.4996500000	0.0320093253
2.5003700000	0.0317907943
2.5010800000	0.0315310992
2.5017900000	0.0312419154
2.5025000000	0.0309251114
2.5032200000	0.0305825863
2.5039300000	0.0302164060
2.5046400000	0.0298283828
2.5053600000	0.0294206942
2.5060700000	0.0289954302
2.5067800000	0.0285545668
2.5075000000	0.0281001683
2.5082100000	0.0276342058
2.5089200000	0.0271585863
2.5096300000	0.0266751467
2.5103500000	0.0261856355
2.5110600000	0.0256916879
2.5117700000	0.0251948648
2.5124900000	0.0246966383
2.5132000000	0.0241983003
2.5139100000	0.0237010984
2.5146200000	0.0232061536
2.5153400000	0.0227144995
2.5160500000	0.0222270529
2.5167600000	0.0217446657
2.5174800000	0.0212680507
2.5181900000	0.0207978100
2.5189000000	0.0203344740
2.5196200000	0.0198785698
2.5203300000	0.0194305163
2.5210400000	0.0189906241
2.5217500000	0.0185591673
2.5224700000	0.0181363823
2.5231800000	0.0177224362
2.5238900000	0.0173174389
2.5246100000	0.0169214763
2.5253200000	0.0165345782
2.5260300000	0.0161567611
2.5267500000	0.0157880038
2.5274600000	0.0154282321
2.5281700000	0.0150773865
2.5288800000	0.0147353735
2.5296000000	0.0144020731
2.5303100000	0.0140773581
2.5310200000	0.0137610912
2.5317400000	0.0134531179
2.5324500000	0.0131532786
2.5331600000	0.0128614120
2.5338700000	0.0125773283
2.5345900000	0.0123008714
2.5353000000	0.0120318509
2.5360100000	0.0117701015
2.5367300000	0.0115154124
2.5374400000	0.0112676481
2.5381500000	0.0110266125
2.5388700000	0.0107921263
2.5395800000	0.0105640172
2.5402900000	0.0103421174
2.5410000000	0.0101262531
2.5417200000	0.0099162790
2.5424300000	0.0097120336
2.5431400000	0.0095133655
2.5438600000	0.0093201282
2.5445700000	0.0091321855
2.5452800000	0.0089494020
2.5460000000	0.0087716522
2.5467100000	0.0085988109
2.5474200000	0.0084307491
2.5481300000	0.0082673866
2.5488500000	0.0081086180
2.5495600000	0.0079543285
2.5502700000	0.0078044308
2.5509900000	0.0076588656
2.5517000000	0.0075174965
2.5524100000	0.0073802808
2.5531200000	0.0072472189
2.5538400000	0.0071182040
2.5545500000	0.0069931703
2.5552600000	0.0068720428
2.5559800000	0.0067548262
2.5566900000	0.0066414543
2.5574000000	0.0065318821
2.5581200000	0.0064260729
2.5588300000	0.0063239772
2.5595400000	0.0062255733
2.5602500000	0.0061308053
2.5609700000	0.0060396517
2.5616800000	0.0059520376
2.5623900000	0.0058679644
2.5631100000	0.0057873674
2.5638200000	0.0057101909
2.5645300000	0.0056363813
2.5652500000	0.0055658839
2.5659600000	0.0054985261
2.5666700000	0.0054344271
2.5673800000	0.0053734346
2.5681000000	0.0053154504
2.5688100000	0.0052603403
2.5695200000	0.0052080955
2.5702400000	0.0051585728
2.5709500000	0.0051115604
2.5716600000	0.0050671478
2.5723700000	0.0050251132
2.5730900000	0.0049597256
2.5738000000	0.0049229926
2.5745100000	0.0048883079
2.5752300000	0.0048555274
2.5759400000	0.0048245313
2.5766500000	0.0047951657
2.5773700000	0.0047673485
2.5780800000	0.0047409298
2.5787900000	0.0047157954
2.5795000000	0.0046918284
2.5802200000	0.0046689252
2.5809300000	0.0046469808
2.5816400000	0.0046258986
2.5823600000	0.0046055924
2.5830700000	0.0045859706
2.5837800000	0.0045669803
2.5844900000	0.0045485428
2.5852100000	0.0045306015
2.5859200000	0.0045131098
2.5866300000	0.0044960092
2.5873500000	0.0044792533
2.5880600000	0.0044628323
2.5887700000	0.0044467390
2.5894900000	0.0044309242
2.5902000000	0.0044153780
2.5909100000	0.0044000721
2.5916200000	0.0043850392
2.5923400000	0.0043702387
2.5930500000	0.0043556925
2.5937600000	0.0043413963
2.5944800000	0.0043273484
2.5951900000	0.0043135548
2.5959000000	0.0043000133
2.5966200000	0.0042867426
2.5973300000	0.0042737437
2.5980400000	0.0042610258
2.5987500000	0.0042485943
2.5994700000	0.0042364618
2.6001800000	0.0042255689
2.6008900000	0.0042177350
2.6016100000	0.0042101780
2.6023200000	0.0042029031
2.6030300000	0.0041959001
2.6037400000	0.0041891809
2.6044600000	0.0041827407
2.6051700000	0.0041765709
2.6058800000	0.0041706706
2.6066000000	0.0041650305
2.6073100000	0.0041596333
2.6080200000	0.0041544732
2.6087400000	0.0041495351
2.6094500000	0.0041447984
2.6101600000	0.0041402518
2.6108700000	0.0041358708
2.6115900000	0.0041316370
2.6123000000	0.0041275284
2.6130100000	0.0041235250
2.6137300000	0.0041196027
2.6144400000	0.0041157396
2.6151500000	0.0041119160
2.6158700000	0.0041081067
2.6165800000	0.0041042688
2.6172900000	0.0041004249
2.6180000000	0.0040965370
2.6187200000	0.0040925817
2.6194300000	0.0040885462
2.6201400000	0.0040844017
2.6208600000	0.0040801541
2.6215700000	0.0040757772
2.6222800000	0.0040712689
2.6229900000	0.0040666143
2.6237100000	0.0040618116
2.6244200000	0.0040568601
2.6251300000	0.0040517556
2.6258500000	0.0040464990
2.6265600000	0.0040410917
2.6272700000	0.0040355400
2.6279900000	0.0040298619
2.6287000000	0.0040240630
2.6294100000	0.0040181524
2.6301200000	0.0040121424
2.6308400000	0.0040060579
2.6315500000	0.0039999044
2.6322600000	0.0039937141
2.6329800000	0.0039875030
2.6336900000	0.0039812902
2.6344000000	0.0039751023
2.6351200000	0.0039689569
2.6358300000	0.0039628821
2.6365400000	0.0039568999
2.6372500000	0.0039510360
2.6379700000	0.0039453086
2.6386800000	0.0039397501
2.6393900000	0.0039343774
2.6401100000	0.0039292283
2.6408200000	0.0039243142
2.6415300000	0.0039196535
2.6422400000	0.0039152720
2.6429600000	0.0039111946
2.6436700000	0.0039074409
2.6443800000	0.0039040293
2.6451000000	0.0039009740
2.6458100000	0.0038983036
2.6465200000	0.0038960276
2.6472400000	0.0038941611
2.6479500000	0.0038927261
2.6486600000	0.0038917341
2.6493700000	0.0038912005
2.6500900000	0.0038911321
2.6508000000	0.0038915433
2.6515100000	0.0038924472
2.6522300000	0.0038938568
2.6529400000	0.0038957808
2.6536500000	0.0038982253
2.6543600000	0.0039011963
2.6550800000	0.0039047105
2.6557900000	0.0039087707
2.6565000000	0.0039133817
2.6572200000	0.0039185516
2.6579300000	0.0039242848
2.6586400000	0.0039305868
2.6593600000	0.0039374710
2.6600700000	0.0039449309
2.6607800000	0.0039529762
2.6614900000	0.0039616084
2.6622100000	0.0039708344
2.6629200000	0.0039806542
2.6636300000	0.0039910783
2.6643500000	0.0040021078
2.6650600000	0.0040137407
2.6657700000	0.0040259855
2.6664900000	0.0040388483
2.6672000000	0.0040523241
2.6679100000	0.0040664253
2.6686200000	0.0040811514
2.6693400000	0.0040965032
2.6700500000	0.0041124834
2.6707600000	0.0041290951
2.6714800000	0.0041463477
2.6721900000	0.0041642450
2.6729000000	0.0041827779
2.6736100000	0.0042019639
2.6743300000	0.0042217983
2.6750400000	0.0042422845
2.6757500000	0.0042634344
2.6764700000	0.0042852433
2.6771800000	0.0043077206
2.6778900000	0.0043308656
2.6786100000	0.0043546837
2.6793200000	0.0043791819
2.6800300000	0.0044043624
2.6807400000	0.0044302252
2.6814600000	0.0044567841
2.6821700000	0.0044840300
2.6828800000	0.0045119767
2.6836000000	0.0045406242
2.6843100000	0.0045699844
2.6850200000	0.0046000483
2.6857400000	0.0046308288
2.6864500000	0.0046623241
2.6871600000	0.0046945468
2.6878700000	0.0047274902
2.6885900000	0.0047611635
2.6893000000	0.0047955715
2.6900100000	0.0048307088
2.6907300000	0.0048665896
2.6914400000	0.0049032078
2.6921500000	0.0049405640
2.6928600000	0.0049786743
2.6935800000	0.0050175186
2.6942900000	0.0050571201
2.6950000000	0.0050974652
2.6957200000	0.0051385572
2.6964300000	0.0051803955
2.6971400000	0.0052229806
2.6978600000	0.0052663114
2.6985700000	0.0053103792
2.6992800000	0.0053551886
2.6999900000	0.0054007354
2.7007100000	0.0054523178
2.7014200000	0.0055049246
2.7021300000	0.0055585041
2.7028500000	0.0056130467
2.7035600000	0.0056685490
2.7042700000	0.0057249987
2.7049800000	0.0057823882
2.7057000000	0.0058407024
2.7064100000	0.0058999228
2.7071200000	0.0059600428
2.7078400000	0.0060210273
2.7085500000	0.0060828679
2.7092600000	0.0061455414
2.7099800000	0.0062090164
2.7106900000	0.0062732590
2.7114000000	0.0063382389
2.7121100000	0.0064039408
2.7128300000	0.0064702975
2.7135400000	0.0065372862
2.7142500000	0.0066048557
2.7149700000	0.0066729636
2.7156800000	0.0067415465
2.7163900000	0.0068105662
2.7171100000	0.0068799515
2.7178200000	0.0069496393
2.7185300000	0.0070195726
2.7192400000	0.0070896710
2.7199600000	0.0071598649
2.7206700000	0.0072300843
2.7213800000	0.0073002340
2.7221000000	0.0073702304
2.7228100000	0.0074399809
2.7235200000	0.0075094031
2.7242300000	0.0075783825
2.7249500000	0.0076468317
2.7256600000	0.0077146391
2.7263700000	0.0077817045
2.7270900000	0.0078479086
2.7278000000	0.0079131398
2.7285100000	0.0079772813
2.7292300000	0.0080402184
2.7299400000	0.0081018307
2.7306500000	0.0081619865
2.7313600000	0.0082205808
2.7320800000	0.0082774792
2.7327900000	0.0083325543
2.7335000000	0.0083856867
2.7342200000	0.0084367632
2.7349300000	0.0084856510
2.7356400000	0.0085322371
2.7363600000	0.0085764028
2.7370700000	0.0086180405
2.7377800000	0.0086570343
2.7384900000	0.0086932954
2.7392100000	0.0087267100
2.7399200000	0.0087571894
2.7406300000	0.0087846517
2.7413500000	0.0088090018
2.7420600000	0.0088301844
2.7427700000	0.0088481244
2.7434800000	0.0088627644
2.7442000000	0.0088740563
2.7449100000	0.0088819645
2.7456200000	0.0088864537
2.7463400000	0.0088875041
2.7470500000	0.0088851054
2.7477600000	0.0088792508
2.7484800000	0.0088699484
2.7491900000	0.0088572128
2.7499000000	0.0088410878
2.7506100000	0.0088215831
2.7513300000	0.0087987610
2.7520400000	0.0087726708
2.7527500000	0.0087433575
2.7534700000	0.0087109091
2.7541800000	0.0086811924
2.7548900000	0.0086426131
2.7556100000	0.0086011320
2.7563200000	0.0085568454
2.7570300000	0.0085098629
2.7577400000	0.0084602836
2.7584600000	0.0084082219
2.7591700000	0.0083538015
2.7598800000	0.0082971339
2.7606000000	0.0082383427
2.7613100000	0.0081775515
2.7620200000	0.0081148825
2.7627300000	0.0080504635
2.7634500000	0.0079844224
2.7641600000	0.0079168825
2.7648700000	0.0078479692
2.7655900000	0.0077778152
2.7663000000	0.0077065355
2.7670100000	0.0076342534
2.7677300000	0.0075610772
2.7684400000	0.0074871433
2.7691500000	0.0074125492
2.7698600000	0.0073374113
2.7705800000	0.0072618321
2.7712900000	0.0071859212
2.7720000000	0.0071097734
2.7727200000	0.0070334882
2.7734300000	0.0069571539
2.7741400000	0.0068808553
2.7748500000	0.0068046826
2.7755700000	0.0067287191
2.7762800000	0.0066530410
2.7769900000	0.0065777150
2.7777100000	0.0065028142
2.7784200000	0.0064283990
2.7791300000	0.0063545231
2.7798500000	0.0062812590
2.7805600000	0.0062086516
2.7812700000	0.0061367480
2.7819800000	0.0060655972
2.7827000000	0.0059952351
2.7834100000	0.0059257102
2.7841200000	0.0058570460
2.7848400000	0.0057892861
2.7855500000	0.0057224618
2.7862600000	0.0056565786
2.7869800000	0.0055916778
2.7876900000	0.0055277733
2.7884000000	0.0054648875
2.7891100000	0.0054030283
2.7898300000	0.0053422171
2.7905400000	0.0052824648
2.7912500000	0.0052237732
2.7919700000	0.0051661523
2.7926800000	0.0051096118
2.7933900000	0.0050541391
2.7941000000	0.0049997531
2.7948200000	0.0049464408
2.7955300000	0.0048942023
2.7962400000	0.0048430311
2.7969600000	0.0047929213
2.7976700000	0.0047438732
2.7983800000	0.0046958718
2.7991000000	0.0046489115
2.7998100000	0.0046029733
2.8005200000	0.0045543725
2.8012300000	0.0045056812
2.8019500000	0.0044582696
2.8026600000	0.0044121173
2.8033700000	0.0043671987
2.8040900000	0.0043234861
2.8048000000	0.0042809568
2.8055100000	0.0042395788
2.8062300000	0.0041993336
2.8069400000	0.0041601759
2.8076500000	0.0041221066
2.8083600000	0.0040850820
2.8090800000	0.0040490755
2.8097900000	0.0040140473
2.8105000000	0.0039799948
2.8112200000	0.0039468764
2.8119300000	0.0039146648
2.8126400000	0.0038833307
2.8133500000	0.0038528563
2.8140700000	0.0038232090
2.8147800000	0.0037943676
2.8154900000	0.0037663003
2.8162100000	0.0037389858
2.8169200000	0.0037124027
2.8176300000	0.0036865253
2.8183500000	0.0036613304
2.8190600000	0.0036367983
2.8197700000	0.0036129100
2.8204800000	0.0035896404
2.8212000000	0.0035669723
2.8219100000	0.0035448932
2.8226200000	0.0035233724
2.8233400000	0.0035024045
2.8240500000	0.0034819612
2.8247600000	0.0034620412
2.8254800000	0.0034426172
2.8261900000	0.0034236839
2.8269000000	0.0034052208
2.8276100000	0.0033872092
2.8283300000	0.0033696574
2.8290400000	0.0033525395
2.8297500000	0.0033358497
2.8304700000	0.0033195772
2.8311800000	0.0033037100
2.8318900000	0.0032882360
2.8326000000	0.0032731536
2.8333200000	0.0032584554
2.8340300000	0.0032441284
2.8347400000	0.0032301652
2.8354600000	0.0032165691
2.8361700000	0.0032033234
2.8368800000	0.0031904313
2.8376000000	0.0031778852
2.8383100000	0.0031656801
2.8390200000	0.0031538127
2.8397300000	0.0031422805
2.8404500000	0.0031310798
2.8411600000	0.0031202081
2.8418700000	0.0031096641
2.8425900000	0.0030994437
2.8433000000	0.0030895462
2.8440100000	0.0030799726
2.8447200000	0.0030707195
2.8454400000	0.0030617871
2.8461500000	0.0030531740
2.8468600000	0.0030442080
2.8475800000	0.0030362632
2.8482900000	0.0030286364
2.8490000000	0.0030213279
2.8497200000	0.0030143380
2.8504300000	0.0030076671
2.8511400000	0.0030013159
2.8518500000	0.0029952844
2.8525700000	0.0029895737
2.8532800000	0.0029841852
2.8539900000	0.0029791183
2.8547100000	0.0029743749
2.8554200000	0.0029699553
2.8561300000	0.0029658611
2.8568500000	0.0029620914
2.8575600000	0.0029586489
2.8582700000	0.0029555332
2.8589800000	0.0029527457
2.8597000000	0.0029502873
2.8604100000	0.0029481579
2.8611200000	0.0029463585
2.8618400000	0.0029448898
2.8625500000	0.0029437524
2.8632600000	0.0029429468
2.8639700000	0.0029424727
2.8646900000	0.0029423315
2.8654000000	0.0029425231
2.8661100000	0.0029430474
2.8668300000	0.0029439044
2.8675400000	0.0029450947
2.8682500000	0.0029466177
2.8689700000	0.0029484737
2.8696800000	0.0029506621
2.8703900000	0.0029531832
2.8711000000	0.0029560350
2.8718200000	0.0029592192
2.8725300000	0.0029627339
2.8732400000	0.0029665780
2.8739600000	0.0029707514
2.8746700000	0.0029752530
2.8753800000	0.0029800821
2.8761000000	0.0029852357
2.8768100000	0.0029907150
2.8775200000	0.0029965175
2.8782300000	0.0030026402
2.8789500000	0.0030090836
2.8796600000	0.0030158442
2.8803700000	0.0030229212
2.8810900000	0.0030303119
2.8818000000	0.0030380133
2.8825100000	0.0030460248
2.8832200000	0.0030543409
2.8839400000	0.0030629605
2.8846500000	0.0030718792
2.8853600000	0.0030810944
2.8860800000	0.0030906030
2.8867900000	0.0031003999
2.8875000000	0.0031104833
2.8882200000	0.0031208466
2.8889300000	0.0031314868
2.8896400000	0.0031423985
2.8903500000	0.0031535763
2.8910700000	0.0031650156
2.8917800000	0.0031767108
2.8924900000	0.0031886570
2.8932100000	0.0032008421
2.8939200000	0.0032132694
2.8946300000	0.0032259219
2.8953500000	0.0032387998
2.8960600000	0.0032518925
2.8967700000	0.0032651928
2.8974800000	0.0032786917
2.8982000000	0.0032923781
2.8989100000	0.0033062476
2.8996200000	0.0033202848
2.9003400000	0.0033363049
2.9010500000	0.0033545061
2.9017600000	0.0033728378
2.9024700000	0.0033912785
2.9031900000	0.0034098091
2.9039000000	0.0034284028
2.9046100000	0.0034470363
2.9053300000	0.0034656901
2.9060400000	0.0034843386
2.9067500000	0.0035029580
2.9074700000	0.0035215196
2.9081800000	0.0035400011
2.9088900000	0.0035583700
2.9096000000	0.0035766040
2.9103200000	0.0035946707
2.9110300000	0.0036125465
2.9117400000	0.0036301932
2.9124600000	0.0036475924
2.9131700000	0.0036647086
2.9138800000	0.0036815115
2.9145900000	0.0036979746
2.9153100000	0.0037140620
2.9160200000	0.0037297493
2.9167300000	0.0037450025
2.9174500000	0.0037597909
2.9181600000	0.0037740877
2.9188700000	0.0037878658
2.9195900000	0.0038010944
2.9203000000	0.0038137378
2.9210100000	0.0038257788
2.9217200000	0.0038371883
2.9224400000	0.0038479361
2.9231500000	0.0038580007
2.9238600000	0.0038673599
2.9245800000	0.0038759843
2.9252900000	0.0038838651
2.9260000000	0.0038909659
2.9267200000	0.0038972827
2.9274300000	0.0039027986
2.9281400000	0.0039074865
2.9288500000	0.0039113422
2.9295700000	0.0039143570
2.9302800000	0.0039165129
2.9309900000	0.0039178078
2.9317100000	0.0039182377
2.9324200000	0.0039177866
2.9331300000	0.0039164646
2.9338400000	0.0039142698
2.9345600000	0.0039112014
2.9352700000	0.0039072623
2.9359800000	0.0039024671
2.9367000000	0.0038968121
2.9374100000	0.0038903147
2.9381200000	0.0038829848
2.9388400000	0.0038748351
2.9395500000	0.0038658806
2.9402600000	0.0038571370
2.9409700000	0.0038465875
2.9416900000	0.0038352821
2.9424000000	0.0038232489
2.9431100000	0.0038105077
2.9438300000	0.0037970768
2.9445400000	0.0037829895
2.9452500000	0.0037682649
2.9459700000	0.0037529276
2.9466800000	0.0037370151
2.9473900000	0.0037205446
2.9481000000	0.0037035489
2.9488200000	0.0036860530
2.9495300000	0.0036680894
2.9502400000	0.0036496947
2.9509600000	0.0036308840
2.9516700000	0.0036116928
2.9523800000	0.0035921513
2.9530900000	0.0035722842
2.9538100000	0.0035521261
2.9545200000	0.0035317025
2.9552300000	0.0035110402
2.9559500000	0.0034901715
2.9566600000	0.0034691123
2.9573700000	0.0034479046
2.9580900000	0.0034265618
2.9588000000	0.0034051141
2.9595100000	0.0033835824
2.9602200000	0.0033619908
2.9609400000	0.0033403633
2.9616500000	0.0033187227
2.9623600000	0.0032970846
2.9630800000	0.0032754774
2.9637900000	0.0032539134
2.9645000000	0.0032324123
2.9652200000	0.0032109909
2.9659300000	0.0031896669
2.9666400000	0.0031684534
2.9673500000	0.0031473667
2.9680700000	0.0031264220
2.9687800000	0.0031056305
2.9694900000	0.0030850032
2.9702100000	0.0030645519
2.9709200000	0.0030442877
2.9716300000	0.0030242200
2.9723400000	0.0030043568
2.9730600000	0.0029847063
2.9737700000	0.0029652749
2.9744800000	0.0029460727
2.9752000000	0.0029271019
2.9759100000	0.0029083715
2.9766200000	0.0028898840
2.9773400000	0.0028716446
2.9780500000	0.0028536564
2.9787600000	0.0028359239
2.9794700000	0.0028184485
2.9801900000	0.0028012330
2.9809000000	0.0027842796
2.9816100000	0.0027675896
2.9823300000	0.0027511645
2.9830400000	0.0027350046
2.9837500000	0.0027191115
2.9844600000	0.0027034842
2.9851800000	0.0026881238
2.9858900000	0.0026730294
2.9866000000	0.0026582006
2.9873200000	0.0026436368
2.9880300000	0.0026293376
2.9887400000	0.0026153015
2.9894600000	0.0026015279
2.9901700000	0.0025880147
2.9908800000	0.0025747615
2.9915900000	0.0025617660
2.9923100000	0.0025490237
2.9930200000	0.0025365379
2.9937300000	0.0025243065
2.9944500000	0.0025123276
2.9951600000	0.0025005977
2.9958700000	0.0024891159
2.9965900000	0.0024778792
2.9973000000	0.0024668869
2.9980100000	0.0024561371
2.9987200000	0.0024456271
2.9994400000	0.0024353554
3.0001500000	0.0024251471
3.0008600000	0.0024146101
3.0015800000	0.0024044445
3.0022900000	0.0023946452
3.0030000000	0.0023852056
3.0037100000	0.0023761205
3.0044300000	0.0023673841
3.0051400000	0.0023589915
3.0058500000	0.0023509365
3.0065700000	0.0023432138
3.0072800000	0.0023358190
3.0079900000	0.0023287456
3.0087100000	0.0023219894
3.0094200000	0.0023155440
3.0101300000	0.0023094050
3.0108400000	0.0023035672
3.0115600000	0.0022980250
3.0122700000	0.0022927742
3.0129800000	0.0022878086
3.0137000000	0.0022831236
3.0144100000	0.0022787130
3.0151200000	0.0022745723
3.0158400000	0.0022706966
3.0165500000	0.0022670789
3.0172600000	0.0022637141
3.0179700000	0.0022605984
3.0186900000	0.0022577250
3.0194000000	0.0022550877
3.0201100000	0.0022526815
3.0208300000	0.0022505007
3.0215400000	0.0022485385
3.0222500000	0.0022467908
3.0229600000	0.0022452500
3.0236800000	0.0022439103
3.0243900000	0.0022427653
3.0251000000	0.0022418095
3.0258200000	0.0022410354
3.0265300000	0.0022404372
3.0272400000	0.0022400078
3.0279600000	0.0022397413
3.0286700000	0.0022396299
3.0293800000	0.0022396674
3.0300900000	0.0022398459
3.0308100000	0.0022401602
3.0315200000	0.0022405749
3.0322300000	0.0022411438
3.0329500000	0.0022418252
3.0336600000	0.0022426114
3.0343700000	0.0022434957
3.0350900000	0.0022444696
3.0358000000	0.0022455257
3.0365100000	0.0022466560
3.0372200000	0.0022478533
3.0379400000	0.0022491095
3.0386500000	0.0022504165
3.0393600000	0.0022517666
3.0400800000	0.0022531520
3.0407900000	0.0022545644
3.0415000000	0.0022559955
3.0422100000	0.0022574380
3.0429300000	0.0022588840
3.0436400000	0.0022603249
3.0443500000	0.0022617531
3.0450700000	0.0022631614
3.0457800000	0.0022645408
3.0464900000	0.0022658839
3.0472100000	0.0022671833
3.0479200000	0.0022684320
3.0486300000	0.0022696217
3.0493400000	0.0022707456
3.0500600000	0.0022717964
3.0507700000	0.0022727663
3.0514800000	0.0022736499
3.0522000000	0.0022744395
3.0529100000	0.0022751285
3.0536200000	0.0022757113
3.0543300000	0.0022761818
3.0550500000	0.0022765338
3.0557600000	0.0022767610
3.0564700000	0.0022768600
3.0571900000	0.0022768246
3.0579000000	0.0022766495
3.0586100000	0.0022763308
3.0593300000	0.0022758646
3.0600400000	0.0022752473
3.0607500000	0.0022744732
3.0614600000	0.0022735416
3.0621800000	0.0022724480
3.0628900000	0.0022711910
3.0636000000	0.0022697671
3.0643200000	0.0022681752
3.0650300000	0.0022664130
3.0657400000	0.0022644799
3.0664600000	0.0022623747
3.0671700000	0.0022600967
3.0678800000	0.0022576457
3.0685900000	0.0022550220
3.0693100000	0.0022522259
3.0700200000	0.0022492582
3.0707300000	0.0022461191
3.0714500000	0.0022428119
3.0721600000	0.0022393370
3.0728700000	0.0022356957
3.0735800000	0.0022318913
3.0743000000	0.0022279266
3.0750100000	0.0022238034
3.0757200000	0.0022195250
3.0764400000	0.0022150948
3.0771500000	0.0022105163
3.0778600000	0.0022057936
3.0785800000	0.0022009297
3.0792900000	0.0021959292
3.0800000000	0.0021907958
3.0807100000	0.0021855348
3.0814300000	0.0021801501
3.0821400000	0.0021746463
3.0828500000	0.0021690293
3.0835700000	0.0021633030
3.0842800000	0.0021574720
3.0849900000	0.0021515416
3.0857100000	0.0021455170
3.0864200000	0.0021394042
3.0871300000	0.0021332069
3.0878400000	0.0021269311
3.0885600000	0.0021205823
3.0892700000	0.0021141645
3.0899800000	0.0021076845
3.0907000000	0.0021011460
3.0914100000	0.0020945540
3.0921200000	0.0020879150
3.0928300000	0.0020812329
3.0935500000	0.0020745134
3.0942600000	0.0020677607
3.0949700000	0.0020609791
3.0956900000	0.0020541743
3.0964000000	0.0020473508
3.0971100000	0.0020405128
3.0978300000	0.0020336643
3.0985400000	0.0020268095
3.0992500000	0.0020199539
3.0999600000	0.0020131015
3.1006800000	0.0020047733
3.1013900000	0.0019964335
3.1021000000	0.0019881705
3.1028200000	0.0019799898
3.1035300000	0.0019718985
3.1042400000	0.0019639021
3.1049500000	0.0019560058
3.1056700000	0.0019482141
3.1063800000	0.0019405320
3.1070900000	0.0019329609
3.1078100000	0.0019255065
3.1085200000	0.0019181705
3.1092300000	0.0019109553
3.1099500000	0.0019038620
3.1106600000	0.0018968939
3.1113700000	0.0018900519
3.1120800000	0.0018833356
3.1128000000	0.0018767463
3.1135100000	0.0018702850
3.1142200000	0.0018639507
3.1149400000	0.0018577436
3.1156500000	0.0018516628
3.1163600000	0.0018457081
3.1170800000	0.0018398781
3.1177900000	0.0018341713
3.1185000000	0.0018285870
3.1192100000	0.0018231237
3.1199300000	0.0018177179
3.1206400000	0.0018124909
3.1213500000	0.0018073777
3.1220700000	0.0018023773
3.1227800000	0.0017974877
3.1234900000	0.0017927063
3.1242000000	0.0017880297
3.1249200000	0.0017834561
3.1256300000	0.0017789823
3.1263400000	0.0017746058
3.1270600000	0.0017703227
3.1277700000	0.0017661316
3.1284800000	0.0017620283
3.1292000000	0.0017580100
3.1299100000	0.0017540737
3.1306200000	0.0017502157
3.1313300000	0.0017464335
3.1320500000	0.0017427236
3.1327600000	0.0017390826
3.1334700000	0.0017355072
3.1341900000	0.0017319949
3.1349000000	0.0017285418
3.1356100000	0.0017251442
3.1363300000	0.0017217998
3.1370400000	0.0017185051
3.1377500000	0.0017152565
3.1384600000	0.0017120524
3.1391800000	0.0017088869
3.1398900000	0.0017057597
3.1406000000	0.0017026661
3.1413200000	0.0016996042
3.1420300000	0.0016965701
3.1427400000	0.0016935611
3.1434500000	0.0016905755
3.1441700000	0.0016876097
3.1448800000	0.0016846602
3.1455900000	0.0016817269
3.1463100000	0.0016788049
3.1470200000	0.0016758930
3.1477300000	0.0016729887
3.1484500000	0.0016700900
3.1491600000	0.0016671937
3.1498700000	0.0016642983
3.1505800000	0.0016614030
3.1513000000	0.0016585046
3.1520100000	0.0016556018
3.1527200000	0.0016526926
3.1534400000	0.0016497762
3.1541500000	0.0016468497
3.1548600000	0.0016439133
3.1555800000	0.0016409645
3.1562900000	0.0016380031
3.1570000000	0.0016350275
3.1577100000	0.0016320366
3.1584300000	0.0016290293
3.1591400000	0.0016260054
3.1598500000	0.0016229647
3.1605700000	0.0016199055
3.1612800000	0.0016168270
3.1619900000	0.0016137302
3.1627000000	0.0016106135
3.1634200000	0.0016074775
3.1641300000	0.0016043216
3.1648400000	0.0016011453
3.1655600000	0.0015979492
3.1662700000	0.0015947332
3.1669800000	0.0015914979
3.1677000000	0.0015882423
3.1684100000	0.0015849672
3.1691200000	0.0015816734
3.1698300000	0.0015783610
3.1705500000	0.0015750306
3.1712600000	0.0015716821
3.1719700000	0.0015683160
3.1726900000	0.0015649338
3.1734000000	0.0015615354
3.1741100000	0.0015581210
3.1748200000	0.0015546931
3.1755400000	0.0015512499
3.1762500000	0.0015477940
3.1769600000	0.0015443256
3.1776800000	0.0015408457
3.1783900000	0.0015373549
3.1791000000	0.0015338538
3.1798200000	0.0015303439
3.1805300000	0.0015268252
3.1812400000	0.0015232991
3.1819500000	0.0015197667
3.1826700000	0.0015162284
3.1833800000	0.0015126852
3.1840900000	0.0015091377
3.1848100000	0.0015055877
3.1855200000	0.0015020352
3.1862300000	0.0014984808
3.1869500000	0.0014949259
3.1876600000	0.0014913720
3.1883700000	0.0014878181
3.1890800000	0.0014842664
3.1898000000	0.0014807175
3.1905100000	0.0014771723
3.1912200000	0.0014736308
3.1919400000	0.0014700939
3.1926500000	0.0014665629
3.1933600000	0.0014630378
3.1940700000	0.0014595197
3.1947900000	0.0014560094
3.1955000000	0.0014525068
3.1962100000	0.0014490132
3.1969300000	0.0014455285
3.1976400000	0.0014420535
3.1983500000	0.0014385888
3.1990700000	0.0014351349
3.1997800000	0.0014316922
3.2004900000	0.0014280235
3.2012000000	0.0014242787
3.2019200000	0.0014205657
3.2026300000	0.0014168851
3.2033400000	0.0014132351
3.2040600000	0.0014096618
3.2047700000	0.0014060685
3.2054800000	0.0014025026
3.2062000000	0.0013989633
3.2069100000	0.0013954493
3.2076200000	0.0013919587
3.2083300000	0.0013884918
3.2090500000	0.0013850467
3.2097600000	0.0013816229
3.2104700000	0.0013782183
3.2111900000	0.0013748325
3.2119000000	0.0013714650
3.2126100000	0.0013681148
3.2133200000	0.0013647804
3.2140400000	0.0013614613
3.2147500000	0.0013581573
3.2154600000	0.0013548666
3.2161800000	0.0013515888
3.2168900000	0.0013483230
3.2176000000	0.0013450699
3.2183200000	0.0013418267
3.2190300000	0.0013385949
3.2197400000	0.0013353726
3.2204500000	0.0013321601
3.2211700000	0.0013289563
3.2218800000	0.0013257621
3.2225900000	0.0013225755
3.2233100000	0.0013193964
3.2240200000	0.0013162252
3.2247300000	0.0013130611
3.2254500000	0.0013099045
3.2261600000	0.0013067546
3.2268700000	0.0013036111
3.2275800000	0.0013004742
3.2283000000	0.0012973430
3.2290100000	0.0012942186
3.2297200000	0.0012910996
3.2304400000	0.0012879872
3.2311500000	0.0012848799
3.2318600000	0.0012817786
3.2325700000	0.0012786835
3.2332900000	0.0012755937
3.2340000000	0.0012725098
3.2347100000	0.0012694307
3.2354300000	0.0012663574
3.2361400000	0.0012632900
3.2368500000	0.0012602277
3.2375700000	0.0012571712
3.2382800000	0.0012541203
3.2389900000	0.0012510752
3.2397000000	0.0012480359
3.2404200000	0.0012450017
3.2411300000	0.0012419742
3.2418400000	0.0012389517
3.2425600000	0.0012359355
3.2432700000	0.0012329247
3.2439800000	0.0012299202
3.2446900000	0.0012269212
3.2454100000	0.0012239284
3.2461200000	0.0012209417
3.2468300000	0.0012179613
3.2475500000	0.0012149866
3.2482600000	0.0012120186
3.2489700000	0.0012090563
3.2496900000	0.0012061008
3.2504000000	0.0012031511
3.2511100000	0.0012002082
3.2518200000	0.0011972716
3.2525400000	0.0011943413
3.2532500000	0.0011914169
3.2539600000	0.0011885001
3.2546800000	0.0011855894
3.2553900000	0.0011826852
3.2561000000	0.0011797875
3.2568200000	0.0011768964
3.2575300000	0.0011740117
3.2582400000	0.0011711341
3.2589500000	0.0011682634
3.2596700000	0.0011653987
3.2603800000	0.0011625410
3.2610900000	0.0011596902
3.2618100000	0.0011568456
3.2625200000	0.0011540076
3.2632300000	0.0011511778
3.2639400000	0.0011483534
3.2646600000	0.0011455363
3.2653700000	0.0011427259
3.2660800000	0.0011399219
3.2668000000	0.0011371246
3.2675100000	0.0011343341
3.2682200000	0.0011315509
3.2689400000	0.0011287743
3.2696500000	0.0011260036
3.2703600000	0.0011232410
3.2710700000	0.0011204847
3.2717900000	0.0011177343
3.2725000000	0.0011149911
3.2732100000	0.0011122550
3.2739300000	0.0011095252
3.2746400000	0.0011068023
3.2753500000	0.0011040862
3.2760700000	0.0011013765
3.2767800000	0.0010986739
3.2774900000	0.0010959773
3.2782000000	0.0010932880
3.2789200000	0.0010906050
3.2796300000	0.0010879289
3.2803400000	0.0010853528
3.2810600000	0.0010826879
3.2817700000	0.0010800302
3.2824800000	0.0010773782
3.2831900000	0.0010747337
3.2839100000	0.0010720952
3.2846200000	0.0010694631
3.2853300000	0.0010668385
3.2860500000	0.0010642197
3.2867600000	0.0010616074
3.2874700000	0.0010590017
3.2881900000	0.0010564028
3.2889000000	0.0010538097
3.2896100000	0.0010512246
3.2903200000	0.0010486446
3.2910400000	0.0010460713
3.2917500000	0.0010435048
3.2924600000	0.0010409436
3.2931800000	0.0010383901
3.2938900000	0.0010358421
3.2946000000	0.0010333012
3.2953200000	0.0010307657
3.2960300000	0.0010282374
3.2967400000	0.0010257156
3.2974500000	0.0010232002
3.2981700000	0.0010206902
3.2988800000	0.0010181866
3.2995900000	0.0010156896
3.3003100000	0.0010135782
3.3010200000	0.0010119696
3.3017300000	0.0010103576
3.3024400000	0.0010087433
3.3031600000	0.0010071242
3.3038700000	0.0010055031
3.3045800000	0.0010038776
3.3053000000	0.0010022495
3.3060100000	0.0010006178
3.3067200000	0.0009989828
3.3074400000	0.0009973450
3.3081500000	0.0009957034
3.3088600000	0.0009940591
3.3095700000	0.0009924114
3.3102900000	0.0009907602
3.3110000000	0.0009891061
3.3117100000	0.0009874490
3.3124300000	0.0009857887
3.3131400000	0.0009841251
3.3138500000	0.0009824585
3.3145600000	0.0009807892
3.3152800000	0.0009791165
3.3159900000	0.0009774407
3.3167000000	0.0009757618
3.3174200000	0.0009740804
3.3181300000	0.0009723956
3.3188400000	0.0009707080
3.3195600000	0.0009690173
3.3202700000	0.0009673243
3.3209800000	0.0009656280
3.3216900000	0.0009639284
3.3224100000	0.0009622267
3.3231200000	0.0009605216
3.3238300000	0.0009588142
3.3245500000	0.0009571039
3.3252600000	0.0009553906
3.3259700000	0.0009536747
3.3266900000	0.0009519563
3.3274000000	0.0009502355
3.3281100000	0.0009485112
3.3288200000	0.0009467851
3.3295400000	0.0009450562
3.3302500000	0.0009433241
3.3309600000	0.0009415899
3.3316800000	0.0009398535
3.3323900000	0.0009381143
3.3331000000	0.0009363727
3.3338100000	0.0009346291
3.3345300000	0.0009328824
3.3352400000	0.0009311332
3.3359500000	0.0009293823
3.3366700000	0.0009276289
3.3373800000	0.0009258732
3.3380900000	0.0009241148
3.3388100000	0.0009223547
3.3395200000	0.0009205928
3.3402300000	0.0009188277
3.3409400000	0.0009170610
3.3416600000	0.0009152927
3.3423700000	0.0009135212
3.3430800000	0.0009117481
3.3438000000	0.0009099732
3.3445100000	0.0009081958
3.3452200000	0.0009064169
3.3459400000	0.0009046359
3.3466500000	0.0009028530
3.3473600000	0.0009010684
3.3480700000	0.0008992820
3.3487900000	0.0008974935
3.3495000000	0.0008957035
3.3502100000	0.0008939118
3.3509300000	0.0008921183
3.3516400000	0.0008903228
3.3523500000	0.0008885259
3.3530600000	0.0008867271
3.3537800000	0.0008849270
3.3544900000	0.0008831252
3.3552000000	0.0008813221
3.3559200000	0.0008795181
3.3566300000	0.0008777117
3.3573400000	0.0008759041
3.3580600000	0.0008740952
3.3587700000	0.0008722853
3.3594800000	0.0008704732
3.3601900000	0.0008686610
3.3609100000	0.0008668473
3.3616200000	0.0008650321
3.3623300000	0.0008632155
3.3630500000	0.0008613981
3.3637600000	0.0008595798
3.3644700000	0.0008577599
3.3651900000	0.0008559390
3.3659000000	0.0008541174
3.3666100000	0.0008522953
3.3673200000	0.0008504718
3.3680400000	0.0008486468
3.3687500000	0.0008468220
3.3694600000	0.0008449954
3.3701800000	0.0008431688
3.3708900000	0.0008413416
3.3716000000	0.0008395130
3.3723100000	0.0008376838
3.3730300000	0.0008358538
3.3737400000	0.0008340243
3.3744500000	0.0008321936
3.3751700000	0.0008303619
3.3758800000	0.0008285302
3.3765900000	0.0008266979
3.3773100000	0.0008248659
3.3780200000	0.0008230325
3.3787300000	0.0008211988
3.3794400000	0.0008193652
3.3801600000	0.0008175313
3.3808700000	0.0008156970
3.3815800000	0.0008138624
3.3823000000	0.0008120276
3.3830100000	0.0008101932
3.3837200000	0.0008083582
3.3844300000	0.0008065231
3.3851500000	0.0008046884
3.3858600000	0.0008028538
3.3865700000	0.0008010185
3.3872900000	0.0007991834
3.3880000000	0.0007973489
3.3887100000	0.0007955145
3.3894300000	0.0007936801
3.3901400000	0.0007918456
3.3908500000	0.0007900121
3.3915600000	0.0007881782
3.3922800000	0.0007863452
3.3929900000	0.0007845119
3.3937000000	0.0007826792
3.3944200000	0.0007808475
3.3951300000	0.0007790156
3.3958400000	0.0007771851
3.3965600000	0.0007753547
3.3972700000	0.0007735244
3.3979800000	0.0007716945
3.3986900000	0.0007698664
3.3994100000	0.0007680379
3.4001200000	0.0007663836
3.4008300000	0.0007655833
3.4015500000	0.0007647843
3.4022600000	0.0007639866
3.4029700000	0.0007631889
3.4036800000	0.0007623933
3.4044000000	0.0007615974
3.4051100000	0.0007608029
3.4058200000	0.0007600102
3.4065400000	0.0007592174
3.4072500000	0.0007584255
3.4079600000	0.0007576347
3.4086800000	0.0007568446
3.4093900000	0.0007560562
3.4101000000	0.0007552682
3.4108100000	0.0007544807
3.4115300000	0.0007536942
3.4122400000	0.0007529088
3.4129500000	0.0007521242
3.4136700000	0.0007513405
3.4143800000	0.0007505574
3.4150900000	0.0007497754
3.4158100000	0.0007489943
3.4165200000	0.0007482139
3.4172300000	0.0007474340
3.4179400000	0.0007466552
3.4186600000	0.0007458776
3.4193700000	0.0007451006
3.4200800000	0.0007443242
3.4208000000	0.0007435487
3.4215100000	0.0007427739
3.4222200000	0.0007420005
3.4229300000	0.0007412270
3.4236500000	0.0007404547
3.4243600000	0.0007396837
3.4250700000	0.0007389123
3.4257900000	0.0007381423
3.4265000000	0.0007373730
3.4272100000	0.0007366042
3.4279300000	0.0007358371
3.4286400000	0.0007350699
3.4293500000	0.0007343035
3.4300600000	0.0007335379
3.4307800000	0.0007327729
3.4314900000	0.0007320087
3.4322000000	0.0007312451
3.4329200000	0.0007304829
3.4336300000	0.0007297203
3.4343400000	0.0007289592
3.4350600000	0.0007281982
3.4357700000	0.0007274388
3.4364800000	0.0007266794
3.4371900000	0.0007259209
3.4379100000	0.0007251625
3.4386200000	0.0007244052
3.4393300000	0.0007236489
3.4400500000	0.0007228930
3.4407600000	0.0007221374
3.4414700000	0.0007213830
3.4421800000	0.0007206285
3.4429000000	0.0007198749
3.4436100000	0.0007191222
3.4443200000	0.0007183698
3.4450400000	0.0007176181
3.4457500000	0.0007168672
3.4464600000	0.0007161167
3.4471800000	0.0007153672
3.4478900000	0.0007146176
3.4486000000	0.0007138690
3.4493100000	0.0007131204
3.4500300000	0.0007123724
3.4507400000	0.0007116256
3.4514500000	0.0007108792
3.4521700000	0.0007101327
3.4528800000	0.0007093875
3.4535900000	0.0007086426
3.4543000000	0.0007078980
3.4550200000	0.0007071544
3.4557300000	0.0007064110
3.4564400000	0.0007056677
3.4571600000	0.0007049251
3.4578700000	0.0007041830
3.4585800000	0.0007034415
3.4593000000	0.0007027006
3.4600100000	0.0007019600
3.4607200000	0.0007012197
3.4614300000	0.0007004803
3.4621500000	0.0006997405
3.4628600000	0.0006990017
3.4635700000	0.0006982633
3.4642900000	0.0006975252
3.4650000000	0.0006967879
3.4657100000	0.0006960507
3.4664300000	0.0006953136
3.4671400000	0.0006945770
3.4678500000	0.0006938412
3.4685600000	0.0006931051
3.4692800000	0.0006923700
3.4699900000	0.0006916348
3.4707000000	0.0006909005
3.4714200000	0.0006901661
3.4721300000	0.0006894318
3.4728400000	0.0006886989
3.4735500000	0.0006879649
3.4742700000	0.0006872316
3.4749800000	0.0006864994
3.4756900000	0.0006857670
3.4764100000	0.0006850346
3.4771200000	0.0006843030
3.4778300000	0.0006835711
3.4785500000	0.0006828392
3.4792600000	0.0006821084
3.4799700000	0.0006813780
3.4806800000	0.0006806469
3.4814000000	0.0006799164
3.4821100000	0.0006791865
3.4828200000	0.0006784565
3.4835400000	0.0006777268
3.4842500000	0.0006769970
3.4849600000	0.0006762678
3.4856800000	0.0006755382
3.4863900000	0.0006748089
3.4871000000	0.0006740803
3.4878100000	0.0006733515
3.4885300000	0.0006726227
3.4892400000	0.0006718944
3.4899500000	0.0006711661
3.4906700000	0.0006704379
3.4913800000	0.0006697096
3.4920900000	0.0006689818
3.4928000000	0.0006682534
3.4935200000	0.0006675258
3.4942300000	0.0006667974
3.4949400000	0.0006660699
3.4956600000	0.0006653419
3.4963700000	0.0006646142
3.4970800000	0.0006638867
3.4978000000	0.0006631590
3.4985100000	0.0006624314
3.4992200000	0.0006617037
3.4999300000	0.0006609765
3.5006500000	0.0006600723
3.5013600000	0.0006591523
3.5020700000	0.0006582336
3.5027900000	0.0006573165
3.5035000000	0.0006564006
3.5042100000	0.0006554861
3.5049200000	0.0006545729
3.5056400000	0.0006536612
3.5063500000	0.0006527506
3.5070600000	0.0006518420
3.5077800000	0.0006509346
3.5084900000	0.0006500282
3.5092000000	0.0006491238
3.5099200000	0.0006482206
3.5106300000	0.0006473185
3.5113400000	0.0006464182
3.5120500000	0.0006455187
3.5127700000	0.0006446214
3.5134800000	0.0006437251
3.5141900000	0.0006428304
3.5149100000	0.0006419366
3.5156200000	0.0006410442
3.5163300000	0.0006401538
3.5170500000	0.0006392639
3.5177600000	0.0006383760
3.5184700000	0.0006374892
3.5191800000	0.0006366041
3.5199000000	0.0006357198
3.5206100000	0.0006348369
3.5213200000	0.0006339561
3.5220400000	0.0006330763
3.5227500000	0.0006321977
3.5234600000	0.0006313205
3.5241700000	0.0006304445
3.5248900000	0.0006295697
3.5256000000	0.0006286969
3.5263100000	0.0006278250
3.5270300000	0.0006269544
3.5277400000	0.0006260856
3.5284500000	0.0006252176
3.5291700000	0.0006243508
3.5298800000	0.0006234860
3.5305900000	0.0006226222
3.5313000000	0.0006217597
3.5320200000	0.0006208984
3.5327300000	0.0006200389
3.5334400000	0.0006191801
3.5341600000	0.0006183230
3.5348700000	0.0006174673
3.5355800000	0.0006166125
3.5363000000	0.0006157592
3.5370100000	0.0006149074
3.5377200000	0.0006140565
3.5384300000	0.0006132072
3.5391500000	0.0006123597
3.5398600000	0.0006115122
3.5405700000	0.0006106671
3.5412900000	0.0006098232
3.5420000000	0.0006089802
3.5427100000	0.0006081387
3.5434200000	0.0006072983
3.5441400000	0.0006064595
3.5448500000	0.0006056221
3.5455600000	0.0006047853
3.5462800000	0.0006039503
3.5469900000	0.0006031167
3.5477000000	0.0006022843
3.5484200000	0.0006014535
3.5491300000	0.0006006229
3.5498400000	0.0005997943
3.5505500000	0.0005989668
3.5512700000	0.0005981408
3.5519800000	0.0005973160
3.5526900000	0.0005964924
3.5534100000	0.0005956698
3.5541200000	0.0005948485
3.5548300000	0.0005940287
3.5555500000	0.0005932103
3.5562600000	0.0005923931
3.5569700000	0.0005915771
3.5576800000	0.0005907623
3.5584000000	0.0005899489
3.5591100000	0.0005891362
3.5598200000	0.0005883249
3.5605400000	0.0005875152
3.5612500000	0.0005867066
3.5619600000	0.0005858997
3.5626700000	0.0005850935
3.5633900000	0.0005842884
3.5641000000	0.0005834849
3.5648100000	0.0005826823
3.5655300000	0.0005818815
3.5662400000	0.0005810810
3.5669500000	0.0005802824
3.5676700000	0.0005794848
3.5683800000	0.0005786883
3.5690900000	0.0005778934
3.5698000000	0.0005770996
3.5705200000	0.0005763069
3.5712300000	0.0005755157
3.5719400000	0.0005747254
3.5726600000	0.0005739364
3.5733700000	0.0005731489
3.5740800000	0.0005723619
3.5747900000	0.0005715767
3.5755100000	0.0005707927
3.5762200000	0.0005700095
3.5769300000	0.0005692277
3.5776500000	0.0005684472
3.5783600000	0.0005676678
3.5790700000	0.0005668895
3.5797900000	0.0005661125
3.5805000000	0.0005653363
3.5812100000	0.0005645622
3.5819200000	0.0005637884
3.5826400000	0.0005630158
3.5833500000	0.0005622451
3.5840600000	0.0005614752
3.5847800000	0.0005607065
3.5854900000	0.0005599390
3.5862000000	0.0005591722
3.5869200000	0.0005584073
3.5876300000	0.0005576428
3.5883400000	0.0005568803
3.5890500000	0.0005561187
3.5897700000	0.0005553581
3.5904800000	0.0005545986
3.5911900000	0.0005538400
3.5919100000	0.0005530832
3.5926200000	0.0005523272
3.5933300000	0.0005515723
3.5940400000	0.0005508192
3.5947600000	0.0005500665
3.5954700000	0.0005493148
3.5961800000	0.0005485652
3.5969000000	0.0005478158
3.5976100000	0.0005470677
3.5983200000	0.0005463212
3.5990400000	0.0005455753
3.5997500000	0.0005448313
3.6004600000	0.0005439969
3.6011700000	0.0005431156
3.6018900000	0.0005422354
3.6026000000	0.0005413562
3.6033100000	0.0005404793
3.6040300000	0.0005396028
3.6047400000	0.0005387282
3.6054500000	0.0005378549
3.6061700000	0.0005369833
3.6068800000	0.0005361128
3.6075900000	0.0005352436
3.6083000000	0.0005343760
3.6090200000	0.0005335100
3.6097300000	0.0005326453
3.6104400000	0.0005317818
3.6111600000	0.0005309198
3.6118700000	0.0005300599
3.6125800000	0.0005291999
3.6132900000	0.0005283426
3.6140100000	0.0005274859
3.6147200000	0.0005266303
3.6154300000	0.0005257769
3.6161500000	0.0005249248
3.6168600000	0.0005240739
3.6175700000	0.0005232245
3.6182900000	0.0005223763
3.6190000000	0.0005215296
3.6197100000	0.0005206843
3.6204200000	0.0005198402
3.6211400000	0.0005189974
3.6218500000	0.0005181557
3.6225600000	0.0005173161
3.6232800000	0.0005164771
3.6239900000	0.0005156406
3.6247000000	0.0005148043
3.6254200000	0.0005139695
3.6261300000	0.0005131367
3.6268400000	0.0005123047
3.6275500000	0.0005114744
3.6282700000	0.0005106454
3.6289800000	0.0005098172
3.6296900000	0.0005089907
3.6304100000	0.0005081655
3.6311200000	0.0005073417
3.6318300000	0.0005065189
3.6325400000	0.0005056977
3.6332600000	0.0005048778
3.6339700000	0.0005040595
3.6346800000	0.0005032422
3.6354000000	0.0005024264
3.6361100000	0.0005016117
3.6368200000	0.0005007985
3.6375400000	0.0004999863
3.6382500000	0.0004991757
3.6389600000	0.0004983667
3.6396700000	0.0004975584
3.6403900000	0.0004967519
3.6411000000	0.0004959460
3.6418100000	0.0004951422
3.6425300000	0.0004943391
3.6432400000	0.0004935375
3.6439500000	0.0004927375
3.6446600000	0.0004919386
3.6453800000	0.0004911408
3.6460900000	0.0004903447
3.6468000000	0.0004895494
3.6475200000	0.0004887556
3.6482300000	0.0004879632
3.6489400000	0.0004871716
3.6496600000	0.0004863819
3.6503700000	0.0004855935
3.6510800000	0.0004848060
3.6517900000	0.0004840198
3.6525100000	0.0004832349
3.6532200000	0.0004824513
3.6539300000	0.0004816690
3.6546500000	0.0004808878
3.6553600000	0.0004801078
3.6560700000	0.0004793293
3.6567900000	0.0004785523
3.6575000000	0.0004777762
3.6582100000	0.0004770014
3.6589200000	0.0004762275
3.6596400000	0.0004754552
3.6603500000	0.0004746843
3.6610600000	0.0004739141
3.6617800000	0.0004731455
3.6624900000	0.0004723786
3.6632000000	0.0004716123
3.6639100000	0.0004708472
3.6646300000	0.0004700836
3.6653400000	0.0004693213
3.6660500000	0.0004685602
3.6667700000	0.0004678000
3.6674800000	0.0004670416
3.6681900000	0.0004662839
3.6689100000	0.0004655278
3.6696200000	0.0004647728
3.6703300000	0.0004640189
3.6710400000	0.0004632661
3.6717600000	0.0004625146
3.6724700000	0.0004617641
3.6731800000	0.0004610152
3.6739000000	0.0004602674
3.6746100000	0.0004595210
3.6753200000	0.0004587756
3.6760400000	0.0004580316
3.6767500000	0.0004572888
3.6774600000	0.0004565467
3.6781700000	0.0004558062
3.6788900000	0.0004550667
3.6796000000	0.0004543283
3.6803100000	0.0004535916
3.6810300000	0.0004528558
3.6817400000	0.0004521211
3.6824500000	0.0004513872
3.6831600000	0.0004506554
3.6838800000	0.0004499241
3.6845900000	0.0004491942
3.6853000000	0.0004484655
3.6860200000	0.0004477377
3.6867300000	0.0004470111
3.6874400000	0.0004462862
3.6881600000	0.0004455620
3.6888700000	0.0004448392
3.6895800000	0.0004441171
3.6902900000	0.0004433967
3.6910100000	0.0004426775
3.6917200000	0.0004419588
3.6924300000	0.0004412421
3.6931500000	0.0004405262
3.6938600000	0.0004398111
3.6945700000	0.0004390973
3.6952900000	0.0004383849
3.6960000000	0.0004376736
3.6967100000	0.0004369635
3.6974200000	0.0004362545
3.6981400000	0.0004355465
3.6988500000	0.0004348397
3.6995600000	0.0004341342
3.7002800000	0.0004334142
3.7009900000	0.0004326716
3.7017000000	0.0004319300
3.7024100000	0.0004311896
3.7031300000	0.0004304506
3.7038400000	0.0004297127
3.7045500000	0.0004289763
3.7052700000	0.0004282410
3.7059800000	0.0004275067
3.7066900000	0.0004267737
3.7074100000	0.0004260424
3.7081200000	0.0004253116
3.7088300000	0.0004245828
3.7095400000	0.0004238548
3.7102600000	0.0004231278
3.7109700000	0.0004224020
3.7116800000	0.0004216780
3.7124000000	0.0004209549
3.7131100000	0.0004202327
3.7138200000	0.0004195122
3.7145300000	0.0004187927
3.7152500000	0.0004180743
3.7159600000	0.0004173574
3.7166700000	0.0004166414
3.7173900000	0.0004159268
3.7181000000	0.0004152132
3.7188100000	0.0004145011
3.7195300000	0.0004137898
3.7202400000	0.0004130800
3.7209500000	0.0004123711
3.7216600000	0.0004116635
3.7223800000	0.0004109578
3.7230900000	0.0004102521
3.7238000000	0.0004095481
3.7245200000	0.0004088457
3.7252300000	0.0004081435
3.7259400000	0.0004074434
3.7266600000	0.0004067440
3.7273700000	0.0004060456
3.7280800000	0.0004053487
3.7287900000	0.0004046532
3.7295100000	0.0004039586
3.7302200000	0.0004032654
3.7309300000	0.0004025727
3.7316500000	0.0004018815
3.7323600000	0.0004011917
3.7330700000	0.0004005029
3.7337800000	0.0003998155
3.7345000000	0.0003991287
3.7352100000	0.0003984430
3.7359200000	0.0003977592
3.7366400000	0.0003970760
3.7373500000	0.0003963937
3.7380600000	0.0003957135
3.7387800000	0.0003950335
3.7394900000	0.0003943554
3.7402000000	0.0003936779
3.7409100000	0.0003930016
3.7416300000	0.0003923264
3.7423400000	0.0003916524
3.7430500000	0.0003909795
3.7437700000	0.0003903081
3.7444800000	0.0003896373
3.7451900000	0.0003889680
3.7459100000	0.0003882992
3.7466200000	0.0003876321
3.7473300000	0.0003869666
3.7480400000	0.0003863011
3.7487600000	0.0003856375
3.7494700000	0.0003849745
3.7501800000	0.0003843133
3.7509000000	0.0003836526
3.7516100000	0.0003829929
3.7523200000	0.0003823348
3.7530300000	0.0003816776
3.7537500000	0.0003810212
3.7544600000	0.0003803664
3.7551700000	0.0003797123
3.7558900000	0.0003790594
3.7566000000	0.0003784079
3.7573100000	0.0003777575
3.7580300000	0.0003771079
3.7587400000	0.0003764595
3.7594500000	0.0003758122
3.7601600000	0.0003751657
3.7608800000	0.0003745206
3.7615900000	0.0003738763
3.7623000000	0.0003732332
3.7630200000	0.0003725914
3.7637300000	0.0003719503
3.7644400000	0.0003713107
3.7651600000	0.0003706720
3.7658700000	0.0003700339
3.7665800000	0.0003693975
3.7672900000	0.0003687618
3.7680100000	0.0003681276
3.7687200000	0.0003674938
3.7694300000	0.0003668619
3.7701500000	0.0003662305
3.7708600000	0.0003656005
3.7715700000	0.0003649711
3.7722800000	0.0003643432
3.7730000000	0.0003637162
3.7737100000	0.0003630899
3.7744200000	0.0003624649
3.7751400000	0.0003618411
3.7758500000	0.0003612181
3.7765600000	0.0003605964
3.7772800000	0.0003599760
3.7779900000	0.0003593559
3.7787000000	0.0003587371
3.7794100000	0.0003581198
3.7801300000	0.0003575032
3.7808400000	0.0003568873
3.7815500000	0.0003562730
3.7822700000	0.0003556596
3.7829800000	0.0003550467
3.7836900000	0.0003544354
3.7844000000	0.0003538251
3.7851200000	0.0003532155
3.7858300000	0.0003526069
3.7865400000	0.0003519997
3.7872600000	0.0003513935
3.7879700000	0.0003507882
3.7886800000	0.0003501840
3.7894000000	0.0003495811
3.7901100000	0.0003489784
3.7908200000	0.0003483770
3.7915300000	0.0003477766
3.7922500000	0.0003471774
3.7929600000	0.0003465792
3.7936700000	0.0003459822
3.7943900000	0.0003453859
3.7951000000	0.0003447904
3.7958100000	0.0003441965
3.7965300000	0.0003436029
3.7972400000	0.0003430113
3.7979500000	0.0003424196
3.7986600000	0.0003418292
3.7993800000	0.0003412401
3.8000900000	0.0003406486
3.8008000000	0.0003400363
3.8015200000	0.0003394254
3.8022300000	0.0003388152
3.8029400000	0.0003382064
3.8036500000	0.0003375989
3.8043700000	0.0003369920
3.8050800000	0.0003363862
3.8057900000	0.0003357814
3.8065100000	0.0003351780
3.8072200000	0.0003345752
3.8079300000	0.0003339738
3.8086500000	0.0003333730
3.8093600000	0.0003327740
3.8100700000	0.0003321755
3.8107800000	0.0003315778
3.8115000000	0.0003309815
3.8122100000	0.0003303864
3.8129200000	0.0003297926
3.8136400000	0.0003291992
3.8143500000	0.0003286069
3.8150600000	0.0003280159
3.8157800000	0.0003274257
3.8164900000	0.0003268369
3.8172000000	0.0003262487
3.8179100000	0.0003256616
3.8186300000	0.0003250758
3.8193400000	0.0003244913
3.8200500000	0.0003239071
3.8207700000	0.0003233241
3.8214800000	0.0003227422
3.8221900000	0.0003221616
3.8229000000	0.0003215817
3.8236200000	0.0003210030
3.8243300000	0.0003204248
3.8250400000	0.0003198480
3.8257600000	0.0003192721
3.8264700000	0.0003186977
3.8271800000	0.0003181239
3.8279000000	0.0003175512
3.8286100000	0.0003169794
3.8293200000	0.0003164085
3.8300300000	0.0003158388
3.8307500000	0.0003152702
3.8314600000	0.0003147024
3.8321700000	0.0003141356
3.8328900000	0.0003135700
3.8336000000	0.0003130048
3.8343100000	0.0003124412
3.8350300000	0.0003118779
3.8357400000	0.0003113167
3.8364500000	0.0003107558
3.8371600000	0.0003101959
3.8378800000	0.0003096369
3.8385900000	0.0003090790
3.8393000000	0.0003085221
3.8400200000	0.0003079660
3.8407300000	0.0003074112
3.8414400000	0.0003068570
3.8421500000	0.0003063039
3.8428700000	0.0003057520
3.8435800000	0.0003052008
3.8442900000	0.0003046507
3.8450100000	0.0003041019
3.8457200000	0.0003035531
3.8464300000	0.0003030059
3.8471500000	0.0003024597
3.8478600000	0.0003019145
3.8485700000	0.0003013703
3.8492800000	0.0003008268
3.8500000000	0.0003002843
3.8507100000	0.0002997429
3.8514200000	0.0002992023
3.8521400000	0.0002986624
3.8528500000	0.0002981239
3.8535600000	0.0002975863
3.8542700000	0.0002970493
3.8549900000	0.0002965137
3.8557000000	0.0002959789
3.8564100000	0.0002954448
3.8571300000	0.0002949115
3.8578400000	0.0002943795
3.8585500000	0.0002938483
3.8592700000	0.0002933179
3.8599800000	0.0002927888
3.8606900000	0.0002922605
3.8614000000	0.0002917329
3.8621200000	0.0002912064
3.8628300000	0.0002906809
3.8635400000	0.0002901562
3.8642600000	0.0002896327
3.8649700000	0.0002891095
3.8656800000	0.0002885876
3.8664000000	0.0002880667
3.8671100000	0.0002875466
3.8678200000	0.0002870274
3.8685300000	0.0002865094
3.8692500000	0.0002859918
3.8699600000	0.0002854755
3.8706700000	0.0002849599
3.8713900000	0.0002844454
3.8721000000	0.0002839315
3.8728100000	0.0002834187
3.8735200000	0.0002829070
3.8742400000	0.0002823958
3.8749500000	0.0002818857
3.8756600000	0.0002813764
3.8763800000	0.0002808683
3.8770900000	0.0002803609
3.8778000000	0.0002798544
3.8785200000	0.0002793486
3.8792300000	0.0002788440
3.8799400000	0.0002783401
3.8806500000	0.0002778370
3.8813700000	0.0002773348
3.8820800000	0.0002768336
3.8827900000	0.0002763333
3.8835100000	0.0002758340
3.8842200000	0.0002753353
3.8849300000	0.0002748376
3.8856500000	0.0002743406
3.8863600000	0.0002738449
3.8870700000	0.0002733498
3.8877800000	0.0002728555
3.8885000000	0.0002723623
3.8892100000	0.0002718698
3.8899200000	0.0002713782
3.8906400000	0.0002708875
3.8913500000	0.0002703976
3.8920600000	0.0002699086
3.8927700000	0.0002694204
3.8934900000	0.0002689331
3.8942000000	0.0002684467
3.8949100000	0.0002679612
3.8956300000	0.0002674764
3.8963400000	0.0002669926
3.8970500000	0.0002665095
3.8977700000	0.0002660273
3.8984800000	0.0002655461
3.8991900000	0.0002650656
3.8999000000	0.0002645860
3.9006200000	0.0002640814
3.9013300000	0.0002635737
3.9020400000	0.0002630670
3.9027600000	0.0002625612
3.9034700000	0.0002620564
3.9041800000	0.0002615524
3.9048900000	0.0002610495
3.9056100000	0.0002605474
3.9063200000	0.0002600463
3.9070300000	0.0002595462
3.9077500000	0.0002590469
3.9084600000	0.0002585486
3.9091700000	0.0002580513
3.9098900000	0.0002575548
3.9106000000	0.0002570593
3.9113100000	0.0002565646
3.9120200000	0.0002560710
3.9127400000	0.0002555782
3.9134500000	0.0002550863
3.9141600000	0.0002545954
3.9148800000	0.0002541054
3.9155900000	0.0002536163
3.9163000000	0.0002531281
3.9170200000	0.0002526407
3.9177300000	0.0002521544
3.9184400000	0.0002516689
3.9191500000	0.0002511844
3.9198700000	0.0002507006
3.9205800000	0.0002502179
3.9212900000	0.0002497360
3.9220100000	0.0002492550
3.9227200000	0.0002487750
3.9234300000	0.0002482959
3.9241400000	0.0002478175
3.9248600000	0.0002473401
3.9255700000	0.0002468637
3.9262800000	0.0002463881
3.9270000000	0.0002459133
3.9277100000	0.0002454395
3.9284200000	0.0002449665
3.9291400000	0.0002444945
3.9298500000	0.0002440233
3.9305600000	0.0002435530
3.9312700000	0.0002430836
3.9319900000	0.0002426150
3.9327000000	0.0002421474
3.9334100000	0.0002416806
3.9341300000	0.0002412147
3.9348400000	0.0002407496
3.9355500000	0.0002402854
3.9362700000	0.0002398221
3.9369800000	0.0002393597
3.9376900000	0.0002388981
3.9384000000	0.0002384374
3.9391200000	0.0002379775
3.9398300000	0.0002375186
3.9405400000	0.0002370604
3.9412600000	0.0002366032
3.9419700000	0.0002361467
3.9426800000	0.0002356912
3.9433900000	0.0002352365
3.9441100000	0.0002347826
3.9448200000	0.0002343296
3.9455300000	0.0002338775
3.9462500000	0.0002334262
3.9469600000	0.0002329756
3.9476700000	0.0002325260
3.9483900000	0.0002320772
3.9491000000	0.0002316294
3.9498100000	0.0002311823
3.9505200000	0.0002307360
3.9512400000	0.0002302906
3.9519500000	0.0002298460
3.9526600000	0.0002294023
3.9533800000	0.0002289593
3.9540900000	0.0002285172
3.9548000000	0.0002280760
3.9555200000	0.0002276356
3.9562300000	0.0002271959
3.9569400000	0.0002267572
3.9576500000	0.0002263193
3.9583700000	0.0002258821
3.9590800000	0.0002254458
3.9597900000	0.0002250103
3.9605100000	0.0002245757
3.9612200000	0.0002241418
3.9619300000	0.0002237088
3.9626400000	0.0002232766
3.9633600000	0.0002228452
3.9640700000	0.0002224146
3.9647800000	0.0002219848
3.9655000000	0.0002215558
3.9662100000	0.0002211277
3.9669200000	0.0002207003
3.9676400000	0.0002202738
3.9683500000	0.0002198480
3.9690600000	0.0002194231
3.9697700000	0.0002189989
3.9704900000	0.0002185755
3.9712000000	0.0002181530
3.9719100000	0.0002177312
3.9726300000	0.0002173103
3.9733400000	0.0002168901
3.9740500000	0.0002164707
3.9747600000	0.0002160521
3.9754800000	0.0002156343
3.9761900000	0.0002152173
3.9769000000	0.0002148011
3.9776200000	0.0002143857
3.9783300000	0.0002139710
3.9790400000	0.0002135571
3.9797600000	0.0002131440
3.9804700000	0.0002127317
3.9811800000	0.0002123202
3.9818900000	0.0002119094
3.9826100000	0.0002114994
3.9833200000	0.0002110902
3.9840300000	0.0002106817
3.9847500000	0.0002102742
3.9854600000	0.0002098672
3.9861700000	0.0002094611
3.9868900000	0.0002090557
3.9876000000	0.0002086511
3.9883100000	0.0002082472
3.9890200000	0.0002078442
3.9897400000	0.0002074419
3.9904500000	0.0002070404
3.9911600000	0.0002066396
3.9918800000	0.0002062395
3.9925900000	0.0002058403
3.9933000000	0.0002054417
3.9940100000	0.0002050440
3.9947300000	0.0002046470
3.9954400000	0.0002042508
3.9961500000	0.0002038552
3.9968700000	0.0002034605
3.9975800000	0.0002030664
3.9982900000	0.0002026732
3.9990100000	0.0002022806
3.9997200000	0.0002018888
4.0004300000	0.0002014762
4.0011400000	0.0002010503
4.0018600000	0.0002006253
4.0025700000	0.0002002010
4.0032800000	0.0001997769
4.0040000000	0.0001993543
4.0047100000	0.0001989326
4.0054200000	0.0001985117
4.0061400000	0.0001980917
4.0068500000	0.0001976725
4.0075600000	0.0001972541
4.0082700000	0.0001968367
4.0089900000	0.0001964199
4.0097000000	0.0001960040
4.0104100000	0.0001955890
4.0111300000	0.0001951747
4.0118400000	0.0001947614
4.0125500000	0.0001943488
4.0132600000	0.0001939370
4.0139800000	0.0001935261
4.0146900000	0.0001931160
4.0154000000	0.0001927067
4.0161200000	0.0001922982
4.0168300000	0.0001918906
4.0175400000	0.0001914837
4.0182600000	0.0001910777
4.0189700000	0.0001906725
4.0196800000	0.0001902680
4.0203900000	0.0001898644
4.0211100000	0.0001894616
4.0218200000	0.0001890597
4.0225300000	0.0001886585
4.0232500000	0.0001882581
4.0239600000	0.0001878585
4.0246700000	0.0001874597
4.0253900000	0.0001870618
4.0261000000	0.0001866645
4.0268100000	0.0001862682
4.0275200000	0.0001858726
4.0282400000	0.0001854779
4.0289500000	0.0001850838
4.0296600000	0.0001846906
4.0303800000	0.0001842982
4.0310900000	0.0001839066
4.0318000000	0.0001835158
4.0325100000	0.0001831258
4.0332300000	0.0001827365
4.0339400000	0.0001823480
4.0346500000	0.0001819603
4.0353700000	0.0001815734
4.0360800000	0.0001811873
4.0367900000	0.0001808020
4.0375100000	0.0001804175
4.0382200000	0.0001800337
4.0389300000	0.0001796507
4.0396400000	0.0001792685
4.0403600000	0.0001788870
4.0410700000	0.0001785064
4.0417800000	0.0001781264
4.0425000000	0.0001777473
4.0432100000	0.0001773689
4.0439200000	0.0001769913
4.0446300000	0.0001766145
4.0453500000	0.0001762384
4.0460600000	0.0001758631
4.0467700000	0.0001754886
4.0474900000	0.0001751148
4.0482000000	0.0001747418
4.0489100000	0.0001743695
4.0496300000	0.0001739980
4.0503400000	0.0001736273
4.0510500000	0.0001732573
4.0517600000	0.0001728880
4.0524800000	0.0001725196
4.0531900000	0.0001721518
4.0539000000	0.0001717848
4.0546200000	0.0001714186
4.0553300000	0.0001710532
4.0560400000	0.0001706884
4.0567600000	0.0001703244
4.0574700000	0.0001699612
4.0581800000	0.0001695987
4.0588900000	0.0001692369
4.0596100000	0.0001688759
4.0603200000	0.0001685156
4.0610300000	0.0001681561
4.0617500000	0.0001677973
4.0624600000	0.0001674392
4.0631700000	0.0001670818
4.0638800000	0.0001667253
4.0646000000	0.0001663694
4.0653100000	0.0001660142
4.0660200000	0.0001656598
4.0667400000	0.0001653061
4.0674500000	0.0001649531
4.0681600000	0.0001646010
4.0688800000	0.0001642495
4.0695900000	0.0001638987
4.0703000000	0.0001635486
4.0710100000	0.0001631992
4.0717300000	0.0001628507
4.0724400000	0.0001625027
4.0731500000	0.0001621555
4.0738700000	0.0001618091
4.0745800000	0.0001614633
4.0752900000	0.0001611183
4.0760100000	0.0001607739
4.0767200000	0.0001604304
4.0774300000	0.0001600874
4.0781400000	0.0001597452
4.0788600000	0.0001594037
4.0795700000	0.0001590629
4.0802800000	0.0001587229
4.0810000000	0.0001583835
4.0817100000	0.0001580448
4.0824200000	0.0001577068
4.0831300000	0.0001573696
4.0838500000	0.0001570329
4.0845600000	0.0001566970
4.0852700000	0.0001563619
4.0859900000	0.0001560274
4.0867000000	0.0001556936
4.0874100000	0.0001553605
4.0881300000	0.0001550281
4.0888400000	0.0001546964
4.0895500000	0.0001543653
4.0902600000	0.0001540350
4.0909800000	0.0001537053
4.0916900000	0.0001533763
4.0924000000	0.0001530481
4.0931200000	0.0001527204
4.0938300000	0.0001523935
4.0945400000	0.0001520673
4.0952600000	0.0001517417
4.0959700000	0.0001514169
4.0966800000	0.0001510926
4.0973900000	0.0001507691
4.0981100000	0.0001504462
4.0988200000	0.0001501240
4.0995300000	0.0001498025
4.1002500000	0.0001494710
4.1009600000	0.0001491201
4.1016700000	0.0001487697
4.1023800000	0.0001484199
4.1031000000	0.0001480707
4.1038100000	0.0001477221
4.1045200000	0.0001473742
4.1052400000	0.0001470268
4.1059500000	0.0001466801
4.1066600000	0.0001463340
4.1073800000	0.0001459885
4.1080900000	0.0001456435
4.1088000000	0.0001452992
4.1095100000	0.0001449555
4.1102300000	0.0001446125
4.1109400000	0.0001442700
4.1116500000	0.0001439281
4.1123700000	0.0001435869
4.1130800000	0.0001432462
4.1137900000	0.0001429061
4.1145000000	0.0001425668
4.1152200000	0.0001422280
4.1159300000	0.0001418898
4.1166400000	0.0001415523
4.1173600000	0.0001412153
4.1180700000	0.0001408790
4.1187800000	0.0001405432
4.1195000000	0.0001402081
4.1202100000	0.0001398736
4.1209200000	0.0001395397
4.1216300000	0.0001392065
4.1223500000	0.0001388738
4.1230600000	0.0001385418
4.1237700000	0.0001382104
4.1244900000	0.0001378796
4.1252000000	0.0001375494
4.1259100000	0.0001372199
4.1266300000	0.0001368909
4.1273400000	0.0001365627
4.1280500000	0.0001362349
4.1287600000	0.0001359079
4.1294800000	0.0001355814
4.1301900000	0.0001352555
4.1309000000	0.0001349303
4.1316200000	0.0001346057
4.1323300000	0.0001342817
4.1330400000	0.0001339583
4.1337500000	0.0001336356
4.1344700000	0.0001333134
4.1351800000	0.0001329919
4.1358900000	0.0001326711
4.1366100000	0.0001323508
4.1373200000	0.0001320311
4.1380300000	0.0001317121
4.1387500000	0.0001313937
4.1394600000	0.0001310759
4.1401700000	0.0001307587
4.1408800000	0.0001304421
4.1416000000	0.0001301262
4.1423100000	0.0001298109
4.1430200000	0.0001294962
4.1437400000	0.0001291821
4.1444500000	0.0001288687
4.1451600000	0.0001285558
4.1458800000	0.0001282436
4.1465900000	0.0001279321
4.1473000000	0.0001276210
4.1480100000	0.0001273107
4.1487300000	0.0001270009
4.1494400000	0.0001266918
4.1501500000	0.0001263833
4.1508700000	0.0001260754
4.1515800000	0.0001257682
4.1522900000	0.0001254615
4.1530000000	0.0001251555
4.1537200000	0.0001248501
4.1544300000	0.0001245453
4.1551400000	0.0001242412
4.1558600000	0.0001239376
4.1565700000	0.0001236347
4.1572800000	0.0001233324
4.1580000000	0.0001230307
4.1587100000	0.0001227296
4.1594200000	0.0001224292
4.1601300000	0.0001221293
4.1608500000	0.0001218301
4.1615600000	0.0001215315
4.1622700000	0.0001212334
4.1629900000	0.0001209361
4.1637000000	0.0001206393
4.1644100000	0.0001203432
4.1651300000	0.0001200476
4.1658400000	0.0001197528
4.1665500000	0.0001194585
4.1672600000	0.0001191648
4.1679800000	0.0001188717
4.1686900000	0.0001185793
4.1694000000	0.0001182874
4.1701200000	0.0001179962
4.1708300000	0.0001177056
4.1715400000	0.0001174156
4.1722500000	0.0001171262
4.1729700000	0.0001168374
4.1736800000	0.0001165493
4.1743900000	0.0001162617
4.1751100000	0.0001159748
4.1758200000	0.0001156885
4.1765300000	0.0001154027
4.1772500000	0.0001151176
4.1779600000	0.0001148332
4.1786700000	0.0001145492
4.1793800000	0.0001142659
4.1801000000	0.0001139833
4.1808100000	0.0001137012
4.1815200000	0.0001134198
4.1822400000	0.0001131389
4.1829500000	0.0001128587
4.1836600000	0.0001125790
4.1843700000	0.0001123000
4.1850900000	0.0001120216
4.1858000000	0.0001117438
4.1865100000	0.0001114666
4.1872300000	0.0001111900
4.1879400000	0.0001109140
4.1886500000	0.0001106386
4.1893700000	0.0001103638
4.1900800000	0.0001100896
4.1907900000	0.0001098160
4.1915000000	0.0001095430
4.1922200000	0.0001092706
4.1929300000	0.0001089988
4.1936400000	0.0001087277
4.1943600000	0.0001084571
4.1950700000	0.0001081871
4.1957800000	0.0001079177
4.1965000000	0.0001076489
4.1972100000	0.0001073807
4.1979200000	0.0001071131
4.1986300000	0.0001068461
4.1993500000	0.0001065797
4.2000600000	0.0001063166
4.2007700000	0.0001060826
4.2014900000	0.0001058485
4.2022000000	0.0001056144
4.2029100000	0.0001053801
4.2036200000	0.0001051457
4.2043400000	0.0001049111
4.2050500000	0.0001046765
4.2057600000	0.0001044417
4.2064800000	0.0001042069
4.2071900000	0.0001039719
4.2079000000	0.0001037369
4.2086200000	0.0001035017
4.2093300000	0.0001032664
4.2100400000	0.0001030311
4.2107500000	0.0001027955
4.2114700000	0.0001025600
4.2121800000	0.0001023243
4.2128900000	0.0001020885
4.2136100000	0.0001018526
4.2143200000	0.0001016167
4.2150300000	0.0001013807
4.2157500000	0.0001011446
4.2164600000	0.0001009084
4.2171700000	0.0001006721
4.2178800000	0.0001004357
4.2186000000	0.0001001993
4.2193100000	0.0000999628
4.2200200000	0.0000997262
4.2207400000	0.0000994896
4.2214500000	0.0000992528
4.2221600000	0.0000990160
4.2228700000	0.0000987792
4.2235900000	0.0000985422
4.2243000000	0.0000983053
4.2250100000	0.0000980682
4.2257300000	0.0000978311
4.2264400000	0.0000975940
4.2271500000	0.0000973568
4.2278700000	0.0000971196
4.2285800000	0.0000968823
4.2292900000	0.0000966449
4.2300000000	0.0000964076
4.2307200000	0.0000961702
4.2314300000	0.0000959327
4.2321400000	0.0000956953
4.2328600000	0.0000954577
4.2335700000	0.0000952202
4.2342800000	0.0000949826
4.2349900000	0.0000947450
4.2357100000	0.0000945074
4.2364200000	0.0000942698
4.2371300000	0.0000940321
4.2378500000	0.0000937945
4.2385600000	0.0000935568
4.2392700000	0.0000933191
4.2399900000	0.0000930814
4.2407000000	0.0000928438
4.2414100000	0.0000926061
4.2421200000	0.0000923684
4.2428400000	0.0000921307
4.2435500000	0.0000918930
4.2442600000	0.0000916554
4.2449800000	0.0000914177
4.2456900000	0.0000911801
4.2464000000	0.0000909425
4.2471200000	0.0000907049
4.2478300000	0.0000904673
4.2485400000	0.0000902286
4.2492500000	0.0000899911
4.2499700000	0.0000897537
4.2506800000	0.0000895163
4.2513900000	0.0000892789
4.2521100000	0.0000890415
4.2528200000	0.0000888042
4.2535300000	0.0000885670
4.2542400000	0.0000883298
4.2549600000	0.0000880927
4.2556700000	0.0000878556
4.2563800000	0.0000876186
4.2571000000	0.0000873816
4.2578100000	0.0000871447
4.2585200000	0.0000869079
4.2592400000	0.0000866712
4.2599500000	0.0000864345
4.2606600000	0.0000861980
4.2613700000	0.0000859614
4.2620900000	0.0000857250
4.2628000000	0.0000854887
4.2635100000	0.0000852524
4.2642300000	0.0000850163
4.2649400000	0.0000847802
4.2656500000	0.0000845443
4.2663700000	0.0000843084
4.2670800000	0.0000840727
4.2677900000	0.0000838370
4.2685000000	0.0000836015
4.2692200000	0.0000833661
4.2699300000	0.0000831309
4.2706400000	0.0000828957
4.2713600000	0.0000826606
4.2720700000	0.0000824258
4.2727800000	0.0000821910
4.2734900000	0.0000819563
4.2742100000	0.0000817218
4.2749200000	0.0000814875
4.2756300000	0.0000812532
4.2763500000	0.0000810192
4.2770600000	0.0000807853
4.2777700000	0.0000805515
4.2784900000	0.0000803179
4.2792000000	0.0000800845
4.2799100000	0.0000798511
4.2806200000	0.0000796181
4.2813400000	0.0000793851
4.2820500000	0.0000791523
4.2827600000	0.0000789197
4.2834800000	0.0000786873
4.2841900000	0.0000784551
4.2849000000	0.0000782231
4.2856200000	0.0000779912
4.2863300000	0.0000777595
4.2870400000	0.0000775281
4.2877500000	0.0000772968
4.2884700000	0.0000770658
4.2891800000	0.0000768349
4.2898900000	0.0000766042
4.2906100000	0.0000763737
4.2913200000	0.0000761435
4.2920300000	0.0000759135
4.2927400000	0.0000756837
4.2934600000	0.0000754541
4.2941700000	0.0000752248
4.2948800000	0.0000749957
4.2956000000	0.0000747668
4.2963100000	0.0000745382
4.2970200000	0.0000743098
4.2977400000	0.0000740816
4.2984500000	0.0000738537
4.2991600000	0.0000736260
4.2998700000	0.0000733986
4.3005900000	0.0000732655
4.3013000000	0.0000731526
4.3020100000	0.0000730397
4.3027300000	0.0000729267
4.3034400000	0.0000728137
4.3041500000	0.0000727005
4.3048600000	0.0000725875
4.3055800000	0.0000724743
4.3062900000	0.0000723611
4.3070000000	0.0000722478
4.3077200000	0.0000721345
4.3084300000	0.0000720211
4.3091400000	0.0000719077
4.3098600000	0.0000717942
4.3105700000	0.0000716807
4.3112800000	0.0000715671
4.3119900000	0.0000714534
4.3127100000	0.0000713397
4.3134200000	0.0000712259
4.3141300000	0.0000711121
4.3148500000	0.0000709982
4.3155600000	0.0000708842
4.3162700000	0.0000707702
4.3169900000	0.0000706561
4.3177000000	0.0000705420
4.3184100000	0.0000704278
4.3191200000	0.0000703135
4.3198400000	0.0000701991
4.3205500000	0.0000700847
4.3212600000	0.0000699702
4.3219800000	0.0000698556
4.3226900000	0.0000697410
4.3234000000	0.0000696263
4.3241100000	0.0000695114
4.3248300000	0.0000693966
4.3255400000	0.0000692816
4.3262500000	0.0000691665
4.3269700000	0.0000690514
4.3276800000	0.0000689362
4.3283900000	0.0000688209
4.3291100000	0.0000687056
4.3298200000	0.0000685901
4.3305300000	0.0000684745
4.3312400000	0.0000683588
4.3319600000	0.0000682432
4.3326700000	0.0000681273
4.3333800000	0.0000680114
4.3341000000	0.0000678954
4.3348100000	0.0000677793
4.3355200000	0.0000676632
4.3362400000	0.0000675468
4.3369500000	0.0000674305
4.3376600000	0.0000673140
4.3383700000	0.0000671974
4.3390900000	0.0000670808
4.3398000000	0.0000669640
4.3405100000	0.0000668471
4.3412300000	0.0000667301
4.3419400000	0.0000666130
4.3426500000	0.0000664957
4.3433600000	0.0000663784
4.3440800000	0.0000662610
4.3447900000	0.0000661434
4.3455000000	0.0000660258
4.3462200000	0.0000659079
4.3469300000	0.0000657901
4.3476400000	0.0000656720
4.3483600000	0.0000655539
4.3490700000	0.0000654357
4.3497800000	0.0000653173
4.3504900000	0.0000651988
4.3512100000	0.0000650802
4.3519200000	0.0000649615
4.3526300000	0.0000648426
4.3533500000	0.0000647236
4.3540600000	0.0000646045
4.3547700000	0.0000644853
4.3554900000	0.0000643659
4.3562000000	0.0000642464
4.3569100000	0.0000641268
4.3576200000	0.0000640070
4.3583400000	0.0000638872
4.3590500000	0.0000637671
4.3597600000	0.0000636470
4.3604800000	0.0000635267
4.3611900000	0.0000634062
4.3619000000	0.0000632857
4.3626100000	0.0000631649
4.3633300000	0.0000630440
4.3640400000	0.0000629231
4.3647500000	0.0000628019
4.3654700000	0.0000626806
4.3661800000	0.0000625592
4.3668900000	0.0000624376
4.3676100000	0.0000623158
4.3683200000	0.0000621939
4.3690300000	0.0000620719
4.3697400000	0.0000619497
4.3704600000	0.0000618273
4.3711700000	0.0000617048
4.3718800000	0.0000615822
4.3726000000	0.0000614593
4.3733100000	0.0000613364
4.3740200000	0.0000612132
4.3747300000	0.0000610899
4.3754500000	0.0000609665
4.3761600000	0.0000608429
4.3768700000	0.0000607191
4.3775900000	0.0000605951
4.3783000000	0.0000604710
4.3790100000	0.0000603467
4.3797300000	0.0000602223
4.3804400000	0.0000600977
4.3811500000	0.0000599729
4.3818600000	0.0000598479
4.3825800000	0.0000597228
4.3832900000	0.0000595975
4.3840000000	0.0000594720
4.3847200000	0.0000593463
4.3854300000	0.0000592205
4.3861400000	0.0000590945
4.3868600000	0.0000589683
4.3875700000	0.0000588420
4.3882800000	0.0000587154
4.3889900000	0.0000585887
4.3897100000	0.0000584617
4.3904200000	0.0000583346
4.3911300000	0.0000582074
4.3918500000	0.0000580799
4.3925600000	0.0000579522
4.3932700000	0.0000578244
4.3939800000	0.0000576963
4.3947000000	0.0000575681
4.3954100000	0.0000574397
4.3961200000	0.0000573111
4.3968400000	0.0000571823
4.3975500000	0.0000570533
4.3982600000	0.0000569241
4.3989800000	0.0000567947
4.3996900000	0.0000566652
4.4004000000	0.0000565623
4.4011100000	0.0000564805
4.4018300000	0.0000563985
4.4025400000	0.0000563167
4.4032500000	0.0000562348
4.4039700000	0.0000561531
4.4046800000	0.0000560713
4.4053900000	0.0000559895
4.4061100000	0.0000559078
4.4068200000	0.0000558261
4.4075300000	0.0000557445
4.4082400000	0.0000556628
4.4089600000	0.0000555812
4.4096700000	0.0000554997
4.4103800000	0.0000554181
4.4111000000	0.0000553365
4.4118100000	0.0000552550
4.4125200000	0.0000551735
4.4132300000	0.0000550920
4.4139500000	0.0000550105
4.4146600000	0.0000549291
4.4153700000	0.0000548477
4.4160900000	0.0000547663
4.4168000000	0.0000546848
4.4175100000	0.0000546035
4.4182300000	0.0000545221
4.4189400000	0.0000544408
4.4196500000	0.0000543595
4.4203600000	0.0000542782
4.4210800000	0.0000541969
4.4217900000	0.0000541156
4.4225000000	0.0000540344
4.4232200000	0.0000539531
4.4239300000	0.0000538719
4.4246400000	0.0000537906
4.4253600000	0.0000537094
4.4260700000	0.0000536282
4.4267800000	0.0000535470
4.4274900000	0.0000534659
4.4282100000	0.0000533847
4.4289200000	0.0000533035
4.4296300000	0.0000532223
4.4303500000	0.0000531412
4.4310600000	0.0000530600
4.4317700000	0.0000529789
4.4324800000	0.0000528978
4.4332000000	0.0000528166
4.4339100000	0.0000527355
4.4346200000	0.0000526543
4.4353400000	0.0000525732
4.4360500000	0.0000524921
4.4367600000	0.0000524110
4.4374800000	0.0000523298
4.4381900000	0.0000522487
4.4389000000	0.0000521676
4.4396100000	0.0000520864
4.4403300000	0.0000520053
4.4410400000	0.0000519242
4.4417500000	0.0000518430
4.4424700000	0.0000517619
4.4431800000	0.0000516808
4.4438900000	0.0000515996
4.4446000000	0.0000515184
4.4453200000	0.0000514373
4.4460300000	0.0000513561
4.4467400000	0.0000512749
4.4474600000	0.0000511937
4.4481700000	0.0000511125
4.4488800000	0.0000510313
4.4496000000	0.0000509501
4.4503100000	0.0000508688
4.4510200000	0.0000507876
4.4517300000	0.0000507063
4.4524500000	0.0000506251
4.4531600000	0.0000505437
4.4538700000	0.0000504624
4.4545900000	0.0000503811
4.4553000000	0.0000502998
4.4560100000	0.0000502185
4.4567300000	0.0000501370
4.4574400000	0.0000500557
4.4581500000	0.0000499743
4.4588600000	0.0000498928
4.4595800000	0.0000498113
4.4602900000	0.0000497299
4.4610000000	0.0000496484
4.4617200000	0.0000495668
4.4624300000	0.0000494853
4.4631400000	0.0000494037
4.4638500000	0.0000493221
4.4645700000	0.0000492405
4.4652800000	0.0000491588
4.4659900000	0.0000490771
4.4667100000	0.0000489954
4.4674200000	0.0000489137
4.4681300000	0.0000488319
4.4688500000	0.0000487501
4.4695600000	0.0000486683
4.4702700000	0.0000485864
4.4709800000	0.0000485045
4.4717000000	0.0000484226
4.4724100000	0.0000483406
4.4731200000	0.0000482586
4.4738400000	0.0000481765
4.4745500000	0.0000480945
4.4752600000	0.0000480124
4.4759800000	0.0000479302
4.4766900000	0.0000478480
4.4774000000	0.0000477658
4.4781100000	0.0000476835
4.4788300000	0.0000476012
4.4795400000	0.0000475188
4.4802500000	0.0000474364
4.4809700000	0.0000473539
4.4816800000	0.0000472714
4.4823900000	0.0000471890
4.4831000000	0.0000471064
4.4838200000	0.0000470237
4.4845300000	0.0000469410
4.4852400000	0.0000468583
4.4859600000	0.0000467755
4.4866700000	0.0000466927
4.4873800000	0.0000466098
4.4881000000	0.0000465269
4.4888100000	0.0000464439
4.4895200000	0.0000463608
4.4902300000	0.0000462777
4.4909500000	0.0000461945
4.4916600000	0.0000461114
4.4923700000	0.0000460280
4.4930900000	0.0000459447
4.4938000000	0.0000458613
4.4945100000	0.0000457779
4.4952300000	0.0000456943
4.4959400000	0.0000456108
4.4966500000	0.0000455271
4.4973600000	0.0000454434
4.4980800000	0.0000453597
4.4987900000	0.0000452758
4.4995000000	0.0000451919
4.5002200000	0.0000451178
4.5009300000	0.0000450662
4.5016400000	0.0000450148
4.5023500000	0.0000449635
4.5030700000	0.0000449121
4.5037800000	0.0000448608
4.5044900000	0.0000448096
4.5052100000	0.0000447584
4.5059200000	0.0000447073
4.5066300000	0.0000446562
4.5073500000	0.0000446052
4.5080600000	0.0000445543
4.5087700000	0.0000445033
4.5094800000	0.0000444525
4.5102000000	0.0000444017
4.5109100000	0.0000443510
4.5116200000	0.0000443002
4.5123400000	0.0000442496
4.5130500000	0.0000441990
4.5137600000	0.0000441484
4.5144700000	0.0000440980
4.5151900000	0.0000440475
4.5159000000	0.0000439971
4.5166100000	0.0000439468
4.5173300000	0.0000438965
4.5180400000	0.0000438462
4.5187500000	0.0000437960
4.5194700000	0.0000437459
4.5201800000	0.0000436958
4.5208900000	0.0000436458
4.5216000000	0.0000435958
4.5223200000	0.0000435458
4.5230300000	0.0000434959
4.5237400000	0.0000434460
4.5244600000	0.0000433962
4.5251700000	0.0000433464
4.5258800000	0.0000432967
4.5266000000	0.0000432470
4.5273100000	0.0000431974
4.5280200000	0.0000431478
4.5287300000	0.0000430983
4.5294500000	0.0000430488
4.5301600000	0.0000429993
4.5308700000	0.0000429499
4.5315900000	0.0000429006
4.5323000000	0.0000428512
4.5330100000	0.0000428019
4.5337200000	0.0000427527
4.5344400000	0.0000427035
4.5351500000	0.0000426543
4.5358600000	0.0000426053
4.5365800000	0.0000425562
4.5372900000	0.0000425072
4.5380000000	0.0000424582
4.5387200000	0.0000424092
4.5394300000	0.0000423603
4.5401400000	0.0000423114
4.5408500000	0.0000422626
4.5415700000	0.0000422138
4.5422800000	0.0000421651
4.5429900000	0.0000421163
4.5437100000	0.0000420677
4.5444200000	0.0000420190
4.5451300000	0.0000419705
4.5458500000	0.0000419219
4.5465600000	0.0000418734
4.5472700000	0.0000418249
4.5479800000	0.0000417764
4.5487000000	0.0000417280
4.5494100000	0.0000416796
4.5501200000	0.0000416313
4.5508400000	0.0000415830
4.5515500000	0.0000415347
4.5522600000	0.0000414864
4.5529700000	0.0000414383
4.5536900000	0.0000413901
4.5544000000	0.0000413419
4.5551100000	0.0000412938
4.5558300000	0.0000412457
4.5565400000	0.0000411977
4.5572500000	0.0000411497
4.5579700000	0.0000411017
4.5586800000	0.0000410537
4.5593900000	0.0000410058
4.5601000000	0.0000409579
4.5608200000	0.0000409100
4.5615300000	0.0000408622
4.5622400000	0.0000408144
4.5629600000	0.0000407666
4.5636700000	0.0000407188
4.5643800000	0.0000406711
4.5651000000	0.0000406234
4.5658100000	0.0000405758
4.5665200000	0.0000405281
4.5672300000	0.0000404805
4.5679500000	0.0000404328
4.5686600000	0.0000403853
4.5693700000	0.0000403377
4.5700900000	0.0000402902
4.5708000000	0.0000402427
4.5715100000	0.0000401953
4.5722200000	0.0000401478
4.5729400000	0.0000401004
4.5736500000	0.0000400530
4.5743600000	0.0000400056
4.5750800000	0.0000399582
4.5757900000	0.0000399109
4.5765000000	0.0000398635
4.5772200000	0.0000398161
4.5779300000	0.0000397688
4.5786400000	0.0000397216
4.5793500000	0.0000396743
4.5800700000	0.0000396271
4.5807800000	0.0000395798
4.5814900000	0.0000395326
4.5822100000	0.0000394855
4.5829200000	0.0000394383
4.5836300000	0.0000393911
4.5843400000	0.0000393440
4.5850600000	0.0000392968
4.5857700000	0.0000392497
4.5864800000	0.0000392026
4.5872000000	0.0000391555
4.5879100000	0.0000391084
4.5886200000	0.0000390614
4.5893400000	0.0000390144
4.5900500000	0.0000389673
4.5907600000	0.0000389203
4.5914700000	0.0000388732
4.5921900000	0.0000388262
4.5929000000	0.0000387792
4.5936100000	0.0000387322
4.5943300000	0.0000386853
4.5950400000	0.0000386383
4.5957500000	0.0000385913
4.5964700000	0.0000385443
4.5971800000	0.0000384974
4.5978900000	0.0000384504
4.5986000000	0.0000384034
4.5993200000	0.0000383565
4.6000300000	0.0000383102
4.6007400000	0.0000382784
4.6014600000	0.0000382467
4.6021700000	0.0000382151
4.6028800000	0.0000381835
4.6035900000	0.0000381520
4.6043100000	0.0000381205
4.6050200000	0.0000380892
4.6057300000	0.0000380579
4.6064500000	0.0000380267
4.6071600000	0.0000379955
4.6078700000	0.0000379645
4.6085900000	0.0000379335
4.6093000000	0.0000379026
4.6100100000	0.0000378717
4.6107200000	0.0000378409
4.6114400000	0.0000378102
4.6121500000	0.0000377796
4.6128600000	0.0000377490
4.6135800000	0.0000377185
4.6142900000	0.0000376881
4.6150000000	0.0000376578
4.6157200000	0.0000376275
4.6164300000	0.0000375973
4.6171400000	0.0000375671
4.6178500000	0.0000375371
4.6185700000	0.0000375070
4.6192800000	0.0000374771
4.6199900000	0.0000374473
4.6207100000	0.0000374175
4.6214200000	0.0000373878
4.6221300000	0.0000373582
4.6228400000	0.0000373286
4.6235600000	0.0000372991
4.6242700000	0.0000372697
4.6249800000	0.0000372404
4.6257000000	0.0000372110
4.6264100000	0.0000371818
4.6271200000	0.0000371527
4.6278400000	0.0000371236
4.6285500000	0.0000370946
4.6292600000	0.0000370658
4.6299700000	0.0000370368
4.6306900000	0.0000370081
4.6314000000	0.0000369794
4.6321100000	0.0000369508
4.6328300000	0.0000369222
4.6335400000	0.0000368937
4.6342500000	0.0000368653
4.6349600000	0.0000368369
4.6356800000	0.0000368086
4.6363900000	0.0000367804
4.6371000000	0.0000367523
4.6378200000	0.0000367242
4.6385300000	0.0000366962
4.6392400000	0.0000366683
4.6399600000	0.0000366404
4.6406700000	0.0000366127
4.6413800000	0.0000365849
4.6420900000	0.0000365573
4.6428100000	0.0000365297
4.6435200000	0.0000365022
4.6442300000	0.0000364748
4.6449500000	0.0000364475
4.6456600000	0.0000364202
4.6463700000	0.0000363930
4.6470900000	0.0000363659
4.6478000000	0.0000363388
4.6485100000	0.0000363118
4.6492200000	0.0000362849
4.6499400000	0.0000362581
4.6506500000	0.0000362313
4.6513600000	0.0000362046
4.6520800000	0.0000361779
4.6527900000	0.0000361514
4.6535000000	0.0000361249
4.6542100000	0.0000360984
4.6549300000	0.0000360721
4.6556400000	0.0000360458
4.6563500000	0.0000360197
4.6570700000	0.0000359935
4.6577800000	0.0000359674
4.6584900000	0.0000359414
4.6592100000	0.0000359155
4.6599200000	0.0000358897
4.6606300000	0.0000358639
4.6613400000	0.0000358382
4.6620600000	0.0000358126
4.6627700000	0.0000357870
4.6634800000	0.0000357616
4.6642000000	0.0000357361
4.6649100000	0.0000357108
4.6656200000	0.0000356855
4.6663400000	0.0000356603
4.6670500000	0.0000356352
4.6677600000	0.0000356102
4.6684700000	0.0000355852
4.6691900000	0.0000355603
4.6699000000	0.0000355355
4.6706100000	0.0000355107
4.6713300000	0.0000354860
4.6720400000	0.0000354614
4.6727500000	0.0000354368
4.6734600000	0.0000354124
4.6741800000	0.0000353880
4.6748900000	0.0000353637
4.6756000000	0.0000353394
4.6763200000	0.0000353152
4.6770300000	0.0000352911
4.6777400000	0.0000352671
4.6784600000	0.0000352431
4.6791700000	0.0000352193
4.6798800000	0.0000351954
4.6805900000	0.0000351717
4.6813100000	0.0000351480
4.6820200000	0.0000351244
4.6827300000	0.0000351009
4.6834500000	0.0000350774
4.6841600000	0.0000350541
4.6848700000	0.0000350308
4.6855900000	0.0000350075
4.6863000000	0.0000349844
4.6870100000	0.0000349613
4.6877200000	0.0000349383
4.6884400000	0.0000349154
4.6891500000	0.0000348925
4.6898600000	0.0000348697
4.6905800000	0.0000348470
4.6912900000	0.0000348244
4.6920000000	0.0000348018
4.6927100000	0.0000347793
4.6934300000	0.0000347569
4.6941400000	0.0000347346
4.6948500000	0.0000347123
4.6955700000	0.0000346901
4.6962800000	0.0000346679
4.6969900000	0.0000346459
4.6977100000	0.0000346239
4.6984200000	0.0000346021
4.6991300000	0.0000345802
4.6998400000	0.0000345585
4.7005600000	0.0000345313
4.7012700000	0.0000345026
4.7019800000	0.0000344739
4.7027000000	0.0000344453
4.7034100000	0.0000344168
4.7041200000	0.0000343883
4.7048300000	0.0000343599
4.7055500000	0.0000343315
4.7062600000	0.0000343032
4.7069700000	0.0000342750
4.7076900000	0.0000342468
4.7084000000	0.0000342187
4.7091100000	0.0000341907
4.7098300000	0.0000341626
4.7105400000	0.0000341347
4.7112500000	0.0000341068
4.7119600000	0.0000340790
4.7126800000	0.0000340512
4.7133900000	0.0000340235
4.7141000000	0.0000339959
4.7148200000	0.0000339683
4.7155300000	0.0000339408
4.7162400000	0.0000339133
4.7169600000	0.0000338858
4.7176700000	0.0000338585
4.7183800000	0.0000338312
4.7190900000	0.0000338039
4.7198100000	0.0000337767
4.7205200000	0.0000337496
4.7212300000	0.0000337226
4.7219500000	0.0000336956
4.7226600000	0.0000336686
4.7233700000	0.0000336417
4.7240800000	0.0000336149
4.7248000000	0.0000335881
4.7255100000	0.0000335614
4.7262200000	0.0000335348
4.7269400000	0.0000335081
4.7276500000	0.0000334816
4.7283600000	0.0000334551
4.7290800000	0.0000334287
4.7297900000	0.0000334023
4.7305000000	0.0000333760
4.7312100000	0.0000333498
4.7319300000	0.0000333236
4.7326400000	0.0000332974
4.7333500000	0.0000332714
4.7340700000	0.0000332453
4.7347800000	0.0000332194
4.7354900000	0.0000331935
4.7362100000	0.0000331676
4.7369200000	0.0000331418
4.7376300000	0.0000331161
4.7383400000	0.0000330904
4.7390600000	0.0000330648
4.7397700000	0.0000330393
4.7404800000	0.0000330137
4.7412000000	0.0000329883
4.7419100000	0.0000329629
4.7426200000	0.0000329376
4.7433300000	0.0000329123
4.7440500000	0.0000328871
4.7447600000	0.0000328620
4.7454700000	0.0000328369
4.7461900000	0.0000328118
4.7469000000	0.0000327868
4.7476100000	0.0000327619
4.7483300000	0.0000327371
4.7490400000	0.0000327123
4.7497500000	0.0000326875
4.7504600000	0.0000326628
4.7511800000	0.0000326382
4.7518900000	0.0000326136
4.7526000000	0.0000325891
4.7533200000	0.0000325646
4.7540300000	0.0000325402
4.7547400000	0.0000325159
4.7554600000	0.0000324916
4.7561700000	0.0000324674
4.7568800000	0.0000324432
4.7575900000	0.0000324190
4.7583100000	0.0000323950
4.7590200000	0.0000323710
4.7597300000	0.0000323470
4.7604500000	0.0000323231
4.7611600000	0.0000322993
4.7618700000	0.0000322756
4.7625800000	0.0000322518
4.7633000000	0.0000322282
4.7640100000	0.0000322046
4.7647200000	0.0000321810
4.7654400000	0.0000321575
4.7661500000	0.0000321341
4.7668600000	0.0000321107
4.7675800000	0.0000320874
4.7682900000	0.0000320641
4.7690000000	0.0000320410
4.7697100000	0.0000320178
4.7704300000	0.0000319947
4.7711400000	0.0000319717
4.7718500000	0.0000319487
4.7725700000	0.0000319258
4.7732800000	0.0000319029
4.7739900000	0.0000318801
4.7747000000	0.0000318574
4.7754200000	0.0000318347
4.7761300000	0.0000318121
4.7768400000	0.0000317895
4.7775600000	0.0000317670
4.7782700000	0.0000317446
4.7789800000	0.0000317221
4.7797000000	0.0000316998
4.7804100000	0.0000316775
4.7811200000	0.0000316553
4.7818300000	0.0000316331
4.7825500000	0.0000316110
4.7832600000	0.0000315890
4.7839700000	0.0000315670
4.7846900000	0.0000315450
4.7854000000	0.0000315231
4.7861100000	0.0000315013
4.7868300000	0.0000314795
4.7875400000	0.0000314578
4.7882500000	0.0000314362
4.7889600000	0.0000314146
4.7896800000	0.0000313930
4.7903900000	0.0000313715
4.7911000000	0.0000313501
4.7918200000	0.0000313287
4.7925300000	0.0000313074
4.7932400000	0.0000312862
4.7939500000	0.0000312649
4.7946700000	0.0000312438
4.7953800000	0.0000312228
4.7960900000	0.0000312017
4.7968100000	0.0000311807
4.7975200000	0.0000311599
4.7982300000	0.0000311390
4.7989500000	0.0000311182
4.7996600000	0.0000310975
4.8003700000	0.0000310729
4.8010800000	0.0000310448
4.8018000000	0.0000310168
4.8025100000	0.0000309888
4.8032200000	0.0000309609
4.8039400000	0.0000309330
4.8046500000	0.0000309052
4.8053600000	0.0000308774
4.8060800000	0.0000308496
4.8067900000	0.0000308219
4.8075000000	0.0000307943
4.8082100000	0.0000307667
4.8089300000	0.0000307391
4.8096400000	0.0000307116
4.8103500000	0.0000306842
4.8110700000	0.0000306568
4.8117800000	0.0000306294
4.8124900000	0.0000306021
4.8132000000	0.0000305748
4.8139200000	0.0000305476
4.8146300000	0.0000305205
4.8153400000	0.0000304933
4.8160600000	0.0000304662
4.8167700000	0.0000304392
4.8174800000	0.0000304122
4.8182000000	0.0000303853
4.8189100000	0.0000303584
4.8196200000	0.0000303316
4.8203300000	0.0000303048
4.8210500000	0.0000302780
4.8217600000	0.0000302513
4.8224700000	0.0000302247
4.8231900000	0.0000301981
4.8239000000	0.0000301715
4.8246100000	0.0000301450
4.8253300000	0.0000301185
4.8260400000	0.0000300921
4.8267500000	0.0000300658
4.8274600000	0.0000300395
4.8281800000	0.0000300131
4.8288900000	0.0000299870
4.8296000000	0.0000299607
4.8303200000	0.0000299346
4.8310300000	0.0000299085
4.8317400000	0.0000298825
4.8324500000	0.0000298565
4.8331700000	0.0000298306
4.8338800000	0.0000298047
4.8345900000	0.0000297788
4.8353100000	0.0000297530
4.8360200000	0.0000297272
4.8367300000	0.0000297015
4.8374500000	0.0000296758
4.8381600000	0.0000296502
4.8388700000	0.0000296246
4.8395800000	0.0000295991
4.8403000000	0.0000295736
4.8410100000	0.0000295482
4.8417200000	0.0000295227
4.8424400000	0.0000294974
4.8431500000	0.0000294721
4.8438600000	0.0000294468
4.8445700000	0.0000294216
4.8452900000	0.0000293965
4.8460000000	0.0000293713
4.8467100000	0.0000293463
4.8474300000	0.0000293212
4.8481400000	0.0000292963
4.8488500000	0.0000292713
4.8495700000	0.0000292464
4.8502800000	0.0000292216
4.8509900000	0.0000291968
4.8517000000	0.0000291720
4.8524200000	0.0000291473
4.8531300000	0.0000291226
4.8538400000	0.0000290980
4.8545600000	0.0000290734
4.8552700000	0.0000290489
4.8559800000	0.0000290244
4.8567000000	0.0000289999
4.8574100000	0.0000289755
4.8581200000	0.0000289511
4.8588300000	0.0000289269
4.8595500000	0.0000289026
4.8602600000	0.0000288783
4.8609700000	0.0000288542
4.8616900000	0.0000288301
4.8624000000	0.0000288060
4.8631100000	0.0000287820
4.8638200000	0.0000287580
4.8645400000	0.0000287340
4.8652500000	0.0000287101
4.8659600000	0.0000286862
4.8666800000	0.0000286624
4.8673900000	0.0000286386
4.8681000000	0.0000286149
4.8688200000	0.0000285912
4.8695300000	0.0000285676
4.8702400000	0.0000285440
4.8709500000	0.0000285204
4.8716700000	0.0000284969
4.8723800000	0.0000284735
4.8730900000	0.0000284501
4.8738100000	0.0000284266
4.8745200000	0.0000284033
4.8752300000	0.0000283800
4.8759500000	0.0000283568
4.8766600000	0.0000283336
4.8773700000	0.0000283105
4.8780800000	0.0000282873
4.8788000000	0.0000282642
4.8795100000	0.0000282412
4.8802200000	0.0000282183
4.8809400000	0.0000281953
4.8816500000	0.0000281724
4.8823600000	0.0000281496
4.8830700000	0.0000281268
4.8837900000	0.0000281040
4.8845000000	0.0000280813
4.8852100000	0.0000280586
4.8859300000	0.0000280360
4.8866400000	0.0000280134
4.8873500000	0.0000279908
4.8880700000	0.0000279683
4.8887800000	0.0000279459
4.8894900000	0.0000279235
4.8902000000	0.0000279011
4.8909200000	0.0000278788
4.8916300000	0.0000278564
4.8923400000	0.0000278342
4.8930600000	0.0000278120
4.8937700000	0.0000277899
4.8944800000	0.0000277678
4.8952000000	0.0000277457
4.8959100000	0.0000277237
4.8966200000	0.0000277017
4.8973300000	0.0000276798
4.8980500000	0.0000276578
4.8987600000	0.0000276360
4.8994700000	0.0000276142
4.9001900000	0.0000275911
4.9009000000	0.0000275647
4.9016100000	0.0000275383
4.9023200000	0.0000275118
4.9030400000	0.0000274855
4.9037500000	0.0000274592
4.9044600000	0.0000274329
4.9051800000	0.0000274067
4.9058900000	0.0000273804
4.9066000000	0.0000273542
4.9073200000	0.0000273281
4.9080300000	0.0000273021
4.9087400000	0.0000272760
4.9094500000	0.0000272500
4.9101700000	0.0000272240
4.9108800000	0.0000271981
4.9115900000	0.0000271722
4.9123100000	0.0000271463
4.9130200000	0.0000271205
4.9137300000	0.0000270948
4.9144400000	0.0000270690
4.9151600000	0.0000270433
4.9158700000	0.0000270177
4.9165800000	0.0000269920
4.9173000000	0.0000269664
4.9180100000	0.0000269409
4.9187200000	0.0000269154
4.9194400000	0.0000268899
4.9201500000	0.0000268645
4.9208600000	0.0000268391
4.9215700000	0.0000268137
4.9222900000	0.0000267884
4.9230000000	0.0000267631
4.9237100000	0.0000267379
4.9244300000	0.0000267127
4.9251400000	0.0000266875
4.9258500000	0.0000266624
4.9265700000	0.0000266373
4.9272800000	0.0000266123
4.9279900000	0.0000265872
4.9287000000	0.0000265622
4.9294200000	0.0000265373
4.9301300000	0.0000265124
4.9308400000	0.0000264875
4.9315600000	0.0000264627
4.9322700000	0.0000264379
4.9329800000	0.0000264132
4.9336900000	0.0000263884
4.9344100000	0.0000263638
4.9351200000	0.0000263391
4.9358300000	0.0000263145
4.9365500000	0.0000262900
4.9372600000	0.0000262654
4.9379700000	0.0000262409
4.9386900000	0.0000262164
4.9394000000	0.0000261921
4.9401100000	0.0000261677
4.9408200000	0.0000261433
4.9415400000	0.0000261190
4.9422500000	0.0000260947
4.9429600000	0.0000260705
4.9436800000	0.0000260463
4.9443900000	0.0000260221
4.9451000000	0.0000259980
4.9458200000	0.0000259739
4.9465300000	0.0000259499
4.9472400000	0.0000259259
4.9479500000	0.0000259019
4.9486700000	0.0000258779
4.9493800000	0.0000258540
4.9500900000	0.0000258301
4.9508100000	0.0000258063
4.9515200000	0.0000257825
4.9522300000	0.0000257587
4.9529400000	0.0000257350
4.9536600000	0.0000257113
4.9543700000	0.0000256877
4.9550800000	0.0000256641
4.9558000000	0.0000256405
4.9565100000	0.0000256169
4.9572200000	0.0000255934
4.9579400000	0.0000255699
4.9586500000	0.0000255465
4.9593600000	0.0000255231
4.9600700000	0.0000254997
4.9607900000	0.0000254764
4.9615000000	0.0000254531
4.9622100000	0.0000254298
4.9629300000	0.0000254066
4.9636400000	0.0000253834
4.9643500000	0.0000253602
4.9650700000	0.0000253371
4.9657800000	0.0000253140
4.9664900000	0.0000252909
4.9672000000	0.0000252679
4.9679200000	0.0000252449
4.9686300000	0.0000252220
4.9693400000	0.0000251991
4.9700600000	0.0000251762
4.9707700000	0.0000251534
4.9714800000	0.0000251306
4.9721900000	0.0000251078
4.9729100000	0.0000250850
4.9736200000	0.0000250623
4.9743300000	0.0000250397
4.9750500000	0.0000250170
4.9757600000	0.0000249944
4.9764700000	0.0000249719
4.9771900000	0.0000249494
4.9779000000	0.0000249268
4.9786100000	0.0000249044
4.9793200000	0.0000248820
4.9800400000	0.0000248595
4.9807500000	0.0000248372
4.9814600000	0.0000248149
4.9821800000	0.0000247926
4.9828900000	0.0000247703
4.9836000000	0.0000247481
4.9843100000	0.0000247259
4.9850300000	0.0000247037
4.9857400000	0.0000246816
4.9864500000	0.0000246595
4.9871700000	0.0000246375
4.9878800000	0.0000246155
4.9885900000	0.0000245935
4.9893100000	0.0000245715
4.9900200000	0.0000245496
4.9907300000	0.0000245277
4.9914400000	0.0000245059
4.9921600000	0.0000244840
4.9928700000	0.0000244623
4.9935800000	0.0000244405
4.9943000000	0.0000244188
4.9950100000	0.0000243971
4.9957200000	0.0000243754
4.9964400000	0.0000243538
4.9971500000	0.0000243323
4.9978600000	0.0000243107
4.9985700000	0.0000242892
4.9992900000	0.0000242677
5.0000000000	0.0000242462
