# energy (eV)    P(omega), $W_{\text{p}}/W$ = 0.50, $h/W$ = 0.60, $d/W$ = 0.20, x/W = 0.0, $E_{\rm e}$ = 200 keV
0.0100000000	0.0052076830
0.0107130000	0.0054653211
0.0114259000	0.0057290333
0.0121389000	0.0059982970
0.0128518000	0.0062726310
0.0135648000	0.0065516029
0.0142778000	0.0068348069
0.0149907000	0.0071218727
0.0157037000	0.0074124574
0.0164166000	0.0077062384
0.0171296000	0.0080029266
0.0178425000	0.0083022261
0.0185555000	0.0086038883
0.0192685000	0.0089076683
0.0199814000	0.0092133267
0.0206944000	0.0095206482
0.0214073000	0.0098294310
0.0221203000	0.0101394779
0.0228333000	0.0104506072
0.0235462000	0.0107626398
0.0242592000	0.0110754176
0.0249721000	0.0113887706
0.0256851000	0.0117025701
0.0263981000	0.0120166555
0.0271110000	0.0123309049
0.0278240000	0.0126451820
0.0285369000	0.0129593670
0.0292499000	0.0132733456
0.0299629000	0.0135870046
0.0306758000	0.0139002373
0.0313888000	0.0142129477
0.0321017000	0.0145250309
0.0328147000	0.0148364009
0.0335276000	0.0151469791
0.0342406000	0.0154566654
0.0349536000	0.0157653863
0.0356665000	0.0160730641
0.0363795000	0.0163796274
0.0370924000	0.0166850129
0.0378054000	0.0169891453
0.0385184000	0.0172919615
0.0392313000	0.0175934117
0.0399443000	0.0178934288
0.0406572000	0.0181919568
0.0413702000	0.0184889518
0.0420832000	0.0187843645
0.0427961000	0.0190781331
0.0435091000	0.0193702297
0.0442220000	0.0196605979
0.0449350000	0.0199492079
0.0456479000	0.0202360148
0.0463609000	0.0205209852
0.0470739000	0.0208040851
0.0477868000	0.0210852711
0.0484998000	0.0213645272
0.0492127000	0.0216418130
0.0499257000	0.0219171113
0.0506387000	0.0221903815
0.0513516000	0.0224616090
0.0520646000	0.0227307660
0.0527775000	0.0229978314
0.0534905000	0.0232627872
0.0542035000	0.0235256125
0.0549164000	0.0237862903
0.0556294000	0.0240448053
0.0563423000	0.0243011379
0.0570553000	0.0245552718
0.0577683000	0.0248072067
0.0584812000	0.0250569113
0.0591942000	0.0253043983
0.0599071000	0.0255496302
0.0606201000	0.0257926173
0.0613330000	0.0260333536
0.0620460000	0.0262718149
0.0627590000	0.0265080129
0.0634719000	0.0267419276
0.0641849000	0.0269735637
0.0648978000	0.0272029194
0.0656108000	0.0274299779
0.0663238000	0.0276547445
0.0670367000	0.0278772285
0.0677497000	0.0280974146
0.0684626000	0.0283153079
0.0691756000	0.0285309089
0.0698886000	0.0287442152
0.0706015000	0.0289552359
0.0713145000	0.0291639642
0.0720274000	0.0293704062
0.0727404000	0.0295745770
0.0734534000	0.0297764577
0.0741663000	0.0299760688
0.0748793000	0.0301734125
0.0755922000	0.0303684925
0.0763052000	0.0305613180
0.0770181000	0.0307518914
0.0777311000	0.0309402127
0.0784441000	0.0311263033
0.0791570000	0.0313101728
0.0798700000	0.0314918064
0.0805829000	0.0316712359
0.0812959000	0.0318484571
0.0820089000	0.0320234815
0.0827218000	0.0321963230
0.0834348000	0.0323669874
0.0841477000	0.0325354793
0.0848607000	0.0327018166
0.0855737000	0.0328660084
0.0862866000	0.0330280587
0.0869996000	0.0331879924
0.0877125000	0.0333458144
0.0884255000	0.0335015276
0.0891384000	0.0336551566
0.0898514000	0.0338067034
0.0905644000	0.0339561840
0.0912773000	0.0341036050
0.0919903000	0.0342489956
0.0927032000	0.0343923497
0.0934162000	0.0345336891
0.0941292000	0.0346730279
0.0948421000	0.0348103720
0.0955551000	0.0349457492
0.0962680000	0.0350791599
0.0969810000	0.0352106162
0.0976940000	0.0353401366
0.0984069000	0.0354677392
0.0991199000	0.0355934363
0.0998328000	0.0357172348
0.1005460000	0.0358391556
0.1012590000	0.0359592072
0.1019720000	0.0360774087
0.1026850000	0.0361937755
0.1033980000	0.0363083215
0.1041110000	0.0364210537
0.1048240000	0.0365319970
0.1055370000	0.0366411578
0.1062490000	0.0367485529
0.1069620000	0.0368542033
0.1076750000	0.0369581208
0.1083880000	0.0370603149
0.1091010000	0.0371608050
0.1098140000	0.0372595989
0.1105270000	0.0373567280
0.1112400000	0.0374521956
0.1119530000	0.0375460118
0.1126660000	0.0376382003
0.1133790000	0.0377287747
0.1140920000	0.0378177437
0.1148050000	0.0379051330
0.1155180000	0.0379909474
0.1162310000	0.0380752090
0.1169440000	0.0381579259
0.1176570000	0.0382391218
0.1183700000	0.0383188039
0.1190830000	0.0383969892
0.1197960000	0.0384736956
0.1205090000	0.0385489352
0.1212220000	0.0386227240
0.1219350000	0.0386950701
0.1226480000	0.0387659921
0.1233600000	0.0388355209
0.1240730000	0.0389036459
0.1247860000	0.0389703917
0.1254990000	0.0390357785
0.1262120000	0.0390998170
0.1269250000	0.0391625157
0.1276380000	0.0392238985
0.1283510000	0.0392839718
0.1290640000	0.0393427567
0.1297770000	0.0394002623
0.1304900000	0.0394565028
0.1312030000	0.0395114968
0.1319160000	0.0395652535
0.1326290000	0.0396177913
0.1333420000	0.0396691259
0.1340550000	0.0397192637
0.1347680000	0.0397682199
0.1354810000	0.0398160116
0.1361940000	0.0398626515
0.1369070000	0.0399081545
0.1376200000	0.0399525304
0.1383330000	0.0399957968
0.1390460000	0.0400379633
0.1397590000	0.0400790446
0.1404710000	0.0401190550
0.1411840000	0.0401580067
0.1418970000	0.0401959118
0.1426100000	0.0402327959
0.1433230000	0.0402686479
0.1440360000	0.0403034952
0.1447490000	0.0403373493
0.1454620000	0.0403702192
0.1461750000	0.0404021161
0.1468880000	0.0404330677
0.1476010000	0.0404630662
0.1483140000	0.0404921354
0.1490270000	0.0405202843
0.1497400000	0.0405475219
0.1504530000	0.0405738656
0.1511660000	0.0405993271
0.1518790000	0.0406239122
0.1525920000	0.0406476393
0.1533050000	0.0406705080
0.1540180000	0.0406925472
0.1547310000	0.0407137540
0.1554440000	0.0407341465
0.1561570000	0.0407537357
0.1568700000	0.0407725308
0.1575830000	0.0407905404
0.1582950000	0.0408077816
0.1590080000	0.0408242572
0.1597210000	0.0408399785
0.1604340000	0.0408549649
0.1611470000	0.0408692175
0.1618600000	0.0408827459
0.1625730000	0.0408955693
0.1632860000	0.0409076864
0.1639990000	0.0409191193
0.1647120000	0.0409298633
0.1654250000	0.0409399358
0.1661380000	0.0409493438
0.1668510000	0.0409581066
0.1675640000	0.0409662163
0.1682770000	0.0409736941
0.1689900000	0.0409805414
0.1697030000	0.0409867707
0.1704160000	0.0409923910
0.1711290000	0.0409974101
0.1718420000	0.0410018331
0.1725550000	0.0410056673
0.1732680000	0.0410089260
0.1739810000	0.0410116134
0.1746940000	0.0410137403
0.1754060000	0.0410153142
0.1761190000	0.0410163323
0.1768320000	0.0410168099
0.1775450000	0.0410167568
0.1782580000	0.0410161683
0.1789710000	0.0410150642
0.1796840000	0.0410134437
0.1803970000	0.0410113120
0.1811100000	0.0410086689
0.1818230000	0.0410055366
0.1825360000	0.0410019039
0.1832490000	0.0409977848
0.1839620000	0.0409931848
0.1846750000	0.0409881013
0.1853880000	0.0409825463
0.1861010000	0.0409765175
0.1868140000	0.0409700288
0.1875270000	0.0409630706
0.1882400000	0.0409556492
0.1889530000	0.0409477804
0.1896660000	0.0409394536
0.1903790000	0.0409306739
0.1910920000	0.0409214451
0.1918050000	0.0409117695
0.1925180000	0.0409016482
0.1932300000	0.0408910802
0.1939430000	0.0408800714
0.1946560000	0.0408686176
0.1953690000	0.0408567221
0.1960820000	0.0408443766
0.1967950000	0.0408315926
0.1975080000	0.0408183602
0.1982210000	0.0408046820
0.1989340000	0.0407905591
0.1996470000	0.0407759810
0.2003600000	0.0407609483
0.2010730000	0.0407454588
0.2017860000	0.0407295043
0.2024990000	0.0407130906
0.2032120000	0.0406961979
0.2039250000	0.0406788375
0.2046380000	0.0406609923
0.2053510000	0.0406426542
0.2060640000	0.0406238304
0.2067770000	0.0406044917
0.2074900000	0.0405846468
0.2082030000	0.0405642727
0.2089160000	0.0405433786
0.2096290000	0.0405219349
0.2103410000	0.0404999343
0.2110540000	0.0404773692
0.2117670000	0.0404542272
0.2124800000	0.0404304929
0.2131930000	0.0404061448
0.2139060000	0.0403811702
0.2146190000	0.0403555539
0.2153320000	0.0403292772
0.2160450000	0.0403023191
0.2167580000	0.0402746633
0.2174710000	0.0402462865
0.2181840000	0.0402171632
0.2188970000	0.0401872741
0.2196100000	0.0401565916
0.2203230000	0.0401250855
0.2210360000	0.0400927288
0.2217490000	0.0400594961
0.2224620000	0.0400253537
0.2231750000	0.0399902636
0.2238880000	0.0399541942
0.2246010000	0.0399171151
0.2253140000	0.0398789758
0.2260270000	0.0398397439
0.2267400000	0.0397993729
0.2274520000	0.0397578178
0.2281650000	0.0397150347
0.2288780000	0.0396709655
0.2295910000	0.0396255704
0.2303040000	0.0395787811
0.2310170000	0.0395305470
0.2317300000	0.0394808056
0.2324430000	0.0401204891
0.2331560000	0.0408740481
0.2338690000	0.0416215727
0.2345820000	0.0423440808
0.2352950000	0.0430696424
0.2360080000	0.0438545824
0.2367210000	0.0447080369
0.2374340000	0.0455860435
0.2381470000	0.0464860533
0.2388600000	0.0473833020
0.2395730000	0.0484320868
0.2402860000	0.0494307125
0.2409990000	0.0505570584
0.2417120000	0.0517104437
0.2424250000	0.0528854029
0.2431380000	0.0541661008
0.2438510000	0.0555233905
0.2445640000	0.0569506682
0.2452760000	0.0584441342
0.2459890000	0.0600153694
0.2467020000	0.0617443172
0.2474150000	0.0637013376
0.2481280000	0.0655358171
0.2488410000	0.0677826176
0.2495540000	0.0701974893
0.2502670000	0.0727075398
0.2509800000	0.0756985279
0.2516930000	0.0793032033
0.2524060000	0.0832198442
0.2531190000	0.0887359790
0.2538320000	0.0992227766
0.2545450000	0.1017901283
0.2552580000	0.1040185087
0.2559710000	0.1061557337
0.2566840000	0.1081591211
0.2573970000	0.1101534095
0.2581100000	0.1121331180
0.2588230000	0.1140058927
0.2595360000	0.1159540026
0.2602490000	0.1178823366
0.2609620000	0.1198013358
0.2616750000	0.1216724752
0.2623870000	0.1236363021
0.2631000000	0.1255064497
0.2638130000	0.1273951221
0.2645260000	0.1293761388
0.2652390000	0.1313825953
0.2659520000	0.1332561848
0.2666650000	0.1353238793
0.2673780000	0.1373839660
0.2680910000	0.1393350963
0.2688040000	0.1414419707
0.2695170000	0.1436725361
0.2702300000	0.1458753612
0.2709430000	0.1479449034
0.2716560000	0.1502653551
0.2723690000	0.1526145738
0.2730820000	0.1548252771
0.2737950000	0.1573173941
0.2745080000	0.1597971717
0.2752210000	0.1622456036
0.2759340000	0.1649422980
0.2766470000	0.1676106610
0.2773600000	0.1702365657
0.2780730000	0.1731177619
0.2787860000	0.1760352594
0.2794980000	0.1789533353
0.2802110000	0.1821095948
0.2809240000	0.1853240558
0.2816370000	0.1885350067
0.2823500000	0.1920536834
0.2830630000	0.1957388840
0.2837760000	0.1992766631
0.2844890000	0.2032067668
0.2852020000	0.2072524976
0.2859150000	0.2111917289
0.2866280000	0.2155187564
0.2873410000	0.2202545768
0.2880540000	0.2247067399
0.2887670000	0.2297132326
0.2894800000	0.2350862151
0.2901930000	0.2400116654
0.2909060000	0.2458712426
0.2916190000	0.2518896062
0.2923320000	0.2576170892
0.2930450000	0.2643327893
0.2937580000	0.2713742451
0.2944710000	0.2780290233
0.2951840000	0.2858196485
0.2958970000	0.2931046270
0.2966100000	0.3018529183
0.2973220000	0.3109552800
0.2980350000	0.3197247809
0.2987480000	0.3299434651
0.2994610000	0.3406610662
0.3001740000	0.3512553281
0.3008870000	0.3632915645
0.3016000000	0.3751593986
0.3023130000	0.3890434094
0.3030260000	0.4035966549
0.3037390000	0.4181954791
0.3044520000	0.4347468668
0.3051650000	0.4529542218
0.3058780000	0.4710084978
0.3065910000	0.4916497261
0.3073040000	0.5123242648
0.3080170000	0.5364595689
0.3087300000	0.5629479411
0.3094430000	0.5891101625
0.3101560000	0.6201805219
0.3108690000	0.6516440869
0.3115820000	0.6885550362
0.3122950000	0.7297005270
0.3130080000	0.7710864151
0.3137210000	0.8207846269
0.3144330000	0.8714877885
0.3151460000	0.9320465412
0.3158590000	1.0001469180
0.3165720000	1.0707943587
0.3172850000	1.1569480148
0.3179980000	1.2455782453
0.3187110000	1.3549928772
0.3194240000	1.4786275448
0.3201370000	1.6137004784
0.3208500000	1.7777356779
0.3215630000	1.9558574928
0.3222760000	2.1779208677
0.3229890000	2.4395488149
0.3237020000	2.7307085312
0.3244150000	3.0921849378
0.3251280000	3.5011796930
0.3258410000	4.0109534712
0.3265540000	4.5764481580
0.3272670000	5.2656071224
0.3279800000	6.0170839684
0.3286930000	6.5909719792
0.3294060000	6.7522559139
0.3301190000	5.1981890100
0.3351090000	0.9033175548
0.3358220000	6.6767035840
0.3365350000	7.8207821367
0.3372480000	7.3807463330
0.3379610000	6.4466287439
0.3386740000	5.5314565094
0.3393870000	4.7012636581
0.3401000000	4.0109737931
0.3408130000	3.4402860647
0.3415260000	2.9688541653
0.3422390000	2.5829292091
0.3429520000	2.2616095825
0.3436650000	1.9915683597
0.3443780000	1.7685019438
0.3450910000	1.5784772028
0.3458040000	1.4143174521
0.3465170000	1.2768314808
0.3472300000	1.1555425633
0.3479430000	1.0515183924
0.3486560000	0.9592165959
0.3493680000	0.8807712487
0.3500810000	0.8112831139
0.3507940000	0.7475218436
0.3515070000	0.6935128770
0.3522200000	0.6427727400
0.3529330000	0.5991575844
0.3536460000	0.5589389403
0.3543590000	0.5232534026
0.3550720000	0.4913759422
0.3557850000	0.4614461265
0.3564980000	0.4351037858
0.3572110000	0.4096474964
0.3579240000	0.3881228319
0.3586370000	0.3678919701
0.3593500000	0.3483905992
0.3600630000	0.3317400522
0.3607760000	0.3150052772
0.3614890000	0.3005288890
0.3622020000	0.2860541366
0.3629150000	0.2740743458
0.3636280000	0.2624684211
0.3643410000	0.2509169781
0.3650540000	0.2412191859
0.3657670000	0.2311422487
0.3664790000	0.2224300067
0.3671920000	0.2145442502
0.3679050000	0.2062400085
0.3686180000	0.1990710992
0.3693310000	0.1917038357
0.3700440000	0.1856172180
0.3707570000	0.1797298218
0.3714700000	0.1735031415
0.3721830000	0.1684696976
0.3728960000	0.1629348232
0.3736090000	0.1582597237
0.3743220000	0.1538376716
0.3750350000	0.1493116145
0.3757480000	0.1453590524
0.3764610000	0.1416034566
0.3771740000	0.1377061816
0.3778870000	0.1343185125
0.3786000000	0.1306470331
0.3793130000	0.1276041441
0.3800260000	0.1248460016
0.3807390000	0.1216747453
0.3814520000	0.1190272603
0.3821650000	0.1165229125
0.3828780000	0.1138963614
0.3835910000	0.1115766679
0.3843030000	0.1090285866
0.3850160000	0.1070607058
0.3857290000	0.1050880245
0.3864420000	0.1028320868
0.3871550000	0.1010198349
0.3878680000	0.0993899085
0.3885810000	0.0974189656
0.3892940000	0.0958208358
0.3900070000	0.0942816840
0.3907200000	0.0929037537
0.3914330000	0.0912097936
0.3921460000	0.0898682518
0.3928590000	0.0885442938
0.3935720000	0.0871263559
0.3942850000	0.0859328340
0.3949980000	0.0847810239
0.3957110000	0.0834148759
0.3964240000	0.0824478375
0.3971370000	0.0814054427
0.3978500000	0.0804282666
0.3985630000	0.0792304257
0.3992760000	0.0784056973
0.3999890000	0.0775168215
0.4007020000	0.0766740822
0.4014140000	0.0758538446
0.4021270000	0.0749151014
0.4028400000	0.0741534436
0.4035530000	0.0734319952
0.4042660000	0.0727098627
0.4049790000	0.0720955799
0.4056920000	0.0714406811
0.4064050000	0.0707956244
0.4071180000	0.0699896576
0.4078310000	0.0694499808
0.4085440000	0.0688885453
0.4092570000	0.0683272851
0.4099700000	0.0677940977
0.4106830000	0.0673355029
0.4113960000	0.0668294113
0.4121090000	0.0665187906
0.4128220000	0.0660527742
0.4135350000	0.0656005289
0.4142480000	0.0652172860
0.4149610000	0.0647959042
0.4156740000	0.0645382917
0.4163870000	0.0641458879
0.4171000000	0.0639687827
0.4178130000	0.0635973563
0.4185260000	0.0633919304
0.4192380000	0.0631947051
0.4199510000	0.0632060731
0.4206640000	0.0631882332
0.4213770000	0.0637692557
0.4220900000	0.0633983898
0.4228030000	0.0629515315
0.4235160000	0.0625539748
0.4242290000	0.0621235316
0.4249420000	0.0616934176
0.4256550000	0.0612786606
0.4263680000	0.0609195148
0.4270810000	0.0605193002
0.4277940000	0.0601350053
0.4285070000	0.0597539053
0.4292200000	0.0593885272
0.4299330000	0.0590625750
0.4306460000	0.0587134484
0.4313590000	0.0583736819
0.4320720000	0.0580407801
0.4327850000	0.0577201575
0.4334980000	0.0574433972
0.4342110000	0.0571365088
0.4349240000	0.0568372921
0.4356370000	0.0565517701
0.4363490000	0.0563012538
0.4370620000	0.0560301680
0.4377750000	0.0557663691
0.4384880000	0.0555089672
0.4392010000	0.0552595351
0.4399140000	0.0550520893
0.4406270000	0.0548190645
0.4413400000	0.0545907402
0.4420530000	0.0543733670
0.4427660000	0.0541620346
0.4434790000	0.0539858334
0.4441920000	0.0537901116
0.4449050000	0.0535977769
0.4456180000	0.0534147213
0.4463310000	0.0532388903
0.4470440000	0.0530944818
0.4477570000	0.0529333035
0.4484700000	0.0527731380
0.4491830000	0.0526253831
0.4498960000	0.0524800694
0.4506090000	0.0523653138
0.4513220000	0.0522368206
0.4520350000	0.0521077485
0.4527480000	0.0519882945
0.4534600000	0.0518733709
0.4541730000	0.0517886585
0.4548860000	0.0516861765
0.4555990000	0.0515889279
0.4563120000	0.0514985155
0.4570250000	0.0514129332
0.4577380000	0.0513312134
0.4584510000	0.0512790349
0.4591640000	0.0512085681
0.4598770000	0.0511429205
0.4605900000	0.0510858049
0.4613030000	0.0510318971
0.4620160000	0.0510019728
0.4627290000	0.0509587915
0.4634420000	0.0509213722
0.4641550000	0.0508874230
0.4648680000	0.0508585025
0.4655810000	0.0508525740
0.4662940000	0.0508343062
0.4670070000	0.0508198762
0.4677200000	0.0508099561
0.4684330000	0.0508065128
0.4691460000	0.0508066796
0.4698590000	0.0508269021
0.4705720000	0.0508378086
0.4712840000	0.0508521599
0.4719970000	0.0508708775
0.4727100000	0.0508945055
0.4734230000	0.0509219324
0.4741360000	0.0509696486
0.4748490000	0.0510055412
0.4755620000	0.0510471548
0.4762750000	0.0510940327
0.4769880000	0.0511439638
0.4777010000	0.0512115757
0.4784140000	0.0512713954
0.4791270000	0.0513347664
0.4798400000	0.0514018252
0.4805530000	0.0514745622
0.4812660000	0.0515518995
0.4819790000	0.0516439416
0.4826920000	0.0517298410
0.4834050000	0.0518193404
0.4841180000	0.0519133034
0.4848310000	0.0520122148
0.4855440000	0.0521151452
0.4862570000	0.0522317489
0.4869700000	0.0523440191
0.4876830000	0.0524594458
0.4883950000	0.0525798098
0.4891080000	0.0527043739
0.4898210000	0.0528337638
0.4905340000	0.0529750877
0.4912470000	0.0531129815
0.4919600000	0.0532552469
0.4926730000	0.0534013327
0.4933860000	0.0535528645
0.4940990000	0.0537084405
0.4948120000	0.0538748836
0.4955250000	0.0540397560
0.4962380000	0.0542088771
0.4969510000	0.0543823642
0.4976640000	0.0545616736
0.4983770000	0.0547449287
0.4990900000	0.0549377845
0.4998030000	0.0551308127
0.5005160000	0.0553278833
0.5012290000	0.0555299813
0.5019420000	0.0557373178
0.5026550000	0.0559492553
0.5033680000	0.0561661216
0.5040810000	0.0563910260
0.5047940000	0.0566174877
0.5055070000	0.0568491124
0.5062190000	0.0570859317
0.5069320000	0.0573277638
0.5076450000	0.0575746329
0.5083580000	0.0578285186
0.5090710000	0.0580858552
0.5097840000	0.0583482409
0.5104970000	0.0586163839
0.5112100000	0.0588896294
0.5119230000	0.0591689309
0.5126360000	0.0594533396
0.5133490000	0.0597433210
0.5140620000	0.0600390021
0.5147750000	0.0603401637
0.5154880000	0.0606475399
0.5162010000	0.0609603958
0.5169140000	0.0612797212
0.5176270000	0.0616032673
0.5183400000	0.0619340822
0.5190530000	0.0622712411
0.5197660000	0.0626150830
0.5204790000	0.0629651941
0.5211920000	0.0633214433
0.5219050000	0.0636845010
0.5226180000	0.0640506614
0.5233300000	0.0644273265
0.5240430000	0.0648099942
0.5247560000	0.0652002617
0.5254690000	0.0655971961
0.5261820000	0.0660017194
0.5268950000	0.0664138300
0.5276080000	0.0668269220
0.5283210000	0.0672530040
0.5290340000	0.0676872960
0.5297470000	0.0681294439
0.5304600000	0.0685791918
0.5311730000	0.0690366999
0.5318860000	0.0695028341
0.5325990000	0.0699695910
0.5333120000	0.0704517872
0.5340250000	0.0709431634
0.5347380000	0.0714432584
0.5354510000	0.0719516343
0.5361640000	0.0724700161
0.5368770000	0.0729985231
0.5375900000	0.0735239609
0.5383030000	0.0740694110
0.5390160000	0.0746262969
0.5397290000	0.0751917744
0.5404410000	0.0757678246
0.5411540000	0.0763545948
0.5418670000	0.0769510170
0.5425800000	0.0775465040
0.5432930000	0.0781649788
0.5440060000	0.0787944740
0.5447190000	0.0794349248
0.5454320000	0.0800887503
0.5461450000	0.0807530103
0.5468580000	0.0814308021
0.5475710000	0.0821197504
0.5482840000	0.0828052173
0.5489970000	0.0835197866
0.5497100000	0.0842482058
0.5504230000	0.0849903961
0.5511360000	0.0857452379
0.5518490000	0.0865142710
0.5525620000	0.0872989942
0.5532750000	0.0880782035
0.5539880000	0.0888914556
0.5547010000	0.0897203129
0.5554140000	0.0905647615
0.5561270000	0.0914258865
0.5568400000	0.0923035290
0.5575530000	0.0931972750
0.5582650000	0.0941097919
0.5589780000	0.0950150112
0.5596910000	0.0959617346
0.5604040000	0.0969271389
0.5611170000	0.0979130340
0.5618300000	0.0989182272
0.5625430000	0.0999403044
0.5632560000	0.1009857120
0.5639690000	0.1020529907
0.5646820000	0.1031110320
0.5653950000	0.1042198943
0.5661080000	0.1053519430
0.5668210000	0.1065055008
0.5675340000	0.1076857332
0.5682470000	0.1088879535
0.5689600000	0.1101172487
0.5696730000	0.1113714207
0.5703860000	0.1126178464
0.5710990000	0.1139249528
0.5718120000	0.1152601888
0.5725250000	0.1166248709
0.5732380000	0.1180190219
0.5739510000	0.1194410649
0.5746640000	0.1208953398
0.5753760000	0.1223853614
0.5760890000	0.1238631131
0.5768020000	0.1254157634
0.5775150000	0.1270026440
0.5782280000	0.1286277346
0.5789410000	0.1302911593
0.5796540000	0.1319883447
0.5803670000	0.1337266056
0.5810800000	0.1355065792
0.5817930000	0.1373271564
0.5825060000	0.1391413124
0.5832190000	0.1410472664
0.5839320000	0.1430011505
0.5846450000	0.1449999152
0.5853580000	0.1470481472
0.5860710000	0.1491466048
0.5867840000	0.1512970148
0.5874970000	0.1535019095
0.5882100000	0.1556995842
0.5889230000	0.1580131235
0.5896360000	0.1603854382
0.5903490000	0.1628209656
0.5910620000	0.1653224825
0.5917750000	0.1678819150
0.5924870000	0.1705109531
0.5932000000	0.1732119785
0.5939130000	0.1759861948
0.5946260000	0.1787577899
0.5953390000	0.1816788091
0.5960520000	0.1846827114
0.5967650000	0.1877672503
0.5974780000	0.1909399089
0.5981910000	0.1942000702
0.5989040000	0.1975580772
0.5996170000	0.2010090569
0.6003300000	0.2045617697
0.6010430000	0.2081207630
0.6017560000	0.2118818317
0.6024690000	0.2157535592
0.6031820000	0.2197450766
0.6038950000	0.2238616502
0.6046080000	0.2280933652
0.6053210000	0.2324623412
0.6060340000	0.2369710501
0.6067470000	0.2416251063
0.6074600000	0.2463024604
0.6081730000	0.2512521515
0.6088860000	0.2563632690
0.6095990000	0.2616396578
0.6103110000	0.2671081131
0.6110240000	0.2727504103
0.6117370000	0.2785864884
0.6124500000	0.2846251420
0.6131630000	0.2908763017
0.6138760000	0.2971908646
0.6145890000	0.3038906635
0.6153020000	0.3108265580
0.6160150000	0.3180297444
0.6167280000	0.3254917286
0.6174410000	0.3332419607
0.6181540000	0.3412707705
0.6188670000	0.3496292564
0.6195800000	0.3583060989
0.6202930000	0.3673257239
0.6210060000	0.3764980019
0.6217190000	0.3862544162
0.6224320000	0.3964019374
0.6231450000	0.4069881007
0.6238580000	0.4180282333
0.6245710000	0.4295336330
0.6252840000	0.4415410045
0.6259970000	0.4540723737
0.6267100000	0.4671846996
0.6274220000	0.4808861036
0.6281350000	0.4949098126
0.6288480000	0.5099200219
0.6295610000	0.5256365210
0.6302740000	0.5421127195
0.6309870000	0.5594070582
0.6317000000	0.5775553121
0.6324130000	0.5966475898
0.6331260000	0.6167346509
0.6338390000	0.6378659043
0.6345520000	0.6601496694
0.6352650000	0.6831967385
0.6359780000	0.7079827062
0.6366910000	0.7341607791
0.6374040000	0.7618837116
0.6381170000	0.7912412833
0.6388300000	0.8223682889
0.6395430000	0.8553697514
0.6402560000	0.8904784175
0.6409690000	0.9278436422
0.6416820000	0.9676570223
0.6423950000	1.0093884911
0.6431080000	1.0547375417
0.6438210000	1.1032161357
0.6445340000	1.1552429831
0.6452460000	1.2110427864
0.6459590000	1.2710453804
0.6466720000	1.3356815249
0.6473850000	1.4054541241
0.6480980000	1.4809166321
0.6488110000	1.5626900937
0.6495240000	1.6501855564
0.6502370000	1.7467029651
0.6509500000	1.8520590192
0.6516630000	1.9673326125
0.6523760000	2.0937603941
0.6530890000	2.2329096971
0.6538020000	2.3863729735
0.6545150000	2.5562986374
0.6552280000	2.7451295466
0.6559410000	2.9557055679
0.6566540000	3.1915110800
0.6573670000	3.4535279575
0.6580800000	3.7527011743
0.6587930000	4.0923010577
0.6595060000	4.4800386457
0.6602190000	4.9251341621
0.6609320000	5.4396900303
0.6616450000	6.0382437233
0.6623570000	6.7396266953
0.6630700000	7.5689136525
0.6637830000	8.5583576511
0.6644960000	9.7499299778
0.6652090000	11.1876081644
0.6659220000	12.9740889246
0.6666350000	15.2052483339
0.6673480000	18.0335464978
0.6680610000	21.6730397846
0.6687740000	26.4323931780
0.6694870000	32.7549641137
0.6702000000	41.2647808335
0.6709130000	52.7803136634
0.6716260000	68.1700228225
0.6723390000	87.6778580793
0.6730520000	109.1722176832
0.6737650000	126.2521031500
0.6744780000	129.8767413583
0.6751910000	117.6707562720
0.6759040000	96.9141596633
0.6766170000	75.9776979266
0.6773300000	58.7219965926
0.6780430000	45.6176026836
0.6787560000	35.9181553604
0.6794680000	28.7453843769
0.6801810000	23.3838763719
0.6808940000	19.3162147080
0.6816070000	16.1857489809
0.6823200000	13.7258969527
0.6830330000	11.7702969505
0.6837460000	10.1938153556
0.6844590000	8.9069193946
0.6851720000	7.8440972589
0.6858850000	6.9575002393
0.6865980000	6.2107074130
0.6873110000	5.5761343690
0.6880240000	5.0328775996
0.6887370000	4.5643264835
0.6894500000	4.1570712901
0.6901630000	3.8017689584
0.6908760000	3.4896975358
0.6915890000	3.2141767192
0.6923020000	2.9697878954
0.6930150000	2.7519780239
0.6937280000	2.5572054112
0.6944410000	2.3822207875
0.6951540000	2.2245146909
0.6958670000	2.0818637688
0.6965800000	1.9524538062
0.6972920000	1.8347416155
0.6980050000	1.7267332396
0.6987180000	1.6284165965
0.6994310000	1.5382173755
0.7001440000	1.4552505295
0.7008570000	1.3788577044
0.7015700000	1.3082982641
0.7022830000	1.2430329428
0.7029960000	1.1825092503
0.7037090000	1.1262758899
0.7044220000	1.0739902925
0.7051350000	1.0252524402
0.7058480000	0.9797544626
0.7065610000	0.9372185284
0.7072740000	0.8970100570
0.7079870000	0.8596922982
0.7087000000	0.8246556915
0.7094130000	0.7917245078
0.7101260000	0.7607192280
0.7108390000	0.7315322261
0.7115520000	0.7039708024
0.7122650000	0.6779604810
0.7129780000	0.6533837833
0.7136910000	0.6301117153
0.7144030000	0.6080612526
0.7151160000	0.5871373474
0.7158290000	0.5673085355
0.7165420000	0.5482481747
0.7172550000	0.5303413037
0.7179680000	0.5132996685
0.7186810000	0.4970703125
0.7193940000	0.4816262377
0.7201070000	0.4669013285
0.7208200000	0.4528418853
0.7215330000	0.4393936700
0.7222460000	0.4265599768
0.7229590000	0.4142717517
0.7236720000	0.4025287265
0.7243850000	0.3912912452
0.7250980000	0.3805264240
0.7258110000	0.3700231276
0.7265240000	0.3601176052
0.7272370000	0.3506105324
0.7279500000	0.3414941669
0.7286630000	0.3327260710
0.7293760000	0.3242973149
0.7300890000	0.3161869314
0.7308020000	0.3083772239
0.7315150000	0.3008689974
0.7322270000	0.2936464250
0.7329400000	0.2866829072
0.7336530000	0.2799583578
0.7343660000	0.2734882936
0.7350790000	0.2671293135
0.7357920000	0.2610996758
0.7365050000	0.2552825503
0.7372180000	0.2496640429
0.7379310000	0.2442307029
0.7386440000	0.2389574346
0.7393570000	0.2338863238
0.7400700000	0.2289780166
0.7407830000	0.2242232927
0.7414960000	0.2196207291
0.7422090000	0.2151657768
0.7429220000	0.2108527131
0.7436350000	0.2066699807
0.7443480000	0.2026149810
0.7450610000	0.1986214780
0.7457740000	0.1948053703
0.7464870000	0.1911060880
0.7472000000	0.1875053649
0.7479130000	0.1840260595
0.7486260000	0.1806462541
0.7493380000	0.1773700039
0.7500510000	0.1741760367
0.7507640000	0.1710797608
0.7514770000	0.1680651153
0.7521900000	0.1651382068
0.7529030000	0.1622959706
0.7536160000	0.1595305098
0.7543290000	0.1568336742
0.7550420000	0.1541655340
0.7557550000	0.1516038302
0.7564680000	0.1491212121
0.7571810000	0.1467017496
0.7578940000	0.1443525737
0.7586070000	0.1420573645
0.7593200000	0.1398211168
0.7600330000	0.1376390314
0.7607460000	0.1355136902
0.7614590000	0.1334546241
0.7621720000	0.1314399054
0.7628850000	0.1294669144
0.7635980000	0.1275468344
0.7643110000	0.1256621606
0.7650240000	0.1238251278
0.7657370000	0.1220370285
0.7664490000	0.1203012634
0.7671620000	0.1186023429
0.7678750000	0.1169417504
0.7685880000	0.1153232617
0.7693010000	0.1137440837
0.7700140000	0.1121987109
0.7707270000	0.1106901227
0.7714400000	0.1092242568
0.7721530000	0.1077807987
0.7728660000	0.1063623880
0.7735790000	0.1049882218
0.7742920000	0.1036398638
0.7750050000	0.1023329987
0.7757180000	0.1010507172
0.7764310000	0.0997933408
0.7771440000	0.0985672038
0.7778570000	0.0973626867
0.7785700000	0.0961931460
0.7792830000	0.0950412882
0.7799960000	0.0939161419
0.7807090000	0.0928175871
0.7814220000	0.0917427974
0.7821350000	0.0906794083
0.7828480000	0.0896509516
0.7835610000	0.0886389908
0.7842730000	0.0876557368
0.7849860000	0.0866935224
0.7856990000	0.0857474267
0.7864120000	0.0848484199
0.7871250000	0.0839432132
0.7878380000	0.0830549195
0.7885510000	0.0821915069
0.7892640000	0.0813415128
0.7899770000	0.0805112576
0.7906900000	0.0796959482
0.7914030000	0.0788846791
0.7921160000	0.0781095840
0.7928290000	0.0773460981
0.7935420000	0.0765962695
0.7942550000	0.0758635052
0.7949680000	0.0751564584
0.7956810000	0.0744513012
0.7963940000	0.0737630938
0.7971070000	0.0730944525
0.7978200000	0.0724900408
0.7985330000	0.0718490437
0.7992460000	0.0712185341
0.7999590000	0.0706048883
0.8006720000	0.0699906730
0.8013840000	0.0694004596
0.8020970000	0.0688204515
0.8028100000	0.0682583965
0.8035230000	0.0677051053
0.8042360000	0.0671725246
0.8049490000	0.0666473776
0.8056620000	0.0661334471
0.8063750000	0.0656324144
0.8070880000	0.0651405365
0.8078010000	0.0646608687
0.8085140000	0.0641893923
0.8092270000	0.0638234726
0.8099400000	0.0633629394
0.8106530000	0.0629166246
0.8113660000	0.0624899070
0.8120790000	0.0620732344
0.8127920000	0.0616631734
0.8135050000	0.0612717930
0.8142180000	0.0608881055
0.8149310000	0.0605114917
0.8156440000	0.0601540284
0.8163570000	0.0598010653
0.8170700000	0.0594651266
0.8177830000	0.0591331508
0.8184950000	0.0588112026
0.8192080000	0.0585046350
0.8199210000	0.0581981419
0.8206340000	0.0579109291
0.8213470000	0.0577698332
0.8220600000	0.0575045323
0.8227730000	0.0572475943
0.8234860000	0.0570096612
0.8241990000	0.0567752295
0.8249120000	0.0565607699
0.8256250000	0.0563517838
0.8263380000	0.0561491653
0.8270510000	0.0559647559
0.8277640000	0.0558005981
0.8284770000	0.0556410630
0.8291900000	0.0554861138
0.8299030000	0.0553318508
0.8306160000	0.0552083685
0.8313290000	0.0551003188
0.8320420000	0.0549951572
0.8327550000	0.0550984786
0.8334680000	0.0550251835
0.8341810000	0.0549694900
0.8348940000	0.0549351562
0.8356070000	0.0549079015
0.8363190000	0.0548816165
0.8370320000	0.0548933248
0.8377450000	0.0548972406
0.8384580000	0.0549150357
0.8391710000	0.0549822302
0.8398840000	0.0550115287
0.8405970000	0.0551014586
0.8413100000	0.0551976806
0.8420230000	0.0553108489
0.8427360000	0.0554536234
0.8434490000	0.0556074028
0.8441620000	0.0557801111
0.8448750000	0.0559801546
0.8455880000	0.0565292770
0.8463010000	0.0567701441
0.8470140000	0.0570442316
0.8477270000	0.0573378383
0.8484400000	0.0576518526
0.8491530000	0.0579922978
0.8498660000	0.0583514113
0.8505790000	0.0587199828
0.8512920000	0.0591764456
0.8520050000	0.0596410769
0.8527180000	0.0601343871
0.8534300000	0.0606722654
0.8541430000	0.0612170180
0.8548560000	0.0618603217
0.8555690000	0.0625069867
0.8562820000	0.0632070184
0.8569950000	0.0639331876
0.8577080000	0.0651751407
0.8584210000	0.0660097945
0.8591340000	0.0669107510
0.8598470000	0.0678834529
0.8605600000	0.0689370517
0.8612730000	0.0700240623
0.8619860000	0.0713123506
0.8626990000	0.0727529493
0.8634120000	0.0743656577
0.8641250000	0.0762650976
0.8648380000	0.0785238542
0.8655510000	0.0811223119
0.8662640000	0.0842367468
0.8669770000	0.0876545077
0.8676900000	0.0910465180
0.8684030000	0.0939742462
0.8691160000	0.1004154490
0.8698290000	0.1023268783
0.8705420000	0.0979894830
0.8712540000	0.0836552491
0.8719670000	0.0614329795
0.8726800000	0.0425536170
0.8733930000	0.0247745229
0.8741060000	0.0082487040
0.8826620000	0.1983174158
0.8833750000	0.7091720749
0.8840880000	0.9827079288
0.8848010000	1.1010921035
0.8855140000	1.0791183211
0.8862270000	0.9992487572
0.8869400000	0.8972803109
0.8876530000	0.7926779477
0.8883650000	0.6948795219
0.8890780000	0.6077349154
0.8897910000	0.5320503586
0.8905040000	0.4669668747
0.8912170000	0.4113589983
0.8919300000	0.3640766715
0.8926430000	0.3238818485
0.8933560000	0.2893898565
0.8940690000	0.2597951964
0.8947820000	0.2343680580
0.8954950000	0.2123691495
0.8962080000	0.1933216204
0.8969210000	0.1767137418
0.8976340000	0.1621927119
0.8983470000	0.1527817650
0.8990600000	0.1412609010
0.8997730000	0.1310562350
0.9004860000	0.1219915080
0.9011990000	0.1139239818
0.9019120000	0.1066711688
0.9026250000	0.1001799507
0.9033380000	0.0943310973
0.9040510000	0.0890691135
0.9047640000	0.0842935407
0.9054760000	0.0799564199
0.9061890000	0.0760183756
0.9069020000	0.0724044894
0.9076150000	0.0691049039
0.9083280000	0.0660806162
0.9090410000	0.0633020596
0.9097540000	0.0607544796
0.9104670000	0.0583910285
0.9111800000	0.0562107344
0.9118930000	0.0541828050
0.9126060000	0.0531727247
0.9133190000	0.0513944268
0.9140320000	0.0497278819
0.9147450000	0.0481759796
0.9154580000	0.0467442241
0.9161710000	0.0453846462
0.9168840000	0.0441127084
0.9175970000	0.0429219262
0.9183100000	0.0418089920
0.9190230000	0.0407587180
0.9197360000	0.0397580257
0.9204490000	0.0388294323
0.9211620000	0.0379553414
0.9218750000	0.0371313785
0.9225880000	0.0363510374
0.9233000000	0.0356067701
0.9240130000	0.0349092682
0.9247260000	0.0342392467
0.9254390000	0.0336052602
0.9261520000	0.0330029382
0.9268650000	0.0324326599
0.9275780000	0.0322356070
0.9282910000	0.0317070684
0.9290040000	0.0311990593
0.9297170000	0.0307135550
0.9304300000	0.0302582669
0.9311430000	0.0298151413
0.9318560000	0.0293869061
0.9325690000	0.0289840910
0.9332820000	0.0286013254
0.9339950000	0.0282318325
0.9347080000	0.0278782405
0.9354210000	0.0275398361
0.9361340000	0.0272166923
0.9368470000	0.0269064881
0.9375600000	0.0266057452
0.9382730000	0.0263167830
0.9389860000	0.0260397456
0.9396990000	0.0257746694
0.9404110000	0.0255174982
0.9411240000	0.0252706303
0.9418370000	0.0250333689
0.9425500000	0.0248066148
0.9432630000	0.0247581180
0.9439760000	0.0245398844
0.9446890000	0.0243256523
0.9454020000	0.0241237248
0.9461150000	0.0239297012
0.9468280000	0.0237409249
0.9475410000	0.0235586384
0.9482540000	0.0233818974
0.9489670000	0.0232132353
0.9496800000	0.0230484668
0.9503930000	0.0228897175
0.9511060000	0.0227374555
0.9518190000	0.0225903789
0.9525320000	0.0224481127
0.9532450000	0.0223100566
0.9539580000	0.0221762025
0.9546710000	0.0220472217
0.9553840000	0.0219232497
0.9560970000	0.0218016192
0.9568100000	0.0216850042
0.9575230000	0.0215712179
0.9582350000	0.0214604226
0.9589480000	0.0214546738
0.9596610000	0.0213501233
0.9603740000	0.0212484508
0.9610870000	0.0211507380
0.9618000000	0.0210575600
0.9625130000	0.0209667231
0.9632260000	0.0208783833
0.9639390000	0.0207933768
0.9646520000	0.0207120856
0.9653650000	0.0206323273
0.9660780000	0.0205560257
0.9667910000	0.0204827437
0.9675040000	0.0204121912
0.9682170000	0.0203450855
0.9689300000	0.0202795071
0.9696430000	0.0202164742
0.9703560000	0.0201555577
0.9710690000	0.0200974208
0.9717820000	0.0200412197
0.9724950000	0.0199875791
0.9732080000	0.0199364722
0.9739210000	0.0198875777
0.9746340000	0.0198413959
0.9753460000	0.0198581807
0.9760590000	0.0198145691
0.9767720000	0.0197731584
0.9774850000	0.0197336795
0.9781980000	0.0196968489
0.9789110000	0.0196617216
0.9796240000	0.0196282069
0.9803370000	0.0195970967
0.9810500000	0.0195677529
0.9817630000	0.0195407168
0.9824760000	0.0195153210
0.9831890000	0.0194919137
0.9839020000	0.0194702609
0.9846150000	0.0194504140
0.9853280000	0.0194322859
0.9860410000	0.0194149781
0.9867540000	0.0193992130
0.9874670000	0.0193846823
0.9881800000	0.0193719934
0.9888930000	0.0193594837
0.9896060000	0.0193477697
0.9903190000	0.0193362235
0.9910320000	0.0193245604
0.9917450000	0.0193122861
0.9924570000	0.0193364302
0.9931700000	0.0193190893
0.9938830000	0.0192982061
0.9945960000	0.0192720581
0.9953090000	0.0192386975
0.9960220000	0.0191949181
0.9967350000	0.0191379424
0.9974480000	0.0190626108
0.9981610000	0.0189639001
0.9988740000	0.0188366887
0.9995870000	0.0186733670
1.0003000000	0.0184615364
1.0010100000	0.0182199855
1.0017300000	0.0179586772
1.0024400000	0.0177186623
1.0031500000	0.0175731432
1.0038600000	0.0176211519
1.0045800000	0.0179494161
1.0052900000	0.0185583679
1.0060000000	0.0193330749
1.0067200000	0.0200929427
1.0074300000	0.0206946438
1.0081400000	0.0210869964
1.0088600000	0.0213026423
1.0095700000	0.0213980972
1.0102800000	0.0214523960
1.0109900000	0.0214534172
1.0117100000	0.0214514642
1.0124200000	0.0214586471
1.0131300000	0.0214815359
1.0138500000	0.0215211270
1.0145600000	0.0215783018
1.0152700000	0.0216542144
1.0159900000	0.0217434394
1.0167000000	0.0218482870
1.0174100000	0.0219674124
1.0181200000	0.0221008380
1.0188400000	0.0222478644
1.0195500000	0.0224083501
1.0202600000	0.0225827823
1.0209800000	0.0227709445
1.0216900000	0.0229734760
1.0224000000	0.0231907275
1.0231100000	0.0234236479
1.0238300000	0.0236728746
1.0245400000	0.0239393506
1.0252500000	0.0242243206
1.0259700000	0.0245290674
1.0266800000	0.0248549969
1.0273900000	0.0252039595
1.0281100000	0.0255969992
1.0288200000	0.0259972074
1.0295300000	0.0264266752
1.0302400000	0.0268879656
1.0309600000	0.0273834703
1.0316700000	0.0279181536
1.0323800000	0.0284949136
1.0331000000	0.0291181942
1.0338100000	0.0297931214
1.0345200000	0.0305252191
1.0352400000	0.0313211486
1.0359500000	0.0321881433
1.0366600000	0.0331349969
1.0373700000	0.0341713940
1.0380900000	0.0353088842
1.0388000000	0.0365606709
1.0395100000	0.0379425804
1.0402300000	0.0394728056
1.0409400000	0.0411728099
1.0416500000	0.0430681148
1.0423600000	0.0451889297
1.0430800000	0.0475711063
1.0437900000	0.0502579488
1.0445000000	0.0533017969
1.0452200000	0.0567652919
1.0459300000	0.0607246808
1.0466400000	0.0652701472
1.0473600000	0.0705414998
1.0480700000	0.0766319909
1.0487800000	0.0837307002
1.0494900000	0.0920413476
1.0502100000	0.1018072567
1.0509200000	0.1133134920
1.0516300000	0.1268794476
1.0523500000	0.1428385741
1.0530600000	0.1614835303
1.0537700000	0.1829620522
1.0544800000	0.2070940930
1.0552000000	0.2330998259
1.0559100000	0.2592843989
1.0566200000	0.2828685780
1.0573400000	0.3002763996
1.0580500000	0.3081280668
1.0587600000	0.3046467574
1.0594800000	0.2905571630
1.0601900000	0.2687199174
1.0609000000	0.2428237226
1.0616100000	0.2161083318
1.0623300000	0.1907586376
1.0630400000	0.1679230549
1.0637500000	0.1479878211
1.0644700000	0.1309063440
1.0651800000	0.1164134241
1.0658900000	0.1041687385
1.0666100000	0.0938233216
1.0673200000	0.0850792581
1.0680300000	0.0776605218
1.0687400000	0.0713413512
1.0694600000	0.0659349462
1.0701700000	0.0612882761
1.0708800000	0.0572762203
1.0716000000	0.0537964802
1.0723100000	0.0507653356
1.0730200000	0.0481138788
1.0737300000	0.0457854230
1.0744500000	0.0437330646
1.0751600000	0.0419179527
1.0758700000	0.0403072754
1.0765900000	0.0388739957
1.0773000000	0.0375950636
1.0780100000	0.0364510008
1.0787300000	0.0354252802
1.0794400000	0.0345039252
1.0801500000	0.0336748875
1.0808600000	0.0329276894
1.0815800000	0.0322532974
1.0822900000	0.0316439077
1.0830000000	0.0310930854
1.0837200000	0.0305947493
1.0844300000	0.0301400679
1.0851400000	0.0297293745
1.0858600000	0.0293612140
1.0865700000	0.0290319002
1.0872800000	0.0287314639
1.0879900000	0.0284692482
1.0887100000	0.0282363054
1.0894200000	0.0280302114
1.0901300000	0.0278488098
1.0908500000	0.0276901391
1.0915600000	0.0275525030
1.0922700000	0.0274344003
1.0929800000	0.0273342902
1.0937000000	0.0272511725
1.0944100000	0.0271835941
1.0951200000	0.0271308560
1.0958400000	0.0270919472
1.0965500000	0.0270665159
1.0972600000	0.0270531049
1.0979800000	0.0270513181
1.0986900000	0.0270606412
1.0994000000	0.0270806066
1.1001100000	0.0271106603
1.1008300000	0.0271502724
1.1015400000	0.0271991413
1.1022500000	0.0272567408
1.1029700000	0.0273231366
1.1036800000	0.0273977126
1.1043900000	0.0274803353
1.1051100000	0.0275706339
1.1058200000	0.0276684420
1.1065300000	0.0277736410
1.1072400000	0.0278742888
1.1079600000	0.0279936186
1.1086700000	0.0281198748
1.1093800000	0.0282530222
1.1101000000	0.0283928475
1.1108100000	0.0285391746
1.1115200000	0.0286922173
1.1122300000	0.0288517506
1.1129500000	0.0290176768
1.1136600000	0.0291907954
1.1143700000	0.0293693965
1.1150900000	0.0295547034
1.1158000000	0.0297462852
1.1165100000	0.0299443744
1.1172300000	0.0301486725
1.1179400000	0.0303595909
1.1186500000	0.0305768744
1.1193600000	0.0308005245
1.1200800000	0.0310308038
1.1207900000	0.0312678361
1.1215000000	0.0315116483
1.1222200000	0.0317620817
1.1229300000	0.0320191475
1.1236400000	0.0322834740
1.1243500000	0.0325548474
1.1250700000	0.0328331965
1.1257800000	0.0331187440
1.1264900000	0.0334115110
1.1272100000	0.0337116830
1.1279200000	0.0339980118
1.1286300000	0.0343133884
1.1293500000	0.0346363577
1.1300600000	0.0349676530
1.1307700000	0.0353080051
1.1314800000	0.0356554382
1.1322000000	0.0360115731
1.1329100000	0.0363766257
1.1336200000	0.0367506214
1.1343400000	0.0371335368
1.1350500000	0.0375261465
1.1357600000	0.0379277833
1.1364800000	0.0383397252
1.1371900000	0.0387610611
1.1379000000	0.0391931088
1.1386100000	0.0396358606
1.1393300000	0.0400889951
1.1400400000	0.0405535779
1.1407500000	0.0410294854
1.1414700000	0.0415171412
1.1421800000	0.0420170383
1.1428900000	0.0425294271
1.1436000000	0.0430543334
1.1443200000	0.0435921943
1.1450300000	0.0441439667
1.1457400000	0.0447095252
1.1464600000	0.0452891868
1.1471700000	0.0458838172
1.1478800000	0.0464934778
1.1486000000	0.0471182932
1.1493100000	0.0477201827
1.1500200000	0.0483778326
1.1507300000	0.0490523467
1.1514500000	0.0497450605
1.1521600000	0.0504561343
1.1528700000	0.0511854621
1.1535900000	0.0519345093
1.1543000000	0.0527044601
1.1550100000	0.0534952140
1.1557300000	0.0543073859
1.1564400000	0.0551422864
1.1571500000	0.0559999783
1.1578600000	0.0568820656
1.1585800000	0.0577887741
1.1592900000	0.0587210038
1.1600000000	0.0596805602
1.1607200000	0.0606680672
1.1614300000	0.0616840124
1.1621400000	0.0627295002
1.1628500000	0.0638064868
1.1635700000	0.0649164400
1.1642800000	0.0660596868
1.1649900000	0.0672376297
1.1657100000	0.0684519795
1.1664200000	0.0697035018
1.1671300000	0.0709955215
1.1678500000	0.0723308100
1.1685600000	0.0737055726
1.1692700000	0.0751257436
1.1699800000	0.0765912848
1.1707000000	0.0781052343
1.1714100000	0.0796698678
1.1721200000	0.0811945476
1.1728400000	0.0828650176
1.1735500000	0.0845928234
1.1742600000	0.0863812894
1.1749700000	0.0882321299
1.1756900000	0.0901478931
1.1764000000	0.0921330421
1.1771100000	0.0941917703
1.1778300000	0.0963264885
1.1785400000	0.0985407053
1.1792500000	0.1008388302
1.1799700000	0.1032236282
1.1806800000	0.1057021354
1.1813900000	0.1082768812
1.1821000000	0.1109541399
1.1828200000	0.1137396984
1.1835300000	0.1166394023
1.1842400000	0.1196583999
1.1849600000	0.1228032404
1.1856700000	0.1260813008
1.1863800000	0.1295023969
1.1871000000	0.1330794719
1.1878100000	0.1368090646
1.1885200000	0.1407053741
1.1892300000	0.1447796602
1.1899500000	0.1490431423
1.1906600000	0.1535079745
1.1913700000	0.1581874604
1.1920900000	0.1630923538
1.1928000000	0.1682383082
1.1935100000	0.1736443140
1.1942200000	0.1793237801
1.1949400000	0.1850247146
1.1956500000	0.1913053992
1.1963600000	0.1979258042
1.1970800000	0.2049069540
1.1977900000	0.2122764790
1.1985000000	0.2200652980
1.1992200000	0.2282996832
1.1999300000	0.2370216101
1.2006400000	0.2462692185
1.2013500000	0.2560822208
1.2020700000	0.2665086400
1.2027800000	0.2776003630
1.2034900000	0.2894142475
1.2042100000	0.3020132428
1.2049200000	0.3154693636
1.2056300000	0.3298598921
1.2063500000	0.3452759840
1.2070600000	0.3618334634
1.2077700000	0.3796039213
1.2084800000	0.3987319760
1.2092000000	0.4193549277
1.2099100000	0.4416373195
1.2106200000	0.4657535312
1.2113400000	0.4919112607
1.2120500000	0.5203450578
1.2127600000	0.5513100895
1.2134700000	0.5851139194
1.2141900000	0.6221236620
1.2149000000	0.6627385006
1.2156100000	0.7074295185
1.2163300000	0.7567392065
1.2170400000	0.8113098059
1.2177500000	0.8719127150
1.2184700000	0.9394085394
1.2191800000	1.0126551801
1.2198900000	1.0971103015
1.2206000000	1.1922407948
1.2213200000	1.2998143716
1.2220300000	1.4219935567
1.2227400000	1.5613467706
1.2234600000	1.7209656050
1.2241700000	1.9046565800
1.2248800000	2.1170620183
1.2256000000	2.3637039557
1.2263100000	2.6512214220
1.2270200000	2.9875458086
1.2277300000	3.3821614216
1.2284500000	3.8449522139
1.2291600000	4.3871201882
1.2298700000	5.0185237990
1.2305900000	5.7451192143
1.2313000000	6.5640866418
1.2320100000	7.4558316425
1.2327200000	8.3745639539
1.2334400000	9.2411505761
1.2341500000	9.9462683358
1.2348600000	10.3730688736
1.2355800000	10.4373025713
1.2362900000	10.1248655998
1.2370000000	9.4986213515
1.2377200000	8.6694788616
1.2384300000	7.7535110010
1.2391400000	6.8420229245
1.2398500000	5.9921083978
1.2405700000	5.2314210990
1.2412800000	4.5677268888
1.2419900000	3.9971976985
1.2427100000	3.5106960469
1.2434200000	3.0973610369
1.2441300000	2.7464316644
1.2448400000	2.4510723898
1.2455600000	2.1964340651
1.2462700000	1.9790119329
1.2469800000	1.7927066118
1.2477000000	1.6322918219
1.2484100000	1.4932767621
1.2491200000	1.3716958331
1.2498400000	1.2640789953
1.2505500000	1.1675360715
1.2512600000	1.0798764978
1.2519700000	0.9996566092
1.2526900000	0.9260382353
1.2534000000	0.8585871462
1.2541100000	0.7969927935
1.2548300000	0.7409361258
1.2555400000	0.6900579990
1.2562500000	0.6439264483
1.2569700000	0.6020927622
1.2576800000	0.5641202413
1.2583900000	0.5295882343
1.2591000000	0.4981221347
1.2598200000	0.4693832103
1.2605300000	0.4430686977
1.2612400000	0.4189190511
1.2619600000	0.3967062962
1.2626700000	0.3762277089
1.2633800000	0.3573042553
1.2640900000	0.3397841937
1.2648100000	0.3235276369
1.2655200000	0.3084202465
1.2662300000	0.2943533121
1.2669500000	0.2812320561
1.2676600000	0.2689723632
1.2683700000	0.2575029616
1.2690900000	0.2467550296
1.2698000000	0.2366699511
1.2705100000	0.2271928390
1.2712200000	0.2181061699
1.2719400000	0.2097161424
1.2726500000	0.2017978642
1.2733600000	0.1943235063
1.2740800000	0.1872590676
1.2747900000	0.1805748595
1.2755000000	0.1742430995
1.2762200000	0.1682409946
1.2769300000	0.1625456782
1.2776400000	0.1571387139
1.2783500000	0.1519992508
1.2790700000	0.1471090305
1.2797800000	0.1424538685
1.2804900000	0.1380189470
1.2812100000	0.1337870933
1.2819200000	0.1297509876
1.2826300000	0.1258958564
1.2833400000	0.1222117431
1.2840600000	0.1186900434
1.2847700000	0.1153206620
1.2854800000	0.1120943866
1.2862000000	0.1090032621
1.2869100000	0.1060404118
1.2876200000	0.1031980168
1.2883400000	0.1004711984
1.2890500000	0.0978529121
1.2897600000	0.0953377686
1.2904700000	0.0929196646
1.2911900000	0.0905941248
1.2919000000	0.0883572789
1.2926100000	0.0862026397
1.2933300000	0.0841281072
1.2940400000	0.0821297356
1.2947500000	0.0802062643
1.2954700000	0.0783480007
1.2961800000	0.0765562043
1.2968900000	0.0748266530
1.2976000000	0.0731563084
1.2983200000	0.0715422227
1.2990300000	0.0699020967
1.2997400000	0.0683957501
1.3004600000	0.0669393055
1.3011700000	0.0655305387
1.3018800000	0.0641673518
1.3025900000	0.0628477453
1.3033100000	0.0615693369
1.3040200000	0.0603304763
1.3047300000	0.0591304356
1.3054500000	0.0579675537
1.3061600000	0.0568397696
1.3068700000	0.0557462517
1.3075900000	0.0546852123
1.3083000000	0.0536557342
1.3090100000	0.0526557096
1.3097200000	0.0516845305
1.3104400000	0.0507416728
1.3111500000	0.0498257128
1.3118600000	0.0489350020
1.3125800000	0.0480695284
1.3132900000	0.0472275422
1.3140000000	0.0464079596
1.3147100000	0.0456102036
1.3154300000	0.0448339124
1.3161400000	0.0440774235
1.3168500000	0.0433412073
1.3175700000	0.0426235561
1.3182800000	0.0419237446
1.3189900000	0.0412429479
1.3197100000	0.0405761942
1.3204200000	0.0399250269
1.3211300000	0.0392881585
1.3218400000	0.0386652424
1.3225600000	0.0380546779
1.3232700000	0.0374560523
1.3239800000	0.0368681093
1.3247000000	0.0362891267
1.3254100000	0.0357187606
1.3261200000	0.0351557090
1.3268400000	0.0345991780
1.3275500000	0.0340481484
1.3282600000	0.0334629895
1.3289700000	0.0329269735
1.3296900000	0.0324042719
1.3304000000	0.0319008525
1.3311100000	0.0314261863
1.3318300000	0.0309896750
1.3325400000	0.0305974514
1.3332500000	0.0302504499
1.3339600000	0.0299412965
1.3346800000	0.0296559127
1.3353900000	0.0293780856
1.3361000000	0.0290944162
1.3368200000	0.0287969105
1.3375300000	0.0284845815
1.3382400000	0.0281589832
1.3389600000	0.0278241235
1.3396700000	0.0274852632
1.3403800000	0.0271456117
1.3410900000	0.0268080665
1.3418100000	0.0264744730
1.3425200000	0.0261466004
1.3432300000	0.0258262059
1.3439500000	0.0255102535
1.3446600000	0.0252011597
1.3453700000	0.0248983535
1.3460900000	0.0246024152
1.3468000000	0.0243124894
1.3475100000	0.0240287478
1.3482200000	0.0237506812
1.3489400000	0.0234788002
1.3496500000	0.0232117740
1.3503600000	0.0229503354
1.3510800000	0.0226934145
1.3517900000	0.0224417290
1.3525000000	0.0221944538
1.3532100000	0.0219514712
1.3539300000	0.0217129532
1.3546400000	0.0214785369
1.3553500000	0.0212477205
1.3560700000	0.0210206485
1.3567800000	0.0207966350
1.3574900000	0.0205762553
1.3582100000	0.0203337498
1.3589200000	0.0201182491
1.3596300000	0.0199052615
1.3603400000	0.0196949086
1.3610600000	0.0194870121
1.3617700000	0.0192816239
1.3624800000	0.0190778051
1.3632000000	0.0188756000
1.3639100000	0.0186747290
1.3646200000	0.0184748276
1.3653400000	0.0182768473
1.3660500000	0.0180792066
1.3667600000	0.0178832163
1.3674700000	0.0176866835
1.3681900000	0.0174901615
1.3689000000	0.0172933638
1.3696100000	0.0170977691
1.3703300000	0.0168996086
1.3710400000	0.0166992273
1.3717500000	0.0164967371
1.3724600000	0.0162925958
1.3731800000	0.0160845685
1.3738900000	0.0158733898
1.3746000000	0.0156582130
1.3753200000	0.0154370391
1.3760300000	0.0152099019
1.3767400000	0.0149766250
1.3774600000	0.0147359629
1.3781700000	0.0144864861
1.3788800000	0.0142266076
1.3795900000	0.0139554414
1.3803100000	0.0136707205
1.3810200000	0.0133720089
1.3817300000	0.0130557436
1.3824500000	0.0127195638
1.3831600000	0.0123624607
1.3838700000	0.0119809504
1.3845800000	0.0115720101
1.3853000000	0.0111306354
1.3860100000	0.0106533592
1.3867200000	0.0101342745
1.3874400000	0.0095685723
1.3881500000	0.0089495229
1.3888600000	0.0082676871
1.3895800000	0.0075151386
1.3902900000	0.0063619236
1.3910000000	0.0053981458
1.3917100000	0.0043212719
1.3924300000	0.0031155248
1.3931400000	0.0017607426
1.3938500000	0.0002322095
1.4159600000	0.0360225124
1.4166700000	0.0692350934
1.4173800000	0.0933438358
1.4180900000	0.1088111582
1.4188100000	0.1169487252
1.4195200000	0.1194454440
1.4202300000	0.1179252082
1.4209500000	0.1137538752
1.4216600000	0.1080220330
1.4223700000	0.1014888106
1.4230800000	0.0981452616
1.4238000000	0.0911130790
1.4245100000	0.0843673859
1.4252200000	0.0780561542
1.4259400000	0.0722197020
1.4266500000	0.0668841606
1.4273600000	0.0620341207
1.4280800000	0.0576460449
1.4287900000	0.0536983001
1.4295000000	0.0501392490
1.4302100000	0.0469398267
1.4309300000	0.0440574728
1.4316400000	0.0414647615
1.4323500000	0.0391329955
1.4330700000	0.0370388016
1.4337800000	0.0351528581
1.4344900000	0.0334544115
1.4352100000	0.0319239856
1.4359200000	0.0305523226
1.4366300000	0.0293112587
1.4373400000	0.0281950356
1.4380600000	0.0271950331
1.4387700000	0.0262958781
1.4394800000	0.0254926184
1.4402000000	0.0247778574
1.4409100000	0.0241462112
1.4416200000	0.0235916137
1.4423300000	0.0231117938
1.4430500000	0.0227006543
1.4437600000	0.0223608699
1.4444700000	0.0220846993
1.4451900000	0.0218747317
1.4459000000	0.0217313491
1.4466100000	0.0216557668
1.4473300000	0.0216498408
1.4480400000	0.0217168940
1.4487500000	0.0218595076
1.4494600000	0.0220830080
1.4501800000	0.0223942357
1.4508900000	0.0227957277
1.4516000000	0.0232948174
1.4523200000	0.0238970671
1.4530300000	0.0246070439
1.4537400000	0.0254277208
1.4544500000	0.0263522879
1.4551700000	0.0273718453
1.4558800000	0.0284649322
1.4565900000	0.0295971446
1.4573100000	0.0307161104
1.4580200000	0.0317536405
1.4587300000	0.0327871631
1.4594500000	0.0334079545
1.4601600000	0.0337061111
1.4608700000	0.0336323096
1.4615800000	0.0331749092
1.4623000000	0.0323623712
1.4630100000	0.0312573919
1.4637200000	0.0299423597
1.4644400000	0.0285034613
1.4651500000	0.0270178821
1.4658600000	0.0255470971
1.4665800000	0.0241350680
1.4672900000	0.0228093362
1.4680000000	0.0215845134
1.4687100000	0.0204655754
1.4694300000	0.0194511552
1.4701400000	0.0185360456
1.4708500000	0.0177130222
1.4715700000	0.0169740498
1.4722800000	0.0163102184
1.4729900000	0.0157137457
1.4737000000	0.0151774781
1.4744200000	0.0146942207
1.4751300000	0.0142580758
1.4758400000	0.0138637832
1.4765600000	0.0135066401
1.4772700000	0.0131822942
1.4779800000	0.0128872857
1.4787000000	0.0126185971
1.4794100000	0.0123731321
1.4801200000	0.0121490775
1.4808300000	0.0119435234
1.4815500000	0.0117550357
1.4822600000	0.0115818878
1.4829700000	0.0114229305
1.4836900000	0.0112767509
1.4844000000	0.0111417319
1.4851100000	0.0110181028
1.4858300000	0.0109044148
1.4865400000	0.0108001527
1.4872500000	0.0107042351
1.4879600000	0.0106163420
1.4886800000	0.0105359764
1.4893900000	0.0104627467
1.4901000000	0.0103962315
1.4908200000	0.0103360854
1.4915300000	0.0102820639
1.4922400000	0.0102339963
1.4929500000	0.0101916266
1.4936700000	0.0101548974
1.4943800000	0.0101235437
1.4950900000	0.0101317559
1.4958100000	0.0101101501
1.4965200000	0.0100938136
1.4972300000	0.0100827622
1.4979500000	0.0100770463
1.4986600000	0.0100766294
1.4993700000	0.0100816808
1.5000800000	0.0100931388
1.5008000000	0.0101153158
1.5015100000	0.0101440733
1.5022200000	0.0101794068
1.5029400000	0.0102219246
1.5036500000	0.0102718370
1.5043600000	0.0103295694
1.5050800000	0.0103957223
1.5057900000	0.0104709772
1.5065000000	0.0105559290
1.5072100000	0.0106514291
1.5079300000	0.0107583113
1.5086400000	0.0108776455
1.5093500000	0.0110105026
1.5100700000	0.0111582502
1.5107800000	0.0113222387
1.5114900000	0.0115046048
1.5122000000	0.0117069484
1.5129200000	0.0119316409
1.5136300000	0.0121810136
1.5143400000	0.0124582293
1.5150600000	0.0127666676
1.5157700000	0.0131063895
1.5164800000	0.0134884871
1.5172000000	0.0139146291
1.5179100000	0.0143899750
1.5186200000	0.0149207863
1.5193300000	0.0155135069
1.5200500000	0.0161752348
1.5207600000	0.0169133911
1.5214700000	0.0177355607
1.5221900000	0.0186481715
1.5229000000	0.0196562846
1.5236100000	0.0207627643
1.5243200000	0.0219647793
1.5250400000	0.0232528806
1.5257500000	0.0246067575
1.5264600000	0.0259933716
1.5271800000	0.0273639759
1.5278900000	0.0286535286
1.5286000000	0.0297846273
1.5293200000	0.0306741364
1.5300300000	0.0312469341
1.5307400000	0.0314490854
1.5314500000	0.0312595844
1.5321700000	0.0306958977
1.5328800000	0.0298155338
1.5335900000	0.0286811509
1.5343100000	0.0273824366
1.5350200000	0.0259985431
1.5357300000	0.0245963030
1.5364500000	0.0232258166
1.5371600000	0.0219221503
1.5378700000	0.0207055732
1.5385800000	0.0195866760
1.5393000000	0.0185680279
1.5400100000	0.0176473735
1.5407200000	0.0168194961
1.5414400000	0.0160771322
1.5421500000	0.0154128666
1.5428600000	0.0148189322
1.5435700000	0.0142879885
1.5442900000	0.0138132632
1.5450000000	0.0133885419
1.5457100000	0.0130082288
1.5464300000	0.0126672944
1.5471400000	0.0123613576
1.5478500000	0.0120877304
1.5485700000	0.0118405273
1.5492800000	0.0116180465
1.5499900000	0.0114177030
1.5507000000	0.0112371376
1.5514200000	0.0110743629
1.5521300000	0.0109276092
1.5528400000	0.0107952752
1.5535600000	0.0106759935
1.5542700000	0.0105685697
1.5549800000	0.0104719282
1.5557000000	0.0103851054
1.5564100000	0.0103072636
1.5571200000	0.0102376832
1.5578300000	0.0101756752
1.5585500000	0.0101206637
1.5592600000	0.0100721334
1.5599700000	0.0100295963
1.5606900000	0.0099926419
1.5614000000	0.0099609238
1.5621100000	0.0099340799
1.5628200000	0.0099118193
1.5635400000	0.0098939122
1.5642500000	0.0098800840
1.5649600000	0.0098701357
1.5656800000	0.0098638835
1.5663900000	0.0098611393
1.5671000000	0.0098617707
1.5678200000	0.0098656538
1.5685300000	0.0098726654
1.5692400000	0.0098827002
1.5699500000	0.0098956805
1.5706700000	0.0099115162
1.5713800000	0.0099301664
1.5720900000	0.0099515608
1.5728100000	0.0099769335
1.5735200000	0.0100036459
1.5742300000	0.0100330096
1.5749400000	0.0100650298
1.5756600000	0.0100996936
1.5763700000	0.0101370149
1.5770800000	0.0101770031
1.5778000000	0.0102196866
1.5785100000	0.0102650950
1.5792200000	0.0103132551
1.5799400000	0.0103642426
1.5806500000	0.0104181231
1.5813600000	0.0104750489
1.5820700000	0.0105350103
1.5827900000	0.0105981417
1.5835000000	0.0106645498
1.5842100000	0.0107343633
1.5849300000	0.0108077540
1.5856400000	0.0108848604
1.5863500000	0.0109658913
1.5870700000	0.0110510365
1.5877800000	0.0111404702
1.5884900000	0.0112345391
1.5892000000	0.0113335157
1.5899200000	0.0114376659
1.5906300000	0.0115473750
1.5913400000	0.0116630331
1.5920600000	0.0117850400
1.5927700000	0.0119139209
1.5934800000	0.0120502026
1.5941900000	0.0121944714
1.5949100000	0.0123473932
1.5956200000	0.0125096803
1.5963300000	0.0126821898
1.5970500000	0.0128657285
1.5977600000	0.0130614155
1.5984700000	0.0132702590
1.5991900000	0.0134933618
1.5999000000	0.0137320550
1.6006100000	0.0139861426
1.6013200000	0.0142577659
1.6020400000	0.0145484191
1.6027500000	0.0148593047
1.6034600000	0.0151914221
1.6041800000	0.0155453781
1.6048900000	0.0159214500
1.6056000000	0.0163190576
1.6063200000	0.0167365860
1.6070300000	0.0171711084
1.6077400000	0.0176179674
1.6084500000	0.0180707350
1.6091700000	0.0185207747
1.6098800000	0.0189576145
1.6105900000	0.0193693342
1.6113100000	0.0197435567
1.6120200000	0.0200687855
1.6127300000	0.0203357641
1.6134400000	0.0205389937
1.6141600000	0.0206775714
1.6148700000	0.0207516605
1.6155800000	0.0207764772
1.6163000000	0.0207594947
1.6170100000	0.0207147260
1.6177200000	0.0206525101
1.6184400000	0.0205860528
1.6191500000	0.0205259219
1.6198600000	0.0204808912
1.6205700000	0.0204578415
1.6212900000	0.0204620986
1.6220000000	0.0204975612
1.6227100000	0.0205670055
1.6234300000	0.0206723865
1.6241400000	0.0208153317
1.6248500000	0.0209969671
1.6255700000	0.0212183478
1.6262800000	0.0214806271
1.6269900000	0.0217850720
1.6277000000	0.0221332121
1.6284200000	0.0225269028
1.6291300000	0.0229683460
1.6298400000	0.0234601351
1.6305600000	0.0240052144
1.6312700000	0.0246071554
1.6319800000	0.0252701964
1.6326900000	0.0259987132
1.6334100000	0.0267976303
1.6341200000	0.0276725720
1.6348300000	0.0286293384
1.6355500000	0.0296739563
1.6362600000	0.0308124445
1.6369700000	0.0320506090
1.6376900000	0.0333931968
1.6384000000	0.0348435349
1.6391100000	0.0364022890
1.6398200000	0.0380670231
1.6405400000	0.0398293672
1.6412500000	0.0416752818
1.6419600000	0.0435813672
1.6426800000	0.0455139597
1.6433900000	0.0474287211
1.6441000000	0.0492697294
1.6448100000	0.0509725618
1.6455300000	0.0524674929
1.6462400000	0.0536860533
1.6469500000	0.0545691755
1.6476700000	0.0550749254
1.6483800000	0.0551846702
1.6490900000	0.0549067728
1.6498100000	0.0542741724
1.6505200000	0.0533397385
1.6512300000	0.0521687615
1.6519400000	0.0508312319
1.6526600000	0.0493941159
1.6533700000	0.0479169024
1.6540800000	0.0464478389
1.6548000000	0.0450264905
1.6555100000	0.0436794168
1.6562200000	0.0424246679
1.6569400000	0.0412727502
1.6576500000	0.0402290186
1.6583600000	0.0392938694
1.6590700000	0.0384655103
1.6597900000	0.0377211067
1.6605000000	0.0370921128
1.6612100000	0.0365547566
1.6619300000	0.0361032537
1.6626400000	0.0357317668
1.6633500000	0.0354346560
1.6640600000	0.0352067105
1.6647800000	0.0350431419
1.6654900000	0.0349395591
1.6662000000	0.0348919991
1.6669200000	0.0348969120
1.6676300000	0.0349511855
1.6683400000	0.0350520653
1.6690600000	0.0351972094
1.6697700000	0.0353845033
1.6704800000	0.0356122048
1.6711900000	0.0358787745
1.6719100000	0.0361829328
1.6726200000	0.0365237239
1.6733300000	0.0369002920
1.6740500000	0.0373120401
1.6747600000	0.0377585648
1.6754700000	0.0382395982
1.6761900000	0.0387549312
1.6769000000	0.0393046563
1.6776100000	0.0398891544
1.6783200000	0.0405086483
1.6790400000	0.0411634965
1.6797500000	0.0418545225
1.6804600000	0.0425823410
1.6811800000	0.0433478189
1.6818900000	0.0441520693
1.6826000000	0.0449960372
1.6833100000	0.0458811760
1.6840300000	0.0468087850
1.6847400000	0.0477804201
1.6854500000	0.0487976741
1.6861700000	0.0498626658
1.6868800000	0.0509769982
1.6875900000	0.0521434406
1.6883100000	0.0533642066
1.6890200000	0.0546415987
1.6897300000	0.0559786407
1.6904400000	0.0573782570
1.6911600000	0.0588435906
1.6918700000	0.0603780143
1.6925800000	0.0619854414
1.6933000000	0.0636701715
1.6940100000	0.0654362224
1.6947200000	0.0672882670
1.6954400000	0.0692310028
1.6961500000	0.0712709736
1.6968600000	0.0734135068
1.6975700000	0.0756649801
1.6982900000	0.0780322917
1.6990000000	0.0805228802
1.6997100000	0.0831451447
1.7004300000	0.0859542388
1.7011400000	0.0889515349
1.7018500000	0.0921184612
1.7025600000	0.0954670921
1.7032800000	0.0990115152
1.7039900000	0.1027661438
1.7047000000	0.1067465106
1.7054200000	0.1109705047
1.7061300000	0.1154580194
1.7068400000	0.1200379100
1.7075600000	0.1251072198
1.7082700000	0.1305097448
1.7089800000	0.1362731852
1.7096900000	0.1424283555
1.7104100000	0.1490103676
1.7111200000	0.1560562568
1.7118300000	0.1636097695
1.7125500000	0.1717169211
1.7132600000	0.1804288829
1.7139700000	0.1898037979
1.7146800000	0.1999034038
1.7154000000	0.2107977068
1.7161100000	0.2225618146
1.7168200000	0.2352800798
1.7175400000	0.2490431687
1.7182500000	0.2639490234
1.7189600000	0.2801046788
1.7196800000	0.2976238592
1.7203900000	0.3166367867
1.7211000000	0.3372743355
1.7218100000	0.3596794214
1.7225300000	0.3839973519
1.7232400000	0.4103779322
1.7239500000	0.4389609834
1.7246700000	0.4698814437
1.7253800000	0.5032458016
1.7260900000	0.5391230382
1.7268100000	0.5775165657
1.7275200000	0.6183495459
1.7282300000	0.6614249446
1.7289400000	0.7063954883
1.7296600000	0.7527224012
1.7303700000	0.7996533742
1.7310800000	0.8461811327
1.7318000000	0.8910563220
1.7325100000	0.9328104442
1.7332200000	0.9698332517
1.7339300000	1.0004945419
1.7346500000	1.0232644128
1.7353600000	1.0369432578
1.7360700000	1.0407438151
1.7367900000	1.0344676418
1.7375000000	1.0184948542
1.7382100000	0.9937490786
1.7389300000	0.9615572557
1.7396400000	0.9234991979
1.7403500000	0.8812348859
1.7410600000	0.8363488220
1.7417800000	0.7902694260
1.7424900000	0.7441922637
1.7432000000	0.6990515475
1.7439200000	0.6555544022
1.7446300000	0.6141696681
1.7453400000	0.5752132162
1.7460600000	0.5388480686
1.7467700000	0.5051251779
1.7474800000	0.4740271389
1.7481900000	0.4454765792
1.7489100000	0.4193661360
1.7496200000	0.3955649437
1.7503300000	0.3739362773
1.7510500000	0.3543408935
1.7517600000	0.3366401108
1.7524700000	0.3207067579
1.7531800000	0.3064129754
1.7539000000	0.2936489361
1.7546100000	0.2823083414
1.7553200000	0.2722951423
1.7560400000	0.2638081130
1.7567500000	0.2561676945
1.7574600000	0.2495972479
1.7581800000	0.2440130100
1.7588900000	0.2393264255
1.7596000000	0.2354449117
1.7603100000	0.2322627110
1.7610300000	0.2296649062
1.7617400000	0.2275193232
1.7624500000	0.2256757065
1.7631700000	0.2239737618
1.7638800000	0.2222398374
1.7645900000	0.2202977440
1.7653100000	0.2179805891
1.7660200000	0.2151427887
1.7667300000	0.2116702442
1.7674400000	0.2074983405
1.7681600000	0.2026063595
1.7688700000	0.1970257324
1.7695800000	0.1908326291
1.7703000000	0.1841360680
1.7710100000	0.1770647026
1.7717200000	0.1697555991
1.7724300000	0.1623393904
1.7731500000	0.1549357759
1.7738600000	0.1476459067
1.7745700000	0.1405487176
1.7752900000	0.1337047367
1.7760000000	0.1271580241
1.7767100000	0.1209308911
1.7774300000	0.1150360642
1.7781400000	0.1094779594
1.7788500000	0.1042521637
1.7795600000	0.0993484807
1.7802800000	0.0947532035
1.7809900000	0.0904507262
1.7817000000	0.0864239036
1.7824200000	0.0826553093
1.7831300000	0.0791272190
1.7838400000	0.0758228815
1.7845500000	0.0727260798
1.7852700000	0.0698216901
1.7859800000	0.0670952440
1.7866900000	0.0645335657
1.7874100000	0.0621241409
1.7881200000	0.0598555917
1.7888300000	0.0577172938
1.7895500000	0.0556998072
1.7902600000	0.0537941600
1.7909700000	0.0519922293
1.7916800000	0.0502864994
1.7924000000	0.0486702575
1.7931100000	0.0471372633
1.7938200000	0.0456817033
1.7945400000	0.0442982972
1.7952500000	0.0429820007
1.7959600000	0.0417288847
1.7966800000	0.0405345539
1.7973900000	0.0393952615
1.7981000000	0.0383076477
1.7988100000	0.0372683701
1.7995300000	0.0362744787
1.8002400000	0.0353169670
1.8009500000	0.0343882221
1.8016700000	0.0334992167
1.8023800000	0.0326472879
1.8030900000	0.0318304732
1.8038000000	0.0310468050
1.8045200000	0.0302943794
1.8052300000	0.0295713785
1.8059400000	0.0288763836
1.8066600000	0.0282076494
1.8073700000	0.0275640153
1.8080800000	0.0269144602
1.8088000000	0.0263163837
1.8095100000	0.0257396535
1.8102200000	0.0251831572
1.8109300000	0.0246460012
1.8116500000	0.0241271404
1.8123600000	0.0236257073
1.8130700000	0.0231409264
1.8137900000	0.0226719588
1.8145000000	0.0222180006
1.8152100000	0.0217785316
1.8159300000	0.0213527225
1.8166400000	0.0209400988
1.8173500000	0.0205401481
1.8180600000	0.0201521527
1.8187800000	0.0197758702
1.8194900000	0.0194107409
1.8202000000	0.0190565822
1.8209200000	0.0187125473
1.8216300000	0.0183785156
1.8223400000	0.0180542422
1.8230500000	0.0177393663
1.8237700000	0.0174335932
1.8244800000	0.0171365593
1.8251900000	0.0168481421
1.8259100000	0.0165679175
1.8266200000	0.0162954898
1.8273300000	0.0160301027
1.8280500000	0.0157717033
1.8287600000	0.0155195824
1.8294700000	0.0152731343
1.8301800000	0.0150319203
1.8309000000	0.0147955046
1.8316100000	0.0145634966
1.8323200000	0.0143354442
1.8330400000	0.0141111109
1.8337500000	0.0138901475
1.8344600000	0.0136725071
1.8351800000	0.0134579619
1.8358900000	0.0132463660
1.8366000000	0.0130374901
1.8373100000	0.0128311254
1.8380300000	0.0126276049
1.8387400000	0.0124259842
1.8394500000	0.0122270023
1.8401700000	0.0120299850
1.8408800000	0.0118349398
1.8415900000	0.0116415417
1.8423000000	0.0114494843
1.8430200000	0.0112586396
1.8437300000	0.0110686328
1.8444400000	0.0108790705
1.8451600000	0.0106900292
1.8458700000	0.0105009182
1.8465800000	0.0103115292
1.8473000000	0.0101214428
1.8480100000	0.0099302372
1.8487200000	0.0097369949
1.8494300000	0.0095422896
1.8501500000	0.0093452867
1.8508600000	0.0091453974
1.8515700000	0.0089419604
1.8522900000	0.0087344091
1.8530000000	0.0085217722
1.8537100000	0.0083042689
1.8544200000	0.0080806317
1.8551400000	0.0078499542
1.8558500000	0.0076115641
1.8565600000	0.0073644050
1.8572800000	0.0071074752
1.8579900000	0.0068395293
1.8587000000	0.0065592813
1.8594200000	0.0062650356
1.8601300000	0.0059555873
1.8608400000	0.0056298869
1.8615500000	0.0050592764
1.8622700000	0.0046797077
1.8629800000	0.0042766433
1.8636900000	0.0038476190
1.8644100000	0.0033903211
1.8651200000	0.0029021777
1.8658300000	0.0023817998
1.8665500000	0.0018237503
1.8672600000	0.0012268879
1.8679700000	0.0005880332
1.8686800000	0.0000498740
1.8694000000	0.0002055634
1.8879300000	0.0004136952
1.8886500000	0.0016152784
1.8893600000	0.0042031658
1.8900700000	0.0066446398
1.8907900000	0.0088818783
1.8915000000	0.0108735643
1.8922100000	0.0125979314
1.8929200000	0.0140501302
1.8936400000	0.0152352418
1.8943500000	0.0161722298
1.8950600000	0.0168873083
1.8957800000	0.0174036981
1.8964900000	0.0177526514
1.8972000000	0.0179625954
1.8979200000	0.0180599114
1.8986300000	0.0180682123
1.8993400000	0.0180080289
1.9000500000	0.0178962660
1.9007700000	0.0177379862
1.9014800000	0.0175523886
1.9021900000	0.0173493728
1.9029100000	0.0171350454
1.9036200000	0.0169134420
1.9043300000	0.0166864366
1.9050500000	0.0164556228
1.9057600000	0.0162174830
1.9064700000	0.0159718798
1.9071800000	0.0157168356
1.9079000000	0.0154505241
1.9086100000	0.0151714179
1.9093200000	0.0148788899
1.9100400000	0.0145724968
1.9107500000	0.0142532105
1.9114600000	0.0139227800
1.9121700000	0.0135833052
1.9128900000	0.0132376845
1.9136000000	0.0128889120
1.9143100000	0.0125401015
1.9150300000	0.0121942421
1.9157400000	0.0118541391
1.9164500000	0.0115218046
1.9171700000	0.0111994955
1.9178800000	0.0108883610
1.9185900000	0.0106935986
1.9193000000	0.0104024998
1.9200200000	0.0101252482
1.9207300000	0.0098618698
1.9214400000	0.0096122798
1.9221600000	0.0093761963
1.9228700000	0.0091532062
1.9235800000	0.0089428088
1.9242900000	0.0087444399
1.9250100000	0.0085575942
1.9257200000	0.0083815105
1.9264300000	0.0082156537
1.9271500000	0.0080594422
1.9278600000	0.0079123801
1.9285700000	0.0077737912
1.9292900000	0.0076431096
1.9300000000	0.0075199976
1.9307100000	0.0074037976
1.9314200000	0.0072941323
1.9321400000	0.0071906094
1.9328500000	0.0070928487
1.9335600000	0.0070005130
1.9342800000	0.0069132027
1.9349900000	0.0068306430
1.9357000000	0.0067525374
1.9364200000	0.0066786504
1.9371300000	0.0066086937
1.9378400000	0.0065424602
1.9385500000	0.0064797320
1.9392700000	0.0064203617
1.9399800000	0.0063641232
1.9406900000	0.0063107973
1.9414100000	0.0062602760
1.9421200000	0.0062124498
1.9428300000	0.0061671386
1.9435400000	0.0061242194
1.9442600000	0.0060835981
1.9449700000	0.0060451689
1.9456800000	0.0060088220
1.9464000000	0.0059744699
1.9471100000	0.0059420352
1.9478200000	0.0059114415
1.9485400000	0.0058826123
1.9492500000	0.0058554758
1.9499600000	0.0058299807
1.9506700000	0.0058061014
1.9513900000	0.0057837087
1.9521000000	0.0057628065
1.9528100000	0.0057433520
1.9535300000	0.0057252638
1.9542400000	0.0057085281
1.9549500000	0.0056931141
1.9556700000	0.0056789847
1.9563800000	0.0056661241
1.9570900000	0.0056544910
1.9578000000	0.0056440719
1.9585200000	0.0056348584
1.9592300000	0.0056268028
1.9599400000	0.0056199063
1.9606600000	0.0056141563
1.9613700000	0.0056095401
1.9620800000	0.0056060495
1.9627900000	0.0056036711
1.9635100000	0.0056024196
1.9642200000	0.0056022586
1.9649300000	0.0056032008
1.9656500000	0.0056052510
1.9663600000	0.0056084102
1.9670700000	0.0056126765
1.9677900000	0.0056180513
1.9685000000	0.0056245636
1.9692100000	0.0056322155
1.9699200000	0.0056410177
1.9706400000	0.0056509781
1.9713500000	0.0056621204
1.9720600000	0.0056744562
1.9727800000	0.0056880125
1.9734900000	0.0057028139
1.9742000000	0.0057188761
1.9749100000	0.0057362297
1.9756300000	0.0057549009
1.9763400000	0.0057749272
1.9770500000	0.0057963396
1.9777700000	0.0058258606
1.9784800000	0.0058499973
1.9791900000	0.0058756496
1.9799100000	0.0059028647
1.9806200000	0.0059316957
1.9813300000	0.0059621928
1.9820400000	0.0059944240
1.9827600000	0.0060284279
1.9834700000	0.0060642890
1.9841800000	0.0061020778
1.9849000000	0.0061418745
1.9856100000	0.0061837535
1.9863200000	0.0062278053
1.9870400000	0.0062741175
1.9877500000	0.0063227925
1.9884600000	0.0063739266
1.9891700000	0.0064276458
1.9898900000	0.0064840650
1.9906000000	0.0065433154
1.9913100000	0.0066055384
1.9920300000	0.0066708800
1.9927400000	0.0067394895
1.9934500000	0.0068115261
1.9941600000	0.0068871878
1.9948800000	0.0069666574
1.9955900000	0.0070501174
1.9963000000	0.0071378167
1.9970200000	0.0072299590
1.9977300000	0.0073268021
1.9984400000	0.0074285918
1.9991600000	0.0075355639
1.9998700000	0.0076480965
2.0005800000	0.0077712715
2.0012900000	0.0079020136
2.0020100000	0.0080396152
2.0027200000	0.0081844605
2.0034300000	0.0083369083
2.0041500000	0.0084974688
2.0048600000	0.0086665499
2.0055700000	0.0088446045
2.0062900000	0.0090320885
2.0070000000	0.0092294996
2.0077100000	0.0094372813
2.0084200000	0.0096559411
2.0091400000	0.0098859307
2.0098500000	0.0101276662
2.0105600000	0.0103815790
2.0112800000	0.0106479764
2.0119900000	0.0109271476
2.0127000000	0.0112193144
2.0134100000	0.0115245223
2.0141300000	0.0118425809
2.0148400000	0.0121732885
2.0155500000	0.0125160577
2.0162700000	0.0128701302
2.0169800000	0.0132344171
2.0176900000	0.0136074480
2.0184100000	0.0139873477
2.0191200000	0.0143718461
2.0198300000	0.0147581756
2.0205400000	0.0151432121
2.0212600000	0.0155233435
2.0219700000	0.0158945704
2.0226800000	0.0162525367
2.0234000000	0.0165928325
2.0241100000	0.0169108312
2.0248200000	0.0172020220
2.0255400000	0.0174622277
2.0262500000	0.0176875806
2.0269600000	0.0178748895
2.0276700000	0.0180216849
2.0283900000	0.0181263243
2.0291000000	0.0181880632
2.0298100000	0.0182069759
2.0305300000	0.0181840546
2.0312400000	0.0181208774
2.0319500000	0.0180199269
2.0326600000	0.0178839508
2.0333800000	0.0177160243
2.0340900000	0.0175195416
2.0348000000	0.0172980199
2.0355200000	0.0170549850
2.0362300000	0.0167939732
2.0369400000	0.0165185452
2.0376600000	0.0162317443
2.0383700000	0.0159369061
2.0390800000	0.0156369584
2.0397900000	0.0153346359
2.0405100000	0.0150336574
2.0412200000	0.0147337295
2.0419300000	0.0144382373
2.0426500000	0.0141489589
2.0433600000	0.0138674439
2.0440700000	0.0135948633
2.0447800000	0.0133322882
2.0455000000	0.0130804761
2.0462100000	0.0128400003
2.0469200000	0.0126113140
2.0476400000	0.0123945452
2.0483500000	0.0121898434
2.0490600000	0.0119971457
2.0497800000	0.0118163326
2.0504900000	0.0116473187
2.0512000000	0.0114896239
2.0519100000	0.0113429697
2.0526300000	0.0112070886
2.0533400000	0.0110815339
2.0540500000	0.0109659338
2.0547700000	0.0108598799
2.0554800000	0.0107629931
2.0561900000	0.0106748915
2.0569100000	0.0105951586
2.0576200000	0.0105234038
2.0583300000	0.0104593170
2.0590400000	0.0104024790
2.0597600000	0.0103526136
2.0604700000	0.0103094143
2.0611800000	0.0102725821
2.0619000000	0.0102418600
2.0626100000	0.0102170056
2.0633200000	0.0101978274
2.0640300000	0.0101841035
2.0647500000	0.0101757517
2.0654600000	0.0101723349
2.0661700000	0.0101738773
2.0668900000	0.0101802561
2.0676000000	0.0101912902
2.0683100000	0.0102069292
2.0690300000	0.0102270590
2.0697400000	0.0102516171
2.0704500000	0.0102805368
2.0711600000	0.0103137793
2.0718800000	0.0103513045
2.0725900000	0.0103930823
2.0733000000	0.0104391081
2.0740200000	0.0104894022
2.0747300000	0.0105439672
2.0754400000	0.0106028490
2.0761600000	0.0106660879
2.0768700000	0.0107337389
2.0775800000	0.0108058990
2.0782900000	0.0108826073
2.0790100000	0.0109640143
2.0797200000	0.0110501936
2.0804300000	0.0111412146
2.0811500000	0.0112371876
2.0818600000	0.0113381837
2.0825700000	0.0114442729
2.0832800000	0.0115555169
2.0840000000	0.0116719653
2.0847100000	0.0117936248
2.0854200000	0.0119205549
2.0861400000	0.0120527534
2.0868500000	0.0121901862
2.0875600000	0.0123328793
2.0882800000	0.0124808180
2.0889900000	0.0126340124
2.0897000000	0.0127924711
2.0904100000	0.0129561674
2.0911300000	0.0131252478
2.0918400000	0.0132997180
2.0925500000	0.0134796798
2.0932700000	0.0136652270
2.0939800000	0.0138564896
2.0946900000	0.0140536018
2.0954100000	0.0142567558
2.0961200000	0.0144661359
2.0968300000	0.0146819432
2.0975400000	0.0149043939
2.0982600000	0.0151337312
2.0989700000	0.0153701974
2.0996800000	0.0156140256
2.1004000000	0.0158649863
2.1011100000	0.0161237937
2.1018200000	0.0163913270
2.1025300000	0.0166679362
2.1032500000	0.0169539731
2.1039600000	0.0172498420
2.1046700000	0.0175559274
2.1053900000	0.0178726890
2.1061000000	0.0182005335
2.1068100000	0.0185272503
2.1075300000	0.0188783482
2.1082400000	0.0192420023
2.1089500000	0.0196187459
2.1096600000	0.0200091185
2.1103800000	0.0204137427
2.1110900000	0.0208332468
2.1118000000	0.0212682718
2.1125200000	0.0217195237
2.1132300000	0.0221877183
2.1139400000	0.0226736558
2.1146500000	0.0231781417
2.1153700000	0.0237020344
2.1160800000	0.0242462374
2.1167900000	0.0248116956
2.1175100000	0.0253994541
2.1182200000	0.0260106126
2.1189300000	0.0266462584
2.1196500000	0.0273075744
2.1203600000	0.0279959225
2.1210700000	0.0287125841
2.1217800000	0.0294589814
2.1225000000	0.0302366174
2.1232100000	0.0310468612
2.1239200000	0.0318917752
2.1246400000	0.0327729979
2.1253500000	0.0336923653
2.1260600000	0.0346518641
2.1267800000	0.0356535985
2.1274900000	0.0366997185
2.1282000000	0.0377925919
2.1289100000	0.0389347016
2.1296300000	0.0401285966
2.1303400000	0.0413769701
2.1310500000	0.0426826516
2.1317700000	0.0440488603
2.1324800000	0.0454784882
2.1331900000	0.0469750026
2.1339000000	0.0485417284
2.1346200000	0.0501823149
2.1353300000	0.0519002230
2.1360400000	0.0536996707
2.1367600000	0.0555843843
2.1374700000	0.0575583991
2.1381800000	0.0596258461
2.1389000000	0.0617907419
2.1396100000	0.0640571992
2.1403200000	0.0664292738
2.1410300000	0.0689108494
2.1417500000	0.0715054952
2.1424600000	0.0742167875
2.1431700000	0.0770474467
2.1438900000	0.0799998440
2.1446000000	0.0830758779
2.1453100000	0.0862759940
2.1460300000	0.0895999531
2.1467400000	0.0930461641
2.1474500000	0.0966111194
2.1481600000	0.1002896315
2.1488800000	0.1040741150
2.1495900000	0.1079545324
2.1503000000	0.1119178925
2.1510200000	0.1159481523
2.1517300000	0.1200255195
2.1524400000	0.1241264781
2.1531500000	0.1282237185
2.1538700000	0.1322857675
2.1545800000	0.1362773224
2.1552900000	0.1401593294
2.1560100000	0.1438894928
2.1567200000	0.1474229766
2.1574300000	0.1507133303
2.1581500000	0.1537139462
2.1588600000	0.1563785956
2.1595700000	0.1586630937
2.1602800000	0.1605281763
2.1610000000	0.1619393624
2.1617100000	0.1628696502
2.1624200000	0.1633005037
2.1631400000	0.1632208406
2.1638500000	0.1626307800
2.1645600000	0.1615395607
2.1652800000	0.1599658977
2.1659900000	0.1579361134
2.1667000000	0.1554844654
2.1674100000	0.1526509678
2.1681300000	0.1494795281
2.1688400000	0.1460170279
2.1695500000	0.1423112842
2.1702700000	0.1384097476
2.1709800000	0.1343584164
2.1716900000	0.1302008961
2.1724000000	0.1259787293
2.1731200000	0.1217246861
2.1738300000	0.1174737761
2.1745400000	0.1132533219
2.1752600000	0.1093199208
2.1759700000	0.1052153469
2.1766800000	0.1012022605
2.1774000000	0.0972939181
2.1781100000	0.0935005454
2.1788200000	0.0898295911
2.1795300000	0.0862862322
2.1802500000	0.0828737348
2.1809600000	0.0795933538
2.1816700000	0.0764454576
2.1823900000	0.0734283957
2.1831000000	0.0705404948
2.1838100000	0.0677787606
2.1845200000	0.0651398866
2.1852400000	0.0626200386
2.1859500000	0.0602151298
2.1866600000	0.0579210015
2.1873800000	0.0557330609
2.1880900000	0.0536466797
2.1888000000	0.0516575339
2.1895200000	0.0497613440
2.1902300000	0.0479534656
2.1909400000	0.0462297924
2.1916500000	0.0445862334
2.1923700000	0.0430187461
2.1930800000	0.0415236514
2.1937900000	0.0400970729
2.1945100000	0.0387356493
2.1952200000	0.0374359934
2.1959300000	0.0361949488
2.1966500000	0.0350094280
2.1973600000	0.0338765904
2.1980700000	0.0327937143
2.1987800000	0.0317581914
2.1995000000	0.0307675792
2.2002100000	0.0298206188
2.2009200000	0.0289179330
2.2016400000	0.0280554001
2.2023500000	0.0272307888
2.2030600000	0.0264420151
2.2037700000	0.0256870851
2.2044900000	0.0249641532
2.2052000000	0.0242715121
2.2059100000	0.0236075213
2.2066300000	0.0229706459
2.2073400000	0.0223594349
2.2080500000	0.0217725481
2.2087700000	0.0212087056
2.2094800000	0.0206667212
2.2101900000	0.0201454564
2.2109000000	0.0196437023
2.2116200000	0.0191607308
2.2123300000	0.0186954495
2.2130400000	0.0182469955
2.2137600000	0.0178144844
2.2144700000	0.0173971542
2.2151800000	0.0169941905
2.2159000000	0.0166049825
2.2166100000	0.0162287607
2.2173200000	0.0158649151
2.2180300000	0.0155129088
2.2187500000	0.0151721388
2.2194600000	0.0148420497
2.2201700000	0.0145221393
2.2208900000	0.0142119224
2.2216000000	0.0139109340
2.2223100000	0.0136187282
2.2230200000	0.0133348447
2.2237400000	0.0130590006
2.2244500000	0.0127907641
2.2251600000	0.0125297509
2.2258800000	0.0122756238
2.2265900000	0.0120280529
2.2273000000	0.0117866933
2.2280200000	0.0115512716
2.2287300000	0.0113214731
2.2294400000	0.0110969940
2.2301500000	0.0108774053
2.2308700000	0.0106627537
2.2315800000	0.0104526204
2.2322900000	0.0102467451
2.2330100000	0.0100448088
2.2337200000	0.0098467193
2.2344300000	0.0096521207
2.2351500000	0.0094609004
2.2358600000	0.0092727815
2.2365700000	0.0090875465
2.2372800000	0.0089049818
2.2380000000	0.0087249390
2.2387100000	0.0085471930
2.2394200000	0.0083715694
2.2401400000	0.0081978988
2.2408500000	0.0080260111
2.2415600000	0.0078557632
2.2422700000	0.0076870267
2.2429900000	0.0075195686
2.2437000000	0.0073534207
2.2444100000	0.0071883502
2.2451300000	0.0070245266
2.2458400000	0.0068615567
2.2465500000	0.0066996916
2.2472700000	0.0065389889
2.2479800000	0.0062802268
2.2486900000	0.0061182521
2.2494000000	0.0059575106
2.2501200000	0.0057981405
2.2508300000	0.0056399172
2.2515400000	0.0054840763
2.2522600000	0.0053304723
2.2529700000	0.0051795036
2.2536800000	0.0050314337
2.2543900000	0.0048871956
2.2551100000	0.0047471813
2.2558200000	0.0046120954
2.2565300000	0.0044826719
2.2572500000	0.0043596767
2.2579600000	0.0042439819
2.2586700000	0.0041364590
2.2593900000	0.0040377566
2.2601000000	0.0039491642
2.2608100000	0.0038717706
2.2615200000	0.0038062132
2.2622400000	0.0037529204
2.2629500000	0.0037133747
2.2636600000	0.0036879059
2.2643800000	0.0036767895
2.2650900000	0.0036805184
2.2658000000	0.0036989009
2.2665200000	0.0037321254
2.2672300000	0.0037796154
2.2679400000	0.0038407834
2.2686500000	0.0039147416
2.2693700000	0.0040003910
2.2700800000	0.0040964483
2.2707900000	0.0042014330
2.2715100000	0.0043137352
2.2722200000	0.0044316441
2.2729300000	0.0045534077
2.2736400000	0.0046772691
2.2743600000	0.0048013330
2.2750700000	0.0049242568
2.2757800000	0.0050443205
2.2765000000	0.0051603967
2.2772100000	0.0052711276
2.2779200000	0.0053754532
2.2786400000	0.0054726765
2.2793500000	0.0055621317
2.2800600000	0.0056433861
2.2807700000	0.0057161964
2.2814900000	0.0057804609
2.2822000000	0.0058362446
2.2829100000	0.0058837322
2.2836300000	0.0059232174
2.2843400000	0.0059550578
2.2850500000	0.0059796856
2.2857700000	0.0059975966
2.2864800000	0.0060093087
2.2871900000	0.0060153439
2.2879000000	0.0060162409
2.2886200000	0.0060125357
2.2893300000	0.0060047304
2.2900400000	0.0059933508
2.2907600000	0.0059788325
2.2914700000	0.0059616499
2.2921800000	0.0059422758
2.2928900000	0.0059209389
2.2936100000	0.0058980767
2.2943200000	0.0058740058
2.2950300000	0.0058490122
2.2957500000	0.0058233524
2.2964600000	0.0057972713
2.2971700000	0.0057709650
2.2978900000	0.0057446168
2.2986000000	0.0057183660
2.2993100000	0.0056923707
2.3000200000	0.0056666480
2.3007400000	0.0056390480
2.3014500000	0.0056120139
2.3021600000	0.0055856274
2.3028800000	0.0055599560
2.3035900000	0.0055350623
2.3043000000	0.0055109814
2.3050200000	0.0054877465
2.3057300000	0.0054654139
2.3064400000	0.0054439392
2.3071500000	0.0054233671
2.3078700000	0.0054036938
2.3085800000	0.0053849298
2.3092900000	0.0053670757
2.3100100000	0.0053501357
2.3107200000	0.0053340979
2.3114300000	0.0053189807
2.3121400000	0.0053047756
2.3128600000	0.0052914907
2.3135700000	0.0052791473
2.3142800000	0.0052677401
2.3150000000	0.0052572975
2.3157100000	0.0052478308
2.3164200000	0.0052393558
2.3171400000	0.0052319098
2.3178500000	0.0052255127
2.3185600000	0.0052201864
2.3192700000	0.0052159685
2.3199900000	0.0052128900
2.3207000000	0.0052109850
2.3214100000	0.0052102663
2.3221300000	0.0052107934
2.3228400000	0.0052125731
2.3235500000	0.0052156469
2.3242600000	0.0052278258
2.3249800000	0.0052332979
2.3256900000	0.0052401546
2.3264000000	0.0052484096
2.3271200000	0.0052580839
2.3278300000	0.0052691962
2.3285400000	0.0052817569
2.3292600000	0.0052957747
2.3299700000	0.0053112588
2.3306800000	0.0053281958
2.3313900000	0.0053465920
2.3321100000	0.0053664401
2.3328200000	0.0053877205
2.3335300000	0.0054104083
2.3342500000	0.0054345023
2.3349600000	0.0054599167
2.3356700000	0.0054866355
2.3363900000	0.0055146080
2.3371000000	0.0055437720
2.3378100000	0.0055740470
2.3385200000	0.0056053548
2.3392400000	0.0056376144
2.3399500000	0.0056707100
2.3406600000	0.0057045230
2.3413800000	0.0057389310
2.3420900000	0.0057737921
2.3428000000	0.0058089505
2.3435100000	0.0058442538
2.3442300000	0.0058795116
2.3449400000	0.0059145341
2.3456500000	0.0059491365
2.3463700000	0.0059831035
2.3470800000	0.0060162202
2.3477900000	0.0060482826
2.3485100000	0.0060790544
2.3492200000	0.0061083208
2.3499300000	0.0061358625
2.3506400000	0.0061614725
2.3513600000	0.0061849468
2.3520700000	0.0062060994
2.3527800000	0.0062247611
2.3535000000	0.0062407440
2.3542100000	0.0062539412
2.3549200000	0.0062642400
2.3556400000	0.0062715459
2.3563500000	0.0062758078
2.3570600000	0.0062770095
2.3577700000	0.0062751405
2.3584900000	0.0062702330
2.3592000000	0.0062623585
2.3599100000	0.0062515968
2.3606300000	0.0062380571
2.3613400000	0.0062218864
2.3620500000	0.0062032389
2.3627600000	0.0061822899
2.3634800000	0.0061592167
2.3641900000	0.0061342314
2.3649000000	0.0061075339
2.3656200000	0.0060793475
2.3663300000	0.0060498810
2.3670400000	0.0060193452
2.3677600000	0.0059879790
2.3684700000	0.0059559440
2.3691800000	0.0059234691
2.3698900000	0.0058907184
2.3706100000	0.0058579086
2.3713200000	0.0058251518
2.3720300000	0.0057926496
2.3727500000	0.0057605298
2.3734600000	0.0057289292
2.3741700000	0.0056979609
2.3748800000	0.0056677535
2.3756000000	0.0056383973
2.3763100000	0.0056099738
2.3770200000	0.0055825518
2.3777400000	0.0055562292
2.3784500000	0.0055310262
2.3791600000	0.0055070205
2.3798800000	0.0054842479
2.3805900000	0.0054627390
2.3813000000	0.0054425291
2.3820100000	0.0054236497
2.3827300000	0.0054061120
2.3834400000	0.0053899360
2.3841500000	0.0053751407
2.3848700000	0.0053617293
2.3855800000	0.0053496889
2.3862900000	0.0053390373
2.3870100000	0.0053297821
2.3877200000	0.0053219177
2.3884300000	0.0053154481
2.3891400000	0.0053103601
2.3898600000	0.0053066679
2.3905700000	0.0053043500
2.3912800000	0.0053034169
2.3920000000	0.0053038546
2.3927100000	0.0053056570
2.3934200000	0.0053088241
2.3941300000	0.0053133462
2.3948500000	0.0053192208
2.3955600000	0.0053264407
2.3962700000	0.0053349957
2.3969900000	0.0053448899
2.3977000000	0.0053561057
2.3984100000	0.0053686464
2.3991300000	0.0053825001
2.3998400000	0.0053976655
2.4005500000	0.0054153505
2.4012600000	0.0054348489
2.4019800000	0.0054558152
2.4026900000	0.0054782404
2.4034000000	0.0055021299
2.4041200000	0.0055266548
2.4048300000	0.0055534486
2.4055400000	0.0055816971
2.4062600000	0.0056114094
2.4069700000	0.0056425791
2.4076800000	0.0056752137
2.4083900000	0.0057093234
2.4091100000	0.0057449110
2.4098200000	0.0057819881
2.4105300000	0.0058205680
2.4112500000	0.0058606607
2.4119600000	0.0059022864
2.4126700000	0.0059454597
2.4133800000	0.0059902043
2.4141000000	0.0060365372
2.4148100000	0.0060844846
2.4155200000	0.0061340690
2.4162400000	0.0061853205
2.4169500000	0.0062382592
2.4176600000	0.0062929320
2.4183800000	0.0063493560
2.4190900000	0.0064075702
2.4198000000	0.0064676099
2.4205100000	0.0065295199
2.4212300000	0.0065933267
2.4219400000	0.0066590833
2.4226500000	0.0067268214
2.4233700000	0.0067965971
2.4240800000	0.0068684429
2.4247900000	0.0069424175
2.4255100000	0.0070185636
2.4262200000	0.0070969351
2.4269300000	0.0071775904
2.4276400000	0.0072605682
2.4283600000	0.0073459464
2.4290700000	0.0074337756
2.4297800000	0.0075241104
2.4305000000	0.0076170278
2.4312100000	0.0077125854
2.4319200000	0.0078108543
2.4326300000	0.0079118963
2.4333500000	0.0080157960
2.4340600000	0.0081226191
2.4347700000	0.0082324461
2.4354900000	0.0083453624
2.4362000000	0.0084614419
2.4369100000	0.0085807716
2.4376300000	0.0087034462
2.4383400000	0.0088295544
2.4390500000	0.0089591833
2.4397600000	0.0090924350
2.4404800000	0.0092293967
2.4411900000	0.0093701921
2.4419000000	0.0095149153
2.4426200000	0.0096636665
2.4433300000	0.0098165690
2.4440400000	0.0099737366
2.4447500000	0.0101352795
2.4454700000	0.0103013237
2.4461800000	0.0104719864
2.4468900000	0.0106473936
2.4476100000	0.0108276780
2.4483200000	0.0110129690
2.4490300000	0.0112033880
2.4497500000	0.0113990903
2.4504600000	0.0116001905
2.4511700000	0.0118068423
2.4518800000	0.0120191749
2.4526000000	0.0122373320
2.4533100000	0.0124614486
2.4540200000	0.0126916631
2.4547400000	0.0129281153
2.4554500000	0.0131709394
2.4561600000	0.0134202618
2.4568800000	0.0136762139
2.4575900000	0.0139389239
2.4583000000	0.0142084989
2.4590100000	0.0144850703
2.4597300000	0.0147687142
2.4604400000	0.0150595478
2.4611500000	0.0153576364
2.4618700000	0.0156630625
2.4625800000	0.0159758712
2.4632900000	0.0162960958
2.4640000000	0.0166237650
2.4647200000	0.0169588740
2.4654300000	0.0173013845
2.4661400000	0.0176512554
2.4668600000	0.0180084016
2.4675700000	0.0183727022
2.4682800000	0.0187439991
2.4690000000	0.0191221369
2.4697100000	0.0195068349
2.4704200000	0.0198978368
2.4711300000	0.0202948023
2.4718500000	0.0206973567
2.4725600000	0.0211050580
2.4732700000	0.0215174159
2.4739900000	0.0219338518
2.4747000000	0.0223537451
2.4754100000	0.0227763972
2.4761300000	0.0232010277
2.4768400000	0.0236267932
2.4775500000	0.0240527800
2.4782600000	0.0244779789
2.4789800000	0.0249013112
2.4796900000	0.0253216384
2.4804000000	0.0257377245
2.4811200000	0.0261482889
2.4818300000	0.0265519664
2.4825400000	0.0269473495
2.4832500000	0.0273329896
2.4839700000	0.0277073241
2.4846800000	0.0280688472
2.4853900000	0.0284160450
2.4861100000	0.0287472150
2.4868200000	0.0290608640
2.4875300000	0.0293777357
2.4882500000	0.0296532044
2.4889600000	0.0299066505
2.4896700000	0.0301366927
2.4903800000	0.0303420137
2.4911000000	0.0305214361
2.4918100000	0.0306739126
2.4925200000	0.0307984467
2.4932400000	0.0308942795
2.4939500000	0.0309607905
2.4946600000	0.0309975157
2.4953800000	0.0310041845
2.4960900000	0.0309806951
2.4968000000	0.0309271432
2.4975100000	0.0308437861
2.4982300000	0.0307310757
2.4989400000	0.0305896508
2.4996500000	0.0304202277
2.5003700000	0.0302125370
2.5010800000	0.0299657260
2.5017900000	0.0296908902
2.5025000000	0.0293898057
2.5032200000	0.0290642771
2.5039300000	0.0287162677
2.5046400000	0.0283475001
2.5053600000	0.0279600435
2.5060700000	0.0275558844
2.5067800000	0.0271369004
2.5075000000	0.0267050537
2.5082100000	0.0262622171
2.5089200000	0.0258102034
2.5096300000	0.0253507580
2.5103500000	0.0248855427
2.5110600000	0.0244161116
2.5117700000	0.0239439479
2.5124900000	0.0234704508
2.5132000000	0.0229968481
2.5139100000	0.0225243252
2.5146200000	0.0220539477
2.5153400000	0.0215866978
2.5160500000	0.0211234467
2.5167600000	0.0206650042
2.5174800000	0.0202120475
2.5181900000	0.0197651489
2.5189000000	0.0193248124
2.5196200000	0.0188915390
2.5203300000	0.0184657267
2.5210400000	0.0180476708
2.5217500000	0.0176376317
2.5224700000	0.0172358340
2.5231800000	0.0168424365
2.5238900000	0.0164575439
2.5246100000	0.0160812375
2.5253200000	0.0157135457
2.5260300000	0.0153544843
2.5267500000	0.0150040330
2.5274600000	0.0146621213
2.5281700000	0.0143286928
2.5288800000	0.0140036583
2.5296000000	0.0136869041
2.5303100000	0.0133783093
2.5310200000	0.0130777430
2.5317400000	0.0127850589
2.5324500000	0.0125001049
2.5331600000	0.0122227279
2.5338700000	0.0119527476
2.5345900000	0.0116900154
2.5353000000	0.0114343505
2.5360100000	0.0111855957
2.5367300000	0.0109435509
2.5374400000	0.0107080871
2.5381500000	0.0104790180
2.5388700000	0.0102561731
2.5395800000	0.0100393888
2.5402900000	0.0098285056
2.5410000000	0.0096233583
2.5417200000	0.0094238088
2.5424300000	0.0092297036
2.5431400000	0.0090408988
2.5438600000	0.0088572553
2.5445700000	0.0086786435
2.5452800000	0.0085049347
2.5460000000	0.0083360098
2.5467100000	0.0081717497
2.5474200000	0.0080120319
2.5481300000	0.0078567800
2.5488500000	0.0077058940
2.5495600000	0.0075592646
2.5502700000	0.0074168091
2.5509900000	0.0072784709
2.5517000000	0.0071441205
2.5524100000	0.0070137172
2.5531200000	0.0068872616
2.5538400000	0.0067646519
2.5545500000	0.0066458258
2.5552600000	0.0065307118
2.5559800000	0.0064193147
2.5566900000	0.0063115712
2.5574000000	0.0062074388
2.5581200000	0.0061068825
2.5588300000	0.0060098552
2.5595400000	0.0059163365
2.5602500000	0.0058262730
2.5609700000	0.0057396444
2.5616800000	0.0056563794
2.5623900000	0.0055764795
2.5631100000	0.0054998831
2.5638200000	0.0054265373
2.5645300000	0.0053563911
2.5652500000	0.0052893926
2.5659600000	0.0052253777
2.5666700000	0.0051644597
2.5673800000	0.0051064939
2.5681000000	0.0050513869
2.5688100000	0.0049990111
2.5695200000	0.0049493583
2.5702400000	0.0049022924
2.5709500000	0.0048576120
2.5716600000	0.0048154021
2.5723700000	0.0047754522
2.5730900000	0.0047133091
2.5738000000	0.0046783973
2.5745100000	0.0046454319
2.5752300000	0.0046142762
2.5759400000	0.0045848162
2.5766500000	0.0045569055
2.5773700000	0.0045304663
2.5780800000	0.0045053561
2.5787900000	0.0044814663
2.5795000000	0.0044586859
2.5802200000	0.0044369164
2.5809300000	0.0044160580
2.5816400000	0.0043960189
2.5823600000	0.0043767174
2.5830700000	0.0043580661
2.5837800000	0.0043400148
2.5844900000	0.0043224889
2.5852100000	0.0043054346
2.5859200000	0.0042888074
2.5866300000	0.0042725519
2.5873500000	0.0042566239
2.5880600000	0.0042410141
2.5887700000	0.0042257157
2.5894900000	0.0042106820
2.5902000000	0.0041959034
2.5909100000	0.0041813532
2.5916200000	0.0041670625
2.5923400000	0.0041529926
2.5930500000	0.0041391643
2.5937600000	0.0041255735
2.5944800000	0.0041122187
2.5951900000	0.0040991055
2.5959000000	0.0040862319
2.5966200000	0.0040736157
2.5973300000	0.0040612577
2.5980400000	0.0040491667
2.5987500000	0.0040373479
2.5994700000	0.0040258132
2.6001800000	0.0040154565
2.6008900000	0.0040080066
2.6016100000	0.0040008197
2.6023200000	0.0039939010
2.6030300000	0.0039872407
2.6037400000	0.0039808502
2.6044600000	0.0039747248
2.6051700000	0.0039688565
2.6058800000	0.0039632443
2.6066000000	0.0039578794
2.6073100000	0.0039527453
2.6080200000	0.0039478368
2.6087400000	0.0039431391
2.6094500000	0.0039386331
2.6101600000	0.0039343078
2.6108700000	0.0039301399
2.6115900000	0.0039261120
2.6123000000	0.0039222033
2.6130100000	0.0039183946
2.6137300000	0.0039146631
2.6144400000	0.0039109880
2.6151500000	0.0039073506
2.6158700000	0.0039037270
2.6165800000	0.0039000764
2.6172900000	0.0038964201
2.6180000000	0.0038927224
2.6187200000	0.0038889607
2.6194300000	0.0038851231
2.6201400000	0.0038811819
2.6208600000	0.0038771431
2.6215700000	0.0038729816
2.6222800000	0.0038686954
2.6229900000	0.0038642704
2.6237100000	0.0038597049
2.6244200000	0.0038549982
2.6251300000	0.0038501462
2.6258500000	0.0038451500
2.6265600000	0.0038400108
2.6272700000	0.0038347346
2.6279900000	0.0038293384
2.6287000000	0.0038238277
2.6294100000	0.0038182110
2.6301200000	0.0038124999
2.6308400000	0.0038067183
2.6315500000	0.0038008713
2.6322600000	0.0037949895
2.6329800000	0.0037890881
2.6336900000	0.0037831853
2.6344000000	0.0037773062
2.6351200000	0.0037714676
2.6358300000	0.0037656962
2.6365400000	0.0037600130
2.6372500000	0.0037544423
2.6379700000	0.0037490014
2.6386800000	0.0037437210
2.6393900000	0.0037386174
2.6401100000	0.0037337263
2.6408200000	0.0037290586
2.6415300000	0.0037246317
2.6422400000	0.0037204701
2.6429600000	0.0037165977
2.6436700000	0.0037130328
2.6443800000	0.0037097931
2.6451000000	0.0037068919
2.6458100000	0.0037043566
2.6465200000	0.0037021960
2.6472400000	0.0037004245
2.6479500000	0.0036990632
2.6486600000	0.0036981228
2.6493700000	0.0036976179
2.6500900000	0.0036975552
2.6508000000	0.0036979482
2.6515100000	0.0036988094
2.6522300000	0.0037001510
2.6529400000	0.0037019815
2.6536500000	0.0037043065
2.6543600000	0.0037071319
2.6550800000	0.0037104734
2.6557900000	0.0037143338
2.6565000000	0.0037187175
2.6572200000	0.0037236323
2.6579300000	0.0037290823
2.6586400000	0.0037350728
2.6593600000	0.0037416165
2.6600700000	0.0037487073
2.6607800000	0.0037563543
2.6614900000	0.0037645589
2.6622100000	0.0037733279
2.6629200000	0.0037826611
2.6636300000	0.0037925685
2.6643500000	0.0038030511
2.6650600000	0.0038141071
2.6657700000	0.0038257444
2.6664900000	0.0038379690
2.6672000000	0.0038507762
2.6679100000	0.0038641776
2.6686200000	0.0038781727
2.6693400000	0.0038927625
2.6700500000	0.0039079493
2.6707600000	0.0039237361
2.6714800000	0.0039401320
2.6721900000	0.0039571406
2.6729000000	0.0039747530
2.6736100000	0.0039929860
2.6743300000	0.0040118352
2.6750400000	0.0040313037
2.6757500000	0.0040514029
2.6764700000	0.0040721283
2.6771800000	0.0040934888
2.6778900000	0.0041154838
2.6786100000	0.0041381184
2.6793200000	0.0041613992
2.6800300000	0.0041853284
2.6807400000	0.0042099060
2.6814600000	0.0042351449
2.6821700000	0.0042610367
2.6828800000	0.0042875944
2.6836000000	0.0043148180
2.6843100000	0.0043427189
2.6850200000	0.0043712884
2.6857400000	0.0044005388
2.6864500000	0.0044304685
2.6871600000	0.0044610895
2.6878700000	0.0044923952
2.6885900000	0.0045243946
2.6893000000	0.0045570920
2.6900100000	0.0045904825
2.6907300000	0.0046245794
2.6914400000	0.0046593771
2.6921500000	0.0046948760
2.6928600000	0.0047310915
2.6935800000	0.0047680045
2.6942900000	0.0048056370
2.6950000000	0.0048439761
2.6957200000	0.0048830249
2.6964300000	0.0049227830
2.6971400000	0.0049632505
2.6978600000	0.0050044268
2.6985700000	0.0050463033
2.6992800000	0.0050888845
2.6999900000	0.0051321664
2.7007100000	0.0051811839
2.7014200000	0.0052311750
2.7021300000	0.0052820902
2.7028500000	0.0053339206
2.7035600000	0.0053866630
2.7042700000	0.0054403056
2.7049800000	0.0054948412
2.7057000000	0.0055502556
2.7064100000	0.0056065310
2.7071200000	0.0056636613
2.7078400000	0.0057216131
2.7085500000	0.0057803782
2.7092600000	0.0058399349
2.7099800000	0.0059002532
2.7106900000	0.0059613009
2.7114000000	0.0060230492
2.7121100000	0.0060854835
2.7128300000	0.0061485400
2.7135400000	0.0062121971
2.7142500000	0.0062764060
2.7149700000	0.0063411265
2.7156800000	0.0064062984
2.7163900000	0.0064718853
2.7171100000	0.0065378196
2.7178200000	0.0066040413
2.7185300000	0.0066704962
2.7192400000	0.0067371080
2.7199600000	0.0068038104
2.7206700000	0.0068705371
2.7213800000	0.0069371975
2.7221000000	0.0070037122
2.7228100000	0.0070699931
2.7235200000	0.0071359621
2.7242300000	0.0072015101
2.7249500000	0.0072665543
2.7256600000	0.0073309886
2.7263700000	0.0073947177
2.7270900000	0.0074576284
2.7278000000	0.0075196143
2.7285100000	0.0075805649
2.7292300000	0.0076403708
2.7299400000	0.0076989178
2.7306500000	0.0077560807
2.7313600000	0.0078117596
2.7320800000	0.0078658270
2.7327900000	0.0079181617
2.7335000000	0.0079686502
2.7342200000	0.0080171850
2.7349300000	0.0080636399
2.7356400000	0.0081079075
2.7363600000	0.0081498752
2.7370700000	0.0081894404
2.7377800000	0.0082264932
2.7384900000	0.0082609492
2.7392100000	0.0082927002
2.7399200000	0.0083216619
2.7406300000	0.0083477565
2.7413500000	0.0083708937
2.7420600000	0.0083910208
2.7427700000	0.0084080666
2.7434800000	0.0084219766
2.7442000000	0.0084327048
2.7449100000	0.0084402177
2.7456200000	0.0084444815
2.7463400000	0.0084454775
2.7470500000	0.0084431960
2.7477600000	0.0084376303
2.7484800000	0.0084287884
2.7491900000	0.0084166840
2.7499000000	0.0084013588
2.7506100000	0.0083828219
2.7513300000	0.0083611326
2.7520400000	0.0083363377
2.7527500000	0.0083084801
2.7534700000	0.0082776432
2.7541800000	0.0082494022
2.7548900000	0.0082127395
2.7556100000	0.0081733191
2.7563200000	0.0081312329
2.7570300000	0.0080865848
2.7577400000	0.0080394691
2.7584600000	0.0079899945
2.7591700000	0.0079382785
2.7598800000	0.0078844270
2.7606000000	0.0078285576
2.7613100000	0.0077707877
2.7620200000	0.0077112335
2.7627300000	0.0076500163
2.7634500000	0.0075872577
2.7641600000	0.0075230748
2.7648700000	0.0074575869
2.7655900000	0.0073909200
2.7663000000	0.0073231834
2.7670100000	0.0072544944
2.7677300000	0.0071849557
2.7684400000	0.0071146970
2.7691500000	0.0070438110
2.7698600000	0.0069724082
2.7705800000	0.0069005862
2.7712900000	0.0068284490
2.7720000000	0.0067560867
2.7727200000	0.0066835938
2.7734300000	0.0066110543
2.7741400000	0.0065385488
2.7748500000	0.0064661629
2.7755700000	0.0063939759
2.7762800000	0.0063220601
2.7769900000	0.0062504789
2.7777100000	0.0061793017
2.7784200000	0.0061085861
2.7791300000	0.0060383830
2.7798500000	0.0059687612
2.7805600000	0.0058997635
2.7812700000	0.0058314347
2.7819800000	0.0057638212
2.7827000000	0.0056969572
2.7834100000	0.0056308888
2.7841200000	0.0055656383
2.7848400000	0.0055012471
2.7855500000	0.0054377450
2.7862600000	0.0053751373
2.7869800000	0.0053134631
2.7876900000	0.0052527356
2.7884000000	0.0051929762
2.7891100000	0.0051341924
2.7898300000	0.0050764043
2.7905400000	0.0050196227
2.7912500000	0.0049638489
2.7919700000	0.0049090925
2.7926800000	0.0048553630
2.7933900000	0.0048026480
2.7941000000	0.0047509658
2.7948200000	0.0047003038
2.7955300000	0.0046506622
2.7962400000	0.0046020348
2.7969600000	0.0045544160
2.7976700000	0.0045078062
2.7983800000	0.0044621911
2.7991000000	0.0044175652
2.7998100000	0.0043739106
2.8005200000	0.0043277258
2.8012300000	0.0042814550
2.8019500000	0.0042364003
2.8026600000	0.0041925422
2.8033700000	0.0041498564
2.8040900000	0.0041083167
2.8048000000	0.0040679014
2.8055100000	0.0040285802
2.8062300000	0.0039903355
2.8069400000	0.0039531241
2.8076500000	0.0039169470
2.8083600000	0.0038817626
2.8090800000	0.0038475458
2.8097900000	0.0038142586
2.8105000000	0.0037818985
2.8112200000	0.0037504261
2.8119300000	0.0037198155
2.8126400000	0.0036900386
2.8133500000	0.0036610787
2.8140700000	0.0036329049
2.8147800000	0.0036054968
2.8154900000	0.0035788243
2.8162100000	0.0035528673
2.8169200000	0.0035276052
2.8176300000	0.0035030138
2.8183500000	0.0034790710
2.8190600000	0.0034557581
2.8197700000	0.0034330569
2.8204800000	0.0034109436
2.8212000000	0.0033894020
2.8219100000	0.0033684201
2.8226200000	0.0033479687
2.8233400000	0.0033280428
2.8240500000	0.0033086154
2.8247600000	0.0032896853
2.8254800000	0.0032712266
2.8261900000	0.0032532342
2.8269000000	0.0032356886
2.8276100000	0.0032185721
2.8283300000	0.0032018925
2.8290400000	0.0031856254
2.8297500000	0.0031697651
2.8304700000	0.0031543012
2.8311800000	0.0031392227
2.8318900000	0.0031245178
2.8326000000	0.0031101850
2.8333200000	0.0030962173
2.8340300000	0.0030826025
2.8347400000	0.0030693334
2.8354600000	0.0030564131
2.8361700000	0.0030438258
2.8368800000	0.0030315747
2.8376000000	0.0030196522
2.8383100000	0.0030080539
2.8390200000	0.0029967765
2.8397300000	0.0029858176
2.8404500000	0.0029751739
2.8411600000	0.0029648427
2.8418700000	0.0029548230
2.8425900000	0.0029451108
2.8433000000	0.0029357055
2.8440100000	0.0029266079
2.8447200000	0.0029178150
2.8454400000	0.0029093268
2.8461500000	0.0029011422
2.8468600000	0.0028926221
2.8475800000	0.0028850724
2.8482900000	0.0028778250
2.8490000000	0.0028708801
2.8497200000	0.0028642379
2.8504300000	0.0028578988
2.8511400000	0.0028518636
2.8518500000	0.0028461321
2.8525700000	0.0028407056
2.8532800000	0.0028355851
2.8539900000	0.0028307704
2.8547100000	0.0028262629
2.8554200000	0.0028220632
2.8561300000	0.0028181727
2.8568500000	0.0028145907
2.8575600000	0.0028113195
2.8582700000	0.0028083589
2.8589800000	0.0028057100
2.8597000000	0.0028033739
2.8604100000	0.0028013505
2.8611200000	0.0027996407
2.8618400000	0.0027982451
2.8625500000	0.0027971643
2.8632600000	0.0027963987
2.8639700000	0.0027959483
2.8646900000	0.0027958141
2.8654000000	0.0027959962
2.8661100000	0.0027964944
2.8668300000	0.0027973087
2.8675400000	0.0027984397
2.8682500000	0.0027998868
2.8689700000	0.0028016505
2.8696800000	0.0028037299
2.8703900000	0.0028061255
2.8711000000	0.0028088353
2.8718200000	0.0028118610
2.8725300000	0.0028152007
2.8732400000	0.0028188534
2.8739600000	0.0028228190
2.8746700000	0.0028270964
2.8753800000	0.0028316851
2.8761000000	0.0028365821
2.8768100000	0.0028417886
2.8775200000	0.0028473021
2.8782300000	0.0028531199
2.8789500000	0.0028592424
2.8796600000	0.0028656665
2.8803700000	0.0028723910
2.8810900000	0.0028794137
2.8818000000	0.0028867315
2.8825100000	0.0028943441
2.8832200000	0.0029022460
2.8839400000	0.0029104363
2.8846500000	0.0029189109
2.8853600000	0.0029276672
2.8860800000	0.0029367022
2.8867900000	0.0029460112
2.8875000000	0.0029555924
2.8882200000	0.0029654395
2.8889300000	0.0029755499
2.8896400000	0.0029859181
2.8903500000	0.0029965392
2.8910700000	0.0030074087
2.8917800000	0.0030185214
2.8924900000	0.0030298726
2.8932100000	0.0030414508
2.8939200000	0.0030532591
2.8946300000	0.0030652814
2.8953500000	0.0030775178
2.8960600000	0.0030899584
2.8967700000	0.0031025962
2.8974800000	0.0031154226
2.8982000000	0.0031284273
2.8989100000	0.0031416060
2.8996200000	0.0031549439
2.9003400000	0.0031701660
2.9010500000	0.0031874607
2.9017600000	0.0032048794
2.9024700000	0.0032224015
2.9031900000	0.0032400092
2.9039000000	0.0032576767
2.9046100000	0.0032753821
2.9053300000	0.0032931067
2.9060400000	0.0033108262
2.9067500000	0.0033285182
2.9074700000	0.0033461551
2.9081800000	0.0033637160
2.9088900000	0.0033811697
2.9096000000	0.0033984954
2.9103200000	0.0034156620
2.9110300000	0.0034326472
2.9117400000	0.0034494147
2.9124600000	0.0034659470
2.9131700000	0.0034822104
2.9138800000	0.0034981760
2.9145900000	0.0035138188
2.9153100000	0.0035291045
2.9160200000	0.0035440101
2.9167300000	0.0035585032
2.9174500000	0.0035725546
2.9181600000	0.0035861387
2.9188700000	0.0035992301
2.9195900000	0.0036117993
2.9203000000	0.0036238125
2.9210100000	0.0036352531
2.9217200000	0.0036460938
2.9224400000	0.0036563056
2.9231500000	0.0036658682
2.9238600000	0.0036747606
2.9245800000	0.0036829548
2.9252900000	0.0036904423
2.9260000000	0.0036971888
2.9267200000	0.0037031902
2.9274300000	0.0037084305
2.9281400000	0.0037128841
2.9288500000	0.0037165470
2.9295700000	0.0037194108
2.9302800000	0.0037214585
2.9309900000	0.0037226879
2.9317100000	0.0037230956
2.9324200000	0.0037226659
2.9331300000	0.0037214089
2.9338400000	0.0037193225
2.9345600000	0.0037164059
2.9352700000	0.0037126620
2.9359800000	0.0037081047
2.9367000000	0.0037027303
2.9374100000	0.0036965555
2.9381200000	0.0036895896
2.9388400000	0.0036818447
2.9395500000	0.0036733352
2.9402600000	0.0036650260
2.9409700000	0.0036550009
2.9416900000	0.0036442574
2.9424000000	0.0036328225
2.9431100000	0.0036207148
2.9438300000	0.0036079517
2.9445400000	0.0035945649
2.9452500000	0.0035805726
2.9459700000	0.0035659981
2.9466800000	0.0035508770
2.9473900000	0.0035352257
2.9481000000	0.0035190754
2.9488200000	0.0035024498
2.9495300000	0.0034853798
2.9502400000	0.0034679002
2.9509600000	0.0034500252
2.9516700000	0.0034317887
2.9523800000	0.0034132194
2.9530900000	0.0033943407
2.9538100000	0.0033751855
2.9545200000	0.0033557780
2.9552300000	0.0033361437
2.9559500000	0.0033163133
2.9566600000	0.0032963020
2.9573700000	0.0032761495
2.9580900000	0.0032558687
2.9588000000	0.0032354881
2.9595100000	0.0032150278
2.9602200000	0.0031945105
2.9609400000	0.0031739592
2.9616500000	0.0031533955
2.9623600000	0.0031328340
2.9630800000	0.0031123020
2.9637900000	0.0030918111
2.9645000000	0.0030713799
2.9652200000	0.0030510245
2.9659300000	0.0030307616
2.9666400000	0.0030106036
2.9673500000	0.0029905663
2.9680700000	0.0029706639
2.9687800000	0.0029509070
2.9694900000	0.0029313062
2.9702100000	0.0029118726
2.9709200000	0.0028926168
2.9716300000	0.0028735477
2.9723400000	0.0028546730
2.9730600000	0.0028360004
2.9737700000	0.0028175360
2.9744800000	0.0027992894
2.9752000000	0.0027812626
2.9759100000	0.0027634643
2.9766200000	0.0027458969
2.9773400000	0.0027285652
2.9780500000	0.0027114721
2.9787600000	0.0026946221
2.9794700000	0.0026780164
2.9801900000	0.0026616576
2.9809000000	0.0026455479
2.9816100000	0.0026296885
2.9823300000	0.0026140808
2.9830400000	0.0025987251
2.9837500000	0.0025836230
2.9844600000	0.0025687733
2.9851800000	0.0025541773
2.9858900000	0.0025398342
2.9866000000	0.0025257434
2.9873200000	0.0025119043
2.9880300000	0.0024983168
2.9887400000	0.0024849792
2.9894600000	0.0024718911
2.9901700000	0.0024590504
2.9908800000	0.0024464567
2.9915900000	0.0024341081
2.9923100000	0.0024219998
2.9930200000	0.0024101354
2.9937300000	0.0023985128
2.9944500000	0.0023871301
2.9951600000	0.0023759839
2.9958700000	0.0023650735
2.9965900000	0.0023543961
2.9973000000	0.0023439509
2.9980100000	0.0023337360
2.9987200000	0.0023237492
2.9994400000	0.0023139886
3.0001500000	0.0023042884
3.0008600000	0.0022942759
3.0015800000	0.0022846162
3.0022900000	0.0022753047
3.0030000000	0.0022663349
3.0037100000	0.0022577020
3.0044300000	0.0022494005
3.0051400000	0.0022414256
3.0058500000	0.0022337715
3.0065700000	0.0022264332
3.0072800000	0.0022194064
3.0079900000	0.0022126851
3.0087100000	0.0022062652
3.0094200000	0.0022001405
3.0101300000	0.0021943070
3.0108400000	0.0021887597
3.0115600000	0.0021834933
3.0122700000	0.0021785039
3.0129800000	0.0021737853
3.0137000000	0.0021693335
3.0144100000	0.0021651423
3.0151200000	0.0021612076
3.0158400000	0.0021575246
3.0165500000	0.0021540869
3.0172600000	0.0021508895
3.0179700000	0.0021479287
3.0186900000	0.0021451982
3.0194000000	0.0021426920
3.0201100000	0.0021404054
3.0208300000	0.0021383330
3.0215400000	0.0021364683
3.0222500000	0.0021348073
3.0229600000	0.0021333430
3.0236800000	0.0021320698
3.0243900000	0.0021309815
3.0251000000	0.0021300730
3.0258200000	0.0021293372
3.0265300000	0.0021287685
3.0272400000	0.0021283602
3.0279600000	0.0021281067
3.0286700000	0.0021280005
3.0293800000	0.0021280359
3.0300900000	0.0021282052
3.0308100000	0.0021285035
3.0315200000	0.0021288973
3.0322300000	0.0021294375
3.0329500000	0.0021300846
3.0336600000	0.0021308313
3.0343700000	0.0021316713
3.0350900000	0.0021325963
3.0358000000	0.0021335994
3.0365100000	0.0021346731
3.0372200000	0.0021358104
3.0379400000	0.0021370036
3.0386500000	0.0021382451
3.0393600000	0.0021395276
3.0400800000	0.0021408436
3.0407900000	0.0021421852
3.0415000000	0.0021435447
3.0422100000	0.0021449150
3.0429300000	0.0021462885
3.0436400000	0.0021476573
3.0443500000	0.0021490139
3.0450700000	0.0021503516
3.0457800000	0.0021516619
3.0464900000	0.0021529377
3.0472100000	0.0021541720
3.0479200000	0.0021553581
3.0486300000	0.0021564880
3.0493400000	0.0021575556
3.0500600000	0.0021585535
3.0507700000	0.0021594748
3.0514800000	0.0021603139
3.0522000000	0.0021610637
3.0529100000	0.0021617180
3.0536200000	0.0021622713
3.0543300000	0.0021627179
3.0550500000	0.0021630520
3.0557600000	0.0021632673
3.0564700000	0.0021633610
3.0571900000	0.0021633269
3.0579000000	0.0021631601
3.0586100000	0.0021628568
3.0593300000	0.0021624134
3.0600400000	0.0021618264
3.0607500000	0.0021610904
3.0614600000	0.0021602048
3.0621800000	0.0021591653
3.0628900000	0.0021579704
3.0636000000	0.0021566170
3.0643200000	0.0021551040
3.0650300000	0.0021534291
3.0657400000	0.0021515919
3.0664600000	0.0021495911
3.0671700000	0.0021474262
3.0678800000	0.0021450969
3.0685900000	0.0021426034
3.0693100000	0.0021399462
3.0700200000	0.0021371259
3.0707300000	0.0021341428
3.0714500000	0.0021309999
3.0721600000	0.0021276978
3.0728700000	0.0021242374
3.0735800000	0.0021206222
3.0743000000	0.0021168546
3.0750100000	0.0021129364
3.0757200000	0.0021088707
3.0764400000	0.0021046609
3.0771500000	0.0021003101
3.0778600000	0.0020958223
3.0785800000	0.0020912003
3.0792900000	0.0020864485
3.0800000000	0.0020815705
3.0807100000	0.0020765713
3.0814300000	0.0020714544
3.0821400000	0.0020662245
3.0828500000	0.0020608869
3.0835700000	0.0020554456
3.0842800000	0.0020499048
3.0849900000	0.0020442695
3.0857100000	0.0020385447
3.0864200000	0.0020327361
3.0871300000	0.0020268472
3.0878400000	0.0020208838
3.0885600000	0.0020148509
3.0892700000	0.0020087526
3.0899800000	0.0020025951
3.0907000000	0.0019963820
3.0914100000	0.0019901181
3.0921200000	0.0019838096
3.0928300000	0.0019774601
3.0935500000	0.0019710750
3.0942600000	0.0019646585
3.0949700000	0.0019582145
3.0956900000	0.0019517484
3.0964000000	0.0019452646
3.0971100000	0.0019387670
3.0978300000	0.0019322594
3.0985400000	0.0019257459
3.0992500000	0.0019192316
3.0999600000	0.0019127203
3.1006800000	0.0019048068
3.1013900000	0.0018968823
3.1021000000	0.0018890308
3.1028200000	0.0018812575
3.1035300000	0.0018735691
3.1042400000	0.0018659709
3.1049500000	0.0018584678
3.1056700000	0.0018510641
3.1063800000	0.0018437646
3.1070900000	0.0018365706
3.1078100000	0.0018294873
3.1085200000	0.0018225166
3.1092300000	0.0018156607
3.1099500000	0.0018089207
3.1106600000	0.0018022996
3.1113700000	0.0017957983
3.1120800000	0.0017894165
3.1128000000	0.0017831553
3.1135100000	0.0017770157
3.1142200000	0.0017709968
3.1149400000	0.0017650988
3.1156500000	0.0017593208
3.1163600000	0.0017536626
3.1170800000	0.0017481229
3.1177900000	0.0017427003
3.1185000000	0.0017373940
3.1192100000	0.0017322028
3.1199300000	0.0017270661
3.1206400000	0.0017220995
3.1213500000	0.0017172408
3.1220700000	0.0017124894
3.1227800000	0.0017078432
3.1234900000	0.0017032999
3.1242000000	0.0016988561
3.1249200000	0.0016945102
3.1256300000	0.0016902592
3.1263400000	0.0016861006
3.1270600000	0.0016820307
3.1277700000	0.0016780482
3.1284800000	0.0016741492
3.1292000000	0.0016703308
3.1299100000	0.0016665905
3.1306200000	0.0016629246
3.1313300000	0.0016593306
3.1320500000	0.0016558054
3.1327600000	0.0016523456
3.1334700000	0.0016489482
3.1341900000	0.0016456107
3.1349000000	0.0016423294
3.1356100000	0.0016391009
3.1363300000	0.0016359230
3.1370400000	0.0016327922
3.1377500000	0.0016297053
3.1384600000	0.0016266606
3.1391800000	0.0016236527
3.1398900000	0.0016206811
3.1406000000	0.0016177414
3.1413200000	0.0016148318
3.1420300000	0.0016119488
3.1427400000	0.0016090895
3.1434500000	0.0016062525
3.1441700000	0.0016034342
3.1448800000	0.0016006315
3.1455900000	0.0015978441
3.1463100000	0.0015950675
3.1470200000	0.0015923005
3.1477300000	0.0015895408
3.1484500000	0.0015867862
3.1491600000	0.0015840340
3.1498700000	0.0015812828
3.1505800000	0.0015785315
3.1513000000	0.0015757773
3.1520100000	0.0015730189
3.1527200000	0.0015702545
3.1534400000	0.0015674833
3.1541500000	0.0015647024
3.1548600000	0.0015619121
3.1555800000	0.0015591100
3.1562900000	0.0015562960
3.1570000000	0.0015534685
3.1577100000	0.0015506263
3.1584300000	0.0015477687
3.1591400000	0.0015448953
3.1598500000	0.0015420059
3.1605700000	0.0015390989
3.1612800000	0.0015361737
3.1619900000	0.0015332310
3.1627000000	0.0015302694
3.1634200000	0.0015272895
3.1641300000	0.0015242906
3.1648400000	0.0015212724
3.1655600000	0.0015182355
3.1662700000	0.0015151795
3.1669800000	0.0015121053
3.1677000000	0.0015090117
3.1684100000	0.0015058996
3.1691200000	0.0015027698
3.1698300000	0.0014996223
3.1705500000	0.0014964576
3.1712600000	0.0014932758
3.1719700000	0.0014900773
3.1726900000	0.0014868635
3.1734000000	0.0014836342
3.1741100000	0.0014803898
3.1748200000	0.0014771326
3.1755400000	0.0014738608
3.1762500000	0.0014705769
3.1769600000	0.0014672812
3.1776800000	0.0014639745
3.1783900000	0.0014606576
3.1791000000	0.0014573308
3.1798200000	0.0014539956
3.1805300000	0.0014506521
3.1812400000	0.0014473016
3.1819500000	0.0014439451
3.1826700000	0.0014405830
3.1833800000	0.0014372161
3.1840900000	0.0014338453
3.1848100000	0.0014304720
3.1855200000	0.0014270965
3.1862300000	0.0014237190
3.1869500000	0.0014203412
3.1876600000	0.0014169642
3.1883700000	0.0014135873
3.1890800000	0.0014102125
3.1898000000	0.0014068402
3.1905100000	0.0014034716
3.1912200000	0.0014001064
3.1919400000	0.0013967457
3.1926500000	0.0013933905
3.1933600000	0.0013900409
3.1940700000	0.0013866980
3.1947900000	0.0013833625
3.1955000000	0.0013800344
3.1962100000	0.0013767147
3.1969300000	0.0013734035
3.1976400000	0.0013701017
3.1983500000	0.0013668095
3.1990700000	0.0013635276
3.1997800000	0.0013602564
3.2004900000	0.0013567703
3.2012000000	0.0013532121
3.2019200000	0.0013496841
3.2026300000	0.0013461868
3.2033400000	0.0013427186
3.2040600000	0.0013393233
3.2047700000	0.0013359089
3.2054800000	0.0013325207
3.2062000000	0.0013291576
3.2069100000	0.0013258187
3.2076200000	0.0013225019
3.2083300000	0.0013192078
3.2090500000	0.0013159343
3.2097600000	0.0013126809
3.2104700000	0.0013094460
3.2111900000	0.0013062288
3.2119000000	0.0013030291
3.2126100000	0.0012998458
3.2133200000	0.0012966774
3.2140400000	0.0012935236
3.2147500000	0.0012903842
3.2154600000	0.0012872574
3.2161800000	0.0012841429
3.2168900000	0.0012810398
3.2176000000	0.0012779487
3.2183200000	0.0012748670
3.2190300000	0.0012717963
3.2197400000	0.0012687344
3.2204500000	0.0012656820
3.2211700000	0.0012626377
3.2218800000	0.0012596027
3.2225900000	0.0012565748
3.2233100000	0.0012535540
3.2240200000	0.0012505407
3.2247300000	0.0012475343
3.2254500000	0.0012445349
3.2261600000	0.0012415419
3.2268700000	0.0012385550
3.2275800000	0.0012355744
3.2283000000	0.0012325991
3.2290100000	0.0012296304
3.2297200000	0.0012266668
3.2304400000	0.0012237094
3.2311500000	0.0012207569
3.2318600000	0.0012178101
3.2325700000	0.0012148692
3.2332900000	0.0012119333
3.2340000000	0.0012090030
3.2347100000	0.0012060773
3.2354300000	0.0012031571
3.2361400000	0.0012002425
3.2368500000	0.0011973327
3.2375700000	0.0011944285
3.2382800000	0.0011915296
3.2389900000	0.0011886362
3.2397000000	0.0011857483
3.2404200000	0.0011828653
3.2411300000	0.0011799886
3.2418400000	0.0011771167
3.2425600000	0.0011742507
3.2432700000	0.0011713899
3.2439800000	0.0011685351
3.2446900000	0.0011656855
3.2454100000	0.0011628418
3.2461200000	0.0011600039
3.2468300000	0.0011571720
3.2475500000	0.0011543455
3.2482600000	0.0011515254
3.2489700000	0.0011487106
3.2496900000	0.0011459024
3.2504000000	0.0011430997
3.2511100000	0.0011403033
3.2518200000	0.0011375131
3.2525400000	0.0011347288
3.2532500000	0.0011319501
3.2539600000	0.0011291785
3.2546800000	0.0011264129
3.2553900000	0.0011236534
3.2561000000	0.0011209000
3.2568200000	0.0011181530
3.2575300000	0.0011154121
3.2582400000	0.0011126778
3.2589500000	0.0011099501
3.2596700000	0.0011072282
3.2603800000	0.0011045129
3.2610900000	0.0011018041
3.2618100000	0.0010991012
3.2625200000	0.0010964046
3.2632300000	0.0010937158
3.2639400000	0.0010910322
3.2646600000	0.0010883554
3.2653700000	0.0010856850
3.2660800000	0.0010830208
3.2668000000	0.0010803628
3.2675100000	0.0010777114
3.2682200000	0.0010750668
3.2689400000	0.0010724286
3.2696500000	0.0010697960
3.2703600000	0.0010671710
3.2710700000	0.0010645521
3.2717900000	0.0010619387
3.2725000000	0.0010593322
3.2732100000	0.0010567325
3.2739300000	0.0010541387
3.2746400000	0.0010515515
3.2753500000	0.0010489707
3.2760700000	0.0010463960
3.2767800000	0.0010438281
3.2774900000	0.0010412658
3.2782000000	0.0010387106
3.2789200000	0.0010361613
3.2796300000	0.0010336185
3.2803400000	0.0010311707
3.2810600000	0.0010286386
3.2817700000	0.0010261134
3.2824800000	0.0010235936
3.2831900000	0.0010210808
3.2839100000	0.0010185739
3.2846200000	0.0010160728
3.2853300000	0.0010135790
3.2860500000	0.0010110907
3.2867600000	0.0010086086
3.2874700000	0.0010061328
3.2881900000	0.0010036634
3.2889000000	0.0010011995
3.2896100000	0.0009987432
3.2903200000	0.0009962918
3.2910400000	0.0009938468
3.2917500000	0.0009914082
3.2924600000	0.0009889746
3.2931800000	0.0009865483
3.2938900000	0.0009841274
3.2946000000	0.0009817131
3.2953200000	0.0009793039
3.2960300000	0.0009769016
3.2967400000	0.0009745055
3.2974500000	0.0009721155
3.2981700000	0.0009697305
3.2988800000	0.0009673517
3.2995900000	0.0009649791
3.3003100000	0.0009629729
3.3010200000	0.0009614445
3.3017300000	0.0009599127
3.3024400000	0.0009583788
3.3031600000	0.0009568403
3.3038700000	0.0009552999
3.3045800000	0.0009537554
3.3053000000	0.0009522083
3.3060100000	0.0009506579
3.3067200000	0.0009491043
3.3074400000	0.0009475481
3.3081500000	0.0009459883
3.3088600000	0.0009444258
3.3095700000	0.0009428602
3.3102900000	0.0009412913
3.3110000000	0.0009397195
3.3117100000	0.0009381449
3.3124300000	0.0009365674
3.3131400000	0.0009349865
3.3138500000	0.0009334030
3.3145600000	0.0009318169
3.3152800000	0.0009302275
3.3159900000	0.0009286351
3.3167000000	0.0009270399
3.3174200000	0.0009254422
3.3181300000	0.0009238413
3.3188400000	0.0009222378
3.3195600000	0.0009206313
3.3202700000	0.0009190226
3.3209800000	0.0009174108
3.3216900000	0.0009157959
3.3224100000	0.0009141789
3.3231200000	0.0009125588
3.3238300000	0.0009109364
3.3245500000	0.0009093114
3.3252600000	0.0009076833
3.3259700000	0.0009060530
3.3266900000	0.0009044201
3.3274000000	0.0009027851
3.3281100000	0.0009011467
3.3288200000	0.0008995066
3.3295400000	0.0008978638
3.3302500000	0.0008962180
3.3309600000	0.0008945702
3.3316800000	0.0008929204
3.3323900000	0.0008912678
3.3331000000	0.0008896130
3.3338100000	0.0008879562
3.3345300000	0.0008862965
3.3352400000	0.0008846345
3.3359500000	0.0008829708
3.3366700000	0.0008813048
3.3373800000	0.0008796366
3.3380900000	0.0008779658
3.3388100000	0.0008762934
3.3395200000	0.0008746192
3.3402300000	0.0008729422
3.3409400000	0.0008712634
3.3416600000	0.0008695832
3.3423700000	0.0008679000
3.3430800000	0.0008662153
3.3438000000	0.0008645288
3.3445100000	0.0008628400
3.3452200000	0.0008611498
3.3459400000	0.0008594575
3.3466500000	0.0008577634
3.3473600000	0.0008560678
3.3480700000	0.0008543704
3.3487900000	0.0008526711
3.3495000000	0.0008509702
3.3502100000	0.0008492679
3.3509300000	0.0008475637
3.3516400000	0.0008458577
3.3523500000	0.0008441504
3.3530600000	0.0008424412
3.3537800000	0.0008407308
3.3544900000	0.0008390188
3.3552000000	0.0008373056
3.3559200000	0.0008355915
3.3566300000	0.0008338752
3.3573400000	0.0008321576
3.3580600000	0.0008304389
3.3587700000	0.0008287191
3.3594800000	0.0008269974
3.3601900000	0.0008252755
3.3609100000	0.0008235522
3.3616200000	0.0008218275
3.3623300000	0.0008201014
3.3630500000	0.0008183746
3.3637600000	0.0008166470
3.3644700000	0.0008149178
3.3651900000	0.0008131877
3.3659000000	0.0008114568
3.3666100000	0.0008097256
3.3673200000	0.0008079930
3.3680400000	0.0008062590
3.3687500000	0.0008045251
3.3694600000	0.0008027896
3.3701800000	0.0008010540
3.3708900000	0.0007993179
3.3716000000	0.0007975804
3.3723100000	0.0007958424
3.3730300000	0.0007941036
3.3737400000	0.0007923654
3.3744500000	0.0007906259
3.3751700000	0.0007888856
3.3758800000	0.0007871452
3.3765900000	0.0007854042
3.3773100000	0.0007836635
3.3780200000	0.0007819216
3.3787300000	0.0007801792
3.3794400000	0.0007784371
3.3801600000	0.0007766946
3.3808700000	0.0007749518
3.3815800000	0.0007732087
3.3823000000	0.0007714653
3.3830100000	0.0007697224
3.3837200000	0.0007679789
3.3844300000	0.0007662353
3.3851500000	0.0007644920
3.3858600000	0.0007627489
3.3865700000	0.0007610051
3.3872900000	0.0007592615
3.3880000000	0.0007575185
3.3887100000	0.0007557756
3.3894300000	0.0007540327
3.3901400000	0.0007522896
3.3908500000	0.0007505475
3.3915600000	0.0007488050
3.3922800000	0.0007470634
3.3929900000	0.0007453216
3.3937000000	0.0007435803
3.3944200000	0.0007418399
3.3951300000	0.0007400993
3.3958400000	0.0007383601
3.3965600000	0.0007366210
3.3972700000	0.0007348819
3.3979800000	0.0007331433
3.3986900000	0.0007314063
3.3994100000	0.0007296691
3.4001200000	0.0007280972
3.4008300000	0.0007273367
3.4015500000	0.0007265775
3.4022600000	0.0007258195
3.4029700000	0.0007250615
3.4036800000	0.0007243055
3.4044000000	0.0007235491
3.4051100000	0.0007227942
3.4058200000	0.0007220409
3.4065400000	0.0007212876
3.4072500000	0.0007205350
3.4079600000	0.0007197836
3.4086800000	0.0007190328
3.4093900000	0.0007182836
3.4101000000	0.0007175348
3.4108100000	0.0007167865
3.4115300000	0.0007160392
3.4122400000	0.0007152928
3.4129500000	0.0007145473
3.4136700000	0.0007138025
3.4143800000	0.0007130584
3.4150900000	0.0007123153
3.4158100000	0.0007115731
3.4165200000	0.0007108315
3.4172300000	0.0007100904
3.4179400000	0.0007093503
3.4186600000	0.0007086115
3.4193700000	0.0007078731
3.4200800000	0.0007071353
3.4208000000	0.0007063985
3.4215100000	0.0007056622
3.4222200000	0.0007049273
3.4229300000	0.0007041922
3.4236500000	0.0007034583
3.4243600000	0.0007027257
3.4250700000	0.0007019927
3.4257900000	0.0007012610
3.4265000000	0.0007005301
3.4272100000	0.0006997995
3.4279300000	0.0006990705
3.4286400000	0.0006983415
3.4293500000	0.0006976133
3.4300600000	0.0006968857
3.4307800000	0.0006961588
3.4314900000	0.0006954326
3.4322000000	0.0006947070
3.4329200000	0.0006939828
3.4336300000	0.0006932581
3.4343400000	0.0006925349
3.4350600000	0.0006918118
3.4357700000	0.0006910902
3.4364800000	0.0006903685
3.4371900000	0.0006896478
3.4379100000	0.0006889272
3.4386200000	0.0006882075
3.4393300000	0.0006874889
3.4400500000	0.0006867705
3.4407600000	0.0006860526
3.4414700000	0.0006853357
3.4421800000	0.0006846188
3.4429000000	0.0006839027
3.4436100000	0.0006831874
3.4443200000	0.0006824724
3.4450400000	0.0006817582
3.4457500000	0.0006810446
3.4464600000	0.0006803315
3.4471800000	0.0006796193
3.4478900000	0.0006789070
3.4486000000	0.0006781956
3.4493100000	0.0006774843
3.4500300000	0.0006767736
3.4507400000	0.0006760639
3.4514500000	0.0006753546
3.4521700000	0.0006746453
3.4528800000	0.0006739372
3.4535900000	0.0006732294
3.4543000000	0.0006725219
3.4550200000	0.0006718152
3.4557300000	0.0006711089
3.4564400000	0.0006704025
3.4571600000	0.0006696969
3.4578700000	0.0006689917
3.4585800000	0.0006682871
3.4593000000	0.0006675831
3.4600100000	0.0006668794
3.4607200000	0.0006661759
3.4614300000	0.0006654733
3.4621500000	0.0006647704
3.4628600000	0.0006640683
3.4635700000	0.0006633667
3.4642900000	0.0006626653
3.4650000000	0.0006619647
3.4657100000	0.0006612642
3.4664300000	0.0006605638
3.4671400000	0.0006598639
3.4678500000	0.0006591646
3.4685600000	0.0006584653
3.4692800000	0.0006577667
3.4699900000	0.0006570681
3.4707000000	0.0006563704
3.4714200000	0.0006556725
3.4721300000	0.0006549747
3.4728400000	0.0006542783
3.4735500000	0.0006535809
3.4742700000	0.0006528841
3.4749800000	0.0006521884
3.4756900000	0.0006514924
3.4764100000	0.0006507965
3.4771200000	0.0006501013
3.4778300000	0.0006494059
3.4785500000	0.0006487104
3.4792600000	0.0006480160
3.4799700000	0.0006473219
3.4806800000	0.0006466273
3.4814000000	0.0006459331
3.4821100000	0.0006452395
3.4828200000	0.0006445458
3.4835400000	0.0006438525
3.4842500000	0.0006431590
3.4849600000	0.0006424662
3.4856800000	0.0006417729
3.4863900000	0.0006410799
3.4871000000	0.0006403875
3.4878100000	0.0006396950
3.4885300000	0.0006390025
3.4892400000	0.0006383105
3.4899500000	0.0006376184
3.4906700000	0.0006369265
3.4913800000	0.0006362344
3.4920900000	0.0006355429
3.4928000000	0.0006348507
3.4935200000	0.0006341593
3.4942300000	0.0006334672
3.4949400000	0.0006327759
3.4956600000	0.0006320842
3.4963700000	0.0006313928
3.4970800000	0.0006307014
3.4978000000	0.0006300100
3.4985100000	0.0006293187
3.4992200000	0.0006286272
3.4999300000	0.0006279362
3.5006500000	0.0006270770
3.5013600000	0.0006262029
3.5020700000	0.0006253300
3.5027900000	0.0006244586
3.5035000000	0.0006235883
3.5042100000	0.0006227194
3.5049200000	0.0006218517
3.5056400000	0.0006209854
3.5063500000	0.0006201202
3.5070600000	0.0006192568
3.5077800000	0.0006183947
3.5084900000	0.0006175335
3.5092000000	0.0006166741
3.5099200000	0.0006158159
3.5106300000	0.0006149588
3.5113400000	0.0006141034
3.5120500000	0.0006132487
3.5127700000	0.0006123961
3.5134800000	0.0006115445
3.5141900000	0.0006106944
3.5149100000	0.0006098451
3.5156200000	0.0006089972
3.5163300000	0.0006081512
3.5170500000	0.0006073056
3.5177600000	0.0006064620
3.5184700000	0.0006056194
3.5191800000	0.0006047784
3.5199000000	0.0006039381
3.5206100000	0.0006030993
3.5213200000	0.0006022623
3.5220400000	0.0006014264
3.5227500000	0.0006005916
3.5234600000	0.0005997581
3.5241700000	0.0005989257
3.5248900000	0.0005980946
3.5256000000	0.0005972652
3.5263100000	0.0005964368
3.5270300000	0.0005956096
3.5277400000	0.0005947841
3.5284500000	0.0005939594
3.5291700000	0.0005931358
3.5298800000	0.0005923141
3.5305900000	0.0005914933
3.5313000000	0.0005906738
3.5320200000	0.0005898555
3.5327300000	0.0005890388
3.5334400000	0.0005882227
3.5341600000	0.0005874084
3.5348700000	0.0005865954
3.5355800000	0.0005857832
3.5363000000	0.0005849723
3.5370100000	0.0005841630
3.5377200000	0.0005833546
3.5384300000	0.0005825476
3.5391500000	0.0005817423
3.5398600000	0.0005809371
3.5405700000	0.0005801341
3.5412900000	0.0005793323
3.5420000000	0.0005785313
3.5427100000	0.0005777317
3.5434200000	0.0005769332
3.5441400000	0.0005761362
3.5448500000	0.0005753406
3.5455600000	0.0005745455
3.5462800000	0.0005737521
3.5469900000	0.0005729600
3.5477000000	0.0005721692
3.5484200000	0.0005713797
3.5491300000	0.0005705905
3.5498400000	0.0005698032
3.5505500000	0.0005690170
3.5512700000	0.0005682321
3.5519800000	0.0005674485
3.5526900000	0.0005666659
3.5534100000	0.0005658843
3.5541200000	0.0005651040
3.5548300000	0.0005643250
3.5555500000	0.0005635475
3.5562600000	0.0005627709
3.5569700000	0.0005619956
3.5576800000	0.0005612214
3.5584000000	0.0005604486
3.5591100000	0.0005596765
3.5598200000	0.0005589056
3.5605400000	0.0005581362
3.5612500000	0.0005573680
3.5619600000	0.0005566013
3.5626700000	0.0005558352
3.5633900000	0.0005550703
3.5641000000	0.0005543068
3.5648100000	0.0005535442
3.5655300000	0.0005527833
3.5662400000	0.0005520227
3.5669500000	0.0005512640
3.5676700000	0.0005505061
3.5683800000	0.0005497493
3.5690900000	0.0005489941
3.5698000000	0.0005482398
3.5705200000	0.0005474866
3.5712300000	0.0005467349
3.5719400000	0.0005459840
3.5726600000	0.0005452343
3.5733700000	0.0005444861
3.5740800000	0.0005437383
3.5747900000	0.0005429923
3.5755100000	0.0005422473
3.5762200000	0.0005415032
3.5769300000	0.0005407603
3.5776500000	0.0005400188
3.5783600000	0.0005392782
3.5790700000	0.0005385387
3.5797900000	0.0005378005
3.5805000000	0.0005370630
3.5812100000	0.0005363274
3.5819200000	0.0005355922
3.5826400000	0.0005348582
3.5833500000	0.0005341259
3.5840600000	0.0005333944
3.5847800000	0.0005326641
3.5854900000	0.0005319347
3.5862000000	0.0005312062
3.5869200000	0.0005304795
3.5876300000	0.0005297530
3.5883400000	0.0005290286
3.5890500000	0.0005283049
3.5897700000	0.0005275823
3.5904800000	0.0005268606
3.5911900000	0.0005261398
3.5919100000	0.0005254208
3.5926200000	0.0005247025
3.5933300000	0.0005239852
3.5940400000	0.0005232697
3.5947600000	0.0005225545
3.5954700000	0.0005218403
3.5961800000	0.0005211280
3.5969000000	0.0005204161
3.5976100000	0.0005197052
3.5983200000	0.0005189959
3.5990400000	0.0005182873
3.5997500000	0.0005175803
3.6004600000	0.0005167876
3.6011700000	0.0005159502
3.6018900000	0.0005151140
3.6026000000	0.0005142786
3.6033100000	0.0005134454
3.6040300000	0.0005126126
3.6047400000	0.0005117817
3.6054500000	0.0005109519
3.6061700000	0.0005101238
3.6068800000	0.0005092967
3.6075900000	0.0005084709
3.6083000000	0.0005076466
3.6090200000	0.0005068238
3.6097300000	0.0005060022
3.6104400000	0.0005051818
3.6111600000	0.0005043628
3.6118700000	0.0005035458
3.6125800000	0.0005027287
3.6132900000	0.0005019142
3.6140100000	0.0005011002
3.6147200000	0.0005002873
3.6154300000	0.0004994765
3.6161500000	0.0004986669
3.6168600000	0.0004978585
3.6175700000	0.0004970515
3.6182900000	0.0004962456
3.6190000000	0.0004954411
3.6197100000	0.0004946380
3.6204200000	0.0004938360
3.6211400000	0.0004930353
3.6218500000	0.0004922355
3.6225600000	0.0004914379
3.6232800000	0.0004906407
3.6239900000	0.0004898460
3.6247000000	0.0004890513
3.6254200000	0.0004882582
3.6261300000	0.0004874669
3.6268400000	0.0004866765
3.6275500000	0.0004858875
3.6282700000	0.0004850999
3.6289800000	0.0004843131
3.6296900000	0.0004835278
3.6304100000	0.0004827438
3.6311200000	0.0004819610
3.6318300000	0.0004811794
3.6325400000	0.0004803991
3.6332600000	0.0004796201
3.6339700000	0.0004788427
3.6346800000	0.0004780661
3.6354000000	0.0004772910
3.6361100000	0.0004765170
3.6368200000	0.0004757444
3.6375400000	0.0004749727
3.6382500000	0.0004742025
3.6389600000	0.0004734339
3.6396700000	0.0004726660
3.6403900000	0.0004718996
3.6411000000	0.0004711340
3.6418100000	0.0004703703
3.6425300000	0.0004696072
3.6432400000	0.0004688457
3.6439500000	0.0004680856
3.6446600000	0.0004673266
3.6453800000	0.0004665686
3.6460900000	0.0004658122
3.6468000000	0.0004650566
3.6475200000	0.0004643024
3.6482300000	0.0004635495
3.6489400000	0.0004627974
3.6496600000	0.0004620472
3.6503700000	0.0004612981
3.6510800000	0.0004605499
3.6517900000	0.0004598029
3.6525100000	0.0004590572
3.6532200000	0.0004583127
3.6539300000	0.0004575694
3.6546500000	0.0004568272
3.6553600000	0.0004560861
3.6560700000	0.0004553465
3.6567900000	0.0004546082
3.6575000000	0.0004538708
3.6582100000	0.0004531347
3.6589200000	0.0004523995
3.6596400000	0.0004516657
3.6603500000	0.0004509333
3.6610600000	0.0004502015
3.6617800000	0.0004494712
3.6624900000	0.0004487426
3.6632000000	0.0004480145
3.6639100000	0.0004472877
3.6646300000	0.0004465622
3.6653400000	0.0004458379
3.6660500000	0.0004451148
3.6667700000	0.0004443925
3.6674800000	0.0004436720
3.6681900000	0.0004429521
3.6689100000	0.0004422338
3.6696200000	0.0004415164
3.6703300000	0.0004408001
3.6710400000	0.0004400849
3.6717600000	0.0004393710
3.6724700000	0.0004386579
3.6731800000	0.0004379464
3.6739000000	0.0004372359
3.6746100000	0.0004365267
3.6753200000	0.0004358185
3.6760400000	0.0004351117
3.6767500000	0.0004344059
3.6774600000	0.0004337008
3.6781700000	0.0004329973
3.6788900000	0.0004322947
3.6796000000	0.0004315932
3.6803100000	0.0004308933
3.6810300000	0.0004301942
3.6817400000	0.0004294962
3.6824500000	0.0004287989
3.6831600000	0.0004281036
3.6838800000	0.0004274088
3.6845900000	0.0004267153
3.6853000000	0.0004260231
3.6860200000	0.0004253315
3.6867300000	0.0004246413
3.6874400000	0.0004239525
3.6881600000	0.0004232644
3.6888700000	0.0004225777
3.6895800000	0.0004218916
3.6902900000	0.0004212073
3.6910100000	0.0004205239
3.6917200000	0.0004198411
3.6924300000	0.0004191602
3.6931500000	0.0004184800
3.6938600000	0.0004178006
3.6945700000	0.0004171224
3.6952900000	0.0004164456
3.6960000000	0.0004157698
3.6967100000	0.0004150951
3.6974200000	0.0004144215
3.6981400000	0.0004137489
3.6988500000	0.0004130773
3.6995600000	0.0004124071
3.7002800000	0.0004117230
3.7009900000	0.0004110175
3.7017000000	0.0004103129
3.7024100000	0.0004096094
3.7031300000	0.0004089074
3.7038400000	0.0004082063
3.7045500000	0.0004075066
3.7052700000	0.0004068081
3.7059800000	0.0004061105
3.7066900000	0.0004054140
3.7074100000	0.0004047193
3.7081200000	0.0004040249
3.7088300000	0.0004033326
3.7095400000	0.0004026409
3.7102600000	0.0004019501
3.7109700000	0.0004012606
3.7116800000	0.0004005727
3.7124000000	0.0003998858
3.7131100000	0.0003991996
3.7138200000	0.0003985151
3.7145300000	0.0003978315
3.7152500000	0.0003971490
3.7159600000	0.0003964679
3.7166700000	0.0003957876
3.7173900000	0.0003951087
3.7181000000	0.0003944307
3.7188100000	0.0003937541
3.7195300000	0.0003930784
3.7202400000	0.0003924040
3.7209500000	0.0003917305
3.7216600000	0.0003910582
3.7223800000	0.0003903878
3.7230900000	0.0003897173
3.7238000000	0.0003890485
3.7245200000	0.0003883812
3.7252300000	0.0003877141
3.7259400000	0.0003870488
3.7266600000	0.0003863844
3.7273700000	0.0003857209
3.7280800000	0.0003850588
3.7287900000	0.0003843980
3.7295100000	0.0003837381
3.7302200000	0.0003830795
3.7309300000	0.0003824214
3.7316500000	0.0003817647
3.7323600000	0.0003811094
3.7330700000	0.0003804549
3.7337800000	0.0003798018
3.7345000000	0.0003791494
3.7352100000	0.0003784979
3.7359200000	0.0003778482
3.7366400000	0.0003771991
3.7373500000	0.0003765509
3.7380600000	0.0003759047
3.7387800000	0.0003752586
3.7394900000	0.0003746144
3.7402000000	0.0003739708
3.7409100000	0.0003733283
3.7416300000	0.0003726867
3.7423400000	0.0003720464
3.7430500000	0.0003714071
3.7437700000	0.0003707693
3.7444800000	0.0003701319
3.7451900000	0.0003694960
3.7459100000	0.0003688607
3.7466200000	0.0003682269
3.7473300000	0.0003675946
3.7480400000	0.0003669624
3.7487600000	0.0003663319
3.7494700000	0.0003657020
3.7501800000	0.0003650738
3.7509000000	0.0003644461
3.7516100000	0.0003638194
3.7523200000	0.0003631941
3.7530300000	0.0003625697
3.7537500000	0.0003619461
3.7544600000	0.0003613241
3.7551700000	0.0003607026
3.7558900000	0.0003600823
3.7566000000	0.0003594633
3.7573100000	0.0003588455
3.7580300000	0.0003582282
3.7587400000	0.0003576122
3.7594500000	0.0003569972
3.7601600000	0.0003563830
3.7608800000	0.0003557701
3.7615900000	0.0003551580
3.7623000000	0.0003545471
3.7630200000	0.0003539373
3.7637300000	0.0003533282
3.7644400000	0.0003527206
3.7651600000	0.0003521138
3.7658700000	0.0003515076
3.7665800000	0.0003509029
3.7672900000	0.0003502990
3.7680100000	0.0003496965
3.7687200000	0.0003490943
3.7694300000	0.0003484940
3.7701500000	0.0003478941
3.7708600000	0.0003472955
3.7715700000	0.0003466976
3.7722800000	0.0003461010
3.7730000000	0.0003455054
3.7737100000	0.0003449104
3.7744200000	0.0003443167
3.7751400000	0.0003437240
3.7758500000	0.0003431321
3.7765600000	0.0003425415
3.7772800000	0.0003419520
3.7779900000	0.0003413629
3.7787000000	0.0003407750
3.7794100000	0.0003401886
3.7801300000	0.0003396028
3.7808400000	0.0003390176
3.7815500000	0.0003384340
3.7822700000	0.0003378512
3.7829800000	0.0003372690
3.7836900000	0.0003366882
3.7844000000	0.0003361084
3.7851200000	0.0003355292
3.7858300000	0.0003349510
3.7865400000	0.0003343742
3.7872600000	0.0003337982
3.7879700000	0.0003332231
3.7886800000	0.0003326491
3.7894000000	0.0003320763
3.7901100000	0.0003315038
3.7908200000	0.0003309324
3.7915300000	0.0003303620
3.7922500000	0.0003297927
3.7929600000	0.0003292244
3.7936700000	0.0003286572
3.7943900000	0.0003280908
3.7951000000	0.0003275250
3.7958100000	0.0003269607
3.7965300000	0.0003263968
3.7972400000	0.0003258347
3.7979500000	0.0003252726
3.7986600000	0.0003247117
3.7993800000	0.0003241521
3.8000900000	0.0003235901
3.8008000000	0.0003230083
3.8015200000	0.0003224280
3.8022300000	0.0003218483
3.8029400000	0.0003212699
3.8036500000	0.0003206927
3.8043700000	0.0003201161
3.8050800000	0.0003195406
3.8057900000	0.0003189660
3.8065100000	0.0003183928
3.8072200000	0.0003178201
3.8079300000	0.0003172487
3.8086500000	0.0003166779
3.8093600000	0.0003161089
3.8100700000	0.0003155403
3.8107800000	0.0003149725
3.8115000000	0.0003144060
3.8122100000	0.0003138406
3.8129200000	0.0003132765
3.8136400000	0.0003127127
3.8143500000	0.0003121501
3.8150600000	0.0003115886
3.8157800000	0.0003110278
3.8164900000	0.0003104684
3.8172000000	0.0003099097
3.8179100000	0.0003093519
3.8186300000	0.0003087953
3.8193400000	0.0003082401
3.8200500000	0.0003076850
3.8207700000	0.0003071311
3.8214800000	0.0003065784
3.8221900000	0.0003060268
3.8229000000	0.0003054758
3.8236200000	0.0003049260
3.8243300000	0.0003043767
3.8250400000	0.0003038287
3.8257600000	0.0003032817
3.8264700000	0.0003027360
3.8271800000	0.0003021909
3.8279000000	0.0003016467
3.8286100000	0.0003011035
3.8293200000	0.0003005611
3.8300300000	0.0003000199
3.8307500000	0.0002994797
3.8314600000	0.0002989403
3.8321700000	0.0002984018
3.8328900000	0.0002978644
3.8336000000	0.0002973275
3.8343100000	0.0002967921
3.8350300000	0.0002962570
3.8357400000	0.0002957238
3.8364500000	0.0002951909
3.8371600000	0.0002946590
3.8378800000	0.0002941279
3.8385900000	0.0002935979
3.8393000000	0.0002930689
3.8400200000	0.0002925405
3.8407300000	0.0002920134
3.8414400000	0.0002914870
3.8421500000	0.0002909615
3.8428700000	0.0002904372
3.8435800000	0.0002899135
3.8442900000	0.0002893909
3.8450100000	0.0002888695
3.8457200000	0.0002883482
3.8464300000	0.0002878283
3.8471500000	0.0002873094
3.8478600000	0.0002867915
3.8485700000	0.0002862745
3.8492800000	0.0002857581
3.8500000000	0.0002852427
3.8507100000	0.0002847284
3.8514200000	0.0002842148
3.8521400000	0.0002837019
3.8528500000	0.0002831903
3.8535600000	0.0002826795
3.8542700000	0.0002821694
3.8549900000	0.0002816606
3.8557000000	0.0002811525
3.8564100000	0.0002806451
3.8571300000	0.0002801385
3.8578400000	0.0002796330
3.8585500000	0.0002791284
3.8592700000	0.0002786245
3.8599800000	0.0002781218
3.8606900000	0.0002776199
3.8614000000	0.0002771187
3.8621200000	0.0002766185
3.8628300000	0.0002761193
3.8635400000	0.0002756208
3.8642600000	0.0002751235
3.8649700000	0.0002746264
3.8656800000	0.0002741306
3.8664000000	0.0002736357
3.8671100000	0.0002731416
3.8678200000	0.0002726484
3.8685300000	0.0002721563
3.8692500000	0.0002716646
3.8699600000	0.0002711741
3.8706700000	0.0002706842
3.8713900000	0.0002701955
3.8721000000	0.0002697072
3.8728100000	0.0002692200
3.8735200000	0.0002687339
3.8742400000	0.0002682482
3.8749500000	0.0002677637
3.8756600000	0.0002672798
3.8763800000	0.0002667971
3.8770900000	0.0002663151
3.8778000000	0.0002658339
3.8785200000	0.0002653534
3.8792300000	0.0002648740
3.8799400000	0.0002643953
3.8806500000	0.0002639174
3.8813700000	0.0002634403
3.8820800000	0.0002629641
3.8827900000	0.0002624888
3.8835100000	0.0002620145
3.8842200000	0.0002615407
3.8849300000	0.0002610678
3.8856500000	0.0002605958
3.8863600000	0.0002601248
3.8870700000	0.0002596544
3.8877800000	0.0002591849
3.8885000000	0.0002587163
3.8892100000	0.0002582485
3.8899200000	0.0002577814
3.8906400000	0.0002573152
3.8913500000	0.0002568498
3.8920600000	0.0002563853
3.8927700000	0.0002559215
3.8934900000	0.0002554586
3.8942000000	0.0002549965
3.8949100000	0.0002545352
3.8956300000	0.0002540747
3.8963400000	0.0002536150
3.8970500000	0.0002531561
3.8977700000	0.0002526981
3.8984800000	0.0002522408
3.8991900000	0.0002517844
3.8999000000	0.0002513287
3.9006200000	0.0002508494
3.9013300000	0.0002503671
3.9020400000	0.0002498857
3.9027600000	0.0002494052
3.9034700000	0.0002489256
3.9041800000	0.0002484469
3.9048900000	0.0002479691
3.9056100000	0.0002474921
3.9063200000	0.0002470161
3.9070300000	0.0002465409
3.9077500000	0.0002460666
3.9084600000	0.0002455932
3.9091700000	0.0002451208
3.9098900000	0.0002446491
3.9106000000	0.0002441784
3.9113100000	0.0002437085
3.9120200000	0.0002432395
3.9127400000	0.0002427713
3.9134500000	0.0002423041
3.9141600000	0.0002418377
3.9148800000	0.0002413722
3.9155900000	0.0002409075
3.9163000000	0.0002404437
3.9170200000	0.0002399808
3.9177300000	0.0002395188
3.9184400000	0.0002390575
3.9191500000	0.0002385972
3.9198700000	0.0002381377
3.9205800000	0.0002376791
3.9212900000	0.0002372213
3.9220100000	0.0002367644
3.9227200000	0.0002363083
3.9234300000	0.0002358532
3.9241400000	0.0002353988
3.9248600000	0.0002349452
3.9255700000	0.0002344926
3.9262800000	0.0002340408
3.9270000000	0.0002335898
3.9277100000	0.0002331397
3.9284200000	0.0002326903
3.9291400000	0.0002322419
3.9298500000	0.0002317943
3.9305600000	0.0002313475
3.9312700000	0.0002309016
3.9319900000	0.0002304564
3.9327000000	0.0002300122
3.9334100000	0.0002295687
3.9341300000	0.0002291261
3.9348400000	0.0002286843
3.9355500000	0.0002282433
3.9362700000	0.0002278032
3.9369800000	0.0002273639
3.9376900000	0.0002269254
3.9384000000	0.0002264877
3.9391200000	0.0002260508
3.9398300000	0.0002256149
3.9405400000	0.0002251796
3.9412600000	0.0002247452
3.9419700000	0.0002243116
3.9426800000	0.0002238788
3.9433900000	0.0002234469
3.9441100000	0.0002230157
3.9448200000	0.0002225853
3.9455300000	0.0002221558
3.9462500000	0.0002217271
3.9469600000	0.0002212991
3.9476700000	0.0002208720
3.9483900000	0.0002204456
3.9491000000	0.0002200202
3.9498100000	0.0002195954
3.9505200000	0.0002191715
3.9512400000	0.0002187483
3.9519500000	0.0002183260
3.9526600000	0.0002179044
3.9533800000	0.0002174837
3.9540900000	0.0002170637
3.9548000000	0.0002166445
3.9555200000	0.0002162261
3.9562300000	0.0002158085
3.9569400000	0.0002153917
3.9576500000	0.0002149757
3.9583700000	0.0002145604
3.9590800000	0.0002141459
3.9597900000	0.0002137322
3.9605100000	0.0002133193
3.9612200000	0.0002129071
3.9619300000	0.0002124957
3.9626400000	0.0002120852
3.9633600000	0.0002116753
3.9640700000	0.0002112663
3.9647800000	0.0002108580
3.9655000000	0.0002104504
3.9662100000	0.0002100437
3.9669200000	0.0002096377
3.9676400000	0.0002092326
3.9683500000	0.0002088281
3.9690600000	0.0002084244
3.9697700000	0.0002080214
3.9704900000	0.0002076192
3.9712000000	0.0002072178
3.9719100000	0.0002068172
3.9726300000	0.0002064173
3.9733400000	0.0002060181
3.9740500000	0.0002056197
3.9747600000	0.0002052221
3.9754800000	0.0002048252
3.9761900000	0.0002044290
3.9769000000	0.0002040336
3.9776200000	0.0002036390
3.9783300000	0.0002032451
3.9790400000	0.0002028519
3.9797600000	0.0002024594
3.9804700000	0.0002020678
3.9811800000	0.0002016768
3.9818900000	0.0002012866
3.9826100000	0.0002008971
3.9833200000	0.0002005084
3.9840300000	0.0002001203
3.9847500000	0.0001997331
3.9854600000	0.0001993465
3.9861700000	0.0001989608
3.9868900000	0.0001985757
3.9876000000	0.0001981913
3.9883100000	0.0001978076
3.9890200000	0.0001974248
3.9897400000	0.0001970426
3.9904500000	0.0001966611
3.9911600000	0.0001962804
3.9918800000	0.0001959003
3.9925900000	0.0001955211
3.9933000000	0.0001951425
3.9940100000	0.0001947646
3.9947300000	0.0001943874
3.9954400000	0.0001940111
3.9961500000	0.0001936353
3.9968700000	0.0001932603
3.9975800000	0.0001928860
3.9982900000	0.0001925124
3.9990100000	0.0001921395
3.9997200000	0.0001917673
4.0004300000	0.0001913753
4.0011400000	0.0001909707
4.0018600000	0.0001905670
4.0025700000	0.0001901639
4.0032800000	0.0001897610
4.0040000000	0.0001893596
4.0047100000	0.0001889590
4.0054200000	0.0001885592
4.0061400000	0.0001881602
4.0068500000	0.0001877620
4.0075600000	0.0001873645
4.0082700000	0.0001869679
4.0089900000	0.0001865721
4.0097000000	0.0001861770
4.0104100000	0.0001857827
4.0111300000	0.0001853892
4.0118400000	0.0001849965
4.0125500000	0.0001846046
4.0132600000	0.0001842134
4.0139800000	0.0001838231
4.0146900000	0.0001834334
4.0154000000	0.0001830447
4.0161200000	0.0001826566
4.0168300000	0.0001822694
4.0175400000	0.0001818828
4.0182600000	0.0001814971
4.0189700000	0.0001811122
4.0196800000	0.0001807280
4.0203900000	0.0001803446
4.0211100000	0.0001799620
4.0218200000	0.0001795801
4.0225300000	0.0001791990
4.0232500000	0.0001788186
4.0239600000	0.0001784391
4.0246700000	0.0001780602
4.0253900000	0.0001776822
4.0261000000	0.0001773049
4.0268100000	0.0001769284
4.0275200000	0.0001765526
4.0282400000	0.0001761776
4.0289500000	0.0001758033
4.0296600000	0.0001754297
4.0303800000	0.0001750570
4.0310900000	0.0001746850
4.0318000000	0.0001743137
4.0325100000	0.0001739432
4.0332300000	0.0001735734
4.0339400000	0.0001732044
4.0346500000	0.0001728361
4.0353700000	0.0001724686
4.0360800000	0.0001721018
4.0367900000	0.0001717357
4.0375100000	0.0001713705
4.0382200000	0.0001710059
4.0389300000	0.0001706421
4.0396400000	0.0001702789
4.0403600000	0.0001699166
4.0410700000	0.0001695550
4.0417800000	0.0001691941
4.0425000000	0.0001688339
4.0432100000	0.0001684745
4.0439200000	0.0001681158
4.0446300000	0.0001677578
4.0453500000	0.0001674006
4.0460600000	0.0001670441
4.0467700000	0.0001666882
4.0474900000	0.0001663332
4.0482000000	0.0001659788
4.0489100000	0.0001656252
4.0496300000	0.0001652723
4.0503400000	0.0001649202
4.0510500000	0.0001645687
4.0517600000	0.0001642179
4.0524800000	0.0001638679
4.0531900000	0.0001635185
4.0539000000	0.0001631699
4.0546200000	0.0001628220
4.0553300000	0.0001624749
4.0560400000	0.0001621283
4.0567600000	0.0001617826
4.0574700000	0.0001614375
4.0581800000	0.0001610932
4.0588900000	0.0001607495
4.0596100000	0.0001604066
4.0603200000	0.0001600643
4.0610300000	0.0001597228
4.0617500000	0.0001593819
4.0624600000	0.0001590418
4.0631700000	0.0001587023
4.0638800000	0.0001583636
4.0646000000	0.0001580256
4.0653100000	0.0001576882
4.0660200000	0.0001573515
4.0667400000	0.0001570155
4.0674500000	0.0001566802
4.0681600000	0.0001563457
4.0688800000	0.0001560118
4.0695900000	0.0001556785
4.0703000000	0.0001553460
4.0710100000	0.0001550141
4.0717300000	0.0001546830
4.0724400000	0.0001543524
4.0731500000	0.0001540226
4.0738700000	0.0001536935
4.0745800000	0.0001533651
4.0752900000	0.0001530373
4.0760100000	0.0001527102
4.0767200000	0.0001523838
4.0774300000	0.0001520580
4.0781400000	0.0001517330
4.0788600000	0.0001514085
4.0795700000	0.0001510848
4.0802800000	0.0001507618
4.0810000000	0.0001504394
4.0817100000	0.0001501177
4.0824200000	0.0001497966
4.0831300000	0.0001494762
4.0838500000	0.0001491565
4.0845600000	0.0001488374
4.0852700000	0.0001485190
4.0859900000	0.0001482013
4.0867000000	0.0001478842
4.0874100000	0.0001475678
4.0881300000	0.0001472520
4.0888400000	0.0001469369
4.0895500000	0.0001466224
4.0902600000	0.0001463086
4.0909800000	0.0001459955
4.0916900000	0.0001456829
4.0924000000	0.0001453711
4.0931200000	0.0001450599
4.0938300000	0.0001447493
4.0945400000	0.0001444394
4.0952600000	0.0001441302
4.0959700000	0.0001438216
4.0966800000	0.0001435136
4.0973900000	0.0001432062
4.0981100000	0.0001428996
4.0988200000	0.0001425935
4.0995300000	0.0001422881
4.1002500000	0.0001419732
4.1009600000	0.0001416398
4.1016700000	0.0001413070
4.1023800000	0.0001409747
4.1031000000	0.0001406430
4.1038100000	0.0001403119
4.1045200000	0.0001399813
4.1052400000	0.0001396514
4.1059500000	0.0001393220
4.1066600000	0.0001389932
4.1073800000	0.0001386650
4.1080900000	0.0001383374
4.1088000000	0.0001380103
4.1095100000	0.0001376838
4.1102300000	0.0001373579
4.1109400000	0.0001370326
4.1116500000	0.0001367078
4.1123700000	0.0001363837
4.1130800000	0.0001360601
4.1137900000	0.0001357371
4.1145000000	0.0001354147
4.1152200000	0.0001350929
4.1159300000	0.0001347716
4.1166400000	0.0001344510
4.1173600000	0.0001341309
4.1180700000	0.0001338114
4.1187800000	0.0001334925
4.1195000000	0.0001331742
4.1202100000	0.0001328564
4.1209200000	0.0001325393
4.1216300000	0.0001322227
4.1223500000	0.0001319067
4.1230600000	0.0001315913
4.1237700000	0.0001312765
4.1244900000	0.0001309623
4.1252000000	0.0001306487
4.1259100000	0.0001303356
4.1266300000	0.0001300231
4.1273400000	0.0001297113
4.1280500000	0.0001294000
4.1287600000	0.0001290893
4.1294800000	0.0001287792
4.1301900000	0.0001284696
4.1309000000	0.0001281607
4.1316200000	0.0001278524
4.1323300000	0.0001275446
4.1330400000	0.0001272374
4.1337500000	0.0001269308
4.1344700000	0.0001266248
4.1351800000	0.0001263194
4.1358900000	0.0001260146
4.1366100000	0.0001257104
4.1373200000	0.0001254067
4.1380300000	0.0001251037
4.1387500000	0.0001248012
4.1394600000	0.0001244994
4.1401700000	0.0001241980
4.1408800000	0.0001238973
4.1416000000	0.0001235972
4.1423100000	0.0001232977
4.1430200000	0.0001229988
4.1437400000	0.0001227005
4.1444500000	0.0001224027
4.1451600000	0.0001221055
4.1458800000	0.0001218090
4.1465900000	0.0001215130
4.1473000000	0.0001212176
4.1480100000	0.0001209227
4.1487300000	0.0001206285
4.1494400000	0.0001203349
4.1501500000	0.0001200419
4.1508700000	0.0001197494
4.1515800000	0.0001194576
4.1522900000	0.0001191662
4.1530000000	0.0001188756
4.1537200000	0.0001185855
4.1544300000	0.0001182959
4.1551400000	0.0001180070
4.1558600000	0.0001177186
4.1565700000	0.0001174309
4.1572800000	0.0001171438
4.1580000000	0.0001168572
4.1587100000	0.0001165712
4.1594200000	0.0001162858
4.1601300000	0.0001160009
4.1608500000	0.0001157167
4.1615600000	0.0001154331
4.1622700000	0.0001151500
4.1629900000	0.0001148675
4.1637000000	0.0001145856
4.1644100000	0.0001143043
4.1651300000	0.0001140236
4.1658400000	0.0001137435
4.1665500000	0.0001134639
4.1672600000	0.0001131850
4.1679800000	0.0001129065
4.1686900000	0.0001126288
4.1694000000	0.0001123515
4.1701200000	0.0001120749
4.1708300000	0.0001117989
4.1715400000	0.0001115234
4.1722500000	0.0001112485
4.1729700000	0.0001109742
4.1736800000	0.0001107005
4.1743900000	0.0001104273
4.1751100000	0.0001101548
4.1758200000	0.0001098828
4.1765300000	0.0001096114
4.1772500000	0.0001093405
4.1779600000	0.0001090704
4.1786700000	0.0001088007
4.1793800000	0.0001085316
4.1801000000	0.0001082631
4.1808100000	0.0001079951
4.1815200000	0.0001077278
4.1822400000	0.0001074610
4.1829500000	0.0001071948
4.1836600000	0.0001069292
4.1843700000	0.0001066642
4.1850900000	0.0001063996
4.1858000000	0.0001061358
4.1865100000	0.0001058725
4.1872300000	0.0001056098
4.1879400000	0.0001053475
4.1886500000	0.0001050860
4.1893700000	0.0001048250
4.1900800000	0.0001045645
4.1907900000	0.0001043046
4.1915000000	0.0001040453
4.1922200000	0.0001037865
4.1929300000	0.0001035284
4.1936400000	0.0001032708
4.1943600000	0.0001030138
4.1950700000	0.0001027573
4.1957800000	0.0001025014
4.1965000000	0.0001022461
4.1972100000	0.0001019914
4.1979200000	0.0001017371
4.1986300000	0.0001014835
4.1993500000	0.0001012305
4.2000600000	0.0001009805
4.2007700000	0.0001007583
4.2014900000	0.0001005359
4.2022000000	0.0001003135
4.2029100000	0.0001000910
4.2036200000	0.0000998683
4.2043400000	0.0000996455
4.2050500000	0.0000994226
4.2057600000	0.0000991996
4.2064800000	0.0000989766
4.2071900000	0.0000987533
4.2079000000	0.0000985301
4.2086200000	0.0000983067
4.2093300000	0.0000980832
4.2100400000	0.0000978596
4.2107500000	0.0000976359
4.2114700000	0.0000974122
4.2121800000	0.0000971882
4.2128900000	0.0000969643
4.2136100000	0.0000967403
4.2143200000	0.0000965162
4.2150300000	0.0000962920
4.2157500000	0.0000960677
4.2164600000	0.0000958433
4.2171700000	0.0000956189
4.2178800000	0.0000953944
4.2186000000	0.0000951698
4.2193100000	0.0000949451
4.2200200000	0.0000947204
4.2207400000	0.0000944956
4.2214500000	0.0000942707
4.2221600000	0.0000940458
4.2228700000	0.0000938208
4.2235900000	0.0000935958
4.2243000000	0.0000933707
4.2250100000	0.0000931455
4.2257300000	0.0000929203
4.2264400000	0.0000926951
4.2271500000	0.0000924697
4.2278700000	0.0000922444
4.2285800000	0.0000920190
4.2292900000	0.0000917935
4.2300000000	0.0000915681
4.2307200000	0.0000913425
4.2314300000	0.0000911170
4.2321400000	0.0000908915
4.2328600000	0.0000906658
4.2335700000	0.0000904402
4.2342800000	0.0000902145
4.2349900000	0.0000899889
4.2357100000	0.0000897632
4.2364200000	0.0000895374
4.2371300000	0.0000893117
4.2378500000	0.0000890859
4.2385600000	0.0000888602
4.2392700000	0.0000886344
4.2399900000	0.0000884086
4.2407000000	0.0000881829
4.2414100000	0.0000879571
4.2421200000	0.0000877313
4.2428400000	0.0000875056
4.2435500000	0.0000872798
4.2442600000	0.0000870541
4.2449800000	0.0000868283
4.2456900000	0.0000866026
4.2464000000	0.0000863769
4.2471200000	0.0000861513
4.2478300000	0.0000859256
4.2485400000	0.0000856988
4.2492500000	0.0000854733
4.2499700000	0.0000852477
4.2506800000	0.0000850222
4.2513900000	0.0000847967
4.2521100000	0.0000845713
4.2528200000	0.0000843459
4.2535300000	0.0000841205
4.2542400000	0.0000838952
4.2549600000	0.0000836700
4.2556700000	0.0000834448
4.2563800000	0.0000832196
4.2571000000	0.0000829946
4.2578100000	0.0000827696
4.2585200000	0.0000825446
4.2592400000	0.0000823198
4.2599500000	0.0000820949
4.2606600000	0.0000818702
4.2613700000	0.0000816456
4.2620900000	0.0000814210
4.2628000000	0.0000811965
4.2635100000	0.0000809721
4.2642300000	0.0000807478
4.2649400000	0.0000805236
4.2656500000	0.0000802995
4.2663700000	0.0000800755
4.2670800000	0.0000798515
4.2677900000	0.0000796277
4.2685000000	0.0000794040
4.2692200000	0.0000791804
4.2699300000	0.0000789569
4.2706400000	0.0000787335
4.2713600000	0.0000785103
4.2720700000	0.0000782872
4.2727800000	0.0000780642
4.2734900000	0.0000778413
4.2742100000	0.0000776186
4.2749200000	0.0000773959
4.2756300000	0.0000771734
4.2763500000	0.0000769511
4.2770600000	0.0000767289
4.2777700000	0.0000765069
4.2784900000	0.0000762850
4.2792000000	0.0000760633
4.2799100000	0.0000758417
4.2806200000	0.0000756203
4.2813400000	0.0000753990
4.2820500000	0.0000751779
4.2827600000	0.0000749570
4.2834800000	0.0000747362
4.2841900000	0.0000745156
4.2849000000	0.0000742952
4.2856200000	0.0000740750
4.2863300000	0.0000738549
4.2870400000	0.0000736351
4.2877500000	0.0000734154
4.2884700000	0.0000731960
4.2891800000	0.0000729766
4.2898900000	0.0000727575
4.2906100000	0.0000725387
4.2913200000	0.0000723200
4.2920300000	0.0000721015
4.2927400000	0.0000718832
4.2934600000	0.0000716651
4.2941700000	0.0000714473
4.2948800000	0.0000712297
4.2956000000	0.0000710123
4.2963100000	0.0000707951
4.2970200000	0.0000705782
4.2977400000	0.0000703615
4.2984500000	0.0000701449
4.2991600000	0.0000699287
4.2998700000	0.0000697127
4.3005900000	0.0000695863
4.3013000000	0.0000694790
4.3020100000	0.0000693718
4.3027300000	0.0000692644
4.3034400000	0.0000691571
4.3041500000	0.0000690496
4.3048600000	0.0000689422
4.3055800000	0.0000688347
4.3062900000	0.0000687272
4.3070000000	0.0000686196
4.3077200000	0.0000685119
4.3084300000	0.0000684042
4.3091400000	0.0000682965
4.3098600000	0.0000681887
4.3105700000	0.0000680808
4.3112800000	0.0000679730
4.3119900000	0.0000678650
4.3127100000	0.0000677570
4.3134200000	0.0000676489
4.3141300000	0.0000675408
4.3148500000	0.0000674326
4.3155600000	0.0000673243
4.3162700000	0.0000672160
4.3169900000	0.0000671077
4.3177000000	0.0000669992
4.3184100000	0.0000668907
4.3191200000	0.0000667822
4.3198400000	0.0000666735
4.3205500000	0.0000665649
4.3212600000	0.0000664561
4.3219800000	0.0000663472
4.3226900000	0.0000662383
4.3234000000	0.0000661294
4.3241100000	0.0000660203
4.3248300000	0.0000659112
4.3255400000	0.0000658020
4.3262500000	0.0000656927
4.3269700000	0.0000655833
4.3276800000	0.0000654739
4.3283900000	0.0000653644
4.3291100000	0.0000652548
4.3298200000	0.0000651452
4.3305300000	0.0000650354
4.3312400000	0.0000649255
4.3319600000	0.0000648156
4.3326700000	0.0000647055
4.3333800000	0.0000645955
4.3341000000	0.0000644853
4.3348100000	0.0000643750
4.3355200000	0.0000642646
4.3362400000	0.0000641542
4.3369500000	0.0000640436
4.3376600000	0.0000639330
4.3383700000	0.0000638222
4.3390900000	0.0000637115
4.3398000000	0.0000636005
4.3405100000	0.0000634895
4.3412300000	0.0000633783
4.3419400000	0.0000632671
4.3426500000	0.0000631557
4.3433600000	0.0000630443
4.3440800000	0.0000629328
4.3447900000	0.0000628211
4.3455000000	0.0000627093
4.3462200000	0.0000625974
4.3469300000	0.0000624854
4.3476400000	0.0000623733
4.3483600000	0.0000622611
4.3490700000	0.0000621488
4.3497800000	0.0000620364
4.3504900000	0.0000619238
4.3512100000	0.0000618112
4.3519200000	0.0000616984
4.3526300000	0.0000615855
4.3533500000	0.0000614725
4.3540600000	0.0000613593
4.3547700000	0.0000612461
4.3554900000	0.0000611327
4.3562000000	0.0000610192
4.3569100000	0.0000609055
4.3576200000	0.0000607918
4.3583400000	0.0000606779
4.3590500000	0.0000605639
4.3597600000	0.0000604498
4.3604800000	0.0000603355
4.3611900000	0.0000602211
4.3619000000	0.0000601066
4.3626100000	0.0000599919
4.3633300000	0.0000598771
4.3640400000	0.0000597622
4.3647500000	0.0000596470
4.3654700000	0.0000595318
4.3661800000	0.0000594165
4.3668900000	0.0000593010
4.3676100000	0.0000591853
4.3683200000	0.0000590696
4.3690300000	0.0000589536
4.3697400000	0.0000588376
4.3704600000	0.0000587214
4.3711700000	0.0000586050
4.3718800000	0.0000584885
4.3726000000	0.0000583718
4.3733100000	0.0000582551
4.3740200000	0.0000581380
4.3747300000	0.0000580209
4.3754500000	0.0000579037
4.3761600000	0.0000577863
4.3768700000	0.0000576687
4.3775900000	0.0000575510
4.3783000000	0.0000574331
4.3790100000	0.0000573150
4.3797300000	0.0000571968
4.3804400000	0.0000570784
4.3811500000	0.0000569599
4.3818600000	0.0000568412
4.3825800000	0.0000567224
4.3832900000	0.0000566033
4.3840000000	0.0000564841
4.3847200000	0.0000563648
4.3854300000	0.0000562452
4.3861400000	0.0000561256
4.3868600000	0.0000560057
4.3875700000	0.0000558857
4.3882800000	0.0000557655
4.3889900000	0.0000556451
4.3897100000	0.0000555245
4.3904200000	0.0000554038
4.3911300000	0.0000552829
4.3918500000	0.0000551619
4.3925600000	0.0000550406
4.3932700000	0.0000549192
4.3939800000	0.0000547975
4.3947000000	0.0000546757
4.3954100000	0.0000545538
4.3961200000	0.0000544316
4.3968400000	0.0000543093
4.3975500000	0.0000541868
4.3982600000	0.0000540641
4.3989800000	0.0000539411
4.3996900000	0.0000538181
4.4004000000	0.0000537204
4.4011100000	0.0000536426
4.4018300000	0.0000535648
4.4025400000	0.0000534871
4.4032500000	0.0000534093
4.4039700000	0.0000533316
4.4046800000	0.0000532540
4.4053900000	0.0000531763
4.4061100000	0.0000530987
4.4068200000	0.0000530211
4.4075300000	0.0000529435
4.4082400000	0.0000528660
4.4089600000	0.0000527885
4.4096700000	0.0000527110
4.4103800000	0.0000526335
4.4111000000	0.0000525560
4.4118100000	0.0000524786
4.4125200000	0.0000524011
4.4132300000	0.0000523238
4.4139500000	0.0000522464
4.4146600000	0.0000521690
4.4153700000	0.0000520917
4.4160900000	0.0000520144
4.4168000000	0.0000519370
4.4175100000	0.0000518598
4.4182300000	0.0000517825
4.4189400000	0.0000517052
4.4196500000	0.0000516280
4.4203600000	0.0000515508
4.4210800000	0.0000514736
4.4217900000	0.0000513963
4.4225000000	0.0000513192
4.4232200000	0.0000512419
4.4239300000	0.0000511648
4.4246400000	0.0000510876
4.4253600000	0.0000510105
4.4260700000	0.0000509333
4.4267800000	0.0000508562
4.4274900000	0.0000507791
4.4282100000	0.0000507020
4.4289200000	0.0000506249
4.4296300000	0.0000505478
4.4303500000	0.0000504708
4.4310600000	0.0000503936
4.4317700000	0.0000503166
4.4324800000	0.0000502395
4.4332000000	0.0000501624
4.4339100000	0.0000500854
4.4346200000	0.0000500083
4.4353400000	0.0000499312
4.4360500000	0.0000498542
4.4367600000	0.0000497771
4.4374800000	0.0000497000
4.4381900000	0.0000496230
4.4389000000	0.0000495459
4.4396100000	0.0000494689
4.4403300000	0.0000493918
4.4410400000	0.0000493147
4.4417500000	0.0000492377
4.4424700000	0.0000491606
4.4431800000	0.0000490835
4.4438900000	0.0000490064
4.4446000000	0.0000489293
4.4453200000	0.0000488522
4.4460300000	0.0000487752
4.4467400000	0.0000486980
4.4474600000	0.0000486209
4.4481700000	0.0000485438
4.4488800000	0.0000484666
4.4496000000	0.0000483895
4.4503100000	0.0000483123
4.4510200000	0.0000482351
4.4517300000	0.0000481580
4.4524500000	0.0000480808
4.4531600000	0.0000480035
4.4538700000	0.0000479263
4.4545900000	0.0000478490
4.4553000000	0.0000477718
4.4560100000	0.0000476945
4.4567300000	0.0000476172
4.4574400000	0.0000475399
4.4581500000	0.0000474626
4.4588600000	0.0000473852
4.4595800000	0.0000473078
4.4602900000	0.0000472304
4.4610000000	0.0000471530
4.4617200000	0.0000470756
4.4624300000	0.0000469981
4.4631400000	0.0000469206
4.4638500000	0.0000468431
4.4645700000	0.0000467656
4.4652800000	0.0000466880
4.4659900000	0.0000466105
4.4667100000	0.0000465328
4.4674200000	0.0000464552
4.4681300000	0.0000463775
4.4688500000	0.0000462998
4.4695600000	0.0000462221
4.4702700000	0.0000461443
4.4709800000	0.0000460665
4.4717000000	0.0000459887
4.4724100000	0.0000459109
4.4731200000	0.0000458330
4.4738400000	0.0000457550
4.4745500000	0.0000456771
4.4752600000	0.0000455991
4.4759800000	0.0000455210
4.4766900000	0.0000454430
4.4774000000	0.0000453649
4.4781100000	0.0000452867
4.4788300000	0.0000452085
4.4795400000	0.0000451303
4.4802500000	0.0000450520
4.4809700000	0.0000449737
4.4816800000	0.0000448953
4.4823900000	0.0000448170
4.4831000000	0.0000447385
4.4838200000	0.0000446600
4.4845300000	0.0000445815
4.4852400000	0.0000445029
4.4859600000	0.0000444243
4.4866700000	0.0000443456
4.4873800000	0.0000442668
4.4881000000	0.0000441881
4.4888100000	0.0000441093
4.4895200000	0.0000440303
4.4902300000	0.0000439514
4.4909500000	0.0000438724
4.4916600000	0.0000437934
4.4923700000	0.0000437143
4.4930900000	0.0000436351
4.4938000000	0.0000435559
4.4945100000	0.0000434767
4.4952300000	0.0000433973
4.4959400000	0.0000433179
4.4966500000	0.0000432385
4.4973600000	0.0000431590
4.4980800000	0.0000430794
4.4987900000	0.0000429998
4.4995000000	0.0000429201
4.5002200000	0.0000428497
4.5009300000	0.0000428007
4.5016400000	0.0000427519
4.5023500000	0.0000427031
4.5030700000	0.0000426543
4.5037800000	0.0000426056
4.5044900000	0.0000425570
4.5052100000	0.0000425083
4.5059200000	0.0000424598
4.5066300000	0.0000424113
4.5073500000	0.0000423628
4.5080600000	0.0000423144
4.5087700000	0.0000422660
4.5094800000	0.0000422177
4.5102000000	0.0000421695
4.5109100000	0.0000421213
4.5116200000	0.0000420731
4.5123400000	0.0000420250
4.5130500000	0.0000419769
4.5137600000	0.0000419289
4.5144700000	0.0000418810
4.5151900000	0.0000418331
4.5159000000	0.0000417852
4.5166100000	0.0000417374
4.5173300000	0.0000416896
4.5180400000	0.0000416419
4.5187500000	0.0000415942
4.5194700000	0.0000415465
4.5201800000	0.0000414990
4.5208900000	0.0000414514
4.5216000000	0.0000414039
4.5223200000	0.0000413565
4.5230300000	0.0000413091
4.5237400000	0.0000412617
4.5244600000	0.0000412144
4.5251700000	0.0000411671
4.5258800000	0.0000411199
4.5266000000	0.0000410727
4.5273100000	0.0000410255
4.5280200000	0.0000409784
4.5287300000	0.0000409314
4.5294500000	0.0000408844
4.5301600000	0.0000408373
4.5308700000	0.0000407904
4.5315900000	0.0000407436
4.5323000000	0.0000406967
4.5330100000	0.0000406499
4.5337200000	0.0000406031
4.5344400000	0.0000405564
4.5351500000	0.0000405097
4.5358600000	0.0000404631
4.5365800000	0.0000404164
4.5372900000	0.0000403699
4.5380000000	0.0000403234
4.5387200000	0.0000402769
4.5394300000	0.0000402304
4.5401400000	0.0000401840
4.5408500000	0.0000401376
4.5415700000	0.0000400913
4.5422800000	0.0000400450
4.5429900000	0.0000399987
4.5437100000	0.0000399524
4.5444200000	0.0000399062
4.5451300000	0.0000398601
4.5458500000	0.0000398140
4.5465600000	0.0000397679
4.5472700000	0.0000397218
4.5479800000	0.0000396758
4.5487000000	0.0000396298
4.5494100000	0.0000395838
4.5501200000	0.0000395379
4.5508400000	0.0000394920
4.5515500000	0.0000394462
4.5522600000	0.0000394003
4.5529700000	0.0000393546
4.5536900000	0.0000393088
4.5544000000	0.0000392630
4.5551100000	0.0000392174
4.5558300000	0.0000391717
4.5565400000	0.0000391260
4.5572500000	0.0000390804
4.5579700000	0.0000390348
4.5586800000	0.0000389893
4.5593900000	0.0000389438
4.5601000000	0.0000388983
4.5608200000	0.0000388528
4.5615300000	0.0000388074
4.5622400000	0.0000387620
4.5629600000	0.0000387166
4.5636700000	0.0000386712
4.5643800000	0.0000386259
4.5651000000	0.0000385805
4.5658100000	0.0000385353
4.5665200000	0.0000384900
4.5672300000	0.0000384448
4.5679500000	0.0000383995
4.5686600000	0.0000383544
4.5693700000	0.0000383092
4.5700900000	0.0000382641
4.5708000000	0.0000382190
4.5715100000	0.0000381739
4.5722200000	0.0000381288
4.5729400000	0.0000380837
4.5736500000	0.0000380387
4.5743600000	0.0000379937
4.5750800000	0.0000379487
4.5757900000	0.0000379037
4.5765000000	0.0000378587
4.5772200000	0.0000378137
4.5779300000	0.0000377688
4.5786400000	0.0000377239
4.5793500000	0.0000376790
4.5800700000	0.0000376342
4.5807800000	0.0000375893
4.5814900000	0.0000375445
4.5822100000	0.0000374997
4.5829200000	0.0000374548
4.5836300000	0.0000374100
4.5843400000	0.0000373653
4.5850600000	0.0000373205
4.5857700000	0.0000372757
4.5864800000	0.0000372310
4.5872000000	0.0000371863
4.5879100000	0.0000371416
4.5886200000	0.0000370969
4.5893400000	0.0000370522
4.5900500000	0.0000370075
4.5907600000	0.0000369628
4.5914700000	0.0000369181
4.5921900000	0.0000368735
4.5929000000	0.0000368288
4.5936100000	0.0000367842
4.5943300000	0.0000367396
4.5950400000	0.0000366950
4.5957500000	0.0000366503
4.5964700000	0.0000366057
4.5971800000	0.0000365611
4.5978900000	0.0000365165
4.5986000000	0.0000364719
4.5993200000	0.0000364273
4.6000300000	0.0000363833
4.6007400000	0.0000363531
4.6014600000	0.0000363230
4.6021700000	0.0000362930
4.6028800000	0.0000362629
4.6035900000	0.0000362330
4.6043100000	0.0000362032
4.6050200000	0.0000361734
4.6057300000	0.0000361437
4.6064500000	0.0000361140
4.6071600000	0.0000360844
4.6078700000	0.0000360549
4.6085900000	0.0000360255
4.6093000000	0.0000359961
4.6100100000	0.0000359668
4.6107200000	0.0000359376
4.6114400000	0.0000359084
4.6121500000	0.0000358793
4.6128600000	0.0000358502
4.6135800000	0.0000358213
4.6142900000	0.0000357924
4.6150000000	0.0000357636
4.6157200000	0.0000357348
4.6164300000	0.0000357061
4.6171400000	0.0000356775
4.6178500000	0.0000356489
4.6185700000	0.0000356204
4.6192800000	0.0000355920
4.6199900000	0.0000355636
4.6207100000	0.0000355353
4.6214200000	0.0000355071
4.6221300000	0.0000354790
4.6228400000	0.0000354509
4.6235600000	0.0000354229
4.6242700000	0.0000353949
4.6249800000	0.0000353671
4.6257000000	0.0000353392
4.6264100000	0.0000353115
4.6271200000	0.0000352838
4.6278400000	0.0000352562
4.6285500000	0.0000352286
4.6292600000	0.0000352012
4.6299700000	0.0000351737
4.6306900000	0.0000351464
4.6314000000	0.0000351192
4.6321100000	0.0000350920
4.6328300000	0.0000350648
4.6335400000	0.0000350377
4.6342500000	0.0000350107
4.6349600000	0.0000349838
4.6356800000	0.0000349570
4.6363900000	0.0000349302
4.6371000000	0.0000349034
4.6378200000	0.0000348767
4.6385300000	0.0000348502
4.6392400000	0.0000348236
4.6399600000	0.0000347972
4.6406700000	0.0000347708
4.6413800000	0.0000347445
4.6420900000	0.0000347182
4.6428100000	0.0000346920
4.6435200000	0.0000346659
4.6442300000	0.0000346398
4.6449500000	0.0000346139
4.6456600000	0.0000345880
4.6463700000	0.0000345621
4.6470900000	0.0000345363
4.6478000000	0.0000345106
4.6485100000	0.0000344850
4.6492200000	0.0000344594
4.6499400000	0.0000344339
4.6506500000	0.0000344085
4.6513600000	0.0000343831
4.6520800000	0.0000343578
4.6527900000	0.0000343326
4.6535000000	0.0000343074
4.6542100000	0.0000342823
4.6549300000	0.0000342573
4.6556400000	0.0000342323
4.6563500000	0.0000342075
4.6570700000	0.0000341826
4.6577800000	0.0000341579
4.6584900000	0.0000341332
4.6592100000	0.0000341086
4.6599200000	0.0000340840
4.6606300000	0.0000340595
4.6613400000	0.0000340351
4.6620600000	0.0000340108
4.6627700000	0.0000339865
4.6634800000	0.0000339623
4.6642000000	0.0000339381
4.6649100000	0.0000339141
4.6656200000	0.0000338901
4.6663400000	0.0000338661
4.6670500000	0.0000338423
4.6677600000	0.0000338185
4.6684700000	0.0000337948
4.6691900000	0.0000337711
4.6699000000	0.0000337475
4.6706100000	0.0000337240
4.6713300000	0.0000337005
4.6720400000	0.0000336771
4.6727500000	0.0000336538
4.6734600000	0.0000336306
4.6741800000	0.0000336075
4.6748900000	0.0000335843
4.6756000000	0.0000335613
4.6763200000	0.0000335383
4.6770300000	0.0000335154
4.6777400000	0.0000334926
4.6784600000	0.0000334698
4.6791700000	0.0000334471
4.6798800000	0.0000334245
4.6805900000	0.0000334019
4.6813100000	0.0000333795
4.6820200000	0.0000333570
4.6827300000	0.0000333347
4.6834500000	0.0000333124
4.6841600000	0.0000332902
4.6848700000	0.0000332681
4.6855900000	0.0000332460
4.6863000000	0.0000332240
4.6870100000	0.0000332021
4.6877200000	0.0000331802
4.6884400000	0.0000331584
4.6891500000	0.0000331367
4.6898600000	0.0000331151
4.6905800000	0.0000330935
4.6912900000	0.0000330720
4.6920000000	0.0000330506
4.6927100000	0.0000330292
4.6934300000	0.0000330079
4.6941400000	0.0000329867
4.6948500000	0.0000329655
4.6955700000	0.0000329444
4.6962800000	0.0000329234
4.6969900000	0.0000329025
4.6977100000	0.0000328816
4.6984200000	0.0000328608
4.6991300000	0.0000328401
4.6998400000	0.0000328194
4.7005600000	0.0000327936
4.7012700000	0.0000327663
4.7019800000	0.0000327391
4.7027000000	0.0000327119
4.7034100000	0.0000326848
4.7041200000	0.0000326578
4.7048300000	0.0000326308
4.7055500000	0.0000326038
4.7062600000	0.0000325770
4.7069700000	0.0000325501
4.7076900000	0.0000325234
4.7084000000	0.0000324967
4.7091100000	0.0000324700
4.7098300000	0.0000324434
4.7105400000	0.0000324169
4.7112500000	0.0000323904
4.7119600000	0.0000323639
4.7126800000	0.0000323375
4.7133900000	0.0000323112
4.7141000000	0.0000322850
4.7148200000	0.0000322588
4.7155300000	0.0000322327
4.7162400000	0.0000322065
4.7169600000	0.0000321805
4.7176700000	0.0000321545
4.7183800000	0.0000321285
4.7190900000	0.0000321027
4.7198100000	0.0000320768
4.7205200000	0.0000320511
4.7212300000	0.0000320254
4.7219500000	0.0000319997
4.7226600000	0.0000319741
4.7233700000	0.0000319486
4.7240800000	0.0000319231
4.7248000000	0.0000318977
4.7255100000	0.0000318723
4.7262200000	0.0000318470
4.7269400000	0.0000318217
4.7276500000	0.0000317965
4.7283600000	0.0000317713
4.7290800000	0.0000317462
4.7297900000	0.0000317212
4.7305000000	0.0000316962
4.7312100000	0.0000316713
4.7319300000	0.0000316464
4.7326400000	0.0000316216
4.7333500000	0.0000315968
4.7340700000	0.0000315721
4.7347800000	0.0000315474
4.7354900000	0.0000315228
4.7362100000	0.0000314982
4.7369200000	0.0000314738
4.7376300000	0.0000314493
4.7383400000	0.0000314249
4.7390600000	0.0000314006
4.7397700000	0.0000313763
4.7404800000	0.0000313520
4.7412000000	0.0000313279
4.7419100000	0.0000313038
4.7426200000	0.0000312798
4.7433300000	0.0000312557
4.7440500000	0.0000312318
4.7447600000	0.0000312079
4.7454700000	0.0000311841
4.7461900000	0.0000311603
4.7469000000	0.0000311365
4.7476100000	0.0000311129
4.7483300000	0.0000310893
4.7490400000	0.0000310657
4.7497500000	0.0000310422
4.7504600000	0.0000310187
4.7511800000	0.0000309953
4.7518900000	0.0000309720
4.7526000000	0.0000309487
4.7533200000	0.0000309254
4.7540300000	0.0000309023
4.7547400000	0.0000308791
4.7554600000	0.0000308561
4.7561700000	0.0000308330
4.7568800000	0.0000308101
4.7575900000	0.0000307872
4.7583100000	0.0000307643
4.7590200000	0.0000307415
4.7597300000	0.0000307188
4.7604500000	0.0000306960
4.7611600000	0.0000306734
4.7618700000	0.0000306509
4.7625800000	0.0000306283
4.7633000000	0.0000306058
4.7640100000	0.0000305834
4.7647200000	0.0000305610
4.7654400000	0.0000305387
4.7661500000	0.0000305165
4.7668600000	0.0000304943
4.7675800000	0.0000304722
4.7682900000	0.0000304500
4.7690000000	0.0000304280
4.7697100000	0.0000304060
4.7704300000	0.0000303841
4.7711400000	0.0000303622
4.7718500000	0.0000303404
4.7725700000	0.0000303186
4.7732800000	0.0000302969
4.7739900000	0.0000302752
4.7747000000	0.0000302537
4.7754200000	0.0000302321
4.7761300000	0.0000302106
4.7768400000	0.0000301891
4.7775600000	0.0000301678
4.7782700000	0.0000301465
4.7789800000	0.0000301251
4.7797000000	0.0000301039
4.7804100000	0.0000300828
4.7811200000	0.0000300617
4.7818300000	0.0000300406
4.7825500000	0.0000300196
4.7832600000	0.0000299986
4.7839700000	0.0000299778
4.7846900000	0.0000299569
4.7854000000	0.0000299361
4.7861100000	0.0000299154
4.7868300000	0.0000298947
4.7875400000	0.0000298741
4.7882500000	0.0000298535
4.7889600000	0.0000298330
4.7896800000	0.0000298125
4.7903900000	0.0000297921
4.7911000000	0.0000297718
4.7918200000	0.0000297515
4.7925300000	0.0000297312
4.7932400000	0.0000297110
4.7939500000	0.0000296909
4.7946700000	0.0000296708
4.7953800000	0.0000296508
4.7960900000	0.0000296308
4.7968100000	0.0000296109
4.7975200000	0.0000295910
4.7982300000	0.0000295712
4.7989500000	0.0000295515
4.7996600000	0.0000295318
4.8003700000	0.0000295084
4.8010800000	0.0000294818
4.8018000000	0.0000294552
4.8025100000	0.0000294286
4.8032200000	0.0000294020
4.8039400000	0.0000293755
4.8046500000	0.0000293491
4.8053600000	0.0000293227
4.8060800000	0.0000292963
4.8067900000	0.0000292700
4.8075000000	0.0000292438
4.8082100000	0.0000292176
4.8089300000	0.0000291914
4.8096400000	0.0000291653
4.8103500000	0.0000291392
4.8110700000	0.0000291132
4.8117800000	0.0000290872
4.8124900000	0.0000290612
4.8132000000	0.0000290353
4.8139200000	0.0000290095
4.8146300000	0.0000289837
4.8153400000	0.0000289579
4.8160600000	0.0000289321
4.8167700000	0.0000289065
4.8174800000	0.0000288809
4.8182000000	0.0000288553
4.8189100000	0.0000288297
4.8196200000	0.0000288043
4.8203300000	0.0000287788
4.8210500000	0.0000287534
4.8217600000	0.0000287281
4.8224700000	0.0000287027
4.8231900000	0.0000286775
4.8239000000	0.0000286523
4.8246100000	0.0000286271
4.8253300000	0.0000286019
4.8260400000	0.0000285768
4.8267500000	0.0000285518
4.8274600000	0.0000285268
4.8281800000	0.0000285018
4.8288900000	0.0000284770
4.8296000000	0.0000284520
4.8303200000	0.0000284272
4.8310300000	0.0000284025
4.8317400000	0.0000283777
4.8324500000	0.0000283531
4.8331700000	0.0000283284
4.8338800000	0.0000283038
4.8345900000	0.0000282792
4.8353100000	0.0000282547
4.8360200000	0.0000282302
4.8367300000	0.0000282058
4.8374500000	0.0000281814
4.8381600000	0.0000281571
4.8388700000	0.0000281328
4.8395800000	0.0000281085
4.8403000000	0.0000280843
4.8410100000	0.0000280602
4.8417200000	0.0000280360
4.8424400000	0.0000280120
4.8431500000	0.0000279879
4.8438600000	0.0000279639
4.8445700000	0.0000279400
4.8452900000	0.0000279161
4.8460000000	0.0000278922
4.8467100000	0.0000278684
4.8474300000	0.0000278446
4.8481400000	0.0000278209
4.8488500000	0.0000277972
4.8495700000	0.0000277735
4.8502800000	0.0000277499
4.8509900000	0.0000277264
4.8517000000	0.0000277028
4.8524200000	0.0000276794
4.8531300000	0.0000276560
4.8538400000	0.0000276325
4.8545600000	0.0000276092
4.8552700000	0.0000275859
4.8559800000	0.0000275626
4.8567000000	0.0000275394
4.8574100000	0.0000275162
4.8581200000	0.0000274931
4.8588300000	0.0000274700
4.8595500000	0.0000274470
4.8602600000	0.0000274239
4.8609700000	0.0000274010
4.8616900000	0.0000273781
4.8624000000	0.0000273552
4.8631100000	0.0000273324
4.8638200000	0.0000273096
4.8645400000	0.0000272868
4.8652500000	0.0000272641
4.8659600000	0.0000272414
4.8666800000	0.0000272188
4.8673900000	0.0000271963
4.8681000000	0.0000271737
4.8688200000	0.0000271512
4.8695300000	0.0000271287
4.8702400000	0.0000271063
4.8709500000	0.0000270839
4.8716700000	0.0000270616
4.8723800000	0.0000270394
4.8730900000	0.0000270171
4.8738100000	0.0000269949
4.8745200000	0.0000269727
4.8752300000	0.0000269506
4.8759500000	0.0000269285
4.8766600000	0.0000269065
4.8773700000	0.0000268845
4.8780800000	0.0000268625
4.8788000000	0.0000268406
4.8795100000	0.0000268187
4.8802200000	0.0000267969
4.8809400000	0.0000267752
4.8816500000	0.0000267534
4.8823600000	0.0000267317
4.8830700000	0.0000267100
4.8837900000	0.0000266884
4.8845000000	0.0000266668
4.8852100000	0.0000266453
4.8859300000	0.0000266238
4.8866400000	0.0000266023
4.8873500000	0.0000265809
4.8880700000	0.0000265595
4.8887800000	0.0000265382
4.8894900000	0.0000265169
4.8902000000	0.0000264957
4.8909200000	0.0000264745
4.8916300000	0.0000264533
4.8923400000	0.0000264322
4.8930600000	0.0000264111
4.8937700000	0.0000263900
4.8944800000	0.0000263691
4.8952000000	0.0000263481
4.8959100000	0.0000263272
4.8966200000	0.0000263063
4.8973300000	0.0000262854
4.8980500000	0.0000262646
4.8987600000	0.0000262439
4.8994700000	0.0000262232
4.9001900000	0.0000262013
4.9009000000	0.0000261762
4.9016100000	0.0000261510
4.9023200000	0.0000261259
4.9030400000	0.0000261009
4.9037500000	0.0000260759
4.9044600000	0.0000260509
4.9051800000	0.0000260260
4.9058900000	0.0000260011
4.9066000000	0.0000259763
4.9073200000	0.0000259515
4.9080300000	0.0000259267
4.9087400000	0.0000259019
4.9094500000	0.0000258772
4.9101700000	0.0000258526
4.9108800000	0.0000258279
4.9115900000	0.0000258033
4.9123100000	0.0000257788
4.9130200000	0.0000257543
4.9137300000	0.0000257298
4.9144400000	0.0000257053
4.9151600000	0.0000256809
4.9158700000	0.0000256566
4.9165800000	0.0000256322
4.9173000000	0.0000256079
4.9180100000	0.0000255837
4.9187200000	0.0000255594
4.9194400000	0.0000255352
4.9201500000	0.0000255111
4.9208600000	0.0000254869
4.9215700000	0.0000254629
4.9222900000	0.0000254388
4.9230000000	0.0000254148
4.9237100000	0.0000253908
4.9244300000	0.0000253669
4.9251400000	0.0000253430
4.9258500000	0.0000253191
4.9265700000	0.0000252953
4.9272800000	0.0000252715
4.9279900000	0.0000252477
4.9287000000	0.0000252240
4.9294200000	0.0000252003
4.9301300000	0.0000251767
4.9308400000	0.0000251530
4.9315600000	0.0000251295
4.9322700000	0.0000251059
4.9329800000	0.0000250824
4.9336900000	0.0000250589
4.9344100000	0.0000250355
4.9351200000	0.0000250121
4.9358300000	0.0000249887
4.9365500000	0.0000249654
4.9372600000	0.0000249421
4.9379700000	0.0000249188
4.9386900000	0.0000248956
4.9394000000	0.0000248724
4.9401100000	0.0000248493
4.9408200000	0.0000248261
4.9415400000	0.0000248030
4.9422500000	0.0000247800
4.9429600000	0.0000247570
4.9436800000	0.0000247340
4.9443900000	0.0000247110
4.9451000000	0.0000246881
4.9458200000	0.0000246652
4.9465300000	0.0000246424
4.9472400000	0.0000246196
4.9479500000	0.0000245968
4.9486700000	0.0000245740
4.9493800000	0.0000245513
4.9500900000	0.0000245287
4.9508100000	0.0000245060
4.9515200000	0.0000244834
4.9522300000	0.0000244608
4.9529400000	0.0000244383
4.9536600000	0.0000244158
4.9543700000	0.0000243933
4.9550800000	0.0000243709
4.9558000000	0.0000243485
4.9565100000	0.0000243261
4.9572200000	0.0000243038
4.9579400000	0.0000242815
4.9586500000	0.0000242592
4.9593600000	0.0000242370
4.9600700000	0.0000242148
4.9607900000	0.0000241926
4.9615000000	0.0000241705
4.9622100000	0.0000241484
4.9629300000	0.0000241263
4.9636400000	0.0000241043
4.9643500000	0.0000240823
4.9650700000	0.0000240603
4.9657800000	0.0000240384
4.9664900000	0.0000240165
4.9672000000	0.0000239947
4.9679200000	0.0000239728
4.9686300000	0.0000239510
4.9693400000	0.0000239293
4.9700600000	0.0000239075
4.9707700000	0.0000238859
4.9714800000	0.0000238642
4.9721900000	0.0000238425
4.9729100000	0.0000238210
4.9736200000	0.0000237994
4.9743300000	0.0000237779
4.9750500000	0.0000237564
4.9757600000	0.0000237349
4.9764700000	0.0000237135
4.9771900000	0.0000236921
4.9779000000	0.0000236707
4.9786100000	0.0000236494
4.9793200000	0.0000236281
4.9800400000	0.0000236068
4.9807500000	0.0000235855
4.9814600000	0.0000235643
4.9821800000	0.0000235432
4.9828900000	0.0000235220
4.9836000000	0.0000235009
4.9843100000	0.0000234799
4.9850300000	0.0000234588
4.9857400000	0.0000234378
4.9864500000	0.0000234168
4.9871700000	0.0000233958
4.9878800000	0.0000233749
4.9885900000	0.0000233541
4.9893100000	0.0000233332
4.9900200000	0.0000233124
4.9907300000	0.0000232916
4.9914400000	0.0000232708
4.9921600000	0.0000232501
4.9928700000	0.0000232294
4.9935800000	0.0000232088
4.9943000000	0.0000231881
4.9950100000	0.0000231676
4.9957200000	0.0000231470
4.9964400000	0.0000231264
4.9971500000	0.0000231059
4.9978600000	0.0000230855
4.9985700000	0.0000230650
4.9992900000	0.0000230446
5.0000000000	0.0000230243
