# energy (eV)    P(omega), $W_{\text{p}}/W$ = 0.50, $h/W$ = 0.40, $d/W$ = 0.20, x/W = 0.0, $E_{\rm e}$ = 200 keV
0.0100000000	0.0044373753
0.0107130000	0.0045538779
0.0114259000	0.0046734593
0.0121389000	0.0047958892
0.0128518000	0.0049209559
0.0135648000	0.0050484666
0.0142778000	0.0051782480
0.0149907000	0.0053101254
0.0157037000	0.0054439534
0.0164166000	0.0055795876
0.0171296000	0.0057168935
0.0178425000	0.0058557488
0.0185555000	0.0059960371
0.0192685000	0.0061376413
0.0199814000	0.0062804646
0.0206944000	0.0064244033
0.0214073000	0.0065693722
0.0221203000	0.0067152731
0.0228333000	0.0068620294
0.0235462000	0.0070095605
0.0242592000	0.0071577892
0.0249721000	0.0073066440
0.0256851000	0.0074560525
0.0263981000	0.0076059548
0.0271110000	0.0077562885
0.0278240000	0.0079069940
0.0285369000	0.0080580051
0.0292499000	0.0082092778
0.0299629000	0.0083607559
0.0306758000	0.0085123858
0.0313888000	0.0086641238
0.0321017000	0.0088159224
0.0328147000	0.0089677406
0.0335276000	0.0091195309
0.0342406000	0.0092712538
0.0349536000	0.0094228742
0.0356665000	0.0095743474
0.0363795000	0.0097256447
0.0370924000	0.0098767261
0.0378054000	0.0100275613
0.0385184000	0.0101781132
0.0392313000	0.0103283583
0.0399443000	0.0104782634
0.0406572000	0.0106277973
0.0413702000	0.0107769369
0.0420832000	0.0109256602
0.0427961000	0.0110739318
0.0435091000	0.0112217300
0.0442220000	0.0113690365
0.0449350000	0.0115158240
0.0456479000	0.0116620751
0.0463609000	0.0118077657
0.0470739000	0.0119528745
0.0477868000	0.0120973860
0.0484998000	0.0122412796
0.0492127000	0.0123845379
0.0499257000	0.0125271456
0.0506387000	0.0126690885
0.0513516000	0.0128103426
0.0520646000	0.0129509004
0.0527775000	0.0130907447
0.0534905000	0.0132298616
0.0542035000	0.0133682414
0.0549164000	0.0135058700
0.0556294000	0.0136427325
0.0563423000	0.0137788159
0.0570553000	0.0139141175
0.0577683000	0.0140486154
0.0584812000	0.0141823114
0.0591942000	0.0143151901
0.0599071000	0.0144472395
0.0606201000	0.0145784570
0.0613330000	0.0147088313
0.0620460000	0.0148383544
0.0627590000	0.0149670173
0.0634719000	0.0150948180
0.0641849000	0.0152217454
0.0648978000	0.0153477971
0.0656108000	0.0154729599
0.0663238000	0.0155972361
0.0670367000	0.0157206156
0.0677497000	0.0158431006
0.0684626000	0.0159646772
0.0691756000	0.0160853491
0.0698886000	0.0162051049
0.0706015000	0.0163239464
0.0713145000	0.0164418673
0.0720274000	0.0165588638
0.0727404000	0.0166749371
0.0734534000	0.0167900811
0.0741663000	0.0169042982
0.0748793000	0.0170175808
0.0755922000	0.0171299295
0.0763052000	0.0172413413
0.0770181000	0.0173518182
0.0777311000	0.0174613534
0.0784441000	0.0175699537
0.0791570000	0.0176776113
0.0798700000	0.0177843317
0.0805829000	0.0178901092
0.0812959000	0.0179949443
0.0820089000	0.0180988384
0.0827218000	0.0182017966
0.0834348000	0.0183038053
0.0841477000	0.0184048832
0.0848607000	0.0185050209
0.0855737000	0.0186042191
0.0862866000	0.0187024786
0.0869996000	0.0187998060
0.0877125000	0.0188961992
0.0884255000	0.0189916565
0.0891384000	0.0190861852
0.0898514000	0.0191797839
0.0905644000	0.0192724545
0.0912773000	0.0193642015
0.0919903000	0.0194550223
0.0927032000	0.0195449277
0.0934162000	0.0196339076
0.0941292000	0.0197219800
0.0948421000	0.0198091302
0.0955551000	0.0198953760
0.0962680000	0.0199807101
0.0969810000	0.0200651404
0.0976940000	0.0201486699
0.0984069000	0.0202312993
0.0991199000	0.0203130339
0.0998328000	0.0203938766
0.1005460000	0.0204738333
0.1012590000	0.0205529001
0.1019720000	0.0206310842
0.1026850000	0.0207083938
0.1033980000	0.0207848246
0.1041110000	0.0208603861
0.1048240000	0.0209350811
0.1055370000	0.0210089159
0.1062490000	0.0210818853
0.1069620000	0.0211540035
0.1076750000	0.0212252690
0.1083880000	0.0212956875
0.1091010000	0.0213652656
0.1098140000	0.0214340021
0.1105270000	0.0215019030
0.1112400000	0.0215689734
0.1119530000	0.0216352225
0.1126660000	0.0217006479
0.1133790000	0.0217652567
0.1140920000	0.0218290514
0.1148050000	0.0218920411
0.1155180000	0.0219542256
0.1162310000	0.0220156100
0.1169440000	0.0220762012
0.1176570000	0.0221360049
0.1183700000	0.0221950210
0.1190830000	0.0222532600
0.1197960000	0.0223107238
0.1205090000	0.0223674145
0.1212220000	0.0224233388
0.1219350000	0.0224785062
0.1226480000	0.0225329144
0.1233600000	0.0225865723
0.1240730000	0.0226394804
0.1247860000	0.0226916536
0.1254990000	0.0227430828
0.1262120000	0.0227937837
0.1269250000	0.0228437583
0.1276380000	0.0228930081
0.1283510000	0.0229415428
0.1290640000	0.0229893680
0.1297770000	0.0230364829
0.1304900000	0.0230828983
0.1312030000	0.0231286156
0.1319160000	0.0231736415
0.1326290000	0.0232179768
0.1333420000	0.0232616354
0.1340550000	0.0233046108
0.1347680000	0.0233469144
0.1354810000	0.0233885524
0.1361940000	0.0234295302
0.1369070000	0.0234698480
0.1376200000	0.0235095155
0.1383330000	0.0235485376
0.1390460000	0.0235869149
0.1397590000	0.0236246550
0.1404710000	0.0236617566
0.1411840000	0.0236982410
0.1418970000	0.0237340953
0.1426100000	0.0237693351
0.1433230000	0.0238039583
0.1440360000	0.0238379766
0.1447490000	0.0238713962
0.1454620000	0.0239042076
0.1461750000	0.0239364333
0.1468880000	0.0239680684
0.1476010000	0.0239991179
0.1483140000	0.0240295919
0.1490270000	0.0240594882
0.1497400000	0.0240888195
0.1504530000	0.0241175820
0.1511660000	0.0241457874
0.1518790000	0.0241734401
0.1525920000	0.0242005386
0.1533050000	0.0242270884
0.1540180000	0.0242531028
0.1547310000	0.0242785770
0.1554440000	0.0243035185
0.1561570000	0.0243279350
0.1568700000	0.0243518304
0.1575830000	0.0243752074
0.1582950000	0.0243980676
0.1590080000	0.0244204197
0.1597210000	0.0244422684
0.1604340000	0.0244636146
0.1611470000	0.0244844665
0.1618600000	0.0245048261
0.1625730000	0.0245247018
0.1632860000	0.0245440900
0.1639990000	0.0245630017
0.1647120000	0.0245814375
0.1654250000	0.0245994045
0.1661380000	0.0246169052
0.1668510000	0.0246339450
0.1675640000	0.0246505283
0.1682770000	0.0246666537
0.1689900000	0.0246823292
0.1697030000	0.0246975641
0.1704160000	0.0247123539
0.1711290000	0.0247267084
0.1718420000	0.0247406251
0.1725550000	0.0247541152
0.1732680000	0.0247671782
0.1739810000	0.0247798175
0.1746940000	0.0247920384
0.1754060000	0.0248038459
0.1761190000	0.0248152435
0.1768320000	0.0248262313
0.1775450000	0.0248368123
0.1782580000	0.0248469972
0.1789710000	0.0248567841
0.1796840000	0.0248661754
0.1803970000	0.0248751791
0.1811100000	0.0248837943
0.1818230000	0.0248920235
0.1825360000	0.0248998762
0.1832490000	0.0249073514
0.1839620000	0.0249144475
0.1846750000	0.0249211800
0.1853880000	0.0249275357
0.1861010000	0.0249335320
0.1868140000	0.0249391652
0.1875270000	0.0249444399
0.1882400000	0.0249493498
0.1889530000	0.0249539151
0.1896660000	0.0249581253
0.1903790000	0.0249619885
0.1910920000	0.0249655067
0.1918050000	0.0249686784
0.1925180000	0.0249715112
0.1932300000	0.0249740051
0.1939430000	0.0249761628
0.1946560000	0.0249779844
0.1953690000	0.0249794728
0.1960820000	0.0249806317
0.1967950000	0.0249814650
0.1975080000	0.0249819733
0.1982210000	0.0249821499
0.1989340000	0.0249820095
0.1996470000	0.0249815490
0.2003600000	0.0249807632
0.2010730000	0.0249796700
0.2017860000	0.0249782519
0.2024990000	0.0249765242
0.2032120000	0.0249744784
0.2039250000	0.0249721197
0.2046380000	0.0249694525
0.2053510000	0.0249664720
0.2060640000	0.0249631843
0.2067770000	0.0249595888
0.2074900000	0.0249556848
0.2082030000	0.0249514672
0.2089160000	0.0249469475
0.2096290000	0.0249421233
0.2103410000	0.0249369885
0.2110540000	0.0249315470
0.2117670000	0.0249258017
0.2124800000	0.0249197486
0.2131930000	0.0249133872
0.2139060000	0.0249067245
0.2146190000	0.0248997511
0.2153320000	0.0248924685
0.2160450000	0.0248848751
0.2167580000	0.0248769764
0.2174710000	0.0248687605
0.2181840000	0.0248602408
0.2188970000	0.0248514046
0.2196100000	0.0248422514
0.2203230000	0.0248327851
0.2210360000	0.0248229980
0.2217490000	0.0248128921
0.2224620000	0.0248024592
0.2231750000	0.0247917066
0.2238880000	0.0247806271
0.2246010000	0.0247692158
0.2253140000	0.0247574708
0.2260270000	0.0247453922
0.2267400000	0.0247329772
0.2274520000	0.0247202156
0.2281650000	0.0247071073
0.2288780000	0.0246936475
0.2295910000	0.0246798359
0.2303040000	0.0246656666
0.2310170000	0.0246511356
0.2317300000	0.0246362318
0.2324430000	0.0246209610
0.2331560000	0.0246053049
0.2338690000	0.0245892712
0.2345820000	0.0245728403
0.2352950000	0.0245560197
0.2360080000	0.0245387966
0.2367210000	0.0245211597
0.2374340000	0.0245031044
0.2381470000	0.0244846319
0.2388600000	0.0244657268
0.2395730000	0.0244463812
0.2402860000	0.0244265861
0.2409990000	0.0244063337
0.2417120000	0.0243856191
0.2424250000	0.0243644273
0.2431380000	0.0243427525
0.2438510000	0.0243205831
0.2445640000	0.0242979048
0.2452760000	0.0242747115
0.2459890000	0.0242509894
0.2467020000	0.0242267282
0.2474150000	0.0242019156
0.2481280000	0.0245227414
0.2488410000	0.0249770448
0.2495540000	0.0254924587
0.2502670000	0.0260888177
0.2509800000	0.0268359660
0.2516930000	0.0277329545
0.2524060000	0.0288126946
0.2531190000	0.0303716979
0.2538320000	0.0334327560
0.2545450000	0.0343600143
0.2552580000	0.0351137544
0.2559710000	0.0357969891
0.2566840000	0.0364224966
0.2573970000	0.0369844092
0.2581100000	0.0375277750
0.2588230000	0.0380317373
0.2595360000	0.0385137169
0.2602490000	0.0389732596
0.2609620000	0.0393998157
0.2616750000	0.0398121392
0.2623870000	0.0402026880
0.2631000000	0.0405911495
0.2638130000	0.0409491999
0.2645260000	0.0412940704
0.2652390000	0.0416213304
0.2659520000	0.0419390789
0.2666650000	0.0422483742
0.2673780000	0.0425238194
0.2680910000	0.0428129901
0.2688040000	0.0430754606
0.2695170000	0.0433385188
0.2702300000	0.0435834551
0.2709430000	0.0438295899
0.2716560000	0.0440607170
0.2723690000	0.0442836502
0.2730820000	0.0445118399
0.2737950000	0.0447114606
0.2745080000	0.0449148241
0.2752210000	0.0451234372
0.2759340000	0.0452974222
0.2766470000	0.0455058450
0.2773600000	0.0456928469
0.2780730000	0.0458636479
0.2787860000	0.0460426428
0.2794980000	0.0462131650
0.2802110000	0.0463804087
0.2809240000	0.0465600345
0.2816370000	0.0467097670
0.2823500000	0.0468902058
0.2830630000	0.0470674088
0.2837760000	0.0472144236
0.2844890000	0.0473879460
0.2852020000	0.0475272148
0.2859150000	0.0477007052
0.2866280000	0.0478673224
0.2873410000	0.0480146651
0.2880540000	0.0481727736
0.2887670000	0.0483256116
0.2894800000	0.0484997794
0.2901930000	0.0486489014
0.2909060000	0.0488087858
0.2916190000	0.0489683565
0.2923320000	0.0491155015
0.2930450000	0.0493068514
0.2937580000	0.0494604037
0.2944710000	0.0496286706
0.2951840000	0.0497796441
0.2958970000	0.0499412970
0.2966100000	0.0501419484
0.2973220000	0.0502919179
0.2980350000	0.0504869702
0.2987480000	0.0506189692
0.2994610000	0.0508271205
0.3001740000	0.0510149609
0.3008870000	0.0511813687
0.3016000000	0.0513829586
0.3023130000	0.0515450428
0.3030260000	0.0517529638
0.3037390000	0.0519212103
0.3044520000	0.0521450023
0.3051650000	0.0522913175
0.3058780000	0.0525279487
0.3065910000	0.0527327186
0.3073040000	0.0529439758
0.3080170000	0.0531699278
0.3087300000	0.0533650252
0.3094430000	0.0536108057
0.3101560000	0.0538014360
0.3108690000	0.0540583432
0.3115820000	0.0542704800
0.3122950000	0.0545308753
0.3130080000	0.0547326874
0.3137210000	0.0550364210
0.3144330000	0.0553033065
0.3151460000	0.0555330974
0.3158590000	0.0558274725
0.3165720000	0.0560686727
0.3172850000	0.0563675623
0.3179980000	0.0566292562
0.3187110000	0.0569386089
0.3194240000	0.0572099251
0.3201370000	0.0575423190
0.3208500000	0.0578134233
0.3215630000	0.0581701854
0.3222760000	0.0584671379
0.3229890000	0.0588259894
0.3237020000	0.0591327538
0.3244150000	0.0595209989
0.3251280000	0.0598356370
0.3258410000	0.0602342265
0.3265540000	0.0605539494
0.3272670000	0.0610064805
0.3279800000	0.0613112991
0.3286930000	0.0618030569
0.3294060000	0.0621305601
0.3301190000	0.0626390954
0.3308320000	0.0629923550
0.3315450000	0.0635183715
0.3322570000	0.0638925314
0.3329700000	0.0644411359
0.3336830000	0.0648410614
0.3343960000	0.0654205674
0.3351090000	0.0658571036
0.3358220000	0.0664674328
0.3365350000	0.0669016136
0.3372480000	0.0675258818
0.3379610000	0.0680470491
0.3386740000	0.0685043963
0.3393870000	0.0692371329
0.3401000000	0.0697149283
0.3408130000	0.0704970412
0.3415260000	0.0710238744
0.3422390000	0.0717979687
0.3429520000	0.0724089310
0.3436650000	0.0731563938
0.3443780000	0.0738597242
0.3450910000	0.0746784546
0.3458040000	0.0753501990
0.3465170000	0.0762654143
0.3472300000	0.0769993490
0.3479430000	0.0777496091
0.3486560000	0.0787154610
0.3493680000	0.0794886038
0.3500810000	0.0805486418
0.3507940000	0.0813988569
0.3515070000	0.0824561211
0.3522200000	0.0834149864
0.3529330000	0.0845965724
0.3536460000	0.0854920291
0.3543590000	0.0865368618
0.3550720000	0.0877961838
0.3557850000	0.0889291697
0.3564980000	0.0903151901
0.3572110000	0.0913688121
0.3579240000	0.0929582724
0.3586370000	0.0941138500
0.3593500000	0.0953648853
0.3600630000	0.0970746988
0.3607760000	0.0983754318
0.3614890000	0.1001600392
0.3622020000	0.1016113270
0.3629150000	0.1035818071
0.3636280000	0.1050493237
0.3643410000	0.1067414943
0.3650540000	0.1088917039
0.3657670000	0.1105471247
0.3664790000	0.1129231398
0.3671920000	0.1148074408
0.3679050000	0.1172691433
0.3686180000	0.1194787620
0.3693310000	0.1214778765
0.3700440000	0.1243497217
0.3707570000	0.1267064397
0.3714700000	0.1296787786
0.3721830000	0.1322828511
0.3728960000	0.1349395729
0.3736090000	0.1384532386
0.3743220000	0.1412464535
0.3750350000	0.1451265038
0.3757480000	0.1484043545
0.3764610000	0.1516443694
0.3771740000	0.1560806155
0.3778870000	0.1597508920
0.3786000000	0.1644697475
0.3793130000	0.1687766387
0.3800260000	0.1729997389
0.3807390000	0.1783842356
0.3814520000	0.1834376649
0.3821650000	0.1894587674
0.3828780000	0.1946629396
0.3835910000	0.2006116809
0.3843030000	0.2076505265
0.3850160000	0.2138959507
0.3857290000	0.2220482123
0.3864420000	0.2292358746
0.3871550000	0.2367454274
0.3878680000	0.2462474514
0.3885810000	0.2550524918
0.3892940000	0.2641522496
0.3900070000	0.2757629084
0.3907200000	0.2862516110
0.3914330000	0.2997619662
0.3921460000	0.3114104012
0.3928590000	0.3241677948
0.3935720000	0.3410271427
0.3942850000	0.3559364648
0.3949980000	0.3719346956
0.3957110000	0.3930731795
0.3964240000	0.4115194005
0.3971370000	0.4358191809
0.3978500000	0.4589974870
0.3985630000	0.4828355882
0.3992760000	0.5140764735
0.3999890000	0.5430899753
0.4007020000	0.5757760536
0.4014140000	0.6172580901
0.4021270000	0.6557607686
0.4028400000	0.6995728736
0.4035530000	0.7559114562
0.4042660000	0.8090721676
0.4049790000	0.8777251914
0.4056920000	0.9476656607
0.4064050000	1.0222100398
0.4071180000	1.1187151175
0.4078310000	1.2161802987
0.4085440000	1.3254452248
0.4092570000	1.4648684621
0.4099700000	1.6048748309
0.4106830000	1.7578952455
0.4113960000	1.9562077592
0.4121090000	2.1402370456
0.4128220000	2.3737399901
0.4135350000	2.5403638324
0.4142480000	2.6396260984
0.4149610000	2.6718382039
0.4156740000	2.2480426074
0.4163870000	1.0609736019
0.4228030000	2.7611563483
0.4235160000	4.6304654366
0.4242290000	5.1284882157
0.4249420000	4.8795630345
0.4256550000	4.3559568574
0.4263680000	3.8466772474
0.4270810000	3.3834611291
0.4277940000	2.9395280088
0.4285070000	2.5736590054
0.4292200000	2.2601159613
0.4299330000	2.0001432011
0.4306460000	1.7730905824
0.4313590000	1.5796911570
0.4320720000	1.4135748205
0.4327850000	1.2715569741
0.4334980000	1.1532912730
0.4342110000	1.0468119880
0.4349240000	0.9529956378
0.4356370000	0.8709708759
0.4363490000	0.8031255176
0.4370620000	0.7389193111
0.4377750000	0.6814602796
0.4384880000	0.6316298810
0.4392010000	0.5887302508
0.4399140000	0.5474257275
0.4406270000	0.5112830231
0.4413400000	0.4777978713
0.4420530000	0.4492173550
0.4427660000	0.4224310498
0.4434790000	0.3971713889
0.4441920000	0.3738596483
0.4449050000	0.3552120032
0.4456180000	0.3354559429
0.4463310000	0.3174523458
0.4470440000	0.3016507235
0.4477570000	0.2861832508
0.4484700000	0.2731066390
0.4491830000	0.2607658757
0.4498960000	0.2482747982
0.4506090000	0.2367360299
0.4513220000	0.2278096488
0.4520350000	0.2176597801
0.4527480000	0.2081481452
0.4534600000	0.2001695833
0.4541730000	0.1918222038
0.4548860000	0.1847587511
0.4555990000	0.1781925761
0.4563120000	0.1712231924
0.4570250000	0.1646956893
0.4577380000	0.1591920483
0.4584510000	0.1539974735
0.4591640000	0.1484802026
0.4598770000	0.1432139556
0.4605900000	0.1389249903
0.4613030000	0.1347556345
0.4620160000	0.1302308802
0.4627290000	0.1265511985
0.4634420000	0.1225157606
0.4641550000	0.1186541874
0.4648680000	0.1159216837
0.4655810000	0.1124773264
0.4662940000	0.1090991826
0.4670070000	0.1063876412
0.4677200000	0.1037600520
0.4684330000	0.1008322094
0.4691460000	0.0980287852
0.4698590000	0.0957632293
0.4705720000	0.0932370640
0.4712840000	0.0911101882
0.4719970000	0.0891172917
0.4727100000	0.0868832993
0.4734230000	0.0847074222
0.4741360000	0.0829764568
0.4748490000	0.0812731157
0.4755620000	0.0793545751
0.4762750000	0.0778480248
0.4769880000	0.0760299640
0.4777010000	0.0743028984
0.4784140000	0.0729323858
0.4791270000	0.0716316891
0.4798400000	0.0700784310
0.4805530000	0.0685874580
0.4812660000	0.0674571446
0.4819790000	0.0663109511
0.4826920000	0.0649346626
0.4834050000	0.0639416734
0.4841180000	0.0626740612
0.4848310000	0.0614525939
0.4855440000	0.0605026145
0.4862570000	0.0596224373
0.4869700000	0.0585242078
0.4876830000	0.0574253936
0.4883950000	0.0566558044
0.4891080000	0.0556564931
0.4898210000	0.0548644736
0.4905340000	0.0541511461
0.4912470000	0.0532328471
0.4919600000	0.0523413368
0.4926730000	0.0514724228
0.4933860000	0.0510321354
0.4940990000	0.0502234840
0.4948120000	0.0494208180
0.4955250000	0.0488472095
0.4962380000	0.0481131275
0.4969510000	0.0475413042
0.4976640000	0.0470116846
0.4983770000	0.0463087576
0.4990900000	0.0456385399
0.4998030000	0.0449873096
0.5005160000	0.0445264041
0.5012290000	0.0440459146
0.5019420000	0.0434442818
0.5026550000	0.0430204084
0.5033680000	0.0424370221
0.5040810000	0.0418838460
0.5047940000	0.0416355527
0.5055070000	0.0410927726
0.5062190000	0.0405728067
0.5069320000	0.0402243766
0.5076450000	0.0397298220
0.5083580000	0.0392485574
0.5090710000	0.0388964877
0.5097840000	0.0385856248
0.5104970000	0.0381366081
0.5112100000	0.0376911773
0.5119230000	0.0374093047
0.5126360000	0.0371058452
0.5133490000	0.0366903816
0.5140620000	0.0364221981
0.5147750000	0.0360371533
0.5154880000	0.0356533880
0.5162010000	0.0352795787
0.5169140000	0.0351484836
0.5176270000	0.0347919861
0.5183400000	0.0344446986
0.5190530000	0.0342176843
0.5197660000	0.0338868071
0.5204790000	0.0335632457
0.5211920000	0.0334510475
0.5219050000	0.0331321132
0.5226180000	0.0328420934
0.5233300000	0.0325376334
0.5240430000	0.0323488212
0.5247560000	0.0320651926
0.5254690000	0.0318761088
0.5261820000	0.0317017879
0.5268950000	0.0314330553
0.5276080000	0.0311726838
0.5283210000	0.0310066758
0.5290340000	0.0307574102
0.5297470000	0.0305892560
0.5304600000	0.0303488860
0.5311730000	0.0302093857
0.5318860000	0.0299730131
0.5325990000	0.0297416179
0.5333120000	0.0296105081
0.5340250000	0.0294684698
0.5347380000	0.0292478118
0.5354510000	0.0291289092
0.5361640000	0.0289201977
0.5368770000	0.0287181876
0.5375900000	0.0285162286
0.5383030000	0.0284092601
0.5390160000	0.0282857193
0.5397290000	0.0280953603
0.5404410000	0.0279925579
0.5411540000	0.0278117976
0.5418670000	0.0276355641
0.5425800000	0.0275364173
0.5432930000	0.0274286337
0.5440060000	0.0272659058
0.5447190000	0.0271729085
0.5454320000	0.0270085157
0.5461450000	0.0268536010
0.5468580000	0.0266991137
0.5475710000	0.0266750632
0.5482840000	0.0265251147
0.5489970000	0.0263801268
0.5497100000	0.0263020913
0.5504230000	0.0261583502
0.5511360000	0.0260265085
0.5518490000	0.0259527035
0.5525620000	0.0258721123
0.5532750000	0.0257410574
0.5539880000	0.0256767739
0.5547010000	0.0255491198
0.5554140000	0.0254232464
0.5561270000	0.0253633494
0.5568400000	0.0252468808
0.5575530000	0.0251749114
0.5582650000	0.0250595461
0.5589780000	0.0250074483
0.5596910000	0.0248951991
0.5604040000	0.0247835573
0.5611170000	0.0247371118
0.5618300000	0.0246768326
0.5625430000	0.0245727498
0.5632560000	0.0245245585
0.5639690000	0.0244265956
0.5646820000	0.0243301275
0.5653950000	0.0242832958
0.5661080000	0.0241919509
0.5668210000	0.0241431223
0.5675340000	0.0241001097
0.5682470000	0.0240132826
0.5689600000	0.0239264154
0.5696730000	0.0238890679
0.5703860000	0.0238024267
0.5710990000	0.0237232248
0.5718120000	0.0237288024
0.5725250000	0.0236468119
0.5732380000	0.0235711054
0.5739510000	0.0235402121
0.5746640000	0.0234628586
0.5753760000	0.0233890641
0.5760890000	0.0233635956
0.5768020000	0.0232927031
0.5775150000	0.0232567531
0.5782280000	0.0232335743
0.5789410000	0.0231673625
0.5796540000	0.0230994050
0.5803670000	0.0230788044
0.5810800000	0.0230155576
0.5817930000	0.0229935237
0.5825060000	0.0229679815
0.5832190000	0.0229084106
0.5839320000	0.0228886314
0.5846450000	0.0228315781
0.5853580000	0.0227767540
0.5860710000	0.0227593415
0.5867840000	0.0227062924
0.5874970000	0.0226855107
0.5882100000	0.0226705488
0.5889230000	0.0226204213
0.5896360000	0.0226075854
0.5903490000	0.0225599169
0.5910620000	0.0225117766
0.5917750000	0.0225022148
0.5924870000	0.0224570728
0.5932000000	0.0224748523
0.5939130000	0.0224319689
0.5946260000	0.0223905890
0.5953390000	0.0223835849
0.5960520000	0.0223436513
0.5967650000	0.0223358656
0.5974780000	0.0222991131
0.5981910000	0.0222620674
0.5989040000	0.0222828607
0.5996170000	0.0222482189
0.6003300000	0.0222442252
0.6010430000	0.0222110219
0.6017560000	0.0222085613
0.6024690000	0.0221762878
0.6031820000	0.0221465145
0.6038950000	0.0221463995
0.6046080000	0.0221400484
0.6053210000	0.0221410310
0.6060340000	0.0221137853
0.6067470000	0.0221150684
0.6074600000	0.0220893918
0.6081730000	0.0220916369
0.6088860000	0.0220679278
0.6095990000	0.0220719367
0.6103110000	0.0220708023
0.6110240000	0.0220753900
0.6117370000	0.0220546866
0.6124500000	0.0220603498
0.6131630000	0.0220408933
0.6138760000	0.0220469658
0.6145890000	0.0220553503
0.6153020000	0.0220377389
0.6160150000	0.0220658338
0.6167280000	0.0220494871
0.6174410000	0.0220591126
0.6181540000	0.0220688189
0.6188670000	0.0220549356
0.6195800000	0.0220654739
0.6202930000	0.0220768765
0.6210060000	0.0220880553
0.6217190000	0.0221181274
0.6224320000	0.0221076280
0.6231450000	0.0221203736
0.6238580000	0.0221338497
0.6245710000	0.0221692532
0.6252840000	0.0221834256
0.6259970000	0.0221983469
0.6267100000	0.0222350787
0.6274220000	0.0222935602
0.6281350000	0.0223573407
0.6288480000	0.0223522793
0.6295610000	0.0223474953
0.6302740000	0.0223434166
0.6309870000	0.0223395803
0.6317000000	0.0223359526
0.6324130000	0.0223339279
0.6331260000	0.0223316329
0.6338390000	0.0223448156
0.6345520000	0.0223436213
0.6352650000	0.0223430576
0.6359780000	0.0223436565
0.6366910000	0.0223440289
0.6374040000	0.0223457842
0.6381170000	0.0223474458
0.6388300000	0.0223505163
0.6395430000	0.0223536796
0.6402560000	0.0223706002
0.6409690000	0.0223750966
0.6416820000	0.0223800138
0.6423950000	0.0223860463
0.6431080000	0.0223923631
0.6438210000	0.0223995241
0.6445340000	0.0224070792
0.6452460000	0.0224158716
0.6459590000	0.0224249007
0.6466720000	0.0224459905
0.6473850000	0.0224564261
0.6480980000	0.0224673784
0.6488110000	0.0224792774
0.6495240000	0.0224916056
0.6502370000	0.0225046950
0.6509500000	0.0225185964
0.6516630000	0.0225334620
0.6523760000	0.0225484524
0.6530890000	0.0225744910
0.6538020000	0.0225909376
0.6545150000	0.0226080462
0.6552280000	0.0226263676
0.6559410000	0.0226451973
0.6566540000	0.0226647333
0.6573670000	0.0226848142
0.6580800000	0.0227060702
0.6587930000	0.0227278128
0.6595060000	0.0227502336
0.6602190000	0.0227816225
0.6609320000	0.0228054504
0.6616450000	0.0228300028
0.6623570000	0.0228555776
0.6630700000	0.0228817210
0.6637830000	0.0229087524
0.6644960000	0.0229362959
0.6652090000	0.0229649969
0.6659220000	0.0229943558
0.6666350000	0.0230311152
0.6673480000	0.0230617180
0.6680610000	0.0230934110
0.6687740000	0.0231257737
0.6694870000	0.0231589065
0.6702000000	0.0231927853
0.6709130000	0.0232276757
0.6716260000	0.0232633976
0.6723390000	0.0232997089
0.6730520000	0.0233369638
0.6737650000	0.0233802370
0.6744780000	0.0234190192
0.6751910000	0.0234585328
0.6759040000	0.0234990857
0.6766170000	0.0235404853
0.6773300000	0.0235827564
0.6780430000	0.0236257581
0.6787560000	0.0236696178
0.6794680000	0.0237144791
0.6801810000	0.0237602150
0.6808940000	0.0238103868
0.6816070000	0.0238573432
0.6823200000	0.0239056005
0.6830330000	0.0239548886
0.6837460000	0.0240050395
0.6844590000	0.0240558528
0.6851720000	0.0241074745
0.6858850000	0.0241604331
0.6865980000	0.0242141348
0.6873110000	0.0242688875
0.6880240000	0.0243263204
0.6887370000	0.0243825341
0.6894500000	0.0244400228
0.6901630000	0.0244982913
0.6908760000	0.0245578103
0.6915890000	0.0246177351
0.6923020000	0.0246789550
0.6930150000	0.0247411807
0.6937280000	0.0248045068
0.6944410000	0.0248686795
0.6951540000	0.0249338350
0.6958670000	0.0250001504
0.6965800000	0.0250674784
0.6972920000	0.0251356664
0.6980050000	0.0252048921
0.6987180000	0.0252751669
0.6994310000	0.0253462840
0.7001440000	0.0254187702
0.7008570000	0.0254924347
0.7015700000	0.0255668999
0.7022830000	0.0256427546
0.7029960000	0.0257190345
0.7037090000	0.0257954868
0.7044220000	0.0258745954
0.7051350000	0.0259546072
0.7058480000	0.0260355783
0.7065610000	0.0261176893
0.7072740000	0.0262011123
0.7079870000	0.0262859414
0.7087000000	0.0263718955
0.7094130000	0.0264587618
0.7101260000	0.0265471361
0.7108390000	0.0266329743
0.7115520000	0.0267236599
0.7122650000	0.0268153983
0.7129780000	0.0269084439
0.7136910000	0.0270028522
0.7144030000	0.0270983052
0.7151160000	0.0271948733
0.7158290000	0.0272932967
0.7165420000	0.0273926608
0.7172550000	0.0274938865
0.7179680000	0.0275961743
0.7186810000	0.0276995152
0.7193940000	0.0277986292
0.7201070000	0.0279049969
0.7208200000	0.0280125274
0.7215330000	0.0281216731
0.7222460000	0.0282317087
0.7229590000	0.0283440124
0.7236720000	0.0284569657
0.7243850000	0.0285719391
0.7250980000	0.0286883157
0.7258110000	0.0288060405
0.7265240000	0.0289253066
0.7272370000	0.0290387518
0.7279500000	0.0291607476
0.7286630000	0.0292844483
0.7293760000	0.0294100751
0.7300890000	0.0295370724
0.7308020000	0.0296660392
0.7315150000	0.0297964619
0.7322270000	0.0299282949
0.7329400000	0.0300619736
0.7336530000	0.0301977181
0.7343660000	0.0303348834
0.7350790000	0.0304738804
0.7357920000	0.0306049613
0.7365050000	0.0307467574
0.7372180000	0.0308908056
0.7379310000	0.0310369134
0.7386440000	0.0311849887
0.7393570000	0.0313350664
0.7400700000	0.0314869226
0.7407830000	0.0316403734
0.7414960000	0.0317958946
0.7422090000	0.0319537422
0.7429220000	0.0321139593
0.7436350000	0.0322752739
0.7443480000	0.0324262182
0.7450610000	0.0325920775
0.7457740000	0.0327594007
0.7464870000	0.0329296231
0.7472000000	0.0331022606
0.7479130000	0.0332764597
0.7486260000	0.0334532899
0.7493380000	0.0336324776
0.7500510000	0.0338134364
0.7507640000	0.0339969839
0.7514770000	0.0341831942
0.7521900000	0.0343717000
0.7529030000	0.0345466269
0.7536160000	0.0347398150
0.7543290000	0.0349350756
0.7550420000	0.0351332899
0.7557550000	0.0353339093
0.7564680000	0.0355376705
0.7571810000	0.0357438150
0.7578940000	0.0359528464
0.7586070000	0.0361646613
0.7593200000	0.0363786114
0.7600330000	0.0365956688
0.7607460000	0.0368158794
0.7614590000	0.0370190432
0.7621720000	0.0372453882
0.7628850000	0.0374740771
0.7635980000	0.0377057064
0.7643110000	0.0379400230
0.7650240000	0.0381777633
0.7657370000	0.0384194535
0.7664490000	0.0386643421
0.7671620000	0.0389123235
0.7678750000	0.0391633582
0.7685880000	0.0394171369
0.7693010000	0.0396754617
0.7700140000	0.0399369576
0.7707270000	0.0401779764
0.7714400000	0.0404471730
0.7721530000	0.0407186735
0.7728660000	0.0409943335
0.7735790000	0.0412737061
0.7742920000	0.0415576056
0.7750050000	0.0418454582
0.7757180000	0.0421370124
0.7764310000	0.0424331846
0.7771440000	0.0427329793
0.7778570000	0.0430363182
0.7785700000	0.0433448517
0.7792830000	0.0436572947
0.7799960000	0.0439452849
0.7807090000	0.0442669346
0.7814220000	0.0445930153
0.7821350000	0.0449232313
0.7828480000	0.0452583082
0.7835610000	0.0455982560
0.7842730000	0.0459439529
0.7849860000	0.0462944135
0.7856990000	0.0466501186
0.7864120000	0.0470113902
0.7871250000	0.0473762190
0.7878380000	0.0477475890
0.7885510000	0.0481248688
0.7892640000	0.0485069286
0.7899770000	0.0488588858
0.7906900000	0.0492530926
0.7914030000	0.0496517466
0.7921160000	0.0500579231
0.7928290000	0.0504690672
0.7935420000	0.0508875307
0.7942550000	0.0513121587
0.7949680000	0.0517430260
0.7956810000	0.0521817555
0.7963940000	0.0526263492
0.7971070000	0.0530767248
0.7978200000	0.0535360911
0.7985330000	0.0540013796
0.7992460000	0.0544296474
0.7999590000	0.0549107717
0.8006720000	0.0553986145
0.8013840000	0.0558938894
0.8020970000	0.0563978766
0.8028100000	0.0569086326
0.8035230000	0.0574296277
0.8042360000	0.0579581706
0.8049490000	0.0584954126
0.8056620000	0.0590423075
0.8063750000	0.0595969216
0.8070880000	0.0601611864
0.8078010000	0.0607360975
0.8085140000	0.0613191995
0.8092270000	0.0618570924
0.8099400000	0.0624681033
0.8106530000	0.0630913938
0.8113660000	0.0637251302
0.8120790000	0.0643703556
0.8127920000	0.0650253980
0.8135050000	0.0656939027
0.8142180000	0.0663745254
0.8149310000	0.0670654793
0.8156440000	0.0677710300
0.8163570000	0.0684888383
0.8170700000	0.0692187454
0.8177830000	0.0699630668
0.8184950000	0.0707208986
0.8192080000	0.0714929302
0.8199210000	0.0722090141
0.8206340000	0.0730084641
0.8213470000	0.0738231513
0.8220600000	0.0746548582
0.8227730000	0.0755018973
0.8234860000	0.0763648087
0.8241990000	0.0772452877
0.8249120000	0.0781421623
0.8256250000	0.0790571323
0.8263380000	0.0799898126
0.8270510000	0.0809409676
0.8277640000	0.0819123742
0.8284770000	0.0829025406
0.8291900000	0.0839123467
0.8299030000	0.0848529330
0.8306160000	0.0859033618
0.8313290000	0.0869752832
0.8320420000	0.0880689411
0.8327550000	0.0891876629
0.8334680000	0.0903282150
0.8341810000	0.0914933525
0.8348940000	0.0926853581
0.8356070000	0.0939013907
0.8363190000	0.0951438255
0.8370320000	0.0964127182
0.8377450000	0.0977099087
0.8384580000	0.0990364431
0.8391710000	0.1003948710
0.8398840000	0.1017788204
0.8405970000	0.1030797496
0.8413100000	0.1045293997
0.8420230000	0.1060107772
0.8427360000	0.1075233472
0.8434490000	0.1090749653
0.8441620000	0.1106634504
0.8448750000	0.1122912483
0.8455880000	0.1139556181
0.8463010000	0.1156599894
0.8470140000	0.1174062491
0.8477270000	0.1191950138
0.8484400000	0.1210257078
0.8491530000	0.1229067858
0.8498660000	0.1248333296
0.8505790000	0.1268065473
0.8512920000	0.1286730388
0.8520050000	0.1307480210
0.8527180000	0.1328755233
0.8534300000	0.1350564840
0.8541430000	0.1372980661
0.8548560000	0.1395996285
0.8555690000	0.1419619712
0.8562820000	0.1443921468
0.8569950000	0.1468865164
0.8577080000	0.1494470793
0.8584210000	0.1520835868
0.8591340000	0.1547897594
0.8598470000	0.1575699178
0.8605600000	0.1604372775
0.8612730000	0.1633884036
0.8619860000	0.1664217805
0.8626990000	0.1693215958
0.8634120000	0.1725307299
0.8641250000	0.1758405582
0.8648380000	0.1792470942
0.8655510000	0.1827609038
0.8662640000	0.1863825091
0.8669770000	0.1901194145
0.8676900000	0.1939783794
0.8684030000	0.1979579290
0.8691160000	0.2020683804
0.8698290000	0.2063096628
0.8705420000	0.2106923485
0.8712540000	0.2152195476
0.8719670000	0.2199007507
0.8726800000	0.2247502277
0.8733930000	0.2297583327
0.8741060000	0.2346076985
0.8748190000	0.2399717305
0.8755320000	0.2455287085
0.8762450000	0.2512783629
0.8769580000	0.2572462732
0.8776710000	0.2634361470
0.8783840000	0.2698578582
0.8790970000	0.2765330675
0.8798100000	0.2834620946
0.8805230000	0.2906628885
0.8812360000	0.2981479219
0.8819490000	0.3059371669
0.8826620000	0.3140383107
0.8833750000	0.3224738580
0.8840880000	0.3312686392
0.8848010000	0.3404328403
0.8855140000	0.3499972092
0.8862270000	0.3594116313
0.8869400000	0.3698187220
0.8876530000	0.3806874034
0.8883650000	0.3920579766
0.8890780000	0.4039671739
0.8897910000	0.4164270624
0.8905040000	0.4294752757
0.8912170000	0.4431812383
0.8919300000	0.4575646710
0.8926430000	0.4726691642
0.8933560000	0.4885485131
0.8940690000	0.5052524709
0.8947820000	0.5228344679
0.8954950000	0.5413786072
0.8962080000	0.5609486369
0.8969210000	0.5815917528
0.8976340000	0.6034264230
0.8983470000	0.6254257195
0.8990600000	0.6498697735
0.8997730000	0.6757672462
0.9004860000	0.7032695344
0.9011990000	0.7325213863
0.9019120000	0.7636465960
0.9026250000	0.7968109625
0.9033380000	0.8322429156
0.9040510000	0.8700801925
0.9047640000	0.9105936221
0.9054760000	0.9540267242
0.9061890000	1.0006708276
0.9069020000	1.0508332123
0.9076150000	1.1048968526
0.9083280000	1.1632795538
0.9090410000	1.2264387628
0.9097540000	1.2948620750
0.9104670000	1.3663980247
0.9111800000	1.4472073656
0.9118930000	1.5354196392
0.9126060000	1.6318826313
0.9133190000	1.7377682040
0.9140320000	1.8543163351
0.9147450000	1.9829699649
0.9154580000	2.1254073474
0.9161710000	2.2837522690
0.9168840000	2.4603583575
0.9175970000	2.6581132473
0.9183100000	2.8804429986
0.9190230000	3.1316743964
0.9197360000	3.4167702855
0.9204490000	3.7419742855
0.9211620000	4.1152511960
0.9218750000	4.5462048131
0.9225880000	5.0466337633
0.9233000000	5.6173978306
0.9240130000	6.3056272917
0.9247260000	7.1236823051
0.9254390000	8.1039184603
0.9261520000	9.2901251690
0.9268650000	10.7397230395
0.9275780000	12.5286519461
0.9282910000	14.7582216527
0.9290040000	17.5635114566
0.9297170000	21.1174088236
0.9304300000	25.6288939487
0.9311430000	31.3233850951
0.9318560000	38.3438613648
0.9325690000	46.5439024638
0.9332820000	55.1186327094
0.9339950000	62.2885872148
0.9347080000	65.6927573287
0.9354210000	63.9069742964
0.9361340000	57.6986159858
0.9368470000	49.4744394002
0.9375600000	40.9718919780
0.9382730000	33.4864104986
0.9389860000	27.3370557733
0.9396990000	22.4434517319
0.9404110000	18.5912324832
0.9411240000	15.5593516743
0.9418370000	13.1583680991
0.9425500000	11.2412650248
0.9432630000	9.6953926999
0.9439760000	8.4367003417
0.9446890000	7.4019151517
0.9454020000	6.5434891692
0.9461150000	5.8253464226
0.9468280000	5.2199396855
0.9475410000	4.7061933013
0.9482540000	4.2677018679
0.9489670000	3.8915865008
0.9496800000	3.5678445247
0.9503930000	3.2876429174
0.9511060000	3.0463919153
0.9518190000	2.8385674923
0.9525320000	2.6604339430
0.9532450000	2.5092837168
0.9539580000	2.3833031036
0.9546710000	2.2814066897
0.9553840000	2.2032254239
0.9560970000	2.1490593685
0.9568100000	2.1193770636
0.9575230000	2.1142675988
0.9582350000	2.1320483094
0.9589480000	2.1669922455
0.9596610000	2.2067467787
0.9603740000	2.2314886009
0.9610870000	2.2184289210
0.9618000000	2.1525481938
0.9625130000	2.0357564740
0.9632260000	1.8851437838
0.9639390000	1.7215197081
0.9646520000	1.5638542219
0.9653650000	1.4203698231
0.9660780000	1.2941758106
0.9667910000	1.1849962023
0.9675040000	1.0909997760
0.9682170000	1.0099400129
0.9689300000	0.9396397354
0.9696430000	0.8782797977
0.9703560000	0.8243165602
0.9710690000	0.7764819479
0.9717820000	0.7337530924
0.9724950000	0.6953443613
0.9732080000	0.6605957698
0.9739210000	0.6289895119
0.9746340000	0.6000709940
0.9753460000	0.5735190285
0.9760590000	0.5490191196
0.9767720000	0.5263398965
0.9774850000	0.5052630197
0.9781980000	0.4856230169
0.9789110000	0.4667739588
0.9796240000	0.4495975857
0.9803370000	0.4334587620
0.9810500000	0.4182768263
0.9817630000	0.4039602517
0.9824760000	0.3904484477
0.9831890000	0.3776660174
0.9839020000	0.3655564179
0.9846150000	0.3540738653
0.9853280000	0.3431659911
0.9860410000	0.3327869346
0.9867540000	0.3229078957
0.9874670000	0.3134903723
0.9881800000	0.3045065024
0.9888930000	0.2959252066
0.9896060000	0.2877170062
0.9903190000	0.2798728988
0.9910320000	0.2723624177
0.9917450000	0.2651634573
0.9924570000	0.2582566119
0.9931700000	0.2513157176
0.9938830000	0.2449557273
0.9945960000	0.2388498101
0.9953090000	0.2329730377
0.9960220000	0.2273168811
0.9967350000	0.2218823190
0.9974480000	0.2166410826
0.9981610000	0.2115911607
0.9988740000	0.2067200052
0.9995870000	0.2020249390
1.0003000000	0.1974950272
1.0010100000	0.1931203638
1.0017300000	0.1888919255
1.0024400000	0.1848061857
1.0031500000	0.1808558649
1.0038600000	0.1770357241
1.0045800000	0.1733364874
1.0052900000	0.1697591429
1.0060000000	0.1662981499
1.0067200000	0.1629412003
1.0074300000	0.1596887990
1.0081400000	0.1565353463
1.0088600000	0.1532736207
1.0095700000	0.1503105897
1.0102800000	0.1474354932
1.0109900000	0.1446419956
1.0117100000	0.1419285448
1.0124200000	0.1392978580
1.0131300000	0.1367412006
1.0138500000	0.1342563365
1.0145600000	0.1318408944
1.0152700000	0.1294954247
1.0159900000	0.1272098155
1.0167000000	0.1249881166
1.0174100000	0.1228261378
1.0181200000	0.1207203535
1.0188400000	0.1186718352
1.0195500000	0.1166764517
1.0202600000	0.1147334632
1.0209800000	0.1128398794
1.0216900000	0.1109943987
1.0224000000	0.1091967912
1.0231100000	0.1074435017
1.0238300000	0.1057334662
1.0245400000	0.1039258731
1.0252500000	0.1023004332
1.0259700000	0.1007147735
1.0266800000	0.0991663077
1.0273900000	0.0976550240
1.0281100000	0.0961798543
1.0288200000	0.0947396586
1.0295300000	0.0933324566
1.0302400000	0.0919571774
1.0309600000	0.0906146560
1.0316700000	0.0893043262
1.0323800000	0.0880232063
1.0331000000	0.0867702538
1.0338100000	0.0855450486
1.0345200000	0.0843473963
1.0352400000	0.0831771217
1.0359500000	0.0820310321
1.0366600000	0.0809091095
1.0373700000	0.0798134517
1.0380900000	0.0787408947
1.0388000000	0.0776903251
1.0395100000	0.0766614024
1.0402300000	0.0756551981
1.0409400000	0.0745711903
1.0416500000	0.0736059883
1.0423600000	0.0726618067
1.0430800000	0.0717361532
1.0437900000	0.0708287532
1.0445000000	0.0699403620
1.0452200000	0.0690712082
1.0459300000	0.0682181994
1.0466400000	0.0673826253
1.0473600000	0.0665632139
1.0480700000	0.0657601846
1.0487800000	0.0649716429
1.0494900000	0.0641988227
1.0502100000	0.0634410646
1.0509200000	0.0626982096
1.0516300000	0.0619699960
1.0523500000	0.0612556588
1.0530600000	0.0605543812
1.0537700000	0.0598661111
1.0544800000	0.0591898425
1.0552000000	0.0585275374
1.0559100000	0.0578783199
1.0566200000	0.0572379431
1.0573400000	0.0565434080
1.0580500000	0.0559272847
1.0587600000	0.0553227365
1.0594800000	0.0547291482
1.0601900000	0.0541452371
1.0609000000	0.0535721643
1.0616100000	0.0530093835
1.0623300000	0.0524563464
1.0630400000	0.0519139020
1.0637500000	0.0513799201
1.0644700000	0.0508556912
1.0651800000	0.0503396511
1.0658900000	0.0498337288
1.0666100000	0.0493364802
1.0673200000	0.0488456885
1.0680300000	0.0483645395
1.0687400000	0.0478916155
1.0694600000	0.0474253054
1.0701700000	0.0469658619
1.0708800000	0.0465136250
1.0716000000	0.0460707387
1.0723100000	0.0456341407
1.0730200000	0.0452041830
1.0737300000	0.0447798696
1.0744500000	0.0443615646
1.0751600000	0.0439034659
1.0758700000	0.0434958493
1.0765900000	0.0430940779
1.0773000000	0.0426975217
1.0780100000	0.0423046788
1.0787300000	0.0419155067
1.0794400000	0.0415307214
1.0801500000	0.0411468690
1.0808600000	0.0407638017
1.0815800000	0.0403814543
1.0822900000	0.0399992757
1.0830000000	0.0396154089
1.0837200000	0.0392271584
1.0844300000	0.0388346468
1.0851400000	0.0384288374
1.0858600000	0.0380074401
1.0865700000	0.0375626308
1.0872800000	0.0370864445
1.0879900000	0.0365669242
1.0887100000	0.0359922954
1.0894200000	0.0353452058
1.0901300000	0.0346090207
1.0908500000	0.0337607764
1.0915600000	0.0327956513
1.0922700000	0.0316861302
1.0929800000	0.0305349147
1.0937000000	0.0294282443
1.0944100000	0.0285665793
1.0951200000	0.0282413678
1.0958400000	0.0286963486
1.0965500000	0.0299674860
1.0972600000	0.0317668757
1.0979800000	0.0336030980
1.0986900000	0.0350322349
1.0994000000	0.0358815224
1.1001100000	0.0361875412
1.1008300000	0.0361060327
1.1015400000	0.0357809040
1.1022500000	0.0353345950
1.1029700000	0.0348490950
1.1036800000	0.0343625759
1.1043900000	0.0338961901
1.1051100000	0.0334598194
1.1058200000	0.0330541113
1.1065300000	0.0326798252
1.1072400000	0.0323338341
1.1079600000	0.0320126284
1.1086700000	0.0317137370
1.1093800000	0.0314344869
1.1101000000	0.0311689620
1.1108100000	0.0309202060
1.1115200000	0.0306842502
1.1122300000	0.0304591277
1.1129500000	0.0302436865
1.1136600000	0.0300392316
1.1143700000	0.0298412244
1.1150900000	0.0296515407
1.1158000000	0.0294671617
1.1165100000	0.0292892876
1.1172300000	0.0291161145
1.1179400000	0.0289485229
1.1186500000	0.0287864578
1.1193600000	0.0286288383
1.1200800000	0.0284758881
1.1207900000	0.0283285936
1.1215000000	0.0281824728
1.1222200000	0.0280405993
1.1229300000	0.0279016745
1.1236400000	0.0277663473
1.1243500000	0.0276345428
1.1250700000	0.0275064304
1.1257800000	0.0273820875
1.1264900000	0.0272604040
1.1272100000	0.0271415437
1.1279200000	0.0270473210
1.1286300000	0.0269335814
1.1293500000	0.0268222449
1.1300600000	0.0267140661
1.1307700000	0.0266090154
1.1314800000	0.0265082628
1.1322000000	0.0264077846
1.1329100000	0.0263103560
1.1336200000	0.0262155825
1.1343400000	0.0261220542
1.1350500000	0.0260334900
1.1357600000	0.0259456040
1.1364800000	0.0258612160
1.1371900000	0.0257792559
1.1379000000	0.0257010387
1.1386100000	0.0256243177
1.1393300000	0.0255507677
1.1400400000	0.0254781875
1.1407500000	0.0254102615
1.1414700000	0.0253439429
1.1421800000	0.0252819133
1.1428900000	0.0252208422
1.1436000000	0.0251614259
1.1443200000	0.0251052743
1.1450300000	0.0250521078
1.1457400000	0.0249986822
1.1464600000	0.0249492407
1.1471700000	0.0249560319
1.1478800000	0.0249124752
1.1486000000	0.0248714709
1.1493100000	0.0248337886
1.1500200000	0.0247969475
1.1507300000	0.0247637181
1.1514500000	0.0247317416
1.1521600000	0.0247015648
1.1528700000	0.0246773659
1.1535900000	0.0246544456
1.1543000000	0.0246344953
1.1550100000	0.0246165831
1.1557300000	0.0246022849
1.1564400000	0.0245894955
1.1571500000	0.0245824748
1.1578600000	0.0245747157
1.1585800000	0.0245707948
1.1592900000	0.0245700958
1.1600000000	0.0245731961
1.1607200000	0.0245780622
1.1614300000	0.0245866870
1.1621400000	0.0245961910
1.1628500000	0.0246090819
1.1635700000	0.0246270435
1.1642800000	0.0246482923
1.1649900000	0.0246712848
1.1657100000	0.0246973887
1.1664200000	0.0248218365
1.1671300000	0.0248533022
1.1678500000	0.0248852748
1.1685600000	0.0249221749
1.1692700000	0.0249584451
1.1699800000	0.0249989758
1.1707000000	0.0250404246
1.1714100000	0.0250878201
1.1721200000	0.0251342889
1.1728400000	0.0251844390
1.1735500000	0.0252357372
1.1742600000	0.0252886567
1.1749700000	0.0253427091
1.1756900000	0.0253996117
1.1764000000	0.0254564285
1.1771100000	0.0255169669
1.1778300000	0.0255770502
1.1785400000	0.0256346686
1.1792500000	0.0256927278
1.1799700000	0.0257486112
1.1806800000	0.0258040192
1.1813900000	0.0258517154
1.1821000000	0.0258895197
1.1828200000	0.0259289218
1.1835300000	0.0259586147
1.1842400000	0.0259775245
1.1849600000	0.0259885749
1.1856700000	0.0259816474
1.1863800000	0.0260470216
1.1871000000	0.0259959534
1.1878100000	0.0259199007
1.1885200000	0.0258129049
1.1892300000	0.0256677345
1.1899500000	0.0254885679
1.1906600000	0.0252512310
1.1913700000	0.0249674524
1.1920900000	0.0246049165
1.1928000000	0.0241651435
1.1935100000	0.0236367439
1.1942200000	0.0230001124
1.1949400000	0.0222256476
1.1956500000	0.0212976989
1.1963600000	0.0201959532
1.1970800000	0.0188634222
1.1977900000	0.0172898340
1.1985000000	0.0154065739
1.1992200000	0.0131545545
1.1999300000	0.0104523201
1.2006400000	0.0072307266
1.2013500000	0.0033709288
1.2020700000	0.0002256834
1.2213200000	0.0059699043
1.2220300000	0.2445579626
1.2227400000	0.4135118728
1.2234600000	0.5156648155
1.2241700000	0.5633329672
1.2248800000	0.5720013652
1.2256000000	0.5556569365
1.2263100000	0.5248742194
1.2270200000	0.4872653217
1.2277300000	0.4473005189
1.2284500000	0.4224504996
1.2291600000	0.3837634579
1.2298700000	0.3482417571
1.2305900000	0.3160507207
1.2313000000	0.2872258962
1.2320100000	0.2615776272
1.2327200000	0.2388447862
1.2334400000	0.2186706700
1.2341500000	0.2008361982
1.2348600000	0.1850677060
1.2355800000	0.1711478183
1.2362900000	0.1588625027
1.2370000000	0.1479458369
1.2377200000	0.1382965931
1.2384300000	0.1297464434
1.2391400000	0.1221859147
1.2398500000	0.1154943456
1.2405700000	0.1096307202
1.2412800000	0.1044489506
1.2419900000	0.0999054538
1.2427100000	0.0959443552
1.2434200000	0.0925251793
1.2441300000	0.0896128398
1.2448400000	0.0871863798
1.2455600000	0.0852186374
1.2462700000	0.0836897088
1.2469800000	0.0825972030
1.2477000000	0.0819365475
1.2484100000	0.0817238017
1.2491200000	0.0819868965
1.2498400000	0.0827353993
1.2505500000	0.0840117470
1.2512600000	0.0870760713
1.2519700000	0.0894909325
1.2526900000	0.0926052021
1.2534000000	0.0965079601
1.2541100000	0.1013028040
1.2548300000	0.1070927737
1.2555400000	0.1139986333
1.2562500000	0.1221289960
1.2569700000	0.1315891144
1.2576800000	0.1424077806
1.2583900000	0.1545268541
1.2591000000	0.1677001838
1.2598200000	0.1814156297
1.2605300000	0.1948410545
1.2612400000	0.2067893217
1.2619600000	0.2158538927
1.2626700000	0.2206951125
1.2633800000	0.2204204798
1.2640900000	0.2149052785
1.2648100000	0.2048458173
1.2655200000	0.1915116548
1.2662300000	0.1763543950
1.2669500000	0.1606678351
1.2676600000	0.1454058673
1.2683700000	0.1311643742
1.2690900000	0.1182401210
1.2698000000	0.1067211700
1.2705100000	0.0965713080
1.2712200000	0.0876858995
1.2719400000	0.0799314739
1.2726500000	0.0731682221
1.2733600000	0.0672637373
1.2740800000	0.0623787363
1.2747900000	0.0578378892
1.2755000000	0.0538410438
1.2762200000	0.0503094308
1.2769300000	0.0471778541
1.2776400000	0.0443915037
1.2783500000	0.0419015239
1.2790700000	0.0396691060
1.2797800000	0.0376603295
1.2804900000	0.0358457279
1.2812100000	0.0342018784
1.2819200000	0.0327083927
1.2826300000	0.0313477001
1.2833400000	0.0301021796
1.2840600000	0.0289601812
1.2847700000	0.0279104161
1.2854800000	0.0269429292
1.2862000000	0.0260492651
1.2869100000	0.0252223686
1.2876200000	0.0244542093
1.2883400000	0.0237401390
1.2890500000	0.0230745321
1.2897600000	0.0224523870
1.2904700000	0.0218706303
1.2911900000	0.0213256300
1.2919000000	0.0208146918
1.2926100000	0.0203341319
1.2933300000	0.0198813630
1.2940400000	0.0194542566
1.2947500000	0.0190510563
1.2954700000	0.0186698982
1.2961800000	0.0183093439
1.2968900000	0.0179681211
1.2976000000	0.0176441800
1.2983200000	0.0174614861
1.2990300000	0.0171657205
1.2997400000	0.0168837316
1.3004600000	0.0166151827
1.3011700000	0.0163592132
1.3018800000	0.0161150460
1.3025900000	0.0158812066
1.3033100000	0.0156582687
1.3040200000	0.0154444582
1.3047300000	0.0152395731
1.3054500000	0.0150432298
1.3061600000	0.0148551513
1.3068700000	0.0146747805
1.3075900000	0.0145015631
1.3083000000	0.0143347467
1.3090100000	0.0141743952
1.3097200000	0.0140203561
1.3104400000	0.0138721562
1.3111500000	0.0137293759
1.3118600000	0.0135921799
1.3125800000	0.0134596996
1.3132900000	0.0133319005
1.3140000000	0.0132084022
1.3147100000	0.0130891153
1.3154300000	0.0129740270
1.3161400000	0.0128629898
1.3168500000	0.0127556981
1.3175700000	0.0126519095
1.3182800000	0.0125515361
1.3189900000	0.0124542848
1.3197100000	0.0123601744
1.3204200000	0.0122691028
1.3211300000	0.0121810398
1.3218400000	0.0120959440
1.3225600000	0.0120135105
1.3232700000	0.0119983889
1.3239800000	0.0119194004
1.3247000000	0.0118428012
1.3254100000	0.0117685055
1.3261200000	0.0116963541
1.3268400000	0.0116266759
1.3275500000	0.0115588621
1.3282600000	0.0114932578
1.3289700000	0.0114292938
1.3296900000	0.0113673040
1.3304000000	0.0113070347
1.3311100000	0.0112485157
1.3318300000	0.0111918453
1.3325400000	0.0111370092
1.3332500000	0.0110834269
1.3339600000	0.0110313834
1.3346800000	0.0109808512
1.3353900000	0.0109319427
1.3361000000	0.0108843346
1.3368200000	0.0108381311
1.3375300000	0.0107933331
1.3382400000	0.0107497969
1.3389600000	0.0107075008
1.3396700000	0.0106662983
1.3403800000	0.0106262913
1.3410900000	0.0105874887
1.3418100000	0.0105497731
1.3425200000	0.0105132499
1.3432300000	0.0104778862
1.3439500000	0.0104434376
1.3446600000	0.0104099594
1.3453700000	0.0103774930
1.3460900000	0.0103459965
1.3468000000	0.0103155033
1.3475100000	0.0102859763
1.3482200000	0.0102573780
1.3489400000	0.0102297047
1.3496500000	0.0102396209
1.3503600000	0.0102129024
1.3510800000	0.0101870269
1.3517900000	0.0101619510
1.3525000000	0.0101377193
1.3532100000	0.0101144460
1.3539300000	0.0100917862
1.3546400000	0.0100700766
1.3553500000	0.0100489760
1.3560700000	0.0100286547
1.3567800000	0.0100090411
1.3574900000	0.0099901343
1.3582100000	0.0099720103
1.3589200000	0.0099546791
1.3596300000	0.0099378901
1.3603400000	0.0099217754
1.3610600000	0.0099063441
1.3617700000	0.0098916244
1.3624800000	0.0098775159
1.3632000000	0.0098640546
1.3639100000	0.0098513303
1.3646200000	0.0098391253
1.3653400000	0.0098276168
1.3660500000	0.0098166963
1.3667600000	0.0098063506
1.3674700000	0.0097966099
1.3681900000	0.0097874733
1.3689000000	0.0097789711
1.3696100000	0.0097710619
1.3703300000	0.0097636988
1.3710400000	0.0097569284
1.3717500000	0.0097507237
1.3724600000	0.0097450648
1.3731800000	0.0097399689
1.3738900000	0.0097354618
1.3746000000	0.0097315346
1.3753200000	0.0097281583
1.3760300000	0.0097253409
1.3767400000	0.0097454710
1.3774600000	0.0097433529
1.3781700000	0.0097417922
1.3788800000	0.0097407670
1.3795900000	0.0097403215
1.3803100000	0.0097404602
1.3810200000	0.0097411060
1.3817300000	0.0097423116
1.3824500000	0.0097440763
1.3831600000	0.0097463792
1.3838700000	0.0097492065
1.3845800000	0.0097525992
1.3853000000	0.0097565265
1.3860100000	0.0097610518
1.3867200000	0.0097661424
1.3874400000	0.0097717219
1.3881500000	0.0097779178
1.3888600000	0.0097846259
1.3895800000	0.0097918957
1.3902900000	0.0097996898
1.3910000000	0.0098080983
1.3917100000	0.0098170485
1.3924300000	0.0098265890
1.3931400000	0.0098366611
1.3938500000	0.0098473448
1.3945700000	0.0098585843
1.3952800000	0.0098704275
1.3959900000	0.0098828440
1.3967100000	0.0098958602
1.3974200000	0.0099094830
1.3981300000	0.0099236975
1.3988400000	0.0099385254
1.3995600000	0.0099539683
1.4002700000	0.0099700399
1.4009800000	0.0099867246
1.4017000000	0.0100040437
1.4024100000	0.0100219962
1.4031200000	0.0100405723
1.4038300000	0.0100598115
1.4045500000	0.0100797278
1.4052600000	0.0101143620
1.4059700000	0.0101354249
1.4066900000	0.0101571902
1.4074000000	0.0101796633
1.4081100000	0.0102028734
1.4088300000	0.0102267644
1.4095400000	0.0102513917
1.4102500000	0.0102767812
1.4109600000	0.0103029303
1.4116800000	0.0103298286
1.4123900000	0.0103575303
1.4131000000	0.0103860453
1.4138200000	0.0104153497
1.4145300000	0.0104454447
1.4152400000	0.0104764119
1.4159600000	0.0105082237
1.4166700000	0.0105409270
1.4173800000	0.0105744258
1.4180900000	0.0106089004
1.4188100000	0.0106442719
1.4195200000	0.0106806188
1.4202300000	0.0107178995
1.4209500000	0.0107561649
1.4216600000	0.0107954808
1.4223700000	0.0108357601
1.4230800000	0.0108771051
1.4238000000	0.0109195852
1.4245100000	0.0109631033
1.4252200000	0.0110077706
1.4259400000	0.0110535724
1.4266500000	0.0111005437
1.4273600000	0.0111486688
1.4280800000	0.0111980704
1.4287900000	0.0112487261
1.4295000000	0.0113007221
1.4302100000	0.0113540288
1.4309300000	0.0114086887
1.4316400000	0.0114646763
1.4323500000	0.0115221272
1.4330700000	0.0115810366
1.4337800000	0.0116415050
1.4344900000	0.0117125929
1.4352100000	0.0117760863
1.4359200000	0.0118412409
1.4366300000	0.0119081499
1.4373400000	0.0119767783
1.4380600000	0.0120472241
1.4387700000	0.0121194429
1.4394800000	0.0121936782
1.4402000000	0.0122698677
1.4409100000	0.0123480814
1.4416200000	0.0124284330
1.4423300000	0.0125110318
1.4430500000	0.0125958281
1.4437600000	0.0126829664
1.4444700000	0.0127724258
1.4451900000	0.0128643859
1.4459000000	0.0129589485
1.4466100000	0.0130561097
1.4473300000	0.0131560376
1.4480400000	0.0132588828
1.4487500000	0.0133646465
1.4494600000	0.0134734943
1.4501800000	0.0135855549
1.4508900000	0.0137008360
1.4516000000	0.0138196715
1.4523200000	0.0139419448
1.4530300000	0.0140680210
1.4537400000	0.0141980153
1.4544500000	0.0143320175
1.4551700000	0.0144701782
1.4558800000	0.0146127074
1.4565900000	0.0147597663
1.4573100000	0.0149115645
1.4580200000	0.0150682542
1.4587300000	0.0152302163
1.4594500000	0.0153975512
1.4601600000	0.0155705689
1.4608700000	0.0157494839
1.4615800000	0.0159344672
1.4623000000	0.0161258887
1.4630100000	0.0163241057
1.4637200000	0.0165294458
1.4644400000	0.0167421821
1.4651500000	0.0169629021
1.4658600000	0.0171976536
1.4665800000	0.0174350759
1.4672900000	0.0176817117
1.4680000000	0.0179379084
1.4687100000	0.0182042342
1.4694300000	0.0184810552
1.4701400000	0.0187691965
1.4708500000	0.0190692729
1.4715700000	0.0193817599
1.4722800000	0.0197076252
1.4729900000	0.0200476015
1.4737000000	0.0204025124
1.4744200000	0.0207732110
1.4751300000	0.0211607116
1.4758400000	0.0215658692
1.4765600000	0.0219901171
1.4772700000	0.0224343187
1.4779800000	0.0229003253
1.4787000000	0.0233893213
1.4794100000	0.0239028470
1.4801200000	0.0244426019
1.4808300000	0.0250106392
1.4815500000	0.0256086791
1.4822600000	0.0262389162
1.4829700000	0.0269040740
1.4836900000	0.0276066134
1.4844000000	0.0283493559
1.4851100000	0.0291355588
1.4858300000	0.0299688738
1.4865400000	0.0308527963
1.4872500000	0.0317918724
1.4879600000	0.0327905760
1.4886800000	0.0338541377
1.4893900000	0.0349882056
1.4901000000	0.0361990884
1.4908200000	0.0374942736
1.4915300000	0.0388813042
1.4922400000	0.0403690816
1.4929500000	0.0419670406
1.4936700000	0.0436867680
1.4943800000	0.0455404551
1.4950900000	0.0475419487
1.4958100000	0.0497070071
1.4965200000	0.0520533357
1.4972300000	0.0546012536
1.4979500000	0.0573761253
1.4986600000	0.0603968476
1.4993700000	0.0636970400
1.5000800000	0.0673266136
1.5008000000	0.0714474064
1.5015100000	0.0759889055
1.5022200000	0.0810060506
1.5029400000	0.0865604851
1.5036500000	0.0927196282
1.5043600000	0.0995623875
1.5050800000	0.1071780933
1.5057900000	0.1156633748
1.5065000000	0.1251251336
1.5072100000	0.1356758068
1.5079300000	0.1474316649
1.5086400000	0.1605033738
1.5093500000	0.1749897755
1.5100700000	0.1909555822
1.5107800000	0.2084044651
1.5114900000	0.2272487783
1.5122000000	0.2472659634
1.5129200000	0.2680437332
1.5136300000	0.2889465339
1.5143400000	0.3090847951
1.5150600000	0.3273401802
1.5157700000	0.3424625156
1.5164800000	0.3532319490
1.5172000000	0.3586844556
1.5179100000	0.3583034006
1.5186200000	0.3521566746
1.5193300000	0.3408639386
1.5200500000	0.3254617919
1.5207600000	0.3071918133
1.5214700000	0.2872796202
1.5221900000	0.2667914007
1.5229000000	0.2465608586
1.5236100000	0.2271693014
1.5243200000	0.2089884669
1.5250400000	0.1922077036
1.5257500000	0.1768968750
1.5264600000	0.1630368752
1.5271800000	0.1505597941
1.5278900000	0.1393678781
1.5286000000	0.1293492060
1.5293200000	0.1203911552
1.5300300000	0.1123833856
1.5307400000	0.1052168823
1.5314500000	0.0988122173
1.5321700000	0.0930772318
1.5328800000	0.0879378485
1.5335900000	0.0833273563
1.5343100000	0.0791876592
1.5350200000	0.0754672302
1.5357300000	0.0721204572
1.5364500000	0.0691089487
1.5371600000	0.0663976363
1.5378700000	0.0639571139
1.5385800000	0.0617603942
1.5393000000	0.0597848952
1.5400100000	0.0580107171
1.5407200000	0.0564210304
1.5414400000	0.0549996554
1.5421500000	0.0537314016
1.5428600000	0.0526080466
1.5435700000	0.0516185492
1.5442900000	0.0507541028
1.5450000000	0.0500071438
1.5457100000	0.0493715023
1.5464300000	0.0488417639
1.5471400000	0.0484140260
1.5478500000	0.0480843733
1.5485700000	0.0478504451
1.5492800000	0.0477101484
1.5499900000	0.0476626995
1.5507000000	0.0477076323
1.5514200000	0.0478452780
1.5521300000	0.0480771364
1.5528400000	0.0484050610
1.5535600000	0.0488315162
1.5542700000	0.0493605944
1.5549800000	0.0499967281
1.5557000000	0.0507454971
1.5564100000	0.0516135515
1.5571200000	0.0526087718
1.5578300000	0.0537401424
1.5585500000	0.0550181493
1.5592600000	0.0564553676
1.5599700000	0.0580658425
1.5606900000	0.0598654166
1.5614000000	0.0618730976
1.5621100000	0.0641095847
1.5628200000	0.0665986498
1.5635400000	0.0693624729
1.5642500000	0.0724397072
1.5649600000	0.0758298913
1.5656800000	0.0796344328
1.5663900000	0.0838648107
1.5671000000	0.0885658529
1.5678200000	0.0937873687
1.5685300000	0.0995808497
1.5692400000	0.1059965568
1.5699500000	0.1130829280
1.5706700000	0.1208800511
1.5713800000	0.1294117013
1.5720900000	0.1386740940
1.5728100000	0.1486253849
1.5735200000	0.1591652923
1.5742300000	0.1701203026
1.5749400000	0.1812226889
1.5756600000	0.1921002530
1.5763700000	0.2022798646
1.5770800000	0.2112110678
1.5778000000	0.2183189105
1.5785100000	0.2230802266
1.5792200000	0.2251114500
1.5799400000	0.2242386923
1.5806500000	0.2205377000
1.5813600000	0.2143133750
1.5820700000	0.2060403725
1.5827900000	0.1962848554
1.5835000000	0.1856170065
1.5842100000	0.1745486998
1.5849300000	0.1634898989
1.5856400000	0.1527728663
1.5863500000	0.1425710110
1.5870700000	0.1330257747
1.5877800000	0.1242017895
1.5884900000	0.1161106137
1.5892000000	0.1087411730
1.5899200000	0.1020559053
1.5906300000	0.0960071080
1.5913400000	0.0905393236
1.5920600000	0.0856019984
1.5927700000	0.0811409480
1.5934800000	0.0771051532
1.5941900000	0.0734497944
1.5949100000	0.0701310355
1.5956200000	0.0671114401
1.5963300000	0.0643540444
1.5970500000	0.0618292959
1.5977600000	0.0595071341
1.5984700000	0.0573647576
1.5991900000	0.0553807727
1.5999000000	0.0535394673
1.6006100000	0.0518169710
1.6013200000	0.0502468228
1.6020400000	0.0487987779
1.6027500000	0.0474771926
1.6034600000	0.0462934440
1.6041800000	0.0452649608
1.6048900000	0.0444104069
1.6056000000	0.0437444310
1.6063200000	0.0432774806
1.6070300000	0.0430079773
1.6077400000	0.0429168689
1.6084500000	0.0429795529
1.6091700000	0.0431490552
1.6098800000	0.0433838539
1.6105900000	0.0436448971
1.6113100000	0.0438987723
1.6120200000	0.0441254559
1.6127300000	0.0443133768
1.6134400000	0.0444629754
1.6141600000	0.0445781428
1.6148700000	0.0446666999
1.6155800000	0.0447365888
1.6163000000	0.0447973590
1.6170100000	0.0448573740
1.6177200000	0.0449230915
1.6184400000	0.0449997221
1.6191500000	0.0450919953
1.6198600000	0.0452026937
1.6205700000	0.0453342174
1.6212900000	0.0454880837
1.6220000000	0.0456653174
1.6227100000	0.0458662778
1.6234300000	0.0460920245
1.6241400000	0.0463419636
1.6248500000	0.0466162833
1.6255700000	0.0469153064
1.6262800000	0.0472390454
1.6269900000	0.0475870357
1.6277000000	0.0479592863
1.6284200000	0.0483557225
1.6291300000	0.0487760222
1.6298400000	0.0492207749
1.6305600000	0.0496898077
1.6312700000	0.0501830132
1.6319800000	0.0507015157
1.6326900000	0.0512438926
1.6334100000	0.0518111405
1.6341200000	0.0524034055
1.6348300000	0.0530212778
1.6355500000	0.0536648555
1.6362600000	0.0543345044
1.6369700000	0.0550310681
1.6376900000	0.0557548036
1.6384000000	0.0565066135
1.6391100000	0.0572131178
1.6398200000	0.0580206459
1.6405400000	0.0588580799
1.6412500000	0.0597264732
1.6419600000	0.0606257918
1.6426800000	0.0615580998
1.6433900000	0.0625236553
1.6441000000	0.0635237082
1.6448100000	0.0645596201
1.6455300000	0.0656322690
1.6462400000	0.0667427432
1.6469500000	0.0678927945
1.6476700000	0.0690837655
1.6483800000	0.0703172155
1.6490900000	0.0715943872
1.6498100000	0.0729172502
1.6505200000	0.0742875538
1.6512300000	0.0757066041
1.6519400000	0.0771771512
1.6526600000	0.0787010201
1.6533700000	0.0802799424
1.6540800000	0.0819174835
1.6548000000	0.0836155196
1.6555100000	0.0853765105
1.6562200000	0.0872045982
1.6569400000	0.0891008294
1.6576500000	0.0910689734
1.6583600000	0.0931126463
1.6590700000	0.0952352356
1.6597900000	0.0974389474
1.6605000000	0.0997315039
1.6612100000	0.1021148700
1.6619300000	0.1045935808
1.6626400000	0.1071731128
1.6633500000	0.1098587253
1.6640600000	0.1126551910
1.6647800000	0.1155692637
1.6654900000	0.1186071842
1.6662000000	0.1217748548
1.6669200000	0.1250802829
1.6676300000	0.1285299525
1.6683400000	0.1321331790
1.6690600000	0.1358978517
1.6697700000	0.1398351449
1.6704800000	0.1439548007
1.6711900000	0.1482666699
1.6719100000	0.1527828793
1.6726200000	0.1575173063
1.6733300000	0.1624824058
1.6740500000	0.1676927027
1.6747600000	0.1731654928
1.6754700000	0.1789186483
1.6761900000	0.1849676817
1.6769000000	0.1913387144
1.6776100000	0.1980476366
1.6783200000	0.2051270431
1.6790400000	0.2121142363
1.6797500000	0.2199890997
1.6804600000	0.2283192021
1.6811800000	0.2371395629
1.6818900000	0.2464869147
1.6826000000	0.2564049674
1.6833100000	0.2669387183
1.6840300000	0.2781363560
1.6847400000	0.2900496486
1.6854500000	0.3027395082
1.6861700000	0.3162664873
1.6868800000	0.3306981964
1.6875900000	0.3461186542
1.6883100000	0.3626060466
1.6890200000	0.3802578756
1.6897300000	0.3991762483
1.6904400000	0.4194766290
1.6911600000	0.4412897638
1.6918700000	0.4647559109
1.6925800000	0.4900327716
1.6933000000	0.5172992915
1.6940100000	0.5467451449
1.6947200000	0.5785951384
1.6954400000	0.6130799696
1.6961500000	0.6504661963
1.6968600000	0.6910349548
1.6975700000	0.7351190535
1.6982900000	0.7830654908
1.6990000000	0.8352471516
1.6997100000	0.8920774620
1.7004300000	0.9550237375
1.7011400000	1.0244555577
1.7018500000	1.1002496118
1.7025600000	1.1829113005
1.7032800000	1.2728955291
1.7039900000	1.3706134601
1.7047000000	1.4763422485
1.7054200000	1.5901575603
1.7061300000	1.7118578863
1.7068400000	1.8408074033
1.7075600000	1.9758690063
1.7082700000	2.1152006018
1.7089800000	2.2561474167
1.7096900000	2.3951802563
1.7104100000	2.5278824062
1.7111200000	2.6490860171
1.7118300000	2.7532097466
1.7125500000	2.8347726192
1.7132600000	2.8889766844
1.7139700000	2.9123973681
1.7146800000	2.9034835225
1.7154000000	2.8628349944
1.7161100000	2.7929494301
1.7168200000	2.6980998921
1.7175400000	2.5835642839
1.7182500000	2.4548917163
1.7189600000	2.3175481180
1.7196800000	2.1763682598
1.7203900000	2.0352798740
1.7211000000	1.9035643692
1.7218100000	1.7704323553
1.7225300000	1.6441894805
1.7232400000	1.5257019992
1.7239500000	1.4153569768
1.7246700000	1.3131992405
1.7253800000	1.2190293046
1.7260900000	1.1324880422
1.7268100000	1.0531251387
1.7275200000	0.9804272915
1.7282300000	0.9138905891
1.7289400000	0.8530042831
1.7296600000	0.7972613960
1.7303700000	0.7462090865
1.7310800000	0.6994174175
1.7318000000	0.6564894654
1.7325100000	0.6170663756
1.7332200000	0.5808113474
1.7339300000	0.5474305754
1.7346500000	0.5166544479
1.7353600000	0.4882439991
1.7360700000	0.4619743141
1.7367900000	0.4376529753
1.7375000000	0.4151043946
1.7382100000	0.3941702109
1.7389300000	0.3747087146
1.7396400000	0.3565918743
1.7403500000	0.3397050348
1.7410600000	0.3239440695
1.7417800000	0.3092159792
1.7424900000	0.2954359857
1.7432000000	0.2825276325
1.7439200000	0.2704228357
1.7446300000	0.2590580682
1.7453400000	0.2483767227
1.7460600000	0.2383264081
1.7467700000	0.2288606032
1.7474800000	0.2199364227
1.7481900000	0.2115144229
1.7489100000	0.2035586121
1.7496200000	0.1960359249
1.7503300000	0.1889166580
1.7510500000	0.1821729288
1.7517600000	0.1757791264
1.7524700000	0.1697121737
1.7531800000	0.1639509350
1.7539000000	0.1584758891
1.7546100000	0.1532683342
1.7553200000	0.1483120046
1.7560400000	0.1435905428
1.7567500000	0.1390897805
1.7574600000	0.1347965825
1.7581800000	0.1306982104
1.7588900000	0.1267839859
1.7596000000	0.1230445660
1.7603100000	0.1194663258
1.7610300000	0.1160418199
1.7617400000	0.1127629790
1.7624500000	0.1096212135
1.7631700000	0.1066097271
1.7638800000	0.1036382563
1.7645900000	0.1008648145
1.7653100000	0.0982020931
1.7660200000	0.0956440976
1.7667300000	0.0931853626
1.7674400000	0.0908211295
1.7681600000	0.0885464249
1.7688700000	0.0863570205
1.7695800000	0.0842484884
1.7703000000	0.0822169965
1.7710100000	0.0802593022
1.7717200000	0.0783710167
1.7724300000	0.0765498096
1.7731500000	0.0747925243
1.7738600000	0.0730959896
1.7745700000	0.0714573044
1.7752900000	0.0698742086
1.7760000000	0.0683440649
1.7767100000	0.0668645977
1.7774300000	0.0654333620
1.7781400000	0.0640484282
1.7788500000	0.0627080681
1.7795600000	0.0614104073
1.7802800000	0.0601533232
1.7809900000	0.0589355501
1.7817000000	0.0577552950
1.7824200000	0.0566111413
1.7831300000	0.0555013003
1.7838400000	0.0544249062
1.7845500000	0.0533803358
1.7852700000	0.0523665553
1.7859800000	0.0513821518
1.7866900000	0.0504260251
1.7874100000	0.0494977876
1.7881200000	0.0485954143
1.7888300000	0.0477182571
1.7895500000	0.0468654903
1.7902600000	0.0460357862
1.7909700000	0.0452291278
1.7916800000	0.0444440747
1.7924000000	0.0436802628
1.7931100000	0.0429367515
1.7938200000	0.0422128152
1.7945400000	0.0415078623
1.7952500000	0.0408210435
1.7959600000	0.0401519105
1.7966800000	0.0394996323
1.7973900000	0.0388638869
1.7981000000	0.0382440805
1.7988100000	0.0376397673
1.7995300000	0.0370504765
1.8002400000	0.0364728462
1.8009500000	0.0359040784
1.8016700000	0.0353493057
1.8023800000	0.0348079347
1.8030900000	0.0342797299
1.8038000000	0.0337642992
1.8045200000	0.0332612435
1.8052300000	0.0327700572
1.8059400000	0.0322901217
1.8066600000	0.0318216212
1.8073700000	0.0313640285
1.8080800000	0.0309168209
1.8088000000	0.0304798665
1.8095100000	0.0300008357
1.8102200000	0.0295833097
1.8109300000	0.0291751031
1.8116500000	0.0287758103
1.8123600000	0.0283853340
1.8130700000	0.0280033851
1.8137900000	0.0276296977
1.8145000000	0.0272640050
1.8152100000	0.0269059679
1.8159300000	0.0265563323
1.8166400000	0.0262132872
1.8173500000	0.0258776224
1.8180600000	0.0255486852
1.8187800000	0.0252266513
1.8194900000	0.0249112916
1.8202000000	0.0246021951
1.8209200000	0.0242994625
1.8216300000	0.0240028025
1.8223400000	0.0237119438
1.8230500000	0.0234268776
1.8237700000	0.0231473080
1.8244800000	0.0228733676
1.8251900000	0.0226046123
1.8259100000	0.0223408976
1.8266200000	0.0220823980
1.8273300000	0.0218287989
1.8280500000	0.0215800059
1.8287600000	0.0213358781
1.8294700000	0.0210961625
1.8301800000	0.0208609605
1.8309000000	0.0206301224
1.8316100000	0.0204033783
1.8323200000	0.0201807943
1.8330400000	0.0199621784
1.8337500000	0.0197472711
1.8344600000	0.0195363885
1.8351800000	0.0193292368
1.8358900000	0.0191254891
1.8366000000	0.0189252950
1.8373100000	0.0187286429
1.8380300000	0.0185354119
1.8387400000	0.0183454066
1.8394500000	0.0181586070
1.8401700000	0.0179748582
1.8408800000	0.0177942125
1.8415900000	0.0176165212
1.8423000000	0.0174417342
1.8430200000	0.0172694667
1.8437300000	0.0171000261
1.8444400000	0.0169338984
1.8451600000	0.0167700087
1.8458700000	0.0166086261
1.8465800000	0.0164496817
1.8473000000	0.0162931770
1.8480100000	0.0161390277
1.8487200000	0.0159872248
1.8494300000	0.0158374914
1.8501500000	0.0156900663
1.8508600000	0.0155448101
1.8515700000	0.0154016112
1.8522900000	0.0152602386
1.8530000000	0.0151208795
1.8537100000	0.0149834866
1.8544200000	0.0148478739
1.8551400000	0.0147141713
1.8558500000	0.0145821732
1.8565600000	0.0143977982
1.8572800000	0.0142679012
1.8579900000	0.0141395546
1.8587000000	0.0140127352
1.8594200000	0.0138873807
1.8601300000	0.0137634072
1.8608400000	0.0136406885
1.8615500000	0.0135192438
1.8622700000	0.0133990640
1.8629800000	0.0132799509
1.8636900000	0.0131620401
1.8644100000	0.0130451365
1.8651200000	0.0129292719
1.8658300000	0.0128141919
1.8665500000	0.0127001103
1.8672600000	0.0125870013
1.8679700000	0.0124745813
1.8686800000	0.0123629040
1.8694000000	0.0122518830
1.8701100000	0.0121413928
1.8708200000	0.0120314193
1.8715400000	0.0119218333
1.8722500000	0.0118126062
1.8729600000	0.0117038027
1.8736700000	0.0115950251
1.8743900000	0.0114871660
1.8751000000	0.0113788851
1.8758100000	0.0112704806
1.8765300000	0.0111620711
1.8772400000	0.0110533287
1.8779500000	0.0109444505
1.8786700000	0.0108351325
1.8793800000	0.0107252086
1.8800900000	0.0106148480
1.8808000000	0.0105038023
1.8815200000	0.0103917239
1.8822300000	0.0102784991
1.8829400000	0.0101643960
1.8836600000	0.0100491055
1.8843700000	0.0099318311
1.8850800000	0.0098132543
1.8858000000	0.0096929424
1.8865100000	0.0095704016
1.8872200000	0.0094456174
1.8879300000	0.0093181522
1.8886500000	0.0091876506
1.8893600000	0.0090536255
1.8900700000	0.0089158852
1.8907900000	0.0087735992
1.8915000000	0.0086254246
1.8922100000	0.0084722741
1.8929200000	0.0083116376
1.8936400000	0.0081437900
1.8943500000	0.0079668670
1.8950600000	0.0077791471
1.8957800000	0.0075788752
1.8964900000	0.0073640179
1.8972000000	0.0071320682
1.8979200000	0.0068797420
1.8986300000	0.0066038991
1.8993400000	0.0063007897
1.9000500000	0.0059649199
1.9007700000	0.0055769073
1.9014800000	0.0051419822
1.9021900000	0.0046548656
1.9029100000	0.0041101881
1.9036200000	0.0035009151
1.9043300000	0.0029093731
1.9050500000	0.0025298299
1.9057600000	0.0020133896
1.9064700000	0.0018038056
1.9071800000	0.0016513460
1.9079000000	0.0013168779
1.9086100000	0.0014467164
1.9093200000	0.0010939621
1.9100400000	0.0006151457
1.9107500000	0.0009953561
1.9114600000	0.0016565609
1.9121700000	0.0006846123
1.9128900000	0.0014005020
1.9136000000	0.0024010004
1.9143100000	0.0037327056
1.9150300000	0.0002602414
1.9157400000	0.0011910417
1.9164500000	0.0029200226
1.9321400000	0.0001203640
1.9328500000	0.0045159019
1.9335600000	0.0097811624
1.9342800000	0.0145409444
1.9349900000	0.0187258578
1.9357000000	0.0222989970
1.9364200000	0.0252652573
1.9371300000	0.0276435986
1.9378400000	0.0294746756
1.9385500000	0.0308109663
1.9392700000	0.0317115341
1.9399800000	0.0322379665
1.9406900000	0.0324497659
1.9414100000	0.0324067808
1.9421200000	0.0321491599
1.9428300000	0.0317323751
1.9435400000	0.0311863199
1.9442600000	0.0305489113
1.9449700000	0.0298485748
1.9456800000	0.0291067747
1.9464000000	0.0283425677
1.9471100000	0.0275714858
1.9478200000	0.0268055657
1.9485400000	0.0260521286
1.9492500000	0.0253196591
1.9499600000	0.0246126722
1.9506700000	0.0239359084
1.9513900000	0.0232907148
1.9521000000	0.0226820661
1.9528100000	0.0221055728
1.9535300000	0.0215645743
1.9542400000	0.0210601663
1.9549500000	0.0205894357
1.9556700000	0.0201540221
1.9563800000	0.0202418054
1.9570900000	0.0198482166
1.9578000000	0.0194876444
1.9585200000	0.0191591705
1.9592300000	0.0188614415
1.9599400000	0.0185930710
1.9606600000	0.0183526827
1.9613700000	0.0181386203
1.9620800000	0.0179500215
1.9627900000	0.0177839882
1.9635100000	0.0176380915
1.9642200000	0.0175106053
1.9649300000	0.0173983855
1.9656500000	0.0172990802
1.9663600000	0.0172101664
1.9670700000	0.0171270878
1.9677900000	0.0170475762
1.9685000000	0.0169671605
1.9692100000	0.0168827477
1.9699200000	0.0167913646
1.9706400000	0.0166896056
1.9713500000	0.0165752048
1.9720600000	0.0164462447
1.9727800000	0.0163018369
1.9734900000	0.0161411995
1.9742000000	0.0159642438
1.9749100000	0.0157725412
1.9756300000	0.0155669656
1.9763400000	0.0153498797
1.9770500000	0.0151236255
1.9777700000	0.0148909128
1.9784800000	0.0146538668
1.9791900000	0.0144152531
1.9799100000	0.0141771962
1.9806200000	0.0139417258
1.9813300000	0.0137106366
1.9820400000	0.0134854042
1.9827600000	0.0132672305
1.9834700000	0.0130572420
1.9841800000	0.0128558938
1.9849000000	0.0126635051
1.9856100000	0.0124804800
1.9863200000	0.0123071792
1.9870400000	0.0121434171
1.9877500000	0.0119889042
1.9884600000	0.0118436784
1.9891700000	0.0117075134
1.9898900000	0.0115801908
1.9906000000	0.0114614171
1.9913100000	0.0113508093
1.9920300000	0.0112481283
1.9927400000	0.0111530566
1.9934500000	0.0110653531
1.9941600000	0.0109846873
1.9948800000	0.0109107637
1.9955900000	0.0108433754
1.9963000000	0.0107820385
1.9970200000	0.0107266318
1.9977300000	0.0106769583
1.9984400000	0.0106328305
1.9991600000	0.0105940376
1.9998700000	0.0105604211
2.0005800000	0.0105345447
2.0012900000	0.0105144637
2.0020100000	0.0104993548
2.0027200000	0.0104890935
2.0034300000	0.0104835625
2.0041500000	0.0104826600
2.0048600000	0.0104863541
2.0055700000	0.0104945195
2.0062900000	0.0105070848
2.0070000000	0.0105240392
2.0077100000	0.0105453936
2.0084200000	0.0105710344
2.0091400000	0.0106428946
2.0098500000	0.0106761169
2.0105600000	0.0107137055
2.0112800000	0.0107557106
2.0119900000	0.0108021310
2.0127000000	0.0108530316
2.0134100000	0.0109084701
2.0141300000	0.0109685192
2.0148400000	0.0110332394
2.0155500000	0.0111027417
2.0162700000	0.0111771206
2.0169800000	0.0112564997
2.0176900000	0.0113409895
2.0184100000	0.0114307520
2.0191200000	0.0115259453
2.0198300000	0.0116267853
2.0205400000	0.0117334038
2.0212600000	0.0118460639
2.0219700000	0.0119649940
2.0226800000	0.0120905972
2.0234000000	0.0122228610
2.0241100000	0.0123622334
2.0248200000	0.0125090596
2.0255400000	0.0126637042
2.0262500000	0.0128265360
2.0269600000	0.0129979696
2.0276700000	0.0131784250
2.0283900000	0.0133683727
2.0291000000	0.0135682623
2.0298100000	0.0137785768
2.0305300000	0.0139998208
2.0312400000	0.0142324838
2.0319500000	0.0144770948
2.0326600000	0.0147342026
2.0333800000	0.0150043615
2.0340900000	0.0152881874
2.0348000000	0.0155861558
2.0355200000	0.0158989372
2.0362300000	0.0162271852
2.0369400000	0.0165716115
2.0376600000	0.0169329273
2.0383700000	0.0173120189
2.0390800000	0.0177097597
2.0397900000	0.0181270556
2.0405100000	0.0185649247
2.0412200000	0.0190245328
2.0419300000	0.0195069757
2.0426500000	0.0200134192
2.0433600000	0.0205451878
2.0440700000	0.0211036225
2.0447800000	0.0216900547
2.0455000000	0.0223059792
2.0462100000	0.0229527677
2.0469200000	0.0236318622
2.0476400000	0.0243447755
2.0483500000	0.0250930038
2.0490600000	0.0258779005
2.0497800000	0.0267009314
2.0504900000	0.0275631247
2.0512000000	0.0284659324
2.0519100000	0.0294099416
2.0526300000	0.0303963110
2.0533400000	0.0314252804
2.0540500000	0.0324968247
2.0547700000	0.0336106627
2.0554800000	0.0347656441
2.0561900000	0.0359603871
2.0569100000	0.0371923462
2.0576200000	0.0384583989
2.0583300000	0.0397542540
2.0590400000	0.0410744408
2.0597600000	0.0424124752
2.0604700000	0.0437602754
2.0611800000	0.0451086663
2.0619000000	0.0464470681
2.0626100000	0.0477633697
2.0633200000	0.0490441687
2.0640300000	0.0502751303
2.0647500000	0.0514409155
2.0654600000	0.0525263783
2.0661700000	0.0535153115
2.0668900000	0.0543923903
2.0676000000	0.0551431514
2.0683100000	0.0557546628
2.0690300000	0.0562158215
2.0697400000	0.0565185466
2.0704500000	0.0566573484
2.0711600000	0.0566297408
2.0718800000	0.0564370161
2.0725900000	0.0560829562
2.0733000000	0.0555747731
2.0740200000	0.0549225962
2.0747300000	0.0541382832
2.0754400000	0.0532356826
2.0761600000	0.0522301166
2.0768700000	0.0511365905
2.0775800000	0.0499711346
2.0782900000	0.0487490515
2.0790100000	0.0474850738
2.0797200000	0.0461930691
2.0804300000	0.0448851790
2.0811500000	0.0435727605
2.0818600000	0.0422659265
2.0825700000	0.0409725162
2.0832800000	0.0397002942
2.0840000000	0.0384547248
2.0847100000	0.0372404489
2.0854200000	0.0360615329
2.0861400000	0.0349201673
2.0868500000	0.0338186379
2.0875600000	0.0327581394
2.0882800000	0.0317393681
2.0889900000	0.0307627906
2.0897000000	0.0298274834
2.0904100000	0.0289331550
2.0911300000	0.0280788593
2.0918400000	0.0272636368
2.0925500000	0.0264861467
2.0932700000	0.0257448837
2.0939800000	0.0250384105
2.0946900000	0.0243651904
2.0954100000	0.0237240426
2.0961200000	0.0231124702
2.0968300000	0.0225294337
2.0975400000	0.0219731192
2.0982600000	0.0214422285
2.0989700000	0.0209352024
2.0996800000	0.0204503306
2.1004000000	0.0199704164
2.1011100000	0.0194985136
2.1018200000	0.0190466437
2.1025300000	0.0186135562
2.1032500000	0.0181981870
2.1039600000	0.0177994157
2.1046700000	0.0174164963
2.1053900000	0.0170483467
2.1061000000	0.0166943307
2.1068100000	0.0163540069
2.1075300000	0.0160263429
2.1082400000	0.0157112673
2.1089500000	0.0154078007
2.1096600000	0.0151156240
2.1103800000	0.0148343691
2.1110900000	0.0145636075
2.1118000000	0.0143029450
2.1125200000	0.0140519991
2.1132300000	0.0138108047
2.1139400000	0.0135781938
2.1146500000	0.0133540697
2.1153700000	0.0131381695
2.1160800000	0.0129301520
2.1167900000	0.0127295619
2.1175100000	0.0125361235
2.1182200000	0.0123494539
2.1189300000	0.0121693552
2.1196500000	0.0119952700
2.1203600000	0.0118269823
2.1210700000	0.0116642560
2.1217800000	0.0115067292
2.1225000000	0.0113541375
2.1232100000	0.0112014679
2.1239200000	0.0110575411
2.1246400000	0.0109177801
2.1253500000	0.0107821397
2.1260600000	0.0106504454
2.1267800000	0.0105225591
2.1274900000	0.0103984471
2.1282000000	0.0102781180
2.1289100000	0.0101615542
2.1296300000	0.0100488564
2.1303400000	0.0099400863
2.1310500000	0.0098355013
2.1317700000	0.0097355001
2.1324800000	0.0096401856
2.1331900000	0.0095500934
2.1339000000	0.0094655854
2.1346200000	0.0093868015
2.1353300000	0.0093146298
2.1360400000	0.0092493103
2.1367600000	0.0091912146
2.1374700000	0.0091406705
2.1381800000	0.0090978160
2.1389000000	0.0090629440
2.1396100000	0.0090360950
2.1403200000	0.0090170181
2.1410300000	0.0090055033
2.1417500000	0.0090008836
2.1424600000	0.0090027884
2.1431700000	0.0090105727
2.1438900000	0.0090235991
2.1446000000	0.0090406382
2.1453100000	0.0090613025
2.1460300000	0.0090845848
2.1467400000	0.0091095507
2.1474500000	0.0091356006
2.1481600000	0.0091621630
2.1488800000	0.0091887558
2.1495900000	0.0092148656
2.1503000000	0.0092402484
2.1510200000	0.0092646772
2.1517300000	0.0092881014
2.1524400000	0.0093104325
2.1531500000	0.0093317663
2.1538700000	0.0093521661
2.1545800000	0.0093717657
2.1552900000	0.0093907499
2.1560100000	0.0094093298
2.1567200000	0.0094276524
2.1574300000	0.0094459228
2.1581500000	0.0094643078
2.1588600000	0.0094829959
2.1595700000	0.0095021289
2.1602800000	0.0095218526
2.1610000000	0.0095422984
2.1617100000	0.0095635594
2.1624200000	0.0095857330
2.1631400000	0.0096088880
2.1638500000	0.0096330673
2.1645600000	0.0096582742
2.1652800000	0.0096845342
2.1659900000	0.0097118376
2.1667000000	0.0097401040
2.1674100000	0.0097693023
2.1681300000	0.0097993669
2.1688400000	0.0098301508
2.1695500000	0.0098615599
2.1702700000	0.0098934625
2.1709800000	0.0099257189
2.1716900000	0.0099581674
2.1724000000	0.0099906586
2.1731200000	0.0100230395
2.1738300000	0.0100551397
2.1745400000	0.0100868388
2.1752600000	0.0101180010
2.1759700000	0.0101485220
2.1766800000	0.0101783157
2.1774000000	0.0102072728
2.1781100000	0.0102354982
2.1788200000	0.0102629313
2.1795300000	0.0102895922
2.1802500000	0.0103155680
2.1809600000	0.0103409387
2.1816700000	0.0103658224
2.1823900000	0.0103903436
2.1831000000	0.0104146441
2.1838100000	0.0104361087
2.1845200000	0.0104603307
2.1852400000	0.0104847932
2.1859500000	0.0105096562
2.1866600000	0.0105350704
2.1873800000	0.0105611798
2.1880900000	0.0105881150
2.1888000000	0.0106160094
2.1895200000	0.0106449779
2.1902300000	0.0106751243
2.1909400000	0.0107065625
2.1916500000	0.0107393727
2.1923700000	0.0107736443
2.1930800000	0.0108094594
2.1937900000	0.0108468775
2.1945100000	0.0108859732
2.1952200000	0.0109267920
2.1959300000	0.0109693875
2.1966500000	0.0110137962
2.1973600000	0.0110600746
2.1980700000	0.0111082461
2.1987800000	0.0111583497
2.1995000000	0.0112104003
2.2002100000	0.0112720661
2.2009200000	0.0113543333
2.2016400000	0.0114391213
2.2023500000	0.0115264593
2.2030600000	0.0116163564
2.2037700000	0.0117088339
2.2044900000	0.0118039222
2.2052000000	0.0119016565
2.2059100000	0.0120020473
2.2066300000	0.0121051167
2.2073400000	0.0122109041
2.2080500000	0.0123194427
2.2087700000	0.0124307488
2.2094800000	0.0125448762
2.2101900000	0.0126618495
2.2109000000	0.0127816774
2.2116200000	0.0129044586
2.2123300000	0.0130302146
2.2130400000	0.0131589837
2.2137600000	0.0132908187
2.2144700000	0.0134257709
2.2151800000	0.0135638931
2.2159000000	0.0137052465
2.2166100000	0.0138498595
2.2173200000	0.0139978320
2.2180300000	0.0141492372
2.2187500000	0.0143041241
2.2194600000	0.0144625623
2.2201700000	0.0146246200
2.2208900000	0.0147904088
2.2216000000	0.0149599884
2.2223100000	0.0151334426
2.2230200000	0.0153108644
2.2237400000	0.0154923464
2.2244500000	0.0156779812
2.2251600000	0.0158678642
2.2258800000	0.0160620996
2.2265900000	0.0162608075
2.2273000000	0.0164640918
2.2280200000	0.0166720700
2.2287300000	0.0168848405
2.2294400000	0.0171025684
2.2301500000	0.0173253432
2.2308700000	0.0175533093
2.2315800000	0.0177866452
2.2322900000	0.0180254534
2.2330100000	0.0182699027
2.2337200000	0.0185201376
2.2344300000	0.0187763233
2.2351500000	0.0190386194
2.2358600000	0.0193072320
2.2365700000	0.0195822988
2.2372800000	0.0198640270
2.2380000000	0.0201526110
2.2387100000	0.0204482487
2.2394200000	0.0207511377
2.2401400000	0.0210615248
2.2408500000	0.0213796220
2.2415600000	0.0217056339
2.2422700000	0.0220397761
2.2429900000	0.0223823735
2.2437000000	0.0227337113
2.2444100000	0.0230939497
2.2451300000	0.0234633680
2.2458400000	0.0238423931
2.2465500000	0.0242312504
2.2472700000	0.0246087203
2.2479800000	0.0250177861
2.2486900000	0.0254376540
2.2494000000	0.0258686863
2.2501200000	0.0263112480
2.2508300000	0.0267656961
2.2515400000	0.0272324483
2.2522600000	0.0277119071
2.2529700000	0.0282045683
2.2536800000	0.0287107960
2.2543900000	0.0292310433
2.2551100000	0.0297658644
2.2558200000	0.0303156775
2.2565300000	0.0308810978
2.2572500000	0.0314626678
2.2579600000	0.0320608586
2.2586700000	0.0326763520
2.2593900000	0.0333097379
2.2601000000	0.0339615564
2.2608100000	0.0346326120
2.2615200000	0.0353235331
2.2622400000	0.0360350684
2.2629500000	0.0367679166
2.2636600000	0.0375229556
2.2643800000	0.0383008962
2.2650900000	0.0391026178
2.2658000000	0.0399289822
2.2665200000	0.0407809596
2.2672300000	0.0416594229
2.2679400000	0.0425653277
2.2686500000	0.0434998688
2.2693700000	0.0444640217
2.2700800000	0.0454588125
2.2707900000	0.0464856359
2.2715100000	0.0475455469
2.2722200000	0.0486398133
2.2729300000	0.0497696751
2.2736400000	0.0509365867
2.2743600000	0.0521419043
2.2750700000	0.0533870580
2.2757800000	0.0546735394
2.2765000000	0.0560029086
2.2772100000	0.0573767864
2.2779200000	0.0587967764
2.2786400000	0.0602646407
2.2793500000	0.0617821441
2.2800600000	0.0633509650
2.2807700000	0.0649730739
2.2814900000	0.0666501576
2.2822000000	0.0683844570
2.2829100000	0.0701780212
2.2836300000	0.0720326812
2.2843400000	0.0739504467
2.2850500000	0.0759334675
2.2857700000	0.0779836738
2.2864800000	0.0801033774
2.2871900000	0.0822945206
2.2879000000	0.0845590476
2.2886200000	0.0868991274
2.2893300000	0.0893165296
2.2900400000	0.0918132174
2.2907600000	0.0943908818
2.2914700000	0.0970511658
2.2921800000	0.0997955158
2.2928900000	0.1026251210
2.2936100000	0.1055409417
2.2943200000	0.1085437170
2.2950300000	0.1116339511
2.2957500000	0.1148114308
2.2964600000	0.1180757808
2.2971700000	0.1214261125
2.2978900000	0.1248608249
2.2986000000	0.1283776120
2.2993100000	0.1319737364
2.3000200000	0.1356525664
2.3007400000	0.1396127556
2.3014500000	0.1436512692
2.3021600000	0.1477607688
2.3028800000	0.1519327367
2.3035900000	0.1561569369
2.3043000000	0.1604218193
2.3050200000	0.1647138741
2.3057300000	0.1690180877
2.3064400000	0.1733175659
2.3071500000	0.1775936789
2.3078700000	0.1818261301
2.3085800000	0.1859928274
2.3092900000	0.1900701660
2.3100100000	0.1940331340
2.3107200000	0.1978558034
2.3114300000	0.2015118265
2.3121400000	0.2049726493
2.3128600000	0.2082119620
2.3135700000	0.2113559690
2.3142800000	0.2140946234
2.3150000000	0.2165339805
2.3157100000	0.2186506144
2.3164200000	0.2204246533
2.3171400000	0.2218384273
2.3178500000	0.2228789121
2.3185600000	0.2235329400
2.3192700000	0.2237950398
2.3199900000	0.2236628113
2.3207000000	0.2231385754
2.3214100000	0.2222274153
2.3221300000	0.2209404075
2.3228400000	0.2192901220
2.3235500000	0.2172938728
2.3242600000	0.2149718865
2.3249800000	0.2123464332
2.3256900000	0.2094426667
2.3264000000	0.2062871557
2.3271200000	0.2029045550
2.3278300000	0.1993239666
2.3285400000	0.1955725701
2.3292600000	0.1916769878
2.3299700000	0.1876633892
2.3306800000	0.1835571891
2.3313900000	0.1793816981
2.3321100000	0.1751593642
2.3328200000	0.1709107069
2.3335300000	0.1666544706
2.3342500000	0.1624077532
2.3349600000	0.1581867398
2.3356700000	0.1540033471
2.3363900000	0.1498699360
2.3371000000	0.1457974977
2.3378100000	0.1417937402
2.3385200000	0.1378666205
2.3392400000	0.1340223453
2.3399500000	0.1302655109
2.3406600000	0.1265999042
2.3413800000	0.1230285180
2.3420900000	0.1195535143
2.3428000000	0.1161758379
2.3435100000	0.1128962991
2.3442300000	0.1097147214
2.3449400000	0.1066306609
2.3456500000	0.1036432006
2.3463700000	0.1007510569
2.3470800000	0.0979525132
2.3477900000	0.0952457210
2.3485100000	0.0926287743
2.3492200000	0.0900993263
2.3499300000	0.0876547686
2.3506400000	0.0852928850
2.3513600000	0.0830110751
2.3520700000	0.0808067438
2.3527800000	0.0786775115
2.3535000000	0.0766203971
2.3542100000	0.0746330411
2.3549200000	0.0727128870
2.3556400000	0.0708575549
2.3563500000	0.0690643348
2.3570600000	0.0673309841
2.3577700000	0.0656551464
2.3584900000	0.0640345562
2.3592000000	0.0624670990
2.3599100000	0.0609506149
2.3606300000	0.0594831666
2.3613400000	0.0580628176
2.3620500000	0.0566877080
2.3627600000	0.0553560529
2.3634800000	0.0540662033
2.3641900000	0.0528165912
2.3649000000	0.0516056221
2.3656200000	0.0504318536
2.3663300000	0.0492939574
2.3670400000	0.0481905905
2.3677600000	0.0471205060
2.3684700000	0.0460824784
2.3691800000	0.0450754405
2.3698900000	0.0440982585
2.3706100000	0.0431498822
2.3713200000	0.0422293501
2.3720300000	0.0413356639
2.3727500000	0.0404679597
2.3734600000	0.0396253397
2.3741700000	0.0388069549
2.3748800000	0.0380119629
2.3756000000	0.0372396432
2.3763100000	0.0364891652
2.3770200000	0.0357598977
2.3777400000	0.0350510693
2.3784500000	0.0343620540
2.3791600000	0.0336921337
2.3798800000	0.0330406452
2.3805900000	0.0324070719
2.3813000000	0.0317908092
2.3820100000	0.0311802631
2.3827300000	0.0305951627
2.3834400000	0.0300257312
2.3841500000	0.0294714345
2.3848700000	0.0289317509
2.3855800000	0.0284062306
2.3862900000	0.0278943338
2.3870100000	0.0273956624
2.3877200000	0.0269097657
2.3884300000	0.0264362620
2.3891400000	0.0259746649
2.3898600000	0.0255245496
2.3905700000	0.0250856499
2.3912800000	0.0246575387
2.3920000000	0.0242397340
2.3927100000	0.0238320640
2.3934200000	0.0234342047
2.3941300000	0.0230457201
2.3948500000	0.0226660633
2.3955600000	0.0222954834
2.3962700000	0.0219333118
2.3969900000	0.0215794725
2.3977000000	0.0212335412
2.3984100000	0.0208953145
2.3991300000	0.0205645275
2.3998400000	0.0202409094
2.4005500000	0.0199101473
2.4012600000	0.0195826145
2.4019800000	0.0192623312
2.4026900000	0.0189489693
2.4034000000	0.0186423136
2.4041200000	0.0183420705
2.4048300000	0.0180478807
2.4055400000	0.0177598343
2.4062600000	0.0174775264
2.4069700000	0.0172007350
2.4076800000	0.0169290959
2.4083900000	0.0166626493
2.4091100000	0.0164010416
2.4098200000	0.0161441825
2.4105300000	0.0158918049
2.4112500000	0.0156437145
2.4119600000	0.0153997330
2.4126700000	0.0151596736
2.4133800000	0.0149233573
2.4141000000	0.0146906124
2.4148100000	0.0144612156
2.4155200000	0.0142351228
2.4162400000	0.0140121159
2.4169500000	0.0137920478
2.4176600000	0.0135747730
2.4183800000	0.0133600073
2.4190900000	0.0131477192
2.4198000000	0.0129380064
2.4205100000	0.0127305135
2.4212300000	0.0125251147
2.4219400000	0.0123218640
2.4226500000	0.0121206241
2.4233700000	0.0119209976
2.4240800000	0.0117234599
2.4247900000	0.0115276844
2.4255100000	0.0113336128
2.4262200000	0.0111411262
2.4269300000	0.0109504366
2.4276400000	0.0107613959
2.4283600000	0.0105740579
2.4290700000	0.0103884473
2.4297800000	0.0102046083
2.4305000000	0.0100226460
2.4312100000	0.0098426543
2.4319200000	0.0096646872
2.4326300000	0.0094888034
2.4333500000	0.0093154131
2.4340600000	0.0091441444
2.4347700000	0.0089761700
2.4354900000	0.0088116102
2.4362000000	0.0086505842
2.4369100000	0.0084933441
2.4376300000	0.0083400952
2.4383400000	0.0081915356
2.4390500000	0.0080479302
2.4397600000	0.0079097055
2.4404800000	0.0077773352
2.4411900000	0.0076512973
2.4419000000	0.0075320857
2.4426200000	0.0074202126
2.4433300000	0.0073161927
2.4440400000	0.0072204058
2.4447500000	0.0071336155
2.4454700000	0.0070561858
2.4461800000	0.0069885776
2.4468900000	0.0069309672
2.4476100000	0.0068839349
2.4483200000	0.0068481367
2.4490300000	0.0068236936
2.4497500000	0.0068107321
2.4504600000	0.0068087847
2.4511700000	0.0068190900
2.4518800000	0.0068410132
2.4526000000	0.0068744028
2.4533100000	0.0067349420
2.4540200000	0.0067964893
2.4547400000	0.0068689476
2.4554500000	0.0069516288
2.4561600000	0.0070441021
2.4568800000	0.0071455012
2.4575900000	0.0072549933
2.4583000000	0.0073716808
2.4590100000	0.0074946224
2.4597300000	0.0076228357
2.4604400000	0.0077553109
2.4611500000	0.0078908319
2.4618700000	0.0080287961
2.4625800000	0.0081679040
2.4632900000	0.0083074294
2.4640000000	0.0084465015
2.4647200000	0.0085841786
2.4654300000	0.0087197117
2.4661400000	0.0088524228
2.4668600000	0.0089817002
2.4675700000	0.0091069099
2.4682800000	0.0092279018
2.4690000000	0.0093441702
2.4697100000	0.0094554676
2.4704200000	0.0095616229
2.4711300000	0.0096625150
2.4718500000	0.0097581287
2.4725600000	0.0098484826
2.4732700000	0.0099336872
2.4739900000	0.0100138700
2.4747000000	0.0100892285
2.4754100000	0.0101601173
2.4761300000	0.0102265171
2.4768400000	0.0102888346
2.4775500000	0.0103473505
2.4782600000	0.0104023915
2.4789800000	0.0104543113
2.4796900000	0.0105033550
2.4804000000	0.0105499057
2.4811200000	0.0105942414
2.4818300000	0.0106367031
2.4825400000	0.0106775905
2.4832500000	0.0107172078
2.4839700000	0.0107558427
2.4846800000	0.0107937653
2.4853900000	0.0108312359
2.4861100000	0.0108685218
2.4868200000	0.0109058176
2.4875300000	0.0109433579
2.4882500000	0.0109813449
2.4889600000	0.0110199635
2.4896700000	0.0110593798
2.4903800000	0.0110997700
2.4911000000	0.0111412816
2.4918100000	0.0111839700
2.4925200000	0.0112280407
2.4932400000	0.0112734787
2.4939500000	0.0113204516
2.4946600000	0.0113689558
2.4953800000	0.0114190757
2.4960900000	0.0114709099
2.4968000000	0.0115243406
2.4975100000	0.0115794465
2.4982300000	0.0116362044
2.4989400000	0.0116946125
2.4996500000	0.0117545930
2.5003700000	0.0118196907
2.5010800000	0.0118897344
2.5017900000	0.0119612324
2.5025000000	0.0120340400
2.5032200000	0.0121079931
2.5039300000	0.0121828909
2.5046400000	0.0122585234
2.5053600000	0.0123346620
2.5060700000	0.0124110940
2.5067800000	0.0124874965
2.5075000000	0.0125635555
2.5082100000	0.0126390389
2.5089200000	0.0127135187
2.5096300000	0.0127866931
2.5103500000	0.0128582077
2.5110600000	0.0129277167
2.5117700000	0.0129947933
2.5124900000	0.0130590793
2.5132000000	0.0131201813
2.5139100000	0.0131777095
2.5146200000	0.0132312858
2.5153400000	0.0132805374
2.5160500000	0.0133251099
2.5167600000	0.0133646337
2.5174800000	0.0133988858
2.5181900000	0.0134273888
2.5189000000	0.0134499389
2.5196200000	0.0134663147
2.5203300000	0.0134763019
2.5210400000	0.0134798277
2.5217500000	0.0134765735
2.5224700000	0.0134665453
2.5231800000	0.0134496989
2.5238900000	0.0134260607
2.5246100000	0.0133956844
2.5253200000	0.0133585312
2.5260300000	0.0133148088
2.5267500000	0.0132762312
2.5274600000	0.0132195761
2.5281700000	0.0131569610
2.5288800000	0.0130886101
2.5296000000	0.0130148251
2.5303100000	0.0129359212
2.5310200000	0.0128522304
2.5317400000	0.0127640852
2.5324500000	0.0126718625
2.5331600000	0.0125758924
2.5338700000	0.0124765552
2.5345900000	0.0123742105
2.5353000000	0.0122692780
2.5360100000	0.0121620005
2.5367300000	0.0120528895
2.5374400000	0.0119420613
2.5381500000	0.0118299555
2.5388700000	0.0117168738
2.5395800000	0.0116031094
2.5402900000	0.0114889393
2.5410000000	0.0113746553
2.5417200000	0.0112605165
2.5424300000	0.0111466310
2.5431400000	0.0110332932
2.5438600000	0.0109206831
2.5445700000	0.0108089816
2.5452800000	0.0106983749
2.5460000000	0.0105889750
2.5467100000	0.0104809188
2.5474200000	0.0103743372
2.5481300000	0.0102693339
2.5488500000	0.0101660019
2.5495600000	0.0100644317
2.5502700000	0.0099646929
2.5509900000	0.0098669014
2.5517000000	0.0097710063
2.5524100000	0.0096771091
2.5531200000	0.0095852476
2.5538400000	0.0094954911
2.5545500000	0.0094078142
2.5552600000	0.0093222427
2.5559800000	0.0092388031
2.5566900000	0.0091575084
2.5574000000	0.0090783615
2.5581200000	0.0090013630
2.5588300000	0.0089265176
2.5595400000	0.0088538153
2.5602500000	0.0087832246
2.5609700000	0.0087147510
2.5616800000	0.0086483691
2.5623900000	0.0085840536
2.5631100000	0.0085217825
2.5638200000	0.0084615286
2.5645300000	0.0084032622
2.5652500000	0.0083469492
2.5659600000	0.0082925429
2.5666700000	0.0082400085
2.5673800000	0.0081893070
2.5681000000	0.0081403908
2.5688100000	0.0080932193
2.5695200000	0.0080477327
2.5702400000	0.0080038953
2.5709500000	0.0079616388
2.5716600000	0.0079209345
2.5723700000	0.0078817138
2.5730900000	0.0078439344
2.5738000000	0.0078075399
2.5745100000	0.0077724796
2.5752300000	0.0077387025
2.5759400000	0.0077061587
2.5766500000	0.0076748058
2.5773700000	0.0076445883
2.5780800000	0.0076154698
2.5787900000	0.0075874068
2.5795000000	0.0075603555
2.5802200000	0.0075342831
2.5809300000	0.0075091559
2.5816400000	0.0074849329
2.5823600000	0.0074615935
2.5830700000	0.0074391203
2.5837800000	0.0074174747
2.5844900000	0.0073966455
2.5852100000	0.0073766149
2.5859200000	0.0073573652
2.5866300000	0.0073388816
2.5873500000	0.0073211550
2.5880600000	0.0073041742
2.5887700000	0.0072879358
2.5894900000	0.0072724321
2.5902000000	0.0072576597
2.5909100000	0.0072436149
2.5916200000	0.0072302998
2.5923400000	0.0072177122
2.5930500000	0.0072058529
2.5937600000	0.0071947236
2.5944800000	0.0071843269
2.5951900000	0.0071746612
2.5959000000	0.0071657328
2.5966200000	0.0071575475
2.5973300000	0.0071501011
2.5980400000	0.0071433989
2.5987500000	0.0071374522
2.5994700000	0.0071322612
2.6001800000	0.0071301815
2.6008900000	0.0071359476
2.6016100000	0.0071426310
2.6023200000	0.0071502448
2.6030300000	0.0071587873
2.6037400000	0.0071682606
2.6044600000	0.0071787272
2.6051700000	0.0071900692
2.6058800000	0.0072023547
2.6066000000	0.0072155830
2.6073100000	0.0072297562
2.6080200000	0.0072448760
2.6087400000	0.0072609442
2.6094500000	0.0072779606
2.6101600000	0.0072959367
2.6108700000	0.0073148667
2.6115900000	0.0073347497
2.6123000000	0.0073555925
2.6130100000	0.0073774012
2.6137300000	0.0074001729
2.6144400000	0.0074239092
2.6151500000	0.0074486159
2.6158700000	0.0074743008
2.6165800000	0.0075009569
2.6172900000	0.0075285934
2.6180000000	0.0075572142
2.6187200000	0.0075868243
2.6194300000	0.0076174281
2.6201400000	0.0076490311
2.6208600000	0.0076816349
2.6215700000	0.0077152491
2.6222800000	0.0077498789
2.6229900000	0.0077855334
2.6237100000	0.0078222160
2.6244200000	0.0078599370
2.6251300000	0.0078987040
2.6258500000	0.0079385216
2.6265600000	0.0079794072
2.6272700000	0.0080213626
2.6279900000	0.0080643979
2.6287000000	0.0081085238
2.6294100000	0.0081537596
2.6301200000	0.0082001092
2.6308400000	0.0082475817
2.6315500000	0.0082961943
2.6322600000	0.0083459633
2.6329800000	0.0083968959
2.6336900000	0.0084490077
2.6344000000	0.0085023109
2.6351200000	0.0085568221
2.6358300000	0.0086125576
2.6365400000	0.0086695333
2.6372500000	0.0087277603
2.6379700000	0.0087872635
2.6386800000	0.0088480525
2.6393900000	0.0089101484
2.6401100000	0.0089735674
2.6408200000	0.0090383286
2.6415300000	0.0091044492
2.6422400000	0.0091719581
2.6429600000	0.0092408575
2.6436700000	0.0093111800
2.6443800000	0.0093829458
2.6451000000	0.0094561702
2.6458100000	0.0095308787
2.6465200000	0.0096070950
2.6472400000	0.0096848394
2.6479500000	0.0097641333
2.6486600000	0.0098450040
2.6493700000	0.0099274736
2.6500900000	0.0100115621
2.6508000000	0.0100972954
2.6515100000	0.0101847023
2.6522300000	0.0102738066
2.6529400000	0.0103646324
2.6536500000	0.0104572104
2.6543600000	0.0105515641
2.6550800000	0.0106477204
2.6557900000	0.0107457087
2.6565000000	0.0108455571
2.6572200000	0.0109472909
2.6579300000	0.0110509426
2.6586400000	0.0111565388
2.6593600000	0.0112641078
2.6600700000	0.0113736834
2.6607800000	0.0114852984
2.6614900000	0.0115989715
2.6622100000	0.0117147463
2.6629200000	0.0118326468
2.6636300000	0.0119527049
2.6643500000	0.0120749524
2.6650600000	0.0121994232
2.6657700000	0.0123261470
2.6664900000	0.0124551505
2.6672000000	0.0125864729
2.6679100000	0.0127201451
2.6686200000	0.0128561951
2.6693400000	0.0129946565
2.6700500000	0.0131355589
2.6707600000	0.0132789397
2.6714800000	0.0134248230
2.6721900000	0.0135732406
2.6729000000	0.0137242244
2.6736100000	0.0138778049
2.6743300000	0.0140340100
2.6750400000	0.0141928713
2.6757500000	0.0143544120
2.6764700000	0.0145186619
2.6771800000	0.0146856463
2.6778900000	0.0148553889
2.6786100000	0.0150279198
2.6793200000	0.0152032519
2.6800300000	0.0153814169
2.6807400000	0.0155624317
2.6814600000	0.0157463096
2.6821700000	0.0159314699
2.6828800000	0.0161211816
2.6836000000	0.0163138085
2.6843100000	0.0165093585
2.6850200000	0.0167078446
2.6857400000	0.0169092665
2.6864500000	0.0171136279
2.6871600000	0.0173209317
2.6878700000	0.0175311741
2.6885900000	0.0177443353
2.6893000000	0.0179604182
2.6900100000	0.0181794055
2.6907300000	0.0184012624
2.6914400000	0.0186260040
2.6921500000	0.0188535538
2.6928600000	0.0190839105
2.6935800000	0.0193170269
2.6942900000	0.0195528408
2.6950000000	0.0197913670
2.6957200000	0.0200324547
2.6964300000	0.0202760911
2.6971400000	0.0205221966
2.6978600000	0.0207706866
2.6985700000	0.0210214958
2.6992800000	0.0212745082
2.6999900000	0.0215296450
2.7007100000	0.0218188365
2.7014200000	0.0221110900
2.7021300000	0.0224060372
2.7028500000	0.0227034516
2.7035600000	0.0230032069
2.7042700000	0.0233050702
2.7049800000	0.0236088015
2.7057000000	0.0239141840
2.7064100000	0.0242210118
2.7071200000	0.0245289551
2.7078400000	0.0248377874
2.7085500000	0.0251471211
2.7092600000	0.0254567082
2.7099800000	0.0257661907
2.7106900000	0.0260752008
2.7114000000	0.0263833385
2.7121100000	0.0266902378
2.7128300000	0.0269954717
2.7135400000	0.0272986187
2.7142500000	0.0275992430
2.7149700000	0.0278968354
2.7156800000	0.0281909527
2.7163900000	0.0284810809
2.7171100000	0.0287667663
2.7178200000	0.0290474280
2.7185300000	0.0293226028
2.7192400000	0.0295916894
2.7199600000	0.0298542148
2.7206700000	0.0301095839
2.7213800000	0.0303573110
2.7221000000	0.0305968269
2.7228100000	0.0308276096
2.7235200000	0.0310490342
2.7242300000	0.0312607305
2.7249500000	0.0314620318
2.7256600000	0.0316525447
2.7263700000	0.0318317396
2.7270900000	0.0319991730
2.7278000000	0.0321544050
2.7285100000	0.0322970598
2.7292300000	0.0324266632
2.7299400000	0.0325429272
2.7306500000	0.0326455004
2.7313600000	0.0327341263
2.7320800000	0.0328085552
2.7327900000	0.0328685572
2.7335000000	0.0329139745
2.7342200000	0.0329446902
2.7349300000	0.0329605918
2.7356400000	0.0329616678
2.7363600000	0.0329479218
2.7370700000	0.0329193411
2.7377800000	0.0328760945
2.7384900000	0.0328182950
2.7392100000	0.0327460556
2.7399200000	0.0326596294
2.7406300000	0.0325593291
2.7413500000	0.0324453742
2.7420600000	0.0323180021
2.7427700000	0.0321776449
2.7434800000	0.0320247007
2.7442000000	0.0318595575
2.7449100000	0.0316826575
2.7456200000	0.0314944762
2.7463400000	0.0312954785
2.7470500000	0.0310861488
2.7477600000	0.0308670369
2.7484800000	0.0306386466
2.7491900000	0.0304014713
2.7499000000	0.0301560721
2.7506100000	0.0299030072
2.7513300000	0.0296427822
2.7520400000	0.0293759405
2.7527500000	0.0291030259
2.7534700000	0.0288245939
2.7541800000	0.0285411190
2.7548900000	0.0282531293
2.7556100000	0.0279611305
2.7563200000	0.0276655652
2.7570300000	0.0273669784
2.7577400000	0.0270657596
2.7584600000	0.0267623950
2.7591700000	0.0264573670
2.7598800000	0.0261509400
2.7606000000	0.0258436225
2.7613100000	0.0255357464
2.7620200000	0.0252501605
2.7627300000	0.0249411567
2.7634500000	0.0246326149
2.7641600000	0.0243248616
2.7648700000	0.0240181399
2.7655900000	0.0237127692
2.7663000000	0.0234089582
2.7670100000	0.0231069918
2.7677300000	0.0228070604
2.7684400000	0.0225093649
2.7691500000	0.0222141425
2.7698600000	0.0219215097
2.7705800000	0.0216316447
2.7712900000	0.0213447296
2.7720000000	0.0210608474
2.7727200000	0.0207801246
2.7734300000	0.0205027260
2.7741400000	0.0202287008
2.7748500000	0.0199581133
2.7755700000	0.0196911416
2.7762800000	0.0194277528
2.7769900000	0.0191680520
2.7777100000	0.0189120566
2.7784200000	0.0186598782
2.7791300000	0.0184114958
2.7798500000	0.0181669632
2.7805600000	0.0179263015
2.7812700000	0.0176894897
2.7819800000	0.0174566010
2.7827000000	0.0172276267
2.7834100000	0.0170025379
2.7841200000	0.0167813607
2.7848400000	0.0165640836
2.7855500000	0.0163506943
2.7862600000	0.0161411846
2.7869800000	0.0159355389
2.7876900000	0.0157336963
2.7884000000	0.0155356219
2.7891100000	0.0153414341
2.7898300000	0.0151510266
2.7905400000	0.0149643865
2.7912500000	0.0147814327
2.7919700000	0.0146022148
2.7926800000	0.0144266601
2.7933900000	0.0142547403
2.7941000000	0.0140864229
2.7948200000	0.0139216738
2.7955300000	0.0137604584
2.7962400000	0.0136027434
2.7969600000	0.0134484851
2.7976700000	0.0132976536
2.7983800000	0.0131502098
2.7991000000	0.0130061155
2.7998100000	0.0128653278
2.8005200000	0.0127160854
2.8012300000	0.0125665933
2.8019500000	0.0124212210
2.8026600000	0.0122798994
2.8033700000	0.0121425706
2.8040900000	0.0120091306
2.8048000000	0.0118795499
2.8055100000	0.0117537336
2.8062300000	0.0116316461
2.8069400000	0.0115132087
2.8076500000	0.0113983336
2.8083600000	0.0112869321
2.8090800000	0.0111789420
2.8097900000	0.0110742326
2.8105000000	0.0109728160
2.8112200000	0.0108745679
2.8119300000	0.0107793986
2.8126400000	0.0106872272
2.8133500000	0.0105979652
2.8140700000	0.0105115318
2.8147800000	0.0104278385
2.8154900000	0.0103467939
2.8162100000	0.0102683171
2.8169200000	0.0101923107
2.8176300000	0.0101186920
2.8183500000	0.0100473703
2.8190600000	0.0099782518
2.8197700000	0.0099112093
2.8204800000	0.0098462371
2.8212000000	0.0097832194
2.8219100000	0.0097220313
2.8226200000	0.0096626426
2.8233400000	0.0096049428
2.8240500000	0.0095488483
2.8247600000	0.0094942794
2.8254800000	0.0094411512
2.8261900000	0.0093893934
2.8269000000	0.0093389245
2.8276100000	0.0092896739
2.8283300000	0.0092415709
2.8290400000	0.0091945422
2.8297500000	0.0091485234
2.8304700000	0.0091034507
2.8311800000	0.0090592650
2.8318900000	0.0090159018
2.8326000000	0.0089733056
2.8333200000	0.0089314265
2.8340300000	0.0088902072
2.8347400000	0.0088495798
2.8354600000	0.0088095428
2.8361700000	0.0087700173
2.8368800000	0.0087309879
2.8376000000	0.0086924042
2.8383100000	0.0086542248
2.8390200000	0.0086164197
2.8397300000	0.0085789530
2.8404500000	0.0085418039
2.8411600000	0.0085049387
2.8418700000	0.0084683387
2.8425900000	0.0084248687
2.8433000000	0.0083890683
2.8440100000	0.0083534582
2.8447200000	0.0083180114
2.8454400000	0.0082827268
2.8461500000	0.0082475818
2.8468600000	0.0082125713
2.8475800000	0.0081776842
2.8482900000	0.0081429130
2.8490000000	0.0081082544
2.8497200000	0.0080737033
2.8504300000	0.0080392519
2.8511400000	0.0080049100
2.8518500000	0.0079706640
2.8525700000	0.0079365251
2.8532800000	0.0079024969
2.8539900000	0.0078685702
2.8547100000	0.0078347573
2.8554200000	0.0078010655
2.8561300000	0.0077674939
2.8568500000	0.0077340578
2.8575600000	0.0077007604
2.8582700000	0.0076676111
2.8589800000	0.0076346179
2.8597000000	0.0076017849
2.8604100000	0.0075691256
2.8611200000	0.0075366537
2.8618400000	0.0075043770
2.8625500000	0.0074723058
2.8632600000	0.0074404529
2.8639700000	0.0074088270
2.8646900000	0.0073774405
2.8654000000	0.0073463058
2.8661100000	0.0073154281
2.8668300000	0.0072848293
2.8675400000	0.0072545127
2.8682500000	0.0072244962
2.8689700000	0.0071947809
2.8696800000	0.0071653879
2.8703900000	0.0071363175
2.8711000000	0.0071075857
2.8718200000	0.0070792105
2.8725300000	0.0070511869
2.8732400000	0.0070235330
2.8739600000	0.0069962576
2.8746700000	0.0069693744
2.8753800000	0.0069428804
2.8761000000	0.0069167943
2.8768100000	0.0068911202
2.8775200000	0.0068658646
2.8782300000	0.0068410440
2.8789500000	0.0068166550
2.8796600000	0.0067927078
2.8803700000	0.0067692112
2.8810900000	0.0067461714
2.8818000000	0.0067235923
2.8825100000	0.0067014852
2.8832200000	0.0066798442
2.8839400000	0.0066586846
2.8846500000	0.0066380057
2.8853600000	0.0066178146
2.8860800000	0.0065981138
2.8867900000	0.0065789064
2.8875000000	0.0065601983
2.8882200000	0.0065419969
2.8889300000	0.0065242966
2.8896400000	0.0065071042
2.8903500000	0.0064904233
2.8910700000	0.0064742575
2.8917800000	0.0064586087
2.8924900000	0.0064434783
2.8932100000	0.0064288651
2.8939200000	0.0064147816
2.8946300000	0.0064012158
2.8953500000	0.0063881765
2.8960600000	0.0063756665
2.8967700000	0.0063636864
2.8974800000	0.0063522310
2.8982000000	0.0063413095
2.8989100000	0.0063309220
2.8996200000	0.0063210641
2.9003400000	0.0063129255
2.9010500000	0.0063068017
2.9017600000	0.0063014102
2.9024700000	0.0062967530
2.9031900000	0.0062928348
2.9039000000	0.0062896520
2.9046100000	0.0062872033
2.9053300000	0.0062854903
2.9060400000	0.0062845090
2.9067500000	0.0062842641
2.9074700000	0.0062847477
2.9081800000	0.0062859656
2.9088900000	0.0062879181
2.9096000000	0.0062906002
2.9103200000	0.0062940115
2.9110300000	0.0062981559
2.9117400000	0.0063030294
2.9124600000	0.0063086284
2.9131700000	0.0063149567
2.9138800000	0.0063220163
2.9145900000	0.0063297967
2.9153100000	0.0063383046
2.9160200000	0.0063475346
2.9167300000	0.0063574952
2.9174500000	0.0063681759
2.9181600000	0.0063795797
2.9188700000	0.0063917078
2.9195900000	0.0064045539
2.9203000000	0.0064181229
2.9210100000	0.0064324127
2.9217200000	0.0064474227
2.9224400000	0.0064631478
2.9231500000	0.0064795924
2.9238600000	0.0064967247
2.9245800000	0.0065146183
2.9252900000	0.0065332298
2.9260000000	0.0065525549
2.9267200000	0.0065725971
2.9274300000	0.0065933478
2.9281400000	0.0066148151
2.9288500000	0.0066369929
2.9295700000	0.0066598852
2.9302800000	0.0066834825
2.9309900000	0.0067077900
2.9317100000	0.0067328038
2.9324200000	0.0067585260
2.9331300000	0.0067849484
2.9338400000	0.0068120752
2.9345600000	0.0068399018
2.9352700000	0.0068684258
2.9359800000	0.0068976518
2.9367000000	0.0069275640
2.9374100000	0.0069581691
2.9381200000	0.0069894653
2.9388400000	0.0070214472
2.9395500000	0.0070541091
2.9402600000	0.0070874517
2.9409700000	0.0071214677
2.9416900000	0.0071561532
2.9424000000	0.0071915041
2.9431100000	0.0072275193
2.9438300000	0.0072641869
2.9445400000	0.0073015052
2.9452500000	0.0073394650
2.9459700000	0.0073780612
2.9466800000	0.0074172891
2.9473900000	0.0074571357
2.9481000000	0.0074975981
2.9488200000	0.0075386638
2.9495300000	0.0075803232
2.9502400000	0.0076225693
2.9509600000	0.0076653895
2.9516700000	0.0077087709
2.9523800000	0.0077527043
2.9530900000	0.0077971749
2.9538100000	0.0078421689
2.9545200000	0.0078876748
2.9552300000	0.0079336712
2.9559500000	0.0079801480
2.9566600000	0.0080270873
2.9573700000	0.0080744672
2.9580900000	0.0081222732
2.9588000000	0.0081704829
2.9595100000	0.0082190766
2.9602200000	0.0082680345
2.9609400000	0.0083173305
2.9616500000	0.0083669434
2.9623600000	0.0084168501
2.9630800000	0.0084670188
2.9637900000	0.0085174245
2.9645000000	0.0085680466
2.9652200000	0.0086188422
2.9659300000	0.0086697925
2.9666400000	0.0087208621
2.9673500000	0.0087720174
2.9680700000	0.0088232265
2.9687800000	0.0088744523
2.9694900000	0.0089256627
2.9702100000	0.0089768208
2.9709200000	0.0090278861
2.9716300000	0.0090788210
2.9723400000	0.0091295824
2.9730600000	0.0091801365
2.9737700000	0.0092304337
2.9744800000	0.0092804358
2.9752000000	0.0093300964
2.9759100000	0.0093793756
2.9766200000	0.0094282235
2.9773400000	0.0094765930
2.9780500000	0.0095244521
2.9787600000	0.0095717336
2.9794700000	0.0096183953
2.9801900000	0.0096643968
2.9809000000	0.0097096811
2.9816100000	0.0097542087
2.9823300000	0.0097979195
2.9830400000	0.0098407730
2.9837500000	0.0098827168
2.9844600000	0.0099237075
2.9851800000	0.0099636900
2.9858900000	0.0100026151
2.9866000000	0.0100404449
2.9873200000	0.0100771204
2.9880300000	0.0101126067
2.9887400000	0.0101468494
2.9894600000	0.0101798108
2.9901700000	0.0102114414
2.9908800000	0.0102417062
2.9915900000	0.0102705586
2.9923100000	0.0102979596
2.9930200000	0.0103238738
2.9937300000	0.0103482643
2.9944500000	0.0103710947
2.9951600000	0.0103923357
2.9958700000	0.0104119519
2.9965900000	0.0104299212
2.9973000000	0.0104462141
2.9980100000	0.0104608048
2.9987200000	0.0104736727
2.9994400000	0.0104847954
3.0001500000	0.0104939563
3.0008600000	0.0104998500
3.0015800000	0.0105027944
3.0022900000	0.0105028038
3.0030000000	0.0104999084
3.0037100000	0.0104941257
3.0044300000	0.0104854906
3.0051400000	0.0104740453
3.0058500000	0.0104643279
3.0065700000	0.0104473296
3.0072800000	0.0104276706
3.0079900000	0.0104054075
3.0087100000	0.0103806053
3.0094200000	0.0103533408
3.0101300000	0.0103236872
3.0108400000	0.0102917262
3.0115600000	0.0102575371
3.0122700000	0.0102212085
3.0129800000	0.0101828283
3.0137000000	0.0101424850
3.0144100000	0.0101002705
3.0151200000	0.0100562807
3.0158400000	0.0100106053
3.0165500000	0.0099633466
3.0172600000	0.0099145954
3.0179700000	0.0098644439
3.0186900000	0.0098129975
3.0194000000	0.0097603398
3.0201100000	0.0097065676
3.0208300000	0.0096517748
3.0215400000	0.0095960537
3.0222500000	0.0095394884
3.0229600000	0.0094821634
3.0236800000	0.0094241708
3.0243900000	0.0093655912
3.0251000000	0.0093065026
3.0258200000	0.0092469869
3.0265300000	0.0091871174
3.0272400000	0.0091269606
3.0279600000	0.0090665941
3.0286700000	0.0090060812
3.0293800000	0.0089454851
3.0300900000	0.0088848679
3.0308100000	0.0088242863
3.0315200000	0.0087637940
3.0322300000	0.0087034455
3.0329500000	0.0086432873
3.0336600000	0.0085833723
3.0343700000	0.0085237331
3.0350900000	0.0084644140
3.0358000000	0.0084054582
3.0365100000	0.0083468923
3.0372200000	0.0082887572
3.0379400000	0.0082310795
3.0386500000	0.0081738838
3.0393600000	0.0081171978
3.0400800000	0.0080610443
3.0407900000	0.0080054414
3.0415000000	0.0079504116
3.0422100000	0.0078959704
3.0429300000	0.0078421320
3.0436400000	0.0077889139
3.0443500000	0.0077363199
3.0450700000	0.0076843630
3.0457800000	0.0076330531
3.0464900000	0.0075824002
3.0472100000	0.0075324004
3.0479200000	0.0074830703
3.0486300000	0.0074343971
3.0493400000	0.0073863993
3.0500600000	0.0073390666
3.0507700000	0.0072924085
3.0514800000	0.0072464178
3.0522000000	0.0072010954
3.0529100000	0.0071564391
3.0536200000	0.0071124434
3.0543300000	0.0070691113
3.0550500000	0.0070264372
3.0557600000	0.0069844146
3.0564700000	0.0069430421
3.0571900000	0.0069023080
3.0579000000	0.0068622172
3.0586100000	0.0068227599
3.0593300000	0.0067839304
3.0600400000	0.0067457228
3.0607500000	0.0067081338
3.0614600000	0.0066711529
3.0621800000	0.0066347772
3.0628900000	0.0065990063
3.0636000000	0.0065638232
3.0643200000	0.0065292285
3.0650300000	0.0064952138
3.0657400000	0.0064617772
3.0664600000	0.0064289090
3.0671700000	0.0063966046
3.0678800000	0.0063648555
3.0685900000	0.0063336642
3.0693100000	0.0063030130
3.0700200000	0.0062729090
3.0707300000	0.0062433314
3.0714500000	0.0062142892
3.0721600000	0.0061857709
3.0728700000	0.0061577747
3.0735800000	0.0061302926
3.0743000000	0.0061033205
3.0750100000	0.0060768562
3.0757200000	0.0060508867
3.0764400000	0.0060254178
3.0771500000	0.0060004374
3.0778600000	0.0059759465
3.0785800000	0.0059519380
3.0792900000	0.0059284033
3.0800000000	0.0059053453
3.0807100000	0.0058827574
3.0814300000	0.0058606351
3.0821400000	0.0058389740
3.0828500000	0.0058164732
3.0835700000	0.0057957543
3.0842800000	0.0057754827
3.0849900000	0.0057556577
3.0857100000	0.0057362761
3.0864200000	0.0057173326
3.0871300000	0.0056988243
3.0878400000	0.0056807445
3.0885600000	0.0056630930
3.0892700000	0.0056458668
3.0899800000	0.0056290581
3.0907000000	0.0056126646
3.0914100000	0.0055966848
3.0921200000	0.0055811170
3.0928300000	0.0055659525
3.0935500000	0.0055511870
3.0942600000	0.0055368265
3.0949700000	0.0055228576
3.0956900000	0.0055092800
3.0964000000	0.0054960909
3.0971100000	0.0054832881
3.0978300000	0.0054708616
3.0985400000	0.0054588119
3.0992500000	0.0054471353
3.0999600000	0.0054358303
3.1006800000	0.0054267314
3.1013900000	0.0054183355
3.1021000000	0.0054105401
3.1028200000	0.0054033292
3.1035300000	0.0053966874
3.1042400000	0.0053906000
3.1049500000	0.0053850575
3.1056700000	0.0053800402
3.1063800000	0.0053755330
3.1070900000	0.0053715233
3.1078100000	0.0053679959
3.1085200000	0.0053649382
3.1092300000	0.0053623279
3.1099500000	0.0053601574
3.1106600000	0.0053584083
3.1113700000	0.0053570674
3.1120800000	0.0053561167
3.1128000000	0.0053555414
3.1135100000	0.0053553259
3.1142200000	0.0053554584
3.1149400000	0.0053559248
3.1156500000	0.0053566977
3.1163600000	0.0053577706
3.1170800000	0.0053591319
3.1177900000	0.0053607580
3.1185000000	0.0053626378
3.1192100000	0.0053647536
3.1199300000	0.0053670855
3.1206400000	0.0053696273
3.1213500000	0.0053723535
3.1220700000	0.0053752580
3.1227800000	0.0053783185
3.1234900000	0.0053815179
3.1242000000	0.0053848455
3.1249200000	0.0053882823
3.1256300000	0.0053918124
3.1263400000	0.0053954275
3.1270600000	0.0053991019
3.1277700000	0.0054028261
3.1284800000	0.0054065836
3.1292000000	0.0054103602
3.1299100000	0.0054141399
3.1306200000	0.0054179076
3.1313300000	0.0054216525
3.1320500000	0.0054253533
3.1327600000	0.0054289973
3.1334700000	0.0054325761
3.1341900000	0.0054360746
3.1349000000	0.0054394769
3.1356100000	0.0054427726
3.1363300000	0.0054459410
3.1370400000	0.0054489778
3.1377500000	0.0054518711
3.1384600000	0.0054546005
3.1391800000	0.0054571655
3.1398900000	0.0054595480
3.1406000000	0.0054617387
3.1413200000	0.0054637267
3.1420300000	0.0054655037
3.1427400000	0.0054670596
3.1434500000	0.0054683866
3.1441700000	0.0054694706
3.1448800000	0.0054703098
3.1455900000	0.0054708966
3.1463100000	0.0054712167
3.1470200000	0.0054712704
3.1477300000	0.0054710499
3.1484500000	0.0054705488
3.1491600000	0.0054697606
3.1498700000	0.0054686797
3.1505800000	0.0054673099
3.1513000000	0.0054656387
3.1520100000	0.0054636676
3.1527200000	0.0054613919
3.1534400000	0.0054588084
3.1541500000	0.0054563917
3.1548600000	0.0054531866
3.1555800000	0.0054496699
3.1562900000	0.0054458443
3.1570000000	0.0054417076
3.1577100000	0.0054372588
3.1584300000	0.0054325042
3.1591400000	0.0054274435
3.1598500000	0.0054220768
3.1605700000	0.0054164073
3.1612800000	0.0054104408
3.1619900000	0.0054041788
3.1627000000	0.0053976242
3.1634200000	0.0053907802
3.1641300000	0.0053836531
3.1648400000	0.0053762470
3.1655600000	0.0053685666
3.1662700000	0.0053606166
3.1669800000	0.0053524074
3.1677000000	0.0053439339
3.1684100000	0.0053352157
3.1691200000	0.0053262474
3.1698300000	0.0053170426
3.1705500000	0.0053076023
3.1712600000	0.0052979398
3.1719700000	0.0052880596
3.1726900000	0.0052779675
3.1734000000	0.0052676709
3.1741100000	0.0052571788
3.1748200000	0.0052464976
3.1755400000	0.0052356349
3.1762500000	0.0052245942
3.1769600000	0.0052133915
3.1776800000	0.0052020256
3.1783900000	0.0051905113
3.1791000000	0.0051788521
3.1798200000	0.0051670566
3.1805300000	0.0051551311
3.1812400000	0.0051430847
3.1819500000	0.0051309246
3.1826700000	0.0051186571
3.1833800000	0.0051062942
3.1840900000	0.0050938342
3.1848100000	0.0050812922
3.1855200000	0.0050686747
3.1862300000	0.0050559835
3.1869500000	0.0050432299
3.1876600000	0.0050304189
3.1883700000	0.0050175537
3.1890800000	0.0050046483
3.1898000000	0.0049917060
3.1905100000	0.0049787291
3.1912200000	0.0049657279
3.1919400000	0.0049527075
3.1926500000	0.0049396711
3.1933600000	0.0049266294
3.1940700000	0.0049135823
3.1947900000	0.0049005385
3.1955000000	0.0048875039
3.1962100000	0.0048744823
3.1969300000	0.0048614755
3.1976400000	0.0048484894
3.1983500000	0.0048355335
3.1990700000	0.0048226067
3.1997800000	0.0048097166
3.2004900000	0.0047944600
3.2012000000	0.0047783918
3.2019200000	0.0047626277
3.2026300000	0.0047471690
3.2033400000	0.0047320054
3.2040600000	0.0047171329
3.2047700000	0.0047025427
3.2054800000	0.0046882297
3.2062000000	0.0046741870
3.2069100000	0.0046604051
3.2076200000	0.0046468812
3.2083300000	0.0046336082
3.2090500000	0.0046205745
3.2097600000	0.0046077742
3.2104700000	0.0045952015
3.2111900000	0.0045828492
3.2119000000	0.0045707075
3.2126100000	0.0045587718
3.2133200000	0.0045470345
3.2140400000	0.0045354864
3.2147500000	0.0045241267
3.2154600000	0.0045129422
3.2161800000	0.0045019258
3.2168900000	0.0044910736
3.2176000000	0.0044803777
3.2183200000	0.0044698318
3.2190300000	0.0044594342
3.2197400000	0.0044491709
3.2204500000	0.0044390398
3.2211700000	0.0044290322
3.2218800000	0.0044191512
3.2225900000	0.0044093797
3.2233100000	0.0043997181
3.2240200000	0.0043901606
3.2247300000	0.0043807046
3.2254500000	0.0043715168
3.2261600000	0.0043622378
3.2268700000	0.0043530433
3.2275800000	0.0043439279
3.2283000000	0.0043348849
3.2290100000	0.0043259180
3.2297200000	0.0043170127
3.2304400000	0.0043081747
3.2311500000	0.0042993953
3.2318600000	0.0042906720
3.2325700000	0.0042820034
3.2332900000	0.0042733805
3.2340000000	0.0042648041
3.2347100000	0.0042562731
3.2354300000	0.0042477789
3.2361400000	0.0042393262
3.2368500000	0.0042309050
3.2375700000	0.0042225174
3.2382800000	0.0042141626
3.2389900000	0.0042058324
3.2397000000	0.0041975309
3.2404200000	0.0041892513
3.2411300000	0.0041809976
3.2418400000	0.0041727605
3.2425600000	0.0041645438
3.2432700000	0.0041563445
3.2439800000	0.0041481629
3.2446900000	0.0041399934
3.2454100000	0.0041318389
3.2461200000	0.0041236985
3.2468300000	0.0041155687
3.2475500000	0.0041074490
3.2482600000	0.0040993376
3.2489700000	0.0040912380
3.2496900000	0.0040831448
3.2504000000	0.0040750600
3.2511100000	0.0040669817
3.2518200000	0.0040589098
3.2525400000	0.0040508459
3.2532500000	0.0040427871
3.2539600000	0.0040347324
3.2546800000	0.0040266842
3.2553900000	0.0040186415
3.2561000000	0.0040106031
3.2568200000	0.0040025706
3.2575300000	0.0039945415
3.2582400000	0.0039865157
3.2589500000	0.0039784967
3.2596700000	0.0039704820
3.2603800000	0.0039624713
3.2610900000	0.0039544649
3.2618100000	0.0039464636
3.2625200000	0.0039384676
3.2632300000	0.0039304752
3.2639400000	0.0039224910
3.2646600000	0.0039145079
3.2653700000	0.0039065340
3.2660800000	0.0038985662
3.2668000000	0.0038906017
3.2675100000	0.0038826431
3.2682200000	0.0038746972
3.2689400000	0.0038667518
3.2696500000	0.0038588167
3.2703600000	0.0038508864
3.2710700000	0.0038429646
3.2717900000	0.0038350527
3.2725000000	0.0038271474
3.2732100000	0.0038192499
3.2739300000	0.0038113644
3.2746400000	0.0038034852
3.2753500000	0.0037956170
3.2760700000	0.0037877572
3.2767800000	0.0037799090
3.2774900000	0.0037720679
3.2782000000	0.0037642397
3.2789200000	0.0037564205
3.2796300000	0.0037486146
3.2803400000	0.0037408193
3.2810600000	0.0037330324
3.2817700000	0.0037252616
3.2824800000	0.0037175012
3.2831900000	0.0037097535
3.2839100000	0.0037020187
3.2846200000	0.0036942970
3.2853300000	0.0036865860
3.2860500000	0.0036788887
3.2867600000	0.0036712045
3.2874700000	0.0036635382
3.2881900000	0.0036558815
3.2889000000	0.0036482399
3.2896100000	0.0036406123
3.2903200000	0.0036330006
3.2910400000	0.0036253984
3.2917500000	0.0036178146
3.2924600000	0.0036102444
3.2931800000	0.0036026906
3.2938900000	0.0035951531
3.2946000000	0.0035879128
3.2953200000	0.0035804015
3.2960300000	0.0035729035
3.2967400000	0.0035654180
3.2974500000	0.0035579514
3.2981700000	0.0035505032
3.2988800000	0.0035430662
3.2995900000	0.0035356450
3.3003100000	0.0035295184
3.3010200000	0.0035250810
3.3017300000	0.0035206325
3.3024400000	0.0035161709
3.3031600000	0.0035116954
3.3038700000	0.0035072115
3.3045800000	0.0035027154
3.3053000000	0.0034982020
3.3060100000	0.0034936822
3.3067200000	0.0034891476
3.3074400000	0.0034845977
3.3081500000	0.0034800368
3.3088600000	0.0034754645
3.3095700000	0.0034708764
3.3102900000	0.0034662775
3.3110000000	0.0034616661
3.3117100000	0.0034570380
3.3124300000	0.0034523999
3.3131400000	0.0034477469
3.3138500000	0.0034430820
3.3145600000	0.0034384032
3.3152800000	0.0034337117
3.3159900000	0.0034290057
3.3167000000	0.0034242891
3.3174200000	0.0034195542
3.3181300000	0.0034148106
3.3188400000	0.0034100525
3.3195600000	0.0034052842
3.3202700000	0.0034004979
3.3209800000	0.0033957004
3.3216900000	0.0033908910
3.3224100000	0.0033860678
3.3231200000	0.0033812305
3.3238300000	0.0033763825
3.3245500000	0.0033715233
3.3252600000	0.0033666461
3.3259700000	0.0033617574
3.3266900000	0.0033568577
3.3274000000	0.0033519487
3.3281100000	0.0033470192
3.3288200000	0.0033420817
3.3295400000	0.0033371317
3.3302500000	0.0033321689
3.3309600000	0.0033271904
3.3316800000	0.0033222057
3.3323900000	0.0033172039
3.3331000000	0.0033121941
3.3338100000	0.0033071682
3.3345300000	0.0033021314
3.3352400000	0.0032970828
3.3359500000	0.0032920237
3.3366700000	0.0032869501
3.3373800000	0.0032818684
3.3380900000	0.0032767725
3.3388100000	0.0032716660
3.3395200000	0.0032665489
3.3402300000	0.0032614181
3.3409400000	0.0032562791
3.3416600000	0.0032511274
3.3423700000	0.0032459633
3.3430800000	0.0032407897
3.3438000000	0.0032356036
3.3445100000	0.0032304091
3.3452200000	0.0032252046
3.3459400000	0.0032199876
3.3466500000	0.0032147596
3.3473600000	0.0032095226
3.3480700000	0.0032042762
3.3487900000	0.0031990164
3.3495000000	0.0031937490
3.3502100000	0.0031884719
3.3509300000	0.0031831830
3.3516400000	0.0031778857
3.3523500000	0.0031725784
3.3530600000	0.0031672612
3.3537800000	0.0031619349
3.3544900000	0.0031565998
3.3552000000	0.0031512556
3.3559200000	0.0031459038
3.3566300000	0.0031405394
3.3573400000	0.0031351672
3.3580600000	0.0031297856
3.3587700000	0.0031243968
3.3594800000	0.0031189986
3.3601900000	0.0031135941
3.3609100000	0.0031081808
3.3616200000	0.0031027572
3.3623300000	0.0030973266
3.3630500000	0.0030918884
3.3637600000	0.0030864419
3.3644700000	0.0030809882
3.3651900000	0.0030755262
3.3659000000	0.0030700566
3.3666100000	0.0030645806
3.3673200000	0.0030590973
3.3680400000	0.0030536045
3.3687500000	0.0030481101
3.3694600000	0.0030426035
3.3701800000	0.0030370935
3.3708900000	0.0030315732
3.3716000000	0.0030260495
3.3723100000	0.0030205187
3.3730300000	0.0030149819
3.3737400000	0.0030094365
3.3744500000	0.0030038870
3.3751700000	0.0029983353
3.3758800000	0.0029927752
3.3765900000	0.0029872073
3.3773100000	0.0029816360
3.3780200000	0.0029760572
3.3787300000	0.0029704751
3.3794400000	0.0029648870
3.3801600000	0.0029592932
3.3808700000	0.0029536947
3.3815800000	0.0029480898
3.3823000000	0.0029424832
3.3830100000	0.0029368727
3.3837200000	0.0029312560
3.3844300000	0.0029256335
3.3851500000	0.0029200094
3.3858600000	0.0029143824
3.3865700000	0.0029087475
3.3872900000	0.0029031140
3.3880000000	0.0028974695
3.3887100000	0.0028918290
3.3894300000	0.0028861801
3.3901400000	0.0028805324
3.3908500000	0.0028748779
3.3915600000	0.0028692213
3.3922800000	0.0028635602
3.3929900000	0.0028578998
3.3937000000	0.0028522365
3.3944200000	0.0028465673
3.3951300000	0.0028408976
3.3958400000	0.0028352252
3.3965600000	0.0028295506
3.3972700000	0.0028238742
3.3979800000	0.0028181957
3.3986900000	0.0028125159
3.3994100000	0.0028068339
3.4001200000	0.0028017833
3.4008300000	0.0027998637
3.4015500000	0.0027979446
3.4022600000	0.0027960270
3.4029700000	0.0027941160
3.4036800000	0.0027921999
3.4044000000	0.0027902889
3.4051100000	0.0027883764
3.4058200000	0.0027864709
3.4065400000	0.0027845625
3.4072500000	0.0027826574
3.4079600000	0.0027807540
3.4086800000	0.0027788478
3.4093900000	0.0027769477
3.4101000000	0.0027750463
3.4108100000	0.0027731489
3.4115300000	0.0027712509
3.4122400000	0.0027693571
3.4129500000	0.0027674630
3.4136700000	0.0027655691
3.4143800000	0.0027636771
3.4150900000	0.0027617874
3.4158100000	0.0027598986
3.4165200000	0.0027580096
3.4172300000	0.0027561251
3.4179400000	0.0027542379
3.4186600000	0.0027523548
3.4193700000	0.0027504696
3.4200800000	0.0027485897
3.4208000000	0.0027467087
3.4215100000	0.0027448307
3.4222200000	0.0027429523
3.4229300000	0.0027410752
3.4236500000	0.0027391978
3.4243600000	0.0027373243
3.4250700000	0.0027354497
3.4257900000	0.0027335772
3.4265000000	0.0027317046
3.4272100000	0.0027298331
3.4279300000	0.0027279659
3.4286400000	0.0027260966
3.4293500000	0.0027242265
3.4300600000	0.0027223619
3.4307800000	0.0027204950
3.4314900000	0.0027186318
3.4322000000	0.0027167662
3.4329200000	0.0027149027
3.4336300000	0.0027130398
3.4343400000	0.0027111772
3.4350600000	0.0027093166
3.4357700000	0.0027074558
3.4364800000	0.0027055956
3.4371900000	0.0027037380
3.4379100000	0.0027018789
3.4386200000	0.0027000218
3.4393300000	0.0026981640
3.4400500000	0.0026963110
3.4407600000	0.0026944516
3.4414700000	0.0026925979
3.4421800000	0.0026907442
3.4429000000	0.0026888908
3.4436100000	0.0026870371
3.4443200000	0.0026851845
3.4450400000	0.0026833336
3.4457500000	0.0026814822
3.4464600000	0.0026796302
3.4471800000	0.0026777802
3.4478900000	0.0026759275
3.4486000000	0.0026740808
3.4493100000	0.0026722265
3.4500300000	0.0026703785
3.4507400000	0.0026685309
3.4514500000	0.0026666815
3.4521700000	0.0026648326
3.4528800000	0.0026629849
3.4535900000	0.0026611363
3.4543000000	0.0026592869
3.4550200000	0.0026574405
3.4557300000	0.0026555926
3.4564400000	0.0026537436
3.4571600000	0.0026518980
3.4578700000	0.0026500504
3.4585800000	0.0026482026
3.4593000000	0.0026463534
3.4600100000	0.0026445074
3.4607200000	0.0026426610
3.4614300000	0.0026408133
3.4621500000	0.0026389664
3.4628600000	0.0026371187
3.4635700000	0.0026352706
3.4642900000	0.0026334207
3.4650000000	0.0026315737
3.4657100000	0.0026297256
3.4664300000	0.0026278777
3.4671400000	0.0026260300
3.4678500000	0.0026241789
3.4685600000	0.0026223287
3.4692800000	0.0026204778
3.4699900000	0.0026186280
3.4707000000	0.0026167785
3.4714200000	0.0026149255
3.4721300000	0.0026130735
3.4728400000	0.0026112222
3.4735500000	0.0026093687
3.4742700000	0.0026075154
3.4749800000	0.0026056610
3.4756900000	0.0026038075
3.4764100000	0.0026019516
3.4771200000	0.0026000944
3.4778300000	0.0025982376
3.4785500000	0.0025963807
3.4792600000	0.0025945238
3.4799700000	0.0025926632
3.4806800000	0.0025908044
3.4814000000	0.0025889413
3.4821100000	0.0025870817
3.4828200000	0.0025852183
3.4835400000	0.0025833549
3.4842500000	0.0025814882
3.4849600000	0.0025796252
3.4856800000	0.0025777571
3.4863900000	0.0025758886
3.4871000000	0.0025740200
3.4878100000	0.0025721507
3.4885300000	0.0025702794
3.4892400000	0.0025684064
3.4899500000	0.0025665313
3.4906700000	0.0025646564
3.4913800000	0.0025627790
3.4920900000	0.0025609002
3.4928000000	0.0025590212
3.4935200000	0.0025571402
3.4942300000	0.0025552584
3.4949400000	0.0025533752
3.4956600000	0.0025514889
3.4963700000	0.0025496027
3.4970800000	0.0025477127
3.4978000000	0.0025458253
3.4985100000	0.0025439334
3.4992200000	0.0025420380
3.4999300000	0.0025401420
3.5006500000	0.0025376015
3.5013600000	0.0025350005
3.5020700000	0.0025324033
3.5027900000	0.0025298073
3.5035000000	0.0025272148
3.5042100000	0.0025246251
3.5049200000	0.0025220394
3.5056400000	0.0025194565
3.5063500000	0.0025168754
3.5070600000	0.0025142994
3.5077800000	0.0025117247
3.5084900000	0.0025091556
3.5092000000	0.0025065885
3.5099200000	0.0025040263
3.5106300000	0.0025014640
3.5113400000	0.0024989080
3.5120500000	0.0024963505
3.5127700000	0.0024938016
3.5134800000	0.0024912526
3.5141900000	0.0024887069
3.5149100000	0.0024861640
3.5156200000	0.0024836271
3.5163300000	0.0024810903
3.5170500000	0.0024785573
3.5177600000	0.0024760265
3.5184700000	0.0024734997
3.5191800000	0.0024709763
3.5199000000	0.0024684591
3.5206100000	0.0024659387
3.5213200000	0.0024634243
3.5220400000	0.0024609130
3.5227500000	0.0024583455
3.5234600000	0.0024558397
3.5241700000	0.0024533402
3.5248900000	0.0024508417
3.5256000000	0.0024483443
3.5263100000	0.0024458510
3.5270300000	0.0024433625
3.5277400000	0.0024408779
3.5284500000	0.0024383932
3.5291700000	0.0024359140
3.5298800000	0.0024334343
3.5305900000	0.0024309612
3.5313000000	0.0024284873
3.5320200000	0.0024260215
3.5327300000	0.0024235544
3.5334400000	0.0024210929
3.5341600000	0.0024186327
3.5348700000	0.0024161756
3.5355800000	0.0024137252
3.5363000000	0.0024112714
3.5370100000	0.0024088263
3.5377200000	0.0024063825
3.5384300000	0.0024039398
3.5391500000	0.0024015022
3.5398600000	0.0023990662
3.5405700000	0.0023966346
3.5412900000	0.0023942037
3.5420000000	0.0023917784
3.5427100000	0.0023893538
3.5434200000	0.0023869311
3.5441400000	0.0023845150
3.5448500000	0.0023821004
3.5455600000	0.0023796895
3.5462800000	0.0023772799
3.5469900000	0.0023748728
3.5477000000	0.0023724710
3.5484200000	0.0023700710
3.5491300000	0.0023676744
3.5498400000	0.0023652803
3.5505500000	0.0023628909
3.5512700000	0.0023604998
3.5519800000	0.0023581155
3.5526900000	0.0023557303
3.5534100000	0.0023533516
3.5541200000	0.0023509758
3.5548300000	0.0023486018
3.5555500000	0.0023462306
3.5562600000	0.0023438613
3.5569700000	0.0023414978
3.5576800000	0.0023391326
3.5584000000	0.0023367766
3.5591100000	0.0023344185
3.5598200000	0.0023320650
3.5605400000	0.0023297120
3.5612500000	0.0023273661
3.5619600000	0.0023250217
3.5626700000	0.0023226778
3.5633900000	0.0023203390
3.5641000000	0.0023180039
3.5648100000	0.0023156704
3.5655300000	0.0023133368
3.5662400000	0.0023110080
3.5669500000	0.0023086836
3.5676700000	0.0023063640
3.5683800000	0.0023040429
3.5690900000	0.0023017270
3.5698000000	0.0022994123
3.5705200000	0.0022970991
3.5712300000	0.0022947921
3.5719400000	0.0022924855
3.5726600000	0.0022901842
3.5733700000	0.0022878845
3.5740800000	0.0022855876
3.5747900000	0.0022832926
3.5755100000	0.0022810015
3.5762200000	0.0022787122
3.5769300000	0.0022764271
3.5776500000	0.0022741424
3.5783600000	0.0022718623
3.5790700000	0.0022695860
3.5797900000	0.0022673109
3.5805000000	0.0022650388
3.5812100000	0.0022627693
3.5819200000	0.0022605016
3.5826400000	0.0022582382
3.5833500000	0.0022559773
3.5840600000	0.0022537202
3.5847800000	0.0022514627
3.5854900000	0.0022492117
3.5862000000	0.0022469597
3.5869200000	0.0022447124
3.5876300000	0.0022424688
3.5883400000	0.0022402267
3.5890500000	0.0022379855
3.5897700000	0.0022357499
3.5904800000	0.0022335171
3.5911900000	0.0022312876
3.5919100000	0.0022290568
3.5926200000	0.0022268326
3.5933300000	0.0022246089
3.5940400000	0.0022223877
3.5947600000	0.0022201700
3.5954700000	0.0022179562
3.5961800000	0.0022157429
3.5969000000	0.0022135342
3.5976100000	0.0022113268
3.5983200000	0.0022091245
3.5990400000	0.0022069222
3.5997500000	0.0022047218
3.6004600000	0.0022021631
3.6011700000	0.0021994077
3.6018900000	0.0021966580
3.6026000000	0.0021939112
3.6033100000	0.0021911683
3.6040300000	0.0021884281
3.6047400000	0.0021856895
3.6054500000	0.0021829557
3.6061700000	0.0021802243
3.6068800000	0.0021774997
3.6075900000	0.0021747730
3.6083000000	0.0021720546
3.6090200000	0.0021693377
3.6097300000	0.0021666258
3.6104400000	0.0021639142
3.6111600000	0.0021612082
3.6118700000	0.0021585054
3.6125800000	0.0021558038
3.6132900000	0.0021531082
3.6140100000	0.0021504135
3.6147200000	0.0021477260
3.6154300000	0.0021450393
3.6161500000	0.0021423547
3.6168600000	0.0021396761
3.6175700000	0.0021369997
3.6182900000	0.0021343275
3.6190000000	0.0021316567
3.6197100000	0.0021289884
3.6204200000	0.0021263285
3.6211400000	0.0021236665
3.6218500000	0.0021210105
3.6225600000	0.0021183569
3.6232800000	0.0021157069
3.6239900000	0.0021130602
3.6247000000	0.0021104170
3.6254200000	0.0021077774
3.6261300000	0.0021051394
3.6268400000	0.0021025059
3.6275500000	0.0020998788
3.6282700000	0.0020972488
3.6289800000	0.0020946239
3.6296900000	0.0020920033
3.6304100000	0.0020893884
3.6311200000	0.0020867726
3.6318300000	0.0020841631
3.6325400000	0.0020815543
3.6332600000	0.0020789510
3.6339700000	0.0020763489
3.6346800000	0.0020737535
3.6354000000	0.0020711593
3.6361100000	0.0020685676
3.6368200000	0.0020659793
3.6375400000	0.0020633955
3.6382500000	0.0020608119
3.6389600000	0.0020582331
3.6396700000	0.0020556597
3.6403900000	0.0020530859
3.6411000000	0.0020505157
3.6418100000	0.0020479525
3.6425300000	0.0020453887
3.6432400000	0.0020428313
3.6439500000	0.0020402740
3.6446600000	0.0020377216
3.6453800000	0.0020351698
3.6460900000	0.0020326238
3.6468000000	0.0020300809
3.6475200000	0.0020275414
3.6482300000	0.0020250033
3.6489400000	0.0020224685
3.6496600000	0.0020199386
3.6503700000	0.0020174101
3.6510800000	0.0020148836
3.6517900000	0.0020123642
3.6525100000	0.0020098452
3.6532200000	0.0020073310
3.6539300000	0.0020048184
3.6546500000	0.0020023096
3.6553600000	0.0019998040
3.6560700000	0.0019973010
3.6567900000	0.0019948006
3.6575000000	0.0019923031
3.6582100000	0.0019898117
3.6589200000	0.0019873204
3.6596400000	0.0019848343
3.6603500000	0.0019823497
3.6610600000	0.0019798675
3.6617800000	0.0019773913
3.6624900000	0.0019749144
3.6632000000	0.0019724430
3.6639100000	0.0019699741
3.6646300000	0.0019675086
3.6653400000	0.0019650444
3.6660500000	0.0019625863
3.6667700000	0.0019601304
3.6674800000	0.0019576747
3.6681900000	0.0019552231
3.6689100000	0.0019527776
3.6696200000	0.0019503326
3.6703300000	0.0019478905
3.6710400000	0.0019454508
3.6717600000	0.0019430157
3.6724700000	0.0019405846
3.6731800000	0.0019381546
3.6739000000	0.0019357281
3.6746100000	0.0019333068
3.6753200000	0.0019308856
3.6760400000	0.0019284671
3.6767500000	0.0019260541
3.6774600000	0.0019236407
3.6781700000	0.0019212334
3.6788900000	0.0019188297
3.6796000000	0.0019164260
3.6803100000	0.0019140257
3.6810300000	0.0019116288
3.6817400000	0.0019092356
3.6824500000	0.0019068450
3.6831600000	0.0019044569
3.6838800000	0.0019020727
3.6845900000	0.0018996913
3.6853000000	0.0018973118
3.6860200000	0.0018949372
3.6867300000	0.0018925640
3.6874400000	0.0018901932
3.6881600000	0.0018878270
3.6888700000	0.0018854634
3.6895800000	0.0018831011
3.6902900000	0.0018807414
3.6910100000	0.0018783869
3.6917200000	0.0018760347
3.6924300000	0.0018736825
3.6931500000	0.0018713371
3.6938600000	0.0018689938
3.6945700000	0.0018666533
3.6952900000	0.0018643151
3.6960000000	0.0018619812
3.6967100000	0.0018596491
3.6974200000	0.0018573196
3.6981400000	0.0018549936
3.6988500000	0.0018526698
3.6995600000	0.0018503476
3.7002800000	0.0018479659
3.7009900000	0.0018454847
3.7017000000	0.0018430036
3.7024100000	0.0018405535
3.7031300000	0.0018380792
3.7038400000	0.0018356111
3.7045500000	0.0018331443
3.7052700000	0.0018306799
3.7059800000	0.0018282207
3.7066900000	0.0018257664
3.7074100000	0.0018233084
3.7081200000	0.0018208607
3.7088300000	0.0018184125
3.7095400000	0.0018159681
3.7102600000	0.0018135267
3.7109700000	0.0018110897
3.7116800000	0.0018086559
3.7124000000	0.0018062244
3.7131100000	0.0018037950
3.7138200000	0.0018013675
3.7145300000	0.0017989483
3.7152500000	0.0017965277
3.7159600000	0.0017941118
3.7166700000	0.0017916985
3.7173900000	0.0017892891
3.7181000000	0.0017868833
3.7188100000	0.0017844797
3.7195300000	0.0017820777
3.7202400000	0.0017796832
3.7209500000	0.0017772887
3.7216600000	0.0017748989
3.7223800000	0.0017725088
3.7230900000	0.0017701251
3.7238000000	0.0017677405
3.7245200000	0.0017653643
3.7252300000	0.0017629882
3.7259400000	0.0017606161
3.7266600000	0.0017582463
3.7273700000	0.0017558782
3.7280800000	0.0017535164
3.7287900000	0.0017511577
3.7295100000	0.0017487986
3.7302200000	0.0017464447
3.7309300000	0.0017440943
3.7316500000	0.0017417461
3.7323600000	0.0017393992
3.7330700000	0.0017370575
3.7337800000	0.0017347197
3.7345000000	0.0017323839
3.7352100000	0.0017300497
3.7359200000	0.0017277223
3.7366400000	0.0017253944
3.7373500000	0.0017230707
3.7380600000	0.0017207509
3.7387800000	0.0017184330
3.7394900000	0.0017161159
3.7402000000	0.0017138054
3.7409100000	0.0017114964
3.7416300000	0.0017091896
3.7423400000	0.0017068864
3.7430500000	0.0017045869
3.7437700000	0.0017022906
3.7444800000	0.0016999973
3.7451900000	0.0016977052
3.7459100000	0.0016954161
3.7466200000	0.0016931322
3.7473300000	0.0016908502
3.7480400000	0.0016885705
3.7487600000	0.0016862956
3.7494700000	0.0016840200
3.7501800000	0.0016817519
3.7509000000	0.0016794845
3.7516100000	0.0016772187
3.7523200000	0.0016749568
3.7530300000	0.0016726987
3.7537500000	0.0016704446
3.7544600000	0.0016681902
3.7551700000	0.0016659401
3.7558900000	0.0016636935
3.7566000000	0.0016614503
3.7573100000	0.0016592093
3.7580300000	0.0016569694
3.7587400000	0.0016547360
3.7594500000	0.0016525035
3.7601600000	0.0016502728
3.7608800000	0.0016480456
3.7615900000	0.0016458237
3.7623000000	0.0016436028
3.7630200000	0.0016413836
3.7637300000	0.0016391683
3.7644400000	0.0016369568
3.7651600000	0.0016347472
3.7658700000	0.0016325399
3.7665800000	0.0016303373
3.7672900000	0.0016281358
3.7680100000	0.0016259393
3.7687200000	0.0016237432
3.7694300000	0.0016215511
3.7701500000	0.0016193625
3.7708600000	0.0016171762
3.7715700000	0.0016149904
3.7722800000	0.0016128107
3.7730000000	0.0016106336
3.7737100000	0.0016084586
3.7744200000	0.0016062854
3.7751400000	0.0016041149
3.7758500000	0.0016019493
3.7765600000	0.0015997838
3.7772800000	0.0015976227
3.7779900000	0.0015954647
3.7787000000	0.0015933083
3.7794100000	0.0015911580
3.7801300000	0.0015890063
3.7808400000	0.0015868604
3.7815500000	0.0015847137
3.7822700000	0.0015825723
3.7829800000	0.0015804332
3.7836900000	0.0015782995
3.7844000000	0.0015761649
3.7851200000	0.0015740342
3.7858300000	0.0015719057
3.7865400000	0.0015697812
3.7872600000	0.0015676588
3.7879700000	0.0015655387
3.7886800000	0.0015634224
3.7894000000	0.0015613081
3.7901100000	0.0015591981
3.7908200000	0.0015570886
3.7915300000	0.0015549826
3.7922500000	0.0015528794
3.7929600000	0.0015507782
3.7936700000	0.0015486823
3.7943900000	0.0015465855
3.7951000000	0.0015444938
3.7958100000	0.0015424046
3.7965300000	0.0015403178
3.7972400000	0.0015382349
3.7979500000	0.0015361524
3.7986600000	0.0015340752
3.7993800000	0.0015319970
3.8000900000	0.0015299100
3.8008000000	0.0015277297
3.8015200000	0.0015255500
3.8022300000	0.0015233750
3.8029400000	0.0015212012
3.8036500000	0.0015190312
3.8043700000	0.0015168639
3.8050800000	0.0015147009
3.8057900000	0.0015125404
3.8065100000	0.0015103807
3.8072200000	0.0015082257
3.8079300000	0.0015060749
3.8086500000	0.0015039252
3.8093600000	0.0015017780
3.8100700000	0.0014996349
3.8107800000	0.0014974950
3.8115000000	0.0014953570
3.8122100000	0.0014932221
3.8129200000	0.0014910913
3.8136400000	0.0014889617
3.8143500000	0.0014868364
3.8150600000	0.0014847135
3.8157800000	0.0014825933
3.8164900000	0.0014804755
3.8172000000	0.0014783606
3.8179100000	0.0014762499
3.8186300000	0.0014741420
3.8193400000	0.0014720363
3.8200500000	0.0014699333
3.8207700000	0.0014678331
3.8214800000	0.0014657352
3.8221900000	0.0014636417
3.8229000000	0.0014615507
3.8236200000	0.0014594624
3.8243300000	0.0014573767
3.8250400000	0.0014552937
3.8257600000	0.0014532128
3.8264700000	0.0014511368
3.8271800000	0.0014490619
3.8279000000	0.0014469907
3.8286100000	0.0014449225
3.8293200000	0.0014428565
3.8300300000	0.0014407935
3.8307500000	0.0014387333
3.8314600000	0.0014366759
3.8321700000	0.0014346216
3.8328900000	0.0014325697
3.8336000000	0.0014305209
3.8343100000	0.0014284751
3.8350300000	0.0014264317
3.8357400000	0.0014243913
3.8364500000	0.0014223536
3.8371600000	0.0014203189
3.8378800000	0.0014182868
3.8385900000	0.0014162573
3.8393000000	0.0014142305
3.8400200000	0.0014122068
3.8407300000	0.0014101861
3.8414400000	0.0014081676
3.8421500000	0.0014061524
3.8428700000	0.0014041393
3.8435800000	0.0014021296
3.8442900000	0.0014001226
3.8450100000	0.0013981179
3.8457200000	0.0013961162
3.8464300000	0.0013941175
3.8471500000	0.0013921211
3.8478600000	0.0013901278
3.8485700000	0.0013881370
3.8492800000	0.0013861489
3.8500000000	0.0013841639
3.8507100000	0.0013821812
3.8514200000	0.0013802012
3.8521400000	0.0013782243
3.8528500000	0.0013762498
3.8535600000	0.0013742780
3.8542700000	0.0013723093
3.8549900000	0.0013703428
3.8557000000	0.0013683792
3.8564100000	0.0013664181
3.8571300000	0.0013644601
3.8578400000	0.0013625043
3.8585500000	0.0013605517
3.8592700000	0.0013586016
3.8599800000	0.0013566541
3.8606900000	0.0013547091
3.8614000000	0.0013527670
3.8621200000	0.0013508274
3.8628300000	0.0013488905
3.8635400000	0.0013469565
3.8642600000	0.0013450251
3.8649700000	0.0013430960
3.8656800000	0.0013411699
3.8664000000	0.0013392467
3.8671100000	0.0013373256
3.8678200000	0.0013354072
3.8685300000	0.0013334914
3.8692500000	0.0013315786
3.8699600000	0.0013296683
3.8706700000	0.0013277601
3.8713900000	0.0013258553
3.8721000000	0.0013239528
3.8728100000	0.0013220529
3.8735200000	0.0013201558
3.8742400000	0.0013182610
3.8749500000	0.0013163691
3.8756600000	0.0013144794
3.8763800000	0.0013125927
3.8770900000	0.0013107081
3.8778000000	0.0013088268
3.8785200000	0.0013069475
3.8792300000	0.0013050712
3.8799400000	0.0013031971
3.8806500000	0.0013013257
3.8813700000	0.0012994570
3.8820800000	0.0012975909
3.8827900000	0.0012957272
3.8835100000	0.0012938662
3.8842200000	0.0012920079
3.8849300000	0.0012901516
3.8856500000	0.0012882987
3.8863600000	0.0012864476
3.8870700000	0.0012845992
3.8877800000	0.0012827537
3.8885000000	0.0012809103
3.8892100000	0.0012790696
3.8899200000	0.0012772317
3.8906400000	0.0012753963
3.8913500000	0.0012735634
3.8920600000	0.0012717327
3.8927700000	0.0012699045
3.8934900000	0.0012680790
3.8942000000	0.0012662562
3.8949100000	0.0012644356
3.8956300000	0.0012626179
3.8963400000	0.0012608024
3.8970500000	0.0012589895
3.8977700000	0.0012571789
3.8984800000	0.0012553713
3.8991900000	0.0012535657
3.8999000000	0.0012517626
3.9006200000	0.0012498400
3.9013300000	0.0012479011
3.9020400000	0.0012459648
3.9027600000	0.0012440322
3.9034700000	0.0012421018
3.9041800000	0.0012401742
3.9048900000	0.0012382498
3.9056100000	0.0012363280
3.9063200000	0.0012344092
3.9070300000	0.0012324930
3.9077500000	0.0012305796
3.9084600000	0.0012286694
3.9091700000	0.0012267617
3.9098900000	0.0012248570
3.9106000000	0.0012229549
3.9113100000	0.0012210557
3.9120200000	0.0012191595
3.9127400000	0.0012172657
3.9134500000	0.0012153750
3.9141600000	0.0012134871
3.9148800000	0.0012116020
3.9155900000	0.0012097195
3.9163000000	0.0012078400
3.9170200000	0.0012059628
3.9177300000	0.0012040890
3.9184400000	0.0012022178
3.9191500000	0.0012003490
3.9198700000	0.0011984834
3.9205800000	0.0011966205
3.9212900000	0.0011947604
3.9220100000	0.0011929027
3.9227200000	0.0011910482
3.9234300000	0.0011891961
3.9241400000	0.0011873469
3.9248600000	0.0011855005
3.9255700000	0.0011836571
3.9262800000	0.0011818161
3.9270000000	0.0011799775
3.9277100000	0.0011781420
3.9284200000	0.0011763094
3.9291400000	0.0011744794
3.9298500000	0.0011726520
3.9305600000	0.0011708273
3.9312700000	0.0011690053
3.9319900000	0.0011671863
3.9327000000	0.0011653694
3.9334100000	0.0011635561
3.9341300000	0.0011617448
3.9348400000	0.0011599363
3.9355500000	0.0011581306
3.9362700000	0.0011563275
3.9369800000	0.0011545270
3.9376900000	0.0011527296
3.9384000000	0.0011509345
3.9391200000	0.0011491423
3.9398300000	0.0011473525
3.9405400000	0.0011455655
3.9412600000	0.0011437812
3.9419700000	0.0011419996
3.9426800000	0.0011402207
3.9433900000	0.0011384443
3.9441100000	0.0011366706
3.9448200000	0.0011348995
3.9455300000	0.0011331312
3.9462500000	0.0011313655
3.9469600000	0.0011296023
3.9476700000	0.0011278418
3.9483900000	0.0011260837
3.9491000000	0.0011243285
3.9498100000	0.0011225759
3.9505200000	0.0011208258
3.9512400000	0.0011190786
3.9519500000	0.0011173336
3.9526600000	0.0011155915
3.9533800000	0.0011138518
3.9540900000	0.0011121150
3.9548000000	0.0011103807
3.9555200000	0.0011086489
3.9562300000	0.0011069194
3.9569400000	0.0011051931
3.9576500000	0.0011034691
3.9583700000	0.0011017475
3.9590800000	0.0011000289
3.9597900000	0.0010983126
3.9605100000	0.0010965987
3.9612200000	0.0010948876
3.9619300000	0.0010931790
3.9626400000	0.0010914732
3.9633600000	0.0010897698
3.9640700000	0.0010880686
3.9647800000	0.0010863703
3.9655000000	0.0010846745
3.9662100000	0.0010829813
3.9669200000	0.0010812907
3.9676400000	0.0010796026
3.9683500000	0.0010779169
3.9690600000	0.0010762337
3.9697700000	0.0010745529
3.9704900000	0.0010728750
3.9712000000	0.0010711993
3.9719100000	0.0010695263
3.9726300000	0.0010678559
3.9733400000	0.0010661878
3.9740500000	0.0010645223
3.9747600000	0.0010628596
3.9754800000	0.0010611988
3.9761900000	0.0010595409
3.9769000000	0.0010578857
3.9776200000	0.0010562327
3.9783300000	0.0010545819
3.9790400000	0.0010529342
3.9797600000	0.0010512884
3.9804700000	0.0010496455
3.9811800000	0.0010480050
3.9818900000	0.0010463666
3.9826100000	0.0010447314
3.9833200000	0.0010430979
3.9840300000	0.0010414672
3.9847500000	0.0010398390
3.9854600000	0.0010382131
3.9861700000	0.0010365900
3.9868900000	0.0010349687
3.9876000000	0.0010333506
3.9883100000	0.0010317342
3.9890200000	0.0010301208
3.9897400000	0.0010285096
3.9904500000	0.0010269010
3.9911600000	0.0010252945
3.9918800000	0.0010236907
3.9925900000	0.0010220892
3.9933000000	0.0010204903
3.9940100000	0.0010188937
3.9947300000	0.0010172995
3.9954400000	0.0010157076
3.9961500000	0.0010141185
3.9968700000	0.0010125314
3.9975800000	0.0010109468
3.9982900000	0.0010093649
3.9990100000	0.0010077851
3.9997200000	0.0010062077
4.0004300000	0.0010045242
4.0011400000	0.0010027728
4.0018600000	0.0010010242
4.0025700000	0.0009992785
4.0032800000	0.0009975357
4.0040000000	0.0009957955
4.0047100000	0.0009940580
4.0054200000	0.0009923235
4.0061400000	0.0009905914
4.0068500000	0.0009888624
4.0075600000	0.0009871358
4.0082700000	0.0009854121
4.0089900000	0.0009836913
4.0097000000	0.0009819730
4.0104100000	0.0009802577
4.0111300000	0.0009785449
4.0118400000	0.0009768310
4.0125500000	0.0009751238
4.0132600000	0.0009734190
4.0139800000	0.0009717176
4.0146900000	0.0009700183
4.0154000000	0.0009683222
4.0161200000	0.0009666286
4.0168300000	0.0009649378
4.0175400000	0.0009632496
4.0182600000	0.0009615643
4.0189700000	0.0009598813
4.0196800000	0.0009582014
4.0203900000	0.0009565242
4.0211100000	0.0009548498
4.0218200000	0.0009531776
4.0225300000	0.0009515085
4.0232500000	0.0009498420
4.0239600000	0.0009481783
4.0246700000	0.0009465171
4.0253900000	0.0009448586
4.0261000000	0.0009432029
4.0268100000	0.0009415498
4.0275200000	0.0009398994
4.0282400000	0.0009382516
4.0289500000	0.0009366065
4.0296600000	0.0009349641
4.0303800000	0.0009333246
4.0310900000	0.0009316874
4.0318000000	0.0009300532
4.0325100000	0.0009284213
4.0332300000	0.0009267922
4.0339400000	0.0009251659
4.0346500000	0.0009235418
4.0353700000	0.0009219209
4.0360800000	0.0009203023
4.0367900000	0.0009186863
4.0375100000	0.0009170733
4.0382200000	0.0009154630
4.0389300000	0.0009138551
4.0396400000	0.0009122495
4.0403600000	0.0009106470
4.0410700000	0.0009090470
4.0417800000	0.0009074495
4.0425000000	0.0009058549
4.0432100000	0.0009042627
4.0439200000	0.0009026730
4.0446300000	0.0009010859
4.0453500000	0.0008995019
4.0460600000	0.0008979201
4.0467700000	0.0008963411
4.0474900000	0.0008947642
4.0482000000	0.0008931904
4.0489100000	0.0008916190
4.0496300000	0.0008900502
4.0503400000	0.0008884843
4.0510500000	0.0008869206
4.0517600000	0.0008853596
4.0524800000	0.0008838012
4.0531900000	0.0008822455
4.0539000000	0.0008806922
4.0546200000	0.0008791414
4.0553300000	0.0008775935
4.0560400000	0.0008760479
4.0567600000	0.0008745049
4.0574700000	0.0008729645
4.0581800000	0.0008714266
4.0588900000	0.0008698913
4.0596100000	0.0008683587
4.0603200000	0.0008668286
4.0610300000	0.0008653008
4.0617500000	0.0008637755
4.0624600000	0.0008622531
4.0631700000	0.0008607330
4.0638800000	0.0008592158
4.0646000000	0.0008577005
4.0653100000	0.0008561881
4.0660200000	0.0008546780
4.0667400000	0.0008531707
4.0674500000	0.0008516657
4.0681600000	0.0008501636
4.0688800000	0.0008486638
4.0695900000	0.0008471666
4.0703000000	0.0008456714
4.0710100000	0.0008441791
4.0717300000	0.0008426893
4.0724400000	0.0008412020
4.0731500000	0.0008397172
4.0738700000	0.0008382346
4.0745800000	0.0008367548
4.0752900000	0.0008352776
4.0760100000	0.0008338026
4.0767200000	0.0008323303
4.0774300000	0.0008308602
4.0781400000	0.0008293929
4.0788600000	0.0008279278
4.0795700000	0.0008264653
4.0802800000	0.0008250055
4.0810000000	0.0008235476
4.0817100000	0.0008220924
4.0824200000	0.0008206401
4.0831300000	0.0008191896
4.0838500000	0.0008177421
4.0845600000	0.0008162969
4.0852700000	0.0008148538
4.0859900000	0.0008134136
4.0867000000	0.0008119756
4.0874100000	0.0008105400
4.0881300000	0.0008091068
4.0888400000	0.0008076761
4.0895500000	0.0008062478
4.0902600000	0.0008048221
4.0909800000	0.0008033986
4.0916900000	0.0008019776
4.0924000000	0.0008005590
4.0931200000	0.0007991430
4.0938300000	0.0007977289
4.0945400000	0.0007963177
4.0952600000	0.0007949086
4.0959700000	0.0007935018
4.0966800000	0.0007920979
4.0973900000	0.0007906963
4.0981100000	0.0007892970
4.0988200000	0.0007878996
4.0995300000	0.0007865053
4.1002500000	0.0007850559
4.1009600000	0.0007835009
4.1016700000	0.0007819478
4.1023800000	0.0007803968
4.1031000000	0.0007788474
4.1038100000	0.0007773004
4.1045200000	0.0007757552
4.1052400000	0.0007742120
4.1059500000	0.0007726707
4.1066600000	0.0007711314
4.1073800000	0.0007695942
4.1080900000	0.0007680588
4.1088000000	0.0007665256
4.1095100000	0.0007649945
4.1102300000	0.0007634651
4.1109400000	0.0007619378
4.1116500000	0.0007604126
4.1123700000	0.0007588896
4.1130800000	0.0007573686
4.1137900000	0.0007558492
4.1145000000	0.0007543322
4.1152200000	0.0007528171
4.1159300000	0.0007513041
4.1166400000	0.0007497932
4.1173600000	0.0007482844
4.1180700000	0.0007467777
4.1187800000	0.0007452728
4.1195000000	0.0007437700
4.1202100000	0.0007422697
4.1209200000	0.0007407711
4.1216300000	0.0007392747
4.1223500000	0.0007377804
4.1230600000	0.0007362883
4.1237700000	0.0007347977
4.1244900000	0.0007333098
4.1252000000	0.0007318241
4.1259100000	0.0007303404
4.1266300000	0.0007288585
4.1273400000	0.0007273787
4.1280500000	0.0007259014
4.1287600000	0.0007244260
4.1294800000	0.0007229527
4.1301900000	0.0007214816
4.1309000000	0.0007200127
4.1316200000	0.0007185458
4.1323300000	0.0007170810
4.1330400000	0.0007156185
4.1337500000	0.0007141580
4.1344700000	0.0007126997
4.1351800000	0.0007112438
4.1358900000	0.0007097899
4.1366100000	0.0007083380
4.1373200000	0.0007068883
4.1380300000	0.0007054409
4.1387500000	0.0007039954
4.1394600000	0.0007025524
4.1401700000	0.0007011116
4.1408800000	0.0006996727
4.1416000000	0.0006982363
4.1423100000	0.0006968020
4.1430200000	0.0006953697
4.1437400000	0.0006939395
4.1444500000	0.0006925115
4.1451600000	0.0006910861
4.1458800000	0.0006896626
4.1465900000	0.0006882415
4.1473000000	0.0006868226
4.1480100000	0.0006854057
4.1487300000	0.0006839911
4.1494400000	0.0006825789
4.1501500000	0.0006811683
4.1508700000	0.0006797605
4.1515800000	0.0006783548
4.1522900000	0.0006769514
4.1530000000	0.0006755502
4.1537200000	0.0006741510
4.1544300000	0.0006727540
4.1551400000	0.0006713593
4.1558600000	0.0006699670
4.1565700000	0.0006685770
4.1572800000	0.0006671890
4.1580000000	0.0006658033
4.1587100000	0.0006644199
4.1594200000	0.0006630387
4.1601300000	0.0006616598
4.1608500000	0.0006602830
4.1615600000	0.0006589087
4.1622700000	0.0006575364
4.1629900000	0.0006561666
4.1637000000	0.0006547987
4.1644100000	0.0006534333
4.1651300000	0.0006520699
4.1658400000	0.0006507092
4.1665500000	0.0006493507
4.1672600000	0.0006479940
4.1679800000	0.0006466400
4.1686900000	0.0006452880
4.1694000000	0.0006439385
4.1701200000	0.0006425911
4.1708300000	0.0006412460
4.1715400000	0.0006399033
4.1722500000	0.0006385627
4.1729700000	0.0006372243
4.1736800000	0.0006358885
4.1743900000	0.0006345547
4.1751100000	0.0006332232
4.1758200000	0.0006318940
4.1765300000	0.0006305671
4.1772500000	0.0006292425
4.1779600000	0.0006279203
4.1786700000	0.0006266001
4.1793800000	0.0006252823
4.1801000000	0.0006239668
4.1808100000	0.0006226534
4.1815200000	0.0006213427
4.1822400000	0.0006200339
4.1829500000	0.0006187277
4.1836600000	0.0006174236
4.1843700000	0.0006161216
4.1850900000	0.0006148223
4.1858000000	0.0006135253
4.1865100000	0.0006122302
4.1872300000	0.0006109376
4.1879400000	0.0006096470
4.1886500000	0.0006083590
4.1893700000	0.0006070734
4.1900800000	0.0006057898
4.1907900000	0.0006045085
4.1915000000	0.0006032298
4.1922200000	0.0006019529
4.1929300000	0.0006006786
4.1936400000	0.0005994066
4.1943600000	0.0005981369
4.1950700000	0.0005968603
4.1957800000	0.0005955951
4.1965000000	0.0005943321
4.1972100000	0.0005930714
4.1979200000	0.0005918133
4.1986300000	0.0005905574
4.1993500000	0.0005893035
4.2000600000	0.0005880662
4.2007700000	0.0005869842
4.2014900000	0.0005859007
4.2022000000	0.0005848156
4.2029100000	0.0005837292
4.2036200000	0.0005826407
4.2043400000	0.0005815512
4.2050500000	0.0005804604
4.2057600000	0.0005793676
4.2064800000	0.0005782738
4.2071900000	0.0005771784
4.2079000000	0.0005760817
4.2086200000	0.0005749832
4.2093300000	0.0005738835
4.2100400000	0.0005727826
4.2107500000	0.0005716800
4.2114700000	0.0005705763
4.2121800000	0.0005694711
4.2128900000	0.0005683644
4.2136100000	0.0005672563
4.2143200000	0.0005661471
4.2150300000	0.0005650365
4.2157500000	0.0005639244
4.2164600000	0.0005628109
4.2171700000	0.0005616963
4.2178800000	0.0005605802
4.2186000000	0.0005594632
4.2193100000	0.0005583446
4.2200200000	0.0005572247
4.2207400000	0.0005561038
4.2214500000	0.0005549816
4.2221600000	0.0005538579
4.2228700000	0.0005527331
4.2235900000	0.0005516074
4.2243000000	0.0005504798
4.2250100000	0.0005493518
4.2257300000	0.0005482221
4.2264400000	0.0005470913
4.2271500000	0.0005459595
4.2278700000	0.0005448264
4.2285800000	0.0005436922
4.2292900000	0.0005425571
4.2300000000	0.0005414205
4.2307200000	0.0005402831
4.2314300000	0.0005391448
4.2321400000	0.0005380052
4.2328600000	0.0005368643
4.2335700000	0.0005357227
4.2342800000	0.0005345801
4.2349900000	0.0005334362
4.2357100000	0.0005322916
4.2364200000	0.0005311461
4.2371300000	0.0005299994
4.2378500000	0.0005288517
4.2385600000	0.0005277030
4.2392700000	0.0005265535
4.2399900000	0.0005254032
4.2407000000	0.0005242519
4.2414100000	0.0005230998
4.2421200000	0.0005219468
4.2428400000	0.0005207931
4.2435500000	0.0005196383
4.2442600000	0.0005184826
4.2449800000	0.0005173264
4.2456900000	0.0005161690
4.2464000000	0.0005150110
4.2471200000	0.0005138523
4.2478300000	0.0005126929
4.2485400000	0.0005115326
4.2492500000	0.0005103718
4.2499700000	0.0005092102
4.2506800000	0.0005080480
4.2513900000	0.0005068852
4.2521100000	0.0005057217
4.2528200000	0.0005045575
4.2535300000	0.0005033927
4.2542400000	0.0005022271
4.2549600000	0.0005010610
4.2556700000	0.0004998946
4.2563800000	0.0004987274
4.2571000000	0.0004975599
4.2578100000	0.0004963918
4.2585200000	0.0004952232
4.2592400000	0.0004940539
4.2599500000	0.0004928843
4.2606600000	0.0004917142
4.2613700000	0.0004905437
4.2620900000	0.0004893728
4.2628000000	0.0004882015
4.2635100000	0.0004870298
4.2642300000	0.0004858579
4.2649400000	0.0004846855
4.2656500000	0.0004835129
4.2663700000	0.0004823399
4.2670800000	0.0004811668
4.2677900000	0.0004799930
4.2685000000	0.0004788193
4.2692200000	0.0004776452
4.2699300000	0.0004764709
4.2706400000	0.0004752967
4.2713600000	0.0004741220
4.2720700000	0.0004729474
4.2727800000	0.0004717722
4.2734900000	0.0004705972
4.2742100000	0.0004694220
4.2749200000	0.0004682469
4.2756300000	0.0004670716
4.2763500000	0.0004658961
4.2770600000	0.0004647210
4.2777700000	0.0004635455
4.2784900000	0.0004623702
4.2792000000	0.0004611948
4.2799100000	0.0004600196
4.2806200000	0.0004588440
4.2813400000	0.0004576690
4.2820500000	0.0004564939
4.2827600000	0.0004553190
4.2834800000	0.0004541443
4.2841900000	0.0004529695
4.2849000000	0.0004517950
4.2856200000	0.0004506206
4.2863300000	0.0004494466
4.2870400000	0.0004482727
4.2877500000	0.0004470992
4.2884700000	0.0004459258
4.2891800000	0.0004447530
4.2898900000	0.0004435798
4.2906100000	0.0004424076
4.2913200000	0.0004412355
4.2920300000	0.0004400639
4.2927400000	0.0004388924
4.2934600000	0.0004377217
4.2941700000	0.0004365513
4.2948800000	0.0004353809
4.2956000000	0.0004342113
4.2963100000	0.0004330423
4.2970200000	0.0004318735
4.2977400000	0.0004307055
4.2984500000	0.0004295381
4.2991600000	0.0004283708
4.2998700000	0.0004272045
4.3005900000	0.0004265850
4.3013000000	0.0004260822
4.3020100000	0.0004255789
4.3027300000	0.0004250744
4.3034400000	0.0004245695
4.3041500000	0.0004240639
4.3048600000	0.0004235576
4.3055800000	0.0004230506
4.3062900000	0.0004225431
4.3070000000	0.0004220344
4.3077200000	0.0004215252
4.3084300000	0.0004210154
4.3091400000	0.0004205048
4.3098600000	0.0004199932
4.3105700000	0.0004194811
4.3112800000	0.0004189682
4.3119900000	0.0004184545
4.3127100000	0.0004179401
4.3134200000	0.0004174248
4.3141300000	0.0004169087
4.3148500000	0.0004163917
4.3155600000	0.0004158741
4.3162700000	0.0004153558
4.3169900000	0.0004148366
4.3177000000	0.0004143164
4.3184100000	0.0004137954
4.3191200000	0.0004132737
4.3198400000	0.0004127511
4.3205500000	0.0004122274
4.3212600000	0.0004117030
4.3219800000	0.0004111779
4.3226900000	0.0004106519
4.3234000000	0.0004101249
4.3241100000	0.0004095971
4.3248300000	0.0004090682
4.3255400000	0.0004085385
4.3262500000	0.0004080079
4.3269700000	0.0004074763
4.3276800000	0.0004069439
4.3283900000	0.0004064105
4.3291100000	0.0004058760
4.3298200000	0.0004053408
4.3305300000	0.0004048043
4.3312400000	0.0004042672
4.3319600000	0.0004037289
4.3326700000	0.0004031899
4.3333800000	0.0004026495
4.3341000000	0.0004021085
4.3348100000	0.0004015661
4.3355200000	0.0004010229
4.3362400000	0.0004004787
4.3369500000	0.0003999333
4.3376600000	0.0003993871
4.3383700000	0.0003988397
4.3390900000	0.0003982913
4.3398000000	0.0003977416
4.3405100000	0.0003971912
4.3412300000	0.0003966396
4.3419400000	0.0003960871
4.3426500000	0.0003955330
4.3433600000	0.0003949781
4.3440800000	0.0003944220
4.3447900000	0.0003938650
4.3455000000	0.0003933067
4.3462200000	0.0003927471
4.3469300000	0.0003921864
4.3476400000	0.0003916247
4.3483600000	0.0003910621
4.3490700000	0.0003904981
4.3497800000	0.0003899328
4.3504900000	0.0003893663
4.3512100000	0.0003887987
4.3519200000	0.0003882298
4.3526300000	0.0003876598
4.3533500000	0.0003870887
4.3540600000	0.0003865164
4.3547700000	0.0003859425
4.3554900000	0.0003853676
4.3562000000	0.0003847911
4.3569100000	0.0003842138
4.3576200000	0.0003836352
4.3583400000	0.0003830552
4.3590500000	0.0003824740
4.3597600000	0.0003818912
4.3604800000	0.0003813074
4.3611900000	0.0003807222
4.3619000000	0.0003801362
4.3626100000	0.0003795482
4.3633300000	0.0003789589
4.3640400000	0.0003783684
4.3647500000	0.0003777766
4.3654700000	0.0003771834
4.3661800000	0.0003765890
4.3668900000	0.0003759930
4.3676100000	0.0003753956
4.3683200000	0.0003747967
4.3690300000	0.0003741966
4.3697400000	0.0003735952
4.3704600000	0.0003729924
4.3711700000	0.0003723878
4.3718800000	0.0003717823
4.3726000000	0.0003711752
4.3733100000	0.0003705665
4.3740200000	0.0003699563
4.3747300000	0.0003693447
4.3754500000	0.0003687316
4.3761600000	0.0003681173
4.3768700000	0.0003675011
4.3775900000	0.0003668838
4.3783000000	0.0003662647
4.3790100000	0.0003656441
4.3797300000	0.0003650221
4.3804400000	0.0003643989
4.3811500000	0.0003637737
4.3818600000	0.0003631468
4.3825800000	0.0003625189
4.3832900000	0.0003618892
4.3840000000	0.0003612579
4.3847200000	0.0003606249
4.3854300000	0.0003599907
4.3861400000	0.0003593547
4.3868600000	0.0003587170
4.3875700000	0.0003580777
4.3882800000	0.0003574371
4.3889900000	0.0003567946
4.3897100000	0.0003561504
4.3904200000	0.0003555049
4.3911300000	0.0003548573
4.3918500000	0.0003542083
4.3925600000	0.0003535578
4.3932700000	0.0003529054
4.3939800000	0.0003522515
4.3947000000	0.0003515959
4.3954100000	0.0003509387
4.3961200000	0.0003502796
4.3968400000	0.0003496189
4.3975500000	0.0003489565
4.3982600000	0.0003482924
4.3989800000	0.0003476264
4.3996900000	0.0003469587
4.4004000000	0.0003464552
4.4011100000	0.0003460797
4.4018300000	0.0003457042
4.4025400000	0.0003453284
4.4032500000	0.0003449527
4.4039700000	0.0003445766
4.4046800000	0.0003442005
4.4053900000	0.0003438241
4.4061100000	0.0003434475
4.4068200000	0.0003430709
4.4075300000	0.0003426939
4.4082400000	0.0003423170
4.4089600000	0.0003419398
4.4096700000	0.0003415624
4.4103800000	0.0003411849
4.4111000000	0.0003408074
4.4118100000	0.0003404295
4.4125200000	0.0003400510
4.4132300000	0.0003396728
4.4139500000	0.0003392942
4.4146600000	0.0003389157
4.4153700000	0.0003385367
4.4160900000	0.0003381574
4.4168000000	0.0003377783
4.4175100000	0.0003373987
4.4182300000	0.0003370188
4.4189400000	0.0003366392
4.4196500000	0.0003362588
4.4203600000	0.0003358782
4.4210800000	0.0003354974
4.4217900000	0.0003351165
4.4225000000	0.0003347354
4.4232200000	0.0003343541
4.4239300000	0.0003339723
4.4246400000	0.0003335904
4.4253600000	0.0003332082
4.4260700000	0.0003328258
4.4267800000	0.0003324430
4.4274900000	0.0003320600
4.4282100000	0.0003316767
4.4289200000	0.0003312932
4.4296300000	0.0003309094
4.4303500000	0.0003305252
4.4310600000	0.0003301408
4.4317700000	0.0003297562
4.4324800000	0.0003293710
4.4332000000	0.0003289857
4.4339100000	0.0003286002
4.4346200000	0.0003282143
4.4353400000	0.0003278281
4.4360500000	0.0003274416
4.4367600000	0.0003270544
4.4374800000	0.0003266675
4.4381900000	0.0003262798
4.4389000000	0.0003258919
4.4396100000	0.0003255034
4.4403300000	0.0003251149
4.4410400000	0.0003247262
4.4417500000	0.0003243371
4.4424700000	0.0003239472
4.4431800000	0.0003235574
4.4438900000	0.0003231668
4.4446000000	0.0003227761
4.4453200000	0.0003223849
4.4460300000	0.0003219933
4.4467400000	0.0003216016
4.4474600000	0.0003212093
4.4481700000	0.0003208169
4.4488800000	0.0003204236
4.4496000000	0.0003200302
4.4503100000	0.0003196363
4.4510200000	0.0003192420
4.4517300000	0.0003188474
4.4524500000	0.0003184522
4.4531600000	0.0003180566
4.4538700000	0.0003176605
4.4545900000	0.0003172642
4.4553000000	0.0003168673
4.4560100000	0.0003164700
4.4567300000	0.0003160724
4.4574400000	0.0003156741
4.4581500000	0.0003152754
4.4588600000	0.0003148764
4.4595800000	0.0003144765
4.4602900000	0.0003140766
4.4610000000	0.0003136760
4.4617200000	0.0003132749
4.4624300000	0.0003128734
4.4631400000	0.0003124714
4.4638500000	0.0003120688
4.4645700000	0.0003116657
4.4652800000	0.0003112622
4.4659900000	0.0003108579
4.4667100000	0.0003104534
4.4674200000	0.0003100482
4.4681300000	0.0003096427
4.4688500000	0.0003092364
4.4695600000	0.0003088298
4.4702700000	0.0003084225
4.4709800000	0.0003080146
4.4717000000	0.0003076065
4.4724100000	0.0003071973
4.4731200000	0.0003067879
4.4738400000	0.0003063777
4.4745500000	0.0003059672
4.4752600000	0.0003055558
4.4759800000	0.0003051440
4.4766900000	0.0003047314
4.4774000000	0.0003043184
4.4781100000	0.0003039048
4.4788300000	0.0003034904
4.4795400000	0.0003030755
4.4802500000	0.0003026600
4.4809700000	0.0003022440
4.4816800000	0.0003018271
4.4823900000	0.0003014098
4.4831000000	0.0003009919
4.4838200000	0.0003005731
4.4845300000	0.0003001537
4.4852400000	0.0002997337
4.4859600000	0.0002993129
4.4866700000	0.0002988915
4.4873800000	0.0002984694
4.4881000000	0.0002980468
4.4888100000	0.0002976233
4.4895200000	0.0002971992
4.4902300000	0.0002967743
4.4909500000	0.0002963487
4.4916600000	0.0002959227
4.4923700000	0.0002954955
4.4930900000	0.0002950678
4.4938000000	0.0002946393
4.4945100000	0.0002942101
4.4952300000	0.0002937801
4.4959400000	0.0002933494
4.4966500000	0.0002929179
4.4973600000	0.0002924857
4.4980800000	0.0002920526
4.4987900000	0.0002916190
4.4995000000	0.0002911842
4.5002200000	0.0002908124
4.5009300000	0.0002905867
4.5016400000	0.0002903612
4.5023500000	0.0002901358
4.5030700000	0.0002899108
4.5037800000	0.0002896856
4.5044900000	0.0002894606
4.5052100000	0.0002892356
4.5059200000	0.0002890113
4.5066300000	0.0002887865
4.5073500000	0.0002885620
4.5080600000	0.0002883380
4.5087700000	0.0002881139
4.5094800000	0.0002878898
4.5102000000	0.0002876658
4.5109100000	0.0002874421
4.5116200000	0.0002872187
4.5123400000	0.0002869952
4.5130500000	0.0002867719
4.5137600000	0.0002865489
4.5144700000	0.0002863257
4.5151900000	0.0002861025
4.5159000000	0.0002858796
4.5166100000	0.0002856572
4.5173300000	0.0002854343
4.5180400000	0.0002852122
4.5187500000	0.0002849894
4.5194700000	0.0002847672
4.5201800000	0.0002845452
4.5208900000	0.0002843231
4.5216000000	0.0002841011
4.5223200000	0.0002838791
4.5230300000	0.0002836575
4.5237400000	0.0002834359
4.5244600000	0.0002832144
4.5251700000	0.0002829930
4.5258800000	0.0002827718
4.5266000000	0.0002825505
4.5273100000	0.0002823291
4.5280200000	0.0002821082
4.5287300000	0.0002818872
4.5294500000	0.0002816662
4.5301600000	0.0002814455
4.5308700000	0.0002812249
4.5315900000	0.0002810041
4.5323000000	0.0002807835
4.5330100000	0.0002805631
4.5337200000	0.0002803428
4.5344400000	0.0002801226
4.5351500000	0.0002799020
4.5358600000	0.0002796819
4.5365800000	0.0002794620
4.5372900000	0.0002792419
4.5380000000	0.0002790219
4.5387200000	0.0002788019
4.5394300000	0.0002785820
4.5401400000	0.0002783625
4.5408500000	0.0002781424
4.5415700000	0.0002779229
4.5422800000	0.0002777035
4.5429900000	0.0002774838
4.5437100000	0.0002772641
4.5444200000	0.0002770447
4.5451300000	0.0002768253
4.5458500000	0.0002766060
4.5465600000	0.0002763866
4.5472700000	0.0002761672
4.5479800000	0.0002759482
4.5487000000	0.0002757288
4.5494100000	0.0002755095
4.5501200000	0.0002752904
4.5508400000	0.0002750714
4.5515500000	0.0002748522
4.5522600000	0.0002746330
4.5529700000	0.0002744141
4.5536900000	0.0002741948
4.5544000000	0.0002739758
4.5551100000	0.0002737570
4.5558300000	0.0002735376
4.5565400000	0.0002733187
4.5572500000	0.0002730998
4.5579700000	0.0002728808
4.5586800000	0.0002726619
4.5593900000	0.0002724428
4.5601000000	0.0002722239
4.5608200000	0.0002720048
4.5615300000	0.0002717856
4.5622400000	0.0002715669
4.5629600000	0.0002713476
4.5636700000	0.0002711286
4.5643800000	0.0002709097
4.5651000000	0.0002706904
4.5658100000	0.0002704713
4.5665200000	0.0002702521
4.5672300000	0.0002700329
4.5679500000	0.0002698136
4.5686600000	0.0002695943
4.5693700000	0.0002693752
4.5700900000	0.0002691553
4.5708000000	0.0002689359
4.5715100000	0.0002687165
4.5722200000	0.0002684972
4.5729400000	0.0002682776
4.5736500000	0.0002680581
4.5743600000	0.0002678383
4.5750800000	0.0002676186
4.5757900000	0.0002673989
4.5765000000	0.0002671790
4.5772200000	0.0002669592
4.5779300000	0.0002667392
4.5786400000	0.0002665190
4.5793500000	0.0002662989
4.5800700000	0.0002660788
4.5807800000	0.0002658585
4.5814900000	0.0002656382
4.5822100000	0.0002654178
4.5829200000	0.0002651971
4.5836300000	0.0002649765
4.5843400000	0.0002647556
4.5850600000	0.0002645348
4.5857700000	0.0002643136
4.5864800000	0.0002640925
4.5872000000	0.0002638714
4.5879100000	0.0002636503
4.5886200000	0.0002634287
4.5893400000	0.0002632070
4.5900500000	0.0002629855
4.5907600000	0.0002627635
4.5914700000	0.0002625418
4.5921900000	0.0002623196
4.5929000000	0.0002620972
4.5936100000	0.0002618750
4.5943300000	0.0002616522
4.5950400000	0.0002614296
4.5957500000	0.0002612066
4.5964700000	0.0002609838
4.5971800000	0.0002607605
4.5978900000	0.0002605371
4.5986000000	0.0002603136
4.5993200000	0.0002600898
4.6000300000	0.0002598704
4.6007400000	0.0002597500
4.6014600000	0.0002596304
4.6021700000	0.0002595111
4.6028800000	0.0002593921
4.6035900000	0.0002592734
4.6043100000	0.0002591553
4.6050200000	0.0002590371
4.6057300000	0.0002589196
4.6064500000	0.0002588026
4.6071600000	0.0002586858
4.6078700000	0.0002585692
4.6085900000	0.0002584532
4.6093000000	0.0002583373
4.6100100000	0.0002582220
4.6107200000	0.0002581071
4.6114400000	0.0002579922
4.6121500000	0.0002578780
4.6128600000	0.0002577642
4.6135800000	0.0002576507
4.6142900000	0.0002575376
4.6150000000	0.0002574246
4.6157200000	0.0002573121
4.6164300000	0.0002572002
4.6171400000	0.0002570884
4.6178500000	0.0002569770
4.6185700000	0.0002568662
4.6192800000	0.0002567558
4.6199900000	0.0002566456
4.6207100000	0.0002565355
4.6214200000	0.0002564263
4.6221300000	0.0002563168
4.6228400000	0.0002562081
4.6235600000	0.0002561000
4.6242700000	0.0002559920
4.6249800000	0.0002558845
4.6257000000	0.0002557773
4.6264100000	0.0002556702
4.6271200000	0.0002555639
4.6278400000	0.0002554578
4.6285500000	0.0002553520
4.6292600000	0.0002552468
4.6299700000	0.0002551418
4.6306900000	0.0002550372
4.6314000000	0.0002549329
4.6321100000	0.0002548291
4.6328300000	0.0002547258
4.6335400000	0.0002546226
4.6342500000	0.0002545200
4.6349600000	0.0002544176
4.6356800000	0.0002543157
4.6363900000	0.0002542144
4.6371000000	0.0002541129
4.6378200000	0.0002540122
4.6385300000	0.0002539116
4.6392400000	0.0002538117
4.6399600000	0.0002537123
4.6406700000	0.0002536129
4.6413800000	0.0002535141
4.6420900000	0.0002534155
4.6428100000	0.0002533174
4.6435200000	0.0002532199
4.6442300000	0.0002531225
4.6449500000	0.0002530256
4.6456600000	0.0002529289
4.6463700000	0.0002528326
4.6470900000	0.0002527373
4.6478000000	0.0002526418
4.6485100000	0.0002525468
4.6492200000	0.0002524523
4.6499400000	0.0002523582
4.6506500000	0.0002522643
4.6513600000	0.0002521707
4.6520800000	0.0002520778
4.6527900000	0.0002519852
4.6535000000	0.0002518930
4.6542100000	0.0002518012
4.6549300000	0.0002517099
4.6556400000	0.0002516189
4.6563500000	0.0002515281
4.6570700000	0.0002514380
4.6577800000	0.0002513483
4.6584900000	0.0002512589
4.6592100000	0.0002511698
4.6599200000	0.0002510812
4.6606300000	0.0002509927
4.6613400000	0.0002509051
4.6620600000	0.0002508176
4.6627700000	0.0002507308
4.6634800000	0.0002506441
4.6642000000	0.0002505577
4.6649100000	0.0002504722
4.6656200000	0.0002503866
4.6663400000	0.0002503017
4.6670500000	0.0002502171
4.6677600000	0.0002501330
4.6684700000	0.0002500491
4.6691900000	0.0002499660
4.6699000000	0.0002498831
4.6706100000	0.0002498007
4.6713300000	0.0002497185
4.6720400000	0.0002496368
4.6727500000	0.0002495556
4.6734600000	0.0002494745
4.6741800000	0.0002493941
4.6748900000	0.0002493141
4.6756000000	0.0002492346
4.6763200000	0.0002491551
4.6770300000	0.0002490765
4.6777400000	0.0002489982
4.6784600000	0.0002489202
4.6791700000	0.0002488427
4.6798800000	0.0002487657
4.6805900000	0.0002486890
4.6813100000	0.0002486127
4.6820200000	0.0002485371
4.6827300000	0.0002484617
4.6834500000	0.0002483868
4.6841600000	0.0002483121
4.6848700000	0.0002482378
4.6855900000	0.0002481644
4.6863000000	0.0002480911
4.6870100000	0.0002480182
4.6877200000	0.0002479459
4.6884400000	0.0002478739
4.6891500000	0.0002478025
4.6898600000	0.0002477314
4.6905800000	0.0002476609
4.6912900000	0.0002475907
4.6920000000	0.0002475208
4.6927100000	0.0002474515
4.6934300000	0.0002473826
4.6941400000	0.0002473142
4.6948500000	0.0002472461
4.6955700000	0.0002471786
4.6962800000	0.0002471114
4.6969900000	0.0002470445
4.6977100000	0.0002469788
4.6984200000	0.0002469128
4.6991300000	0.0002468474
4.6998400000	0.0002467827
4.7005600000	0.0002466791
4.7012700000	0.0002465652
4.7019800000	0.0002464517
4.7027000000	0.0002463382
4.7034100000	0.0002462253
4.7041200000	0.0002461125
4.7048300000	0.0002460001
4.7055500000	0.0002458880
4.7062600000	0.0002457762
4.7069700000	0.0002456649
4.7076900000	0.0002455538
4.7084000000	0.0002454425
4.7091100000	0.0002453321
4.7098300000	0.0002452219
4.7105400000	0.0002451120
4.7112500000	0.0002450023
4.7119600000	0.0002448928
4.7126800000	0.0002447838
4.7133900000	0.0002446751
4.7141000000	0.0002445667
4.7148200000	0.0002444586
4.7155300000	0.0002443507
4.7162400000	0.0002442433
4.7169600000	0.0002441361
4.7176700000	0.0002440292
4.7183800000	0.0002439226
4.7190900000	0.0002438163
4.7198100000	0.0002437104
4.7205200000	0.0002436046
4.7212300000	0.0002434991
4.7219500000	0.0002433941
4.7226600000	0.0002432895
4.7233700000	0.0002431848
4.7240800000	0.0002430809
4.7248000000	0.0002429770
4.7255100000	0.0002428735
4.7262200000	0.0002427704
4.7269400000	0.0002426676
4.7276500000	0.0002425649
4.7283600000	0.0002424626
4.7290800000	0.0002423608
4.7297900000	0.0002422590
4.7305000000	0.0002421576
4.7312100000	0.0002420567
4.7319300000	0.0002419563
4.7326400000	0.0002418556
4.7333500000	0.0002417557
4.7340700000	0.0002416558
4.7347800000	0.0002415562
4.7354900000	0.0002414572
4.7362100000	0.0002413584
4.7369200000	0.0002412599
4.7376300000	0.0002411617
4.7383400000	0.0002410639
4.7390600000	0.0002409661
4.7397700000	0.0002408689
4.7404800000	0.0002407720
4.7412000000	0.0002406755
4.7419100000	0.0002405792
4.7426200000	0.0002404831
4.7433300000	0.0002403875
4.7440500000	0.0002402921
4.7447600000	0.0002401970
4.7454700000	0.0002401023
4.7461900000	0.0002400079
4.7469000000	0.0002399139
4.7476100000	0.0002398200
4.7483300000	0.0002397267
4.7490400000	0.0002396335
4.7497500000	0.0002395407
4.7504600000	0.0002394482
4.7511800000	0.0002393560
4.7518900000	0.0002392641
4.7526000000	0.0002391727
4.7533200000	0.0002390814
4.7540300000	0.0002389905
4.7547400000	0.0002389000
4.7554600000	0.0002388097
4.7561700000	0.0002387200
4.7568800000	0.0002386302
4.7575900000	0.0002385409
4.7583100000	0.0002384518
4.7590200000	0.0002383633
4.7597300000	0.0002382751
4.7604500000	0.0002381868
4.7611600000	0.0002380994
4.7618700000	0.0002380120
4.7625800000	0.0002379249
4.7633000000	0.0002378382
4.7640100000	0.0002377516
4.7647200000	0.0002376656
4.7654400000	0.0002375800
4.7661500000	0.0002374946
4.7668600000	0.0002374093
4.7675800000	0.0002373246
4.7682900000	0.0002372401
4.7690000000	0.0002371563
4.7697100000	0.0002370722
4.7704300000	0.0002369889
4.7711400000	0.0002369058
4.7718500000	0.0002368231
4.7725700000	0.0002367406
4.7732800000	0.0002366585
4.7739900000	0.0002365768
4.7747000000	0.0002364954
4.7754200000	0.0002364142
4.7761300000	0.0002363336
4.7768400000	0.0002362531
4.7775600000	0.0002361731
4.7782700000	0.0002360931
4.7789800000	0.0002360138
4.7797000000	0.0002359347
4.7804100000	0.0002358558
4.7811200000	0.0002357774
4.7818300000	0.0002356993
4.7825500000	0.0002356215
4.7832600000	0.0002355441
4.7839700000	0.0002354670
4.7846900000	0.0002353902
4.7854000000	0.0002353137
4.7861100000	0.0002352378
4.7868300000	0.0002351619
4.7875400000	0.0002350865
4.7882500000	0.0002350115
4.7889600000	0.0002349366
4.7896800000	0.0002348623
4.7903900000	0.0002347884
4.7911000000	0.0002347146
4.7918200000	0.0002346412
4.7925300000	0.0002345685
4.7932400000	0.0002344957
4.7939500000	0.0002344233
4.7946700000	0.0002343512
4.7953800000	0.0002342796
4.7960900000	0.0002342083
4.7968100000	0.0002341374
4.7975200000	0.0002340666
4.7982300000	0.0002339965
4.7989500000	0.0002339266
4.7996600000	0.0002338569
4.8003700000	0.0002337589
4.8010800000	0.0002336342
4.8018000000	0.0002335098
4.8025100000	0.0002333857
4.8032200000	0.0002332622
4.8039400000	0.0002331383
4.8046500000	0.0002330149
4.8053600000	0.0002328918
4.8060800000	0.0002327689
4.8067900000	0.0002326463
4.8075000000	0.0002325240
4.8082100000	0.0002324020
4.8089300000	0.0002322796
4.8096400000	0.0002321581
4.8103500000	0.0002320367
4.8110700000	0.0002319154
4.8117800000	0.0002317943
4.8124900000	0.0002316736
4.8132000000	0.0002315532
4.8139200000	0.0002314329
4.8146300000	0.0002313129
4.8153400000	0.0002311932
4.8160600000	0.0002310735
4.8167700000	0.0002309542
4.8174800000	0.0002308352
4.8182000000	0.0002307162
4.8189100000	0.0002305977
4.8196200000	0.0002304794
4.8203300000	0.0002303612
4.8210500000	0.0002302434
4.8217600000	0.0002301259
4.8224700000	0.0002300083
4.8231900000	0.0002298911
4.8239000000	0.0002297743
4.8246100000	0.0002296575
4.8253300000	0.0002295410
4.8260400000	0.0002294250
4.8267500000	0.0002293090
4.8274600000	0.0002291933
4.8281800000	0.0002290777
4.8288900000	0.0002289624
4.8296000000	0.0002288475
4.8303200000	0.0002287327
4.8310300000	0.0002286180
4.8317400000	0.0002285037
4.8324500000	0.0002283898
4.8331700000	0.0002282757
4.8338800000	0.0002281623
4.8345900000	0.0002280490
4.8353100000	0.0002279356
4.8360200000	0.0002278227
4.8367300000	0.0002277104
4.8374500000	0.0002275978
4.8381600000	0.0002274857
4.8388700000	0.0002273736
4.8395800000	0.0002272621
4.8403000000	0.0002271506
4.8410100000	0.0002270392
4.8417200000	0.0002269284
4.8424400000	0.0002268176
4.8431500000	0.0002267071
4.8438600000	0.0002265969
4.8445700000	0.0002264867
4.8452900000	0.0002263772
4.8460000000	0.0002262677
4.8467100000	0.0002261584
4.8474300000	0.0002260492
4.8481400000	0.0002259403
4.8488500000	0.0002258317
4.8495700000	0.0002257232
4.8502800000	0.0002256155
4.8509900000	0.0002255073
4.8517000000	0.0002253997
4.8524200000	0.0002252923
4.8531300000	0.0002251852
4.8538400000	0.0002250782
4.8545600000	0.0002249714
4.8552700000	0.0002248649
4.8559800000	0.0002247589
4.8567000000	0.0002246527
4.8574100000	0.0002245472
4.8581200000	0.0002244417
4.8588300000	0.0002243363
4.8595500000	0.0002242313
4.8602600000	0.0002241265
4.8609700000	0.0002240218
4.8616900000	0.0002239175
4.8624000000	0.0002238135
4.8631100000	0.0002237097
4.8638200000	0.0002236061
4.8645400000	0.0002235027
4.8652500000	0.0002233997
4.8659600000	0.0002232967
4.8666800000	0.0002231941
4.8673900000	0.0002230915
4.8681000000	0.0002229896
4.8688200000	0.0002228877
4.8695300000	0.0002227859
4.8702400000	0.0002226844
4.8709500000	0.0002225833
4.8716700000	0.0002224822
4.8723800000	0.0002223814
4.8730900000	0.0002222810
4.8738100000	0.0002221808
4.8745200000	0.0002220808
4.8752300000	0.0002219811
4.8759500000	0.0002218814
4.8766600000	0.0002217821
4.8773700000	0.0002216831
4.8780800000	0.0002215842
4.8788000000	0.0002214858
4.8795100000	0.0002213874
4.8802200000	0.0002212893
4.8809400000	0.0002211915
4.8816500000	0.0002210938
4.8823600000	0.0002209962
4.8830700000	0.0002208992
4.8837900000	0.0002208025
4.8845000000	0.0002207056
4.8852100000	0.0002206091
4.8859300000	0.0002205128
4.8866400000	0.0002204172
4.8873500000	0.0002203214
4.8880700000	0.0002202259
4.8887800000	0.0002201307
4.8894900000	0.0002200356
4.8902000000	0.0002199409
4.8909200000	0.0002198464
4.8916300000	0.0002197522
4.8923400000	0.0002196580
4.8930600000	0.0002195643
4.8937700000	0.0002194709
4.8944800000	0.0002193775
4.8952000000	0.0002192846
4.8959100000	0.0002191918
4.8966200000	0.0002190990
4.8973300000	0.0002190065
4.8980500000	0.0002189145
4.8987600000	0.0002188229
4.8994700000	0.0002187311
4.9001900000	0.0002186298
4.9009000000	0.0002185015
4.9016100000	0.0002183731
4.9023200000	0.0002182449
4.9030400000	0.0002181168
4.9037500000	0.0002179891
4.9044600000	0.0002178615
4.9051800000	0.0002177342
4.9058900000	0.0002176068
4.9066000000	0.0002174799
4.9073200000	0.0002173531
4.9080300000	0.0002172265
4.9087400000	0.0002171001
4.9094500000	0.0002169737
4.9101700000	0.0002168476
4.9108800000	0.0002167218
4.9115900000	0.0002165958
4.9123100000	0.0002164703
4.9130200000	0.0002163451
4.9137300000	0.0002162196
4.9144400000	0.0002160947
4.9151600000	0.0002159697
4.9158700000	0.0002158452
4.9165800000	0.0002157207
4.9173000000	0.0002155964
4.9180100000	0.0002154725
4.9187200000	0.0002153487
4.9194400000	0.0002152247
4.9201500000	0.0002151013
4.9208600000	0.0002149781
4.9215700000	0.0002148547
4.9222900000	0.0002147318
4.9230000000	0.0002146090
4.9237100000	0.0002144864
4.9244300000	0.0002143640
4.9251400000	0.0002142417
4.9258500000	0.0002141198
4.9265700000	0.0002139978
4.9272800000	0.0002138761
4.9279900000	0.0002137545
4.9287000000	0.0002136334
4.9294200000	0.0002135120
4.9301300000	0.0002133910
4.9308400000	0.0002132702
4.9315600000	0.0002131498
4.9322700000	0.0002130291
4.9329800000	0.0002129091
4.9336900000	0.0002127890
4.9344100000	0.0002126690
4.9351200000	0.0002125493
4.9358300000	0.0002124299
4.9365500000	0.0002123106
4.9372600000	0.0002121913
4.9379700000	0.0002120723
4.9386900000	0.0002119536
4.9394000000	0.0002118348
4.9401100000	0.0002117166
4.9408200000	0.0002115981
4.9415400000	0.0002114801
4.9422500000	0.0002113621
4.9429600000	0.0002112445
4.9436800000	0.0002111271
4.9443900000	0.0002110096
4.9451000000	0.0002108925
4.9458200000	0.0002107754
4.9465300000	0.0002106587
4.9472400000	0.0002105420
4.9479500000	0.0002104255
4.9486700000	0.0002103091
4.9493800000	0.0002101932
4.9500900000	0.0002100771
4.9508100000	0.0002099612
4.9515200000	0.0002098458
4.9522300000	0.0002097304
4.9529400000	0.0002096153
4.9536600000	0.0002095002
4.9543700000	0.0002093854
4.9550800000	0.0002092705
4.9558000000	0.0002091562
4.9565100000	0.0002090417
4.9572200000	0.0002089278
4.9579400000	0.0002088138
4.9586500000	0.0002086999
4.9593600000	0.0002085862
4.9600700000	0.0002084729
4.9607900000	0.0002083595
4.9615000000	0.0002082465
4.9622100000	0.0002081336
4.9629300000	0.0002080210
4.9636400000	0.0002079083
4.9643500000	0.0002077958
4.9650700000	0.0002076837
4.9657800000	0.0002075716
4.9664900000	0.0002074598
4.9672000000	0.0002073481
4.9679200000	0.0002072366
4.9686300000	0.0002071253
4.9693400000	0.0002070142
4.9700600000	0.0002069030
4.9707700000	0.0002067923
4.9714800000	0.0002066816
4.9721900000	0.0002065714
4.9729100000	0.0002064609
4.9736200000	0.0002063510
4.9743300000	0.0002062409
4.9750500000	0.0002061312
4.9757600000	0.0002060215
4.9764700000	0.0002059124
4.9771900000	0.0002058030
4.9779000000	0.0002056938
4.9786100000	0.0002055850
4.9793200000	0.0002054764
4.9800400000	0.0002053678
4.9807500000	0.0002052595
4.9814600000	0.0002051512
4.9821800000	0.0002050433
4.9828900000	0.0002049354
4.9836000000	0.0002048277
4.9843100000	0.0002047201
4.9850300000	0.0002046129
4.9857400000	0.0002045056
4.9864500000	0.0002043987
4.9871700000	0.0002042919
4.9878800000	0.0002041854
4.9885900000	0.0002040790
4.9893100000	0.0002039726
4.9900200000	0.0002038664
4.9907300000	0.0002037605
4.9914400000	0.0002036547
4.9921600000	0.0002035492
4.9928700000	0.0002034437
4.9935800000	0.0002033384
4.9943000000	0.0002032335
4.9950100000	0.0002031287
4.9957200000	0.0002030237
4.9964400000	0.0002029193
4.9971500000	0.0002028146
4.9978600000	0.0002027107
4.9985700000	0.0002026066
4.9992900000	0.0002025027
5.0000000000	0.0002023990
