0.5 1.4382 120 315 0.00060069
0.50075 1.4382 120 315 0.000779637
0.5015 1.4382 120 315 0.000864201
0.50225 1.4382 120 315 0.000776656
0.503001 1.4382 120 315 0.000597491
0.503751 1.4382 120 315 0.000431994
0.504501 1.4382 120 315 0.000311459
0.505251 1.4382 120 315 0.000229349
0.506001 1.4382 120 315 0.000173532
0.506751 1.4382 120 315 0.000134826
0.507501 1.4382 120 315 0.000107267
0.508251 1.4382 120 315 8.71226e-05
0.509002 1.4382 120 315 7.20339e-05
0.509752 1.4382 120 315 6.04796e-05
0.510502 1.4382 120 315 5.14399e-05
0.511252 1.4382 120 315 4.42784e-05
0.512002 1.4382 120 315 3.85028e-05
0.512752 1.4382 120 315 3.37818e-05
0.513502 1.4382 120 315 2.98747e-05
0.514252 1.4382 120 315 2.66081e-05
0.515003 1.4382 120 315 2.3851e-05
0.515753 1.4382 120 315 2.15022e-05
0.516503 1.4382 120 315 1.94858e-05
0.517253 1.4382 120 315 1.77421e-05
0.518003 1.4382 120 315 1.62172e-05
0.518753 1.4382 120 315 1.48895e-05
0.519503 1.4382 120 315 1.37193e-05
0.520253 1.4382 120 315 1.2685e-05
0.521004 1.4382 120 315 1.17652e-05
0.521754 1.4382 120 315 1.09433e-05
0.522504 1.4382 120 315 1.02069e-05
0.523254 1.4382 120 315 9.54405e-06
0.524004 1.4382 120 315 8.94522e-06
0.524754 1.4382 120 315 8.40305e-06
0.525504 1.4382 120 315 7.90586e-06
0.526254 1.4382 120 315 7.45727e-06
0.527005 1.4382 120 315 7.04626e-06
0.527755 1.4382 120 315 6.66999e-06
0.528505 1.4382 120 315 6.32411e-06
0.529255 1.4382 120 315 6.00579e-06
0.530005 1.4382 120 315 5.71252e-06
0.530755 1.4382 120 315 5.44123e-06
0.531505 1.4382 120 315 5.18953e-06
0.532255 1.4382 120 315 4.95621e-06
0.533006 1.4382 120 315 4.7364e-06
0.533756 1.4382 120 315 4.53429e-06
0.534506 1.4382 120 315 4.34579e-06
0.535256 1.4382 120 315 4.17002e-06
0.536006 1.4382 120 315 4.00534e-06
0.536756 1.4382 120 315 3.85105e-06
0.537506 1.4382 120 315 3.70622e-06
0.538256 1.4382 120 315 3.57022e-06
0.539007 1.4382 120 315 3.44257e-06
0.539757 1.4382 120 315 3.32209e-06
0.540507 1.4382 120 315 3.20869e-06
0.541257 1.4382 120 315 3.0998e-06
0.542007 1.4382 120 315 2.99867e-06
0.542757 1.4382 120 315 2.90323e-06
0.543507 1.4382 120 315 2.8128e-06
0.544257 1.4382 120 315 2.72723e-06
0.545008 1.4382 120 315 2.64601e-06
0.545758 1.4382 120 315 2.56932e-06
0.546508 1.4382 120 315 2.49613e-06
0.547258 1.4382 120 315 2.42668e-06
0.548008 1.4382 120 315 2.36079e-06
0.548758 1.4382 120 315 2.29773e-06
0.549508 1.4382 120 315 2.23648e-06
0.550258 1.4382 120 315 2.17958e-06
0.551009 1.4382 120 315 2.12548e-06
0.551759 1.4382 120 315 2.07363e-06
0.552509 1.4382 120 315 2.02423e-06
0.553259 1.4382 120 315 1.97701e-06
0.554009 1.4382 120 315 1.93207e-06
0.554759 1.4382 120 315 1.88893e-06
0.555509 1.4382 120 315 1.84783e-06
0.556259 1.4382 120 315 1.80852e-06
0.55701 1.4382 120 315 1.77101e-06
0.55776 1.4382 120 315 1.73351e-06
0.55851 1.4382 120 315 1.69897e-06
0.55926 1.4382 120 315 1.66581e-06
0.56001 1.4382 120 315 1.63416e-06
0.56076 1.4382 120 315 1.60401e-06
0.56151 1.4382 120 315 1.57494e-06
0.56226 1.4382 120 315 1.5472e-06
0.563011 1.4382 120 315 1.52051e-06
0.563761 1.4382 120 315 1.49495e-06
0.564511 1.4382 120 315 1.47046e-06
0.565261 1.4382 120 315 1.4468e-06
0.566011 1.4382 120 315 1.42417e-06
0.566761 1.4382 120 315 1.40121e-06
0.567511 1.4382 120 315 1.38057e-06
0.568261 1.4382 120 315 1.36073e-06
0.569012 1.4382 120 315 1.34154e-06
0.569762 1.4382 120 315 1.32341e-06
0.570512 1.4382 120 315 1.30595e-06
0.571262 1.4382 120 315 1.28915e-06
0.572012 1.4382 120 315 1.27303e-06
0.572762 1.4382 120 315 1.25778e-06
0.573512 1.4382 120 315 1.24311e-06
0.574262 1.4382 120 315 1.2291e-06
0.575013 1.4382 120 315 1.21569e-06
0.575763 1.4382 120 315 1.2013e-06
0.576513 1.4382 120 315 1.18902e-06
0.577263 1.4382 120 315 1.17746e-06
0.578013 1.4382 120 315 1.16651e-06
0.578763 1.4382 120 315 1.15594e-06
0.579513 1.4382 120 315 1.14606e-06
0.580263 1.4382 120 315 1.13653e-06
0.581014 1.4382 120 315 1.12744e-06
0.581764 1.4382 120 315 1.11903e-06
0.582514 1.4382 120 315 1.11102e-06
0.583264 1.4382 120 315 1.1035e-06
0.584014 1.4382 120 315 1.09635e-06
0.584764 1.4382 120 315 1.08855e-06
0.585514 1.4382 120 315 1.08252e-06
0.586264 1.4382 120 315 1.07685e-06
0.587015 1.4382 120 315 1.07166e-06
0.587765 1.4382 120 315 1.06686e-06
0.588515 1.4382 120 315 1.06259e-06
0.589265 1.4382 120 315 1.0586e-06
0.590015 1.4382 120 315 1.05533e-06
0.590765 1.4382 120 315 1.05243e-06
0.591515 1.4382 120 315 1.0499e-06
0.592265 1.4382 120 315 1.04799e-06
0.593016 1.4382 120 315 1.04651e-06
0.593766 1.4382 120 315 1.04528e-06
0.594516 1.4382 120 315 1.04273e-06
0.595266 1.4382 120 315 1.04247e-06
0.596016 1.4382 120 315 1.0428e-06
0.596766 1.4382 120 315 1.0433e-06
0.597516 1.4382 120 315 1.04471e-06
0.598266 1.4382 120 315 1.04622e-06
0.599017 1.4382 120 315 1.04844e-06
0.599767 1.4382 120 315 1.05099e-06
0.600517 1.4382 120 315 1.05468e-06
0.601267 1.4382 120 315 1.05792e-06
0.602017 1.4382 120 315 1.06231e-06
0.602767 1.4382 120 315 1.06731e-06
0.603517 1.4382 120 315 1.07296e-06
0.604267 1.4382 120 315 1.07648e-06
0.605018 1.4382 120 315 1.0828e-06
0.605768 1.4382 120 315 1.09003e-06
0.606518 1.4382 120 315 1.09785e-06
0.607268 1.4382 120 315 1.10641e-06
0.608018 1.4382 120 315 1.11544e-06
0.608768 1.4382 120 315 1.12626e-06
0.609518 1.4382 120 315 1.13682e-06
0.610268 1.4382 120 315 1.14866e-06
0.611019 1.4382 120 315 1.1609e-06
0.611769 1.4382 120 315 1.17437e-06
0.612519 1.4382 120 315 1.18834e-06
0.613269 1.4382 120 315 1.20307e-06
0.614019 1.4382 120 315 1.21923e-06
0.614769 1.4382 120 315 1.23277e-06
0.615519 1.4382 120 315 1.25069e-06
0.616269 1.4382 120 315 1.2693e-06
0.61702 1.4382 120 315 1.29063e-06
0.61777 1.4382 120 315 1.31207e-06
0.61852 1.4382 120 315 1.33452e-06
0.61927 1.4382 120 315 1.35826e-06
0.62002 1.4382 120 315 1.38279e-06
0.62077 1.4382 120 315 1.40771e-06
0.62152 1.4382 120 315 1.43371e-06
0.62227 1.4382 120 315 1.46127e-06
0.623021 1.4382 120 315 1.48917e-06
0.623771 1.4382 120 315 1.51809e-06
0.624521 1.4382 120 315 1.54391e-06
0.625271 1.4382 120 315 1.56167e-06
0.626021 1.4382 120 315 1.58365e-06
0.626771 1.4382 120 315 1.60177e-06
0.627521 1.4382 120 315 1.61487e-06
0.628271 1.4382 120 315 1.61342e-06
0.629022 1.4382 120 315 1.59489e-06
0.629772 1.4382 120 315 1.55361e-06
0.630522 1.4382 120 315 1.47533e-06
0.631272 1.4382 120 315 1.34133e-06
0.632022 1.4382 120 315 1.12078e-06
0.632772 1.4382 120 315 7.70425e-07
0.633522 1.4382 120 315 2.25688e-07
0.634272 1.4382 120 315 -6.10275e-07
0.635023 1.4382 120 315 -1.88803e-06
0.635773 1.4382 120 315 -3.82353e-06
0.636523 1.4382 120 315 -6.53818e-06
0.637273 1.4382 120 315 -1.00918e-05
0.638023 1.4382 120 315 -1.38146e-05
0.638773 1.4382 120 315 -1.59518e-05
0.639523 1.4382 120 315 -1.39914e-05
0.640273 1.4382 120 315 -7.42698e-06
0.641024 1.4382 120 315 7.11445e-07
0.641774 1.4382 120 315 6.78338e-06
0.642524 1.4382 120 315 9.82808e-06
0.643274 1.4382 120 315 1.06635e-05
0.644024 1.4382 120 315 1.04275e-05
0.644774 1.4382 120 315 9.84069e-06
0.645524 1.4382 120 315 9.21732e-06
0.646274 1.4382 120 315 8.71489e-06
0.647025 1.4382 120 315 8.37652e-06
0.647775 1.4382 120 315 8.18526e-06
0.648525 1.4382 120 315 8.16842e-06
0.649275 1.4382 120 315 8.30487e-06
0.650025 1.4382 120 315 8.59625e-06
0.650775 1.4382 120 315 9.04578e-06
0.651525 1.4382 120 315 9.66461e-06
0.652275 1.4382 120 315 1.04761e-05
0.653026 1.4382 120 315 1.15134e-05
0.653776 1.4382 120 315 1.2827e-05
0.654526 1.4382 120 315 1.44904e-05
0.655276 1.4382 120 315 1.65927e-05
0.656026 1.4382 120 315 1.92826e-05
0.656776 1.4382 120 315 2.27596e-05
0.657526 1.4382 120 315 2.73197e-05
0.658276 1.4382 120 315 3.33977e-05
0.659027 1.4382 120 315 4.15292e-05
0.659777 1.4382 120 315 5.28226e-05
0.660527 1.4382 120 315 6.84413e-05
0.661277 1.4382 120 315 8.97241e-05
0.662027 1.4382 120 315 0.000116877
0.662777 1.4382 120 315 0.000145872
0.663527 1.4382 120 315 0.000165279
0.664277 1.4382 120 315 0.000162756
0.665028 1.4382 120 315 0.00014015
0.665778 1.4382 120 315 0.000110876
0.666528 1.4382 120 315 8.4839e-05
0.667278 1.4382 120 315 6.48124e-05
0.668028 1.4382 120 315 5.01687e-05
0.668778 1.4382 120 315 3.95534e-05
0.669528 1.4382 120 315 3.17837e-05
0.670278 1.4382 120 315 2.60063e-05
0.671029 1.4382 120 315 2.16298e-05
0.671779 1.4382 120 315 1.82623e-05
0.672529 1.4382 120 315 1.56107e-05
0.673279 1.4382 120 315 1.34983e-05
0.674029 1.4382 120 315 1.17919e-05
0.674779 1.4382 120 315 1.03952e-05
0.675529 1.4382 120 315 9.23968e-06
0.676279 1.4382 120 315 8.27279e-06
0.67703 1.4382 120 315 7.45615e-06
0.67778 1.4382 120 315 6.76067e-06
0.67853 1.4382 120 315 6.16385e-06
0.67928 1.4382 120 315 5.64805e-06
0.68003 1.4382 120 315 5.19935e-06
0.68078 1.4382 120 315 4.80647e-06
0.68153 1.4382 120 315 4.46077e-06
0.68228 1.4382 120 315 4.15501e-06
0.683031 1.4382 120 315 3.88348e-06
0.683781 1.4382 120 315 3.63924e-06
0.684531 1.4382 120 315 3.42198e-06
0.685281 1.4382 120 315 3.22675e-06
0.686031 1.4382 120 315 3.0505e-06
0.686781 1.4382 120 315 2.89098e-06
0.687531 1.4382 120 315 2.7461e-06
0.688281 1.4382 120 315 2.61411e-06
0.689032 1.4382 120 315 2.49364e-06
0.689782 1.4382 120 315 2.38342e-06
0.690532 1.4382 120 315 2.28225e-06
0.691282 1.4382 120 315 2.18933e-06
0.692032 1.4382 120 315 2.10365e-06
0.692782 1.4382 120 315 2.02463e-06
0.693532 1.4382 120 315 1.95152e-06
0.694282 1.4382 120 315 1.88379e-06
0.695033 1.4382 120 315 1.82098e-06
0.695783 1.4382 120 315 1.76276e-06
0.696533 1.4382 120 315 1.70847e-06
0.697283 1.4382 120 315 1.65695e-06
0.698033 1.4382 120 315 1.60984e-06
0.698783 1.4382 120 315 1.56586e-06
0.699533 1.4382 120 315 1.52476e-06
0.700283 1.4382 120 315 1.48631e-06
0.701034 1.4382 120 315 1.45029e-06
0.701784 1.4382 120 315 1.41655e-06
0.702534 1.4382 120 315 1.38493e-06
0.703284 1.4382 120 315 1.35527e-06
0.704034 1.4382 120 315 1.32747e-06
0.704784 1.4382 120 315 1.3013e-06
0.705534 1.4382 120 315 1.27672e-06
0.706284 1.4382 120 315 1.25363e-06
0.707035 1.4382 120 315 1.23195e-06
0.707785 1.4382 120 315 1.21155e-06
0.708535 1.4382 120 315 1.1924e-06
0.709285 1.4382 120 315 1.17436e-06
0.710035 1.4382 120 315 1.1574e-06
0.710785 1.4382 120 315 1.14095e-06
0.711535 1.4382 120 315 1.126e-06
0.712285 1.4382 120 315 1.11195e-06
0.713036 1.4382 120 315 1.09876e-06
0.713786 1.4382 120 315 1.08641e-06
0.714536 1.4382 120 315 1.07483e-06
0.715286 1.4382 120 315 1.06402e-06
0.716036 1.4382 120 315 1.05389e-06
0.716786 1.4382 120 315 1.04445e-06
0.717536 1.4382 120 315 1.03565e-06
0.718286 1.4382 120 315 1.02748e-06
0.719037 1.4382 120 315 1.01992e-06
0.719787 1.4382 120 315 1.01292e-06
0.720537 1.4382 120 315 1.00647e-06
0.721287 1.4382 120 315 1.00056e-06
0.722037 1.4382 120 315 9.95167e-07
0.722787 1.4382 120 315 9.90257e-07
0.723537 1.4382 120 315 9.85823e-07
0.724287 1.4382 120 315 9.81858e-07
0.725038 1.4382 120 315 9.78086e-07
0.725788 1.4382 120 315 9.75036e-07
0.726538 1.4382 120 315 9.72419e-07
0.727288 1.4382 120 315 9.70204e-07
0.728038 1.4382 120 315 9.68421e-07
0.728788 1.4382 120 315 9.67034e-07
0.729538 1.4382 120 315 9.66052e-07
0.730288 1.4382 120 315 9.65456e-07
0.731039 1.4382 120 315 9.65223e-07
0.731789 1.4382 120 315 9.654e-07
0.732539 1.4382 120 315 9.6595e-07
0.733289 1.4382 120 315 9.66875e-07
0.734039 1.4382 120 315 9.68174e-07
0.734789 1.4382 120 315 9.69847e-07
0.735539 1.4382 120 315 9.7188e-07
0.736289 1.4382 120 315 9.7428e-07
0.73704 1.4382 120 315 9.77053e-07
0.73779 1.4382 120 315 9.80195e-07
0.73854 1.4382 120 315 9.83694e-07
0.73929 1.4382 120 315 9.87584e-07
0.74004 1.4382 120 315 9.9171e-07
0.74079 1.4382 120 315 9.96345e-07
0.74154 1.4382 120 315 1.00136e-06
0.74229 1.4382 120 315 1.00676e-06
0.743041 1.4382 120 315 1.01252e-06
0.743791 1.4382 120 315 1.0187e-06
0.744541 1.4382 120 315 1.0253e-06
0.745291 1.4382 120 315 1.0323e-06
0.746041 1.4382 120 315 1.03971e-06
0.746791 1.4382 120 315 1.04757e-06
0.747541 1.4382 120 315 1.05587e-06
0.748291 1.4382 120 315 1.06462e-06
0.749042 1.4382 120 315 1.07383e-06
0.749792 1.4382 120 315 1.08351e-06
0.750542 1.4382 120 315 1.09367e-06
0.751292 1.4382 120 315 1.10434e-06
0.752042 1.4382 120 315 1.11552e-06
0.752792 1.4382 120 315 1.12723e-06
0.753542 1.4382 120 315 1.13951e-06
0.754292 1.4382 120 315 1.15236e-06
0.755043 1.4382 120 315 1.16579e-06
0.755793 1.4382 120 315 1.17974e-06
0.756543 1.4382 120 315 1.19443e-06
0.757293 1.4382 120 315 1.20978e-06
0.758043 1.4382 120 315 1.22584e-06
0.758793 1.4382 120 315 1.2426e-06
0.759543 1.4382 120 315 1.26014e-06
0.760293 1.4382 120 315 1.27846e-06
0.761044 1.4382 120 315 1.29761e-06
0.761794 1.4382 120 315 1.31764e-06
0.762544 1.4382 120 315 1.33859e-06
0.763294 1.4382 120 315 1.36048e-06
0.764044 1.4382 120 315 1.38338e-06
0.764794 1.4382 120 315 1.40734e-06
0.765544 1.4382 120 315 1.43244e-06
0.766294 1.4382 120 315 1.45872e-06
0.767045 1.4382 120 315 1.48628e-06
0.767795 1.4382 120 315 1.51516e-06
0.768545 1.4382 120 315 1.54546e-06
0.769295 1.4382 120 315 1.5771e-06
0.770045 1.4382 120 315 1.61051e-06
0.770795 1.4382 120 315 1.64567e-06
0.771545 1.4382 120 315 1.68273e-06
0.772295 1.4382 120 315 1.72167e-06
0.773046 1.4382 120 315 1.76275e-06
0.773796 1.4382 120 315 1.8061e-06
0.774546 1.4382 120 315 1.85193e-06
0.775296 1.4382 120 315 1.90041e-06
0.776046 1.4382 120 315 1.9518e-06
0.776796 1.4382 120 315 2.0063e-06
0.777546 1.4382 120 315 2.06423e-06
0.778296 1.4382 120 315 2.12589e-06
0.779047 1.4382 120 315 2.19169e-06
0.779797 1.4382 120 315 2.26198e-06
0.780547 1.4382 120 315 2.33727e-06
0.781297 1.4382 120 315 2.41808e-06
0.782047 1.4382 120 315 2.50503e-06
0.782797 1.4382 120 315 2.59849e-06
0.783547 1.4382 120 315 2.69999e-06
0.784297 1.4382 120 315 2.81019e-06
0.785048 1.4382 120 315 2.93018e-06
0.785798 1.4382 120 315 3.06134e-06
0.786548 1.4382 120 315 3.20539e-06
0.787298 1.4382 120 315 3.36421e-06
0.788048 1.4382 120 315 3.54031e-06
0.788798 1.4382 120 315 3.7363e-06
0.789548 1.4382 120 315 3.95578e-06
0.790298 1.4382 120 315 4.20317e-06
0.791049 1.4382 120 315 4.48385e-06
0.791799 1.4382 120 315 4.80459e-06
0.792549 1.4382 120 315 5.17398e-06
0.793299 1.4382 120 315 5.60294e-06
0.794049 1.4382 120 315 6.10545e-06
0.794799 1.4382 120 315 6.69946e-06
0.795549 1.4382 120 315 7.4079e-06
0.796299 1.4382 120 315 8.2604e-06
0.79705 1.4382 120 315 9.29268e-06
0.7978 1.4382 120 315 1.05508e-05
0.79855 1.4382 120 315 1.20825e-05
0.7993 1.4382 120 315 1.393e-05
0.80005 1.4382 120 315 1.61053e-05
0.8008 1.4382 120 315 1.85422e-05
0.80155 1.4382 120 315 2.10286e-05
0.8023 1.4382 120 315 2.31662e-05
0.803051 1.4382 120 315 2.44524e-05
0.803801 1.4382 120 315 2.45362e-05
0.804551 1.4382 120 315 2.34645e-05
0.805301 1.4382 120 315 2.16463e-05
0.806051 1.4382 120 315 1.95741e-05
0.806801 1.4382 120 315 1.76097e-05
0.807551 1.4382 120 315 1.59322e-05
0.808301 1.4382 120 315 1.45915e-05
0.809052 1.4382 120 315 1.35721e-05
0.809802 1.4382 120 315 1.2834e-05
0.810552 1.4382 120 315 1.23347e-05
0.811302 1.4382 120 315 1.20372e-05
0.812052 1.4382 120 315 1.19097e-05
0.812802 1.4382 120 315 1.19354e-05
0.813552 1.4382 120 315 1.2097e-05
0.814302 1.4382 120 315 1.23854e-05
0.815053 1.4382 120 315 1.27964e-05
0.815803 1.4382 120 315 1.33314e-05
0.816553 1.4382 120 315 1.39943e-05
0.817303 1.4382 120 315 1.47938e-05
0.818053 1.4382 120 315 1.57436e-05
0.818803 1.4382 120 315 1.68612e-05
0.819553 1.4382 120 315 1.81704e-05
0.820303 1.4382 120 315 1.97021e-05
0.821054 1.4382 120 315 2.14948e-05
0.821804 1.4382 120 315 2.35981e-05
0.822554 1.4382 120 315 2.60758e-05
0.823304 1.4382 120 315 2.90084e-05
0.824054 1.4382 120 315 3.25063e-05
0.824804 1.4382 120 315 3.66949e-05
0.825554 1.4382 120 315 4.17535e-05
0.826304 1.4382 120 315 4.79128e-05
0.827055 1.4382 120 315 5.5449e-05
0.827805 1.4382 120 315 6.48007e-05
0.828555 1.4382 120 315 7.64515e-05
0.829305 1.4382 120 315 9.10355e-05
0.830055 1.4382 120 315 0.000109275
0.830805 1.4382 120 315 0.00013186
0.831555 1.4382 120 315 0.000159102
0.832305 1.4382 120 315 0.000190165
0.833056 1.4382 120 315 0.000221967
0.833806 1.4382 120 315 0.000248365
0.834556 1.4382 120 315 0.000261581
0.835306 1.4382 120 315 0.000256716
0.836056 1.4382 120 315 0.000235638
0.836806 1.4382 120 315 0.000205429
0.837556 1.4382 120 315 0.000173401
0.838306 1.4382 120 315 0.000144082
0.839057 1.4382 120 315 0.000119233
0.839807 1.4382 120 315 9.89544e-05
0.840557 1.4382 120 315 8.26818e-05
0.841307 1.4382 120 315 6.96767e-05
0.842057 1.4382 120 315 5.92556e-05
0.842807 1.4382 120 315 5.08413e-05
0.843557 1.4382 120 315 4.40229e-05
0.844307 1.4382 120 315 3.84229e-05
0.845058 1.4382 120 315 3.37906e-05
0.845808 1.4382 120 315 2.99263e-05
0.846558 1.4382 120 315 2.66759e-05
0.847308 1.4382 120 315 2.39187e-05
0.848058 1.4382 120 315 2.15635e-05
0.848808 1.4382 120 315 1.95383e-05
0.849558 1.4382 120 315 1.77853e-05
0.850308 1.4382 120 315 1.62591e-05
0.851059 1.4382 120 315 1.49231e-05
0.851809 1.4382 120 315 1.37472e-05
0.852559 1.4382 120 315 1.27073e-05
0.853309 1.4382 120 315 1.17833e-05
0.854059 1.4382 120 315 1.09591e-05
0.854809 1.4382 120 315 1.02206e-05
0.855559 1.4382 120 315 9.5568e-06
0.856309 1.4382 120 315 8.95788e-06
0.85706 1.4382 120 315 8.4158e-06
0.85781 1.4382 120 315 7.92325e-06
0.85856 1.4382 120 315 7.47456e-06
0.85931 1.4382 120 315 7.06467e-06
0.86006 1.4382 120 315 6.68819e-06
0.86081 1.4382 120 315 6.34265e-06
0.86156 1.4382 120 315 6.02415e-06
0.86231 1.4382 120 315 5.72932e-06
0.863061 1.4382 120 315 5.4544e-06
0.863811 1.4382 120 315 5.19911e-06
0.864561 1.4382 120 315 4.96009e-06
0.865311 1.4382 120 315 4.73506e-06
0.866061 1.4382 120 315 4.52178e-06
0.866811 1.4382 120 315 4.31819e-06
0.867561 1.4382 120 315 4.12163e-06
0.868311 1.4382 120 315 3.92969e-06
0.869062 1.4382 120 315 3.73901e-06
0.869812 1.4382 120 315 3.5465e-06
0.870562 1.4382 120 315 3.3471e-06
0.871312 1.4382 120 315 3.13552e-06
0.872062 1.4382 120 315 2.90372e-06
0.872812 1.4382 120 315 2.64253e-06
0.873562 1.4382 120 315 2.34001e-06
0.874312 1.4382 120 315 1.98221e-06
0.875063 1.4382 120 315 1.55399e-06
0.875813 1.4382 120 315 1.04269e-06
0.876563 1.4382 120 315 4.47864e-07
0.877313 1.4382 120 315 -1.99016e-07
0.878063 1.4382 120 315 -8.08672e-07
0.878813 1.4382 120 315 -1.2199e-06
0.879563 1.4382 120 315 -1.22381e-06
0.880313 1.4382 120 315 -6.75684e-07
0.881064 1.4382 120 315 3.55264e-07
0.881814 1.4382 120 315 1.57655e-06
0.882564 1.4382 120 315 2.64766e-06
0.883314 1.4382 120 315 3.37038e-06
0.884064 1.4382 120 315 3.79081e-06
0.884814 1.4382 120 315 3.88291e-06
0.885564 1.4382 120 315 3.80204e-06
0.886314 1.4382 120 315 3.63368e-06
0.887065 1.4382 120 315 3.43166e-06
0.887815 1.4382 120 315 3.22681e-06
0.888565 1.4382 120 315 3.03372e-06
0.889315 1.4382 120 315 2.85864e-06
0.890065 1.4382 120 315 2.70312e-06
0.890815 1.4382 120 315 2.5654e-06
0.891565 1.4382 120 315 2.44459e-06
0.892315 1.4382 120 315 2.33812e-06
0.893066 1.4382 120 315 2.24447e-06
0.893816 1.4382 120 315 2.16165e-06
0.894566 1.4382 120 315 2.08799e-06
0.895316 1.4382 120 315 2.02239e-06
0.896066 1.4382 120 315 1.96369e-06
0.896816 1.4382 120 315 1.9109e-06
0.897566 1.4382 120 315 1.86341e-06
0.898316 1.4382 120 315 1.82035e-06
0.899067 1.4382 120 315 1.78124e-06
0.899817 1.4382 120 315 1.74565e-06
0.900567 1.4382 120 315 1.71322e-06
0.901317 1.4382 120 315 1.68351e-06
0.902067 1.4382 120 315 1.65631e-06
0.902817 1.4382 120 315 1.63141e-06
0.903567 1.4382 120 315 1.60854e-06
0.904317 1.4382 120 315 1.58752e-06
0.905068 1.4382 120 315 1.56824e-06
0.905818 1.4382 120 315 1.55057e-06
0.906568 1.4382 120 315 1.53712e-06
0.907318 1.4382 120 315 1.52221e-06
0.908068 1.4382 120 315 1.50867e-06
0.908818 1.4382 120 315 1.49628e-06
0.909568 1.4382 120 315 1.4851e-06
0.910318 1.4382 120 315 1.47519e-06
0.911069 1.4382 120 315 1.46626e-06
0.911819 1.4382 120 315 1.45836e-06
0.912569 1.4382 120 315 1.45152e-06
0.913319 1.4382 120 315 1.44589e-06
0.914069 1.4382 120 315 1.441e-06
0.914819 1.4382 120 315 1.43713e-06
0.915569 1.4382 120 315 1.43402e-06
0.916319 1.4382 120 315 1.43186e-06
0.91707 1.4382 120 315 1.43062e-06
0.91782 1.4382 120 315 1.43027e-06
0.91857 1.4382 120 315 1.43081e-06
0.91932 1.4382 120 315 1.43221e-06
0.92007 1.4382 120 315 1.43447e-06
0.92082 1.4382 120 315 1.43764e-06
0.92157 1.4382 120 315 1.44163e-06
0.92232 1.4382 120 315 1.44657e-06
0.923071 1.4382 120 315 1.45245e-06
0.923821 1.4382 120 315 1.45914e-06
0.924571 1.4382 120 315 1.46685e-06
0.925321 1.4382 120 315 1.47553e-06
0.926071 1.4382 120 315 1.48527e-06
0.926821 1.4382 120 315 1.496e-06
0.927571 1.4382 120 315 1.50768e-06
0.928321 1.4382 120 315 1.52064e-06
0.929072 1.4382 120 315 1.53452e-06
0.929822 1.4382 120 315 1.54941e-06
0.930572 1.4382 120 315 1.56565e-06
0.931322 1.4382 120 315 1.58306e-06
0.932072 1.4382 120 315 1.60172e-06
0.932822 1.4382 120 315 1.62249e-06
0.933572 1.4382 120 315 1.644e-06
0.934322 1.4382 120 315 1.6669e-06
0.935073 1.4382 120 315 1.69131e-06
0.935823 1.4382 120 315 1.71755e-06
0.936573 1.4382 120 315 1.74551e-06
0.937323 1.4382 120 315 1.77513e-06
0.938073 1.4382 120 315 1.8067e-06
0.938823 1.4382 120 315 1.84017e-06
0.939573 1.4382 120 315 1.87595e-06
0.940323 1.4382 120 315 1.91377e-06
0.941074 1.4382 120 315 1.95399e-06
0.941824 1.4382 120 315 1.99673e-06
0.942574 1.4382 120 315 2.04237e-06
0.943324 1.4382 120 315 2.09077e-06
0.944074 1.4382 120 315 2.1421e-06
0.944824 1.4382 120 315 2.197e-06
0.945574 1.4382 120 315 2.25526e-06
0.946324 1.4382 120 315 2.31761e-06
0.947075 1.4382 120 315 2.38357e-06
0.947825 1.4382 120 315 2.45374e-06
0.948575 1.4382 120 315 2.52853e-06
0.949325 1.4382 120 315 2.60819e-06
0.950075 1.4382 120 315 2.69318e-06
0.950825 1.4382 120 315 2.78378e-06
0.951575 1.4382 120 315 2.88077e-06
0.952325 1.4382 120 315 2.98429e-06
0.953076 1.4382 120 315 3.09611e-06
0.953826 1.4382 120 315 3.21168e-06
0.954576 1.4382 120 315 3.33744e-06
0.955326 1.4382 120 315 3.47203e-06
0.956076 1.4382 120 315 3.61608e-06
0.956826 1.4382 120 315 3.77057e-06
0.957576 1.4382 120 315 3.93485e-06
0.958326 1.4382 120 315 4.10969e-06
0.959077 1.4382 120 315 4.2959e-06
0.959827 1.4382 120 315 4.49392e-06
0.960577 1.4382 120 315 4.70355e-06
0.961327 1.4382 120 315 4.92318e-06
0.962077 1.4382 120 315 5.15239e-06
0.962827 1.4382 120 315 5.38917e-06
0.963577 1.4382 120 315 5.63129e-06
0.964327 1.4382 120 315 5.87523e-06
0.965078 1.4382 120 315 6.11515e-06
0.965828 1.4382 120 315 6.34406e-06
0.966578 1.4382 120 315 6.56261e-06
0.967328 1.4382 120 315 6.76067e-06
0.968078 1.4382 120 315 6.95783e-06
0.968828 1.4382 120 315 7.19664e-06
0.969578 1.4382 120 315 7.57848e-06
0.970328 1.4382 120 315 8.28979e-06
0.971079 1.4382 120 315 9.61834e-06
0.971829 1.4382 120 315 1.18959e-05
0.972579 1.4382 120 315 1.53741e-05
0.973329 1.4382 120 315 2.00312e-05
0.974079 1.4382 120 315 2.5498e-05
0.974829 1.4382 120 315 3.14998e-05
0.975579 1.4382 120 315 3.77447e-05
0.976329 1.4382 120 315 4.42984e-05
0.97708 1.4382 120 315 5.14475e-05
0.97783 1.4382 120 315 5.94516e-05
0.97858 1.4382 120 315 6.84155e-05
0.97933 1.4382 120 315 7.8086e-05
0.98008 1.4382 120 315 8.76885e-05
0.98083 1.4382 120 315 9.58913e-05
0.98158 1.4382 120 315 0.000100999
0.98233 1.4382 120 315 0.000101678
0.983081 1.4382 120 315 9.76747e-05
0.983831 1.4382 120 315 8.99777e-05
0.984581 1.4382 120 315 8.0237e-05
0.985331 1.4382 120 315 7.00048e-05
0.986081 1.4382 120 315 6.03326e-05
0.986831 1.4382 120 315 5.17325e-05
0.987581 1.4382 120 315 4.43537e-05
0.988331 1.4382 120 315 3.81435e-05
0.989082 1.4382 120 315 3.29623e-05
0.989832 1.4382 120 315 2.86522e-05
0.990582 1.4382 120 315 2.50624e-05
0.991332 1.4382 120 315 2.206e-05
0.992082 1.4382 120 315 1.95384e-05
0.992832 1.4382 120 315 1.74078e-05
0.993582 1.4382 120 315 1.55975e-05
0.994332 1.4382 120 315 1.40496e-05
0.995083 1.4382 120 315 1.27185e-05
0.995833 1.4382 120 315 1.15673e-05
0.996583 1.4382 120 315 1.05682e-05
0.997333 1.4382 120 315 9.69335e-06
0.998083 1.4382 120 315 8.92477e-06
0.998833 1.4382 120 315 8.24661e-06
0.999583 1.4382 120 315 7.64583e-06
1.00033 1.4382 120 315 7.11126e-06
1.00108 1.4382 120 315 6.63369e-06
1.00183 1.4382 120 315 6.20551e-06
1.00258 1.4382 120 315 5.82031e-06
1.00333 1.4382 120 315 5.4728e-06
1.00408 1.4382 120 315 5.15819e-06
1.00483 1.4382 120 315 4.87265e-06
1.00558 1.4382 120 315 4.61289e-06
1.00633 1.4382 120 315 4.3758e-06
1.00708 1.4382 120 315 4.15942e-06
1.00783 1.4382 120 315 3.9608e-06
1.00858 1.4382 120 315 3.77856e-06
1.00933 1.4382 120 315 3.61091e-06
1.01009 1.4382 120 315 3.4564e-06
1.01084 1.4382 120 315 3.3139e-06
1.01159 1.4382 120 315 3.18225e-06
1.01234 1.4382 120 315 3.06046e-06
1.01309 1.4382 120 315 2.94763e-06
1.01384 1.4382 120 315 2.84319e-06
1.01459 1.4382 120 315 2.7462e-06
1.01534 1.4382 120 315 2.65631e-06
1.01609 1.4382 120 315 2.57282e-06
1.01684 1.4382 120 315 2.49529e-06
1.01759 1.4382 120 315 2.42333e-06
1.01834 1.4382 120 315 2.35673e-06
1.01909 1.4382 120 315 2.29493e-06
1.01984 1.4382 120 315 2.23797e-06
1.02059 1.4382 120 315 2.1853e-06
1.02134 1.4382 120 315 2.13687e-06
1.02209 1.4382 120 315 2.09249e-06
1.02284 1.4382 120 315 2.05211e-06
1.02359 1.4382 120 315 2.0156e-06
1.02434 1.4382 120 315 1.98292e-06
1.02509 1.4382 120 315 1.95412e-06
1.02584 1.4382 120 315 1.92917e-06
1.02659 1.4382 120 315 1.90817e-06
1.02734 1.4382 120 315 1.89142e-06
1.02809 1.4382 120 315 1.87891e-06
1.02884 1.4382 120 315 1.87114e-06
1.02959 1.4382 120 315 1.86826e-06
1.03034 1.4382 120 315 1.87094e-06
1.03109 1.4382 120 315 1.87963e-06
1.03184 1.4382 120 315 1.89519e-06
1.03259 1.4382 120 315 1.91848e-06
1.03334 1.4382 120 315 1.95068e-06
1.03409 1.4382 120 315 1.99334e-06
1.03484 1.4382 120 315 2.04803e-06
1.03559 1.4382 120 315 2.11752e-06
1.03634 1.4382 120 315 2.203e-06
1.03709 1.4382 120 315 2.30791e-06
1.03784 1.4382 120 315 2.43509e-06
1.03859 1.4382 120 315 2.58722e-06
1.03934 1.4382 120 315 2.76585e-06
1.04009 1.4382 120 315 2.97029e-06
1.04084 1.4382 120 315 3.19554e-06
1.04159 1.4382 120 315 3.42949e-06
1.04234 1.4382 120 315 3.65121e-06
1.04309 1.4382 120 315 3.83178e-06
1.04384 1.4382 120 315 3.93974e-06
1.04459 1.4382 120 315 3.95232e-06
1.04534 1.4382 120 315 3.86461e-06
1.04609 1.4382 120 315 3.69238e-06
1.04684 1.4382 120 315 3.46446e-06
1.04759 1.4382 120 315 3.21189e-06
1.04834 1.4382 120 315 2.959e-06
1.04909 1.4382 120 315 2.72189e-06
1.04984 1.4382 120 315 2.50826e-06
1.05059 1.4382 120 315 2.32038e-06
1.05134 1.4382 120 315 2.15767e-06
1.05209 1.4382 120 315 2.0177e-06
1.05284 1.4382 120 315 1.89761e-06
1.05359 1.4382 120 315 1.79482e-06
1.05434 1.4382 120 315 1.70639e-06
1.05509 1.4382 120 315 1.6302e-06
1.05584 1.4382 120 315 1.56421e-06
1.05659 1.4382 120 315 1.50693e-06
1.05734 1.4382 120 315 1.45697e-06
1.05809 1.4382 120 315 1.41317e-06
1.05884 1.4382 120 315 1.37481e-06
1.05959 1.4382 120 315 1.34105e-06
1.06034 1.4382 120 315 1.31105e-06
1.06109 1.4382 120 315 1.28437e-06
1.06184 1.4382 120 315 1.26068e-06
1.06259 1.4382 120 315 1.23934e-06
1.06334 1.4382 120 315 1.22026e-06
1.06409 1.4382 120 315 1.20319e-06
1.06484 1.4382 120 315 1.18777e-06
1.06559 1.4382 120 315 1.1738e-06
1.06634 1.4382 120 315 1.16245e-06
1.06709 1.4382 120 315 1.15071e-06
1.06784 1.4382 120 315 1.14028e-06
1.06859 1.4382 120 315 1.13063e-06
1.06934 1.4382 120 315 1.12032e-06
1.0701 1.4382 120 315 1.1116e-06
1.07085 1.4382 120 315 1.10271e-06
1.0716 1.4382 120 315 1.09396e-06
1.07235 1.4382 120 315 1.08489e-06
1.0731 1.4382 120 315 1.07533e-06
1.07385 1.4382 120 315 1.06517e-06
1.0746 1.4382 120 315 1.05368e-06
1.07535 1.4382 120 315 1.04055e-06
1.0761 1.4382 120 315 1.02535e-06
1.07685 1.4382 120 315 1.00798e-06
1.0776 1.4382 120 315 9.85493e-07
1.07835 1.4382 120 315 9.57932e-07
1.0791 1.4382 120 315 9.23563e-07
1.07985 1.4382 120 315 8.80842e-07
1.0806 1.4382 120 315 8.28235e-07
1.08135 1.4382 120 315 7.59249e-07
1.0821 1.4382 120 315 6.7129e-07
1.08285 1.4382 120 315 5.59713e-07
1.0836 1.4382 120 315 4.16779e-07
1.08435 1.4382 120 315 2.32984e-07
1.0851 1.4382 120 315 -4.6166e-10
1.08585 1.4382 120 315 -2.95103e-07
1.0866 1.4382 120 315 -6.57121e-07
1.08735 1.4382 120 315 -1.09614e-06
1.0881 1.4382 120 315 -1.60027e-06
1.08885 1.4382 120 315 -2.13647e-06
1.0896 1.4382 120 315 -2.63267e-06
1.09035 1.4382 120 315 -2.98264e-06
1.0911 1.4382 120 315 -3.0487e-06
1.09185 1.4382 120 315 -2.72116e-06
1.0926 1.4382 120 315 -1.99295e-06
1.09335 1.4382 120 315 -9.90894e-07
1.0941 1.4382 120 315 7.77802e-08
1.09485 1.4382 120 315 1.01883e-06
1.0956 1.4382 120 315 1.72989e-06
1.09635 1.4382 120 315 2.19507e-06
1.0971 1.4382 120 315 2.44187e-06
1.09785 1.4382 120 315 2.53516e-06
1.0986 1.4382 120 315 2.54471e-06
1.09935 1.4382 120 315 2.48209e-06
1.1001 1.4382 120 315 2.39087e-06
1.10085 1.4382 120 315 2.29122e-06
1.1016 1.4382 120 315 2.19139e-06
1.10235 1.4382 120 315 2.09794e-06
1.1031 1.4382 120 315 2.01291e-06
1.10385 1.4382 120 315 1.9379e-06
1.1046 1.4382 120 315 1.8727e-06
1.10535 1.4382 120 315 1.81658e-06
1.1061 1.4382 120 315 1.76898e-06
1.10685 1.4382 120 315 1.72919e-06
1.1076 1.4382 120 315 1.69611e-06
1.10835 1.4382 120 315 1.66937e-06
1.1091 1.4382 120 315 1.64786e-06
1.10985 1.4382 120 315 1.63147e-06
1.1106 1.4382 120 315 1.61929e-06
1.11135 1.4382 120 315 1.61106e-06
1.1121 1.4382 120 315 1.60647e-06
1.11285 1.4382 120 315 1.60496e-06
1.1136 1.4382 120 315 1.60648e-06
1.11435 1.4382 120 315 1.61066e-06
1.1151 1.4382 120 315 1.6174e-06
1.11585 1.4382 120 315 1.62642e-06
1.1166 1.4382 120 315 1.63769e-06
1.11735 1.4382 120 315 1.65108e-06
1.1181 1.4382 120 315 1.66651e-06
1.11885 1.4382 120 315 1.6839e-06
1.1196 1.4382 120 315 1.70323e-06
1.12035 1.4382 120 315 1.72446e-06
1.1211 1.4382 120 315 1.74756e-06
1.12185 1.4382 120 315 1.77255e-06
1.1226 1.4382 120 315 1.79943e-06
1.12335 1.4382 120 315 1.82821e-06
1.1241 1.4382 120 315 1.8582e-06
1.12485 1.4382 120 315 1.8909e-06
1.1256 1.4382 120 315 1.92563e-06
1.12635 1.4382 120 315 1.96242e-06
1.1271 1.4382 120 315 2.00139e-06
1.12785 1.4382 120 315 2.0426e-06
1.1286 1.4382 120 315 2.08614e-06
1.12935 1.4382 120 315 2.13213e-06
1.13011 1.4382 120 315 2.18066e-06
1.13086 1.4382 120 315 2.23191e-06
1.13161 1.4382 120 315 2.28598e-06
1.13236 1.4382 120 315 2.34307e-06
1.13311 1.4382 120 315 2.404e-06
1.13386 1.4382 120 315 2.46759e-06
1.13461 1.4382 120 315 2.53478e-06
1.13536 1.4382 120 315 2.60577e-06
1.13611 1.4382 120 315 2.68083e-06
1.13686 1.4382 120 315 2.76021e-06
1.13761 1.4382 120 315 2.84421e-06
1.13836 1.4382 120 315 2.93322e-06
1.13911 1.4382 120 315 3.02757e-06
1.13986 1.4382 120 315 3.12766e-06
1.14061 1.4382 120 315 3.23396e-06
1.14136 1.4382 120 315 3.34697e-06
1.14211 1.4382 120 315 3.46718e-06
1.14286 1.4382 120 315 3.59519e-06
1.14361 1.4382 120 315 3.73174e-06
1.14436 1.4382 120 315 3.87757e-06
1.14511 1.4382 120 315 4.03349e-06
1.14586 1.4382 120 315 4.20032e-06
1.14661 1.4382 120 315 4.37924e-06
1.14736 1.4382 120 315 4.57134e-06
1.14811 1.4382 120 315 4.77795e-06
1.14886 1.4382 120 315 5.00045e-06
1.14961 1.4382 120 315 5.24058e-06
1.15036 1.4382 120 315 5.50013e-06
1.15111 1.4382 120 315 5.78128e-06
1.15186 1.4382 120 315 6.08645e-06
1.15261 1.4382 120 315 6.41842e-06
1.15336 1.4382 120 315 6.78027e-06
1.15411 1.4382 120 315 7.17104e-06
1.15486 1.4382 120 315 7.60355e-06
1.15561 1.4382 120 315 8.07875e-06
1.15636 1.4382 120 315 8.60203e-06
1.15711 1.4382 120 315 9.18002e-06
1.15786 1.4382 120 315 9.82024e-06
1.15861 1.4382 120 315 1.05318e-05
1.15936 1.4382 120 315 1.13253e-05
1.16011 1.4382 120 315 1.22131e-05
1.16086 1.4382 120 315 1.32106e-05
1.16161 1.4382 120 315 1.43354e-05
1.16236 1.4382 120 315 1.56088e-05
1.16311 1.4382 120 315 1.70564e-05
1.16386 1.4382 120 315 1.87097e-05
1.16461 1.4382 120 315 2.06057e-05
1.16536 1.4382 120 315 2.27901e-05
1.16611 1.4382 120 315 2.53178e-05
1.16686 1.4382 120 315 2.8254e-05
1.16761 1.4382 120 315 3.16784e-05
1.16836 1.4382 120 315 3.5684e-05
1.16911 1.4382 120 315 4.03804e-05
1.16986 1.4382 120 315 4.58757e-05
1.17061 1.4382 120 315 5.22881e-05
1.17136 1.4382 120 315 5.97108e-05
1.17211 1.4382 120 315 6.81715e-05
1.17286 1.4382 120 315 7.75686e-05
1.17361 1.4382 120 315 8.75797e-05
1.17436 1.4382 120 315 9.75648e-05
1.17511 1.4382 120 315 0.00010652
1.17586 1.4382 120 315 0.0001132
1.17661 1.4382 120 315 0.000116434
1.17736 1.4382 120 315 0.000115577
1.17811 1.4382 120 315 0.000110806
1.17886 1.4382 120 315 0.000103032
1.17961 1.4382 120 315 9.35088e-05
1.18036 1.4382 120 315 8.34155e-05
1.18111 1.4382 120 315 7.36052e-05
1.18186 1.4382 120 315 6.45778e-05
1.18261 1.4382 120 315 5.65536e-05
1.18336 1.4382 120 315 4.95705e-05
1.18411 1.4382 120 315 4.35659e-05
1.18486 1.4382 120 315 3.84585e-05
1.18561 1.4382 120 315 3.40779e-05
1.18636 1.4382 120 315 3.03406e-05
1.18711 1.4382 120 315 2.71464e-05
1.18786 1.4382 120 315 2.44075e-05
1.18861 1.4382 120 315 2.20502e-05
1.18936 1.4382 120 315 2.00129e-05
1.19012 1.4382 120 315 1.82451e-05
1.19087 1.4382 120 315 1.67044e-05
1.19162 1.4382 120 315 1.53563e-05
1.19237 1.4382 120 315 1.4172e-05
1.19312 1.4382 120 315 1.31277e-05
1.19387 1.4382 120 315 1.22035e-05
1.19462 1.4382 120 315 1.13828e-05
1.19537 1.4382 120 315 1.06519e-05
1.19612 1.4382 120 315 9.99907e-06
1.19687 1.4382 120 315 9.41404e-06
1.19762 1.4382 120 315 8.88888e-06
1.19837 1.4382 120 315 8.41635e-06
1.19912 1.4382 120 315 7.99021e-06
1.19987 1.4382 120 315 7.60535e-06
1.20062 1.4382 120 315 7.25732e-06
1.20137 1.4382 120 315 6.94238e-06
1.20212 1.4382 120 315 6.65692e-06
1.20287 1.4382 120 315 6.39812e-06
1.20362 1.4382 120 315 6.16357e-06
1.20437 1.4382 120 315 5.95107e-06
1.20512 1.4382 120 315 5.75845e-06
1.20587 1.4382 120 315 5.58426e-06
1.20662 1.4382 120 315 5.42696e-06
1.20737 1.4382 120 315 5.2854e-06
1.20812 1.4382 120 315 5.15762e-06
1.20887 1.4382 120 315 5.04417e-06
1.20962 1.4382 120 315 4.94336e-06
1.21037 1.4382 120 315 4.85459e-06
1.21112 1.4382 120 315 4.77714e-06
1.21187 1.4382 120 315 4.7106e-06
1.21262 1.4382 120 315 4.65453e-06
1.21337 1.4382 120 315 4.60843e-06
1.21412 1.4382 120 315 4.57211e-06
1.21487 1.4382 120 315 4.54531e-06
1.21562 1.4382 120 315 4.52791e-06
1.21637 1.4382 120 315 4.51985e-06
1.21712 1.4382 120 315 4.5211e-06
1.21787 1.4382 120 315 4.53098e-06
1.21862 1.4382 120 315 4.55094e-06
1.21937 1.4382 120 315 4.58059e-06
1.22012 1.4382 120 315 4.62009e-06
1.22087 1.4382 120 315 4.66984e-06
1.22162 1.4382 120 315 4.73019e-06
1.22237 1.4382 120 315 4.80165e-06
1.22312 1.4382 120 315 4.88479e-06
1.22387 1.4382 120 315 4.98039e-06
1.22462 1.4382 120 315 5.08915e-06
1.22537 1.4382 120 315 5.21205e-06
1.22612 1.4382 120 315 5.35025e-06
1.22687 1.4382 120 315 5.50484e-06
1.22762 1.4382 120 315 5.67733e-06
1.22837 1.4382 120 315 5.86932e-06
1.22912 1.4382 120 315 6.08294e-06
1.22987 1.4382 120 315 6.32008e-06
1.23062 1.4382 120 315 6.58336e-06
1.23137 1.4382 120 315 6.87579e-06
1.23212 1.4382 120 315 7.20056e-06
1.23287 1.4382 120 315 7.56168e-06
1.23362 1.4382 120 315 7.96368e-06
1.23437 1.4382 120 315 8.41184e-06
1.23512 1.4382 120 315 8.91251e-06
1.23587 1.4382 120 315 9.47283e-06
1.23662 1.4382 120 315 1.01014e-05
1.23737 1.4382 120 315 1.08084e-05
1.23812 1.4382 120 315 1.16057e-05
1.23887 1.4382 120 315 1.25077e-05
1.23962 1.4382 120 315 1.3531e-05
1.24037 1.4382 120 315 1.46961e-05
1.24112 1.4382 120 315 1.60269e-05
1.24187 1.4382 120 315 1.7552e-05
1.24262 1.4382 120 315 1.93053e-05
1.24337 1.4382 120 315 2.1327e-05
1.24412 1.4382 120 315 2.36637e-05
1.24487 1.4382 120 315 2.63696e-05
1.24562 1.4382 120 315 2.95027e-05
1.24637 1.4382 120 315 3.31253e-05
1.24712 1.4382 120 315 3.72943e-05
1.24787 1.4382 120 315 4.20505e-05
1.24862 1.4382 120 315 4.73973e-05
1.24937 1.4382 120 315 5.32653e-05
1.25013 1.4382 120 315 5.94745e-05
1.25088 1.4382 120 315 6.56855e-05
1.25163 1.4382 120 315 7.13852e-05
1.25238 1.4382 120 315 7.59368e-05
1.25313 1.4382 120 315 7.86793e-05
1.25388 1.4382 120 315 7.91747e-05
1.25463 1.4382 120 315 7.73439e-05
1.25538 1.4382 120 315 7.35087e-05
1.25613 1.4382 120 315 6.82626e-05
1.25688 1.4382 120 315 6.22701e-05
1.25763 1.4382 120 315 5.61066e-05
1.25838 1.4382 120 315 5.01802e-05
1.25913 1.4382 120 315 4.47288e-05
1.25988 1.4382 120 315 3.98637e-05
1.26063 1.4382 120 315 3.56055e-05
1.26138 1.4382 120 315 3.19294e-05
1.26213 1.4382 120 315 2.87863e-05
1.26288 1.4382 120 315 2.61207e-05
1.26363 1.4382 120 315 2.3877e-05
1.26438 1.4382 120 315 2.20059e-05
1.26513 1.4382 120 315 2.04652e-05
1.26588 1.4382 120 315 1.92186e-05
1.26663 1.4382 120 315 1.82362e-05
1.26738 1.4382 120 315 1.74903e-05
1.26813 1.4382 120 315 1.69519e-05
1.26888 1.4382 120 315 1.65854e-05
1.26963 1.4382 120 315 1.63424e-05
1.27038 1.4382 120 315 1.61572e-05
1.27113 1.4382 120 315 1.59488e-05
1.27188 1.4382 120 315 1.56337e-05
1.27263 1.4382 120 315 1.51485e-05
1.27338 1.4382 120 315 1.4472e-05
1.27413 1.4382 120 315 1.3631e-05
1.27488 1.4382 120 315 1.26858e-05
1.27563 1.4382 120 315 1.1705e-05
1.27638 1.4382 120 315 1.07459e-05
1.27713 1.4382 120 315 9.84649e-06
1.27788 1.4382 120 315 9.02585e-06
1.27863 1.4382 120 315 8.29003e-06
1.27938 1.4382 120 315 7.6362e-06
1.28013 1.4382 120 315 7.05789e-06
1.28088 1.4382 120 315 6.54677e-06
1.28163 1.4382 120 315 6.09419e-06
1.28238 1.4382 120 315 5.69233e-06
1.28313 1.4382 120 315 5.33424e-06
1.28388 1.4382 120 315 5.01364e-06
1.28463 1.4382 120 315 4.72536e-06
1.28538 1.4382 120 315 4.46508e-06
1.28613 1.4382 120 315 4.22879e-06
1.28688 1.4382 120 315 4.01361e-06
1.28763 1.4382 120 315 3.81661e-06
1.28838 1.4382 120 315 3.63545e-06
1.28913 1.4382 120 315 3.4676e-06
1.28988 1.4382 120 315 3.31266e-06
1.29063 1.4382 120 315 3.16856e-06
1.29138 1.4382 120 315 3.03374e-06
1.29213 1.4382 120 315 2.90722e-06
1.29288 1.4382 120 315 2.78786e-06
1.29363 1.4382 120 315 2.67477e-06
1.29438 1.4382 120 315 2.56598e-06
1.29513 1.4382 120 315 2.46275e-06
1.29588 1.4382 120 315 2.36335e-06
1.29663 1.4382 120 315 2.26705e-06
1.29738 1.4382 120 315 2.17264e-06
1.29813 1.4382 120 315 2.07966e-06
1.29888 1.4382 120 315 1.98699e-06
1.29963 1.4382 120 315 1.89391e-06
1.30038 1.4382 120 315 1.7992e-06
1.30113 1.4382 120 315 1.70203e-06
1.30188 1.4382 120 315 1.60049e-06
1.30263 1.4382 120 315 1.49344e-06
1.30338 1.4382 120 315 1.37879e-06
1.30413 1.4382 120 315 1.25456e-06
1.30488 1.4382 120 315 1.11842e-06
1.30563 1.4382 120 315 9.67549e-07
1.30638 1.4382 120 315 7.98367e-07
1.30713 1.4382 120 315 6.0745e-07
1.30788 1.4382 120 315 3.9095e-07
1.30863 1.4382 120 315 1.46154e-07
1.30938 1.4382 120 315 -1.29008e-07
1.31014 1.4382 120 315 -4.35219e-07
1.31089 1.4382 120 315 -7.67365e-07
1.31164 1.4382 120 315 -1.11216e-06
1.31239 1.4382 120 315 -1.44825e-06
1.31314 1.4382 120 315 -1.73819e-06
1.31389 1.4382 120 315 -1.92834e-06
1.31464 1.4382 120 315 -1.95824e-06
1.31539 1.4382 120 315 -1.77352e-06
1.31614 1.4382 120 315 -1.34919e-06
1.31689 1.4382 120 315 -7.10276e-07
1.31764 1.4382 120 315 6.7165e-08
1.31839 1.4382 120 315 8.69726e-07
1.31914 1.4382 120 315 1.59126e-06
1.31989 1.4382 120 315 2.15881e-06
1.32064 1.4382 120 315 2.54647e-06
1.32139 1.4382 120 315 2.76547e-06
1.32214 1.4382 120 315 2.84805e-06
1.32289 1.4382 120 315 2.83346e-06
1.32364 1.4382 120 315 2.75622e-06
1.32439 1.4382 120 315 2.64202e-06
1.32514 1.4382 120 315 2.51006e-06
1.32589 1.4382 120 315 2.37383e-06
1.32664 1.4382 120 315 2.24031e-06
1.32739 1.4382 120 315 2.11419e-06
1.32814 1.4382 120 315 1.99702e-06
1.32889 1.4382 120 315 1.90499e-06
1.32964 1.4382 120 315 1.8062e-06
1.33039 1.4382 120 315 1.7164e-06
1.33114 1.4382 120 315 1.63505e-06
1.33189 1.4382 120 315 1.56109e-06
1.33264 1.4382 120 315 1.4939e-06
1.33339 1.4382 120 315 1.43269e-06
1.33414 1.4382 120 315 1.37626e-06
1.33489 1.4382 120 315 1.32337e-06
1.33564 1.4382 120 315 1.27344e-06
1.33639 1.4382 120 315 1.22563e-06
1.33714 1.4382 120 315 1.1796e-06
1.33789 1.4382 120 315 1.13358e-06
1.33864 1.4382 120 315 1.08718e-06
1.33939 1.4382 120 315 1.03997e-06
1.34014 1.4382 120 315 9.89506e-07
1.34089 1.4382 120 315 9.35056e-07
1.34164 1.4382 120 315 8.7535e-07
1.34239 1.4382 120 315 8.05832e-07
1.34314 1.4382 120 315 7.26954e-07
1.34389 1.4382 120 315 6.33512e-07
1.34464 1.4382 120 315 5.22134e-07
1.34539 1.4382 120 315 3.89297e-07
1.34614 1.4382 120 315 2.29334e-07
1.34689 1.4382 120 315 4.14734e-08
1.34764 1.4382 120 315 -1.81418e-07
1.34839 1.4382 120 315 -4.38053e-07
1.34914 1.4382 120 315 -7.25231e-07
1.34989 1.4382 120 315 -1.03491e-06
1.35064 1.4382 120 315 -1.34628e-06
1.35139 1.4382 120 315 -1.62786e-06
1.35214 1.4382 120 315 -1.83319e-06
1.35289 1.4382 120 315 -1.91717e-06
1.35364 1.4382 120 315 -1.83236e-06
1.35439 1.4382 120 315 -1.55586e-06
1.35514 1.4382 120 315 -1.10517e-06
1.35589 1.4382 120 315 -5.38123e-07
1.35664 1.4382 120 315 6.30196e-08
1.35739 1.4382 120 315 6.23072e-07
1.35814 1.4382 120 315 1.0839e-06
1.35889 1.4382 120 315 1.42476e-06
1.35964 1.4382 120 315 1.64731e-06
1.36039 1.4382 120 315 1.76954e-06
1.36114 1.4382 120 315 1.817e-06
1.36189 1.4382 120 315 1.81049e-06
1.36264 1.4382 120 315 1.7716e-06
1.36339 1.4382 120 315 1.71272e-06
1.36414 1.4382 120 315 1.64386e-06
1.36489 1.4382 120 315 1.57135e-06
1.36564 1.4382 120 315 1.49983e-06
1.36639 1.4382 120 315 1.43144e-06
1.36714 1.4382 120 315 1.3675e-06
1.36789 1.4382 120 315 1.30866e-06
1.36864 1.4382 120 315 1.25491e-06
1.36939 1.4382 120 315 1.20596e-06
1.37015 1.4382 120 315 1.16207e-06
1.3709 1.4382 120 315 1.12228e-06
1.37165 1.4382 120 315 1.08698e-06
1.3724 1.4382 120 315 1.05526e-06
1.37315 1.4382 120 315 1.02689e-06
1.3739 1.4382 120 315 1.00146e-06
1.37465 1.4382 120 315 9.78706e-07
1.3754 1.4382 120 315 9.58514e-07
1.37615 1.4382 120 315 9.4046e-07
1.3769 1.4382 120 315 9.24435e-07
1.37765 1.4382 120 315 9.10102e-07
1.3784 1.4382 120 315 8.97527e-07
1.37915 1.4382 120 315 8.86552e-07
1.3799 1.4382 120 315 8.76987e-07
1.38065 1.4382 120 315 8.68654e-07
1.3814 1.4382 120 315 8.61747e-07
1.38215 1.4382 120 315 8.56086e-07
1.3829 1.4382 120 315 8.51599e-07
1.38365 1.4382 120 315 8.48321e-07
1.3844 1.4382 120 315 8.46198e-07
1.38515 1.4382 120 315 8.45258e-07
1.3859 1.4382 120 315 8.45536e-07
1.38665 1.4382 120 315 8.47134e-07
1.3874 1.4382 120 315 8.50097e-07
1.38815 1.4382 120 315 8.54541e-07
1.3889 1.4382 120 315 8.60566e-07
1.38965 1.4382 120 315 8.68374e-07
1.3904 1.4382 120 315 8.78097e-07
1.39115 1.4382 120 315 8.89951e-07
1.3919 1.4382 120 315 9.04122e-07
1.39265 1.4382 120 315 9.20802e-07
1.3934 1.4382 120 315 9.40127e-07
1.39415 1.4382 120 315 9.62003e-07
1.3949 1.4382 120 315 9.86456e-07
1.39565 1.4382 120 315 1.01289e-06
1.3964 1.4382 120 315 1.04038e-06
1.39715 1.4382 120 315 1.06746e-06
1.3979 1.4382 120 315 1.09209e-06
1.39865 1.4382 120 315 1.112e-06
1.3994 1.4382 120 315 1.12498e-06
1.40015 1.4382 120 315 1.1295e-06
1.4009 1.4382 120 315 1.12514e-06
1.40165 1.4382 120 315 1.11269e-06
1.4024 1.4382 120 315 1.09394e-06
1.40315 1.4382 120 315 1.07114e-06
1.4039 1.4382 120 315 1.04642e-06
1.40465 1.4382 120 315 1.02156e-06
1.4054 1.4382 120 315 9.97828e-07
1.40615 1.4382 120 315 9.75989e-07
1.4069 1.4382 120 315 9.56409e-07
1.40765 1.4382 120 315 9.39224e-07
1.4084 1.4382 120 315 9.24366e-07
1.40915 1.4382 120 315 9.11695e-07
1.4099 1.4382 120 315 9.01034e-07
1.41065 1.4382 120 315 8.92172e-07
1.4114 1.4382 120 315 8.84924e-07
1.41215 1.4382 120 315 8.79117e-07
1.4129 1.4382 120 315 8.74576e-07
1.41365 1.4382 120 315 8.71169e-07
1.4144 1.4382 120 315 8.6886e-07
1.41515 1.4382 120 315 8.6736e-07
1.4159 1.4382 120 315 8.66679e-07
1.41665 1.4382 120 315 8.66731e-07
1.4174 1.4382 120 315 8.67454e-07
1.41815 1.4382 120 315 8.68793e-07
1.4189 1.4382 120 315 8.70699e-07
1.41965 1.4382 120 315 8.73136e-07
1.4204 1.4382 120 315 8.76067e-07
1.42115 1.4382 120 315 8.79468e-07
1.4219 1.4382 120 315 8.83308e-07
1.42265 1.4382 120 315 8.87572e-07
1.4234 1.4382 120 315 8.92243e-07
1.42415 1.4382 120 315 8.97307e-07
1.4249 1.4382 120 315 9.02753e-07
1.42565 1.4382 120 315 9.08568e-07
1.4264 1.4382 120 315 9.14753e-07
1.42715 1.4382 120 315 9.21305e-07
1.4279 1.4382 120 315 9.28217e-07
1.42865 1.4382 120 315 9.35492e-07
1.4294 1.4382 120 315 9.43124e-07
1.43016 1.4382 120 315 9.51117e-07
1.43091 1.4382 120 315 9.59471e-07
1.43166 1.4382 120 315 9.68195e-07
1.43241 1.4382 120 315 9.77291e-07
1.43316 1.4382 120 315 9.86761e-07
1.43391 1.4382 120 315 9.96619e-07
1.43466 1.4382 120 315 1.00687e-06
1.43541 1.4382 120 315 1.01752e-06
1.43616 1.4382 120 315 1.02858e-06
1.43691 1.4382 120 315 1.04006e-06
1.43766 1.4382 120 315 1.05197e-06
1.43841 1.4382 120 315 1.06433e-06
1.43916 1.4382 120 315 1.07715e-06
1.43991 1.4382 120 315 1.09044e-06
1.44066 1.4382 120 315 1.10422e-06
1.44141 1.4382 120 315 1.11851e-06
1.44216 1.4382 120 315 1.13332e-06
1.44291 1.4382 120 315 1.14867e-06
1.44366 1.4382 120 315 1.16458e-06
1.44441 1.4382 120 315 1.18108e-06
1.44516 1.4382 120 315 1.19818e-06
1.44591 1.4382 120 315 1.21591e-06
1.44666 1.4382 120 315 1.23431e-06
1.44741 1.4382 120 315 1.2534e-06
1.44816 1.4382 120 315 1.2732e-06
1.44891 1.4382 120 315 1.29373e-06
1.44966 1.4382 120 315 1.315e-06
1.45041 1.4382 120 315 1.33714e-06
1.45116 1.4382 120 315 1.36014e-06
1.45191 1.4382 120 315 1.38403e-06
1.45266 1.4382 120 315 1.40886e-06
1.45341 1.4382 120 315 1.43469e-06
1.45416 1.4382 120 315 1.46155e-06
1.45491 1.4382 120 315 1.48951e-06
1.45566 1.4382 120 315 1.5186e-06
1.45641 1.4382 120 315 1.54891e-06
1.45716 1.4382 120 315 1.58049e-06
1.45791 1.4382 120 315 1.61342e-06
1.45866 1.4382 120 315 1.64777e-06
1.45941 1.4382 120 315 1.68362e-06
1.46016 1.4382 120 315 1.72106e-06
1.46091 1.4382 120 315 1.76017e-06
1.46166 1.4382 120 315 1.80059e-06
1.46241 1.4382 120 315 1.84336e-06
1.46316 1.4382 120 315 1.88813e-06
1.46391 1.4382 120 315 1.93505e-06
1.46466 1.4382 120 315 1.98425e-06
1.46541 1.4382 120 315 2.03587e-06
1.46616 1.4382 120 315 2.09008e-06
1.46691 1.4382 120 315 2.14704e-06
1.46766 1.4382 120 315 2.20695e-06
1.46841 1.4382 120 315 2.27004e-06
1.46916 1.4382 120 315 2.33652e-06
1.46991 1.4382 120 315 2.40665e-06
1.47066 1.4382 120 315 2.48067e-06
1.47141 1.4382 120 315 2.55892e-06
1.47216 1.4382 120 315 2.64174e-06
1.47291 1.4382 120 315 2.72948e-06
1.47366 1.4382 120 315 2.8225e-06
1.47441 1.4382 120 315 2.92129e-06
1.47516 1.4382 120 315 3.02632e-06
1.47591 1.4382 120 315 3.13816e-06
1.47666 1.4382 120 315 3.25735e-06
1.47741 1.4382 120 315 3.38461e-06
1.47816 1.4382 120 315 3.52069e-06
1.47891 1.4382 120 315 3.6664e-06
1.47966 1.4382 120 315 3.8227e-06
1.48041 1.4382 120 315 3.9906e-06
1.48116 1.4382 120 315 4.1713e-06
1.48191 1.4382 120 315 4.36614e-06
1.48266 1.4382 120 315 4.57658e-06
1.48341 1.4382 120 315 4.80432e-06
1.48416 1.4382 120 315 5.05128e-06
1.48491 1.4382 120 315 5.31971e-06
1.48566 1.4382 120 315 5.61207e-06
1.48641 1.4382 120 315 5.93117e-06
1.48716 1.4382 120 315 6.28036e-06
1.48791 1.4382 120 315 6.66337e-06
1.48866 1.4382 120 315 7.08454e-06
1.48941 1.4382 120 315 7.54894e-06
1.49017 1.4382 120 315 8.0625e-06
1.49092 1.4382 120 315 8.63211e-06
1.49167 1.4382 120 315 9.26564e-06
1.49242 1.4382 120 315 9.9728e-06
1.49317 1.4382 120 315 1.07647e-05
1.49392 1.4382 120 315 1.16548e-05
1.49467 1.4382 120 315 1.26585e-05
1.49542 1.4382 120 315 1.37936e-05
1.49617 1.4382 120 315 1.50802e-05
1.49692 1.4382 120 315 1.65394e-05
1.49767 1.4382 120 315 1.81917e-05
1.49842 1.4382 120 315 2.0054e-05
1.49917 1.4382 120 315 2.21351e-05
1.49992 1.4382 120 315 2.44299e-05
1.50067 1.4382 120 315 2.69136e-05
1.50142 1.4382 120 315 2.95342e-05
1.50217 1.4382 120 315 3.2206e-05
1.50292 1.4382 120 315 3.48048e-05
1.50367 1.4382 120 315 3.71692e-05
1.50442 1.4382 120 315 3.91141e-05
1.50517 1.4382 120 315 4.04594e-05
1.50592 1.4382 120 315 4.10661e-05
1.50667 1.4382 120 315 4.08747e-05
1.50742 1.4382 120 315 3.99197e-05
1.50817 1.4382 120 315 3.83228e-05
1.50892 1.4382 120 315 3.62581e-05
1.50967 1.4382 120 315 3.39142e-05
1.51042 1.4382 120 315 3.14712e-05
1.51117 1.4382 120 315 2.90419e-05
1.51192 1.4382 120 315 2.6745e-05
1.51267 1.4382 120 315 2.4603e-05
1.51342 1.4382 120 315 2.26623e-05
1.51417 1.4382 120 315 2.09305e-05
1.51492 1.4382 120 315 1.94032e-05
1.51567 1.4382 120 315 1.80687e-05
1.51642 1.4382 120 315 1.69119e-05
1.51717 1.4382 120 315 1.59165e-05
1.51792 1.4382 120 315 1.50669e-05
1.51867 1.4382 120 315 1.43486e-05
1.51942 1.4382 120 315 1.37487e-05
1.52017 1.4382 120 315 1.3256e-05
1.52092 1.4382 120 315 1.28611e-05
1.52167 1.4382 120 315 1.25561e-05
1.52242 1.4382 120 315 1.23348e-05
1.52317 1.4382 120 315 1.21925e-05
1.52392 1.4382 120 315 1.21256e-05
1.52467 1.4382 120 315 1.21321e-05
1.52542 1.4382 120 315 1.22109e-05
1.52617 1.4382 120 315 1.23623e-05
1.52692 1.4382 120 315 1.25878e-05
1.52767 1.4382 120 315 1.28899e-05
1.52842 1.4382 120 315 1.32726e-05
1.52917 1.4382 120 315 1.37411e-05
1.52992 1.4382 120 315 1.43021e-05
1.53067 1.4382 120 315 1.49635e-05
1.53142 1.4382 120 315 1.57354e-05
1.53217 1.4382 120 315 1.66293e-05
1.53292 1.4382 120 315 1.76584e-05
1.53367 1.4382 120 315 1.8838e-05
1.53442 1.4382 120 315 2.0185e-05
1.53517 1.4382 120 315 2.17177e-05
1.53592 1.4382 120 315 2.34551e-05
1.53667 1.4382 120 315 2.54164e-05
1.53742 1.4382 120 315 2.76183e-05
1.53817 1.4382 120 315 3.00733e-05
1.53892 1.4382 120 315 3.27861e-05
1.53967 1.4382 120 315 3.57491e-05
1.54042 1.4382 120 315 3.89375e-05
1.54117 1.4382 120 315 4.23032e-05
1.54192 1.4382 120 315 4.57677e-05
1.54267 1.4382 120 315 4.92164e-05
1.54342 1.4382 120 315 5.24928e-05
1.54417 1.4382 120 315 5.54014e-05
1.54492 1.4382 120 315 5.77201e-05
1.54567 1.4382 120 315 5.92308e-05
1.54642 1.4382 120 315 5.97608e-05
1.54717 1.4382 120 315 5.92286e-05
1.54792 1.4382 120 315 5.76688e-05
1.54867 1.4382 120 315 5.52269e-05
1.54942 1.4382 120 315 5.21243e-05
1.55018 1.4382 120 315 4.86094e-05
1.55093 1.4382 120 315 4.49139e-05
1.55168 1.4382 120 315 4.12267e-05
1.55243 1.4382 120 315 3.76818e-05
1.55318 1.4382 120 315 3.43646e-05
1.55393 1.4382 120 315 3.13192e-05
1.55468 1.4382 120 315 2.85613e-05
1.55543 1.4382 120 315 2.60872e-05
1.55618 1.4382 120 315 2.38821e-05
1.55693 1.4382 120 315 2.19242e-05
1.55768 1.4382 120 315 2.01913e-05
1.55843 1.4382 120 315 1.86597e-05
1.55918 1.4382 120 315 1.73071e-05
1.55993 1.4382 120 315 1.61133e-05
1.56068 1.4382 120 315 1.50605e-05
1.56143 1.4382 120 315 1.41327e-05
1.56218 1.4382 120 315 1.33161e-05
1.56293 1.4382 120 315 1.25989e-05
1.56368 1.4382 120 315 1.19709e-05
1.56443 1.4382 120 315 1.14237e-05
1.56518 1.4382 120 315 1.09502e-05
1.56593 1.4382 120 315 1.05442e-05
1.56668 1.4382 120 315 1.02014e-05
1.56743 1.4382 120 315 9.9181e-06
1.56818 1.4382 120 315 9.69142e-06
1.56893 1.4382 120 315 9.51959e-06
1.56968 1.4382 120 315 9.40159e-06
1.57043 1.4382 120 315 9.33729e-06
1.57118 1.4382 120 315 9.32721e-06
1.57193 1.4382 120 315 9.37268e-06
1.57268 1.4382 120 315 9.47568e-06
1.57343 1.4382 120 315 9.63866e-06
1.57418 1.4382 120 315 9.86458e-06
1.57493 1.4382 120 315 1.01565e-05
1.57568 1.4382 120 315 1.05153e-05
1.57643 1.4382 120 315 1.09462e-05
1.57718 1.4382 120 315 1.14471e-05
1.57793 1.4382 120 315 1.20146e-05
1.57868 1.4382 120 315 1.264e-05
1.57943 1.4382 120 315 1.33075e-05
1.58018 1.4382 120 315 1.39924e-05
1.58093 1.4382 120 315 1.46597e-05
1.58168 1.4382 120 315 1.52648e-05
1.58243 1.4382 120 315 1.57566e-05
1.58318 1.4382 120 315 1.60848e-05
1.58393 1.4382 120 315 1.62075e-05
1.58468 1.4382 120 315 1.61017e-05
1.58543 1.4382 120 315 1.57682e-05
1.58618 1.4382 120 315 1.52306e-05
1.58693 1.4382 120 315 1.45312e-05
1.58768 1.4382 120 315 1.37198e-05
1.58843 1.4382 120 315 1.28471e-05
1.58918 1.4382 120 315 1.19567e-05
1.58993 1.4382 120 315 1.10823e-05
1.59068 1.4382 120 315 1.02471e-05
1.59143 1.4382 120 315 9.46557e-06
1.59218 1.4382 120 315 8.7441e-06
1.59293 1.4382 120 315 8.0851e-06
1.59368 1.4382 120 315 7.48719e-06
1.59443 1.4382 120 315 6.94731e-06
1.59518 1.4382 120 315 6.46048e-06
1.59593 1.4382 120 315 6.02212e-06
1.59668 1.4382 120 315 5.62744e-06
1.59743 1.4382 120 315 5.27171e-06
1.59818 1.4382 120 315 4.95074e-06
1.59893 1.4382 120 315 4.6605e-06
1.59968 1.4382 120 315 4.3975e-06
1.60043 1.4382 120 315 4.15876e-06
1.60118 1.4382 120 315 3.94141e-06
1.60193 1.4382 120 315 3.74301e-06
1.60268 1.4382 120 315 3.56164e-06
1.60343 1.4382 120 315 3.39518e-06
1.60418 1.4382 120 315 3.2422e-06
1.60493 1.4382 120 315 3.10124e-06
1.60568 1.4382 120 315 2.97085e-06
1.60643 1.4382 120 315 2.85008e-06
1.60718 1.4382 120 315 2.73806e-06
1.60793 1.4382 120 315 2.63368e-06
1.60868 1.4382 120 315 2.53636e-06
1.60943 1.4382 120 315 2.44531e-06
1.61019 1.4382 120 315 2.35995e-06
1.61094 1.4382 120 315 2.27983e-06
1.61169 1.4382 120 315 2.2045e-06
1.61244 1.4382 120 315 2.13323e-06
1.61319 1.4382 120 315 2.06594e-06
1.61394 1.4382 120 315 2.00201e-06
1.61469 1.4382 120 315 1.94136e-06
1.61544 1.4382 120 315 1.88328e-06
1.61619 1.4382 120 315 1.82773e-06
1.61694 1.4382 120 315 1.77454e-06
1.61769 1.4382 120 315 1.72323e-06
1.61844 1.4382 120 315 1.67349e-06
1.61919 1.4382 120 315 1.6252e-06
1.61994 1.4382 120 315 1.57812e-06
1.62069 1.4382 120 315 1.53189e-06
1.62144 1.4382 120 315 1.48641e-06
1.62219 1.4382 120 315 1.44121e-06
1.62294 1.4382 120 315 1.39608e-06
1.62369 1.4382 120 315 1.35068e-06
1.62444 1.4382 120 315 1.30466e-06
1.62519 1.4382 120 315 1.25801e-06
1.62594 1.4382 120 315 1.20968e-06
1.62669 1.4382 120 315 1.1594e-06
1.62744 1.4382 120 315 1.10667e-06
1.62819 1.4382 120 315 1.05087e-06
1.62894 1.4382 120 315 9.91289e-07
1.62969 1.4382 120 315 9.27177e-07
1.63044 1.4382 120 315 8.57371e-07
1.63119 1.4382 120 315 7.8102e-07
1.63194 1.4382 120 315 6.96803e-07
1.63269 1.4382 120 315 6.03986e-07
1.63344 1.4382 120 315 4.99572e-07
1.63419 1.4382 120 315 3.82639e-07
1.63494 1.4382 120 315 2.5172e-07
1.63569 1.4382 120 315 1.04625e-07
1.63644 1.4382 120 315 -5.96372e-08
1.63719 1.4382 120 315 -2.41633e-07
1.63794 1.4382 120 315 -4.42311e-07
1.63869 1.4382 120 315 -6.5844e-07
1.63944 1.4382 120 315 -8.86507e-07
1.64019 1.4382 120 315 -1.11769e-06
1.64094 1.4382 120 315 -1.33905e-06
1.64169 1.4382 120 315 -1.53252e-06
1.64244 1.4382 120 315 -1.67586e-06
1.64319 1.4382 120 315 -1.74286e-06
1.64394 1.4382 120 315 -1.71172e-06
1.64469 1.4382 120 315 -1.56665e-06
1.64544 1.4382 120 315 -1.30692e-06
1.64619 1.4382 120 315 -9.47061e-07
1.64694 1.4382 120 315 -5.19912e-07
1.64769 1.4382 120 315 -7.21197e-08
1.64844 1.4382 120 315 3.6728e-07
1.64919 1.4382 120 315 7.57536e-07
1.64994 1.4382 120 315 1.07459e-06
1.65069 1.4382 120 315 1.30837e-06
1.65144 1.4382 120 315 1.45981e-06
1.65219 1.4382 120 315 1.5377e-06
1.65294 1.4382 120 315 1.55428e-06
1.65369 1.4382 120 315 1.52174e-06
1.65444 1.4382 120 315 1.45143e-06
1.65519 1.4382 120 315 1.35223e-06
1.65594 1.4382 120 315 1.23168e-06
1.65669 1.4382 120 315 1.0953e-06
1.65744 1.4382 120 315 9.45484e-07
1.65819 1.4382 120 315 7.85559e-07
1.65894 1.4382 120 315 6.1624e-07
1.65969 1.4382 120 315 4.39827e-07
1.66044 1.4382 120 315 2.58107e-07
1.66119 1.4382 120 315 7.42446e-08
1.66194 1.4382 120 315 -1.06399e-07
1.66269 1.4382 120 315 -2.75316e-07
1.66344 1.4382 120 315 -4.21515e-07
1.66419 1.4382 120 315 -5.316e-07
1.66494 1.4382 120 315 -5.88872e-07
1.66569 1.4382 120 315 -5.78294e-07
1.66644 1.4382 120 315 -4.89072e-07
1.66719 1.4382 120 315 -3.18418e-07
1.66794 1.4382 120 315 -7.51597e-08
1.66869 1.4382 120 315 2.20912e-07
1.66944 1.4382 120 315 5.42071e-07
1.6702 1.4382 120 315 8.57635e-07
1.67095 1.4382 120 315 1.14227e-06
1.6717 1.4382 120 315 1.37803e-06
1.67245 1.4382 120 315 1.55765e-06
1.6732 1.4382 120 315 1.6807e-06
1.67395 1.4382 120 315 1.75394e-06
1.6747 1.4382 120 315 1.78583e-06
1.67545 1.4382 120 315 1.78582e-06
1.6762 1.4382 120 315 1.76242e-06
1.67695 1.4382 120 315 1.72301e-06
1.6777 1.4382 120 315 1.67368e-06
1.67845 1.4382 120 315 1.61847e-06
1.6792 1.4382 120 315 1.56076e-06
1.67995 1.4382 120 315 1.50303e-06
1.6807 1.4382 120 315 1.44682e-06
1.68145 1.4382 120 315 1.3934e-06
1.6822 1.4382 120 315 1.34335e-06
1.68295 1.4382 120 315 1.29697e-06
1.6837 1.4382 120 315 1.25435e-06
1.68445 1.4382 120 315 1.21547e-06
1.6852 1.4382 120 315 1.18019e-06
1.68595 1.4382 120 315 1.15555e-06
1.6867 1.4382 120 315 1.12626e-06
1.68745 1.4382 120 315 1.09994e-06
1.6882 1.4382 120 315 1.07645e-06
1.68895 1.4382 120 315 1.05538e-06
1.6897 1.4382 120 315 1.03661e-06
1.69045 1.4382 120 315 1.01996e-06
1.6912 1.4382 120 315 1.00522e-06
1.69195 1.4382 120 315 9.92239e-07
1.6927 1.4382 120 315 9.80921e-07
1.69345 1.4382 120 315 9.71053e-07
1.6942 1.4382 120 315 9.62617e-07
1.69495 1.4382 120 315 9.55404e-07
1.6957 1.4382 120 315 9.49388e-07
1.69645 1.4382 120 315 9.44485e-07
1.6972 1.4382 120 315 9.40636e-07
1.69795 1.4382 120 315 9.37759e-07
1.6987 1.4382 120 315 9.35849e-07
1.69945 1.4382 120 315 9.34856e-07
1.7002 1.4382 120 315 9.34671e-07
1.70095 1.4382 120 315 9.35316e-07
1.7017 1.4382 120 315 9.36766e-07
1.70245 1.4382 120 315 9.39003e-07
1.7032 1.4382 120 315 9.42013e-07
1.70395 1.4382 120 315 9.45786e-07
1.7047 1.4382 120 315 9.50321e-07
1.70545 1.4382 120 315 9.55609e-07
1.7062 1.4382 120 315 9.61674e-07
1.70695 1.4382 120 315 9.6849e-07
1.7077 1.4382 120 315 9.76087e-07
1.70845 1.4382 120 315 9.84478e-07
1.7092 1.4382 120 315 9.93679e-07
1.70995 1.4382 120 315 1.00372e-06
1.7107 1.4382 120 315 1.01462e-06
1.71145 1.4382 120 315 1.0264e-06
1.7122 1.4382 120 315 1.03912e-06
1.71295 1.4382 120 315 1.05281e-06
1.7137 1.4382 120 315 1.06752e-06
1.71445 1.4382 120 315 1.0833e-06
1.7152 1.4382 120 315 1.10019e-06
1.71595 1.4382 120 315 1.1183e-06
1.7167 1.4382 120 315 1.13765e-06
1.71745 1.4382 120 315 1.15834e-06
1.7182 1.4382 120 315 1.18045e-06
1.71895 1.4382 120 315 1.20409e-06
1.7197 1.4382 120 315 1.22937e-06
1.72045 1.4382 120 315 1.25639e-06
1.7212 1.4382 120 315 1.2853e-06
1.72195 1.4382 120 315 1.31623e-06
1.7227 1.4382 120 315 1.34935e-06
1.72345 1.4382 120 315 1.38484e-06
1.7242 1.4382 120 315 1.4229e-06
1.72495 1.4382 120 315 1.46375e-06
1.7257 1.4382 120 315 1.50748e-06
1.72645 1.4382 120 315 1.55469e-06
1.7272 1.4382 120 315 1.60552e-06
1.72795 1.4382 120 315 1.66032e-06
1.7287 1.4382 120 315 1.71948e-06
1.72945 1.4382 120 315 1.78345e-06
1.73021 1.4382 120 315 1.85272e-06
1.73096 1.4382 120 315 1.92782e-06
1.73171 1.4382 120 315 2.00939e-06
1.73246 1.4382 120 315 2.09812e-06
1.73321 1.4382 120 315 2.19482e-06
1.73396 1.4382 120 315 2.30039e-06
1.73471 1.4382 120 315 2.4158e-06
1.73546 1.4382 120 315 2.54222e-06
1.73621 1.4382 120 315 2.68092e-06
1.73696 1.4382 120 315 2.83333e-06
1.73771 1.4382 120 315 3.00106e-06
1.73846 1.4382 120 315 3.18588e-06
1.73921 1.4382 120 315 3.38974e-06
1.73996 1.4382 120 315 3.61476e-06
1.74071 1.4382 120 315 3.86319e-06
1.74146 1.4382 120 315 4.13734e-06
1.74221 1.4382 120 315 4.43951e-06
1.74296 1.4382 120 315 4.77176e-06
1.74371 1.4382 120 315 5.13575e-06
1.74446 1.4382 120 315 5.53228e-06
1.74521 1.4382 120 315 5.96086e-06
1.74596 1.4382 120 315 6.41908e-06
1.74671 1.4382 120 315 6.90185e-06
1.74746 1.4382 120 315 7.40064e-06
1.74821 1.4382 120 315 7.90314e-06
1.74896 1.4382 120 315 8.39269e-06
1.74971 1.4382 120 315 8.84932e-06
1.75046 1.4382 120 315 9.25134e-06
1.75121 1.4382 120 315 9.57796e-06
1.75196 1.4382 120 315 9.81274e-06
1.75271 1.4382 120 315 9.94673e-06
1.75346 1.4382 120 315 9.98047e-06
1.75421 1.4382 120 315 9.92326e-06
1.75496 1.4382 120 315 9.79174e-06
1.75571 1.4382 120 315 9.60604e-06
1.75646 1.4382 120 315 9.38625e-06
1.75721 1.4382 120 315 9.14941e-06
1.75796 1.4382 120 315 8.90747e-06
1.75871 1.4382 120 315 8.66678e-06
1.75946 1.4382 120 315 8.42823e-06
1.76021 1.4382 120 315 8.18864e-06
1.76096 1.4382 120 315 7.94243e-06
1.76171 1.4382 120 315 7.68357e-06
1.76246 1.4382 120 315 7.40743e-06
1.76321 1.4382 120 315 7.11206e-06
1.76396 1.4382 120 315 6.79873e-06
1.76471 1.4382 120 315 6.47161e-06
1.76546 1.4382 120 315 6.13675e-06
1.76621 1.4382 120 315 5.80104e-06
1.76696 1.4382 120 315 5.47111e-06
1.76771 1.4382 120 315 5.15263e-06
1.76846 1.4382 120 315 4.84976e-06
1.76921 1.4382 120 315 4.5654e-06
1.76996 1.4382 120 315 4.30111e-06
1.77071 1.4382 120 315 4.05745e-06
1.77146 1.4382 120 315 3.83416e-06
1.77221 1.4382 120 315 3.63049e-06
1.77296 1.4382 120 315 3.44536e-06
1.77371 1.4382 120 315 3.27747e-06
1.77446 1.4382 120 315 3.1255e-06
1.77521 1.4382 120 315 2.98809e-06
1.77596 1.4382 120 315 2.86396e-06
1.77671 1.4382 120 315 2.7519e-06
1.77746 1.4382 120 315 2.65079e-06
1.77821 1.4382 120 315 2.5596e-06
1.77896 1.4382 120 315 2.47742e-06
1.77971 1.4382 120 315 2.4034e-06
1.78046 1.4382 120 315 2.3368e-06
1.78121 1.4382 120 315 2.27696e-06
1.78196 1.4382 120 315 2.22329e-06
1.78271 1.4382 120 315 2.17527e-06
1.78346 1.4382 120 315 2.13242e-06
1.78421 1.4382 120 315 2.09434e-06
1.78496 1.4382 120 315 2.06067e-06
1.78571 1.4382 120 315 2.03106e-06
1.78646 1.4382 120 315 2.00526e-06
1.78721 1.4382 120 315 1.983e-06
1.78796 1.4382 120 315 1.96406e-06
1.78871 1.4382 120 315 1.94826e-06
1.78946 1.4382 120 315 1.9354e-06
1.79022 1.4382 120 315 1.92535e-06
1.79097 1.4382 120 315 1.91798e-06
1.79172 1.4382 120 315 1.91318e-06
1.79247 1.4382 120 315 1.91084e-06
1.79322 1.4382 120 315 1.9109e-06
1.79397 1.4382 120 315 1.91328e-06
1.79472 1.4382 120 315 1.91793e-06
1.79547 1.4382 120 315 1.92481e-06
1.79622 1.4382 120 315 1.93389e-06
1.79697 1.4382 120 315 1.94513e-06
1.79772 1.4382 120 315 1.95855e-06
1.79847 1.4382 120 315 1.97416e-06
1.79922 1.4382 120 315 1.99197e-06
1.79997 1.4382 120 315 2.01198e-06
1.80072 1.4382 120 315 2.03422e-06
1.80147 1.4382 120 315 2.05875e-06
1.80222 1.4382 120 315 2.08563e-06
1.80297 1.4382 120 315 2.1149e-06
1.80372 1.4382 120 315 2.14665e-06
1.80447 1.4382 120 315 2.18095e-06
1.80522 1.4382 120 315 2.2179e-06
1.80597 1.4382 120 315 2.25761e-06
1.80672 1.4382 120 315 2.30021e-06
1.80747 1.4382 120 315 2.3458e-06
1.80822 1.4382 120 315 2.39459e-06
1.80897 1.4382 120 315 2.44671e-06
1.80972 1.4382 120 315 2.50236e-06
1.81047 1.4382 120 315 2.56173e-06
1.81122 1.4382 120 315 2.62506e-06
1.81197 1.4382 120 315 2.69275e-06
1.81272 1.4382 120 315 2.76474e-06
1.81347 1.4382 120 315 2.84152e-06
1.81422 1.4382 120 315 2.9234e-06
1.81497 1.4382 120 315 3.01078e-06
1.81572 1.4382 120 315 3.10405e-06
1.81647 1.4382 120 315 3.20364e-06
1.81722 1.4382 120 315 3.31004e-06
1.81797 1.4382 120 315 3.42385e-06
1.81872 1.4382 120 315 3.54564e-06
1.81947 1.4382 120 315 3.67611e-06
1.82022 1.4382 120 315 3.81599e-06
1.82097 1.4382 120 315 3.96613e-06
1.82172 1.4382 120 315 4.12747e-06
1.82247 1.4382 120 315 4.30101e-06
1.82322 1.4382 120 315 4.48797e-06
1.82397 1.4382 120 315 4.68956e-06
1.82472 1.4382 120 315 4.90727e-06
1.82547 1.4382 120 315 5.14273e-06
1.82622 1.4382 120 315 5.39694e-06
1.82697 1.4382 120 315 5.67357e-06
1.82772 1.4382 120 315 5.9741e-06
1.82847 1.4382 120 315 6.30117e-06
1.82922 1.4382 120 315 6.65762e-06
1.82997 1.4382 120 315 7.04686e-06
1.83072 1.4382 120 315 7.47252e-06
1.83147 1.4382 120 315 7.93884e-06
1.83222 1.4382 120 315 8.45042e-06
1.83297 1.4382 120 315 9.01254e-06
1.83372 1.4382 120 315 9.63089e-06
1.83447 1.4382 120 315 1.03121e-05
1.83522 1.4382 120 315 1.1063e-05
1.83597 1.4382 120 315 1.1891e-05
1.83672 1.4382 120 315 1.28046e-05
1.83747 1.4382 120 315 1.38116e-05
1.83822 1.4382 120 315 1.49199e-05
1.83897 1.4382 120 315 1.61368e-05
1.83972 1.4382 120 315 1.74676e-05
1.84047 1.4382 120 315 1.89144e-05
1.84122 1.4382 120 315 2.04747e-05
1.84197 1.4382 120 315 2.21389e-05
1.84272 1.4382 120 315 2.38871e-05
1.84347 1.4382 120 315 2.56876e-05
1.84422 1.4382 120 315 2.74927e-05
1.84497 1.4382 120 315 2.92388e-05
1.84572 1.4382 120 315 3.08478e-05
1.84647 1.4382 120 315 3.22321e-05
1.84722 1.4382 120 315 3.33039e-05
1.84797 1.4382 120 315 3.39878e-05
1.84872 1.4382 120 315 3.42339e-05
1.84947 1.4382 120 315 3.40264e-05
1.85023 1.4382 120 315 3.33881e-05
1.85098 1.4382 120 315 3.23735e-05
1.85173 1.4382 120 315 3.10605e-05
1.85248 1.4382 120 315 2.95349e-05
1.85323 1.4382 120 315 2.78805e-05
1.85398 1.4382 120 315 2.617e-05
1.85473 1.4382 120 315 2.44619e-05
1.85548 1.4382 120 315 2.27997e-05
1.85623 1.4382 120 315 2.12138e-05
1.85698 1.4382 120 315 1.97233e-05
1.85773 1.4382 120 315 1.83386e-05
1.85848 1.4382 120 315 1.70638e-05
1.85923 1.4382 120 315 1.58984e-05
1.85998 1.4382 120 315 1.48389e-05
1.86073 1.4382 120 315 1.38798e-05
1.86148 1.4382 120 315 1.30147e-05
1.86223 1.4382 120 315 1.22364e-05
1.86298 1.4382 120 315 1.1538e-05
1.86373 1.4382 120 315 1.09126e-05
1.86448 1.4382 120 315 1.03539e-05
1.86523 1.4382 120 315 9.856e-06
1.86598 1.4382 120 315 9.41348e-06
1.86673 1.4382 120 315 9.02153e-06
1.86748 1.4382 120 315 8.67591e-06
1.86823 1.4382 120 315 8.37282e-06
1.86898 1.4382 120 315 8.10894e-06
1.86973 1.4382 120 315 7.88146e-06
1.87048 1.4382 120 315 7.68792e-06
1.87123 1.4382 120 315 7.5263e-06
1.87198 1.4382 120 315 7.3949e-06
1.87273 1.4382 120 315 7.29237e-06
1.87348 1.4382 120 315 7.21766e-06
1.87423 1.4382 120 315 7.17001e-06
1.87498 1.4382 120 315 7.14897e-06
1.87573 1.4382 120 315 7.15433e-06
1.87648 1.4382 120 315 7.18623e-06
1.87723 1.4382 120 315 7.24503e-06
1.87798 1.4382 120 315 7.33137e-06
1.87873 1.4382 120 315 7.44622e-06
1.87948 1.4382 120 315 7.59082e-06
1.88023 1.4382 120 315 7.76677e-06
1.88098 1.4382 120 315 7.97595e-06
1.88173 1.4382 120 315 8.22075e-06
1.88248 1.4382 120 315 8.50383e-06
1.88323 1.4382 120 315 8.82832e-06
1.88398 1.4382 120 315 9.19778e-06
1.88473 1.4382 120 315 9.6162e-06
1.88548 1.4382 120 315 1.00883e-05
1.88623 1.4382 120 315 1.0619e-05
1.88698 1.4382 120 315 1.12139e-05
1.88773 1.4382 120 315 1.18788e-05
1.88848 1.4382 120 315 1.26197e-05
1.88923 1.4382 120 315 1.34427e-05
1.88998 1.4382 120 315 1.43535e-05
1.89073 1.4382 120 315 1.53566e-05
1.89148 1.4382 120 315 1.64548e-05
1.89223 1.4382 120 315 1.76478e-05
1.89298 1.4382 120 315 1.89309e-05
1.89373 1.4382 120 315 2.0293e-05
1.89448 1.4382 120 315 2.17149e-05
1.89523 1.4382 120 315 2.31667e-05
1.89598 1.4382 120 315 2.46069e-05
1.89673 1.4382 120 315 2.5982e-05
1.89748 1.4382 120 315 2.72283e-05
1.89823 1.4382 120 315 2.82764e-05
1.89898 1.4382 120 315 2.90594e-05
1.89973 1.4382 120 315 2.95212e-05
1.90048 1.4382 120 315 2.96262e-05
1.90123 1.4382 120 315 2.9366e-05
1.90198 1.4382 120 315 2.87605e-05
1.90273 1.4382 120 315 2.78543e-05
1.90348 1.4382 120 315 2.67097e-05
1.90423 1.4382 120 315 2.53964e-05
1.90498 1.4382 120 315 2.39827e-05
1.90573 1.4382 120 315 2.25644e-05
1.90648 1.4382 120 315 2.11183e-05
1.90723 1.4382 120 315 1.97118e-05
1.90798 1.4382 120 315 1.83853e-05
1.90873 1.4382 120 315 1.71474e-05
1.90948 1.4382 120 315 1.60055e-05
1.91024 1.4382 120 315 1.49604e-05
1.91099 1.4382 120 315 1.40096e-05
1.91174 1.4382 120 315 1.31463e-05
1.91249 1.4382 120 315 1.23618e-05
1.91324 1.4382 120 315 1.16461e-05
1.91399 1.4382 120 315 1.09886e-05
1.91474 1.4382 120 315 1.03791e-05
1.91549 1.4382 120 315 9.8088e-06
1.91624 1.4382 120 315 9.27098e-06
1.91699 1.4382 120 315 8.76043e-06
1.91774 1.4382 120 315 8.27453e-06
1.91849 1.4382 120 315 7.81236e-06
1.91924 1.4382 120 315 7.37392e-06
1.91999 1.4382 120 315 6.95972e-06
1.92074 1.4382 120 315 6.57003e-06
1.92149 1.4382 120 315 6.20502e-06
1.92224 1.4382 120 315 5.86442e-06
1.92299 1.4382 120 315 5.54743e-06
1.92374 1.4382 120 315 5.25302e-06
1.92449 1.4382 120 315 4.97965e-06
1.92524 1.4382 120 315 4.72604e-06
1.92599 1.4382 120 315 4.49077e-06
1.92674 1.4382 120 315 4.27213e-06
1.92749 1.4382 120 315 4.06871e-06
1.92824 1.4382 120 315 3.87919e-06
1.92899 1.4382 120 315 3.70221e-06
1.92974 1.4382 120 315 3.53672e-06
1.93049 1.4382 120 315 3.38124e-06
1.93124 1.4382 120 315 3.23482e-06
1.93199 1.4382 120 315 3.09652e-06
1.93274 1.4382 120 315 2.96534e-06
1.93349 1.4382 120 315 2.84036e-06
1.93424 1.4382 120 315 2.72089e-06
1.93499 1.4382 120 315 2.60605e-06
1.93574 1.4382 120 315 2.49507e-06
1.93649 1.4382 120 315 2.38747e-06
1.93724 1.4382 120 315 2.28195e-06
1.93799 1.4382 120 315 2.17803e-06
1.93874 1.4382 120 315 2.07494e-06
1.93949 1.4382 120 315 1.97193e-06
1.94024 1.4382 120 315 1.86822e-06
1.94099 1.4382 120 315 1.76333e-06
1.94174 1.4382 120 315 1.65595e-06
1.94249 1.4382 120 315 1.54569e-06
1.94324 1.4382 120 315 1.43193e-06
1.94399 1.4382 120 315 1.31381e-06
1.94474 1.4382 120 315 1.19132e-06
1.94549 1.4382 120 315 1.06449e-06
1.94624 1.4382 120 315 9.33888e-07
1.94699 1.4382 120 315 8.0143e-07
1.94774 1.4382 120 315 6.68085e-07
1.94849 1.4382 120 315 5.39143e-07
1.94924 1.4382 120 315 4.1734e-07
1.94999 1.4382 120 315 3.10144e-07
1.95074 1.4382 120 315 2.25363e-07
1.95149 1.4382 120 315 1.71664e-07
1.95224 1.4382 120 315 1.57727e-07
1.95299 1.4382 120 315 1.90469e-07
1.95374 1.4382 120 315 2.73237e-07
1.95449 1.4382 120 315 4.05538e-07
1.95524 1.4382 120 315 5.81016e-07
1.95599 1.4382 120 315 7.87811e-07
1.95674 1.4382 120 315 1.01132e-06
1.95749 1.4382 120 315 1.23589e-06
1.95824 1.4382 120 315 1.44616e-06
1.95899 1.4382 120 315 1.63176e-06
1.95974 1.4382 120 315 1.78527e-06
1.96049 1.4382 120 315 1.90489e-06
1.96124 1.4382 120 315 1.99104e-06
1.96199 1.4382 120 315 2.04823e-06
1.96274 1.4382 120 315 2.0809e-06
1.96349 1.4382 120 315 2.09418e-06
1.96424 1.4382 120 315 2.09302e-06
1.96499 1.4382 120 315 2.08181e-06
1.96574 1.4382 120 315 2.06419e-06
1.96649 1.4382 120 315 2.04309e-06
1.96724 1.4382 120 315 2.02072e-06
1.96799 1.4382 120 315 1.99889e-06
1.96874 1.4382 120 315 1.9788e-06
1.96949 1.4382 120 315 1.96141e-06
1.97025 1.4382 120 315 1.94724e-06
1.971 1.4382 120 315 1.93687e-06
1.97175 1.4382 120 315 1.93059e-06
1.9725 1.4382 120 315 1.92865e-06
1.97325 1.4382 120 315 1.93125e-06
1.974 1.4382 120 315 1.93855e-06
1.97475 1.4382 120 315 1.95072e-06
1.9755 1.4382 120 315 1.96794e-06
1.97625 1.4382 120 315 1.99039e-06
1.977 1.4382 120 315 2.0183e-06
1.97775 1.4382 120 315 2.05195e-06
1.9785 1.4382 120 315 2.09159e-06
1.97925 1.4382 120 315 2.13769e-06
1.98 1.4382 120 315 2.19057e-06
1.98075 1.4382 120 315 2.25083e-06
1.9815 1.4382 120 315 2.31902e-06
1.98225 1.4382 120 315 2.39568e-06
1.983 1.4382 120 315 2.48162e-06
1.98375 1.4382 120 315 2.57762e-06
1.9845 1.4382 120 315 2.68459e-06
1.98525 1.4382 120 315 2.80352e-06
1.986 1.4382 120 315 2.93547e-06
1.98675 1.4382 120 315 3.08156e-06
1.9875 1.4382 120 315 3.24303e-06
1.98825 1.4382 120 315 3.42103e-06
1.989 1.4382 120 315 3.61674e-06
1.98975 1.4382 120 315 3.83112e-06
1.9905 1.4382 120 315 4.06495e-06
1.99125 1.4382 120 315 4.31851e-06
1.992 1.4382 120 315 4.59136e-06
1.99275 1.4382 120 315 4.87841e-06
1.9935 1.4382 120 315 5.18475e-06
1.99425 1.4382 120 315 5.50262e-06
1.995 1.4382 120 315 5.82614e-06
1.99575 1.4382 120 315 6.14737e-06
1.9965 1.4382 120 315 6.45616e-06
1.99725 1.4382 120 315 6.74073e-06
1.998 1.4382 120 315 6.98817e-06
1.99875 1.4382 120 315 7.18538e-06
1.9995 1.4382 120 315 7.32096e-06
2.00025 1.4382 120 315 7.38585e-06
2.001 1.4382 120 315 7.375e-06
2.00175 1.4382 120 315 7.28814e-06
2.0025 1.4382 120 315 7.1294e-06
2.00325 1.4382 120 315 6.90765e-06
2.004 1.4382 120 315 6.63396e-06
2.00475 1.4382 120 315 6.32123e-06
2.0055 1.4382 120 315 5.9823e-06
2.00625 1.4382 120 315 5.629e-06
2.007 1.4382 120 315 5.27129e-06
2.00775 1.4382 120 315 4.91693e-06
2.0085 1.4382 120 315 4.57175e-06
2.00925 1.4382 120 315 4.23958e-06
2.01 1.4382 120 315 3.92283e-06
2.01075 1.4382 120 315 3.62225e-06
2.0115 1.4382 120 315 3.338e-06
2.01225 1.4382 120 315 3.06987e-06
2.013 1.4382 120 315 2.8171e-06
2.01375 1.4382 120 315 2.57992e-06
2.0145 1.4382 120 315 2.35562e-06
2.01525 1.4382 120 315 2.14529e-06
2.016 1.4382 120 315 1.94893e-06
2.01675 1.4382 120 315 1.76784e-06
2.0175 1.4382 120 315 1.60384e-06
2.01825 1.4382 120 315 1.46009e-06
2.019 1.4382 120 315 1.33975e-06
2.01975 1.4382 120 315 1.24742e-06
2.0205 1.4382 120 315 1.18705e-06
2.02125 1.4382 120 315 1.1628e-06
2.022 1.4382 120 315 1.1763e-06
2.02275 1.4382 120 315 1.22691e-06
2.0235 1.4382 120 315 1.3108e-06
2.02425 1.4382 120 315 1.42093e-06
2.025 1.4382 120 315 1.54766e-06
2.02575 1.4382 120 315 1.67999e-06
2.0265 1.4382 120 315 1.80711e-06
2.02725 1.4382 120 315 1.91975e-06
2.028 1.4382 120 315 2.0112e-06
2.02875 1.4382 120 315 2.07767e-06
2.0295 1.4382 120 315 2.1181e-06
2.03026 1.4382 120 315 2.13365e-06
2.03101 1.4382 120 315 2.12714e-06
2.03176 1.4382 120 315 2.10204e-06
2.03251 1.4382 120 315 2.06229e-06
2.03326 1.4382 120 315 2.01171e-06
2.03401 1.4382 120 315 1.95366e-06
2.03476 1.4382 120 315 1.89099e-06
2.03551 1.4382 120 315 1.82612e-06
2.03626 1.4382 120 315 1.76082e-06
2.03701 1.4382 120 315 1.69654e-06
2.03776 1.4382 120 315 1.6341e-06
2.03851 1.4382 120 315 1.57422e-06
2.03926 1.4382 120 315 1.51728e-06
2.04001 1.4382 120 315 1.46349e-06
2.04076 1.4382 120 315 1.41292e-06
2.04151 1.4382 120 315 1.36555e-06
2.04226 1.4382 120 315 1.32133e-06
2.04301 1.4382 120 315 1.28006e-06
2.04376 1.4382 120 315 1.2416e-06
2.04451 1.4382 120 315 1.2058e-06
2.04526 1.4382 120 315 1.17247e-06
2.04601 1.4382 120 315 1.14147e-06
2.04676 1.4382 120 315 1.11258e-06
2.04751 1.4382 120 315 1.08567e-06
2.04826 1.4382 120 315 1.06062e-06
2.04901 1.4382 120 315 1.03723e-06
2.04976 1.4382 120 315 1.01539e-06
2.05051 1.4382 120 315 9.94994e-07
2.05126 1.4382 120 315 9.75931e-07
2.05201 1.4382 120 315 9.58079e-07
2.05276 1.4382 120 315 9.41344e-07
2.05351 1.4382 120 315 9.25657e-07
2.05426 1.4382 120 315 9.10927e-07
2.05501 1.4382 120 315 8.9708e-07
2.05576 1.4382 120 315 8.84047e-07
2.05651 1.4382 120 315 8.71771e-07
2.05726 1.4382 120 315 8.60167e-07
2.05801 1.4382 120 315 8.49205e-07
2.05876 1.4382 120 315 8.38833e-07
2.05951 1.4382 120 315 8.28981e-07
2.06026 1.4382 120 315 8.19609e-07
2.06101 1.4382 120 315 8.10672e-07
2.06176 1.4382 120 315 8.02127e-07
2.06251 1.4382 120 315 7.93908e-07
2.06326 1.4382 120 315 7.86004e-07
2.06401 1.4382 120 315 7.78354e-07
2.06476 1.4382 120 315 7.70914e-07
2.06551 1.4382 120 315 7.63635e-07
2.06626 1.4382 120 315 7.56512e-07
2.06701 1.4382 120 315 7.4941e-07
2.06776 1.4382 120 315 7.42314e-07
2.06851 1.4382 120 315 7.35191e-07
2.06926 1.4382 120 315 7.27921e-07
2.07001 1.4382 120 315 7.20504e-07
2.07076 1.4382 120 315 7.12786e-07
2.07151 1.4382 120 315 7.04715e-07
2.07226 1.4382 120 315 6.96197e-07
2.07301 1.4382 120 315 6.87166e-07
2.07376 1.4382 120 315 6.77428e-07
2.07451 1.4382 120 315 6.66943e-07
2.07526 1.4382 120 315 6.55443e-07
2.07601 1.4382 120 315 6.42868e-07
2.07676 1.4382 120 315 6.29028e-07
2.07751 1.4382 120 315 6.13744e-07
2.07826 1.4382 120 315 5.96834e-07
2.07901 1.4382 120 315 5.78117e-07
2.07976 1.4382 120 315 5.57425e-07
2.08051 1.4382 120 315 5.34625e-07
2.08126 1.4382 120 315 5.09638e-07
2.08201 1.4382 120 315 4.82503e-07
2.08276 1.4382 120 315 4.53316e-07
2.08351 1.4382 120 315 4.22449e-07
2.08426 1.4382 120 315 3.90508e-07
2.08501 1.4382 120 315 3.58552e-07
2.08576 1.4382 120 315 3.27648e-07
2.08651 1.4382 120 315 2.99693e-07
2.08726 1.4382 120 315 2.77737e-07
2.08801 1.4382 120 315 2.62579e-07
2.08876 1.4382 120 315 2.57513e-07
2.08951 1.4382 120 315 2.64981e-07
2.09027 1.4382 120 315 2.86694e-07
2.09102 1.4382 120 315 3.23314e-07
2.09177 1.4382 120 315 3.74122e-07
2.09252 1.4382 120 315 4.36827e-07
2.09327 1.4382 120 315 5.08224e-07
2.09402 1.4382 120 315 5.83992e-07
2.09477 1.4382 120 315 6.60218e-07
2.09552 1.4382 120 315 7.32848e-07
2.09627 1.4382 120 315 7.9894e-07
2.09702 1.4382 120 315 8.5665e-07
2.09777 1.4382 120 315 9.05145e-07
2.09852 1.4382 120 315 9.44502e-07
2.09927 1.4382 120 315 9.75437e-07
2.10002 1.4382 120 315 9.99032e-07
2.10077 1.4382 120 315 1.01654e-06
2.10152 1.4382 120 315 1.02919e-06
2.10227 1.4382 120 315 1.03818e-06
2.10302 1.4382 120 315 1.04449e-06
2.10377 1.4382 120 315 1.04899e-06
2.10452 1.4382 120 315 1.05231e-06
2.10527 1.4382 120 315 1.05507e-06
2.10602 1.4382 120 315 1.05762e-06
2.10677 1.4382 120 315 1.06036e-06
2.10752 1.4382 120 315 1.06347e-06
2.10827 1.4382 120 315 1.06712e-06
2.10902 1.4382 120 315 1.0714e-06
2.10977 1.4382 120 315 1.07647e-06
2.11052 1.4382 120 315 1.08236e-06
2.11127 1.4382 120 315 1.08911e-06
2.11202 1.4382 120 315 1.09674e-06
2.11277 1.4382 120 315 1.10527e-06
2.11352 1.4382 120 315 1.11473e-06
2.11427 1.4382 120 315 1.12512e-06
2.11502 1.4382 120 315 1.13643e-06
2.11577 1.4382 120 315 1.14868e-06
2.11652 1.4382 120 315 1.16188e-06
2.11727 1.4382 120 315 1.17603e-06
2.11802 1.4382 120 315 1.19115e-06
2.11877 1.4382 120 315 1.20727e-06
2.11952 1.4382 120 315 1.2244e-06
2.12027 1.4382 120 315 1.24257e-06
2.12102 1.4382 120 315 1.26179e-06
2.12177 1.4382 120 315 1.2821e-06
2.12252 1.4382 120 315 1.30354e-06
2.12327 1.4382 120 315 1.32615e-06
2.12402 1.4382 120 315 1.34997e-06
2.12477 1.4382 120 315 1.37505e-06
2.12552 1.4382 120 315 1.40145e-06
2.12627 1.4382 120 315 1.42924e-06
2.12702 1.4382 120 315 1.45848e-06
2.12777 1.4382 120 315 1.48928e-06
2.12852 1.4382 120 315 1.52172e-06
2.12927 1.4382 120 315 1.5559e-06
2.13002 1.4382 120 315 1.59196e-06
2.13077 1.4382 120 315 1.63e-06
2.13152 1.4382 120 315 1.66923e-06
2.13227 1.4382 120 315 1.71172e-06
2.13302 1.4382 120 315 1.75671e-06
2.13377 1.4382 120 315 1.8044e-06
2.13452 1.4382 120 315 1.85494e-06
2.13527 1.4382 120 315 1.90849e-06
2.13602 1.4382 120 315 1.96518e-06
2.13677 1.4382 120 315 2.02509e-06
2.13752 1.4382 120 315 2.08827e-06
2.13827 1.4382 120 315 2.15475e-06
2.13902 1.4382 120 315 2.22453e-06
2.13977 1.4382 120 315 2.29765e-06
2.14052 1.4382 120 315 2.3742e-06
2.14127 1.4382 120 315 2.45436e-06
2.14202 1.4382 120 315 2.53837e-06
2.14277 1.4382 120 315 2.62658e-06
2.14352 1.4382 120 315 2.71945e-06
2.14427 1.4382 120 315 2.81745e-06
2.14502 1.4382 120 315 2.92112e-06
2.14577 1.4382 120 315 3.03098e-06
2.14652 1.4382 120 315 3.1476e-06
2.14727 1.4382 120 315 3.2715e-06
2.14802 1.4382 120 315 3.40316e-06
2.14877 1.4382 120 315 3.54305e-06
2.14952 1.4382 120 315 3.69151e-06
2.15028 1.4382 120 315 3.84892e-06
2.15103 1.4382 120 315 4.01547e-06
2.15178 1.4382 120 315 4.19151e-06
2.15253 1.4382 120 315 4.37728e-06
2.15328 1.4382 120 315 4.57303e-06
2.15403 1.4382 120 315 4.77916e-06
2.15478 1.4382 120 315 4.99632e-06
2.15553 1.4382 120 315 5.22537e-06
2.15628 1.4382 120 315 5.46761e-06
2.15703 1.4382 120 315 5.7246e-06
2.15778 1.4382 120 315 5.99856e-06
2.15853 1.4382 120 315 6.292e-06
2.15928 1.4382 120 315 6.60782e-06
2.16003 1.4382 120 315 6.94921e-06
2.16078 1.4382 120 315 7.31959e-06
2.16153 1.4382 120 315 7.72254e-06
2.16228 1.4382 120 315 8.16168e-06
2.16303 1.4382 120 315 8.6406e-06
2.16378 1.4382 120 315 9.16267e-06
2.16453 1.4382 120 315 9.73132e-06
2.16528 1.4382 120 315 1.03491e-05
2.16603 1.4382 120 315 1.10181e-05
2.16678 1.4382 120 315 1.17392e-05
2.16753 1.4382 120 315 1.2512e-05
2.16828 1.4382 120 315 1.33338e-05
2.16903 1.4382 120 315 1.41993e-05
2.16978 1.4382 120 315 1.50996e-05
2.17053 1.4382 120 315 1.60215e-05
2.17128 1.4382 120 315 1.69475e-05
2.17203 1.4382 120 315 1.78548e-05
2.17278 1.4382 120 315 1.87157e-05
2.17353 1.4382 120 315 1.94988e-05
2.17428 1.4382 120 315 2.01709e-05
2.17503 1.4382 120 315 2.06997e-05
2.17578 1.4382 120 315 2.10574e-05
2.17653 1.4382 120 315 2.1224e-05
2.17728 1.4382 120 315 2.11902e-05
2.17803 1.4382 120 315 2.09583e-05
2.17878 1.4382 120 315 2.05422e-05
2.17953 1.4382 120 315 1.9965e-05
2.18028 1.4382 120 315 1.92568e-05
2.18103 1.4382 120 315 1.84506e-05
2.18178 1.4382 120 315 1.75792e-05
2.18253 1.4382 120 315 1.66726e-05
2.18328 1.4382 120 315 1.57565e-05
2.18403 1.4382 120 315 1.48518e-05
2.18478 1.4382 120 315 1.39743e-05
2.18553 1.4382 120 315 1.31352e-05
2.18628 1.4382 120 315 1.23419e-05
2.18703 1.4382 120 315 1.15985e-05
2.18778 1.4382 120 315 1.09067e-05
2.18853 1.4382 120 315 1.02667e-05
2.18928 1.4382 120 315 9.67704e-06
2.19003 1.4382 120 315 9.13564e-06
2.19078 1.4382 120 315 8.63994e-06
2.19153 1.4382 120 315 8.18951e-06
2.19228 1.4382 120 315 7.77623e-06
2.19303 1.4382 120 315 7.39994e-06
2.19378 1.4382 120 315 7.05779e-06
2.19453 1.4382 120 315 6.74711e-06
2.19528 1.4382 120 315 6.46552e-06
2.19603 1.4382 120 315 6.21051e-06
2.19678 1.4382 120 315 5.9802e-06
2.19753 1.4382 120 315 5.77246e-06
2.19828 1.4382 120 315 5.5857e-06
2.19903 1.4382 120 315 5.41836e-06
2.19978 1.4382 120 315 5.26912e-06
2.20053 1.4382 120 315 5.13671e-06
2.20128 1.4382 120 315 5.02004e-06
2.20203 1.4382 120 315 4.91818e-06
2.20278 1.4382 120 315 4.83032e-06
2.20353 1.4382 120 315 4.75577e-06
2.20428 1.4382 120 315 4.69391e-06
2.20503 1.4382 120 315 4.64422e-06
2.20578 1.4382 120 315 4.60632e-06
2.20653 1.4382 120 315 4.57985e-06
2.20728 1.4382 120 315 4.56461e-06
2.20803 1.4382 120 315 4.56043e-06
2.20878 1.4382 120 315 4.56724e-06
2.20953 1.4382 120 315 4.58504e-06
2.21029 1.4382 120 315 4.61391e-06
2.21104 1.4382 120 315 4.65403e-06
2.21179 1.4382 120 315 4.70556e-06
2.21254 1.4382 120 315 4.7689e-06
2.21329 1.4382 120 315 4.84443e-06
2.21404 1.4382 120 315 4.93266e-06
2.21479 1.4382 120 315 5.03414e-06
2.21554 1.4382 120 315 5.14962e-06
2.21629 1.4382 120 315 5.27987e-06
2.21704 1.4382 120 315 5.42581e-06
2.21779 1.4382 120 315 5.58848e-06
2.21854 1.4382 120 315 5.76907e-06
2.21929 1.4382 120 315 5.96891e-06
2.22004 1.4382 120 315 6.18947e-06
2.22079 1.4382 120 315 6.43241e-06
2.22154 1.4382 120 315 6.69956e-06
2.22229 1.4382 120 315 6.99293e-06
2.22304 1.4382 120 315 7.31475e-06
2.22379 1.4382 120 315 7.66741e-06
2.22454 1.4382 120 315 8.05356e-06
2.22529 1.4382 120 315 8.47591e-06
2.22604 1.4382 120 315 8.93733e-06
2.22679 1.4382 120 315 9.44102e-06
2.22754 1.4382 120 315 9.98993e-06
2.22829 1.4382 120 315 1.0587e-05
2.22904 1.4382 120 315 1.12349e-05
2.22979 1.4382 120 315 1.19358e-05
2.23054 1.4382 120 315 1.26912e-05
2.23129 1.4382 120 315 1.35011e-05
2.23204 1.4382 120 315 1.43641e-05
2.23279 1.4382 120 315 1.5276e-05
2.23354 1.4382 120 315 1.62303e-05
2.23429 1.4382 120 315 1.7216e-05
2.23504 1.4382 120 315 1.8218e-05
2.23579 1.4382 120 315 1.92161e-05
2.23654 1.4382 120 315 2.0185e-05
2.23729 1.4382 120 315 2.1095e-05
2.23804 1.4382 120 315 2.19127e-05
2.23879 1.4382 120 315 2.26034e-05
2.23954 1.4382 120 315 2.31347e-05
2.24029 1.4382 120 315 2.34785e-05
2.24104 1.4382 120 315 2.36156e-05
2.24179 1.4382 120 315 2.35378e-05
2.24254 1.4382 120 315 2.32495e-05
2.24329 1.4382 120 315 2.27653e-05
2.24404 1.4382 120 315 2.2111e-05
2.24479 1.4382 120 315 2.1318e-05
2.24554 1.4382 120 315 2.04211e-05
2.24629 1.4382 120 315 1.94543e-05
2.24704 1.4382 120 315 1.84486e-05
2.24779 1.4382 120 315 1.74308e-05
2.24854 1.4382 120 315 1.6422e-05
2.24929 1.4382 120 315 1.54385e-05
2.25004 1.4382 120 315 1.44916e-05
2.25079 1.4382 120 315 1.35889e-05
2.25154 1.4382 120 315 1.27345e-05
2.25229 1.4382 120 315 1.19307e-05
2.25304 1.4382 120 315 1.11773e-05
2.25379 1.4382 120 315 1.04736e-05
2.25454 1.4382 120 315 9.81783e-06
2.25529 1.4382 120 315 9.20775e-06
2.25604 1.4382 120 315 8.6407e-06
2.25679 1.4382 120 315 8.11378e-06
2.25754 1.4382 120 315 7.62412e-06
2.25829 1.4382 120 315 7.16897e-06
2.25904 1.4382 120 315 6.7454e-06
2.25979 1.4382 120 315 6.35035e-06
2.26054 1.4382 120 315 5.98151e-06
2.26129 1.4382 120 315 5.63638e-06
2.26204 1.4382 120 315 5.31256e-06
2.26279 1.4382 120 315 5.008e-06
2.26354 1.4382 120 315 4.7205e-06
2.26429 1.4382 120 315 4.44831e-06
2.26504 1.4382 120 315 4.19275e-06
2.26579 1.4382 120 315 3.94617e-06
2.26654 1.4382 120 315 3.71053e-06
2.26729 1.4382 120 315 3.48465e-06
2.26804 1.4382 120 315 3.26792e-06
2.26879 1.4382 120 315 3.05998e-06
2.26954 1.4382 120 315 2.86089e-06
2.2703 1.4382 120 315 2.6712e-06
2.27105 1.4382 120 315 2.49186e-06
2.2718 1.4382 120 315 2.32488e-06
2.27255 1.4382 120 315 2.1725e-06
2.2733 1.4382 120 315 2.03754e-06
2.27405 1.4382 120 315 1.92322e-06
2.2748 1.4382 120 315 1.8328e-06
2.27555 1.4382 120 315 1.76914e-06
2.2763 1.4382 120 315 1.7338e-06
2.27705 1.4382 120 315 1.72804e-06
2.2778 1.4382 120 315 1.75032e-06
2.27855 1.4382 120 315 1.79728e-06
2.2793 1.4382 120 315 1.86378e-06
2.28005 1.4382 120 315 1.9434e-06
2.2808 1.4382 120 315 2.02911e-06
2.28155 1.4382 120 315 2.11418e-06
2.2823 1.4382 120 315 2.19289e-06
2.28305 1.4382 120 315 2.26099e-06
2.2838 1.4382 120 315 2.31593e-06
2.28455 1.4382 120 315 2.35676e-06
2.2853 1.4382 120 315 2.38384e-06
2.28605 1.4382 120 315 2.39851e-06
2.2868 1.4382 120 315 2.40268e-06
2.28755 1.4382 120 315 2.39854e-06
2.2883 1.4382 120 315 2.38821e-06
2.28905 1.4382 120 315 2.37401e-06
2.2898 1.4382 120 315 2.35769e-06
2.29055 1.4382 120 315 2.34088e-06
2.2913 1.4382 120 315 2.32495e-06
2.29205 1.4382 120 315 2.31105e-06
2.2928 1.4382 120 315 2.29993e-06
2.29355 1.4382 120 315 2.29243e-06
2.2943 1.4382 120 315 2.2891e-06
2.29505 1.4382 120 315 2.29035e-06
2.2958 1.4382 120 315 2.2965e-06
2.29655 1.4382 120 315 2.30773e-06
2.2973 1.4382 120 315 2.32414e-06
2.29805 1.4382 120 315 2.34568e-06
2.2988 1.4382 120 315 2.37217e-06
2.29955 1.4382 120 315 2.40328e-06
2.3003 1.4382 120 315 2.43847e-06
2.30105 1.4382 120 315 2.477e-06
2.3018 1.4382 120 315 2.51783e-06
2.30255 1.4382 120 315 2.55978e-06
2.3033 1.4382 120 315 2.60131e-06
2.30405 1.4382 120 315 2.64072e-06
2.3048 1.4382 120 315 2.67612e-06
2.30555 1.4382 120 315 2.70562e-06
2.3063 1.4382 120 315 2.72738e-06
2.30705 1.4382 120 315 2.73994e-06
2.3078 1.4382 120 315 2.74191e-06
2.30855 1.4382 120 315 2.73268e-06
2.3093 1.4382 120 315 2.7121e-06
2.31005 1.4382 120 315 2.68051e-06
2.3108 1.4382 120 315 2.63874e-06
2.31155 1.4382 120 315 2.58777e-06
2.3123 1.4382 120 315 2.52899e-06
2.31305 1.4382 120 315 2.46383e-06
2.3138 1.4382 120 315 2.39368e-06
2.31455 1.4382 120 315 2.31991e-06
2.3153 1.4382 120 315 2.2438e-06
2.31605 1.4382 120 315 2.16636e-06
2.3168 1.4382 120 315 2.08864e-06
2.31755 1.4382 120 315 2.01146e-06
2.3183 1.4382 120 315 1.93558e-06
2.31905 1.4382 120 315 1.86157e-06
2.3198 1.4382 120 315 1.78988e-06
2.32055 1.4382 120 315 1.72091e-06
2.3213 1.4382 120 315 1.65474e-06
2.32205 1.4382 120 315 1.59157e-06
2.3228 1.4382 120 315 1.53143e-06
2.32355 1.4382 120 315 1.4743e-06
2.3243 1.4382 120 315 1.42013e-06
2.32505 1.4382 120 315 1.36882e-06
2.3258 1.4382 120 315 1.32023e-06
2.32655 1.4382 120 315 1.27424e-06
2.3273 1.4382 120 315 1.23071e-06
2.32805 1.4382 120 315 1.18943e-06
2.3288 1.4382 120 315 1.15028e-06
2.32955 1.4382 120 315 1.11312e-06
2.33031 1.4382 120 315 1.07771e-06
2.33106 1.4382 120 315 1.04396e-06
2.33181 1.4382 120 315 1.01159e-06
2.33256 1.4382 120 315 9.80498e-07
2.33331 1.4382 120 315 9.50502e-07
2.33406 1.4382 120 315 9.21447e-07
2.33481 1.4382 120 315 8.93169e-07
2.33556 1.4382 120 315 8.65504e-07
2.33631 1.4382 120 315 8.38268e-07
2.33706 1.4382 120 315 8.11543e-07
2.33781 1.4382 120 315 7.84729e-07
2.33856 1.4382 120 315 7.57861e-07
2.33931 1.4382 120 315 7.30765e-07
2.34006 1.4382 120 315 7.0327e-07
2.34081 1.4382 120 315 6.752e-07
2.34156 1.4382 120 315 6.46383e-07
2.34231 1.4382 120 315 6.16654e-07
2.34306 1.4382 120 315 5.8595e-07
2.34381 1.4382 120 315 5.53949e-07
2.34456 1.4382 120 315 5.20623e-07
2.34531 1.4382 120 315 4.85936e-07
2.34606 1.4382 120 315 4.49891e-07
2.34681 1.4382 120 315 4.1258e-07
2.34756 1.4382 120 315 3.74249e-07
2.34831 1.4382 120 315 3.35291e-07
2.34906 1.4382 120 315 2.96797e-07
2.34981 1.4382 120 315 2.58664e-07
2.35056 1.4382 120 315 2.2252e-07
2.35131 1.4382 120 315 1.90269e-07
2.35206 1.4382 120 315 1.62971e-07
2.35281 1.4382 120 315 1.42664e-07
2.35356 1.4382 120 315 1.31706e-07
2.35431 1.4382 120 315 1.32071e-07
2.35506 1.4382 120 315 1.45787e-07
2.35581 1.4382 120 315 1.73952e-07
2.35656 1.4382 120 315 2.16908e-07
2.35731 1.4382 120 315 2.73925e-07
2.35806 1.4382 120 315 3.43036e-07
2.35881 1.4382 120 315 4.21408e-07
2.35956 1.4382 120 315 5.05486e-07
2.36031 1.4382 120 315 5.91015e-07
2.36106 1.4382 120 315 6.74514e-07
2.36181 1.4382 120 315 7.52446e-07
2.36256 1.4382 120 315 8.22256e-07
2.36331 1.4382 120 315 8.82087e-07
2.36406 1.4382 120 315 9.31622e-07
2.36481 1.4382 120 315 9.70629e-07
2.36556 1.4382 120 315 9.99652e-07
2.36631 1.4382 120 315 1.01957e-06
2.36706 1.4382 120 315 1.03131e-06
2.36781 1.4382 120 315 1.03616e-06
2.36856 1.4382 120 315 1.03494e-06
2.36931 1.4382 120 315 1.02842e-06
2.37006 1.4382 120 315 1.0172e-06
2.37081 1.4382 120 315 1.00166e-06
2.37156 1.4382 120 315 9.82072e-07
2.37231 1.4382 120 315 9.58577e-07
2.37306 1.4382 120 315 9.31289e-07
2.37381 1.4382 120 315 9.00365e-07
2.37456 1.4382 120 315 8.66086e-07
2.37531 1.4382 120 315 8.28934e-07
2.37606 1.4382 120 315 7.89662e-07
2.37681 1.4382 120 315 7.49234e-07
2.37756 1.4382 120 315 7.09107e-07
2.37831 1.4382 120 315 6.71042e-07
2.37906 1.4382 120 315 6.36664e-07
2.37981 1.4382 120 315 6.08009e-07
2.38056 1.4382 120 315 5.86862e-07
2.38131 1.4382 120 315 5.74646e-07
2.38206 1.4382 120 315 5.72319e-07
2.38281 1.4382 120 315 5.80097e-07
2.38356 1.4382 120 315 5.97437e-07
2.38431 1.4382 120 315 6.22897e-07
2.38506 1.4382 120 315 6.54752e-07
2.38581 1.4382 120 315 6.90321e-07
2.38656 1.4382 120 315 7.27156e-07
2.38731 1.4382 120 315 7.62796e-07
2.38806 1.4382 120 315 7.95227e-07
2.38881 1.4382 120 315 8.2293e-07
2.38956 1.4382 120 315 8.44993e-07
2.39032 1.4382 120 315 8.61046e-07
2.39107 1.4382 120 315 8.71162e-07
2.39182 1.4382 120 315 8.75746e-07
2.39257 1.4382 120 315 8.75405e-07
2.39332 1.4382 120 315 8.70862e-07
2.39407 1.4382 120 315 8.62809e-07
2.39482 1.4382 120 315 8.51955e-07
2.39557 1.4382 120 315 8.38926e-07
2.39632 1.4382 120 315 8.24266e-07
2.39707 1.4382 120 315 8.08441e-07
2.39782 1.4382 120 315 7.91839e-07
2.39857 1.4382 120 315 7.74835e-07
2.39932 1.4382 120 315 7.5773e-07
2.40007 1.4382 120 315 7.40827e-07
2.40082 1.4382 120 315 7.24474e-07
2.40157 1.4382 120 315 7.08923e-07
2.40232 1.4382 120 315 6.94583e-07
2.40307 1.4382 120 315 6.81856e-07
2.40382 1.4382 120 315 6.71179e-07
2.40457 1.4382 120 315 6.62971e-07
2.40532 1.4382 120 315 6.57645e-07
2.40607 1.4382 120 315 6.55495e-07
2.40682 1.4382 120 315 6.56779e-07
2.40757 1.4382 120 315 6.61467e-07
2.40832 1.4382 120 315 6.69397e-07
2.40907 1.4382 120 315 6.80155e-07
2.40982 1.4382 120 315 6.93147e-07
2.41057 1.4382 120 315 7.07698e-07
2.41132 1.4382 120 315 7.23053e-07
2.41207 1.4382 120 315 7.38501e-07
2.41282 1.4382 120 315 7.53441e-07
2.41357 1.4382 120 315 7.67412e-07
2.41432 1.4382 120 315 7.80122e-07
2.41507 1.4382 120 315 7.9143e-07
2.41582 1.4382 120 315 8.0158e-07
2.41657 1.4382 120 315 8.10336e-07
2.41732 1.4382 120 315 8.17906e-07
2.41807 1.4382 120 315 8.24485e-07
2.41882 1.4382 120 315 8.30307e-07
2.41957 1.4382 120 315 8.35544e-07
2.42032 1.4382 120 315 8.40413e-07
2.42107 1.4382 120 315 8.45085e-07
2.42182 1.4382 120 315 8.49716e-07
2.42257 1.4382 120 315 8.54437e-07
2.42332 1.4382 120 315 8.59339e-07
2.42407 1.4382 120 315 8.64516e-07
2.42482 1.4382 120 315 8.70034e-07
2.42557 1.4382 120 315 8.75957e-07
2.42632 1.4382 120 315 8.82327e-07
2.42707 1.4382 120 315 8.8918e-07
2.42782 1.4382 120 315 8.96549e-07
2.42857 1.4382 120 315 9.04459e-07
2.42932 1.4382 120 315 9.12932e-07
2.43007 1.4382 120 315 9.2199e-07
2.43082 1.4382 120 315 9.3165e-07
2.43157 1.4382 120 315 9.41933e-07
2.43232 1.4382 120 315 9.52856e-07
2.43307 1.4382 120 315 9.64439e-07
2.43382 1.4382 120 315 9.76702e-07
2.43457 1.4382 120 315 9.89668e-07
2.43532 1.4382 120 315 1.00368e-06
2.43607 1.4382 120 315 1.0181e-06
2.43682 1.4382 120 315 1.0333e-06
2.43757 1.4382 120 315 1.04931e-06
2.43832 1.4382 120 315 1.06616e-06
2.43907 1.4382 120 315 1.08389e-06
2.43982 1.4382 120 315 1.10254e-06
2.44057 1.4382 120 315 1.12214e-06
2.44132 1.4382 120 315 1.14275e-06
2.44207 1.4382 120 315 1.16441e-06
2.44282 1.4382 120 315 1.18718e-06
2.44357 1.4382 120 315 1.21111e-06
2.44432 1.4382 120 315 1.23628e-06
2.44507 1.4382 120 315 1.26274e-06
2.44582 1.4382 120 315 1.29058e-06
2.44657 1.4382 120 315 1.31987e-06
2.44732 1.4382 120 315 1.35071e-06
2.44807 1.4382 120 315 1.38319e-06
2.44882 1.4382 120 315 1.4174e-06
2.44957 1.4382 120 315 1.45347e-06
2.45033 1.4382 120 315 1.49152e-06
2.45108 1.4382 120 315 1.53169e-06
2.45183 1.4382 120 315 1.5741e-06
2.45258 1.4382 120 315 1.61893e-06
2.45333 1.4382 120 315 1.66635e-06
2.45408 1.4382 120 315 1.71654e-06
2.45483 1.4382 120 315 1.76969e-06
2.45558 1.4382 120 315 1.82604e-06
2.45633 1.4382 120 315 1.88583e-06
2.45708 1.4382 120 315 1.94931e-06
2.45783 1.4382 120 315 2.01678e-06
2.45858 1.4382 120 315 2.08855e-06
2.45933 1.4382 120 315 2.16495e-06
2.46008 1.4382 120 315 2.24636e-06
2.46083 1.4382 120 315 2.33316e-06
2.46158 1.4382 120 315 2.42582e-06
2.46233 1.4382 120 315 2.5248e-06
2.46308 1.4382 120 315 2.63061e-06
2.46383 1.4382 120 315 2.74378e-06
2.46458 1.4382 120 315 2.86495e-06
2.46533 1.4382 120 315 2.99474e-06
2.46608 1.4382 120 315 3.1338e-06
2.46683 1.4382 120 315 3.28285e-06
2.46758 1.4382 120 315 3.44263e-06
2.46833 1.4382 120 315 3.61387e-06
2.46908 1.4382 120 315 3.79735e-06
2.46983 1.4382 120 315 3.99377e-06
2.47058 1.4382 120 315 4.20383e-06
2.47133 1.4382 120 315 4.42811e-06
2.47208 1.4382 120 315 4.66704e-06
2.47283 1.4382 120 315 4.92083e-06
2.47358 1.4382 120 315 5.18943e-06
2.47433 1.4382 120 315 5.47234e-06
2.47508 1.4382 120 315 5.76854e-06
2.47583 1.4382 120 315 6.07638e-06
2.47658 1.4382 120 315 6.3934e-06
2.47733 1.4382 120 315 6.7162e-06
2.47808 1.4382 120 315 7.04044e-06
2.47883 1.4382 120 315 7.36064e-06
2.47958 1.4382 120 315 7.67031e-06
2.48033 1.4382 120 315 7.96216e-06
2.48108 1.4382 120 315 8.22828e-06
2.48183 1.4382 120 315 8.46064e-06
2.48258 1.4382 120 315 8.6517e-06
2.48333 1.4382 120 315 8.79495e-06
2.48408 1.4382 120 315 8.88562e-06
2.48483 1.4382 120 315 8.92107e-06
2.48558 1.4382 120 315 8.90115e-06
2.48633 1.4382 120 315 8.82819e-06
2.48708 1.4382 120 315 8.70679e-06
2.48783 1.4382 120 315 8.54333e-06
2.48858 1.4382 120 315 8.34537e-06
2.48933 1.4382 120 315 8.12105e-06
2.49008 1.4382 120 315 7.8785e-06
2.49083 1.4382 120 315 7.62536e-06
2.49158 1.4382 120 315 7.36847e-06
2.49233 1.4382 120 315 7.11368e-06
2.49308 1.4382 120 315 6.86579e-06
2.49383 1.4382 120 315 6.62858e-06
2.49458 1.4382 120 315 6.4049e-06
2.49533 1.4382 120 315 6.19679e-06
2.49608 1.4382 120 315 6.00562e-06
2.49683 1.4382 120 315 5.83221e-06
2.49758 1.4382 120 315 5.67698e-06
2.49833 1.4382 120 315 5.53993e-06
2.49908 1.4382 120 315 5.42092e-06
2.49983 1.4382 120 315 5.31957e-06
2.50058 1.4382 120 315 5.23539e-06
2.50133 1.4382 120 315 5.16774e-06
2.50208 1.4382 120 315 5.1159e-06
2.50283 1.4382 120 315 5.07904e-06
2.50358 1.4382 120 315 5.05624e-06
2.50433 1.4382 120 315 5.04646e-06
2.50508 1.4382 120 315 5.04852e-06
2.50583 1.4382 120 315 5.06112e-06
2.50658 1.4382 120 315 5.08281e-06
2.50733 1.4382 120 315 5.11203e-06
2.50808 1.4382 120 315 5.14713e-06
2.50883 1.4382 120 315 5.18642e-06
2.50958 1.4382 120 315 5.22826e-06
2.51034 1.4382 120 315 5.2712e-06
2.51109 1.4382 120 315 5.31401e-06
2.51184 1.4382 120 315 5.35586e-06
2.51259 1.4382 120 315 5.39639e-06
2.51334 1.4382 120 315 5.43572e-06
2.51409 1.4382 120 315 5.47448e-06
2.51484 1.4382 120 315 5.51374e-06
2.51559 1.4382 120 315 5.55502e-06
2.51634 1.4382 120 315 5.60006e-06
2.51709 1.4382 120 315 5.65077e-06
2.51784 1.4382 120 315 5.70916e-06
2.51859 1.4382 120 315 5.77721e-06
2.51934 1.4382 120 315 5.8568e-06
2.52009 1.4382 120 315 5.94977e-06
2.52084 1.4382 120 315 6.05784e-06
2.52159 1.4382 120 315 6.18254e-06
2.52234 1.4382 120 315 6.3255e-06
2.52309 1.4382 120 315 6.48814e-06
2.52384 1.4382 120 315 6.67187e-06
2.52459 1.4382 120 315 6.87807e-06
2.52534 1.4382 120 315 7.10811e-06
2.52609 1.4382 120 315 7.36342e-06
2.52684 1.4382 120 315 7.64536e-06
2.52759 1.4382 120 315 7.95525e-06
2.52834 1.4382 120 315 8.29437e-06
2.52909 1.4382 120 315 8.66385e-06
2.52984 1.4382 120 315 9.06473e-06
2.53059 1.4382 120 315 9.49764e-06
2.53134 1.4382 120 315 9.96289e-06
2.53209 1.4382 120 315 1.04602e-05
2.53284 1.4382 120 315 1.09884e-05
2.53359 1.4382 120 315 1.15456e-05
2.53434 1.4382 120 315 1.21283e-05
2.53509 1.4382 120 315 1.2732e-05
2.53584 1.4382 120 315 1.335e-05
2.53659 1.4382 120 315 1.39742e-05
2.53734 1.4382 120 315 1.4594e-05
2.53809 1.4382 120 315 1.51972e-05
2.53884 1.4382 120 315 1.57699e-05
2.53959 1.4382 120 315 1.62971e-05
2.54034 1.4382 120 315 1.67631e-05
2.54109 1.4382 120 315 1.71528e-05
2.54184 1.4382 120 315 1.74526e-05
2.54259 1.4382 120 315 1.76514e-05
2.54334 1.4382 120 315 1.77419e-05
2.54409 1.4382 120 315 1.772e-05
2.54484 1.4382 120 315 1.75865e-05
2.54559 1.4382 120 315 1.73464e-05
2.54634 1.4382 120 315 1.70083e-05
2.54709 1.4382 120 315 1.65839e-05
2.54784 1.4382 120 315 1.60863e-05
2.54859 1.4382 120 315 1.55302e-05
2.54934 1.4382 120 315 1.49306e-05
2.55009 1.4382 120 315 1.43014e-05
2.55084 1.4382 120 315 1.36556e-05
2.55159 1.4382 120 315 1.30047e-05
2.55234 1.4382 120 315 1.23582e-05
2.55309 1.4382 120 315 1.17242e-05
2.55384 1.4382 120 315 1.11085e-05
2.55459 1.4382 120 315 1.05158e-05
2.55534 1.4382 120 315 9.94925e-06
2.55609 1.4382 120 315 9.41072e-06
2.55684 1.4382 120 315 8.90126e-06
2.55759 1.4382 120 315 8.42117e-06
2.55834 1.4382 120 315 7.97004e-06
2.55909 1.4382 120 315 7.54718e-06
2.55984 1.4382 120 315 7.15167e-06
2.56059 1.4382 120 315 6.78198e-06
2.56134 1.4382 120 315 6.43688e-06
2.56209 1.4382 120 315 6.11495e-06
2.56284 1.4382 120 315 5.81472e-06
2.56359 1.4382 120 315 5.53488e-06
2.56434 1.4382 120 315 5.27388e-06
2.56509 1.4382 120 315 5.03053e-06
2.56584 1.4382 120 315 4.80345e-06
2.56659 1.4382 120 315 4.59151e-06
2.56734 1.4382 120 315 4.3936e-06
2.56809 1.4382 120 315 4.2087e-06
2.56884 1.4382 120 315 4.03583e-06
2.56959 1.4382 120 315 3.8741e-06
2.57035 1.4382 120 315 3.7227e-06
2.5711 1.4382 120 315 3.58086e-06
2.57185 1.4382 120 315 3.44788e-06
2.5726 1.4382 120 315 3.32316e-06
2.57335 1.4382 120 315 3.20602e-06
2.5741 1.4382 120 315 3.09595e-06
2.57485 1.4382 120 315 2.99244e-06
2.5756 1.4382 120 315 2.89502e-06
2.57635 1.4382 120 315 2.80323e-06
2.5771 1.4382 120 315 2.71676e-06
2.57785 1.4382 120 315 2.63518e-06
2.5786 1.4382 120 315 2.55873e-06
2.57935 1.4382 120 315 2.48588e-06
2.5801 1.4382 120 315 2.41698e-06
2.58085 1.4382 120 315 2.35174e-06
2.5816 1.4382 120 315 2.2899e-06
2.58235 1.4382 120 315 2.23122e-06
2.5831 1.4382 120 315 2.17551e-06
2.58385 1.4382 120 315 2.12247e-06
2.5846 1.4382 120 315 2.07197e-06
2.58535 1.4382 120 315 2.02379e-06
2.5861 1.4382 120 315 1.97766e-06
2.58685 1.4382 120 315 1.93348e-06
2.5876 1.4382 120 315 1.89107e-06
2.58835 1.4382 120 315 1.8499e-06
2.5891 1.4382 120 315 1.81037e-06
2.58985 1.4382 120 315 1.77208e-06
2.5906 1.4382 120 315 1.73486e-06
2.59135 1.4382 120 315 1.69856e-06
2.5921 1.4382 120 315 1.66305e-06
2.59285 1.4382 120 315 1.62821e-06
2.5936 1.4382 120 315 1.59392e-06
2.59435 1.4382 120 315 1.56012e-06
2.5951 1.4382 120 315 1.52677e-06
2.59585 1.4382 120 315 1.49386e-06
2.5966 1.4382 120 315 1.46153e-06
2.59735 1.4382 120 315 1.42995e-06
2.5981 1.4382 120 315 1.3994e-06
2.59885 1.4382 120 315 1.37036e-06
2.5996 1.4382 120 315 1.34345e-06
2.60035 1.4382 120 315 1.31954e-06
2.6011 1.4382 120 315 1.29973e-06
2.60185 1.4382 120 315 1.28541e-06
2.6026 1.4382 120 315 1.27827e-06
2.60335 1.4382 120 315 1.28025e-06
2.6041 1.4382 120 315 1.29356e-06
2.60485 1.4382 120 315 1.32054e-06
2.6056 1.4382 120 315 1.36352e-06
2.60635 1.4382 120 315 1.4247e-06
2.6071 1.4382 120 315 1.50562e-06
2.60785 1.4382 120 315 1.60786e-06
2.6086 1.4382 120 315 1.73156e-06
2.60935 1.4382 120 315 1.87603e-06
2.6101 1.4382 120 315 2.03924e-06
2.61085 1.4382 120 315 2.21903e-06
2.6116 1.4382 120 315 2.41146e-06
2.61235 1.4382 120 315 2.6123e-06
2.6131 1.4382 120 315 2.81698e-06
2.61385 1.4382 120 315 3.02092e-06
2.6146 1.4382 120 315 3.21974e-06
2.61535 1.4382 120 315 3.40941e-06
2.6161 1.4382 120 315 3.58635e-06
2.61685 1.4382 120 315 3.74736e-06
2.6176 1.4382 120 315 3.88966e-06
2.61835 1.4382 120 315 4.01085e-06
2.6191 1.4382 120 315 4.10889e-06
2.61985 1.4382 120 315 4.18217e-06
2.6206 1.4382 120 315 4.2297e-06
2.62135 1.4382 120 315 4.25095e-06
2.6221 1.4382 120 315 4.2463e-06
2.62285 1.4382 120 315 4.21687e-06
2.6236 1.4382 120 315 4.16455e-06
2.62435 1.4382 120 315 4.09189e-06
2.6251 1.4382 120 315 4.00197e-06
2.62585 1.4382 120 315 3.89825e-06
2.6266 1.4382 120 315 3.78404e-06
2.62735 1.4382 120 315 3.66281e-06
2.6281 1.4382 120 315 3.53781e-06
2.62885 1.4382 120 315 3.4117e-06
2.6296 1.4382 120 315 3.28697e-06
2.63036 1.4382 120 315 3.16564e-06
2.63111 1.4382 120 315 3.04932e-06
2.63186 1.4382 120 315 2.93928e-06
2.63261 1.4382 120 315 2.83658e-06
2.63336 1.4382 120 315 2.74179e-06
2.63411 1.4382 120 315 2.65554e-06
2.63486 1.4382 120 315 2.57823e-06
2.63561 1.4382 120 315 2.51017e-06
2.63636 1.4382 120 315 2.45156e-06
2.63711 1.4382 120 315 2.40245e-06
2.63786 1.4382 120 315 2.36307e-06
2.63861 1.4382 120 315 2.33324e-06
2.63936 1.4382 120 315 2.3127e-06
2.64011 1.4382 120 315 2.30099e-06
2.64086 1.4382 120 315 2.29731e-06
2.64161 1.4382 120 315 2.30058e-06
2.64236 1.4382 120 315 2.30921e-06
2.64311 1.4382 120 315 2.3216e-06
2.64386 1.4382 120 315 2.33555e-06
2.64461 1.4382 120 315 2.34878e-06
2.64536 1.4382 120 315 2.3591e-06
2.64611 1.4382 120 315 2.36434e-06
2.64686 1.4382 120 315 2.36297e-06
2.64761 1.4382 120 315 2.3537e-06
2.64836 1.4382 120 315 2.33577e-06
2.64911 1.4382 120 315 2.30924e-06
2.64986 1.4382 120 315 2.27442e-06
2.65061 1.4382 120 315 2.23202e-06
2.65136 1.4382 120 315 2.18328e-06
2.65211 1.4382 120 315 2.12935e-06
2.65286 1.4382 120 315 2.07134e-06
2.65361 1.4382 120 315 2.01084e-06
2.65436 1.4382 120 315 1.94882e-06
2.65511 1.4382 120 315 1.88619e-06
2.65586 1.4382 120 315 1.82398e-06
2.65661 1.4382 120 315 1.7628e-06
2.65736 1.4382 120 315 1.70317e-06
2.65811 1.4382 120 315 1.6455e-06
2.65886 1.4382 120 315 1.59008e-06
2.65961 1.4382 120 315 1.5371e-06
2.66036 1.4382 120 315 1.48666e-06
2.66111 1.4382 120 315 1.43882e-06
2.66186 1.4382 120 315 1.39356e-06
2.66261 1.4382 120 315 1.35082e-06
2.66336 1.4382 120 315 1.31061e-06
2.66411 1.4382 120 315 1.27278e-06
2.66486 1.4382 120 315 1.23725e-06
2.66561 1.4382 120 315 1.2039e-06
2.66636 1.4382 120 315 1.17264e-06
2.66711 1.4382 120 315 1.14336e-06
2.66786 1.4382 120 315 1.11591e-06
2.66861 1.4382 120 315 1.09026e-06
2.66936 1.4382 120 315 1.06627e-06
2.67011 1.4382 120 315 1.04384e-06
2.67086 1.4382 120 315 1.02288e-06
2.67161 1.4382 120 315 1.00333e-06
2.67236 1.4382 120 315 9.85098e-07
2.67311 1.4382 120 315 9.68108e-07
2.67386 1.4382 120 315 9.52293e-07
2.67461 1.4382 120 315 9.37593e-07
2.67536 1.4382 120 315 9.23925e-07
2.67611 1.4382 120 315 9.11278e-07
2.67686 1.4382 120 315 8.99594e-07
2.67761 1.4382 120 315 8.88821e-07
2.67836 1.4382 120 315 8.78922e-07
2.67911 1.4382 120 315 8.69847e-07
2.67986 1.4382 120 315 8.61589e-07
2.68061 1.4382 120 315 8.5411e-07
2.68136 1.4382 120 315 8.47372e-07
2.68211 1.4382 120 315 8.41369e-07
2.68286 1.4382 120 315 8.36075e-07
2.68361 1.4382 120 315 8.31474e-07
2.68436 1.4382 120 315 8.27552e-07
2.68511 1.4382 120 315 8.24298e-07
2.68586 1.4382 120 315 8.21704e-07
2.68661 1.4382 120 315 8.19762e-07
2.68736 1.4382 120 315 8.18468e-07
2.68811 1.4382 120 315 8.17829e-07
2.68886 1.4382 120 315 8.17842e-07
2.68961 1.4382 120 315 8.18511e-07
2.69037 1.4382 120 315 8.19843e-07
2.69112 1.4382 120 315 8.21849e-07
2.69187 1.4382 120 315 8.24539e-07
2.69262 1.4382 120 315 8.2793e-07
2.69337 1.4382 120 315 8.32039e-07
2.69412 1.4382 120 315 8.36887e-07
2.69487 1.4382 120 315 8.42498e-07
2.69562 1.4382 120 315 8.48895e-07
2.69637 1.4382 120 315 8.56103e-07
2.69712 1.4382 120 315 8.6418e-07
2.69787 1.4382 120 315 8.7315e-07
2.69862 1.4382 120 315 8.83051e-07
2.69937 1.4382 120 315 8.93937e-07
2.70012 1.4382 120 315 9.05854e-07
2.70087 1.4382 120 315 9.18856e-07
2.70162 1.4382 120 315 9.33003e-07
2.70237 1.4382 120 315 9.48358e-07
2.70312 1.4382 120 315 9.64989e-07
2.70387 1.4382 120 315 9.82967e-07
2.70462 1.4382 120 315 1.00237e-06
2.70537 1.4382 120 315 1.02328e-06
2.70612 1.4382 120 315 1.04578e-06
2.70687 1.4382 120 315 1.06995e-06
2.70762 1.4382 120 315 1.09588e-06
2.70837 1.4382 120 315 1.12365e-06
2.70912 1.4382 120 315 1.15334e-06
2.70987 1.4382 120 315 1.18501e-06
2.71062 1.4382 120 315 1.21874e-06
2.71137 1.4382 120 315 1.25456e-06
2.71212 1.4382 120 315 1.29249e-06
2.71287 1.4382 120 315 1.33251e-06
2.71362 1.4382 120 315 1.37456e-06
2.71437 1.4382 120 315 1.41854e-06
2.71512 1.4382 120 315 1.46428e-06
2.71587 1.4382 120 315 1.51154e-06
2.71662 1.4382 120 315 1.55998e-06
2.71737 1.4382 120 315 1.60921e-06
2.71812 1.4382 120 315 1.6587e-06
2.71887 1.4382 120 315 1.70789e-06
2.71962 1.4382 120 315 1.75611e-06
2.72037 1.4382 120 315 1.80262e-06
2.72112 1.4382 120 315 1.84668e-06
2.72187 1.4382 120 315 1.88757e-06
2.72262 1.4382 120 315 1.92461e-06
2.72337 1.4382 120 315 1.95728e-06
2.72412 1.4382 120 315 1.98517e-06
2.72487 1.4382 120 315 2.00811e-06
2.72562 1.4382 120 315 2.02614e-06
2.72637 1.4382 120 315 2.03952e-06
2.72712 1.4382 120 315 2.04873e-06
2.72787 1.4382 120 315 2.05444e-06
2.72862 1.4382 120 315 2.05744e-06
2.72937 1.4382 120 315 2.0586e-06
2.73012 1.4382 120 315 2.05885e-06
2.73087 1.4382 120 315 2.05908e-06
2.73162 1.4382 120 315 2.06016e-06
2.73237 1.4382 120 315 2.06288e-06
2.73312 1.4382 120 315 2.06791e-06
2.73387 1.4382 120 315 2.07585e-06
2.73462 1.4382 120 315 2.08718e-06
2.73537 1.4382 120 315 2.10225e-06
2.73612 1.4382 120 315 2.12128e-06
2.73687 1.4382 120 315 2.14438e-06
2.73762 1.4382 120 315 2.17155e-06
2.73837 1.4382 120 315 2.2026e-06
2.73912 1.4382 120 315 2.23721e-06
2.73987 1.4382 120 315 2.2621e-06
2.74062 1.4382 120 315 2.30214e-06
2.74137 1.4382 120 315 2.34388e-06
2.74212 1.4382 120 315 2.3863e-06
2.74287 1.4382 120 315 2.42818e-06
2.74362 1.4382 120 315 2.46813e-06
2.74437 1.4382 120 315 2.50467e-06
2.74512 1.4382 120 315 2.53629e-06
2.74587 1.4382 120 315 2.56167e-06
2.74662 1.4382 120 315 2.57956e-06
2.74737 1.4382 120 315 2.58892e-06
2.74812 1.4382 120 315 2.58915e-06
2.74887 1.4382 120 315 2.58e-06
2.74962 1.4382 120 315 2.56158e-06
2.75038 1.4382 120 315 2.53437e-06
2.75113 1.4382 120 315 2.49913e-06
2.75188 1.4382 120 315 2.45681e-06
2.75263 1.4382 120 315 2.40852e-06
2.75338 1.4382 120 315 2.35538e-06
2.75413 1.4382 120 315 2.29851e-06
2.75488 1.4382 120 315 2.23897e-06
2.75563 1.4382 120 315 2.1777e-06
2.75638 1.4382 120 315 2.11558e-06
2.75713 1.4382 120 315 2.05329e-06
2.75788 1.4382 120 315 1.99148e-06
2.75863 1.4382 120 315 1.93063e-06
2.75938 1.4382 120 315 1.87118e-06
2.76013 1.4382 120 315 1.81346e-06
2.76088 1.4382 120 315 1.75775e-06
2.76163 1.4382 120 315 1.70425e-06
2.76238 1.4382 120 315 1.65311e-06
2.76313 1.4382 120 315 1.60444e-06
2.76388 1.4382 120 315 1.55829e-06
2.76463 1.4382 120 315 1.51469e-06
2.76538 1.4382 120 315 1.47363e-06
2.76613 1.4382 120 315 1.43508e-06
2.76688 1.4382 120 315 1.399e-06
2.76763 1.4382 120 315 1.36532e-06
2.76838 1.4382 120 315 1.33395e-06
2.76913 1.4382 120 315 1.3048e-06
2.76988 1.4382 120 315 1.27781e-06
2.77063 1.4382 120 315 1.25286e-06
2.77138 1.4382 120 315 1.22988e-06
2.77213 1.4382 120 315 1.20876e-06
2.77288 1.4382 120 315 1.18943e-06
2.77363 1.4382 120 315 1.1718e-06
2.77438 1.4382 120 315 1.15578e-06
2.77513 1.4382 120 315 1.14133e-06
2.77588 1.4382 120 315 1.12836e-06
2.77663 1.4382 120 315 1.11681e-06
2.77738 1.4382 120 315 1.10663e-06
2.77813 1.4382 120 315 1.09777e-06
2.77888 1.4382 120 315 1.09017e-06
2.77963 1.4382 120 315 1.0838e-06
2.78038 1.4382 120 315 1.07861e-06
2.78113 1.4382 120 315 1.07456e-06
2.78188 1.4382 120 315 1.07159e-06
2.78263 1.4382 120 315 1.06966e-06
2.78338 1.4382 120 315 1.06872e-06
2.78413 1.4382 120 315 1.0687e-06
2.78488 1.4382 120 315 1.06956e-06
2.78563 1.4382 120 315 1.07123e-06
2.78638 1.4382 120 315 1.07364e-06
2.78713 1.4382 120 315 1.07674e-06
2.78788 1.4382 120 315 1.08051e-06
2.78863 1.4382 120 315 1.08484e-06
2.78938 1.4382 120 315 1.08968e-06
2.79013 1.4382 120 315 1.09502e-06
2.79088 1.4382 120 315 1.10082e-06
2.79163 1.4382 120 315 1.10706e-06
2.79238 1.4382 120 315 1.11375e-06
2.79313 1.4382 120 315 1.12088e-06
2.79388 1.4382 120 315 1.12847e-06
2.79463 1.4382 120 315 1.13656e-06
2.79538 1.4382 120 315 1.14517e-06
2.79613 1.4382 120 315 1.15435e-06
2.79688 1.4382 120 315 1.16413e-06
2.79763 1.4382 120 315 1.17456e-06
2.79838 1.4382 120 315 1.18569e-06
2.79913 1.4382 120 315 1.19756e-06
2.79988 1.4382 120 315 1.21021e-06
2.80063 1.4382 120 315 1.2237e-06
2.80138 1.4382 120 315 1.23806e-06
2.80213 1.4382 120 315 1.25332e-06
2.80288 1.4382 120 315 1.26954e-06
2.80363 1.4382 120 315 1.28675e-06
2.80438 1.4382 120 315 1.30498e-06
2.80513 1.4382 120 315 1.32428e-06
2.80588 1.4382 120 315 1.34467e-06
2.80663 1.4382 120 315 1.36622e-06
2.80738 1.4382 120 315 1.38895e-06
2.80813 1.4382 120 315 1.41291e-06
2.80888 1.4382 120 315 1.43814e-06
2.80963 1.4382 120 315 1.4647e-06
2.81039 1.4382 120 315 1.49265e-06
2.81114 1.4382 120 315 1.52203e-06
2.81189 1.4382 120 315 1.5529e-06
2.81264 1.4382 120 315 1.58534e-06
2.81339 1.4382 120 315 1.61942e-06
2.81414 1.4382 120 315 1.6552e-06
2.81489 1.4382 120 315 1.69277e-06
2.81564 1.4382 120 315 1.73223e-06
2.81639 1.4382 120 315 1.77365e-06
2.81714 1.4382 120 315 1.81716e-06
2.81789 1.4382 120 315 1.86286e-06
2.81864 1.4382 120 315 1.91088e-06
2.81939 1.4382 120 315 1.96132e-06
2.82014 1.4382 120 315 2.01438e-06
2.82089 1.4382 120 315 2.07021e-06
2.82164 1.4382 120 315 2.12897e-06
2.82239 1.4382 120 315 2.19087e-06
2.82314 1.4382 120 315 2.25614e-06
2.82389 1.4382 120 315 2.32503e-06
2.82464 1.4382 120 315 2.39783e-06
2.82539 1.4382 120 315 2.47485e-06
2.82614 1.4382 120 315 2.55646e-06
2.82689 1.4382 120 315 2.64307e-06
2.82764 1.4382 120 315 2.73515e-06
2.82839 1.4382 120 315 2.83322e-06
2.82914 1.4382 120 315 2.93787e-06
2.82989 1.4382 120 315 3.04974e-06
2.83064 1.4382 120 315 3.16956e-06
2.83139 1.4382 120 315 3.29805e-06
2.83214 1.4382 120 315 3.43606e-06
2.83289 1.4382 120 315 3.58439e-06
2.83364 1.4382 120 315 3.74392e-06
2.83439 1.4382 120 315 3.91541e-06
2.83514 1.4382 120 315 4.09969e-06
2.83589 1.4382 120 315 4.29746e-06
2.83664 1.4382 120 315 4.50936e-06
2.83739 1.4382 120 315 4.73596e-06
2.83814 1.4382 120 315 4.97778e-06
2.83889 1.4382 120 315 5.23529e-06
2.83964 1.4382 120 315 5.50889e-06
2.84039 1.4382 120 315 5.79908e-06
2.84114 1.4382 120 315 6.10634e-06
2.84189 1.4382 120 315 6.43111e-06
2.84264 1.4382 120 315 6.77385e-06
2.84339 1.4382 120 315 7.13496e-06
2.84414 1.4382 120 315 7.51473e-06
2.84489 1.4382 120 315 7.91329e-06
2.84564 1.4382 120 315 8.33045e-06
2.84639 1.4382 120 315 8.76565e-06
2.84714 1.4382 120 315 9.21783e-06
2.84789 1.4382 120 315 9.68525e-06
2.84864 1.4382 120 315 1.01656e-05
2.84939 1.4382 120 315 1.06553e-05
2.85014 1.4382 120 315 1.11505e-05
2.85089 1.4382 120 315 1.16457e-05
2.85164 1.4382 120 315 1.21346e-05
2.85239 1.4382 120 315 1.261e-05
2.85314 1.4382 120 315 1.30637e-05
2.85389 1.4382 120 315 1.34873e-05
2.85464 1.4382 120 315 1.38715e-05
2.85539 1.4382 120 315 1.42075e-05
2.85614 1.4382 120 315 1.44869e-05
2.85689 1.4382 120 315 1.47023e-05
2.85764 1.4382 120 315 1.48475e-05
2.85839 1.4382 120 315 1.49183e-05
2.85914 1.4382 120 315 1.49127e-05
2.85989 1.4382 120 315 1.48307e-05
2.86064 1.4382 120 315 1.46744e-05
2.86139 1.4382 120 315 1.44484e-05
2.86214 1.4382 120 315 1.41588e-05
2.86289 1.4382 120 315 1.38134e-05
2.86364 1.4382 120 315 1.34207e-05
2.86439 1.4382 120 315 1.29899e-05
2.86514 1.4382 120 315 1.25301e-05
2.86589 1.4382 120 315 1.20502e-05
2.86664 1.4382 120 315 1.15584e-05
2.86739 1.4382 120 315 1.10619e-05
2.86814 1.4382 120 315 1.05671e-05
2.86889 1.4382 120 315 1.00792e-05
2.86964 1.4382 120 315 9.60259e-06
2.8704 1.4382 120 315 9.1404e-06
2.87115 1.4382 120 315 8.69512e-06
2.8719 1.4382 120 315 8.26841e-06
2.87265 1.4382 120 315 7.8615e-06
2.8734 1.4382 120 315 7.47455e-06
2.87415 1.4382 120 315 7.10786e-06
2.8749 1.4382 120 315 6.76123e-06
2.87565 1.4382 120 315 6.43422e-06
2.8764 1.4382 120 315 6.12622e-06
2.87715 1.4382 120 315 5.83648e-06
2.8779 1.4382 120 315 5.56419e-06
2.87865 1.4382 120 315 5.3085e-06
2.8794 1.4382 120 315 5.06851e-06
2.88015 1.4382 120 315 4.84335e-06
2.8809 1.4382 120 315 4.63216e-06
2.88165 1.4382 120 315 4.43408e-06
2.8824 1.4382 120 315 4.24832e-06
2.88315 1.4382 120 315 4.0741e-06
2.8839 1.4382 120 315 3.91069e-06
2.88465 1.4382 120 315 3.75738e-06
2.8854 1.4382 120 315 3.61354e-06
2.88615 1.4382 120 315 3.47859e-06
2.8869 1.4382 120 315 3.35187e-06
2.88765 1.4382 120 315 3.23289e-06
2.8884 1.4382 120 315 3.12117e-06
2.88915 1.4382 120 315 3.01623e-06
2.8899 1.4382 120 315 2.91764e-06
2.89065 1.4382 120 315 2.825e-06
2.8914 1.4382 120 315 2.73794e-06
2.89215 1.4382 120 315 2.65609e-06
2.8929 1.4382 120 315 2.57913e-06
2.89365 1.4382 120 315 2.50674e-06
2.8944 1.4382 120 315 2.43855e-06
2.89515 1.4382 120 315 2.37433e-06
2.8959 1.4382 120 315 2.31375e-06
2.89665 1.4382 120 315 2.25651e-06
2.8974 1.4382 120 315 2.20231e-06
2.89815 1.4382 120 315 2.1509e-06
2.8989 1.4382 120 315 2.10188e-06
2.89965 1.4382 120 315 2.055e-06
2.9004 1.4382 120 315 2.00996e-06
2.90115 1.4382 120 315 1.96648e-06
2.9019 1.4382 120 315 1.92429e-06
2.90265 1.4382 120 315 1.88314e-06
2.9034 1.4382 120 315 1.84282e-06
2.90415 1.4382 120 315 1.80315e-06
2.9049 1.4382 120 315 1.76398e-06
2.90565 1.4382 120 315 1.72521e-06
2.9064 1.4382 120 315 1.6868e-06
2.90715 1.4382 120 315 1.64875e-06
2.9079 1.4382 120 315 1.61099e-06
2.90865 1.4382 120 315 1.57361e-06
2.9094 1.4382 120 315 1.53664e-06
2.91015 1.4382 120 315 1.50015e-06
2.9109 1.4382 120 315 1.46421e-06
2.91165 1.4382 120 315 1.42885e-06
2.9124 1.4382 120 315 1.39414e-06
2.91315 1.4382 120 315 1.3601e-06
2.9139 1.4382 120 315 1.32675e-06
2.91465 1.4382 120 315 1.2941e-06
2.9154 1.4382 120 315 1.26213e-06
2.91615 1.4382 120 315 1.23082e-06
2.9169 1.4382 120 315 1.20014e-06
2.91765 1.4382 120 315 1.17003e-06
2.9184 1.4382 120 315 1.14043e-06
2.91915 1.4382 120 315 1.11127e-06
2.9199 1.4382 120 315 1.08248e-06
2.92065 1.4382 120 315 1.05394e-06
2.9214 1.4382 120 315 1.02563e-06
2.92215 1.4382 120 315 9.96748e-07
2.9229 1.4382 120 315 9.68432e-07
2.92365 1.4382 120 315 9.40057e-07
2.9244 1.4382 120 315 9.11459e-07
2.92515 1.4382 120 315 8.82502e-07
2.9259 1.4382 120 315 8.5312e-07
2.92665 1.4382 120 315 8.23272e-07
2.9274 1.4382 120 315 7.92736e-07
2.92815 1.4382 120 315 7.61484e-07
2.9289 1.4382 120 315 7.29414e-07
2.92965 1.4382 120 315 6.96519e-07
2.93041 1.4382 120 315 6.62709e-07
2.93116 1.4382 120 315 6.27996e-07
2.93191 1.4382 120 315 5.92494e-07
2.93266 1.4382 120 315 5.56127e-07
2.93341 1.4382 120 315 5.19124e-07
2.93416 1.4382 120 315 4.81747e-07
2.93491 1.4382 120 315 4.4435e-07
2.93566 1.4382 120 315 4.07155e-07
2.93641 1.4382 120 315 3.70814e-07
2.93716 1.4382 120 315 3.36073e-07
2.93791 1.4382 120 315 3.03499e-07
2.93866 1.4382 120 315 2.7426e-07
2.93941 1.4382 120 315 2.49138e-07
2.94016 1.4382 120 315 2.29322e-07
2.94091 1.4382 120 315 2.15797e-07
2.94166 1.4382 120 315 2.09954e-07
2.94241 1.4382 120 315 2.12706e-07
2.94316 1.4382 120 315 2.24958e-07
2.94391 1.4382 120 315 2.47413e-07
2.94466 1.4382 120 315 2.80521e-07
2.94541 1.4382 120 315 3.24429e-07
2.94616 1.4382 120 315 3.78965e-07
2.94691 1.4382 120 315 4.43617e-07
2.94766 1.4382 120 315 5.17551e-07
2.94841 1.4382 120 315 5.99635e-07
2.94916 1.4382 120 315 6.88478e-07
2.94991 1.4382 120 315 7.82492e-07
2.95066 1.4382 120 315 8.79969e-07
2.95141 1.4382 120 315 9.79161e-07
2.95216 1.4382 120 315 1.07838e-06
2.95291 1.4382 120 315 1.17612e-06
2.95366 1.4382 120 315 1.27103e-06
2.95441 1.4382 120 315 1.36213e-06
2.95516 1.4382 120 315 1.44873e-06
2.95591 1.4382 120 315 1.53051e-06
2.95666 1.4382 120 315 1.60746e-06
2.95741 1.4382 120 315 1.67982e-06
2.95816 1.4382 120 315 1.74808e-06
2.95891 1.4382 120 315 1.81297e-06
2.95966 1.4382 120 315 1.87521e-06
2.96041 1.4382 120 315 1.93566e-06
2.96116 1.4382 120 315 1.9952e-06
2.96191 1.4382 120 315 2.05467e-06
2.96266 1.4382 120 315 2.11496e-06
2.96341 1.4382 120 315 2.1768e-06
2.96416 1.4382 120 315 2.24092e-06
2.96491 1.4382 120 315 2.30801e-06
2.96566 1.4382 120 315 2.37868e-06
2.96641 1.4382 120 315 2.45347e-06
2.96716 1.4382 120 315 2.53285e-06
2.96791 1.4382 120 315 2.6172e-06
2.96866 1.4382 120 315 2.70685e-06
2.96941 1.4382 120 315 2.80199e-06
2.97016 1.4382 120 315 2.90271e-06
2.97091 1.4382 120 315 3.00898e-06
2.97166 1.4382 120 315 3.1206e-06
2.97241 1.4382 120 315 3.23721e-06
2.97316 1.4382 120 315 3.35823e-06
2.97391 1.4382 120 315 3.48285e-06
2.97466 1.4382 120 315 3.61e-06
2.97541 1.4382 120 315 3.73835e-06
2.97616 1.4382 120 315 3.86628e-06
2.97691 1.4382 120 315 3.99191e-06
2.97766 1.4382 120 315 4.1131e-06
2.97841 1.4382 120 315 4.22757e-06
2.97916 1.4382 120 315 4.33291e-06
2.97991 1.4382 120 315 4.42675e-06
2.98066 1.4382 120 315 4.50685e-06
2.98141 1.4382 120 315 4.57126e-06
2.98216 1.4382 120 315 4.61847e-06
2.98291 1.4382 120 315 4.64751e-06
2.98366 1.4382 120 315 4.65797e-06
2.98441 1.4382 120 315 4.65011e-06
2.98516 1.4382 120 315 4.6249e-06
2.98591 1.4382 120 315 4.58376e-06
2.98666 1.4382 120 315 4.5286e-06
2.98741 1.4382 120 315 4.46161e-06
2.98816 1.4382 120 315 4.38514e-06
2.98891 1.4382 120 315 4.30158e-06
2.98966 1.4382 120 315 4.2132e-06
2.99042 1.4382 120 315 4.12202e-06
2.99117 1.4382 120 315 4.02982e-06
2.99192 1.4382 120 315 3.93808e-06
2.99267 1.4382 120 315 3.84789e-06
2.99342 1.4382 120 315 3.76003e-06
2.99417 1.4382 120 315 3.67495e-06
2.99492 1.4382 120 315 3.5928e-06
2.99567 1.4382 120 315 3.51351e-06
2.99642 1.4382 120 315 3.4368e-06
2.99717 1.4382 120 315 3.36223e-06
2.99792 1.4382 120 315 3.28931e-06
2.99867 1.4382 120 315 3.2175e-06
2.99942 1.4382 120 315 3.14628e-06
3.00017 1.4382 120 315 3.07521e-06
3.00092 1.4382 120 315 3.00394e-06
3.00167 1.4382 120 315 2.93225e-06
3.00242 1.4382 120 315 2.86007e-06
3.00317 1.4382 120 315 2.78746e-06
3.00392 1.4382 120 315 2.71456e-06
3.00467 1.4382 120 315 2.64164e-06
3.00542 1.4382 120 315 2.56901e-06
3.00617 1.4382 120 315 2.49702e-06
3.00692 1.4382 120 315 2.42601e-06
3.00767 1.4382 120 315 2.35632e-06
3.00842 1.4382 120 315 2.28821e-06
3.00917 1.4382 120 315 2.22192e-06
3.00992 1.4382 120 315 2.1576e-06
3.01067 1.4382 120 315 2.09536e-06
3.01142 1.4382 120 315 2.03522e-06
3.01217 1.4382 120 315 1.97716e-06
3.01292 1.4382 120 315 1.92112e-06
3.01367 1.4382 120 315 1.86701e-06
3.01442 1.4382 120 315 1.81472e-06
3.01517 1.4382 120 315 1.76412e-06
3.01592 1.4382 120 315 1.71509e-06
3.01667 1.4382 120 315 1.66755e-06
3.01742 1.4382 120 315 1.62139e-06
3.01817 1.4382 120 315 1.57656e-06
3.01892 1.4382 120 315 1.53303e-06
3.01967 1.4382 120 315 1.49106e-06
3.02042 1.4382 120 315 1.45009e-06
3.02117 1.4382 120 315 1.41043e-06
3.02192 1.4382 120 315 1.37208e-06
3.02267 1.4382 120 315 1.33511e-06
3.02342 1.4382 120 315 1.29952e-06
3.02417 1.4382 120 315 1.26534e-06
3.02492 1.4382 120 315 1.23259e-06
3.02567 1.4382 120 315 1.20126e-06
3.02642 1.4382 120 315 1.17137e-06
3.02717 1.4382 120 315 1.14291e-06
3.02792 1.4382 120 315 1.11584e-06
3.02867 1.4382 120 315 1.09015e-06
3.02942 1.4382 120 315 1.06581e-06
3.03017 1.4382 120 315 1.04278e-06
3.03092 1.4382 120 315 1.02103e-06
3.03167 1.4382 120 315 1.0005e-06
3.03242 1.4382 120 315 9.81167e-07
3.03317 1.4382 120 315 9.62979e-07
3.03392 1.4382 120 315 9.45897e-07
3.03467 1.4382 120 315 9.29878e-07
3.03542 1.4382 120 315 9.14875e-07
3.03617 1.4382 120 315 9.00866e-07
3.03692 1.4382 120 315 8.87808e-07
3.03767 1.4382 120 315 8.75665e-07
3.03842 1.4382 120 315 8.6441e-07
3.03917 1.4382 120 315 8.54008e-07
3.03992 1.4382 120 315 8.44435e-07
3.04067 1.4382 120 315 8.35667e-07
3.04142 1.4382 120 315 8.27682e-07
3.04217 1.4382 120 315 8.20461e-07
3.04292 1.4382 120 315 8.13987e-07
3.04367 1.4382 120 315 8.08246e-07
3.04442 1.4382 120 315 8.03225e-07
3.04517 1.4382 120 315 7.98913e-07
3.04592 1.4382 120 315 7.95303e-07
3.04667 1.4382 120 315 7.92386e-07
3.04742 1.4382 120 315 7.90144e-07
3.04817 1.4382 120 315 7.886e-07
3.04892 1.4382 120 315 7.87736e-07
3.04967 1.4382 120 315 7.8755e-07
3.05043 1.4382 120 315 7.88037e-07
3.05118 1.4382 120 315 7.89184e-07
3.05193 1.4382 120 315 7.91006e-07
3.05268 1.4382 120 315 7.93484e-07
3.05343 1.4382 120 315 7.96608e-07
3.05418 1.4382 120 315 8.00363e-07
3.05493 1.4382 120 315 8.04728e-07
3.05568 1.4382 120 315 8.09676e-07
3.05643 1.4382 120 315 8.15174e-07
3.05718 1.4382 120 315 8.21186e-07
3.05793 1.4382 120 315 8.27639e-07
3.05868 1.4382 120 315 8.34477e-07
3.05943 1.4382 120 315 8.41623e-07
3.06018 1.4382 120 315 8.48989e-07
3.06093 1.4382 120 315 8.56472e-07
3.06168 1.4382 120 315 8.63963e-07
3.06243 1.4382 120 315 8.71341e-07
3.06318 1.4382 120 315 8.78479e-07
3.06393 1.4382 120 315 8.8525e-07
3.06468 1.4382 120 315 8.91525e-07
3.06543 1.4382 120 315 8.9718e-07
3.06618 1.4382 120 315 9.02099e-07
3.06693 1.4382 120 315 9.0618e-07
3.06768 1.4382 120 315 9.09339e-07
3.06843 1.4382 120 315 9.1151e-07
3.06918 1.4382 120 315 9.12652e-07
3.06993 1.4382 120 315 9.12751e-07
3.07068 1.4382 120 315 9.11821e-07
3.07143 1.4382 120 315 9.09906e-07
3.07218 1.4382 120 315 9.07079e-07
3.07293 1.4382 120 315 9.03441e-07
3.07368 1.4382 120 315 8.99106e-07
3.07443 1.4382 120 315 8.94256e-07
3.07518 1.4382 120 315 8.8905e-07
3.07593 1.4382 120 315 8.83677e-07
3.07668 1.4382 120 315 8.78347e-07
3.07743 1.4382 120 315 8.73264e-07
3.07818 1.4382 120 315 8.68657e-07
3.07893 1.4382 120 315 8.64758e-07
3.07968 1.4382 120 315 8.61821e-07
3.08043 1.4382 120 315 8.60039e-07
3.08118 1.4382 120 315 8.59665e-07
3.08193 1.4382 120 315 8.6092e-07
3.08268 1.4382 120 315 8.64007e-07
3.08343 1.4382 120 315 8.69096e-07
3.08418 1.4382 120 315 8.76312e-07
3.08493 1.4382 120 315 8.85717e-07
3.08568 1.4382 120 315 8.97299e-07
3.08643 1.4382 120 315 9.10949e-07
3.08718 1.4382 120 315 9.26461e-07
3.08793 1.4382 120 315 9.43523e-07
3.08868 1.4382 120 315 9.61725e-07
3.08943 1.4382 120 315 9.80567e-07
3.09018 1.4382 120 315 9.99487e-07
3.09093 1.4382 120 315 1.01789e-06
3.09168 1.4382 120 315 1.03517e-06
3.09243 1.4382 120 315 1.05076e-06
3.09318 1.4382 120 315 1.06415e-06
3.09393 1.4382 120 315 1.07492e-06
3.09468 1.4382 120 315 1.08277e-06
3.09543 1.4382 120 315 1.0875e-06
3.09618 1.4382 120 315 1.0891e-06
3.09693 1.4382 120 315 1.08761e-06
3.09768 1.4382 120 315 1.08332e-06
3.09843 1.4382 120 315 1.07651e-06
3.09918 1.4382 120 315 1.06764e-06
3.09993 1.4382 120 315 1.05722e-06
3.10068 1.4382 120 315 1.04584e-06
3.10143 1.4382 120 315 1.03413e-06
3.10218 1.4382 120 315 1.02273e-06
3.10293 1.4382 120 315 1.01223e-06
3.10368 1.4382 120 315 1.00333e-06
3.10443 1.4382 120 315 9.96511e-07
3.10518 1.4382 120 315 9.9224e-07
3.10593 1.4382 120 315 9.90848e-07
3.10668 1.4382 120 315 9.92549e-07
3.10743 1.4382 120 315 9.97413e-07
3.10818 1.4382 120 315 1.00536e-06
3.10893 1.4382 120 315 1.01619e-06
3.10968 1.4382 120 315 1.02955e-06
3.11044 1.4382 120 315 1.04503e-06
3.11119 1.4382 120 315 1.06214e-06
3.11194 1.4382 120 315 1.08039e-06
3.11269 1.4382 120 315 1.09931e-06
3.11344 1.4382 120 315 1.11845e-06
3.11419 1.4382 120 315 1.1375e-06
3.11494 1.4382 120 315 1.15619e-06
3.11569 1.4382 120 315 1.17434e-06
3.11644 1.4382 120 315 1.19189e-06
3.11719 1.4382 120 315 1.20884e-06
3.11794 1.4382 120 315 1.22526e-06
3.11869 1.4382 120 315 1.24127e-06
3.11944 1.4382 120 315 1.25704e-06
3.12019 1.4382 120 315 1.27274e-06
3.12094 1.4382 120 315 1.28857e-06
3.12169 1.4382 120 315 1.30473e-06
3.12244 1.4382 120 315 1.32141e-06
3.12319 1.4382 120 315 1.3388e-06
3.12394 1.4382 120 315 1.35706e-06
3.12469 1.4382 120 315 1.37637e-06
3.12544 1.4382 120 315 1.39688e-06
3.12619 1.4382 120 315 1.41874e-06
3.12694 1.4382 120 315 1.44208e-06
3.12769 1.4382 120 315 1.46704e-06
3.12844 1.4382 120 315 1.49374e-06
3.12919 1.4382 120 315 1.5223e-06
3.12994 1.4382 120 315 1.55285e-06
3.13069 1.4382 120 315 1.58733e-06
3.13144 1.4382 120 315 1.62213e-06
3.13219 1.4382 120 315 1.65928e-06
3.13294 1.4382 120 315 1.69894e-06
3.13369 1.4382 120 315 1.74124e-06
3.13444 1.4382 120 315 1.78631e-06
3.13519 1.4382 120 315 1.83432e-06
3.13594 1.4382 120 315 1.88542e-06
3.13669 1.4382 120 315 1.93978e-06
3.13744 1.4382 120 315 1.99758e-06
3.13819 1.4382 120 315 2.05902e-06
3.13894 1.4382 120 315 2.12429e-06
3.13969 1.4382 120 315 2.19359e-06
3.14044 1.4382 120 315 2.26713e-06
3.14119 1.4382 120 315 2.34513e-06
3.14194 1.4382 120 315 2.42781e-06
3.14269 1.4382 120 315 2.51539e-06
3.14344 1.4382 120 315 2.60807e-06
3.14419 1.4382 120 315 2.70607e-06
3.14494 1.4382 120 315 2.80955e-06
3.14569 1.4382 120 315 2.91869e-06
3.14644 1.4382 120 315 3.0336e-06
3.14719 1.4382 120 315 3.15436e-06
3.14794 1.4382 120 315 3.28096e-06
3.14869 1.4382 120 315 3.41335e-06
3.14944 1.4382 120 315 3.55133e-06
3.15019 1.4382 120 315 3.69461e-06
3.15094 1.4382 120 315 3.84271e-06
3.15169 1.4382 120 315 3.99506e-06
3.15244 1.4382 120 315 4.15081e-06
3.15319 1.4382 120 315 4.30894e-06
3.15394 1.4382 120 315 4.46813e-06
3.15469 1.4382 120 315 4.62696e-06
3.15544 1.4382 120 315 4.78367e-06
3.15619 1.4382 120 315 4.9363e-06
3.15694 1.4382 120 315 5.08276e-06
3.15769 1.4382 120 315 5.22083e-06
3.15844 1.4382 120 315 5.34828e-06
3.15919 1.4382 120 315 5.46295e-06
3.15994 1.4382 120 315 5.56288e-06
3.16069 1.4382 120 315 5.6464e-06
3.16144 1.4382 120 315 5.71225e-06
3.16219 1.4382 120 315 5.75969e-06
3.16294 1.4382 120 315 5.78852e-06
3.16369 1.4382 120 315 5.79911e-06
3.16444 1.4382 120 315 5.79242e-06
3.16519 1.4382 120 315 5.76988e-06
3.16594 1.4382 120 315 5.73338e-06
3.16669 1.4382 120 315 5.68508e-06
3.16744 1.4382 120 315 5.62737e-06
3.16819 1.4382 120 315 5.5627e-06
3.16894 1.4382 120 315 5.49353e-06
3.16969 1.4382 120 315 5.42221e-06
3.17045 1.4382 120 315 5.3509e-06
3.1712 1.4382 120 315 5.28161e-06
3.17195 1.4382 120 315 5.21613e-06
3.1727 1.4382 120 315 5.15591e-06
3.17345 1.4382 120 315 5.1023e-06
3.1742 1.4382 120 315 5.05641e-06
3.17495 1.4382 120 315 5.01914e-06
3.1757 1.4382 120 315 4.99124e-06
3.17645 1.4382 120 315 4.97328e-06
3.1772 1.4382 120 315 4.96574e-06
3.17795 1.4382 120 315 4.96891e-06
3.1787 1.4382 120 315 4.98297e-06
3.17945 1.4382 120 315 5.00805e-06
3.1802 1.4382 120 315 5.04412e-06
3.18095 1.4382 120 315 5.09102e-06
3.1817 1.4382 120 315 5.14851e-06
3.18245 1.4382 120 315 5.21615e-06
3.1832 1.4382 120 315 5.29336e-06
3.18395 1.4382 120 315 5.37941e-06
3.1847 1.4382 120 315 5.47333e-06
3.18545 1.4382 120 315 5.57397e-06
3.1862 1.4382 120 315 5.67991e-06
3.18695 1.4382 120 315 5.78953e-06
3.1877 1.4382 120 315 5.90098e-06
3.18845 1.4382 120 315 6.0122e-06
3.1892 1.4382 120 315 6.12095e-06
3.18995 1.4382 120 315 6.22492e-06
3.1907 1.4382 120 315 6.32177e-06
3.19145 1.4382 120 315 6.40925e-06
3.1922 1.4382 120 315 6.48528e-06
3.19295 1.4382 120 315 6.54811e-06
3.1937 1.4382 120 315 6.59636e-06
3.19445 1.4382 120 315 6.62915e-06
3.1952 1.4382 120 315 6.64609e-06
3.19595 1.4382 120 315 6.64732e-06
3.1967 1.4382 120 315 6.63342e-06
3.19745 1.4382 120 315 6.60536e-06
3.1982 1.4382 120 315 6.56438e-06
3.19895 1.4382 120 315 6.51184e-06
3.1997 1.4382 120 315 6.4491e-06
3.20045 1.4382 120 315 6.37753e-06
3.2012 1.4382 120 315 6.29797e-06
3.20195 1.4382 120 315 6.21133e-06
3.2027 1.4382 120 315 6.11814e-06
3.20345 1.4382 120 315 6.01868e-06
3.2042 1.4382 120 315 5.91305e-06
3.20495 1.4382 120 315 5.80122e-06
3.2057 1.4382 120 315 5.68312e-06
3.20645 1.4382 120 315 5.55872e-06
3.2072 1.4382 120 315 5.42815e-06
3.20795 1.4382 120 315 5.29169e-06
3.2087 1.4382 120 315 5.14981e-06
3.20945 1.4382 120 315 5.00319e-06
3.2102 1.4382 120 315 4.85273e-06
3.21095 1.4382 120 315 4.69938e-06
3.2117 1.4382 120 315 4.54423e-06
3.21245 1.4382 120 315 4.3884e-06
3.2132 1.4382 120 315 4.23297e-06
3.21395 1.4382 120 315 4.07898e-06
3.2147 1.4382 120 315 3.92734e-06
3.21545 1.4382 120 315 3.7789e-06
3.2162 1.4382 120 315 3.63426e-06
3.21695 1.4382 120 315 3.49399e-06
3.2177 1.4382 120 315 3.35852e-06
3.21845 1.4382 120 315 3.22812e-06
3.2192 1.4382 120 315 3.10299e-06
3.21995 1.4382 120 315 2.98323e-06
3.2207 1.4382 120 315 2.86885e-06
3.22145 1.4382 120 315 2.7598e-06
3.2222 1.4382 120 315 2.656e-06
3.22295 1.4382 120 315 2.5573e-06
3.2237 1.4382 120 315 2.46356e-06
3.22445 1.4382 120 315 2.37454e-06
3.2252 1.4382 120 315 2.29006e-06
3.22595 1.4382 120 315 2.20996e-06
3.2267 1.4382 120 315 2.13395e-06
3.22745 1.4382 120 315 2.06182e-06
3.2282 1.4382 120 315 1.99341e-06
3.22895 1.4382 120 315 1.92849e-06
3.2297 1.4382 120 315 1.86685e-06
3.23046 1.4382 120 315 1.8083e-06
3.23121 1.4382 120 315 1.7527e-06
3.23196 1.4382 120 315 1.69978e-06
3.23271 1.4382 120 315 1.64942e-06
3.23346 1.4382 120 315 1.60146e-06
3.23421 1.4382 120 315 1.55578e-06
3.23496 1.4382 120 315 1.51221e-06
3.23571 1.4382 120 315 1.47065e-06
3.23646 1.4382 120 315 1.43088e-06
3.23721 1.4382 120 315 1.39281e-06
3.23796 1.4382 120 315 1.35643e-06
3.23871 1.4382 120 315 1.32163e-06
3.23946 1.4382 120 315 1.2883e-06
3.24021 1.4382 120 315 1.25641e-06
3.24096 1.4382 120 315 1.22592e-06
3.24171 1.4382 120 315 1.19682e-06
3.24246 1.4382 120 315 1.1691e-06
3.24321 1.4382 120 315 1.1428e-06
3.24396 1.4382 120 315 1.11799e-06
3.24471 1.4382 120 315 1.09474e-06
3.24546 1.4382 120 315 1.07321e-06
3.24621 1.4382 120 315 1.05354e-06
3.24696 1.4382 120 315 1.03594e-06
3.24771 1.4382 120 315 1.02066e-06
3.24846 1.4382 120 315 1.00798e-06
3.24921 1.4382 120 315 9.98199e-07
3.24996 1.4382 120 315 9.91656e-07
3.25071 1.4382 120 315 9.88683e-07
3.25146 1.4382 120 315 9.89602e-07
3.25221 1.4382 120 315 9.94664e-07
3.25296 1.4382 120 315 1.00417e-06
3.25371 1.4382 120 315 1.01822e-06
3.25446 1.4382 120 315 1.03683e-06
3.25521 1.4382 120 315 1.0599e-06
3.25596 1.4382 120 315 1.08715e-06
3.25671 1.4382 120 315 1.11819e-06
3.25746 1.4382 120 315 1.15245e-06
3.25821 1.4382 120 315 1.18926e-06
3.25896 1.4382 120 315 1.22778e-06
3.25971 1.4382 120 315 1.26727e-06
3.26046 1.4382 120 315 1.30678e-06
3.26121 1.4382 120 315 1.34554e-06
3.26196 1.4382 120 315 1.38269e-06
3.26271 1.4382 120 315 1.4175e-06
3.26346 1.4382 120 315 1.4493e-06
3.26421 1.4382 120 315 1.47753e-06
3.26496 1.4382 120 315 1.50171e-06
3.26571 1.4382 120 315 1.52145e-06
3.26646 1.4382 120 315 1.53646e-06
3.26721 1.4382 120 315 1.5465e-06
3.26796 1.4382 120 315 1.55146e-06
3.26871 1.4382 120 315 1.55126e-06
3.26946 1.4382 120 315 1.54594e-06
3.27021 1.4382 120 315 1.53559e-06
3.27096 1.4382 120 315 1.52038e-06
3.27171 1.4382 120 315 1.50056e-06
3.27246 1.4382 120 315 1.47644e-06
3.27321 1.4382 120 315 1.44837e-06
3.27396 1.4382 120 315 1.41679e-06
3.27471 1.4382 120 315 1.38213e-06
3.27546 1.4382 120 315 1.34482e-06
3.27621 1.4382 120 315 1.30537e-06
3.27696 1.4382 120 315 1.26422e-06
3.27771 1.4382 120 315 1.22182e-06
3.27846 1.4382 120 315 1.17857e-06
3.27921 1.4382 120 315 1.13489e-06
3.27996 1.4382 120 315 1.09114e-06
3.28071 1.4382 120 315 1.04768e-06
3.28146 1.4382 120 315 1.00485e-06
3.28221 1.4382 120 315 9.62956e-07
3.28296 1.4382 120 315 9.22335e-07
3.28371 1.4382 120 315 8.8331e-07
3.28446 1.4382 120 315 8.46224e-07
3.28521 1.4382 120 315 8.11421e-07
3.28596 1.4382 120 315 7.79277e-07
3.28671 1.4382 120 315 7.50178e-07
3.28746 1.4382 120 315 7.24523e-07
3.28821 1.4382 120 315 7.02707e-07
3.28896 1.4382 120 315 6.85109e-07
3.28971 1.4382 120 315 6.72067e-07
3.29047 1.4382 120 315 6.63858e-07
3.29122 1.4382 120 315 6.60665e-07
3.29197 1.4382 120 315 6.62554e-07
3.29272 1.4382 120 315 6.69451e-07
3.29347 1.4382 120 315 6.81128e-07
3.29422 1.4382 120 315 6.97437e-07
3.29497 1.4382 120 315 7.17352e-07
3.29572 1.4382 120 315 7.40453e-07
3.29647 1.4382 120 315 7.66011e-07
3.29722 1.4382 120 315 7.93205e-07
3.29797 1.4382 120 315 8.21226e-07
3.29872 1.4382 120 315 8.49305e-07
3.29947 1.4382 120 315 8.76749e-07
3.30022 1.4382 120 315 9.02979e-07
3.30097 1.4382 120 315 9.27539e-07
3.30172 1.4382 120 315 9.50121e-07
3.30247 1.4382 120 315 9.70519e-07
3.30322 1.4382 120 315 9.88673e-07
3.30397 1.4382 120 315 1.00462e-06
3.30472 1.4382 120 315 1.01847e-06
3.30547 1.4382 120 315 1.0304e-06
3.30622 1.4382 120 315 1.04066e-06
3.30697 1.4382 120 315 1.0495e-06
3.30772 1.4382 120 315 1.05717e-06
3.30847 1.4382 120 315 1.06395e-06
3.30922 1.4382 120 315 1.0701e-06
3.30997 1.4382 120 315 1.07587e-06
3.31072 1.4382 120 315 1.0815e-06
3.31147 1.4382 120 315 1.08722e-06
3.31222 1.4382 120 315 1.09322e-06
3.31297 1.4382 120 315 1.09969e-06
3.31372 1.4382 120 315 1.10681e-06
3.31447 1.4382 120 315 1.11473e-06
3.31522 1.4382 120 315 1.1236e-06
3.31597 1.4382 120 315 1.13354e-06
3.31672 1.4382 120 315 1.14467e-06
3.31747 1.4382 120 315 1.15711e-06
3.31822 1.4382 120 315 1.17096e-06
3.31897 1.4382 120 315 1.18632e-06
3.31972 1.4382 120 315 1.2033e-06
3.32047 1.4382 120 315 1.22199e-06
3.32122 1.4382 120 315 1.24248e-06
3.32197 1.4382 120 315 1.26488e-06
3.32272 1.4382 120 315 1.28927e-06
3.32347 1.4382 120 315 1.31575e-06
3.32422 1.4382 120 315 1.34443e-06
3.32497 1.4382 120 315 1.37541e-06
3.32572 1.4382 120 315 1.40878e-06
3.32647 1.4382 120 315 1.44466e-06
3.32722 1.4382 120 315 1.48313e-06
3.32797 1.4382 120 315 1.52431e-06
3.32872 1.4382 120 315 1.56828e-06
3.32947 1.4382 120 315 1.61515e-06
3.33022 1.4382 120 315 1.66497e-06
3.33097 1.4382 120 315 1.71782e-06
3.33172 1.4382 120 315 1.77374e-06
3.33247 1.4382 120 315 1.83273e-06
3.33322 1.4382 120 315 1.89478e-06
3.33397 1.4382 120 315 1.95983e-06
3.33472 1.4382 120 315 2.02774e-06
3.33547 1.4382 120 315 2.09834e-06
3.33622 1.4382 120 315 2.17135e-06
3.33697 1.4382 120 315 2.24643e-06
3.33772 1.4382 120 315 2.32312e-06
3.33847 1.4382 120 315 2.40084e-06
3.33922 1.4382 120 315 2.4789e-06
3.33997 1.4382 120 315 2.5565e-06
3.34072 1.4382 120 315 2.63267e-06
3.34147 1.4382 120 315 2.70636e-06
3.34222 1.4382 120 315 2.7764e-06
3.34297 1.4382 120 315 2.84155e-06
3.34372 1.4382 120 315 2.90053e-06
3.34447 1.4382 120 315 2.95209e-06
3.34522 1.4382 120 315 2.99501e-06
3.34597 1.4382 120 315 3.02823e-06
3.34672 1.4382 120 315 3.05086e-06
3.34747 1.4382 120 315 3.06232e-06
3.34822 1.4382 120 315 3.06216e-06
3.34897 1.4382 120 315 3.05039e-06
3.34972 1.4382 120 315 3.0273e-06
3.35048 1.4382 120 315 2.99349e-06
3.35123 1.4382 120 315 2.94984e-06
3.35198 1.4382 120 315 2.89744e-06
3.35273 1.4382 120 315 2.83758e-06
3.35348 1.4382 120 315 2.77162e-06
3.35423 1.4382 120 315 2.70097e-06
3.35498 1.4382 120 315 2.62697e-06
3.35573 1.4382 120 315 2.55092e-06
3.35648 1.4382 120 315 2.47397e-06
3.35723 1.4382 120 315 2.39709e-06
3.35798 1.4382 120 315 2.32111e-06
3.35873 1.4382 120 315 2.24667e-06
3.35948 1.4382 120 315 2.17424e-06
3.36023 1.4382 120 315 2.10416e-06
3.36098 1.4382 120 315 2.03665e-06
3.36173 1.4382 120 315 1.97182e-06
3.36248 1.4382 120 315 1.90969e-06
3.36323 1.4382 120 315 1.85024e-06
3.36398 1.4382 120 315 1.79342e-06
3.36473 1.4382 120 315 1.73915e-06
3.36548 1.4382 120 315 1.68731e-06
3.36623 1.4382 120 315 1.63781e-06
3.36698 1.4382 120 315 1.59051e-06
3.36773 1.4382 120 315 1.5453e-06
3.36848 1.4382 120 315 1.50207e-06
3.36923 1.4382 120 315 1.46071e-06
3.36998 1.4382 120 315 1.42111e-06
3.37073 1.4382 120 315 1.38317e-06
3.37148 1.4382 120 315 1.34678e-06
3.37223 1.4382 120 315 1.31325e-06
3.37298 1.4382 120 315 1.2796e-06
3.37373 1.4382 120 315 1.2473e-06
3.37448 1.4382 120 315 1.21627e-06
3.37523 1.4382 120 315 1.18645e-06
3.37598 1.4382 120 315 1.15781e-06
3.37673 1.4382 120 315 1.13028e-06
3.37748 1.4382 120 315 1.10387e-06
3.37823 1.4382 120 315 1.07854e-06
3.37898 1.4382 120 315 1.05426e-06
3.37973 1.4382 120 315 1.03102e-06
3.38048 1.4382 120 315 1.0088e-06
3.38123 1.4382 120 315 9.87592e-07
3.38198 1.4382 120 315 9.67371e-07
3.38273 1.4382 120 315 9.48131e-07
3.38348 1.4382 120 315 9.29847e-07
3.38423 1.4382 120 315 9.12507e-07
3.38498 1.4382 120 315 8.96089e-07
3.38573 1.4382 120 315 8.80574e-07
3.38648 1.4382 120 315 8.65939e-07
3.38723 1.4382 120 315 8.52161e-07
3.38798 1.4382 120 315 8.39216e-07
3.38873 1.4382 120 315 8.27079e-07
3.38948 1.4382 120 315 8.15726e-07
3.39023 1.4382 120 315 8.05133e-07
3.39098 1.4382 120 315 7.95275e-07
3.39173 1.4382 120 315 7.86129e-07
3.39248 1.4382 120 315 7.77672e-07
3.39323 1.4382 120 315 7.69881e-07
3.39398 1.4382 120 315 7.62738e-07
3.39473 1.4382 120 315 7.56222e-07
3.39548 1.4382 120 315 7.50317e-07
3.39623 1.4382 120 315 7.45002e-07
3.39698 1.4382 120 315 7.40263e-07
3.39773 1.4382 120 315 7.36086e-07
3.39848 1.4382 120 315 7.32458e-07
3.39923 1.4382 120 315 7.29367e-07
3.39998 1.4382 120 315 7.26803e-07
3.40073 1.4382 120 315 7.24757e-07
3.40148 1.4382 120 315 7.23221e-07
3.40223 1.4382 120 315 7.22186e-07
3.40298 1.4382 120 315 7.21653e-07
3.40373 1.4382 120 315 7.21615e-07
3.40448 1.4382 120 315 7.22069e-07
3.40523 1.4382 120 315 7.23014e-07
3.40598 1.4382 120 315 7.24451e-07
3.40673 1.4382 120 315 7.2638e-07
3.40748 1.4382 120 315 7.28805e-07
3.40823 1.4382 120 315 7.31728e-07
3.40898 1.4382 120 315 7.35156e-07
3.40973 1.4382 120 315 7.39094e-07
3.41049 1.4382 120 315 7.43551e-07
3.41124 1.4382 120 315 7.48535e-07
3.41199 1.4382 120 315 7.54057e-07
3.41274 1.4382 120 315 7.60129e-07
3.41349 1.4382 120 315 7.66764e-07
3.41424 1.4382 120 315 7.73977e-07
3.41499 1.4382 120 315 7.81785e-07
3.41574 1.4382 120 315 7.90204e-07
3.41649 1.4382 120 315 7.99254e-07
3.41724 1.4382 120 315 8.08955e-07
3.41799 1.4382 120 315 8.19331e-07
3.41874 1.4382 120 315 8.30399e-07
3.41949 1.4382 120 315 8.42196e-07
3.42024 1.4382 120 315 8.54744e-07
3.42099 1.4382 120 315 8.68071e-07
3.42174 1.4382 120 315 8.82206e-07
3.42249 1.4382 120 315 8.97183e-07
3.42324 1.4382 120 315 9.13036e-07
3.42399 1.4382 120 315 9.29797e-07
3.42474 1.4382 120 315 9.475e-07
3.42549 1.4382 120 315 9.66188e-07
3.42624 1.4382 120 315 9.85886e-07
3.42699 1.4382 120 315 1.00666e-06
3.42774 1.4382 120 315 1.02853e-06
3.42849 1.4382 120 315 1.05154e-06
3.42924 1.4382 120 315 1.07575e-06
3.42999 1.4382 120 315 1.10119e-06
3.43074 1.4382 120 315 1.12791e-06
3.43149 1.4382 120 315 1.15595e-06
3.43224 1.4382 120 315 1.18538e-06
3.43299 1.4382 120 315 1.21624e-06
3.43374 1.4382 120 315 1.24859e-06
3.43449 1.4382 120 315 1.28248e-06
3.43524 1.4382 120 315 1.31798e-06
3.43599 1.4382 120 315 1.35514e-06
3.43674 1.4382 120 315 1.39401e-06
3.43749 1.4382 120 315 1.43466e-06
3.43824 1.4382 120 315 1.47713e-06
3.43899 1.4382 120 315 1.52147e-06
3.43974 1.4382 120 315 1.56771e-06
3.44049 1.4382 120 315 1.61586e-06
3.44124 1.4382 120 315 1.66594e-06
3.44199 1.4382 120 315 1.71792e-06
3.44274 1.4382 120 315 1.77175e-06
3.44349 1.4382 120 315 1.82736e-06
3.44424 1.4382 120 315 1.88464e-06
3.44499 1.4382 120 315 1.94344e-06
3.44574 1.4382 120 315 2.00359e-06
3.44649 1.4382 120 315 2.06486e-06
3.44724 1.4382 120 315 2.12701e-06
3.44799 1.4382 120 315 2.18972e-06
3.44874 1.4382 120 315 2.25268e-06
3.44949 1.4382 120 315 2.31553e-06
3.45024 1.4382 120 315 2.37789e-06
3.45099 1.4382 120 315 2.43938e-06
3.45174 1.4382 120 315 2.49957e-06
3.45249 1.4382 120 315 2.55808e-06
3.45324 1.4382 120 315 2.61451e-06
3.45399 1.4382 120 315 2.66844e-06
3.45474 1.4382 120 315 2.71947e-06
3.45549 1.4382 120 315 2.7672e-06
3.45624 1.4382 120 315 2.81124e-06
3.45699 1.4382 120 315 2.85119e-06
3.45774 1.4382 120 315 2.88665e-06
3.45849 1.4382 120 315 2.91722e-06
3.45924 1.4382 120 315 2.94252e-06
3.45999 1.4382 120 315 2.96219e-06
3.46074 1.4382 120 315 2.9759e-06
3.46149 1.4382 120 315 2.98339e-06
3.46224 1.4382 120 315 2.98448e-06
3.46299 1.4382 120 315 2.97908e-06
3.46374 1.4382 120 315 2.96726e-06
3.46449 1.4382 120 315 2.9492e-06
3.46524 1.4382 120 315 2.92522e-06
3.46599 1.4382 120 315 2.8958e-06
3.46674 1.4382 120 315 2.86153e-06
3.46749 1.4382 120 315 2.82312e-06
3.46824 1.4382 120 315 2.78136e-06
3.46899 1.4382 120 315 2.73708e-06
3.46974 1.4382 120 315 2.6911e-06
3.4705 1.4382 120 315 2.64425e-06
3.47125 1.4382 120 315 2.59725e-06
3.472 1.4382 120 315 2.55084e-06
3.47275 1.4382 120 315 2.50556e-06
3.4735 1.4382 120 315 2.46189e-06
3.47425 1.4382 120 315 2.42016e-06
3.475 1.4382 120 315 2.38065e-06
3.47575 1.4382 120 315 2.34351e-06
3.4765 1.4382 120 315 2.30879e-06
3.47725 1.4382 120 315 2.27653e-06
3.478 1.4382 120 315 2.2467e-06
3.47875 1.4382 120 315 2.21924e-06
3.4795 1.4382 120 315 2.19409e-06
3.48025 1.4382 120 315 2.17118e-06
3.481 1.4382 120 315 2.15043e-06
3.48175 1.4382 120 315 2.13179e-06
3.4825 1.4382 120 315 2.11519e-06
3.48325 1.4382 120 315 2.10059e-06
3.484 1.4382 120 315 2.08793e-06
3.48475 1.4382 120 315 2.07715e-06
3.4855 1.4382 120 315 2.06819e-06
3.48625 1.4382 120 315 2.06098e-06
3.487 1.4382 120 315 2.05544e-06
3.48775 1.4382 120 315 2.05148e-06
3.4885 1.4382 120 315 2.04898e-06
3.48925 1.4382 120 315 2.04784e-06
3.49 1.4382 120 315 2.04794e-06
3.49075 1.4382 120 315 2.04917e-06
3.4915 1.4382 120 315 2.05143e-06
3.49225 1.4382 120 315 2.05462e-06
3.493 1.4382 120 315 2.05868e-06
3.49375 1.4382 120 315 2.06355e-06
3.4945 1.4382 120 315 2.06921e-06
3.49525 1.4382 120 315 2.07568e-06
3.496 1.4382 120 315 2.08302e-06
3.49675 1.4382 120 315 2.0913e-06
3.4975 1.4382 120 315 2.10062e-06
3.49825 1.4382 120 315 2.11113e-06
3.499 1.4382 120 315 2.12298e-06
3.49975 1.4382 120 315 2.13632e-06
3.5005 1.4382 120 315 2.15134e-06
3.50125 1.4382 120 315 2.16818e-06
3.502 1.4382 120 315 2.18701e-06
3.50275 1.4382 120 315 2.20796e-06
3.5035 1.4382 120 315 2.23115e-06
3.50425 1.4382 120 315 2.25667e-06
3.505 1.4382 120 315 2.28456e-06
3.50575 1.4382 120 315 2.31484e-06
3.5065 1.4382 120 315 2.34749e-06
3.50725 1.4382 120 315 2.38245e-06
3.508 1.4382 120 315 2.41958e-06
3.50875 1.4382 120 315 2.45874e-06
3.5095 1.4382 120 315 2.49971e-06
3.51025 1.4382 120 315 2.54221e-06
3.511 1.4382 120 315 2.58594e-06
3.51175 1.4382 120 315 2.63052e-06
3.5125 1.4382 120 315 2.67557e-06
3.51325 1.4382 120 315 2.72064e-06
3.514 1.4382 120 315 2.76528e-06
3.51475 1.4382 120 315 2.80902e-06
3.5155 1.4382 120 315 2.8514e-06
3.51625 1.4382 120 315 2.89203e-06
3.517 1.4382 120 315 2.93048e-06
3.51775 1.4382 120 315 2.96647e-06
3.5185 1.4382 120 315 2.99976e-06
3.51925 1.4382 120 315 3.03023e-06
3.52 1.4382 120 315 3.05786e-06
3.52075 1.4382 120 315 3.08276e-06
3.5215 1.4382 120 315 3.10514e-06
3.52225 1.4382 120 315 3.12532e-06
3.523 1.4382 120 315 3.14372e-06
3.52375 1.4382 120 315 3.16084e-06
3.5245 1.4382 120 315 3.17724e-06
3.52525 1.4382 120 315 3.19354e-06
3.526 1.4382 120 315 3.21036e-06
3.52675 1.4382 120 315 3.22832e-06
3.5275 1.4382 120 315 3.24807e-06
3.52825 1.4382 120 315 3.27018e-06
3.529 1.4382 120 315 3.29521e-06
3.52975 1.4382 120 315 3.32367e-06
3.53051 1.4382 120 315 3.35601e-06
3.53126 1.4382 120 315 3.39263e-06
3.53201 1.4382 120 315 3.43383e-06
3.53276 1.4382 120 315 3.47989e-06
3.53351 1.4382 120 315 3.53097e-06
3.53426 1.4382 120 315 3.58717e-06
3.53501 1.4382 120 315 3.64851e-06
3.53576 1.4382 120 315 3.7149e-06
3.53651 1.4382 120 315 3.78617e-06
3.53726 1.4382 120 315 3.86201e-06
3.53801 1.4382 120 315 3.94203e-06
3.53876 1.4382 120 315 4.02567e-06
3.53951 1.4382 120 315 4.11225e-06
3.54026 1.4382 120 315 4.20097e-06
3.54101 1.4382 120 315 4.29083e-06
3.54176 1.4382 120 315 4.3807e-06
3.54251 1.4382 120 315 4.46933e-06
3.54326 1.4382 120 315 4.55531e-06
3.54401 1.4382 120 315 4.63714e-06
3.54476 1.4382 120 315 4.71322e-06
3.54551 1.4382 120 315 4.78195e-06
3.54626 1.4382 120 315 4.84172e-06
3.54701 1.4382 120 315 4.89099e-06
3.54776 1.4382 120 315 4.92837e-06
3.54851 1.4382 120 315 4.95265e-06
3.54926 1.4382 120 315 4.96288e-06
3.55001 1.4382 120 315 4.95841e-06
3.55076 1.4382 120 315 4.93888e-06
3.55151 1.4382 120 315 4.90432e-06
3.55226 1.4382 120 315 4.85506e-06
3.55301 1.4382 120 315 4.79176e-06
3.55376 1.4382 120 315 4.71537e-06
3.55451 1.4382 120 315 4.62702e-06
3.55526 1.4382 120 315 4.52807e-06
3.55601 1.4382 120 315 4.42e-06
3.55676 1.4382 120 315 4.3042e-06
3.55751 1.4382 120 315 4.18219e-06
3.55826 1.4382 120 315 4.0554e-06
3.55901 1.4382 120 315 3.92518e-06
3.55976 1.4382 120 315 3.79275e-06
3.56051 1.4382 120 315 3.65925e-06
3.56126 1.4382 120 315 3.52558e-06
3.56201 1.4382 120 315 3.39263e-06
3.56276 1.4382 120 315 3.26111e-06
3.56351 1.4382 120 315 3.13164e-06
3.56426 1.4382 120 315 3.00471e-06
3.56501 1.4382 120 315 2.88077e-06
3.56576 1.4382 120 315 2.76017e-06
3.56651 1.4382 120 315 2.64323e-06
3.56726 1.4382 120 315 2.53021e-06
3.56801 1.4382 120 315 2.42137e-06
3.56876 1.4382 120 315 2.31692e-06
3.56951 1.4382 120 315 2.21706e-06
3.57026 1.4382 120 315 2.12199e-06
3.57101 1.4382 120 315 2.03187e-06
3.57176 1.4382 120 315 1.94686e-06
3.57251 1.4382 120 315 1.86707e-06
3.57326 1.4382 120 315 1.79262e-06
3.57401 1.4382 120 315 1.72353e-06
3.57476 1.4382 120 315 1.65981e-06
3.57551 1.4382 120 315 1.60137e-06
3.57626 1.4382 120 315 1.54807e-06
3.57701 1.4382 120 315 1.4997e-06
3.57776 1.4382 120 315 1.45596e-06
3.57851 1.4382 120 315 1.41651e-06
3.57926 1.4382 120 315 1.38095e-06
3.58001 1.4382 120 315 1.34882e-06
3.58076 1.4382 120 315 1.31967e-06
3.58151 1.4382 120 315 1.29303e-06
3.58226 1.4382 120 315 1.26846e-06
3.58301 1.4382 120 315 1.24553e-06
3.58376 1.4382 120 315 1.22388e-06
3.58451 1.4382 120 315 1.20316e-06
3.58526 1.4382 120 315 1.18313e-06
3.58601 1.4382 120 315 1.16356e-06
3.58676 1.4382 120 315 1.14426e-06
3.58751 1.4382 120 315 1.12513e-06
3.58826 1.4382 120 315 1.10606e-06
3.58901 1.4382 120 315 1.08701e-06
3.58976 1.4382 120 315 1.06795e-06
3.59052 1.4382 120 315 1.04887e-06
3.59127 1.4382 120 315 1.02978e-06
3.59202 1.4382 120 315 1.0107e-06
3.59277 1.4382 120 315 9.91657e-07
3.59352 1.4382 120 315 9.72695e-07
3.59427 1.4382 120 315 9.5385e-07
3.59502 1.4382 120 315 9.35164e-07
3.59577 1.4382 120 315 9.16677e-07
3.59652 1.4382 120 315 8.98427e-07
3.59727 1.4382 120 315 8.80433e-07
3.59802 1.4382 120 315 8.62763e-07
3.59877 1.4382 120 315 8.4543e-07
3.59952 1.4382 120 315 8.28457e-07
3.60027 1.4382 120 315 8.11864e-07
3.60102 1.4382 120 315 7.95668e-07
3.60177 1.4382 120 315 7.79882e-07
3.60252 1.4382 120 315 7.64513e-07
3.60327 1.4382 120 315 7.49567e-07
3.60402 1.4382 120 315 7.3506e-07
3.60477 1.4382 120 315 7.20962e-07
3.60552 1.4382 120 315 7.07269e-07
3.60627 1.4382 120 315 6.94002e-07
3.60702 1.4382 120 315 6.81179e-07
3.60777 1.4382 120 315 6.6871e-07
3.60852 1.4382 120 315 6.56619e-07
3.60927 1.4382 120 315 6.44892e-07
3.61002 1.4382 120 315 6.33511e-07
3.61077 1.4382 120 315 6.22455e-07
3.61152 1.4382 120 315 6.11704e-07
3.61227 1.4382 120 315 6.01233e-07
3.61302 1.4382 120 315 5.91018e-07
3.61377 1.4382 120 315 5.81033e-07
3.61452 1.4382 120 315 5.71256e-07
3.61527 1.4382 120 315 5.61652e-07
3.61602 1.4382 120 315 5.52199e-07
3.61677 1.4382 120 315 5.42871e-07
3.61752 1.4382 120 315 5.33643e-07
3.61827 1.4382 120 315 5.24491e-07
3.61902 1.4382 120 315 5.1539e-07
3.61977 1.4382 120 315 5.06338e-07
3.62052 1.4382 120 315 4.97276e-07
3.62127 1.4382 120 315 4.88202e-07
3.62202 1.4382 120 315 4.79099e-07
3.62277 1.4382 120 315 4.69948e-07
3.62352 1.4382 120 315 4.60736e-07
3.62427 1.4382 120 315 4.51701e-07
3.62502 1.4382 120 315 4.42327e-07
3.62577 1.4382 120 315 4.32858e-07
3.62652 1.4382 120 315 4.2329e-07
3.62727 1.4382 120 315 4.13626e-07
3.62802 1.4382 120 315 4.03871e-07
3.62877 1.4382 120 315 3.94041e-07
3.62952 1.4382 120 315 3.84159e-07
3.63027 1.4382 120 315 3.74214e-07
3.63102 1.4382 120 315 3.64346e-07
3.63177 1.4382 120 315 3.54572e-07
3.63252 1.4382 120 315 3.44971e-07
3.63327 1.4382 120 315 3.35644e-07
3.63402 1.4382 120 315 3.2671e-07
3.63477 1.4382 120 315 3.1828e-07
3.63552 1.4382 120 315 3.10581e-07
3.63627 1.4382 120 315 3.03773e-07
3.63702 1.4382 120 315 2.98066e-07
3.63777 1.4382 120 315 2.93685e-07
3.63852 1.4382 120 315 2.90868e-07
3.63927 1.4382 120 315 2.89852e-07
3.64002 1.4382 120 315 2.90867e-07
3.64077 1.4382 120 315 2.94122e-07
3.64152 1.4382 120 315 2.99791e-07
3.64227 1.4382 120 315 3.07998e-07
3.64302 1.4382 120 315 3.18803e-07
3.64377 1.4382 120 315 3.3219e-07
3.64452 1.4382 120 315 3.48062e-07
3.64527 1.4382 120 315 3.662e-07
3.64602 1.4382 120 315 3.8641e-07
3.64677 1.4382 120 315 4.08314e-07
3.64752 1.4382 120 315 4.31514e-07
3.64827 1.4382 120 315 4.5557e-07
3.64902 1.4382 120 315 4.80027e-07
3.64977 1.4382 120 315 5.04433e-07
3.65053 1.4382 120 315 5.28363e-07
3.65128 1.4382 120 315 5.51437e-07
3.65203 1.4382 120 315 5.73335e-07
3.65278 1.4382 120 315 5.9312e-07
3.65353 1.4382 120 315 6.12203e-07
3.65428 1.4382 120 315 6.29537e-07
3.65503 1.4382 120 315 6.45074e-07
3.65578 1.4382 120 315 6.58824e-07
3.65653 1.4382 120 315 6.70846e-07
3.65728 1.4382 120 315 6.81238e-07
3.65803 1.4382 120 315 6.90127e-07
3.65878 1.4382 120 315 6.97659e-07
3.65953 1.4382 120 315 7.03994e-07
3.66028 1.4382 120 315 7.09297e-07
3.66103 1.4382 120 315 7.13732e-07
3.66178 1.4382 120 315 7.17462e-07
3.66253 1.4382 120 315 7.20651e-07
3.66328 1.4382 120 315 7.23426e-07
3.66403 1.4382 120 315 7.25929e-07
3.66478 1.4382 120 315 7.28287e-07
3.66553 1.4382 120 315 7.30614e-07
3.66628 1.4382 120 315 7.33014e-07
3.66703 1.4382 120 315 7.3558e-07
3.66778 1.4382 120 315 7.38396e-07
3.66853 1.4382 120 315 7.41539e-07
3.66928 1.4382 120 315 7.45076e-07
3.67003 1.4382 120 315 7.49077e-07
3.67078 1.4382 120 315 7.5358e-07
3.67153 1.4382 120 315 7.58644e-07
3.67228 1.4382 120 315 7.64315e-07
3.67303 1.4382 120 315 7.70636e-07
3.67378 1.4382 120 315 7.77649e-07
3.67453 1.4382 120 315 7.8539e-07
3.67528 1.4382 120 315 7.93898e-07
3.67603 1.4382 120 315 8.03218e-07
3.67678 1.4382 120 315 8.13368e-07
3.67753 1.4382 120 315 8.24395e-07
3.67828 1.4382 120 315 8.36336e-07
3.67903 1.4382 120 315 8.49229e-07
3.67978 1.4382 120 315 8.63115e-07
3.68053 1.4382 120 315 8.78035e-07
3.68128 1.4382 120 315 8.94033e-07
3.68203 1.4382 120 315 9.11155e-07
3.68278 1.4382 120 315 9.29448e-07
3.68353 1.4382 120 315 9.48961e-07
3.68428 1.4382 120 315 9.69748e-07
3.68503 1.4382 120 315 9.91862e-07
3.68578 1.4382 120 315 1.01536e-06
3.68653 1.4382 120 315 1.0403e-06
3.68728 1.4382 120 315 1.06673e-06
3.68803 1.4382 120 315 1.09473e-06
3.68878 1.4382 120 315 1.12435e-06
3.68953 1.4382 120 315 1.15564e-06
3.69028 1.4382 120 315 1.18866e-06
3.69103 1.4382 120 315 1.22346e-06
3.69178 1.4382 120 315 1.2601e-06
3.69253 1.4382 120 315 1.29861e-06
3.69328 1.4382 120 315 1.33902e-06
3.69403 1.4382 120 315 1.38135e-06
3.69478 1.4382 120 315 1.4256e-06
3.69553 1.4382 120 315 1.47174e-06
3.69628 1.4382 120 315 1.51974e-06
3.69703 1.4382 120 315 1.56952e-06
3.69778 1.4382 120 315 1.62097e-06
3.69853 1.4382 120 315 1.67394e-06
3.69928 1.4382 120 315 1.72825e-06
3.70003 1.4382 120 315 1.78363e-06
3.70078 1.4382 120 315 1.8398e-06
3.70153 1.4382 120 315 1.89639e-06
3.70228 1.4382 120 315 1.95297e-06
3.70303 1.4382 120 315 2.00907e-06
3.70378 1.4382 120 315 2.06412e-06
3.70453 1.4382 120 315 2.11753e-06
3.70528 1.4382 120 315 2.16864e-06
3.70603 1.4382 120 315 2.21678e-06
3.70678 1.4382 120 315 2.26125e-06
3.70753 1.4382 120 315 2.30136e-06
3.70828 1.4382 120 315 2.33644e-06
3.70903 1.4382 120 315 2.3659e-06
3.70978 1.4382 120 315 2.38921e-06
3.71054 1.4382 120 315 2.40598e-06
3.71129 1.4382 120 315 2.41592e-06
3.71204 1.4382 120 315 2.41889e-06
3.71279 1.4382 120 315 2.41491e-06
3.71354 1.4382 120 315 2.40413e-06
3.71429 1.4382 120 315 2.38687e-06
3.71504 1.4382 120 315 2.36356e-06
3.71579 1.4382 120 315 2.33473e-06
3.71654 1.4382 120 315 2.30105e-06
3.71729 1.4382 120 315 2.26313e-06
3.71804 1.4382 120 315 2.2217e-06
3.71879 1.4382 120 315 2.17748e-06
3.71954 1.4382 120 315 2.13115e-06
3.72029 1.4382 120 315 2.08337e-06
3.72104 1.4382 120 315 2.03476e-06
3.72179 1.4382 120 315 1.98585e-06
3.72254 1.4382 120 315 1.93712e-06
3.72329 1.4382 120 315 1.88899e-06
3.72404 1.4382 120 315 1.8418e-06
3.72479 1.4382 120 315 1.79582e-06
3.72554 1.4382 120 315 1.75127e-06
3.72629 1.4382 120 315 1.7083e-06
3.72704 1.4382 120 315 1.66702e-06
3.72779 1.4382 120 315 1.62747e-06
3.72854 1.4382 120 315 1.58968e-06
3.72929 1.4382 120 315 1.55362e-06
3.73004 1.4382 120 315 1.51924e-06
3.73079 1.4382 120 315 1.48645e-06
3.73154 1.4382 120 315 1.45516e-06
3.73229 1.4382 120 315 1.42526e-06
3.73304 1.4382 120 315 1.39663e-06
3.73379 1.4382 120 315 1.36914e-06
3.73454 1.4382 120 315 1.34266e-06
3.73529 1.4382 120 315 1.31707e-06
3.73604 1.4382 120 315 1.29226e-06
3.73679 1.4382 120 315 1.26812e-06
3.73754 1.4382 120 315 1.24457e-06
3.73829 1.4382 120 315 1.22154e-06
3.73904 1.4382 120 315 1.19896e-06
3.73979 1.4382 120 315 1.1768e-06
3.74054 1.4382 120 315 1.15505e-06
3.74129 1.4382 120 315 1.13369e-06
3.74204 1.4382 120 315 1.11273e-06
3.74279 1.4382 120 315 1.0922e-06
3.74354 1.4382 120 315 1.07212e-06
3.74429 1.4382 120 315 1.05254e-06
3.74504 1.4382 120 315 1.03348e-06
3.74579 1.4382 120 315 1.01499e-06
3.74654 1.4382 120 315 9.9712e-07
3.74729 1.4382 120 315 9.79907e-07
3.74804 1.4382 120 315 9.6339e-07
3.74879 1.4382 120 315 9.47602e-07
3.74954 1.4382 120 315 9.32574e-07
3.75029 1.4382 120 315 9.18329e-07
3.75104 1.4382 120 315 9.04886e-07
3.75179 1.4382 120 315 8.92257e-07
3.75254 1.4382 120 315 8.80448e-07
3.75329 1.4382 120 315 8.6946e-07
3.75404 1.4382 120 315 8.59289e-07
3.75479 1.4382 120 315 8.49923e-07
3.75554 1.4382 120 315 8.4135e-07
3.75629 1.4382 120 315 8.33552e-07
3.75704 1.4382 120 315 8.265e-07
3.75779 1.4382 120 315 8.20189e-07
3.75854 1.4382 120 315 8.14588e-07
3.75929 1.4382 120 315 8.09674e-07
3.76004 1.4382 120 315 8.05424e-07
3.76079 1.4382 120 315 8.01822e-07
3.76154 1.4382 120 315 7.98849e-07
3.76229 1.4382 120 315 7.96487e-07
3.76304 1.4382 120 315 7.94725e-07
3.76379 1.4382 120 315 7.93552e-07
3.76454 1.4382 120 315 7.9296e-07
3.76529 1.4382 120 315 7.92944e-07
3.76604 1.4382 120 315 7.93501e-07
3.76679 1.4382 120 315 7.94629e-07
3.76754 1.4382 120 315 7.96331e-07
3.76829 1.4382 120 315 7.98608e-07
3.76904 1.4382 120 315 8.01466e-07
3.76979 1.4382 120 315 8.04908e-07
3.77055 1.4382 120 315 8.08945e-07
3.7713 1.4382 120 315 8.13584e-07
3.77205 1.4382 120 315 8.18835e-07
3.7728 1.4382 120 315 8.24708e-07
3.77355 1.4382 120 315 8.31216e-07
3.7743 1.4382 120 315 8.38373e-07
3.77505 1.4382 120 315 8.46194e-07
3.7758 1.4382 120 315 8.54696e-07
3.77655 1.4382 120 315 8.63895e-07
3.7773 1.4382 120 315 8.7381e-07
3.77805 1.4382 120 315 8.84466e-07
3.7788 1.4382 120 315 8.95884e-07
3.77955 1.4382 120 315 9.08088e-07
3.7803 1.4382 120 315 9.21104e-07
3.78105 1.4382 120 315 9.34962e-07
3.7818 1.4382 120 315 9.49691e-07
3.78255 1.4382 120 315 9.65324e-07
3.7833 1.4382 120 315 9.81897e-07
3.78405 1.4382 120 315 9.99445e-07
3.7848 1.4382 120 315 1.01801e-06
3.78555 1.4382 120 315 1.03763e-06
3.7863 1.4382 120 315 1.05835e-06
3.78705 1.4382 120 315 1.08023e-06
3.7878 1.4382 120 315 1.1033e-06
3.78855 1.4382 120 315 1.12762e-06
3.7893 1.4382 120 315 1.15325e-06
3.79005 1.4382 120 315 1.18023e-06
3.7908 1.4382 120 315 1.20865e-06
3.79155 1.4382 120 315 1.23854e-06
3.7923 1.4382 120 315 1.26999e-06
3.79305 1.4382 120 315 1.30304e-06
3.7938 1.4382 120 315 1.33778e-06
3.79455 1.4382 120 315 1.37427e-06
3.7953 1.4382 120 315 1.41256e-06
3.79605 1.4382 120 315 1.45275e-06
3.7968 1.4382 120 315 1.4949e-06
3.79755 1.4382 120 315 1.53905e-06
3.7983 1.4382 120 315 1.58529e-06
3.79905 1.4382 120 315 1.63365e-06
3.7998 1.4382 120 315 1.6842e-06
3.80055 1.4382 120 315 1.73697e-06
3.8013 1.4382 120 315 1.79197e-06
3.80205 1.4382 120 315 1.84925e-06
3.8028 1.4382 120 315 1.90878e-06
3.80355 1.4382 120 315 1.97055e-06
3.8043 1.4382 120 315 2.03449e-06
3.80505 1.4382 120 315 2.10056e-06
3.8058 1.4382 120 315 2.16862e-06
3.80655 1.4382 120 315 2.23856e-06
3.8073 1.4382 120 315 2.31019e-06
3.80805 1.4382 120 315 2.38329e-06
3.8088 1.4382 120 315 2.45762e-06
3.80955 1.4382 120 315 2.53288e-06
3.8103 1.4382 120 315 2.60871e-06
3.81105 1.4382 120 315 2.68474e-06
3.8118 1.4382 120 315 2.76054e-06
3.81255 1.4382 120 315 2.83564e-06
3.8133 1.4382 120 315 2.90957e-06
3.81405 1.4382 120 315 2.98179e-06
3.8148 1.4382 120 315 3.05176e-06
3.81555 1.4382 120 315 3.11893e-06
3.8163 1.4382 120 315 3.18274e-06
3.81705 1.4382 120 315 3.24262e-06
3.8178 1.4382 120 315 3.29803e-06
3.81855 1.4382 120 315 3.34842e-06
3.8193 1.4382 120 315 3.39331e-06
3.82005 1.4382 120 315 3.43219e-06
3.8208 1.4382 120 315 3.46465e-06
3.82155 1.4382 120 315 3.49031e-06
3.8223 1.4382 120 315 3.50884e-06
3.82305 1.4382 120 315 3.52001e-06
3.8238 1.4382 120 315 3.52367e-06
3.82455 1.4382 120 315 3.51975e-06
3.8253 1.4382 120 315 3.50833e-06
3.82605 1.4382 120 315 3.48956e-06
3.8268 1.4382 120 315 3.46371e-06
3.82755 1.4382 120 315 3.43119e-06
3.8283 1.4382 120 315 3.3925e-06
3.82905 1.4382 120 315 3.34822e-06
3.8298 1.4382 120 315 3.29903e-06
3.83056 1.4382 120 315 3.24569e-06
3.83131 1.4382 120 315 3.18892e-06
3.83206 1.4382 120 315 3.12954e-06
3.83281 1.4382 120 315 3.06834e-06
3.83356 1.4382 120 315 3.0061e-06
3.83431 1.4382 120 315 2.94355e-06
3.83506 1.4382 120 315 2.88136e-06
3.83581 1.4382 120 315 2.82015e-06
3.83656 1.4382 120 315 2.76044e-06
3.83731 1.4382 120 315 2.70269e-06
3.83806 1.4382 120 315 2.64727e-06
3.83881 1.4382 120 315 2.59446e-06
3.83956 1.4382 120 315 2.54446e-06
3.84031 1.4382 120 315 2.49741e-06
3.84106 1.4382 120 315 2.45336e-06
3.84181 1.4382 120 315 2.41231e-06
3.84256 1.4382 120 315 2.37422e-06
3.84331 1.4382 120 315 2.33902e-06
3.84406 1.4382 120 315 2.30658e-06
3.84481 1.4382 120 315 2.27679e-06
3.84556 1.4382 120 315 2.24949e-06
3.84631 1.4382 120 315 2.22454e-06
3.84706 1.4382 120 315 2.20176e-06
3.84781 1.4382 120 315 2.18101e-06
3.84856 1.4382 120 315 2.1621e-06
3.84931 1.4382 120 315 2.14487e-06
3.85006 1.4382 120 315 2.12915e-06
3.85081 1.4382 120 315 2.11479e-06
3.85156 1.4382 120 315 2.10156e-06
3.85231 1.4382 120 315 2.08922e-06
3.85306 1.4382 120 315 2.07763e-06
3.85381 1.4382 120 315 2.06657e-06
3.85456 1.4382 120 315 2.05584e-06
3.85531 1.4382 120 315 2.04523e-06
3.85606 1.4382 120 315 2.03457e-06
3.85681 1.4382 120 315 2.02367e-06
3.85756 1.4382 120 315 2.01237e-06
3.85831 1.4382 120 315 2.00055e-06
3.85906 1.4382 120 315 1.9881e-06
3.85981 1.4382 120 315 1.97498e-06
3.86056 1.4382 120 315 1.96114e-06
3.86131 1.4382 120 315 1.94662e-06
3.86206 1.4382 120 315 1.93145e-06
3.86281 1.4382 120 315 1.91574e-06
3.86356 1.4382 120 315 1.8996e-06
3.86431 1.4382 120 315 1.88319e-06
3.86506 1.4382 120 315 1.86667e-06
3.86581 1.4382 120 315 1.85023e-06
3.86656 1.4382 120 315 1.83408e-06
3.86731 1.4382 120 315 1.8184e-06
3.86806 1.4382 120 315 1.8034e-06
3.86881 1.4382 120 315 1.78928e-06
3.86956 1.4382 120 315 1.77621e-06
3.87031 1.4382 120 315 1.76437e-06
3.87106 1.4382 120 315 1.75393e-06
3.87181 1.4382 120 315 1.74502e-06
3.87256 1.4382 120 315 1.73778e-06
3.87331 1.4382 120 315 1.73232e-06
3.87406 1.4382 120 315 1.72876e-06
3.87481 1.4382 120 315 1.72717e-06
3.87556 1.4382 120 315 1.72764e-06
3.87631 1.4382 120 315 1.73024e-06
3.87706 1.4382 120 315 1.73503e-06
3.87781 1.4382 120 315 1.74203e-06
3.87856 1.4382 120 315 1.7513e-06
3.87931 1.4382 120 315 1.76286e-06
3.88006 1.4382 120 315 1.77672e-06
3.88081 1.4382 120 315 1.79288e-06
3.88156 1.4382 120 315 1.81133e-06
3.88231 1.4382 120 315 1.83205e-06
3.88306 1.4382 120 315 1.855e-06
3.88381 1.4382 120 315 1.88012e-06
3.88456 1.4382 120 315 1.90732e-06
3.88531 1.4382 120 315 1.9365e-06
3.88606 1.4382 120 315 1.96753e-06
3.88681 1.4382 120 315 2.00024e-06
3.88756 1.4382 120 315 2.03444e-06
3.88831 1.4382 120 315 2.06989e-06
3.88906 1.4382 120 315 2.10632e-06
3.88981 1.4382 120 315 2.1434e-06
3.89057 1.4382 120 315 2.1808e-06
3.89132 1.4382 120 315 2.21807e-06
3.89207 1.4382 120 315 2.2548e-06
3.89282 1.4382 120 315 2.2905e-06
3.89357 1.4382 120 315 2.32466e-06
3.89432 1.4382 120 315 2.35677e-06
3.89507 1.4382 120 315 2.38629e-06
3.89582 1.4382 120 315 2.41269e-06
3.89657 1.4382 120 315 2.43548e-06
3.89732 1.4382 120 315 2.45418e-06
3.89807 1.4382 120 315 2.46842e-06
3.89882 1.4382 120 315 2.47783e-06
3.89957 1.4382 120 315 2.48217e-06
3.90032 1.4382 120 315 2.48131e-06
3.90107 1.4382 120 315 2.47518e-06
3.90182 1.4382 120 315 2.46385e-06
3.90257 1.4382 120 315 2.44745e-06
3.90332 1.4382 120 315 2.42622e-06
3.90407 1.4382 120 315 2.40046e-06
3.90482 1.4382 120 315 2.37053e-06
3.90557 1.4382 120 315 2.33681e-06
3.90632 1.4382 120 315 2.29973e-06
3.90707 1.4382 120 315 2.25969e-06
3.90782 1.4382 120 315 2.2171e-06
3.90857 1.4382 120 315 2.17237e-06
3.90932 1.4382 120 315 2.12585e-06
3.91007 1.4382 120 315 2.0779e-06
3.91082 1.4382 120 315 2.02882e-06
3.91157 1.4382 120 315 1.97891e-06
3.91232 1.4382 120 315 1.92844e-06
3.91307 1.4382 120 315 1.87764e-06
3.91382 1.4382 120 315 1.82675e-06
3.91457 1.4382 120 315 1.77596e-06
3.91532 1.4382 120 315 1.72547e-06
3.91607 1.4382 120 315 1.67545e-06
3.91682 1.4382 120 315 1.62604e-06
3.91757 1.4382 120 315 1.5774e-06
3.91832 1.4382 120 315 1.52965e-06
3.91907 1.4382 120 315 1.48289e-06
3.91982 1.4382 120 315 1.43722e-06
3.92057 1.4382 120 315 1.39271e-06
3.92132 1.4382 120 315 1.34944e-06
3.92207 1.4382 120 315 1.30744e-06
3.92282 1.4382 120 315 1.26678e-06
3.92357 1.4382 120 315 1.22757e-06
3.92432 1.4382 120 315 1.18964e-06
3.92507 1.4382 120 315 1.15309e-06
3.92582 1.4382 120 315 1.11794e-06
3.92657 1.4382 120 315 1.0842e-06
3.92732 1.4382 120 315 1.05187e-06
3.92807 1.4382 120 315 1.02094e-06
3.92882 1.4382 120 315 9.91416e-07
3.92957 1.4382 120 315 9.63298e-07
3.93032 1.4382 120 315 9.36583e-07
3.93107 1.4382 120 315 9.11271e-07
3.93182 1.4382 120 315 8.8734e-07
3.93257 1.4382 120 315 8.6482e-07
3.93332 1.4382 120 315 8.43684e-07
3.93407 1.4382 120 315 8.2392e-07
3.93482 1.4382 120 315 8.05506e-07
3.93557 1.4382 120 315 7.88412e-07
3.93632 1.4382 120 315 7.726e-07
3.93707 1.4382 120 315 7.58018e-07
3.93782 1.4382 120 315 7.44603e-07
3.93857 1.4382 120 315 7.32282e-07
3.93932 1.4382 120 315 7.20953e-07
3.94007 1.4382 120 315 7.10554e-07
3.94082 1.4382 120 315 7.00957e-07
3.94157 1.4382 120 315 6.92083e-07
3.94232 1.4382 120 315 6.83816e-07
3.94307 1.4382 120 315 6.76052e-07
3.94382 1.4382 120 315 6.68697e-07
3.94457 1.4382 120 315 6.61662e-07
3.94532 1.4382 120 315 6.54871e-07
3.94607 1.4382 120 315 6.48259e-07
3.94682 1.4382 120 315 6.41775e-07
3.94757 1.4382 120 315 6.35379e-07
3.94832 1.4382 120 315 6.29043e-07
3.94907 1.4382 120 315 6.22753e-07
3.94982 1.4382 120 315 6.16501e-07
3.95058 1.4382 120 315 6.10289e-07
3.95133 1.4382 120 315 6.04125e-07
3.95208 1.4382 120 315 5.98005e-07
3.95283 1.4382 120 315 5.91977e-07
3.95358 1.4382 120 315 5.86043e-07
3.95433 1.4382 120 315 5.80222e-07
3.95508 1.4382 120 315 5.74532e-07
3.95583 1.4382 120 315 5.68991e-07
3.95658 1.4382 120 315 5.63617e-07
3.95733 1.4382 120 315 5.58425e-07
3.95808 1.4382 120 315 5.53427e-07
3.95883 1.4382 120 315 5.48636e-07
3.95958 1.4382 120 315 5.4406e-07
3.96033 1.4382 120 315 5.39708e-07
3.96108 1.4382 120 315 5.35585e-07
3.96183 1.4382 120 315 5.31695e-07
3.96258 1.4382 120 315 5.28034e-07
3.96333 1.4382 120 315 5.24612e-07
3.96408 1.4382 120 315 5.21421e-07
3.96483 1.4382 120 315 5.18457e-07
3.96558 1.4382 120 315 5.15716e-07
3.96633 1.4382 120 315 5.1319e-07
3.96708 1.4382 120 315 5.10869e-07
3.96783 1.4382 120 315 5.08742e-07
3.96858 1.4382 120 315 5.06797e-07
3.96933 1.4382 120 315 5.05019e-07
3.97008 1.4382 120 315 5.0339e-07
3.97083 1.4382 120 315 5.01893e-07
3.97158 1.4382 120 315 5.00509e-07
3.97233 1.4382 120 315 4.99215e-07
3.97308 1.4382 120 315 4.9799e-07
3.97383 1.4382 120 315 4.96811e-07
3.97458 1.4382 120 315 4.95638e-07
3.97533 1.4382 120 315 4.94485e-07
3.97608 1.4382 120 315 4.93315e-07
3.97683 1.4382 120 315 4.92111e-07
3.97758 1.4382 120 315 4.90859e-07
3.97833 1.4382 120 315 4.89522e-07
3.97908 1.4382 120 315 4.88158e-07
3.97983 1.4382 120 315 4.86743e-07
3.98058 1.4382 120 315 4.85294e-07
3.98133 1.4382 120 315 4.83836e-07
3.98208 1.4382 120 315 4.82406e-07
3.98283 1.4382 120 315 4.8105e-07
3.98358 1.4382 120 315 4.79828e-07
3.98433 1.4382 120 315 4.7881e-07
3.98508 1.4382 120 315 4.74422e-07
3.98583 1.4382 120 315 4.73906e-07
3.98658 1.4382 120 315 4.73867e-07
3.98733 1.4382 120 315 4.74407e-07
3.98808 1.4382 120 315 4.7563e-07
3.98883 1.4382 120 315 4.77633e-07
3.98958 1.4382 120 315 4.80509e-07
3.99033 1.4382 120 315 4.84333e-07
3.99108 1.4382 120 315 4.89168e-07
3.99183 1.4382 120 315 4.95049e-07
3.99258 1.4382 120 315 5.0199e-07
3.99333 1.4382 120 315 5.09961e-07
3.99408 1.4382 120 315 5.18907e-07
3.99483 1.4382 120 315 5.28738e-07
3.99558 1.4382 120 315 5.39329e-07
3.99633 1.4382 120 315 5.50428e-07
3.99708 1.4382 120 315 5.62048e-07
3.99783 1.4382 120 315 5.73888e-07
3.99858 1.4382 120 315 5.85735e-07
3.99933 1.4382 120 315 5.97377e-07
4.00008 1.4382 120 315 6.08606e-07
4.00083 1.4382 120 315 6.19233e-07
4.00158 1.4382 120 315 6.29089e-07
4.00233 1.4382 120 315 6.38037e-07
4.00308 1.4382 120 315 6.4597e-07
4.00383 1.4382 120 315 6.52818e-07
4.00458 1.4382 120 315 6.58542e-07
4.00533 1.4382 120 315 6.63137e-07
4.00608 1.4382 120 315 6.66628e-07
4.00683 1.4382 120 315 6.69062e-07
4.00758 1.4382 120 315 6.70504e-07
4.00833 1.4382 120 315 6.71036e-07
4.00908 1.4382 120 315 6.70749e-07
4.00983 1.4382 120 315 6.6974e-07
4.01059 1.4382 120 315 6.68105e-07
4.01134 1.4382 120 315 6.6594e-07
4.01209 1.4382 120 315 6.63335e-07
4.01284 1.4382 120 315 6.60376e-07
4.01359 1.4382 120 315 6.5714e-07
4.01434 1.4382 120 315 6.53698e-07
4.01509 1.4382 120 315 6.50111e-07
4.01584 1.4382 120 315 6.46433e-07
4.01659 1.4382 120 315 6.42711e-07
4.01734 1.4382 120 315 6.38985e-07
4.01809 1.4382 120 315 6.35289e-07
4.01884 1.4382 120 315 6.31651e-07
4.01959 1.4382 120 315 6.28096e-07
4.02034 1.4382 120 315 6.24644e-07
4.02109 1.4382 120 315 6.21314e-07
4.02184 1.4382 120 315 6.18121e-07
4.02259 1.4382 120 315 6.15079e-07
4.02334 1.4382 120 315 6.12202e-07
4.02409 1.4382 120 315 6.09499e-07
4.02484 1.4382 120 315 6.06983e-07
4.02559 1.4382 120 315 6.04663e-07
4.02634 1.4382 120 315 6.02579e-07
4.02709 1.4382 120 315 6.00686e-07
4.02784 1.4382 120 315 5.99021e-07
4.02859 1.4382 120 315 5.97595e-07
4.02934 1.4382 120 315 5.96419e-07
4.03009 1.4382 120 315 5.95508e-07
4.03084 1.4382 120 315 5.94867e-07
4.03159 1.4382 120 315 5.94512e-07
4.03234 1.4382 120 315 5.94457e-07
4.03309 1.4382 120 315 5.94717e-07
4.03384 1.4382 120 315 5.95304e-07
4.03459 1.4382 120 315 5.96235e-07
4.03534 1.4382 120 315 5.97524e-07
4.03609 1.4382 120 315 5.99188e-07
4.03684 1.4382 120 315 6.01241e-07
4.03759 1.4382 120 315 6.037e-07
4.03834 1.4382 120 315 6.06581e-07
4.03909 1.4382 120 315 6.099e-07
4.03984 1.4382 120 315 6.13672e-07
4.04059 1.4382 120 315 6.17914e-07
4.04134 1.4382 120 315 6.22642e-07
4.04209 1.4382 120 315 6.27873e-07
4.04284 1.4382 120 315 6.33624e-07
4.04359 1.4382 120 315 6.39911e-07
4.04434 1.4382 120 315 6.46753e-07
4.04509 1.4382 120 315 6.54166e-07
4.04584 1.4382 120 315 6.62171e-07
4.04659 1.4382 120 315 6.70785e-07
4.04734 1.4382 120 315 6.80029e-07
4.04809 1.4382 120 315 6.89925e-07
4.04884 1.4382 120 315 7.0049e-07
4.04959 1.4382 120 315 7.11747e-07
4.05034 1.4382 120 315 7.23718e-07
4.05109 1.4382 120 315 7.36427e-07
4.05184 1.4382 120 315 7.49895e-07
4.05259 1.4382 120 315 7.64145e-07
4.05334 1.4382 120 315 7.79201e-07
4.05409 1.4382 120 315 7.95083e-07
4.05484 1.4382 120 315 8.11812e-07
4.05559 1.4382 120 315 8.29409e-07
4.05634 1.4382 120 315 8.47889e-07
4.05709 1.4382 120 315 8.67268e-07
4.05784 1.4382 120 315 8.87556e-07
4.05859 1.4382 120 315 9.0876e-07
4.05934 1.4382 120 315 9.30878e-07
4.06009 1.4382 120 315 9.53905e-07
4.06084 1.4382 120 315 9.77829e-07
4.06159 1.4382 120 315 1.00262e-06
4.06234 1.4382 120 315 1.02824e-06
4.06309 1.4382 120 315 1.05464e-06
4.06384 1.4382 120 315 1.08176e-06
4.06459 1.4382 120 315 1.10951e-06
4.06534 1.4382 120 315 1.1378e-06
4.06609 1.4382 120 315 1.1665e-06
4.06684 1.4382 120 315 1.19547e-06
4.06759 1.4382 120 315 1.22455e-06
4.06834 1.4382 120 315 1.25354e-06
4.06909 1.4382 120 315 1.28226e-06
4.06984 1.4382 120 315 1.31046e-06
4.0706 1.4382 120 315 1.3379e-06
4.07135 1.4382 120 315 1.36433e-06
4.0721 1.4382 120 315 1.38949e-06
4.07285 1.4382 120 315 1.4131e-06
4.0736 1.4382 120 315 1.43491e-06
4.07435 1.4382 120 315 1.45467e-06
4.0751 1.4382 120 315 1.47214e-06
4.07585 1.4382 120 315 1.48713e-06
4.0766 1.4382 120 315 1.49948e-06
4.07735 1.4382 120 315 1.50907e-06
4.0781 1.4382 120 315 1.51581e-06
4.07885 1.4382 120 315 1.51969e-06
4.0796 1.4382 120 315 1.52072e-06
4.08035 1.4382 120 315 1.51897e-06
4.0811 1.4382 120 315 1.51456e-06
4.08185 1.4382 120 315 1.50763e-06
4.0826 1.4382 120 315 1.49837e-06
4.08335 1.4382 120 315 1.48699e-06
4.0841 1.4382 120 315 1.47371e-06
4.08485 1.4382 120 315 1.45878e-06
4.0856 1.4382 120 315 1.44242e-06
4.08635 1.4382 120 315 1.4249e-06
4.0871 1.4382 120 315 1.40644e-06
4.08785 1.4382 120 315 1.38727e-06
4.0886 1.4382 120 315 1.36761e-06
4.08935 1.4382 120 315 1.34766e-06
4.0901 1.4382 120 315 1.32761e-06
4.09085 1.4382 120 315 1.30764e-06
4.0916 1.4382 120 315 1.2879e-06
4.09235 1.4382 120 315 1.26853e-06
4.0931 1.4382 120 315 1.24967e-06
4.09385 1.4382 120 315 1.23142e-06
4.0946 1.4382 120 315 1.21388e-06
4.09535 1.4382 120 315 1.19715e-06
4.0961 1.4382 120 315 1.18129e-06
4.09685 1.4382 120 315 1.16637e-06
4.0976 1.4382 120 315 1.15244e-06
4.09835 1.4382 120 315 1.13955e-06
4.0991 1.4382 120 315 1.12772e-06
4.09985 1.4382 120 315 1.117e-06
4.1006 1.4382 120 315 1.1074e-06
4.10135 1.4382 120 315 1.09894e-06
4.1021 1.4382 120 315 1.09163e-06
4.10285 1.4382 120 315 1.08548e-06
4.1036 1.4382 120 315 1.0805e-06
4.10435 1.4382 120 315 1.07668e-06
4.1051 1.4382 120 315 1.07404e-06
4.10585 1.4382 120 315 1.07257e-06
4.1066 1.4382 120 315 1.07227e-06
4.10735 1.4382 120 315 1.07315e-06
4.1081 1.4382 120 315 1.07517e-06
4.10885 1.4382 120 315 1.07839e-06
4.1096 1.4382 120 315 1.08279e-06
4.11035 1.4382 120 315 1.08837e-06
4.1111 1.4382 120 315 1.09513e-06
4.11185 1.4382 120 315 1.10308e-06
4.1126 1.4382 120 315 1.11224e-06
4.11335 1.4382 120 315 1.1226e-06
4.1141 1.4382 120 315 1.1342e-06
4.11485 1.4382 120 315 1.14703e-06
4.1156 1.4382 120 315 1.16113e-06
4.11635 1.4382 120 315 1.17652e-06
4.1171 1.4382 120 315 1.19322e-06
4.11785 1.4382 120 315 1.21128e-06
4.1186 1.4382 120 315 1.2307e-06
4.11935 1.4382 120 315 1.25155e-06
4.1201 1.4382 120 315 1.27385e-06
4.12085 1.4382 120 315 1.29764e-06
4.1216 1.4382 120 315 1.32297e-06
4.12235 1.4382 120 315 1.34988e-06
4.1231 1.4382 120 315 1.37842e-06
4.12385 1.4382 120 315 1.40864e-06
4.1246 1.4382 120 315 1.44057e-06
4.12535 1.4382 120 315 1.47427e-06
4.1261 1.4382 120 315 1.50978e-06
4.12685 1.4382 120 315 1.54712e-06
4.1276 1.4382 120 315 1.58634e-06
4.12835 1.4382 120 315 1.62746e-06
4.1291 1.4382 120 315 1.67049e-06
4.12985 1.4382 120 315 1.71546e-06
4.13061 1.4382 120 315 1.76234e-06
4.13136 1.4382 120 315 1.81112e-06
4.13211 1.4382 120 315 1.86176e-06
4.13286 1.4382 120 315 1.91421e-06
4.13361 1.4382 120 315 1.96838e-06
4.13436 1.4382 120 315 2.02417e-06
4.13511 1.4382 120 315 2.08145e-06
4.13586 1.4382 120 315 2.14004e-06
4.13661 1.4382 120 315 2.19975e-06
4.13736 1.4382 120 315 2.26034e-06
4.13811 1.4382 120 315 2.32154e-06
4.13886 1.4382 120 315 2.38304e-06
