0.5 1.4382 0 210 4.37239e-07
0.50075 1.4382 0 210 4.4098e-07
0.5015 1.4382 0 210 4.44793e-07
0.50225 1.4382 0 210 4.48674e-07
0.503001 1.4382 0 210 4.52589e-07
0.503751 1.4382 0 210 4.56615e-07
0.504501 1.4382 0 210 4.6072e-07
0.505251 1.4382 0 210 4.64903e-07
0.506001 1.4382 0 210 4.69163e-07
0.506751 1.4382 0 210 4.73504e-07
0.507501 1.4382 0 210 4.77933e-07
0.508251 1.4382 0 210 4.82443e-07
0.509002 1.4382 0 210 4.86968e-07
0.509752 1.4382 0 210 4.91645e-07
0.510502 1.4382 0 210 4.96421e-07
0.511252 1.4382 0 210 5.01283e-07
0.512002 1.4382 0 210 5.0624e-07
0.512752 1.4382 0 210 5.11295e-07
0.513502 1.4382 0 210 5.1644e-07
0.514252 1.4382 0 210 5.21697e-07
0.515003 1.4382 0 210 5.26964e-07
0.515753 1.4382 0 210 5.32421e-07
0.516503 1.4382 0 210 5.37981e-07
0.517253 1.4382 0 210 5.43663e-07
0.518003 1.4382 0 210 5.49452e-07
0.518753 1.4382 0 210 5.55345e-07
0.519503 1.4382 0 210 5.61382e-07
0.520253 1.4382 0 210 5.67532e-07
0.521004 1.4382 0 210 5.73679e-07
0.521754 1.4382 0 210 5.80063e-07
0.522504 1.4382 0 210 5.86599e-07
0.523254 1.4382 0 210 5.93262e-07
0.524004 1.4382 0 210 6.00056e-07
0.524754 1.4382 0 210 6.06987e-07
0.525504 1.4382 0 210 6.14075e-07
0.526254 1.4382 0 210 6.21304e-07
0.527005 1.4382 0 210 6.28543e-07
0.527755 1.4382 0 210 6.36082e-07
0.528505 1.4382 0 210 6.43776e-07
0.529255 1.4382 0 210 6.51635e-07
0.530005 1.4382 0 210 6.59662e-07
0.530755 1.4382 0 210 6.67873e-07
0.531505 1.4382 0 210 6.76256e-07
0.532255 1.4382 0 210 6.84826e-07
0.533006 1.4382 0 210 6.93592e-07
0.533756 1.4382 0 210 7.02352e-07
0.534506 1.4382 0 210 7.11489e-07
0.535256 1.4382 0 210 7.20842e-07
0.536006 1.4382 0 210 7.30417e-07
0.536756 1.4382 0 210 7.40196e-07
0.537506 1.4382 0 210 7.50203e-07
0.538256 1.4382 0 210 7.60438e-07
0.539007 1.4382 0 210 7.70912e-07
0.539757 1.4382 0 210 7.81636e-07
0.540507 1.4382 0 210 7.92361e-07
0.541257 1.4382 0 210 8.0359e-07
0.542007 1.4382 0 210 8.15079e-07
0.542757 1.4382 0 210 8.26851e-07
0.543507 1.4382 0 210 8.38898e-07
0.544257 1.4382 0 210 8.51238e-07
0.545008 1.4382 0 210 8.63892e-07
0.545758 1.4382 0 210 8.7686e-07
0.546508 1.4382 0 210 8.90159e-07
0.547258 1.4382 0 210 9.03457e-07
0.548008 1.4382 0 210 9.17396e-07
0.548758 1.4382 0 210 9.31716e-07
0.549508 1.4382 0 210 9.464e-07
0.550258 1.4382 0 210 9.61462e-07
0.551009 1.4382 0 210 9.7692e-07
0.551759 1.4382 0 210 9.92757e-07
0.552509 1.4382 0 210 1.00904e-06
0.553259 1.4382 0 210 1.02575e-06
0.554009 1.4382 0 210 1.04253e-06
0.554759 1.4382 0 210 1.06015e-06
0.555509 1.4382 0 210 1.07823e-06
0.556259 1.4382 0 210 1.09683e-06
0.55701 1.4382 0 210 1.11595e-06
0.55776 1.4382 0 210 1.13563e-06
0.55851 1.4382 0 210 1.15584e-06
0.55926 1.4382 0 210 1.17661e-06
0.56001 1.4382 0 210 1.19803e-06
0.56076 1.4382 0 210 1.22006e-06
0.56151 1.4382 0 210 1.24217e-06
0.56226 1.4382 0 210 1.26549e-06
0.563011 1.4382 0 210 1.28951e-06
0.563761 1.4382 0 210 1.31428e-06
0.564511 1.4382 0 210 1.3398e-06
0.565261 1.4382 0 210 1.36609e-06
0.566011 1.4382 0 210 1.39316e-06
0.566761 1.4382 0 210 1.42114e-06
0.567511 1.4382 0 210 1.45002e-06
0.568261 1.4382 0 210 1.4798e-06
0.569012 1.4382 0 210 1.50982e-06
0.569762 1.4382 0 210 1.54158e-06
0.570512 1.4382 0 210 1.57433e-06
0.571262 1.4382 0 210 1.60822e-06
0.572012 1.4382 0 210 1.64324e-06
0.572762 1.4382 0 210 1.67947e-06
0.573512 1.4382 0 210 1.71696e-06
0.574262 1.4382 0 210 1.75573e-06
0.575013 1.4382 0 210 1.79593e-06
0.575763 1.4382 0 210 1.83755e-06
0.576513 1.4382 0 210 1.8796e-06
0.577263 1.4382 0 210 1.92428e-06
0.578013 1.4382 0 210 1.97058e-06
0.578763 1.4382 0 210 2.01866e-06
0.579513 1.4382 0 210 2.06855e-06
0.580263 1.4382 0 210 2.12031e-06
0.581014 1.4382 0 210 2.1741e-06
0.581764 1.4382 0 210 2.23e-06
0.582514 1.4382 0 210 2.28819e-06
0.583264 1.4382 0 210 2.34867e-06
0.584014 1.4382 0 210 2.41035e-06
0.584764 1.4382 0 210 2.4759e-06
0.585514 1.4382 0 210 2.54416e-06
0.586264 1.4382 0 210 2.6154e-06
0.587015 1.4382 0 210 2.68971e-06
0.587765 1.4382 0 210 2.76735e-06
0.588515 1.4382 0 210 2.84835e-06
0.589265 1.4382 0 210 2.93303e-06
0.590015 1.4382 0 210 3.0216e-06
0.590765 1.4382 0 210 3.11439e-06
0.591515 1.4382 0 210 3.21146e-06
0.592265 1.4382 0 210 3.31109e-06
0.593016 1.4382 0 210 3.41769e-06
0.593766 1.4382 0 210 3.52959e-06
0.594516 1.4382 0 210 3.64725e-06
0.595266 1.4382 0 210 3.77083e-06
0.596016 1.4382 0 210 3.90074e-06
0.596766 1.4382 0 210 4.03766e-06
0.597516 1.4382 0 210 4.18185e-06
0.598266 1.4382 0 210 4.33409e-06
0.599017 1.4382 0 210 4.49479e-06
0.599767 1.4382 0 210 4.66463e-06
0.600517 1.4382 0 210 4.84095e-06
0.601267 1.4382 0 210 5.03121e-06
0.602017 1.4382 0 210 5.23273e-06
0.602767 1.4382 0 210 5.44655e-06
0.603517 1.4382 0 210 5.67399e-06
0.604267 1.4382 0 210 5.91615e-06
0.605018 1.4382 0 210 6.17387e-06
0.605768 1.4382 0 210 6.44879e-06
0.606518 1.4382 0 210 6.74261e-06
0.607268 1.4382 0 210 7.05688e-06
0.608018 1.4382 0 210 7.39368e-06
0.608768 1.4382 0 210 7.74933e-06
0.609518 1.4382 0 210 8.1373e-06
0.610268 1.4382 0 210 8.55524e-06
0.611019 1.4382 0 210 9.00631e-06
0.611769 1.4382 0 210 9.49389e-06
0.612519 1.4382 0 210 1.00217e-05
0.613269 1.4382 0 210 1.05947e-05
0.614019 1.4382 0 210 1.12179e-05
0.614769 1.4382 0 210 1.18973e-05
0.615519 1.4382 0 210 1.26405e-05
0.616269 1.4382 0 210 1.34551e-05
0.61702 1.4382 0 210 1.43508e-05
0.61777 1.4382 0 210 1.53234e-05
0.61852 1.4382 0 210 1.64141e-05
0.61927 1.4382 0 210 1.76234e-05
0.62002 1.4382 0 210 1.89698e-05
0.62077 1.4382 0 210 2.0477e-05
0.62152 1.4382 0 210 2.21692e-05
0.62227 1.4382 0 210 2.40763e-05
0.623021 1.4382 0 210 2.62369e-05
0.623771 1.4382 0 210 2.87003e-05
0.624521 1.4382 0 210 3.15211e-05
0.625271 1.4382 0 210 3.47717e-05
0.626021 1.4382 0 210 3.85452e-05
0.626771 1.4382 0 210 4.29079e-05
0.627521 1.4382 0 210 4.80962e-05
0.628271 1.4382 0 210 5.42655e-05
0.629022 1.4382 0 210 6.16725e-05
0.629772 1.4382 0 210 7.06573e-05
0.630522 1.4382 0 210 8.16886e-05
0.631272 1.4382 0 210 9.54118e-05
0.632022 1.4382 0 210 0.00011274
0.632772 1.4382 0 210 0.000134979
0.633522 1.4382 0 210 0.000164021
0.634272 1.4382 0 210 0.000202669
0.635023 1.4382 0 210 0.000255066
0.635773 1.4382 0 210 0.000326767
0.636523 1.4382 0 210 0.000426919
0.637273 1.4382 0 210 0.000564103
0.638023 1.4382 0 210 0.000740277
0.638773 1.4382 0 210 0.000929161
0.639523 1.4382 0 210 0.00105409
0.640273 1.4382 0 210 0.00103327
0.641024 1.4382 0 210 0.00088254
0.641774 1.4382 0 210 0.000692393
0.642524 1.4382 0 210 0.00052608
0.643274 1.4382 0 210 0.000399626
0.644024 1.4382 0 210 0.000307839
0.644774 1.4382 0 210 0.000241627
0.645524 1.4382 0 210 0.000193467
0.646274 1.4382 0 210 0.000157584
0.647025 1.4382 0 210 0.000130453
0.647775 1.4382 0 210 0.000109562
0.648525 1.4382 0 210 9.31887e-05
0.649275 1.4382 0 210 8.01548e-05
0.650025 1.4382 0 210 6.96336e-05
0.650775 1.4382 0 210 6.10279e-05
0.651525 1.4382 0 210 5.39061e-05
0.652275 1.4382 0 210 4.79496e-05
0.653026 1.4382 0 210 4.29239e-05
0.653776 1.4382 0 210 3.86449e-05
0.654526 1.4382 0 210 3.49731e-05
0.655276 1.4382 0 210 3.17947e-05
0.656026 1.4382 0 210 2.90351e-05
0.656776 1.4382 0 210 2.662e-05
0.657526 1.4382 0 210 2.44941e-05
0.658276 1.4382 0 210 2.26144e-05
0.659027 1.4382 0 210 2.0944e-05
0.659777 1.4382 0 210 1.9453e-05
0.660527 1.4382 0 210 1.81165e-05
0.661277 1.4382 0 210 1.69143e-05
0.662027 1.4382 0 210 1.58296e-05
0.662777 1.4382 0 210 1.4847e-05
0.663527 1.4382 0 210 1.39541e-05
0.664277 1.4382 0 210 1.31404e-05
0.665028 1.4382 0 210 1.23929e-05
0.665778 1.4382 0 210 1.17115e-05
0.666528 1.4382 0 210 1.1086e-05
0.667278 1.4382 0 210 1.05096e-05
0.668028 1.4382 0 210 9.97821e-06
0.668778 1.4382 0 210 9.48699e-06
0.669528 1.4382 0 210 9.03166e-06
0.670278 1.4382 0 210 8.60895e-06
0.671029 1.4382 0 210 8.21613e-06
0.671779 1.4382 0 210 7.85034e-06
0.672529 1.4382 0 210 7.5089e-06
0.673279 1.4382 0 210 7.18989e-06
0.674029 1.4382 0 210 6.89137e-06
0.674779 1.4382 0 210 6.61189e-06
0.675529 1.4382 0 210 6.34658e-06
0.676279 1.4382 0 210 6.09969e-06
0.67703 1.4382 0 210 5.86771e-06
0.67778 1.4382 0 210 5.64896e-06
0.67853 1.4382 0 210 5.4427e-06
0.67928 1.4382 0 210 5.24788e-06
0.68003 1.4382 0 210 5.06386e-06
0.68078 1.4382 0 210 4.88995e-06
0.68153 1.4382 0 210 4.72487e-06
0.68228 1.4382 0 210 4.56855e-06
0.683031 1.4382 0 210 4.42023e-06
0.683781 1.4382 0 210 4.27944e-06
0.684531 1.4382 0 210 4.14559e-06
0.685281 1.4382 0 210 4.01826e-06
0.686031 1.4382 0 210 3.89508e-06
0.686781 1.4382 0 210 3.77945e-06
0.687531 1.4382 0 210 3.66924e-06
0.688281 1.4382 0 210 3.56391e-06
0.689032 1.4382 0 210 3.46341e-06
0.689782 1.4382 0 210 3.36745e-06
0.690532 1.4382 0 210 3.27557e-06
0.691282 1.4382 0 210 3.18773e-06
0.692032 1.4382 0 210 3.10373e-06
0.692782 1.4382 0 210 3.02308e-06
0.693532 1.4382 0 210 2.94585e-06
0.694282 1.4382 0 210 2.87175e-06
0.695033 1.4382 0 210 2.80066e-06
0.695783 1.4382 0 210 2.73228e-06
0.696533 1.4382 0 210 2.66667e-06
0.697283 1.4382 0 210 2.60258e-06
0.698033 1.4382 0 210 2.54169e-06
0.698783 1.4382 0 210 2.48337e-06
0.699533 1.4382 0 210 2.42717e-06
0.700283 1.4382 0 210 2.37294e-06
0.701034 1.4382 0 210 2.32084e-06
0.701784 1.4382 0 210 2.27062e-06
0.702534 1.4382 0 210 2.22225e-06
0.703284 1.4382 0 210 2.17547e-06
0.704034 1.4382 0 210 2.1303e-06
0.704784 1.4382 0 210 2.08671e-06
0.705534 1.4382 0 210 2.04458e-06
0.706284 1.4382 0 210 2.004e-06
0.707035 1.4382 0 210 1.96473e-06
0.707785 1.4382 0 210 1.92658e-06
0.708535 1.4382 0 210 1.88908e-06
0.709285 1.4382 0 210 1.85355e-06
0.710035 1.4382 0 210 1.81913e-06
0.710785 1.4382 0 210 1.78578e-06
0.711535 1.4382 0 210 1.75348e-06
0.712285 1.4382 0 210 1.72222e-06
0.713036 1.4382 0 210 1.69197e-06
0.713786 1.4382 0 210 1.66266e-06
0.714536 1.4382 0 210 1.6341e-06
0.715286 1.4382 0 210 1.60645e-06
0.716036 1.4382 0 210 1.57962e-06
0.716786 1.4382 0 210 1.55371e-06
0.717536 1.4382 0 210 1.52848e-06
0.718286 1.4382 0 210 1.50381e-06
0.719037 1.4382 0 210 1.47997e-06
0.719787 1.4382 0 210 1.45688e-06
0.720537 1.4382 0 210 1.43413e-06
0.721287 1.4382 0 210 1.41233e-06
0.722037 1.4382 0 210 1.39112e-06
0.722787 1.4382 0 210 1.37054e-06
0.723537 1.4382 0 210 1.35047e-06
0.724287 1.4382 0 210 1.33102e-06
0.725038 1.4382 0 210 1.31207e-06
0.725788 1.4382 0 210 1.29364e-06
0.726538 1.4382 0 210 1.27568e-06
0.727288 1.4382 0 210 1.25819e-06
0.728038 1.4382 0 210 1.2413e-06
0.728788 1.4382 0 210 1.22464e-06
0.729538 1.4382 0 210 1.20852e-06
0.730288 1.4382 0 210 1.1928e-06
0.731039 1.4382 0 210 1.17753e-06
0.731789 1.4382 0 210 1.16269e-06
0.732539 1.4382 0 210 1.14827e-06
0.733289 1.4382 0 210 1.13415e-06
0.734039 1.4382 0 210 1.12039e-06
0.734789 1.4382 0 210 1.10702e-06
0.735539 1.4382 0 210 1.09403e-06
0.736289 1.4382 0 210 1.08131e-06
0.73704 1.4382 0 210 1.06885e-06
0.73779 1.4382 0 210 1.05681e-06
0.73854 1.4382 0 210 1.04506e-06
0.73929 1.4382 0 210 1.03349e-06
0.74004 1.4382 0 210 1.02234e-06
0.74079 1.4382 0 210 1.01142e-06
0.74154 1.4382 0 210 1.00082e-06
0.74229 1.4382 0 210 9.9048e-07
0.743041 1.4382 0 210 9.8033e-07
0.743791 1.4382 0 210 9.70578e-07
0.744541 1.4382 0 210 9.61014e-07
0.745291 1.4382 0 210 9.5202e-07
0.746041 1.4382 0 210 9.42916e-07
0.746791 1.4382 0 210 9.34116e-07
0.747541 1.4382 0 210 9.25436e-07
0.748291 1.4382 0 210 9.16979e-07
0.749042 1.4382 0 210 9.0876e-07
0.749792 1.4382 0 210 9.00801e-07
0.750542 1.4382 0 210 8.92868e-07
0.751292 1.4382 0 210 8.85303e-07
0.752042 1.4382 0 210 8.77937e-07
0.752792 1.4382 0 210 8.70746e-07
0.753542 1.4382 0 210 8.63715e-07
0.754292 1.4382 0 210 8.56981e-07
0.755043 1.4382 0 210 8.50329e-07
0.755793 1.4382 0 210 8.43991e-07
0.756543 1.4382 0 210 8.37758e-07
0.757293 1.4382 0 210 8.31638e-07
0.758043 1.4382 0 210 8.26434e-07
0.758793 1.4382 0 210 8.20676e-07
0.759543 1.4382 0 210 8.15068e-07
0.760293 1.4382 0 210 8.09719e-07
0.761044 1.4382 0 210 8.04501e-07
0.761794 1.4382 0 210 7.99451e-07
0.762544 1.4382 0 210 7.94319e-07
0.763294 1.4382 0 210 7.89517e-07
0.764044 1.4382 0 210 7.8497e-07
0.764794 1.4382 0 210 7.8047e-07
0.765544 1.4382 0 210 7.76215e-07
0.766294 1.4382 0 210 7.72082e-07
0.767045 1.4382 0 210 7.6813e-07
0.767795 1.4382 0 210 7.64277e-07
0.768545 1.4382 0 210 7.60621e-07
0.769295 1.4382 0 210 7.57045e-07
0.770045 1.4382 0 210 7.53705e-07
0.770795 1.4382 0 210 7.50345e-07
0.771545 1.4382 0 210 7.48394e-07
0.772295 1.4382 0 210 7.4549e-07
0.773046 1.4382 0 210 7.42859e-07
0.773796 1.4382 0 210 7.39953e-07
0.774546 1.4382 0 210 7.37333e-07
0.775296 1.4382 0 210 7.34851e-07
0.776046 1.4382 0 210 7.32686e-07
0.776796 1.4382 0 210 7.30606e-07
0.777546 1.4382 0 210 7.28656e-07
0.778296 1.4382 0 210 7.2688e-07
0.779047 1.4382 0 210 7.2521e-07
0.779797 1.4382 0 210 7.23749e-07
0.780547 1.4382 0 210 7.22444e-07
0.781297 1.4382 0 210 7.21341e-07
0.782047 1.4382 0 210 7.20322e-07
0.782797 1.4382 0 210 7.19401e-07
0.783547 1.4382 0 210 7.18573e-07
0.784297 1.4382 0 210 7.18035e-07
0.785048 1.4382 0 210 7.17659e-07
0.785798 1.4382 0 210 7.19552e-07
0.786548 1.4382 0 210 7.19204e-07
0.787298 1.4382 0 210 7.19163e-07
0.788048 1.4382 0 210 7.19311e-07
0.788798 1.4382 0 210 7.19868e-07
0.789548 1.4382 0 210 7.20426e-07
0.790298 1.4382 0 210 7.21324e-07
0.791049 1.4382 0 210 7.22348e-07
0.791799 1.4382 0 210 7.236e-07
0.792549 1.4382 0 210 7.24883e-07
0.793299 1.4382 0 210 7.26449e-07
0.794049 1.4382 0 210 7.28248e-07
0.794799 1.4382 0 210 7.30316e-07
0.795549 1.4382 0 210 7.32424e-07
0.796299 1.4382 0 210 7.34739e-07
0.79705 1.4382 0 210 7.37414e-07
0.7978 1.4382 0 210 7.40177e-07
0.79855 1.4382 0 210 7.433e-07
0.7993 1.4382 0 210 7.46136e-07
0.80005 1.4382 0 210 7.49721e-07
0.8008 1.4382 0 210 7.56952e-07
0.80155 1.4382 0 210 7.6102e-07
0.8023 1.4382 0 210 7.65182e-07
0.803051 1.4382 0 210 7.69803e-07
0.803801 1.4382 0 210 7.74511e-07
0.804551 1.4382 0 210 7.80003e-07
0.805301 1.4382 0 210 7.8523e-07
0.806051 1.4382 0 210 7.90765e-07
0.806801 1.4382 0 210 7.9661e-07
0.807551 1.4382 0 210 8.028e-07
0.808301 1.4382 0 210 8.09257e-07
0.809052 1.4382 0 210 8.16062e-07
0.809802 1.4382 0 210 8.22973e-07
0.810552 1.4382 0 210 8.30263e-07
0.811302 1.4382 0 210 8.38107e-07
0.812052 1.4382 0 210 8.44667e-07
0.812802 1.4382 0 210 8.52232e-07
0.813552 1.4382 0 210 8.60075e-07
0.814302 1.4382 0 210 8.68269e-07
0.815053 1.4382 0 210 8.76096e-07
0.815803 1.4382 0 210 8.90017e-07
0.816553 1.4382 0 210 8.97534e-07
0.817303 1.4382 0 210 9.04695e-07
0.818053 1.4382 0 210 9.11962e-07
0.818803 1.4382 0 210 9.184e-07
0.819553 1.4382 0 210 9.23577e-07
0.820303 1.4382 0 210 9.27413e-07
0.821054 1.4382 0 210 9.29025e-07
0.821804 1.4382 0 210 9.28549e-07
0.822554 1.4382 0 210 9.24681e-07
0.823304 1.4382 0 210 9.17803e-07
0.824054 1.4382 0 210 9.0565e-07
0.824804 1.4382 0 210 8.87231e-07
0.825554 1.4382 0 210 8.57478e-07
0.826304 1.4382 0 210 8.18711e-07
0.827055 1.4382 0 210 7.65185e-07
0.827805 1.4382 0 210 6.93772e-07
0.828555 1.4382 0 210 5.99661e-07
0.829305 1.4382 0 210 4.73422e-07
0.830055 1.4382 0 210 3.07095e-07
0.830805 1.4382 0 210 8.57727e-08
0.831555 1.4382 0 210 -2.30718e-07
0.832305 1.4382 0 210 -6.31031e-07
0.833056 1.4382 0 210 -1.16062e-06
0.833806 1.4382 0 210 -1.86926e-06
0.834556 1.4382 0 210 -2.82014e-06
0.835306 1.4382 0 210 -4.0923e-06
0.836056 1.4382 0 210 -5.79474e-06
0.836806 1.4382 0 210 -8.05404e-06
0.837556 1.4382 0 210 -1.10121e-05
0.838306 1.4382 0 210 -1.47607e-05
0.839057 1.4382 0 210 -1.92492e-05
0.839807 1.4382 0 210 -2.40544e-05
0.840557 1.4382 0 210 -2.81416e-05
0.841307 1.4382 0 210 -2.9751e-05
0.842057 1.4382 0 210 -2.7025e-05
0.842807 1.4382 0 210 -1.94455e-05
0.843557 1.4382 0 210 -8.82266e-06
0.844307 1.4382 0 210 1.63027e-06
0.845058 1.4382 0 210 9.43866e-06
0.845808 1.4382 0 210 1.39303e-05
0.846558 1.4382 0 210 1.57312e-05
0.847308 1.4382 0 210 1.61814e-05
0.848058 1.4382 0 210 1.5356e-05
0.848808 1.4382 0 210 1.41714e-05
0.849558 1.4382 0 210 1.29409e-05
0.850308 1.4382 0 210 1.18131e-05
0.851059 1.4382 0 210 1.08561e-05
0.851809 1.4382 0 210 1.0086e-05
0.852559 1.4382 0 210 9.50596e-06
0.853309 1.4382 0 210 9.10838e-06
0.854059 1.4382 0 210 8.88615e-06
0.854809 1.4382 0 210 8.84211e-06
0.855559 1.4382 0 210 8.97659e-06
0.856309 1.4382 0 210 9.30222e-06
0.85706 1.4382 0 210 9.83983e-06
0.85781 1.4382 0 210 1.0623e-05
0.85856 1.4382 0 210 1.16948e-05
0.85931 1.4382 0 210 1.3118e-05
0.86006 1.4382 0 210 1.49672e-05
0.86081 1.4382 0 210 1.73251e-05
0.86156 1.4382 0 210 2.02565e-05
0.86231 1.4382 0 210 2.37555e-05
0.863061 1.4382 0 210 2.76444e-05
0.863811 1.4382 0 210 3.14465e-05
0.864561 1.4382 0 210 3.43892e-05
0.865311 1.4382 0 210 3.55157e-05
0.866061 1.4382 0 210 3.44379e-05
0.866811 1.4382 0 210 3.15169e-05
0.867561 1.4382 0 210 2.76157e-05
0.868311 1.4382 0 210 2.35577e-05
0.869062 1.4382 0 210 1.98525e-05
0.869812 1.4382 0 210 1.66797e-05
0.870562 1.4382 0 210 1.40619e-05
0.871312 1.4382 0 210 1.19356e-05
0.872062 1.4382 0 210 1.02155e-05
0.872812 1.4382 0 210 8.82155e-06
0.873562 1.4382 0 210 7.68488e-06
0.874312 1.4382 0 210 6.75151e-06
0.875063 1.4382 0 210 5.97887e-06
0.875813 1.4382 0 210 5.33375e-06
0.876563 1.4382 0 210 4.79057e-06
0.877313 1.4382 0 210 4.32963e-06
0.878063 1.4382 0 210 3.93556e-06
0.878813 1.4382 0 210 3.59634e-06
0.879563 1.4382 0 210 3.3024e-06
0.880313 1.4382 0 210 3.04597e-06
0.881064 1.4382 0 210 2.82115e-06
0.881814 1.4382 0 210 2.63098e-06
0.882564 1.4382 0 210 2.45504e-06
0.883314 1.4382 0 210 2.29838e-06
0.884064 1.4382 0 210 2.15818e-06
0.884814 1.4382 0 210 2.0321e-06
0.885564 1.4382 0 210 1.91877e-06
0.886314 1.4382 0 210 1.81612e-06
0.887065 1.4382 0 210 1.72295e-06
0.887815 1.4382 0 210 1.63821e-06
0.888565 1.4382 0 210 1.56074e-06
0.889315 1.4382 0 210 1.48987e-06
0.890065 1.4382 0 210 1.4248e-06
0.890815 1.4382 0 210 1.3649e-06
0.891565 1.4382 0 210 1.30968e-06
0.892315 1.4382 0 210 1.25861e-06
0.893066 1.4382 0 210 1.21134e-06
0.893816 1.4382 0 210 1.1674e-06
0.894566 1.4382 0 210 1.12653e-06
0.895316 1.4382 0 210 1.08847e-06
0.896066 1.4382 0 210 1.05293e-06
0.896816 1.4382 0 210 1.01977e-06
0.897566 1.4382 0 210 9.8868e-07
0.898316 1.4382 0 210 9.59569e-07
0.899067 1.4382 0 210 9.32223e-07
0.899817 1.4382 0 210 9.06502e-07
0.900567 1.4382 0 210 8.85541e-07
0.901317 1.4382 0 210 8.6261e-07
0.902067 1.4382 0 210 8.40991e-07
0.902817 1.4382 0 210 8.20555e-07
0.903567 1.4382 0 210 8.01225e-07
0.904317 1.4382 0 210 7.82959e-07
0.905068 1.4382 0 210 7.65614e-07
0.905818 1.4382 0 210 7.49198e-07
0.906568 1.4382 0 210 7.33572e-07
0.907318 1.4382 0 210 7.18751e-07
0.908068 1.4382 0 210 7.04669e-07
0.908818 1.4382 0 210 6.91254e-07
0.909568 1.4382 0 210 6.78477e-07
0.910318 1.4382 0 210 6.66304e-07
0.911069 1.4382 0 210 6.547e-07
0.911819 1.4382 0 210 6.43656e-07
0.912569 1.4382 0 210 6.33092e-07
0.913319 1.4382 0 210 6.22979e-07
0.914069 1.4382 0 210 6.13293e-07
0.914819 1.4382 0 210 6.04048e-07
0.915569 1.4382 0 210 5.95215e-07
0.916319 1.4382 0 210 5.86731e-07
0.91707 1.4382 0 210 5.78547e-07
0.91782 1.4382 0 210 5.70758e-07
0.91857 1.4382 0 210 5.63277e-07
0.91932 1.4382 0 210 5.57864e-07
0.92007 1.4382 0 210 5.50953e-07
0.92082 1.4382 0 210 5.44297e-07
0.92157 1.4382 0 210 5.37916e-07
0.92232 1.4382 0 210 5.31772e-07
0.923071 1.4382 0 210 5.25882e-07
0.923821 1.4382 0 210 5.20228e-07
0.924571 1.4382 0 210 5.14761e-07
0.925321 1.4382 0 210 5.09512e-07
0.926071 1.4382 0 210 5.04445e-07
0.926821 1.4382 0 210 4.99573e-07
0.927571 1.4382 0 210 4.94899e-07
0.928321 1.4382 0 210 4.90383e-07
0.929072 1.4382 0 210 4.86037e-07
0.929822 1.4382 0 210 4.81842e-07
0.930572 1.4382 0 210 4.77804e-07
0.931322 1.4382 0 210 4.73921e-07
0.932072 1.4382 0 210 4.70168e-07
0.932822 1.4382 0 210 4.66551e-07
0.933572 1.4382 0 210 4.63061e-07
0.934322 1.4382 0 210 4.59702e-07
0.935073 1.4382 0 210 4.56431e-07
0.935823 1.4382 0 210 4.53303e-07
0.936573 1.4382 0 210 4.50284e-07
0.937323 1.4382 0 210 4.47374e-07
0.938073 1.4382 0 210 4.44572e-07
0.938823 1.4382 0 210 4.41871e-07
0.939573 1.4382 0 210 4.40237e-07
0.940323 1.4382 0 210 4.37703e-07
0.941074 1.4382 0 210 4.35251e-07
0.941824 1.4382 0 210 4.32887e-07
0.942574 1.4382 0 210 4.30608e-07
0.943324 1.4382 0 210 4.28413e-07
0.944074 1.4382 0 210 4.26295e-07
0.944824 1.4382 0 210 4.24251e-07
0.945574 1.4382 0 210 4.22294e-07
0.946324 1.4382 0 210 4.20401e-07
0.947075 1.4382 0 210 4.18574e-07
0.947825 1.4382 0 210 4.16818e-07
0.948575 1.4382 0 210 4.15137e-07
0.949325 1.4382 0 210 4.13511e-07
0.950075 1.4382 0 210 4.1195e-07
0.950825 1.4382 0 210 4.1046e-07
0.951575 1.4382 0 210 4.09015e-07
0.952325 1.4382 0 210 4.07645e-07
0.953076 1.4382 0 210 4.06321e-07
0.953826 1.4382 0 210 4.05049e-07
0.954576 1.4382 0 210 4.03829e-07
0.955326 1.4382 0 210 4.0266e-07
0.956076 1.4382 0 210 4.0154e-07
0.956826 1.4382 0 210 4.00469e-07
0.957576 1.4382 0 210 3.9945e-07
0.958326 1.4382 0 210 3.98482e-07
0.959077 1.4382 0 210 3.97546e-07
0.959827 1.4382 0 210 3.96662e-07
0.960577 1.4382 0 210 3.96385e-07
0.961327 1.4382 0 210 3.9558e-07
0.962077 1.4382 0 210 3.94804e-07
0.962827 1.4382 0 210 3.94077e-07
0.963577 1.4382 0 210 3.93382e-07
0.964327 1.4382 0 210 3.92736e-07
0.965078 1.4382 0 210 3.92126e-07
0.965828 1.4382 0 210 3.91548e-07
0.966578 1.4382 0 210 3.91014e-07
0.967328 1.4382 0 210 3.90497e-07
0.968078 1.4382 0 210 3.90016e-07
0.968828 1.4382 0 210 3.89587e-07
0.969578 1.4382 0 210 3.8917e-07
0.970328 1.4382 0 210 3.88775e-07
0.971079 1.4382 0 210 3.88457e-07
0.971829 1.4382 0 210 3.88121e-07
0.972579 1.4382 0 210 3.87814e-07
0.973329 1.4382 0 210 3.87542e-07
0.974079 1.4382 0 210 3.87275e-07
0.974829 1.4382 0 210 3.87049e-07
0.975579 1.4382 0 210 3.8682e-07
0.976329 1.4382 0 210 3.86616e-07
0.97708 1.4382 0 210 3.8642e-07
0.97783 1.4382 0 210 3.86229e-07
0.97858 1.4382 0 210 3.86073e-07
0.97933 1.4382 0 210 3.85905e-07
0.98008 1.4382 0 210 3.85751e-07
0.98083 1.4382 0 210 3.85596e-07
0.98158 1.4382 0 210 3.85387e-07
0.98233 1.4382 0 210 3.85444e-07
0.983081 1.4382 0 210 3.85205e-07
0.983831 1.4382 0 210 3.84925e-07
0.984581 1.4382 0 210 3.84587e-07
0.985331 1.4382 0 210 3.84228e-07
0.986081 1.4382 0 210 3.83788e-07
0.986831 1.4382 0 210 3.83239e-07
0.987581 1.4382 0 210 3.82613e-07
0.988331 1.4382 0 210 3.81849e-07
0.989082 1.4382 0 210 3.80905e-07
0.989832 1.4382 0 210 3.79756e-07
0.990582 1.4382 0 210 3.78436e-07
0.991332 1.4382 0 210 3.76754e-07
0.992082 1.4382 0 210 3.74755e-07
0.992832 1.4382 0 210 3.72346e-07
0.993582 1.4382 0 210 3.69352e-07
0.994332 1.4382 0 210 3.65731e-07
0.995083 1.4382 0 210 3.61307e-07
0.995833 1.4382 0 210 3.55949e-07
0.996583 1.4382 0 210 3.49312e-07
0.997333 1.4382 0 210 3.4119e-07
0.998083 1.4382 0 210 3.31186e-07
0.998833 1.4382 0 210 3.18778e-07
0.999583 1.4382 0 210 3.03375e-07
1.00033 1.4382 0 210 2.84116e-07
1.00108 1.4382 0 210 2.60043e-07
1.00183 1.4382 0 210 2.29948e-07
1.00258 1.4382 0 210 1.92124e-07
1.00333 1.4382 0 210 1.44674e-07
1.00408 1.4382 0 210 8.49859e-08
1.00483 1.4382 0 210 1.07439e-08
1.00558 1.4382 0 210 -8.03142e-08
1.00633 1.4382 0 210 -1.88975e-07
1.00708 1.4382 0 210 -3.13322e-07
1.00783 1.4382 0 210 -4.44416e-07
1.00858 1.4382 0 210 -5.62616e-07
1.00933 1.4382 0 210 -6.35885e-07
1.01009 1.4382 0 210 -6.22862e-07
1.01084 1.4382 0 210 -5.02661e-07
1.01159 1.4382 0 210 -2.45484e-07
1.01234 1.4382 0 210 8.97869e-08
1.01309 1.4382 0 210 4.29022e-07
1.01384 1.4382 0 210 7.05358e-07
1.01459 1.4382 0 210 8.88135e-07
1.01534 1.4382 0 210 9.82076e-07
1.01609 1.4382 0 210 1.00919e-06
1.01684 1.4382 0 210 9.93647e-07
1.01759 1.4382 0 210 9.55686e-07
1.01834 1.4382 0 210 9.08429e-07
1.01909 1.4382 0 210 8.59816e-07
1.01984 1.4382 0 210 8.13909e-07
1.02059 1.4382 0 210 7.72414e-07
1.02134 1.4382 0 210 7.35699e-07
1.02209 1.4382 0 210 7.03983e-07
1.02284 1.4382 0 210 6.76856e-07
1.02359 1.4382 0 210 6.53795e-07
1.02434 1.4382 0 210 6.34295e-07
1.02509 1.4382 0 210 6.17821e-07
1.02584 1.4382 0 210 6.04134e-07
1.02659 1.4382 0 210 5.92587e-07
1.02734 1.4382 0 210 5.83004e-07
1.02809 1.4382 0 210 5.75051e-07
1.02884 1.4382 0 210 5.68687e-07
1.02959 1.4382 0 210 5.63443e-07
1.03034 1.4382 0 210 5.59326e-07
1.03109 1.4382 0 210 5.56196e-07
1.03184 1.4382 0 210 5.54976e-07
1.03259 1.4382 0 210 5.53498e-07
1.03334 1.4382 0 210 5.52819e-07
1.03409 1.4382 0 210 5.52831e-07
1.03484 1.4382 0 210 5.53457e-07
1.03559 1.4382 0 210 5.54761e-07
1.03634 1.4382 0 210 5.56663e-07
1.03709 1.4382 0 210 5.59212e-07
1.03784 1.4382 0 210 5.62406e-07
1.03859 1.4382 0 210 5.66262e-07
1.03934 1.4382 0 210 5.70839e-07
1.04009 1.4382 0 210 5.76194e-07
1.04084 1.4382 0 210 5.82405e-07
1.04159 1.4382 0 210 5.89537e-07
1.04234 1.4382 0 210 5.97745e-07
1.04309 1.4382 0 210 6.07132e-07
1.04384 1.4382 0 210 6.17906e-07
1.04459 1.4382 0 210 6.3029e-07
1.04534 1.4382 0 210 6.44559e-07
1.04609 1.4382 0 210 6.61006e-07
1.04684 1.4382 0 210 6.79997e-07
1.04759 1.4382 0 210 7.01963e-07
1.04834 1.4382 0 210 7.27267e-07
1.04909 1.4382 0 210 7.56256e-07
1.04984 1.4382 0 210 7.8908e-07
1.05059 1.4382 0 210 8.25511e-07
1.05134 1.4382 0 210 8.64579e-07
1.05209 1.4382 0 210 9.04295e-07
1.05284 1.4382 0 210 9.41357e-07
1.05359 1.4382 0 210 9.71375e-07
1.05434 1.4382 0 210 9.9005e-07
1.05509 1.4382 0 210 9.93709e-07
1.05584 1.4382 0 210 9.82226e-07
1.05659 1.4382 0 210 9.58202e-07
1.05734 1.4382 0 210 9.26113e-07
1.05809 1.4382 0 210 8.90613e-07
1.05884 1.4382 0 210 8.55415e-07
1.05959 1.4382 0 210 8.22863e-07
1.06034 1.4382 0 210 7.94126e-07
1.06109 1.4382 0 210 7.69522e-07
1.06184 1.4382 0 210 7.48906e-07
1.06259 1.4382 0 210 7.31925e-07
1.06334 1.4382 0 210 7.18105e-07
1.06409 1.4382 0 210 7.06992e-07
1.06484 1.4382 0 210 6.98187e-07
1.06559 1.4382 0 210 6.91315e-07
1.06634 1.4382 0 210 6.86085e-07
1.06709 1.4382 0 210 6.8224e-07
1.06784 1.4382 0 210 6.79578e-07
1.06859 1.4382 0 210 6.7792e-07
1.06934 1.4382 0 210 6.77119e-07
1.0701 1.4382 0 210 6.77068e-07
1.07085 1.4382 0 210 6.77674e-07
1.0716 1.4382 0 210 6.78847e-07
1.07235 1.4382 0 210 6.80512e-07
1.0731 1.4382 0 210 6.82628e-07
1.07385 1.4382 0 210 6.85139e-07
1.0746 1.4382 0 210 6.88019e-07
1.07535 1.4382 0 210 6.91225e-07
1.0761 1.4382 0 210 6.94733e-07
1.07685 1.4382 0 210 6.98686e-07
1.0776 1.4382 0 210 7.02742e-07
1.07835 1.4382 0 210 7.07051e-07
1.0791 1.4382 0 210 7.11585e-07
1.07985 1.4382 0 210 7.16331e-07
1.0806 1.4382 0 210 7.20958e-07
1.08135 1.4382 0 210 7.26103e-07
1.0821 1.4382 0 210 7.31455e-07
1.08285 1.4382 0 210 7.3699e-07
1.0836 1.4382 0 210 7.42715e-07
1.08435 1.4382 0 210 7.48622e-07
1.0851 1.4382 0 210 7.54707e-07
1.08585 1.4382 0 210 7.60962e-07
1.0866 1.4382 0 210 7.6741e-07
1.08735 1.4382 0 210 7.74028e-07
1.0881 1.4382 0 210 7.80828e-07
1.08885 1.4382 0 210 7.87792e-07
1.0896 1.4382 0 210 7.94935e-07
1.09035 1.4382 0 210 8.02249e-07
1.0911 1.4382 0 210 8.09741e-07
1.09185 1.4382 0 210 8.17422e-07
1.0926 1.4382 0 210 8.25264e-07
1.09335 1.4382 0 210 8.33298e-07
1.0941 1.4382 0 210 8.41527e-07
1.09485 1.4382 0 210 8.49937e-07
1.0956 1.4382 0 210 8.58546e-07
1.09635 1.4382 0 210 8.67341e-07
1.0971 1.4382 0 210 8.76327e-07
1.09785 1.4382 0 210 8.85525e-07
1.0986 1.4382 0 210 8.94933e-07
1.09935 1.4382 0 210 9.04545e-07
1.1001 1.4382 0 210 9.14379e-07
1.10085 1.4382 0 210 9.24568e-07
1.1016 1.4382 0 210 9.34846e-07
1.10235 1.4382 0 210 9.45347e-07
1.1031 1.4382 0 210 9.56091e-07
1.10385 1.4382 0 210 9.67072e-07
1.1046 1.4382 0 210 9.78296e-07
1.10535 1.4382 0 210 9.89779e-07
1.1061 1.4382 0 210 1.00152e-06
1.10685 1.4382 0 210 1.01352e-06
1.1076 1.4382 0 210 1.02579e-06
1.10835 1.4382 0 210 1.03754e-06
1.1091 1.4382 0 210 1.05036e-06
1.10985 1.4382 0 210 1.06348e-06
1.1106 1.4382 0 210 1.07691e-06
1.11135 1.4382 0 210 1.09064e-06
1.1121 1.4382 0 210 1.1047e-06
1.11285 1.4382 0 210 1.11908e-06
1.1136 1.4382 0 210 1.1338e-06
1.11435 1.4382 0 210 1.14886e-06
1.1151 1.4382 0 210 1.16431e-06
1.11585 1.4382 0 210 1.18012e-06
1.1166 1.4382 0 210 1.19631e-06
1.11735 1.4382 0 210 1.21289e-06
1.1181 1.4382 0 210 1.22988e-06
1.11885 1.4382 0 210 1.2473e-06
1.1196 1.4382 0 210 1.26513e-06
1.12035 1.4382 0 210 1.28343e-06
1.1211 1.4382 0 210 1.30216e-06
1.12185 1.4382 0 210 1.32138e-06
1.1226 1.4382 0 210 1.3411e-06
1.12335 1.4382 0 210 1.36133e-06
1.1241 1.4382 0 210 1.38207e-06
1.12485 1.4382 0 210 1.40337e-06
1.1256 1.4382 0 210 1.42536e-06
1.12635 1.4382 0 210 1.4478e-06
1.1271 1.4382 0 210 1.47083e-06
1.12785 1.4382 0 210 1.4945e-06
1.1286 1.4382 0 210 1.51882e-06
1.12935 1.4382 0 210 1.54379e-06
1.13011 1.4382 0 210 1.56946e-06
1.13086 1.4382 0 210 1.59585e-06
1.13161 1.4382 0 210 1.62297e-06
1.13236 1.4382 0 210 1.65088e-06
1.13311 1.4382 0 210 1.67959e-06
1.13386 1.4382 0 210 1.70912e-06
1.13461 1.4382 0 210 1.73952e-06
1.13536 1.4382 0 210 1.77083e-06
1.13611 1.4382 0 210 1.80306e-06
1.13686 1.4382 0 210 1.83627e-06
1.13761 1.4382 0 210 1.86842e-06
1.13836 1.4382 0 210 1.90363e-06
1.13911 1.4382 0 210 1.93995e-06
1.13986 1.4382 0 210 1.9774e-06
1.14061 1.4382 0 210 2.01605e-06
1.14136 1.4382 0 210 2.05594e-06
1.14211 1.4382 0 210 2.09711e-06
1.14286 1.4382 0 210 2.13962e-06
1.14361 1.4382 0 210 2.1835e-06
1.14436 1.4382 0 210 2.2289e-06
1.14511 1.4382 0 210 2.27585e-06
1.14586 1.4382 0 210 2.3244e-06
1.14661 1.4382 0 210 2.3746e-06
1.14736 1.4382 0 210 2.42659e-06
1.14811 1.4382 0 210 2.48039e-06
1.14886 1.4382 0 210 2.53615e-06
1.14961 1.4382 0 210 2.5939e-06
1.15036 1.4382 0 210 2.6538e-06
1.15111 1.4382 0 210 2.71585e-06
1.15186 1.4382 0 210 2.78052e-06
1.15261 1.4382 0 210 2.84742e-06
1.15336 1.4382 0 210 2.91689e-06
1.15411 1.4382 0 210 2.98911e-06
1.15486 1.4382 0 210 3.06419e-06
1.15561 1.4382 0 210 3.14225e-06
1.15636 1.4382 0 210 3.22347e-06
1.15711 1.4382 0 210 3.3081e-06
1.15786 1.4382 0 210 3.39626e-06
1.15861 1.4382 0 210 3.48816e-06
1.15936 1.4382 0 210 3.58399e-06
1.16011 1.4382 0 210 3.68406e-06
1.16086 1.4382 0 210 3.78852e-06
1.16161 1.4382 0 210 3.89768e-06
1.16236 1.4382 0 210 4.01185e-06
1.16311 1.4382 0 210 4.13131e-06
1.16386 1.4382 0 210 4.25636e-06
1.16461 1.4382 0 210 4.38743e-06
1.16536 1.4382 0 210 4.52487e-06
1.16611 1.4382 0 210 4.6691e-06
1.16686 1.4382 0 210 4.82049e-06
1.16761 1.4382 0 210 4.97969e-06
1.16836 1.4382 0 210 5.13882e-06
1.16911 1.4382 0 210 5.31478e-06
1.16986 1.4382 0 210 5.50029e-06
1.17061 1.4382 0 210 5.69589e-06
1.17136 1.4382 0 210 5.90249e-06
1.17211 1.4382 0 210 6.12081e-06
1.17286 1.4382 0 210 6.35177e-06
1.17361 1.4382 0 210 6.59633e-06
1.17436 1.4382 0 210 6.85558e-06
1.17511 1.4382 0 210 7.13089e-06
1.17586 1.4382 0 210 7.42358e-06
1.17661 1.4382 0 210 7.73504e-06
1.17736 1.4382 0 210 8.06676e-06
1.17811 1.4382 0 210 8.42073e-06
1.17886 1.4382 0 210 8.79898e-06
1.17961 1.4382 0 210 9.20449e-06
1.18036 1.4382 0 210 9.6381e-06
1.18111 1.4382 0 210 1.01036e-05
1.18186 1.4382 0 210 1.06039e-05
1.18261 1.4382 0 210 1.11426e-05
1.18336 1.4382 0 210 1.17239e-05
1.18411 1.4382 0 210 1.23525e-05
1.18486 1.4382 0 210 1.3033e-05
1.18561 1.4382 0 210 1.37718e-05
1.18636 1.4382 0 210 1.45754e-05
1.18711 1.4382 0 210 1.54512e-05
1.18786 1.4382 0 210 1.64078e-05
1.18861 1.4382 0 210 1.74565e-05
1.18936 1.4382 0 210 1.86083e-05
1.19012 1.4382 0 210 1.98772e-05
1.19087 1.4382 0 210 2.12788e-05
1.19162 1.4382 0 210 2.28313e-05
1.19237 1.4382 0 210 2.45579e-05
1.19312 1.4382 0 210 2.64836e-05
1.19387 1.4382 0 210 2.86388e-05
1.19462 1.4382 0 210 3.10614e-05
1.19537 1.4382 0 210 3.37945e-05
1.19612 1.4382 0 210 3.68896e-05
1.19687 1.4382 0 210 4.0411e-05
1.19762 1.4382 0 210 4.44348e-05
1.19837 1.4382 0 210 4.90518e-05
1.19912 1.4382 0 210 5.43751e-05
1.19987 1.4382 0 210 6.05399e-05
1.20062 1.4382 0 210 6.75265e-05
1.20137 1.4382 0 210 7.58762e-05
1.20212 1.4382 0 210 8.56581e-05
1.20287 1.4382 0 210 9.7138e-05
1.20362 1.4382 0 210 0.000110612
1.20437 1.4382 0 210 0.00012638
1.20512 1.4382 0 210 0.000144694
1.20587 1.4382 0 210 0.000165656
1.20662 1.4382 0 210 0.000189065
1.20737 1.4382 0 210 0.000214164
1.20812 1.4382 0 210 0.0002394
1.20887 1.4382 0 210 0.00026227
1.20962 1.4382 0 210 0.00027959
1.21037 1.4382 0 210 0.000288306
1.21112 1.4382 0 210 0.000286658
1.21187 1.4382 0 210 0.000274999
1.21262 1.4382 0 210 0.000255619
1.21337 1.4382 0 210 0.000231737
1.21412 1.4382 0 210 0.000206386
1.21487 1.4382 0 210 0.000181763
1.21562 1.4382 0 210 0.000159142
1.21637 1.4382 0 210 0.000139076
1.21712 1.4382 0 210 0.000121642
1.21787 1.4382 0 210 0.000106683
1.21862 1.4382 0 210 9.39243e-05
1.21937 1.4382 0 210 8.30644e-05
1.22012 1.4382 0 210 7.38142e-05
1.22087 1.4382 0 210 6.59197e-05
1.22162 1.4382 0 210 5.91601e-05
1.22237 1.4382 0 210 5.33493e-05
1.22312 1.4382 0 210 4.83348e-05
1.22387 1.4382 0 210 4.39894e-05
1.22462 1.4382 0 210 4.02083e-05
1.22537 1.4382 0 210 3.69048e-05
1.22612 1.4382 0 210 3.40079e-05
1.22687 1.4382 0 210 3.14589e-05
1.22762 1.4382 0 210 2.92085e-05
1.22837 1.4382 0 210 2.72159e-05
1.22912 1.4382 0 210 2.54471e-05
1.22987 1.4382 0 210 2.38735e-05
1.23062 1.4382 0 210 2.24715e-05
1.23137 1.4382 0 210 2.12204e-05
1.23212 1.4382 0 210 2.01034e-05
1.23287 1.4382 0 210 1.91059e-05
1.23362 1.4382 0 210 1.82156e-05
1.23437 1.4382 0 210 1.74221e-05
1.23512 1.4382 0 210 1.67119e-05
1.23587 1.4382 0 210 1.60874e-05
1.23662 1.4382 0 210 1.5538e-05
1.23737 1.4382 0 210 1.50585e-05
1.23812 1.4382 0 210 1.46454e-05
1.23887 1.4382 0 210 1.42949e-05
1.23962 1.4382 0 210 1.40049e-05
1.24037 1.4382 0 210 1.37741e-05
1.24112 1.4382 0 210 1.36019e-05
1.24187 1.4382 0 210 1.34885e-05
1.24262 1.4382 0 210 1.34353e-05
1.24337 1.4382 0 210 1.34441e-05
1.24412 1.4382 0 210 1.35179e-05
1.24487 1.4382 0 210 1.36608e-05
1.24562 1.4382 0 210 1.38784e-05
1.24637 1.4382 0 210 1.41776e-05
1.24712 1.4382 0 210 1.45669e-05
1.24787 1.4382 0 210 1.50571e-05
1.24862 1.4382 0 210 1.56612e-05
1.24937 1.4382 0 210 1.63951e-05
1.25013 1.4382 0 210 1.72778e-05
1.25088 1.4382 0 210 1.83325e-05
1.25163 1.4382 0 210 1.9587e-05
1.25238 1.4382 0 210 2.10732e-05
1.25313 1.4382 0 210 2.28282e-05
1.25388 1.4382 0 210 2.48934e-05
1.25463 1.4382 0 210 2.73123e-05
1.25538 1.4382 0 210 3.01261e-05
1.25613 1.4382 0 210 3.33662e-05
1.25688 1.4382 0 210 3.7039e-05
1.25763 1.4382 0 210 4.11035e-05
1.25838 1.4382 0 210 4.54434e-05
1.25913 1.4382 0 210 4.98344e-05
1.25988 1.4382 0 210 5.39279e-05
1.26063 1.4382 0 210 5.72717e-05
1.26138 1.4382 0 210 5.93956e-05
1.26213 1.4382 0 210 5.99438e-05
1.26288 1.4382 0 210 5.88078e-05
1.26363 1.4382 0 210 5.61689e-05
1.26438 1.4382 0 210 5.24233e-05
1.26513 1.4382 0 210 4.80476e-05
1.26588 1.4382 0 210 4.34703e-05
1.26663 1.4382 0 210 3.90063e-05
1.26738 1.4382 0 210 3.48497e-05
1.26813 1.4382 0 210 3.1094e-05
1.26888 1.4382 0 210 2.77644e-05
1.26963 1.4382 0 210 2.48473e-05
1.27038 1.4382 0 210 2.23055e-05
1.27113 1.4382 0 210 2.00959e-05
1.27188 1.4382 0 210 1.81826e-05
1.27263 1.4382 0 210 1.652e-05
1.27338 1.4382 0 210 1.50716e-05
1.27413 1.4382 0 210 1.38059e-05
1.27488 1.4382 0 210 1.26959e-05
1.27563 1.4382 0 210 1.17188e-05
1.27638 1.4382 0 210 1.08552e-05
1.27713 1.4382 0 210 1.0089e-05
1.27788 1.4382 0 210 9.40642e-06
1.27863 1.4382 0 210 8.79599e-06
1.27938 1.4382 0 210 8.24822e-06
1.28013 1.4382 0 210 7.75482e-06
1.28088 1.4382 0 210 7.30885e-06
1.28163 1.4382 0 210 6.90444e-06
1.28238 1.4382 0 210 6.53652e-06
1.28313 1.4382 0 210 6.20083e-06
1.28388 1.4382 0 210 5.89359e-06
1.28463 1.4382 0 210 5.61166e-06
1.28538 1.4382 0 210 5.35227e-06
1.28613 1.4382 0 210 5.11296e-06
1.28688 1.4382 0 210 4.89175e-06
1.28763 1.4382 0 210 4.68675e-06
1.28838 1.4382 0 210 4.49632e-06
1.28913 1.4382 0 210 4.31911e-06
1.28988 1.4382 0 210 4.15388e-06
1.29063 1.4382 0 210 3.99952e-06
1.29138 1.4382 0 210 3.85504e-06
1.29213 1.4382 0 210 3.71958e-06
1.29288 1.4382 0 210 3.59237e-06
1.29363 1.4382 0 210 3.4727e-06
1.29438 1.4382 0 210 3.35999e-06
1.29513 1.4382 0 210 3.2537e-06
1.29588 1.4382 0 210 3.15331e-06
1.29663 1.4382 0 210 3.05833e-06
1.29738 1.4382 0 210 2.96839e-06
1.29813 1.4382 0 210 2.88314e-06
1.29888 1.4382 0 210 2.80218e-06
1.29963 1.4382 0 210 2.72524e-06
1.30038 1.4382 0 210 2.65204e-06
1.30113 1.4382 0 210 2.58233e-06
1.30188 1.4382 0 210 2.51585e-06
1.30263 1.4382 0 210 2.45244e-06
1.30338 1.4382 0 210 2.39153e-06
1.30413 1.4382 0 210 2.33366e-06
1.30488 1.4382 0 210 2.27831e-06
1.30563 1.4382 0 210 2.22532e-06
1.30638 1.4382 0 210 2.17452e-06
1.30713 1.4382 0 210 2.12587e-06
1.30788 1.4382 0 210 2.07911e-06
1.30863 1.4382 0 210 2.03421e-06
1.30938 1.4382 0 210 1.98954e-06
1.31014 1.4382 0 210 1.94807e-06
1.31089 1.4382 0 210 1.90816e-06
1.31164 1.4382 0 210 1.86972e-06
1.31239 1.4382 0 210 1.83272e-06
1.31314 1.4382 0 210 1.79712e-06
1.31389 1.4382 0 210 1.76273e-06
1.31464 1.4382 0 210 1.72952e-06
1.31539 1.4382 0 210 1.69746e-06
1.31614 1.4382 0 210 1.66646e-06
1.31689 1.4382 0 210 1.63652e-06
1.31764 1.4382 0 210 1.60756e-06
1.31839 1.4382 0 210 1.57954e-06
1.31914 1.4382 0 210 1.55241e-06
1.31989 1.4382 0 210 1.52613e-06
1.32064 1.4382 0 210 1.50068e-06
1.32139 1.4382 0 210 1.47599e-06
1.32214 1.4382 0 210 1.45205e-06
1.32289 1.4382 0 210 1.42879e-06
1.32364 1.4382 0 210 1.40621e-06
1.32439 1.4382 0 210 1.38429e-06
1.32514 1.4382 0 210 1.36296e-06
1.32589 1.4382 0 210 1.34221e-06
1.32664 1.4382 0 210 1.32211e-06
1.32739 1.4382 0 210 1.30254e-06
1.32814 1.4382 0 210 1.28345e-06
1.32889 1.4382 0 210 1.26479e-06
1.32964 1.4382 0 210 1.24654e-06
1.33039 1.4382 0 210 1.22873e-06
1.33114 1.4382 0 210 1.21133e-06
1.33189 1.4382 0 210 1.19428e-06
1.33264 1.4382 0 210 1.17752e-06
1.33339 1.4382 0 210 1.16115e-06
1.33414 1.4382 0 210 1.14511e-06
1.33489 1.4382 0 210 1.12921e-06
1.33564 1.4382 0 210 1.1135e-06
1.33639 1.4382 0 210 1.0979e-06
1.33714 1.4382 0 210 1.08243e-06
1.33789 1.4382 0 210 1.0671e-06
1.33864 1.4382 0 210 1.05127e-06
1.33939 1.4382 0 210 1.0359e-06
1.34014 1.4382 0 210 1.0203e-06
1.34089 1.4382 0 210 1.00474e-06
1.34164 1.4382 0 210 9.88757e-07
1.34239 1.4382 0 210 9.7233e-07
1.34314 1.4382 0 210 9.5524e-07
1.34389 1.4382 0 210 9.37434e-07
1.34464 1.4382 0 210 9.18808e-07
1.34539 1.4382 0 210 8.99082e-07
1.34614 1.4382 0 210 8.77979e-07
1.34689 1.4382 0 210 8.55038e-07
1.34764 1.4382 0 210 8.30275e-07
1.34839 1.4382 0 210 8.02821e-07
1.34914 1.4382 0 210 7.72275e-07
1.34989 1.4382 0 210 7.38146e-07
1.35064 1.4382 0 210 6.97645e-07
1.35139 1.4382 0 210 6.52732e-07
1.35214 1.4382 0 210 6.00729e-07
1.35289 1.4382 0 210 5.40614e-07
1.35364 1.4382 0 210 4.70405e-07
1.35439 1.4382 0 210 3.88018e-07
1.35514 1.4382 0 210 2.9166e-07
1.35589 1.4382 0 210 1.79374e-07
1.35664 1.4382 0 210 5.05709e-08
1.35739 1.4382 0 210 -9.68958e-08
1.35814 1.4382 0 210 -2.59669e-07
1.35889 1.4382 0 210 -4.35564e-07
1.35964 1.4382 0 210 -6.12457e-07
1.36039 1.4382 0 210 -7.74476e-07
1.36114 1.4382 0 210 -8.96058e-07
1.36189 1.4382 0 210 -9.49608e-07
1.36264 1.4382 0 210 -9.06369e-07
1.36339 1.4382 0 210 -7.50309e-07
1.36414 1.4382 0 210 -4.86955e-07
1.36489 1.4382 0 210 -1.46148e-07
1.36564 1.4382 0 210 2.25359e-07
1.36639 1.4382 0 210 5.77748e-07
1.36714 1.4382 0 210 8.74181e-07
1.36789 1.4382 0 210 1.09384e-06
1.36864 1.4382 0 210 1.24011e-06
1.36939 1.4382 0 210 1.32102e-06
1.37015 1.4382 0 210 1.35165e-06
1.3709 1.4382 0 210 1.34651e-06
1.37165 1.4382 0 210 1.31731e-06
1.3724 1.4382 0 210 1.27501e-06
1.37315 1.4382 0 210 1.22523e-06
1.3739 1.4382 0 210 1.17324e-06
1.37465 1.4382 0 210 1.12149e-06
1.3754 1.4382 0 210 1.07183e-06
1.37615 1.4382 0 210 1.02491e-06
1.3769 1.4382 0 210 9.81151e-07
1.37765 1.4382 0 210 9.4074e-07
1.3784 1.4382 0 210 9.03438e-07
1.37915 1.4382 0 210 8.68989e-07
1.3799 1.4382 0 210 8.37217e-07
1.38065 1.4382 0 210 8.07745e-07
1.3814 1.4382 0 210 7.80315e-07
1.38215 1.4382 0 210 7.54631e-07
1.3829 1.4382 0 210 7.3036e-07
1.38365 1.4382 0 210 7.07311e-07
1.3844 1.4382 0 210 6.85188e-07
1.38515 1.4382 0 210 6.63853e-07
1.3859 1.4382 0 210 6.43012e-07
1.38665 1.4382 0 210 6.2249e-07
1.3874 1.4382 0 210 6.02026e-07
1.38815 1.4382 0 210 5.81463e-07
1.3889 1.4382 0 210 5.60593e-07
1.38965 1.4382 0 210 5.39093e-07
1.3904 1.4382 0 210 5.16766e-07
1.39115 1.4382 0 210 4.93436e-07
1.3919 1.4382 0 210 4.68748e-07
1.39265 1.4382 0 210 4.42432e-07
1.3934 1.4382 0 210 4.14096e-07
1.39415 1.4382 0 210 3.74886e-07
1.3949 1.4382 0 210 3.40183e-07
1.39565 1.4382 0 210 3.01898e-07
1.3964 1.4382 0 210 2.59521e-07
1.39715 1.4382 0 210 2.12358e-07
1.3979 1.4382 0 210 1.59402e-07
1.39865 1.4382 0 210 9.97574e-08
1.3994 1.4382 0 210 3.22527e-08
1.40015 1.4382 0 210 -4.45832e-08
1.4009 1.4382 0 210 -1.32288e-07
1.40165 1.4382 0 210 -2.32914e-07
1.4024 1.4382 0 210 -3.48918e-07
1.40315 1.4382 0 210 -4.83478e-07
1.4039 1.4382 0 210 -6.38921e-07
1.40465 1.4382 0 210 -8.19886e-07
1.4054 1.4382 0 210 -1.03092e-06
1.40615 1.4382 0 210 -1.2778e-06
1.4069 1.4382 0 210 -1.56658e-06
1.40765 1.4382 0 210 -1.90558e-06
1.4084 1.4382 0 210 -2.30217e-06
1.40915 1.4382 0 210 -2.7657e-06
1.4099 1.4382 0 210 -3.30565e-06
1.41065 1.4382 0 210 -3.92987e-06
1.4114 1.4382 0 210 -4.64474e-06
1.41215 1.4382 0 210 -5.45016e-06
1.4129 1.4382 0 210 -6.33273e-06
1.41365 1.4382 0 210 -7.26578e-06
1.4144 1.4382 0 210 -8.19989e-06
1.41515 1.4382 0 210 -9.0458e-06
1.4159 1.4382 0 210 -9.68994e-06
1.41665 1.4382 0 210 -9.98675e-06
1.4174 1.4382 0 210 -9.79039e-06
1.41815 1.4382 0 210 -8.98902e-06
1.4189 1.4382 0 210 -7.56335e-06
1.41965 1.4382 0 210 -5.61165e-06
1.4204 1.4382 0 210 -3.34455e-06
1.42115 1.4382 0 210 -1.02896e-06
1.4219 1.4382 0 210 1.08513e-06
1.42265 1.4382 0 210 2.82189e-06
1.4234 1.4382 0 210 4.1051e-06
1.42415 1.4382 0 210 4.94375e-06
1.4249 1.4382 0 210 5.40165e-06
1.42565 1.4382 0 210 5.56356e-06
1.4264 1.4382 0 210 5.51481e-06
1.42715 1.4382 0 210 5.32667e-06
1.4279 1.4382 0 210 5.05609e-06
1.42865 1.4382 0 210 4.7426e-06
1.4294 1.4382 0 210 4.41422e-06
1.43016 1.4382 0 210 4.08877e-06
1.43091 1.4382 0 210 3.77774e-06
1.43166 1.4382 0 210 3.48558e-06
1.43241 1.4382 0 210 3.21584e-06
1.43316 1.4382 0 210 2.96928e-06
1.43391 1.4382 0 210 2.74579e-06
1.43466 1.4382 0 210 2.54351e-06
1.43541 1.4382 0 210 2.36083e-06
1.43616 1.4382 0 210 2.1963e-06
1.43691 1.4382 0 210 2.04806e-06
1.43766 1.4382 0 210 1.91446e-06
1.43841 1.4382 0 210 1.79405e-06
1.43916 1.4382 0 210 1.68556e-06
1.43991 1.4382 0 210 1.58744e-06
1.44066 1.4382 0 210 1.54424e-06
1.44141 1.4382 0 210 1.4604e-06
1.44216 1.4382 0 210 1.38445e-06
1.44291 1.4382 0 210 1.31521e-06
1.44366 1.4382 0 210 1.25224e-06
1.44441 1.4382 0 210 1.19469e-06
1.44516 1.4382 0 210 1.14203e-06
1.44591 1.4382 0 210 1.09381e-06
1.44666 1.4382 0 210 1.04957e-06
1.44741 1.4382 0 210 1.0089e-06
1.44816 1.4382 0 210 9.71569e-07
1.44891 1.4382 0 210 9.37047e-07
1.44966 1.4382 0 210 9.05167e-07
1.45041 1.4382 0 210 8.75888e-07
1.45116 1.4382 0 210 8.48564e-07
1.45191 1.4382 0 210 8.23225e-07
1.45266 1.4382 0 210 7.99698e-07
1.45341 1.4382 0 210 7.77812e-07
1.45416 1.4382 0 210 7.57422e-07
1.45491 1.4382 0 210 7.38466e-07
1.45566 1.4382 0 210 7.20731e-07
1.45641 1.4382 0 210 7.04151e-07
1.45716 1.4382 0 210 6.88628e-07
1.45791 1.4382 0 210 6.74127e-07
1.45866 1.4382 0 210 6.60571e-07
1.45941 1.4382 0 210 6.4787e-07
1.46016 1.4382 0 210 6.35976e-07
1.46091 1.4382 0 210 6.24743e-07
1.46166 1.4382 0 210 6.14229e-07
1.46241 1.4382 0 210 6.04346e-07
1.46316 1.4382 0 210 5.9502e-07
1.46391 1.4382 0 210 5.86255e-07
1.46466 1.4382 0 210 5.78027e-07
1.46541 1.4382 0 210 5.70304e-07
1.46616 1.4382 0 210 5.63025e-07
1.46691 1.4382 0 210 5.56192e-07
1.46766 1.4382 0 210 5.49778e-07
1.46841 1.4382 0 210 5.43767e-07
1.46916 1.4382 0 210 5.38145e-07
1.46991 1.4382 0 210 5.32925e-07
1.47066 1.4382 0 210 5.2807e-07
1.47141 1.4382 0 210 5.23511e-07
1.47216 1.4382 0 210 5.1929e-07
1.47291 1.4382 0 210 5.15397e-07
1.47366 1.4382 0 210 5.1183e-07
1.47441 1.4382 0 210 5.0858e-07
1.47516 1.4382 0 210 5.0565e-07
1.47591 1.4382 0 210 5.0306e-07
1.47666 1.4382 0 210 5.00774e-07
1.47741 1.4382 0 210 4.98818e-07
1.47816 1.4382 0 210 4.972e-07
1.47891 1.4382 0 210 4.95934e-07
1.47966 1.4382 0 210 4.95058e-07
1.48041 1.4382 0 210 4.94537e-07
1.48116 1.4382 0 210 4.94422e-07
1.48191 1.4382 0 210 4.94742e-07
1.48266 1.4382 0 210 4.95532e-07
1.48341 1.4382 0 210 4.96847e-07
1.48416 1.4382 0 210 4.98684e-07
1.48491 1.4382 0 210 5.01129e-07
1.48566 1.4382 0 210 5.04244e-07
1.48641 1.4382 0 210 5.08094e-07
1.48716 1.4382 0 210 5.12769e-07
1.48791 1.4382 0 210 5.18374e-07
1.48866 1.4382 0 210 5.25022e-07
1.48941 1.4382 0 210 5.32829e-07
1.49017 1.4382 0 210 5.4463e-07
1.49092 1.4382 0 210 5.55135e-07
1.49167 1.4382 0 210 5.67294e-07
1.49242 1.4382 0 210 5.81253e-07
1.49317 1.4382 0 210 5.97202e-07
1.49392 1.4382 0 210 6.15248e-07
1.49467 1.4382 0 210 6.35465e-07
1.49542 1.4382 0 210 6.5781e-07
1.49617 1.4382 0 210 6.82045e-07
1.49692 1.4382 0 210 7.0769e-07
1.49767 1.4382 0 210 7.33926e-07
1.49842 1.4382 0 210 7.59571e-07
1.49917 1.4382 0 210 7.83048e-07
1.49992 1.4382 0 210 8.02569e-07
1.50067 1.4382 0 210 8.16431e-07
1.50142 1.4382 0 210 8.23111e-07
1.50217 1.4382 0 210 8.21938e-07
1.50292 1.4382 0 210 8.13053e-07
1.50367 1.4382 0 210 7.97399e-07
1.50442 1.4382 0 210 7.76496e-07
1.50517 1.4382 0 210 7.52109e-07
1.50592 1.4382 0 210 7.25874e-07
1.50667 1.4382 0 210 6.99209e-07
1.50742 1.4382 0 210 6.73149e-07
1.50817 1.4382 0 210 6.48391e-07
1.50892 1.4382 0 210 6.2535e-07
1.50967 1.4382 0 210 6.04194e-07
1.51042 1.4382 0 210 5.84964e-07
1.51117 1.4382 0 210 5.67608e-07
1.51192 1.4382 0 210 5.51986e-07
1.51267 1.4382 0 210 5.37976e-07
1.51342 1.4382 0 210 5.25425e-07
1.51417 1.4382 0 210 5.14174e-07
1.51492 1.4382 0 210 5.04087e-07
1.51567 1.4382 0 210 4.95036e-07
1.51642 1.4382 0 210 4.86906e-07
1.51717 1.4382 0 210 4.79588e-07
1.51792 1.4382 0 210 4.72993e-07
1.51867 1.4382 0 210 4.67038e-07
1.51942 1.4382 0 210 4.61655e-07
1.52017 1.4382 0 210 4.56781e-07
1.52092 1.4382 0 210 4.52361e-07
1.52167 1.4382 0 210 4.48358e-07
1.52242 1.4382 0 210 4.44715e-07
1.52317 1.4382 0 210 4.41395e-07
1.52392 1.4382 0 210 4.38372e-07
1.52467 1.4382 0 210 4.35619e-07
1.52542 1.4382 0 210 4.3311e-07
1.52617 1.4382 0 210 4.30823e-07
1.52692 1.4382 0 210 4.2874e-07
1.52767 1.4382 0 210 4.26843e-07
1.52842 1.4382 0 210 4.2512e-07
1.52917 1.4382 0 210 4.2355e-07
1.52992 1.4382 0 210 4.22126e-07
1.53067 1.4382 0 210 4.20837e-07
1.53142 1.4382 0 210 4.19673e-07
1.53217 1.4382 0 210 4.18629e-07
1.53292 1.4382 0 210 4.1769e-07
1.53367 1.4382 0 210 4.16853e-07
1.53442 1.4382 0 210 4.16112e-07
1.53517 1.4382 0 210 4.15462e-07
1.53592 1.4382 0 210 4.14899e-07
1.53667 1.4382 0 210 4.14413e-07
1.53742 1.4382 0 210 4.14002e-07
1.53817 1.4382 0 210 4.13664e-07
1.53892 1.4382 0 210 4.13394e-07
1.53967 1.4382 0 210 4.13189e-07
1.54042 1.4382 0 210 4.13047e-07
1.54117 1.4382 0 210 4.12966e-07
1.54192 1.4382 0 210 4.12942e-07
1.54267 1.4382 0 210 4.12973e-07
1.54342 1.4382 0 210 4.13781e-07
1.54417 1.4382 0 210 4.13903e-07
1.54492 1.4382 0 210 4.14077e-07
1.54567 1.4382 0 210 4.14298e-07
1.54642 1.4382 0 210 4.14568e-07
1.54717 1.4382 0 210 4.14882e-07
1.54792 1.4382 0 210 4.15236e-07
1.54867 1.4382 0 210 4.15639e-07
1.54942 1.4382 0 210 4.16085e-07
1.55018 1.4382 0 210 4.16574e-07
1.55093 1.4382 0 210 4.17104e-07
1.55168 1.4382 0 210 4.17674e-07
1.55243 1.4382 0 210 4.18285e-07
1.55318 1.4382 0 210 4.18933e-07
1.55393 1.4382 0 210 4.19621e-07
1.55468 1.4382 0 210 4.2035e-07
1.55543 1.4382 0 210 4.21114e-07
1.55618 1.4382 0 210 4.21915e-07
1.55693 1.4382 0 210 4.22753e-07
1.55768 1.4382 0 210 4.23627e-07
1.55843 1.4382 0 210 4.24538e-07
1.55918 1.4382 0 210 4.25485e-07
1.55993 1.4382 0 210 4.26468e-07
1.56068 1.4382 0 210 4.27487e-07
1.56143 1.4382 0 210 4.28542e-07
1.56218 1.4382 0 210 4.29632e-07
1.56293 1.4382 0 210 4.30757e-07
1.56368 1.4382 0 210 4.31918e-07
1.56443 1.4382 0 210 4.33115e-07
1.56518 1.4382 0 210 4.34347e-07
1.56593 1.4382 0 210 4.35617e-07
1.56668 1.4382 0 210 4.36921e-07
1.56743 1.4382 0 210 4.38261e-07
1.56818 1.4382 0 210 4.39638e-07
1.56893 1.4382 0 210 4.4105e-07
1.56968 1.4382 0 210 4.42498e-07
1.57043 1.4382 0 210 4.43983e-07
1.57118 1.4382 0 210 4.45505e-07
1.57193 1.4382 0 210 4.47063e-07
1.57268 1.4382 0 210 4.48659e-07
1.57343 1.4382 0 210 4.50292e-07
1.57418 1.4382 0 210 4.51963e-07
1.57493 1.4382 0 210 4.53672e-07
1.57568 1.4382 0 210 4.55421e-07
1.57643 1.4382 0 210 4.57207e-07
1.57718 1.4382 0 210 4.59032e-07
1.57793 1.4382 0 210 4.60897e-07
1.57868 1.4382 0 210 4.62802e-07
1.57943 1.4382 0 210 4.64748e-07
1.58018 1.4382 0 210 4.66735e-07
1.58093 1.4382 0 210 4.68763e-07
1.58168 1.4382 0 210 4.70833e-07
1.58243 1.4382 0 210 4.72946e-07
1.58318 1.4382 0 210 4.75102e-07
1.58393 1.4382 0 210 4.77302e-07
1.58468 1.4382 0 210 4.79545e-07
1.58543 1.4382 0 210 4.81833e-07
1.58618 1.4382 0 210 4.84168e-07
1.58693 1.4382 0 210 4.86547e-07
1.58768 1.4382 0 210 4.88974e-07
1.58843 1.4382 0 210 4.91449e-07
1.58918 1.4382 0 210 4.93971e-07
1.58993 1.4382 0 210 4.96542e-07
1.59068 1.4382 0 210 4.99163e-07
1.59143 1.4382 0 210 5.01834e-07
1.59218 1.4382 0 210 5.04558e-07
1.59293 1.4382 0 210 5.07333e-07
1.59368 1.4382 0 210 5.10163e-07
1.59443 1.4382 0 210 5.13047e-07
1.59518 1.4382 0 210 5.15986e-07
1.59593 1.4382 0 210 5.18983e-07
1.59668 1.4382 0 210 5.22037e-07
1.59743 1.4382 0 210 5.2515e-07
1.59818 1.4382 0 210 5.28318e-07
1.59893 1.4382 0 210 5.31551e-07
1.59968 1.4382 0 210 5.34847e-07
1.60043 1.4382 0 210 5.38394e-07
1.60118 1.4382 0 210 5.41813e-07
1.60193 1.4382 0 210 5.45295e-07
1.60268 1.4382 0 210 5.48849e-07
1.60343 1.4382 0 210 5.52469e-07
1.60418 1.4382 0 210 5.56161e-07
1.60493 1.4382 0 210 5.59925e-07
1.60568 1.4382 0 210 5.63765e-07
1.60643 1.4382 0 210 5.67679e-07
1.60718 1.4382 0 210 5.71672e-07
1.60793 1.4382 0 210 5.75742e-07
1.60868 1.4382 0 210 5.79896e-07
1.60943 1.4382 0 210 5.84132e-07
1.61019 1.4382 0 210 5.88452e-07
1.61094 1.4382 0 210 5.92862e-07
1.61169 1.4382 0 210 5.97361e-07
1.61244 1.4382 0 210 6.01951e-07
1.61319 1.4382 0 210 6.06634e-07
1.61394 1.4382 0 210 6.11416e-07
1.61469 1.4382 0 210 6.16297e-07
1.61544 1.4382 0 210 6.21277e-07
1.61619 1.4382 0 210 6.26358e-07
1.61694 1.4382 0 210 6.31539e-07
1.61769 1.4382 0 210 6.36821e-07
1.61844 1.4382 0 210 6.42198e-07
1.61919 1.4382 0 210 6.47669e-07
1.61994 1.4382 0 210 6.5323e-07
1.62069 1.4382 0 210 6.58875e-07
1.62144 1.4382 0 210 6.646e-07
1.62219 1.4382 0 210 6.70395e-07
1.62294 1.4382 0 210 6.76265e-07
1.62369 1.4382 0 210 6.8221e-07
1.62444 1.4382 0 210 6.88238e-07
1.62519 1.4382 0 210 6.94365e-07
1.62594 1.4382 0 210 7.00605e-07
1.62669 1.4382 0 210 7.0698e-07
1.62744 1.4382 0 210 7.13499e-07
1.62819 1.4382 0 210 7.20181e-07
1.62894 1.4382 0 210 7.27034e-07
1.62969 1.4382 0 210 7.34063e-07
1.63044 1.4382 0 210 7.4127e-07
1.63119 1.4382 0 210 7.48666e-07
1.63194 1.4382 0 210 7.5625e-07
1.63269 1.4382 0 210 7.64025e-07
1.63344 1.4382 0 210 7.71992e-07
1.63419 1.4382 0 210 7.80156e-07
1.63494 1.4382 0 210 7.88522e-07
1.63569 1.4382 0 210 7.9709e-07
1.63644 1.4382 0 210 8.05865e-07
1.63719 1.4382 0 210 8.14852e-07
1.63794 1.4382 0 210 8.24059e-07
1.63869 1.4382 0 210 8.33495e-07
1.63944 1.4382 0 210 8.43161e-07
1.64019 1.4382 0 210 8.53065e-07
1.64094 1.4382 0 210 8.63214e-07
1.64169 1.4382 0 210 8.73616e-07
1.64244 1.4382 0 210 8.84279e-07
1.64319 1.4382 0 210 8.9521e-07
1.64394 1.4382 0 210 9.0642e-07
1.64469 1.4382 0 210 9.17913e-07
1.64544 1.4382 0 210 9.29707e-07
1.64619 1.4382 0 210 9.41809e-07
1.64694 1.4382 0 210 9.54228e-07
1.64769 1.4382 0 210 9.66978e-07
1.64844 1.4382 0 210 9.80068e-07
1.64919 1.4382 0 210 9.93505e-07
1.64994 1.4382 0 210 1.00731e-06
1.65069 1.4382 0 210 1.0215e-06
1.65144 1.4382 0 210 1.03608e-06
1.65219 1.4382 0 210 1.05108e-06
1.65294 1.4382 0 210 1.0665e-06
1.65369 1.4382 0 210 1.08236e-06
1.65444 1.4382 0 210 1.09869e-06
1.65519 1.4382 0 210 1.11549e-06
1.65594 1.4382 0 210 1.1328e-06
1.65669 1.4382 0 210 1.15062e-06
1.65744 1.4382 0 210 1.16899e-06
1.65819 1.4382 0 210 1.18792e-06
1.65894 1.4382 0 210 1.20743e-06
1.65969 1.4382 0 210 1.22757e-06
1.66044 1.4382 0 210 1.24834e-06
1.66119 1.4382 0 210 1.26978e-06
1.66194 1.4382 0 210 1.29164e-06
1.66269 1.4382 0 210 1.3145e-06
1.66344 1.4382 0 210 1.33813e-06
1.66419 1.4382 0 210 1.36255e-06
1.66494 1.4382 0 210 1.38781e-06
1.66569 1.4382 0 210 1.41396e-06
1.66644 1.4382 0 210 1.44103e-06
1.66719 1.4382 0 210 1.46906e-06
1.66794 1.4382 0 210 1.49811e-06
1.66869 1.4382 0 210 1.52823e-06
1.66944 1.4382 0 210 1.55947e-06
1.6702 1.4382 0 210 1.59189e-06
1.67095 1.4382 0 210 1.62555e-06
1.6717 1.4382 0 210 1.66052e-06
1.67245 1.4382 0 210 1.69687e-06
1.6732 1.4382 0 210 1.73467e-06
1.67395 1.4382 0 210 1.77403e-06
1.6747 1.4382 0 210 1.81499e-06
1.67545 1.4382 0 210 1.85768e-06
1.6762 1.4382 0 210 1.9022e-06
1.67695 1.4382 0 210 1.94866e-06
1.6777 1.4382 0 210 1.99716e-06
1.67845 1.4382 0 210 2.04783e-06
1.6792 1.4382 0 210 2.10082e-06
1.67995 1.4382 0 210 2.15626e-06
1.6807 1.4382 0 210 2.2143e-06
1.68145 1.4382 0 210 2.27515e-06
1.6822 1.4382 0 210 2.33896e-06
1.68295 1.4382 0 210 2.40597e-06
1.6837 1.4382 0 210 2.47637e-06
1.68445 1.4382 0 210 2.55042e-06
1.6852 1.4382 0 210 2.62835e-06
1.68595 1.4382 0 210 2.71048e-06
1.6867 1.4382 0 210 2.7971e-06
1.68745 1.4382 0 210 2.88857e-06
1.6882 1.4382 0 210 2.98523e-06
1.68895 1.4382 0 210 3.08751e-06
1.6897 1.4382 0 210 3.19588e-06
1.69045 1.4382 0 210 3.31082e-06
1.6912 1.4382 0 210 3.43284e-06
1.69195 1.4382 0 210 3.5626e-06
1.6927 1.4382 0 210 3.70075e-06
1.69345 1.4382 0 210 3.84802e-06
1.6942 1.4382 0 210 4.00524e-06
1.69495 1.4382 0 210 4.17332e-06
1.6957 1.4382 0 210 4.3533e-06
1.69645 1.4382 0 210 4.5463e-06
1.6972 1.4382 0 210 4.75359e-06
1.69795 1.4382 0 210 4.9766e-06
1.6987 1.4382 0 210 5.21694e-06
1.69945 1.4382 0 210 5.4764e-06
1.7002 1.4382 0 210 5.75699e-06
1.70095 1.4382 0 210 6.06094e-06
1.7017 1.4382 0 210 6.39096e-06
1.70245 1.4382 0 210 6.74986e-06
1.7032 1.4382 0 210 7.14101e-06
1.70395 1.4382 0 210 7.56807e-06
1.7047 1.4382 0 210 8.03533e-06
1.70545 1.4382 0 210 8.5476e-06
1.7062 1.4382 0 210 9.11029e-06
1.70695 1.4382 0 210 9.72953e-06
1.7077 1.4382 0 210 1.04119e-05
1.70845 1.4382 0 210 1.11658e-05
1.7092 1.4382 0 210 1.19995e-05
1.70995 1.4382 0 210 1.29227e-05
1.7107 1.4382 0 210 1.39456e-05
1.71145 1.4382 0 210 1.50795e-05
1.7122 1.4382 0 210 1.63356e-05
1.71295 1.4382 0 210 1.77252e-05
1.7137 1.4382 0 210 1.92584e-05
1.71445 1.4382 0 210 2.09428e-05
1.7152 1.4382 0 210 2.27818e-05
1.71595 1.4382 0 210 2.47714e-05
1.7167 1.4382 0 210 2.68965e-05
1.71745 1.4382 0 210 2.91276e-05
1.7182 1.4382 0 210 3.14155e-05
1.71895 1.4382 0 210 3.36883e-05
1.7197 1.4382 0 210 3.58515e-05
1.72045 1.4382 0 210 3.77908e-05
1.7212 1.4382 0 210 3.93826e-05
1.72195 1.4382 0 210 4.05104e-05
1.7227 1.4382 0 210 4.10851e-05
1.72345 1.4382 0 210 4.10619e-05
1.7242 1.4382 0 210 4.04506e-05
1.72495 1.4382 0 210 3.93138e-05
1.7257 1.4382 0 210 3.77529e-05
1.72645 1.4382 0 210 3.58895e-05
1.7272 1.4382 0 210 3.38466e-05
1.72795 1.4382 0 210 3.17339e-05
1.7287 1.4382 0 210 2.9641e-05
1.72945 1.4382 0 210 2.76282e-05
1.73021 1.4382 0 210 2.57419e-05
1.73096 1.4382 0 210 2.40073e-05
1.73171 1.4382 0 210 2.24369e-05
1.73246 1.4382 0 210 2.10331e-05
1.73321 1.4382 0 210 1.97924e-05
1.73396 1.4382 0 210 1.87067e-05
1.73471 1.4382 0 210 1.77657e-05
1.73546 1.4382 0 210 1.69573e-05
1.73621 1.4382 0 210 1.62681e-05
1.73696 1.4382 0 210 1.56838e-05
1.73771 1.4382 0 210 1.51886e-05
1.73846 1.4382 0 210 1.47657e-05
1.73921 1.4382 0 210 1.43969e-05
1.73996 1.4382 0 210 1.40631e-05
1.74071 1.4382 0 210 1.37458e-05
1.74146 1.4382 0 210 1.3428e-05
1.74221 1.4382 0 210 1.30962e-05
1.74296 1.4382 0 210 1.27416e-05
1.74371 1.4382 0 210 1.23607e-05
1.74446 1.4382 0 210 1.19559e-05
1.74521 1.4382 0 210 1.15332e-05
1.74596 1.4382 0 210 1.11016e-05
1.74671 1.4382 0 210 1.06708e-05
1.74746 1.4382 0 210 1.025e-05
1.74821 1.4382 0 210 9.84692e-06
1.74896 1.4382 0 210 9.46782e-06
1.74971 1.4382 0 210 9.11672e-06
1.75046 1.4382 0 210 8.79632e-06
1.75121 1.4382 0 210 8.50791e-06
1.75196 1.4382 0 210 8.25158e-06
1.75271 1.4382 0 210 8.02665e-06
1.75346 1.4382 0 210 7.83143e-06
1.75421 1.4382 0 210 7.66396e-06
1.75496 1.4382 0 210 7.522e-06
1.75571 1.4382 0 210 7.40345e-06
1.75646 1.4382 0 210 7.30638e-06
1.75721 1.4382 0 210 7.22917e-06
1.75796 1.4382 0 210 7.17053e-06
1.75871 1.4382 0 210 7.12956e-06
1.75946 1.4382 0 210 7.1056e-06
1.76021 1.4382 0 210 7.09809e-06
1.76096 1.4382 0 210 7.10673e-06
1.76171 1.4382 0 210 7.1313e-06
1.76246 1.4382 0 210 7.17167e-06
1.76321 1.4382 0 210 7.22783e-06
1.76396 1.4382 0 210 7.2998e-06
1.76471 1.4382 0 210 7.38776e-06
1.76546 1.4382 0 210 7.49198e-06
1.76621 1.4382 0 210 7.61282e-06
1.76696 1.4382 0 210 7.75075e-06
1.76771 1.4382 0 210 7.90638e-06
1.76846 1.4382 0 210 8.08045e-06
1.76921 1.4382 0 210 8.2735e-06
1.76996 1.4382 0 210 8.48711e-06
1.77071 1.4382 0 210 8.72211e-06
1.77146 1.4382 0 210 8.9799e-06
1.77221 1.4382 0 210 9.26195e-06
1.77296 1.4382 0 210 9.57007e-06
1.77371 1.4382 0 210 9.9062e-06
1.77446 1.4382 0 210 1.02725e-05
1.77521 1.4382 0 210 1.06715e-05
1.77596 1.4382 0 210 1.11061e-05
1.77671 1.4382 0 210 1.15795e-05
1.77746 1.4382 0 210 1.20953e-05
1.77821 1.4382 0 210 1.26575e-05
1.77896 1.4382 0 210 1.32708e-05
1.77971 1.4382 0 210 1.39405e-05
1.78046 1.4382 0 210 1.46725e-05
1.78121 1.4382 0 210 1.54734e-05
1.78196 1.4382 0 210 1.63511e-05
1.78271 1.4382 0 210 1.7314e-05
1.78346 1.4382 0 210 1.8372e-05
1.78421 1.4382 0 210 1.95365e-05
1.78496 1.4382 0 210 2.082e-05
1.78571 1.4382 0 210 2.22367e-05
1.78646 1.4382 0 210 2.38034e-05
1.78721 1.4382 0 210 2.55385e-05
1.78796 1.4382 0 210 2.74627e-05
1.78871 1.4382 0 210 2.95991e-05
1.78946 1.4382 0 210 3.19734e-05
1.79022 1.4382 0 210 3.46136e-05
1.79097 1.4382 0 210 3.75497e-05
1.79172 1.4382 0 210 4.0813e-05
1.79247 1.4382 0 210 4.44338e-05
1.79322 1.4382 0 210 4.84402e-05
1.79397 1.4382 0 210 5.28536e-05
1.79472 1.4382 0 210 5.76829e-05
1.79547 1.4382 0 210 6.29178e-05
1.79622 1.4382 0 210 6.85182e-05
1.79697 1.4382 0 210 7.44027e-05
1.79772 1.4382 0 210 8.04364e-05
1.79847 1.4382 0 210 8.6421e-05
1.79922 1.4382 0 210 9.20929e-05
1.79997 1.4382 0 210 9.71346e-05
1.80072 1.4382 0 210 0.000101329
1.80147 1.4382 0 210 0.000104162
1.80222 1.4382 0 210 0.000105447
1.80297 1.4382 0 210 0.000105064
1.80372 1.4382 0 210 0.000103041
1.80447 1.4382 0 210 9.95564e-05
1.80522 1.4382 0 210 9.48997e-05
1.80597 1.4382 0 210 8.94116e-05
1.80672 1.4382 0 210 8.34314e-05
1.80747 1.4382 0 210 7.72586e-05
1.80822 1.4382 0 210 7.11295e-05
1.80897 1.4382 0 210 6.52144e-05
1.80972 1.4382 0 210 5.96233e-05
1.81047 1.4382 0 210 5.44167e-05
1.81122 1.4382 0 210 4.96205e-05
1.81197 1.4382 0 210 4.52353e-05
1.81272 1.4382 0 210 4.1247e-05
1.81347 1.4382 0 210 3.76333e-05
1.81422 1.4382 0 210 3.43699e-05
1.81497 1.4382 0 210 3.14325e-05
1.81572 1.4382 0 210 2.87989e-05
1.81647 1.4382 0 210 2.64508e-05
1.81722 1.4382 0 210 2.43722e-05
1.81797 1.4382 0 210 2.25473e-05
1.81872 1.4382 0 210 2.09583e-05
1.81947 1.4382 0 210 1.9584e-05
1.82022 1.4382 0 210 1.83974e-05
1.82097 1.4382 0 210 1.73681e-05
1.82172 1.4382 0 210 1.64635e-05
1.82247 1.4382 0 210 1.56534e-05
1.82322 1.4382 0 210 1.49123e-05
1.82397 1.4382 0 210 1.42203e-05
1.82472 1.4382 0 210 1.35638e-05
1.82547 1.4382 0 210 1.29359e-05
1.82622 1.4382 0 210 1.23334e-05
1.82697 1.4382 0 210 1.17551e-05
1.82772 1.4382 0 210 1.12015e-05
1.82847 1.4382 0 210 1.06732e-05
1.82922 1.4382 0 210 1.01711e-05
1.82997 1.4382 0 210 9.6953e-06
1.83072 1.4382 0 210 9.24579e-06
1.83147 1.4382 0 210 8.82198e-06
1.83222 1.4382 0 210 8.42308e-06
1.83297 1.4382 0 210 8.04802e-06
1.83372 1.4382 0 210 7.69553e-06
1.83447 1.4382 0 210 7.36459e-06
1.83522 1.4382 0 210 7.05362e-06
1.83597 1.4382 0 210 6.76143e-06
1.83672 1.4382 0 210 6.4867e-06
1.83747 1.4382 0 210 6.22835e-06
1.83822 1.4382 0 210 5.98516e-06
1.83897 1.4382 0 210 5.75606e-06
1.83972 1.4382 0 210 5.54004e-06
1.84047 1.4382 0 210 5.33623e-06
1.84122 1.4382 0 210 5.14373e-06
1.84197 1.4382 0 210 4.96177e-06
1.84272 1.4382 0 210 4.7896e-06
1.84347 1.4382 0 210 4.62655e-06
1.84422 1.4382 0 210 4.47199e-06
1.84497 1.4382 0 210 4.32537e-06
1.84572 1.4382 0 210 4.18615e-06
1.84647 1.4382 0 210 4.05387e-06
1.84722 1.4382 0 210 3.92805e-06
1.84797 1.4382 0 210 3.80829e-06
1.84872 1.4382 0 210 3.69421e-06
1.84947 1.4382 0 210 3.58545e-06
1.85023 1.4382 0 210 3.4817e-06
1.85098 1.4382 0 210 3.38264e-06
1.85173 1.4382 0 210 3.28801e-06
1.85248 1.4382 0 210 3.19755e-06
1.85323 1.4382 0 210 3.11101e-06
1.85398 1.4382 0 210 3.02816e-06
1.85473 1.4382 0 210 2.94881e-06
1.85548 1.4382 0 210 2.87276e-06
1.85623 1.4382 0 210 2.79984e-06
1.85698 1.4382 0 210 2.72986e-06
1.85773 1.4382 0 210 2.66268e-06
1.85848 1.4382 0 210 2.59816e-06
1.85923 1.4382 0 210 2.53615e-06
1.85998 1.4382 0 210 2.47652e-06
1.86073 1.4382 0 210 2.41915e-06
1.86148 1.4382 0 210 2.36395e-06
1.86223 1.4382 0 210 2.3108e-06
1.86298 1.4382 0 210 2.25959e-06
1.86373 1.4382 0 210 2.21026e-06
1.86448 1.4382 0 210 2.16269e-06
1.86523 1.4382 0 210 2.11681e-06
1.86598 1.4382 0 210 2.07255e-06
1.86673 1.4382 0 210 2.02983e-06
1.86748 1.4382 0 210 1.98858e-06
1.86823 1.4382 0 210 1.94875e-06
1.86898 1.4382 0 210 1.91026e-06
1.86973 1.4382 0 210 1.87307e-06
1.87048 1.4382 0 210 1.83712e-06
1.87123 1.4382 0 210 1.80236e-06
1.87198 1.4382 0 210 1.76874e-06
1.87273 1.4382 0 210 1.73621e-06
1.87348 1.4382 0 210 1.70474e-06
1.87423 1.4382 0 210 1.67428e-06
1.87498 1.4382 0 210 1.64481e-06
1.87573 1.4382 0 210 1.61627e-06
1.87648 1.4382 0 210 1.58864e-06
1.87723 1.4382 0 210 1.56189e-06
1.87798 1.4382 0 210 1.53598e-06
1.87873 1.4382 0 210 1.5083e-06
1.87948 1.4382 0 210 1.48401e-06
1.88023 1.4382 0 210 1.4605e-06
1.88098 1.4382 0 210 1.43773e-06
1.88173 1.4382 0 210 1.41569e-06
1.88248 1.4382 0 210 1.39436e-06
1.88323 1.4382 0 210 1.37373e-06
1.88398 1.4382 0 210 1.35377e-06
1.88473 1.4382 0 210 1.33447e-06
1.88548 1.4382 0 210 1.31583e-06
1.88623 1.4382 0 210 1.29782e-06
1.88698 1.4382 0 210 1.28046e-06
1.88773 1.4382 0 210 1.26372e-06
1.88848 1.4382 0 210 1.2476e-06
1.88923 1.4382 0 210 1.2321e-06
1.88998 1.4382 0 210 1.21723e-06
1.89073 1.4382 0 210 1.20298e-06
1.89148 1.4382 0 210 1.18936e-06
1.89223 1.4382 0 210 1.17639e-06
1.89298 1.4382 0 210 1.16406e-06
1.89373 1.4382 0 210 1.15241e-06
1.89448 1.4382 0 210 1.14144e-06
1.89523 1.4382 0 210 1.13117e-06
1.89598 1.4382 0 210 1.12165e-06
1.89673 1.4382 0 210 1.11291e-06
1.89748 1.4382 0 210 1.10497e-06
1.89823 1.4382 0 210 1.0979e-06
1.89898 1.4382 0 210 1.09173e-06
1.89973 1.4382 0 210 1.08653e-06
1.90048 1.4382 0 210 1.08235e-06
1.90123 1.4382 0 210 1.07926e-06
1.90198 1.4382 0 210 1.07731e-06
1.90273 1.4382 0 210 1.07658e-06
1.90348 1.4382 0 210 1.07711e-06
1.90423 1.4382 0 210 1.07894e-06
1.90498 1.4382 0 210 1.08209e-06
1.90573 1.4382 0 210 1.08648e-06
1.90648 1.4382 0 210 1.09203e-06
1.90723 1.4382 0 210 1.09857e-06
1.90798 1.4382 0 210 1.10579e-06
1.90873 1.4382 0 210 1.11327e-06
1.90948 1.4382 0 210 1.12044e-06
1.91024 1.4382 0 210 1.12665e-06
1.91099 1.4382 0 210 1.13111e-06
1.91174 1.4382 0 210 1.13303e-06
1.91249 1.4382 0 210 1.13172e-06
1.91324 1.4382 0 210 1.12664e-06
1.91399 1.4382 0 210 1.11754e-06
1.91474 1.4382 0 210 1.1045e-06
1.91549 1.4382 0 210 1.08788e-06
1.91624 1.4382 0 210 1.06828e-06
1.91699 1.4382 0 210 1.04644e-06
1.91774 1.4382 0 210 1.02314e-06
1.91849 1.4382 0 210 9.99112e-07
1.91924 1.4382 0 210 9.74962e-07
1.91999 1.4382 0 210 9.51175e-07
1.92074 1.4382 0 210 9.28108e-07
1.92149 1.4382 0 210 9.05996e-07
1.92224 1.4382 0 210 8.84977e-07
1.92299 1.4382 0 210 8.65113e-07
1.92374 1.4382 0 210 8.4642e-07
1.92449 1.4382 0 210 8.28857e-07
1.92524 1.4382 0 210 8.1238e-07
1.92599 1.4382 0 210 7.96924e-07
1.92674 1.4382 0 210 7.82419e-07
1.92749 1.4382 0 210 7.68789e-07
1.92824 1.4382 0 210 7.5596e-07
1.92899 1.4382 0 210 7.43856e-07
1.92974 1.4382 0 210 7.32443e-07
1.93049 1.4382 0 210 7.2163e-07
1.93124 1.4382 0 210 7.11385e-07
1.93199 1.4382 0 210 7.01651e-07
1.93274 1.4382 0 210 6.92384e-07
1.93349 1.4382 0 210 6.83539e-07
1.93424 1.4382 0 210 6.7509e-07
1.93499 1.4382 0 210 6.67002e-07
1.93574 1.4382 0 210 6.59244e-07
1.93649 1.4382 0 210 6.5179e-07
1.93724 1.4382 0 210 6.44607e-07
1.93799 1.4382 0 210 6.37688e-07
1.93874 1.4382 0 210 6.31004e-07
1.93949 1.4382 0 210 6.24543e-07
1.94024 1.4382 0 210 6.1829e-07
1.94099 1.4382 0 210 6.12229e-07
1.94174 1.4382 0 210 6.06345e-07
1.94249 1.4382 0 210 6.00628e-07
1.94324 1.4382 0 210 5.95065e-07
1.94399 1.4382 0 210 5.89646e-07
1.94474 1.4382 0 210 5.84359e-07
1.94549 1.4382 0 210 5.79208e-07
1.94624 1.4382 0 210 5.74157e-07
1.94699 1.4382 0 210 5.69225e-07
1.94774 1.4382 0 210 5.64396e-07
1.94849 1.4382 0 210 5.59688e-07
1.94924 1.4382 0 210 5.55042e-07
1.94999 1.4382 0 210 5.50477e-07
1.95074 1.4382 0 210 5.45987e-07
1.95149 1.4382 0 210 5.41566e-07
1.95224 1.4382 0 210 5.37201e-07
1.95299 1.4382 0 210 5.32902e-07
1.95374 1.4382 0 210 5.28657e-07
1.95449 1.4382 0 210 5.24452e-07
1.95524 1.4382 0 210 5.2028e-07
1.95599 1.4382 0 210 5.16148e-07
1.95674 1.4382 0 210 5.12043e-07
1.95749 1.4382 0 210 5.07957e-07
1.95824 1.4382 0 210 5.03882e-07
1.95899 1.4382 0 210 4.99827e-07
1.95974 1.4382 0 210 4.95755e-07
1.96049 1.4382 0 210 4.91697e-07
1.96124 1.4382 0 210 4.87618e-07
1.96199 1.4382 0 210 4.83517e-07
1.96274 1.4382 0 210 4.79386e-07
1.96349 1.4382 0 210 4.75193e-07
1.96424 1.4382 0 210 4.68372e-07
1.96499 1.4382 0 210 4.63978e-07
1.96574 1.4382 0 210 4.59505e-07
1.96649 1.4382 0 210 4.54925e-07
1.96724 1.4382 0 210 4.5026e-07
1.96799 1.4382 0 210 4.45477e-07
1.96874 1.4382 0 210 4.40555e-07
1.96949 1.4382 0 210 4.35493e-07
1.97025 1.4382 0 210 4.30258e-07
1.971 1.4382 0 210 4.24835e-07
1.97175 1.4382 0 210 4.192e-07
1.9725 1.4382 0 210 4.1333e-07
1.97325 1.4382 0 210 4.07196e-07
1.974 1.4382 0 210 4.00771e-07
1.97475 1.4382 0 210 3.94023e-07
1.9755 1.4382 0 210 3.86931e-07
1.97625 1.4382 0 210 3.7943e-07
1.977 1.4382 0 210 3.71479e-07
1.97775 1.4382 0 210 3.63028e-07
1.9785 1.4382 0 210 3.54039e-07
1.97925 1.4382 0 210 3.44443e-07
1.98 1.4382 0 210 3.34187e-07
1.98075 1.4382 0 210 3.23174e-07
1.9815 1.4382 0 210 3.11346e-07
1.98225 1.4382 0 210 2.98518e-07
1.983 1.4382 0 210 2.84673e-07
1.98375 1.4382 0 210 2.69702e-07
1.9845 1.4382 0 210 2.53452e-07
1.98525 1.4382 0 210 2.35756e-07
1.986 1.4382 0 210 2.16495e-07
1.98675 1.4382 0 210 1.95449e-07
1.9875 1.4382 0 210 1.72411e-07
1.98825 1.4382 0 210 1.47114e-07
1.989 1.4382 0 210 1.19319e-07
1.98975 1.4382 0 210 8.8704e-08
1.9905 1.4382 0 210 5.49741e-08
1.99125 1.4382 0 210 1.76049e-08
1.992 1.4382 0 210 -2.37655e-08
1.99275 1.4382 0 210 -6.96603e-08
1.9935 1.4382 0 210 -1.20699e-07
1.99425 1.4382 0 210 -1.77447e-07
1.995 1.4382 0 210 -2.4068e-07
1.99575 1.4382 0 210 -3.11195e-07
1.9965 1.4382 0 210 -3.89971e-07
1.99725 1.4382 0 210 -4.78009e-07
1.998 1.4382 0 210 -5.76443e-07
1.99875 1.4382 0 210 -6.86614e-07
1.9995 1.4382 0 210 -8.09698e-07
2.00025 1.4382 0 210 -9.47397e-07
2.001 1.4382 0 210 -1.10063e-06
2.00175 1.4382 0 210 -1.27103e-06
2.0025 1.4382 0 210 -1.45986e-06
2.00325 1.4382 0 210 -1.66808e-06
2.004 1.4382 0 210 -1.89603e-06
2.00475 1.4382 0 210 -2.14373e-06
2.0055 1.4382 0 210 -2.40882e-06
2.00625 1.4382 0 210 -2.68834e-06
2.007 1.4382 0 210 -2.97672e-06
2.00775 1.4382 0 210 -3.26587e-06
2.0085 1.4382 0 210 -3.54327e-06
2.00925 1.4382 0 210 -3.79375e-06
2.01 1.4382 0 210 -3.99805e-06
2.01075 1.4382 0 210 -4.13427e-06
2.0115 1.4382 0 210 -4.17947e-06
2.01225 1.4382 0 210 -4.11219e-06
2.013 1.4382 0 210 -3.91612e-06
2.01375 1.4382 0 210 -3.58398e-06
2.0145 1.4382 0 210 -3.11954e-06
2.01525 1.4382 0 210 -2.53991e-06
2.016 1.4382 0 210 -1.87413e-06
2.01675 1.4382 0 210 -1.15954e-06
2.0175 1.4382 0 210 -4.37093e-07
2.01825 1.4382 0 210 2.53947e-07
2.019 1.4382 0 210 8.8219e-07
2.01975 1.4382 0 210 1.42513e-06
2.0205 1.4382 0 210 1.87081e-06
2.02125 1.4382 0 210 2.21685e-06
2.022 1.4382 0 210 2.46859e-06
2.02275 1.4382 0 210 2.6366e-06
2.0235 1.4382 0 210 2.73389e-06
2.02425 1.4382 0 210 2.77385e-06
2.025 1.4382 0 210 2.76972e-06
2.02575 1.4382 0 210 2.73295e-06
2.0265 1.4382 0 210 2.67327e-06
2.02725 1.4382 0 210 2.59862e-06
2.028 1.4382 0 210 2.51529e-06
2.02875 1.4382 0 210 2.42793e-06
2.0295 1.4382 0 210 2.34014e-06
2.03026 1.4382 0 210 2.25464e-06
2.03101 1.4382 0 210 2.17291e-06
2.03176 1.4382 0 210 2.09635e-06
2.03251 1.4382 0 210 2.02576e-06
2.03326 1.4382 0 210 1.96161e-06
2.03401 1.4382 0 210 1.90426e-06
2.03476 1.4382 0 210 1.85366e-06
2.03551 1.4382 0 210 1.80996e-06
2.03626 1.4382 0 210 1.77311e-06
2.03701 1.4382 0 210 1.74305e-06
2.03776 1.4382 0 210 1.71972e-06
2.03851 1.4382 0 210 1.70325e-06
2.03926 1.4382 0 210 1.69329e-06
2.04001 1.4382 0 210 1.69007e-06
2.04076 1.4382 0 210 1.69356e-06
2.04151 1.4382 0 210 1.70392e-06
2.04226 1.4382 0 210 1.72122e-06
2.04301 1.4382 0 210 1.74566e-06
2.04376 1.4382 0 210 1.77746e-06
2.04451 1.4382 0 210 1.81694e-06
2.04526 1.4382 0 210 1.86421e-06
2.04601 1.4382 0 210 1.91955e-06
2.04676 1.4382 0 210 1.98319e-06
2.04751 1.4382 0 210 2.05527e-06
2.04826 1.4382 0 210 2.13586e-06
2.04901 1.4382 0 210 2.2248e-06
2.04976 1.4382 0 210 2.32178e-06
2.05051 1.4382 0 210 2.42602e-06
2.05126 1.4382 0 210 2.53648e-06
2.05201 1.4382 0 210 2.65151e-06
2.05276 1.4382 0 210 2.76887e-06
2.05351 1.4382 0 210 2.88561e-06
2.05426 1.4382 0 210 2.99811e-06
2.05501 1.4382 0 210 3.10209e-06
2.05576 1.4382 0 210 3.19294e-06
2.05651 1.4382 0 210 3.26592e-06
2.05726 1.4382 0 210 3.31689e-06
2.05801 1.4382 0 210 3.35133e-06
2.05876 1.4382 0 210 3.34915e-06
2.05951 1.4382 0 210 3.31918e-06
2.06026 1.4382 0 210 3.26298e-06
2.06101 1.4382 0 210 3.18312e-06
2.06176 1.4382 0 210 3.08364e-06
2.06251 1.4382 0 210 2.96916e-06
2.06326 1.4382 0 210 2.84427e-06
2.06401 1.4382 0 210 2.71323e-06
2.06476 1.4382 0 210 2.58017e-06
2.06551 1.4382 0 210 2.44799e-06
2.06626 1.4382 0 210 2.31912e-06
2.06701 1.4382 0 210 2.19529e-06
2.06776 1.4382 0 210 2.07763e-06
2.06851 1.4382 0 210 1.96679e-06
2.06926 1.4382 0 210 1.86311e-06
2.07001 1.4382 0 210 1.76663e-06
2.07076 1.4382 0 210 1.67718e-06
2.07151 1.4382 0 210 1.59447e-06
2.07226 1.4382 0 210 1.51821e-06
2.07301 1.4382 0 210 1.44787e-06
2.07376 1.4382 0 210 1.38309e-06
2.07451 1.4382 0 210 1.32345e-06
2.07526 1.4382 0 210 1.26854e-06
2.07601 1.4382 0 210 1.21796e-06
2.07676 1.4382 0 210 1.17135e-06
2.07751 1.4382 0 210 1.12839e-06
2.07826 1.4382 0 210 1.08874e-06
2.07901 1.4382 0 210 1.0521e-06
2.07976 1.4382 0 210 1.0182e-06
2.08051 1.4382 0 210 9.86836e-07
2.08126 1.4382 0 210 9.57794e-07
2.08201 1.4382 0 210 9.3084e-07
2.08276 1.4382 0 210 9.0582e-07
2.08351 1.4382 0 210 8.82573e-07
2.08426 1.4382 0 210 8.60952e-07
2.08501 1.4382 0 210 8.40827e-07
2.08576 1.4382 0 210 8.221e-07
2.08651 1.4382 0 210 8.04619e-07
2.08726 1.4382 0 210 7.88308e-07
2.08801 1.4382 0 210 7.73081e-07
2.08876 1.4382 0 210 7.58855e-07
2.08951 1.4382 0 210 7.45554e-07
2.09027 1.4382 0 210 7.33113e-07
2.09102 1.4382 0 210 7.21473e-07
2.09177 1.4382 0 210 7.10578e-07
2.09252 1.4382 0 210 7.00377e-07
2.09327 1.4382 0 210 6.90825e-07
2.09402 1.4382 0 210 6.81879e-07
2.09477 1.4382 0 210 6.73507e-07
2.09552 1.4382 0 210 6.65659e-07
2.09627 1.4382 0 210 6.58311e-07
2.09702 1.4382 0 210 6.51446e-07
2.09777 1.4382 0 210 6.4501e-07
2.09852 1.4382 0 210 6.38991e-07
2.09927 1.4382 0 210 6.33367e-07
2.10002 1.4382 0 210 6.28115e-07
2.10077 1.4382 0 210 6.23217e-07
2.10152 1.4382 0 210 6.18653e-07
2.10227 1.4382 0 210 6.14415e-07
2.10302 1.4382 0 210 6.10472e-07
2.10377 1.4382 0 210 6.06818e-07
2.10452 1.4382 0 210 6.03444e-07
2.10527 1.4382 0 210 6.00327e-07
2.10602 1.4382 0 210 5.97463e-07
2.10677 1.4382 0 210 5.9484e-07
2.10752 1.4382 0 210 5.92448e-07
2.10827 1.4382 0 210 5.9028e-07
2.10902 1.4382 0 210 5.88326e-07
2.10977 1.4382 0 210 5.86578e-07
2.11052 1.4382 0 210 5.8503e-07
2.11127 1.4382 0 210 5.83676e-07
2.11202 1.4382 0 210 5.82508e-07
2.11277 1.4382 0 210 5.81521e-07
2.11352 1.4382 0 210 5.80711e-07
2.11427 1.4382 0 210 5.80073e-07
2.11502 1.4382 0 210 5.79602e-07
2.11577 1.4382 0 210 5.79294e-07
2.11652 1.4382 0 210 5.79148e-07
2.11727 1.4382 0 210 5.79157e-07
2.11802 1.4382 0 210 5.79324e-07
2.11877 1.4382 0 210 5.79636e-07
2.11952 1.4382 0 210 5.80099e-07
2.12027 1.4382 0 210 5.80706e-07
2.12102 1.4382 0 210 5.81456e-07
2.12177 1.4382 0 210 5.82349e-07
2.12252 1.4382 0 210 5.83382e-07
2.12327 1.4382 0 210 5.84556e-07
2.12402 1.4382 0 210 5.85868e-07
2.12477 1.4382 0 210 5.87318e-07
2.12552 1.4382 0 210 5.88905e-07
2.12627 1.4382 0 210 5.90629e-07
2.12702 1.4382 0 210 5.9249e-07
2.12777 1.4382 0 210 5.94488e-07
2.12852 1.4382 0 210 5.96622e-07
2.12927 1.4382 0 210 5.98892e-07
2.13002 1.4382 0 210 6.01302e-07
2.13077 1.4382 0 210 6.03845e-07
2.13152 1.4382 0 210 6.06531e-07
2.13227 1.4382 0 210 6.09356e-07
2.13302 1.4382 0 210 6.12323e-07
2.13377 1.4382 0 210 6.15432e-07
2.13452 1.4382 0 210 6.18685e-07
2.13527 1.4382 0 210 6.22084e-07
2.13602 1.4382 0 210 6.2563e-07
2.13677 1.4382 0 210 6.29326e-07
2.13752 1.4382 0 210 6.33174e-07
2.13827 1.4382 0 210 6.37176e-07
2.13902 1.4382 0 210 6.41335e-07
2.13977 1.4382 0 210 6.45654e-07
2.14052 1.4382 0 210 6.50135e-07
2.14127 1.4382 0 210 6.54782e-07
2.14202 1.4382 0 210 6.59599e-07
2.14277 1.4382 0 210 6.64588e-07
2.14352 1.4382 0 210 6.69755e-07
2.14427 1.4382 0 210 6.75102e-07
2.14502 1.4382 0 210 6.80634e-07
2.14577 1.4382 0 210 6.86356e-07
2.14652 1.4382 0 210 6.92272e-07
2.14727 1.4382 0 210 6.98389e-07
2.14802 1.4382 0 210 7.0471e-07
2.14877 1.4382 0 210 7.1124e-07
2.14952 1.4382 0 210 7.17988e-07
2.15028 1.4382 0 210 7.24959e-07
2.15103 1.4382 0 210 7.32159e-07
2.15178 1.4382 0 210 7.39596e-07
2.15253 1.4382 0 210 7.47276e-07
2.15328 1.4382 0 210 7.55212e-07
2.15403 1.4382 0 210 7.63403e-07
2.15478 1.4382 0 210 7.71863e-07
2.15553 1.4382 0 210 7.80599e-07
2.15628 1.4382 0 210 7.89621e-07
2.15703 1.4382 0 210 7.98939e-07
2.15778 1.4382 0 210 8.08564e-07
2.15853 1.4382 0 210 8.18507e-07
2.15928 1.4382 0 210 8.28779e-07
2.16003 1.4382 0 210 8.39391e-07
2.16078 1.4382 0 210 8.50892e-07
2.16153 1.4382 0 210 8.62217e-07
2.16228 1.4382 0 210 8.73925e-07
2.16303 1.4382 0 210 8.86027e-07
2.16378 1.4382 0 210 8.98541e-07
2.16453 1.4382 0 210 9.11487e-07
2.16528 1.4382 0 210 9.24876e-07
2.16603 1.4382 0 210 9.38734e-07
2.16678 1.4382 0 210 9.53079e-07
2.16753 1.4382 0 210 9.67929e-07
2.16828 1.4382 0 210 9.83307e-07
2.16903 1.4382 0 210 9.99235e-07
2.16978 1.4382 0 210 1.01574e-06
2.17053 1.4382 0 210 1.03285e-06
2.17128 1.4382 0 210 1.05058e-06
2.17203 1.4382 0 210 1.06898e-06
2.17278 1.4382 0 210 1.08806e-06
2.17353 1.4382 0 210 1.10787e-06
2.17428 1.4382 0 210 1.12843e-06
2.17503 1.4382 0 210 1.14979e-06
2.17578 1.4382 0 210 1.17199e-06
2.17653 1.4382 0 210 1.19506e-06
2.17728 1.4382 0 210 1.21905e-06
2.17803 1.4382 0 210 1.24402e-06
2.17878 1.4382 0 210 1.27e-06
2.17953 1.4382 0 210 1.29706e-06
2.18028 1.4382 0 210 1.32525e-06
2.18103 1.4382 0 210 1.35463e-06
2.18178 1.4382 0 210 1.38528e-06
2.18253 1.4382 0 210 1.41725e-06
2.18328 1.4382 0 210 1.45062e-06
2.18403 1.4382 0 210 1.48549e-06
2.18478 1.4382 0 210 1.52195e-06
2.18553 1.4382 0 210 1.56008e-06
2.18628 1.4382 0 210 1.59998e-06
2.18703 1.4382 0 210 1.64177e-06
2.18778 1.4382 0 210 1.68555e-06
2.18853 1.4382 0 210 1.73147e-06
2.18928 1.4382 0 210 1.77964e-06
2.19003 1.4382 0 210 1.83022e-06
2.19078 1.4382 0 210 1.88337e-06
2.19153 1.4382 0 210 1.93926e-06
2.19228 1.4382 0 210 1.99808e-06
2.19303 1.4382 0 210 2.06003e-06
2.19378 1.4382 0 210 2.12533e-06
2.19453 1.4382 0 210 2.19422e-06
2.19528 1.4382 0 210 2.26696e-06
2.19603 1.4382 0 210 2.34384e-06
2.19678 1.4382 0 210 2.42515e-06
2.19753 1.4382 0 210 2.51124e-06
2.19828 1.4382 0 210 2.60247e-06
2.19903 1.4382 0 210 2.69924e-06
2.19978 1.4382 0 210 2.80198e-06
2.20053 1.4382 0 210 2.9112e-06
2.20128 1.4382 0 210 3.02741e-06
2.20203 1.4382 0 210 3.15118e-06
2.20278 1.4382 0 210 3.28315e-06
2.20353 1.4382 0 210 3.42401e-06
2.20428 1.4382 0 210 3.57451e-06
2.20503 1.4382 0 210 3.73555e-06
2.20578 1.4382 0 210 3.90802e-06
2.20653 1.4382 0 210 4.09294e-06
2.20728 1.4382 0 210 4.29143e-06
2.20803 1.4382 0 210 4.50472e-06
2.20878 1.4382 0 210 4.73416e-06
2.20953 1.4382 0 210 4.9812e-06
2.21029 1.4382 0 210 5.24754e-06
2.21104 1.4382 0 210 5.53487e-06
2.21179 1.4382 0 210 5.8452e-06
2.21254 1.4382 0 210 6.18057e-06
2.21329 1.4382 0 210 6.54319e-06
2.21404 1.4382 0 210 6.93552e-06
2.21479 1.4382 0 210 7.36005e-06
2.21554 1.4382 0 210 7.81939e-06
2.21629 1.4382 0 210 8.31616e-06
2.21704 1.4382 0 210 8.85304e-06
2.21779 1.4382 0 210 9.43245e-06
2.21854 1.4382 0 210 1.00565e-05
2.21929 1.4382 0 210 1.07268e-05
2.22004 1.4382 0 210 1.14441e-05
2.22079 1.4382 0 210 1.22079e-05
2.22154 1.4382 0 210 1.30162e-05
2.22229 1.4382 0 210 1.38644e-05
2.22304 1.4382 0 210 1.47457e-05
2.22379 1.4382 0 210 1.56495e-05
2.22454 1.4382 0 210 1.65613e-05
2.22529 1.4382 0 210 1.74626e-05
2.22604 1.4382 0 210 1.83309e-05
2.22679 1.4382 0 210 1.91395e-05
2.22754 1.4382 0 210 1.98601e-05
2.22829 1.4382 0 210 2.04635e-05
2.22904 1.4382 0 210 2.09226e-05
2.22979 1.4382 0 210 2.12152e-05
2.23054 1.4382 0 210 2.13265e-05
2.23129 1.4382 0 210 2.12508e-05
2.23204 1.4382 0 210 2.09928e-05
2.23279 1.4382 0 210 2.05662e-05
2.23354 1.4382 0 210 1.99924e-05
2.23429 1.4382 0 210 1.92982e-05
2.23504 1.4382 0 210 1.85126e-05
2.23579 1.4382 0 210 1.76644e-05
2.23654 1.4382 0 210 1.67803e-05
2.23729 1.4382 0 210 1.58835e-05
2.23804 1.4382 0 210 1.49932e-05
2.23879 1.4382 0 210 1.41242e-05
2.23954 1.4382 0 210 1.32875e-05
2.24029 1.4382 0 210 1.24906e-05
2.24104 1.4382 0 210 1.17378e-05
2.24179 1.4382 0 210 1.10317e-05
2.24254 1.4382 0 210 1.0373e-05
2.24329 1.4382 0 210 9.76114e-06
2.24404 1.4382 0 210 9.19456e-06
2.24479 1.4382 0 210 8.67127e-06
2.24554 1.4382 0 210 8.18886e-06
2.24629 1.4382 0 210 7.7448e-06
2.24704 1.4382 0 210 7.33645e-06
2.24779 1.4382 0 210 6.96126e-06
2.24854 1.4382 0 210 6.61674e-06
2.24929 1.4382 0 210 6.30053e-06
2.25004 1.4382 0 210 6.01045e-06
2.25079 1.4382 0 210 5.7446e-06
2.25154 1.4382 0 210 5.5008e-06
2.25229 1.4382 0 210 5.27745e-06
2.25304 1.4382 0 210 5.07301e-06
2.25379 1.4382 0 210 4.88608e-06
2.25454 1.4382 0 210 4.71539e-06
2.25529 1.4382 0 210 4.55977e-06
2.25604 1.4382 0 210 4.41823e-06
2.25679 1.4382 0 210 4.28986e-06
2.25754 1.4382 0 210 4.17391e-06
2.25829 1.4382 0 210 4.06952e-06
2.25904 1.4382 0 210 3.97619e-06
2.25979 1.4382 0 210 3.89337e-06
2.26054 1.4382 0 210 3.82058e-06
2.26129 1.4382 0 210 3.75749e-06
2.26204 1.4382 0 210 3.70378e-06
2.26279 1.4382 0 210 3.65922e-06
2.26354 1.4382 0 210 3.62359e-06
2.26429 1.4382 0 210 3.59683e-06
2.26504 1.4382 0 210 3.57888e-06
2.26579 1.4382 0 210 3.56979e-06
2.26654 1.4382 0 210 3.56964e-06
2.26729 1.4382 0 210 3.57857e-06
2.26804 1.4382 0 210 3.59682e-06
2.26879 1.4382 0 210 3.62466e-06
2.26954 1.4382 0 210 3.66243e-06
2.2703 1.4382 0 210 3.71054e-06
2.27105 1.4382 0 210 3.76947e-06
2.2718 1.4382 0 210 3.83976e-06
2.27255 1.4382 0 210 3.922e-06
2.2733 1.4382 0 210 4.01682e-06
2.27405 1.4382 0 210 4.1254e-06
2.2748 1.4382 0 210 4.24736e-06
2.27555 1.4382 0 210 4.38385e-06
2.2763 1.4382 0 210 4.53553e-06
2.27705 1.4382 0 210 4.70286e-06
2.2778 1.4382 0 210 4.88603e-06
2.27855 1.4382 0 210 5.08503e-06
2.2793 1.4382 0 210 5.29939e-06
2.28005 1.4382 0 210 5.52805e-06
2.2808 1.4382 0 210 5.76921e-06
2.28155 1.4382 0 210 6.02017e-06
2.2823 1.4382 0 210 6.2771e-06
2.28305 1.4382 0 210 6.535e-06
2.2838 1.4382 0 210 6.78752e-06
2.28455 1.4382 0 210 7.02724e-06
2.2853 1.4382 0 210 7.24572e-06
2.28605 1.4382 0 210 7.43414e-06
2.2868 1.4382 0 210 7.58383e-06
2.28755 1.4382 0 210 7.68711e-06
2.2883 1.4382 0 210 7.73812e-06
2.28905 1.4382 0 210 7.73347e-06
2.2898 1.4382 0 210 7.67273e-06
2.29055 1.4382 0 210 7.55834e-06
2.2913 1.4382 0 210 7.39551e-06
2.29205 1.4382 0 210 7.1912e-06
2.2928 1.4382 0 210 6.95396e-06
2.29355 1.4382 0 210 6.69242e-06
2.2943 1.4382 0 210 6.41509e-06
2.29505 1.4382 0 210 6.12973e-06
2.2958 1.4382 0 210 5.8428e-06
2.29655 1.4382 0 210 5.55971e-06
2.2973 1.4382 0 210 5.28439e-06
2.29805 1.4382 0 210 5.01988e-06
2.2988 1.4382 0 210 4.76806e-06
2.29955 1.4382 0 210 4.53018e-06
2.3003 1.4382 0 210 4.30652e-06
2.30105 1.4382 0 210 4.09726e-06
2.3018 1.4382 0 210 3.90209e-06
2.30255 1.4382 0 210 3.72045e-06
2.3033 1.4382 0 210 3.55165e-06
2.30405 1.4382 0 210 3.39495e-06
2.3048 1.4382 0 210 3.24937e-06
2.30555 1.4382 0 210 3.11411e-06
2.3063 1.4382 0 210 2.98832e-06
2.30705 1.4382 0 210 2.87115e-06
2.3078 1.4382 0 210 2.76178e-06
2.30855 1.4382 0 210 2.65948e-06
2.3093 1.4382 0 210 2.56344e-06
2.31005 1.4382 0 210 2.47299e-06
2.3108 1.4382 0 210 2.3875e-06
2.31155 1.4382 0 210 2.30619e-06
2.3123 1.4382 0 210 2.22853e-06
2.31305 1.4382 0 210 2.15389e-06
2.3138 1.4382 0 210 2.08169e-06
2.31455 1.4382 0 210 2.01131e-06
2.3153 1.4382 0 210 1.94228e-06
2.31605 1.4382 0 210 1.87402e-06
2.3168 1.4382 0 210 1.80597e-06
2.31755 1.4382 0 210 1.73767e-06
2.3183 1.4382 0 210 1.66863e-06
2.31905 1.4382 0 210 1.59847e-06
2.3198 1.4382 0 210 1.52684e-06
2.32055 1.4382 0 210 1.45356e-06
2.3213 1.4382 0 210 1.37859e-06
2.32205 1.4382 0 210 1.30213e-06
2.3228 1.4382 0 210 1.22445e-06
2.32355 1.4382 0 210 1.14687e-06
2.3243 1.4382 0 210 1.07056e-06
2.32505 1.4382 0 210 9.97396e-07
2.3258 1.4382 0 210 9.2986e-07
2.32655 1.4382 0 210 8.71074e-07
2.3273 1.4382 0 210 8.2446e-07
2.32805 1.4382 0 210 7.93535e-07
2.3288 1.4382 0 210 7.82675e-07
2.32955 1.4382 0 210 7.94292e-07
2.33031 1.4382 0 210 8.31069e-07
2.33106 1.4382 0 210 8.93233e-07
2.33181 1.4382 0 210 9.79482e-07
2.33256 1.4382 0 210 1.0867e-06
2.33331 1.4382 0 210 1.20996e-06
2.33406 1.4382 0 210 1.34348e-06
2.33481 1.4382 0 210 1.48087e-06
2.33556 1.4382 0 210 1.61626e-06
2.33631 1.4382 0 210 1.74452e-06
2.33706 1.4382 0 210 1.86228e-06
2.33781 1.4382 0 210 1.96713e-06
2.33856 1.4382 0 210 2.05812e-06
2.33931 1.4382 0 210 2.13549e-06
2.34006 1.4382 0 210 2.2001e-06
2.34081 1.4382 0 210 2.2535e-06
2.34156 1.4382 0 210 2.29737e-06
2.34231 1.4382 0 210 2.33371e-06
2.34306 1.4382 0 210 2.36404e-06
2.34381 1.4382 0 210 2.39002e-06
2.34456 1.4382 0 210 2.41307e-06
2.34531 1.4382 0 210 2.43431e-06
2.34606 1.4382 0 210 2.45476e-06
2.34681 1.4382 0 210 2.47523e-06
2.34756 1.4382 0 210 2.49643e-06
2.34831 1.4382 0 210 2.51889e-06
2.34906 1.4382 0 210 2.5429e-06
2.34981 1.4382 0 210 2.5689e-06
2.35056 1.4382 0 210 2.59721e-06
2.35131 1.4382 0 210 2.62796e-06
2.35206 1.4382 0 210 2.66138e-06
2.35281 1.4382 0 210 2.69765e-06
2.35356 1.4382 0 210 2.7369e-06
2.35431 1.4382 0 210 2.77931e-06
2.35506 1.4382 0 210 2.82494e-06
2.35581 1.4382 0 210 2.87394e-06
2.35656 1.4382 0 210 2.92645e-06
2.35731 1.4382 0 210 2.98261e-06
2.35806 1.4382 0 210 3.04256e-06
2.35881 1.4382 0 210 3.10626e-06
2.35956 1.4382 0 210 3.17427e-06
2.36031 1.4382 0 210 3.24659e-06
2.36106 1.4382 0 210 3.32339e-06
2.36181 1.4382 0 210 3.4049e-06
2.36256 1.4382 0 210 3.49139e-06
2.36331 1.4382 0 210 3.5833e-06
2.36406 1.4382 0 210 3.68049e-06
2.36481 1.4382 0 210 3.78346e-06
2.36556 1.4382 0 210 3.89259e-06
2.36631 1.4382 0 210 4.00823e-06
2.36706 1.4382 0 210 4.13072e-06
2.36781 1.4382 0 210 4.26052e-06
2.36856 1.4382 0 210 4.3981e-06
2.36931 1.4382 0 210 4.54394e-06
2.37006 1.4382 0 210 4.69859e-06
2.37081 1.4382 0 210 4.86264e-06
2.37156 1.4382 0 210 5.03671e-06
2.37231 1.4382 0 210 5.22152e-06
2.37306 1.4382 0 210 5.41776e-06
2.37381 1.4382 0 210 5.62628e-06
2.37456 1.4382 0 210 5.84796e-06
2.37531 1.4382 0 210 6.08382e-06
2.37606 1.4382 0 210 6.33498e-06
2.37681 1.4382 0 210 6.60266e-06
2.37756 1.4382 0 210 6.88819e-06
2.37831 1.4382 0 210 7.19317e-06
2.37906 1.4382 0 210 7.51933e-06
2.37981 1.4382 0 210 7.86858e-06
2.38056 1.4382 0 210 8.24298e-06
2.38131 1.4382 0 210 8.64472e-06
2.38206 1.4382 0 210 9.07612e-06
2.38281 1.4382 0 210 9.53949e-06
2.38356 1.4382 0 210 1.00373e-05
2.38431 1.4382 0 210 1.05723e-05
2.38506 1.4382 0 210 1.11471e-05
2.38581 1.4382 0 210 1.1765e-05
2.38656 1.4382 0 210 1.24295e-05
2.38731 1.4382 0 210 1.31446e-05
2.38806 1.4382 0 210 1.3915e-05
2.38881 1.4382 0 210 1.47456e-05
2.38956 1.4382 0 210 1.56421e-05
2.39032 1.4382 0 210 1.661e-05
2.39107 1.4382 0 210 1.76555e-05
2.39182 1.4382 0 210 1.87844e-05
2.39257 1.4382 0 210 2.0002e-05
2.39332 1.4382 0 210 2.1313e-05
2.39407 1.4382 0 210 2.27209e-05
2.39482 1.4382 0 210 2.42269e-05
2.39557 1.4382 0 210 2.58301e-05
2.39632 1.4382 0 210 2.75254e-05
2.39707 1.4382 0 210 2.93032e-05
2.39782 1.4382 0 210 3.1148e-05
2.39857 1.4382 0 210 3.30368e-05
2.39932 1.4382 0 210 3.49388e-05
2.40007 1.4382 0 210 3.68142e-05
2.40082 1.4382 0 210 3.86277e-05
2.40157 1.4382 0 210 4.03161e-05
2.40232 1.4382 0 210 4.18157e-05
2.40307 1.4382 0 210 4.3065e-05
2.40382 1.4382 0 210 4.40073e-05
2.40457 1.4382 0 210 4.45954e-05
2.40532 1.4382 0 210 4.47983e-05
2.40607 1.4382 0 210 4.46047e-05
2.40682 1.4382 0 210 4.40238e-05
2.40757 1.4382 0 210 4.3085e-05
2.40832 1.4382 0 210 4.18338e-05
2.40907 1.4382 0 210 4.03262e-05
2.40982 1.4382 0 210 3.86237e-05
2.41057 1.4382 0 210 3.67874e-05
2.41132 1.4382 0 210 3.48739e-05
2.41207 1.4382 0 210 3.29325e-05
2.41282 1.4382 0 210 3.10037e-05
2.41357 1.4382 0 210 2.91191e-05
2.41432 1.4382 0 210 2.73022e-05
2.41507 1.4382 0 210 2.5569e-05
2.41582 1.4382 0 210 2.39293e-05
2.41657 1.4382 0 210 2.23884e-05
2.41732 1.4382 0 210 2.09476e-05
2.41807 1.4382 0 210 1.96057e-05
2.41882 1.4382 0 210 1.83596e-05
2.41957 1.4382 0 210 1.72048e-05
2.42032 1.4382 0 210 1.61362e-05
2.42107 1.4382 0 210 1.51484e-05
2.42182 1.4382 0 210 1.42356e-05
2.42257 1.4382 0 210 1.33923e-05
2.42332 1.4382 0 210 1.2613e-05
2.42407 1.4382 0 210 1.18928e-05
2.42482 1.4382 0 210 1.12266e-05
2.42557 1.4382 0 210 1.061e-05
2.42632 1.4382 0 210 1.00389e-05
2.42707 1.4382 0 210 9.5094e-06
2.42782 1.4382 0 210 9.01801e-06
2.42857 1.4382 0 210 8.56153e-06
2.42932 1.4382 0 210 8.13702e-06
2.43007 1.4382 0 210 7.74183e-06
2.43082 1.4382 0 210 7.37351e-06
2.43157 1.4382 0 210 7.02988e-06
2.43232 1.4382 0 210 6.70891e-06
2.43307 1.4382 0 210 6.4088e-06
2.43382 1.4382 0 210 6.12787e-06
2.43457 1.4382 0 210 5.86463e-06
2.43532 1.4382 0 210 5.61769e-06
2.43607 1.4382 0 210 5.38581e-06
2.43682 1.4382 0 210 5.16784e-06
2.43757 1.4382 0 210 4.96274e-06
2.43832 1.4382 0 210 4.76955e-06
2.43907 1.4382 0 210 4.58744e-06
2.43982 1.4382 0 210 4.41559e-06
2.44057 1.4382 0 210 4.25327e-06
2.44132 1.4382 0 210 4.09983e-06
2.44207 1.4382 0 210 3.95463e-06
2.44282 1.4382 0 210 3.81715e-06
2.44357 1.4382 0 210 3.68683e-06
2.44432 1.4382 0 210 3.56322e-06
2.44507 1.4382 0 210 3.44587e-06
2.44582 1.4382 0 210 3.33438e-06
2.44657 1.4382 0 210 3.2284e-06
2.44732 1.4382 0 210 3.12758e-06
2.44807 1.4382 0 210 3.03158e-06
2.44882 1.4382 0 210 2.94014e-06
2.44957 1.4382 0 210 2.85295e-06
2.45033 1.4382 0 210 2.76979e-06
2.45108 1.4382 0 210 2.6904e-06
2.45183 1.4382 0 210 2.61458e-06
2.45258 1.4382 0 210 2.54212e-06
2.45333 1.4382 0 210 2.47283e-06
2.45408 1.4382 0 210 2.40655e-06
2.45483 1.4382 0 210 2.34308e-06
2.45558 1.4382 0 210 2.28232e-06
2.45633 1.4382 0 210 2.22409e-06
2.45708 1.4382 0 210 2.16827e-06
2.45783 1.4382 0 210 2.11473e-06
2.45858 1.4382 0 210 2.06334e-06
2.45933 1.4382 0 210 2.014e-06
2.46008 1.4382 0 210 1.9666e-06
2.46083 1.4382 0 210 1.921e-06
2.46158 1.4382 0 210 1.87717e-06
2.46233 1.4382 0 210 1.83498e-06
2.46308 1.4382 0 210 1.79435e-06
2.46383 1.4382 0 210 1.75518e-06
2.46458 1.4382 0 210 1.71741e-06
2.46533 1.4382 0 210 1.68094e-06
2.46608 1.4382 0 210 1.64572e-06
2.46683 1.4382 0 210 1.61167e-06
2.46758 1.4382 0 210 1.57874e-06
2.46833 1.4382 0 210 1.54686e-06
2.46908 1.4382 0 210 1.51601e-06
2.46983 1.4382 0 210 1.48613e-06
2.47058 1.4382 0 210 1.45719e-06
2.47133 1.4382 0 210 1.42915e-06
2.47208 1.4382 0 210 1.402e-06
2.47283 1.4382 0 210 1.37569e-06
2.47358 1.4382 0 210 1.35021e-06
2.47433 1.4382 0 210 1.32553e-06
2.47508 1.4382 0 210 1.30162e-06
2.47583 1.4382 0 210 1.27847e-06
2.47658 1.4382 0 210 1.25602e-06
2.47733 1.4382 0 210 1.2343e-06
2.47808 1.4382 0 210 1.21326e-06
2.47883 1.4382 0 210 1.19287e-06
2.47958 1.4382 0 210 1.17313e-06
2.48033 1.4382 0 210 1.154e-06
2.48108 1.4382 0 210 1.13547e-06
2.48183 1.4382 0 210 1.11752e-06
2.48258 1.4382 0 210 1.1001e-06
2.48333 1.4382 0 210 1.08324e-06
2.48408 1.4382 0 210 1.06689e-06
2.48483 1.4382 0 210 1.05104e-06
2.48558 1.4382 0 210 1.03567e-06
2.48633 1.4382 0 210 1.02078e-06
2.48708 1.4382 0 210 1.00635e-06
2.48783 1.4382 0 210 9.92363e-07
2.48858 1.4382 0 210 9.78806e-07
2.48933 1.4382 0 210 9.65666e-07
2.49008 1.4382 0 210 9.52934e-07
2.49083 1.4382 0 210 9.40599e-07
2.49158 1.4382 0 210 9.28642e-07
2.49233 1.4382 0 210 9.17067e-07
2.49308 1.4382 0 210 9.05858e-07
2.49383 1.4382 0 210 8.95005e-07
2.49458 1.4382 0 210 8.84499e-07
2.49533 1.4382 0 210 8.74328e-07
2.49608 1.4382 0 210 8.64486e-07
2.49683 1.4382 0 210 8.54953e-07
2.49758 1.4382 0 210 8.4572e-07
2.49833 1.4382 0 210 8.36761e-07
2.49908 1.4382 0 210 8.28079e-07
2.49983 1.4382 0 210 8.19646e-07
2.50058 1.4382 0 210 8.11438e-07
2.50133 1.4382 0 210 8.03424e-07
2.50208 1.4382 0 210 7.95589e-07
2.50283 1.4382 0 210 7.87898e-07
2.50358 1.4382 0 210 7.80319e-07
2.50433 1.4382 0 210 7.72822e-07
2.50508 1.4382 0 210 7.6533e-07
2.50583 1.4382 0 210 7.57915e-07
2.50658 1.4382 0 210 7.5051e-07
2.50733 1.4382 0 210 7.43097e-07
2.50808 1.4382 0 210 7.3569e-07
2.50883 1.4382 0 210 7.28289e-07
2.50958 1.4382 0 210 7.20911e-07
2.51034 1.4382 0 210 7.1358e-07
2.51109 1.4382 0 210 7.06324e-07
2.51184 1.4382 0 210 6.99174e-07
2.51259 1.4382 0 210 6.92144e-07
2.51334 1.4382 0 210 6.85288e-07
2.51409 1.4382 0 210 6.78608e-07
2.51484 1.4382 0 210 6.72117e-07
2.51559 1.4382 0 210 6.65817e-07
2.51634 1.4382 0 210 6.59706e-07
2.51709 1.4382 0 210 6.53774e-07
2.51784 1.4382 0 210 6.48013e-07
2.51859 1.4382 0 210 6.42411e-07
2.51934 1.4382 0 210 6.36959e-07
2.52009 1.4382 0 210 6.31646e-07
2.52084 1.4382 0 210 6.26452e-07
2.52159 1.4382 0 210 6.21404e-07
2.52234 1.4382 0 210 6.16481e-07
2.52309 1.4382 0 210 6.11691e-07
2.52384 1.4382 0 210 6.07016e-07
2.52459 1.4382 0 210 6.02476e-07
2.52534 1.4382 0 210 5.98062e-07
2.52609 1.4382 0 210 5.93776e-07
2.52684 1.4382 0 210 5.89614e-07
2.52759 1.4382 0 210 5.85583e-07
2.52834 1.4382 0 210 5.81675e-07
2.52909 1.4382 0 210 5.7789e-07
2.52984 1.4382 0 210 5.74228e-07
2.53059 1.4382 0 210 5.70687e-07
2.53134 1.4382 0 210 5.67264e-07
2.53209 1.4382 0 210 5.63958e-07
2.53284 1.4382 0 210 5.60766e-07
2.53359 1.4382 0 210 5.57687e-07
2.53434 1.4382 0 210 5.54718e-07
2.53509 1.4382 0 210 5.5186e-07
2.53584 1.4382 0 210 5.49105e-07
2.53659 1.4382 0 210 5.46456e-07
2.53734 1.4382 0 210 5.43909e-07
2.53809 1.4382 0 210 5.41457e-07
2.53884 1.4382 0 210 5.39111e-07
2.53959 1.4382 0 210 5.36862e-07
2.54034 1.4382 0 210 5.3471e-07
2.54109 1.4382 0 210 5.32635e-07
2.54184 1.4382 0 210 5.28976e-07
2.54259 1.4382 0 210 5.27078e-07
2.54334 1.4382 0 210 5.25271e-07
2.54409 1.4382 0 210 5.23554e-07
2.54484 1.4382 0 210 5.21926e-07
2.54559 1.4382 0 210 5.20369e-07
2.54634 1.4382 0 210 5.18914e-07
2.54709 1.4382 0 210 5.17548e-07
2.54784 1.4382 0 210 5.16267e-07
2.54859 1.4382 0 210 5.15072e-07
2.54934 1.4382 0 210 5.13961e-07
2.55009 1.4382 0 210 5.12936e-07
2.55084 1.4382 0 210 5.11994e-07
2.55159 1.4382 0 210 5.11137e-07
2.55234 1.4382 0 210 5.10362e-07
2.55309 1.4382 0 210 5.09672e-07
2.55384 1.4382 0 210 5.09064e-07
2.55459 1.4382 0 210 5.0854e-07
2.55534 1.4382 0 210 5.0809e-07
2.55609 1.4382 0 210 5.07725e-07
2.55684 1.4382 0 210 5.07448e-07
2.55759 1.4382 0 210 5.07251e-07
2.55834 1.4382 0 210 5.0714e-07
2.55909 1.4382 0 210 5.07112e-07
2.55984 1.4382 0 210 5.07167e-07
2.56059 1.4382 0 210 5.07303e-07
2.56134 1.4382 0 210 5.07505e-07
2.56209 1.4382 0 210 5.07806e-07
2.56284 1.4382 0 210 5.08189e-07
2.56359 1.4382 0 210 5.08654e-07
2.56434 1.4382 0 210 5.09201e-07
2.56509 1.4382 0 210 5.09817e-07
2.56584 1.4382 0 210 5.10527e-07
2.56659 1.4382 0 210 5.11316e-07
2.56734 1.4382 0 210 5.12185e-07
2.56809 1.4382 0 210 5.13131e-07
2.56884 1.4382 0 210 5.14155e-07
2.56959 1.4382 0 210 5.15259e-07
2.57035 1.4382 0 210 5.16434e-07
2.5711 1.4382 0 210 5.17682e-07
2.57185 1.4382 0 210 5.18936e-07
2.5726 1.4382 0 210 5.20282e-07
2.57335 1.4382 0 210 5.21728e-07
2.5741 1.4382 0 210 5.23236e-07
2.57485 1.4382 0 210 5.24802e-07
2.5756 1.4382 0 210 5.26419e-07
2.57635 1.4382 0 210 5.28089e-07
2.5771 1.4382 0 210 5.29793e-07
2.57785 1.4382 0 210 5.3153e-07
2.5786 1.4382 0 210 5.33292e-07
2.57935 1.4382 0 210 5.35067e-07
2.5801 1.4382 0 210 5.36831e-07
2.58085 1.4382 0 210 5.386e-07
2.5816 1.4382 0 210 5.40346e-07
2.58235 1.4382 0 210 5.42047e-07
2.5831 1.4382 0 210 5.43535e-07
2.58385 1.4382 0 210 5.45046e-07
2.5846 1.4382 0 210 5.465e-07
2.58535 1.4382 0 210 5.47822e-07
2.5861 1.4382 0 210 5.48981e-07
2.58685 1.4382 0 210 5.49943e-07
2.5876 1.4382 0 210 5.50669e-07
2.58835 1.4382 0 210 5.51114e-07
2.5891 1.4382 0 210 5.51185e-07
2.58985 1.4382 0 210 5.50913e-07
2.5906 1.4382 0 210 5.50193e-07
2.59135 1.4382 0 210 5.48958e-07
2.5921 1.4382 0 210 5.47131e-07
2.59285 1.4382 0 210 5.44627e-07
2.5936 1.4382 0 210 5.41341e-07
2.59435 1.4382 0 210 5.372e-07
2.5951 1.4382 0 210 5.3208e-07
2.59585 1.4382 0 210 5.25865e-07
2.5966 1.4382 0 210 5.18431e-07
2.59735 1.4382 0 210 5.09652e-07
2.5981 1.4382 0 210 4.99396e-07
2.59885 1.4382 0 210 4.87536e-07
2.5996 1.4382 0 210 4.73953e-07
2.60035 1.4382 0 210 4.58547e-07
2.6011 1.4382 0 210 4.41177e-07
2.60185 1.4382 0 210 4.21947e-07
2.6026 1.4382 0 210 4.00501e-07
2.60335 1.4382 0 210 3.77609e-07
2.6041 1.4382 0 210 3.53218e-07
2.60485 1.4382 0 210 3.27755e-07
2.6056 1.4382 0 210 3.01864e-07
2.60635 1.4382 0 210 2.7647e-07
2.6071 1.4382 0 210 2.52794e-07
2.60785 1.4382 0 210 2.32417e-07
2.6086 1.4382 0 210 2.17875e-07
2.60935 1.4382 0 210 2.11341e-07
2.6101 1.4382 0 210 2.16847e-07
2.61085 1.4382 0 210 2.37957e-07
2.6116 1.4382 0 210 2.79053e-07
2.61235 1.4382 0 210 3.44898e-07
2.6131 1.4382 0 210 4.40327e-07
2.61385 1.4382 0 210 5.69803e-07
2.6146 1.4382 0 210 7.36961e-07
2.61535 1.4382 0 210 9.44007e-07
2.6161 1.4382 0 210 1.19109e-06
2.61685 1.4382 0 210 1.47583e-06
2.6176 1.4382 0 210 1.79297e-06
2.61835 1.4382 0 210 2.13445e-06
2.6191 1.4382 0 210 2.48974e-06
2.61985 1.4382 0 210 2.84671e-06
2.6206 1.4382 0 210 3.19255e-06
2.62135 1.4382 0 210 3.51491e-06
2.6221 1.4382 0 210 3.80294e-06
2.62285 1.4382 0 210 4.04828e-06
2.6236 1.4382 0 210 4.24538e-06
2.62435 1.4382 0 210 4.39168e-06
2.6251 1.4382 0 210 4.48737e-06
2.62585 1.4382 0 210 4.53497e-06
2.6266 1.4382 0 210 4.5387e-06
2.62735 1.4382 0 210 4.50395e-06
2.6281 1.4382 0 210 4.43684e-06
2.62885 1.4382 0 210 4.34303e-06
2.6296 1.4382 0 210 4.22852e-06
2.63036 1.4382 0 210 4.09866e-06
2.63111 1.4382 0 210 3.95819e-06
2.63186 1.4382 0 210 3.8111e-06
2.63261 1.4382 0 210 3.66079e-06
2.63336 1.4382 0 210 3.51e-06
2.63411 1.4382 0 210 3.36119e-06
2.63486 1.4382 0 210 3.21535e-06
2.63561 1.4382 0 210 3.07403e-06
2.63636 1.4382 0 210 2.93808e-06
2.63711 1.4382 0 210 2.80827e-06
2.63786 1.4382 0 210 2.68452e-06
2.63861 1.4382 0 210 2.56723e-06
2.63936 1.4382 0 210 2.45638e-06
2.64011 1.4382 0 210 2.35182e-06
2.64086 1.4382 0 210 2.25344e-06
2.64161 1.4382 0 210 2.161e-06
2.64236 1.4382 0 210 2.07426e-06
2.64311 1.4382 0 210 1.99295e-06
2.64386 1.4382 0 210 1.91678e-06
2.64461 1.4382 0 210 1.84546e-06
2.64536 1.4382 0 210 1.77872e-06
2.64611 1.4382 0 210 1.71626e-06
2.64686 1.4382 0 210 1.65784e-06
2.64761 1.4382 0 210 1.6032e-06
2.64836 1.4382 0 210 1.55208e-06
2.64911 1.4382 0 210 1.50426e-06
2.64986 1.4382 0 210 1.45953e-06
2.65061 1.4382 0 210 1.41768e-06
2.65136 1.4382 0 210 1.37858e-06
2.65211 1.4382 0 210 1.34196e-06
2.65286 1.4382 0 210 1.30771e-06
2.65361 1.4382 0 210 1.27567e-06
2.65436 1.4382 0 210 1.24571e-06
2.65511 1.4382 0 210 1.21769e-06
2.65586 1.4382 0 210 1.19151e-06
2.65661 1.4382 0 210 1.16704e-06
2.65736 1.4382 0 210 1.14419e-06
2.65811 1.4382 0 210 1.12287e-06
2.65886 1.4382 0 210 1.10297e-06
2.65961 1.4382 0 210 1.08443e-06
2.66036 1.4382 0 210 1.06717e-06
2.66111 1.4382 0 210 1.05113e-06
2.66186 1.4382 0 210 1.03623e-06
2.66261 1.4382 0 210 1.02243e-06
2.66336 1.4382 0 210 1.00967e-06
2.66411 1.4382 0 210 9.97905e-07
2.66486 1.4382 0 210 9.87084e-07
2.66561 1.4382 0 210 9.77169e-07
2.66636 1.4382 0 210 9.68123e-07
2.66711 1.4382 0 210 9.59937e-07
2.66786 1.4382 0 210 9.52548e-07
2.66861 1.4382 0 210 9.45916e-07
2.66936 1.4382 0 210 9.40034e-07
2.67011 1.4382 0 210 9.34881e-07
2.67086 1.4382 0 210 9.30435e-07
2.67161 1.4382 0 210 9.26679e-07
2.67236 1.4382 0 210 9.23597e-07
2.67311 1.4382 0 210 9.21175e-07
2.67386 1.4382 0 210 9.19401e-07
2.67461 1.4382 0 210 9.18265e-07
2.67536 1.4382 0 210 9.1776e-07
2.67611 1.4382 0 210 9.1788e-07
2.67686 1.4382 0 210 9.18629e-07
2.67761 1.4382 0 210 9.19989e-07
2.67836 1.4382 0 210 9.21964e-07
2.67911 1.4382 0 210 9.24559e-07
2.67986 1.4382 0 210 9.27775e-07
2.68061 1.4382 0 210 9.31618e-07
2.68136 1.4382 0 210 9.36094e-07
2.68211 1.4382 0 210 9.41212e-07
2.68286 1.4382 0 210 9.46982e-07
2.68361 1.4382 0 210 9.53417e-07
2.68436 1.4382 0 210 9.6053e-07
2.68511 1.4382 0 210 9.68339e-07
2.68586 1.4382 0 210 9.76861e-07
2.68661 1.4382 0 210 9.86118e-07
2.68736 1.4382 0 210 9.9613e-07
2.68811 1.4382 0 210 1.00693e-06
2.68886 1.4382 0 210 1.01854e-06
2.68961 1.4382 0 210 1.031e-06
2.69037 1.4382 0 210 1.04433e-06
2.69112 1.4382 0 210 1.05859e-06
2.69187 1.4382 0 210 1.0738e-06
2.69262 1.4382 0 210 1.09001e-06
2.69337 1.4382 0 210 1.10728e-06
2.69412 1.4382 0 210 1.12566e-06
2.69487 1.4382 0 210 1.1452e-06
2.69562 1.4382 0 210 1.16597e-06
2.69637 1.4382 0 210 1.18803e-06
2.69712 1.4382 0 210 1.21147e-06
2.69787 1.4382 0 210 1.23637e-06
2.69862 1.4382 0 210 1.2628e-06
2.69937 1.4382 0 210 1.29088e-06
2.70012 1.4382 0 210 1.32071e-06
2.70087 1.4382 0 210 1.35436e-06
2.70162 1.4382 0 210 1.38798e-06
2.70237 1.4382 0 210 1.42373e-06
2.70312 1.4382 0 210 1.46174e-06
2.70387 1.4382 0 210 1.50218e-06
2.70462 1.4382 0 210 1.54522e-06
2.70537 1.4382 0 210 1.59105e-06
2.70612 1.4382 0 210 1.63986e-06
2.70687 1.4382 0 210 1.69189e-06
2.70762 1.4382 0 210 1.74737e-06
2.70837 1.4382 0 210 1.80655e-06
2.70912 1.4382 0 210 1.86973e-06
2.70987 1.4382 0 210 1.93718e-06
2.71062 1.4382 0 210 2.00923e-06
2.71137 1.4382 0 210 2.08619e-06
2.71212 1.4382 0 210 2.1684e-06
2.71287 1.4382 0 210 2.25617e-06
2.71362 1.4382 0 210 2.34985e-06
2.71437 1.4382 0 210 2.44972e-06
2.71512 1.4382 0 210 2.55602e-06
2.71587 1.4382 0 210 2.66895e-06
2.71662 1.4382 0 210 2.78858e-06
2.71737 1.4382 0 210 2.91488e-06
2.71812 1.4382 0 210 3.04764e-06
2.71887 1.4382 0 210 3.18647e-06
2.71962 1.4382 0 210 3.33077e-06
2.72037 1.4382 0 210 3.47964e-06
2.72112 1.4382 0 210 3.63192e-06
2.72187 1.4382 0 210 3.78613e-06
2.72262 1.4382 0 210 3.9405e-06
2.72337 1.4382 0 210 4.09289e-06
2.72412 1.4382 0 210 4.24087e-06
2.72487 1.4382 0 210 4.38178e-06
2.72562 1.4382 0 210 4.51276e-06
2.72637 1.4382 0 210 4.63092e-06
2.72712 1.4382 0 210 4.73345e-06
2.72787 1.4382 0 210 4.81789e-06
2.72862 1.4382 0 210 4.88217e-06
2.72937 1.4382 0 210 4.92492e-06
2.73012 1.4382 0 210 4.94547e-06
2.73087 1.4382 0 210 4.94401e-06
2.73162 1.4382 0 210 4.92159e-06
2.73237 1.4382 0 210 4.87994e-06
2.73312 1.4382 0 210 4.82142e-06
2.73387 1.4382 0 210 4.74884e-06
2.73462 1.4382 0 210 4.66526e-06
2.73537 1.4382 0 210 4.57373e-06
2.73612 1.4382 0 210 4.47719e-06
2.73687 1.4382 0 210 4.37846e-06
2.73762 1.4382 0 210 4.28e-06
2.73837 1.4382 0 210 4.18393e-06
2.73912 1.4382 0 210 4.09202e-06
2.73987 1.4382 0 210 4.00571e-06
2.74062 1.4382 0 210 3.92613e-06
2.74137 1.4382 0 210 3.85416e-06
2.74212 1.4382 0 210 3.79045e-06
2.74287 1.4382 0 210 3.73545e-06
2.74362 1.4382 0 210 3.68949e-06
2.74437 1.4382 0 210 3.65278e-06
2.74512 1.4382 0 210 3.62546e-06
2.74587 1.4382 0 210 3.60763e-06
2.74662 1.4382 0 210 3.59935e-06
2.74737 1.4382 0 210 3.60067e-06
2.74812 1.4382 0 210 3.61166e-06
2.74887 1.4382 0 210 3.63238e-06
2.74962 1.4382 0 210 3.66294e-06
2.75038 1.4382 0 210 3.70347e-06
2.75113 1.4382 0 210 3.75414e-06
2.75188 1.4382 0 210 3.8151e-06
2.75263 1.4382 0 210 3.88671e-06
2.75338 1.4382 0 210 3.9692e-06
2.75413 1.4382 0 210 4.06292e-06
2.75488 1.4382 0 210 4.16824e-06
2.75563 1.4382 0 210 4.28558e-06
2.75638 1.4382 0 210 4.41538e-06
2.75713 1.4382 0 210 4.55814e-06
2.75788 1.4382 0 210 4.71433e-06
2.75863 1.4382 0 210 4.88452e-06
2.75938 1.4382 0 210 5.06904e-06
2.76013 1.4382 0 210 5.2684e-06
2.76088 1.4382 0 210 5.48296e-06
2.76163 1.4382 0 210 5.71296e-06
2.76238 1.4382 0 210 5.95849e-06
2.76313 1.4382 0 210 6.21943e-06
2.76388 1.4382 0 210 6.49536e-06
2.76463 1.4382 0 210 6.7855e-06
2.76538 1.4382 0 210 7.08863e-06
2.76613 1.4382 0 210 7.40298e-06
2.76688 1.4382 0 210 7.72614e-06
2.76763 1.4382 0 210 8.05499e-06
2.76838 1.4382 0 210 8.38562e-06
2.76913 1.4382 0 210 8.71326e-06
2.76988 1.4382 0 210 9.03246e-06
2.77063 1.4382 0 210 9.33693e-06
2.77138 1.4382 0 210 9.61984e-06
2.77213 1.4382 0 210 9.87409e-06
2.77288 1.4382 0 210 1.00926e-05
2.77363 1.4382 0 210 1.02686e-05
2.77438 1.4382 0 210 1.03965e-05
2.77513 1.4382 0 210 1.04715e-05
2.77588 1.4382 0 210 1.04909e-05
2.77663 1.4382 0 210 1.04536e-05
2.77738 1.4382 0 210 1.03604e-05
2.77813 1.4382 0 210 1.02142e-05
2.77888 1.4382 0 210 1.00194e-05
2.77963 1.4382 0 210 9.78174e-06
2.78038 1.4382 0 210 9.50783e-06
2.78113 1.4382 0 210 9.20467e-06
2.78188 1.4382 0 210 8.87938e-06
2.78263 1.4382 0 210 8.53876e-06
2.78338 1.4382 0 210 8.18907e-06
2.78413 1.4382 0 210 7.83579e-06
2.78488 1.4382 0 210 7.48366e-06
2.78563 1.4382 0 210 7.13656e-06
2.78638 1.4382 0 210 6.79763e-06
2.78713 1.4382 0 210 6.46915e-06
2.78788 1.4382 0 210 6.15288e-06
2.78863 1.4382 0 210 5.84997e-06
2.78938 1.4382 0 210 5.56112e-06
2.79013 1.4382 0 210 5.28667e-06
2.79088 1.4382 0 210 5.02664e-06
2.79163 1.4382 0 210 4.78082e-06
2.79238 1.4382 0 210 4.54886e-06
2.79313 1.4382 0 210 4.33027e-06
2.79388 1.4382 0 210 4.12446e-06
2.79463 1.4382 0 210 3.93082e-06
2.79538 1.4382 0 210 3.74869e-06
2.79613 1.4382 0 210 3.57739e-06
2.79688 1.4382 0 210 3.41628e-06
2.79763 1.4382 0 210 3.26475e-06
2.79838 1.4382 0 210 3.12205e-06
2.79913 1.4382 0 210 2.98765e-06
2.79988 1.4382 0 210 2.86096e-06
2.80063 1.4382 0 210 2.74143e-06
2.80138 1.4382 0 210 2.62856e-06
2.80213 1.4382 0 210 2.52184e-06
2.80288 1.4382 0 210 2.42084e-06
2.80363 1.4382 0 210 2.32512e-06
2.80438 1.4382 0 210 2.23432e-06
2.80513 1.4382 0 210 2.14807e-06
2.80588 1.4382 0 210 2.06596e-06
2.80663 1.4382 0 210 1.98773e-06
2.80738 1.4382 0 210 1.91312e-06
2.80813 1.4382 0 210 1.84195e-06
2.80888 1.4382 0 210 1.77389e-06
2.80963 1.4382 0 210 1.70887e-06
2.81039 1.4382 0 210 1.64675e-06
2.81114 1.4382 0 210 1.58746e-06
2.81189 1.4382 0 210 1.53097e-06
2.81264 1.4382 0 210 1.47727e-06
2.81339 1.4382 0 210 1.42647e-06
2.81414 1.4382 0 210 1.37865e-06
2.81489 1.4382 0 210 1.33398e-06
2.81564 1.4382 0 210 1.29261e-06
2.81639 1.4382 0 210 1.25472e-06
2.81714 1.4382 0 210 1.22047e-06
2.81789 1.4382 0 210 1.18997e-06
2.81864 1.4382 0 210 1.16326e-06
2.81939 1.4382 0 210 1.14028e-06
2.82014 1.4382 0 210 1.12084e-06
2.82089 1.4382 0 210 1.10466e-06
2.82164 1.4382 0 210 1.09134e-06
2.82239 1.4382 0 210 1.08036e-06
2.82314 1.4382 0 210 1.07115e-06
2.82389 1.4382 0 210 1.06319e-06
2.82464 1.4382 0 210 1.0559e-06
2.82539 1.4382 0 210 1.04876e-06
2.82614 1.4382 0 210 1.04138e-06
2.82689 1.4382 0 210 1.03347e-06
2.82764 1.4382 0 210 1.02482e-06
2.82839 1.4382 0 210 1.01533e-06
2.82914 1.4382 0 210 1.00495e-06
2.82989 1.4382 0 210 9.93758e-07
2.83064 1.4382 0 210 9.81812e-07
2.83139 1.4382 0 210 9.69224e-07
2.83214 1.4382 0 210 9.56117e-07
2.83289 1.4382 0 210 9.42614e-07
2.83364 1.4382 0 210 9.28817e-07
2.83439 1.4382 0 210 9.14869e-07
2.83514 1.4382 0 210 9.0083e-07
2.83589 1.4382 0 210 8.86807e-07
2.83664 1.4382 0 210 8.72848e-07
2.83739 1.4382 0 210 8.59002e-07
2.83814 1.4382 0 210 8.45302e-07
2.83889 1.4382 0 210 8.31773e-07
2.83964 1.4382 0 210 8.18425e-07
2.84039 1.4382 0 210 8.05261e-07
2.84114 1.4382 0 210 7.92277e-07
2.84189 1.4382 0 210 7.7946e-07
2.84264 1.4382 0 210 7.6682e-07
2.84339 1.4382 0 210 7.54276e-07
2.84414 1.4382 0 210 7.41829e-07
2.84489 1.4382 0 210 7.29446e-07
2.84564 1.4382 0 210 7.17091e-07
2.84639 1.4382 0 210 7.04724e-07
2.84714 1.4382 0 210 6.92299e-07
2.84789 1.4382 0 210 6.7977e-07
2.84864 1.4382 0 210 6.67083e-07
2.84939 1.4382 0 210 6.54182e-07
2.85014 1.4382 0 210 6.41008e-07
2.85089 1.4382 0 210 6.27495e-07
2.85164 1.4382 0 210 6.13582e-07
2.85239 1.4382 0 210 5.99177e-07
2.85314 1.4382 0 210 5.84217e-07
2.85389 1.4382 0 210 5.686e-07
2.85464 1.4382 0 210 5.52249e-07
2.85539 1.4382 0 210 5.35071e-07
2.85614 1.4382 0 210 5.1697e-07
2.85689 1.4382 0 210 4.97635e-07
2.85764 1.4382 0 210 4.77377e-07
2.85839 1.4382 0 210 4.55902e-07
2.85914 1.4382 0 210 4.33118e-07
2.85989 1.4382 0 210 4.08944e-07
2.86064 1.4382 0 210 3.83316e-07
2.86139 1.4382 0 210 3.56194e-07
2.86214 1.4382 0 210 3.27563e-07
2.86289 1.4382 0 210 2.97478e-07
2.86364 1.4382 0 210 2.66014e-07
2.86439 1.4382 0 210 2.33381e-07
2.86514 1.4382 0 210 1.99831e-07
2.86589 1.4382 0 210 1.6575e-07
2.86664 1.4382 0 210 1.31653e-07
2.86739 1.4382 0 210 9.82058e-08
2.86814 1.4382 0 210 6.62314e-08
2.86889 1.4382 0 210 3.66936e-08
2.86964 1.4382 0 210 1.07535e-08
2.8704 1.4382 0 210 -1.03716e-08
2.87115 1.4382 0 210 -2.53892e-08
2.8719 1.4382 0 210 -3.30283e-08
2.87265 1.4382 0 210 -3.2138e-08
2.8734 1.4382 0 210 -2.18003e-08
2.87415 1.4382 0 210 -1.44241e-09
2.8749 1.4382 0 210 2.90644e-08
2.87565 1.4382 0 210 6.93259e-08
2.8764 1.4382 0 210 1.18485e-07
2.87715 1.4382 0 210 1.74938e-07
2.8779 1.4382 0 210 2.37251e-07
2.87865 1.4382 0 210 3.03218e-07
2.8794 1.4382 0 210 3.70715e-07
2.88015 1.4382 0 210 4.37516e-07
2.8809 1.4382 0 210 4.97025e-07
2.88165 1.4382 0 210 5.59254e-07
2.8824 1.4382 0 210 6.16389e-07
2.88315 1.4382 0 210 6.67682e-07
2.8839 1.4382 0 210 7.12764e-07
2.88465 1.4382 0 210 7.5163e-07
2.8854 1.4382 0 210 7.84424e-07
2.88615 1.4382 0 210 8.116e-07
2.8869 1.4382 0 210 8.33714e-07
2.88765 1.4382 0 210 8.513e-07
2.8884 1.4382 0 210 8.65019e-07
2.88915 1.4382 0 210 8.75484e-07
2.8899 1.4382 0 210 8.83274e-07
2.89065 1.4382 0 210 8.8892e-07
2.8914 1.4382 0 210 8.92898e-07
2.89215 1.4382 0 210 8.95623e-07
2.8929 1.4382 0 210 8.97456e-07
2.89365 1.4382 0 210 8.98705e-07
2.8944 1.4382 0 210 8.9963e-07
2.89515 1.4382 0 210 9.00449e-07
2.8959 1.4382 0 210 9.01343e-07
2.89665 1.4382 0 210 9.02464e-07
2.8974 1.4382 0 210 9.03936e-07
2.89815 1.4382 0 210 9.05862e-07
2.8989 1.4382 0 210 9.0833e-07
2.89965 1.4382 0 210 9.11412e-07
2.9004 1.4382 0 210 9.15169e-07
2.90115 1.4382 0 210 9.19655e-07
2.9019 1.4382 0 210 9.24916e-07
2.90265 1.4382 0 210 9.30995e-07
2.9034 1.4382 0 210 9.37931e-07
2.90415 1.4382 0 210 9.45787e-07
2.9049 1.4382 0 210 9.54548e-07
2.90565 1.4382 0 210 9.64275e-07
2.9064 1.4382 0 210 9.75004e-07
2.90715 1.4382 0 210 9.86786e-07
2.9079 1.4382 0 210 9.99629e-07
2.90865 1.4382 0 210 1.01358e-06
2.9094 1.4382 0 210 1.02868e-06
2.91015 1.4382 0 210 1.04497e-06
2.9109 1.4382 0 210 1.06246e-06
2.91165 1.4382 0 210 1.0812e-06
2.9124 1.4382 0 210 1.10121e-06
2.91315 1.4382 0 210 1.12247e-06
2.9139 1.4382 0 210 1.14503e-06
2.91465 1.4382 0 210 1.16885e-06
2.9154 1.4382 0 210 1.1939e-06
2.91615 1.4382 0 210 1.22013e-06
2.9169 1.4382 0 210 1.24745e-06
2.91765 1.4382 0 210 1.27572e-06
2.9184 1.4382 0 210 1.30479e-06
2.91915 1.4382 0 210 1.33447e-06
2.9199 1.4382 0 210 1.36446e-06
2.92065 1.4382 0 210 1.39448e-06
2.9214 1.4382 0 210 1.42415e-06
2.92215 1.4382 0 210 1.45309e-06
2.9229 1.4382 0 210 1.48087e-06
2.92365 1.4382 0 210 1.50702e-06
2.9244 1.4382 0 210 1.53112e-06
2.92515 1.4382 0 210 1.55274e-06
2.9259 1.4382 0 210 1.57152e-06
2.92665 1.4382 0 210 1.58718e-06
2.9274 1.4382 0 210 1.59953e-06
2.92815 1.4382 0 210 1.6085e-06
2.9289 1.4382 0 210 1.61414e-06
2.92965 1.4382 0 210 1.61661e-06
2.93041 1.4382 0 210 1.61619e-06
2.93116 1.4382 0 210 1.61323e-06
2.93191 1.4382 0 210 1.60815e-06
2.93266 1.4382 0 210 1.6014e-06
2.93341 1.4382 0 210 1.59344e-06
2.93416 1.4382 0 210 1.58474e-06
2.93491 1.4382 0 210 1.5757e-06
2.93566 1.4382 0 210 1.56673e-06
2.93641 1.4382 0 210 1.55815e-06
2.93716 1.4382 0 210 1.55026e-06
2.93791 1.4382 0 210 1.54331e-06
2.93866 1.4382 0 210 1.53749e-06
2.93941 1.4382 0 210 1.53295e-06
2.94016 1.4382 0 210 1.52982e-06
2.94091 1.4382 0 210 1.52817e-06
2.94166 1.4382 0 210 1.52807e-06
2.94241 1.4382 0 210 1.52957e-06
2.94316 1.4382 0 210 1.5327e-06
2.94391 1.4382 0 210 1.53746e-06
2.94466 1.4382 0 210 1.54386e-06
2.94541 1.4382 0 210 1.55191e-06
2.94616 1.4382 0 210 1.56161e-06
2.94691 1.4382 0 210 1.57294e-06
2.94766 1.4382 0 210 1.58591e-06
2.94841 1.4382 0 210 1.60051e-06
2.94916 1.4382 0 210 1.61674e-06
2.94991 1.4382 0 210 1.63462e-06
2.95066 1.4382 0 210 1.65414e-06
2.95141 1.4382 0 210 1.67531e-06
2.95216 1.4382 0 210 1.69816e-06
2.95291 1.4382 0 210 1.72271e-06
2.95366 1.4382 0 210 1.74897e-06
2.95441 1.4382 0 210 1.77699e-06
2.95516 1.4382 0 210 1.80679e-06
2.95591 1.4382 0 210 1.83843e-06
2.95666 1.4382 0 210 1.87194e-06
2.95741 1.4382 0 210 1.90739e-06
2.95816 1.4382 0 210 1.94485e-06
2.95891 1.4382 0 210 1.98436e-06
2.95966 1.4382 0 210 2.02601e-06
2.96041 1.4382 0 210 2.06989e-06
2.96116 1.4382 0 210 2.1161e-06
2.96191 1.4382 0 210 2.16472e-06
2.96266 1.4382 0 210 2.21587e-06
2.96341 1.4382 0 210 2.26965e-06
2.96416 1.4382 0 210 2.32621e-06
2.96491 1.4382 0 210 2.38569e-06
2.96566 1.4382 0 210 2.44822e-06
2.96641 1.4382 0 210 2.51397e-06
2.96716 1.4382 0 210 2.58311e-06
2.96791 1.4382 0 210 2.65584e-06
2.96866 1.4382 0 210 2.73235e-06
2.96941 1.4382 0 210 2.81287e-06
2.97016 1.4382 0 210 2.89763e-06
2.97091 1.4382 0 210 2.98687e-06
2.97166 1.4382 0 210 3.08088e-06
2.97241 1.4382 0 210 3.17994e-06
2.97316 1.4382 0 210 3.28438e-06
2.97391 1.4382 0 210 3.39452e-06
2.97466 1.4382 0 210 3.51073e-06
2.97541 1.4382 0 210 3.63341e-06
2.97616 1.4382 0 210 3.76298e-06
2.97691 1.4382 0 210 3.89987e-06
2.97766 1.4382 0 210 4.04459e-06
2.97841 1.4382 0 210 4.19764e-06
2.97916 1.4382 0 210 4.35957e-06
2.97991 1.4382 0 210 4.53099e-06
2.98066 1.4382 0 210 4.71253e-06
2.98141 1.4382 0 210 4.90487e-06
2.98216 1.4382 0 210 5.10872e-06
2.98291 1.4382 0 210 5.32487e-06
2.98366 1.4382 0 210 5.55415e-06
2.98441 1.4382 0 210 5.79743e-06
2.98516 1.4382 0 210 6.05567e-06
2.98591 1.4382 0 210 6.32986e-06
2.98666 1.4382 0 210 6.62108e-06
2.98741 1.4382 0 210 6.93047e-06
2.98816 1.4382 0 210 7.25925e-06
2.98891 1.4382 0 210 7.60868e-06
2.98966 1.4382 0 210 7.9801e-06
2.99042 1.4382 0 210 8.3749e-06
2.99117 1.4382 0 210 8.79452e-06
2.99192 1.4382 0 210 9.24037e-06
2.99267 1.4382 0 210 9.71382e-06
2.99342 1.4382 0 210 1.02162e-05
2.99417 1.4382 0 210 1.07485e-05
2.99492 1.4382 0 210 1.13118e-05
2.99567 1.4382 0 210 1.19065e-05
2.99642 1.4382 0 210 1.25328e-05
2.99717 1.4382 0 210 1.31899e-05
2.99792 1.4382 0 210 1.38766e-05
2.99867 1.4382 0 210 1.45905e-05
2.99942 1.4382 0 210 1.5328e-05
3.00017 1.4382 0 210 1.60841e-05
3.00092 1.4382 0 210 1.68524e-05
3.00167 1.4382 0 210 1.76244e-05
3.00242 1.4382 0 210 1.839e-05
3.00317 1.4382 0 210 1.91373e-05
3.00392 1.4382 0 210 1.98525e-05
3.00467 1.4382 0 210 2.05207e-05
3.00542 1.4382 0 210 2.11262e-05
3.00617 1.4382 0 210 2.16529e-05
3.00692 1.4382 0 210 2.20859e-05
3.00767 1.4382 0 210 2.24117e-05
3.00842 1.4382 0 210 2.26197e-05
3.00917 1.4382 0 210 2.27027e-05
3.00992 1.4382 0 210 2.26575e-05
3.01067 1.4382 0 210 2.24856e-05
3.01142 1.4382 0 210 2.21923e-05
3.01217 1.4382 0 210 2.17871e-05
3.01292 1.4382 0 210 2.12823e-05
3.01367 1.4382 0 210 2.06926e-05
3.01442 1.4382 0 210 2.00337e-05
3.01517 1.4382 0 210 1.93217e-05
3.01592 1.4382 0 210 1.85721e-05
3.01667 1.4382 0 210 1.77993e-05
3.01742 1.4382 0 210 1.70162e-05
3.01817 1.4382 0 210 1.62338e-05
3.01892 1.4382 0 210 1.54615e-05
3.01967 1.4382 0 210 1.47066e-05
3.02042 1.4382 0 210 1.3975e-05
3.02117 1.4382 0 210 1.32707e-05
3.02192 1.4382 0 210 1.25968e-05
3.02267 1.4382 0 210 1.19551e-05
3.02342 1.4382 0 210 1.13465e-05
3.02417 1.4382 0 210 1.07711e-05
3.02492 1.4382 0 210 1.02287e-05
3.02567 1.4382 0 210 9.71826e-06
3.02642 1.4382 0 210 9.23877e-06
3.02717 1.4382 0 210 8.78881e-06
3.02792 1.4382 0 210 8.36689e-06
3.02867 1.4382 0 210 7.97146e-06
3.02942 1.4382 0 210 7.60094e-06
3.03017 1.4382 0 210 7.2538e-06
3.03092 1.4382 0 210 6.92856e-06
3.03167 1.4382 0 210 6.62379e-06
3.03242 1.4382 0 210 6.33816e-06
3.03317 1.4382 0 210 6.07045e-06
3.03392 1.4382 0 210 5.81948e-06
3.03467 1.4382 0 210 5.58418e-06
3.03542 1.4382 0 210 5.36355e-06
3.03617 1.4382 0 210 5.15667e-06
3.03692 1.4382 0 210 4.96266e-06
3.03767 1.4382 0 210 4.78074e-06
3.03842 1.4382 0 210 4.61013e-06
3.03917 1.4382 0 210 4.45015e-06
3.03992 1.4382 0 210 4.30014e-06
3.04067 1.4382 0 210 4.15945e-06
3.04142 1.4382 0 210 4.02751e-06
3.04217 1.4382 0 210 3.90373e-06
3.04292 1.4382 0 210 3.78756e-06
3.04367 1.4382 0 210 3.67849e-06
3.04442 1.4382 0 210 3.57598e-06
3.04517 1.4382 0 210 3.47951e-06
3.04592 1.4382 0 210 3.38857e-06
3.04667 1.4382 0 210 3.30264e-06
3.04742 1.4382 0 210 3.22121e-06
3.04817 1.4382 0 210 3.14377e-06
3.04892 1.4382 0 210 3.0698e-06
3.04967 1.4382 0 210 2.99882e-06
3.05043 1.4382 0 210 2.93034e-06
3.05118 1.4382 0 210 2.86391e-06
3.05193 1.4382 0 210 2.79912e-06
3.05268 1.4382 0 210 2.73559e-06
3.05343 1.4382 0 210 2.67303e-06
3.05418 1.4382 0 210 2.61119e-06
3.05493 1.4382 0 210 2.54991e-06
3.05568 1.4382 0 210 2.48908e-06
3.05643 1.4382 0 210 2.42867e-06
3.05718 1.4382 0 210 2.36869e-06
3.05793 1.4382 0 210 2.30923e-06
3.05868 1.4382 0 210 2.2504e-06
3.05943 1.4382 0 210 2.19232e-06
3.06018 1.4382 0 210 2.13514e-06
3.06093 1.4382 0 210 2.07902e-06
3.06168 1.4382 0 210 2.02408e-06
3.06243 1.4382 0 210 1.97046e-06
3.06318 1.4382 0 210 1.91827e-06
3.06393 1.4382 0 210 1.86758e-06
3.06468 1.4382 0 210 1.81846e-06
3.06543 1.4382 0 210 1.77096e-06
3.06618 1.4382 0 210 1.7251e-06
3.06693 1.4382 0 210 1.68089e-06
3.06768 1.4382 0 210 1.63832e-06
3.06843 1.4382 0 210 1.59737e-06
3.06918 1.4382 0 210 1.55801e-06
3.06993 1.4382 0 210 1.5202e-06
3.07068 1.4382 0 210 1.48389e-06
3.07143 1.4382 0 210 1.44904e-06
3.07218 1.4382 0 210 1.4156e-06
3.07293 1.4382 0 210 1.38351e-06
3.07368 1.4382 0 210 1.35272e-06
3.07443 1.4382 0 210 1.32317e-06
3.07518 1.4382 0 210 1.2948e-06
3.07593 1.4382 0 210 1.26757e-06
3.07668 1.4382 0 210 1.24143e-06
3.07743 1.4382 0 210 1.21633e-06
3.07818 1.4382 0 210 1.19221e-06
3.07893 1.4382 0 210 1.169e-06
3.07968 1.4382 0 210 1.14672e-06
3.08043 1.4382 0 210 1.12531e-06
3.08118 1.4382 0 210 1.10471e-06
3.08193 1.4382 0 210 1.0849e-06
3.08268 1.4382 0 210 1.06583e-06
3.08343 1.4382 0 210 1.04748e-06
3.08418 1.4382 0 210 1.0298e-06
3.08493 1.4382 0 210 1.01279e-06
3.08568 1.4382 0 210 9.9638e-07
3.08643 1.4382 0 210 9.78979e-07
3.08718 1.4382 0 210 9.63751e-07
3.08793 1.4382 0 210 9.49073e-07
3.08868 1.4382 0 210 9.34921e-07
3.08943 1.4382 0 210 9.21275e-07
3.09018 1.4382 0 210 9.08115e-07
3.09093 1.4382 0 210 8.95422e-07
3.09168 1.4382 0 210 8.83169e-07
3.09243 1.4382 0 210 8.71357e-07
3.09318 1.4382 0 210 8.59962e-07
3.09393 1.4382 0 210 8.48968e-07
3.09468 1.4382 0 210 8.38361e-07
3.09543 1.4382 0 210 8.28121e-07
3.09618 1.4382 0 210 8.18249e-07
3.09693 1.4382 0 210 8.08727e-07
3.09768 1.4382 0 210 7.99543e-07
3.09843 1.4382 0 210 7.90686e-07
3.09918 1.4382 0 210 7.82147e-07
3.09993 1.4382 0 210 7.73916e-07
3.10068 1.4382 0 210 7.65984e-07
3.10143 1.4382 0 210 7.58341e-07
3.10218 1.4382 0 210 7.50982e-07
3.10293 1.4382 0 210 7.43897e-07
3.10368 1.4382 0 210 7.37081e-07
3.10443 1.4382 0 210 7.30524e-07
3.10518 1.4382 0 210 7.24223e-07
3.10593 1.4382 0 210 7.1817e-07
3.10668 1.4382 0 210 7.1236e-07
3.10743 1.4382 0 210 7.06789e-07
3.10818 1.4382 0 210 7.01451e-07
3.10893 1.4382 0 210 6.96336e-07
3.10968 1.4382 0 210 6.91451e-07
3.11044 1.4382 0 210 6.86787e-07
3.11119 1.4382 0 210 6.8234e-07
3.11194 1.4382 0 210 6.78098e-07
3.11269 1.4382 0 210 6.74077e-07
3.11344 1.4382 0 210 6.70262e-07
3.11419 1.4382 0 210 6.66653e-07
3.11494 1.4382 0 210 6.63246e-07
3.11569 1.4382 0 210 6.60042e-07
3.11644 1.4382 0 210 6.57037e-07
3.11719 1.4382 0 210 6.54231e-07
3.11794 1.4382 0 210 6.51622e-07
3.11869 1.4382 0 210 6.4921e-07
3.11944 1.4382 0 210 6.46993e-07
3.12019 1.4382 0 210 6.44971e-07
3.12094 1.4382 0 210 6.43145e-07
3.12169 1.4382 0 210 6.41514e-07
3.12244 1.4382 0 210 6.4008e-07
3.12319 1.4382 0 210 6.38841e-07
3.12394 1.4382 0 210 6.37801e-07
3.12469 1.4382 0 210 6.36959e-07
3.12544 1.4382 0 210 6.36319e-07
3.12619 1.4382 0 210 6.35879e-07
3.12694 1.4382 0 210 6.35644e-07
3.12769 1.4382 0 210 6.35616e-07
3.12844 1.4382 0 210 6.35797e-07
3.12919 1.4382 0 210 6.36191e-07
3.12994 1.4382 0 210 6.368e-07
3.13069 1.4382 0 210 6.37609e-07
3.13144 1.4382 0 210 6.38659e-07
3.13219 1.4382 0 210 6.39921e-07
3.13294 1.4382 0 210 6.41429e-07
3.13369 1.4382 0 210 6.43173e-07
3.13444 1.4382 0 210 6.45156e-07
3.13519 1.4382 0 210 6.47383e-07
3.13594 1.4382 0 210 6.49859e-07
3.13669 1.4382 0 210 6.52589e-07
3.13744 1.4382 0 210 6.55576e-07
3.13819 1.4382 0 210 6.58824e-07
3.13894 1.4382 0 210 6.62336e-07
3.13969 1.4382 0 210 6.66116e-07
3.14044 1.4382 0 210 6.70165e-07
3.14119 1.4382 0 210 6.74484e-07
3.14194 1.4382 0 210 6.79063e-07
3.14269 1.4382 0 210 6.83921e-07
3.14344 1.4382 0 210 6.89046e-07
3.14419 1.4382 0 210 6.94435e-07
3.14494 1.4382 0 210 7.00083e-07
3.14569 1.4382 0 210 7.05985e-07
3.14644 1.4382 0 210 7.12136e-07
3.14719 1.4382 0 210 7.18516e-07
3.14794 1.4382 0 210 7.25155e-07
3.14869 1.4382 0 210 7.32036e-07
3.14944 1.4382 0 210 7.39161e-07
3.15019 1.4382 0 210 7.46536e-07
3.15094 1.4382 0 210 7.54171e-07
3.15169 1.4382 0 210 7.62083e-07
3.15244 1.4382 0 210 7.70292e-07
3.15319 1.4382 0 210 7.78822e-07
3.15394 1.4382 0 210 7.87704e-07
3.15469 1.4382 0 210 7.96972e-07
3.15544 1.4382 0 210 8.06663e-07
3.15619 1.4382 0 210 8.16816e-07
3.15694 1.4382 0 210 8.27473e-07
3.15769 1.4382 0 210 8.38677e-07
3.15844 1.4382 0 210 8.50471e-07
3.15919 1.4382 0 210 8.629e-07
3.15994 1.4382 0 210 8.76009e-07
3.16069 1.4382 0 210 8.89843e-07
3.16144 1.4382 0 210 9.04435e-07
3.16219 1.4382 0 210 9.19859e-07
3.16294 1.4382 0 210 9.36151e-07
3.16369 1.4382 0 210 9.53359e-07
3.16444 1.4382 0 210 9.71537e-07
3.16519 1.4382 0 210 9.9074e-07
3.16594 1.4382 0 210 1.01102e-06
3.16669 1.4382 0 210 1.03246e-06
3.16744 1.4382 0 210 1.05509e-06
3.16819 1.4382 0 210 1.07901e-06
3.16894 1.4382 0 210 1.10427e-06
3.16969 1.4382 0 210 1.13096e-06
3.17045 1.4382 0 210 1.15916e-06
3.1712 1.4382 0 210 1.18896e-06
3.17195 1.4382 0 210 1.22046e-06
3.1727 1.4382 0 210 1.25376e-06
3.17345 1.4382 0 210 1.28897e-06
3.1742 1.4382 0 210 1.3262e-06
3.17495 1.4382 0 210 1.36555e-06
3.1757 1.4382 0 210 1.40722e-06
3.17645 1.4382 0 210 1.45125e-06
3.1772 1.4382 0 210 1.49792e-06
3.17795 1.4382 0 210 1.54733e-06
3.1787 1.4382 0 210 1.59964e-06
3.17945 1.4382 0 210 1.65503e-06
3.1802 1.4382 0 210 1.71369e-06
3.18095 1.4382 0 210 1.77581e-06
3.1817 1.4382 0 210 1.84159e-06
3.18245 1.4382 0 210 1.91123e-06
3.1832 1.4382 0 210 1.98494e-06
3.18395 1.4382 0 210 2.06293e-06
3.1847 1.4382 0 210 2.14539e-06
3.18545 1.4382 0 210 2.23244e-06
3.1862 1.4382 0 210 2.32443e-06
3.18695 1.4382 0 210 2.42143e-06
3.1877 1.4382 0 210 2.52356e-06
3.18845 1.4382 0 210 2.63094e-06
3.1892 1.4382 0 210 2.74355e-06
3.18995 1.4382 0 210 2.86136e-06
3.1907 1.4382 0 210 2.98426e-06
3.19145 1.4382 0 210 3.112e-06
3.1922 1.4382 0 210 3.24422e-06
3.19295 1.4382 0 210 3.3804e-06
3.1937 1.4382 0 210 3.51985e-06
3.19445 1.4382 0 210 3.66171e-06
3.1952 1.4382 0 210 3.80487e-06
3.19595 1.4382 0 210 3.94803e-06
3.1967 1.4382 0 210 4.08968e-06
3.19745 1.4382 0 210 4.22806e-06
3.1982 1.4382 0 210 4.36126e-06
3.19895 1.4382 0 210 4.48718e-06
3.1997 1.4382 0 210 4.60364e-06
3.20045 1.4382 0 210 4.70841e-06
3.2012 1.4382 0 210 4.79924e-06
3.20195 1.4382 0 210 4.87413e-06
3.2027 1.4382 0 210 4.93115e-06
3.20345 1.4382 0 210 4.96866e-06
3.2042 1.4382 0 210 4.98539e-06
3.20495 1.4382 0 210 4.98035e-06
3.2057 1.4382 0 210 4.95324e-06
3.20645 1.4382 0 210 4.90392e-06
3.2072 1.4382 0 210 4.83277e-06
3.20795 1.4382 0 210 4.74064e-06
3.2087 1.4382 0 210 4.62874e-06
3.20945 1.4382 0 210 4.49867e-06
3.2102 1.4382 0 210 4.35232e-06
3.21095 1.4382 0 210 4.19184e-06
3.2117 1.4382 0 210 4.0196e-06
3.21245 1.4382 0 210 3.83811e-06
3.2132 1.4382 0 210 3.64998e-06
3.21395 1.4382 0 210 3.45787e-06
3.2147 1.4382 0 210 3.26448e-06
3.21545 1.4382 0 210 3.0725e-06
3.2162 1.4382 0 210 2.88456e-06
3.21695 1.4382 0 210 2.70327e-06
3.2177 1.4382 0 210 2.53115e-06
3.21845 1.4382 0 210 2.37058e-06
3.2192 1.4382 0 210 2.22382e-06
3.21995 1.4382 0 210 2.09288e-06
3.2207 1.4382 0 210 1.97946e-06
3.22145 1.4382 0 210 1.88491e-06
3.2222 1.4382 0 210 1.81009e-06
3.22295 1.4382 0 210 1.7553e-06
3.2237 1.4382 0 210 1.72022e-06
3.22445 1.4382 0 210 1.70388e-06
3.2252 1.4382 0 210 1.70465e-06
3.22595 1.4382 0 210 1.72033e-06
3.2267 1.4382 0 210 1.74821e-06
3.22745 1.4382 0 210 1.78535e-06
3.2282 1.4382 0 210 1.82843e-06
3.22895 1.4382 0 210 1.87437e-06
3.2297 1.4382 0 210 1.92021e-06
3.23046 1.4382 0 210 1.96336e-06
3.23121 1.4382 0 210 2.00167e-06
3.23196 1.4382 0 210 2.03349e-06
3.23271 1.4382 0 210 2.05773e-06
3.23346 1.4382 0 210 2.07377e-06
3.23421 1.4382 0 210 2.08142e-06
3.23496 1.4382 0 210 2.08089e-06
3.23571 1.4382 0 210 2.07264e-06
3.23646 1.4382 0 210 2.05741e-06
3.23721 1.4382 0 210 2.03598e-06
3.23796 1.4382 0 210 2.00923e-06
3.23871 1.4382 0 210 1.97812e-06
3.23946 1.4382 0 210 1.94339e-06
3.24021 1.4382 0 210 1.90592e-06
3.24096 1.4382 0 210 1.86645e-06
3.24171 1.4382 0 210 1.82563e-06
3.24246 1.4382 0 210 1.78406e-06
3.24321 1.4382 0 210 1.74222e-06
3.24396 1.4382 0 210 1.70052e-06
3.24471 1.4382 0 210 1.65931e-06
3.24546 1.4382 0 210 1.61887e-06
3.24621 1.4382 0 210 1.57947e-06
3.24696 1.4382 0 210 1.54117e-06
3.24771 1.4382 0 210 1.50414e-06
3.24846 1.4382 0 210 1.46849e-06
3.24921 1.4382 0 210 1.43427e-06
3.24996 1.4382 0 210 1.40151e-06
3.25071 1.4382 0 210 1.37023e-06
3.25146 1.4382 0 210 1.34042e-06
3.25221 1.4382 0 210 1.31204e-06
3.25296 1.4382 0 210 1.28508e-06
3.25371 1.4382 0 210 1.25948e-06
3.25446 1.4382 0 210 1.23518e-06
3.25521 1.4382 0 210 1.21213e-06
3.25596 1.4382 0 210 1.19026e-06
3.25671 1.4382 0 210 1.16948e-06
3.25746 1.4382 0 210 1.14973e-06
3.25821 1.4382 0 210 1.13092e-06
3.25896 1.4382 0 210 1.11296e-06
3.25971 1.4382 0 210 1.09579e-06
3.26046 1.4382 0 210 1.07932e-06
3.26121 1.4382 0 210 1.06347e-06
3.26196 1.4382 0 210 1.04819e-06
3.26271 1.4382 0 210 1.03341e-06
3.26346 1.4382 0 210 1.01908e-06
3.26421 1.4382 0 210 1.00516e-06
3.26496 1.4382 0 210 9.91625e-07
3.26571 1.4382 0 210 9.78447e-07
3.26646 1.4382 0 210 9.65616e-07
3.26721 1.4382 0 210 9.53129e-07
3.26796 1.4382 0 210 9.4099e-07
3.26871 1.4382 0 210 9.29208e-07
3.26946 1.4382 0 210 9.17794e-07
3.27021 1.4382 0 210 9.06765e-07
3.27096 1.4382 0 210 8.96137e-07
3.27171 1.4382 0 210 8.85928e-07
3.27246 1.4382 0 210 8.76155e-07
3.27321 1.4382 0 210 8.66855e-07
3.27396 1.4382 0 210 8.58003e-07
3.27471 1.4382 0 210 8.49635e-07
3.27546 1.4382 0 210 8.41778e-07
3.27621 1.4382 0 210 8.34419e-07
3.27696 1.4382 0 210 8.27582e-07
3.27771 1.4382 0 210 8.21275e-07
3.27846 1.4382 0 210 8.15505e-07
3.27921 1.4382 0 210 8.10276e-07
3.27996 1.4382 0 210 8.05586e-07
3.28071 1.4382 0 210 8.01431e-07
3.28146 1.4382 0 210 7.97801e-07
3.28221 1.4382 0 210 7.94681e-07
3.28296 1.4382 0 210 7.92054e-07
3.28371 1.4382 0 210 7.89897e-07
3.28446 1.4382 0 210 7.88187e-07
3.28521 1.4382 0 210 7.869e-07
3.28596 1.4382 0 210 7.8601e-07
3.28671 1.4382 0 210 7.85499e-07
3.28746 1.4382 0 210 7.8535e-07
3.28821 1.4382 0 210 7.85557e-07
3.28896 1.4382 0 210 7.86117e-07
3.28971 1.4382 0 210 7.87041e-07
3.29047 1.4382 0 210 7.88349e-07
3.29122 1.4382 0 210 7.90074e-07
3.29197 1.4382 0 210 7.92263e-07
3.29272 1.4382 0 210 7.94974e-07
3.29347 1.4382 0 210 7.98285e-07
3.29422 1.4382 0 210 8.02287e-07
3.29497 1.4382 0 210 8.07086e-07
3.29572 1.4382 0 210 8.12795e-07
3.29647 1.4382 0 210 8.19565e-07
3.29722 1.4382 0 210 8.27535e-07
3.29797 1.4382 0 210 8.36858e-07
3.29872 1.4382 0 210 8.47685e-07
3.29947 1.4382 0 210 8.60165e-07
3.30022 1.4382 0 210 8.7443e-07
3.30097 1.4382 0 210 8.90588e-07
3.30172 1.4382 0 210 9.08422e-07
3.30247 1.4382 0 210 9.28555e-07
3.30322 1.4382 0 210 9.507e-07
3.30397 1.4382 0 210 9.74807e-07
3.30472 1.4382 0 210 1.00078e-06
3.30547 1.4382 0 210 1.02849e-06
3.30622 1.4382 0 210 1.05778e-06
3.30697 1.4382 0 210 1.08848e-06
3.30772 1.4382 0 210 1.1204e-06
3.30847 1.4382 0 210 1.15339e-06
3.30922 1.4382 0 210 1.18731e-06
3.30997 1.4382 0 210 1.22206e-06
3.31072 1.4382 0 210 1.25758e-06
3.31147 1.4382 0 210 1.29385e-06
3.31222 1.4382 0 210 1.33091e-06
3.31297 1.4382 0 210 1.36879e-06
3.31372 1.4382 0 210 1.40764e-06
3.31447 1.4382 0 210 1.44757e-06
3.31522 1.4382 0 210 1.48875e-06
3.31597 1.4382 0 210 1.53136e-06
3.31672 1.4382 0 210 1.57558e-06
3.31747 1.4382 0 210 1.62162e-06
3.31822 1.4382 0 210 1.66969e-06
3.31897 1.4382 0 210 1.72001e-06
3.31972 1.4382 0 210 1.77278e-06
3.32047 1.4382 0 210 1.82823e-06
3.32122 1.4382 0 210 1.88657e-06
3.32197 1.4382 0 210 1.94802e-06
3.32272 1.4382 0 210 2.01279e-06
3.32347 1.4382 0 210 2.08215e-06
3.32422 1.4382 0 210 2.15416e-06
3.32497 1.4382 0 210 2.23011e-06
3.32572 1.4382 0 210 2.31018e-06
3.32647 1.4382 0 210 2.39457e-06
3.32722 1.4382 0 210 2.48343e-06
3.32797 1.4382 0 210 2.57692e-06
3.32872 1.4382 0 210 2.67515e-06
3.32947 1.4382 0 210 2.77819e-06
3.33022 1.4382 0 210 2.88611e-06
3.33097 1.4382 0 210 2.99887e-06
3.33172 1.4382 0 210 3.11639e-06
3.33247 1.4382 0 210 3.23852e-06
3.33322 1.4382 0 210 3.36498e-06
3.33397 1.4382 0 210 3.49541e-06
3.33472 1.4382 0 210 3.62929e-06
3.33547 1.4382 0 210 3.76599e-06
3.33622 1.4382 0 210 3.9047e-06
3.33697 1.4382 0 210 4.04444e-06
3.33772 1.4382 0 210 4.18407e-06
3.33847 1.4382 0 210 4.32226e-06
3.33922 1.4382 0 210 4.45752e-06
3.33997 1.4382 0 210 4.58825e-06
3.34072 1.4382 0 210 4.71271e-06
3.34147 1.4382 0 210 4.82911e-06
3.34222 1.4382 0 210 4.93569e-06
3.34297 1.4382 0 210 5.03076e-06
3.34372 1.4382 0 210 5.11269e-06
3.34447 1.4382 0 210 5.18017e-06
3.34522 1.4382 0 210 5.23214e-06
3.34597 1.4382 0 210 5.2679e-06
3.34672 1.4382 0 210 5.2871e-06
3.34747 1.4382 0 210 5.28981e-06
3.34822 1.4382 0 210 5.27648e-06
3.34897 1.4382 0 210 5.2479e-06
3.34972 1.4382 0 210 5.20514e-06
3.35048 1.4382 0 210 5.14953e-06
3.35123 1.4382 0 210 5.08255e-06
3.35198 1.4382 0 210 5.00563e-06
3.35273 1.4382 0 210 4.92032e-06
3.35348 1.4382 0 210 4.82805e-06
3.35423 1.4382 0 210 4.73014e-06
3.35498 1.4382 0 210 4.62775e-06
3.35573 1.4382 0 210 4.52186e-06
3.35648 1.4382 0 210 4.4133e-06
3.35723 1.4382 0 210 4.30272e-06
3.35798 1.4382 0 210 4.19066e-06
3.35873 1.4382 0 210 4.07752e-06
3.35948 1.4382 0 210 3.96364e-06
3.36023 1.4382 0 210 3.84931e-06
3.36098 1.4382 0 210 3.73479e-06
3.36173 1.4382 0 210 3.62034e-06
3.36248 1.4382 0 210 3.50623e-06
3.36323 1.4382 0 210 3.39275e-06
3.36398 1.4382 0 210 3.28021e-06
3.36473 1.4382 0 210 3.16892e-06
3.36548 1.4382 0 210 3.05922e-06
3.36623 1.4382 0 210 2.95143e-06
3.36698 1.4382 0 210 2.84584e-06
3.36773 1.4382 0 210 2.74274e-06
3.36848 1.4382 0 210 2.64238e-06
3.36923 1.4382 0 210 2.54497e-06
3.36998 1.4382 0 210 2.45069e-06
3.37073 1.4382 0 210 2.35965e-06
3.37148 1.4382 0 210 2.27196e-06
3.37223 1.4382 0 210 2.18765e-06
3.37298 1.4382 0 210 2.10675e-06
3.37373 1.4382 0 210 2.02924e-06
3.37448 1.4382 0 210 1.95508e-06
3.37523 1.4382 0 210 1.88426e-06
3.37598 1.4382 0 210 1.8166e-06
3.37673 1.4382 0 210 1.75209e-06
3.37748 1.4382 0 210 1.69054e-06
3.37823 1.4382 0 210 1.63189e-06
3.37898 1.4382 0 210 1.57601e-06
3.37973 1.4382 0 210 1.52279e-06
3.38048 1.4382 0 210 1.47213e-06
3.38123 1.4382 0 210 1.42385e-06
3.38198 1.4382 0 210 1.37786e-06
3.38273 1.4382 0 210 1.33405e-06
3.38348 1.4382 0 210 1.29231e-06
3.38423 1.4382 0 210 1.25252e-06
3.38498 1.4382 0 210 1.21458e-06
3.38573 1.4382 0 210 1.17839e-06
3.38648 1.4382 0 210 1.14386e-06
3.38723 1.4382 0 210 1.11087e-06
3.38798 1.4382 0 210 1.07937e-06
3.38873 1.4382 0 210 1.04926e-06
3.38948 1.4382 0 210 1.02045e-06
3.39023 1.4382 0 210 9.92885e-07
3.39098 1.4382 0 210 9.66479e-07
3.39173 1.4382 0 210 9.41167e-07
3.39248 1.4382 0 210 9.16885e-07
3.39323 1.4382 0 210 8.93594e-07
3.39398 1.4382 0 210 8.7119e-07
3.39473 1.4382 0 210 8.4964e-07
3.39548 1.4382 0 210 8.28892e-07
3.39623 1.4382 0 210 8.08897e-07
3.39698 1.4382 0 210 7.89606e-07
3.39773 1.4382 0 210 7.70975e-07
3.39848 1.4382 0 210 7.52958e-07
3.39923 1.4382 0 210 7.35516e-07
3.39998 1.4382 0 210 7.18607e-07
3.40073 1.4382 0 210 7.02192e-07
3.40148 1.4382 0 210 6.86234e-07
3.40223 1.4382 0 210 6.70697e-07
3.40298 1.4382 0 210 6.55544e-07
3.40373 1.4382 0 210 6.4074e-07
3.40448 1.4382 0 210 6.26251e-07
3.40523 1.4382 0 210 6.12043e-07
3.40598 1.4382 0 210 5.98082e-07
3.40673 1.4382 0 210 5.84334e-07
3.40748 1.4382 0 210 5.7077e-07
3.40823 1.4382 0 210 5.57348e-07
3.40898 1.4382 0 210 5.44037e-07
3.40973 1.4382 0 210 5.30805e-07
3.41049 1.4382 0 210 5.17615e-07
3.41124 1.4382 0 210 5.04433e-07
3.41199 1.4382 0 210 4.91223e-07
3.41274 1.4382 0 210 4.7795e-07
3.41349 1.4382 0 210 4.64577e-07
3.41424 1.4382 0 210 4.51066e-07
3.41499 1.4382 0 210 4.37382e-07
3.41574 1.4382 0 210 4.23487e-07
3.41649 1.4382 0 210 4.09344e-07
3.41724 1.4382 0 210 3.94919e-07
3.41799 1.4382 0 210 3.80178e-07
3.41874 1.4382 0 210 3.65088e-07
3.41949 1.4382 0 210 3.49623e-07
3.42024 1.4382 0 210 3.33759e-07
3.42099 1.4382 0 210 3.17479e-07
3.42174 1.4382 0 210 3.00762e-07
3.42249 1.4382 0 210 2.83633e-07
3.42324 1.4382 0 210 2.66096e-07
3.42399 1.4382 0 210 2.48185e-07
3.42474 1.4382 0 210 2.2995e-07
3.42549 1.4382 0 210 2.11467e-07
3.42624 1.4382 0 210 1.92837e-07
3.42699 1.4382 0 210 1.74194e-07
3.42774 1.4382 0 210 1.55704e-07
3.42849 1.4382 0 210 1.3744e-07
3.42924 1.4382 0 210 1.19899e-07
3.42999 1.4382 0 210 1.03241e-07
3.43074 1.4382 0 210 8.77806e-08
3.43149 1.4382 0 210 7.38646e-08
3.43224 1.4382 0 210 6.18586e-08
3.43299 1.4382 0 210 5.21353e-08
3.43374 1.4382 0 210 4.50567e-08
3.43449 1.4382 0 210 4.09536e-08
3.43524 1.4382 0 210 4.0103e-08
3.43599 1.4382 0 210 4.27046e-08
3.43674 1.4382 0 210 4.88591e-08
3.43749 1.4382 0 210 5.85508e-08
3.43824 1.4382 0 210 7.14668e-08
3.43899 1.4382 0 210 8.7679e-08
3.43974 1.4382 0 210 1.06624e-07
3.44049 1.4382 0 210 1.27807e-07
3.44124 1.4382 0 210 1.50657e-07
3.44199 1.4382 0 210 1.74555e-07
3.44274 1.4382 0 210 1.9884e-07
3.44349 1.4382 0 210 2.22977e-07
3.44424 1.4382 0 210 2.46377e-07
3.44499 1.4382 0 210 2.68563e-07
3.44574 1.4382 0 210 2.89148e-07
3.44649 1.4382 0 210 3.07841e-07
3.44724 1.4382 0 210 3.2445e-07
3.44799 1.4382 0 210 3.38873e-07
3.44874 1.4382 0 210 3.51086e-07
3.44949 1.4382 0 210 3.61137e-07
3.45024 1.4382 0 210 3.69125e-07
3.45099 1.4382 0 210 3.75191e-07
3.45174 1.4382 0 210 3.79504e-07
3.45249 1.4382 0 210 3.82254e-07
3.45324 1.4382 0 210 3.83639e-07
3.45399 1.4382 0 210 3.83864e-07
3.45474 1.4382 0 210 3.83131e-07
3.45549 1.4382 0 210 3.81642e-07
3.45624 1.4382 0 210 3.79593e-07
3.45699 1.4382 0 210 3.77175e-07
3.45774 1.4382 0 210 3.74572e-07
3.45849 1.4382 0 210 3.71961e-07
3.45924 1.4382 0 210 3.69511e-07
3.45999 1.4382 0 210 3.67376e-07
3.46074 1.4382 0 210 3.65703e-07
3.46149 1.4382 0 210 3.6462e-07
3.46224 1.4382 0 210 3.64245e-07
3.46299 1.4382 0 210 3.64653e-07
3.46374 1.4382 0 210 3.659e-07
3.46449 1.4382 0 210 3.68036e-07
3.46524 1.4382 0 210 3.71056e-07
3.46599 1.4382 0 210 3.74904e-07
3.46674 1.4382 0 210 3.79503e-07
3.46749 1.4382 0 210 3.84746e-07
3.46824 1.4382 0 210 3.905e-07
3.46899 1.4382 0 210 3.96597e-07
3.46974 1.4382 0 210 4.02912e-07
3.4705 1.4382 0 210 4.09267e-07
3.47125 1.4382 0 210 4.15513e-07
3.472 1.4382 0 210 4.21514e-07
3.47275 1.4382 0 210 4.27157e-07
3.4735 1.4382 0 210 4.32355e-07
3.47425 1.4382 0 210 4.37043e-07
3.475 1.4382 0 210 4.41187e-07
3.47575 1.4382 0 210 4.44772e-07
3.4765 1.4382 0 210 4.47807e-07
3.47725 1.4382 0 210 4.50316e-07
3.478 1.4382 0 210 4.52334e-07
3.47875 1.4382 0 210 4.53909e-07
3.4795 1.4382 0 210 4.55091e-07
3.48025 1.4382 0 210 4.55934e-07
3.481 1.4382 0 210 4.56492e-07
3.48175 1.4382 0 210 4.56819e-07
3.4825 1.4382 0 210 4.56963e-07
3.48325 1.4382 0 210 4.5697e-07
3.484 1.4382 0 210 4.56911e-07
3.48475 1.4382 0 210 4.56765e-07
3.4855 1.4382 0 210 4.56595e-07
3.48625 1.4382 0 210 4.56431e-07
3.487 1.4382 0 210 4.56297e-07
3.48775 1.4382 0 210 4.56237e-07
3.4885 1.4382 0 210 4.56227e-07
3.48925 1.4382 0 210 4.56304e-07
3.49 1.4382 0 210 4.56481e-07
3.49075 1.4382 0 210 4.56779e-07
3.4915 1.4382 0 210 4.57188e-07
3.49225 1.4382 0 210 4.57726e-07
3.493 1.4382 0 210 4.58399e-07
3.49375 1.4382 0 210 4.59212e-07
3.4945 1.4382 0 210 4.60224e-07
3.49525 1.4382 0 210 4.61328e-07
3.496 1.4382 0 210 4.62581e-07
3.49675 1.4382 0 210 4.63986e-07
3.4975 1.4382 0 210 4.65543e-07
3.49825 1.4382 0 210 4.67254e-07
3.499 1.4382 0 210 4.69118e-07
3.49975 1.4382 0 210 4.71135e-07
3.5005 1.4382 0 210 4.73303e-07
3.50125 1.4382 0 210 4.75623e-07
3.502 1.4382 0 210 4.7809e-07
3.50275 1.4382 0 210 4.80702e-07
3.5035 1.4382 0 210 4.83455e-07
3.50425 1.4382 0 210 4.86344e-07
3.505 1.4382 0 210 4.89363e-07
3.50575 1.4382 0 210 4.92506e-07
3.5065 1.4382 0 210 4.95764e-07
3.50725 1.4382 0 210 4.99128e-07
3.508 1.4382 0 210 5.02596e-07
3.50875 1.4382 0 210 5.06142e-07
3.5095 1.4382 0 210 5.09763e-07
3.51025 1.4382 0 210 5.13446e-07
3.511 1.4382 0 210 5.17179e-07
3.51175 1.4382 0 210 5.20952e-07
3.5125 1.4382 0 210 5.24753e-07
3.51325 1.4382 0 210 5.28573e-07
3.514 1.4382 0 210 5.32406e-07
3.51475 1.4382 0 210 5.36245e-07
3.5155 1.4382 0 210 5.40088e-07
3.51625 1.4382 0 210 5.43935e-07
3.517 1.4382 0 210 5.47789e-07
3.51775 1.4382 0 210 5.51654e-07
3.5185 1.4382 0 210 5.55539e-07
3.51925 1.4382 0 210 5.59454e-07
3.52 1.4382 0 210 5.63411e-07
3.52075 1.4382 0 210 5.67422e-07
3.5215 1.4382 0 210 5.71503e-07
3.52225 1.4382 0 210 5.75666e-07
3.523 1.4382 0 210 5.79927e-07
3.52375 1.4382 0 210 5.84301e-07
3.5245 1.4382 0 210 5.88801e-07
3.52525 1.4382 0 210 5.93439e-07
3.526 1.4382 0 210 5.9823e-07
3.52675 1.4382 0 210 6.03183e-07
3.5275 1.4382 0 210 6.08311e-07
3.52825 1.4382 0 210 6.13622e-07
3.529 1.4382 0 210 6.19126e-07
3.52975 1.4382 0 210 6.24831e-07
3.53051 1.4382 0 210 6.30746e-07
3.53126 1.4382 0 210 6.36877e-07
3.53201 1.4382 0 210 6.43231e-07
3.53276 1.4382 0 210 6.49815e-07
3.53351 1.4382 0 210 6.56636e-07
3.53426 1.4382 0 210 6.637e-07
3.53501 1.4382 0 210 6.71014e-07
3.53576 1.4382 0 210 6.78583e-07
3.53651 1.4382 0 210 6.86415e-07
3.53726 1.4382 0 210 6.94517e-07
3.53801 1.4382 0 210 7.02894e-07
3.53876 1.4382 0 210 7.11553e-07
3.53951 1.4382 0 210 7.20504e-07
3.54026 1.4382 0 210 7.29753e-07
3.54101 1.4382 0 210 7.39309e-07
3.54176 1.4382 0 210 7.49182e-07
3.54251 1.4382 0 210 7.59378e-07
3.54326 1.4382 0 210 7.69909e-07
3.54401 1.4382 0 210 7.80783e-07
3.54476 1.4382 0 210 7.92013e-07
3.54551 1.4382 0 210 8.03609e-07
3.54626 1.4382 0 210 8.15582e-07
3.54701 1.4382 0 210 8.27947e-07
3.54776 1.4382 0 210 8.40716e-07
3.54851 1.4382 0 210 8.53902e-07
3.54926 1.4382 0 210 8.67521e-07
3.55001 1.4382 0 210 8.81588e-07
3.55076 1.4382 0 210 8.96119e-07
3.55151 1.4382 0 210 9.11132e-07
3.55226 1.4382 0 210 9.26644e-07
3.55301 1.4382 0 210 9.42675e-07
3.55376 1.4382 0 210 9.59245e-07
3.55451 1.4382 0 210 9.76375e-07
3.55526 1.4382 0 210 9.94087e-07
3.55601 1.4382 0 210 1.01241e-06
3.55676 1.4382 0 210 1.03135e-06
3.55751 1.4382 0 210 1.05096e-06
3.55826 1.4382 0 210 1.07125e-06
3.55901 1.4382 0 210 1.09226e-06
3.55976 1.4382 0 210 1.11401e-06
3.56051 1.4382 0 210 1.13653e-06
3.56126 1.4382 0 210 1.15987e-06
3.56201 1.4382 0 210 1.18406e-06
3.56276 1.4382 0 210 1.20914e-06
3.56351 1.4382 0 210 1.23514e-06
3.56426 1.4382 0 210 1.26211e-06
3.56501 1.4382 0 210 1.2901e-06
3.56576 1.4382 0 210 1.31915e-06
3.56651 1.4382 0 210 1.34932e-06
3.56726 1.4382 0 210 1.38065e-06
3.56801 1.4382 0 210 1.41321e-06
3.56876 1.4382 0 210 1.44706e-06
3.56951 1.4382 0 210 1.48226e-06
3.57026 1.4382 0 210 1.51888e-06
3.57101 1.4382 0 210 1.557e-06
3.57176 1.4382 0 210 1.59668e-06
3.57251 1.4382 0 210 1.63801e-06
3.57326 1.4382 0 210 1.68108e-06
3.57401 1.4382 0 210 1.72598e-06
3.57476 1.4382 0 210 1.77281e-06
3.57551 1.4382 0 210 1.82167e-06
3.57626 1.4382 0 210 1.87267e-06
3.57701 1.4382 0 210 1.92593e-06
3.57776 1.4382 0 210 1.98159e-06
3.57851 1.4382 0 210 2.03976e-06
3.57926 1.4382 0 210 2.1006e-06
3.58001 1.4382 0 210 2.16425e-06
3.58076 1.4382 0 210 2.23088e-06
3.58151 1.4382 0 210 2.30066e-06
3.58226 1.4382 0 210 2.37378e-06
3.58301 1.4382 0 210 2.45042e-06
3.58376 1.4382 0 210 2.53079e-06
3.58451 1.4382 0 210 2.61512e-06
3.58526 1.4382 0 210 2.70365e-06
3.58601 1.4382 0 210 2.79661e-06
3.58676 1.4382 0 210 2.89428e-06
3.58751 1.4382 0 210 2.99694e-06
3.58826 1.4382 0 210 3.10487e-06
3.58901 1.4382 0 210 3.21841e-06
3.58976 1.4382 0 210 3.33787e-06
3.59052 1.4382 0 210 3.46361e-06
3.59127 1.4382 0 210 3.596e-06
3.59202 1.4382 0 210 3.73541e-06
3.59277 1.4382 0 210 3.88225e-06
3.59352 1.4382 0 210 4.03693e-06
3.59427 1.4382 0 210 4.19987e-06
3.59502 1.4382 0 210 4.37152e-06
3.59577 1.4382 0 210 4.5523e-06
3.59652 1.4382 0 210 4.74267e-06
3.59727 1.4382 0 210 4.94307e-06
3.59802 1.4382 0 210 5.1539e-06
