0.5 1.82408 0 215 6.74082e-06
0.50075 1.82408 0 215 7.60531e-06
0.5015 1.82408 0 215 7.70897e-06
0.50225 1.82408 0 215 7.41985e-06
0.503001 1.82408 0 215 6.95857e-06
0.503751 1.82408 0 215 6.43247e-06
0.504501 1.82408 0 215 5.90154e-06
0.505251 1.82408 0 215 5.39936e-06
0.506001 1.82408 0 215 4.93356e-06
0.506751 1.82408 0 215 4.5085e-06
0.507501 1.82408 0 215 4.12788e-06
0.508251 1.82408 0 215 3.78536e-06
0.509002 1.82408 0 215 3.47898e-06
0.509752 1.82408 0 215 3.20666e-06
0.510502 1.82408 0 215 2.96252e-06
0.511252 1.82408 0 215 2.74337e-06
0.512002 1.82408 0 215 2.54761e-06
0.512752 1.82408 0 215 2.37185e-06
0.513502 1.82408 0 215 2.21327e-06
0.514252 1.82408 0 215 2.07077e-06
0.515003 1.82408 0 215 1.94251e-06
0.515753 1.82408 0 215 1.82538e-06
0.516503 1.82408 0 215 1.71979e-06
0.517253 1.82408 0 215 1.62331e-06
0.518003 1.82408 0 215 1.53547e-06
0.518753 1.82408 0 215 1.45541e-06
0.519503 1.82408 0 215 1.38242e-06
0.520253 1.82408 0 215 1.31532e-06
0.521004 1.82408 0 215 1.25352e-06
0.521754 1.82408 0 215 1.1967e-06
0.522504 1.82408 0 215 1.14471e-06
0.523254 1.82408 0 215 1.0963e-06
0.524004 1.82408 0 215 1.05209e-06
0.524754 1.82408 0 215 1.01087e-06
0.525504 1.82408 0 215 9.72642e-07
0.526254 1.82408 0 215 9.37285e-07
0.527005 1.82408 0 215 9.04354e-07
0.527755 1.82408 0 215 8.7373e-07
0.528505 1.82408 0 215 8.45187e-07
0.529255 1.82408 0 215 8.18961e-07
0.530005 1.82408 0 215 7.94252e-07
0.530755 1.82408 0 215 7.71028e-07
0.531505 1.82408 0 215 7.49432e-07
0.532255 1.82408 0 215 7.2916e-07
0.533006 1.82408 0 215 7.10231e-07
0.533756 1.82408 0 215 6.92546e-07
0.534506 1.82408 0 215 6.76024e-07
0.535256 1.82408 0 215 6.60432e-07
0.536006 1.82408 0 215 6.45824e-07
0.536756 1.82408 0 215 6.32097e-07
0.537506 1.82408 0 215 6.19038e-07
0.538256 1.82408 0 215 6.06788e-07
0.539007 1.82408 0 215 5.95712e-07
0.539757 1.82408 0 215 5.84911e-07
0.540507 1.82408 0 215 5.74698e-07
0.541257 1.82408 0 215 5.65247e-07
0.542007 1.82408 0 215 5.56245e-07
0.542757 1.82408 0 215 5.47738e-07
0.543507 1.82408 0 215 5.39753e-07
0.544257 1.82408 0 215 5.32458e-07
0.545008 1.82408 0 215 5.25347e-07
0.545758 1.82408 0 215 5.18652e-07
0.546508 1.82408 0 215 5.12386e-07
0.547258 1.82408 0 215 5.06509e-07
0.548008 1.82408 0 215 5.00893e-07
0.548758 1.82408 0 215 4.95614e-07
0.549508 1.82408 0 215 4.90873e-07
0.550258 1.82408 0 215 4.86206e-07
0.551009 1.82408 0 215 4.81854e-07
0.551759 1.82408 0 215 4.77741e-07
0.552509 1.82408 0 215 4.7391e-07
0.553259 1.82408 0 215 4.70261e-07
0.554009 1.82408 0 215 4.66867e-07
0.554759 1.82408 0 215 4.63875e-07
0.555509 1.82408 0 215 4.60878e-07
0.556259 1.82408 0 215 4.58109e-07
0.55701 1.82408 0 215 4.55545e-07
0.55776 1.82408 0 215 4.53143e-07
0.55851 1.82408 0 215 4.50916e-07
0.55926 1.82408 0 215 4.48862e-07
0.56001 1.82408 0 215 4.46961e-07
0.56076 1.82408 0 215 4.45315e-07
0.56151 1.82408 0 215 4.43725e-07
0.56226 1.82408 0 215 4.42257e-07
0.563011 1.82408 0 215 4.40925e-07
0.563761 1.82408 0 215 4.39731e-07
0.564511 1.82408 0 215 4.38651e-07
0.565261 1.82408 0 215 4.37682e-07
0.566011 1.82408 0 215 4.36959e-07
0.566761 1.82408 0 215 4.36249e-07
0.567511 1.82408 0 215 4.35606e-07
0.568261 1.82408 0 215 4.3508e-07
0.569012 1.82408 0 215 4.347e-07
0.569762 1.82408 0 215 4.34404e-07
0.570512 1.82408 0 215 4.34154e-07
0.571262 1.82408 0 215 4.34031e-07
0.572012 1.82408 0 215 4.34086e-07
0.572762 1.82408 0 215 4.34125e-07
0.573512 1.82408 0 215 4.34261e-07
0.574262 1.82408 0 215 4.34489e-07
0.575013 1.82408 0 215 4.34814e-07
0.575763 1.82408 0 215 4.35179e-07
0.576513 1.82408 0 215 4.35626e-07
0.577263 1.82408 0 215 4.36181e-07
0.578013 1.82408 0 215 4.36859e-07
0.578763 1.82408 0 215 4.37531e-07
0.579513 1.82408 0 215 4.38273e-07
0.580263 1.82408 0 215 4.39116e-07
0.581014 1.82408 0 215 4.40012e-07
0.581764 1.82408 0 215 4.40963e-07
0.582514 1.82408 0 215 4.41974e-07
0.583264 1.82408 0 215 4.43072e-07
0.584014 1.82408 0 215 4.44284e-07
0.584764 1.82408 0 215 4.455e-07
0.585514 1.82408 0 215 4.46779e-07
0.586264 1.82408 0 215 4.48135e-07
0.587015 1.82408 0 215 4.49535e-07
0.587765 1.82408 0 215 4.50985e-07
0.588515 1.82408 0 215 4.52501e-07
0.589265 1.82408 0 215 4.541e-07
0.590015 1.82408 0 215 4.55791e-07
0.590765 1.82408 0 215 4.5749e-07
0.591515 1.82408 0 215 4.59249e-07
0.592265 1.82408 0 215 4.61074e-07
0.593016 1.82408 0 215 4.6295e-07
0.593766 1.82408 0 215 4.64874e-07
0.594516 1.82408 0 215 4.66865e-07
0.595266 1.82408 0 215 4.68912e-07
0.596016 1.82408 0 215 4.71061e-07
0.596766 1.82408 0 215 4.73219e-07
0.597516 1.82408 0 215 4.75447e-07
0.598266 1.82408 0 215 4.77724e-07
0.599017 1.82408 0 215 4.80061e-07
0.599767 1.82408 0 215 4.82443e-07
0.600517 1.82408 0 215 4.84888e-07
0.601267 1.82408 0 215 4.87393e-07
0.602017 1.82408 0 215 4.89997e-07
0.602767 1.82408 0 215 4.92621e-07
0.603517 1.82408 0 215 4.95309e-07
0.604267 1.82408 0 215 4.98043e-07
0.605018 1.82408 0 215 5.00843e-07
0.605768 1.82408 0 215 5.03699e-07
0.606518 1.82408 0 215 5.06618e-07
0.607268 1.82408 0 215 5.09593e-07
0.608018 1.82408 0 215 5.12632e-07
0.608768 1.82408 0 215 5.15768e-07
0.609518 1.82408 0 215 5.18938e-07
0.610268 1.82408 0 215 5.22161e-07
0.611019 1.82408 0 215 5.25449e-07
0.611769 1.82408 0 215 5.288e-07
0.612519 1.82408 0 215 5.32218e-07
0.613269 1.82408 0 215 5.357e-07
0.614019 1.82408 0 215 5.39243e-07
0.614769 1.82408 0 215 5.42862e-07
0.615519 1.82408 0 215 5.46577e-07
0.616269 1.82408 0 215 5.50331e-07
0.61702 1.82408 0 215 5.5415e-07
0.61777 1.82408 0 215 5.58041e-07
0.61852 1.82408 0 215 5.62004e-07
0.61927 1.82408 0 215 5.66042e-07
0.62002 1.82408 0 215 5.7015e-07
0.62077 1.82408 0 215 5.74333e-07
0.62152 1.82408 0 215 5.78593e-07
0.62227 1.82408 0 215 5.82955e-07
0.623021 1.82408 0 215 5.87372e-07
0.623771 1.82408 0 215 5.91866e-07
0.624521 1.82408 0 215 5.96439e-07
0.625271 1.82408 0 215 6.01099e-07
0.626021 1.82408 0 215 6.05841e-07
0.626771 1.82408 0 215 6.10666e-07
0.627521 1.82408 0 215 6.15578e-07
0.628271 1.82408 0 215 6.20577e-07
0.629022 1.82408 0 215 6.25686e-07
0.629772 1.82408 0 215 6.3087e-07
0.630522 1.82408 0 215 6.3614e-07
0.631272 1.82408 0 215 6.4151e-07
0.632022 1.82408 0 215 6.46976e-07
0.632772 1.82408 0 215 6.52543e-07
0.633522 1.82408 0 215 6.58207e-07
0.634272 1.82408 0 215 6.63973e-07
0.635023 1.82408 0 215 6.69836e-07
0.635773 1.82408 0 215 6.75825e-07
0.636523 1.82408 0 215 6.81912e-07
0.637273 1.82408 0 215 6.88106e-07
0.638023 1.82408 0 215 6.94418e-07
0.638773 1.82408 0 215 7.00842e-07
0.639523 1.82408 0 215 7.07387e-07
0.640273 1.82408 0 215 7.14044e-07
0.641024 1.82408 0 215 7.20835e-07
0.641774 1.82408 0 215 7.27737e-07
0.642524 1.82408 0 215 7.34774e-07
0.643274 1.82408 0 215 7.41953e-07
0.644024 1.82408 0 215 7.49258e-07
0.644774 1.82408 0 215 7.56702e-07
0.645524 1.82408 0 215 7.64287e-07
0.646274 1.82408 0 215 7.7201e-07
0.647025 1.82408 0 215 7.79882e-07
0.647775 1.82408 0 215 7.87909e-07
0.648525 1.82408 0 215 7.96077e-07
0.649275 1.82408 0 215 8.04404e-07
0.650025 1.82408 0 215 8.12897e-07
0.650775 1.82408 0 215 8.21562e-07
0.651525 1.82408 0 215 8.30392e-07
0.652275 1.82408 0 215 8.39397e-07
0.653026 1.82408 0 215 8.48575e-07
0.653776 1.82408 0 215 8.57941e-07
0.654526 1.82408 0 215 8.67494e-07
0.655276 1.82408 0 215 8.77239e-07
0.656026 1.82408 0 215 8.87143e-07
0.656776 1.82408 0 215 8.97281e-07
0.657526 1.82408 0 215 9.07629e-07
0.658276 1.82408 0 215 9.18184e-07
0.659027 1.82408 0 215 9.28951e-07
0.659777 1.82408 0 215 9.39949e-07
0.660527 1.82408 0 215 9.5117e-07
0.661277 1.82408 0 215 9.62636e-07
0.662027 1.82408 0 215 9.74339e-07
0.662777 1.82408 0 215 9.86266e-07
0.663527 1.82408 0 215 9.98462e-07
0.664277 1.82408 0 215 1.01093e-06
0.665028 1.82408 0 215 1.02368e-06
0.665778 1.82408 0 215 1.03667e-06
0.666528 1.82408 0 215 1.04996e-06
0.667278 1.82408 0 215 1.06356e-06
0.668028 1.82408 0 215 1.07745e-06
0.668778 1.82408 0 215 1.09166e-06
0.669528 1.82408 0 215 1.10619e-06
0.670278 1.82408 0 215 1.12099e-06
0.671029 1.82408 0 215 1.13618e-06
0.671779 1.82408 0 215 1.15172e-06
0.672529 1.82408 0 215 1.16762e-06
0.673279 1.82408 0 215 1.1839e-06
0.674029 1.82408 0 215 1.20051e-06
0.674779 1.82408 0 215 1.21755e-06
0.675529 1.82408 0 215 1.23501e-06
0.676279 1.82408 0 215 1.25288e-06
0.67703 1.82408 0 215 1.27118e-06
0.67778 1.82408 0 215 1.28986e-06
0.67853 1.82408 0 215 1.30907e-06
0.67928 1.82408 0 215 1.32875e-06
0.68003 1.82408 0 215 1.34893e-06
0.68078 1.82408 0 215 1.36961e-06
0.68153 1.82408 0 215 1.39079e-06
0.68228 1.82408 0 215 1.4125e-06
0.683031 1.82408 0 215 1.4348e-06
0.683781 1.82408 0 215 1.45768e-06
0.684531 1.82408 0 215 1.48117e-06
0.685281 1.82408 0 215 1.50521e-06
0.686031 1.82408 0 215 1.52994e-06
0.686781 1.82408 0 215 1.55535e-06
0.687531 1.82408 0 215 1.58144e-06
0.688281 1.82408 0 215 1.60824e-06
0.689032 1.82408 0 215 1.63579e-06
0.689782 1.82408 0 215 1.6641e-06
0.690532 1.82408 0 215 1.69317e-06
0.691282 1.82408 0 215 1.72309e-06
0.692032 1.82408 0 215 1.7539e-06
0.692782 1.82408 0 215 1.78559e-06
0.693532 1.82408 0 215 1.81809e-06
0.694282 1.82408 0 215 1.85161e-06
0.695033 1.82408 0 215 1.88619e-06
0.695783 1.82408 0 215 1.92178e-06
0.696533 1.82408 0 215 1.95849e-06
0.697283 1.82408 0 215 1.99627e-06
0.698033 1.82408 0 215 2.03524e-06
0.698783 1.82408 0 215 2.07534e-06
0.699533 1.82408 0 215 2.11678e-06
0.700283 1.82408 0 215 2.15955e-06
0.701034 1.82408 0 215 2.20372e-06
0.701784 1.82408 0 215 2.24919e-06
0.702534 1.82408 0 215 2.29624e-06
0.703284 1.82408 0 215 2.34491e-06
0.704034 1.82408 0 215 2.3952e-06
0.704784 1.82408 0 215 2.44724e-06
0.705534 1.82408 0 215 2.50102e-06
0.706284 1.82408 0 215 2.55667e-06
0.707035 1.82408 0 215 2.61432e-06
0.707785 1.82408 0 215 2.67386e-06
0.708535 1.82408 0 215 2.73571e-06
0.709285 1.82408 0 215 2.79984e-06
0.710035 1.82408 0 215 2.86608e-06
0.710785 1.82408 0 215 2.93501e-06
0.711535 1.82408 0 215 3.00655e-06
0.712285 1.82408 0 215 3.08085e-06
0.713036 1.82408 0 215 3.15806e-06
0.713786 1.82408 0 215 3.23828e-06
0.714536 1.82408 0 215 3.32167e-06
0.715286 1.82408 0 215 3.40844e-06
0.716036 1.82408 0 215 3.49878e-06
0.716786 1.82408 0 215 3.59267e-06
0.717536 1.82408 0 215 3.69072e-06
0.718286 1.82408 0 215 3.79262e-06
0.719037 1.82408 0 215 3.89923e-06
0.719787 1.82408 0 215 4.01052e-06
0.720537 1.82408 0 215 4.12683e-06
0.721287 1.82408 0 215 4.24835e-06
0.722037 1.82408 0 215 4.37541e-06
0.722787 1.82408 0 215 4.50847e-06
0.723537 1.82408 0 215 4.64775e-06
0.724287 1.82408 0 215 4.79374e-06
0.725038 1.82408 0 215 4.94689e-06
0.725788 1.82408 0 215 5.10735e-06
0.726538 1.82408 0 215 5.2762e-06
0.727288 1.82408 0 215 5.45317e-06
0.728038 1.82408 0 215 5.63996e-06
0.728788 1.82408 0 215 5.8367e-06
0.729538 1.82408 0 215 6.04398e-06
0.730288 1.82408 0 215 6.26274e-06
0.731039 1.82408 0 215 6.49353e-06
0.731789 1.82408 0 215 6.73773e-06
0.732539 1.82408 0 215 6.99608e-06
0.733289 1.82408 0 215 7.26987e-06
0.734039 1.82408 0 215 7.56012e-06
0.734789 1.82408 0 215 7.86827e-06
0.735539 1.82408 0 215 8.19445e-06
0.736289 1.82408 0 215 8.54299e-06
0.73704 1.82408 0 215 8.91443e-06
0.73779 1.82408 0 215 9.31084e-06
0.73854 1.82408 0 215 9.7346e-06
0.73929 1.82408 0 215 1.0188e-05
0.74004 1.82408 0 215 1.06736e-05
0.74079 1.82408 0 215 1.11955e-05
0.74154 1.82408 0 215 1.17565e-05
0.74229 1.82408 0 215 1.23609e-05
0.743041 1.82408 0 215 1.3013e-05
0.743791 1.82408 0 215 1.37183e-05
0.744541 1.82408 0 215 1.44796e-05
0.745291 1.82408 0 215 1.53091e-05
0.746041 1.82408 0 215 1.6212e-05
0.746791 1.82408 0 215 1.71969e-05
0.747541 1.82408 0 215 1.82741e-05
0.748291 1.82408 0 215 1.94551e-05
0.749042 1.82408 0 215 2.07529e-05
0.749792 1.82408 0 215 2.21844e-05
0.750542 1.82408 0 215 2.37679e-05
0.751292 1.82408 0 215 2.55255e-05
0.752042 1.82408 0 215 2.74832e-05
0.752792 1.82408 0 215 2.96715e-05
0.753542 1.82408 0 215 3.21275e-05
0.754292 1.82408 0 215 3.48909e-05
0.755043 1.82408 0 215 3.80229e-05
0.755793 1.82408 0 215 4.15876e-05
0.756543 1.82408 0 215 4.56658e-05
0.757293 1.82408 0 215 5.03559e-05
0.758043 1.82408 0 215 5.57816e-05
0.758793 1.82408 0 215 6.20969e-05
0.759543 1.82408 0 215 6.95014e-05
0.760293 1.82408 0 215 7.82407e-05
0.761044 1.82408 0 215 8.86337e-05
0.761794 1.82408 0 215 0.000101086
0.762544 1.82408 0 215 0.000116132
0.763294 1.82408 0 215 0.000134442
0.764044 1.82408 0 215 0.000156847
0.764794 1.82408 0 215 0.000184481
0.765544 1.82408 0 215 0.000218616
0.766294 1.82408 0 215 0.000260629
0.767045 1.82408 0 215 0.000311671
0.767795 1.82408 0 215 0.000371849
0.768545 1.82408 0 215 0.000438739
0.769295 1.82408 0 215 0.00050545
0.770045 1.82408 0 215 0.00055965
0.770795 1.82408 0 215 0.0005867
0.771545 1.82408 0 215 0.000577604
0.772295 1.82408 0 215 0.000535494
0.773046 1.82408 0 215 0.000473306
0.773796 1.82408 0 215 0.000405376
0.774546 1.82408 0 215 0.000341227
0.775296 1.82408 0 215 0.00028543
0.776046 1.82408 0 215 0.000238912
0.776796 1.82408 0 215 0.000200921
0.777546 1.82408 0 215 0.00017014
0.778296 1.82408 0 215 0.000145206
0.779047 1.82408 0 215 0.00012492
0.779797 1.82408 0 215 0.000108313
0.780547 1.82408 0 215 9.46191e-05
0.781297 1.82408 0 215 8.32391e-05
0.782047 1.82408 0 215 7.37069e-05
0.782797 1.82408 0 215 6.56621e-05
0.783547 1.82408 0 215 5.8829e-05
0.784297 1.82408 0 215 5.29738e-05
0.785048 1.82408 0 215 4.79284e-05
0.785798 1.82408 0 215 4.35548e-05
0.786548 1.82408 0 215 3.97376e-05
0.787298 1.82408 0 215 3.63946e-05
0.788048 1.82408 0 215 3.34499e-05
0.788798 1.82408 0 215 3.08432e-05
0.789548 1.82408 0 215 2.8526e-05
0.790298 1.82408 0 215 2.64571e-05
0.791049 1.82408 0 215 2.46032e-05
0.791799 1.82408 0 215 2.29356e-05
0.792549 1.82408 0 215 2.14312e-05
0.793299 1.82408 0 215 2.00685e-05
0.794049 1.82408 0 215 1.88322e-05
0.794799 1.82408 0 215 1.7705e-05
0.795549 1.82408 0 215 1.66757e-05
0.796299 1.82408 0 215 1.57336e-05
0.79705 1.82408 0 215 1.48669e-05
0.7978 1.82408 0 215 1.40712e-05
0.79855 1.82408 0 215 1.33381e-05
0.7993 1.82408 0 215 1.26606e-05
0.80005 1.82408 0 215 1.20334e-05
0.8008 1.82408 0 215 1.1452e-05
0.80155 1.82408 0 215 1.09119e-05
0.8023 1.82408 0 215 1.0409e-05
0.803051 1.82408 0 215 9.94014e-06
0.803801 1.82408 0 215 9.50245e-06
0.804551 1.82408 0 215 9.09352e-06
0.805301 1.82408 0 215 8.71024e-06
0.806051 1.82408 0 215 8.35098e-06
0.806801 1.82408 0 215 8.0137e-06
0.807551 1.82408 0 215 7.69648e-06
0.808301 1.82408 0 215 7.39679e-06
0.809052 1.82408 0 215 7.11557e-06
0.809802 1.82408 0 215 6.85018e-06
0.810552 1.82408 0 215 6.59954e-06
0.811302 1.82408 0 215 6.36259e-06
0.812052 1.82408 0 215 6.13832e-06
0.812802 1.82408 0 215 5.92583e-06
0.813552 1.82408 0 215 5.7243e-06
0.814302 1.82408 0 215 5.53296e-06
0.815053 1.82408 0 215 5.35148e-06
0.815803 1.82408 0 215 5.17878e-06
0.816553 1.82408 0 215 5.01458e-06
0.817303 1.82408 0 215 4.85807e-06
0.818053 1.82408 0 215 4.70889e-06
0.818803 1.82408 0 215 4.56662e-06
0.819553 1.82408 0 215 4.43083e-06
0.820303 1.82408 0 215 4.30047e-06
0.821054 1.82408 0 215 4.17654e-06
0.821804 1.82408 0 215 4.05801e-06
0.822554 1.82408 0 215 3.94467e-06
0.823304 1.82408 0 215 3.83604e-06
0.824054 1.82408 0 215 3.73199e-06
0.824804 1.82408 0 215 3.63213e-06
0.825554 1.82408 0 215 3.53648e-06
0.826304 1.82408 0 215 3.44473e-06
0.827055 1.82408 0 215 3.35653e-06
0.827805 1.82408 0 215 3.27172e-06
0.828555 1.82408 0 215 3.19017e-06
0.829305 1.82408 0 215 3.11177e-06
0.830055 1.82408 0 215 3.03632e-06
0.830805 1.82408 0 215 2.96374e-06
0.831555 1.82408 0 215 2.89372e-06
0.832305 1.82408 0 215 2.82581e-06
0.833056 1.82408 0 215 2.76079e-06
0.833806 1.82408 0 215 2.69816e-06
0.834556 1.82408 0 215 2.63767e-06
0.835306 1.82408 0 215 2.57926e-06
0.836056 1.82408 0 215 2.52285e-06
0.836806 1.82408 0 215 2.46841e-06
0.837556 1.82408 0 215 2.41586e-06
0.838306 1.82408 0 215 2.36495e-06
0.839057 1.82408 0 215 2.31572e-06
0.839807 1.82408 0 215 2.26805e-06
0.840557 1.82408 0 215 2.22193e-06
0.841307 1.82408 0 215 2.17728e-06
0.842057 1.82408 0 215 2.1341e-06
0.842807 1.82408 0 215 2.09227e-06
0.843557 1.82408 0 215 2.05161e-06
0.844307 1.82408 0 215 2.0122e-06
0.845058 1.82408 0 215 1.97369e-06
0.845808 1.82408 0 215 1.93667e-06
0.846558 1.82408 0 215 1.90072e-06
0.847308 1.82408 0 215 1.86583e-06
0.848058 1.82408 0 215 1.832e-06
0.848808 1.82408 0 215 1.79911e-06
0.849558 1.82408 0 215 1.76736e-06
0.850308 1.82408 0 215 1.7363e-06
0.851059 1.82408 0 215 1.70614e-06
0.851809 1.82408 0 215 1.6768e-06
0.852559 1.82408 0 215 1.64827e-06
0.853309 1.82408 0 215 1.62056e-06
0.854059 1.82408 0 215 1.59357e-06
0.854809 1.82408 0 215 1.56727e-06
0.855559 1.82408 0 215 1.5417e-06
0.856309 1.82408 0 215 1.51678e-06
0.85706 1.82408 0 215 1.49256e-06
0.85781 1.82408 0 215 1.46863e-06
0.85856 1.82408 0 215 1.44563e-06
0.85931 1.82408 0 215 1.4232e-06
0.86006 1.82408 0 215 1.40137e-06
0.86081 1.82408 0 215 1.38004e-06
0.86156 1.82408 0 215 1.35947e-06
0.86231 1.82408 0 215 1.33921e-06
0.863061 1.82408 0 215 1.31945e-06
0.863811 1.82408 0 215 1.30015e-06
0.864561 1.82408 0 215 1.28133e-06
0.865311 1.82408 0 215 1.26298e-06
0.866061 1.82408 0 215 1.24506e-06
0.866811 1.82408 0 215 1.22754e-06
0.867561 1.82408 0 215 1.21045e-06
0.868311 1.82408 0 215 1.19376e-06
0.869062 1.82408 0 215 1.1775e-06
0.869812 1.82408 0 215 1.16159e-06
0.870562 1.82408 0 215 1.14568e-06
0.871312 1.82408 0 215 1.13045e-06
0.872062 1.82408 0 215 1.11556e-06
0.872812 1.82408 0 215 1.10101e-06
0.873562 1.82408 0 215 1.08681e-06
0.874312 1.82408 0 215 1.07312e-06
0.875063 1.82408 0 215 1.05953e-06
0.875813 1.82408 0 215 1.04622e-06
0.876563 1.82408 0 215 1.03321e-06
0.877313 1.82408 0 215 1.02047e-06
0.878063 1.82408 0 215 1.00802e-06
0.878813 1.82408 0 215 9.95788e-07
0.879563 1.82408 0 215 9.83853e-07
0.880313 1.82408 0 215 9.72142e-07
0.881064 1.82408 0 215 9.60746e-07
0.881814 1.82408 0 215 9.49529e-07
0.882564 1.82408 0 215 9.38536e-07
0.883314 1.82408 0 215 9.2775e-07
0.884064 1.82408 0 215 9.17249e-07
0.884814 1.82408 0 215 9.06601e-07
0.885564 1.82408 0 215 8.96482e-07
0.886314 1.82408 0 215 8.86573e-07
0.887065 1.82408 0 215 8.77154e-07
0.887815 1.82408 0 215 8.67659e-07
0.888565 1.82408 0 215 8.58287e-07
0.889315 1.82408 0 215 8.49141e-07
0.890065 1.82408 0 215 8.40141e-07
0.890815 1.82408 0 215 8.31337e-07
0.891565 1.82408 0 215 8.22692e-07
0.892315 1.82408 0 215 8.1422e-07
0.893066 1.82408 0 215 8.05942e-07
0.893816 1.82408 0 215 7.97811e-07
0.894566 1.82408 0 215 7.89785e-07
0.895316 1.82408 0 215 7.81983e-07
0.896066 1.82408 0 215 7.7427e-07
0.896816 1.82408 0 215 7.66727e-07
0.897566 1.82408 0 215 7.59313e-07
0.898316 1.82408 0 215 7.51799e-07
0.899067 1.82408 0 215 7.44638e-07
0.899817 1.82408 0 215 7.37619e-07
0.900567 1.82408 0 215 7.31071e-07
0.901317 1.82408 0 215 7.24313e-07
0.902067 1.82408 0 215 7.17648e-07
0.902817 1.82408 0 215 7.11171e-07
0.903567 1.82408 0 215 7.04738e-07
0.904317 1.82408 0 215 6.98474e-07
0.905068 1.82408 0 215 6.92304e-07
0.905818 1.82408 0 215 6.86239e-07
0.906568 1.82408 0 215 6.80338e-07
0.907318 1.82408 0 215 6.74509e-07
0.908068 1.82408 0 215 6.68734e-07
0.908818 1.82408 0 215 6.63087e-07
0.909568 1.82408 0 215 6.57567e-07
0.910318 1.82408 0 215 6.52109e-07
0.911069 1.82408 0 215 6.46785e-07
0.911819 1.82408 0 215 6.41533e-07
0.912569 1.82408 0 215 6.36328e-07
0.913319 1.82408 0 215 6.30951e-07
0.914069 1.82408 0 215 6.26382e-07
0.914819 1.82408 0 215 6.21494e-07
0.915569 1.82408 0 215 6.16672e-07
0.916319 1.82408 0 215 6.11929e-07
0.91707 1.82408 0 215 6.0731e-07
0.91782 1.82408 0 215 6.02769e-07
0.91857 1.82408 0 215 5.98257e-07
0.91932 1.82408 0 215 5.93845e-07
0.92007 1.82408 0 215 5.89468e-07
0.92082 1.82408 0 215 5.85215e-07
0.92157 1.82408 0 215 5.81005e-07
0.92232 1.82408 0 215 5.76899e-07
0.923071 1.82408 0 215 5.72866e-07
0.923821 1.82408 0 215 5.68918e-07
0.924571 1.82408 0 215 5.64997e-07
0.925321 1.82408 0 215 5.61134e-07
0.926071 1.82408 0 215 5.57341e-07
0.926821 1.82408 0 215 5.5361e-07
0.927571 1.82408 0 215 5.4973e-07
0.928321 1.82408 0 215 5.46567e-07
0.929072 1.82408 0 215 5.43072e-07
0.929822 1.82408 0 215 5.3959e-07
0.930572 1.82408 0 215 5.36202e-07
0.931322 1.82408 0 215 5.32837e-07
0.932072 1.82408 0 215 5.2954e-07
0.932822 1.82408 0 215 5.26309e-07
0.933572 1.82408 0 215 5.23109e-07
0.934322 1.82408 0 215 5.20003e-07
0.935073 1.82408 0 215 5.16925e-07
0.935823 1.82408 0 215 5.13937e-07
0.936573 1.82408 0 215 5.10978e-07
0.937323 1.82408 0 215 5.08153e-07
0.938073 1.82408 0 215 5.05313e-07
0.938823 1.82408 0 215 5.02495e-07
0.939573 1.82408 0 215 4.99729e-07
0.940323 1.82408 0 215 4.96996e-07
0.941074 1.82408 0 215 4.94322e-07
0.941824 1.82408 0 215 4.91749e-07
0.942574 1.82408 0 215 4.89786e-07
0.943324 1.82408 0 215 4.87016e-07
0.944074 1.82408 0 215 4.84544e-07
0.944824 1.82408 0 215 4.82098e-07
0.945574 1.82408 0 215 4.79735e-07
0.946324 1.82408 0 215 4.77393e-07
0.947075 1.82408 0 215 4.75179e-07
0.947825 1.82408 0 215 4.7294e-07
0.948575 1.82408 0 215 4.70741e-07
0.949325 1.82408 0 215 4.68668e-07
0.950075 1.82408 0 215 4.66558e-07
0.950825 1.82408 0 215 4.64501e-07
0.951575 1.82408 0 215 4.62607e-07
0.952325 1.82408 0 215 4.60581e-07
0.953076 1.82408 0 215 4.58638e-07
0.953826 1.82408 0 215 4.56732e-07
0.954576 1.82408 0 215 4.54868e-07
0.955326 1.82408 0 215 4.53067e-07
0.956076 1.82408 0 215 4.51319e-07
0.956826 1.82408 0 215 4.4965e-07
0.957576 1.82408 0 215 4.48831e-07
0.958326 1.82408 0 215 4.47224e-07
0.959077 1.82408 0 215 4.45211e-07
0.959827 1.82408 0 215 4.43723e-07
0.960577 1.82408 0 215 4.42221e-07
0.961327 1.82408 0 215 4.40673e-07
0.962077 1.82408 0 215 4.39277e-07
0.962827 1.82408 0 215 4.37881e-07
0.963577 1.82408 0 215 4.36551e-07
0.964327 1.82408 0 215 4.35321e-07
0.965078 1.82408 0 215 4.34036e-07
0.965828 1.82408 0 215 4.32751e-07
0.966578 1.82408 0 215 4.3164e-07
0.967328 1.82408 0 215 4.30498e-07
0.968078 1.82408 0 215 4.2935e-07
0.968828 1.82408 0 215 4.28267e-07
0.969578 1.82408 0 215 4.27272e-07
0.970328 1.82408 0 215 4.26253e-07
0.971079 1.82408 0 215 4.2539e-07
0.971829 1.82408 0 215 4.24533e-07
0.972579 1.82408 0 215 4.2366e-07
0.973329 1.82408 0 215 4.24036e-07
0.974079 1.82408 0 215 4.23249e-07
0.974829 1.82408 0 215 4.22427e-07
0.975579 1.82408 0 215 4.21124e-07
0.976329 1.82408 0 215 4.20469e-07
0.97708 1.82408 0 215 4.19719e-07
0.97783 1.82408 0 215 4.19188e-07
0.97858 1.82408 0 215 4.18614e-07
0.97933 1.82408 0 215 4.17968e-07
0.98008 1.82408 0 215 4.17474e-07
0.98083 1.82408 0 215 4.16971e-07
0.98158 1.82408 0 215 4.16568e-07
0.98233 1.82408 0 215 4.16226e-07
0.983081 1.82408 0 215 4.15749e-07
0.983831 1.82408 0 215 4.15258e-07
0.984581 1.82408 0 215 4.14827e-07
0.985331 1.82408 0 215 4.14428e-07
0.986081 1.82408 0 215 4.13966e-07
0.986831 1.82408 0 215 4.13612e-07
0.987581 1.82408 0 215 4.13009e-07
0.988331 1.82408 0 215 4.12593e-07
0.989082 1.82408 0 215 4.14059e-07
0.989832 1.82408 0 215 4.13531e-07
0.990582 1.82408 0 215 4.13053e-07
0.991332 1.82408 0 215 4.12322e-07
0.992082 1.82408 0 215 4.11592e-07
0.992832 1.82408 0 215 4.09463e-07
0.993582 1.82408 0 215 4.08547e-07
0.994332 1.82408 0 215 4.07184e-07
0.995083 1.82408 0 215 4.0562e-07
0.995833 1.82408 0 215 4.03572e-07
0.996583 1.82408 0 215 4.01389e-07
0.997333 1.82408 0 215 3.98898e-07
0.998083 1.82408 0 215 3.95632e-07
0.998833 1.82408 0 215 3.92381e-07
0.999583 1.82408 0 215 3.87604e-07
1.00033 1.82408 0 215 3.82629e-07
1.00108 1.82408 0 215 3.76352e-07
1.00183 1.82408 0 215 3.68826e-07
1.00258 1.82408 0 215 3.59518e-07
1.00333 1.82408 0 215 3.48898e-07
1.00408 1.82408 0 215 3.35676e-07
1.00483 1.82408 0 215 3.21045e-07
1.00558 1.82408 0 215 3.06646e-07
1.00633 1.82408 0 215 2.85094e-07
1.00708 1.82408 0 215 2.58521e-07
1.00783 1.82408 0 215 2.26764e-07
1.00858 1.82408 0 215 1.88393e-07
1.00933 1.82408 0 215 1.40822e-07
1.01009 1.82408 0 215 8.38797e-08
1.01084 1.82408 0 215 1.03147e-08
1.01159 1.82408 0 215 -7.5523e-08
1.01234 1.82408 0 215 -1.79123e-07
1.01309 1.82408 0 215 -3.06379e-07
1.01384 1.82408 0 215 -4.60976e-07
1.01459 1.82408 0 215 -6.50609e-07
1.01534 1.82408 0 215 -8.83687e-07
1.01609 1.82408 0 215 -1.16944e-06
1.01684 1.82408 0 215 -1.51669e-06
1.01759 1.82408 0 215 -1.93509e-06
1.01834 1.82408 0 215 -2.42684e-06
1.01909 1.82408 0 215 -2.9958e-06
1.01984 1.82408 0 215 -3.6369e-06
1.02059 1.82408 0 215 -4.31265e-06
1.02134 1.82408 0 215 -4.9617e-06
1.02209 1.82408 0 215 -5.56678e-06
1.02284 1.82408 0 215 -5.8612e-06
1.02359 1.82408 0 215 -5.78338e-06
1.02434 1.82408 0 215 -5.246e-06
1.02509 1.82408 0 215 -4.26211e-06
1.02584 1.82408 0 215 -2.95011e-06
1.02659 1.82408 0 215 -1.50907e-06
1.02734 1.82408 0 215 -1.51462e-07
1.02809 1.82408 0 215 9.76315e-07
1.02884 1.82408 0 215 1.82337e-06
1.02959 1.82408 0 215 2.36075e-06
1.03034 1.82408 0 215 2.65709e-06
1.03109 1.82408 0 215 2.76503e-06
1.03184 1.82408 0 215 2.75143e-06
1.03259 1.82408 0 215 2.66067e-06
1.03334 1.82408 0 215 2.52507e-06
1.03409 1.82408 0 215 2.36711e-06
1.03484 1.82408 0 215 2.20238e-06
1.03559 1.82408 0 215 2.04181e-06
1.03634 1.82408 0 215 1.88883e-06
1.03709 1.82408 0 215 1.7462e-06
1.03784 1.82408 0 215 1.61555e-06
1.03859 1.82408 0 215 1.49709e-06
1.03934 1.82408 0 215 1.38954e-06
1.04009 1.82408 0 215 1.3058e-06
1.04084 1.82408 0 215 1.21882e-06
1.04159 1.82408 0 215 1.14029e-06
1.04234 1.82408 0 215 1.06962e-06
1.04309 1.82408 0 215 1.00635e-06
1.04384 1.82408 0 215 9.49049e-07
1.04459 1.82408 0 215 8.97334e-07
1.04534 1.82408 0 215 8.51115e-07
1.04609 1.82408 0 215 8.09279e-07
1.04684 1.82408 0 215 7.71124e-07
1.04759 1.82408 0 215 7.36557e-07
1.04834 1.82408 0 215 7.049e-07
1.04909 1.82408 0 215 6.76551e-07
1.04984 1.82408 0 215 6.50503e-07
1.05059 1.82408 0 215 6.26894e-07
1.05134 1.82408 0 215 6.05098e-07
1.05209 1.82408 0 215 5.85091e-07
1.05284 1.82408 0 215 5.66809e-07
1.05359 1.82408 0 215 5.49891e-07
1.05434 1.82408 0 215 5.34293e-07
1.05509 1.82408 0 215 5.19875e-07
1.05584 1.82408 0 215 5.06618e-07
1.05659 1.82408 0 215 4.9432e-07
1.05734 1.82408 0 215 4.82933e-07
1.05809 1.82408 0 215 4.75323e-07
1.05884 1.82408 0 215 4.65382e-07
1.05959 1.82408 0 215 4.5608e-07
1.06034 1.82408 0 215 4.47379e-07
1.06109 1.82408 0 215 4.3934e-07
1.06184 1.82408 0 215 4.3178e-07
1.06259 1.82408 0 215 4.24687e-07
1.06334 1.82408 0 215 4.18037e-07
1.06409 1.82408 0 215 4.11846e-07
1.06484 1.82408 0 215 4.06011e-07
1.06559 1.82408 0 215 4.00537e-07
1.06634 1.82408 0 215 3.95413e-07
1.06709 1.82408 0 215 3.9062e-07
1.06784 1.82408 0 215 3.85908e-07
1.06859 1.82408 0 215 3.8163e-07
1.06934 1.82408 0 215 3.77651e-07
1.0701 1.82408 0 215 3.73861e-07
1.07085 1.82408 0 215 3.70259e-07
1.0716 1.82408 0 215 3.66896e-07
1.07235 1.82408 0 215 3.63706e-07
1.0731 1.82408 0 215 3.60677e-07
1.07385 1.82408 0 215 3.57816e-07
1.0746 1.82408 0 215 3.55139e-07
1.07535 1.82408 0 215 3.52593e-07
1.0761 1.82408 0 215 3.50213e-07
1.07685 1.82408 0 215 3.49038e-07
1.0776 1.82408 0 215 3.46862e-07
1.07835 1.82408 0 215 3.44797e-07
1.0791 1.82408 0 215 3.42822e-07
1.07985 1.82408 0 215 3.40973e-07
1.0806 1.82408 0 215 3.3922e-07
1.08135 1.82408 0 215 3.3758e-07
1.0821 1.82408 0 215 3.36006e-07
1.08285 1.82408 0 215 3.34527e-07
1.0836 1.82408 0 215 3.33123e-07
1.08435 1.82408 0 215 3.31792e-07
1.0851 1.82408 0 215 3.30537e-07
1.08585 1.82408 0 215 3.2939e-07
1.0866 1.82408 0 215 3.28285e-07
1.08735 1.82408 0 215 3.27246e-07
1.0881 1.82408 0 215 3.26186e-07
1.08885 1.82408 0 215 3.25288e-07
1.0896 1.82408 0 215 3.2442e-07
1.09035 1.82408 0 215 3.23601e-07
1.0911 1.82408 0 215 3.22851e-07
1.09185 1.82408 0 215 3.22141e-07
1.0926 1.82408 0 215 3.21476e-07
1.09335 1.82408 0 215 3.20858e-07
1.0941 1.82408 0 215 3.203e-07
1.09485 1.82408 0 215 3.19774e-07
1.0956 1.82408 0 215 3.19303e-07
1.09635 1.82408 0 215 3.18872e-07
1.0971 1.82408 0 215 3.1896e-07
1.09785 1.82408 0 215 3.1859e-07
1.0986 1.82408 0 215 3.1825e-07
1.09935 1.82408 0 215 3.17943e-07
1.1001 1.82408 0 215 3.17686e-07
1.10085 1.82408 0 215 3.17458e-07
1.1016 1.82408 0 215 3.17256e-07
1.10235 1.82408 0 215 3.17095e-07
1.1031 1.82408 0 215 3.16955e-07
1.10385 1.82408 0 215 3.16849e-07
1.1046 1.82408 0 215 3.1677e-07
1.10535 1.82408 0 215 3.16724e-07
1.1061 1.82408 0 215 3.16721e-07
1.10685 1.82408 0 215 3.1674e-07
1.1076 1.82408 0 215 3.16782e-07
1.10835 1.82408 0 215 3.16851e-07
1.1091 1.82408 0 215 3.16957e-07
1.10985 1.82408 0 215 3.1704e-07
1.1106 1.82408 0 215 3.17188e-07
1.11135 1.82408 0 215 3.17364e-07
1.1121 1.82408 0 215 3.17558e-07
1.11285 1.82408 0 215 3.17775e-07
1.1136 1.82408 0 215 3.18017e-07
1.11435 1.82408 0 215 3.18293e-07
1.1151 1.82408 0 215 3.18583e-07
1.11585 1.82408 0 215 3.18904e-07
1.1166 1.82408 0 215 3.19248e-07
1.11735 1.82408 0 215 3.19858e-07
1.1181 1.82408 0 215 3.2024e-07
1.11885 1.82408 0 215 3.20638e-07
1.1196 1.82408 0 215 3.21058e-07
1.12035 1.82408 0 215 3.21508e-07
1.1211 1.82408 0 215 3.21978e-07
1.12185 1.82408 0 215 3.22464e-07
1.1226 1.82408 0 215 3.2297e-07
1.12335 1.82408 0 215 3.23503e-07
1.1241 1.82408 0 215 3.24056e-07
1.12485 1.82408 0 215 3.24628e-07
1.1256 1.82408 0 215 3.2522e-07
1.12635 1.82408 0 215 3.25842e-07
1.1271 1.82408 0 215 3.26479e-07
1.12785 1.82408 0 215 3.2714e-07
1.1286 1.82408 0 215 3.27817e-07
1.12935 1.82408 0 215 3.2852e-07
1.13011 1.82408 0 215 3.29242e-07
1.13086 1.82408 0 215 3.29983e-07
1.13161 1.82408 0 215 3.30744e-07
1.13236 1.82408 0 215 3.31514e-07
1.13311 1.82408 0 215 3.32318e-07
1.13386 1.82408 0 215 3.33141e-07
1.13461 1.82408 0 215 3.33986e-07
1.13536 1.82408 0 215 3.34855e-07
1.13611 1.82408 0 215 3.35743e-07
1.13686 1.82408 0 215 3.36654e-07
1.13761 1.82408 0 215 3.37587e-07
1.13836 1.82408 0 215 3.38664e-07
1.13911 1.82408 0 215 3.39639e-07
1.13986 1.82408 0 215 3.40629e-07
1.14061 1.82408 0 215 3.41642e-07
1.14136 1.82408 0 215 3.4268e-07
1.14211 1.82408 0 215 3.43736e-07
1.14286 1.82408 0 215 3.44818e-07
1.14361 1.82408 0 215 3.45918e-07
1.14436 1.82408 0 215 3.47043e-07
1.14511 1.82408 0 215 3.4819e-07
1.14586 1.82408 0 215 3.49359e-07
1.14661 1.82408 0 215 3.5055e-07
1.14736 1.82408 0 215 3.51765e-07
1.14811 1.82408 0 215 3.53007e-07
1.14886 1.82408 0 215 3.5427e-07
1.14961 1.82408 0 215 3.55556e-07
1.15036 1.82408 0 215 3.56865e-07
1.15111 1.82408 0 215 3.582e-07
1.15186 1.82408 0 215 3.59559e-07
1.15261 1.82408 0 215 3.60943e-07
1.15336 1.82408 0 215 3.6235e-07
1.15411 1.82408 0 215 3.63785e-07
1.15486 1.82408 0 215 3.65236e-07
1.15561 1.82408 0 215 3.66721e-07
1.15636 1.82408 0 215 3.68231e-07
1.15711 1.82408 0 215 3.69769e-07
1.15786 1.82408 0 215 3.71332e-07
1.15861 1.82408 0 215 3.72923e-07
1.15936 1.82408 0 215 3.74542e-07
1.16011 1.82408 0 215 3.76242e-07
1.16086 1.82408 0 215 3.77914e-07
1.16161 1.82408 0 215 3.79613e-07
1.16236 1.82408 0 215 3.81341e-07
1.16311 1.82408 0 215 3.83099e-07
1.16386 1.82408 0 215 3.84886e-07
1.16461 1.82408 0 215 3.86705e-07
1.16536 1.82408 0 215 3.88551e-07
1.16611 1.82408 0 215 3.90429e-07
1.16686 1.82408 0 215 3.92339e-07
1.16761 1.82408 0 215 3.9428e-07
1.16836 1.82408 0 215 3.96253e-07
1.16911 1.82408 0 215 3.98258e-07
1.16986 1.82408 0 215 4.00297e-07
1.17061 1.82408 0 215 4.02369e-07
1.17136 1.82408 0 215 4.04476e-07
1.17211 1.82408 0 215 4.06616e-07
1.17286 1.82408 0 215 4.08791e-07
1.17361 1.82408 0 215 4.11003e-07
1.17436 1.82408 0 215 4.1325e-07
1.17511 1.82408 0 215 4.15535e-07
1.17586 1.82408 0 215 4.17857e-07
1.17661 1.82408 0 215 4.20216e-07
1.17736 1.82408 0 215 4.22615e-07
1.17811 1.82408 0 215 4.25053e-07
1.17886 1.82408 0 215 4.27527e-07
1.17961 1.82408 0 215 4.30045e-07
1.18036 1.82408 0 215 4.32605e-07
1.18111 1.82408 0 215 4.35207e-07
1.18186 1.82408 0 215 4.37851e-07
1.18261 1.82408 0 215 4.40537e-07
1.18336 1.82408 0 215 4.43268e-07
1.18411 1.82408 0 215 4.46043e-07
1.18486 1.82408 0 215 4.48864e-07
1.18561 1.82408 0 215 4.51733e-07
1.18636 1.82408 0 215 4.54648e-07
1.18711 1.82408 0 215 4.57611e-07
1.18786 1.82408 0 215 4.60624e-07
1.18861 1.82408 0 215 4.63687e-07
1.18936 1.82408 0 215 4.66802e-07
1.19012 1.82408 0 215 4.69969e-07
1.19087 1.82408 0 215 4.73189e-07
1.19162 1.82408 0 215 4.76463e-07
1.19237 1.82408 0 215 4.79793e-07
1.19312 1.82408 0 215 4.83177e-07
1.19387 1.82408 0 215 4.8662e-07
1.19462 1.82408 0 215 4.9012e-07
1.19537 1.82408 0 215 4.93681e-07
1.19612 1.82408 0 215 4.97302e-07
1.19687 1.82408 0 215 5.00986e-07
1.19762 1.82408 0 215 5.04733e-07
1.19837 1.82408 0 215 5.08546e-07
1.19912 1.82408 0 215 5.12425e-07
1.19987 1.82408 0 215 5.16371e-07
1.20062 1.82408 0 215 5.20387e-07
1.20137 1.82408 0 215 5.24474e-07
1.20212 1.82408 0 215 5.2863e-07
1.20287 1.82408 0 215 5.3286e-07
1.20362 1.82408 0 215 5.37166e-07
1.20437 1.82408 0 215 5.41546e-07
1.20512 1.82408 0 215 5.46005e-07
1.20587 1.82408 0 215 5.50543e-07
1.20662 1.82408 0 215 5.55107e-07
1.20737 1.82408 0 215 5.59809e-07
1.20812 1.82408 0 215 5.64598e-07
1.20887 1.82408 0 215 5.69475e-07
1.20962 1.82408 0 215 5.74441e-07
1.21037 1.82408 0 215 5.79497e-07
1.21112 1.82408 0 215 5.84648e-07
1.21187 1.82408 0 215 5.89894e-07
1.21262 1.82408 0 215 5.9524e-07
1.21337 1.82408 0 215 6.00682e-07
1.21412 1.82408 0 215 6.06229e-07
1.21487 1.82408 0 215 6.11883e-07
1.21562 1.82408 0 215 6.17645e-07
1.21637 1.82408 0 215 6.23516e-07
1.21712 1.82408 0 215 6.29498e-07
1.21787 1.82408 0 215 6.35597e-07
1.21862 1.82408 0 215 6.41815e-07
1.21937 1.82408 0 215 6.48155e-07
1.22012 1.82408 0 215 6.54619e-07
1.22087 1.82408 0 215 6.61209e-07
1.22162 1.82408 0 215 6.67932e-07
1.22237 1.82408 0 215 6.74792e-07
1.22312 1.82408 0 215 6.81791e-07
1.22387 1.82408 0 215 6.88928e-07
1.22462 1.82408 0 215 6.96213e-07
1.22537 1.82408 0 215 7.03649e-07
1.22612 1.82408 0 215 7.11235e-07
1.22687 1.82408 0 215 7.1898e-07
1.22762 1.82408 0 215 7.26883e-07
1.22837 1.82408 0 215 7.34951e-07
1.22912 1.82408 0 215 7.43192e-07
1.22987 1.82408 0 215 7.51604e-07
1.23062 1.82408 0 215 7.60198e-07
1.23137 1.82408 0 215 7.68829e-07
1.23212 1.82408 0 215 7.77796e-07
1.23287 1.82408 0 215 7.86964e-07
1.23362 1.82408 0 215 7.96333e-07
1.23437 1.82408 0 215 8.05909e-07
1.23512 1.82408 0 215 8.15693e-07
1.23587 1.82408 0 215 8.25699e-07
1.23662 1.82408 0 215 8.35934e-07
1.23737 1.82408 0 215 8.46403e-07
1.23812 1.82408 0 215 8.57105e-07
1.23887 1.82408 0 215 8.68062e-07
1.23962 1.82408 0 215 8.79273e-07
1.24037 1.82408 0 215 8.90744e-07
1.24112 1.82408 0 215 9.02488e-07
1.24187 1.82408 0 215 9.14509e-07
1.24262 1.82408 0 215 9.26814e-07
1.24337 1.82408 0 215 9.39418e-07
1.24412 1.82408 0 215 9.52331e-07
1.24487 1.82408 0 215 9.65567e-07
1.24562 1.82408 0 215 9.79124e-07
1.24637 1.82408 0 215 9.93014e-07
1.24712 1.82408 0 215 1.00726e-06
1.24787 1.82408 0 215 1.02187e-06
1.24862 1.82408 0 215 1.03686e-06
1.24937 1.82408 0 215 1.05222e-06
1.25013 1.82408 0 215 1.06799e-06
1.25088 1.82408 0 215 1.08417e-06
1.25163 1.82408 0 215 1.10078e-06
1.25238 1.82408 0 215 1.11783e-06
1.25313 1.82408 0 215 1.13534e-06
1.25388 1.82408 0 215 1.15333e-06
1.25463 1.82408 0 215 1.17181e-06
1.25538 1.82408 0 215 1.19079e-06
1.25613 1.82408 0 215 1.21031e-06
1.25688 1.82408 0 215 1.23004e-06
1.25763 1.82408 0 215 1.25064e-06
1.25838 1.82408 0 215 1.27187e-06
1.25913 1.82408 0 215 1.29371e-06
1.25988 1.82408 0 215 1.31619e-06
1.26063 1.82408 0 215 1.33932e-06
1.26138 1.82408 0 215 1.36315e-06
1.26213 1.82408 0 215 1.3877e-06
1.26288 1.82408 0 215 1.41299e-06
1.26363 1.82408 0 215 1.43907e-06
1.26438 1.82408 0 215 1.46594e-06
1.26513 1.82408 0 215 1.49366e-06
1.26588 1.82408 0 215 1.52226e-06
1.26663 1.82408 0 215 1.55179e-06
1.26738 1.82408 0 215 1.58227e-06
1.26813 1.82408 0 215 1.61373e-06
1.26888 1.82408 0 215 1.64624e-06
1.26963 1.82408 0 215 1.67984e-06
1.27038 1.82408 0 215 1.71457e-06
1.27113 1.82408 0 215 1.7505e-06
1.27188 1.82408 0 215 1.78767e-06
1.27263 1.82408 0 215 1.82614e-06
1.27338 1.82408 0 215 1.86597e-06
1.27413 1.82408 0 215 1.90723e-06
1.27488 1.82408 0 215 1.95e-06
1.27563 1.82408 0 215 1.99432e-06
1.27638 1.82408 0 215 2.0403e-06
1.27713 1.82408 0 215 2.08802e-06
1.27788 1.82408 0 215 2.13755e-06
1.27863 1.82408 0 215 2.18899e-06
1.27938 1.82408 0 215 2.24243e-06
1.28013 1.82408 0 215 2.29801e-06
1.28088 1.82408 0 215 2.35582e-06
1.28163 1.82408 0 215 2.41596e-06
1.28238 1.82408 0 215 2.47859e-06
1.28313 1.82408 0 215 2.54287e-06
1.28388 1.82408 0 215 2.61083e-06
1.28463 1.82408 0 215 2.68172e-06
1.28538 1.82408 0 215 2.75572e-06
1.28613 1.82408 0 215 2.83288e-06
1.28688 1.82408 0 215 2.9136e-06
1.28763 1.82408 0 215 2.99797e-06
1.28838 1.82408 0 215 3.08628e-06
1.28913 1.82408 0 215 3.17871e-06
1.28988 1.82408 0 215 3.27557e-06
1.29063 1.82408 0 215 3.37711e-06
1.29138 1.82408 0 215 3.48362e-06
1.29213 1.82408 0 215 3.5955e-06
1.29288 1.82408 0 215 3.71306e-06
1.29363 1.82408 0 215 3.83669e-06
1.29438 1.82408 0 215 3.96683e-06
1.29513 1.82408 0 215 4.10393e-06
1.29588 1.82408 0 215 4.2484e-06
1.29663 1.82408 0 215 4.40092e-06
1.29738 1.82408 0 215 4.56199e-06
1.29813 1.82408 0 215 4.73237e-06
1.29888 1.82408 0 215 4.91268e-06
1.29963 1.82408 0 215 5.10374e-06
1.30038 1.82408 0 215 5.30637e-06
1.30113 1.82408 0 215 5.52158e-06
1.30188 1.82408 0 215 5.7504e-06
1.30263 1.82408 0 215 5.99392e-06
1.30338 1.82408 0 215 6.25341e-06
1.30413 1.82408 0 215 6.53034e-06
1.30488 1.82408 0 215 6.82626e-06
1.30563 1.82408 0 215 7.14288e-06
1.30638 1.82408 0 215 7.48219e-06
1.30713 1.82408 0 215 7.84627e-06
1.30788 1.82408 0 215 8.23758e-06
1.30863 1.82408 0 215 8.65888e-06
1.30938 1.82408 0 215 9.11304e-06
1.31014 1.82408 0 215 9.60372e-06
1.31089 1.82408 0 215 1.01347e-05
1.31164 1.82408 0 215 1.07047e-05
1.31239 1.82408 0 215 1.13294e-05
1.31314 1.82408 0 215 1.20094e-05
1.31389 1.82408 0 215 1.27511e-05
1.31464 1.82408 0 215 1.35616e-05
1.31539 1.82408 0 215 1.44495e-05
1.31614 1.82408 0 215 1.54233e-05
1.31689 1.82408 0 215 1.64957e-05
1.31764 1.82408 0 215 1.76789e-05
1.31839 1.82408 0 215 1.89871e-05
1.31914 1.82408 0 215 2.0437e-05
1.31989 1.82408 0 215 2.20478e-05
1.32064 1.82408 0 215 2.38422e-05
1.32139 1.82408 0 215 2.58454e-05
1.32214 1.82408 0 215 2.80865e-05
1.32289 1.82408 0 215 3.05988e-05
1.32364 1.82408 0 215 3.34199e-05
1.32439 1.82408 0 215 3.65905e-05
1.32514 1.82408 0 215 4.01576e-05
1.32589 1.82408 0 215 4.41685e-05
1.32664 1.82408 0 215 4.8671e-05
1.32739 1.82408 0 215 5.37079e-05
1.32814 1.82408 0 215 5.93111e-05
1.32889 1.82408 0 215 6.54902e-05
1.32964 1.82408 0 215 7.22161e-05
1.33039 1.82408 0 215 7.94012e-05
1.33114 1.82408 0 215 8.68772e-05
1.33189 1.82408 0 215 9.43723e-05
1.33264 1.82408 0 215 0.000101501
1.33339 1.82408 0 215 0.00010778
1.33414 1.82408 0 215 0.000112682
1.33489 1.82408 0 215 0.000115721
1.33564 1.82408 0 215 0.000116561
1.33639 1.82408 0 215 0.000115108
1.33714 1.82408 0 215 0.000111524
1.33789 1.82408 0 215 0.000106196
1.33864 1.82408 0 215 9.9631e-05
1.33939 1.82408 0 215 9.23526e-05
1.34014 1.82408 0 215 8.48771e-05
1.34089 1.82408 0 215 7.7442e-05
1.34164 1.82408 0 215 7.03542e-05
1.34239 1.82408 0 215 6.37568e-05
1.34314 1.82408 0 215 5.77217e-05
1.34389 1.82408 0 215 5.22659e-05
1.34464 1.82408 0 215 4.73709e-05
1.34539 1.82408 0 215 4.30021e-05
1.34614 1.82408 0 215 3.91135e-05
1.34689 1.82408 0 215 3.56572e-05
1.34764 1.82408 0 215 3.25837e-05
1.34839 1.82408 0 215 2.98515e-05
1.34914 1.82408 0 215 2.74183e-05
1.34989 1.82408 0 215 2.52474e-05
1.35064 1.82408 0 215 2.33071e-05
1.35139 1.82408 0 215 2.15685e-05
1.35214 1.82408 0 215 2.00075e-05
1.35289 1.82408 0 215 1.86022e-05
1.35364 1.82408 0 215 1.73342e-05
1.35439 1.82408 0 215 1.61873e-05
1.35514 1.82408 0 215 1.51475e-05
1.35589 1.82408 0 215 1.42027e-05
1.35664 1.82408 0 215 1.33419e-05
1.35739 1.82408 0 215 1.25562e-05
1.35814 1.82408 0 215 1.18373e-05
1.35889 1.82408 0 215 1.11783e-05
1.35964 1.82408 0 215 1.0573e-05
1.36039 1.82408 0 215 1.00158e-05
1.36114 1.82408 0 215 9.50211e-06
1.36189 1.82408 0 215 9.02762e-06
1.36264 1.82408 0 215 8.58862e-06
1.36339 1.82408 0 215 8.18165e-06
1.36414 1.82408 0 215 7.80388e-06
1.36489 1.82408 0 215 7.45271e-06
1.36564 1.82408 0 215 7.12574e-06
1.36639 1.82408 0 215 6.82082e-06
1.36714 1.82408 0 215 6.53618e-06
1.36789 1.82408 0 215 6.27018e-06
1.36864 1.82408 0 215 6.02117e-06
1.36939 1.82408 0 215 5.78778e-06
1.37015 1.82408 0 215 5.56891e-06
1.3709 1.82408 0 215 5.36318e-06
1.37165 1.82408 0 215 5.16997e-06
1.3724 1.82408 0 215 4.98807e-06
1.37315 1.82408 0 215 4.81678e-06
1.3739 1.82408 0 215 4.65536e-06
1.37465 1.82408 0 215 4.50303e-06
1.3754 1.82408 0 215 4.35915e-06
1.37615 1.82408 0 215 4.22319e-06
1.3769 1.82408 0 215 4.0946e-06
1.37765 1.82408 0 215 3.97295e-06
1.3784 1.82408 0 215 3.85775e-06
1.37915 1.82408 0 215 3.74859e-06
1.3799 1.82408 0 215 3.64515e-06
1.38065 1.82408 0 215 3.54589e-06
1.3814 1.82408 0 215 3.45281e-06
1.38215 1.82408 0 215 3.36446e-06
1.3829 1.82408 0 215 3.28057e-06
1.38365 1.82408 0 215 3.20086e-06
1.3844 1.82408 0 215 3.12511e-06
1.38515 1.82408 0 215 3.05315e-06
1.3859 1.82408 0 215 2.98471e-06
1.38665 1.82408 0 215 2.91966e-06
1.3874 1.82408 0 215 2.8578e-06
1.38815 1.82408 0 215 2.79901e-06
1.3889 1.82408 0 215 2.7431e-06
1.38965 1.82408 0 215 2.68994e-06
1.3904 1.82408 0 215 2.63941e-06
1.39115 1.82408 0 215 2.59141e-06
1.3919 1.82408 0 215 2.54582e-06
1.39265 1.82408 0 215 2.50252e-06
1.3934 1.82408 0 215 2.46142e-06
1.39415 1.82408 0 215 2.42244e-06
1.3949 1.82408 0 215 2.38549e-06
1.39565 1.82408 0 215 2.35051e-06
1.3964 1.82408 0 215 2.31744e-06
1.39715 1.82408 0 215 2.28618e-06
1.3979 1.82408 0 215 2.25674e-06
1.39865 1.82408 0 215 2.22898e-06
1.3994 1.82408 0 215 2.20289e-06
1.40015 1.82408 0 215 2.17842e-06
1.4009 1.82408 0 215 2.15552e-06
1.40165 1.82408 0 215 2.13417e-06
1.4024 1.82408 0 215 2.11422e-06
1.40315 1.82408 0 215 2.09583e-06
1.4039 1.82408 0 215 2.07893e-06
1.40465 1.82408 0 215 2.06343e-06
1.4054 1.82408 0 215 2.04935e-06
1.40615 1.82408 0 215 2.03664e-06
1.4069 1.82408 0 215 2.02533e-06
1.40765 1.82408 0 215 2.01537e-06
1.4084 1.82408 0 215 2.00679e-06
1.40915 1.82408 0 215 1.99955e-06
1.4099 1.82408 0 215 1.99367e-06
1.41065 1.82408 0 215 1.98914e-06
1.4114 1.82408 0 215 1.98597e-06
1.41215 1.82408 0 215 1.98419e-06
1.4129 1.82408 0 215 1.98376e-06
1.41365 1.82408 0 215 1.98475e-06
1.4144 1.82408 0 215 1.98719e-06
1.41515 1.82408 0 215 1.98976e-06
1.4159 1.82408 0 215 1.99506e-06
1.41665 1.82408 0 215 2.00188e-06
1.4174 1.82408 0 215 2.01023e-06
1.41815 1.82408 0 215 2.02019e-06
1.4189 1.82408 0 215 2.03175e-06
1.41965 1.82408 0 215 2.04501e-06
1.4204 1.82408 0 215 2.05998e-06
1.42115 1.82408 0 215 2.07676e-06
1.4219 1.82408 0 215 2.09541e-06
1.42265 1.82408 0 215 2.11597e-06
1.4234 1.82408 0 215 2.13857e-06
1.42415 1.82408 0 215 2.1633e-06
1.4249 1.82408 0 215 2.19024e-06
1.42565 1.82408 0 215 2.2195e-06
1.4264 1.82408 0 215 2.25119e-06
1.42715 1.82408 0 215 2.28547e-06
1.4279 1.82408 0 215 2.32246e-06
1.42865 1.82408 0 215 2.36231e-06
1.4294 1.82408 0 215 2.40521e-06
1.43016 1.82408 0 215 2.45135e-06
1.43091 1.82408 0 215 2.50093e-06
1.43166 1.82408 0 215 2.55418e-06
1.43241 1.82408 0 215 2.61132e-06
1.43316 1.82408 0 215 2.67266e-06
1.43391 1.82408 0 215 2.73847e-06
1.43466 1.82408 0 215 2.80911e-06
1.43541 1.82408 0 215 2.88489e-06
1.43616 1.82408 0 215 2.96631e-06
1.43691 1.82408 0 215 3.05368e-06
1.43766 1.82408 0 215 3.14755e-06
1.43841 1.82408 0 215 3.24844e-06
1.43916 1.82408 0 215 3.35694e-06
1.43991 1.82408 0 215 3.47376e-06
1.44066 1.82408 0 215 3.59962e-06
1.44141 1.82408 0 215 3.73535e-06
1.44216 1.82408 0 215 3.88186e-06
1.44291 1.82408 0 215 4.04019e-06
1.44366 1.82408 0 215 4.2115e-06
1.44441 1.82408 0 215 4.39706e-06
1.44516 1.82408 0 215 4.59837e-06
1.44591 1.82408 0 215 4.81705e-06
1.44666 1.82408 0 215 5.0549e-06
1.44741 1.82408 0 215 5.31416e-06
1.44816 1.82408 0 215 5.59719e-06
1.44891 1.82408 0 215 5.90662e-06
1.44966 1.82408 0 215 6.2456e-06
1.45041 1.82408 0 215 6.61771e-06
1.45116 1.82408 0 215 7.01964e-06
1.45191 1.82408 0 215 7.46982e-06
1.45266 1.82408 0 215 7.96698e-06
1.45341 1.82408 0 215 8.51695e-06
1.45416 1.82408 0 215 9.12655e-06
1.45491 1.82408 0 215 9.80342e-06
1.45566 1.82408 0 215 1.05565e-05
1.45641 1.82408 0 215 1.13958e-05
1.45716 1.82408 0 215 1.2332e-05
1.45791 1.82408 0 215 1.33781e-05
1.45866 1.82408 0 215 1.45469e-05
1.45941 1.82408 0 215 1.58527e-05
1.46016 1.82408 0 215 1.731e-05
1.46091 1.82408 0 215 1.89319e-05
1.46166 1.82408 0 215 2.07298e-05
1.46241 1.82408 0 215 2.27098e-05
1.46316 1.82408 0 215 2.4869e-05
1.46391 1.82408 0 215 2.71923e-05
1.46466 1.82408 0 215 2.96446e-05
1.46541 1.82408 0 215 3.21662e-05
1.46616 1.82408 0 215 3.46673e-05
1.46691 1.82408 0 215 3.70258e-05
1.46766 1.82408 0 215 3.90947e-05
1.46841 1.82408 0 215 4.07164e-05
1.46916 1.82408 0 215 4.17476e-05
1.46991 1.82408 0 215 4.20863e-05
1.47066 1.82408 0 215 4.16972e-05
1.47141 1.82408 0 215 4.06241e-05
1.47216 1.82408 0 215 3.8962e-05
1.47291 1.82408 0 215 3.68592e-05
1.47366 1.82408 0 215 3.44732e-05
1.47441 1.82408 0 215 3.19511e-05
1.47516 1.82408 0 215 2.9414e-05
1.47591 1.82408 0 215 2.69506e-05
1.47666 1.82408 0 215 2.46197e-05
1.47741 1.82408 0 215 2.24548e-05
1.47816 1.82408 0 215 2.04715e-05
1.47891 1.82408 0 215 1.86707e-05
1.47966 1.82408 0 215 1.70461e-05
1.48041 1.82408 0 215 1.55871e-05
1.48116 1.82408 0 215 1.42791e-05
1.48191 1.82408 0 215 1.31079e-05
1.48266 1.82408 0 215 1.20593e-05
1.48341 1.82408 0 215 1.11201e-05
1.48416 1.82408 0 215 1.02778e-05
1.48491 1.82408 0 215 9.52138e-06
1.48566 1.82408 0 215 8.84067e-06
1.48641 1.82408 0 215 8.22709e-06
1.48716 1.82408 0 215 7.67276e-06
1.48791 1.82408 0 215 7.17092e-06
1.48866 1.82408 0 215 6.71573e-06
1.48941 1.82408 0 215 6.30477e-06
1.49017 1.82408 0 215 5.92719e-06
1.49092 1.82408 0 215 5.58241e-06
1.49167 1.82408 0 215 5.26691e-06
1.49242 1.82408 0 215 4.97764e-06
1.49317 1.82408 0 215 4.71186e-06
1.49392 1.82408 0 215 4.46725e-06
1.49467 1.82408 0 215 4.24153e-06
1.49542 1.82408 0 215 4.03297e-06
1.49617 1.82408 0 215 3.83991e-06
1.49692 1.82408 0 215 3.66091e-06
1.49767 1.82408 0 215 3.49465e-06
1.49842 1.82408 0 215 3.33995e-06
1.49917 1.82408 0 215 3.19586e-06
1.49992 1.82408 0 215 3.06138e-06
1.50067 1.82408 0 215 2.93569e-06
1.50142 1.82408 0 215 2.81807e-06
1.50217 1.82408 0 215 2.70785e-06
1.50292 1.82408 0 215 2.60443e-06
1.50367 1.82408 0 215 2.50728e-06
1.50442 1.82408 0 215 2.41586e-06
1.50517 1.82408 0 215 2.32979e-06
1.50592 1.82408 0 215 2.24863e-06
1.50667 1.82408 0 215 2.17205e-06
1.50742 1.82408 0 215 2.09969e-06
1.50817 1.82408 0 215 2.03239e-06
1.50892 1.82408 0 215 1.96757e-06
1.50967 1.82408 0 215 1.90616e-06
1.51042 1.82408 0 215 1.84789e-06
1.51117 1.82408 0 215 1.79257e-06
1.51192 1.82408 0 215 1.73997e-06
1.51267 1.82408 0 215 1.68997e-06
1.51342 1.82408 0 215 1.64238e-06
1.51417 1.82408 0 215 1.59704e-06
1.51492 1.82408 0 215 1.55381e-06
1.51567 1.82408 0 215 1.51257e-06
1.51642 1.82408 0 215 1.47319e-06
1.51717 1.82408 0 215 1.43557e-06
1.51792 1.82408 0 215 1.39959e-06
1.51867 1.82408 0 215 1.36517e-06
1.51942 1.82408 0 215 1.33221e-06
1.52017 1.82408 0 215 1.30064e-06
1.52092 1.82408 0 215 1.27038e-06
1.52167 1.82408 0 215 1.24135e-06
1.52242 1.82408 0 215 1.21349e-06
1.52317 1.82408 0 215 1.18673e-06
1.52392 1.82408 0 215 1.16104e-06
1.52467 1.82408 0 215 1.13633e-06
1.52542 1.82408 0 215 1.11256e-06
1.52617 1.82408 0 215 1.08967e-06
1.52692 1.82408 0 215 1.06765e-06
1.52767 1.82408 0 215 1.04642e-06
1.52842 1.82408 0 215 1.02599e-06
1.52917 1.82408 0 215 1.00628e-06
1.52992 1.82408 0 215 9.87397e-07
1.53067 1.82408 0 215 9.69031e-07
1.53142 1.82408 0 215 9.5131e-07
1.53217 1.82408 0 215 9.34189e-07
1.53292 1.82408 0 215 9.17644e-07
1.53367 1.82408 0 215 9.01649e-07
1.53442 1.82408 0 215 8.86157e-07
1.53517 1.82408 0 215 8.71182e-07
1.53592 1.82408 0 215 8.56694e-07
1.53667 1.82408 0 215 8.42654e-07
1.53742 1.82408 0 215 8.29046e-07
1.53817 1.82408 0 215 8.15873e-07
1.53892 1.82408 0 215 8.03094e-07
1.53967 1.82408 0 215 7.9071e-07
1.54042 1.82408 0 215 7.78705e-07
1.54117 1.82408 0 215 7.67057e-07
1.54192 1.82408 0 215 7.55751e-07
1.54267 1.82408 0 215 7.44749e-07
1.54342 1.82408 0 215 7.34068e-07
1.54417 1.82408 0 215 7.23712e-07
1.54492 1.82408 0 215 7.13629e-07
1.54567 1.82408 0 215 7.0382e-07
1.54642 1.82408 0 215 6.95592e-07
1.54717 1.82408 0 215 6.86295e-07
1.54792 1.82408 0 215 6.77259e-07
1.54867 1.82408 0 215 6.68432e-07
1.54942 1.82408 0 215 6.59836e-07
1.55018 1.82408 0 215 6.51443e-07
1.55093 1.82408 0 215 6.43263e-07
1.55168 1.82408 0 215 6.3527e-07
1.55243 1.82408 0 215 6.27494e-07
1.55318 1.82408 0 215 6.19876e-07
1.55393 1.82408 0 215 6.12435e-07
1.55468 1.82408 0 215 6.05149e-07
1.55543 1.82408 0 215 5.98025e-07
1.55618 1.82408 0 215 5.91031e-07
1.55693 1.82408 0 215 5.84166e-07
1.55768 1.82408 0 215 5.77412e-07
1.55843 1.82408 0 215 5.70841e-07
1.55918 1.82408 0 215 5.64338e-07
1.55993 1.82408 0 215 5.57924e-07
1.56068 1.82408 0 215 5.51613e-07
1.56143 1.82408 0 215 5.45419e-07
1.56218 1.82408 0 215 5.39293e-07
1.56293 1.82408 0 215 5.33197e-07
1.56368 1.82408 0 215 5.27191e-07
1.56443 1.82408 0 215 5.21302e-07
1.56518 1.82408 0 215 5.15334e-07
1.56593 1.82408 0 215 5.09374e-07
1.56668 1.82408 0 215 5.03403e-07
1.56743 1.82408 0 215 4.97441e-07
1.56818 1.82408 0 215 4.91434e-07
1.56893 1.82408 0 215 4.85378e-07
1.56968 1.82408 0 215 4.79255e-07
1.57043 1.82408 0 215 4.73057e-07
1.57118 1.82408 0 215 4.66792e-07
1.57193 1.82408 0 215 4.60302e-07
1.57268 1.82408 0 215 4.53693e-07
1.57343 1.82408 0 215 4.46928e-07
1.57418 1.82408 0 215 4.39913e-07
1.57493 1.82408 0 215 4.32595e-07
1.57568 1.82408 0 215 4.24969e-07
1.57643 1.82408 0 215 4.1699e-07
1.57718 1.82408 0 215 4.0854e-07
1.57793 1.82408 0 215 3.99602e-07
1.57868 1.82408 0 215 3.9012e-07
1.57943 1.82408 0 215 3.80037e-07
1.58018 1.82408 0 215 3.69172e-07
1.58093 1.82408 0 215 3.5746e-07
1.58168 1.82408 0 215 3.44793e-07
1.58243 1.82408 0 215 3.31259e-07
1.58318 1.82408 0 215 3.16212e-07
1.58393 1.82408 0 215 2.99767e-07
1.58468 1.82408 0 215 2.81753e-07
1.58543 1.82408 0 215 2.61717e-07
1.58618 1.82408 0 215 2.39548e-07
1.58693 1.82408 0 215 2.14566e-07
1.58768 1.82408 0 215 1.86553e-07
1.58843 1.82408 0 215 1.552e-07
1.58918 1.82408 0 215 1.19895e-07
1.58993 1.82408 0 215 8.02193e-08
1.59068 1.82408 0 215 3.54679e-08
1.59143 1.82408 0 215 -1.50147e-08
1.59218 1.82408 0 215 -7.19318e-08
1.59293 1.82408 0 215 -1.36264e-07
1.59368 1.82408 0 215 -2.08951e-07
1.59443 1.82408 0 215 -2.90811e-07
1.59518 1.82408 0 215 -3.82794e-07
1.59593 1.82408 0 215 -4.85849e-07
1.59668 1.82408 0 215 -6.00432e-07
1.59743 1.82408 0 215 -7.26993e-07
1.59818 1.82408 0 215 -8.64474e-07
1.59893 1.82408 0 215 -1.01241e-06
1.59968 1.82408 0 215 -1.16834e-06
1.60043 1.82408 0 215 -1.32801e-06
1.60118 1.82408 0 215 -1.48508e-06
1.60193 1.82408 0 215 -1.63069e-06
1.60268 1.82408 0 215 -1.75424e-06
1.60343 1.82408 0 215 -1.84284e-06
1.60418 1.82408 0 215 -1.88265e-06
1.60493 1.82408 0 215 -1.86101e-06
1.60568 1.82408 0 215 -1.76815e-06
1.60643 1.82408 0 215 -1.60248e-06
1.60718 1.82408 0 215 -1.36558e-06
1.60793 1.82408 0 215 -1.07141e-06
1.60868 1.82408 0 215 -7.39302e-07
1.60943 1.82408 0 215 -3.91955e-07
1.61019 1.82408 0 215 -5.22294e-08
1.61094 1.82408 0 215 2.60808e-07
1.61169 1.82408 0 215 5.32756e-07
1.61244 1.82408 0 215 7.55691e-07
1.61319 1.82408 0 215 9.30233e-07
1.61394 1.82408 0 215 1.05729e-06
1.61469 1.82408 0 215 1.14254e-06
1.61544 1.82408 0 215 1.19279e-06
1.61619 1.82408 0 215 1.21497e-06
1.61694 1.82408 0 215 1.21669e-06
1.61769 1.82408 0 215 1.2013e-06
1.61844 1.82408 0 215 1.17448e-06
1.61919 1.82408 0 215 1.14e-06
1.61994 1.82408 0 215 1.10064e-06
1.62069 1.82408 0 215 1.059e-06
1.62144 1.82408 0 215 1.01633e-06
1.62219 1.82408 0 215 9.74054e-07
1.62294 1.82408 0 215 9.32975e-07
1.62369 1.82408 0 215 8.93394e-07
1.62444 1.82408 0 215 8.55774e-07
1.62519 1.82408 0 215 8.20183e-07
1.62594 1.82408 0 215 7.86738e-07
1.62669 1.82408 0 215 7.55473e-07
1.62744 1.82408 0 215 7.26426e-07
1.62819 1.82408 0 215 6.99317e-07
1.62894 1.82408 0 215 6.74262e-07
1.62969 1.82408 0 215 6.50948e-07
1.63044 1.82408 0 215 6.37275e-07
1.63119 1.82408 0 215 6.16926e-07
1.63194 1.82408 0 215 5.98076e-07
1.63269 1.82408 0 215 5.80609e-07
1.63344 1.82408 0 215 5.6443e-07
1.63419 1.82408 0 215 5.49491e-07
1.63494 1.82408 0 215 5.35708e-07
1.63569 1.82408 0 215 5.22994e-07
1.63644 1.82408 0 215 5.11268e-07
1.63719 1.82408 0 215 5.00504e-07
1.63794 1.82408 0 215 4.90547e-07
1.63869 1.82408 0 215 4.81425e-07
1.63944 1.82408 0 215 4.73105e-07
1.64019 1.82408 0 215 4.65429e-07
1.64094 1.82408 0 215 4.58459e-07
1.64169 1.82408 0 215 4.52129e-07
1.64244 1.82408 0 215 4.46418e-07
1.64319 1.82408 0 215 4.41352e-07
1.64394 1.82408 0 215 4.36828e-07
1.64469 1.82408 0 215 4.32869e-07
1.64544 1.82408 0 215 4.29466e-07
1.64619 1.82408 0 215 4.26623e-07
1.64694 1.82408 0 215 4.24336e-07
1.64769 1.82408 0 215 4.22596e-07
1.64844 1.82408 0 215 4.2143e-07
1.64919 1.82408 0 215 4.20848e-07
1.64994 1.82408 0 215 4.20906e-07
1.65069 1.82408 0 215 4.2151e-07
1.65144 1.82408 0 215 4.22758e-07
1.65219 1.82408 0 215 4.2467e-07
1.65294 1.82408 0 215 4.27307e-07
1.65369 1.82408 0 215 4.3064e-07
1.65444 1.82408 0 215 4.34739e-07
1.65519 1.82408 0 215 4.39634e-07
1.65594 1.82408 0 215 4.4534e-07
1.65669 1.82408 0 215 4.51889e-07
1.65744 1.82408 0 215 4.59248e-07
1.65819 1.82408 0 215 4.67431e-07
1.65894 1.82408 0 215 4.76317e-07
1.65969 1.82408 0 215 4.85812e-07
1.66044 1.82408 0 215 4.9575e-07
1.66119 1.82408 0 215 5.05889e-07
1.66194 1.82408 0 215 5.15924e-07
1.66269 1.82408 0 215 5.25473e-07
1.66344 1.82408 0 215 5.34072e-07
1.66419 1.82408 0 215 5.41285e-07
1.66494 1.82408 0 215 5.46613e-07
1.66569 1.82408 0 215 5.4967e-07
1.66644 1.82408 0 215 5.50178e-07
1.66719 1.82408 0 215 5.48024e-07
1.66794 1.82408 0 215 5.4325e-07
1.66869 1.82408 0 215 5.36084e-07
1.66944 1.82408 0 215 5.26875e-07
1.6702 1.82408 0 215 5.16042e-07
1.67095 1.82408 0 215 5.04046e-07
1.6717 1.82408 0 215 4.91329e-07
1.67245 1.82408 0 215 4.78315e-07
1.6732 1.82408 0 215 4.65303e-07
1.67395 1.82408 0 215 4.52572e-07
1.6747 1.82408 0 215 4.40292e-07
1.67545 1.82408 0 215 4.2929e-07
1.6762 1.82408 0 215 4.18236e-07
1.67695 1.82408 0 215 4.07891e-07
1.6777 1.82408 0 215 3.98258e-07
1.67845 1.82408 0 215 3.8931e-07
1.6792 1.82408 0 215 3.81033e-07
1.67995 1.82408 0 215 3.73381e-07
1.6807 1.82408 0 215 3.66324e-07
1.68145 1.82408 0 215 3.59816e-07
1.6822 1.82408 0 215 3.53821e-07
1.68295 1.82408 0 215 3.48295e-07
1.6837 1.82408 0 215 3.43201e-07
1.68445 1.82408 0 215 3.38488e-07
1.6852 1.82408 0 215 3.34139e-07
1.68595 1.82408 0 215 3.30107e-07
1.6867 1.82408 0 215 3.26374e-07
1.68745 1.82408 0 215 3.22915e-07
1.6882 1.82408 0 215 3.197e-07
1.68895 1.82408 0 215 3.16729e-07
1.6897 1.82408 0 215 3.13945e-07
1.69045 1.82408 0 215 3.1135e-07
1.6912 1.82408 0 215 3.08929e-07
1.69195 1.82408 0 215 3.0667e-07
1.6927 1.82408 0 215 3.0456e-07
1.69345 1.82408 0 215 3.02575e-07
1.6942 1.82408 0 215 3.00712e-07
1.69495 1.82408 0 215 2.98965e-07
1.6957 1.82408 0 215 2.97315e-07
1.69645 1.82408 0 215 2.9577e-07
1.6972 1.82408 0 215 2.94299e-07
1.69795 1.82408 0 215 2.92917e-07
1.6987 1.82408 0 215 2.91595e-07
1.69945 1.82408 0 215 2.90347e-07
1.7002 1.82408 0 215 2.89147e-07
1.70095 1.82408 0 215 2.87988e-07
1.7017 1.82408 0 215 2.86874e-07
1.70245 1.82408 0 215 2.85799e-07
1.7032 1.82408 0 215 2.84743e-07
1.70395 1.82408 0 215 2.83711e-07
1.7047 1.82408 0 215 2.82692e-07
1.70545 1.82408 0 215 2.81671e-07
1.7062 1.82408 0 215 2.80645e-07
1.70695 1.82408 0 215 2.79613e-07
1.7077 1.82408 0 215 2.78551e-07
1.70845 1.82408 0 215 2.77475e-07
1.7092 1.82408 0 215 2.76337e-07
1.70995 1.82408 0 215 2.75139e-07
1.7107 1.82408 0 215 2.73873e-07
1.71145 1.82408 0 215 2.72508e-07
1.7122 1.82408 0 215 2.71034e-07
1.71295 1.82408 0 215 2.69433e-07
1.7137 1.82408 0 215 2.67681e-07
1.71445 1.82408 0 215 2.65747e-07
1.7152 1.82408 0 215 2.63209e-07
1.71595 1.82408 0 215 2.60766e-07
1.7167 1.82408 0 215 2.58058e-07
1.71745 1.82408 0 215 2.55024e-07
1.7182 1.82408 0 215 2.5164e-07
1.71895 1.82408 0 215 2.47884e-07
1.7197 1.82408 0 215 2.43753e-07
1.72045 1.82408 0 215 2.39201e-07
1.7212 1.82408 0 215 2.34246e-07
1.72195 1.82408 0 215 2.28918e-07
1.7227 1.82408 0 215 2.23288e-07
1.72345 1.82408 0 215 2.17541e-07
1.7242 1.82408 0 215 2.11731e-07
1.72495 1.82408 0 215 2.06179e-07
1.7257 1.82408 0 215 2.01172e-07
1.72645 1.82408 0 215 1.97105e-07
1.7272 1.82408 0 215 1.94452e-07
1.72795 1.82408 0 215 1.93657e-07
1.7287 1.82408 0 215 1.95093e-07
1.72945 1.82408 0 215 1.9905e-07
1.73021 1.82408 0 215 2.05597e-07
1.73096 1.82408 0 215 2.1459e-07
1.73171 1.82408 0 215 2.25609e-07
1.73246 1.82408 0 215 2.38044e-07
1.73321 1.82408 0 215 2.51175e-07
1.73396 1.82408 0 215 2.6424e-07
1.73471 1.82408 0 215 2.76574e-07
1.73546 1.82408 0 215 2.87688e-07
1.73621 1.82408 0 215 2.97266e-07
1.73696 1.82408 0 215 3.0516e-07
1.73771 1.82408 0 215 3.11389e-07
1.73846 1.82408 0 215 3.16077e-07
1.73921 1.82408 0 215 3.19413e-07
1.73996 1.82408 0 215 3.21619e-07
1.74071 1.82408 0 215 3.22914e-07
1.74146 1.82408 0 215 3.23494e-07
1.74221 1.82408 0 215 3.2355e-07
1.74296 1.82408 0 215 3.23225e-07
1.74371 1.82408 0 215 3.2265e-07
1.74446 1.82408 0 215 3.21915e-07
1.74521 1.82408 0 215 3.21104e-07
1.74596 1.82408 0 215 3.20262e-07
1.74671 1.82408 0 215 3.19439e-07
1.74746 1.82408 0 215 3.18663e-07
1.74821 1.82408 0 215 3.17955e-07
1.74896 1.82408 0 215 3.1733e-07
1.74971 1.82408 0 215 3.16793e-07
1.75046 1.82408 0 215 3.16354e-07
1.75121 1.82408 0 215 3.1601e-07
1.75196 1.82408 0 215 3.15764e-07
1.75271 1.82408 0 215 3.15611e-07
1.75346 1.82408 0 215 3.15551e-07
1.75421 1.82408 0 215 3.15581e-07
1.75496 1.82408 0 215 3.15696e-07
1.75571 1.82408 0 215 3.15894e-07
1.75646 1.82408 0 215 3.16171e-07
1.75721 1.82408 0 215 3.16524e-07
1.75796 1.82408 0 215 3.16948e-07
1.75871 1.82408 0 215 3.17443e-07
1.75946 1.82408 0 215 3.18002e-07
1.76021 1.82408 0 215 3.18625e-07
1.76096 1.82408 0 215 3.19308e-07
1.76171 1.82408 0 215 3.2005e-07
1.76246 1.82408 0 215 3.20848e-07
1.76321 1.82408 0 215 3.21701e-07
1.76396 1.82408 0 215 3.22606e-07
1.76471 1.82408 0 215 3.23563e-07
1.76546 1.82408 0 215 3.24569e-07
1.76621 1.82408 0 215 3.25624e-07
1.76696 1.82408 0 215 3.26726e-07
1.76771 1.82408 0 215 3.27876e-07
1.76846 1.82408 0 215 3.29224e-07
1.76921 1.82408 0 215 3.30457e-07
1.76996 1.82408 0 215 3.31736e-07
1.77071 1.82408 0 215 3.3306e-07
1.77146 1.82408 0 215 3.34429e-07
1.77221 1.82408 0 215 3.35842e-07
1.77296 1.82408 0 215 3.373e-07
1.77371 1.82408 0 215 3.38828e-07
1.77446 1.82408 0 215 3.40374e-07
1.77521 1.82408 0 215 3.41965e-07
1.77596 1.82408 0 215 3.43601e-07
1.77671 1.82408 0 215 3.45283e-07
1.77746 1.82408 0 215 3.47012e-07
1.77821 1.82408 0 215 3.48788e-07
1.77896 1.82408 0 215 3.50612e-07
1.77971 1.82408 0 215 3.52484e-07
1.78046 1.82408 0 215 3.54406e-07
1.78121 1.82408 0 215 3.56378e-07
1.78196 1.82408 0 215 3.58401e-07
1.78271 1.82408 0 215 3.60476e-07
1.78346 1.82408 0 215 3.62606e-07
1.78421 1.82408 0 215 3.64792e-07
1.78496 1.82408 0 215 3.67034e-07
1.78571 1.82408 0 215 3.69334e-07
1.78646 1.82408 0 215 3.71695e-07
1.78721 1.82408 0 215 3.74118e-07
1.78796 1.82408 0 215 3.76604e-07
1.78871 1.82408 0 215 3.79157e-07
1.78946 1.82408 0 215 3.81778e-07
1.79022 1.82408 0 215 3.8447e-07
1.79097 1.82408 0 215 3.87236e-07
1.79172 1.82408 0 215 3.90079e-07
1.79247 1.82408 0 215 3.93001e-07
1.79322 1.82408 0 215 3.96006e-07
1.79397 1.82408 0 215 3.99097e-07
1.79472 1.82408 0 215 4.02279e-07
1.79547 1.82408 0 215 4.05554e-07
1.79622 1.82408 0 215 4.08928e-07
1.79697 1.82408 0 215 4.12404e-07
1.79772 1.82408 0 215 4.15989e-07
1.79847 1.82408 0 215 4.19689e-07
1.79922 1.82408 0 215 4.23508e-07
1.79997 1.82408 0 215 4.27452e-07
1.80072 1.82408 0 215 4.3153e-07
1.80147 1.82408 0 215 4.35748e-07
1.80222 1.82408 0 215 4.40114e-07
1.80297 1.82408 0 215 4.44637e-07
1.80372 1.82408 0 215 4.49327e-07
1.80447 1.82408 0 215 4.54194e-07
1.80522 1.82408 0 215 4.59249e-07
1.80597 1.82408 0 215 4.64504e-07
1.80672 1.82408 0 215 4.69973e-07
1.80747 1.82408 0 215 4.7567e-07
1.80822 1.82408 0 215 4.81611e-07
1.80897 1.82408 0 215 4.87815e-07
1.80972 1.82408 0 215 4.94298e-07
1.81047 1.82408 0 215 5.01084e-07
1.81122 1.82408 0 215 5.08195e-07
1.81197 1.82408 0 215 5.15655e-07
1.81272 1.82408 0 215 5.23493e-07
1.81347 1.82408 0 215 5.31741e-07
1.81422 1.82408 0 215 5.40432e-07
1.81497 1.82408 0 215 5.49603e-07
1.81572 1.82408 0 215 5.59295e-07
1.81647 1.82408 0 215 5.69554e-07
1.81722 1.82408 0 215 5.80433e-07
1.81797 1.82408 0 215 5.91985e-07
1.81872 1.82408 0 215 6.04272e-07
1.81947 1.82408 0 215 6.17362e-07
1.82022 1.82408 0 215 6.3133e-07
1.82097 1.82408 0 215 6.46256e-07
1.82172 1.82408 0 215 6.62232e-07
1.82247 1.82408 0 215 6.79351e-07
1.82322 1.82408 0 215 6.97719e-07
1.82397 1.82408 0 215 7.17449e-07
1.82472 1.82408 0 215 7.38655e-07
1.82547 1.82408 0 215 7.61406e-07
1.82622 1.82408 0 215 7.85931e-07
1.82697 1.82408 0 215 8.12294e-07
1.82772 1.82408 0 215 8.40559e-07
1.82847 1.82408 0 215 8.70905e-07
1.82922 1.82408 0 215 9.03337e-07
1.82997 1.82408 0 215 9.37863e-07
1.83072 1.82408 0 215 9.74412e-07
1.83147 1.82408 0 215 1.01282e-06
1.83222 1.82408 0 215 1.05279e-06
1.83297 1.82408 0 215 1.09389e-06
1.83372 1.82408 0 215 1.13548e-06
1.83447 1.82408 0 215 1.17675e-06
1.83522 1.82408 0 215 1.21666e-06
1.83597 1.82408 0 215 1.25402e-06
1.83672 1.82408 0 215 1.28755e-06
1.83747 1.82408 0 215 1.31595e-06
1.83822 1.82408 0 215 1.33803e-06
1.83897 1.82408 0 215 1.35287e-06
1.83972 1.82408 0 215 1.35994e-06
1.84047 1.82408 0 215 1.35913e-06
1.84122 1.82408 0 215 1.35083e-06
1.84197 1.82408 0 215 1.33582e-06
1.84272 1.82408 0 215 1.31519e-06
1.84347 1.82408 0 215 1.2902e-06
1.84422 1.82408 0 215 1.26215e-06
1.84497 1.82408 0 215 1.23227e-06
1.84572 1.82408 0 215 1.20166e-06
1.84647 1.82408 0 215 1.1712e-06
1.84722 1.82408 0 215 1.14161e-06
1.84797 1.82408 0 215 1.1134e-06
1.84872 1.82408 0 215 1.08693e-06
1.84947 1.82408 0 215 1.0624e-06
1.85023 1.82408 0 215 1.03995e-06
1.85098 1.82408 0 215 1.0196e-06
1.85173 1.82408 0 215 1.00132e-06
1.85248 1.82408 0 215 9.85044e-07
1.85323 1.82408 0 215 9.70691e-07
1.85398 1.82408 0 215 9.58151e-07
1.85473 1.82408 0 215 9.47315e-07
1.85548 1.82408 0 215 9.38069e-07
1.85623 1.82408 0 215 9.30304e-07
1.85698 1.82408 0 215 9.23915e-07
1.85773 1.82408 0 215 9.18802e-07
1.85848 1.82408 0 215 9.14874e-07
1.85923 1.82408 0 215 9.12046e-07
1.85998 1.82408 0 215 9.1024e-07
1.86073 1.82408 0 215 9.09388e-07
1.86148 1.82408 0 215 9.09423e-07
1.86223 1.82408 0 215 9.10291e-07
1.86298 1.82408 0 215 9.11944e-07
1.86373 1.82408 0 215 9.14335e-07
1.86448 1.82408 0 215 9.17423e-07
1.86523 1.82408 0 215 9.21171e-07
1.86598 1.82408 0 215 9.25546e-07
1.86673 1.82408 0 215 9.30524e-07
1.86748 1.82408 0 215 9.36076e-07
1.86823 1.82408 0 215 9.4218e-07
1.86898 1.82408 0 215 9.48824e-07
1.86973 1.82408 0 215 9.5599e-07
1.87048 1.82408 0 215 9.63663e-07
1.87123 1.82408 0 215 9.71831e-07
1.87198 1.82408 0 215 9.80484e-07
1.87273 1.82408 0 215 9.89618e-07
1.87348 1.82408 0 215 9.99224e-07
1.87423 1.82408 0 215 1.0093e-06
1.87498 1.82408 0 215 1.01984e-06
1.87573 1.82408 0 215 1.03084e-06
1.87648 1.82408 0 215 1.04231e-06
1.87723 1.82408 0 215 1.05424e-06
1.87798 1.82408 0 215 1.06665e-06
1.87873 1.82408 0 215 1.07952e-06
1.87948 1.82408 0 215 1.09287e-06
1.88023 1.82408 0 215 1.1067e-06
1.88098 1.82408 0 215 1.12103e-06
1.88173 1.82408 0 215 1.13584e-06
1.88248 1.82408 0 215 1.15117e-06
1.88323 1.82408 0 215 1.16701e-06
1.88398 1.82408 0 215 1.18337e-06
1.88473 1.82408 0 215 1.19967e-06
1.88548 1.82408 0 215 1.21711e-06
1.88623 1.82408 0 215 1.23513e-06
1.88698 1.82408 0 215 1.2537e-06
1.88773 1.82408 0 215 1.27288e-06
1.88848 1.82408 0 215 1.29267e-06
1.88923 1.82408 0 215 1.31309e-06
1.88998 1.82408 0 215 1.33415e-06
1.89073 1.82408 0 215 1.35589e-06
1.89148 1.82408 0 215 1.37831e-06
1.89223 1.82408 0 215 1.40145e-06
1.89298 1.82408 0 215 1.42532e-06
1.89373 1.82408 0 215 1.44995e-06
1.89448 1.82408 0 215 1.47538e-06
1.89523 1.82408 0 215 1.50162e-06
1.89598 1.82408 0 215 1.52871e-06
1.89673 1.82408 0 215 1.55667e-06
1.89748 1.82408 0 215 1.58555e-06
1.89823 1.82408 0 215 1.61538e-06
1.89898 1.82408 0 215 1.64619e-06
1.89973 1.82408 0 215 1.67803e-06
1.90048 1.82408 0 215 1.71094e-06
1.90123 1.82408 0 215 1.74495e-06
1.90198 1.82408 0 215 1.78011e-06
1.90273 1.82408 0 215 1.81649e-06
1.90348 1.82408 0 215 1.85413e-06
1.90423 1.82408 0 215 1.89307e-06
1.90498 1.82408 0 215 1.93338e-06
1.90573 1.82408 0 215 1.97513e-06
1.90648 1.82408 0 215 2.01837e-06
1.90723 1.82408 0 215 2.06317e-06
1.90798 1.82408 0 215 2.10961e-06
1.90873 1.82408 0 215 2.15776e-06
1.90948 1.82408 0 215 2.20771e-06
1.91024 1.82408 0 215 2.25954e-06
1.91099 1.82408 0 215 2.31333e-06
1.91174 1.82408 0 215 2.3692e-06
1.91249 1.82408 0 215 2.42726e-06
1.91324 1.82408 0 215 2.4876e-06
1.91399 1.82408 0 215 2.55033e-06
1.91474 1.82408 0 215 2.6156e-06
1.91549 1.82408 0 215 2.68355e-06
1.91624 1.82408 0 215 2.75429e-06
1.91699 1.82408 0 215 2.828e-06
1.91774 1.82408 0 215 2.90483e-06
1.91849 1.82408 0 215 2.98496e-06
1.91924 1.82408 0 215 3.06856e-06
1.91999 1.82408 0 215 3.15586e-06
1.92074 1.82408 0 215 3.24703e-06
1.92149 1.82408 0 215 3.34235e-06
1.92224 1.82408 0 215 3.44201e-06
1.92299 1.82408 0 215 3.54632e-06
1.92374 1.82408 0 215 3.65556e-06
1.92449 1.82408 0 215 3.77002e-06
1.92524 1.82408 0 215 3.89004e-06
1.92599 1.82408 0 215 4.01596e-06
1.92674 1.82408 0 215 4.14817e-06
1.92749 1.82408 0 215 4.2871e-06
1.92824 1.82408 0 215 4.43314e-06
1.92899 1.82408 0 215 4.58686e-06
1.92974 1.82408 0 215 4.74874e-06
1.93049 1.82408 0 215 4.91936e-06
1.93124 1.82408 0 215 5.09932e-06
1.93199 1.82408 0 215 5.28932e-06
1.93274 1.82408 0 215 5.49005e-06
1.93349 1.82408 0 215 5.70234e-06
1.93424 1.82408 0 215 5.92708e-06
1.93499 1.82408 0 215 6.16518e-06
1.93574 1.82408 0 215 6.41766e-06
1.93649 1.82408 0 215 6.68571e-06
1.93724 1.82408 0 215 6.97048e-06
1.93799 1.82408 0 215 7.27345e-06
1.93874 1.82408 0 215 7.59605e-06
1.93949 1.82408 0 215 7.93987e-06
1.94024 1.82408 0 215 8.30678e-06
1.94099 1.82408 0 215 8.69876e-06
1.94174 1.82408 0 215 9.11794e-06
1.94249 1.82408 0 215 9.56675e-06
1.94324 1.82408 0 215 1.00478e-05
1.94399 1.82408 0 215 1.0564e-05
1.94474 1.82408 0 215 1.11186e-05
1.94549 1.82408 0 215 1.17043e-05
1.94624 1.82408 0 215 1.23459e-05
1.94699 1.82408 0 215 1.30376e-05
1.94774 1.82408 0 215 1.3784e-05
1.94849 1.82408 0 215 1.45902e-05
1.94924 1.82408 0 215 1.54621e-05
1.94999 1.82408 0 215 1.64055e-05
1.95074 1.82408 0 215 1.74273e-05
1.95149 1.82408 0 215 1.85348e-05
1.95224 1.82408 0 215 1.97351e-05
1.95299 1.82408 0 215 2.10363e-05
1.95374 1.82408 0 215 2.24467e-05
1.95449 1.82408 0 215 2.39745e-05
1.95524 1.82408 0 215 2.5628e-05
1.95599 1.82408 0 215 2.74143e-05
1.95674 1.82408 0 215 2.93397e-05
1.95749 1.82408 0 215 3.14084e-05
1.95824 1.82408 0 215 3.3621e-05
1.95899 1.82408 0 215 3.59744e-05
1.95974 1.82408 0 215 3.84589e-05
1.96049 1.82408 0 215 4.10567e-05
1.96124 1.82408 0 215 4.37409e-05
1.96199 1.82408 0 215 4.64728e-05
1.96274 1.82408 0 215 4.92e-05
1.96349 1.82408 0 215 5.18574e-05
1.96424 1.82408 0 215 5.43666e-05
1.96499 1.82408 0 215 5.66401e-05
1.96574 1.82408 0 215 5.85858e-05
1.96649 1.82408 0 215 6.01152e-05
1.96724 1.82408 0 215 6.11519e-05
1.96799 1.82408 0 215 6.16402e-05
1.96874 1.82408 0 215 6.1553e-05
1.96949 1.82408 0 215 6.08945e-05
1.97025 1.82408 0 215 5.97005e-05
1.971 1.82408 0 215 5.80328e-05
1.97175 1.82408 0 215 5.59728e-05
1.9725 1.82408 0 215 5.36104e-05
1.97325 1.82408 0 215 5.10375e-05
1.974 1.82408 0 215 4.83405e-05
1.97475 1.82408 0 215 4.5593e-05
1.9755 1.82408 0 215 4.28577e-05
1.97625 1.82408 0 215 4.01833e-05
1.977 1.82408 0 215 3.76054e-05
1.97775 1.82408 0 215 3.51481e-05
1.9785 1.82408 0 215 3.28264e-05
1.97925 1.82408 0 215 3.06482e-05
1.98 1.82408 0 215 2.86153e-05
1.98075 1.82408 0 215 2.67258e-05
1.9815 1.82408 0 215 2.49748e-05
1.98225 1.82408 0 215 2.33558e-05
1.983 1.82408 0 215 2.18608e-05
1.98375 1.82408 0 215 2.04818e-05
1.9845 1.82408 0 215 1.92101e-05
1.98525 1.82408 0 215 1.80376e-05
1.986 1.82408 0 215 1.69564e-05
1.98675 1.82408 0 215 1.59589e-05
1.9875 1.82408 0 215 1.5038e-05
1.98825 1.82408 0 215 1.41871e-05
1.989 1.82408 0 215 1.34005e-05
1.98975 1.82408 0 215 1.26723e-05
1.9905 1.82408 0 215 1.19977e-05
1.99125 1.82408 0 215 1.13719e-05
1.992 1.82408 0 215 1.07908e-05
1.99275 1.82408 0 215 1.02506e-05
1.9935 1.82408 0 215 9.74787e-06
1.99425 1.82408 0 215 9.27944e-06
1.995 1.82408 0 215 8.84248e-06
1.99575 1.82408 0 215 8.43441e-06
1.9965 1.82408 0 215 8.0529e-06
1.99725 1.82408 0 215 7.69582e-06
1.998 1.82408 0 215 7.36125e-06
1.99875 1.82408 0 215 7.04743e-06
1.9995 1.82408 0 215 6.75272e-06
2.00025 1.82408 0 215 6.47573e-06
2.001 1.82408 0 215 6.21507e-06
2.00175 1.82408 0 215 5.96955e-06
2.0025 1.82408 0 215 5.73808e-06
2.00325 1.82408 0 215 5.51963e-06
2.004 1.82408 0 215 5.31327e-06
2.00475 1.82408 0 215 5.11815e-06
2.0055 1.82408 0 215 4.93348e-06
2.00625 1.82408 0 215 4.75857e-06
2.007 1.82408 0 215 4.59275e-06
2.00775 1.82408 0 215 4.43536e-06
2.0085 1.82408 0 215 4.28589e-06
2.00925 1.82408 0 215 4.14379e-06
2.01 1.82408 0 215 4.00855e-06
2.01075 1.82408 0 215 3.88101e-06
2.0115 1.82408 0 215 3.75818e-06
2.01225 1.82408 0 215 3.64097e-06
2.013 1.82408 0 215 3.52901e-06
2.01375 1.82408 0 215 3.42203e-06
2.0145 1.82408 0 215 3.31967e-06
2.01525 1.82408 0 215 3.22168e-06
2.016 1.82408 0 215 3.1278e-06
2.01675 1.82408 0 215 3.03783e-06
2.0175 1.82408 0 215 2.95157e-06
2.01825 1.82408 0 215 2.86891e-06
2.019 1.82408 0 215 2.78973e-06
2.01975 1.82408 0 215 2.71399e-06
2.0205 1.82408 0 215 2.64166e-06
2.02125 1.82408 0 215 2.57247e-06
2.022 1.82408 0 215 2.507e-06
2.02275 1.82408 0 215 2.44506e-06
2.0235 1.82408 0 215 2.38671e-06
2.02425 1.82408 0 215 2.33192e-06
2.025 1.82408 0 215 2.28063e-06
2.02575 1.82408 0 215 2.23252e-06
2.0265 1.82408 0 215 2.18744e-06
2.02725 1.82408 0 215 2.14497e-06
2.028 1.82408 0 215 2.10457e-06
2.02875 1.82408 0 215 2.06572e-06
2.0295 1.82408 0 215 2.02793e-06
2.03026 1.82408 0 215 1.99085e-06
2.03101 1.82408 0 215 1.954e-06
2.03176 1.82408 0 215 1.91725e-06
2.03251 1.82408 0 215 1.88052e-06
2.03326 1.82408 0 215 1.84374e-06
2.03401 1.82408 0 215 1.80697e-06
2.03476 1.82408 0 215 1.77029e-06
2.03551 1.82408 0 215 1.73385e-06
2.03626 1.82408 0 215 1.69775e-06
2.03701 1.82408 0 215 1.66216e-06
2.03776 1.82408 0 215 1.6272e-06
2.03851 1.82408 0 215 1.59295e-06
2.03926 1.82408 0 215 1.55948e-06
2.04001 1.82408 0 215 1.52686e-06
2.04076 1.82408 0 215 1.49513e-06
2.04151 1.82408 0 215 1.46425e-06
2.04226 1.82408 0 215 1.43432e-06
2.04301 1.82408 0 215 1.4053e-06
2.04376 1.82408 0 215 1.37717e-06
2.04451 1.82408 0 215 1.34995e-06
2.04526 1.82408 0 215 1.32356e-06
2.04601 1.82408 0 215 1.29802e-06
2.04676 1.82408 0 215 1.2733e-06
2.04751 1.82408 0 215 1.24937e-06
2.04826 1.82408 0 215 1.22619e-06
2.04901 1.82408 0 215 1.20373e-06
2.04976 1.82408 0 215 1.18197e-06
2.05051 1.82408 0 215 1.16089e-06
2.05126 1.82408 0 215 1.14046e-06
2.05201 1.82408 0 215 1.12065e-06
2.05276 1.82408 0 215 1.10143e-06
2.05351 1.82408 0 215 1.08278e-06
2.05426 1.82408 0 215 1.06467e-06
2.05501 1.82408 0 215 1.0471e-06
2.05576 1.82408 0 215 1.03002e-06
2.05651 1.82408 0 215 1.01342e-06
2.05726 1.82408 0 215 9.97294e-07
2.05801 1.82408 0 215 9.81616e-07
2.05876 1.82408 0 215 9.66367e-07
2.05951 1.82408 0 215 9.51539e-07
2.06026 1.82408 0 215 9.37102e-07
2.06101 1.82408 0 215 9.2305e-07
2.06176 1.82408 0 215 9.09367e-07
2.06251 1.82408 0 215 8.9604e-07
2.06326 1.82408 0 215 8.83057e-07
2.06401 1.82408 0 215 8.70406e-07
2.06476 1.82408 0 215 8.58075e-07
2.06551 1.82408 0 215 8.46058e-07
2.06626 1.82408 0 215 8.34339e-07
2.06701 1.82408 0 215 8.22908e-07
2.06776 1.82408 0 215 8.11753e-07
2.06851 1.82408 0 215 8.00872e-07
2.06926 1.82408 0 215 7.90249e-07
2.07001 1.82408 0 215 7.79885e-07
2.07076 1.82408 0 215 7.69763e-07
2.07151 1.82408 0 215 7.59876e-07
2.07226 1.82408 0 215 7.50224e-07
2.07301 1.82408 0 215 7.4079e-07
2.07376 1.82408 0 215 7.31578e-07
2.07451 1.82408 0 215 7.22575e-07
2.07526 1.82408 0 215 7.13772e-07
2.07601 1.82408 0 215 7.05167e-07
2.07676 1.82408 0 215 6.96759e-07
2.07751 1.82408 0 215 6.88533e-07
2.07826 1.82408 0 215 6.80492e-07
2.07901 1.82408 0 215 6.72624e-07
2.07976 1.82408 0 215 6.65098e-07
2.08051 1.82408 0 215 6.57568e-07
2.08126 1.82408 0 215 6.502e-07
2.08201 1.82408 0 215 6.42996e-07
2.08276 1.82408 0 215 6.35943e-07
2.08351 1.82408 0 215 6.29037e-07
2.08426 1.82408 0 215 6.22282e-07
2.08501 1.82408 0 215 6.15664e-07
2.08576 1.82408 0 215 6.09184e-07
2.08651 1.82408 0 215 6.02839e-07
2.08726 1.82408 0 215 5.96626e-07
2.08801 1.82408 0 215 5.90538e-07
2.08876 1.82408 0 215 5.84582e-07
2.08951 1.82408 0 215 5.78748e-07
2.09027 1.82408 0 215 5.73029e-07
2.09102 1.82408 0 215 5.67431e-07
2.09177 1.82408 0 215 5.6194e-07
2.09252 1.82408 0 215 5.56562e-07
2.09327 1.82408 0 215 5.51291e-07
2.09402 1.82408 0 215 5.46126e-07
2.09477 1.82408 0 215 5.41069e-07
2.09552 1.82408 0 215 5.36115e-07
2.09627 1.82408 0 215 5.31244e-07
2.09702 1.82408 0 215 5.2648e-07
2.09777 1.82408 0 215 5.21808e-07
2.09852 1.82408 0 215 5.17235e-07
2.09927 1.82408 0 215 5.12748e-07
2.10002 1.82408 0 215 5.08349e-07
2.10077 1.82408 0 215 5.0404e-07
2.10152 1.82408 0 215 4.99812e-07
2.10227 1.82408 0 215 4.9567e-07
2.10302 1.82408 0 215 4.91607e-07
2.10377 1.82408 0 215 4.87629e-07
2.10452 1.82408 0 215 4.83724e-07
2.10527 1.82408 0 215 4.79894e-07
2.10602 1.82408 0 215 4.7614e-07
2.10677 1.82408 0 215 4.7246e-07
2.10752 1.82408 0 215 4.68859e-07
2.10827 1.82408 0 215 4.65322e-07
2.10902 1.82408 0 215 4.61862e-07
2.10977 1.82408 0 215 4.58465e-07
2.11052 1.82408 0 215 4.55136e-07
2.11127 1.82408 0 215 4.51873e-07
2.11202 1.82408 0 215 4.48679e-07
2.11277 1.82408 0 215 4.4554e-07
2.11352 1.82408 0 215 4.42465e-07
2.11427 1.82408 0 215 4.3945e-07
2.11502 1.82408 0 215 4.36495e-07
2.11577 1.82408 0 215 4.33603e-07
2.11652 1.82408 0 215 4.30765e-07
2.11727 1.82408 0 215 4.27984e-07
2.11802 1.82408 0 215 4.25263e-07
2.11877 1.82408 0 215 4.22594e-07
2.11952 1.82408 0 215 4.1998e-07
2.12027 1.82408 0 215 4.17419e-07
2.12102 1.82408 0 215 4.14911e-07
2.12177 1.82408 0 215 4.12455e-07
2.12252 1.82408 0 215 4.10054e-07
2.12327 1.82408 0 215 4.07704e-07
2.12402 1.82408 0 215 4.05397e-07
2.12477 1.82408 0 215 4.03144e-07
2.12552 1.82408 0 215 4.00933e-07
2.12627 1.82408 0 215 3.98776e-07
2.12702 1.82408 0 215 3.96669e-07
2.12777 1.82408 0 215 3.94602e-07
2.12852 1.82408 0 215 3.92582e-07
2.12927 1.82408 0 215 3.90602e-07
2.13002 1.82408 0 215 3.88671e-07
2.13077 1.82408 0 215 3.86782e-07
2.13152 1.82408 0 215 3.84938e-07
2.13227 1.82408 0 215 3.83142e-07
2.13302 1.82408 0 215 3.81383e-07
2.13377 1.82408 0 215 3.79674e-07
2.13452 1.82408 0 215 3.77996e-07
2.13527 1.82408 0 215 3.76361e-07
2.13602 1.82408 0 215 3.74764e-07
2.13677 1.82408 0 215 3.73209e-07
2.13752 1.82408 0 215 3.71697e-07
2.13827 1.82408 0 215 3.7022e-07
2.13902 1.82408 0 215 3.68781e-07
2.13977 1.82408 0 215 3.67383e-07
2.14052 1.82408 0 215 3.66018e-07
2.14127 1.82408 0 215 3.64687e-07
2.14202 1.82408 0 215 3.63396e-07
2.14277 1.82408 0 215 3.62141e-07
2.14352 1.82408 0 215 3.60927e-07
2.14427 1.82408 0 215 3.59742e-07
2.14502 1.82408 0 215 3.58589e-07
2.14577 1.82408 0 215 3.57484e-07
2.14652 1.82408 0 215 3.564e-07
2.14727 1.82408 0 215 3.55359e-07
2.14802 1.82408 0 215 3.5434e-07
2.14877 1.82408 0 215 3.53354e-07
2.14952 1.82408 0 215 3.52394e-07
2.15028 1.82408 0 215 3.51468e-07
2.15103 1.82408 0 215 3.50583e-07
2.15178 1.82408 0 215 3.4972e-07
2.15253 1.82408 0 215 3.48879e-07
2.15328 1.82408 0 215 3.48068e-07
2.15403 1.82408 0 215 3.47869e-07
2.15478 1.82408 0 215 3.47106e-07
2.15553 1.82408 0 215 3.46372e-07
2.15628 1.82408 0 215 3.45661e-07
2.15703 1.82408 0 215 3.44968e-07
2.15778 1.82408 0 215 3.44294e-07
2.15853 1.82408 0 215 3.43656e-07
2.15928 1.82408 0 215 3.43015e-07
2.16003 1.82408 0 215 3.42392e-07
2.16078 1.82408 0 215 3.41782e-07
2.16153 1.82408 0 215 3.41185e-07
2.16228 1.82408 0 215 3.406e-07
2.16303 1.82408 0 215 3.40018e-07
2.16378 1.82408 0 215 3.39441e-07
2.16453 1.82408 0 215 3.38865e-07
2.16528 1.82408 0 215 3.38283e-07
2.16603 1.82408 0 215 3.37705e-07
2.16678 1.82408 0 215 3.37125e-07
2.16753 1.82408 0 215 3.36507e-07
2.16828 1.82408 0 215 3.35881e-07
2.16903 1.82408 0 215 3.35239e-07
2.16978 1.82408 0 215 3.34579e-07
2.17053 1.82408 0 215 3.33865e-07
2.17128 1.82408 0 215 3.33107e-07
2.17203 1.82408 0 215 3.32292e-07
2.17278 1.82408 0 215 3.3141e-07
2.17353 1.82408 0 215 3.30471e-07
2.17428 1.82408 0 215 3.29453e-07
2.17503 1.82408 0 215 3.28342e-07
2.17578 1.82408 0 215 3.27123e-07
2.17653 1.82408 0 215 3.25776e-07
2.17728 1.82408 0 215 3.24301e-07
2.17803 1.82408 0 215 3.22675e-07
2.17878 1.82408 0 215 3.20866e-07
2.17953 1.82408 0 215 3.18881e-07
2.18028 1.82408 0 215 3.16657e-07
2.18103 1.82408 0 215 3.1419e-07
2.18178 1.82408 0 215 3.11443e-07
2.18253 1.82408 0 215 3.08382e-07
2.18328 1.82408 0 215 3.04969e-07
2.18403 1.82408 0 215 3.01163e-07
2.18478 1.82408 0 215 2.9694e-07
2.18553 1.82408 0 215 2.92198e-07
2.18628 1.82408 0 215 2.86904e-07
2.18703 1.82408 0 215 2.80982e-07
2.18778 1.82408 0 215 2.7439e-07
2.18853 1.82408 0 215 2.67012e-07
2.18928 1.82408 0 215 2.58777e-07
2.19003 1.82408 0 215 2.49604e-07
2.19078 1.82408 0 215 2.39376e-07
2.19153 1.82408 0 215 2.2798e-07
2.19228 1.82408 0 215 2.15309e-07
2.19303 1.82408 0 215 2.01185e-07
2.19378 1.82408 0 215 1.85513e-07
2.19453 1.82408 0 215 1.68121e-07
2.19528 1.82408 0 215 1.48848e-07
2.19603 1.82408 0 215 1.27579e-07
2.19678 1.82408 0 215 1.04147e-07
2.19753 1.82408 0 215 7.8421e-08
2.19828 1.82408 0 215 5.02919e-08
2.19903 1.82408 0 215 1.96875e-08
2.19978 1.82408 0 215 -1.34092e-08
2.20053 1.82408 0 215 -4.90194e-08
2.20128 1.82408 0 215 -8.68242e-08
2.20203 1.82408 0 215 -1.26583e-07
2.20278 1.82408 0 215 -1.68022e-07
2.20353 1.82408 0 215 -2.10093e-07
2.20428 1.82408 0 215 -2.52015e-07
2.20503 1.82408 0 215 -2.92534e-07
2.20578 1.82408 0 215 -3.30195e-07
2.20653 1.82408 0 215 -3.63072e-07
2.20728 1.82408 0 215 -3.89103e-07
2.20803 1.82408 0 215 -4.05976e-07
2.20878 1.82408 0 215 -4.11331e-07
2.20953 1.82408 0 215 -4.0299e-07
2.21029 1.82408 0 215 -3.7921e-07
2.21104 1.82408 0 215 -3.38332e-07
2.21179 1.82408 0 215 -2.80091e-07
2.21254 1.82408 0 215 -2.04967e-07
2.21329 1.82408 0 215 -1.14653e-07
2.21404 1.82408 0 215 -1.14599e-08
2.21479 1.82408 0 215 1.01228e-07
2.21554 1.82408 0 215 2.19599e-07
2.21629 1.82408 0 215 3.39843e-07
2.21704 1.82408 0 215 4.58247e-07
2.21779 1.82408 0 215 5.71699e-07
2.21854 1.82408 0 215 6.77676e-07
2.21929 1.82408 0 215 7.74597e-07
2.22004 1.82408 0 215 8.61485e-07
2.22079 1.82408 0 215 9.38315e-07
2.22154 1.82408 0 215 1.00542e-06
2.22229 1.82408 0 215 1.06363e-06
2.22304 1.82408 0 215 1.11399e-06
2.22379 1.82408 0 215 1.15772e-06
2.22454 1.82408 0 215 1.19611e-06
2.22529 1.82408 0 215 1.2304e-06
2.22604 1.82408 0 215 1.26181e-06
2.22679 1.82408 0 215 1.29131e-06
2.22754 1.82408 0 215 1.32002e-06
2.22829 1.82408 0 215 1.34875e-06
2.22904 1.82408 0 215 1.37826e-06
2.22979 1.82408 0 215 1.40927e-06
2.23054 1.82408 0 215 1.44235e-06
2.23129 1.82408 0 215 1.47808e-06
2.23204 1.82408 0 215 1.51693e-06
2.23279 1.82408 0 215 1.55939e-06
2.23354 1.82408 0 215 1.61355e-06
2.23429 1.82408 0 215 1.66423e-06
2.23504 1.82408 0 215 1.71978e-06
2.23579 1.82408 0 215 1.78059e-06
2.23654 1.82408 0 215 1.84712e-06
2.23729 1.82408 0 215 1.91969e-06
2.23804 1.82408 0 215 1.99868e-06
2.23879 1.82408 0 215 2.08449e-06
2.23954 1.82408 0 215 2.17749e-06
2.24029 1.82408 0 215 2.27798e-06
2.24104 1.82408 0 215 2.38622e-06
2.24179 1.82408 0 215 2.50239e-06
2.24254 1.82408 0 215 2.62655e-06
2.24329 1.82408 0 215 2.75861e-06
2.24404 1.82408 0 215 2.89826e-06
2.24479 1.82408 0 215 3.04495e-06
2.24554 1.82408 0 215 3.19778e-06
2.24629 1.82408 0 215 3.35548e-06
2.24704 1.82408 0 215 3.51629e-06
2.24779 1.82408 0 215 3.67799e-06
2.24854 1.82408 0 215 3.83782e-06
2.24929 1.82408 0 215 3.99251e-06
2.25004 1.82408 0 215 4.13834e-06
2.25079 1.82408 0 215 4.2713e-06
2.25154 1.82408 0 215 4.38718e-06
2.25229 1.82408 0 215 4.482e-06
2.25304 1.82408 0 215 4.55216e-06
2.25379 1.82408 0 215 4.59483e-06
2.25454 1.82408 0 215 4.60811e-06
2.25529 1.82408 0 215 4.59134e-06
2.25604 1.82408 0 215 4.54507e-06
2.25679 1.82408 0 215 4.47103e-06
2.25754 1.82408 0 215 4.372e-06
2.25829 1.82408 0 215 4.2515e-06
2.25904 1.82408 0 215 4.11349e-06
2.25979 1.82408 0 215 3.96208e-06
2.26054 1.82408 0 215 3.80127e-06
2.26129 1.82408 0 215 3.63487e-06
2.26204 1.82408 0 215 3.46614e-06
2.26279 1.82408 0 215 3.29787e-06
2.26354 1.82408 0 215 3.1324e-06
2.26429 1.82408 0 215 2.9713e-06
2.26504 1.82408 0 215 2.81597e-06
2.26579 1.82408 0 215 2.66731e-06
2.26654 1.82408 0 215 2.52591e-06
2.26729 1.82408 0 215 2.39204e-06
2.26804 1.82408 0 215 2.26578e-06
2.26879 1.82408 0 215 2.14709e-06
2.26954 1.82408 0 215 2.03577e-06
2.2703 1.82408 0 215 1.93155e-06
2.27105 1.82408 0 215 1.83412e-06
2.2718 1.82408 0 215 1.74309e-06
2.27255 1.82408 0 215 1.65812e-06
2.2733 1.82408 0 215 1.57883e-06
2.27405 1.82408 0 215 1.50484e-06
2.2748 1.82408 0 215 1.43579e-06
2.27555 1.82408 0 215 1.37134e-06
2.2763 1.82408 0 215 1.31114e-06
2.27705 1.82408 0 215 1.25489e-06
2.2778 1.82408 0 215 1.20231e-06
2.27855 1.82408 0 215 1.15313e-06
2.2793 1.82408 0 215 1.10708e-06
2.28005 1.82408 0 215 1.06394e-06
2.2808 1.82408 0 215 1.0235e-06
2.28155 1.82408 0 215 9.85549e-07
2.2823 1.82408 0 215 9.49912e-07
2.28305 1.82408 0 215 9.16419e-07
2.2838 1.82408 0 215 8.84917e-07
2.28455 1.82408 0 215 8.55256e-07
2.2853 1.82408 0 215 8.2731e-07
2.28605 1.82408 0 215 8.0096e-07
2.2868 1.82408 0 215 7.76089e-07
2.28755 1.82408 0 215 7.52598e-07
2.2883 1.82408 0 215 7.30392e-07
2.28905 1.82408 0 215 7.09385e-07
2.2898 1.82408 0 215 6.89497e-07
2.29055 1.82408 0 215 6.70654e-07
2.2913 1.82408 0 215 6.52789e-07
2.29205 1.82408 0 215 6.35837e-07
2.2928 1.82408 0 215 6.19742e-07
2.29355 1.82408 0 215 6.04448e-07
2.2943 1.82408 0 215 5.89908e-07
2.29505 1.82408 0 215 5.76074e-07
2.2958 1.82408 0 215 5.62902e-07
2.29655 1.82408 0 215 5.50354e-07
2.2973 1.82408 0 215 5.38393e-07
2.29805 1.82408 0 215 5.26984e-07
2.2988 1.82408 0 215 5.16096e-07
2.29955 1.82408 0 215 5.05699e-07
2.3003 1.82408 0 215 4.95766e-07
2.30105 1.82408 0 215 4.86273e-07
2.3018 1.82408 0 215 4.77192e-07
2.30255 1.82408 0 215 4.68504e-07
2.3033 1.82408 0 215 4.60185e-07
2.30405 1.82408 0 215 4.52218e-07
2.3048 1.82408 0 215 4.44584e-07
2.30555 1.82408 0 215 4.37266e-07
2.3063 1.82408 0 215 4.30247e-07
2.30705 1.82408 0 215 4.23514e-07
2.3078 1.82408 0 215 4.17054e-07
2.30855 1.82408 0 215 4.10849e-07
2.3093 1.82408 0 215 4.04891e-07
2.31005 1.82408 0 215 3.99167e-07
2.3108 1.82408 0 215 3.93663e-07
2.31155 1.82408 0 215 3.88372e-07
2.3123 1.82408 0 215 3.83282e-07
2.31305 1.82408 0 215 3.78385e-07
2.3138 1.82408 0 215 3.73672e-07
2.31455 1.82408 0 215 3.69136e-07
2.3153 1.82408 0 215 3.64769e-07
2.31605 1.82408 0 215 3.60563e-07
2.3168 1.82408 0 215 3.56511e-07
2.31755 1.82408 0 215 3.52607e-07
2.3183 1.82408 0 215 3.48845e-07
2.31905 1.82408 0 215 3.45218e-07
2.3198 1.82408 0 215 3.41907e-07
2.32055 1.82408 0 215 3.38531e-07
2.3213 1.82408 0 215 3.35276e-07
2.32205 1.82408 0 215 3.32136e-07
2.3228 1.82408 0 215 3.29107e-07
2.32355 1.82408 0 215 3.26186e-07
2.3243 1.82408 0 215 3.23368e-07
2.32505 1.82408 0 215 3.20647e-07
2.3258 1.82408 0 215 3.18022e-07
2.32655 1.82408 0 215 3.15489e-07
2.3273 1.82408 0 215 3.13044e-07
2.32805 1.82408 0 215 3.10685e-07
2.3288 1.82408 0 215 3.08409e-07
2.32955 1.82408 0 215 3.06212e-07
2.33031 1.82408 0 215 3.04092e-07
2.33106 1.82408 0 215 3.02048e-07
2.33181 1.82408 0 215 3.00076e-07
2.33256 1.82408 0 215 2.98171e-07
2.33331 1.82408 0 215 2.96334e-07
2.33406 1.82408 0 215 2.94561e-07
2.33481 1.82408 0 215 2.92852e-07
2.33556 1.82408 0 215 2.91205e-07
2.33631 1.82408 0 215 2.89616e-07
2.33706 1.82408 0 215 2.88085e-07
2.33781 1.82408 0 215 2.86609e-07
2.33856 1.82408 0 215 2.85187e-07
2.33931 1.82408 0 215 2.83818e-07
2.34006 1.82408 0 215 2.825e-07
2.34081 1.82408 0 215 2.81234e-07
2.34156 1.82408 0 215 2.80015e-07
2.34231 1.82408 0 215 2.78842e-07
2.34306 1.82408 0 215 2.77714e-07
2.34381 1.82408 0 215 2.76632e-07
2.34456 1.82408 0 215 2.75593e-07
2.34531 1.82408 0 215 2.74597e-07
2.34606 1.82408 0 215 2.73641e-07
2.34681 1.82408 0 215 2.72725e-07
2.34756 1.82408 0 215 2.71848e-07
2.34831 1.82408 0 215 2.71009e-07
2.34906 1.82408 0 215 2.70207e-07
2.34981 1.82408 0 215 2.69445e-07
2.35056 1.82408 0 215 2.68716e-07
2.35131 1.82408 0 215 2.68026e-07
2.35206 1.82408 0 215 2.67366e-07
2.35281 1.82408 0 215 2.66738e-07
2.35356 1.82408 0 215 2.66143e-07
2.35431 1.82408 0 215 2.6558e-07
2.35506 1.82408 0 215 2.65048e-07
2.35581 1.82408 0 215 2.64546e-07
2.35656 1.82408 0 215 2.64075e-07
2.35731 1.82408 0 215 2.63632e-07
2.35806 1.82408 0 215 2.63203e-07
2.35881 1.82408 0 215 2.62817e-07
2.35956 1.82408 0 215 2.6246e-07
2.36031 1.82408 0 215 2.62131e-07
2.36106 1.82408 0 215 2.61827e-07
2.36181 1.82408 0 215 2.6155e-07
2.36256 1.82408 0 215 2.61298e-07
2.36331 1.82408 0 215 2.61071e-07
2.36406 1.82408 0 215 2.60869e-07
2.36481 1.82408 0 215 2.60693e-07
2.36556 1.82408 0 215 2.60541e-07
2.36631 1.82408 0 215 2.60411e-07
2.36706 1.82408 0 215 2.60303e-07
2.36781 1.82408 0 215 2.60219e-07
2.36856 1.82408 0 215 2.60157e-07
2.36931 1.82408 0 215 2.60117e-07
2.37006 1.82408 0 215 2.60099e-07
2.37081 1.82408 0 215 2.60103e-07
2.37156 1.82408 0 215 2.60126e-07
2.37231 1.82408 0 215 2.60171e-07
2.37306 1.82408 0 215 2.60237e-07
2.37381 1.82408 0 215 2.60321e-07
2.37456 1.82408 0 215 2.60426e-07
2.37531 1.82408 0 215 2.60548e-07
2.37606 1.82408 0 215 2.60688e-07
2.37681 1.82408 0 215 2.60847e-07
2.37756 1.82408 0 215 2.61023e-07
2.37831 1.82408 0 215 2.61217e-07
2.37906 1.82408 0 215 2.61427e-07
2.37981 1.82408 0 215 2.6166e-07
2.38056 1.82408 0 215 2.61906e-07
2.38131 1.82408 0 215 2.62166e-07
2.38206 1.82408 0 215 2.62439e-07
2.38281 1.82408 0 215 2.62727e-07
2.38356 1.82408 0 215 2.63028e-07
2.38431 1.82408 0 215 2.63342e-07
2.38506 1.82408 0 215 2.63669e-07
2.38581 1.82408 0 215 2.6401e-07
2.38656 1.82408 0 215 2.64361e-07
2.38731 1.82408 0 215 2.6472e-07
2.38806 1.82408 0 215 2.65097e-07
2.38881 1.82408 0 215 2.65474e-07
2.38956 1.82408 0 215 2.65858e-07
2.39032 1.82408 0 215 2.66248e-07
2.39107 1.82408 0 215 2.66648e-07
2.39182 1.82408 0 215 2.67046e-07
2.39257 1.82408 0 215 2.67446e-07
2.39332 1.82408 0 215 2.67853e-07
2.39407 1.82408 0 215 2.68254e-07
2.39482 1.82408 0 215 2.68654e-07
2.39557 1.82408 0 215 2.69046e-07
2.39632 1.82408 0 215 2.69429e-07
2.39707 1.82408 0 215 2.69808e-07
2.39782 1.82408 0 215 2.70168e-07
2.39857 1.82408 0 215 2.70514e-07
2.39932 1.82408 0 215 2.70837e-07
2.40007 1.82408 0 215 2.71141e-07
2.40082 1.82408 0 215 2.71416e-07
2.40157 1.82408 0 215 2.71676e-07
2.40232 1.82408 0 215 2.71884e-07
2.40307 1.82408 0 215 2.7205e-07
2.40382 1.82408 0 215 2.72174e-07
2.40457 1.82408 0 215 2.72239e-07
2.40532 1.82408 0 215 2.72249e-07
2.40607 1.82408 0 215 2.72187e-07
2.40682 1.82408 0 215 2.7207e-07
2.40757 1.82408 0 215 2.71858e-07
2.40832 1.82408 0 215 2.71542e-07
2.40907 1.82408 0 215 2.71123e-07
2.40982 1.82408 0 215 2.7059e-07
2.41057 1.82408 0 215 2.69942e-07
2.41132 1.82408 0 215 2.69148e-07
2.41207 1.82408 0 215 2.68226e-07
2.41282 1.82408 0 215 2.67052e-07
2.41357 1.82408 0 215 2.65785e-07
2.41432 1.82408 0 215 2.6434e-07
2.41507 1.82408 0 215 2.62742e-07
2.41582 1.82408 0 215 2.60924e-07
2.41657 1.82408 0 215 2.5891e-07
2.41732 1.82408 0 215 2.56709e-07
2.41807 1.82408 0 215 2.54371e-07
2.41882 1.82408 0 215 2.51836e-07
2.41957 1.82408 0 215 2.49174e-07
2.42032 1.82408 0 215 2.46474e-07
2.42107 1.82408 0 215 2.4371e-07
2.42182 1.82408 0 215 2.4101e-07
2.42257 1.82408 0 215 2.38488e-07
2.42332 1.82408 0 215 2.36233e-07
2.42407 1.82408 0 215 2.34399e-07
2.42482 1.82408 0 215 2.3316e-07
2.42557 1.82408 0 215 2.32689e-07
2.42632 1.82408 0 215 2.33197e-07
2.42707 1.82408 0 215 2.3485e-07
2.42782 1.82408 0 215 2.37848e-07
2.42857 1.82408 0 215 2.42302e-07
2.42932 1.82408 0 215 2.48292e-07
2.43007 1.82408 0 215 2.55863e-07
2.43082 1.82408 0 215 2.64943e-07
2.43157 1.82408 0 215 2.75375e-07
2.43232 1.82408 0 215 2.86954e-07
2.43307 1.82408 0 215 2.99416e-07
2.43382 1.82408 0 215 3.12405e-07
2.43457 1.82408 0 215 3.25611e-07
2.43532 1.82408 0 215 3.38639e-07
2.43607 1.82408 0 215 3.51276e-07
2.43682 1.82408 0 215 3.63231e-07
2.43757 1.82408 0 215 3.74318e-07
2.43832 1.82408 0 215 3.84416e-07
2.43907 1.82408 0 215 3.93467e-07
2.43982 1.82408 0 215 4.01467e-07
2.44057 1.82408 0 215 4.08446e-07
2.44132 1.82408 0 215 4.145e-07
2.44207 1.82408 0 215 4.19713e-07
2.44282 1.82408 0 215 4.24191e-07
2.44357 1.82408 0 215 4.28042e-07
2.44432 1.82408 0 215 4.31356e-07
2.44507 1.82408 0 215 4.34255e-07
2.44582 1.82408 0 215 4.36828e-07
2.44657 1.82408 0 215 4.39175e-07
2.44732 1.82408 0 215 4.41345e-07
2.44807 1.82408 0 215 4.43395e-07
2.44882 1.82408 0 215 4.45387e-07
2.44957 1.82408 0 215 4.47359e-07
2.45033 1.82408 0 215 4.49349e-07
2.45108 1.82408 0 215 4.51378e-07
2.45183 1.82408 0 215 4.53475e-07
2.45258 1.82408 0 215 4.55655e-07
2.45333 1.82408 0 215 4.57928e-07
2.45408 1.82408 0 215 4.60312e-07
2.45483 1.82408 0 215 4.62815e-07
2.45558 1.82408 0 215 4.6543e-07
2.45633 1.82408 0 215 4.68173e-07
2.45708 1.82408 0 215 4.71054e-07
2.45783 1.82408 0 215 4.74067e-07
2.45858 1.82408 0 215 4.77215e-07
2.45933 1.82408 0 215 4.80499e-07
2.46008 1.82408 0 215 4.83936e-07
2.46083 1.82408 0 215 4.87489e-07
2.46158 1.82408 0 215 4.91182e-07
2.46233 1.82408 0 215 4.95004e-07
2.46308 1.82408 0 215 4.98974e-07
2.46383 1.82408 0 215 5.03081e-07
2.46458 1.82408 0 215 5.07318e-07
2.46533 1.82408 0 215 5.11702e-07
2.46608 1.82408 0 215 5.16225e-07
2.46683 1.82408 0 215 5.20889e-07
2.46758 1.82408 0 215 5.25691e-07
2.46833 1.82408 0 215 5.30632e-07
2.46908 1.82408 0 215 5.35722e-07
2.46983 1.82408 0 215 5.40957e-07
2.47058 1.82408 0 215 5.46336e-07
2.47133 1.82408 0 215 5.51865e-07
2.47208 1.82408 0 215 5.57544e-07
2.47283 1.82408 0 215 5.63376e-07
2.47358 1.82408 0 215 5.69362e-07
2.47433 1.82408 0 215 5.75506e-07
2.47508 1.82408 0 215 5.81808e-07
2.47583 1.82408 0 215 5.88275e-07
2.47658 1.82408 0 215 5.94909e-07
2.47733 1.82408 0 215 6.01712e-07
2.47808 1.82408 0 215 6.08689e-07
2.47883 1.82408 0 215 6.15843e-07
2.47958 1.82408 0 215 6.23177e-07
2.48033 1.82408 0 215 6.30698e-07
2.48108 1.82408 0 215 6.38406e-07
2.48183 1.82408 0 215 6.4631e-07
2.48258 1.82408 0 215 6.54416e-07
2.48333 1.82408 0 215 6.62723e-07
2.48408 1.82408 0 215 6.71245e-07
2.48483 1.82408 0 215 6.79981e-07
2.48558 1.82408 0 215 6.8894e-07
2.48633 1.82408 0 215 6.98128e-07
2.48708 1.82408 0 215 7.0755e-07
2.48783 1.82408 0 215 7.17213e-07
2.48858 1.82408 0 215 7.27122e-07
2.48933 1.82408 0 215 7.37287e-07
2.49008 1.82408 0 215 7.47715e-07
2.49083 1.82408 0 215 7.58411e-07
2.49158 1.82408 0 215 7.69383e-07
2.49233 1.82408 0 215 7.80643e-07
2.49308 1.82408 0 215 7.92194e-07
2.49383 1.82408 0 215 8.04049e-07
2.49458 1.82408 0 215 8.16216e-07
2.49533 1.82408 0 215 8.28702e-07
2.49608 1.82408 0 215 8.41518e-07
2.49683 1.82408 0 215 8.54673e-07
2.49758 1.82408 0 215 8.68178e-07
2.49833 1.82408 0 215 8.82043e-07
2.49908 1.82408 0 215 8.96272e-07
2.49983 1.82408 0 215 9.10893e-07
2.50058 1.82408 0 215 9.25916e-07
2.50133 1.82408 0 215 9.41351e-07
2.50208 1.82408 0 215 9.57212e-07
2.50283 1.82408 0 215 9.73521e-07
2.50358 1.82408 0 215 9.90291e-07
2.50433 1.82408 0 215 1.00755e-06
2.50508 1.82408 0 215 1.02531e-06
2.50583 1.82408 0 215 1.04359e-06
2.50658 1.82408 0 215 1.06242e-06
2.50733 1.82408 0 215 1.08182e-06
2.50808 1.82408 0 215 1.10181e-06
2.50883 1.82408 0 215 1.12242e-06
2.50958 1.82408 0 215 1.14368e-06
2.51034 1.82408 0 215 1.16561e-06
2.51109 1.82408 0 215 1.18825e-06
2.51184 1.82408 0 215 1.21162e-06
2.51259 1.82408 0 215 1.23575e-06
2.51334 1.82408 0 215 1.25973e-06
2.51409 1.82408 0 215 1.28546e-06
2.51484 1.82408 0 215 1.31206e-06
2.51559 1.82408 0 215 1.33956e-06
2.51634 1.82408 0 215 1.36799e-06
2.51709 1.82408 0 215 1.39741e-06
2.51784 1.82408 0 215 1.42787e-06
2.51859 1.82408 0 215 1.4594e-06
2.51934 1.82408 0 215 1.49206e-06
2.52009 1.82408 0 215 1.52589e-06
2.52084 1.82408 0 215 1.56096e-06
2.52159 1.82408 0 215 1.59732e-06
2.52234 1.82408 0 215 1.63504e-06
2.52309 1.82408 0 215 1.67417e-06
2.52384 1.82408 0 215 1.7148e-06
2.52459 1.82408 0 215 1.75698e-06
2.52534 1.82408 0 215 1.8008e-06
2.52609 1.82408 0 215 1.84635e-06
2.52684 1.82408 0 215 1.89371e-06
2.52759 1.82408 0 215 1.94298e-06
2.52834 1.82408 0 215 1.99425e-06
2.52909 1.82408 0 215 2.04763e-06
2.52984 1.82408 0 215 2.10325e-06
2.53059 1.82408 0 215 2.16121e-06
2.53134 1.82408 0 215 2.22165e-06
2.53209 1.82408 0 215 2.28471e-06
2.53284 1.82408 0 215 2.35053e-06
2.53359 1.82408 0 215 2.41927e-06
2.53434 1.82408 0 215 2.49108e-06
2.53509 1.82408 0 215 2.56617e-06
2.53584 1.82408 0 215 2.64472e-06
2.53659 1.82408 0 215 2.72693e-06
2.53734 1.82408 0 215 2.81303e-06
2.53809 1.82408 0 215 2.90326e-06
2.53884 1.82408 0 215 2.99786e-06
2.53959 1.82408 0 215 3.09712e-06
2.54034 1.82408 0 215 3.20131e-06
2.54109 1.82408 0 215 3.31076e-06
2.54184 1.82408 0 215 3.42581e-06
2.54259 1.82408 0 215 3.54681e-06
2.54334 1.82408 0 215 3.67414e-06
2.54409 1.82408 0 215 3.80825e-06
2.54484 1.82408 0 215 3.94958e-06
2.54559 1.82408 0 215 4.09862e-06
2.54634 1.82408 0 215 4.25589e-06
2.54709 1.82408 0 215 4.42195e-06
2.54784 1.82408 0 215 4.59741e-06
2.54859 1.82408 0 215 4.78293e-06
2.54934 1.82408 0 215 4.97918e-06
2.55009 1.82408 0 215 5.18695e-06
2.55084 1.82408 0 215 5.40702e-06
2.55159 1.82408 0 215 5.64025e-06
2.55234 1.82408 0 215 5.88759e-06
2.55309 1.82408 0 215 6.14998e-06
2.55384 1.82408 0 215 6.42858e-06
2.55459 1.82408 0 215 6.72443e-06
2.55534 1.82408 0 215 7.03872e-06
2.55609 1.82408 0 215 7.3727e-06
2.55684 1.82408 0 215 7.72762e-06
2.55759 1.82408 0 215 8.10489e-06
2.55834 1.82408 0 215 8.50584e-06
2.55909 1.82408 0 215 8.9319e-06
2.55984 1.82408 0 215 9.38444e-06
2.56059 1.82408 0 215 9.86476e-06
2.56134 1.82408 0 215 1.03743e-05
2.56209 1.82408 0 215 1.0914e-05
2.56284 1.82408 0 215 1.14849e-05
2.56359 1.82408 0 215 1.20876e-05
2.56434 1.82408 0 215 1.27223e-05
2.56509 1.82408 0 215 1.33888e-05
2.56584 1.82408 0 215 1.40862e-05
2.56659 1.82408 0 215 1.48128e-05
2.56734 1.82408 0 215 1.55657e-05
2.56809 1.82408 0 215 1.6341e-05
2.56884 1.82408 0 215 1.71336e-05
2.56959 1.82408 0 215 1.79363e-05
2.57035 1.82408 0 215 1.87409e-05
2.5711 1.82408 0 215 1.95368e-05
2.57185 1.82408 0 215 2.03122e-05
2.5726 1.82408 0 215 2.10535e-05
2.57335 1.82408 0 215 2.1746e-05
2.5741 1.82408 0 215 2.23742e-05
2.57485 1.82408 0 215 2.29227e-05
2.5756 1.82408 0 215 2.33767e-05
2.57635 1.82408 0 215 2.37232e-05
2.5771 1.82408 0 215 2.39516e-05
2.57785 1.82408 0 215 2.40546e-05
2.5786 1.82408 0 215 2.40288e-05
2.57935 1.82408 0 215 2.3875e-05
2.5801 1.82408 0 215 2.35977e-05
2.58085 1.82408 0 215 2.32055e-05
2.5816 1.82408 0 215 2.27098e-05
2.58235 1.82408 0 215 2.21245e-05
2.5831 1.82408 0 215 2.14647e-05
2.58385 1.82408 0 215 2.0746e-05
2.5846 1.82408 0 215 1.99839e-05
2.58535 1.82408 0 215 1.91926e-05
2.5861 1.82408 0 215 1.83855e-05
2.58685 1.82408 0 215 1.75739e-05
2.5876 1.82408 0 215 1.67676e-05
2.58835 1.82408 0 215 1.59746e-05
2.5891 1.82408 0 215 1.52014e-05
2.58985 1.82408 0 215 1.44527e-05
2.5906 1.82408 0 215 1.37321e-05
2.59135 1.82408 0 215 1.30418e-05
2.5921 1.82408 0 215 1.23833e-05
2.59285 1.82408 0 215 1.17573e-05
2.5936 1.82408 0 215 1.11638e-05
2.59435 1.82408 0 215 1.06023e-05
2.5951 1.82408 0 215 1.00722e-05
2.59585 1.82408 0 215 9.57233e-06
2.5966 1.82408 0 215 9.10149e-06
2.59735 1.82408 0 215 8.65834e-06
2.5981 1.82408 0 215 8.24149e-06
2.59885 1.82408 0 215 7.84951e-06
2.5996 1.82408 0 215 7.48097e-06
2.60035 1.82408 0 215 7.13448e-06
2.6011 1.82408 0 215 6.80869e-06
2.60185 1.82408 0 215 6.50231e-06
2.6026 1.82408 0 215 6.21409e-06
2.60335 1.82408 0 215 5.94285e-06
2.6041 1.82408 0 215 5.68748e-06
2.60485 1.82408 0 215 5.44694e-06
2.6056 1.82408 0 215 5.22025e-06
2.60635 1.82408 0 215 5.00651e-06
2.6071 1.82408 0 215 4.80487e-06
2.60785 1.82408 0 215 4.61447e-06
2.6086 1.82408 0 215 4.43462e-06
2.60935 1.82408 0 215 4.26463e-06
2.6101 1.82408 0 215 4.10384e-06
2.61085 1.82408 0 215 3.95167e-06
2.6116 1.82408 0 215 3.80755e-06
2.61235 1.82408 0 215 3.67099e-06
2.6131 1.82408 0 215 3.54149e-06
2.61385 1.82408 0 215 3.41861e-06
2.6146 1.82408 0 215 3.30195e-06
2.61535 1.82408 0 215 3.19112e-06
2.6161 1.82408 0 215 3.08577e-06
2.61685 1.82408 0 215 2.98556e-06
2.6176 1.82408 0 215 2.89021e-06
2.61835 1.82408 0 215 2.79938e-06
2.6191 1.82408 0 215 2.71285e-06
2.61985 1.82408 0 215 2.63035e-06
2.6206 1.82408 0 215 2.55165e-06
2.62135 1.82408 0 215 2.47655e-06
2.6221 1.82408 0 215 2.4057e-06
2.62285 1.82408 0 215 2.33713e-06
2.6236 1.82408 0 215 2.27158e-06
2.62435 1.82408 0 215 2.20891e-06
2.6251 1.82408 0 215 2.14894e-06
2.62585 1.82408 0 215 2.09154e-06
2.6266 1.82408 0 215 2.03658e-06
2.62735 1.82408 0 215 1.98392e-06
2.6281 1.82408 0 215 1.93346e-06
2.62885 1.82408 0 215 1.88507e-06
2.6296 1.82408 0 215 1.83866e-06
2.63036 1.82408 0 215 1.79413e-06
2.63111 1.82408 0 215 1.75139e-06
2.63186 1.82408 0 215 1.71035e-06
2.63261 1.82408 0 215 1.67093e-06
2.63336 1.82408 0 215 1.63305e-06
2.63411 1.82408 0 215 1.59665e-06
2.63486 1.82408 0 215 1.56166e-06
2.63561 1.82408 0 215 1.528e-06
2.63636 1.82408 0 215 1.49564e-06
2.63711 1.82408 0 215 1.46449e-06
2.63786 1.82408 0 215 1.43452e-06
2.63861 1.82408 0 215 1.40568e-06
2.63936 1.82408 0 215 1.37791e-06
2.64011 1.82408 0 215 1.35118e-06
2.64086 1.82408 0 215 1.32543e-06
2.64161 1.82408 0 215 1.30063e-06
2.64236 1.82408 0 215 1.27676e-06
2.64311 1.82408 0 215 1.25375e-06
2.64386 1.82408 0 215 1.23159e-06
2.64461 1.82408 0 215 1.21024e-06
2.64536 1.82408 0 215 1.18967e-06
2.64611 1.82408 0 215 1.16986e-06
2.64686 1.82408 0 215 1.15077e-06
2.64761 1.82408 0 215 1.13239e-06
2.64836 1.82408 0 215 1.11469e-06
2.64911 1.82408 0 215 1.09764e-06
2.64986 1.82408 0 215 1.08122e-06
2.65061 1.82408 0 215 1.06542e-06
2.65136 1.82408 0 215 1.05021e-06
2.65211 1.82408 0 215 1.03559e-06
2.65286 1.82408 0 215 1.02152e-06
2.65361 1.82408 0 215 1.008e-06
2.65436 1.82408 0 215 9.95011e-07
2.65511 1.82408 0 215 9.82537e-07
2.65586 1.82408 0 215 9.70565e-07
2.65661 1.82408 0 215 9.59086e-07
2.65736 1.82408 0 215 9.48086e-07
2.65811 1.82408 0 215 9.37556e-07
2.65886 1.82408 0 215 9.27486e-07
2.65961 1.82408 0 215 9.17866e-07
2.66036 1.82408 0 215 9.08689e-07
2.66111 1.82408 0 215 8.99947e-07
2.66186 1.82408 0 215 8.91632e-07
2.66261 1.82408 0 215 8.8374e-07
2.66336 1.82408 0 215 8.76264e-07
2.66411 1.82408 0 215 8.69199e-07
2.66486 1.82408 0 215 8.6254e-07
2.66561 1.82408 0 215 8.56286e-07
2.66636 1.82408 0 215 8.50432e-07
2.66711 1.82408 0 215 8.44977e-07
2.66786 1.82408 0 215 8.3992e-07
2.66861 1.82408 0 215 8.35259e-07
2.66936 1.82408 0 215 8.30994e-07
2.67011 1.82408 0 215 8.27126e-07
2.67086 1.82408 0 215 8.23656e-07
2.67161 1.82408 0 215 8.20586e-07
2.67236 1.82408 0 215 8.17918e-07
2.67311 1.82408 0 215 8.15657e-07
2.67386 1.82408 0 215 8.13806e-07
2.67461 1.82408 0 215 8.1237e-07
2.67536 1.82408 0 215 8.11354e-07
2.67611 1.82408 0 215 8.10768e-07
2.67686 1.82408 0 215 8.10615e-07
2.67761 1.82408 0 215 8.10908e-07
2.67836 1.82408 0 215 8.11656e-07
2.67911 1.82408 0 215 8.12868e-07
2.67986 1.82408 0 215 8.14558e-07
2.68061 1.82408 0 215 8.16737e-07
2.68136 1.82408 0 215 8.19421e-07
2.68211 1.82408 0 215 8.22625e-07
2.68286 1.82408 0 215 8.26366e-07
2.68361 1.82408 0 215 8.3066e-07
2.68436 1.82408 0 215 8.3553e-07
2.68511 1.82408 0 215 8.41e-07
2.68586 1.82408 0 215 8.4709e-07
2.68661 1.82408 0 215 8.53827e-07
2.68736 1.82408 0 215 8.61238e-07
2.68811 1.82408 0 215 8.69352e-07
2.68886 1.82408 0 215 8.78204e-07
2.68961 1.82408 0 215 8.87828e-07
2.69037 1.82408 0 215 8.9826e-07
2.69112 1.82408 0 215 9.0954e-07
2.69187 1.82408 0 215 9.21713e-07
2.69262 1.82408 0 215 9.34824e-07
2.69337 1.82408 0 215 9.48927e-07
2.69412 1.82408 0 215 9.64075e-07
2.69487 1.82408 0 215 9.80345e-07
2.69562 1.82408 0 215 9.97761e-07
2.69637 1.82408 0 215 1.01641e-06
2.69712 1.82408 0 215 1.03637e-06
2.69787 1.82408 0 215 1.0577e-06
2.69862 1.82408 0 215 1.08051e-06
2.69937 1.82408 0 215 1.10487e-06
2.70012 1.82408 0 215 1.13088e-06
2.70087 1.82408 0 215 1.15865e-06
2.70162 1.82408 0 215 1.18828e-06
2.70237 1.82408 0 215 1.21989e-06
2.70312 1.82408 0 215 1.2536e-06
2.70387 1.82408 0 215 1.28954e-06
2.70462 1.82408 0 215 1.32784e-06
2.70537 1.82408 0 215 1.36866e-06
2.70612 1.82408 0 215 1.41214e-06
2.70687 1.82408 0 215 1.45845e-06
2.70762 1.82408 0 215 1.50773e-06
2.70837 1.82408 0 215 1.56015e-06
2.70912 1.82408 0 215 1.61588e-06
2.70987 1.82408 0 215 1.67507e-06
2.71062 1.82408 0 215 1.73788e-06
2.71137 1.82408 0 215 1.80444e-06
2.71212 1.82408 0 215 1.8749e-06
2.71287 1.82408 0 215 1.94934e-06
2.71362 1.82408 0 215 2.02783e-06
2.71437 1.82408 0 215 2.1104e-06
2.71512 1.82408 0 215 2.197e-06
2.71587 1.82408 0 215 2.28752e-06
2.71662 1.82408 0 215 2.38176e-06
2.71737 1.82408 0 215 2.47942e-06
2.71812 1.82408 0 215 2.58004e-06
2.71887 1.82408 0 215 2.68305e-06
2.71962 1.82408 0 215 2.78769e-06
2.72037 1.82408 0 215 2.89303e-06
2.72112 1.82408 0 215 2.99795e-06
2.72187 1.82408 0 215 3.10114e-06
2.72262 1.82408 0 215 3.20109e-06
2.72337 1.82408 0 215 3.29619e-06
2.72412 1.82408 0 215 3.38464e-06
2.72487 1.82408 0 215 3.46464e-06
2.72562 1.82408 0 215 3.53438e-06
2.72637 1.82408 0 215 3.59216e-06
2.72712 1.82408 0 215 3.63646e-06
2.72787 1.82408 0 215 3.66605e-06
2.72862 1.82408 0 215 3.68006e-06
2.72937 1.82408 0 215 3.67804e-06
2.73012 1.82408 0 215 3.65997e-06
2.73087 1.82408 0 215 3.6263e-06
2.73162 1.82408 0 215 3.57789e-06
2.73237 1.82408 0 215 3.51597e-06
2.73312 1.82408 0 215 3.44203e-06
2.73387 1.82408 0 215 3.35778e-06
2.73462 1.82408 0 215 3.26504e-06
2.73537 1.82408 0 215 3.1656e-06
2.73612 1.82408 0 215 3.06124e-06
2.73687 1.82408 0 215 2.95364e-06
2.73762 1.82408 0 215 2.84428e-06
2.73837 1.82408 0 215 2.73447e-06
2.73912 1.82408 0 215 2.62535e-06
2.73987 1.82408 0 215 2.51786e-06
2.74062 1.82408 0 215 2.41274e-06
2.74137 1.82408 0 215 2.31089e-06
2.74212 1.82408 0 215 2.21213e-06
2.74287 1.82408 0 215 2.1171e-06
2.74362 1.82408 0 215 2.02598e-06
2.74437 1.82408 0 215 1.93891e-06
2.74512 1.82408 0 215 1.8559e-06
2.74587 1.82408 0 215 1.77694e-06
2.74662 1.82408 0 215 1.70195e-06
2.74737 1.82408 0 215 1.63084e-06
2.74812 1.82408 0 215 1.56347e-06
2.74887 1.82408 0 215 1.49972e-06
2.74962 1.82408 0 215 1.4394e-06
2.75038 1.82408 0 215 1.38237e-06
2.75113 1.82408 0 215 1.32846e-06
2.75188 1.82408 0 215 1.2775e-06
2.75263 1.82408 0 215 1.22932e-06
2.75338 1.82408 0 215 1.18377e-06
2.75413 1.82408 0 215 1.1407e-06
2.75488 1.82408 0 215 1.09996e-06
2.75563 1.82408 0 215 1.06141e-06
2.75638 1.82408 0 215 1.02491e-06
2.75713 1.82408 0 215 9.90348e-07
2.75788 1.82408 0 215 9.57593e-07
2.75863 1.82408 0 215 9.26535e-07
2.75938 1.82408 0 215 8.97073e-07
2.76013 1.82408 0 215 8.69115e-07
2.76088 1.82408 0 215 8.42553e-07
2.76163 1.82408 0 215 8.17309e-07
2.76238 1.82408 0 215 7.93302e-07
2.76313 1.82408 0 215 7.70457e-07
2.76388 1.82408 0 215 7.48701e-07
2.76463 1.82408 0 215 7.27971e-07
2.76538 1.82408 0 215 7.08204e-07
2.76613 1.82408 0 215 6.89343e-07
2.76688 1.82408 0 215 6.71335e-07
2.76763 1.82408 0 215 6.54127e-07
2.76838 1.82408 0 215 6.37674e-07
2.76913 1.82408 0 215 6.21932e-07
2.76988 1.82408 0 215 6.06856e-07
2.77063 1.82408 0 215 5.92414e-07
2.77138 1.82408 0 215 5.78567e-07
2.77213 1.82408 0 215 5.65283e-07
2.77288 1.82408 0 215 5.52526e-07
2.77363 1.82408 0 215 5.40268e-07
2.77438 1.82408 0 215 5.2848e-07
2.77513 1.82408 0 215 5.17137e-07
2.77588 1.82408 0 215 5.06212e-07
2.77663 1.82408 0 215 4.95684e-07
2.77738 1.82408 0 215 4.85531e-07
2.77813 1.82408 0 215 4.75728e-07
2.77888 1.82408 0 215 4.66257e-07
2.77963 1.82408 0 215 4.57099e-07
2.78038 1.82408 0 215 4.48235e-07
2.78113 1.82408 0 215 4.39648e-07
2.78188 1.82408 0 215 4.31321e-07
2.78263 1.82408 0 215 4.23238e-07
2.78338 1.82408 0 215 4.1538e-07
2.78413 1.82408 0 215 4.07745e-07
2.78488 1.82408 0 215 4.00306e-07
2.78563 1.82408 0 215 3.9305e-07
2.78638 1.82408 0 215 3.85963e-07
2.78713 1.82408 0 215 3.79036e-07
2.78788 1.82408 0 215 3.72249e-07
2.78863 1.82408 0 215 3.65594e-07
2.78938 1.82408 0 215 3.59052e-07
2.79013 1.82408 0 215 3.5261e-07
2.79088 1.82408 0 215 3.46255e-07
2.79163 1.82408 0 215 3.39971e-07
2.79238 1.82408 0 215 3.33741e-07
2.79313 1.82408 0 215 3.27554e-07
2.79388 1.82408 0 215 3.21386e-07
2.79463 1.82408 0 215 3.15227e-07
2.79538 1.82408 0 215 3.09053e-07
2.79613 1.82408 0 215 3.02839e-07
2.79688 1.82408 0 215 2.96565e-07
2.79763 1.82408 0 215 2.90207e-07
2.79838 1.82408 0 215 2.83734e-07
2.79913 1.82408 0 215 2.77125e-07
2.79988 1.82408 0 215 2.70345e-07
2.80063 1.82408 0 215 2.6336e-07
2.80138 1.82408 0 215 2.56136e-07
2.80213 1.82408 0 215 2.48637e-07
2.80288 1.82408 0 215 2.40813e-07
2.80363 1.82408 0 215 2.32638e-07
2.80438 1.82408 0 215 2.24058e-07
2.80513 1.82408 0 215 2.15034e-07
2.80588 1.82408 0 215 2.05526e-07
2.80663 1.82408 0 215 1.9549e-07
2.80738 1.82408 0 215 1.84881e-07
2.80813 1.82408 0 215 1.73674e-07
2.80888 1.82408 0 215 1.61822e-07
2.80963 1.82408 0 215 1.49294e-07
2.81039 1.82408 0 215 1.36084e-07
2.81114 1.82408 0 215 1.22157e-07
2.81189 1.82408 0 215 1.07497e-07
2.81264 1.82408 0 215 9.21052e-08
2.81339 1.82408 0 215 7.59837e-08
2.81414 1.82408 0 215 5.9148e-08
2.81489 1.82408 0 215 4.16421e-08
2.81564 1.82408 0 215 2.35102e-08
2.81639 1.82408 0 215 4.81962e-09
2.81714 1.82408 0 215 -1.42612e-08
2.81789 1.82408 0 215 -3.36134e-08
2.81864 1.82408 0 215 -5.30463e-08
2.81939 1.82408 0 215 -7.23229e-08
2.82014 1.82408 0 215 -9.12503e-08
2.82089 1.82408 0 215 -1.09308e-07
2.82164 1.82408 0 215 -1.26195e-07
2.82239 1.82408 0 215 -1.41481e-07
2.82314 1.82408 0 215 -1.54683e-07
2.82389 1.82408 0 215 -1.65312e-07
2.82464 1.82408 0 215 -1.72877e-07
2.82539 1.82408 0 215 -1.76895e-07
2.82614 1.82408 0 215 -1.76945e-07
2.82689 1.82408 0 215 -1.72703e-07
2.82764 1.82408 0 215 -1.63935e-07
2.82839 1.82408 0 215 -1.50583e-07
2.82914 1.82408 0 215 -1.32737e-07
2.82989 1.82408 0 215 -1.10661e-07
2.83064 1.82408 0 215 -8.48022e-08
2.83139 1.82408 0 215 -5.5756e-08
2.83214 1.82408 0 215 -2.42421e-08
2.83289 1.82408 0 215 8.93881e-09
2.83364 1.82408 0 215 4.28814e-08
2.83439 1.82408 0 215 7.69086e-08
2.83514 1.82408 0 215 1.10177e-07
2.83589 1.82408 0 215 1.42005e-07
2.83664 1.82408 0 215 1.7186e-07
2.83739 1.82408 0 215 1.99291e-07
2.83814 1.82408 0 215 2.24012e-07
2.83889 1.82408 0 215 2.45856e-07
2.83964 1.82408 0 215 2.64769e-07
2.84039 1.82408 0 215 2.80792e-07
2.84114 1.82408 0 215 2.94042e-07
2.84189 1.82408 0 215 3.04689e-07
2.84264 1.82408 0 215 3.12945e-07
2.84339 1.82408 0 215 3.19041e-07
2.84414 1.82408 0 215 3.23216e-07
2.84489 1.82408 0 215 3.25707e-07
2.84564 1.82408 0 215 3.26747e-07
2.84639 1.82408 0 215 3.26554e-07
2.84714 1.82408 0 215 3.25323e-07
2.84789 1.82408 0 215 3.23225e-07
2.84864 1.82408 0 215 3.20429e-07
2.84939 1.82408 0 215 3.17064e-07
2.85014 1.82408 0 215 3.13266e-07
2.85089 1.82408 0 215 3.09131e-07
2.85164 1.82408 0 215 3.04739e-07
2.85239 1.82408 0 215 3.0017e-07
2.85314 1.82408 0 215 2.95488e-07
2.85389 1.82408 0 215 2.90766e-07
2.85464 1.82408 0 215 2.86004e-07
2.85539 1.82408 0 215 2.81271e-07
2.85614 1.82408 0 215 2.76567e-07
2.85689 1.82408 0 215 2.71927e-07
2.85764 1.82408 0 215 2.67367e-07
2.85839 1.82408 0 215 2.629e-07
2.85914 1.82408 0 215 2.58534e-07
2.85989 1.82408 0 215 2.54276e-07
2.86064 1.82408 0 215 2.50129e-07
2.86139 1.82408 0 215 2.46093e-07
2.86214 1.82408 0 215 2.42171e-07
2.86289 1.82408 0 215 2.38364e-07
2.86364 1.82408 0 215 2.3467e-07
2.86439 1.82408 0 215 2.31077e-07
2.86514 1.82408 0 215 2.2758e-07
2.86589 1.82408 0 215 2.24179e-07
2.86664 1.82408 0 215 2.2087e-07
2.86739 1.82408 0 215 2.17649e-07
2.86814 1.82408 0 215 2.14504e-07
2.86889 1.82408 0 215 2.11433e-07
2.86964 1.82408 0 215 2.0843e-07
2.8704 1.82408 0 215 2.05487e-07
2.87115 1.82408 0 215 2.02604e-07
2.8719 1.82408 0 215 2.01451e-07
2.87265 1.82408 0 215 1.98591e-07
2.8734 1.82408 0 215 1.95766e-07
2.87415 1.82408 0 215 1.92969e-07
2.8749 1.82408 0 215 1.90194e-07
2.87565 1.82408 0 215 1.87432e-07
2.8764 1.82408 0 215 1.84692e-07
2.87715 1.82408 0 215 1.81935e-07
2.8779 1.82408 0 215 1.79168e-07
2.87865 1.82408 0 215 1.76396e-07
2.8794 1.82408 0 215 1.73586e-07
2.88015 1.82408 0 215 1.70746e-07
2.8809 1.82408 0 215 1.67876e-07
2.88165 1.82408 0 215 1.64949e-07
2.8824 1.82408 0 215 1.61966e-07
2.88315 1.82408 0 215 1.58925e-07
2.8839 1.82408 0 215 1.55818e-07
2.88465 1.82408 0 215 1.5264e-07
2.8854 1.82408 0 215 1.49397e-07
2.88615 1.82408 0 215 1.46072e-07
2.8869 1.82408 0 215 1.42673e-07
2.88765 1.82408 0 215 1.39206e-07
2.8884 1.82408 0 215 1.35676e-07
2.88915 1.82408 0 215 1.32097e-07
2.8899 1.82408 0 215 1.285e-07
2.89065 1.82408 0 215 1.2489e-07
2.8914 1.82408 0 215 1.21286e-07
2.89215 1.82408 0 215 1.17735e-07
2.8929 1.82408 0 215 1.14288e-07
2.89365 1.82408 0 215 1.10996e-07
2.8944 1.82408 0 215 1.07923e-07
2.89515 1.82408 0 215 1.0514e-07
2.8959 1.82408 0 215 1.02727e-07
2.89665 1.82408 0 215 1.00767e-07
2.8974 1.82408 0 215 9.93492e-08
2.89815 1.82408 0 215 9.85601e-08
2.8989 1.82408 0 215 9.84894e-08
2.89965 1.82408 0 215 9.91877e-08
2.9004 1.82408 0 215 1.00712e-07
2.90115 1.82408 0 215 1.03111e-07
2.9019 1.82408 0 215 1.06392e-07
2.90265 1.82408 0 215 1.10522e-07
2.9034 1.82408 0 215 1.1544e-07
2.90415 1.82408 0 215 1.21067e-07
2.9049 1.82408 0 215 1.27271e-07
2.90565 1.82408 0 215 1.33928e-07
2.9064 1.82408 0 215 1.40875e-07
2.90715 1.82408 0 215 1.47935e-07
2.9079 1.82408 0 215 1.54974e-07
2.90865 1.82408 0 215 1.6183e-07
2.9094 1.82408 0 215 1.68371e-07
2.91015 1.82408 0 215 1.7449e-07
2.9109 1.82408 0 215 1.80103e-07
2.91165 1.82408 0 215 1.85142e-07
2.9124 1.82408 0 215 1.89603e-07
2.91315 1.82408 0 215 1.93464e-07
2.9139 1.82408 0 215 1.96731e-07
2.91465 1.82408 0 215 1.99447e-07
2.9154 1.82408 0 215 2.01643e-07
2.91615 1.82408 0 215 2.03366e-07
2.9169 1.82408 0 215 2.04652e-07
2.91765 1.82408 0 215 2.05587e-07
2.9184 1.82408 0 215 2.06207e-07
2.91915 1.82408 0 215 2.06561e-07
2.9199 1.82408 0 215 2.0668e-07
2.92065 1.82408 0 215 2.06639e-07
2.9214 1.82408 0 215 2.06465e-07
2.92215 1.82408 0 215 2.0619e-07
2.9229 1.82408 0 215 2.05844e-07
2.92365 1.82408 0 215 2.05452e-07
2.9244 1.82408 0 215 2.05038e-07
2.92515 1.82408 0 215 2.04615e-07
2.9259 1.82408 0 215 2.04211e-07
2.92665 1.82408 0 215 2.03833e-07
2.9274 1.82408 0 215 2.03491e-07
2.92815 1.82408 0 215 2.03198e-07
2.9289 1.82408 0 215 2.02955e-07
2.92965 1.82408 0 215 2.02777e-07
2.93041 1.82408 0 215 2.02669e-07
2.93116 1.82408 0 215 2.02632e-07
2.93191 1.82408 0 215 2.0267e-07
2.93266 1.82408 0 215 2.02783e-07
2.93341 1.82408 0 215 2.02981e-07
2.93416 1.82408 0 215 2.0326e-07
2.93491 1.82408 0 215 2.03627e-07
2.93566 1.82408 0 215 2.04081e-07
2.93641 1.82408 0 215 2.04622e-07
2.93716 1.82408 0 215 2.05256e-07
2.93791 1.82408 0 215 2.05985e-07
2.93866 1.82408 0 215 2.06808e-07
2.93941 1.82408 0 215 2.07731e-07
2.94016 1.82408 0 215 2.08752e-07
2.94091 1.82408 0 215 2.09874e-07
2.94166 1.82408 0 215 2.11103e-07
2.94241 1.82408 0 215 2.1244e-07
2.94316 1.82408 0 215 2.13889e-07
2.94391 1.82408 0 215 2.15454e-07
2.94466 1.82408 0 215 2.17135e-07
2.94541 1.82408 0 215 2.18942e-07
2.94616 1.82408 0 215 2.20877e-07
2.94691 1.82408 0 215 2.22946e-07
2.94766 1.82408 0 215 2.25154e-07
2.94841 1.82408 0 215 2.27508e-07
2.94916 1.82408 0 215 2.30011e-07
2.94991 1.82408 0 215 2.32675e-07
2.95066 1.82408 0 215 2.35503e-07
2.95141 1.82408 0 215 2.38506e-07
2.95216 1.82408 0 215 2.4169e-07
2.95291 1.82408 0 215 2.45065e-07
2.95366 1.82408 0 215 2.4864e-07
2.95441 1.82408 0 215 2.52427e-07
2.95516 1.82408 0 215 2.56431e-07
2.95591 1.82408 0 215 2.60669e-07
2.95666 1.82408 0 215 2.65148e-07
2.95741 1.82408 0 215 2.69882e-07
2.95816 1.82408 0 215 2.74882e-07
2.95891 1.82408 0 215 2.80162e-07
2.95966 1.82408 0 215 2.8573e-07
2.96041 1.82408 0 215 2.91598e-07
2.96116 1.82408 0 215 2.97776e-07
2.96191 1.82408 0 215 3.04278e-07
2.96266 1.82408 0 215 3.11112e-07
2.96341 1.82408 0 215 3.18281e-07
2.96416 1.82408 0 215 3.25796e-07
2.96491 1.82408 0 215 3.33657e-07
2.96566 1.82408 0 215 3.4186e-07
2.96641 1.82408 0 215 3.50401e-07
2.96716 1.82408 0 215 3.59266e-07
2.96791 1.82408 0 215 3.68437e-07
2.96866 1.82408 0 215 3.77887e-07
2.96941 1.82408 0 215 3.8758e-07
2.97016 1.82408 0 215 3.9747e-07
2.97091 1.82408 0 215 4.07503e-07
2.97166 1.82408 0 215 4.17606e-07
2.97241 1.82408 0 215 4.27699e-07
2.97316 1.82408 0 215 4.37688e-07
2.97391 1.82408 0 215 4.47462e-07
2.97466 1.82408 0 215 4.56904e-07
2.97541 1.82408 0 215 4.65886e-07
2.97616 1.82408 0 215 4.74274e-07
2.97691 1.82408 0 215 4.81931e-07
2.97766 1.82408 0 215 4.88723e-07
2.97841 1.82408 0 215 4.94535e-07
2.97916 1.82408 0 215 4.99249e-07
2.97991 1.82408 0 215 5.02764e-07
2.98066 1.82408 0 215 5.05008e-07
2.98141 1.82408 0 215 5.05938e-07
2.98216 1.82408 0 215 5.05537e-07
2.98291 1.82408 0 215 5.03827e-07
2.98366 1.82408 0 215 5.00847e-07
2.98441 1.82408 0 215 4.96674e-07
2.98516 1.82408 0 215 4.91406e-07
2.98591 1.82408 0 215 4.85157e-07
2.98666 1.82408 0 215 4.78056e-07
2.98741 1.82408 0 215 4.7024e-07
2.98816 1.82408 0 215 4.61846e-07
2.98891 1.82408 0 215 4.53007e-07
2.98966 1.82408 0 215 4.43852e-07
2.99042 1.82408 0 215 4.34503e-07
2.99117 1.82408 0 215 4.25063e-07
2.99192 1.82408 0 215 4.15631e-07
2.99267 1.82408 0 215 4.06285e-07
2.99342 1.82408 0 215 3.97096e-07
2.99417 1.82408 0 215 3.88119e-07
2.99492 1.82408 0 215 3.79401e-07
2.99567 1.82408 0 215 3.70977e-07
2.99642 1.82408 0 215 3.62872e-07
2.99717 1.82408 0 215 3.55106e-07
2.99792 1.82408 0 215 3.47687e-07
2.99867 1.82408 0 215 3.40622e-07
2.99942 1.82408 0 215 3.33913e-07
3.00017 1.82408 0 215 3.27558e-07
3.00092 1.82408 0 215 3.21551e-07
3.00167 1.82408 0 215 3.15887e-07
3.00242 1.82408 0 215 3.10554e-07
3.00317 1.82408 0 215 3.05544e-07
3.00392 1.82408 0 215 3.00845e-07
3.00467 1.82408 0 215 2.96445e-07
3.00542 1.82408 0 215 2.92333e-07
3.00617 1.82408 0 215 2.88497e-07
3.00692 1.82408 0 215 2.84926e-07
3.00767 1.82408 0 215 2.81607e-07
3.00842 1.82408 0 215 2.78531e-07
3.00917 1.82408 0 215 2.75687e-07
3.00992 1.82408 0 215 2.73064e-07
3.01067 1.82408 0 215 2.70653e-07
3.01142 1.82408 0 215 2.68445e-07
3.01217 1.82408 0 215 2.66432e-07
3.01292 1.82408 0 215 2.64604e-07
3.01367 1.82408 0 215 2.62956e-07
3.01442 1.82408 0 215 2.61479e-07
3.01517 1.82408 0 215 2.60152e-07
3.01592 1.82408 0 215 2.58997e-07
3.01667 1.82408 0 215 2.57995e-07
3.01742 1.82408 0 215 2.57139e-07
3.01817 1.82408 0 215 2.56424e-07
3.01892 1.82408 0 215 2.55846e-07
3.01967 1.82408 0 215 2.55398e-07
3.02042 1.82408 0 215 2.55076e-07
3.02117 1.82408 0 215 2.54874e-07
3.02192 1.82408 0 215 2.54787e-07
3.02267 1.82408 0 215 2.54809e-07
3.02342 1.82408 0 215 2.54935e-07
3.02417 1.82408 0 215 2.55158e-07
3.02492 1.82408 0 215 2.5547e-07
3.02567 1.82408 0 215 2.55865e-07
3.02642 1.82408 0 215 2.56335e-07
3.02717 1.82408 0 215 2.56869e-07
3.02792 1.82408 0 215 2.5746e-07
3.02867 1.82408 0 215 2.58097e-07
3.02942 1.82408 0 215 2.58768e-07
3.03017 1.82408 0 215 2.59464e-07
3.03092 1.82408 0 215 2.60172e-07
3.03167 1.82408 0 215 2.60881e-07
3.03242 1.82408 0 215 2.61581e-07
3.03317 1.82408 0 215 2.62261e-07
3.03392 1.82408 0 215 2.62912e-07
3.03467 1.82408 0 215 2.63525e-07
3.03542 1.82408 0 215 2.64094e-07
3.03617 1.82408 0 215 2.64616e-07
3.03692 1.82408 0 215 2.65087e-07
3.03767 1.82408 0 215 2.65506e-07
3.03842 1.82408 0 215 2.65875e-07
3.03917 1.82408 0 215 2.66198e-07
3.03992 1.82408 0 215 2.6648e-07
3.04067 1.82408 0 215 2.66728e-07
3.04142 1.82408 0 215 2.66948e-07
3.04217 1.82408 0 215 2.6715e-07
3.04292 1.82408 0 215 2.67342e-07
3.04367 1.82408 0 215 2.67532e-07
3.04442 1.82408 0 215 2.6773e-07
3.04517 1.82408 0 215 2.67944e-07
3.04592 1.82408 0 215 2.68181e-07
3.04667 1.82408 0 215 2.68447e-07
3.04742 1.82408 0 215 2.6875e-07
3.04817 1.82408 0 215 2.69096e-07
3.04892 1.82408 0 215 2.69488e-07
3.04967 1.82408 0 215 2.6993e-07
3.05043 1.82408 0 215 2.70427e-07
3.05118 1.82408 0 215 2.7098e-07
3.05193 1.82408 0 215 2.71592e-07
3.05268 1.82408 0 215 2.72263e-07
3.05343 1.82408 0 215 2.72997e-07
3.05418 1.82408 0 215 2.73793e-07
3.05493 1.82408 0 215 2.74651e-07
3.05568 1.82408 0 215 2.75573e-07
3.05643 1.82408 0 215 2.76558e-07
3.05718 1.82408 0 215 2.77606e-07
3.05793 1.82408 0 215 2.78718e-07
3.05868 1.82408 0 215 2.79892e-07
3.05943 1.82408 0 215 2.81128e-07
3.06018 1.82408 0 215 2.82428e-07
3.06093 1.82408 0 215 2.83789e-07
3.06168 1.82408 0 215 2.85212e-07
3.06243 1.82408 0 215 2.86697e-07
3.06318 1.82408 0 215 2.88243e-07
3.06393 1.82408 0 215 2.8985e-07
3.06468 1.82408 0 215 2.91519e-07
3.06543 1.82408 0 215 2.93249e-07
3.06618 1.82408 0 215 2.9504e-07
3.06693 1.82408 0 215 2.96893e-07
3.06768 1.82408 0 215 2.98807e-07
3.06843 1.82408 0 215 3.00782e-07
3.06918 1.82408 0 215 3.02821e-07
3.06993 1.82408 0 215 3.04922e-07
3.07068 1.82408 0 215 3.07087e-07
3.07143 1.82408 0 215 3.09316e-07
3.07218 1.82408 0 215 3.1161e-07
3.07293 1.82408 0 215 3.1397e-07
3.07368 1.82408 0 215 3.16398e-07
3.07443 1.82408 0 215 3.18895e-07
3.07518 1.82408 0 215 3.21462e-07
3.07593 1.82408 0 215 3.24102e-07
3.07668 1.82408 0 215 3.26814e-07
3.07743 1.82408 0 215 3.29604e-07
3.07818 1.82408 0 215 3.32473e-07
3.07893 1.82408 0 215 3.35423e-07
3.07968 1.82408 0 215 3.38457e-07
3.08043 1.82408 0 215 3.41577e-07
3.08118 1.82408 0 215 3.44788e-07
3.08193 1.82408 0 215 3.48092e-07
3.08268 1.82408 0 215 3.51492e-07
3.08343 1.82408 0 215 3.54991e-07
3.08418 1.82408 0 215 3.58591e-07
3.08493 1.82408 0 215 3.62296e-07
3.08568 1.82408 0 215 3.66109e-07
3.08643 1.82408 0 215 3.70031e-07
3.08718 1.82408 0 215 3.74065e-07
3.08793 1.82408 0 215 3.78212e-07
3.08868 1.82408 0 215 3.82475e-07
3.08943 1.82408 0 215 3.86854e-07
3.09018 1.82408 0 215 3.91353e-07
3.09093 1.82408 0 215 3.95973e-07
3.09168 1.82408 0 215 4.00715e-07
3.09243 1.82408 0 215 4.05582e-07
3.09318 1.82408 0 215 4.10576e-07
3.09393 1.82408 0 215 4.15701e-07
3.09468 1.82408 0 215 4.20959e-07
3.09543 1.82408 0 215 4.26354e-07
3.09618 1.82408 0 215 4.31892e-07
3.09693 1.82408 0 215 4.37576e-07
3.09768 1.82408 0 215 4.43411e-07
3.09843 1.82408 0 215 4.49402e-07
3.09918 1.82408 0 215 4.55554e-07
3.09993 1.82408 0 215 4.61873e-07
3.10068 1.82408 0 215 4.68364e-07
3.10143 1.82408 0 215 4.75033e-07
3.10218 1.82408 0 215 4.81884e-07
3.10293 1.82408 0 215 4.88923e-07
3.10368 1.82408 0 215 4.96153e-07
3.10443 1.82408 0 215 5.03579e-07
3.10518 1.82408 0 215 5.11204e-07
3.10593 1.82408 0 215 5.19031e-07
3.10668 1.82408 0 215 5.27058e-07
3.10743 1.82408 0 215 5.35291e-07
3.10818 1.82408 0 215 5.43725e-07
3.10893 1.82408 0 215 5.52358e-07
3.10968 1.82408 0 215 5.61186e-07
3.11044 1.82408 0 215 5.70202e-07
3.11119 1.82408 0 215 5.79395e-07
3.11194 1.82408 0 215 5.88759e-07
3.11269 1.82408 0 215 5.98279e-07
3.11344 1.82408 0 215 6.07938e-07
3.11419 1.82408 0 215 6.1772e-07
3.11494 1.82408 0 215 6.27606e-07
3.11569 1.82408 0 215 6.37574e-07
3.11644 1.82408 0 215 6.47603e-07
3.11719 1.82408 0 215 6.57672e-07
3.11794 1.82408 0 215 6.6776e-07
3.11869 1.82408 0 215 6.77847e-07
3.11944 1.82408 0 215 6.87917e-07
3.12019 1.82408 0 215 6.97959e-07
3.12094 1.82408 0 215 7.07962e-07
3.12169 1.82408 0 215 7.17925e-07
3.12244 1.82408 0 215 7.2785e-07
3.12319 1.82408 0 215 7.37748e-07
3.12394 1.82408 0 215 7.47635e-07
3.12469 1.82408 0 215 7.57532e-07
3.12544 1.82408 0 215 7.67465e-07
3.12619 1.82408 0 215 7.77467e-07
3.12694 1.82408 0 215 7.87571e-07
3.12769 1.82408 0 215 7.97821e-07
3.12844 1.82408 0 215 8.08256e-07
3.12919 1.82408 0 215 8.18918e-07
3.12994 1.82408 0 215 8.29846e-07
3.13069 1.82408 0 215 8.41085e-07
3.13144 1.82408 0 215 8.52675e-07
3.13219 1.82408 0 215 8.64656e-07
3.13294 1.82408 0 215 8.77064e-07
3.13369 1.82408 0 215 8.89936e-07
3.13444 1.82408 0 215 9.03304e-07
3.13519 1.82408 0 215 9.17205e-07
3.13594 1.82408 0 215 9.31667e-07
3.13669 1.82408 0 215 9.46722e-07
3.13744 1.82408 0 215 9.62399e-07
3.13819 1.82408 0 215 9.78726e-07
3.13894 1.82408 0 215 9.95731e-07
3.13969 1.82408 0 215 1.01344e-06
3.14044 1.82408 0 215 1.03189e-06
3.14119 1.82408 0 215 1.0511e-06
3.14194 1.82408 0 215 1.07111e-06
3.14269 1.82408 0 215 1.09194e-06
3.14344 1.82408 0 215 1.11366e-06
3.14419 1.82408 0 215 1.13624e-06
3.14494 1.82408 0 215 1.15974e-06
3.14569 1.82408 0 215 1.18421e-06
3.14644 1.82408 0 215 1.20968e-06
3.14719 1.82408 0 215 1.23619e-06
3.14794 1.82408 0 215 1.26379e-06
3.14869 1.82408 0 215 1.29253e-06
3.14944 1.82408 0 215 1.32244e-06
3.15019 1.82408 0 215 1.35358e-06
3.15094 1.82408 0 215 1.38602e-06
3.15169 1.82408 0 215 1.41979e-06
3.15244 1.82408 0 215 1.45499e-06
3.15319 1.82408 0 215 1.49165e-06
3.15394 1.82408 0 215 1.52987e-06
3.15469 1.82408 0 215 1.56971e-06
3.15544 1.82408 0 215 1.61125e-06
3.15619 1.82408 0 215 1.65457e-06
3.15694 1.82408 0 215 1.69977e-06
3.15769 1.82408 0 215 1.74694e-06
3.15844 1.82408 0 215 1.79619e-06
3.15919 1.82408 0 215 1.84761e-06
3.15994 1.82408 0 215 1.90133e-06
3.16069 1.82408 0 215 1.95746e-06
3.16144 1.82408 0 215 2.01613e-06
3.16219 1.82408 0 215 2.07749e-06
3.16294 1.82408 0 215 2.14167e-06
3.16369 1.82408 0 215 2.20883e-06
3.16444 1.82408 0 215 2.27913e-06
3.16519 1.82408 0 215 2.35275e-06
3.16594 1.82408 0 215 2.42987e-06
3.16669 1.82408 0 215 2.51067e-06
3.16744 1.82408 0 215 2.59538e-06
3.16819 1.82408 0 215 2.68418e-06
3.16894 1.82408 0 215 2.77732e-06
3.16969 1.82408 0 215 2.87504e-06
3.17045 1.82408 0 215 2.97757e-06
3.1712 1.82408 0 215 3.08519e-06
3.17195 1.82408 0 215 3.19815e-06
3.1727 1.82408 0 215 3.31675e-06
3.17345 1.82408 0 215 3.44127e-06
3.1742 1.82408 0 215 3.56812e-06
3.17495 1.82408 0 215 3.70525e-06
3.1757 1.82408 0 215 3.84921e-06
3.17645 1.82408 0 215 4.00031e-06
3.1772 1.82408 0 215 4.15884e-06
3.17795 1.82408 0 215 4.32511e-06
3.1787 1.82408 0 215 4.49938e-06
3.17945 1.82408 0 215 4.68192e-06
3.1802 1.82408 0 215 4.87298e-06
3.18095 1.82408 0 215 5.07272e-06
3.1817 1.82408 0 215 5.28127e-06
3.18245 1.82408 0 215 5.4987e-06
3.1832 1.82408 0 215 5.72497e-06
3.18395 1.82408 0 215 5.95994e-06
3.1847 1.82408 0 215 6.20335e-06
3.18545 1.82408 0 215 6.45479e-06
3.1862 1.82408 0 215 6.71365e-06
3.18695 1.82408 0 215 6.97914e-06
3.1877 1.82408 0 215 7.25023e-06
3.18845 1.82408 0 215 7.52563e-06
3.1892 1.82408 0 215 7.80377e-06
3.18995 1.82408 0 215 8.0828e-06
3.1907 1.82408 0 215 8.36056e-06
3.19145 1.82408 0 215 8.63456e-06
3.1922 1.82408 0 215 8.90205e-06
3.19295 1.82408 0 215 9.16001e-06
3.1937 1.82408 0 215 9.40522e-06
3.19445 1.82408 0 215 9.6343e-06
3.1952 1.82408 0 215 9.84382e-06
3.19595 1.82408 0 215 1.00304e-05
3.1967 1.82408 0 215 1.01909e-05
3.19745 1.82408 0 215 1.03222e-05
3.1982 1.82408 0 215 1.04221e-05
3.19895 1.82408 0 215 1.04884e-05
3.1997 1.82408 0 215 1.05198e-05
3.20045 1.82408 0 215 1.05157e-05
3.2012 1.82408 0 215 1.04762e-05
3.20195 1.82408 0 215 1.0402e-05
3.2027 1.82408 0 215 1.02948e-05
3.20345 1.82408 0 215 1.01565e-05
3.2042 1.82408 0 215 9.98996e-06
3.20495 1.82408 0 215 9.79805e-06
3.2057 1.82408 0 215 9.58413e-06
3.20645 1.82408 0 215 9.35166e-06
3.2072 1.82408 0 215 9.1041e-06
3.20795 1.82408 0 215 8.84488e-06
3.2087 1.82408 0 215 8.57729e-06
3.20945 1.82408 0 215 8.30419e-06
3.2102 1.82408 0 215 8.0284e-06
3.21095 1.82408 0 215 7.75234e-06
3.2117 1.82408 0 215 7.47813e-06
3.21245 1.82408 0 215 7.20758e-06
3.2132 1.82408 0 215 6.94219e-06
3.21395 1.82408 0 215 6.68318e-06
3.2147 1.82408 0 215 6.43154e-06
3.21545 1.82408 0 215 6.188e-06
3.2162 1.82408 0 215 5.95311e-06
3.21695 1.82408 0 215 5.72722e-06
3.2177 1.82408 0 215 5.51059e-06
3.21845 1.82408 0 215 5.30328e-06
3.2192 1.82408 0 215 5.1053e-06
3.21995 1.82408 0 215 4.91657e-06
3.2207 1.82408 0 215 4.73695e-06
3.22145 1.82408 0 215 4.56624e-06
3.2222 1.82408 0 215 4.40419e-06
3.22295 1.82408 0 215 4.25057e-06
3.2237 1.82408 0 215 4.10504e-06
3.22445 1.82408 0 215 3.96736e-06
3.2252 1.82408 0 215 3.83721e-06
3.22595 1.82408 0 215 3.7143e-06
3.2267 1.82408 0 215 3.59834e-06
3.22745 1.82408 0 215 3.48904e-06
3.2282 1.82408 0 215 3.38612e-06
3.22895 1.82408 0 215 3.28932e-06
3.2297 1.82408 0 215 3.19839e-06
3.23046 1.82408 0 215 3.11308e-06
3.23121 1.82408 0 215 3.03316e-06
3.23196 1.82408 0 215 2.95841e-06
3.23271 1.82408 0 215 2.88865e-06
3.23346 1.82408 0 215 2.82367e-06
3.23421 1.82408 0 215 2.76331e-06
3.23496 1.82408 0 215 2.70741e-06
3.23571 1.82408 0 215 2.65581e-06
3.23646 1.82408 0 215 2.60838e-06
3.23721 1.82408 0 215 2.565e-06
3.23796 1.82408 0 215 2.52556e-06
3.23871 1.82408 0 215 2.48994e-06
3.23946 1.82408 0 215 2.45807e-06
3.24021 1.82408 0 215 2.42986e-06
3.24096 1.82408 0 215 2.40522e-06
3.24171 1.82408 0 215 2.3841e-06
3.24246 1.82408 0 215 2.36642e-06
3.24321 1.82408 0 215 2.35214e-06
3.24396 1.82408 0 215 2.34119e-06
3.24471 1.82408 0 215 2.33352e-06
3.24546 1.82408 0 215 2.32908e-06
3.24621 1.82408 0 215 2.3278e-06
3.24696 1.82408 0 215 2.32961e-06
3.24771 1.82408 0 215 2.33446e-06
3.24846 1.82408 0 215 2.34225e-06
3.24921 1.82408 0 215 2.35287e-06
3.24996 1.82408 0 215 2.36622e-06
3.25071 1.82408 0 215 2.38214e-06
3.25146 1.82408 0 215 2.40046e-06
3.25221 1.82408 0 215 2.42097e-06
3.25296 1.82408 0 215 2.44344e-06
3.25371 1.82408 0 215 2.46757e-06
3.25446 1.82408 0 215 2.49304e-06
3.25521 1.82408 0 215 2.51947e-06
3.25596 1.82408 0 215 2.54644e-06
3.25671 1.82408 0 215 2.57346e-06
3.25746 1.82408 0 215 2.60003e-06
3.25821 1.82408 0 215 2.62557e-06
3.25896 1.82408 0 215 2.6495e-06
3.25971 1.82408 0 215 2.67121e-06
3.26046 1.82408 0 215 2.69007e-06
3.26121 1.82408 0 215 2.70548e-06
3.26196 1.82408 0 215 2.71685e-06
3.26271 1.82408 0 215 2.72366e-06
3.26346 1.82408 0 215 2.72545e-06
3.26421 1.82408 0 215 2.72185e-06
3.26496 1.82408 0 215 2.71259e-06
3.26571 1.82408 0 215 2.69753e-06
3.26646 1.82408 0 215 2.67662e-06
3.26721 1.82408 0 215 2.64997e-06
3.26796 1.82408 0 215 2.61778e-06
3.26871 1.82408 0 215 2.58038e-06
3.26946 1.82408 0 215 2.53816e-06
3.27021 1.82408 0 215 2.49162e-06
3.27096 1.82408 0 215 2.44128e-06
3.27171 1.82408 0 215 2.38772e-06
3.27246 1.82408 0 215 2.33151e-06
3.27321 1.82408 0 215 2.27323e-06
3.27396 1.82408 0 215 2.21344e-06
3.27471 1.82408 0 215 2.15267e-06
3.27546 1.82408 0 215 2.09139e-06
3.27621 1.82408 0 215 2.03004e-06
3.27696 1.82408 0 215 1.96903e-06
3.27771 1.82408 0 215 1.90866e-06
3.27846 1.82408 0 215 1.84923e-06
3.27921 1.82408 0 215 1.79098e-06
3.27996 1.82408 0 215 1.73408e-06
3.28071 1.82408 0 215 1.67871e-06
3.28146 1.82408 0 215 1.62494e-06
3.28221 1.82408 0 215 1.57288e-06
3.28296 1.82408 0 215 1.52257e-06
3.28371 1.82408 0 215 1.47404e-06
3.28446 1.82408 0 215 1.42729e-06
3.28521 1.82408 0 215 1.38232e-06
3.28596 1.82408 0 215 1.3391e-06
3.28671 1.82408 0 215 1.2976e-06
3.28746 1.82408 0 215 1.25778e-06
3.28821 1.82408 0 215 1.21959e-06
3.28896 1.82408 0 215 1.18298e-06
3.28971 1.82408 0 215 1.14789e-06
3.29047 1.82408 0 215 1.11427e-06
3.29122 1.82408 0 215 1.08206e-06
3.29197 1.82408 0 215 1.0512e-06
3.29272 1.82408 0 215 1.02163e-06
3.29347 1.82408 0 215 9.93308e-07
3.29422 1.82408 0 215 9.66161e-07
3.29497 1.82408 0 215 9.40144e-07
3.29572 1.82408 0 215 9.15201e-07
3.29647 1.82408 0 215 8.91284e-07
3.29722 1.82408 0 215 8.68346e-07
3.29797 1.82408 0 215 8.46344e-07
3.29872 1.82408 0 215 8.25223e-07
3.29947 1.82408 0 215 8.04946e-07
3.30022 1.82408 0 215 7.85474e-07
3.30097 1.82408 0 215 7.66766e-07
3.30172 1.82408 0 215 7.48788e-07
3.30247 1.82408 0 215 7.31506e-07
3.30322 1.82408 0 215 7.14882e-07
3.30397 1.82408 0 215 6.98889e-07
3.30472 1.82408 0 215 6.83495e-07
3.30547 1.82408 0 215 6.68672e-07
3.30622 1.82408 0 215 6.544e-07
3.30697 1.82408 0 215 6.40644e-07
3.30772 1.82408 0 215 6.27383e-07
3.30847 1.82408 0 215 6.14592e-07
3.30922 1.82408 0 215 6.02256e-07
3.30997 1.82408 0 215 5.90349e-07
3.31072 1.82408 0 215 5.78853e-07
3.31147 1.82408 0 215 5.67751e-07
3.31222 1.82408 0 215 5.57025e-07
3.31297 1.82408 0 215 5.4666e-07
3.31372 1.82408 0 215 5.36638e-07
3.31447 1.82408 0 215 5.26949e-07
3.31522 1.82408 0 215 5.17573e-07
3.31597 1.82408 0 215 5.085e-07
3.31672 1.82408 0 215 4.99717e-07
3.31747 1.82408 0 215 4.91212e-07
3.31822 1.82408 0 215 4.82972e-07
3.31897 1.82408 0 215 4.74991e-07
3.31972 1.82408 0 215 4.67256e-07
3.32047 1.82408 0 215 4.59758e-07
3.32122 1.82408 0 215 4.52487e-07
3.32197 1.82408 0 215 4.45435e-07
3.32272 1.82408 0 215 4.38594e-07
3.32347 1.82408 0 215 4.31956e-07
3.32422 1.82408 0 215 4.25516e-07
3.32497 1.82408 0 215 4.19262e-07
3.32572 1.82408 0 215 4.13192e-07
3.32647 1.82408 0 215 4.07295e-07
3.32722 1.82408 0 215 4.01567e-07
3.32797 1.82408 0 215 3.96003e-07
3.32872 1.82408 0 215 3.90606e-07
3.32947 1.82408 0 215 3.85352e-07
3.33022 1.82408 0 215 3.80246e-07
3.33097 1.82408 0 215 3.75283e-07
3.33172 1.82408 0 215 3.7046e-07
3.33247 1.82408 0 215 3.6577e-07
3.33322 1.82408 0 215 3.61211e-07
3.33397 1.82408 0 215 3.56776e-07
3.33472 1.82408 0 215 3.52467e-07
3.33547 1.82408 0 215 3.48277e-07
3.33622 1.82408 0 215 3.44203e-07
3.33697 1.82408 0 215 3.40242e-07
3.33772 1.82408 0 215 3.36393e-07
3.33847 1.82408 0 215 3.32649e-07
3.33922 1.82408 0 215 3.2901e-07
3.33997 1.82408 0 215 3.25473e-07
3.34072 1.82408 0 215 3.22036e-07
3.34147 1.82408 0 215 3.18696e-07
3.34222 1.82408 0 215 3.15452e-07
3.34297 1.82408 0 215 3.12301e-07
3.34372 1.82408 0 215 3.09242e-07
3.34447 1.82408 0 215 3.06272e-07
3.34522 1.82408 0 215 3.03391e-07
3.34597 1.82408 0 215 3.00597e-07
3.34672 1.82408 0 215 2.97888e-07
3.34747 1.82408 0 215 2.95263e-07
3.34822 1.82408 0 215 2.92722e-07
3.34897 1.82408 0 215 2.90262e-07
3.34972 1.82408 0 215 2.87884e-07
3.35048 1.82408 0 215 2.85691e-07
3.35123 1.82408 0 215 2.83473e-07
3.35198 1.82408 0 215 2.81333e-07
3.35273 1.82408 0 215 2.79271e-07
3.35348 1.82408 0 215 2.77288e-07
3.35423 1.82408 0 215 2.75383e-07
3.35498 1.82408 0 215 2.73556e-07
3.35573 1.82408 0 215 2.71809e-07
3.35648 1.82408 0 215 2.70141e-07
3.35723 1.82408 0 215 2.68551e-07
3.35798 1.82408 0 215 2.6704e-07
3.35873 1.82408 0 215 2.65606e-07
3.35948 1.82408 0 215 2.64254e-07
3.36023 1.82408 0 215 2.62981e-07
3.36098 1.82408 0 215 2.6179e-07
3.36173 1.82408 0 215 2.60681e-07
3.36248 1.82408 0 215 2.59657e-07
3.36323 1.82408 0 215 2.58718e-07
3.36398 1.82408 0 215 2.57865e-07
3.36473 1.82408 0 215 2.57101e-07
3.36548 1.82408 0 215 2.56428e-07
3.36623 1.82408 0 215 2.55847e-07
3.36698 1.82408 0 215 2.5536e-07
3.36773 1.82408 0 215 2.54969e-07
3.36848 1.82408 0 215 2.54677e-07
3.36923 1.82408 0 215 2.54487e-07
3.36998 1.82408 0 215 2.54401e-07
3.37073 1.82408 0 215 2.54422e-07
3.37148 1.82408 0 215 2.54552e-07
3.37223 1.82408 0 215 2.54794e-07
3.37298 1.82408 0 215 2.55148e-07
3.37373 1.82408 0 215 2.55624e-07
3.37448 1.82408 0 215 2.56225e-07
3.37523 1.82408 0 215 2.56946e-07
3.37598 1.82408 0 215 2.57792e-07
3.37673 1.82408 0 215 2.58767e-07
3.37748 1.82408 0 215 2.59872e-07
3.37823 1.82408 0 215 2.6111e-07
3.37898 1.82408 0 215 2.62478e-07
3.37973 1.82408 0 215 2.63978e-07
3.38048 1.82408 0 215 2.65608e-07
3.38123 1.82408 0 215 2.67367e-07
3.38198 1.82408 0 215 2.6925e-07
3.38273 1.82408 0 215 2.71252e-07
3.38348 1.82408 0 215 2.73365e-07
3.38423 1.82408 0 215 2.75578e-07
3.38498 1.82408 0 215 2.77886e-07
3.38573 1.82408 0 215 2.80261e-07
3.38648 1.82408 0 215 2.8269e-07
3.38723 1.82408 0 215 2.85149e-07
3.38798 1.82408 0 215 2.87628e-07
3.38873 1.82408 0 215 2.90068e-07
3.38948 1.82408 0 215 2.92449e-07
3.39023 1.82408 0 215 2.94735e-07
3.39098 1.82408 0 215 2.96875e-07
3.39173 1.82408 0 215 2.98828e-07
3.39248 1.82408 0 215 3.00547e-07
3.39323 1.82408 0 215 3.01986e-07
3.39398 1.82408 0 215 3.03083e-07
3.39473 1.82408 0 215 3.03794e-07
3.39548 1.82408 0 215 3.04068e-07
3.39623 1.82408 0 215 3.03859e-07
3.39698 1.82408 0 215 3.03134e-07
3.39773 1.82408 0 215 3.01856e-07
3.39848 1.82408 0 215 3.00002e-07
3.39923 1.82408 0 215 2.9755e-07
3.39998 1.82408 0 215 2.94496e-07
3.40073 1.82408 0 215 2.90844e-07
3.40148 1.82408 0 215 2.86598e-07
3.40223 1.82408 0 215 2.81804e-07
3.40298 1.82408 0 215 2.76487e-07
3.40373 1.82408 0 215 2.70688e-07
3.40448 1.82408 0 215 2.64455e-07
3.40523 1.82408 0 215 2.5785e-07
3.40598 1.82408 0 215 2.50934e-07
3.40673 1.82408 0 215 2.43772e-07
3.40748 1.82408 0 215 2.36433e-07
3.40823 1.82408 0 215 2.28987e-07
3.40898 1.82408 0 215 2.21507e-07
3.40973 1.82408 0 215 2.14055e-07
3.41049 1.82408 0 215 2.06716e-07
3.41124 1.82408 0 215 1.99551e-07
3.41199 1.82408 0 215 1.92613e-07
3.41274 1.82408 0 215 1.85983e-07
3.41349 1.82408 0 215 1.79704e-07
3.41424 1.82408 0 215 1.73823e-07
3.41499 1.82408 0 215 1.68377e-07
3.41574 1.82408 0 215 1.63393e-07
3.41649 1.82408 0 215 1.58886e-07
3.41724 1.82408 0 215 1.54857e-07
3.41799 1.82408 0 215 1.51293e-07
3.41874 1.82408 0 215 1.48168e-07
3.41949 1.82408 0 215 1.45442e-07
3.42024 1.82408 0 215 1.43054e-07
3.42099 1.82408 0 215 1.40956e-07
3.42174 1.82408 0 215 1.39069e-07
3.42249 1.82408 0 215 1.37313e-07
3.42324 1.82408 0 215 1.3561e-07
3.42399 1.82408 0 215 1.33863e-07
3.42474 1.82408 0 215 1.32027e-07
3.42549 1.82408 0 215 1.30015e-07
3.42624 1.82408 0 215 1.27767e-07
3.42699 1.82408 0 215 1.25217e-07
3.42774 1.82408 0 215 1.22326e-07
3.42849 1.82408 0 215 1.19056e-07
3.42924 1.82408 0 215 1.15383e-07
3.42999 1.82408 0 215 1.11282e-07
3.43074 1.82408 0 215 1.06758e-07
3.43149 1.82408 0 215 1.01803e-07
3.43224 1.82408 0 215 9.64226e-08
3.43299 1.82408 0 215 9.06287e-08
3.43374 1.82408 0 215 8.44381e-08
3.43449 1.82408 0 215 7.78731e-08
3.43524 1.82408 0 215 7.09382e-08
3.43599 1.82408 0 215 6.37097e-08
3.43674 1.82408 0 215 5.62033e-08
3.43749 1.82408 0 215 4.84522e-08
3.43824 1.82408 0 215 4.05266e-08
3.43899 1.82408 0 215 3.24663e-08
3.43974 1.82408 0 215 2.43505e-08
3.44049 1.82408 0 215 1.62462e-08
3.44124 1.82408 0 215 8.22003e-09
3.44199 1.82408 0 215 3.98564e-10
3.44274 1.82408 0 215 -7.13848e-09
3.44349 1.82408 0 215 -1.42635e-08
3.44424 1.82408 0 215 -2.08685e-08
3.44499 1.82408 0 215 -2.68214e-08
3.44574 1.82408 0 215 -3.19802e-08
3.44649 1.82408 0 215 -3.62197e-08
3.44724 1.82408 0 215 -3.94101e-08
3.44799 1.82408 0 215 -4.14297e-08
3.44874 1.82408 0 215 -4.21707e-08
3.44949 1.82408 0 215 -4.15445e-08
3.45024 1.82408 0 215 -3.94875e-08
3.45099 1.82408 0 215 -3.59664e-08
3.45174 1.82408 0 215 -3.09822e-08
3.45249 1.82408 0 215 -2.45731e-08
3.45324 1.82408 0 215 -1.68151e-08
3.45399 1.82408 0 215 -7.82158e-09
3.45474 1.82408 0 215 2.26047e-09
3.45549 1.82408 0 215 1.32551e-08
3.45624 1.82408 0 215 2.49643e-08
3.45699 1.82408 0 215 3.71761e-08
3.45774 1.82408 0 215 4.96726e-08
3.45849 1.82408 0 215 6.22392e-08
3.45924 1.82408 0 215 7.46717e-08
3.45999 1.82408 0 215 8.67837e-08
3.46074 1.82408 0 215 9.84074e-08
3.46149 1.82408 0 215 1.09413e-07
3.46224 1.82408 0 215 1.19688e-07
3.46299 1.82408 0 215 1.29148e-07
3.46374 1.82408 0 215 1.37748e-07
3.46449 1.82408 0 215 1.45456e-07
3.46524 1.82408 0 215 1.5227e-07
3.46599 1.82408 0 215 1.58198e-07
3.46674 1.82408 0 215 1.63272e-07
3.46749 1.82408 0 215 1.67537e-07
3.46824 1.82408 0 215 1.71041e-07
3.46899 1.82408 0 215 1.73842e-07
3.46974 1.82408 0 215 1.7601e-07
3.4705 1.82408 0 215 1.7759e-07
3.47125 1.82408 0 215 1.78651e-07
3.472 1.82408 0 215 1.79252e-07
3.47275 1.82408 0 215 1.7945e-07
3.4735 1.82408 0 215 1.793e-07
3.47425 1.82408 0 215 1.7885e-07
3.475 1.82408 0 215 1.78145e-07
3.47575 1.82408 0 215 1.77228e-07
3.4765 1.82408 0 215 1.76135e-07
3.47725 1.82408 0 215 1.749e-07
3.478 1.82408 0 215 1.73551e-07
3.47875 1.82408 0 215 1.72114e-07
3.4795 1.82408 0 215 1.70614e-07
3.48025 1.82408 0 215 1.69068e-07
3.481 1.82408 0 215 1.67494e-07
3.48175 1.82408 0 215 1.65908e-07
3.4825 1.82408 0 215 1.64321e-07
3.48325 1.82408 0 215 1.62745e-07
3.484 1.82408 0 215 1.61188e-07
3.48475 1.82408 0 215 1.59659e-07
3.4855 1.82408 0 215 1.58163e-07
3.48625 1.82408 0 215 1.56706e-07
3.487 1.82408 0 215 1.55292e-07
3.48775 1.82408 0 215 1.53926e-07
3.4885 1.82408 0 215 1.52608e-07
3.48925 1.82408 0 215 1.51348e-07
3.49 1.82408 0 215 1.50135e-07
3.49075 1.82408 0 215 1.48978e-07
3.4915 1.82408 0 215 1.47877e-07
3.49225 1.82408 0 215 1.46831e-07
3.493 1.82408 0 215 1.45841e-07
3.49375 1.82408 0 215 1.44907e-07
3.4945 1.82408 0 215 1.4403e-07
3.49525 1.82408 0 215 1.43207e-07
3.496 1.82408 0 215 1.4244e-07
3.49675 1.82408 0 215 1.41727e-07
3.4975 1.82408 0 215 1.41066e-07
3.49825 1.82408 0 215 1.40457e-07
3.499 1.82408 0 215 1.39896e-07
3.49975 1.82408 0 215 1.39383e-07
3.5005 1.82408 0 215 1.38915e-07
3.50125 1.82408 0 215 1.38491e-07
3.502 1.82408 0 215 1.38107e-07
3.50275 1.82408 0 215 1.37761e-07
3.5035 1.82408 0 215 1.37448e-07
3.50425 1.82408 0 215 1.37166e-07
3.505 1.82408 0 215 1.3691e-07
3.50575 1.82408 0 215 1.36675e-07
3.5065 1.82408 0 215 1.36458e-07
3.50725 1.82408 0 215 1.36252e-07
3.508 1.82408 0 215 1.36054e-07
3.50875 1.82408 0 215 1.35855e-07
3.5095 1.82408 0 215 1.35652e-07
3.51025 1.82408 0 215 1.35439e-07
3.511 1.82408 0 215 1.3521e-07
3.51175 1.82408 0 215 1.3496e-07
3.5125 1.82408 0 215 1.34683e-07
3.51325 1.82408 0 215 1.34375e-07
3.514 1.82408 0 215 1.34032e-07
3.51475 1.82408 0 215 1.33652e-07
3.5155 1.82408 0 215 1.33231e-07
3.51625 1.82408 0 215 1.32771e-07
3.517 1.82408 0 215 1.32267e-07
3.51775 1.82408 0 215 1.3172e-07
3.5185 1.82408 0 215 1.31134e-07
3.51925 1.82408 0 215 1.30511e-07
3.52 1.82408 0 215 1.2985e-07
3.52075 1.82408 0 215 1.29158e-07
3.5215 1.82408 0 215 1.28437e-07
3.52225 1.82408 0 215 1.27692e-07
3.523 1.82408 0 215 1.26928e-07
3.52375 1.82408 0 215 1.2615e-07
3.5245 1.82408 0 215 1.25361e-07
3.52525 1.82408 0 215 1.24567e-07
3.526 1.82408 0 215 1.23771e-07
3.52675 1.82408 0 215 1.22976e-07
3.5275 1.82408 0 215 1.22188e-07
3.52825 1.82408 0 215 1.21408e-07
3.529 1.82408 0 215 1.2064e-07
3.52975 1.82408 0 215 1.19886e-07
3.53051 1.82408 0 215 1.19149e-07
3.53126 1.82408 0 215 1.18429e-07
3.53201 1.82408 0 215 1.17729e-07
3.53276 1.82408 0 215 1.1705e-07
3.53351 1.82408 0 215 1.16391e-07
3.53426 1.82408 0 215 1.15754e-07
3.53501 1.82408 0 215 1.15138e-07
3.53576 1.82408 0 215 1.14545e-07
3.53651 1.82408 0 215 1.13968e-07
3.53726 1.82408 0 215 1.1342e-07
3.53801 1.82408 0 215 1.12893e-07
3.53876 1.82408 0 215 1.12387e-07
3.53951 1.82408 0 215 1.11903e-07
3.54026 1.82408 0 215 1.11439e-07
3.54101 1.82408 0 215 1.10995e-07
3.54176 1.82408 0 215 1.1057e-07
3.54251 1.82408 0 215 1.10165e-07
3.54326 1.82408 0 215 1.09777e-07
3.54401 1.82408 0 215 1.09407e-07
3.54476 1.82408 0 215 1.09054e-07
3.54551 1.82408 0 215 1.08718e-07
3.54626 1.82408 0 215 1.08397e-07
3.54701 1.82408 0 215 1.08092e-07
3.54776 1.82408 0 215 1.07954e-07
3.54851 1.82408 0 215 1.07674e-07
3.54926 1.82408 0 215 1.07409e-07
3.55001 1.82408 0 215 1.07157e-07
3.55076 1.82408 0 215 1.06919e-07
3.55151 1.82408 0 215 1.06695e-07
3.55226 1.82408 0 215 1.06484e-07
3.55301 1.82408 0 215 1.06287e-07
3.55376 1.82408 0 215 1.06104e-07
3.55451 1.82408 0 215 1.05935e-07
3.55526 1.82408 0 215 1.05779e-07
3.55601 1.82408 0 215 1.0564e-07
3.55676 1.82408 0 215 1.05515e-07
3.55751 1.82408 0 215 1.05408e-07
3.55826 1.82408 0 215 1.05318e-07
3.55901 1.82408 0 215 1.05248e-07
3.55976 1.82408 0 215 1.05197e-07
3.56051 1.82408 0 215 1.05168e-07
3.56126 1.82408 0 215 1.05161e-07
3.56201 1.82408 0 215 1.05179e-07
3.56276 1.82408 0 215 1.05223e-07
3.56351 1.82408 0 215 1.05292e-07
3.56426 1.82408 0 215 1.05389e-07
3.56501 1.82408 0 215 1.05515e-07
3.56576 1.82408 0 215 1.0567e-07
3.56651 1.82408 0 215 1.05853e-07
3.56726 1.82408 0 215 1.06065e-07
3.56801 1.82408 0 215 1.06305e-07
3.56876 1.82408 0 215 1.06572e-07
3.56951 1.82408 0 215 1.06863e-07
3.57026 1.82408 0 215 1.07178e-07
3.57101 1.82408 0 215 1.07513e-07
3.57176 1.82408 0 215 1.07868e-07
3.57251 1.82408 0 215 1.0824e-07
3.57326 1.82408 0 215 1.08626e-07
3.57401 1.82408 0 215 1.09024e-07
3.57476 1.82408 0 215 1.09432e-07
3.57551 1.82408 0 215 1.09848e-07
3.57626 1.82408 0 215 1.10272e-07
3.57701 1.82408 0 215 1.10701e-07
3.57776 1.82408 0 215 1.11135e-07
3.57851 1.82408 0 215 1.11574e-07
3.57926 1.82408 0 215 1.12018e-07
3.58001 1.82408 0 215 1.12466e-07
3.58076 1.82408 0 215 1.12919e-07
3.58151 1.82408 0 215 1.13379e-07
3.58226 1.82408 0 215 1.13845e-07
3.58301 1.82408 0 215 1.14319e-07
3.58376 1.82408 0 215 1.14802e-07
3.58451 1.82408 0 215 1.15295e-07
3.58526 1.82408 0 215 1.158e-07
3.58601 1.82408 0 215 1.16317e-07
3.58676 1.82408 0 215 1.16849e-07
3.58751 1.82408 0 215 1.17396e-07
3.58826 1.82408 0 215 1.17959e-07
3.58901 1.82408 0 215 1.1854e-07
3.58976 1.82408 0 215 1.1914e-07
3.59052 1.82408 0 215 1.1976e-07
3.59127 1.82408 0 215 1.204e-07
3.59202 1.82408 0 215 1.21063e-07
3.59277 1.82408 0 215 1.21748e-07
3.59352 1.82408 0 215 1.22456e-07
3.59427 1.82408 0 215 1.23188e-07
3.59502 1.82408 0 215 1.23945e-07
3.59577 1.82408 0 215 1.24726e-07
3.59652 1.82408 0 215 1.25532e-07
3.59727 1.82408 0 215 1.26363e-07
3.59802 1.82408 0 215 1.27219e-07
3.59877 1.82408 0 215 1.28098e-07
3.59952 1.82408 0 215 1.29e-07
3.60027 1.82408 0 215 1.29925e-07
3.60102 1.82408 0 215 1.3087e-07
3.60177 1.82408 0 215 1.31834e-07
3.60252 1.82408 0 215 1.32814e-07
3.60327 1.82408 0 215 1.33808e-07
3.60402 1.82408 0 215 1.34813e-07
3.60477 1.82408 0 215 1.35825e-07
3.60552 1.82408 0 215 1.3684e-07
3.60627 1.82408 0 215 1.37853e-07
3.60702 1.82408 0 215 1.3886e-07
3.60777 1.82408 0 215 1.39856e-07
3.60852 1.82408 0 215 1.40834e-07
3.60927 1.82408 0 215 1.41789e-07
3.61002 1.82408 0 215 1.42715e-07
3.61077 1.82408 0 215 1.43605e-07
3.61152 1.82408 0 215 1.44455e-07
3.61227 1.82408 0 215 1.45257e-07
3.61302 1.82408 0 215 1.46008e-07
3.61377 1.82408 0 215 1.46704e-07
3.61452 1.82408 0 215 1.47339e-07
3.61527 1.82408 0 215 1.47911e-07
3.61602 1.82408 0 215 1.48418e-07
3.61677 1.82408 0 215 1.4886e-07
3.61752 1.82408 0 215 1.49237e-07
3.61827 1.82408 0 215 1.4955e-07
3.61902 1.82408 0 215 1.498e-07
3.61977 1.82408 0 215 1.49993e-07
3.62052 1.82408 0 215 1.50131e-07
3.62127 1.82408 0 215 1.50219e-07
3.62202 1.82408 0 215 1.50262e-07
3.62277 1.82408 0 215 1.50267e-07
3.62352 1.82408 0 215 1.50239e-07
3.62427 1.82408 0 215 1.50184e-07
3.62502 1.82408 0 215 1.50108e-07
3.62577 1.82408 0 215 1.50017e-07
3.62652 1.82408 0 215 1.49916e-07
3.62727 1.82408 0 215 1.4981e-07
3.62802 1.82408 0 215 1.49705e-07
3.62877 1.82408 0 215 1.49604e-07
3.62952 1.82408 0 215 1.49513e-07
3.63027 1.82408 0 215 1.49433e-07
3.63102 1.82408 0 215 1.49369e-07
3.63177 1.82408 0 215 1.49323e-07
3.63252 1.82408 0 215 1.49297e-07
3.63327 1.82408 0 215 1.49293e-07
3.63402 1.82408 0 215 1.49314e-07
3.63477 1.82408 0 215 1.49359e-07
3.63552 1.82408 0 215 1.49431e-07
3.63627 1.82408 0 215 1.4953e-07
3.63702 1.82408 0 215 1.49657e-07
3.63777 1.82408 0 215 1.49811e-07
3.63852 1.82408 0 215 1.49994e-07
3.63927 1.82408 0 215 1.50206e-07
3.64002 1.82408 0 215 1.50446e-07
3.64077 1.82408 0 215 1.50714e-07
3.64152 1.82408 0 215 1.51011e-07
3.64227 1.82408 0 215 1.51336e-07
3.64302 1.82408 0 215 1.51688e-07
3.64377 1.82408 0 215 1.52069e-07
3.64452 1.82408 0 215 1.52476e-07
3.64527 1.82408 0 215 1.52911e-07
3.64602 1.82408 0 215 1.53373e-07
3.64677 1.82408 0 215 1.53861e-07
3.64752 1.82408 0 215 1.54375e-07
3.64827 1.82408 0 215 1.54915e-07
3.64902 1.82408 0 215 1.55481e-07
3.64977 1.82408 0 215 1.56072e-07
3.65053 1.82408 0 215 1.56688e-07
3.65128 1.82408 0 215 1.5733e-07
3.65203 1.82408 0 215 1.57995e-07
3.65278 1.82408 0 215 1.58685e-07
3.65353 1.82408 0 215 1.594e-07
3.65428 1.82408 0 215 1.60139e-07
3.65503 1.82408 0 215 1.60901e-07
3.65578 1.82408 0 215 1.61688e-07
3.65653 1.82408 0 215 1.62499e-07
3.65728 1.82408 0 215 1.63333e-07
3.65803 1.82408 0 215 1.64191e-07
3.65878 1.82408 0 215 1.65073e-07
3.65953 1.82408 0 215 1.65979e-07
3.66028 1.82408 0 215 1.66908e-07
3.66103 1.82408 0 215 1.67862e-07
3.66178 1.82408 0 215 1.68839e-07
3.66253 1.82408 0 215 1.69841e-07
3.66328 1.82408 0 215 1.70866e-07
3.66403 1.82408 0 215 1.71916e-07
3.66478 1.82408 0 215 1.72991e-07
3.66553 1.82408 0 215 1.7409e-07
3.66628 1.82408 0 215 1.75214e-07
3.66703 1.82408 0 215 1.76364e-07
3.66778 1.82408 0 215 1.77538e-07
3.66853 1.82408 0 215 1.78738e-07
3.66928 1.82408 0 215 1.79964e-07
3.67003 1.82408 0 215 1.81217e-07
3.67078 1.82408 0 215 1.82495e-07
3.67153 1.82408 0 215 1.83801e-07
3.67228 1.82408 0 215 1.85134e-07
3.67303 1.82408 0 215 1.86495e-07
3.67378 1.82408 0 215 1.87883e-07
3.67453 1.82408 0 215 1.89301e-07
3.67528 1.82408 0 215 1.90747e-07
3.67603 1.82408 0 215 1.92222e-07
3.67678 1.82408 0 215 1.93728e-07
3.67753 1.82408 0 215 1.95264e-07
3.67828 1.82408 0 215 1.96831e-07
3.67903 1.82408 0 215 1.98429e-07
3.67978 1.82408 0 215 2.00059e-07
3.68053 1.82408 0 215 2.01723e-07
3.68128 1.82408 0 215 2.03419e-07
3.68203 1.82408 0 215 2.05149e-07
3.68278 1.82408 0 215 2.06914e-07
3.68353 1.82408 0 215 2.08715e-07
3.68428 1.82408 0 215 2.10552e-07
3.68503 1.82408 0 215 2.12426e-07
3.68578 1.82408 0 215 2.14337e-07
3.68653 1.82408 0 215 2.16287e-07
3.68728 1.82408 0 215 2.18277e-07
3.68803 1.82408 0 215 2.20306e-07
3.68878 1.82408 0 215 2.22377e-07
3.68953 1.82408 0 215 2.2449e-07
3.69028 1.82408 0 215 2.26646e-07
3.69103 1.82408 0 215 2.28847e-07
3.69178 1.82408 0 215 2.31092e-07
3.69253 1.82408 0 215 2.33384e-07
3.69328 1.82408 0 215 2.35724e-07
3.69403 1.82408 0 215 2.38112e-07
3.69478 1.82408 0 215 2.4055e-07
3.69553 1.82408 0 215 2.43039e-07
3.69628 1.82408 0 215 2.45581e-07
3.69703 1.82408 0 215 2.48176e-07
3.69778 1.82408 0 215 2.50827e-07
3.69853 1.82408 0 215 2.53535e-07
3.69928 1.82408 0 215 2.563e-07
3.70003 1.82408 0 215 2.59126e-07
3.70078 1.82408 0 215 2.62013e-07
3.70153 1.82408 0 215 2.64964e-07
3.70228 1.82408 0 215 2.67979e-07
3.70303 1.82408 0 215 2.71061e-07
3.70378 1.82408 0 215 2.74212e-07
3.70453 1.82408 0 215 2.77433e-07
3.70528 1.82408 0 215 2.80728e-07
3.70603 1.82408 0 215 2.84097e-07
3.70678 1.82408 0 215 2.87543e-07
3.70753 1.82408 0 215 2.91069e-07
3.70828 1.82408 0 215 2.94677e-07
3.70903 1.82408 0 215 2.98369e-07
3.70978 1.82408 0 215 3.02148e-07
3.71054 1.82408 0 215 3.06017e-07
3.71129 1.82408 0 215 3.09978e-07
3.71204 1.82408 0 215 3.14035e-07
3.71279 1.82408 0 215 3.1819e-07
3.71354 1.82408 0 215 3.22447e-07
3.71429 1.82408 0 215 3.26808e-07
3.71504 1.82408 0 215 3.31278e-07
3.71579 1.82408 0 215 3.35861e-07
3.71654 1.82408 0 215 3.40559e-07
3.71729 1.82408 0 215 3.45376e-07
3.71804 1.82408 0 215 3.50317e-07
3.71879 1.82408 0 215 3.55387e-07
3.71954 1.82408 0 215 3.60588e-07
3.72029 1.82408 0 215 3.65927e-07
3.72104 1.82408 0 215 3.71408e-07
3.72179 1.82408 0 215 3.77036e-07
3.72254 1.82408 0 215 3.82816e-07
3.72329 1.82408 0 215 3.88754e-07
3.72404 1.82408 0 215 3.94855e-07
3.72479 1.82408 0 215 4.01126e-07
3.72554 1.82408 0 215 4.07572e-07
3.72629 1.82408 0 215 4.14201e-07
3.72704 1.82408 0 215 4.21019e-07
3.72779 1.82408 0 215 4.28033e-07
3.72854 1.82408 0 215 4.3525e-07
3.72929 1.82408 0 215 4.42679e-07
3.73004 1.82408 0 215 4.50328e-07
3.73079 1.82408 0 215 4.58204e-07
3.73154 1.82408 0 215 4.66315e-07
3.73229 1.82408 0 215 4.74674e-07
3.73304 1.82408 0 215 4.83288e-07
3.73379 1.82408 0 215 4.92167e-07
3.73454 1.82408 0 215 5.01322e-07
3.73529 1.82408 0 215 5.10763e-07
3.73604 1.82408 0 215 5.20501e-07
3.73679 1.82408 0 215 5.30548e-07
3.73754 1.82408 0 215 5.40913e-07
3.73829 1.82408 0 215 5.51612e-07
3.73904 1.82408 0 215 5.62658e-07
3.73979 1.82408 0 215 5.74061e-07
3.74054 1.82408 0 215 5.85836e-07
3.74129 1.82408 0 215 5.97995e-07
3.74204 1.82408 0 215 6.10552e-07
3.74279 1.82408 0 215 6.23521e-07
3.74354 1.82408 0 215 6.36916e-07
3.74429 1.82408 0 215 6.5075e-07
3.74504 1.82408 0 215 6.65036e-07
3.74579 1.82408 0 215 6.79789e-07
3.74654 1.82408 0 215 6.9502e-07
3.74729 1.82408 0 215 7.10742e-07
3.74804 1.82408 0 215 7.26965e-07
3.74879 1.82408 0 215 7.437e-07
3.74954 1.82408 0 215 7.60955e-07
3.75029 1.82408 0 215 7.78737e-07
3.75104 1.82408 0 215 7.97051e-07
3.75179 1.82408 0 215 8.15901e-07
3.75254 1.82408 0 215 8.35287e-07
3.75329 1.82408 0 215 8.55204e-07
3.75404 1.82408 0 215 8.75649e-07
3.75479 1.82408 0 215 8.9661e-07
3.75554 1.82408 0 215 9.18075e-07
3.75629 1.82408 0 215 9.40028e-07
3.75704 1.82408 0 215 9.62446e-07
3.75779 1.82408 0 215 9.85305e-07
3.75854 1.82408 0 215 1.00858e-06
3.75929 1.82408 0 215 1.03223e-06
3.76004 1.82408 0 215 1.05623e-06
3.76079 1.82408 0 215 1.08054e-06
3.76154 1.82408 0 215 1.10512e-06
3.76229 1.82408 0 215 1.12995e-06
3.76304 1.82408 0 215 1.15497e-06
3.76379 1.82408 0 215 1.18017e-06
3.76454 1.82408 0 215 1.20552e-06
3.76529 1.82408 0 215 1.23099e-06
3.76604 1.82408 0 215 1.25658e-06
3.76679 1.82408 0 215 1.28229e-06
3.76754 1.82408 0 215 1.30813e-06
3.76829 1.82408 0 215 1.33412e-06
3.76904 1.82408 0 215 1.35953e-06
3.76979 1.82408 0 215 1.38591e-06
3.77055 1.82408 0 215 1.41259e-06
3.7713 1.82408 0 215 1.43963e-06
3.77205 1.82408 0 215 1.46713e-06
3.7728 1.82408 0 215 1.49513e-06
3.77355 1.82408 0 215 1.52375e-06
3.7743 1.82408 0 215 1.55308e-06
3.77505 1.82408 0 215 1.58322e-06
3.7758 1.82408 0 215 1.61428e-06
3.77655 1.82408 0 215 1.64635e-06
3.7773 1.82408 0 215 1.67953e-06
3.77805 1.82408 0 215 1.7139e-06
3.7788 1.82408 0 215 1.74955e-06
3.77955 1.82408 0 215 1.78654e-06
3.7803 1.82408 0 215 1.82495e-06
3.78105 1.82408 0 215 1.86481e-06
3.7818 1.82408 0 215 1.90617e-06
3.78255 1.82408 0 215 1.94904e-06
3.7833 1.82408 0 215 1.99344e-06
3.78405 1.82408 0 215 2.03936e-06
3.7848 1.82408 0 215 2.08676e-06
3.78555 1.82408 0 215 2.13562e-06
3.7863 1.82408 0 215 2.18586e-06
3.78705 1.82408 0 215 2.2374e-06
3.7878 1.82408 0 215 2.29017e-06
3.78855 1.82408 0 215 2.34403e-06
3.7893 1.82408 0 215 2.39887e-06
3.79005 1.82408 0 215 2.45455e-06
3.7908 1.82408 0 215 2.51091e-06
3.79155 1.82408 0 215 2.56779e-06
3.7923 1.82408 0 215 2.62505e-06
3.79305 1.82408 0 215 2.68252e-06
3.7938 1.82408 0 215 2.74006e-06
3.79455 1.82408 0 215 2.79752e-06
3.7953 1.82408 0 215 2.85479e-06
3.79605 1.82408 0 215 2.91177e-06
3.7968 1.82408 0 215 2.9684e-06
3.79755 1.82408 0 215 3.02464e-06
3.7983 1.82408 0 215 3.0805e-06
3.79905 1.82408 0 215 3.13603e-06
3.7998 1.82408 0 215 3.19128e-06
3.80055 1.82408 0 215 3.24639e-06
3.8013 1.82408 0 215 3.3015e-06
3.80205 1.82408 0 215 3.35678e-06
3.8028 1.82408 0 215 3.41243e-06
3.80355 1.82408 0 215 3.46866e-06
3.8043 1.82408 0 215 3.52568e-06
3.80505 1.82408 0 215 3.5837e-06
3.8058 1.82408 0 215 3.64294e-06
3.80655 1.82408 0 215 3.70357e-06
3.8073 1.82408 0 215 3.76573e-06
3.80805 1.82408 0 215 3.82955e-06
3.8088 1.82408 0 215 3.89507e-06
3.80955 1.82408 0 215 3.96231e-06
3.8103 1.82408 0 215 4.03122e-06
3.81105 1.82408 0 215 4.10166e-06
3.8118 1.82408 0 215 4.17344e-06
3.81255 1.82408 0 215 4.24628e-06
3.8133 1.82408 0 215 4.31983e-06
3.81405 1.82408 0 215 4.39364e-06
3.8148 1.82408 0 215 4.46718e-06
3.81555 1.82408 0 215 4.53987e-06
3.8163 1.82408 0 215 4.61101e-06
3.81705 1.82408 0 215 4.67986e-06
3.8178 1.82408 0 215 4.74563e-06
3.81855 1.82408 0 215 4.80748e-06
3.8193 1.82408 0 215 4.86451e-06
3.82005 1.82408 0 215 4.91585e-06
3.8208 1.82408 0 215 4.96065e-06
3.82155 1.82408 0 215 4.99806e-06
3.8223 1.82408 0 215 5.02734e-06
3.82305 1.82408 0 215 5.04778e-06
3.8238 1.82408 0 215 5.05883e-06
3.82455 1.82408 0 215 5.06003e-06
3.8253 1.82408 0 215 5.05107e-06
3.82605 1.82408 0 215 5.03182e-06
3.8268 1.82408 0 215 5.00225e-06
3.82755 1.82408 0 215 4.96255e-06
3.8283 1.82408 0 215 4.91301e-06
3.82905 1.82408 0 215 4.85411e-06
3.8298 1.82408 0 215 4.78642e-06
3.83056 1.82408 0 215 4.71062e-06
3.83131 1.82408 0 215 4.62747e-06
3.83206 1.82408 0 215 4.53782e-06
3.83281 1.82408 0 215 4.4425e-06
3.83356 1.82408 0 215 4.34241e-06
3.83431 1.82408 0 215 4.23842e-06
3.83506 1.82408 0 215 4.13136e-06
3.83581 1.82408 0 215 4.02206e-06
3.83656 1.82408 0 215 3.91128e-06
3.83731 1.82408 0 215 3.79971e-06
3.83806 1.82408 0 215 3.68802e-06
3.83881 1.82408 0 215 3.57675e-06
3.83956 1.82408 0 215 3.46641e-06
3.84031 1.82408 0 215 3.35745e-06
3.84106 1.82408 0 215 3.25025e-06
3.84181 1.82408 0 215 3.14511e-06
3.84256 1.82408 0 215 3.04231e-06
3.84331 1.82408 0 215 2.94204e-06
3.84406 1.82408 0 215 2.84447e-06
3.84481 1.82408 0 215 2.74973e-06
3.84556 1.82408 0 215 2.65789e-06
3.84631 1.82408 0 215 2.569e-06
3.84706 1.82408 0 215 2.48309e-06
3.84781 1.82408 0 215 2.40016e-06
3.84856 1.82408 0 215 2.32019e-06
3.84931 1.82408 0 215 2.24315e-06
3.85006 1.82408 0 215 2.16898e-06
3.85081 1.82408 0 215 2.09763e-06
3.85156 1.82408 0 215 2.02902e-06
3.85231 1.82408 0 215 1.96308e-06
3.85306 1.82408 0 215 1.89974e-06
3.85381 1.82408 0 215 1.8389e-06
3.85456 1.82408 0 215 1.78048e-06
3.85531 1.82408 0 215 1.72439e-06
3.85606 1.82408 0 215 1.67056e-06
3.85681 1.82408 0 215 1.61888e-06
3.85756 1.82408 0 215 1.56928e-06
3.85831 1.82408 0 215 1.52167e-06
3.85906 1.82408 0 215 1.47598e-06
3.85981 1.82408 0 215 1.4321e-06
3.86056 1.82408 0 215 1.38998e-06
3.86131 1.82408 0 215 1.34953e-06
3.86206 1.82408 0 215 1.31069e-06
3.86281 1.82408 0 215 1.27338e-06
3.86356 1.82408 0 215 1.23753e-06
3.86431 1.82408 0 215 1.20308e-06
3.86506 1.82408 0 215 1.16997e-06
3.86581 1.82408 0 215 1.13814e-06
3.86656 1.82408 0 215 1.10754e-06
3.86731 1.82408 0 215 1.0781e-06
3.86806 1.82408 0 215 1.04978e-06
3.86881 1.82408 0 215 1.02253e-06
3.86956 1.82408 0 215 9.96295e-07
3.87031 1.82408 0 215 9.71038e-07
3.87106 1.82408 0 215 9.46715e-07
3.87181 1.82408 0 215 9.23284e-07
3.87256 1.82408 0 215 9.00707e-07
3.87331 1.82408 0 215 8.78948e-07
3.87406 1.82408 0 215 8.57971e-07
3.87481 1.82408 0 215 8.37742e-07
3.87556 1.82408 0 215 8.18231e-07
3.87631 1.82408 0 215 7.99407e-07
3.87706 1.82408 0 215 7.81245e-07
3.87781 1.82408 0 215 7.63711e-07
3.87856 1.82408 0 215 7.46782e-07
3.87931 1.82408 0 215 7.30433e-07
3.88006 1.82408 0 215 7.14641e-07
3.88081 1.82408 0 215 6.99385e-07
3.88156 1.82408 0 215 6.84641e-07
3.88231 1.82408 0 215 6.70393e-07
3.88306 1.82408 0 215 6.56617e-07
3.88381 1.82408 0 215 6.43296e-07
3.88456 1.82408 0 215 6.30414e-07
3.88531 1.82408 0 215 6.17953e-07
3.88606 1.82408 0 215 6.05898e-07
3.88681 1.82408 0 215 5.94234e-07
3.88756 1.82408 0 215 5.82945e-07
3.88831 1.82408 0 215 5.72019e-07
3.88906 1.82408 0 215 5.61441e-07
3.88981 1.82408 0 215 5.512e-07
3.89057 1.82408 0 215 5.41284e-07
3.89132 1.82408 0 215 5.31681e-07
3.89207 1.82408 0 215 5.22379e-07
3.89282 1.82408 0 215 5.13368e-07
3.89357 1.82408 0 215 5.04638e-07
3.89432 1.82408 0 215 4.96177e-07
3.89507 1.82408 0 215 4.8798e-07
3.89582 1.82408 0 215 4.80034e-07
3.89657 1.82408 0 215 4.72332e-07
3.89732 1.82408 0 215 4.64864e-07
3.89807 1.82408 0 215 4.57622e-07
3.89882 1.82408 0 215 4.50597e-07
3.89957 1.82408 0 215 4.43781e-07
3.90032 1.82408 0 215 4.37166e-07
3.90107 1.82408 0 215 4.30744e-07
3.90182 1.82408 0 215 4.24507e-07
3.90257 1.82408 0 215 4.18445e-07
3.90332 1.82408 0 215 4.12552e-07
3.90407 1.82408 0 215 4.06819e-07
3.90482 1.82408 0 215 4.01237e-07
3.90557 1.82408 0 215 3.95799e-07
3.90632 1.82408 0 215 3.90495e-07
3.90707 1.82408 0 215 3.85318e-07
3.90782 1.82408 0 215 3.80258e-07
3.90857 1.82408 0 215 3.75308e-07
3.90932 1.82408 0 215 3.70458e-07
3.91007 1.82408 0 215 3.65701e-07
3.91082 1.82408 0 215 3.6103e-07
3.91157 1.82408 0 215 3.56435e-07
3.91232 1.82408 0 215 3.51909e-07
3.91307 1.82408 0 215 3.47446e-07
3.91382 1.82408 0 215 3.4304e-07
3.91457 1.82408 0 215 3.38688e-07
3.91532 1.82408 0 215 3.34383e-07
3.91607 1.82408 0 215 3.30125e-07
3.91682 1.82408 0 215 3.2591e-07
3.91757 1.82408 0 215 3.2174e-07
3.91832 1.82408 0 215 3.17615e-07
3.91907 1.82408 0 215 3.13537e-07
3.91982 1.82408 0 215 3.09508e-07
3.92057 1.82408 0 215 3.05535e-07
3.92132 1.82408 0 215 3.01618e-07
3.92207 1.82408 0 215 2.9776e-07
3.92282 1.82408 0 215 2.93972e-07
3.92357 1.82408 0 215 2.90255e-07
3.92432 1.82408 0 215 2.86611e-07
3.92507 1.82408 0 215 2.83044e-07
3.92582 1.82408 0 215 2.79553e-07
3.92657 1.82408 0 215 2.76137e-07
3.92732 1.82408 0 215 2.72797e-07
3.92807 1.82408 0 215 2.69524e-07
3.92882 1.82408 0 215 2.66317e-07
3.92957 1.82408 0 215 2.63167e-07
3.93032 1.82408 0 215 2.60068e-07
3.93107 1.82408 0 215 2.57012e-07
3.93182 1.82408 0 215 2.53991e-07
3.93257 1.82408 0 215 2.50997e-07
3.93332 1.82408 0 215 2.48022e-07
3.93407 1.82408 0 215 2.45059e-07
3.93482 1.82408 0 215 2.42103e-07
3.93557 1.82408 0 215 2.39147e-07
3.93632 1.82408 0 215 2.36188e-07
3.93707 1.82408 0 215 2.33223e-07
3.93782 1.82408 0 215 2.30249e-07
3.93857 1.82408 0 215 2.27265e-07
3.93932 1.82408 0 215 2.24272e-07
3.94007 1.82408 0 215 2.2127e-07
3.94082 1.82408 0 215 2.18259e-07
3.94157 1.82408 0 215 2.15246e-07
3.94232 1.82408 0 215 2.12224e-07
3.94307 1.82408 0 215 2.09201e-07
3.94382 1.82408 0 215 2.06178e-07
3.94457 1.82408 0 215 2.03158e-07
3.94532 1.82408 0 215 2.00144e-07
3.94607 1.82408 0 215 1.97138e-07
3.94682 1.82408 0 215 1.94144e-07
3.94757 1.82408 0 215 1.91165e-07
3.94832 1.82408 0 215 1.88202e-07
3.94907 1.82408 0 215 1.85258e-07
3.94982 1.82408 0 215 1.8234e-07
3.95058 1.82408 0 215 1.79449e-07
3.95133 1.82408 0 215 1.7659e-07
3.95208 1.82408 0 215 1.73765e-07
3.95283 1.82408 0 215 1.70979e-07
3.95358 1.82408 0 215 1.68238e-07
3.95433 1.82408 0 215 1.65547e-07
3.95508 1.82408 0 215 1.62913e-07
3.95583 1.82408 0 215 1.60341e-07
3.95658 1.82408 0 215 1.57838e-07
3.95733 1.82408 0 215 1.55413e-07
3.95808 1.82408 0 215 1.53075e-07
3.95883 1.82408 0 215 1.50831e-07
3.95958 1.82408 0 215 1.48691e-07
3.96033 1.82408 0 215 1.46663e-07
3.96108 1.82408 0 215 1.44758e-07
3.96183 1.82408 0 215 1.42982e-07
3.96258 1.82408 0 215 1.41345e-07
3.96333 1.82408 0 215 1.39852e-07
3.96408 1.82408 0 215 1.3851e-07
3.96483 1.82408 0 215 1.37323e-07
3.96558 1.82408 0 215 1.36291e-07
3.96633 1.82408 0 215 1.35416e-07
3.96708 1.82408 0 215 1.34692e-07
3.96783 1.82408 0 215 1.34115e-07
3.96858 1.82408 0 215 1.33678e-07
3.96933 1.82408 0 215 1.33369e-07
3.97008 1.82408 0 215 1.33176e-07
3.97083 1.82408 0 215 1.33084e-07
3.97158 1.82408 0 215 1.33076e-07
3.97233 1.82408 0 215 1.33136e-07
3.97308 1.82408 0 215 1.33245e-07
3.97383 1.82408 0 215 1.33383e-07
3.97458 1.82408 0 215 1.33536e-07
3.97533 1.82408 0 215 1.3368e-07
3.97608 1.82408 0 215 1.33813e-07
3.97683 1.82408 0 215 1.33915e-07
3.97758 1.82408 0 215 1.33973e-07
3.97833 1.82408 0 215 1.33978e-07
3.97908 1.82408 0 215 1.33924e-07
3.97983 1.82408 0 215 1.33803e-07
3.98058 1.82408 0 215 1.33613e-07
3.98133 1.82408 0 215 1.33353e-07
3.98208 1.82408 0 215 1.33023e-07
3.98283 1.82408 0 215 1.32624e-07
3.98358 1.82408 0 215 1.32158e-07
3.98433 1.82408 0 215 1.31627e-07
3.98508 1.82408 0 215 1.31039e-07
3.98583 1.82408 0 215 1.30396e-07
3.98658 1.82408 0 215 1.29704e-07
3.98733 1.82408 0 215 1.28968e-07
3.98808 1.82408 0 215 1.28192e-07
3.98883 1.82408 0 215 1.27382e-07
3.98958 1.82408 0 215 1.26542e-07
3.99033 1.82408 0 215 1.25676e-07
3.99108 1.82408 0 215 1.2479e-07
3.99183 1.82408 0 215 1.23886e-07
3.99258 1.82408 0 215 1.22969e-07
3.99333 1.82408 0 215 1.22043e-07
3.99408 1.82408 0 215 1.21109e-07
3.99483 1.82408 0 215 1.20171e-07
3.99558 1.82408 0 215 1.19232e-07
3.99633 1.82408 0 215 1.18292e-07
3.99708 1.82408 0 215 1.17355e-07
3.99783 1.82408 0 215 1.1642e-07
3.99858 1.82408 0 215 1.15491e-07
3.99933 1.82408 0 215 1.14568e-07
4.00008 1.82408 0 215 1.13651e-07
4.00083 1.82408 0 215 1.12742e-07
4.00158 1.82408 0 215 1.11842e-07
4.00233 1.82408 0 215 1.1095e-07
4.00308 1.82408 0 215 1.10067e-07
4.00383 1.82408 0 215 1.09193e-07
4.00458 1.82408 0 215 1.0833e-07
4.00533 1.82408 0 215 1.07475e-07
4.00608 1.82408 0 215 1.0663e-07
4.00683 1.82408 0 215 1.05795e-07
4.00758 1.82408 0 215 1.04969e-07
4.00833 1.82408 0 215 1.04151e-07
4.00908 1.82408 0 215 1.03343e-07
4.00983 1.82408 0 215 1.02543e-07
4.01059 1.82408 0 215 1.01751e-07
4.01134 1.82408 0 215 1.00967e-07
4.01209 1.82408 0 215 1.0019e-07
4.01284 1.82408 0 215 9.94204e-08
4.01359 1.82408 0 215 9.86572e-08
4.01434 1.82408 0 215 9.79001e-08
4.01509 1.82408 0 215 9.71486e-08
4.01584 1.82408 0 215 9.64022e-08
4.01659 1.82408 0 215 9.56603e-08
4.01734 1.82408 0 215 9.49224e-08
4.01809 1.82408 0 215 9.4188e-08
4.01884 1.82408 0 215 9.34564e-08
4.01959 1.82408 0 215 9.27271e-08
4.02034 1.82408 0 215 9.19201e-08
4.02109 1.82408 0 215 9.11849e-08
4.02184 1.82408 0 215 9.04498e-08
4.02259 1.82408 0 215 8.97138e-08
4.02334 1.82408 0 215 8.89763e-08
4.02409 1.82408 0 215 8.82365e-08
4.02484 1.82408 0 215 8.74936e-08
4.02559 1.82408 0 215 8.67468e-08
4.02634 1.82408 0 215 8.59948e-08
4.02709 1.82408 0 215 8.52376e-08
4.02784 1.82408 0 215 8.44737e-08
4.02859 1.82408 0 215 8.37017e-08
4.02934 1.82408 0 215 8.29216e-08
4.03009 1.82408 0 215 8.21319e-08
4.03084 1.82408 0 215 8.13314e-08
4.03159 1.82408 0 215 8.05191e-08
4.03234 1.82408 0 215 7.96936e-08
4.03309 1.82408 0 215 7.88537e-08
4.03384 1.82408 0 215 7.79982e-08
4.03459 1.82408 0 215 7.71255e-08
4.03534 1.82408 0 215 7.62343e-08
4.03609 1.82408 0 215 7.5323e-08
4.03684 1.82408 0 215 7.43901e-08
4.03759 1.82408 0 215 7.34339e-08
4.03834 1.82408 0 215 7.24526e-08
4.03909 1.82408 0 215 7.14443e-08
4.03984 1.82408 0 215 7.04073e-08
4.04059 1.82408 0 215 6.93396e-08
4.04134 1.82408 0 215 6.82389e-08
4.04209 1.82408 0 215 6.71063e-08
4.04284 1.82408 0 215 6.59334e-08
4.04359 1.82408 0 215 6.4721e-08
4.04434 1.82408 0 215 6.34666e-08
4.04509 1.82408 0 215 6.21672e-08
4.04584 1.82408 0 215 6.08214e-08
4.04659 1.82408 0 215 5.94259e-08
4.04734 1.82408 0 215 5.79783e-08
4.04809 1.82408 0 215 5.64757e-08
4.04884 1.82408 0 215 5.49155e-08
4.04959 1.82408 0 215 5.3295e-08
4.05034 1.82408 0 215 5.16117e-08
4.05109 1.82408 0 215 4.98629e-08
4.05184 1.82408 0 215 4.80463e-08
4.05259 1.82408 0 215 4.61595e-08
4.05334 1.82408 0 215 4.42006e-08
4.05409 1.82408 0 215 4.21677e-08
4.05484 1.82408 0 215 4.00595e-08
4.05559 1.82408 0 215 3.7875e-08
4.05634 1.82408 0 215 3.5614e-08
4.05709 1.82408 0 215 3.32768e-08
4.05784 1.82408 0 215 3.08644e-08
4.05859 1.82408 0 215 2.8379e-08
4.05934 1.82408 0 215 2.5818e-08
4.06009 1.82408 0 215 2.31971e-08
4.06084 1.82408 0 215 2.05169e-08
4.06159 1.82408 0 215 1.77828e-08
4.06234 1.82408 0 215 1.50086e-08
4.06309 1.82408 0 215 1.22038e-08
4.06384 1.82408 0 215 9.38216e-09
4.06459 1.82408 0 215 6.56009e-09
4.06534 1.82408 0 215 3.75649e-09
4.06609 1.82408 0 215 9.93042e-10
4.06684 1.82408 0 215 -1.70577e-09
4.06759 1.82408 0 215 -4.31263e-09
4.06834 1.82408 0 215 -6.79748e-09
4.06909 1.82408 0 215 -9.12767e-09
4.06984 1.82408 0 215 -1.12683e-08
4.0706 1.82408 0 215 -1.31826e-08
4.07135 1.82408 0 215 -1.48325e-08
4.0721 1.82408 0 215 -1.61795e-08
4.07285 1.82408 0 215 -1.71854e-08
4.0736 1.82408 0 215 -1.78132e-08
4.07435 1.82408 0 215 -1.80287e-08
4.0751 1.82408 0 215 -1.7801e-08
4.07585 1.82408 0 215 -1.71046e-08
4.0766 1.82408 0 215 -1.59407e-08
4.07735 1.82408 0 215 -1.42551e-08
4.0781 1.82408 0 215 -1.20651e-08
4.07885 1.82408 0 215 -9.38066e-09
4.0796 1.82408 0 215 -6.20667e-09
4.08035 1.82408 0 215 -2.57232e-09
4.0811 1.82408 0 215 1.4888e-09
4.08185 1.82408 0 215 5.93442e-09
4.0826 1.82408 0 215 1.07146e-08
4.08335 1.82408 0 215 1.57733e-08
4.0841 1.82408 0 215 2.10495e-08
4.08485 1.82408 0 215 2.64796e-08
4.0856 1.82408 0 215 3.19989e-08
4.08635 1.82408 0 215 3.75435e-08
4.0871 1.82408 0 215 4.30518e-08
4.08785 1.82408 0 215 4.84667e-08
4.0886 1.82408 0 215 5.3736e-08
4.08935 1.82408 0 215 5.8814e-08
4.0901 1.82408 0 215 6.36617e-08
4.09085 1.82408 0 215 6.82475e-08
4.0916 1.82408 0 215 7.25471e-08
4.09235 1.82408 0 215 7.65433e-08
4.0931 1.82408 0 215 8.02253e-08
4.09385 1.82408 0 215 8.35887e-08
4.0946 1.82408 0 215 8.66344e-08
4.09535 1.82408 0 215 8.9368e-08
4.0961 1.82408 0 215 9.17988e-08
4.09685 1.82408 0 215 9.39396e-08
4.0976 1.82408 0 215 9.58051e-08
4.09835 1.82408 0 215 9.74127e-08
4.0991 1.82408 0 215 9.87816e-08
4.09985 1.82408 0 215 9.99266e-08
4.1006 1.82408 0 215 1.00868e-07
4.10135 1.82408 0 215 1.01625e-07
4.1021 1.82408 0 215 1.02216e-07
4.10285 1.82408 0 215 1.02657e-07
4.1036 1.82408 0 215 1.02966e-07
4.10435 1.82408 0 215 1.03158e-07
4.1051 1.82408 0 215 1.03248e-07
4.10585 1.82408 0 215 1.03249e-07
4.1066 1.82408 0 215 1.03174e-07
4.10735 1.82408 0 215 1.03034e-07
4.1081 1.82408 0 215 1.0284e-07
4.10885 1.82408 0 215 1.02602e-07
4.1096 1.82408 0 215 1.02326e-07
4.11035 1.82408 0 215 1.02023e-07
4.1111 1.82408 0 215 1.01697e-07
4.11185 1.82408 0 215 1.01356e-07
4.1126 1.82408 0 215 1.01004e-07
4.11335 1.82408 0 215 1.00647e-07
4.1141 1.82408 0 215 1.00289e-07
4.11485 1.82408 0 215 9.99328e-08
4.1156 1.82408 0 215 9.95821e-08
4.11635 1.82408 0 215 9.92398e-08
4.1171 1.82408 0 215 9.89083e-08
4.11785 1.82408 0 215 9.85899e-08
4.1186 1.82408 0 215 9.82864e-08
4.11935 1.82408 0 215 9.79993e-08
4.1201 1.82408 0 215 9.773e-08
4.12085 1.82408 0 215 9.74809e-08
4.1216 1.82408 0 215 9.72511e-08
4.12235 1.82408 0 215 9.70418e-08
4.1231 1.82408 0 215 9.68542e-08
4.12385 1.82408 0 215 9.6689e-08
4.1246 1.82408 0 215 9.65469e-08
4.12535 1.82408 0 215 9.6428e-08
4.1261 1.82408 0 215 9.63329e-08
4.12685 1.82408 0 215 9.62617e-08
4.1276 1.82408 0 215 9.6215e-08
4.12835 1.82408 0 215 9.61929e-08
4.1291 1.82408 0 215 9.6196e-08
4.12985 1.82408 0 215 9.62241e-08
4.13061 1.82408 0 215 9.62777e-08
4.13136 1.82408 0 215 9.6357e-08
4.13211 1.82408 0 215 9.64621e-08
4.13286 1.82408 0 215 9.65933e-08
4.13361 1.82408 0 215 9.67508e-08
4.13436 1.82408 0 215 9.69347e-08
4.13511 1.82408 0 215 9.71454e-08
4.13586 1.82408 0 215 9.73829e-08
4.13661 1.82408 0 215 9.76477e-08
4.13736 1.82408 0 215 9.79398e-08
4.13811 1.82408 0 215 9.82595e-08
4.13886 1.82408 0 215 9.8607e-08
4.13961 1.82408 0 215 9.8983e-08
4.14036 1.82408 0 215 9.93869e-08
4.14111 1.82408 0 215 9.98195e-08
4.14186 1.82408 0 215 1.00281e-07
4.14261 1.82408 0 215 1.00771e-07
4.14336 1.82408 0 215 1.01291e-07
4.14411 1.82408 0 215 1.0184e-07
4.14486 1.82408 0 215 1.02418e-07
4.14561 1.82408 0 215 1.03026e-07
4.14636 1.82408 0 215 1.03663e-07
4.14711 1.82408 0 215 1.04329e-07
4.14786 1.82408 0 215 1.05025e-07
4.14861 1.82408 0 215 1.0575e-07
4.14936 1.82408 0 215 1.06504e-07
4.15011 1.82408 0 215 1.07287e-07
4.15086 1.82408 0 215 1.08097e-07
4.15161 1.82408 0 215 1.08935e-07
4.15236 1.82408 0 215 1.098e-07
4.15311 1.82408 0 215 1.1069e-07
4.15386 1.82408 0 215 1.11606e-07
4.15461 1.82408 0 215 1.12545e-07
4.15536 1.82408 0 215 1.13507e-07
4.15611 1.82408 0 215 1.1449e-07
4.15686 1.82408 0 215 1.15495e-07
4.15761 1.82408 0 215 1.16516e-07
4.15836 1.82408 0 215 1.17555e-07
4.15911 1.82408 0 215 1.1861e-07
4.15986 1.82408 0 215 1.19679e-07
4.16061 1.82408 0 215 1.2076e-07
4.16136 1.82408 0 215 1.21854e-07
4.16211 1.82408 0 215 1.22958e-07
4.16286 1.82408 0 215 1.24072e-07
4.16361 1.82408 0 215 1.25196e-07
4.16436 1.82408 0 215 1.26329e-07
4.16511 1.82408 0 215 1.27471e-07
4.16586 1.82408 0 215 1.28623e-07
4.16661 1.82408 0 215 1.29786e-07
4.16736 1.82408 0 215 1.30962e-07
4.16811 1.82408 0 215 1.3215e-07
4.16886 1.82408 0 215 1.33355e-07
4.16961 1.82408 0 215 1.34578e-07
4.17036 1.82408 0 215 1.35821e-07
4.17111 1.82408 0 215 1.37087e-07
4.17186 1.82408 0 215 1.3838e-07
4.17261 1.82408 0 215 1.39702e-07
4.17336 1.82408 0 215 1.41056e-07
4.17411 1.82408 0 215 1.42447e-07
4.17486 1.82408 0 215 1.43876e-07
4.17561 1.82408 0 215 1.45347e-07
4.17636 1.82408 0 215 1.46863e-07
4.17711 1.82408 0 215 1.48426e-07
4.17786 1.82408 0 215 1.50039e-07
4.17861 1.82408 0 215 1.51704e-07
4.17936 1.82408 0 215 1.53424e-07
4.18011 1.82408 0 215 1.55199e-07
4.18086 1.82408 0 215 1.57033e-07
4.18161 1.82408 0 215 1.58925e-07
4.18236 1.82408 0 215 1.60878e-07
4.18311 1.82408 0 215 1.62892e-07
4.18386 1.82408 0 215 1.64969e-07
4.18461 1.82408 0 215 1.67109e-07
4.18536 1.82408 0 215 1.69314e-07
4.18611 1.82408 0 215 1.71584e-07
4.18686 1.82408 0 215 1.73921e-07
4.18761 1.82408 0 215 1.76326e-07
4.18836 1.82408 0 215 1.78801e-07
4.18911 1.82408 0 215 1.81347e-07
4.18986 1.82408 0 215 1.83967e-07
4.19062 1.82408 0 215 1.86662e-07
4.19137 1.82408 0 215 1.89437e-07
4.19212 1.82408 0 215 1.92292e-07
4.19287 1.82408 0 215 1.95232e-07
4.19362 1.82408 0 215 1.98259e-07
4.19437 1.82408 0 215 2.01377e-07
4.19512 1.82408 0 215 2.0459e-07
4.19587 1.82408 0 215 2.07899e-07
4.19662 1.82408 0 215 2.11308e-07
4.19737 1.82408 0 215 2.14818e-07
4.19812 1.82408 0 215 2.18432e-07
4.19887 1.82408 0 215 2.22151e-07
4.19962 1.82408 0 215 2.25974e-07
4.20037 1.82408 0 215 2.299e-07
4.20112 1.82408 0 215 2.33927e-07
4.20187 1.82408 0 215 2.38051e-07
4.20262 1.82408 0 215 2.42267e-07
4.20337 1.82408 0 215 2.46568e-07
4.20412 1.82408 0 215 2.50945e-07
4.20487 1.82408 0 215 2.55387e-07
4.20562 1.82408 0 215 2.5988e-07
4.20637 1.82408 0 215 2.6441e-07
4.20712 1.82408 0 215 2.6896e-07
4.20787 1.82408 0 215 2.73509e-07
4.20862 1.82408 0 215 2.78035e-07
4.20937 1.82408 0 215 2.82514e-07
4.21012 1.82408 0 215 2.86921e-07
4.21087 1.82408 0 215 2.91225e-07
4.21162 1.82408 0 215 2.95399e-07
4.21237 1.82408 0 215 2.9941e-07
4.21312 1.82408 0 215 3.03227e-07
4.21387 1.82408 0 215 3.06817e-07
4.21462 1.82408 0 215 3.1015e-07
4.21537 1.82408 0 215 3.13193e-07
4.21612 1.82408 0 215 3.15918e-07
4.21687 1.82408 0 215 3.18296e-07
4.21762 1.82408 0 215 3.20302e-07
4.21837 1.82408 0 215 3.21916e-07
4.21912 1.82408 0 215 3.2312e-07
4.21987 1.82408 0 215 3.239e-07
4.22062 1.82408 0 215 3.2425e-07
4.22137 1.82408 0 215 3.24164e-07
4.22212 1.82408 0 215 3.23644e-07
4.22287 1.82408 0 215 3.22698e-07
4.22362 1.82408 0 215 3.21337e-07
4.22437 1.82408 0 215 3.19577e-07
4.22512 1.82408 0 215 3.17437e-07
4.22587 1.82408 0 215 3.14942e-07
4.22662 1.82408 0 215 3.12118e-07
4.22737 1.82408 0 215 3.08993e-07
4.22812 1.82408 0 215 3.056e-07
4.22887 1.82408 0 215 3.01967e-07
4.22962 1.82408 0 215 2.98127e-07
4.23037 1.82408 0 215 2.94113e-07
4.23112 1.82408 0 215 2.89955e-07
4.23187 1.82408 0 215 2.85684e-07
4.23262 1.82408 0 215 2.81328e-07
4.23337 1.82408 0 215 2.76914e-07
4.23412 1.82408 0 215 2.72468e-07
4.23487 1.82408 0 215 2.68012e-07
4.23562 1.82408 0 215 2.63567e-07
4.23637 1.82408 0 215 2.59153e-07
4.23712 1.82408 0 215 2.54786e-07
4.23787 1.82408 0 215 2.50481e-07
4.23862 1.82408 0 215 2.46251e-07
4.23937 1.82408 0 215 2.42106e-07
4.24012 1.82408 0 215 2.38057e-07
4.24087 1.82408 0 215 2.3411e-07
4.24162 1.82408 0 215 2.30272e-07
4.24237 1.82408 0 215 2.26548e-07
4.24312 1.82408 0 215 2.22942e-07
4.24387 1.82408 0 215 2.19456e-07
4.24462 1.82408 0 215 2.16092e-07
4.24537 1.82408 0 215 2.1285e-07
4.24612 1.82408 0 215 2.09733e-07
4.24687 1.82408 0 215 2.06738e-07
4.24762 1.82408 0 215 2.03866e-07
4.24837 1.82408 0 215 2.01114e-07
4.24912 1.82408 0 215 1.98482e-07
4.24987 1.82408 0 215 1.95967e-07
4.25063 1.82408 0 215 1.93567e-07
4.25138 1.82408 0 215 1.91281e-07
4.25213 1.82408 0 215 1.89104e-07
4.25288 1.82408 0 215 1.87035e-07
4.25363 1.82408 0 215 1.85072e-07
4.25438 1.82408 0 215 1.83211e-07
4.25513 1.82408 0 215 1.8145e-07
4.25588 1.82408 0 215 1.79786e-07
4.25663 1.82408 0 215 1.78216e-07
4.25738 1.82408 0 215 1.76739e-07
4.25813 1.82408 0 215 1.75351e-07
4.25888 1.82408 0 215 1.7405e-07
4.25963 1.82408 0 215 1.72833e-07
4.26038 1.82408 0 215 1.71698e-07
4.26113 1.82408 0 215 1.70643e-07
4.26188 1.82408 0 215 1.69666e-07
4.26263 1.82408 0 215 1.68765e-07
4.26338 1.82408 0 215 1.67936e-07
4.26413 1.82408 0 215 1.6718e-07
4.26488 1.82408 0 215 1.66493e-07
4.26563 1.82408 0 215 1.65875e-07
4.26638 1.82408 0 215 1.65322e-07
4.26713 1.82408 0 215 1.64834e-07
4.26788 1.82408 0 215 1.64411e-07
4.26863 1.82408 0 215 1.64049e-07
4.26938 1.82408 0 215 1.63748e-07
4.27013 1.82408 0 215 1.63506e-07
4.27088 1.82408 0 215 1.63323e-07
4.27163 1.82408 0 215 1.63198e-07
4.27238 1.82408 0 215 1.63129e-07
4.27313 1.82408 0 215 1.63115e-07
4.27388 1.82408 0 215 1.63156e-07
4.27463 1.82408 0 215 1.63251e-07
4.27538 1.82408 0 215 1.634e-07
4.27613 1.82408 0 215 1.63601e-07
4.27688 1.82408 0 215 1.63855e-07
4.27763 1.82408 0 215 1.6416e-07
4.27838 1.82408 0 215 1.64517e-07
4.27913 1.82408 0 215 1.64925e-07
4.27988 1.82408 0 215 1.65383e-07
4.28063 1.82408 0 215 1.65893e-07
4.28138 1.82408 0 215 1.66453e-07
4.28213 1.82408 0 215 1.67064e-07
4.28288 1.82408 0 215 1.67725e-07
4.28363 1.82408 0 215 1.68437e-07
4.28438 1.82408 0 215 1.692e-07
4.28513 1.82408 0 215 1.70014e-07
4.28588 1.82408 0 215 1.70879e-07
4.28663 1.82408 0 215 1.71796e-07
4.28738 1.82408 0 215 1.72765e-07
4.28813 1.82408 0 215 1.73786e-07
4.28888 1.82408 0 215 1.7486e-07
4.28963 1.82408 0 215 1.75988e-07
4.29038 1.82408 0 215 1.7717e-07
4.29113 1.82408 0 215 1.78406e-07
4.29188 1.82408 0 215 1.79699e-07
4.29263 1.82408 0 215 1.81047e-07
4.29338 1.82408 0 215 1.82453e-07
4.29413 1.82408 0 215 1.83918e-07
4.29488 1.82408 0 215 1.85441e-07
4.29563 1.82408 0 215 1.87025e-07
4.29638 1.82408 0 215 1.88671e-07
4.29713 1.82408 0 215 1.90379e-07
4.29788 1.82408 0 215 1.92152e-07
4.29863 1.82408 0 215 1.93989e-07
4.29938 1.82408 0 215 1.95894e-07
4.30013 1.82408 0 215 1.97866e-07
4.30088 1.82408 0 215 1.99909e-07
4.30163 1.82408 0 215 2.02023e-07
4.30238 1.82408 0 215 2.0421e-07
4.30313 1.82408 0 215 2.06471e-07
4.30388 1.82408 0 215 2.0881e-07
4.30463 1.82408 0 215 2.11227e-07
4.30538 1.82408 0 215 2.13728e-07
4.30613 1.82408 0 215 2.16309e-07
4.30688 1.82408 0 215 2.18974e-07
4.30763 1.82408 0 215 2.21691e-07
4.30838 1.82408 0 215 2.24532e-07
4.30913 1.82408 0 215 2.27466e-07
4.30988 1.82408 0 215 2.30494e-07
4.31064 1.82408 0 215 2.33619e-07
4.31139 1.82408 0 215 2.36845e-07
4.31214 1.82408 0 215 2.40174e-07
4.31289 1.82408 0 215 2.43607e-07
4.31364 1.82408 0 215 2.47152e-07
4.31439 1.82408 0 215 2.50811e-07
4.31514 1.82408 0 215 2.54588e-07
4.31589 1.82408 0 215 2.58485e-07
4.31664 1.82408 0 215 2.62506e-07
4.31739 1.82408 0 215 2.66659e-07
4.31814 1.82408 0 215 2.70948e-07
4.31889 1.82408 0 215 2.75377e-07
4.31964 1.82408 0 215 2.79952e-07
4.32039 1.82408 0 215 2.84678e-07
4.32114 1.82408 0 215 2.89561e-07
4.32189 1.82408 0 215 2.94609e-07
4.32264 1.82408 0 215 2.99828e-07
4.32339 1.82408 0 215 3.05224e-07
4.32414 1.82408 0 215 3.10805e-07
4.32489 1.82408 0 215 3.16579e-07
4.32564 1.82408 0 215 3.22554e-07
4.32639 1.82408 0 215 3.28739e-07
4.32714 1.82408 0 215 3.35141e-07
4.32789 1.82408 0 215 3.41769e-07
4.32864 1.82408 0 215 3.48634e-07
4.32939 1.82408 0 215 3.55743e-07
4.33014 1.82408 0 215 3.63106e-07
4.33089 1.82408 0 215 3.70734e-07
4.33164 1.82408 0 215 3.78634e-07
4.33239 1.82408 0 215 3.86818e-07
4.33314 1.82408 0 215 3.95294e-07
4.33389 1.82408 0 215 4.04072e-07
4.33464 1.82408 0 215 4.13161e-07
4.33539 1.82408 0 215 4.22569e-07
4.33614 1.82408 0 215 4.32303e-07
4.33689 1.82408 0 215 4.42372e-07
4.33764 1.82408 0 215 4.52781e-07
4.33839 1.82408 0 215 4.63535e-07
4.33914 1.82408 0 215 4.74637e-07
4.33989 1.82408 0 215 4.8609e-07
4.34064 1.82408 0 215 4.97891e-07
4.34139 1.82408 0 215 5.10037e-07
4.34214 1.82408 0 215 5.22526e-07
4.34289 1.82408 0 215 5.35348e-07
4.34364 1.82408 0 215 5.4849e-07
4.34439 1.82408 0 215 5.61937e-07
4.34514 1.82408 0 215 5.75668e-07
4.34589 1.82408 0 215 5.89661e-07
4.34664 1.82408 0 215 6.03884e-07
4.34739 1.82408 0 215 6.18306e-07
4.34814 1.82408 0 215 6.32886e-07
4.34889 1.82408 0 215 6.47581e-07
4.34964 1.82408 0 215 6.62341e-07
4.35039 1.82408 0 215 6.77111e-07
4.35114 1.82408 0 215 6.91831e-07
4.35189 1.82408 0 215 7.06432e-07
4.35264 1.82408 0 215 7.20844e-07
4.35339 1.82408 0 215 7.35003e-07
4.35414 1.82408 0 215 7.48825e-07
4.35489 1.82408 0 215 7.62231e-07
4.35564 1.82408 0 215 7.75136e-07
4.35639 1.82408 0 215 7.8746e-07
4.35714 1.82408 0 215 7.99118e-07
4.35789 1.82408 0 215 8.10032e-07
4.35864 1.82408 0 215 8.20124e-07
4.35939 1.82408 0 215 8.29321e-07
4.36014 1.82408 0 215 8.37558e-07
4.36089 1.82408 0 215 8.44778e-07
4.36164 1.82408 0 215 8.50933e-07
4.36239 1.82408 0 215 8.55981e-07
4.36314 1.82408 0 215 8.59897e-07
4.36389 1.82408 0 215 8.62667e-07
4.36464 1.82408 0 215 8.64287e-07
4.36539 1.82408 0 215 8.64768e-07
4.36614 1.82408 0 215 8.64134e-07
4.36689 1.82408 0 215 8.62417e-07
4.36764 1.82408 0 215 8.59662e-07
4.36839 1.82408 0 215 8.55925e-07
4.36914 1.82408 0 215 8.51268e-07
4.36989 1.82408 0 215 8.45762e-07
4.37065 1.82408 0 215 8.39481e-07
4.3714 1.82408 0 215 8.32506e-07
4.37215 1.82408 0 215 8.24924e-07
4.3729 1.82408 0 215 8.16806e-07
4.37365 1.82408 0 215 8.08239e-07
4.3744 1.82408 0 215 7.99305e-07
4.37515 1.82408 0 215 7.90083e-07
4.3759 1.82408 0 215 7.80646e-07
4.37665 1.82408 0 215 7.71068e-07
4.3774 1.82408 0 215 7.61413e-07
4.37815 1.82408 0 215 7.51746e-07
4.3789 1.82408 0 215 7.42122e-07
4.37965 1.82408 0 215 7.32594e-07
4.3804 1.82408 0 215 7.23211e-07
4.38115 1.82408 0 215 7.14014e-07
4.3819 1.82408 0 215 7.05043e-07
4.38265 1.82408 0 215 6.96331e-07
4.3834 1.82408 0 215 6.87909e-07
4.38415 1.82408 0 215 6.79802e-07
4.3849 1.82408 0 215 6.72035e-07
4.38565 1.82408 0 215 6.64627e-07
4.3864 1.82408 0 215 6.57595e-07
4.38715 1.82408 0 215 6.50953e-07
4.3879 1.82408 0 215 6.44714e-07
4.38865 1.82408 0 215 6.38889e-07
4.3894 1.82408 0 215 6.33484e-07
4.39015 1.82408 0 215 6.28508e-07
4.3909 1.82408 0 215 6.23966e-07
4.39165 1.82408 0 215 6.19865e-07
4.3924 1.82408 0 215 6.16203e-07
4.39315 1.82408 0 215 6.12985e-07
4.3939 1.82408 0 215 6.10214e-07
4.39465 1.82408 0 215 6.07891e-07
4.3954 1.82408 0 215 6.06017e-07
4.39615 1.82408 0 215 6.04594e-07
4.3969 1.82408 0 215 6.03621e-07
4.39765 1.82408 0 215 6.03104e-07
4.3984 1.82408 0 215 6.03037e-07
4.39915 1.82408 0 215 6.03423e-07
4.3999 1.82408 0 215 6.04264e-07
4.40065 1.82408 0 215 6.05561e-07
4.4014 1.82408 0 215 6.07317e-07
4.40215 1.82408 0 215 6.09533e-07
4.4029 1.82408 0 215 6.12213e-07
4.40365 1.82408 0 215 6.15359e-07
4.4044 1.82408 0 215 6.18975e-07
4.40515 1.82408 0 215 6.23066e-07
4.4059 1.82408 0 215 6.27637e-07
4.40665 1.82408 0 215 6.32692e-07
4.4074 1.82408 0 215 6.38239e-07
4.40815 1.82408 0 215 6.44283e-07
4.4089 1.82408 0 215 6.50834e-07
4.40965 1.82408 0 215 6.57898e-07
4.4104 1.82408 0 215 6.65485e-07
4.41115 1.82408 0 215 6.73605e-07
4.4119 1.82408 0 215 6.82269e-07
4.41265 1.82408 0 215 6.91487e-07
4.4134 1.82408 0 215 7.01273e-07
4.41415 1.82408 0 215 7.11639e-07
4.4149 1.82408 0 215 7.22598e-07
4.41565 1.82408 0 215 7.34166e-07
4.4164 1.82408 0 215 7.46358e-07
4.41715 1.82408 0 215 7.5919e-07
4.4179 1.82408 0 215 7.72678e-07
4.41865 1.82408 0 215 7.8684e-07
4.4194 1.82408 0 215 8.01695e-07
4.42015 1.82408 0 215 8.17262e-07
4.4209 1.82408 0 215 8.33559e-07
4.42165 1.82408 0 215 8.50607e-07
4.4224 1.82408 0 215 8.68426e-07
4.42315 1.82408 0 215 8.87037e-07
4.4239 1.82408 0 215 9.0646e-07
4.42465 1.82408 0 215 9.26716e-07
4.4254 1.82408 0 215 9.47826e-07
4.42615 1.82408 0 215 9.6981e-07
4.4269 1.82408 0 215 9.92688e-07
4.42765 1.82408 0 215 1.01648e-06
4.4284 1.82408 0 215 1.0412e-06
4.42915 1.82408 0 215 1.06686e-06
4.4299 1.82408 0 215 1.09348e-06
4.43066 1.82408 0 215 1.12108e-06
4.43141 1.82408 0 215 1.14965e-06
4.43216 1.82408 0 215 1.17921e-06
4.43291 1.82408 0 215 1.20975e-06
4.43366 1.82408 0 215 1.24126e-06
4.43441 1.82408 0 215 1.27375e-06
4.43516 1.82408 0 215 1.30719e-06
4.43591 1.82408 0 215 1.34155e-06
4.43666 1.82408 0 215 1.37681e-06
4.43741 1.82408 0 215 1.41291e-06
4.43816 1.82408 0 215 1.44982e-06
4.43891 1.82408 0 215 1.48745e-06
4.43966 1.82408 0 215 1.52574e-06
4.44041 1.82408 0 215 1.56459e-06
4.44116 1.82408 0 215 1.6039e-06
4.44191 1.82408 0 215 1.64353e-06
4.44266 1.82408 0 215 1.68336e-06
4.44341 1.82408 0 215 1.72323e-06
4.44416 1.82408 0 215 1.76297e-06
4.44491 1.82408 0 215 1.80238e-06
4.44566 1.82408 0 215 1.84126e-06
4.44641 1.82408 0 215 1.87939e-06
4.44716 1.82408 0 215 1.91654e-06
4.44791 1.82408 0 215 1.95245e-06
4.44866 1.82408 0 215 1.98686e-06
4.44941 1.82408 0 215 2.01953e-06
4.45016 1.82408 0 215 2.05017e-06
4.45091 1.82408 0 215 2.07853e-06
4.45166 1.82408 0 215 2.10435e-06
4.45241 1.82408 0 215 2.12739e-06
4.45316 1.82408 0 215 2.1474e-06
4.45391 1.82408 0 215 2.16419e-06
4.45466 1.82408 0 215 2.17757e-06
4.45541 1.82408 0 215 2.1874e-06
4.45616 1.82408 0 215 2.19354e-06
4.45691 1.82408 0 215 2.19593e-06
4.45766 1.82408 0 215 2.19452e-06
4.45841 1.82408 0 215 2.18932e-06
4.45916 1.82408 0 215 2.18037e-06
4.45991 1.82408 0 215 2.16774e-06
4.46066 1.82408 0 215 2.15157e-06
4.46141 1.82408 0 215 2.13199e-06
4.46216 1.82408 0 215 2.1092e-06
4.46291 1.82408 0 215 2.08341e-06
4.46366 1.82408 0 215 2.05485e-06
4.46441 1.82408 0 215 2.02376e-06
4.46516 1.82408 0 215 1.99042e-06
4.46591 1.82408 0 215 1.95507e-06
4.46666 1.82408 0 215 1.918e-06
4.46741 1.82408 0 215 1.87948e-06
4.46816 1.82408 0 215 1.83974e-06
4.46891 1.82408 0 215 1.79904e-06
4.46966 1.82408 0 215 1.75762e-06
4.47041 1.82408 0 215 1.71569e-06
4.47116 1.82408 0 215 1.67348e-06
4.47191 1.82408 0 215 1.63116e-06
4.47266 1.82408 0 215 1.58891e-06
4.47341 1.82408 0 215 1.54687e-06
4.47416 1.82408 0 215 1.5052e-06
4.47491 1.82408 0 215 1.46401e-06
4.47566 1.82408 0 215 1.4234e-06
4.47641 1.82408 0 215 1.38346e-06
4.47716 1.82408 0 215 1.34428e-06
4.47791 1.82408 0 215 1.3059e-06
4.47866 1.82408 0 215 1.26839e-06
4.47941 1.82408 0 215 1.23177e-06
4.48016 1.82408 0 215 1.19609e-06
4.48091 1.82408 0 215 1.16136e-06
4.48166 1.82408 0 215 1.12759e-06
4.48241 1.82408 0 215 1.0948e-06
4.48316 1.82408 0 215 1.06298e-06
4.48391 1.82408 0 215 1.03212e-06
4.48466 1.82408 0 215 1.00223e-06
4.48541 1.82408 0 215 9.73286e-07
4.48616 1.82408 0 215 9.45274e-07
4.48691 1.82408 0 215 9.18177e-07
4.48766 1.82408 0 215 8.91975e-07
4.48841 1.82408 0 215 8.66647e-07
4.48916 1.82408 0 215 8.4217e-07
4.48991 1.82408 0 215 8.1852e-07
4.49067 1.82408 0 215 7.95674e-07
4.49142 1.82408 0 215 7.73606e-07
4.49217 1.82408 0 215 7.52294e-07
4.49292 1.82408 0 215 7.31707e-07
4.49367 1.82408 0 215 7.11823e-07
4.49442 1.82408 0 215 6.92617e-07
4.49517 1.82408 0 215 6.74066e-07
4.49592 1.82408 0 215 6.56145e-07
4.49667 1.82408 0 215 6.3883e-07
4.49742 1.82408 0 215 6.22099e-07
4.49817 1.82408 0 215 6.05929e-07
4.49892 1.82408 0 215 5.90298e-07
4.49967 1.82408 0 215 5.75185e-07
4.50042 1.82408 0 215 5.6057e-07
4.50117 1.82408 0 215 5.46433e-07
4.50192 1.82408 0 215 5.32754e-07
4.50267 1.82408 0 215 5.19515e-07
4.50342 1.82408 0 215 5.06699e-07
4.50417 1.82408 0 215 4.94288e-07
4.50492 1.82408 0 215 4.82267e-07
4.50567 1.82408 0 215 4.70619e-07
4.50642 1.82408 0 215 4.5933e-07
4.50717 1.82408 0 215 4.48386e-07
4.50792 1.82408 0 215 4.37772e-07
4.50867 1.82408 0 215 4.27477e-07
4.50942 1.82408 0 215 4.17489e-07
4.51017 1.82408 0 215 4.07797e-07
4.51092 1.82408 0 215 3.98389e-07
4.51167 1.82408 0 215 3.89256e-07
4.51242 1.82408 0 215 3.8039e-07
4.51317 1.82408 0 215 3.71782e-07
4.51392 1.82408 0 215 3.63424e-07
4.51467 1.82408 0 215 3.55311e-07
4.51542 1.82408 0 215 3.47436e-07
4.51617 1.82408 0 215 3.39795e-07
4.51692 1.82408 0 215 3.32382e-07
4.51767 1.82408 0 215 3.25195e-07
4.51842 1.82408 0 215 3.18229e-07
4.51917 1.82408 0 215 3.11484e-07
4.51992 1.82408 0 215 3.04956e-07
4.52067 1.82408 0 215 2.98645e-07
4.52142 1.82408 0 215 2.92551e-07
4.52217 1.82408 0 215 2.86672e-07
4.52292 1.82408 0 215 2.81008e-07
4.52367 1.82408 0 215 2.75559e-07
4.52442 1.82408 0 215 2.70325e-07
4.52517 1.82408 0 215 2.65305e-07
4.52592 1.82408 0 215 2.60498e-07
4.52667 1.82408 0 215 2.55902e-07
4.52742 1.82408 0 215 2.51516e-07
4.52817 1.82408 0 215 2.47336e-07
4.52892 1.82408 0 215 2.43358e-07
4.52967 1.82408 0 215 2.39578e-07
4.53042 1.82408 0 215 2.35988e-07
4.53117 1.82408 0 215 2.32583e-07
4.53192 1.82408 0 215 2.29353e-07
4.53267 1.82408 0 215 2.26289e-07
4.53342 1.82408 0 215 2.23381e-07
4.53417 1.82408 0 215 2.20618e-07
4.53492 1.82408 0 215 2.17987e-07
4.53567 1.82408 0 215 2.15478e-07
4.53642 1.82408 0 215 2.13077e-07
4.53717 1.82408 0 215 2.10773e-07
4.53792 1.82408 0 215 2.08547e-07
4.53867 1.82408 0 215 2.06396e-07
4.53942 1.82408 0 215 2.04313e-07
4.54017 1.82408 0 215 2.02281e-07
4.54092 1.82408 0 215 2.00293e-07
4.54167 1.82408 0 215 1.98339e-07
4.54242 1.82408 0 215 1.96414e-07
4.54317 1.82408 0 215 1.9451e-07
4.54392 1.82408 0 215 1.92624e-07
4.54467 1.82408 0 215 1.9075e-07
4.54542 1.82408 0 215 1.88887e-07
4.54617 1.82408 0 215 1.87032e-07
4.54692 1.82408 0 215 1.85183e-07
4.54767 1.82408 0 215 1.8334e-07
4.54842 1.82408 0 215 1.81503e-07
4.54917 1.82408 0 215 1.79672e-07
4.54992 1.82408 0 215 1.77849e-07
4.55068 1.82408 0 215 1.76033e-07
4.55143 1.82408 0 215 1.74227e-07
4.55218 1.82408 0 215 1.72432e-07
4.55293 1.82408 0 215 1.7065e-07
4.55368 1.82408 0 215 1.68882e-07
4.55443 1.82408 0 215 1.67129e-07
4.55518 1.82408 0 215 1.65394e-07
4.55593 1.82408 0 215 1.63678e-07
4.55668 1.82408 0 215 1.61983e-07
4.55743 1.82408 0 215 1.60309e-07
4.55818 1.82408 0 215 1.58659e-07
4.55893 1.82408 0 215 1.57033e-07
4.55968 1.82408 0 215 1.55432e-07
4.56043 1.82408 0 215 1.53857e-07
4.56118 1.82408 0 215 1.5231e-07
4.56193 1.82408 0 215 1.5079e-07
4.56268 1.82408 0 215 1.49298e-07
4.56343 1.82408 0 215 1.47836e-07
4.56418 1.82408 0 215 1.46403e-07
4.56493 1.82408 0 215 1.44999e-07
4.56568 1.82408 0 215 1.43625e-07
4.56643 1.82408 0 215 1.42281e-07
4.56718 1.82408 0 215 1.40968e-07
4.56793 1.82408 0 215 1.39684e-07
4.56868 1.82408 0 215 1.38431e-07
4.56943 1.82408 0 215 1.37209e-07
4.57018 1.82408 0 215 1.36016e-07
4.57093 1.82408 0 215 1.34854e-07
4.57168 1.82408 0 215 1.33721e-07
4.57243 1.82408 0 215 1.32619e-07
4.57318 1.82408 0 215 1.31546e-07
4.57393 1.82408 0 215 1.30503e-07
4.57468 1.82408 0 215 1.29489e-07
4.57543 1.82408 0 215 1.28505e-07
4.57618 1.82408 0 215 1.2755e-07
4.57693 1.82408 0 215 1.26625e-07
4.57768 1.82408 0 215 1.25728e-07
4.57843 1.82408 0 215 1.24859e-07
4.57918 1.82408 0 215 1.2402e-07
4.57993 1.82408 0 215 1.23209e-07
4.58068 1.82408 0 215 1.22426e-07
4.58143 1.82408 0 215 1.21672e-07
4.58218 1.82408 0 215 1.20947e-07
4.58293 1.82408 0 215 1.20249e-07
4.58368 1.82408 0 215 1.1958e-07
4.58443 1.82408 0 215 1.18939e-07
4.58518 1.82408 0 215 1.18326e-07
4.58593 1.82408 0 215 1.17742e-07
4.58668 1.82408 0 215 1.17186e-07
4.58743 1.82408 0 215 1.16659e-07
4.58818 1.82408 0 215 1.1616e-07
4.58893 1.82408 0 215 1.1569e-07
4.58968 1.82408 0 215 1.15248e-07
4.59043 1.82408 0 215 1.14836e-07
4.59118 1.82408 0 215 1.14454e-07
4.59193 1.82408 0 215 1.14101e-07
4.59268 1.82408 0 215 1.13778e-07
4.59343 1.82408 0 215 1.13485e-07
4.59418 1.82408 0 215 1.13223e-07
4.59493 1.82408 0 215 1.12992e-07
4.59568 1.82408 0 215 1.12792e-07
4.59643 1.82408 0 215 1.12624e-07
4.59718 1.82408 0 215 1.12489e-07
4.59793 1.82408 0 215 1.12386e-07
4.59868 1.82408 0 215 1.12316e-07
4.59943 1.82408 0 215 1.12281e-07
4.60018 1.82408 0 215 1.12279e-07
4.60093 1.82408 0 215 1.12313e-07
4.60168 1.82408 0 215 1.12382e-07
4.60243 1.82408 0 215 1.12487e-07
4.60318 1.82408 0 215 1.12628e-07
4.60393 1.82408 0 215 1.12806e-07
4.60468 1.82408 0 215 1.13022e-07
4.60543 1.82408 0 215 1.13276e-07
4.60618 1.82408 0 215 1.13568e-07
4.60693 1.82408 0 215 1.13898e-07
4.60768 1.82408 0 215 1.14267e-07
4.60843 1.82408 0 215 1.14676e-07
4.60918 1.82408 0 215 1.15123e-07
4.60993 1.82408 0 215 1.1561e-07
4.61069 1.82408 0 215 1.16136e-07
4.61144 1.82408 0 215 1.16701e-07
4.61219 1.82408 0 215 1.17305e-07
4.61294 1.82408 0 215 1.17946e-07
4.61369 1.82408 0 215 1.18625e-07
4.61444 1.82408 0 215 1.19341e-07
4.61519 1.82408 0 215 1.20091e-07
4.61594 1.82408 0 215 1.20876e-07
4.61669 1.82408 0 215 1.21693e-07
4.61744 1.82408 0 215 1.2254e-07
4.61819 1.82408 0 215 1.23415e-07
4.61894 1.82408 0 215 1.24315e-07
4.61969 1.82408 0 215 1.25238e-07
4.62044 1.82408 0 215 1.2618e-07
4.62119 1.82408 0 215 1.27136e-07
4.62194 1.82408 0 215 1.28103e-07
4.62269 1.82408 0 215 1.29076e-07
4.62344 1.82408 0 215 1.30049e-07
4.62419 1.82408 0 215 1.31017e-07
4.62494 1.82408 0 215 1.31973e-07
4.62569 1.82408 0 215 1.32911e-07
4.62644 1.82408 0 215 1.33824e-07
4.62719 1.82408 0 215 1.34704e-07
4.62794 1.82408 0 215 1.35544e-07
4.62869 1.82408 0 215 1.36336e-07
4.62944 1.82408 0 215 1.37072e-07
4.63019 1.82408 0 215 1.37744e-07
4.63094 1.82408 0 215 1.38344e-07
4.63169 1.82408 0 215 1.38866e-07
4.63244 1.82408 0 215 1.39301e-07
4.63319 1.82408 0 215 1.39643e-07
4.63394 1.82408 0 215 1.39887e-07
4.63469 1.82408 0 215 1.40027e-07
4.63544 1.82408 0 215 1.40059e-07
4.63619 1.82408 0 215 1.39979e-07
4.63694 1.82408 0 215 1.39787e-07
4.63769 1.82408 0 215 1.3948e-07
4.63844 1.82408 0 215 1.39059e-07
4.63919 1.82408 0 215 1.38441e-07
4.63994 1.82408 0 215 1.37793e-07
4.64069 1.82408 0 215 1.37038e-07
4.64144 1.82408 0 215 1.3618e-07
4.64219 1.82408 0 215 1.35224e-07
4.64294 1.82408 0 215 1.34176e-07
4.64369 1.82408 0 215 1.33048e-07
4.64444 1.82408 0 215 1.31837e-07
4.64519 1.82408 0 215 1.30554e-07
4.64594 1.82408 0 215 1.29208e-07
4.64669 1.82408 0 215 1.27807e-07
4.64744 1.82408 0 215 1.26356e-07
4.64819 1.82408 0 215 1.24864e-07
4.64894 1.82408 0 215 1.23338e-07
4.64969 1.82408 0 215 1.21785e-07
4.65044 1.82408 0 215 1.20209e-07
4.65119 1.82408 0 215 1.18619e-07
4.65194 1.82408 0 215 1.17017e-07
4.65269 1.82408 0 215 1.15411e-07
4.65344 1.82408 0 215 1.13803e-07
4.65419 1.82408 0 215 1.12197e-07
4.65494 1.82408 0 215 1.10597e-07
4.65569 1.82408 0 215 1.09005e-07
4.65644 1.82408 0 215 1.07424e-07
4.65719 1.82408 0 215 1.05854e-07
4.65794 1.82408 0 215 1.04299e-07
4.65869 1.82408 0 215 1.02757e-07
4.65944 1.82408 0 215 1.0123e-07
4.66019 1.82408 0 215 9.97186e-08
4.66094 1.82408 0 215 9.82215e-08
4.66169 1.82408 0 215 9.67389e-08
4.66244 1.82408 0 215 9.52702e-08
4.66319 1.82408 0 215 9.38147e-08
4.66394 1.82408 0 215 9.23716e-08
4.66469 1.82408 0 215 9.09399e-08
4.66544 1.82408 0 215 8.95184e-08
4.66619 1.82408 0 215 8.81062e-08
4.66694 1.82408 0 215 8.6702e-08
4.66769 1.82408 0 215 8.53046e-08
4.66844 1.82408 0 215 8.39128e-08
4.66919 1.82408 0 215 8.25257e-08
4.66994 1.82408 0 215 8.1142e-08
4.6707 1.82408 0 215 7.97607e-08
4.67145 1.82408 0 215 7.83806e-08
4.6722 1.82408 0 215 7.70008e-08
4.67295 1.82408 0 215 7.56204e-08
4.6737 1.82408 0 215 7.42383e-08
4.67445 1.82408 0 215 7.28536e-08
4.6752 1.82408 0 215 7.14657e-08
4.67595 1.82408 0 215 7.00737e-08
4.6767 1.82408 0 215 6.86768e-08
4.67745 1.82408 0 215 6.72744e-08
4.6782 1.82408 0 215 6.58659e-08
4.67895 1.82408 0 215 6.44507e-08
4.6797 1.82408 0 215 6.30286e-08
4.68045 1.82408 0 215 6.1599e-08
4.6812 1.82408 0 215 6.01618e-08
4.68195 1.82408 0 215 5.8717e-08
4.6827 1.82408 0 215 5.72647e-08
4.68345 1.82408 0 215 5.58052e-08
4.6842 1.82408 0 215 5.43391e-08
4.68495 1.82408 0 215 5.28673e-08
4.6857 1.82408 0 215 5.13908e-08
4.68645 1.82408 0 215 4.99112e-08
4.6872 1.82408 0 215 4.84305e-08
4.68795 1.82408 0 215 4.6951e-08
4.6887 1.82408 0 215 4.54756e-08
4.68945 1.82408 0 215 4.40041e-08
4.6902 1.82408 0 215 4.25477e-08
4.69095 1.82408 0 215 4.11074e-08
4.6917 1.82408 0 215 3.96888e-08
4.69245 1.82408 0 215 3.82978e-08
4.6932 1.82408 0 215 3.69414e-08
4.69395 1.82408 0 215 3.56268e-08
4.6947 1.82408 0 215 3.43617e-08
4.69545 1.82408 0 215 3.31576e-08
4.6962 1.82408 0 215 3.20231e-08
4.69695 1.82408 0 215 3.09688e-08
4.6977 1.82408 0 215 3.00057e-08
4.69845 1.82408 0 215 2.91455e-08
4.6992 1.82408 0 215 2.84002e-08
4.69995 1.82408 0 215 2.77817e-08
4.7007 1.82408 0 215 2.73023e-08
4.70145 1.82408 0 215 2.69736e-08
4.7022 1.82408 0 215 2.6807e-08
4.70295 1.82408 0 215 2.68127e-08
4.7037 1.82408 0 215 2.7e-08
4.70445 1.82408 0 215 2.73769e-08
4.7052 1.82408 0 215 2.79495e-08
4.70595 1.82408 0 215 2.87218e-08
4.7067 1.82408 0 215 2.96958e-08
4.70745 1.82408 0 215 3.08711e-08
4.7082 1.82408 0 215 3.22444e-08
4.70895 1.82408 0 215 3.38102e-08
4.7097 1.82408 0 215 3.556e-08
4.71045 1.82408 0 215 3.74829e-08
4.7112 1.82408 0 215 3.95656e-08
4.71195 1.82408 0 215 4.17928e-08
4.7127 1.82408 0 215 4.41471e-08
4.71345 1.82408 0 215 4.6601e-08
4.7142 1.82408 0 215 4.91528e-08
4.71495 1.82408 0 215 5.17729e-08
4.7157 1.82408 0 215 5.4444e-08
4.71645 1.82408 0 215 5.71395e-08
4.7172 1.82408 0 215 5.98431e-08
4.71795 1.82408 0 215 6.25365e-08
4.7187 1.82408 0 215 6.52027e-08
4.71945 1.82408 0 215 6.78262e-08
4.7202 1.82408 0 215 7.03937e-08
4.72095 1.82408 0 215 7.28936e-08
4.7217 1.82408 0 215 7.53164e-08
4.72245 1.82408 0 215 7.76549e-08
4.7232 1.82408 0 215 7.99036e-08
4.72395 1.82408 0 215 8.20589e-08
4.7247 1.82408 0 215 8.41191e-08
4.72545 1.82408 0 215 8.60837e-08
4.7262 1.82408 0 215 8.79545e-08
4.72695 1.82408 0 215 8.97335e-08
4.7277 1.82408 0 215 9.14243e-08
4.72845 1.82408 0 215 9.30298e-08
4.7292 1.82408 0 215 9.45573e-08
4.72995 1.82408 0 215 9.60108e-08
4.73071 1.82408 0 215 9.73958e-08
4.73146 1.82408 0 215 9.87182e-08
4.73221 1.82408 0 215 9.99835e-08
4.73296 1.82408 0 215 1.01197e-07
4.73371 1.82408 0 215 1.02365e-07
4.73446 1.82408 0 215 1.03492e-07
4.73521 1.82408 0 215 1.04582e-07
4.73596 1.82408 0 215 1.0564e-07
4.73671 1.82408 0 215 1.0667e-07
4.73746 1.82408 0 215 1.07675e-07
4.73821 1.82408 0 215 1.08658e-07
4.73896 1.82408 0 215 1.0962e-07
4.73971 1.82408 0 215 1.10564e-07
4.74046 1.82408 0 215 1.1149e-07
4.74121 1.82408 0 215 1.124e-07
4.74196 1.82408 0 215 1.13293e-07
4.74271 1.82408 0 215 1.14168e-07
4.74346 1.82408 0 215 1.15024e-07
4.74421 1.82408 0 215 1.1586e-07
4.74496 1.82408 0 215 1.16675e-07
4.74571 1.82408 0 215 1.17465e-07
4.74646 1.82408 0 215 1.18229e-07
4.74721 1.82408 0 215 1.18962e-07
4.74796 1.82408 0 215 1.19664e-07
4.74871 1.82408 0 215 1.2033e-07
4.74946 1.82408 0 215 1.20957e-07
4.75021 1.82408 0 215 1.21543e-07
4.75096 1.82408 0 215 1.22084e-07
4.75171 1.82408 0 215 1.22578e-07
4.75246 1.82408 0 215 1.23024e-07
4.75321 1.82408 0 215 1.23418e-07
4.75396 1.82408 0 215 1.2376e-07
4.75471 1.82408 0 215 1.24048e-07
4.75546 1.82408 0 215 1.24284e-07
4.75621 1.82408 0 215 1.24466e-07
4.75696 1.82408 0 215 1.24596e-07
4.75771 1.82408 0 215 1.24675e-07
4.75846 1.82408 0 215 1.24706e-07
4.75921 1.82408 0 215 1.2469e-07
4.75996 1.82408 0 215 1.24632e-07
4.76071 1.82408 0 215 1.24535e-07
4.76146 1.82408 0 215 1.24403e-07
4.76221 1.82408 0 215 1.24241e-07
4.76296 1.82408 0 215 1.24052e-07
4.76371 1.82408 0 215 1.23843e-07
4.76446 1.82408 0 215 1.23618e-07
4.76521 1.82408 0 215 1.23381e-07
4.76596 1.82408 0 215 1.2314e-07
4.76671 1.82408 0 215 1.22899e-07
4.76746 1.82408 0 215 1.22663e-07
4.76821 1.82408 0 215 1.22436e-07
4.76896 1.82408 0 215 1.22224e-07
4.76971 1.82408 0 215 1.22031e-07
4.77046 1.82408 0 215 1.21862e-07
4.77121 1.82408 0 215 1.2172e-07
4.77196 1.82408 0 215 1.21609e-07
4.77271 1.82408 0 215 1.21533e-07
4.77346 1.82408 0 215 1.21496e-07
4.77421 1.82408 0 215 1.21499e-07
4.77496 1.82408 0 215 1.21547e-07
4.77571 1.82408 0 215 1.21641e-07
4.77646 1.82408 0 215 1.21784e-07
4.77721 1.82408 0 215 1.21977e-07
4.77796 1.82408 0 215 1.22223e-07
4.77871 1.82408 0 215 1.22523e-07
4.77946 1.82408 0 215 1.22878e-07
4.78021 1.82408 0 215 1.23289e-07
4.78096 1.82408 0 215 1.23758e-07
4.78171 1.82408 0 215 1.24284e-07
4.78246 1.82408 0 215 1.24869e-07
4.78321 1.82408 0 215 1.25512e-07
4.78396 1.82408 0 215 1.26213e-07
4.78471 1.82408 0 215 1.26973e-07
4.78546 1.82408 0 215 1.2779e-07
4.78621 1.82408 0 215 1.28663e-07
4.78696 1.82408 0 215 1.29591e-07
4.78771 1.82408 0 215 1.30574e-07
4.78846 1.82408 0 215 1.31609e-07
4.78921 1.82408 0 215 1.32693e-07
4.78996 1.82408 0 215 1.33825e-07
4.79072 1.82408 0 215 1.35001e-07
4.79147 1.82408 0 215 1.36219e-07
4.79222 1.82408 0 215 1.37473e-07
4.79297 1.82408 0 215 1.3876e-07
4.79372 1.82408 0 215 1.40075e-07
4.79447 1.82408 0 215 1.41413e-07
4.79522 1.82408 0 215 1.42767e-07
4.79597 1.82408 0 215 1.44131e-07
4.79672 1.82408 0 215 1.45498e-07
4.79747 1.82408 0 215 1.46861e-07
4.79822 1.82408 0 215 1.48211e-07
4.79897 1.82408 0 215 1.4954e-07
4.79972 1.82408 0 215 1.5084e-07
4.80047 1.82408 0 215 1.52101e-07
4.80122 1.82408 0 215 1.53313e-07
4.80197 1.82408 0 215 1.54467e-07
4.80272 1.82408 0 215 1.55553e-07
4.80347 1.82408 0 215 1.56563e-07
4.80422 1.82408 0 215 1.57486e-07
4.80497 1.82408 0 215 1.58315e-07
4.80572 1.82408 0 215 1.59039e-07
4.80647 1.82408 0 215 1.59654e-07
4.80722 1.82408 0 215 1.60151e-07
4.80797 1.82408 0 215 1.60525e-07
4.80872 1.82408 0 215 1.60772e-07
4.80947 1.82408 0 215 1.60887e-07
4.81022 1.82408 0 215 1.6087e-07
4.81097 1.82408 0 215 1.60718e-07
4.81172 1.82408 0 215 1.60432e-07
4.81247 1.82408 0 215 1.60015e-07
4.81322 1.82408 0 215 1.59468e-07
4.81397 1.82408 0 215 1.58797e-07
4.81472 1.82408 0 215 1.58006e-07
4.81547 1.82408 0 215 1.57102e-07
4.81622 1.82408 0 215 1.56091e-07
4.81697 1.82408 0 215 1.54983e-07
4.81772 1.82408 0 215 1.53783e-07
4.81847 1.82408 0 215 1.52503e-07
4.81922 1.82408 0 215 1.51149e-07
4.81997 1.82408 0 215 1.49732e-07
4.82072 1.82408 0 215 1.4826e-07
4.82147 1.82408 0 215 1.46743e-07
4.82222 1.82408 0 215 1.45188e-07
4.82297 1.82408 0 215 1.43606e-07
4.82372 1.82408 0 215 1.42002e-07
4.82447 1.82408 0 215 1.40385e-07
4.82522 1.82408 0 215 1.38762e-07
4.82597 1.82408 0 215 1.3714e-07
4.82672 1.82408 0 215 1.35524e-07
4.82747 1.82408 0 215 1.33921e-07
4.82822 1.82408 0 215 1.32334e-07
4.82897 1.82408 0 215 1.3077e-07
4.82972 1.82408 0 215 1.29231e-07
4.83047 1.82408 0 215 1.2772e-07
4.83122 1.82408 0 215 1.26242e-07
4.83197 1.82408 0 215 1.24799e-07
4.83272 1.82408 0 215 1.23392e-07
4.83347 1.82408 0 215 1.22024e-07
4.83422 1.82408 0 215 1.20696e-07
4.83497 1.82408 0 215 1.19409e-07
4.83572 1.82408 0 215 1.18165e-07
4.83647 1.82408 0 215 1.16964e-07
4.83722 1.82408 0 215 1.15807e-07
4.83797 1.82408 0 215 1.14693e-07
4.83872 1.82408 0 215 1.13623e-07
4.83947 1.82408 0 215 1.12597e-07
4.84022 1.82408 0 215 1.11614e-07
4.84097 1.82408 0 215 1.10675e-07
4.84172 1.82408 0 215 1.0978e-07
4.84247 1.82408 0 215 1.08927e-07
4.84322 1.82408 0 215 1.08117e-07
4.84397 1.82408 0 215 1.07348e-07
4.84472 1.82408 0 215 1.06621e-07
4.84547 1.82408 0 215 1.05935e-07
4.84622 1.82408 0 215 1.05289e-07
4.84697 1.82408 0 215 1.04683e-07
4.84772 1.82408 0 215 1.04116e-07
4.84847 1.82408 0 215 1.03587e-07
4.84922 1.82408 0 215 1.03097e-07
4.84997 1.82408 0 215 1.02643e-07
4.85073 1.82408 0 215 1.02227e-07
4.85148 1.82408 0 215 1.01846e-07
4.85223 1.82408 0 215 1.01501e-07
4.85298 1.82408 0 215 1.01192e-07
4.85373 1.82408 0 215 1.00916e-07
4.85448 1.82408 0 215 1.00675e-07
4.85523 1.82408 0 215 1.00467e-07
4.85598 1.82408 0 215 1.00292e-07
4.85673 1.82408 0 215 1.0015e-07
4.85748 1.82408 0 215 1.0004e-07
4.85823 1.82408 0 215 9.99623e-08
4.85898 1.82408 0 215 9.99156e-08
4.85973 1.82408 0 215 9.99001e-08
4.86048 1.82408 0 215 9.99154e-08
4.86123 1.82408 0 215 9.99612e-08
4.86198 1.82408 0 215 1.00037e-07
4.86273 1.82408 0 215 1.00143e-07
4.86348 1.82408 0 215 1.00279e-07
4.86423 1.82408 0 215 1.00445e-07
4.86498 1.82408 0 215 1.0064e-07
4.86573 1.82408 0 215 1.00864e-07
4.86648 1.82408 0 215 1.01118e-07
4.86723 1.82408 0 215 1.01401e-07
4.86798 1.82408 0 215 1.01713e-07
4.86873 1.82408 0 215 1.02055e-07
4.86948 1.82408 0 215 1.02426e-07
4.87023 1.82408 0 215 1.02827e-07
4.87098 1.82408 0 215 1.03257e-07
4.87173 1.82408 0 215 1.03717e-07
4.87248 1.82408 0 215 1.04208e-07
4.87323 1.82408 0 215 1.04728e-07
4.87398 1.82408 0 215 1.0528e-07
4.87473 1.82408 0 215 1.05862e-07
4.87548 1.82408 0 215 1.06476e-07
4.87623 1.82408 0 215 1.07123e-07
4.87698 1.82408 0 215 1.07801e-07
4.87773 1.82408 0 215 1.08513e-07
4.87848 1.82408 0 215 1.09258e-07
4.87923 1.82408 0 215 1.10037e-07
4.87998 1.82408 0 215 1.10852e-07
4.88073 1.82408 0 215 1.11702e-07
4.88148 1.82408 0 215 1.12589e-07
4.88223 1.82408 0 215 1.13513e-07
4.88298 1.82408 0 215 1.14475e-07
4.88373 1.82408 0 215 1.15476e-07
4.88448 1.82408 0 215 1.16517e-07
4.88523 1.82408 0 215 1.17599e-07
4.88598 1.82408 0 215 1.18723e-07
4.88673 1.82408 0 215 1.1989e-07
4.88748 1.82408 0 215 1.21101e-07
4.88823 1.82408 0 215 1.22358e-07
4.88898 1.82408 0 215 1.23661e-07
4.88973 1.82408 0 215 1.25011e-07
4.89048 1.82408 0 215 1.26411e-07
4.89123 1.82408 0 215 1.27861e-07
4.89198 1.82408 0 215 1.29363e-07
4.89273 1.82408 0 215 1.30918e-07
4.89348 1.82408 0 215 1.32528e-07
4.89423 1.82408 0 215 1.34193e-07
4.89498 1.82408 0 215 1.35917e-07
4.89573 1.82408 0 215 1.37699e-07
4.89648 1.82408 0 215 1.39542e-07
4.89723 1.82408 0 215 1.41448e-07
4.89798 1.82408 0 215 1.43417e-07
4.89873 1.82408 0 215 1.45453e-07
4.89948 1.82408 0 215 1.47556e-07
4.90023 1.82408 0 215 1.49728e-07
4.90098 1.82408 0 215 1.51971e-07
4.90173 1.82408 0 215 1.54287e-07
4.90248 1.82408 0 215 1.56677e-07
4.90323 1.82408 0 215 1.59143e-07
4.90398 1.82408 0 215 1.61687e-07
4.90473 1.82408 0 215 1.6431e-07
4.90548 1.82408 0 215 1.67014e-07
4.90623 1.82408 0 215 1.69801e-07
4.90698 1.82408 0 215 1.7267e-07
4.90773 1.82408 0 215 1.75625e-07
4.90848 1.82408 0 215 1.78667e-07
4.90923 1.82408 0 215 1.81795e-07
4.90998 1.82408 0 215 1.85012e-07
4.91074 1.82408 0 215 1.88316e-07
4.91149 1.82408 0 215 1.9171e-07
4.91224 1.82408 0 215 1.95192e-07
4.91299 1.82408 0 215 1.98762e-07
4.91374 1.82408 0 215 2.0242e-07
4.91449 1.82408 0 215 2.06165e-07
4.91524 1.82408 0 215 2.09994e-07
4.91599 1.82408 0 215 2.13906e-07
4.91674 1.82408 0 215 2.17898e-07
4.91749 1.82408 0 215 2.21967e-07
4.91824 1.82408 0 215 2.2611e-07
4.91899 1.82408 0 215 2.30321e-07
4.91974 1.82408 0 215 2.34596e-07
4.92049 1.82408 0 215 2.38928e-07
4.92124 1.82408 0 215 2.43312e-07
4.92199 1.82408 0 215 2.4774e-07
4.92274 1.82408 0 215 2.52204e-07
4.92349 1.82408 0 215 2.56695e-07
4.92424 1.82408 0 215 2.61203e-07
4.92499 1.82408 0 215 2.6572e-07
4.92574 1.82408 0 215 2.70234e-07
4.92649 1.82408 0 215 2.74733e-07
4.92724 1.82408 0 215 2.79208e-07
4.92799 1.82408 0 215 2.83645e-07
4.92874 1.82408 0 215 2.88033e-07
4.92949 1.82408 0 215 2.9236e-07
4.93024 1.82408 0 215 2.96614e-07
4.93099 1.82408 0 215 3.00784e-07
4.93174 1.82408 0 215 3.04858e-07
4.93249 1.82408 0 215 3.08827e-07
4.93324 1.82408 0 215 3.1268e-07
4.93399 1.82408 0 215 3.16409e-07
4.93474 1.82408 0 215 3.20005e-07
4.93549 1.82408 0 215 3.23462e-07
4.93624 1.82408 0 215 3.26775e-07
4.93699 1.82408 0 215 3.29939e-07
4.93774 1.82408 0 215 3.3295e-07
4.93849 1.82408 0 215 3.35806e-07
4.93924 1.82408 0 215 3.38506e-07
4.93999 1.82408 0 215 3.41049e-07
4.94074 1.82408 0 215 3.43436e-07
4.94149 1.82408 0 215 3.45667e-07
4.94224 1.82408 0 215 3.47744e-07
4.94299 1.82408 0 215 3.49667e-07
4.94374 1.82408 0 215 3.51438e-07
4.94449 1.82408 0 215 3.53059e-07
4.94524 1.82408 0 215 3.54529e-07
4.94599 1.82408 0 215 3.55848e-07
4.94674 1.82408 0 215 3.57017e-07
4.94749 1.82408 0 215 3.58033e-07
4.94824 1.82408 0 215 3.58895e-07
4.94899 1.82408 0 215 3.596e-07
4.94974 1.82408 0 215 3.60144e-07
4.95049 1.82408 0 215 3.60523e-07
4.95124 1.82408 0 215 3.60731e-07
4.95199 1.82408 0 215 3.60764e-07
4.95274 1.82408 0 215 3.60616e-07
4.95349 1.82408 0 215 3.6028e-07
4.95424 1.82408 0 215 3.59753e-07
4.95499 1.82408 0 215 3.59028e-07
4.95574 1.82408 0 215 3.58102e-07
4.95649 1.82408 0 215 3.5697e-07
4.95724 1.82408 0 215 3.55632e-07
4.95799 1.82408 0 215 3.54086e-07
4.95874 1.82408 0 215 3.52331e-07
4.95949 1.82408 0 215 3.50372e-07
4.96024 1.82408 0 215 3.4821e-07
4.96099 1.82408 0 215 3.45852e-07
4.96174 1.82408 0 215 3.43304e-07
4.96249 1.82408 0 215 3.40575e-07
4.96324 1.82408 0 215 3.37675e-07
4.96399 1.82408 0 215 3.34615e-07
4.96474 1.82408 0 215 3.31408e-07
4.96549 1.82408 0 215 3.28067e-07
4.96624 1.82408 0 215 3.24607e-07
4.96699 1.82408 0 215 3.21044e-07
4.96774 1.82408 0 215 3.17391e-07
4.96849 1.82408 0 215 3.13665e-07
4.96924 1.82408 0 215 3.09885e-07
4.96999 1.82408 0 215 3.0606e-07
4.97075 1.82408 0 215 3.02206e-07
4.9715 1.82408 0 215 2.9834e-07
4.97225 1.82408 0 215 2.94476e-07
4.973 1.82408 0 215 2.90626e-07
4.97375 1.82408 0 215 2.86801e-07
4.9745 1.82408 0 215 2.83015e-07
4.97525 1.82408 0 215 2.79278e-07
4.976 1.82408 0 215 2.75599e-07
4.97675 1.82408 0 215 2.71988e-07
4.9775 1.82408 0 215 2.68452e-07
4.97825 1.82408 0 215 2.64998e-07
4.979 1.82408 0 215 2.61633e-07
4.97975 1.82408 0 215 2.58362e-07
4.9805 1.82408 0 215 2.55191e-07
4.98125 1.82408 0 215 2.52121e-07
4.982 1.82408 0 215 2.49157e-07
4.98275 1.82408 0 215 2.46302e-07
4.9835 1.82408 0 215 2.43557e-07
4.98425 1.82408 0 215 2.40925e-07
4.985 1.82408 0 215 2.38407e-07
4.98575 1.82408 0 215 2.36003e-07
4.9865 1.82408 0 215 2.33715e-07
4.98725 1.82408 0 215 2.31541e-07
4.988 1.82408 0 215 2.29483e-07
4.98875 1.82408 0 215 2.2754e-07
4.9895 1.82408 0 215 2.2571e-07
4.99025 1.82408 0 215 2.23995e-07
4.991 1.82408 0 215 2.22392e-07
4.99175 1.82408 0 215 2.20901e-07
4.9925 1.82408 0 215 2.19521e-07
4.99325 1.82408 0 215 2.18251e-07
4.994 1.82408 0 215 2.1709e-07
4.99475 1.82408 0 215 2.16037e-07
4.9955 1.82408 0 215 2.1509e-07
4.99625 1.82408 0 215 2.14249e-07
4.997 1.82408 0 215 2.13513e-07
4.99775 1.82408 0 215 2.1288e-07
4.9985 1.82408 0 215 2.12349e-07
4.99925 1.82408 0 215 2.1192e-07
5 1.82408 0 215 2.11592e-07
