0.5 1.82408 200 275 1.72182e-05
0.50075 1.82408 200 275 1.94249e-05
0.5015 1.82408 200 275 2.21146e-05
0.50225 1.82408 200 275 2.54381e-05
0.503001 1.82408 200 275 2.96022e-05
0.503751 1.82408 200 275 3.49109e-05
0.504501 1.82408 200 275 4.1788e-05
0.505251 1.82408 200 275 5.08746e-05
0.506001 1.82408 200 275 6.30833e-05
0.506751 1.82408 200 275 7.97313e-05
0.507501 1.82408 200 275 0.000102524
0.508251 1.82408 200 275 0.00013311
0.509002 1.82408 200 275 0.000171206
0.509752 1.82408 200 275 0.000210173
0.510502 1.82408 200 275 0.000233831
0.511252 1.82408 200 275 0.000227221
0.512002 1.82408 200 275 0.000195145
0.512752 1.82408 200 275 0.000155641
0.513502 1.82408 200 275 0.000121009
0.514252 1.82408 200 275 9.45079e-05
0.515003 1.82408 200 275 7.52116e-05
0.515753 1.82408 200 275 6.13216e-05
0.516503 1.82408 200 275 5.13026e-05
0.517253 1.82408 200 275 4.4029e-05
0.518003 1.82408 200 275 3.87192e-05
0.518753 1.82408 200 275 3.48529e-05
0.519503 1.82408 200 275 3.20769e-05
0.520253 1.82408 200 275 3.01515e-05
0.521004 1.82408 200 275 2.89172e-05
0.521754 1.82408 200 275 2.82699e-05
0.522504 1.82408 200 275 2.8142e-05
0.523254 1.82408 200 275 2.85134e-05
0.524004 1.82408 200 275 2.93767e-05
0.524754 1.82408 200 275 3.07595e-05
0.525504 1.82408 200 275 3.27163e-05
0.526254 1.82408 200 275 3.53355e-05
0.527005 1.82408 200 275 3.87478e-05
0.527755 1.82408 200 275 4.31432e-05
0.528505 1.82408 200 275 4.87882e-05
0.529255 1.82408 200 275 5.60464e-05
0.530005 1.82408 200 275 6.5488e-05
0.530755 1.82408 200 275 7.78849e-05
0.531505 1.82408 200 275 9.43687e-05
0.532255 1.82408 200 275 0.000116576
0.533006 1.82408 200 275 0.000146778
0.533756 1.82408 200 275 0.000187845
0.534506 1.82408 200 275 0.000242363
0.535256 1.82408 200 275 0.000309373
0.536006 1.82408 200 275 0.000377291
0.536756 1.82408 200 275 0.000419271
0.537506 1.82408 200 275 0.000410099
0.538256 1.82408 200 275 0.000355708
0.539007 1.82408 200 275 0.000285507
0.539757 1.82408 200 275 0.000221737
0.540507 1.82408 200 275 0.000171516
0.541257 1.82408 200 275 0.000134044
0.542007 1.82408 200 275 0.000106435
0.542757 1.82408 200 275 8.59769e-05
0.543507 1.82408 200 275 7.06224e-05
0.544257 1.82408 200 275 5.88828e-05
0.545008 1.82408 200 275 4.97718e-05
0.545758 1.82408 200 275 4.25821e-05
0.546508 1.82408 200 275 3.68296e-05
0.547258 1.82408 200 275 3.21625e-05
0.548008 1.82408 200 275 2.83284e-05
0.548758 1.82408 200 275 2.51439e-05
0.549508 1.82408 200 275 2.24721e-05
0.550258 1.82408 200 275 2.02093e-05
0.551009 1.82408 200 275 1.8277e-05
0.551759 1.82408 200 275 1.66131e-05
0.552509 1.82408 200 275 1.51712e-05
0.553259 1.82408 200 275 1.39125e-05
0.554009 1.82408 200 275 1.28087e-05
0.554759 1.82408 200 275 1.1835e-05
0.555509 1.82408 200 275 1.09716e-05
0.556259 1.82408 200 275 1.02024e-05
0.55701 1.82408 200 275 9.51399e-06
0.55776 1.82408 200 275 8.89559e-06
0.55851 1.82408 200 275 8.33781e-06
0.55926 1.82408 200 275 7.83303e-06
0.56001 1.82408 200 275 7.37481e-06
0.56076 1.82408 200 275 6.95736e-06
0.56151 1.82408 200 275 6.57566e-06
0.56226 1.82408 200 275 6.22645e-06
0.563011 1.82408 200 275 5.9058e-06
0.563761 1.82408 200 275 5.61052e-06
0.564511 1.82408 200 275 5.33813e-06
0.565261 1.82408 200 275 5.08627e-06
0.566011 1.82408 200 275 4.85292e-06
0.566761 1.82408 200 275 4.6362e-06
0.567511 1.82408 200 275 4.43462e-06
0.568261 1.82408 200 275 4.24678e-06
0.569012 1.82408 200 275 4.07124e-06
0.569762 1.82408 200 275 3.90738e-06
0.570512 1.82408 200 275 3.75399e-06
0.571262 1.82408 200 275 3.61013e-06
0.572012 1.82408 200 275 3.47505e-06
0.572762 1.82408 200 275 3.34808e-06
0.573512 1.82408 200 275 3.22852e-06
0.574262 1.82408 200 275 3.11582e-06
0.575013 1.82408 200 275 3.00936e-06
0.575763 1.82408 200 275 2.90888e-06
0.576513 1.82408 200 275 2.81385e-06
0.577263 1.82408 200 275 2.7237e-06
0.578013 1.82408 200 275 2.63847e-06
0.578763 1.82408 200 275 2.55757e-06
0.579513 1.82408 200 275 2.48075e-06
0.580263 1.82408 200 275 2.40775e-06
0.581014 1.82408 200 275 2.33832e-06
0.581764 1.82408 200 275 2.27222e-06
0.582514 1.82408 200 275 2.20927e-06
0.583264 1.82408 200 275 2.14917e-06
0.584014 1.82408 200 275 2.09188e-06
0.584764 1.82408 200 275 2.03718e-06
0.585514 1.82408 200 275 1.98491e-06
0.586264 1.82408 200 275 1.93482e-06
0.587015 1.82408 200 275 1.887e-06
0.587765 1.82408 200 275 1.8412e-06
0.588515 1.82408 200 275 1.79737e-06
0.589265 1.82408 200 275 1.75534e-06
0.590015 1.82408 200 275 1.71502e-06
0.590765 1.82408 200 275 1.67634e-06
0.591515 1.82408 200 275 1.63917e-06
0.592265 1.82408 200 275 1.60349e-06
0.593016 1.82408 200 275 1.56919e-06
0.593766 1.82408 200 275 1.53621e-06
0.594516 1.82408 200 275 1.50445e-06
0.595266 1.82408 200 275 1.47392e-06
0.596016 1.82408 200 275 1.44451e-06
0.596766 1.82408 200 275 1.41626e-06
0.597516 1.82408 200 275 1.38896e-06
0.598266 1.82408 200 275 1.36264e-06
0.599017 1.82408 200 275 1.33727e-06
0.599767 1.82408 200 275 1.31281e-06
0.600517 1.82408 200 275 1.28919e-06
0.601267 1.82408 200 275 1.26639e-06
0.602017 1.82408 200 275 1.2444e-06
0.602767 1.82408 200 275 1.22313e-06
0.603517 1.82408 200 275 1.20257e-06
0.604267 1.82408 200 275 1.1827e-06
0.605018 1.82408 200 275 1.16349e-06
0.605768 1.82408 200 275 1.1449e-06
0.606518 1.82408 200 275 1.12693e-06
0.607268 1.82408 200 275 1.10953e-06
0.608018 1.82408 200 275 1.09269e-06
0.608768 1.82408 200 275 1.07641e-06
0.609518 1.82408 200 275 1.06068e-06
0.610268 1.82408 200 275 1.04537e-06
0.611019 1.82408 200 275 1.03056e-06
0.611769 1.82408 200 275 1.01619e-06
0.612519 1.82408 200 275 1.00229e-06
0.613269 1.82408 200 275 9.8886e-07
0.614019 1.82408 200 275 9.75787e-07
0.614769 1.82408 200 275 9.6312e-07
0.615519 1.82408 200 275 9.50846e-07
0.616269 1.82408 200 275 9.38942e-07
0.61702 1.82408 200 275 9.27398e-07
0.61777 1.82408 200 275 9.16179e-07
0.61852 1.82408 200 275 9.05357e-07
0.61927 1.82408 200 275 8.94794e-07
0.62002 1.82408 200 275 8.84555e-07
0.62077 1.82408 200 275 8.74632e-07
0.62152 1.82408 200 275 8.64983e-07
0.62227 1.82408 200 275 8.55742e-07
0.623021 1.82408 200 275 8.46704e-07
0.623771 1.82408 200 275 8.37859e-07
0.624521 1.82408 200 275 8.29324e-07
0.625271 1.82408 200 275 8.21033e-07
0.626021 1.82408 200 275 8.1301e-07
0.626771 1.82408 200 275 8.05198e-07
0.627521 1.82408 200 275 7.97633e-07
0.628271 1.82408 200 275 7.9037e-07
0.629022 1.82408 200 275 7.83246e-07
0.629772 1.82408 200 275 7.76364e-07
0.630522 1.82408 200 275 7.69713e-07
0.631272 1.82408 200 275 7.63189e-07
0.632022 1.82408 200 275 7.56923e-07
0.632772 1.82408 200 275 7.51002e-07
0.633522 1.82408 200 275 7.45089e-07
0.634272 1.82408 200 275 7.39404e-07
0.635023 1.82408 200 275 7.33897e-07
0.635773 1.82408 200 275 7.28569e-07
0.636523 1.82408 200 275 7.23458e-07
0.637273 1.82408 200 275 7.18472e-07
0.638023 1.82408 200 275 7.13642e-07
0.638773 1.82408 200 275 7.09076e-07
0.639523 1.82408 200 275 7.04598e-07
0.640273 1.82408 200 275 7.00284e-07
0.641024 1.82408 200 275 6.96133e-07
0.641774 1.82408 200 275 6.92152e-07
0.642524 1.82408 200 275 6.88615e-07
0.643274 1.82408 200 275 6.84905e-07
0.644024 1.82408 200 275 6.81416e-07
0.644774 1.82408 200 275 6.78049e-07
0.645524 1.82408 200 275 6.74841e-07
0.646274 1.82408 200 275 6.71698e-07
0.647025 1.82408 200 275 6.68759e-07
0.647775 1.82408 200 275 6.65914e-07
0.648525 1.82408 200 275 6.63336e-07
0.649275 1.82408 200 275 6.6076e-07
0.650025 1.82408 200 275 6.58319e-07
0.650775 1.82408 200 275 6.56046e-07
0.651525 1.82408 200 275 6.53994e-07
0.652275 1.82408 200 275 6.51862e-07
0.653026 1.82408 200 275 6.50445e-07
0.653776 1.82408 200 275 6.48608e-07
0.654526 1.82408 200 275 6.46869e-07
0.655276 1.82408 200 275 6.4516e-07
0.656026 1.82408 200 275 6.43474e-07
0.656776 1.82408 200 275 6.41796e-07
0.657526 1.82408 200 275 6.40279e-07
0.658276 1.82408 200 275 6.38557e-07
0.659027 1.82408 200 275 6.36814e-07
0.659777 1.82408 200 275 6.34816e-07
0.660527 1.82408 200 275 6.3247e-07
0.661277 1.82408 200 275 6.29836e-07
0.662027 1.82408 200 275 6.26693e-07
0.662777 1.82408 200 275 6.22734e-07
0.663527 1.82408 200 275 6.17874e-07
0.664277 1.82408 200 275 6.12787e-07
0.665028 1.82408 200 275 6.05027e-07
0.665778 1.82408 200 275 5.94425e-07
0.666528 1.82408 200 275 5.80916e-07
0.667278 1.82408 200 275 5.62758e-07
0.668028 1.82408 200 275 5.38319e-07
0.668778 1.82408 200 275 5.05773e-07
0.669528 1.82408 200 275 4.61385e-07
0.670278 1.82408 200 275 3.99695e-07
0.671029 1.82408 200 275 3.17382e-07
0.671779 1.82408 200 275 2.04565e-07
0.672529 1.82408 200 275 5.20416e-08
0.673279 1.82408 200 275 -1.54949e-07
0.674029 1.82408 200 275 -4.27222e-07
0.674779 1.82408 200 275 -7.68145e-07
0.675529 1.82408 200 275 -1.18035e-06
0.676279 1.82408 200 275 -1.56918e-06
0.67703 1.82408 200 275 -1.81147e-06
0.67778 1.82408 200 275 -1.73814e-06
0.67853 1.82408 200 275 -1.25539e-06
0.67928 1.82408 200 275 -4.67165e-07
0.68003 1.82408 200 275 3.63126e-07
0.68078 1.82408 200 275 1.0104e-06
0.68153 1.82408 200 275 1.39919e-06
0.68228 1.82408 200 275 1.558e-06
0.683031 1.82408 200 275 1.57656e-06
0.683781 1.82408 200 275 1.52271e-06
0.684531 1.82408 200 275 1.4372e-06
0.685281 1.82408 200 275 1.34538e-06
0.686031 1.82408 200 275 1.25872e-06
0.686781 1.82408 200 275 1.187e-06
0.687531 1.82408 200 275 1.12049e-06
0.688281 1.82408 200 275 1.06423e-06
0.689032 1.82408 200 275 1.01773e-06
0.689782 1.82408 200 275 9.79721e-07
0.690532 1.82408 200 275 9.48709e-07
0.691282 1.82408 200 275 9.24105e-07
0.692032 1.82408 200 275 9.04618e-07
0.692782 1.82408 200 275 8.89776e-07
0.693532 1.82408 200 275 8.80195e-07
0.694282 1.82408 200 275 8.7286e-07
0.695033 1.82408 200 275 8.68628e-07
0.695783 1.82408 200 275 8.67454e-07
0.696533 1.82408 200 275 8.6874e-07
0.697283 1.82408 200 275 8.7253e-07
0.698033 1.82408 200 275 8.78716e-07
0.698783 1.82408 200 275 8.87991e-07
0.699533 1.82408 200 275 8.98693e-07
0.700283 1.82408 200 275 9.11709e-07
0.701034 1.82408 200 275 9.27048e-07
0.701784 1.82408 200 275 9.4503e-07
0.702534 1.82408 200 275 9.65505e-07
0.703284 1.82408 200 275 9.88901e-07
0.704034 1.82408 200 275 1.01502e-06
0.704784 1.82408 200 275 1.0446e-06
0.705534 1.82408 200 275 1.07978e-06
0.706284 1.82408 200 275 1.11613e-06
0.707035 1.82408 200 275 1.15618e-06
0.707785 1.82408 200 275 1.20085e-06
0.708535 1.82408 200 275 1.24935e-06
0.709285 1.82408 200 275 1.30187e-06
0.710035 1.82408 200 275 1.35835e-06
0.710785 1.82408 200 275 1.4186e-06
0.711535 1.82408 200 275 1.47914e-06
0.712285 1.82408 200 275 1.54069e-06
0.713036 1.82408 200 275 1.59946e-06
0.713786 1.82408 200 275 1.65091e-06
0.714536 1.82408 200 275 1.68924e-06
0.715286 1.82408 200 275 1.70655e-06
0.716036 1.82408 200 275 1.70075e-06
0.716786 1.82408 200 275 1.67685e-06
0.717536 1.82408 200 275 1.673e-06
0.718286 1.82408 200 275 1.70887e-06
0.719037 1.82408 200 275 2.02148e-06
0.719787 1.82408 200 275 2.6985e-06
0.720537 1.82408 200 275 3.73115e-06
0.721287 1.82408 200 275 4.90763e-06
0.722037 1.82408 200 275 5.87151e-06
0.722787 1.82408 200 275 6.38403e-06
0.723537 1.82408 200 275 6.42138e-06
0.724287 1.82408 200 275 6.1128e-06
0.725038 1.82408 200 275 5.60812e-06
0.725788 1.82408 200 275 5.04149e-06
0.726538 1.82408 200 275 4.48603e-06
0.727288 1.82408 200 275 3.97889e-06
0.728038 1.82408 200 275 3.53414e-06
0.728788 1.82408 200 275 3.15145e-06
0.729538 1.82408 200 275 2.82529e-06
0.730288 1.82408 200 275 2.54857e-06
0.731039 1.82408 200 275 2.32489e-06
0.731789 1.82408 200 275 2.12498e-06
0.732539 1.82408 200 275 1.95473e-06
0.733289 1.82408 200 275 1.80937e-06
0.734039 1.82408 200 275 1.68513e-06
0.734789 1.82408 200 275 1.5778e-06
0.735539 1.82408 200 275 1.48515e-06
0.736289 1.82408 200 275 1.40474e-06
0.73704 1.82408 200 275 1.33472e-06
0.73779 1.82408 200 275 1.2734e-06
0.73854 1.82408 200 275 1.21974e-06
0.73929 1.82408 200 275 1.17267e-06
0.74004 1.82408 200 275 1.13113e-06
0.74079 1.82408 200 275 1.09447e-06
0.74154 1.82408 200 275 1.06202e-06
0.74229 1.82408 200 275 1.03328e-06
0.743041 1.82408 200 275 1.00775e-06
0.743791 1.82408 200 275 9.85051e-07
0.744541 1.82408 200 275 9.67017e-07
0.745291 1.82408 200 275 9.48992e-07
0.746041 1.82408 200 275 9.32988e-07
0.746791 1.82408 200 275 9.18812e-07
0.747541 1.82408 200 275 9.06342e-07
0.748291 1.82408 200 275 8.95298e-07
0.749042 1.82408 200 275 8.8559e-07
0.749792 1.82408 200 275 8.7708e-07
0.750542 1.82408 200 275 8.6973e-07
0.751292 1.82408 200 275 8.63383e-07
0.752042 1.82408 200 275 8.57941e-07
0.752792 1.82408 200 275 8.53425e-07
0.753542 1.82408 200 275 8.49707e-07
0.754292 1.82408 200 275 8.46755e-07
0.755043 1.82408 200 275 8.44497e-07
0.755793 1.82408 200 275 8.42916e-07
0.756543 1.82408 200 275 8.41935e-07
0.757293 1.82408 200 275 8.41545e-07
0.758043 1.82408 200 275 8.41709e-07
0.758793 1.82408 200 275 8.43074e-07
0.759543 1.82408 200 275 8.44248e-07
0.760293 1.82408 200 275 8.45906e-07
0.761044 1.82408 200 275 8.48045e-07
0.761794 1.82408 200 275 8.50651e-07
0.762544 1.82408 200 275 8.53688e-07
0.763294 1.82408 200 275 8.57151e-07
0.764044 1.82408 200 275 8.61033e-07
0.764794 1.82408 200 275 8.65333e-07
0.765544 1.82408 200 275 8.70036e-07
0.766294 1.82408 200 275 8.75126e-07
0.767045 1.82408 200 275 8.80621e-07
0.767795 1.82408 200 275 8.86518e-07
0.768545 1.82408 200 275 8.92802e-07
0.769295 1.82408 200 275 8.99477e-07
0.770045 1.82408 200 275 9.06541e-07
0.770795 1.82408 200 275 9.13998e-07
0.771545 1.82408 200 275 9.2185e-07
0.772295 1.82408 200 275 9.30097e-07
0.773046 1.82408 200 275 9.38751e-07
0.773796 1.82408 200 275 9.48052e-07
0.774546 1.82408 200 275 9.57509e-07
0.775296 1.82408 200 275 9.6739e-07
0.776046 1.82408 200 275 9.77706e-07
0.776796 1.82408 200 275 9.88464e-07
0.777546 1.82408 200 275 9.99664e-07
0.778296 1.82408 200 275 1.01133e-06
0.779047 1.82408 200 275 1.02346e-06
0.779797 1.82408 200 275 1.03608e-06
0.780547 1.82408 200 275 1.0492e-06
0.781297 1.82408 200 275 1.06281e-06
0.782047 1.82408 200 275 1.07697e-06
0.782797 1.82408 200 275 1.09168e-06
0.783547 1.82408 200 275 1.10696e-06
0.784297 1.82408 200 275 1.12282e-06
0.785048 1.82408 200 275 1.13928e-06
0.785798 1.82408 200 275 1.15638e-06
0.786548 1.82408 200 275 1.17413e-06
0.787298 1.82408 200 275 1.19257e-06
0.788048 1.82408 200 275 1.21171e-06
0.788798 1.82408 200 275 1.23164e-06
0.789548 1.82408 200 275 1.25228e-06
0.790298 1.82408 200 275 1.27373e-06
0.791049 1.82408 200 275 1.296e-06
0.791799 1.82408 200 275 1.31916e-06
0.792549 1.82408 200 275 1.34323e-06
0.793299 1.82408 200 275 1.36827e-06
0.794049 1.82408 200 275 1.3943e-06
0.794799 1.82408 200 275 1.42139e-06
0.795549 1.82408 200 275 1.44959e-06
0.796299 1.82408 200 275 1.47896e-06
0.79705 1.82408 200 275 1.5095e-06
0.7978 1.82408 200 275 1.54137e-06
0.79855 1.82408 200 275 1.5746e-06
0.7993 1.82408 200 275 1.60926e-06
0.80005 1.82408 200 275 1.64544e-06
0.8008 1.82408 200 275 1.6832e-06
0.80155 1.82408 200 275 1.72266e-06
0.8023 1.82408 200 275 1.76391e-06
0.803051 1.82408 200 275 1.80705e-06
0.803801 1.82408 200 275 1.8522e-06
0.804551 1.82408 200 275 1.89938e-06
0.805301 1.82408 200 275 1.94891e-06
0.806051 1.82408 200 275 2.00086e-06
0.806801 1.82408 200 275 2.05537e-06
0.807551 1.82408 200 275 2.11262e-06
0.808301 1.82408 200 275 2.17279e-06
0.809052 1.82408 200 275 2.23608e-06
0.809802 1.82408 200 275 2.30271e-06
0.810552 1.82408 200 275 2.37292e-06
0.811302 1.82408 200 275 2.44698e-06
0.812052 1.82408 200 275 2.52516e-06
0.812802 1.82408 200 275 2.60766e-06
0.813552 1.82408 200 275 2.69506e-06
0.814302 1.82408 200 275 2.78761e-06
0.815053 1.82408 200 275 2.88574e-06
0.815803 1.82408 200 275 2.98988e-06
0.816553 1.82408 200 275 3.10057e-06
0.817303 1.82408 200 275 3.21835e-06
0.818053 1.82408 200 275 3.34387e-06
0.818803 1.82408 200 275 3.4778e-06
0.819553 1.82408 200 275 3.62092e-06
0.820303 1.82408 200 275 3.7741e-06
0.821054 1.82408 200 275 3.93793e-06
0.821804 1.82408 200 275 4.11422e-06
0.822554 1.82408 200 275 4.30386e-06
0.823304 1.82408 200 275 4.5082e-06
0.824054 1.82408 200 275 4.72883e-06
0.824804 1.82408 200 275 4.96755e-06
0.825554 1.82408 200 275 5.22637e-06
0.826304 1.82408 200 275 5.50763e-06
0.827055 1.82408 200 275 5.81398e-06
0.827805 1.82408 200 275 6.14853e-06
0.828555 1.82408 200 275 6.51481e-06
0.829305 1.82408 200 275 6.91698e-06
0.830055 1.82408 200 275 7.35939e-06
0.830805 1.82408 200 275 7.84853e-06
0.831555 1.82408 200 275 8.39057e-06
0.832305 1.82408 200 275 8.9934e-06
0.833056 1.82408 200 275 9.66631e-06
0.833806 1.82408 200 275 1.04204e-05
0.834556 1.82408 200 275 1.12689e-05
0.835306 1.82408 200 275 1.22281e-05
0.836056 1.82408 200 275 1.33173e-05
0.836806 1.82408 200 275 1.45603e-05
0.837556 1.82408 200 275 1.59846e-05
0.838306 1.82408 200 275 1.76294e-05
0.839057 1.82408 200 275 1.95378e-05
0.839807 1.82408 200 275 2.17652e-05
0.840557 1.82408 200 275 2.43807e-05
0.841307 1.82408 200 275 2.74711e-05
0.842057 1.82408 200 275 3.11439e-05
0.842807 1.82408 200 275 3.55327e-05
0.843557 1.82408 200 275 4.07991e-05
0.844307 1.82408 200 275 4.7133e-05
0.845058 1.82408 200 275 5.47428e-05
0.845808 1.82408 200 275 6.38249e-05
0.846558 1.82408 200 275 7.44964e-05
0.847308 1.82408 200 275 8.66681e-05
0.848058 1.82408 200 275 9.98271e-05
0.848808 1.82408 200 275 0.000112819
0.849558 1.82408 200 275 0.000123758
0.850308 1.82408 200 275 0.000130398
0.851059 1.82408 200 275 0.000131061
0.851809 1.82408 200 275 0.000125576
0.852559 1.82408 200 275 0.000115387
0.853309 1.82408 200 275 0.000102716
0.854059 1.82408 200 275 8.95718e-05
0.854809 1.82408 200 275 7.72571e-05
0.855559 1.82408 200 275 6.63907e-05
0.856309 1.82408 200 275 5.71247e-05
0.85706 1.82408 200 275 4.93728e-05
0.85781 1.82408 200 275 4.29465e-05
0.85856 1.82408 200 275 3.7637e-05
0.85931 1.82408 200 275 3.32496e-05
0.86006 1.82408 200 275 2.96176e-05
0.86081 1.82408 200 275 2.66035e-05
0.86156 1.82408 200 275 2.40958e-05
0.86231 1.82408 200 275 2.20061e-05
0.863061 1.82408 200 275 2.02638e-05
0.863811 1.82408 200 275 1.88135e-05
0.864561 1.82408 200 275 1.76112e-05
0.865311 1.82408 200 275 1.6623e-05
0.866061 1.82408 200 275 1.58189e-05
0.866811 1.82408 200 275 1.51852e-05
0.867561 1.82408 200 275 1.47037e-05
0.868311 1.82408 200 275 1.43643e-05
0.869062 1.82408 200 275 1.41607e-05
0.869812 1.82408 200 275 1.40909e-05
0.870562 1.82408 200 275 1.41563e-05
0.871312 1.82408 200 275 1.43629e-05
0.872062 1.82408 200 275 1.47205e-05
0.872812 1.82408 200 275 1.52441e-05
0.873562 1.82408 200 275 1.59543e-05
0.874312 1.82408 200 275 1.68766e-05
0.875063 1.82408 200 275 1.80506e-05
0.875813 1.82408 200 275 1.95191e-05
0.876563 1.82408 200 275 2.13383e-05
0.877313 1.82408 200 275 2.35753e-05
0.878063 1.82408 200 275 2.63082e-05
0.878813 1.82408 200 275 2.9619e-05
0.879563 1.82408 200 275 3.35805e-05
0.880313 1.82408 200 275 3.82238e-05
0.881064 1.82408 200 275 4.34877e-05
0.881814 1.82408 200 275 4.91336e-05
0.882564 1.82408 200 275 5.46649e-05
0.883314 1.82408 200 275 5.93019e-05
0.884064 1.82408 200 275 6.21351e-05
0.884814 1.82408 200 275 6.24707e-05
0.885564 1.82408 200 275 6.02225e-05
0.886314 1.82408 200 275 5.58542e-05
0.887065 1.82408 200 275 5.02741e-05
0.887815 1.82408 200 275 4.4337e-05
0.888565 1.82408 200 275 3.86443e-05
0.889315 1.82408 200 275 3.3516e-05
0.890065 1.82408 200 275 2.90623e-05
0.890815 1.82408 200 275 2.52724e-05
0.891565 1.82408 200 275 2.20808e-05
0.892315 1.82408 200 275 1.9403e-05
0.893066 1.82408 200 275 1.71556e-05
0.893816 1.82408 200 275 1.52632e-05
0.894566 1.82408 200 275 1.36638e-05
0.895316 1.82408 200 275 1.23045e-05
0.896066 1.82408 200 275 1.11429e-05
0.896816 1.82408 200 275 1.01445e-05
0.897566 1.82408 200 275 9.28137e-06
0.898316 1.82408 200 275 8.53125e-06
0.899067 1.82408 200 275 7.87573e-06
0.899817 1.82408 200 275 7.30008e-06
0.900567 1.82408 200 275 6.79203e-06
0.901317 1.82408 200 275 6.34159e-06
0.902067 1.82408 200 275 5.94055e-06
0.902817 1.82408 200 275 5.5821e-06
0.903567 1.82408 200 275 5.26049e-06
0.904317 1.82408 200 275 4.97093e-06
0.905068 1.82408 200 275 4.70908e-06
0.905818 1.82408 200 275 4.47207e-06
0.906568 1.82408 200 275 4.25675e-06
0.907318 1.82408 200 275 4.0606e-06
0.908068 1.82408 200 275 3.88149e-06
0.908818 1.82408 200 275 3.71761e-06
0.909568 1.82408 200 275 3.56728e-06
0.910318 1.82408 200 275 3.42917e-06
0.911069 1.82408 200 275 3.30208e-06
0.911819 1.82408 200 275 3.18493e-06
0.912569 1.82408 200 275 3.0768e-06
0.913319 1.82408 200 275 2.97688e-06
0.914069 1.82408 200 275 2.88421e-06
0.914819 1.82408 200 275 2.79867e-06
0.915569 1.82408 200 275 2.71942e-06
0.916319 1.82408 200 275 2.64593e-06
0.91707 1.82408 200 275 2.57785e-06
0.91782 1.82408 200 275 2.51476e-06
0.91857 1.82408 200 275 2.45628e-06
0.91932 1.82408 200 275 2.40206e-06
0.92007 1.82408 200 275 2.35187e-06
0.92082 1.82408 200 275 2.30547e-06
0.92157 1.82408 200 275 2.26263e-06
0.92232 1.82408 200 275 2.22313e-06
0.923071 1.82408 200 275 2.18682e-06
0.923821 1.82408 200 275 2.1535e-06
0.924571 1.82408 200 275 2.12303e-06
0.925321 1.82408 200 275 2.09535e-06
0.926071 1.82408 200 275 2.06992e-06
0.926821 1.82408 200 275 2.04744e-06
0.927571 1.82408 200 275 2.02746e-06
0.928321 1.82408 200 275 2.00988e-06
0.929072 1.82408 200 275 1.99462e-06
0.929822 1.82408 200 275 1.98168e-06
0.930572 1.82408 200 275 1.97099e-06
0.931322 1.82408 200 275 1.96255e-06
0.932072 1.82408 200 275 1.95628e-06
0.932822 1.82408 200 275 1.95228e-06
0.933572 1.82408 200 275 1.9505e-06
0.934322 1.82408 200 275 1.95096e-06
0.935073 1.82408 200 275 1.95331e-06
0.935823 1.82408 200 275 1.95833e-06
0.936573 1.82408 200 275 1.9657e-06
0.937323 1.82408 200 275 1.9755e-06
0.938073 1.82408 200 275 1.98777e-06
0.938823 1.82408 200 275 2.00266e-06
0.939573 1.82408 200 275 2.02023e-06
0.940323 1.82408 200 275 2.04059e-06
0.941074 1.82408 200 275 2.06387e-06
0.941824 1.82408 200 275 2.09021e-06
0.942574 1.82408 200 275 2.11983e-06
0.943324 1.82408 200 275 2.15286e-06
0.944074 1.82408 200 275 2.18957e-06
0.944824 1.82408 200 275 2.23014e-06
0.945574 1.82408 200 275 2.27498e-06
0.946324 1.82408 200 275 2.32419e-06
0.947075 1.82408 200 275 2.37834e-06
0.947825 1.82408 200 275 2.43763e-06
0.948575 1.82408 200 275 2.5021e-06
0.949325 1.82408 200 275 2.57336e-06
0.950075 1.82408 200 275 2.65129e-06
0.950825 1.82408 200 275 2.73659e-06
0.951575 1.82408 200 275 2.82994e-06
0.952325 1.82408 200 275 2.93231e-06
0.953076 1.82408 200 275 3.04458e-06
0.953826 1.82408 200 275 3.16785e-06
0.954576 1.82408 200 275 3.3033e-06
0.955326 1.82408 200 275 3.45242e-06
0.956076 1.82408 200 275 3.61679e-06
0.956826 1.82408 200 275 3.79828e-06
0.957576 1.82408 200 275 3.99706e-06
0.958326 1.82408 200 275 4.21957e-06
0.959077 1.82408 200 275 4.467e-06
0.959827 1.82408 200 275 4.7433e-06
0.960577 1.82408 200 275 5.05182e-06
0.961327 1.82408 200 275 5.39801e-06
0.962077 1.82408 200 275 5.78761e-06
0.962827 1.82408 200 275 6.22702e-06
0.963577 1.82408 200 275 6.72523e-06
0.964327 1.82408 200 275 7.29205e-06
0.965078 1.82408 200 275 7.93986e-06
0.965828 1.82408 200 275 8.68325e-06
0.966578 1.82408 200 275 9.53959e-06
0.967328 1.82408 200 275 1.05318e-05
0.968078 1.82408 200 275 1.16861e-05
0.968828 1.82408 200 275 1.30345e-05
0.969578 1.82408 200 275 1.46163e-05
0.970328 1.82408 200 275 1.64789e-05
0.971079 1.82408 200 275 1.86776e-05
0.971829 1.82408 200 275 2.12689e-05
0.972579 1.82408 200 275 2.43205e-05
0.973329 1.82408 200 275 2.7876e-05
0.974079 1.82408 200 275 3.19419e-05
0.974829 1.82408 200 275 3.64313e-05
0.975579 1.82408 200 275 4.11028e-05
0.976329 1.82408 200 275 4.55038e-05
0.97708 1.82408 200 275 4.90007e-05
0.97783 1.82408 200 275 5.09413e-05
0.97858 1.82408 200 275 5.09181e-05
0.97933 1.82408 200 275 4.8966e-05
0.98008 1.82408 200 275 4.5527e-05
0.98083 1.82408 200 275 4.12756e-05
0.98158 1.82408 200 275 3.67054e-05
0.98233 1.82408 200 275 3.22787e-05
0.983081 1.82408 200 275 2.82287e-05
0.983831 1.82408 200 275 2.46501e-05
0.984581 1.82408 200 275 2.15527e-05
0.985331 1.82408 200 275 1.89026e-05
0.986081 1.82408 200 275 1.66474e-05
0.986831 1.82408 200 275 1.47307e-05
0.987581 1.82408 200 275 1.31002e-05
0.988331 1.82408 200 275 1.17094e-05
0.989082 1.82408 200 275 1.05185e-05
0.989832 1.82408 200 275 9.49489e-06
0.990582 1.82408 200 275 8.6108e-06
0.991332 1.82408 200 275 7.84369e-06
0.992082 1.82408 200 275 7.17504e-06
0.992832 1.82408 200 275 6.58945e-06
0.993582 1.82408 200 275 6.07442e-06
0.994332 1.82408 200 275 5.61955e-06
0.995083 1.82408 200 275 5.21619e-06
0.995833 1.82408 200 275 4.85684e-06
0.996583 1.82408 200 275 4.53593e-06
0.997333 1.82408 200 275 4.24815e-06
0.998083 1.82408 200 275 3.98917e-06
0.998833 1.82408 200 275 3.75544e-06
0.999583 1.82408 200 275 3.54384e-06
1.00033 1.82408 200 275 3.35173e-06
1.00108 1.82408 200 275 3.17685e-06
1.00183 1.82408 200 275 3.01725e-06
1.00258 1.82408 200 275 2.87122e-06
1.00333 1.82408 200 275 2.7373e-06
1.00408 1.82408 200 275 2.61424e-06
1.00483 1.82408 200 275 2.5009e-06
1.00558 1.82408 200 275 2.39645e-06
1.00633 1.82408 200 275 2.29976e-06
1.00708 1.82408 200 275 2.21021e-06
1.00783 1.82408 200 275 2.12714e-06
1.00858 1.82408 200 275 2.05e-06
1.00933 1.82408 200 275 1.97822e-06
1.01009 1.82408 200 275 1.91134e-06
1.01084 1.82408 200 275 1.84896e-06
1.01159 1.82408 200 275 1.79066e-06
1.01234 1.82408 200 275 1.73615e-06
1.01309 1.82408 200 275 1.68511e-06
1.01384 1.82408 200 275 1.63728e-06
1.01459 1.82408 200 275 1.5924e-06
1.01534 1.82408 200 275 1.55026e-06
1.01609 1.82408 200 275 1.51067e-06
1.01684 1.82408 200 275 1.47343e-06
1.01759 1.82408 200 275 1.43835e-06
1.01834 1.82408 200 275 1.40532e-06
1.01909 1.82408 200 275 1.37419e-06
1.01984 1.82408 200 275 1.34485e-06
1.02059 1.82408 200 275 1.31717e-06
1.02134 1.82408 200 275 1.29098e-06
1.02209 1.82408 200 275 1.26634e-06
1.02284 1.82408 200 275 1.24306e-06
1.02359 1.82408 200 275 1.22109e-06
1.02434 1.82408 200 275 1.20033e-06
1.02509 1.82408 200 275 1.18074e-06
1.02584 1.82408 200 275 1.16222e-06
1.02659 1.82408 200 275 1.14476e-06
1.02734 1.82408 200 275 1.12828e-06
1.02809 1.82408 200 275 1.11272e-06
1.02884 1.82408 200 275 1.09806e-06
1.02959 1.82408 200 275 1.08423e-06
1.03034 1.82408 200 275 1.0712e-06
1.03109 1.82408 200 275 1.0589e-06
1.03184 1.82408 200 275 1.0474e-06
1.03259 1.82408 200 275 1.03659e-06
1.03334 1.82408 200 275 1.02649e-06
1.03409 1.82408 200 275 1.01703e-06
1.03484 1.82408 200 275 1.00822e-06
1.03559 1.82408 200 275 1.00004e-06
1.03634 1.82408 200 275 9.92439e-07
1.03709 1.82408 200 275 9.85431e-07
1.03784 1.82408 200 275 9.78994e-07
1.03859 1.82408 200 275 9.73079e-07
1.03934 1.82408 200 275 9.67716e-07
1.04009 1.82408 200 275 9.62891e-07
1.04084 1.82408 200 275 9.58566e-07
1.04159 1.82408 200 275 9.54816e-07
1.04234 1.82408 200 275 9.51529e-07
1.04309 1.82408 200 275 9.48775e-07
1.04384 1.82408 200 275 9.46452e-07
1.04459 1.82408 200 275 9.44591e-07
1.04534 1.82408 200 275 9.43149e-07
1.04609 1.82408 200 275 9.42114e-07
1.04684 1.82408 200 275 9.41376e-07
1.04759 1.82408 200 275 9.40616e-07
1.04834 1.82408 200 275 9.39396e-07
1.04909 1.82408 200 275 9.37879e-07
1.04984 1.82408 200 275 9.35361e-07
1.05059 1.82408 200 275 9.31404e-07
1.05134 1.82408 200 275 9.25189e-07
1.05209 1.82408 200 275 9.1625e-07
1.05284 1.82408 200 275 9.04149e-07
1.05359 1.82408 200 275 8.8865e-07
1.05434 1.82408 200 275 8.6925e-07
1.05509 1.82408 200 275 8.45771e-07
1.05584 1.82408 200 275 8.18125e-07
1.05659 1.82408 200 275 7.86299e-07
1.05734 1.82408 200 275 7.50989e-07
1.05809 1.82408 200 275 7.13478e-07
1.05884 1.82408 200 275 6.77569e-07
1.05959 1.82408 200 275 6.48294e-07
1.06034 1.82408 200 275 6.33032e-07
1.06109 1.82408 200 275 6.40041e-07
1.06184 1.82408 200 275 6.75906e-07
1.06259 1.82408 200 275 7.42037e-07
1.06334 1.82408 200 275 8.33007e-07
1.06409 1.82408 200 275 9.36814e-07
1.06484 1.82408 200 275 1.03929e-06
1.06559 1.82408 200 275 1.12929e-06
1.06634 1.82408 200 275 1.20077e-06
1.06709 1.82408 200 275 1.25326e-06
1.06784 1.82408 200 275 1.28946e-06
1.06859 1.82408 200 275 1.31376e-06
1.06934 1.82408 200 275 1.33023e-06
1.0701 1.82408 200 275 1.34231e-06
1.07085 1.82408 200 275 1.35259e-06
1.0716 1.82408 200 275 1.36294e-06
1.07235 1.82408 200 275 1.37449e-06
1.0731 1.82408 200 275 1.38805e-06
1.07385 1.82408 200 275 1.40404e-06
1.0746 1.82408 200 275 1.42282e-06
1.07535 1.82408 200 275 1.44454e-06
1.0761 1.82408 200 275 1.46939e-06
1.07685 1.82408 200 275 1.49946e-06
1.0776 1.82408 200 275 1.53079e-06
1.07835 1.82408 200 275 1.56568e-06
1.0791 1.82408 200 275 1.60427e-06
1.07985 1.82408 200 275 1.6468e-06
1.0806 1.82408 200 275 1.69349e-06
1.08135 1.82408 200 275 1.74465e-06
1.0821 1.82408 200 275 1.80066e-06
1.08285 1.82408 200 275 1.86188e-06
1.0836 1.82408 200 275 1.9288e-06
1.08435 1.82408 200 275 2.00195e-06
1.0851 1.82408 200 275 2.08195e-06
1.08585 1.82408 200 275 2.16957e-06
1.0866 1.82408 200 275 2.26588e-06
1.08735 1.82408 200 275 2.37129e-06
1.0881 1.82408 200 275 2.48724e-06
1.08885 1.82408 200 275 2.61499e-06
1.0896 1.82408 200 275 2.75603e-06
1.09035 1.82408 200 275 2.91209e-06
1.0911 1.82408 200 275 3.08521e-06
1.09185 1.82408 200 275 3.2778e-06
1.0926 1.82408 200 275 3.4926e-06
1.09335 1.82408 200 275 3.73283e-06
1.0941 1.82408 200 275 4.00229e-06
1.09485 1.82408 200 275 4.30541e-06
1.0956 1.82408 200 275 4.64738e-06
1.09635 1.82408 200 275 5.03422e-06
1.0971 1.82408 200 275 5.47299e-06
1.09785 1.82408 200 275 5.97175e-06
1.0986 1.82408 200 275 6.53961e-06
1.09935 1.82408 200 275 7.18686e-06
1.1001 1.82408 200 275 7.92433e-06
1.10085 1.82408 200 275 8.76298e-06
1.1016 1.82408 200 275 9.71268e-06
1.10235 1.82408 200 275 1.07799e-05
1.1031 1.82408 200 275 1.19646e-05
1.10385 1.82408 200 275 1.32557e-05
1.1046 1.82408 200 275 1.46243e-05
1.10535 1.82408 200 275 1.6018e-05
1.1061 1.82408 200 275 1.73572e-05
1.10685 1.82408 200 275 1.85343e-05
1.1076 1.82408 200 275 1.94309e-05
1.10835 1.82408 200 275 1.99398e-05
1.1091 1.82408 200 275 1.99939e-05
1.10985 1.82408 200 275 1.95883e-05
1.1106 1.82408 200 275 1.87814e-05
1.11135 1.82408 200 275 1.76755e-05
1.1121 1.82408 200 275 1.63893e-05
1.11285 1.82408 200 275 1.50311e-05
1.1136 1.82408 200 275 1.3685e-05
1.11435 1.82408 200 275 1.24073e-05
1.1151 1.82408 200 275 1.12302e-05
1.11585 1.82408 200 275 1.01675e-05
1.1166 1.82408 200 275 9.22074e-06
1.11735 1.82408 200 275 8.38539e-06
1.1181 1.82408 200 275 7.65084e-06
1.11885 1.82408 200 275 7.00738e-06
1.1196 1.82408 200 275 6.4443e-06
1.12035 1.82408 200 275 5.9516e-06
1.1211 1.82408 200 275 5.52009e-06
1.12185 1.82408 200 275 5.14171e-06
1.1226 1.82408 200 275 4.80939e-06
1.12335 1.82408 200 275 4.51707e-06
1.1241 1.82408 200 275 4.25947e-06
1.12485 1.82408 200 275 4.03215e-06
1.1256 1.82408 200 275 3.83126e-06
1.12635 1.82408 200 275 3.65351e-06
1.1271 1.82408 200 275 3.49616e-06
1.12785 1.82408 200 275 3.35677e-06
1.1286 1.82408 200 275 3.23327e-06
1.12935 1.82408 200 275 3.12392e-06
1.13011 1.82408 200 275 3.0272e-06
1.13086 1.82408 200 275 2.94178e-06
1.13161 1.82408 200 275 2.86648e-06
1.13236 1.82408 200 275 2.8003e-06
1.13311 1.82408 200 275 2.74239e-06
1.13386 1.82408 200 275 2.69194e-06
1.13461 1.82408 200 275 2.64823e-06
1.13536 1.82408 200 275 2.61063e-06
1.13611 1.82408 200 275 2.57853e-06
1.13686 1.82408 200 275 2.55136e-06
1.13761 1.82408 200 275 2.52854e-06
1.13836 1.82408 200 275 2.50952e-06
1.13911 1.82408 200 275 2.49372e-06
1.13986 1.82408 200 275 2.48055e-06
1.14061 1.82408 200 275 2.46929e-06
1.14136 1.82408 200 275 2.45928e-06
1.14211 1.82408 200 275 2.4496e-06
1.14286 1.82408 200 275 2.43941e-06
1.14361 1.82408 200 275 2.42773e-06
1.14436 1.82408 200 275 2.41344e-06
1.14511 1.82408 200 275 2.39568e-06
1.14586 1.82408 200 275 2.37379e-06
1.14661 1.82408 200 275 2.34794e-06
1.14736 1.82408 200 275 2.31934e-06
1.14811 1.82408 200 275 2.29145e-06
1.14886 1.82408 200 275 2.24611e-06
1.14961 1.82408 200 275 2.23908e-06
1.15036 1.82408 200 275 2.26464e-06
1.15111 1.82408 200 275 2.34128e-06
1.15186 1.82408 200 275 2.48663e-06
1.15261 1.82408 200 275 2.71182e-06
1.15336 1.82408 200 275 3.01672e-06
1.15411 1.82408 200 275 3.38678e-06
1.15486 1.82408 200 275 3.7968e-06
1.15561 1.82408 200 275 4.21928e-06
1.15636 1.82408 200 275 4.63355e-06
1.15711 1.82408 200 275 5.02917e-06
1.15786 1.82408 200 275 5.40678e-06
1.15861 1.82408 200 275 5.77456e-06
1.15936 1.82408 200 275 6.14495e-06
1.16011 1.82408 200 275 6.5317e-06
1.16086 1.82408 200 275 6.94842e-06
1.16161 1.82408 200 275 7.40804e-06
1.16236 1.82408 200 275 7.92319e-06
1.16311 1.82408 200 275 8.50635e-06
1.16386 1.82408 200 275 9.17074e-06
1.16461 1.82408 200 275 9.93051e-06
1.16536 1.82408 200 275 1.08012e-05
1.16611 1.82408 200 275 1.18e-05
1.16686 1.82408 200 275 1.29456e-05
1.16761 1.82408 200 275 1.42573e-05
1.16836 1.82408 200 275 1.57544e-05
1.16911 1.82408 200 275 1.74522e-05
1.16986 1.82408 200 275 1.93589e-05
1.17061 1.82408 200 275 2.14678e-05
1.17136 1.82408 200 275 2.37469e-05
1.17211 1.82408 200 275 2.61298e-05
1.17286 1.82408 200 275 2.8501e-05
1.17361 1.82408 200 275 3.06943e-05
1.17436 1.82408 200 275 3.25045e-05
1.17511 1.82408 200 275 3.37219e-05
1.17586 1.82408 200 275 3.41838e-05
1.17661 1.82408 200 275 3.38248e-05
1.17736 1.82408 200 275 3.26997e-05
1.17811 1.82408 200 275 3.09646e-05
1.17886 1.82408 200 275 2.88276e-05
1.17961 1.82408 200 275 2.64959e-05
1.18036 1.82408 200 275 2.41407e-05
1.18111 1.82408 200 275 2.18818e-05
1.18186 1.82408 200 275 1.97908e-05
1.18261 1.82408 200 275 1.79022e-05
1.18336 1.82408 200 275 1.62234e-05
1.18411 1.82408 200 275 1.4748e-05
1.18486 1.82408 200 275 1.34604e-05
1.18561 1.82408 200 275 1.23417e-05
1.18636 1.82408 200 275 1.13726e-05
1.18711 1.82408 200 275 1.05345e-05
1.18786 1.82408 200 275 9.81063e-06
1.18861 1.82408 200 275 9.1862e-06
1.18936 1.82408 200 275 8.64842e-06
1.19012 1.82408 200 275 8.18628e-06
1.19087 1.82408 200 275 7.79047e-06
1.19162 1.82408 200 275 7.45317e-06
1.19237 1.82408 200 275 7.16782e-06
1.19312 1.82408 200 275 6.92886e-06
1.19387 1.82408 200 275 6.73182e-06
1.19462 1.82408 200 275 6.57297e-06
1.19537 1.82408 200 275 6.44927e-06
1.19612 1.82408 200 275 6.35834e-06
1.19687 1.82408 200 275 6.29828e-06
1.19762 1.82408 200 275 6.2678e-06
1.19837 1.82408 200 275 6.26595e-06
1.19912 1.82408 200 275 6.29225e-06
1.19987 1.82408 200 275 6.34663e-06
1.20062 1.82408 200 275 6.42941e-06
1.20137 1.82408 200 275 6.54128e-06
1.20212 1.82408 200 275 6.68338e-06
1.20287 1.82408 200 275 6.85727e-06
1.20362 1.82408 200 275 7.06494e-06
1.20437 1.82408 200 275 7.30896e-06
1.20512 1.82408 200 275 7.59249e-06
1.20587 1.82408 200 275 7.91923e-06
1.20662 1.82408 200 275 8.2937e-06
1.20737 1.82408 200 275 8.72127e-06
1.20812 1.82408 200 275 9.20824e-06
1.20887 1.82408 200 275 9.76202e-06
1.20962 1.82408 200 275 1.03913e-05
1.21037 1.82408 200 275 1.11065e-05
1.21112 1.82408 200 275 1.19192e-05
1.21187 1.82408 200 275 1.28435e-05
1.21262 1.82408 200 275 1.38952e-05
1.21337 1.82408 200 275 1.50923e-05
1.21412 1.82408 200 275 1.64549e-05
1.21487 1.82408 200 275 1.80052e-05
1.21562 1.82408 200 275 1.97659e-05
1.21637 1.82408 200 275 2.17595e-05
1.21712 1.82408 200 275 2.40045e-05
1.21787 1.82408 200 275 2.65113e-05
1.21862 1.82408 200 275 2.92725e-05
1.21937 1.82408 200 275 3.22632e-05
1.22012 1.82408 200 275 3.54134e-05
1.22087 1.82408 200 275 3.86061e-05
1.22162 1.82408 200 275 4.16671e-05
1.22237 1.82408 200 275 4.43706e-05
1.22312 1.82408 200 275 4.64626e-05
1.22387 1.82408 200 275 4.77087e-05
1.22462 1.82408 200 275 4.79507e-05
1.22537 1.82408 200 275 4.7153e-05
1.22612 1.82408 200 275 4.5413e-05
1.22687 1.82408 200 275 4.2932e-05
1.22762 1.82408 200 275 3.99616e-05
1.22837 1.82408 200 275 3.67479e-05
1.22912 1.82408 200 275 3.34954e-05
1.22987 1.82408 200 275 3.03507e-05
1.23062 1.82408 200 275 2.74062e-05
1.23137 1.82408 200 275 2.47098e-05
1.23212 1.82408 200 275 2.22778e-05
1.23287 1.82408 200 275 2.0106e-05
1.23362 1.82408 200 275 1.81788e-05
1.23437 1.82408 200 275 1.64745e-05
1.23512 1.82408 200 275 1.49699e-05
1.23587 1.82408 200 275 1.36417e-05
1.23662 1.82408 200 275 1.24681e-05
1.23737 1.82408 200 275 1.14295e-05
1.23812 1.82408 200 275 1.05087e-05
1.23887 1.82408 200 275 9.69013e-06
1.23962 1.82408 200 275 8.96066e-06
1.24037 1.82408 200 275 8.30885e-06
1.24112 1.82408 200 275 7.72491e-06
1.24187 1.82408 200 275 7.20012e-06
1.24262 1.82408 200 275 6.72727e-06
1.24337 1.82408 200 275 6.30006e-06
1.24412 1.82408 200 275 5.91307e-06
1.24487 1.82408 200 275 5.56098e-06
1.24562 1.82408 200 275 5.24099e-06
1.24637 1.82408 200 275 4.94894e-06
1.24712 1.82408 200 275 4.68179e-06
1.24787 1.82408 200 275 4.43684e-06
1.24862 1.82408 200 275 4.21181e-06
1.24937 1.82408 200 275 4.00465e-06
1.25013 1.82408 200 275 3.81353e-06
1.25088 1.82408 200 275 3.63684e-06
1.25163 1.82408 200 275 3.47327e-06
1.25238 1.82408 200 275 3.32152e-06
1.25313 1.82408 200 275 3.1805e-06
1.25388 1.82408 200 275 3.04929e-06
1.25463 1.82408 200 275 2.92696e-06
1.25538 1.82408 200 275 2.81276e-06
1.25613 1.82408 200 275 2.70606e-06
1.25688 1.82408 200 275 2.606e-06
1.25763 1.82408 200 275 2.51236e-06
1.25838 1.82408 200 275 2.42442e-06
1.25913 1.82408 200 275 2.34178e-06
1.25988 1.82408 200 275 2.2641e-06
1.26063 1.82408 200 275 2.19091e-06
1.26138 1.82408 200 275 2.12188e-06
1.26213 1.82408 200 275 2.05675e-06
1.26288 1.82408 200 275 1.9952e-06
1.26363 1.82408 200 275 1.93695e-06
1.26438 1.82408 200 275 1.88182e-06
1.26513 1.82408 200 275 1.82955e-06
1.26588 1.82408 200 275 1.78003e-06
1.26663 1.82408 200 275 1.73293e-06
1.26738 1.82408 200 275 1.6882e-06
1.26813 1.82408 200 275 1.64561e-06
1.26888 1.82408 200 275 1.60507e-06
1.26963 1.82408 200 275 1.56645e-06
1.27038 1.82408 200 275 1.52957e-06
1.27113 1.82408 200 275 1.49435e-06
1.27188 1.82408 200 275 1.46066e-06
1.27263 1.82408 200 275 1.42842e-06
1.27338 1.82408 200 275 1.39752e-06
1.27413 1.82408 200 275 1.36784e-06
1.27488 1.82408 200 275 1.33921e-06
1.27563 1.82408 200 275 1.31166e-06
1.27638 1.82408 200 275 1.28496e-06
1.27713 1.82408 200 275 1.25909e-06
1.27788 1.82408 200 275 1.23398e-06
1.27863 1.82408 200 275 1.20941e-06
1.27938 1.82408 200 275 1.1853e-06
1.28013 1.82408 200 275 1.16157e-06
1.28088 1.82408 200 275 1.1381e-06
1.28163 1.82408 200 275 1.11467e-06
1.28238 1.82408 200 275 1.09107e-06
1.28313 1.82408 200 275 1.06715e-06
1.28388 1.82408 200 275 1.04255e-06
1.28463 1.82408 200 275 1.01683e-06
1.28538 1.82408 200 275 9.90289e-07
1.28613 1.82408 200 275 9.62238e-07
1.28688 1.82408 200 275 9.32309e-07
1.28763 1.82408 200 275 9.00026e-07
1.28838 1.82408 200 275 8.6498e-07
1.28913 1.82408 200 275 8.26674e-07
1.28988 1.82408 200 275 7.85066e-07
1.29063 1.82408 200 275 7.39576e-07
1.29138 1.82408 200 275 6.90426e-07
1.29213 1.82408 200 275 6.38438e-07
1.29288 1.82408 200 275 5.85123e-07
1.29363 1.82408 200 275 5.3339e-07
1.29438 1.82408 200 275 4.87321e-07
1.29513 1.82408 200 275 4.52789e-07
1.29588 1.82408 200 275 4.36222e-07
1.29663 1.82408 200 275 4.4417e-07
1.29738 1.82408 200 275 4.81692e-07
1.29813 1.82408 200 275 5.47742e-07
1.29888 1.82408 200 275 6.38018e-07
1.29963 1.82408 200 275 7.42846e-07
1.30038 1.82408 200 275 8.49817e-07
1.30113 1.82408 200 275 9.48245e-07
1.30188 1.82408 200 275 1.02928e-06
1.30263 1.82408 200 275 1.08921e-06
1.30338 1.82408 200 275 1.12791e-06
1.30413 1.82408 200 275 1.14793e-06
1.30488 1.82408 200 275 1.15297e-06
1.30563 1.82408 200 275 1.14723e-06
1.30638 1.82408 200 275 1.13455e-06
1.30713 1.82408 200 275 1.1175e-06
1.30788 1.82408 200 275 1.09848e-06
1.30863 1.82408 200 275 1.07886e-06
1.30938 1.82408 200 275 1.05974e-06
1.31014 1.82408 200 275 1.04172e-06
1.31089 1.82408 200 275 1.02519e-06
1.31164 1.82408 200 275 1.01033e-06
1.31239 1.82408 200 275 9.97253e-07
1.31314 1.82408 200 275 9.85901e-07
1.31389 1.82408 200 275 9.76307e-07
1.31464 1.82408 200 275 9.68356e-07
1.31539 1.82408 200 275 9.62047e-07
1.31614 1.82408 200 275 9.5728e-07
1.31689 1.82408 200 275 9.53953e-07
1.31764 1.82408 200 275 9.52047e-07
1.31839 1.82408 200 275 9.51523e-07
1.31914 1.82408 200 275 9.52407e-07
1.31989 1.82408 200 275 9.54639e-07
1.32064 1.82408 200 275 9.58196e-07
1.32139 1.82408 200 275 9.63106e-07
1.32214 1.82408 200 275 9.69309e-07
1.32289 1.82408 200 275 9.76991e-07
1.32364 1.82408 200 275 9.86168e-07
1.32439 1.82408 200 275 9.96711e-07
1.32514 1.82408 200 275 1.00885e-06
1.32589 1.82408 200 275 1.02267e-06
1.32664 1.82408 200 275 1.03834e-06
1.32739 1.82408 200 275 1.05551e-06
1.32814 1.82408 200 275 1.075e-06
1.32889 1.82408 200 275 1.09671e-06
1.32964 1.82408 200 275 1.12095e-06
1.33039 1.82408 200 275 1.14766e-06
1.33114 1.82408 200 275 1.17725e-06
1.33189 1.82408 200 275 1.20978e-06
1.33264 1.82408 200 275 1.24565e-06
1.33339 1.82408 200 275 1.28493e-06
1.33414 1.82408 200 275 1.32788e-06
1.33489 1.82408 200 275 1.37484e-06
1.33564 1.82408 200 275 1.42556e-06
1.33639 1.82408 200 275 1.48e-06
1.33714 1.82408 200 275 1.53761e-06
1.33789 1.82408 200 275 1.59777e-06
1.33864 1.82408 200 275 1.6592e-06
1.33939 1.82408 200 275 1.71998e-06
1.34014 1.82408 200 275 1.77527e-06
1.34089 1.82408 200 275 1.82553e-06
1.34164 1.82408 200 275 1.86479e-06
1.34239 1.82408 200 275 1.8889e-06
1.34314 1.82408 200 275 1.8949e-06
1.34389 1.82408 200 275 1.88257e-06
1.34464 1.82408 200 275 1.85387e-06
1.34539 1.82408 200 275 1.81664e-06
1.34614 1.82408 200 275 1.78222e-06
1.34689 1.82408 200 275 1.7643e-06
1.34764 1.82408 200 275 1.77344e-06
1.34839 1.82408 200 275 1.8139e-06
1.34914 1.82408 200 275 1.88144e-06
1.34989 1.82408 200 275 1.96495e-06
1.35064 1.82408 200 275 2.05038e-06
1.35139 1.82408 200 275 2.12209e-06
1.35214 1.82408 200 275 2.17069e-06
1.35289 1.82408 200 275 2.19199e-06
1.35364 1.82408 200 275 2.1864e-06
1.35439 1.82408 200 275 2.15789e-06
1.35514 1.82408 200 275 2.11188e-06
1.35589 1.82408 200 275 2.05465e-06
1.35664 1.82408 200 275 1.99099e-06
1.35739 1.82408 200 275 1.92488e-06
1.35814 1.82408 200 275 1.85922e-06
1.35889 1.82408 200 275 1.79622e-06
1.35964 1.82408 200 275 1.7371e-06
1.36039 1.82408 200 275 1.68263e-06
1.36114 1.82408 200 275 1.63304e-06
1.36189 1.82408 200 275 1.58867e-06
1.36264 1.82408 200 275 1.54933e-06
1.36339 1.82408 200 275 1.51484e-06
1.36414 1.82408 200 275 1.48493e-06
1.36489 1.82408 200 275 1.45934e-06
1.36564 1.82408 200 275 1.43777e-06
1.36639 1.82408 200 275 1.41996e-06
1.36714 1.82408 200 275 1.40573e-06
1.36789 1.82408 200 275 1.39477e-06
1.36864 1.82408 200 275 1.3869e-06
1.36939 1.82408 200 275 1.38189e-06
1.37015 1.82408 200 275 1.37965e-06
1.3709 1.82408 200 275 1.38005e-06
1.37165 1.82408 200 275 1.38294e-06
1.3724 1.82408 200 275 1.38827e-06
1.37315 1.82408 200 275 1.39598e-06
1.3739 1.82408 200 275 1.40598e-06
1.37465 1.82408 200 275 1.41825e-06
1.3754 1.82408 200 275 1.43281e-06
1.37615 1.82408 200 275 1.44962e-06
1.3769 1.82408 200 275 1.46872e-06
1.37765 1.82408 200 275 1.49012e-06
1.3784 1.82408 200 275 1.5139e-06
1.37915 1.82408 200 275 1.54011e-06
1.3799 1.82408 200 275 1.56885e-06
1.38065 1.82408 200 275 1.60022e-06
1.3814 1.82408 200 275 1.63431e-06
1.38215 1.82408 200 275 1.67129e-06
1.3829 1.82408 200 275 1.71131e-06
1.38365 1.82408 200 275 1.75455e-06
1.3844 1.82408 200 275 1.80122e-06
1.38515 1.82408 200 275 1.85155e-06
1.3859 1.82408 200 275 1.90582e-06
1.38665 1.82408 200 275 1.96323e-06
1.3874 1.82408 200 275 2.02619e-06
1.38815 1.82408 200 275 2.09408e-06
1.3889 1.82408 200 275 2.1673e-06
1.38965 1.82408 200 275 2.24635e-06
1.3904 1.82408 200 275 2.33173e-06
1.39115 1.82408 200 275 2.42406e-06
1.3919 1.82408 200 275 2.52401e-06
1.39265 1.82408 200 275 2.63233e-06
1.3934 1.82408 200 275 2.74989e-06
1.39415 1.82408 200 275 2.87765e-06
1.3949 1.82408 200 275 3.01673e-06
1.39565 1.82408 200 275 3.16836e-06
1.3964 1.82408 200 275 3.33396e-06
1.39715 1.82408 200 275 3.51518e-06
1.3979 1.82408 200 275 3.71389e-06
1.39865 1.82408 200 275 3.93218e-06
1.3994 1.82408 200 275 4.17247e-06
1.40015 1.82408 200 275 4.43753e-06
1.4009 1.82408 200 275 4.73053e-06
1.40165 1.82408 200 275 5.0551e-06
1.4024 1.82408 200 275 5.41538e-06
1.40315 1.82408 200 275 5.81607e-06
1.4039 1.82408 200 275 6.26246e-06
1.40465 1.82408 200 275 6.76051e-06
1.4054 1.82408 200 275 7.31682e-06
1.40615 1.82408 200 275 7.93863e-06
1.4069 1.82408 200 275 8.63349e-06
1.40765 1.82408 200 275 9.40909e-06
1.4084 1.82408 200 275 1.02727e-05
1.40915 1.82408 200 275 1.12303e-05
1.4099 1.82408 200 275 1.22849e-05
1.41065 1.82408 200 275 1.3435e-05
1.4114 1.82408 200 275 1.46717e-05
1.41215 1.82408 200 275 1.59754e-05
1.4129 1.82408 200 275 1.73127e-05
1.41365 1.82408 200 275 1.86337e-05
1.4144 1.82408 200 275 1.98718e-05
1.41515 1.82408 200 275 2.09477e-05
1.4159 1.82408 200 275 2.17785e-05
1.41665 1.82408 200 275 2.22918e-05
1.4174 1.82408 200 275 2.24409e-05
1.41815 1.82408 200 275 2.2216e-05
1.4189 1.82408 200 275 2.16473e-05
1.41965 1.82408 200 275 2.07972e-05
1.4204 1.82408 200 275 1.97459e-05
1.42115 1.82408 200 275 1.85766e-05
1.4219 1.82408 200 275 1.73633e-05
1.42265 1.82408 200 275 1.61635e-05
1.4234 1.82408 200 275 1.50177e-05
1.42415 1.82408 200 275 1.39493e-05
1.4249 1.82408 200 275 1.29685e-05
1.42565 1.82408 200 275 1.20756e-05
1.4264 1.82408 200 275 1.12644e-05
1.42715 1.82408 200 275 1.05252e-05
1.4279 1.82408 200 275 9.847e-06
1.42865 1.82408 200 275 9.21965e-06
1.4294 1.82408 200 275 8.63489e-06
1.43016 1.82408 200 275 8.08721e-06
1.43091 1.82408 200 275 7.57339e-06
1.43166 1.82408 200 275 7.0921e-06
1.43241 1.82408 200 275 6.64297e-06
1.43316 1.82408 200 275 6.22595e-06
1.43391 1.82408 200 275 5.84083e-06
1.43466 1.82408 200 275 5.48694e-06
1.43541 1.82408 200 275 5.16318e-06
1.43616 1.82408 200 275 4.8698e-06
1.43691 1.82408 200 275 4.60117e-06
1.43766 1.82408 200 275 4.35738e-06
1.43841 1.82408 200 275 4.13644e-06
1.43916 1.82408 200 275 3.93634e-06
1.43991 1.82408 200 275 3.75521e-06
1.44066 1.82408 200 275 3.5913e-06
1.44141 1.82408 200 275 3.44297e-06
1.44216 1.82408 200 275 3.30876e-06
1.44291 1.82408 200 275 3.18734e-06
1.44366 1.82408 200 275 3.07752e-06
1.44441 1.82408 200 275 2.97824e-06
1.44516 1.82408 200 275 2.88856e-06
1.44591 1.82408 200 275 2.80763e-06
1.44666 1.82408 200 275 2.73469e-06
1.44741 1.82408 200 275 2.66911e-06
1.44816 1.82408 200 275 2.61027e-06
1.44891 1.82408 200 275 2.55766e-06
1.44966 1.82408 200 275 2.51081e-06
1.45041 1.82408 200 275 2.46931e-06
1.45116 1.82408 200 275 2.43279e-06
1.45191 1.82408 200 275 2.40093e-06
1.45266 1.82408 200 275 2.37346e-06
1.45341 1.82408 200 275 2.35014e-06
1.45416 1.82408 200 275 2.33079e-06
1.45491 1.82408 200 275 2.31529e-06
1.45566 1.82408 200 275 2.30359e-06
1.45641 1.82408 200 275 2.29569e-06
1.45716 1.82408 200 275 2.29174e-06
1.45791 1.82408 200 275 2.29197e-06
1.45866 1.82408 200 275 2.29671e-06
1.45941 1.82408 200 275 2.30635e-06
1.46016 1.82408 200 275 2.32132e-06
1.46091 1.82408 200 275 2.34199e-06
1.46166 1.82408 200 275 2.36858e-06
1.46241 1.82408 200 275 2.40104e-06
1.46316 1.82408 200 275 2.43911e-06
1.46391 1.82408 200 275 2.48232e-06
1.46466 1.82408 200 275 2.53014e-06
1.46541 1.82408 200 275 2.58212e-06
1.46616 1.82408 200 275 2.63806e-06
1.46691 1.82408 200 275 2.6979e-06
1.46766 1.82408 200 275 2.76187e-06
1.46841 1.82408 200 275 2.83034e-06
1.46916 1.82408 200 275 2.90389e-06
1.46991 1.82408 200 275 2.98313e-06
1.47066 1.82408 200 275 3.06873e-06
1.47141 1.82408 200 275 3.16142e-06
1.47216 1.82408 200 275 3.262e-06
1.47291 1.82408 200 275 3.37127e-06
1.47366 1.82408 200 275 3.49011e-06
1.47441 1.82408 200 275 3.61947e-06
1.47516 1.82408 200 275 3.76082e-06
1.47591 1.82408 200 275 3.91448e-06
1.47666 1.82408 200 275 4.0822e-06
1.47741 1.82408 200 275 4.26544e-06
1.47816 1.82408 200 275 4.46583e-06
1.47891 1.82408 200 275 4.68527e-06
1.47966 1.82408 200 275 4.92586e-06
1.48041 1.82408 200 275 5.18999e-06
1.48116 1.82408 200 275 5.48037e-06
1.48191 1.82408 200 275 5.80007e-06
1.48266 1.82408 200 275 6.1525e-06
1.48341 1.82408 200 275 6.54163e-06
1.48416 1.82408 200 275 6.97185e-06
1.48491 1.82408 200 275 7.44804e-06
1.48566 1.82408 200 275 7.97553e-06
1.48641 1.82408 200 275 8.56026e-06
1.48716 1.82408 200 275 9.20849e-06
1.48791 1.82408 200 275 9.92666e-06
1.48866 1.82408 200 275 1.07212e-05
1.48941 1.82408 200 275 1.15976e-05
1.49017 1.82408 200 275 1.25608e-05
1.49092 1.82408 200 275 1.36125e-05
1.49167 1.82408 200 275 1.47507e-05
1.49242 1.82408 200 275 1.59672e-05
1.49317 1.82408 200 275 1.72457e-05
1.49392 1.82408 200 275 1.85589e-05
1.49467 1.82408 200 275 1.9867e-05
1.49542 1.82408 200 275 2.1117e-05
1.49617 1.82408 200 275 2.22451e-05
1.49692 1.82408 200 275 2.31822e-05
1.49767 1.82408 200 275 2.38632e-05
1.49842 1.82408 200 275 2.42384e-05
1.49917 1.82408 200 275 2.42833e-05
1.49992 1.82408 200 275 2.40043e-05
1.50067 1.82408 200 275 2.34376e-05
1.50142 1.82408 200 275 2.26411e-05
1.50217 1.82408 200 275 2.16847e-05
1.50292 1.82408 200 275 2.06387e-05
1.50367 1.82408 200 275 1.95657e-05
1.50442 1.82408 200 275 1.85166e-05
1.50517 1.82408 200 275 1.75291e-05
1.50592 1.82408 200 275 1.66291e-05
1.50667 1.82408 200 275 1.58326e-05
1.50742 1.82408 200 275 1.51482e-05
1.50817 1.82408 200 275 1.458e-05
1.50892 1.82408 200 275 1.41283e-05
1.50967 1.82408 200 275 1.3792e-05
1.51042 1.82408 200 275 1.3569e-05
1.51117 1.82408 200 275 1.34566e-05
1.51192 1.82408 200 275 1.34525e-05
1.51267 1.82408 200 275 1.35535e-05
1.51342 1.82408 200 275 1.37563e-05
1.51417 1.82408 200 275 1.40562e-05
1.51492 1.82408 200 275 1.44464e-05
1.51567 1.82408 200 275 1.49169e-05
1.51642 1.82408 200 275 1.54528e-05
1.51717 1.82408 200 275 1.60334e-05
1.51792 1.82408 200 275 1.66309e-05
1.51867 1.82408 200 275 1.72101e-05
1.51942 1.82408 200 275 1.77297e-05
1.52017 1.82408 200 275 1.81451e-05
1.52092 1.82408 200 275 1.84137e-05
1.52167 1.82408 200 275 1.85008e-05
1.52242 1.82408 200 275 1.83853e-05
1.52317 1.82408 200 275 1.80637e-05
1.52392 1.82408 200 275 1.75509e-05
1.52467 1.82408 200 275 1.68764e-05
1.52542 1.82408 200 275 1.60792e-05
1.52617 1.82408 200 275 1.52014e-05
1.52692 1.82408 200 275 1.42826e-05
1.52767 1.82408 200 275 1.33569e-05
1.52842 1.82408 200 275 1.24505e-05
1.52917 1.82408 200 275 1.15822e-05
1.52992 1.82408 200 275 1.07641e-05
1.53067 1.82408 200 275 1.00031e-05
1.53142 1.82408 200 275 9.30149e-06
1.53217 1.82408 200 275 8.65976e-06
1.53292 1.82408 200 275 8.07454e-06
1.53367 1.82408 200 275 7.54332e-06
1.53442 1.82408 200 275 7.0623e-06
1.53517 1.82408 200 275 6.62744e-06
1.53592 1.82408 200 275 6.23484e-06
1.53667 1.82408 200 275 5.88064e-06
1.53742 1.82408 200 275 5.56132e-06
1.53817 1.82408 200 275 5.27369e-06
1.53892 1.82408 200 275 5.01488e-06
1.53967 1.82408 200 275 4.78231e-06
1.54042 1.82408 200 275 4.57372e-06
1.54117 1.82408 200 275 4.38715e-06
1.54192 1.82408 200 275 4.22093e-06
1.54267 1.82408 200 275 4.07361e-06
1.54342 1.82408 200 275 3.94403e-06
1.54417 1.82408 200 275 3.83116e-06
1.54492 1.82408 200 275 3.73423e-06
1.54567 1.82408 200 275 3.65267e-06
1.54642 1.82408 200 275 3.58607e-06
1.54717 1.82408 200 275 3.53404e-06
1.54792 1.82408 200 275 3.4965e-06
1.54867 1.82408 200 275 3.47335e-06
1.54942 1.82408 200 275 3.46461e-06
1.55018 1.82408 200 275 3.47029e-06
1.55093 1.82408 200 275 3.4903e-06
1.55168 1.82408 200 275 3.52438e-06
1.55243 1.82408 200 275 3.57196e-06
1.55318 1.82408 200 275 3.63197e-06
1.55393 1.82408 200 275 3.70262e-06
1.55468 1.82408 200 275 3.78123e-06
1.55543 1.82408 200 275 3.86396e-06
1.55618 1.82408 200 275 3.94586e-06
1.55693 1.82408 200 275 4.02085e-06
1.55768 1.82408 200 275 4.08217e-06
1.55843 1.82408 200 275 4.1231e-06
1.55918 1.82408 200 275 4.13759e-06
1.55993 1.82408 200 275 4.12156e-06
1.56068 1.82408 200 275 4.07341e-06
1.56143 1.82408 200 275 3.99432e-06
1.56218 1.82408 200 275 3.88806e-06
1.56293 1.82408 200 275 3.75995e-06
1.56368 1.82408 200 275 3.61636e-06
1.56443 1.82408 200 275 3.46364e-06
1.56518 1.82408 200 275 3.30737e-06
1.56593 1.82408 200 275 3.15217e-06
1.56668 1.82408 200 275 3.00146e-06
1.56743 1.82408 200 275 2.85762e-06
1.56818 1.82408 200 275 2.72213e-06
1.56893 1.82408 200 275 2.59572e-06
1.56968 1.82408 200 275 2.4786e-06
1.57043 1.82408 200 275 2.37066e-06
1.57118 1.82408 200 275 2.27145e-06
1.57193 1.82408 200 275 2.18053e-06
1.57268 1.82408 200 275 2.09724e-06
1.57343 1.82408 200 275 2.02104e-06
1.57418 1.82408 200 275 1.95125e-06
1.57493 1.82408 200 275 1.88732e-06
1.57568 1.82408 200 275 1.82869e-06
1.57643 1.82408 200 275 1.77486e-06
1.57718 1.82408 200 275 1.72541e-06
1.57793 1.82408 200 275 1.6799e-06
1.57868 1.82408 200 275 1.63784e-06
1.57943 1.82408 200 275 1.59893e-06
1.58018 1.82408 200 275 1.56285e-06
1.58093 1.82408 200 275 1.52928e-06
1.58168 1.82408 200 275 1.49798e-06
1.58243 1.82408 200 275 1.46863e-06
1.58318 1.82408 200 275 1.44098e-06
1.58393 1.82408 200 275 1.41482e-06
1.58468 1.82408 200 275 1.38988e-06
1.58543 1.82408 200 275 1.3659e-06
1.58618 1.82408 200 275 1.34268e-06
1.58693 1.82408 200 275 1.31995e-06
1.58768 1.82408 200 275 1.29747e-06
1.58843 1.82408 200 275 1.27508e-06
1.58918 1.82408 200 275 1.25237e-06
1.58993 1.82408 200 275 1.22916e-06
1.59068 1.82408 200 275 1.20522e-06
1.59143 1.82408 200 275 1.18038e-06
1.59218 1.82408 200 275 1.15444e-06
1.59293 1.82408 200 275 1.12711e-06
1.59368 1.82408 200 275 1.09907e-06
1.59443 1.82408 200 275 1.07037e-06
1.59518 1.82408 200 275 1.04155e-06
1.59593 1.82408 200 275 1.01366e-06
1.59668 1.82408 200 275 9.88113e-07
1.59743 1.82408 200 275 9.66761e-07
1.59818 1.82408 200 275 9.51806e-07
1.59893 1.82408 200 275 9.45598e-07
1.59968 1.82408 200 275 9.50329e-07
1.60043 1.82408 200 275 9.67394e-07
1.60118 1.82408 200 275 9.97222e-07
1.60193 1.82408 200 275 1.03883e-06
1.60268 1.82408 200 275 1.08962e-06
1.60343 1.82408 200 275 1.14597e-06
1.60418 1.82408 200 275 1.20382e-06
1.60493 1.82408 200 275 1.25927e-06
1.60568 1.82408 200 275 1.3093e-06
1.60643 1.82408 200 275 1.35174e-06
1.60718 1.82408 200 275 1.38606e-06
1.60793 1.82408 200 275 1.41281e-06
1.60868 1.82408 200 275 1.43565e-06
1.60943 1.82408 200 275 1.45332e-06
1.61019 1.82408 200 275 1.47016e-06
1.61094 1.82408 200 275 1.4897e-06
1.61169 1.82408 200 275 1.51606e-06
1.61244 1.82408 200 275 1.55366e-06
1.61319 1.82408 200 275 1.60599e-06
1.61394 1.82408 200 275 1.67662e-06
1.61469 1.82408 200 275 1.76727e-06
1.61544 1.82408 200 275 1.87798e-06
1.61619 1.82408 200 275 2.007e-06
1.61694 1.82408 200 275 2.1507e-06
1.61769 1.82408 200 275 2.30434e-06
1.61844 1.82408 200 275 2.46326e-06
1.61919 1.82408 200 275 2.62347e-06
1.61994 1.82408 200 275 2.78242e-06
1.62069 1.82408 200 275 2.93889e-06
1.62144 1.82408 200 275 3.09388e-06
1.62219 1.82408 200 275 3.24954e-06
1.62294 1.82408 200 275 3.408e-06
1.62369 1.82408 200 275 3.57202e-06
1.62444 1.82408 200 275 3.74504e-06
1.62519 1.82408 200 275 3.92992e-06
1.62594 1.82408 200 275 4.12962e-06
1.62669 1.82408 200 275 4.34716e-06
1.62744 1.82408 200 275 4.5853e-06
1.62819 1.82408 200 275 4.84698e-06
1.62894 1.82408 200 275 5.13503e-06
1.62969 1.82408 200 275 5.4523e-06
1.63044 1.82408 200 275 5.80171e-06
1.63119 1.82408 200 275 6.1861e-06
1.63194 1.82408 200 275 6.60815e-06
1.63269 1.82408 200 275 7.07035e-06
1.63344 1.82408 200 275 7.57449e-06
1.63419 1.82408 200 275 8.12145e-06
1.63494 1.82408 200 275 8.71082e-06
1.63569 1.82408 200 275 9.34007e-06
1.63644 1.82408 200 275 1.00038e-05
1.63719 1.82408 200 275 1.06933e-05
1.63794 1.82408 200 275 1.1395e-05
1.63869 1.82408 200 275 1.20909e-05
1.63944 1.82408 200 275 1.27575e-05
1.64019 1.82408 200 275 1.33672e-05
1.64094 1.82408 200 275 1.38896e-05
1.64169 1.82408 200 275 1.42945e-05
1.64244 1.82408 200 275 1.45556e-05
1.64319 1.82408 200 275 1.46544e-05
1.64394 1.82408 200 275 1.45828e-05
1.64469 1.82408 200 275 1.4345e-05
1.64544 1.82408 200 275 1.39566e-05
1.64619 1.82408 200 275 1.34422e-05
1.64694 1.82408 200 275 1.28313e-05
1.64769 1.82408 200 275 1.21553e-05
1.64844 1.82408 200 275 1.14433e-05
1.64919 1.82408 200 275 1.07212e-05
1.64994 1.82408 200 275 1.00092e-05
1.65069 1.82408 200 275 9.3228e-06
1.65144 1.82408 200 275 8.67273e-06
1.65219 1.82408 200 275 8.06566e-06
1.65294 1.82408 200 275 7.50488e-06
1.65369 1.82408 200 275 6.99101e-06
1.65444 1.82408 200 275 6.52262e-06
1.65519 1.82408 200 275 6.09688e-06
1.65594 1.82408 200 275 5.7099e-06
1.65669 1.82408 200 275 5.35759e-06
1.65744 1.82408 200 275 5.03582e-06
1.65819 1.82408 200 275 4.7409e-06
1.65894 1.82408 200 275 4.46954e-06
1.65969 1.82408 200 275 4.21901e-06
1.66044 1.82408 200 275 3.98767e-06
1.66119 1.82408 200 275 3.77351e-06
1.66194 1.82408 200 275 3.57512e-06
1.66269 1.82408 200 275 3.39137e-06
1.66344 1.82408 200 275 3.22126e-06
1.66419 1.82408 200 275 3.06387e-06
1.66494 1.82408 200 275 2.91827e-06
1.66569 1.82408 200 275 2.78368e-06
1.66644 1.82408 200 275 2.65925e-06
1.66719 1.82408 200 275 2.54425e-06
1.66794 1.82408 200 275 2.43799e-06
1.66869 1.82408 200 275 2.33978e-06
1.66944 1.82408 200 275 2.24903e-06
1.6702 1.82408 200 275 2.16515e-06
1.67095 1.82408 200 275 2.08763e-06
1.6717 1.82408 200 275 2.01594e-06
1.67245 1.82408 200 275 1.94969e-06
1.6732 1.82408 200 275 1.88845e-06
1.67395 1.82408 200 275 1.83187e-06
1.6747 1.82408 200 275 1.77965e-06
1.67545 1.82408 200 275 1.73218e-06
1.6762 1.82408 200 275 1.68772e-06
1.67695 1.82408 200 275 1.6468e-06
1.6777 1.82408 200 275 1.60921e-06
1.67845 1.82408 200 275 1.57474e-06
1.6792 1.82408 200 275 1.54324e-06
1.67995 1.82408 200 275 1.51457e-06
1.6807 1.82408 200 275 1.48857e-06
1.68145 1.82408 200 275 1.46516e-06
1.6822 1.82408 200 275 1.44423e-06
1.68295 1.82408 200 275 1.4257e-06
1.6837 1.82408 200 275 1.40951e-06
1.68445 1.82408 200 275 1.39561e-06
1.6852 1.82408 200 275 1.38396e-06
1.68595 1.82408 200 275 1.37454e-06
1.6867 1.82408 200 275 1.36734e-06
1.68745 1.82408 200 275 1.36238e-06
1.6882 1.82408 200 275 1.35967e-06
1.68895 1.82408 200 275 1.35924e-06
1.6897 1.82408 200 275 1.36117e-06
1.69045 1.82408 200 275 1.36548e-06
1.6912 1.82408 200 275 1.37228e-06
1.69195 1.82408 200 275 1.38167e-06
1.6927 1.82408 200 275 1.39376e-06
1.69345 1.82408 200 275 1.40869e-06
1.6942 1.82408 200 275 1.42662e-06
1.69495 1.82408 200 275 1.44773e-06
1.6957 1.82408 200 275 1.47221e-06
1.69645 1.82408 200 275 1.50028e-06
1.6972 1.82408 200 275 1.5322e-06
1.69795 1.82408 200 275 1.5682e-06
1.6987 1.82408 200 275 1.60858e-06
1.69945 1.82408 200 275 1.65366e-06
1.7002 1.82408 200 275 1.70376e-06
1.70095 1.82408 200 275 1.75927e-06
1.7017 1.82408 200 275 1.82059e-06
1.70245 1.82408 200 275 1.88817e-06
1.7032 1.82408 200 275 1.96255e-06
1.70395 1.82408 200 275 2.04426e-06
1.7047 1.82408 200 275 2.13387e-06
1.70545 1.82408 200 275 2.23193e-06
1.7062 1.82408 200 275 2.33899e-06
1.70695 1.82408 200 275 2.45542e-06
1.7077 1.82408 200 275 2.58144e-06
1.70845 1.82408 200 275 2.71691e-06
1.7092 1.82408 200 275 2.8613e-06
1.70995 1.82408 200 275 3.0135e-06
1.7107 1.82408 200 275 3.17168e-06
1.71145 1.82408 200 275 3.33316e-06
1.7122 1.82408 200 275 3.49426e-06
1.71295 1.82408 200 275 3.65035e-06
1.7137 1.82408 200 275 3.79587e-06
1.71445 1.82408 200 275 3.92468e-06
1.7152 1.82408 200 275 4.03047e-06
1.71595 1.82408 200 275 4.1074e-06
1.7167 1.82408 200 275 4.15078e-06
1.71745 1.82408 200 275 4.15772e-06
1.7182 1.82408 200 275 4.12758e-06
1.71895 1.82408 200 275 4.062e-06
1.7197 1.82408 200 275 3.96467e-06
1.72045 1.82408 200 275 3.84079e-06
1.7212 1.82408 200 275 3.6965e-06
1.72195 1.82408 200 275 3.53801e-06
1.7227 1.82408 200 275 3.37125e-06
1.72345 1.82408 200 275 3.20134e-06
1.7242 1.82408 200 275 3.03243e-06
1.72495 1.82408 200 275 2.86776e-06
1.7257 1.82408 200 275 2.70962e-06
1.72645 1.82408 200 275 2.55952e-06
1.7272 1.82408 200 275 2.4183e-06
1.72795 1.82408 200 275 2.28633e-06
1.7287 1.82408 200 275 2.16365e-06
1.72945 1.82408 200 275 2.04997e-06
1.73021 1.82408 200 275 1.94488e-06
1.73096 1.82408 200 275 1.84782e-06
1.73171 1.82408 200 275 1.75826e-06
1.73246 1.82408 200 275 1.67552e-06
1.73321 1.82408 200 275 1.59902e-06
1.73396 1.82408 200 275 1.52815e-06
1.73471 1.82408 200 275 1.46233e-06
1.73546 1.82408 200 275 1.40101e-06
1.73621 1.82408 200 275 1.34366e-06
1.73696 1.82408 200 275 1.28974e-06
1.73771 1.82408 200 275 1.23881e-06
1.73846 1.82408 200 275 1.19041e-06
1.73921 1.82408 200 275 1.14409e-06
1.73996 1.82408 200 275 1.09939e-06
1.74071 1.82408 200 275 1.05591e-06
1.74146 1.82408 200 275 1.01327e-06
1.74221 1.82408 200 275 9.71044e-07
1.74296 1.82408 200 275 9.28837e-07
1.74371 1.82408 200 275 8.8631e-07
1.74446 1.82408 200 275 8.4312e-07
1.74521 1.82408 200 275 7.98993e-07
1.74596 1.82408 200 275 7.53714e-07
1.74671 1.82408 200 275 7.0719e-07
1.74746 1.82408 200 275 6.59456e-07
1.74821 1.82408 200 275 6.06547e-07
1.74896 1.82408 200 275 5.57159e-07
1.74971 1.82408 200 275 5.08565e-07
1.75046 1.82408 200 275 4.62089e-07
1.75121 1.82408 200 275 4.20024e-07
1.75196 1.82408 200 275 3.84808e-07
1.75271 1.82408 200 275 3.5921e-07
1.75346 1.82408 200 275 3.4617e-07
1.75421 1.82408 200 275 3.48275e-07
1.75496 1.82408 200 275 3.6738e-07
1.75571 1.82408 200 275 4.03915e-07
1.75646 1.82408 200 275 4.57123e-07
1.75721 1.82408 200 275 5.24133e-07
1.75796 1.82408 200 275 6.00853e-07
1.75871 1.82408 200 275 6.82573e-07
1.75946 1.82408 200 275 7.64345e-07
1.76021 1.82408 200 275 8.41801e-07
1.76096 1.82408 200 275 9.11752e-07
1.76171 1.82408 200 275 9.72303e-07
1.76246 1.82408 200 275 1.02257e-06
1.76321 1.82408 200 275 1.06289e-06
1.76396 1.82408 200 275 1.0941e-06
1.76471 1.82408 200 275 1.11751e-06
1.76546 1.82408 200 275 1.13455e-06
1.76621 1.82408 200 275 1.14665e-06
1.76696 1.82408 200 275 1.15513e-06
1.76771 1.82408 200 275 1.16111e-06
1.76846 1.82408 200 275 1.16557e-06
1.76921 1.82408 200 275 1.16926e-06
1.76996 1.82408 200 275 1.17282e-06
1.77071 1.82408 200 275 1.1767e-06
1.77146 1.82408 200 275 1.18131e-06
1.77221 1.82408 200 275 1.18689e-06
1.77296 1.82408 200 275 1.19368e-06
1.77371 1.82408 200 275 1.20184e-06
1.77446 1.82408 200 275 1.21151e-06
1.77521 1.82408 200 275 1.2228e-06
1.77596 1.82408 200 275 1.2358e-06
1.77671 1.82408 200 275 1.25059e-06
1.77746 1.82408 200 275 1.26725e-06
1.77821 1.82408 200 275 1.28588e-06
1.77896 1.82408 200 275 1.30653e-06
1.77971 1.82408 200 275 1.3293e-06
1.78046 1.82408 200 275 1.3543e-06
1.78121 1.82408 200 275 1.38164e-06
1.78196 1.82408 200 275 1.41146e-06
1.78271 1.82408 200 275 1.4439e-06
1.78346 1.82408 200 275 1.4791e-06
1.78421 1.82408 200 275 1.51726e-06
1.78496 1.82408 200 275 1.55858e-06
1.78571 1.82408 200 275 1.60329e-06
1.78646 1.82408 200 275 1.65165e-06
1.78721 1.82408 200 275 1.70394e-06
1.78796 1.82408 200 275 1.76049e-06
1.78871 1.82408 200 275 1.82165e-06
1.78946 1.82408 200 275 1.88782e-06
1.79022 1.82408 200 275 1.95945e-06
1.79097 1.82408 200 275 2.03704e-06
1.79172 1.82408 200 275 2.12113e-06
1.79247 1.82408 200 275 2.21234e-06
1.79322 1.82408 200 275 2.31134e-06
1.79397 1.82408 200 275 2.41889e-06
1.79472 1.82408 200 275 2.53578e-06
1.79547 1.82408 200 275 2.6629e-06
1.79622 1.82408 200 275 2.80124e-06
1.79697 1.82408 200 275 2.9518e-06
1.79772 1.82408 200 275 3.11567e-06
1.79847 1.82408 200 275 3.29397e-06
1.79922 1.82408 200 275 3.48781e-06
1.79997 1.82408 200 275 3.69827e-06
1.80072 1.82408 200 275 3.92628e-06
1.80147 1.82408 200 275 4.17256e-06
1.80222 1.82408 200 275 4.43747e-06
1.80297 1.82408 200 275 4.72081e-06
1.80372 1.82408 200 275 5.02163e-06
1.80447 1.82408 200 275 5.33792e-06
1.80522 1.82408 200 275 5.6664e-06
1.80597 1.82408 200 275 6.00213e-06
1.80672 1.82408 200 275 6.3384e-06
1.80747 1.82408 200 275 6.66659e-06
1.80822 1.82408 200 275 6.97638e-06
1.80897 1.82408 200 275 7.25622e-06
1.80972 1.82408 200 275 7.4942e-06
1.81047 1.82408 200 275 7.67955e-06
1.81122 1.82408 200 275 7.80287e-06
1.81197 1.82408 200 275 7.85883e-06
1.81272 1.82408 200 275 7.84622e-06
1.81347 1.82408 200 275 7.76827e-06
1.81422 1.82408 200 275 7.63219e-06
1.81497 1.82408 200 275 7.44821e-06
1.81572 1.82408 200 275 7.22819e-06
1.81647 1.82408 200 275 6.9842e-06
1.81722 1.82408 200 275 6.72771e-06
1.81797 1.82408 200 275 6.46852e-06
1.81872 1.82408 200 275 6.21455e-06
1.81947 1.82408 200 275 5.97175e-06
1.82022 1.82408 200 275 5.74398e-06
1.82097 1.82408 200 275 5.53353e-06
1.82172 1.82408 200 275 5.34115e-06
1.82247 1.82408 200 275 5.16642e-06
1.82322 1.82408 200 275 5.00799e-06
1.82397 1.82408 200 275 4.86392e-06
1.82472 1.82408 200 275 4.73184e-06
1.82547 1.82408 200 275 4.60929e-06
1.82622 1.82408 200 275 4.49391e-06
1.82697 1.82408 200 275 4.38374e-06
1.82772 1.82408 200 275 4.27672e-06
1.82847 1.82408 200 275 4.17318e-06
1.82922 1.82408 200 275 4.07233e-06
1.82997 1.82408 200 275 3.97452e-06
1.83072 1.82408 200 275 3.88043e-06
1.83147 1.82408 200 275 3.79105e-06
1.83222 1.82408 200 275 3.70739e-06
1.83297 1.82408 200 275 3.63047e-06
1.83372 1.82408 200 275 3.56113e-06
1.83447 1.82408 200 275 3.50009e-06
1.83522 1.82408 200 275 3.44787e-06
1.83597 1.82408 200 275 3.40482e-06
1.83672 1.82408 200 275 3.37118e-06
1.83747 1.82408 200 275 3.34707e-06
1.83822 1.82408 200 275 3.33257e-06
1.83897 1.82408 200 275 3.32768e-06
1.83972 1.82408 200 275 3.33244e-06
1.84047 1.82408 200 275 3.34686e-06
1.84122 1.82408 200 275 3.37098e-06
1.84197 1.82408 200 275 3.40492e-06
1.84272 1.82408 200 275 3.44881e-06
1.84347 1.82408 200 275 3.50285e-06
1.84422 1.82408 200 275 3.56732e-06
1.84497 1.82408 200 275 3.6426e-06
1.84572 1.82408 200 275 3.72912e-06
1.84647 1.82408 200 275 3.82739e-06
1.84722 1.82408 200 275 3.93805e-06
1.84797 1.82408 200 275 4.06183e-06
1.84872 1.82408 200 275 4.19958e-06
1.84947 1.82408 200 275 4.35225e-06
1.85023 1.82408 200 275 4.52096e-06
1.85098 1.82408 200 275 4.70694e-06
1.85173 1.82408 200 275 4.91158e-06
1.85248 1.82408 200 275 5.13645e-06
1.85323 1.82408 200 275 5.38324e-06
1.85398 1.82408 200 275 5.65389e-06
1.85473 1.82408 200 275 5.95047e-06
1.85548 1.82408 200 275 6.27522e-06
1.85623 1.82408 200 275 6.63057e-06
1.85698 1.82408 200 275 7.01908e-06
1.85773 1.82408 200 275 7.4434e-06
1.85848 1.82408 200 275 7.90616e-06
1.85923 1.82408 200 275 8.40996e-06
1.85998 1.82408 200 275 8.95709e-06
1.86073 1.82408 200 275 9.54938e-06
1.86148 1.82408 200 275 1.0188e-05
1.86223 1.82408 200 275 1.08729e-05
1.86298 1.82408 200 275 1.16023e-05
1.86373 1.82408 200 275 1.23723e-05
1.86448 1.82408 200 275 1.31762e-05
1.86523 1.82408 200 275 1.40038e-05
1.86598 1.82408 200 275 1.48406e-05
1.86673 1.82408 200 275 1.5668e-05
1.86748 1.82408 200 275 1.64628e-05
1.86823 1.82408 200 275 1.71982e-05
1.86898 1.82408 200 275 1.7845e-05
1.86973 1.82408 200 275 1.83741e-05
1.87048 1.82408 200 275 1.87589e-05
1.87123 1.82408 200 275 1.89784e-05
1.87198 1.82408 200 275 1.90201e-05
1.87273 1.82408 200 275 1.88812e-05
1.87348 1.82408 200 275 1.85691e-05
1.87423 1.82408 200 275 1.81007e-05
1.87498 1.82408 200 275 1.74997e-05
1.87573 1.82408 200 275 1.67943e-05
1.87648 1.82408 200 275 1.60138e-05
1.87723 1.82408 200 275 1.51865e-05
1.87798 1.82408 200 275 1.43375e-05
1.87873 1.82408 200 275 1.34881e-05
1.87948 1.82408 200 275 1.26548e-05
1.88023 1.82408 200 275 1.18502e-05
1.88098 1.82408 200 275 1.10828e-05
1.88173 1.82408 200 275 1.03581e-05
1.88248 1.82408 200 275 9.67882e-06
1.88323 1.82408 200 275 9.04583e-06
1.88398 1.82408 200 275 8.45863e-06
1.88473 1.82408 200 275 7.91572e-06
1.88548 1.82408 200 275 7.41496e-06
1.88623 1.82408 200 275 6.95383e-06
1.88698 1.82408 200 275 6.52964e-06
1.88773 1.82408 200 275 6.13964e-06
1.88848 1.82408 200 275 5.78115e-06
1.88923 1.82408 200 275 5.45158e-06
1.88998 1.82408 200 275 5.14849e-06
1.89073 1.82408 200 275 4.86963e-06
1.89148 1.82408 200 275 4.61289e-06
1.89223 1.82408 200 275 4.37629e-06
1.89298 1.82408 200 275 4.15812e-06
1.89373 1.82408 200 275 3.95676e-06
1.89448 1.82408 200 275 3.77076e-06
1.89523 1.82408 200 275 3.59881e-06
1.89598 1.82408 200 275 3.43976e-06
1.89673 1.82408 200 275 3.2925e-06
1.89748 1.82408 200 275 3.15603e-06
1.89823 1.82408 200 275 3.02953e-06
1.89898 1.82408 200 275 2.91221e-06
1.89973 1.82408 200 275 2.80334e-06
1.90048 1.82408 200 275 2.70227e-06
1.90123 1.82408 200 275 2.60848e-06
1.90198 1.82408 200 275 2.5214e-06
1.90273 1.82408 200 275 2.44058e-06
1.90348 1.82408 200 275 2.36563e-06
1.90423 1.82408 200 275 2.29614e-06
1.90498 1.82408 200 275 2.23172e-06
1.90573 1.82408 200 275 2.17203e-06
1.90648 1.82408 200 275 2.11677e-06
1.90723 1.82408 200 275 2.06563e-06
1.90798 1.82408 200 275 2.01827e-06
1.90873 1.82408 200 275 1.97438e-06
1.90948 1.82408 200 275 1.9336e-06
1.91024 1.82408 200 275 1.89558e-06
1.91099 1.82408 200 275 1.85986e-06
1.91174 1.82408 200 275 1.826e-06
1.91249 1.82408 200 275 1.79352e-06
1.91324 1.82408 200 275 1.76189e-06
1.91399 1.82408 200 275 1.73061e-06
1.91474 1.82408 200 275 1.69907e-06
1.91549 1.82408 200 275 1.66707e-06
1.91624 1.82408 200 275 1.63417e-06
1.91699 1.82408 200 275 1.60023e-06
1.91774 1.82408 200 275 1.56522e-06
1.91849 1.82408 200 275 1.52932e-06
1.91924 1.82408 200 275 1.49288e-06
1.91999 1.82408 200 275 1.45638e-06
1.92074 1.82408 200 275 1.42049e-06
1.92149 1.82408 200 275 1.38588e-06
1.92224 1.82408 200 275 1.3533e-06
1.92299 1.82408 200 275 1.32355e-06
1.92374 1.82408 200 275 1.29738e-06
1.92449 1.82408 200 275 1.27539e-06
1.92524 1.82408 200 275 1.25804e-06
1.92599 1.82408 200 275 1.24549e-06
1.92674 1.82408 200 275 1.23763e-06
1.92749 1.82408 200 275 1.23404e-06
1.92824 1.82408 200 275 1.23401e-06
1.92899 1.82408 200 275 1.23667e-06
1.92974 1.82408 200 275 1.241e-06
1.93049 1.82408 200 275 1.24619e-06
1.93124 1.82408 200 275 1.25142e-06
1.93199 1.82408 200 275 1.25614e-06
1.93274 1.82408 200 275 1.26006e-06
1.93349 1.82408 200 275 1.26301e-06
1.93424 1.82408 200 275 1.26503e-06
1.93499 1.82408 200 275 1.26633e-06
1.93574 1.82408 200 275 1.26716e-06
1.93649 1.82408 200 275 1.2678e-06
1.93724 1.82408 200 275 1.26852e-06
1.93799 1.82408 200 275 1.26958e-06
1.93874 1.82408 200 275 1.27121e-06
1.93949 1.82408 200 275 1.27361e-06
1.94024 1.82408 200 275 1.27696e-06
1.94099 1.82408 200 275 1.2814e-06
1.94174 1.82408 200 275 1.28705e-06
1.94249 1.82408 200 275 1.29402e-06
1.94324 1.82408 200 275 1.30239e-06
1.94399 1.82408 200 275 1.31225e-06
1.94474 1.82408 200 275 1.32369e-06
1.94549 1.82408 200 275 1.33674e-06
1.94624 1.82408 200 275 1.35153e-06
1.94699 1.82408 200 275 1.36809e-06
1.94774 1.82408 200 275 1.38654e-06
1.94849 1.82408 200 275 1.40696e-06
1.94924 1.82408 200 275 1.42941e-06
1.94999 1.82408 200 275 1.45404e-06
1.95074 1.82408 200 275 1.48096e-06
1.95149 1.82408 200 275 1.51029e-06
1.95224 1.82408 200 275 1.54215e-06
1.95299 1.82408 200 275 1.57674e-06
1.95374 1.82408 200 275 1.61422e-06
1.95449 1.82408 200 275 1.65475e-06
1.95524 1.82408 200 275 1.69855e-06
1.95599 1.82408 200 275 1.74586e-06
1.95674 1.82408 200 275 1.79687e-06
1.95749 1.82408 200 275 1.85189e-06
1.95824 1.82408 200 275 1.91119e-06
1.95899 1.82408 200 275 1.97505e-06
1.95974 1.82408 200 275 2.04377e-06
1.96049 1.82408 200 275 2.1177e-06
1.96124 1.82408 200 275 2.19717e-06
1.96199 1.82408 200 275 2.28257e-06
1.96274 1.82408 200 275 2.37415e-06
1.96349 1.82408 200 275 2.4723e-06
1.96424 1.82408 200 275 2.57734e-06
1.96499 1.82408 200 275 2.68958e-06
1.96574 1.82408 200 275 2.80926e-06
1.96649 1.82408 200 275 2.93664e-06
1.96724 1.82408 200 275 3.07193e-06
1.96799 1.82408 200 275 3.21531e-06
1.96874 1.82408 200 275 3.36697e-06
1.96949 1.82408 200 275 3.52715e-06
1.97025 1.82408 200 275 3.69614e-06
1.971 1.82408 200 275 3.87449e-06
1.97175 1.82408 200 275 4.06288e-06
1.9725 1.82408 200 275 4.26223e-06
1.97325 1.82408 200 275 4.47372e-06
1.974 1.82408 200 275 4.69892e-06
1.97475 1.82408 200 275 4.93941e-06
1.9755 1.82408 200 275 5.19676e-06
1.97625 1.82408 200 275 5.47229e-06
1.977 1.82408 200 275 5.76672e-06
1.97775 1.82408 200 275 6.07965e-06
1.9785 1.82408 200 275 6.4094e-06
1.97925 1.82408 200 275 6.7524e-06
1.98 1.82408 200 275 7.10298e-06
1.98075 1.82408 200 275 7.4532e-06
1.9815 1.82408 200 275 7.79304e-06
1.98225 1.82408 200 275 8.1108e-06
1.983 1.82408 200 275 8.3938e-06
1.98375 1.82408 200 275 8.62954e-06
1.9845 1.82408 200 275 8.80662e-06
1.98525 1.82408 200 275 8.91621e-06
1.986 1.82408 200 275 8.95275e-06
1.98675 1.82408 200 275 8.91452e-06
1.9875 1.82408 200 275 8.80386e-06
1.98825 1.82408 200 275 8.62669e-06
1.989 1.82408 200 275 8.39177e-06
1.98975 1.82408 200 275 8.10976e-06
1.9905 1.82408 200 275 7.79191e-06
1.99125 1.82408 200 275 7.44963e-06
1.992 1.82408 200 275 7.09285e-06
1.99275 1.82408 200 275 6.7307e-06
1.9935 1.82408 200 275 6.37056e-06
1.99425 1.82408 200 275 6.0182e-06
1.995 1.82408 200 275 5.67791e-06
1.99575 1.82408 200 275 5.35267e-06
1.9965 1.82408 200 275 5.04435e-06
1.99725 1.82408 200 275 4.75402e-06
1.998 1.82408 200 275 4.48194e-06
1.99875 1.82408 200 275 4.22802e-06
1.9995 1.82408 200 275 3.99175e-06
2.00025 1.82408 200 275 3.77238e-06
2.001 1.82408 200 275 3.56903e-06
2.00175 1.82408 200 275 3.38074e-06
2.0025 1.82408 200 275 3.2065e-06
2.00325 1.82408 200 275 3.04532e-06
2.004 1.82408 200 275 2.89621e-06
2.00475 1.82408 200 275 2.75825e-06
2.0055 1.82408 200 275 2.63056e-06
2.00625 1.82408 200 275 2.5123e-06
2.007 1.82408 200 275 2.4027e-06
2.00775 1.82408 200 275 2.30106e-06
2.0085 1.82408 200 275 2.20671e-06
2.00925 1.82408 200 275 2.11907e-06
2.01 1.82408 200 275 2.03758e-06
2.01075 1.82408 200 275 1.96235e-06
2.0115 1.82408 200 275 1.89163e-06
2.01225 1.82408 200 275 1.82567e-06
2.013 1.82408 200 275 1.76411e-06
2.01375 1.82408 200 275 1.70658e-06
2.0145 1.82408 200 275 1.65278e-06
2.01525 1.82408 200 275 1.60242e-06
2.016 1.82408 200 275 1.55523e-06
2.01675 1.82408 200 275 1.51098e-06
2.0175 1.82408 200 275 1.46945e-06
2.01825 1.82408 200 275 1.43044e-06
2.019 1.82408 200 275 1.39379e-06
2.01975 1.82408 200 275 1.35933e-06
2.0205 1.82408 200 275 1.32693e-06
2.02125 1.82408 200 275 1.29647e-06
2.022 1.82408 200 275 1.26788e-06
2.02275 1.82408 200 275 1.2411e-06
2.0235 1.82408 200 275 1.21609e-06
2.02425 1.82408 200 275 1.19284e-06
2.025 1.82408 200 275 1.17137e-06
2.02575 1.82408 200 275 1.15172e-06
2.0265 1.82408 200 275 1.13395e-06
2.02725 1.82408 200 275 1.1181e-06
2.028 1.82408 200 275 1.1042e-06
2.02875 1.82408 200 275 1.09227e-06
2.0295 1.82408 200 275 1.08229e-06
2.03026 1.82408 200 275 1.07415e-06
2.03101 1.82408 200 275 1.06771e-06
2.03176 1.82408 200 275 1.06274e-06
2.03251 1.82408 200 275 1.05906e-06
2.03326 1.82408 200 275 1.05639e-06
2.03401 1.82408 200 275 1.05454e-06
2.03476 1.82408 200 275 1.05328e-06
2.03551 1.82408 200 275 1.05249e-06
2.03626 1.82408 200 275 1.05204e-06
2.03701 1.82408 200 275 1.05187e-06
2.03776 1.82408 200 275 1.05196e-06
2.03851 1.82408 200 275 1.0523e-06
2.03926 1.82408 200 275 1.05293e-06
2.04001 1.82408 200 275 1.05388e-06
2.04076 1.82408 200 275 1.05519e-06
2.04151 1.82408 200 275 1.0569e-06
2.04226 1.82408 200 275 1.05905e-06
2.04301 1.82408 200 275 1.06167e-06
2.04376 1.82408 200 275 1.06482e-06
2.04451 1.82408 200 275 1.06854e-06
2.04526 1.82408 200 275 1.07288e-06
2.04601 1.82408 200 275 1.07791e-06
2.04676 1.82408 200 275 1.08373e-06
2.04751 1.82408 200 275 1.09046e-06
2.04826 1.82408 200 275 1.09826e-06
2.04901 1.82408 200 275 1.10734e-06
2.04976 1.82408 200 275 1.118e-06
2.05051 1.82408 200 275 1.13056e-06
2.05126 1.82408 200 275 1.14548e-06
2.05201 1.82408 200 275 1.16327e-06
2.05276 1.82408 200 275 1.1845e-06
2.05351 1.82408 200 275 1.20979e-06
2.05426 1.82408 200 275 1.23979e-06
2.05501 1.82408 200 275 1.27507e-06
2.05576 1.82408 200 275 1.31614e-06
2.05651 1.82408 200 275 1.36331e-06
2.05726 1.82408 200 275 1.41674e-06
2.05801 1.82408 200 275 1.47637e-06
2.05876 1.82408 200 275 1.54189e-06
2.05951 1.82408 200 275 1.61289e-06
2.06026 1.82408 200 275 1.68886e-06
2.06101 1.82408 200 275 1.76932e-06
2.06176 1.82408 200 275 1.85387e-06
2.06251 1.82408 200 275 1.94228e-06
2.06326 1.82408 200 275 2.03448e-06
2.06401 1.82408 200 275 2.1306e-06
2.06476 1.82408 200 275 2.23092e-06
2.06551 1.82408 200 275 2.33585e-06
2.06626 1.82408 200 275 2.44587e-06
2.06701 1.82408 200 275 2.56147e-06
2.06776 1.82408 200 275 2.68312e-06
2.06851 1.82408 200 275 2.81116e-06
2.06926 1.82408 200 275 2.94581e-06
2.07001 1.82408 200 275 3.08708e-06
2.07076 1.82408 200 275 3.23468e-06
2.07151 1.82408 200 275 3.38801e-06
2.07226 1.82408 200 275 3.54606e-06
2.07301 1.82408 200 275 3.7073e-06
2.07376 1.82408 200 275 3.86973e-06
2.07451 1.82408 200 275 4.03074e-06
2.07526 1.82408 200 275 4.18721e-06
2.07601 1.82408 200 275 4.3355e-06
2.07676 1.82408 200 275 4.47165e-06
2.07751 1.82408 200 275 4.59148e-06
2.07826 1.82408 200 275 4.69098e-06
2.07901 1.82408 200 275 4.76654e-06
2.07976 1.82408 200 275 4.81529e-06
2.08051 1.82408 200 275 4.83543e-06
2.08126 1.82408 200 275 4.82638e-06
2.08201 1.82408 200 275 4.78885e-06
2.08276 1.82408 200 275 4.72479e-06
2.08351 1.82408 200 275 4.6372e-06
2.08426 1.82408 200 275 4.52981e-06
2.08501 1.82408 200 275 4.40679e-06
2.08576 1.82408 200 275 4.2724e-06
2.08651 1.82408 200 275 4.13075e-06
2.08726 1.82408 200 275 3.98561e-06
2.08801 1.82408 200 275 3.8402e-06
2.08876 1.82408 200 275 3.69724e-06
2.08951 1.82408 200 275 3.5589e-06
2.09027 1.82408 200 275 3.42682e-06
2.09102 1.82408 200 275 3.30221e-06
2.09177 1.82408 200 275 3.18587e-06
2.09252 1.82408 200 275 3.07831e-06
2.09327 1.82408 200 275 2.97981e-06
2.09402 1.82408 200 275 2.89039e-06
2.09477 1.82408 200 275 2.81004e-06
2.09552 1.82408 200 275 2.7386e-06
2.09627 1.82408 200 275 2.67584e-06
2.09702 1.82408 200 275 2.62157e-06
2.09777 1.82408 200 275 2.57553e-06
2.09852 1.82408 200 275 2.53749e-06
2.09927 1.82408 200 275 2.50722e-06
2.10002 1.82408 200 275 2.48453e-06
2.10077 1.82408 200 275 2.46925e-06
2.10152 1.82408 200 275 2.46127e-06
2.10227 1.82408 200 275 2.46049e-06
2.10302 1.82408 200 275 2.46686e-06
2.10377 1.82408 200 275 2.48035e-06
2.10452 1.82408 200 275 2.50104e-06
2.10527 1.82408 200 275 2.52899e-06
2.10602 1.82408 200 275 2.5643e-06
2.10677 1.82408 200 275 2.60714e-06
2.10752 1.82408 200 275 2.65768e-06
2.10827 1.82408 200 275 2.71617e-06
2.10902 1.82408 200 275 2.78284e-06
2.10977 1.82408 200 275 2.85797e-06
2.11052 1.82408 200 275 2.94186e-06
2.11127 1.82408 200 275 3.0348e-06
2.11202 1.82408 200 275 3.13709e-06
2.11277 1.82408 200 275 3.24896e-06
2.11352 1.82408 200 275 3.37067e-06
2.11427 1.82408 200 275 3.5023e-06
2.11502 1.82408 200 275 3.64389e-06
2.11577 1.82408 200 275 3.79527e-06
2.11652 1.82408 200 275 3.95663e-06
2.11727 1.82408 200 275 4.12612e-06
2.11802 1.82408 200 275 4.30332e-06
2.11877 1.82408 200 275 4.4868e-06
2.11952 1.82408 200 275 4.6747e-06
2.12027 1.82408 200 275 4.86475e-06
2.12102 1.82408 200 275 5.05421e-06
2.12177 1.82408 200 275 5.24004e-06
2.12252 1.82408 200 275 5.41898e-06
2.12327 1.82408 200 275 5.58782e-06
2.12402 1.82408 200 275 5.74359e-06
2.12477 1.82408 200 275 5.88387e-06
2.12552 1.82408 200 275 6.00699e-06
2.12627 1.82408 200 275 6.11225e-06
2.12702 1.82408 200 275 6.20001e-06
2.12777 1.82408 200 275 6.27161e-06
2.12852 1.82408 200 275 6.32923e-06
2.12927 1.82408 200 275 6.37562e-06
2.13002 1.82408 200 275 6.41377e-06
2.13077 1.82408 200 275 6.44657e-06
2.13152 1.82408 200 275 6.47644e-06
2.13227 1.82408 200 275 6.50509e-06
2.13302 1.82408 200 275 6.53328e-06
2.13377 1.82408 200 275 6.56069e-06
2.13452 1.82408 200 275 6.58591e-06
2.13527 1.82408 200 275 6.60649e-06
2.13602 1.82408 200 275 6.61909e-06
2.13677 1.82408 200 275 6.61977e-06
2.13752 1.82408 200 275 6.60437e-06
2.13827 1.82408 200 275 6.56892e-06
2.13902 1.82408 200 275 6.51004e-06
2.13977 1.82408 200 275 6.42536e-06
2.14052 1.82408 200 275 6.31386e-06
2.14127 1.82408 200 275 6.17588e-06
2.14202 1.82408 200 275 6.01322e-06
2.14277 1.82408 200 275 5.82885e-06
2.14352 1.82408 200 275 5.62655e-06
2.14427 1.82408 200 275 5.41067e-06
2.14502 1.82408 200 275 5.18569e-06
2.14577 1.82408 200 275 4.95589e-06
2.14652 1.82408 200 275 4.72512e-06
2.14727 1.82408 200 275 4.49673e-06
2.14802 1.82408 200 275 4.27343e-06
2.14877 1.82408 200 275 4.05731e-06
2.14952 1.82408 200 275 3.84993e-06
2.15028 1.82408 200 275 3.65226e-06
2.15103 1.82408 200 275 3.4649e-06
2.15178 1.82408 200 275 3.28815e-06
2.15253 1.82408 200 275 3.12196e-06
2.15328 1.82408 200 275 2.96615e-06
2.15403 1.82408 200 275 2.82037e-06
2.15478 1.82408 200 275 2.68418e-06
2.15553 1.82408 200 275 2.55707e-06
2.15628 1.82408 200 275 2.43849e-06
2.15703 1.82408 200 275 2.3279e-06
2.15778 1.82408 200 275 2.22474e-06
2.15853 1.82408 200 275 2.12844e-06
2.15928 1.82408 200 275 2.03847e-06
2.16003 1.82408 200 275 1.9543e-06
2.16078 1.82408 200 275 1.87545e-06
2.16153 1.82408 200 275 1.80141e-06
2.16228 1.82408 200 275 1.73172e-06
2.16303 1.82408 200 275 1.66595e-06
2.16378 1.82408 200 275 1.60368e-06
2.16453 1.82408 200 275 1.54448e-06
2.16528 1.82408 200 275 1.48803e-06
2.16603 1.82408 200 275 1.43397e-06
2.16678 1.82408 200 275 1.38198e-06
2.16753 1.82408 200 275 1.33179e-06
2.16828 1.82408 200 275 1.28315e-06
2.16903 1.82408 200 275 1.23585e-06
2.16978 1.82408 200 275 1.18968e-06
2.17053 1.82408 200 275 1.14451e-06
2.17128 1.82408 200 275 1.10021e-06
2.17203 1.82408 200 275 1.05669e-06
2.17278 1.82408 200 275 1.01388e-06
2.17353 1.82408 200 275 9.71825e-07
2.17428 1.82408 200 275 9.30501e-07
2.17503 1.82408 200 275 8.90031e-07
2.17578 1.82408 200 275 8.50676e-07
2.17653 1.82408 200 275 8.1271e-07
2.17728 1.82408 200 275 7.76539e-07
2.17803 1.82408 200 275 7.42674e-07
2.17878 1.82408 200 275 7.11748e-07
2.17953 1.82408 200 275 6.84452e-07
2.18028 1.82408 200 275 6.61524e-07
2.18103 1.82408 200 275 6.43672e-07
2.18178 1.82408 200 275 6.31513e-07
2.18253 1.82408 200 275 6.2547e-07
2.18328 1.82408 200 275 6.25697e-07
2.18403 1.82408 200 275 6.32016e-07
2.18478 1.82408 200 275 6.43762e-07
2.18553 1.82408 200 275 6.60342e-07
2.18628 1.82408 200 275 6.80397e-07
2.18703 1.82408 200 275 7.02774e-07
2.18778 1.82408 200 275 7.26182e-07
2.18853 1.82408 200 275 7.49301e-07
2.18928 1.82408 200 275 7.71104e-07
2.19003 1.82408 200 275 7.90781e-07
2.19078 1.82408 200 275 8.07854e-07
2.19153 1.82408 200 275 8.22013e-07
2.19228 1.82408 200 275 8.33228e-07
2.19303 1.82408 200 275 8.41641e-07
2.19378 1.82408 200 275 8.47478e-07
2.19453 1.82408 200 275 8.51075e-07
2.19528 1.82408 200 275 8.52786e-07
2.19603 1.82408 200 275 8.52972e-07
2.19678 1.82408 200 275 8.51975e-07
2.19753 1.82408 200 275 8.50105e-07
2.19828 1.82408 200 275 8.47652e-07
2.19903 1.82408 200 275 8.44832e-07
2.19978 1.82408 200 275 8.41855e-07
2.20053 1.82408 200 275 8.389e-07
2.20128 1.82408 200 275 8.3608e-07
2.20203 1.82408 200 275 8.33517e-07
2.20278 1.82408 200 275 8.31302e-07
2.20353 1.82408 200 275 8.29498e-07
2.20428 1.82408 200 275 8.28171e-07
2.20503 1.82408 200 275 8.27357e-07
2.20578 1.82408 200 275 8.27088e-07
2.20653 1.82408 200 275 8.27396e-07
2.20728 1.82408 200 275 8.28303e-07
2.20803 1.82408 200 275 8.2983e-07
2.20878 1.82408 200 275 8.32004e-07
2.20953 1.82408 200 275 8.34813e-07
2.21029 1.82408 200 275 8.38293e-07
2.21104 1.82408 200 275 8.42452e-07
2.21179 1.82408 200 275 8.47299e-07
2.21254 1.82408 200 275 8.5283e-07
2.21329 1.82408 200 275 8.59103e-07
2.21404 1.82408 200 275 8.66119e-07
2.21479 1.82408 200 275 8.73896e-07
2.21554 1.82408 200 275 8.82458e-07
2.21629 1.82408 200 275 8.91826e-07
2.21704 1.82408 200 275 9.02028e-07
2.21779 1.82408 200 275 9.13097e-07
2.21854 1.82408 200 275 9.25051e-07
2.21929 1.82408 200 275 9.37932e-07
2.22004 1.82408 200 275 9.51772e-07
2.22079 1.82408 200 275 9.66602e-07
2.22154 1.82408 200 275 9.82464e-07
2.22229 1.82408 200 275 9.99395e-07
2.22304 1.82408 200 275 1.01743e-06
2.22379 1.82408 200 275 1.03662e-06
2.22454 1.82408 200 275 1.05698e-06
2.22529 1.82408 200 275 1.07857e-06
2.22604 1.82408 200 275 1.10139e-06
2.22679 1.82408 200 275 1.1255e-06
2.22754 1.82408 200 275 1.15089e-06
2.22829 1.82408 200 275 1.17761e-06
2.22904 1.82408 200 275 1.20565e-06
2.22979 1.82408 200 275 1.23505e-06
2.23054 1.82408 200 275 1.26582e-06
2.23129 1.82408 200 275 1.29805e-06
2.23204 1.82408 200 275 1.33167e-06
2.23279 1.82408 200 275 1.36681e-06
2.23354 1.82408 200 275 1.40348e-06
2.23429 1.82408 200 275 1.44192e-06
2.23504 1.82408 200 275 1.48225e-06
2.23579 1.82408 200 275 1.52467e-06
2.23654 1.82408 200 275 1.56942e-06
2.23729 1.82408 200 275 1.61677e-06
2.23804 1.82408 200 275 1.66702e-06
2.23879 1.82408 200 275 1.72052e-06
2.23954 1.82408 200 275 1.77766e-06
2.24029 1.82408 200 275 1.83881e-06
2.24104 1.82408 200 275 1.90443e-06
2.24179 1.82408 200 275 1.97498e-06
2.24254 1.82408 200 275 2.05097e-06
2.24329 1.82408 200 275 2.13297e-06
2.24404 1.82408 200 275 2.22156e-06
2.24479 1.82408 200 275 2.3174e-06
2.24554 1.82408 200 275 2.42118e-06
2.24629 1.82408 200 275 2.53363e-06
2.24704 1.82408 200 275 2.6555e-06
2.24779 1.82408 200 275 2.78756e-06
2.24854 1.82408 200 275 2.93053e-06
2.24929 1.82408 200 275 3.08506e-06
2.25004 1.82408 200 275 3.25162e-06
2.25079 1.82408 200 275 3.43051e-06
2.25154 1.82408 200 275 3.62173e-06
2.25229 1.82408 200 275 3.82487e-06
2.25304 1.82408 200 275 4.03912e-06
2.25379 1.82408 200 275 4.26314e-06
2.25454 1.82408 200 275 4.49504e-06
2.25529 1.82408 200 275 4.73237e-06
2.25604 1.82408 200 275 4.97204e-06
2.25679 1.82408 200 275 5.21035e-06
2.25754 1.82408 200 275 5.44304e-06
2.25829 1.82408 200 275 5.66532e-06
2.25904 1.82408 200 275 5.87204e-06
2.25979 1.82408 200 275 6.0579e-06
2.26054 1.82408 200 275 6.21757e-06
2.26129 1.82408 200 275 6.34616e-06
2.26204 1.82408 200 275 6.43946e-06
2.26279 1.82408 200 275 6.49434e-06
2.26354 1.82408 200 275 6.50903e-06
2.26429 1.82408 200 275 6.48325e-06
2.26504 1.82408 200 275 6.41828e-06
2.26579 1.82408 200 275 6.31684e-06
2.26654 1.82408 200 275 6.18282e-06
2.26729 1.82408 200 275 6.02098e-06
2.26804 1.82408 200 275 5.83657e-06
2.26879 1.82408 200 275 5.63497e-06
2.26954 1.82408 200 275 5.42133e-06
2.2703 1.82408 200 275 5.20046e-06
2.27105 1.82408 200 275 4.97665e-06
2.2718 1.82408 200 275 4.75338e-06
2.27255 1.82408 200 275 4.53361e-06
2.2733 1.82408 200 275 4.31966e-06
2.27405 1.82408 200 275 4.11325e-06
2.2748 1.82408 200 275 3.91563e-06
2.27555 1.82408 200 275 3.72761e-06
2.2763 1.82408 200 275 3.54967e-06
2.27705 1.82408 200 275 3.38198e-06
2.2778 1.82408 200 275 3.22454e-06
2.27855 1.82408 200 275 3.07717e-06
2.2793 1.82408 200 275 2.93958e-06
2.28005 1.82408 200 275 2.8114e-06
2.2808 1.82408 200 275 2.69219e-06
2.28155 1.82408 200 275 2.58152e-06
2.2823 1.82408 200 275 2.47891e-06
2.28305 1.82408 200 275 2.3839e-06
2.2838 1.82408 200 275 2.29604e-06
2.28455 1.82408 200 275 2.21487e-06
2.2853 1.82408 200 275 2.13998e-06
2.28605 1.82408 200 275 2.07099e-06
2.2868 1.82408 200 275 2.00752e-06
2.28755 1.82408 200 275 1.94923e-06
2.2883 1.82408 200 275 1.89582e-06
2.28905 1.82408 200 275 1.84699e-06
2.2898 1.82408 200 275 1.80251e-06
2.29055 1.82408 200 275 1.7621e-06
2.2913 1.82408 200 275 1.72557e-06
2.29205 1.82408 200 275 1.69274e-06
2.2928 1.82408 200 275 1.66343e-06
2.29355 1.82408 200 275 1.63748e-06
2.2943 1.82408 200 275 1.61476e-06
2.29505 1.82408 200 275 1.59517e-06
2.2958 1.82408 200 275 1.5786e-06
2.29655 1.82408 200 275 1.56497e-06
2.2973 1.82408 200 275 1.55422e-06
2.29805 1.82408 200 275 1.54629e-06
2.2988 1.82408 200 275 1.54115e-06
2.29955 1.82408 200 275 1.53875e-06
2.3003 1.82408 200 275 1.53909e-06
2.30105 1.82408 200 275 1.54217e-06
2.3018 1.82408 200 275 1.54799e-06
2.30255 1.82408 200 275 1.55657e-06
2.3033 1.82408 200 275 1.56795e-06
2.30405 1.82408 200 275 1.58215e-06
2.3048 1.82408 200 275 1.59923e-06
2.30555 1.82408 200 275 1.61926e-06
2.3063 1.82408 200 275 1.64232e-06
2.30705 1.82408 200 275 1.6685e-06
2.3078 1.82408 200 275 1.69793e-06
2.30855 1.82408 200 275 1.73074e-06
2.3093 1.82408 200 275 1.76709e-06
2.31005 1.82408 200 275 1.80719e-06
2.3108 1.82408 200 275 1.85123e-06
2.31155 1.82408 200 275 1.89946e-06
2.3123 1.82408 200 275 1.95216e-06
2.31305 1.82408 200 275 2.00961e-06
2.3138 1.82408 200 275 2.0721e-06
2.31455 1.82408 200 275 2.13997e-06
2.3153 1.82408 200 275 2.21352e-06
2.31605 1.82408 200 275 2.29305e-06
2.3168 1.82408 200 275 2.37885e-06
2.31755 1.82408 200 275 2.47115e-06
2.3183 1.82408 200 275 2.57013e-06
2.31905 1.82408 200 275 2.67589e-06
2.3198 1.82408 200 275 2.7884e-06
2.32055 1.82408 200 275 2.9075e-06
2.3213 1.82408 200 275 3.0328e-06
2.32205 1.82408 200 275 3.16372e-06
2.3228 1.82408 200 275 3.29936e-06
2.32355 1.82408 200 275 3.43851e-06
2.3243 1.82408 200 275 3.57956e-06
2.32505 1.82408 200 275 3.72057e-06
2.3258 1.82408 200 275 3.85913e-06
2.32655 1.82408 200 275 3.99254e-06
2.3273 1.82408 200 275 4.11776e-06
2.32805 1.82408 200 275 4.23161e-06
2.3288 1.82408 200 275 4.33088e-06
2.32955 1.82408 200 275 4.41256e-06
2.33031 1.82408 200 275 4.474e-06
2.33106 1.82408 200 275 4.51316e-06
2.33181 1.82408 200 275 4.5287e-06
2.33256 1.82408 200 275 4.52017e-06
2.33331 1.82408 200 275 4.48794e-06
2.33406 1.82408 200 275 4.43317e-06
2.33481 1.82408 200 275 4.35773e-06
2.33556 1.82408 200 275 4.26403e-06
2.33631 1.82408 200 275 4.15474e-06
2.33706 1.82408 200 275 4.03279e-06
2.33781 1.82408 200 275 3.90102e-06
2.33856 1.82408 200 275 3.76226e-06
2.33931 1.82408 200 275 3.61908e-06
2.34006 1.82408 200 275 3.47379e-06
2.34081 1.82408 200 275 3.32839e-06
2.34156 1.82408 200 275 3.18457e-06
2.34231 1.82408 200 275 3.04374e-06
2.34306 1.82408 200 275 2.9069e-06
2.34381 1.82408 200 275 2.77491e-06
2.34456 1.82408 200 275 2.64836e-06
2.34531 1.82408 200 275 2.52761e-06
2.34606 1.82408 200 275 2.41288e-06
2.34681 1.82408 200 275 2.30423e-06
2.34756 1.82408 200 275 2.20159e-06
2.34831 1.82408 200 275 2.10485e-06
2.34906 1.82408 200 275 2.01382e-06
2.34981 1.82408 200 275 1.92827e-06
2.35056 1.82408 200 275 1.84792e-06
2.35131 1.82408 200 275 1.77249e-06
2.35206 1.82408 200 275 1.70166e-06
2.35281 1.82408 200 275 1.63517e-06
2.35356 1.82408 200 275 1.5727e-06
2.35431 1.82408 200 275 1.51396e-06
2.35506 1.82408 200 275 1.45868e-06
2.35581 1.82408 200 275 1.40657e-06
2.35656 1.82408 200 275 1.35737e-06
2.35731 1.82408 200 275 1.31085e-06
2.35806 1.82408 200 275 1.26678e-06
2.35881 1.82408 200 275 1.22493e-06
2.35956 1.82408 200 275 1.18518e-06
2.36031 1.82408 200 275 1.14717e-06
2.36106 1.82408 200 275 1.11085e-06
2.36181 1.82408 200 275 1.07605e-06
2.36256 1.82408 200 275 1.04265e-06
2.36331 1.82408 200 275 1.01056e-06
2.36406 1.82408 200 275 9.79681e-07
2.36481 1.82408 200 275 9.50027e-07
2.36556 1.82408 200 275 9.20796e-07
2.36631 1.82408 200 275 8.93508e-07
2.36706 1.82408 200 275 8.67618e-07
2.36781 1.82408 200 275 8.43299e-07
2.36856 1.82408 200 275 8.20765e-07
2.36931 1.82408 200 275 8.00397e-07
2.37006 1.82408 200 275 7.82521e-07
2.37081 1.82408 200 275 7.67538e-07
2.37156 1.82408 200 275 7.5583e-07
2.37231 1.82408 200 275 7.4789e-07
2.37306 1.82408 200 275 7.44034e-07
2.37381 1.82408 200 275 7.4452e-07
2.37456 1.82408 200 275 7.49464e-07
2.37531 1.82408 200 275 7.58823e-07
2.37606 1.82408 200 275 7.72323e-07
2.37681 1.82408 200 275 7.89527e-07
2.37756 1.82408 200 275 8.09824e-07
2.37831 1.82408 200 275 8.32484e-07
2.37906 1.82408 200 275 8.56715e-07
2.37981 1.82408 200 275 8.81728e-07
2.38056 1.82408 200 275 9.06829e-07
2.38131 1.82408 200 275 9.3141e-07
2.38206 1.82408 200 275 9.55019e-07
2.38281 1.82408 200 275 9.7736e-07
2.38356 1.82408 200 275 9.98286e-07
2.38431 1.82408 200 275 1.01774e-06
2.38506 1.82408 200 275 1.03589e-06
2.38581 1.82408 200 275 1.05284e-06
2.38656 1.82408 200 275 1.06882e-06
2.38731 1.82408 200 275 1.08403e-06
2.38806 1.82408 200 275 1.09874e-06
2.38881 1.82408 200 275 1.11318e-06
2.38956 1.82408 200 275 1.12756e-06
2.39032 1.82408 200 275 1.14208e-06
2.39107 1.82408 200 275 1.15692e-06
2.39182 1.82408 200 275 1.17226e-06
2.39257 1.82408 200 275 1.18823e-06
2.39332 1.82408 200 275 1.20498e-06
2.39407 1.82408 200 275 1.22265e-06
2.39482 1.82408 200 275 1.24137e-06
2.39557 1.82408 200 275 1.26127e-06
2.39632 1.82408 200 275 1.28248e-06
2.39707 1.82408 200 275 1.30515e-06
2.39782 1.82408 200 275 1.32943e-06
2.39857 1.82408 200 275 1.35546e-06
2.39932 1.82408 200 275 1.3834e-06
2.40007 1.82408 200 275 1.41341e-06
2.40082 1.82408 200 275 1.44567e-06
2.40157 1.82408 200 275 1.48034e-06
2.40232 1.82408 200 275 1.5176e-06
2.40307 1.82408 200 275 1.55765e-06
2.40382 1.82408 200 275 1.60068e-06
2.40457 1.82408 200 275 1.64691e-06
2.40532 1.82408 200 275 1.69655e-06
2.40607 1.82408 200 275 1.74983e-06
2.40682 1.82408 200 275 1.80702e-06
2.40757 1.82408 200 275 1.86838e-06
2.40832 1.82408 200 275 1.93417e-06
2.40907 1.82408 200 275 2.0047e-06
2.40982 1.82408 200 275 2.08029e-06
2.41057 1.82408 200 275 2.16127e-06
2.41132 1.82408 200 275 2.24797e-06
2.41207 1.82408 200 275 2.34075e-06
2.41282 1.82408 200 275 2.43997e-06
2.41357 1.82408 200 275 2.54599e-06
2.41432 1.82408 200 275 2.65915e-06
2.41507 1.82408 200 275 2.77978e-06
2.41582 1.82408 200 275 2.90816e-06
2.41657 1.82408 200 275 3.04452e-06
2.41732 1.82408 200 275 3.189e-06
2.41807 1.82408 200 275 3.34163e-06
2.41882 1.82408 200 275 3.50228e-06
2.41957 1.82408 200 275 3.67065e-06
2.42032 1.82408 200 275 3.84619e-06
2.42107 1.82408 200 275 4.02802e-06
2.42182 1.82408 200 275 4.21503e-06
2.42257 1.82408 200 275 4.40564e-06
2.42332 1.82408 200 275 4.59786e-06
2.42407 1.82408 200 275 4.78931e-06
2.42482 1.82408 200 275 4.97711e-06
2.42557 1.82408 200 275 5.15807e-06
2.42632 1.82408 200 275 5.32866e-06
2.42707 1.82408 200 275 5.48519e-06
2.42782 1.82408 200 275 5.624e-06
2.42857 1.82408 200 275 5.74168e-06
2.42932 1.82408 200 275 5.83524e-06
2.43007 1.82408 200 275 5.90244e-06
2.43082 1.82408 200 275 5.94195e-06
2.43157 1.82408 200 275 5.95329e-06
2.43232 1.82408 200 275 5.93715e-06
2.43307 1.82408 200 275 5.89519e-06
2.43382 1.82408 200 275 5.82986e-06
2.43457 1.82408 200 275 5.74428e-06
2.43532 1.82408 200 275 5.64199e-06
2.43607 1.82408 200 275 5.52659e-06
2.43682 1.82408 200 275 5.4017e-06
2.43757 1.82408 200 275 5.27064e-06
2.43832 1.82408 200 275 5.13635e-06
2.43907 1.82408 200 275 5.00124e-06
2.43982 1.82408 200 275 4.86723e-06
2.44057 1.82408 200 275 4.73567e-06
2.44132 1.82408 200 275 4.60737e-06
2.44207 1.82408 200 275 4.48272e-06
2.44282 1.82408 200 275 4.3617e-06
2.44357 1.82408 200 275 4.24399e-06
2.44432 1.82408 200 275 4.12903e-06
2.44507 1.82408 200 275 4.01618e-06
2.44582 1.82408 200 275 3.90476e-06
2.44657 1.82408 200 275 3.79418e-06
2.44732 1.82408 200 275 3.68397e-06
2.44807 1.82408 200 275 3.57382e-06
2.44882 1.82408 200 275 3.46367e-06
2.44957 1.82408 200 275 3.35363e-06
2.45033 1.82408 200 275 3.24397e-06
2.45108 1.82408 200 275 3.13518e-06
2.45183 1.82408 200 275 3.02769e-06
2.45258 1.82408 200 275 2.92209e-06
2.45333 1.82408 200 275 2.81897e-06
2.45408 1.82408 200 275 2.71881e-06
2.45483 1.82408 200 275 2.62207e-06
2.45558 1.82408 200 275 2.52915e-06
2.45633 1.82408 200 275 2.44033e-06
2.45708 1.82408 200 275 2.35582e-06
2.45783 1.82408 200 275 2.27574e-06
2.45858 1.82408 200 275 2.20017e-06
2.45933 1.82408 200 275 2.12909e-06
2.46008 1.82408 200 275 2.06247e-06
2.46083 1.82408 200 275 2.00022e-06
2.46158 1.82408 200 275 1.94222e-06
2.46233 1.82408 200 275 1.88836e-06
2.46308 1.82408 200 275 1.83847e-06
2.46383 1.82408 200 275 1.79242e-06
2.46458 1.82408 200 275 1.75005e-06
2.46533 1.82408 200 275 1.71121e-06
2.46608 1.82408 200 275 1.67577e-06
2.46683 1.82408 200 275 1.64358e-06
2.46758 1.82408 200 275 1.61451e-06
2.46833 1.82408 200 275 1.58845e-06
2.46908 1.82408 200 275 1.56529e-06
2.46983 1.82408 200 275 1.54494e-06
2.47058 1.82408 200 275 1.5273e-06
2.47133 1.82408 200 275 1.5123e-06
2.47208 1.82408 200 275 1.49988e-06
2.47283 1.82408 200 275 1.49e-06
2.47358 1.82408 200 275 1.48261e-06
2.47433 1.82408 200 275 1.47769e-06
2.47508 1.82408 200 275 1.47521e-06
2.47583 1.82408 200 275 1.47518e-06
2.47658 1.82408 200 275 1.4776e-06
2.47733 1.82408 200 275 1.48249e-06
2.47808 1.82408 200 275 1.48988e-06
2.47883 1.82408 200 275 1.4998e-06
2.47958 1.82408 200 275 1.51232e-06
2.48033 1.82408 200 275 1.52749e-06
2.48108 1.82408 200 275 1.54539e-06
2.48183 1.82408 200 275 1.5661e-06
2.48258 1.82408 200 275 1.58971e-06
2.48333 1.82408 200 275 1.61634e-06
2.48408 1.82408 200 275 1.64609e-06
2.48483 1.82408 200 275 1.67909e-06
2.48558 1.82408 200 275 1.71546e-06
2.48633 1.82408 200 275 1.75533e-06
2.48708 1.82408 200 275 1.79883e-06
2.48783 1.82408 200 275 1.8461e-06
2.48858 1.82408 200 275 1.89723e-06
2.48933 1.82408 200 275 1.95233e-06
2.49008 1.82408 200 275 2.01149e-06
2.49083 1.82408 200 275 2.07474e-06
2.49158 1.82408 200 275 2.14207e-06
2.49233 1.82408 200 275 2.21342e-06
2.49308 1.82408 200 275 2.28864e-06
2.49383 1.82408 200 275 2.36749e-06
2.49458 1.82408 200 275 2.4496e-06
2.49533 1.82408 200 275 2.53449e-06
2.49608 1.82408 200 275 2.62151e-06
2.49683 1.82408 200 275 2.70985e-06
2.49758 1.82408 200 275 2.79853e-06
2.49833 1.82408 200 275 2.88642e-06
2.49908 1.82408 200 275 2.97221e-06
2.49983 1.82408 200 275 3.05452e-06
2.50058 1.82408 200 275 3.13188e-06
2.50133 1.82408 200 275 3.20285e-06
2.50208 1.82408 200 275 3.26606e-06
2.50283 1.82408 200 275 3.32035e-06
2.50358 1.82408 200 275 3.3648e-06
2.50433 1.82408 200 275 3.39886e-06
2.50508 1.82408 200 275 3.42232e-06
2.50583 1.82408 200 275 3.43541e-06
2.50658 1.82408 200 275 3.43871e-06
2.50733 1.82408 200 275 3.43318e-06
2.50808 1.82408 200 275 3.41995e-06
2.50883 1.82408 200 275 3.40039e-06
2.50958 1.82408 200 275 3.37593e-06
2.51034 1.82408 200 275 3.34794e-06
2.51109 1.82408 200 275 3.31773e-06
2.51184 1.82408 200 275 3.28645e-06
2.51259 1.82408 200 275 3.255e-06
2.51334 1.82408 200 275 3.22144e-06
2.51409 1.82408 200 275 3.19163e-06
2.51484 1.82408 200 275 3.16321e-06
2.51559 1.82408 200 275 3.13629e-06
2.51634 1.82408 200 275 3.11087e-06
2.51709 1.82408 200 275 3.08679e-06
2.51784 1.82408 200 275 3.06386e-06
2.51859 1.82408 200 275 3.0419e-06
2.51934 1.82408 200 275 3.02067e-06
2.52009 1.82408 200 275 2.99997e-06
2.52084 1.82408 200 275 2.97967e-06
2.52159 1.82408 200 275 2.95963e-06
2.52234 1.82408 200 275 2.93974e-06
2.52309 1.82408 200 275 2.91985e-06
2.52384 1.82408 200 275 2.89982e-06
2.52459 1.82408 200 275 2.87945e-06
2.52534 1.82408 200 275 2.85848e-06
2.52609 1.82408 200 275 2.83658e-06
2.52684 1.82408 200 275 2.81339e-06
2.52759 1.82408 200 275 2.78852e-06
2.52834 1.82408 200 275 2.76156e-06
2.52909 1.82408 200 275 2.73214e-06
2.52984 1.82408 200 275 2.69995e-06
2.53059 1.82408 200 275 2.66479e-06
2.53134 1.82408 200 275 2.62655e-06
2.53209 1.82408 200 275 2.58531e-06
2.53284 1.82408 200 275 2.54125e-06
2.53359 1.82408 200 275 2.4947e-06
2.53434 1.82408 200 275 2.44613e-06
2.53509 1.82408 200 275 2.39605e-06
2.53584 1.82408 200 275 2.34506e-06
2.53659 1.82408 200 275 2.29378e-06
2.53734 1.82408 200 275 2.24284e-06
2.53809 1.82408 200 275 2.19282e-06
2.53884 1.82408 200 275 2.14427e-06
2.53959 1.82408 200 275 2.09768e-06
2.54034 1.82408 200 275 2.05348e-06
2.54109 1.82408 200 275 2.01204e-06
2.54184 1.82408 200 275 1.97365e-06
2.54259 1.82408 200 275 1.93857e-06
2.54334 1.82408 200 275 1.90699e-06
2.54409 1.82408 200 275 1.87907e-06
2.54484 1.82408 200 275 1.85493e-06
2.54559 1.82408 200 275 1.83468e-06
2.54634 1.82408 200 275 1.81839e-06
2.54709 1.82408 200 275 1.80612e-06
2.54784 1.82408 200 275 1.79794e-06
2.54859 1.82408 200 275 1.79391e-06
2.54934 1.82408 200 275 1.79408e-06
2.55009 1.82408 200 275 1.79848e-06
2.55084 1.82408 200 275 1.80718e-06
2.55159 1.82408 200 275 1.82022e-06
2.55234 1.82408 200 275 1.83762e-06
2.55309 1.82408 200 275 1.8594e-06
2.55384 1.82408 200 275 1.88553e-06
2.55459 1.82408 200 275 1.91596e-06
2.55534 1.82408 200 275 1.95055e-06
2.55609 1.82408 200 275 1.98909e-06
2.55684 1.82408 200 275 2.03128e-06
2.55759 1.82408 200 275 2.07669e-06
2.55834 1.82408 200 275 2.12476e-06
2.55909 1.82408 200 275 2.17479e-06
2.55984 1.82408 200 275 2.22593e-06
2.56059 1.82408 200 275 2.27717e-06
2.56134 1.82408 200 275 2.32739e-06
2.56209 1.82408 200 275 2.37535e-06
2.56284 1.82408 200 275 2.41977e-06
2.56359 1.82408 200 275 2.4593e-06
2.56434 1.82408 200 275 2.49271e-06
2.56509 1.82408 200 275 2.5188e-06
2.56584 1.82408 200 275 2.53659e-06
2.56659 1.82408 200 275 2.54529e-06
2.56734 1.82408 200 275 2.54439e-06
2.56809 1.82408 200 275 2.53372e-06
2.56884 1.82408 200 275 2.51338e-06
2.56959 1.82408 200 275 2.48379e-06
2.57035 1.82408 200 275 2.44562e-06
2.5711 1.82408 200 275 2.39977e-06
2.57185 1.82408 200 275 2.3473e-06
2.5726 1.82408 200 275 2.28932e-06
2.57335 1.82408 200 275 2.22701e-06
2.5741 1.82408 200 275 2.16153e-06
2.57485 1.82408 200 275 2.09395e-06
2.5756 1.82408 200 275 2.02526e-06
2.57635 1.82408 200 275 1.95635e-06
2.5771 1.82408 200 275 1.88792e-06
2.57785 1.82408 200 275 1.82061e-06
2.5786 1.82408 200 275 1.75492e-06
2.57935 1.82408 200 275 1.69121e-06
2.5801 1.82408 200 275 1.6298e-06
2.58085 1.82408 200 275 1.57088e-06
2.5816 1.82408 200 275 1.51456e-06
2.58235 1.82408 200 275 1.46093e-06
2.5831 1.82408 200 275 1.40999e-06
2.58385 1.82408 200 275 1.36174e-06
2.5846 1.82408 200 275 1.31612e-06
2.58535 1.82408 200 275 1.27304e-06
2.5861 1.82408 200 275 1.23244e-06
2.58685 1.82408 200 275 1.19419e-06
2.5876 1.82408 200 275 1.1582e-06
2.58835 1.82408 200 275 1.12435e-06
2.5891 1.82408 200 275 1.09253e-06
2.58985 1.82408 200 275 1.0626e-06
2.5906 1.82408 200 275 1.03451e-06
2.59135 1.82408 200 275 1.00802e-06
2.5921 1.82408 200 275 9.83064e-07
2.59285 1.82408 200 275 9.59523e-07
2.5936 1.82408 200 275 9.37269e-07
2.59435 1.82408 200 275 9.16203e-07
2.5951 1.82408 200 275 8.96201e-07
2.59585 1.82408 200 275 8.77151e-07
2.5966 1.82408 200 275 8.58941e-07
2.59735 1.82408 200 275 8.41485e-07
2.5981 1.82408 200 275 8.24688e-07
2.59885 1.82408 200 275 8.08474e-07
2.5996 1.82408 200 275 7.9278e-07
2.60035 1.82408 200 275 7.77565e-07
2.6011 1.82408 200 275 7.62804e-07
2.60185 1.82408 200 275 7.48492e-07
2.6026 1.82408 200 275 7.34643e-07
2.60335 1.82408 200 275 7.2128e-07
2.6041 1.82408 200 275 7.08437e-07
2.60485 1.82408 200 275 6.96143e-07
2.6056 1.82408 200 275 6.8442e-07
2.60635 1.82408 200 275 6.73269e-07
2.6071 1.82408 200 275 6.62669e-07
2.60785 1.82408 200 275 6.52572e-07
2.6086 1.82408 200 275 6.42878e-07
2.60935 1.82408 200 275 6.33517e-07
2.6101 1.82408 200 275 6.24328e-07
2.61085 1.82408 200 275 6.15269e-07
2.6116 1.82408 200 275 6.06205e-07
2.61235 1.82408 200 275 5.97022e-07
2.6131 1.82408 200 275 5.87755e-07
2.61385 1.82408 200 275 5.78375e-07
2.6146 1.82408 200 275 5.68938e-07
2.61535 1.82408 200 275 5.59556e-07
2.6161 1.82408 200 275 5.50388e-07
2.61685 1.82408 200 275 5.41649e-07
2.6176 1.82408 200 275 5.33577e-07
2.61835 1.82408 200 275 5.26454e-07
2.6191 1.82408 200 275 5.20571e-07
2.61985 1.82408 200 275 5.16221e-07
2.6206 1.82408 200 275 5.13677e-07
2.62135 1.82408 200 275 5.13176e-07
2.6221 1.82408 200 275 5.14889e-07
2.62285 1.82408 200 275 5.18923e-07
2.6236 1.82408 200 275 5.253e-07
2.62435 1.82408 200 275 5.33936e-07
2.6251 1.82408 200 275 5.44679e-07
2.62585 1.82408 200 275 5.57297e-07
2.6266 1.82408 200 275 5.71481e-07
2.62735 1.82408 200 275 5.86955e-07
2.6281 1.82408 200 275 6.03369e-07
2.62885 1.82408 200 275 6.20413e-07
2.6296 1.82408 200 275 6.37805e-07
2.63036 1.82408 200 275 6.55283e-07
2.63111 1.82408 200 275 6.72703e-07
2.63186 1.82408 200 275 6.8989e-07
2.63261 1.82408 200 275 7.06731e-07
2.63336 1.82408 200 275 7.23144e-07
2.63411 1.82408 200 275 7.39069e-07
2.63486 1.82408 200 275 7.54463e-07
2.63561 1.82408 200 275 7.69297e-07
2.63636 1.82408 200 275 7.8356e-07
2.63711 1.82408 200 275 7.97252e-07
2.63786 1.82408 200 275 8.10388e-07
2.63861 1.82408 200 275 8.23029e-07
2.63936 1.82408 200 275 8.35231e-07
2.64011 1.82408 200 275 8.47078e-07
2.64086 1.82408 200 275 8.58689e-07
2.64161 1.82408 200 275 8.70185e-07
2.64236 1.82408 200 275 8.81705e-07
2.64311 1.82408 200 275 8.93395e-07
2.64386 1.82408 200 275 9.05419e-07
2.64461 1.82408 200 275 9.17905e-07
2.64536 1.82408 200 275 9.31013e-07
2.64611 1.82408 200 275 9.44892e-07
2.64686 1.82408 200 275 9.59679e-07
2.64761 1.82408 200 275 9.75508e-07
2.64836 1.82408 200 275 9.92509e-07
2.64911 1.82408 200 275 1.0108e-06
2.64986 1.82408 200 275 1.0305e-06
2.65061 1.82408 200 275 1.05174e-06
2.65136 1.82408 200 275 1.07463e-06
2.65211 1.82408 200 275 1.09927e-06
2.65286 1.82408 200 275 1.12579e-06
2.65361 1.82408 200 275 1.1543e-06
2.65436 1.82408 200 275 1.18491e-06
2.65511 1.82408 200 275 1.21779e-06
2.65586 1.82408 200 275 1.25299e-06
2.65661 1.82408 200 275 1.29066e-06
2.65736 1.82408 200 275 1.33093e-06
2.65811 1.82408 200 275 1.37394e-06
2.65886 1.82408 200 275 1.4198e-06
2.65961 1.82408 200 275 1.46864e-06
2.66036 1.82408 200 275 1.52058e-06
2.66111 1.82408 200 275 1.57572e-06
2.66186 1.82408 200 275 1.63415e-06
2.66261 1.82408 200 275 1.69594e-06
2.66336 1.82408 200 275 1.76113e-06
2.66411 1.82408 200 275 1.82972e-06
2.66486 1.82408 200 275 1.90167e-06
2.66561 1.82408 200 275 1.97686e-06
2.66636 1.82408 200 275 2.05511e-06
2.66711 1.82408 200 275 2.13615e-06
2.66786 1.82408 200 275 2.21959e-06
2.66861 1.82408 200 275 2.30494e-06
2.66936 1.82408 200 275 2.39156e-06
2.67011 1.82408 200 275 2.47868e-06
2.67086 1.82408 200 275 2.56534e-06
2.67161 1.82408 200 275 2.65049e-06
2.67236 1.82408 200 275 2.73287e-06
2.67311 1.82408 200 275 2.81117e-06
2.67386 1.82408 200 275 2.88392e-06
2.67461 1.82408 200 275 2.94967e-06
2.67536 1.82408 200 275 3.00697e-06
2.67611 1.82408 200 275 3.05445e-06
2.67686 1.82408 200 275 3.09092e-06
2.67761 1.82408 200 275 3.11541e-06
2.67836 1.82408 200 275 3.12726e-06
2.67911 1.82408 200 275 3.12615e-06
2.67986 1.82408 200 275 3.11208e-06
2.68061 1.82408 200 275 3.0867e-06
2.68136 1.82408 200 275 3.04832e-06
2.68211 1.82408 200 275 2.99912e-06
2.68286 1.82408 200 275 2.94035e-06
2.68361 1.82408 200 275 2.8734e-06
2.68436 1.82408 200 275 2.79978e-06
2.68511 1.82408 200 275 2.7209e-06
2.68586 1.82408 200 275 2.63823e-06
2.68661 1.82408 200 275 2.55312e-06
2.68736 1.82408 200 275 2.46678e-06
2.68811 1.82408 200 275 2.38028e-06
2.68886 1.82408 200 275 2.29455e-06
2.68961 1.82408 200 275 2.21034e-06
2.69037 1.82408 200 275 2.12826e-06
2.69112 1.82408 200 275 2.04881e-06
2.69187 1.82408 200 275 1.97234e-06
2.69262 1.82408 200 275 1.89911e-06
2.69337 1.82408 200 275 1.82929e-06
2.69412 1.82408 200 275 1.76298e-06
2.69487 1.82408 200 275 1.7002e-06
2.69562 1.82408 200 275 1.64096e-06
2.69637 1.82408 200 275 1.58519e-06
2.69712 1.82408 200 275 1.53283e-06
2.69787 1.82408 200 275 1.48378e-06
2.69862 1.82408 200 275 1.43793e-06
2.69937 1.82408 200 275 1.39517e-06
2.70012 1.82408 200 275 1.35535e-06
2.70087 1.82408 200 275 1.31837e-06
2.70162 1.82408 200 275 1.28409e-06
2.70237 1.82408 200 275 1.25238e-06
2.70312 1.82408 200 275 1.22313e-06
2.70387 1.82408 200 275 1.19622e-06
2.70462 1.82408 200 275 1.17152e-06
2.70537 1.82408 200 275 1.14895e-06
2.70612 1.82408 200 275 1.12838e-06
2.70687 1.82408 200 275 1.10972e-06
2.70762 1.82408 200 275 1.09288e-06
2.70837 1.82408 200 275 1.07776e-06
2.70912 1.82408 200 275 1.06428e-06
2.70987 1.82408 200 275 1.05238e-06
2.71062 1.82408 200 275 1.04197e-06
2.71137 1.82408 200 275 1.033e-06
2.71212 1.82408 200 275 1.02542e-06
2.71287 1.82408 200 275 1.01919e-06
2.71362 1.82408 200 275 1.01426e-06
2.71437 1.82408 200 275 1.01062e-06
2.71512 1.82408 200 275 1.00826e-06
2.71587 1.82408 200 275 1.00716e-06
2.71662 1.82408 200 275 1.00735e-06
2.71737 1.82408 200 275 1.00882e-06
2.71812 1.82408 200 275 1.01158e-06
2.71887 1.82408 200 275 1.01568e-06
2.71962 1.82408 200 275 1.02114e-06
2.72037 1.82408 200 275 1.02797e-06
2.72112 1.82408 200 275 1.03622e-06
2.72187 1.82408 200 275 1.04589e-06
2.72262 1.82408 200 275 1.05702e-06
2.72337 1.82408 200 275 1.06961e-06
2.72412 1.82408 200 275 1.08366e-06
2.72487 1.82408 200 275 1.09916e-06
2.72562 1.82408 200 275 1.11609e-06
2.72637 1.82408 200 275 1.1344e-06
2.72712 1.82408 200 275 1.15402e-06
2.72787 1.82408 200 275 1.17486e-06
2.72862 1.82408 200 275 1.19679e-06
2.72937 1.82408 200 275 1.21966e-06
2.73012 1.82408 200 275 1.24327e-06
2.73087 1.82408 200 275 1.26739e-06
2.73162 1.82408 200 275 1.29175e-06
2.73237 1.82408 200 275 1.31605e-06
2.73312 1.82408 200 275 1.33993e-06
2.73387 1.82408 200 275 1.36303e-06
2.73462 1.82408 200 275 1.38497e-06
2.73537 1.82408 200 275 1.40535e-06
2.73612 1.82408 200 275 1.42381e-06
2.73687 1.82408 200 275 1.43998e-06
2.73762 1.82408 200 275 1.45358e-06
2.73837 1.82408 200 275 1.46436e-06
2.73912 1.82408 200 275 1.47217e-06
2.73987 1.82408 200 275 1.47695e-06
2.74062 1.82408 200 275 1.47874e-06
2.74137 1.82408 200 275 1.47765e-06
2.74212 1.82408 200 275 1.47392e-06
2.74287 1.82408 200 275 1.46781e-06
2.74362 1.82408 200 275 1.45969e-06
2.74437 1.82408 200 275 1.44996e-06
2.74512 1.82408 200 275 1.43901e-06
2.74587 1.82408 200 275 1.42728e-06
2.74662 1.82408 200 275 1.41518e-06
2.74737 1.82408 200 275 1.40309e-06
2.74812 1.82408 200 275 1.39137e-06
2.74887 1.82408 200 275 1.38035e-06
2.74962 1.82408 200 275 1.37028e-06
2.75038 1.82408 200 275 1.3614e-06
2.75113 1.82408 200 275 1.3539e-06
2.75188 1.82408 200 275 1.34789e-06
2.75263 1.82408 200 275 1.34348e-06
2.75338 1.82408 200 275 1.34071e-06
2.75413 1.82408 200 275 1.33959e-06
2.75488 1.82408 200 275 1.34008e-06
2.75563 1.82408 200 275 1.3421e-06
2.75638 1.82408 200 275 1.34556e-06
2.75713 1.82408 200 275 1.3503e-06
2.75788 1.82408 200 275 1.35614e-06
2.75863 1.82408 200 275 1.36288e-06
2.75938 1.82408 200 275 1.37028e-06
2.76013 1.82408 200 275 1.37809e-06
2.76088 1.82408 200 275 1.38607e-06
2.76163 1.82408 200 275 1.39393e-06
2.76238 1.82408 200 275 1.40145e-06
2.76313 1.82408 200 275 1.40841e-06
2.76388 1.82408 200 275 1.41461e-06
2.76463 1.82408 200 275 1.41993e-06
2.76538 1.82408 200 275 1.42429e-06
2.76613 1.82408 200 275 1.42766e-06
2.76688 1.82408 200 275 1.4301e-06
2.76763 1.82408 200 275 1.43171e-06
2.76838 1.82408 200 275 1.43266e-06
2.76913 1.82408 200 275 1.43317e-06
2.76988 1.82408 200 275 1.43348e-06
2.77063 1.82408 200 275 1.43387e-06
2.77138 1.82408 200 275 1.43463e-06
2.77213 1.82408 200 275 1.43607e-06
2.77288 1.82408 200 275 1.43848e-06
2.77363 1.82408 200 275 1.44215e-06
2.77438 1.82408 200 275 1.44735e-06
2.77513 1.82408 200 275 1.45434e-06
2.77588 1.82408 200 275 1.46337e-06
2.77663 1.82408 200 275 1.47465e-06
2.77738 1.82408 200 275 1.4884e-06
2.77813 1.82408 200 275 1.50479e-06
2.77888 1.82408 200 275 1.52401e-06
2.77963 1.82408 200 275 1.5462e-06
2.78038 1.82408 200 275 1.57148e-06
2.78113 1.82408 200 275 1.59994e-06
2.78188 1.82408 200 275 1.63163e-06
2.78263 1.82408 200 275 1.66654e-06
2.78338 1.82408 200 275 1.7046e-06
2.78413 1.82408 200 275 1.74565e-06
2.78488 1.82408 200 275 1.78945e-06
2.78563 1.82408 200 275 1.83563e-06
2.78638 1.82408 200 275 1.8837e-06
2.78713 1.82408 200 275 1.93302e-06
2.78788 1.82408 200 275 1.98282e-06
2.78863 1.82408 200 275 2.03229e-06
2.78938 1.82408 200 275 2.08042e-06
2.79013 1.82408 200 275 2.12617e-06
2.79088 1.82408 200 275 2.16841e-06
2.79163 1.82408 200 275 2.2062e-06
2.79238 1.82408 200 275 2.23848e-06
2.79313 1.82408 200 275 2.26439e-06
2.79388 1.82408 200 275 2.28315e-06
2.79463 1.82408 200 275 2.29429e-06
2.79538 1.82408 200 275 2.29745e-06
2.79613 1.82408 200 275 2.2925e-06
2.79688 1.82408 200 275 2.27956e-06
2.79763 1.82408 200 275 2.25896e-06
2.79838 1.82408 200 275 2.23118e-06
2.79913 1.82408 200 275 2.19689e-06
2.79988 1.82408 200 275 2.15688e-06
2.80063 1.82408 200 275 2.11195e-06
2.80138 1.82408 200 275 2.06302e-06
2.80213 1.82408 200 275 2.01096e-06
2.80288 1.82408 200 275 1.95663e-06
2.80363 1.82408 200 275 1.90083e-06
2.80438 1.82408 200 275 1.84428e-06
2.80513 1.82408 200 275 1.78764e-06
2.80588 1.82408 200 275 1.73147e-06
2.80663 1.82408 200 275 1.67624e-06
2.80738 1.82408 200 275 1.62235e-06
2.80813 1.82408 200 275 1.57011e-06
2.80888 1.82408 200 275 1.51977e-06
2.80963 1.82408 200 275 1.4715e-06
2.81039 1.82408 200 275 1.42544e-06
2.81114 1.82408 200 275 1.38167e-06
2.81189 1.82408 200 275 1.34024e-06
2.81264 1.82408 200 275 1.30116e-06
2.81339 1.82408 200 275 1.26443e-06
2.81414 1.82408 200 275 1.23e-06
2.81489 1.82408 200 275 1.19781e-06
2.81564 1.82408 200 275 1.16782e-06
2.81639 1.82408 200 275 1.13993e-06
2.81714 1.82408 200 275 1.11406e-06
2.81789 1.82408 200 275 1.09012e-06
2.81864 1.82408 200 275 1.06802e-06
2.81939 1.82408 200 275 1.04766e-06
2.82014 1.82408 200 275 1.02895e-06
2.82089 1.82408 200 275 1.01181e-06
2.82164 1.82408 200 275 9.96138e-07
2.82239 1.82408 200 275 9.81874e-07
2.82314 1.82408 200 275 9.68943e-07
2.82389 1.82408 200 275 9.57286e-07
2.82464 1.82408 200 275 9.46843e-07
2.82539 1.82408 200 275 9.3757e-07
2.82614 1.82408 200 275 9.29424e-07
2.82689 1.82408 200 275 9.22369e-07
2.82764 1.82408 200 275 9.16376e-07
2.82839 1.82408 200 275 9.1142e-07
2.82914 1.82408 200 275 9.07479e-07
2.82989 1.82408 200 275 9.04536e-07
2.83064 1.82408 200 275 9.0258e-07
2.83139 1.82408 200 275 9.01595e-07
2.83214 1.82408 200 275 9.01575e-07
2.83289 1.82408 200 275 9.02518e-07
2.83364 1.82408 200 275 9.04421e-07
2.83439 1.82408 200 275 9.07287e-07
2.83514 1.82408 200 275 9.1112e-07
2.83589 1.82408 200 275 9.15926e-07
2.83664 1.82408 200 275 9.21718e-07
2.83739 1.82408 200 275 9.28507e-07
2.83814 1.82408 200 275 9.3631e-07
2.83889 1.82408 200 275 9.45147e-07
2.83964 1.82408 200 275 9.55042e-07
2.84039 1.82408 200 275 9.66019e-07
2.84114 1.82408 200 275 9.78111e-07
2.84189 1.82408 200 275 9.91349e-07
2.84264 1.82408 200 275 1.00577e-06
2.84339 1.82408 200 275 1.02142e-06
2.84414 1.82408 200 275 1.03834e-06
2.84489 1.82408 200 275 1.05662e-06
2.84564 1.82408 200 275 1.07624e-06
2.84639 1.82408 200 275 1.0973e-06
2.84714 1.82408 200 275 1.11986e-06
2.84789 1.82408 200 275 1.14399e-06
2.84864 1.82408 200 275 1.16976e-06
2.84939 1.82408 200 275 1.19726e-06
2.85014 1.82408 200 275 1.22656e-06
2.85089 1.82408 200 275 1.25777e-06
2.85164 1.82408 200 275 1.29097e-06
2.85239 1.82408 200 275 1.32627e-06
2.85314 1.82408 200 275 1.36377e-06
2.85389 1.82408 200 275 1.40358e-06
2.85464 1.82408 200 275 1.44582e-06
2.85539 1.82408 200 275 1.4906e-06
2.85614 1.82408 200 275 1.53804e-06
2.85689 1.82408 200 275 1.58826e-06
2.85764 1.82408 200 275 1.64137e-06
2.85839 1.82408 200 275 1.6975e-06
2.85914 1.82408 200 275 1.75673e-06
2.85989 1.82408 200 275 1.81917e-06
2.86064 1.82408 200 275 1.88488e-06
2.86139 1.82408 200 275 1.95394e-06
2.86214 1.82408 200 275 2.02635e-06
2.86289 1.82408 200 275 2.10211e-06
2.86364 1.82408 200 275 2.18118e-06
2.86439 1.82408 200 275 2.26343e-06
2.86514 1.82408 200 275 2.34869e-06
2.86589 1.82408 200 275 2.43674e-06
2.86664 1.82408 200 275 2.52723e-06
2.86739 1.82408 200 275 2.61975e-06
2.86814 1.82408 200 275 2.71378e-06
2.86889 1.82408 200 275 2.80872e-06
2.86964 1.82408 200 275 2.90384e-06
2.8704 1.82408 200 275 2.99834e-06
2.87115 1.82408 200 275 3.09134e-06
2.8719 1.82408 200 275 3.18176e-06
2.87265 1.82408 200 275 3.26912e-06
2.8734 1.82408 200 275 3.35216e-06
2.87415 1.82408 200 275 3.42997e-06
2.8749 1.82408 200 275 3.50176e-06
2.87565 1.82408 200 275 3.56688e-06
2.8764 1.82408 200 275 3.62484e-06
2.87715 1.82408 200 275 3.67534e-06
2.8779 1.82408 200 275 3.71834e-06
2.87865 1.82408 200 275 3.75397e-06
2.8794 1.82408 200 275 3.78257e-06
2.88015 1.82408 200 275 3.80464e-06
2.8809 1.82408 200 275 3.8208e-06
2.88165 1.82408 200 275 3.83173e-06
2.8824 1.82408 200 275 3.83811e-06
2.88315 1.82408 200 275 3.84059e-06
2.8839 1.82408 200 275 3.83976e-06
2.88465 1.82408 200 275 3.83598e-06
2.8854 1.82408 200 275 3.82956e-06
2.88615 1.82408 200 275 3.82061e-06
2.8869 1.82408 200 275 3.80909e-06
2.88765 1.82408 200 275 3.79481e-06
2.8884 1.82408 200 275 3.77747e-06
2.88915 1.82408 200 275 3.75667e-06
2.8899 1.82408 200 275 3.732e-06
2.89065 1.82408 200 275 3.70306e-06
2.8914 1.82408 200 275 3.66947e-06
2.89215 1.82408 200 275 3.631e-06
2.8929 1.82408 200 275 3.58749e-06
2.89365 1.82408 200 275 3.53897e-06
2.8944 1.82408 200 275 3.48557e-06
2.89515 1.82408 200 275 3.42759e-06
2.8959 1.82408 200 275 3.36543e-06
2.89665 1.82408 200 275 3.29958e-06
2.8974 1.82408 200 275 3.2306e-06
2.89815 1.82408 200 275 3.15907e-06
2.8989 1.82408 200 275 3.08556e-06
2.89965 1.82408 200 275 3.01061e-06
2.9004 1.82408 200 275 2.93474e-06
2.90115 1.82408 200 275 2.85835e-06
2.9019 1.82408 200 275 2.78181e-06
2.90265 1.82408 200 275 2.70544e-06
2.9034 1.82408 200 275 2.62948e-06
2.90415 1.82408 200 275 2.55413e-06
2.9049 1.82408 200 275 2.47953e-06
2.90565 1.82408 200 275 2.40582e-06
2.9064 1.82408 200 275 2.33311e-06
2.90715 1.82408 200 275 2.26151e-06
2.9079 1.82408 200 275 2.19113e-06
2.90865 1.82408 200 275 2.12208e-06
2.9094 1.82408 200 275 2.05445e-06
2.91015 1.82408 200 275 1.98837e-06
2.9109 1.82408 200 275 1.92394e-06
2.91165 1.82408 200 275 1.86127e-06
2.9124 1.82408 200 275 1.80045e-06
2.91315 1.82408 200 275 1.74161e-06
2.9139 1.82408 200 275 1.68476e-06
2.91465 1.82408 200 275 1.62998e-06
2.9154 1.82408 200 275 1.57731e-06
2.91615 1.82408 200 275 1.52679e-06
2.9169 1.82408 200 275 1.47841e-06
2.91765 1.82408 200 275 1.43218e-06
2.9184 1.82408 200 275 1.38806e-06
2.91915 1.82408 200 275 1.34604e-06
2.9199 1.82408 200 275 1.30607e-06
2.92065 1.82408 200 275 1.2681e-06
2.9214 1.82408 200 275 1.23207e-06
2.92215 1.82408 200 275 1.19793e-06
2.9229 1.82408 200 275 1.16561e-06
2.92365 1.82408 200 275 1.13505e-06
2.9244 1.82408 200 275 1.10618e-06
2.92515 1.82408 200 275 1.07894e-06
2.9259 1.82408 200 275 1.05325e-06
2.92665 1.82408 200 275 1.02906e-06
2.9274 1.82408 200 275 1.00631e-06
2.92815 1.82408 200 275 9.84933e-07
2.9289 1.82408 200 275 9.64871e-07
2.92965 1.82408 200 275 9.46071e-07
2.93041 1.82408 200 275 9.28481e-07
2.93116 1.82408 200 275 9.12044e-07
2.93191 1.82408 200 275 8.96713e-07
2.93266 1.82408 200 275 8.82441e-07
2.93341 1.82408 200 275 8.69182e-07
2.93416 1.82408 200 275 8.5689e-07
2.93491 1.82408 200 275 8.45522e-07
2.93566 1.82408 200 275 8.35035e-07
2.93641 1.82408 200 275 8.25392e-07
2.93716 1.82408 200 275 8.16542e-07
2.93791 1.82408 200 275 8.08449e-07
2.93866 1.82408 200 275 8.01072e-07
2.93941 1.82408 200 275 7.9437e-07
2.94016 1.82408 200 275 7.88305e-07
2.94091 1.82408 200 275 7.82838e-07
2.94166 1.82408 200 275 7.77929e-07
2.94241 1.82408 200 275 7.73542e-07
2.94316 1.82408 200 275 7.6964e-07
2.94391 1.82408 200 275 7.66187e-07
2.94466 1.82408 200 275 7.63149e-07
2.94541 1.82408 200 275 7.6049e-07
2.94616 1.82408 200 275 7.58178e-07
2.94691 1.82408 200 275 7.56176e-07
2.94766 1.82408 200 275 7.54458e-07
2.94841 1.82408 200 275 7.52989e-07
2.94916 1.82408 200 275 7.5174e-07
2.94991 1.82408 200 275 7.50682e-07
2.95066 1.82408 200 275 7.49792e-07
2.95141 1.82408 200 275 7.49048e-07
2.95216 1.82408 200 275 7.48435e-07
2.95291 1.82408 200 275 7.47945e-07
2.95366 1.82408 200 275 7.47575e-07
2.95441 1.82408 200 275 7.47333e-07
2.95516 1.82408 200 275 7.47229e-07
2.95591 1.82408 200 275 7.47286e-07
2.95666 1.82408 200 275 7.47534e-07
2.95741 1.82408 200 275 7.48008e-07
2.95816 1.82408 200 275 7.48748e-07
2.95891 1.82408 200 275 7.498e-07
2.95966 1.82408 200 275 7.51216e-07
2.96041 1.82408 200 275 7.53038e-07
2.96116 1.82408 200 275 7.55321e-07
2.96191 1.82408 200 275 7.58118e-07
2.96266 1.82408 200 275 7.61479e-07
2.96341 1.82408 200 275 7.65462e-07
2.96416 1.82408 200 275 7.70113e-07
2.96491 1.82408 200 275 7.75477e-07
2.96566 1.82408 200 275 7.8161e-07
2.96641 1.82408 200 275 7.88564e-07
2.96716 1.82408 200 275 7.9639e-07
2.96791 1.82408 200 275 8.05142e-07
2.96866 1.82408 200 275 8.14873e-07
2.96941 1.82408 200 275 8.2564e-07
2.97016 1.82408 200 275 8.37499e-07
2.97091 1.82408 200 275 8.50508e-07
2.97166 1.82408 200 275 8.64724e-07
2.97241 1.82408 200 275 8.80198e-07
2.97316 1.82408 200 275 8.96986e-07
2.97391 1.82408 200 275 9.15132e-07
2.97466 1.82408 200 275 9.34669e-07
2.97541 1.82408 200 275 9.55623e-07
2.97616 1.82408 200 275 9.78e-07
2.97691 1.82408 200 275 1.00179e-06
2.97766 1.82408 200 275 1.02697e-06
2.97841 1.82408 200 275 1.05348e-06
2.97916 1.82408 200 275 1.08124e-06
2.97991 1.82408 200 275 1.11018e-06
2.98066 1.82408 200 275 1.14016e-06
2.98141 1.82408 200 275 1.17107e-06
2.98216 1.82408 200 275 1.20276e-06
2.98291 1.82408 200 275 1.2351e-06
2.98366 1.82408 200 275 1.26795e-06
2.98441 1.82408 200 275 1.30117e-06
2.98516 1.82408 200 275 1.33463e-06
2.98591 1.82408 200 275 1.36826e-06
2.98666 1.82408 200 275 1.40195e-06
2.98741 1.82408 200 275 1.43567e-06
2.98816 1.82408 200 275 1.46937e-06
2.98891 1.82408 200 275 1.50306e-06
2.98966 1.82408 200 275 1.53675e-06
2.99042 1.82408 200 275 1.57046e-06
2.99117 1.82408 200 275 1.60422e-06
2.99192 1.82408 200 275 1.63808e-06
2.99267 1.82408 200 275 1.67205e-06
2.99342 1.82408 200 275 1.70613e-06
2.99417 1.82408 200 275 1.74031e-06
2.99492 1.82408 200 275 1.77448e-06
2.99567 1.82408 200 275 1.80856e-06
2.99642 1.82408 200 275 1.84233e-06
2.99717 1.82408 200 275 1.87556e-06
2.99792 1.82408 200 275 1.90792e-06
2.99867 1.82408 200 275 1.93904e-06
2.99942 1.82408 200 275 1.96837e-06
3.00017 1.82408 200 275 1.99559e-06
3.00092 1.82408 200 275 2.02006e-06
3.00167 1.82408 200 275 2.04123e-06
3.00242 1.82408 200 275 2.05853e-06
3.00317 1.82408 200 275 2.07146e-06
3.00392 1.82408 200 275 2.07954e-06
3.00467 1.82408 200 275 2.0824e-06
3.00542 1.82408 200 275 2.07974e-06
3.00617 1.82408 200 275 2.07142e-06
3.00692 1.82408 200 275 2.05743e-06
3.00767 1.82408 200 275 2.03788e-06
3.00842 1.82408 200 275 2.01301e-06
3.00917 1.82408 200 275 1.98319e-06
3.00992 1.82408 200 275 1.94889e-06
3.01067 1.82408 200 275 1.91062e-06
3.01142 1.82408 200 275 1.86897e-06
3.01217 1.82408 200 275 1.82454e-06
3.01292 1.82408 200 275 1.77792e-06
3.01367 1.82408 200 275 1.72971e-06
3.01442 1.82408 200 275 1.68045e-06
3.01517 1.82408 200 275 1.63064e-06
3.01592 1.82408 200 275 1.58073e-06
3.01667 1.82408 200 275 1.53112e-06
3.01742 1.82408 200 275 1.48215e-06
3.01817 1.82408 200 275 1.4341e-06
3.01892 1.82408 200 275 1.3872e-06
3.01967 1.82408 200 275 1.34163e-06
3.02042 1.82408 200 275 1.29753e-06
3.02117 1.82408 200 275 1.255e-06
3.02192 1.82408 200 275 1.21411e-06
3.02267 1.82408 200 275 1.1749e-06
3.02342 1.82408 200 275 1.13739e-06
3.02417 1.82408 200 275 1.10157e-06
3.02492 1.82408 200 275 1.06743e-06
3.02567 1.82408 200 275 1.03493e-06
3.02642 1.82408 200 275 1.00404e-06
3.02717 1.82408 200 275 9.74715e-07
3.02792 1.82408 200 275 9.46896e-07
3.02867 1.82408 200 275 9.2053e-07
3.02942 1.82408 200 275 8.9556e-07
3.03017 1.82408 200 275 8.71927e-07
3.03092 1.82408 200 275 8.49572e-07
3.03167 1.82408 200 275 8.28435e-07
3.03242 1.82408 200 275 8.08459e-07
3.03317 1.82408 200 275 7.89585e-07
3.03392 1.82408 200 275 7.7176e-07
3.03467 1.82408 200 275 7.54928e-07
3.03542 1.82408 200 275 7.39037e-07
3.03617 1.82408 200 275 7.24038e-07
3.03692 1.82408 200 275 7.09882e-07
3.03767 1.82408 200 275 6.96524e-07
3.03842 1.82408 200 275 6.83921e-07
3.03917 1.82408 200 275 6.72031e-07
3.03992 1.82408 200 275 6.60816e-07
3.04067 1.82408 200 275 6.50242e-07
3.04142 1.82408 200 275 6.40273e-07
3.04217 1.82408 200 275 6.3088e-07
3.04292 1.82408 200 275 6.22036e-07
3.04367 1.82408 200 275 6.13714e-07
3.04442 1.82408 200 275 6.05893e-07
3.04517 1.82408 200 275 5.9855e-07
3.04592 1.82408 200 275 5.91666e-07
3.04667 1.82408 200 275 5.85227e-07
3.04742 1.82408 200 275 5.79216e-07
3.04817 1.82408 200 275 5.73622e-07
3.04892 1.82408 200 275 5.68431e-07
3.04967 1.82408 200 275 5.63636e-07
3.05043 1.82408 200 275 5.59228e-07
3.05118 1.82408 200 275 5.55199e-07
3.05193 1.82408 200 275 5.51548e-07
3.05268 1.82408 200 275 5.48273e-07
3.05343 1.82408 200 275 5.45373e-07
3.05418 1.82408 200 275 5.42855e-07
3.05493 1.82408 200 275 5.40724e-07
3.05568 1.82408 200 275 5.38994e-07
3.05643 1.82408 200 275 5.37681e-07
3.05718 1.82408 200 275 5.36808e-07
3.05793 1.82408 200 275 5.36404e-07
3.05868 1.82408 200 275 5.36495e-07
3.05943 1.82408 200 275 5.37141e-07
3.06018 1.82408 200 275 5.38383e-07
3.06093 1.82408 200 275 5.4028e-07
3.06168 1.82408 200 275 5.42897e-07
3.06243 1.82408 200 275 5.46307e-07
3.06318 1.82408 200 275 5.50588e-07
3.06393 1.82408 200 275 5.55817e-07
3.06468 1.82408 200 275 5.62074e-07
3.06543 1.82408 200 275 5.69437e-07
3.06618 1.82408 200 275 5.77972e-07
3.06693 1.82408 200 275 5.87736e-07
3.06768 1.82408 200 275 5.98763e-07
3.06843 1.82408 200 275 6.11069e-07
3.06918 1.82408 200 275 6.2464e-07
3.06993 1.82408 200 275 6.39432e-07
3.07068 1.82408 200 275 6.5537e-07
3.07143 1.82408 200 275 6.72348e-07
3.07218 1.82408 200 275 6.90231e-07
3.07293 1.82408 200 275 7.0886e-07
3.07368 1.82408 200 275 7.28058e-07
3.07443 1.82408 200 275 7.47639e-07
3.07518 1.82408 200 275 7.67412e-07
3.07593 1.82408 200 275 7.87192e-07
3.07668 1.82408 200 275 8.06811e-07
3.07743 1.82408 200 275 8.26117e-07
3.07818 1.82408 200 275 8.44985e-07
3.07893 1.82408 200 275 8.63324e-07
3.07968 1.82408 200 275 8.81074e-07
3.08043 1.82408 200 275 8.98209e-07
3.08118 1.82408 200 275 9.14738e-07
3.08193 1.82408 200 275 9.30707e-07
3.08268 1.82408 200 275 9.46187e-07
3.08343 1.82408 200 275 9.61274e-07
3.08418 1.82408 200 275 9.76094e-07
3.08493 1.82408 200 275 9.90785e-07
3.08568 1.82408 200 275 1.0055e-06
3.08643 1.82408 200 275 1.0204e-06
3.08718 1.82408 200 275 1.03564e-06
3.08793 1.82408 200 275 1.05138e-06
3.08868 1.82408 200 275 1.06777e-06
3.08943 1.82408 200 275 1.08495e-06
3.09018 1.82408 200 275 1.10305e-06
3.09093 1.82408 200 275 1.12219e-06
3.09168 1.82408 200 275 1.14244e-06
3.09243 1.82408 200 275 1.16389e-06
3.09318 1.82408 200 275 1.18708e-06
3.09393 1.82408 200 275 1.21107e-06
3.09468 1.82408 200 275 1.23633e-06
3.09543 1.82408 200 275 1.26285e-06
3.09618 1.82408 200 275 1.29057e-06
3.09693 1.82408 200 275 1.3194e-06
3.09768 1.82408 200 275 1.34921e-06
3.09843 1.82408 200 275 1.37986e-06
3.09918 1.82408 200 275 1.41113e-06
3.09993 1.82408 200 275 1.4428e-06
3.10068 1.82408 200 275 1.47458e-06
3.10143 1.82408 200 275 1.50617e-06
3.10218 1.82408 200 275 1.53722e-06
3.10293 1.82408 200 275 1.56734e-06
3.10368 1.82408 200 275 1.59614e-06
3.10443 1.82408 200 275 1.62322e-06
3.10518 1.82408 200 275 1.64815e-06
3.10593 1.82408 200 275 1.67054e-06
3.10668 1.82408 200 275 1.69002e-06
3.10743 1.82408 200 275 1.70627e-06
3.10818 1.82408 200 275 1.71902e-06
3.10893 1.82408 200 275 1.72805e-06
3.10968 1.82408 200 275 1.73326e-06
3.11044 1.82408 200 275 1.73459e-06
3.11119 1.82408 200 275 1.7321e-06
3.11194 1.82408 200 275 1.7259e-06
3.11269 1.82408 200 275 1.71618e-06
3.11344 1.82408 200 275 1.70321e-06
3.11419 1.82408 200 275 1.68728e-06
3.11494 1.82408 200 275 1.66873e-06
3.11569 1.82408 200 275 1.64793e-06
3.11644 1.82408 200 275 1.62522e-06
3.11719 1.82408 200 275 1.60098e-06
3.11794 1.82408 200 275 1.57554e-06
3.11869 1.82408 200 275 1.54922e-06
3.11944 1.82408 200 275 1.52232e-06
3.12019 1.82408 200 275 1.49511e-06
3.12094 1.82408 200 275 1.46782e-06
3.12169 1.82408 200 275 1.44067e-06
3.12244 1.82408 200 275 1.41386e-06
3.12319 1.82408 200 275 1.38755e-06
3.12394 1.82408 200 275 1.36189e-06
3.12469 1.82408 200 275 1.33703e-06
3.12544 1.82408 200 275 1.31309e-06
3.12619 1.82408 200 275 1.2902e-06
3.12694 1.82408 200 275 1.26843e-06
3.12769 1.82408 200 275 1.24789e-06
3.12844 1.82408 200 275 1.22866e-06
3.12919 1.82408 200 275 1.21081e-06
3.12994 1.82408 200 275 1.19442e-06
3.13069 1.82408 200 275 1.17952e-06
3.13144 1.82408 200 275 1.16617e-06
3.13219 1.82408 200 275 1.15439e-06
3.13294 1.82408 200 275 1.14421e-06
3.13369 1.82408 200 275 1.13562e-06
3.13444 1.82408 200 275 1.12864e-06
3.13519 1.82408 200 275 1.12325e-06
3.13594 1.82408 200 275 1.11943e-06
3.13669 1.82408 200 275 1.11713e-06
3.13744 1.82408 200 275 1.11631e-06
3.13819 1.82408 200 275 1.1169e-06
3.13894 1.82408 200 275 1.11884e-06
3.13969 1.82408 200 275 1.12202e-06
3.14044 1.82408 200 275 1.12635e-06
3.14119 1.82408 200 275 1.13168e-06
3.14194 1.82408 200 275 1.13789e-06
3.14269 1.82408 200 275 1.14481e-06
3.14344 1.82408 200 275 1.15228e-06
3.14419 1.82408 200 275 1.16011e-06
3.14494 1.82408 200 275 1.16811e-06
3.14569 1.82408 200 275 1.17607e-06
3.14644 1.82408 200 275 1.1838e-06
3.14719 1.82408 200 275 1.1911e-06
3.14794 1.82408 200 275 1.19777e-06
3.14869 1.82408 200 275 1.20364e-06
3.14944 1.82408 200 275 1.20856e-06
3.15019 1.82408 200 275 1.21239e-06
3.15094 1.82408 200 275 1.21503e-06
3.15169 1.82408 200 275 1.2164e-06
3.15244 1.82408 200 275 1.21646e-06
3.15319 1.82408 200 275 1.21518e-06
3.15394 1.82408 200 275 1.21258e-06
3.15469 1.82408 200 275 1.20867e-06
3.15544 1.82408 200 275 1.20351e-06
3.15619 1.82408 200 275 1.19714e-06
3.15694 1.82408 200 275 1.18962e-06
3.15769 1.82408 200 275 1.18103e-06
3.15844 1.82408 200 275 1.17144e-06
3.15919 1.82408 200 275 1.1609e-06
3.15994 1.82408 200 275 1.14951e-06
3.16069 1.82408 200 275 1.13733e-06
3.16144 1.82408 200 275 1.12444e-06
3.16219 1.82408 200 275 1.11091e-06
3.16294 1.82408 200 275 1.09685e-06
3.16369 1.82408 200 275 1.08234e-06
3.16444 1.82408 200 275 1.06748e-06
3.16519 1.82408 200 275 1.05237e-06
3.16594 1.82408 200 275 1.03712e-06
3.16669 1.82408 200 275 1.02183e-06
3.16744 1.82408 200 275 1.00659e-06
3.16819 1.82408 200 275 9.91513e-07
3.16894 1.82408 200 275 9.76672e-07
3.16969 1.82408 200 275 9.62148e-07
3.17045 1.82408 200 275 9.48001e-07
3.1712 1.82408 200 275 9.3428e-07
3.17195 1.82408 200 275 9.21016e-07
3.1727 1.82408 200 275 9.08223e-07
3.17345 1.82408 200 275 8.959e-07
3.1742 1.82408 200 275 8.84029e-07
3.17495 1.82408 200 275 8.72575e-07
3.1757 1.82408 200 275 8.61493e-07
3.17645 1.82408 200 275 8.50724e-07
3.1772 1.82408 200 275 8.402e-07
3.17795 1.82408 200 275 8.29847e-07
3.1787 1.82408 200 275 8.19588e-07
3.17945 1.82408 200 275 8.09345e-07
3.1802 1.82408 200 275 7.99047e-07
3.18095 1.82408 200 275 7.88627e-07
3.1817 1.82408 200 275 7.78022e-07
3.18245 1.82408 200 275 7.672e-07
3.1832 1.82408 200 275 7.56125e-07
3.18395 1.82408 200 275 7.44782e-07
3.1847 1.82408 200 275 7.33171e-07
3.18545 1.82408 200 275 7.213e-07
3.1862 1.82408 200 275 7.09206e-07
3.18695 1.82408 200 275 6.9692e-07
3.1877 1.82408 200 275 6.84486e-07
3.18845 1.82408 200 275 6.71954e-07
3.1892 1.82408 200 275 6.59377e-07
3.18995 1.82408 200 275 6.46802e-07
3.1907 1.82408 200 275 6.34279e-07
3.19145 1.82408 200 275 6.21853e-07
3.1922 1.82408 200 275 6.09564e-07
3.19295 1.82408 200 275 5.97443e-07
3.1937 1.82408 200 275 5.85524e-07
3.19445 1.82408 200 275 5.73819e-07
3.1952 1.82408 200 275 5.6235e-07
3.19595 1.82408 200 275 5.5113e-07
3.1967 1.82408 200 275 5.40167e-07
3.19745 1.82408 200 275 5.29471e-07
3.1982 1.82408 200 275 5.19046e-07
3.19895 1.82408 200 275 5.08898e-07
3.1997 1.82408 200 275 4.99029e-07
3.20045 1.82408 200 275 4.89456e-07
3.2012 1.82408 200 275 4.80184e-07
3.20195 1.82408 200 275 4.71228e-07
3.2027 1.82408 200 275 4.62603e-07
3.20345 1.82408 200 275 4.54331e-07
3.2042 1.82408 200 275 4.46439e-07
3.20495 1.82408 200 275 4.3896e-07
3.2057 1.82408 200 275 4.31932e-07
3.20645 1.82408 200 275 4.25401e-07
3.2072 1.82408 200 275 4.19419e-07
3.20795 1.82408 200 275 4.14044e-07
3.2087 1.82408 200 275 4.09339e-07
3.20945 1.82408 200 275 4.0537e-07
3.2102 1.82408 200 275 4.02207e-07
3.21095 1.82408 200 275 3.99917e-07
3.2117 1.82408 200 275 3.98565e-07
3.21245 1.82408 200 275 3.98205e-07
3.2132 1.82408 200 275 3.98887e-07
3.21395 1.82408 200 275 4.0064e-07
3.2147 1.82408 200 275 4.03478e-07
3.21545 1.82408 200 275 4.07396e-07
3.2162 1.82408 200 275 4.12367e-07
3.21695 1.82408 200 275 4.18346e-07
3.2177 1.82408 200 275 4.25255e-07
3.21845 1.82408 200 275 4.33032e-07
3.2192 1.82408 200 275 4.41569e-07
3.21995 1.82408 200 275 4.50765e-07
3.2207 1.82408 200 275 4.60513e-07
3.22145 1.82408 200 275 4.70709e-07
3.2222 1.82408 200 275 4.81258e-07
3.22295 1.82408 200 275 4.92073e-07
3.2237 1.82408 200 275 5.03081e-07
3.22445 1.82408 200 275 5.14227e-07
3.2252 1.82408 200 275 5.25469e-07
3.22595 1.82408 200 275 5.36783e-07
3.2267 1.82408 200 275 5.48158e-07
3.22745 1.82408 200 275 5.59601e-07
3.2282 1.82408 200 275 5.71128e-07
3.22895 1.82408 200 275 5.82765e-07
3.2297 1.82408 200 275 5.94546e-07
3.23046 1.82408 200 275 6.0652e-07
3.23121 1.82408 200 275 6.18731e-07
3.23196 1.82408 200 275 6.31229e-07
3.23271 1.82408 200 275 6.44066e-07
3.23346 1.82408 200 275 6.57296e-07
3.23421 1.82408 200 275 6.70969e-07
3.23496 1.82408 200 275 6.85137e-07
3.23571 1.82408 200 275 6.99845e-07
3.23646 1.82408 200 275 7.15137e-07
3.23721 1.82408 200 275 7.3105e-07
3.23796 1.82408 200 275 7.47615e-07
3.23871 1.82408 200 275 7.64856e-07
3.23946 1.82408 200 275 7.82789e-07
3.24021 1.82408 200 275 8.01418e-07
3.24096 1.82408 200 275 8.20742e-07
3.24171 1.82408 200 275 8.40734e-07
3.24246 1.82408 200 275 8.61364e-07
3.24321 1.82408 200 275 8.82584e-07
3.24396 1.82408 200 275 9.04328e-07
3.24471 1.82408 200 275 9.26506e-07
3.24546 1.82408 200 275 9.49015e-07
3.24621 1.82408 200 275 9.71729e-07
3.24696 1.82408 200 275 9.94502e-07
3.24771 1.82408 200 275 1.01717e-06
3.24846 1.82408 200 275 1.03954e-06
3.24921 1.82408 200 275 1.06143e-06
3.24996 1.82408 200 275 1.08262e-06
3.25071 1.82408 200 275 1.1029e-06
3.25146 1.82408 200 275 1.12205e-06
3.25221 1.82408 200 275 1.13988e-06
3.25296 1.82408 200 275 1.1562e-06
3.25371 1.82408 200 275 1.17084e-06
3.25446 1.82408 200 275 1.18368e-06
3.25521 1.82408 200 275 1.19463e-06
3.25596 1.82408 200 275 1.20362e-06
3.25671 1.82408 200 275 1.21066e-06
3.25746 1.82408 200 275 1.21578e-06
3.25821 1.82408 200 275 1.21906e-06
3.25896 1.82408 200 275 1.2206e-06
3.25971 1.82408 200 275 1.22057e-06
3.26046 1.82408 200 275 1.21911e-06
3.26121 1.82408 200 275 1.21641e-06
3.26196 1.82408 200 275 1.21265e-06
3.26271 1.82408 200 275 1.20801e-06
3.26346 1.82408 200 275 1.20267e-06
3.26421 1.82408 200 275 1.1968e-06
3.26496 1.82408 200 275 1.19056e-06
3.26571 1.82408 200 275 1.18404e-06
3.26646 1.82408 200 275 1.17745e-06
3.26721 1.82408 200 275 1.17087e-06
3.26796 1.82408 200 275 1.16441e-06
3.26871 1.82408 200 275 1.15817e-06
3.26946 1.82408 200 275 1.15224e-06
3.27021 1.82408 200 275 1.14671e-06
3.27096 1.82408 200 275 1.14167e-06
3.27171 1.82408 200 275 1.1372e-06
3.27246 1.82408 200 275 1.1334e-06
3.27321 1.82408 200 275 1.13035e-06
3.27396 1.82408 200 275 1.12814e-06
3.27471 1.82408 200 275 1.12684e-06
3.27546 1.82408 200 275 1.12653e-06
3.27621 1.82408 200 275 1.12729e-06
3.27696 1.82408 200 275 1.12919e-06
3.27771 1.82408 200 275 1.13229e-06
3.27846 1.82408 200 275 1.13665e-06
3.27921 1.82408 200 275 1.14231e-06
3.27996 1.82408 200 275 1.14931e-06
3.28071 1.82408 200 275 1.15767e-06
3.28146 1.82408 200 275 1.16742e-06
3.28221 1.82408 200 275 1.17855e-06
3.28296 1.82408 200 275 1.19106e-06
3.28371 1.82408 200 275 1.20493e-06
3.28446 1.82408 200 275 1.22011e-06
3.28521 1.82408 200 275 1.23654e-06
3.28596 1.82408 200 275 1.25416e-06
3.28671 1.82408 200 275 1.27287e-06
3.28746 1.82408 200 275 1.29255e-06
3.28821 1.82408 200 275 1.31307e-06
3.28896 1.82408 200 275 1.33426e-06
3.28971 1.82408 200 275 1.35595e-06
3.29047 1.82408 200 275 1.37792e-06
3.29122 1.82408 200 275 1.39995e-06
3.29197 1.82408 200 275 1.4218e-06
3.29272 1.82408 200 275 1.44321e-06
3.29347 1.82408 200 275 1.46391e-06
3.29422 1.82408 200 275 1.48364e-06
3.29497 1.82408 200 275 1.50214e-06
3.29572 1.82408 200 275 1.51916e-06
3.29647 1.82408 200 275 1.53447e-06
3.29722 1.82408 200 275 1.5479e-06
3.29797 1.82408 200 275 1.5593e-06
3.29872 1.82408 200 275 1.56856e-06
3.29947 1.82408 200 275 1.57564e-06
3.30022 1.82408 200 275 1.58055e-06
3.30097 1.82408 200 275 1.58336e-06
3.30172 1.82408 200 275 1.5842e-06
3.30247 1.82408 200 275 1.58322e-06
3.30322 1.82408 200 275 1.58065e-06
3.30397 1.82408 200 275 1.57674e-06
3.30472 1.82408 200 275 1.57175e-06
3.30547 1.82408 200 275 1.566e-06
3.30622 1.82408 200 275 1.55977e-06
3.30697 1.82408 200 275 1.55338e-06
3.30772 1.82408 200 275 1.5471e-06
3.30847 1.82408 200 275 1.54124e-06
3.30922 1.82408 200 275 1.53605e-06
3.30997 1.82408 200 275 1.53176e-06
3.31072 1.82408 200 275 1.52861e-06
3.31147 1.82408 200 275 1.52678e-06
3.31222 1.82408 200 275 1.52644e-06
3.31297 1.82408 200 275 1.52773e-06
3.31372 1.82408 200 275 1.53077e-06
3.31447 1.82408 200 275 1.53565e-06
3.31522 1.82408 200 275 1.54243e-06
3.31597 1.82408 200 275 1.55114e-06
3.31672 1.82408 200 275 1.56181e-06
3.31747 1.82408 200 275 1.57441e-06
3.31822 1.82408 200 275 1.5889e-06
3.31897 1.82408 200 275 1.6052e-06
3.31972 1.82408 200 275 1.62322e-06
3.32047 1.82408 200 275 1.64282e-06
3.32122 1.82408 200 275 1.66383e-06
3.32197 1.82408 200 275 1.68604e-06
3.32272 1.82408 200 275 1.70921e-06
3.32347 1.82408 200 275 1.73306e-06
3.32422 1.82408 200 275 1.75728e-06
3.32497 1.82408 200 275 1.78152e-06
3.32572 1.82408 200 275 1.80539e-06
3.32647 1.82408 200 275 1.8285e-06
3.32722 1.82408 200 275 1.85041e-06
3.32797 1.82408 200 275 1.8707e-06
3.32872 1.82408 200 275 1.88894e-06
3.32947 1.82408 200 275 1.90471e-06
3.33022 1.82408 200 275 1.91764e-06
3.33097 1.82408 200 275 1.92737e-06
3.33172 1.82408 200 275 1.93363e-06
3.33247 1.82408 200 275 1.9362e-06
3.33322 1.82408 200 275 1.93495e-06
3.33397 1.82408 200 275 1.92981e-06
3.33472 1.82408 200 275 1.92082e-06
3.33547 1.82408 200 275 1.90808e-06
3.33622 1.82408 200 275 1.89178e-06
3.33697 1.82408 200 275 1.87218e-06
3.33772 1.82408 200 275 1.84958e-06
3.33847 1.82408 200 275 1.82434e-06
3.33922 1.82408 200 275 1.79682e-06
3.33997 1.82408 200 275 1.76743e-06
3.34072 1.82408 200 275 1.73653e-06
3.34147 1.82408 200 275 1.70453e-06
3.34222 1.82408 200 275 1.67177e-06
3.34297 1.82408 200 275 1.63856e-06
3.34372 1.82408 200 275 1.60521e-06
3.34447 1.82408 200 275 1.57196e-06
3.34522 1.82408 200 275 1.53902e-06
3.34597 1.82408 200 275 1.50658e-06
3.34672 1.82408 200 275 1.47475e-06
3.34747 1.82408 200 275 1.44365e-06
3.34822 1.82408 200 275 1.41334e-06
3.34897 1.82408 200 275 1.38382e-06
3.34972 1.82408 200 275 1.35513e-06
3.35048 1.82408 200 275 1.32857e-06
3.35123 1.82408 200 275 1.30141e-06
3.35198 1.82408 200 275 1.27497e-06
3.35273 1.82408 200 275 1.24921e-06
3.35348 1.82408 200 275 1.22407e-06
3.35423 1.82408 200 275 1.19949e-06
3.35498 1.82408 200 275 1.1754e-06
3.35573 1.82408 200 275 1.15177e-06
3.35648 1.82408 200 275 1.12853e-06
3.35723 1.82408 200 275 1.10563e-06
3.35798 1.82408 200 275 1.08304e-06
3.35873 1.82408 200 275 1.06073e-06
3.35948 1.82408 200 275 1.03869e-06
3.36023 1.82408 200 275 1.0169e-06
3.36098 1.82408 200 275 9.95348e-07
3.36173 1.82408 200 275 9.74045e-07
3.36248 1.82408 200 275 9.52999e-07
3.36323 1.82408 200 275 9.32225e-07
3.36398 1.82408 200 275 9.11744e-07
3.36473 1.82408 200 275 8.91578e-07
3.36548 1.82408 200 275 8.7176e-07
3.36623 1.82408 200 275 8.52324e-07
3.36698 1.82408 200 275 8.33293e-07
3.36773 1.82408 200 275 8.14704e-07
3.36848 1.82408 200 275 7.96591e-07
3.36923 1.82408 200 275 7.78986e-07
3.36998 1.82408 200 275 7.61916e-07
3.37073 1.82408 200 275 7.4541e-07
3.37148 1.82408 200 275 7.29488e-07
3.37223 1.82408 200 275 7.14175e-07
3.37298 1.82408 200 275 6.99483e-07
3.37373 1.82408 200 275 6.85425e-07
3.37448 1.82408 200 275 6.72006e-07
3.37523 1.82408 200 275 6.59227e-07
3.37598 1.82408 200 275 6.4709e-07
3.37673 1.82408 200 275 6.35586e-07
3.37748 1.82408 200 275 6.24705e-07
3.37823 1.82408 200 275 6.14435e-07
3.37898 1.82408 200 275 6.04759e-07
3.37973 1.82408 200 275 5.95659e-07
3.38048 1.82408 200 275 5.87116e-07
3.38123 1.82408 200 275 5.79108e-07
3.38198 1.82408 200 275 5.71617e-07
3.38273 1.82408 200 275 5.6462e-07
3.38348 1.82408 200 275 5.58099e-07
3.38423 1.82408 200 275 5.52037e-07
3.38498 1.82408 200 275 5.46416e-07
3.38573 1.82408 200 275 5.41221e-07
3.38648 1.82408 200 275 5.3644e-07
3.38723 1.82408 200 275 5.32061e-07
3.38798 1.82408 200 275 5.28075e-07
3.38873 1.82408 200 275 5.24475e-07
3.38948 1.82408 200 275 5.21253e-07
3.39023 1.82408 200 275 5.18406e-07
3.39098 1.82408 200 275 5.1593e-07
3.39173 1.82408 200 275 5.13825e-07
3.39248 1.82408 200 275 5.1209e-07
3.39323 1.82408 200 275 5.10726e-07
3.39398 1.82408 200 275 5.09737e-07
3.39473 1.82408 200 275 5.09128e-07
3.39548 1.82408 200 275 5.08904e-07
3.39623 1.82408 200 275 5.09073e-07
3.39698 1.82408 200 275 5.09645e-07
3.39773 1.82408 200 275 5.10632e-07
3.39848 1.82408 200 275 5.12048e-07
3.39923 1.82408 200 275 5.13908e-07
3.39998 1.82408 200 275 5.16229e-07
3.40073 1.82408 200 275 5.19033e-07
3.40148 1.82408 200 275 5.22339e-07
3.40223 1.82408 200 275 5.26172e-07
3.40298 1.82408 200 275 5.30554e-07
3.40373 1.82408 200 275 5.35512e-07
3.40448 1.82408 200 275 5.41069e-07
3.40523 1.82408 200 275 5.47247e-07
3.40598 1.82408 200 275 5.54068e-07
3.40673 1.82408 200 275 5.61524e-07
3.40748 1.82408 200 275 5.69676e-07
3.40823 1.82408 200 275 5.78505e-07
3.40898 1.82408 200 275 5.88011e-07
3.40973 1.82408 200 275 5.98184e-07
3.41049 1.82408 200 275 6.09002e-07
3.41124 1.82408 200 275 6.20444e-07
3.41199 1.82408 200 275 6.3247e-07
3.41274 1.82408 200 275 6.45039e-07
3.41349 1.82408 200 275 6.581e-07
3.41424 1.82408 200 275 6.716e-07
3.41499 1.82408 200 275 6.85475e-07
3.41574 1.82408 200 275 6.99693e-07
3.41649 1.82408 200 275 7.14197e-07
3.41724 1.82408 200 275 7.28945e-07
3.41799 1.82408 200 275 7.43906e-07
3.41874 1.82408 200 275 7.59061e-07
3.41949 1.82408 200 275 7.74334e-07
3.42024 1.82408 200 275 7.89872e-07
3.42099 1.82408 200 275 8.05622e-07
3.42174 1.82408 200 275 8.21616e-07
3.42249 1.82408 200 275 8.37895e-07
3.42324 1.82408 200 275 8.54512e-07
3.42399 1.82408 200 275 8.71523e-07
3.42474 1.82408 200 275 8.88991e-07
3.42549 1.82408 200 275 9.06981e-07
3.42624 1.82408 200 275 9.25556e-07
3.42699 1.82408 200 275 9.44778e-07
3.42774 1.82408 200 275 9.64699e-07
3.42849 1.82408 200 275 9.85371e-07
3.42924 1.82408 200 275 1.00683e-06
3.42999 1.82408 200 275 1.02909e-06
3.43074 1.82408 200 275 1.05218e-06
3.43149 1.82408 200 275 1.07608e-06
3.43224 1.82408 200 275 1.10077e-06
3.43299 1.82408 200 275 1.1262e-06
3.43374 1.82408 200 275 1.15231e-06
3.43449 1.82408 200 275 1.179e-06
3.43524 1.82408 200 275 1.20616e-06
3.43599 1.82408 200 275 1.23364e-06
3.43674 1.82408 200 275 1.26126e-06
3.43749 1.82408 200 275 1.28882e-06
3.43824 1.82408 200 275 1.31611e-06
3.43899 1.82408 200 275 1.34285e-06
3.43974 1.82408 200 275 1.36878e-06
3.44049 1.82408 200 275 1.3936e-06
3.44124 1.82408 200 275 1.417e-06
3.44199 1.82408 200 275 1.43868e-06
3.44274 1.82408 200 275 1.4583e-06
3.44349 1.82408 200 275 1.47558e-06
3.44424 1.82408 200 275 1.49023e-06
3.44499 1.82408 200 275 1.502e-06
3.44574 1.82408 200 275 1.51066e-06
3.44649 1.82408 200 275 1.51606e-06
3.44724 1.82408 200 275 1.51806e-06
3.44799 1.82408 200 275 1.51661e-06
3.44874 1.82408 200 275 1.5117e-06
3.44949 1.82408 200 275 1.50339e-06
3.45024 1.82408 200 275 1.49178e-06
3.45099 1.82408 200 275 1.47703e-06
3.45174 1.82408 200 275 1.45935e-06
3.45249 1.82408 200 275 1.43899e-06
3.45324 1.82408 200 275 1.41622e-06
3.45399 1.82408 200 275 1.39132e-06
3.45474 1.82408 200 275 1.36461e-06
3.45549 1.82408 200 275 1.33639e-06
3.45624 1.82408 200 275 1.30697e-06
3.45699 1.82408 200 275 1.27664e-06
3.45774 1.82408 200 275 1.24567e-06
3.45849 1.82408 200 275 1.21433e-06
3.45924 1.82408 200 275 1.18285e-06
3.45999 1.82408 200 275 1.15144e-06
3.46074 1.82408 200 275 1.1203e-06
3.46149 1.82408 200 275 1.08957e-06
3.46224 1.82408 200 275 1.0594e-06
3.46299 1.82408 200 275 1.0299e-06
3.46374 1.82408 200 275 1.00118e-06
3.46449 1.82408 200 275 9.733e-07
3.46524 1.82408 200 275 9.46321e-07
3.46599 1.82408 200 275 9.20287e-07
3.46674 1.82408 200 275 8.9523e-07
3.46749 1.82408 200 275 8.71165e-07
3.46824 1.82408 200 275 8.48104e-07
3.46899 1.82408 200 275 8.26045e-07
3.46974 1.82408 200 275 8.04982e-07
3.4705 1.82408 200 275 7.84904e-07
3.47125 1.82408 200 275 7.65793e-07
3.472 1.82408 200 275 7.47631e-07
3.47275 1.82408 200 275 7.30395e-07
3.4735 1.82408 200 275 7.14061e-07
3.47425 1.82408 200 275 6.98604e-07
3.475 1.82408 200 275 6.83997e-07
3.47575 1.82408 200 275 6.70217e-07
3.4765 1.82408 200 275 6.57232e-07
3.47725 1.82408 200 275 6.45019e-07
3.478 1.82408 200 275 6.33552e-07
3.47875 1.82408 200 275 6.22806e-07
3.4795 1.82408 200 275 6.12758e-07
3.48025 1.82408 200 275 6.03384e-07
3.481 1.82408 200 275 5.94664e-07
3.48175 1.82408 200 275 5.86575e-07
3.4825 1.82408 200 275 5.79098e-07
3.48325 1.82408 200 275 5.72215e-07
3.484 1.82408 200 275 5.65909e-07
3.48475 1.82408 200 275 5.60164e-07
3.4855 1.82408 200 275 5.54964e-07
3.48625 1.82408 200 275 5.50297e-07
3.487 1.82408 200 275 5.46149e-07
3.48775 1.82408 200 275 5.42511e-07
3.4885 1.82408 200 275 5.39372e-07
3.48925 1.82408 200 275 5.36723e-07
3.49 1.82408 200 275 5.34559e-07
3.49075 1.82408 200 275 5.32872e-07
3.4915 1.82408 200 275 5.31659e-07
3.49225 1.82408 200 275 5.30916e-07
3.493 1.82408 200 275 5.30642e-07
3.49375 1.82408 200 275 5.30837e-07
3.4945 1.82408 200 275 5.315e-07
3.49525 1.82408 200 275 5.32635e-07
3.496 1.82408 200 275 5.34243e-07
3.49675 1.82408 200 275 5.3633e-07
3.4975 1.82408 200 275 5.38901e-07
3.49825 1.82408 200 275 5.41962e-07
3.499 1.82408 200 275 5.4552e-07
3.49975 1.82408 200 275 5.49583e-07
3.5005 1.82408 200 275 5.54158e-07
3.50125 1.82408 200 275 5.59252e-07
3.502 1.82408 200 275 5.64875e-07
3.50275 1.82408 200 275 5.71032e-07
3.5035 1.82408 200 275 5.77731e-07
3.50425 1.82408 200 275 5.84975e-07
3.505 1.82408 200 275 5.92768e-07
3.50575 1.82408 200 275 6.01111e-07
3.5065 1.82408 200 275 6.09999e-07
3.50725 1.82408 200 275 6.19427e-07
3.508 1.82408 200 275 6.29382e-07
3.50875 1.82408 200 275 6.39847e-07
3.5095 1.82408 200 275 6.50798e-07
3.51025 1.82408 200 275 6.62205e-07
3.511 1.82408 200 275 6.74028e-07
3.51175 1.82408 200 275 6.8622e-07
3.5125 1.82408 200 275 6.98725e-07
3.51325 1.82408 200 275 7.11478e-07
3.514 1.82408 200 275 7.24408e-07
3.51475 1.82408 200 275 7.37433e-07
3.5155 1.82408 200 275 7.50466e-07
3.51625 1.82408 200 275 7.63415e-07
3.517 1.82408 200 275 7.76186e-07
3.51775 1.82408 200 275 7.88683e-07
3.5185 1.82408 200 275 8.00811e-07
3.51925 1.82408 200 275 8.12482e-07
3.52 1.82408 200 275 8.23615e-07
3.52075 1.82408 200 275 8.34139e-07
3.5215 1.82408 200 275 8.43998e-07
3.52225 1.82408 200 275 8.53152e-07
3.523 1.82408 200 275 8.61576e-07
3.52375 1.82408 200 275 8.69266e-07
3.5245 1.82408 200 275 8.76236e-07
3.52525 1.82408 200 275 8.82506e-07
3.526 1.82408 200 275 8.88147e-07
3.52675 1.82408 200 275 8.93208e-07
3.5275 1.82408 200 275 8.97761e-07
3.52825 1.82408 200 275 9.01884e-07
3.529 1.82408 200 275 9.05653e-07
3.52975 1.82408 200 275 9.09168e-07
3.53051 1.82408 200 275 9.12491e-07
3.53126 1.82408 200 275 9.15701e-07
3.53201 1.82408 200 275 9.18862e-07
3.53276 1.82408 200 275 9.22031e-07
3.53351 1.82408 200 275 9.25252e-07
3.53426 1.82408 200 275 9.2856e-07
3.53501 1.82408 200 275 9.31977e-07
3.53576 1.82408 200 275 9.35516e-07
3.53651 1.82408 200 275 9.39176e-07
3.53726 1.82408 200 275 9.42945e-07
3.53801 1.82408 200 275 9.46801e-07
3.53876 1.82408 200 275 9.50709e-07
3.53951 1.82408 200 275 9.54624e-07
3.54026 1.82408 200 275 9.58491e-07
3.54101 1.82408 200 275 9.62239e-07
3.54176 1.82408 200 275 9.65792e-07
3.54251 1.82408 200 275 9.69066e-07
3.54326 1.82408 200 275 9.71968e-07
3.54401 1.82408 200 275 9.74402e-07
3.54476 1.82408 200 275 9.76268e-07
3.54551 1.82408 200 275 9.77468e-07
3.54626 1.82408 200 275 9.77908e-07
3.54701 1.82408 200 275 9.775e-07
3.54776 1.82408 200 275 9.76169e-07
3.54851 1.82408 200 275 9.73853e-07
3.54926 1.82408 200 275 9.70506e-07
3.55001 1.82408 200 275 9.66102e-07
3.55076 1.82408 200 275 9.60635e-07
3.55151 1.82408 200 275 9.54119e-07
3.55226 1.82408 200 275 9.46592e-07
3.55301 1.82408 200 275 9.38107e-07
3.55376 1.82408 200 275 9.28744e-07
3.55451 1.82408 200 275 9.18581e-07
3.55526 1.82408 200 275 9.07724e-07
3.55601 1.82408 200 275 8.96284e-07
3.55676 1.82408 200 275 8.84376e-07
3.55751 1.82408 200 275 8.72121e-07
3.55826 1.82408 200 275 8.59637e-07
3.55901 1.82408 200 275 8.47042e-07
3.55976 1.82408 200 275 8.34446e-07
3.56051 1.82408 200 275 8.21955e-07
3.56126 1.82408 200 275 8.09667e-07
3.56201 1.82408 200 275 7.97672e-07
3.56276 1.82408 200 275 7.86048e-07
3.56351 1.82408 200 275 7.74867e-07
3.56426 1.82408 200 275 7.64192e-07
3.56501 1.82408 200 275 7.54075e-07
3.56576 1.82408 200 275 7.44562e-07
3.56651 1.82408 200 275 7.35692e-07
3.56726 1.82408 200 275 7.27496e-07
3.56801 1.82408 200 275 7.19999e-07
3.56876 1.82408 200 275 7.1322e-07
3.56951 1.82408 200 275 7.07175e-07
3.57026 1.82408 200 275 7.01874e-07
3.57101 1.82408 200 275 6.97322e-07
3.57176 1.82408 200 275 6.93523e-07
3.57251 1.82408 200 275 6.90476e-07
3.57326 1.82408 200 275 6.88175e-07
3.57401 1.82408 200 275 6.86615e-07
3.57476 1.82408 200 275 6.85784e-07
3.57551 1.82408 200 275 6.85668e-07
3.57626 1.82408 200 275 6.86249e-07
3.57701 1.82408 200 275 6.87506e-07
3.57776 1.82408 200 275 6.89411e-07
3.57851 1.82408 200 275 6.91934e-07
3.57926 1.82408 200 275 6.95038e-07
3.58001 1.82408 200 275 6.9868e-07
3.58076 1.82408 200 275 7.0281e-07
3.58151 1.82408 200 275 7.07374e-07
3.58226 1.82408 200 275 7.12306e-07
3.58301 1.82408 200 275 7.17533e-07
3.58376 1.82408 200 275 7.22977e-07
3.58451 1.82408 200 275 7.28547e-07
3.58526 1.82408 200 275 7.34151e-07
3.58601 1.82408 200 275 7.39681e-07
3.58676 1.82408 200 275 7.45029e-07
3.58751 1.82408 200 275 7.50083e-07
3.58826 1.82408 200 275 7.54721e-07
3.58901 1.82408 200 275 7.58829e-07
3.58976 1.82408 200 275 7.62294e-07
3.59052 1.82408 200 275 7.64999e-07
3.59127 1.82408 200 275 7.66843e-07
3.59202 1.82408 200 275 7.67734e-07
3.59277 1.82408 200 275 7.67593e-07
3.59352 1.82408 200 275 7.66357e-07
3.59427 1.82408 200 275 7.63982e-07
3.59502 1.82408 200 275 7.60444e-07
3.59577 1.82408 200 275 7.55736e-07
3.59652 1.82408 200 275 7.49875e-07
3.59727 1.82408 200 275 7.42896e-07
3.59802 1.82408 200 275 7.34851e-07
3.59877 1.82408 200 275 7.25806e-07
3.59952 1.82408 200 275 7.15844e-07
3.60027 1.82408 200 275 7.05055e-07
3.60102 1.82408 200 275 6.93535e-07
3.60177 1.82408 200 275 6.81386e-07
3.60252 1.82408 200 275 6.68711e-07
3.60327 1.82408 200 275 6.5561e-07
3.60402 1.82408 200 275 6.4218e-07
3.60477 1.82408 200 275 6.28518e-07
3.60552 1.82408 200 275 6.14699e-07
3.60627 1.82408 200 275 6.00807e-07
3.60702 1.82408 200 275 5.8691e-07
3.60777 1.82408 200 275 5.73072e-07
3.60852 1.82408 200 275 5.59345e-07
3.60927 1.82408 200 275 5.45777e-07
3.61002 1.82408 200 275 5.32406e-07
3.61077 1.82408 200 275 5.19266e-07
3.61152 1.82408 200 275 5.06384e-07
3.61227 1.82408 200 275 4.9378e-07
3.61302 1.82408 200 275 4.81473e-07
3.61377 1.82408 200 275 4.69477e-07
3.61452 1.82408 200 275 4.57802e-07
3.61527 1.82408 200 275 4.46455e-07
3.61602 1.82408 200 275 4.35443e-07
3.61677 1.82408 200 275 4.24769e-07
3.61752 1.82408 200 275 4.14437e-07
3.61827 1.82408 200 275 4.04447e-07
3.61902 1.82408 200 275 3.94802e-07
3.61977 1.82408 200 275 3.85501e-07
3.62052 1.82408 200 275 3.76553e-07
3.62127 1.82408 200 275 3.67944e-07
3.62202 1.82408 200 275 3.59681e-07
3.62277 1.82408 200 275 3.51764e-07
3.62352 1.82408 200 275 3.44193e-07
3.62427 1.82408 200 275 3.36968e-07
3.62502 1.82408 200 275 3.30088e-07
3.62577 1.82408 200 275 3.23554e-07
3.62652 1.82408 200 275 3.17363e-07
3.62727 1.82408 200 275 3.11513e-07
3.62802 1.82408 200 275 3.05999e-07
3.62877 1.82408 200 275 3.00814e-07
3.62952 1.82408 200 275 2.9595e-07
3.63027 1.82408 200 275 2.91399e-07
3.63102 1.82408 200 275 2.87145e-07
3.63177 1.82408 200 275 2.83173e-07
3.63252 1.82408 200 275 2.79466e-07
3.63327 1.82408 200 275 2.76004e-07
3.63402 1.82408 200 275 2.72768e-07
3.63477 1.82408 200 275 2.69738e-07
3.63552 1.82408 200 275 2.66894e-07
3.63627 1.82408 200 275 2.64218e-07
3.63702 1.82408 200 275 2.61688e-07
3.63777 1.82408 200 275 2.59306e-07
3.63852 1.82408 200 275 2.57059e-07
3.63927 1.82408 200 275 2.54942e-07
3.64002 1.82408 200 275 2.5296e-07
3.64077 1.82408 200 275 2.51115e-07
3.64152 1.82408 200 275 2.49423e-07
3.64227 1.82408 200 275 2.47899e-07
3.64302 1.82408 200 275 2.46564e-07
3.64377 1.82408 200 275 2.45443e-07
3.64452 1.82408 200 275 2.44562e-07
3.64527 1.82408 200 275 2.43949e-07
3.64602 1.82408 200 275 2.43632e-07
3.64677 1.82408 200 275 2.43637e-07
3.64752 1.82408 200 275 2.43987e-07
3.64827 1.82408 200 275 2.44703e-07
3.64902 1.82408 200 275 2.45799e-07
3.64977 1.82408 200 275 2.47283e-07
3.65053 1.82408 200 275 2.49154e-07
3.65128 1.82408 200 275 2.51408e-07
3.65203 1.82408 200 275 2.54005e-07
3.65278 1.82408 200 275 2.56973e-07
3.65353 1.82408 200 275 2.60258e-07
3.65428 1.82408 200 275 2.63828e-07
3.65503 1.82408 200 275 2.66678e-07
3.65578 1.82408 200 275 2.70761e-07
3.65653 1.82408 200 275 2.75013e-07
3.65728 1.82408 200 275 2.79394e-07
3.65803 1.82408 200 275 2.83867e-07
3.65878 1.82408 200 275 2.88396e-07
3.65953 1.82408 200 275 2.92952e-07
3.66028 1.82408 200 275 2.97504e-07
3.66103 1.82408 200 275 3.0205e-07
3.66178 1.82408 200 275 3.06569e-07
3.66253 1.82408 200 275 3.11053e-07
3.66328 1.82408 200 275 3.15502e-07
3.66403 1.82408 200 275 3.1992e-07
3.66478 1.82408 200 275 3.24314e-07
3.66553 1.82408 200 275 3.28696e-07
3.66628 1.82408 200 275 3.33079e-07
3.66703 1.82408 200 275 3.37481e-07
3.66778 1.82408 200 275 3.41919e-07
3.66853 1.82408 200 275 3.46413e-07
3.66928 1.82408 200 275 3.50983e-07
3.67003 1.82408 200 275 3.55649e-07
3.67078 1.82408 200 275 3.60431e-07
3.67153 1.82408 200 275 3.6535e-07
3.67228 1.82408 200 275 3.70427e-07
3.67303 1.82408 200 275 3.75682e-07
3.67378 1.82408 200 275 3.81133e-07
3.67453 1.82408 200 275 3.86801e-07
3.67528 1.82408 200 275 3.92704e-07
3.67603 1.82408 200 275 3.98861e-07
3.67678 1.82408 200 275 4.0529e-07
3.67753 1.82408 200 275 4.1201e-07
3.67828 1.82408 200 275 4.19038e-07
3.67903 1.82408 200 275 4.26392e-07
3.67978 1.82408 200 275 4.34089e-07
3.68053 1.82408 200 275 4.42149e-07
3.68128 1.82408 200 275 4.50588e-07
3.68203 1.82408 200 275 4.59424e-07
3.68278 1.82408 200 275 4.68676e-07
3.68353 1.82408 200 275 4.78361e-07
3.68428 1.82408 200 275 4.88496e-07
3.68503 1.82408 200 275 4.99101e-07
3.68578 1.82408 200 275 5.10192e-07
3.68653 1.82408 200 275 5.21786e-07
3.68728 1.82408 200 275 5.33902e-07
3.68803 1.82408 200 275 5.46555e-07
3.68878 1.82408 200 275 5.59761e-07
3.68953 1.82408 200 275 5.73534e-07
3.69028 1.82408 200 275 5.87887e-07
3.69103 1.82408 200 275 6.02832e-07
3.69178 1.82408 200 275 6.18379e-07
3.69253 1.82408 200 275 6.34532e-07
3.69328 1.82408 200 275 6.51297e-07
3.69403 1.82408 200 275 6.68672e-07
3.69478 1.82408 200 275 6.86653e-07
3.69553 1.82408 200 275 7.05229e-07
3.69628 1.82408 200 275 7.24384e-07
3.69703 1.82408 200 275 7.44096e-07
3.69778 1.82408 200 275 7.64334e-07
3.69853 1.82408 200 275 7.8506e-07
3.69928 1.82408 200 275 8.06225e-07
3.70003 1.82408 200 275 8.2777e-07
3.70078 1.82408 200 275 8.49628e-07
3.70153 1.82408 200 275 8.71718e-07
3.70228 1.82408 200 275 8.93949e-07
3.70303 1.82408 200 275 9.16216e-07
3.70378 1.82408 200 275 9.38406e-07
3.70453 1.82408 200 275 9.60393e-07
3.70528 1.82408 200 275 9.82039e-07
3.70603 1.82408 200 275 1.0032e-06
3.70678 1.82408 200 275 1.02373e-06
3.70753 1.82408 200 275 1.04346e-06
3.70828 1.82408 200 275 1.06223e-06
3.70903 1.82408 200 275 1.0799e-06
3.70978 1.82408 200 275 1.09629e-06
3.71054 1.82408 200 275 1.11126e-06
3.71129 1.82408 200 275 1.12467e-06
3.71204 1.82408 200 275 1.1364e-06
3.71279 1.82408 200 275 1.14632e-06
3.71354 1.82408 200 275 1.15436e-06
3.71429 1.82408 200 275 1.16043e-06
3.71504 1.82408 200 275 1.16449e-06
3.71579 1.82408 200 275 1.16652e-06
3.71654 1.82408 200 275 1.1665e-06
3.71729 1.82408 200 275 1.16448e-06
3.71804 1.82408 200 275 1.16048e-06
3.71879 1.82408 200 275 1.15458e-06
3.71954 1.82408 200 275 1.14687e-06
3.72029 1.82408 200 275 1.13747e-06
3.72104 1.82408 200 275 1.12648e-06
3.72179 1.82408 200 275 1.11407e-06
3.72254 1.82408 200 275 1.10035e-06
3.72329 1.82408 200 275 1.0855e-06
3.72404 1.82408 200 275 1.06968e-06
3.72479 1.82408 200 275 1.05305e-06
3.72554 1.82408 200 275 1.03576e-06
3.72629 1.82408 200 275 1.01798e-06
3.72704 1.82408 200 275 9.99861e-07
3.72779 1.82408 200 275 9.81536e-07
3.72854 1.82408 200 275 9.63139e-07
3.72929 1.82408 200 275 9.4479e-07
3.73004 1.82408 200 275 9.26597e-07
3.73079 1.82408 200 275 9.08654e-07
3.73154 1.82408 200 275 8.91044e-07
3.73229 1.82408 200 275 8.73836e-07
3.73304 1.82408 200 275 8.5709e-07
3.73379 1.82408 200 275 8.40852e-07
3.73454 1.82408 200 275 8.25161e-07
3.73529 1.82408 200 275 8.10044e-07
3.73604 1.82408 200 275 7.95524e-07
3.73679 1.82408 200 275 7.81615e-07
3.73754 1.82408 200 275 7.68325e-07
3.73829 1.82408 200 275 7.55659e-07
3.73904 1.82408 200 275 7.43618e-07
3.73979 1.82408 200 275 7.32203e-07
3.74054 1.82408 200 275 7.21409e-07
3.74129 1.82408 200 275 7.11235e-07
3.74204 1.82408 200 275 7.01676e-07
3.74279 1.82408 200 275 6.9273e-07
3.74354 1.82408 200 275 6.84393e-07
3.74429 1.82408 200 275 6.76665e-07
3.74504 1.82408 200 275 6.69541e-07
3.74579 1.82408 200 275 6.63023e-07
3.74654 1.82408 200 275 6.57111e-07
3.74729 1.82408 200 275 6.51806e-07
3.74804 1.82408 200 275 6.4711e-07
3.74879 1.82408 200 275 6.43026e-07
3.74954 1.82408 200 275 6.39557e-07
3.75029 1.82408 200 275 6.36706e-07
3.75104 1.82408 200 275 6.34478e-07
3.75179 1.82408 200 275 6.32877e-07
3.75254 1.82408 200 275 6.31906e-07
3.75329 1.82408 200 275 6.31572e-07
3.75404 1.82408 200 275 6.31878e-07
3.75479 1.82408 200 275 6.3283e-07
3.75554 1.82408 200 275 6.34434e-07
3.75629 1.82408 200 275 6.36694e-07
3.75704 1.82408 200 275 6.39618e-07
3.75779 1.82408 200 275 6.43209e-07
3.75854 1.82408 200 275 6.47475e-07
3.75929 1.82408 200 275 6.52421e-07
3.76004 1.82408 200 275 6.58053e-07
3.76079 1.82408 200 275 6.64377e-07
3.76154 1.82408 200 275 6.71397e-07
3.76229 1.82408 200 275 6.79118e-07
3.76304 1.82408 200 275 6.87545e-07
3.76379 1.82408 200 275 6.9668e-07
3.76454 1.82408 200 275 7.06525e-07
3.76529 1.82408 200 275 7.17081e-07
3.76604 1.82408 200 275 7.28345e-07
3.76679 1.82408 200 275 7.40313e-07
3.76754 1.82408 200 275 7.5298e-07
3.76829 1.82408 200 275 7.66337e-07
3.76904 1.82408 200 275 7.80369e-07
3.76979 1.82408 200 275 7.9506e-07
3.77055 1.82408 200 275 8.10391e-07
3.7713 1.82408 200 275 8.26336e-07
3.77205 1.82408 200 275 8.42863e-07
3.7728 1.82408 200 275 8.59939e-07
3.77355 1.82408 200 275 8.7752e-07
3.7743 1.82408 200 275 8.95559e-07
3.77505 1.82408 200 275 9.14001e-07
3.7758 1.82408 200 275 9.32789e-07
3.77655 1.82408 200 275 9.51853e-07
3.7773 1.82408 200 275 9.7112e-07
3.77805 1.82408 200 275 9.90506e-07
3.7788 1.82408 200 275 1.00992e-06
3.77955 1.82408 200 275 1.02927e-06
3.7803 1.82408 200 275 1.04845e-06
3.78105 1.82408 200 275 1.06735e-06
3.7818 1.82408 200 275 1.08585e-06
3.78255 1.82408 200 275 1.10381e-06
3.7833 1.82408 200 275 1.12111e-06
3.78405 1.82408 200 275 1.1376e-06
3.7848 1.82408 200 275 1.15314e-06
3.78555 1.82408 200 275 1.16756e-06
3.7863 1.82408 200 275 1.18073e-06
3.78705 1.82408 200 275 1.19248e-06
3.7878 1.82408 200 275 1.20267e-06
3.78855 1.82408 200 275 1.21115e-06
3.7893 1.82408 200 275 1.21779e-06
3.79005 1.82408 200 275 1.22247e-06
3.7908 1.82408 200 275 1.22509e-06
3.79155 1.82408 200 275 1.22556e-06
3.7923 1.82408 200 275 1.22383e-06
3.79305 1.82408 200 275 1.21988e-06
3.7938 1.82408 200 275 1.2137e-06
3.79455 1.82408 200 275 1.20532e-06
3.7953 1.82408 200 275 1.1948e-06
3.79605 1.82408 200 275 1.18223e-06
3.7968 1.82408 200 275 1.16772e-06
3.79755 1.82408 200 275 1.15141e-06
3.7983 1.82408 200 275 1.13345e-06
3.79905 1.82408 200 275 1.11402e-06
3.7998 1.82408 200 275 1.09328e-06
3.80055 1.82408 200 275 1.07144e-06
3.8013 1.82408 200 275 1.04866e-06
3.80205 1.82408 200 275 1.02515e-06
3.8028 1.82408 200 275 1.00107e-06
3.80355 1.82408 200 275 9.76605e-07
3.8043 1.82408 200 275 9.51902e-07
3.80505 1.82408 200 275 9.27116e-07
3.8058 1.82408 200 275 9.02384e-07
3.80655 1.82408 200 275 8.77827e-07
3.8073 1.82408 200 275 8.53556e-07
3.80805 1.82408 200 275 8.29667e-07
3.8088 1.82408 200 275 8.06246e-07
3.80955 1.82408 200 275 7.83366e-07
3.8103 1.82408 200 275 7.6109e-07
3.81105 1.82408 200 275 7.39472e-07
3.8118 1.82408 200 275 7.18558e-07
3.81255 1.82408 200 275 6.98386e-07
3.8133 1.82408 200 275 6.78989e-07
3.81405 1.82408 200 275 6.60391e-07
3.8148 1.82408 200 275 6.42615e-07
3.81555 1.82408 200 275 6.25675e-07
3.8163 1.82408 200 275 6.09584e-07
3.81705 1.82408 200 275 5.94347e-07
3.8178 1.82408 200 275 5.79967e-07
3.81855 1.82408 200 275 5.66441e-07
3.8193 1.82408 200 275 5.53762e-07
3.82005 1.82408 200 275 5.41919e-07
3.8208 1.82408 200 275 5.30893e-07
3.82155 1.82408 200 275 5.20662e-07
3.8223 1.82408 200 275 5.11199e-07
3.82305 1.82408 200 275 5.02473e-07
3.8238 1.82408 200 275 4.94448e-07
3.82455 1.82408 200 275 4.87084e-07
3.8253 1.82408 200 275 4.8034e-07
3.82605 1.82408 200 275 4.74173e-07
3.8268 1.82408 200 275 4.68538e-07
3.82755 1.82408 200 275 4.63393e-07
3.8283 1.82408 200 275 4.58696e-07
3.82905 1.82408 200 275 4.54407e-07
3.8298 1.82408 200 275 4.50489e-07
3.83056 1.82408 200 275 4.4691e-07
3.83131 1.82408 200 275 4.43642e-07
3.83206 1.82408 200 275 4.40659e-07
3.83281 1.82408 200 275 4.37942e-07
3.83356 1.82408 200 275 4.35473e-07
3.83431 1.82408 200 275 4.33236e-07
3.83506 1.82408 200 275 4.31229e-07
3.83581 1.82408 200 275 4.29441e-07
3.83656 1.82408 200 275 4.27868e-07
3.83731 1.82408 200 275 4.26508e-07
3.83806 1.82408 200 275 4.2536e-07
3.83881 1.82408 200 275 4.24422e-07
3.83956 1.82408 200 275 4.23697e-07
3.84031 1.82408 200 275 4.23183e-07
3.84106 1.82408 200 275 4.22883e-07
3.84181 1.82408 200 275 4.22795e-07
3.84256 1.82408 200 275 4.2292e-07
3.84331 1.82408 200 275 4.23255e-07
3.84406 1.82408 200 275 4.238e-07
3.84481 1.82408 200 275 4.24552e-07
3.84556 1.82408 200 275 4.25505e-07
3.84631 1.82408 200 275 4.26657e-07
3.84706 1.82408 200 275 4.28e-07
3.84781 1.82408 200 275 4.29528e-07
3.84856 1.82408 200 275 4.31233e-07
3.84931 1.82408 200 275 4.33107e-07
3.85006 1.82408 200 275 4.35141e-07
3.85081 1.82408 200 275 4.37325e-07
3.85156 1.82408 200 275 4.39649e-07
3.85231 1.82408 200 275 4.42103e-07
3.85306 1.82408 200 275 4.44677e-07
3.85381 1.82408 200 275 4.47364e-07
3.85456 1.82408 200 275 4.50154e-07
3.85531 1.82408 200 275 4.53042e-07
3.85606 1.82408 200 275 4.56021e-07
3.85681 1.82408 200 275 4.5909e-07
3.85756 1.82408 200 275 4.62248e-07
3.85831 1.82408 200 275 4.65495e-07
3.85906 1.82408 200 275 4.68838e-07
3.85981 1.82408 200 275 4.72283e-07
3.86056 1.82408 200 275 4.75841e-07
3.86131 1.82408 200 275 4.79524e-07
3.86206 1.82408 200 275 4.83347e-07
3.86281 1.82408 200 275 4.87329e-07
3.86356 1.82408 200 275 4.9149e-07
3.86431 1.82408 200 275 4.95849e-07
3.86506 1.82408 200 275 5.00431e-07
3.86581 1.82408 200 275 5.05258e-07
3.86656 1.82408 200 275 5.10356e-07
3.86731 1.82408 200 275 5.15749e-07
3.86806 1.82408 200 275 5.21462e-07
3.86881 1.82408 200 275 5.27519e-07
3.86956 1.82408 200 275 5.33942e-07
3.87031 1.82408 200 275 5.40756e-07
3.87106 1.82408 200 275 5.47982e-07
3.87181 1.82408 200 275 5.5564e-07
3.87256 1.82408 200 275 5.63747e-07
3.87331 1.82408 200 275 5.72322e-07
3.87406 1.82408 200 275 5.81378e-07
3.87481 1.82408 200 275 5.90927e-07
3.87556 1.82408 200 275 6.0098e-07
3.87631 1.82408 200 275 6.11542e-07
3.87706 1.82408 200 275 6.22617e-07
3.87781 1.82408 200 275 6.34204e-07
3.87856 1.82408 200 275 6.463e-07
3.87931 1.82408 200 275 6.58894e-07
3.88006 1.82408 200 275 6.71973e-07
3.88081 1.82408 200 275 6.85516e-07
3.88156 1.82408 200 275 6.99497e-07
3.88231 1.82408 200 275 7.13883e-07
3.88306 1.82408 200 275 7.28634e-07
3.88381 1.82408 200 275 7.43701e-07
3.88456 1.82408 200 275 7.59027e-07
3.88531 1.82408 200 275 7.74548e-07
3.88606 1.82408 200 275 7.90188e-07
3.88681 1.82408 200 275 8.05866e-07
3.88756 1.82408 200 275 8.2149e-07
3.88831 1.82408 200 275 8.3696e-07
3.88906 1.82408 200 275 8.5217e-07
3.88981 1.82408 200 275 8.67008e-07
3.89057 1.82408 200 275 8.81359e-07
3.89132 1.82408 200 275 8.95104e-07
3.89207 1.82408 200 275 9.08125e-07
3.89282 1.82408 200 275 9.20308e-07
3.89357 1.82408 200 275 9.31544e-07
3.89432 1.82408 200 275 9.41737e-07
3.89507 1.82408 200 275 9.5079e-07
3.89582 1.82408 200 275 9.58633e-07
3.89657 1.82408 200 275 9.65208e-07
3.89732 1.82408 200 275 9.70476e-07
3.89807 1.82408 200 275 9.7442e-07
3.89882 1.82408 200 275 9.7704e-07
3.89957 1.82408 200 275 9.78358e-07
3.90032 1.82408 200 275 9.78416e-07
3.90107 1.82408 200 275 9.77273e-07
3.90182 1.82408 200 275 9.75003e-07
3.90257 1.82408 200 275 9.71696e-07
3.90332 1.82408 200 275 9.67449e-07
3.90407 1.82408 200 275 9.62366e-07
3.90482 1.82408 200 275 9.56555e-07
3.90557 1.82408 200 275 9.50126e-07
3.90632 1.82408 200 275 9.43183e-07
3.90707 1.82408 200 275 9.35827e-07
3.90782 1.82408 200 275 9.28153e-07
3.90857 1.82408 200 275 9.20244e-07
3.90932 1.82408 200 275 9.12175e-07
3.91007 1.82408 200 275 9.0401e-07
3.91082 1.82408 200 275 8.95801e-07
3.91157 1.82408 200 275 8.87586e-07
3.91232 1.82408 200 275 8.79398e-07
3.91307 1.82408 200 275 8.71252e-07
3.91382 1.82408 200 275 8.63157e-07
3.91457 1.82408 200 275 8.55113e-07
3.91532 1.82408 200 275 8.47109e-07
3.91607 1.82408 200 275 8.39128e-07
3.91682 1.82408 200 275 8.31148e-07
3.91757 1.82408 200 275 8.23142e-07
3.91832 1.82408 200 275 8.15081e-07
3.91907 1.82408 200 275 8.06929e-07
3.91982 1.82408 200 275 7.98655e-07
3.92057 1.82408 200 275 7.90228e-07
3.92132 1.82408 200 275 7.81619e-07
3.92207 1.82408 200 275 7.72802e-07
3.92282 1.82408 200 275 7.63757e-07
3.92357 1.82408 200 275 7.5447e-07
3.92432 1.82408 200 275 7.44933e-07
3.92507 1.82408 200 275 7.35144e-07
3.92582 1.82408 200 275 7.2511e-07
3.92657 1.82408 200 275 7.14843e-07
3.92732 1.82408 200 275 7.04364e-07
3.92807 1.82408 200 275 6.93698e-07
3.92882 1.82408 200 275 6.82875e-07
3.92957 1.82408 200 275 6.7193e-07
3.93032 1.82408 200 275 6.60899e-07
3.93107 1.82408 200 275 6.49824e-07
3.93182 1.82408 200 275 6.38743e-07
3.93257 1.82408 200 275 6.27696e-07
3.93332 1.82408 200 275 6.16721e-07
3.93407 1.82408 200 275 6.05856e-07
3.93482 1.82408 200 275 5.95134e-07
3.93557 1.82408 200 275 5.84585e-07
3.93632 1.82408 200 275 5.74236e-07
3.93707 1.82408 200 275 5.64111e-07
3.93782 1.82408 200 275 5.54228e-07
3.93857 1.82408 200 275 5.44603e-07
3.93932 1.82408 200 275 5.35251e-07
3.94007 1.82408 200 275 5.26171e-07
3.94082 1.82408 200 275 5.17371e-07
3.94157 1.82408 200 275 5.08853e-07
3.94232 1.82408 200 275 5.00615e-07
3.94307 1.82408 200 275 4.92653e-07
3.94382 1.82408 200 275 4.84959e-07
3.94457 1.82408 200 275 4.77527e-07
3.94532 1.82408 200 275 4.70347e-07
3.94607 1.82408 200 275 4.63409e-07
3.94682 1.82408 200 275 4.56703e-07
3.94757 1.82408 200 275 4.5022e-07
3.94832 1.82408 200 275 4.43949e-07
3.94907 1.82408 200 275 4.37881e-07
3.94982 1.82408 200 275 4.32009e-07
3.95058 1.82408 200 275 4.26325e-07
3.95133 1.82408 200 275 4.20823e-07
3.95208 1.82408 200 275 4.15501e-07
3.95283 1.82408 200 275 4.10355e-07
3.95358 1.82408 200 275 4.05383e-07
3.95433 1.82408 200 275 4.00586e-07
3.95508 1.82408 200 275 3.95966e-07
3.95583 1.82408 200 275 3.91525e-07
3.95658 1.82408 200 275 3.87266e-07
3.95733 1.82408 200 275 3.83195e-07
3.95808 1.82408 200 275 3.79318e-07
3.95883 1.82408 200 275 3.75637e-07
3.95958 1.82408 200 275 3.7216e-07
3.96033 1.82408 200 275 3.68894e-07
3.96108 1.82408 200 275 3.65845e-07
3.96183 1.82408 200 275 3.6302e-07
3.96258 1.82408 200 275 3.60426e-07
3.96333 1.82408 200 275 3.58069e-07
3.96408 1.82408 200 275 3.55957e-07
3.96483 1.82408 200 275 3.54097e-07
3.96558 1.82408 200 275 3.52495e-07
3.96633 1.82408 200 275 3.51158e-07
3.96708 1.82408 200 275 3.50094e-07
3.96783 1.82408 200 275 3.4931e-07
3.96858 1.82408 200 275 3.48812e-07
3.96933 1.82408 200 275 3.48609e-07
3.97008 1.82408 200 275 3.48707e-07
3.97083 1.82408 200 275 3.49114e-07
3.97158 1.82408 200 275 3.49836e-07
3.97233 1.82408 200 275 3.5088e-07
3.97308 1.82408 200 275 3.52252e-07
3.97383 1.82408 200 275 3.53956e-07
3.97458 1.82408 200 275 3.55994e-07
3.97533 1.82408 200 275 3.58369e-07
3.97608 1.82408 200 275 3.61079e-07
3.97683 1.82408 200 275 3.64121e-07
3.97758 1.82408 200 275 3.67487e-07
3.97833 1.82408 200 275 3.71167e-07
3.97908 1.82408 200 275 3.75148e-07
3.97983 1.82408 200 275 3.79411e-07
3.98058 1.82408 200 275 3.83935e-07
3.98133 1.82408 200 275 3.88695e-07
3.98208 1.82408 200 275 3.93667e-07
3.98283 1.82408 200 275 3.98806e-07
3.98358 1.82408 200 275 4.04084e-07
3.98433 1.82408 200 275 4.09463e-07
3.98508 1.82408 200 275 4.14903e-07
3.98583 1.82408 200 275 4.20366e-07
3.98658 1.82408 200 275 4.2581e-07
3.98733 1.82408 200 275 4.31196e-07
3.98808 1.82408 200 275 4.36484e-07
3.98883 1.82408 200 275 4.4164e-07
3.98958 1.82408 200 275 4.46629e-07
3.99033 1.82408 200 275 4.51419e-07
3.99108 1.82408 200 275 4.55983e-07
3.99183 1.82408 200 275 4.60309e-07
3.99258 1.82408 200 275 4.64356e-07
3.99333 1.82408 200 275 4.68122e-07
3.99408 1.82408 200 275 4.71597e-07
3.99483 1.82408 200 275 4.74779e-07
3.99558 1.82408 200 275 4.77668e-07
3.99633 1.82408 200 275 4.80273e-07
3.99708 1.82408 200 275 4.82606e-07
3.99783 1.82408 200 275 4.84684e-07
3.99858 1.82408 200 275 4.8653e-07
3.99933 1.82408 200 275 4.88169e-07
4.00008 1.82408 200 275 4.89632e-07
4.00083 1.82408 200 275 4.9095e-07
4.00158 1.82408 200 275 4.9216e-07
4.00233 1.82408 200 275 4.93296e-07
4.00308 1.82408 200 275 4.94397e-07
4.00383 1.82408 200 275 4.95498e-07
4.00458 1.82408 200 275 4.96637e-07
4.00533 1.82408 200 275 4.97847e-07
4.00608 1.82408 200 275 4.99162e-07
4.00683 1.82408 200 275 5.00612e-07
4.00758 1.82408 200 275 5.02224e-07
4.00833 1.82408 200 275 5.04022e-07
4.00908 1.82408 200 275 5.06026e-07
4.00983 1.82408 200 275 5.08252e-07
4.01059 1.82408 200 275 5.10711e-07
4.01134 1.82408 200 275 5.13411e-07
4.01209 1.82408 200 275 5.16352e-07
4.01284 1.82408 200 275 5.19532e-07
4.01359 1.82408 200 275 5.22942e-07
4.01434 1.82408 200 275 5.2657e-07
4.01509 1.82408 200 275 5.30397e-07
4.01584 1.82408 200 275 5.34397e-07
4.01659 1.82408 200 275 5.38542e-07
4.01734 1.82408 200 275 5.42798e-07
4.01809 1.82408 200 275 5.47123e-07
4.01884 1.82408 200 275 5.51474e-07
4.01959 1.82408 200 275 5.55803e-07
4.02034 1.82408 200 275 5.60297e-07
4.02109 1.82408 200 275 5.64417e-07
4.02184 1.82408 200 275 5.68348e-07
4.02259 1.82408 200 275 5.72034e-07
4.02334 1.82408 200 275 5.75415e-07
4.02409 1.82408 200 275 5.78434e-07
4.02484 1.82408 200 275 5.81035e-07
4.02559 1.82408 200 275 5.83168e-07
4.02634 1.82408 200 275 5.84786e-07
4.02709 1.82408 200 275 5.8585e-07
4.02784 1.82408 200 275 5.86328e-07
4.02859 1.82408 200 275 5.86195e-07
4.02934 1.82408 200 275 5.85434e-07
4.03009 1.82408 200 275 5.8404e-07
4.03084 1.82408 200 275 5.82014e-07
4.03159 1.82408 200 275 5.79368e-07
4.03234 1.82408 200 275 5.76119e-07
4.03309 1.82408 200 275 5.72294e-07
4.03384 1.82408 200 275 5.67924e-07
4.03459 1.82408 200 275 5.63048e-07
4.03534 1.82408 200 275 5.57704e-07
4.03609 1.82408 200 275 5.51937e-07
4.03684 1.82408 200 275 5.45791e-07
4.03759 1.82408 200 275 5.3931e-07
4.03834 1.82408 200 275 5.32539e-07
4.03909 1.82408 200 275 5.25518e-07
4.03984 1.82408 200 275 5.18289e-07
4.04059 1.82408 200 275 5.1089e-07
4.04134 1.82408 200 275 5.03353e-07
4.04209 1.82408 200 275 4.95711e-07
4.04284 1.82408 200 275 4.87993e-07
4.04359 1.82408 200 275 4.80222e-07
4.04434 1.82408 200 275 4.7242e-07
4.04509 1.82408 200 275 4.64608e-07
4.04584 1.82408 200 275 4.568e-07
4.04659 1.82408 200 275 4.49011e-07
4.04734 1.82408 200 275 4.41253e-07
4.04809 1.82408 200 275 4.33536e-07
4.04884 1.82408 200 275 4.25868e-07
4.04959 1.82408 200 275 4.18258e-07
4.05034 1.82408 200 275 4.10711e-07
4.05109 1.82408 200 275 4.03234e-07
4.05184 1.82408 200 275 3.95833e-07
4.05259 1.82408 200 275 3.88512e-07
4.05334 1.82408 200 275 3.81278e-07
4.05409 1.82408 200 275 3.74135e-07
4.05484 1.82408 200 275 3.67089e-07
4.05559 1.82408 200 275 3.60147e-07
4.05634 1.82408 200 275 3.5331e-07
4.05709 1.82408 200 275 3.46587e-07
4.05784 1.82408 200 275 3.39983e-07
4.05859 1.82408 200 275 3.33502e-07
4.05934 1.82408 200 275 3.27149e-07
4.06009 1.82408 200 275 3.20928e-07
4.06084 1.82408 200 275 3.14845e-07
4.06159 1.82408 200 275 3.08901e-07
4.06234 1.82408 200 275 3.03101e-07
4.06309 1.82408 200 275 2.97446e-07
4.06384 1.82408 200 275 2.9194e-07
4.06459 1.82408 200 275 2.86582e-07
4.06534 1.82408 200 275 2.81375e-07
4.06609 1.82408 200 275 2.76318e-07
4.06684 1.82408 200 275 2.71412e-07
4.06759 1.82408 200 275 2.66657e-07
4.06834 1.82408 200 275 2.62052e-07
4.06909 1.82408 200 275 2.57599e-07
4.06984 1.82408 200 275 2.53295e-07
4.0706 1.82408 200 275 2.49142e-07
4.07135 1.82408 200 275 2.45139e-07
4.0721 1.82408 200 275 2.41288e-07
4.07285 1.82408 200 275 2.37588e-07
4.0736 1.82408 200 275 2.34042e-07
4.07435 1.82408 200 275 2.30652e-07
4.0751 1.82408 200 275 2.2742e-07
4.07585 1.82408 200 275 2.24352e-07
4.0766 1.82408 200 275 2.21451e-07
4.07735 1.82408 200 275 2.18722e-07
4.0781 1.82408 200 275 2.16172e-07
4.07885 1.82408 200 275 2.13808e-07
4.0796 1.82408 200 275 2.11638e-07
4.08035 1.82408 200 275 2.09671e-07
4.0811 1.82408 200 275 2.07916e-07
4.08185 1.82408 200 275 2.06382e-07
4.0826 1.82408 200 275 2.05078e-07
4.08335 1.82408 200 275 2.04013e-07
4.0841 1.82408 200 275 2.03194e-07
4.08485 1.82408 200 275 2.0263e-07
4.0856 1.82408 200 275 2.02326e-07
4.08635 1.82408 200 275 2.02286e-07
4.0871 1.82408 200 275 2.02511e-07
4.08785 1.82408 200 275 2.03001e-07
4.0886 1.82408 200 275 2.03753e-07
4.08935 1.82408 200 275 2.04759e-07
4.0901 1.82408 200 275 2.06013e-07
4.09085 1.82408 200 275 2.07502e-07
4.0916 1.82408 200 275 2.09213e-07
4.09235 1.82408 200 275 2.11129e-07
4.0931 1.82408 200 275 2.13235e-07
4.09385 1.82408 200 275 2.1551e-07
4.0946 1.82408 200 275 2.17938e-07
4.09535 1.82408 200 275 2.20499e-07
4.0961 1.82408 200 275 2.23175e-07
4.09685 1.82408 200 275 2.25949e-07
4.0976 1.82408 200 275 2.28807e-07
4.09835 1.82408 200 275 2.31735e-07
4.0991 1.82408 200 275 2.34722e-07
4.09985 1.82408 200 275 2.3776e-07
4.1006 1.82408 200 275 2.40843e-07
4.10135 1.82408 200 275 2.43961e-07
4.1021 1.82408 200 275 2.47119e-07
4.10285 1.82408 200 275 2.50323e-07
4.1036 1.82408 200 275 2.53569e-07
4.10435 1.82408 200 275 2.56862e-07
4.1051 1.82408 200 275 2.60209e-07
4.10585 1.82408 200 275 2.63615e-07
4.1066 1.82408 200 275 2.67089e-07
4.10735 1.82408 200 275 2.7064e-07
4.1081 1.82408 200 275 2.74276e-07
4.10885 1.82408 200 275 2.78007e-07
4.1096 1.82408 200 275 2.81844e-07
4.11035 1.82408 200 275 2.85795e-07
4.1111 1.82408 200 275 2.8987e-07
4.11185 1.82408 200 275 2.94079e-07
4.1126 1.82408 200 275 2.98431e-07
4.11335 1.82408 200 275 3.02933e-07
4.1141 1.82408 200 275 3.07594e-07
4.11485 1.82408 200 275 3.12422e-07
4.1156 1.82408 200 275 3.17421e-07
4.11635 1.82408 200 275 3.22599e-07
4.1171 1.82408 200 275 3.27959e-07
4.11785 1.82408 200 275 3.33506e-07
4.1186 1.82408 200 275 3.3924e-07
4.11935 1.82408 200 275 3.45163e-07
4.1201 1.82408 200 275 3.51274e-07
4.12085 1.82408 200 275 3.57571e-07
4.1216 1.82408 200 275 3.6405e-07
4.12235 1.82408 200 275 3.70703e-07
4.1231 1.82408 200 275 3.77522e-07
4.12385 1.82408 200 275 3.84496e-07
4.1246 1.82408 200 275 3.91613e-07
4.12535 1.82408 200 275 3.98855e-07
4.1261 1.82408 200 275 4.06203e-07
4.12685 1.82408 200 275 4.13637e-07
4.1276 1.82408 200 275 4.21131e-07
4.12835 1.82408 200 275 4.28657e-07
4.1291 1.82408 200 275 4.36186e-07
4.12985 1.82408 200 275 4.43685e-07
4.13061 1.82408 200 275 4.51117e-07
4.13136 1.82408 200 275 4.58447e-07
4.13211 1.82408 200 275 4.65635e-07
4.13286 1.82408 200 275 4.72642e-07
4.13361 1.82408 200 275 4.79428e-07
4.13436 1.82408 200 275 4.85953e-07
4.13511 1.82408 200 275 4.9218e-07
4.13586 1.82408 200 275 4.98072e-07
4.13661 1.82408 200 275 5.03596e-07
4.13736 1.82408 200 275 5.08723e-07
4.13811 1.82408 200 275 5.13427e-07
4.13886 1.82408 200 275 5.17689e-07
4.13961 1.82408 200 275 5.21493e-07
4.14036 1.82408 200 275 5.24831e-07
4.14111 1.82408 200 275 5.277e-07
4.14186 1.82408 200 275 5.30104e-07
4.14261 1.82408 200 275 5.32051e-07
4.14336 1.82408 200 275 5.33555e-07
4.14411 1.82408 200 275 5.34634e-07
4.14486 1.82408 200 275 5.35312e-07
4.14561 1.82408 200 275 5.35614e-07
4.14636 1.82408 200 275 5.35569e-07
4.14711 1.82408 200 275 5.35207e-07
4.14786 1.82408 200 275 5.34558e-07
4.14861 1.82408 200 275 5.33653e-07
4.14936 1.82408 200 275 5.32525e-07
4.15011 1.82408 200 275 5.31201e-07
4.15086 1.82408 200 275 5.29711e-07
4.15161 1.82408 200 275 5.28083e-07
4.15236 1.82408 200 275 5.26344e-07
4.15311 1.82408 200 275 5.24517e-07
4.15386 1.82408 200 275 5.22628e-07
4.15461 1.82408 200 275 5.20698e-07
4.15536 1.82408 200 275 5.1875e-07
4.15611 1.82408 200 275 5.16804e-07
4.15686 1.82408 200 275 5.1488e-07
4.15761 1.82408 200 275 5.12998e-07
4.15836 1.82408 200 275 5.11177e-07
4.15911 1.82408 200 275 5.09436e-07
4.15986 1.82408 200 275 5.07794e-07
4.16061 1.82408 200 275 5.06269e-07
4.16136 1.82408 200 275 5.04877e-07
4.16211 1.82408 200 275 5.03636e-07
4.16286 1.82408 200 275 5.02561e-07
4.16361 1.82408 200 275 5.01668e-07
4.16436 1.82408 200 275 5.0097e-07
4.16511 1.82408 200 275 5.00479e-07
4.16586 1.82408 200 275 5.00206e-07
4.16661 1.82408 200 275 5.00158e-07
4.16736 1.82408 200 275 5.00343e-07
4.16811 1.82408 200 275 5.00763e-07
4.16886 1.82408 200 275 5.01421e-07
4.16961 1.82408 200 275 5.02314e-07
4.17036 1.82408 200 275 5.03439e-07
4.17111 1.82408 200 275 5.04787e-07
4.17186 1.82408 200 275 5.06347e-07
4.17261 1.82408 200 275 5.08106e-07
4.17336 1.82408 200 275 5.10046e-07
4.17411 1.82408 200 275 5.12147e-07
4.17486 1.82408 200 275 5.14384e-07
4.17561 1.82408 200 275 5.16731e-07
4.17636 1.82408 200 275 5.19159e-07
4.17711 1.82408 200 275 5.21635e-07
4.17786 1.82408 200 275 5.24125e-07
4.17861 1.82408 200 275 5.26594e-07
4.17936 1.82408 200 275 5.29006e-07
4.18011 1.82408 200 275 5.31324e-07
4.18086 1.82408 200 275 5.33511e-07
4.18161 1.82408 200 275 5.35531e-07
4.18236 1.82408 200 275 5.3735e-07
4.18311 1.82408 200 275 5.38937e-07
4.18386 1.82408 200 275 5.40262e-07
4.18461 1.82408 200 275 5.41302e-07
4.18536 1.82408 200 275 5.42029e-07
4.18611 1.82408 200 275 5.42429e-07
4.18686 1.82408 200 275 5.42486e-07
4.18761 1.82408 200 275 5.4219e-07
4.18836 1.82408 200 275 5.41536e-07
4.18911 1.82408 200 275 5.40522e-07
4.18986 1.82408 200 275 5.3915e-07
4.19062 1.82408 200 275 5.37426e-07
4.19137 1.82408 200 275 5.35358e-07
4.19212 1.82408 200 275 5.3296e-07
4.19287 1.82408 200 275 5.30245e-07
4.19362 1.82408 200 275 5.27232e-07
4.19437 1.82408 200 275 5.23939e-07
4.19512 1.82408 200 275 5.2039e-07
4.19587 1.82408 200 275 5.16607e-07
4.19662 1.82408 200 275 5.12616e-07
4.19737 1.82408 200 275 5.08443e-07
4.19812 1.82408 200 275 5.04115e-07
4.19887 1.82408 200 275 4.99663e-07
4.19962 1.82408 200 275 4.95113e-07
4.20037 1.82408 200 275 4.90494e-07
4.20112 1.82408 200 275 4.85838e-07
4.20187 1.82408 200 275 4.81173e-07
4.20262 1.82408 200 275 4.76528e-07
4.20337 1.82408 200 275 4.71933e-07
4.20412 1.82408 200 275 4.67414e-07
4.20487 1.82408 200 275 4.62999e-07
4.20562 1.82408 200 275 4.58712e-07
4.20637 1.82408 200 275 4.54579e-07
4.20712 1.82408 200 275 4.50621e-07
4.20787 1.82408 200 275 4.4686e-07
4.20862 1.82408 200 275 4.43316e-07
4.20937 1.82408 200 275 4.40006e-07
4.21012 1.82408 200 275 4.36947e-07
4.21087 1.82408 200 275 4.34154e-07
4.21162 1.82408 200 275 4.3164e-07
4.21237 1.82408 200 275 4.29417e-07
4.21312 1.82408 200 275 4.27497e-07
4.21387 1.82408 200 275 4.25887e-07
4.21462 1.82408 200 275 4.24597e-07
4.21537 1.82408 200 275 4.23634e-07
4.21612 1.82408 200 275 4.23003e-07
4.21687 1.82408 200 275 4.22711e-07
4.21762 1.82408 200 275 4.2276e-07
4.21837 1.82408 200 275 4.23156e-07
4.21912 1.82408 200 275 4.239e-07
4.21987 1.82408 200 275 4.24996e-07
4.22062 1.82408 200 275 4.26443e-07
4.22137 1.82408 200 275 4.28242e-07
4.22212 1.82408 200 275 4.30395e-07
4.22287 1.82408 200 275 4.329e-07
4.22362 1.82408 200 275 4.35756e-07
4.22437 1.82408 200 275 4.38959e-07
4.22512 1.82408 200 275 4.42507e-07
4.22587 1.82408 200 275 4.46395e-07
4.22662 1.82408 200 275 4.50617e-07
4.22737 1.82408 200 275 4.55165e-07
4.22812 1.82408 200 275 4.60032e-07
4.22887 1.82408 200 275 4.65207e-07
4.22962 1.82408 200 275 4.70678e-07
4.23037 1.82408 200 275 4.76431e-07
4.23112 1.82408 200 275 4.82449e-07
4.23187 1.82408 200 275 4.88707e-07
4.23262 1.82408 200 275 4.95198e-07
4.23337 1.82408 200 275 5.01892e-07
4.23412 1.82408 200 275 5.08762e-07
4.23487 1.82408 200 275 5.15779e-07
4.23562 1.82408 200 275 5.22911e-07
4.23637 1.82408 200 275 5.30123e-07
4.23712 1.82408 200 275 5.37378e-07
4.23787 1.82408 200 275 5.44636e-07
4.23862 1.82408 200 275 5.51853e-07
4.23937 1.82408 200 275 5.58984e-07
4.24012 1.82408 200 275 5.65981e-07
4.24087 1.82408 200 275 5.72795e-07
4.24162 1.82408 200 275 5.79374e-07
4.24237 1.82408 200 275 5.85667e-07
4.24312 1.82408 200 275 5.91621e-07
4.24387 1.82408 200 275 5.97182e-07
4.24462 1.82408 200 275 6.02299e-07
4.24537 1.82408 200 275 6.06919e-07
4.24612 1.82408 200 275 6.10995e-07
4.24687 1.82408 200 275 6.14479e-07
4.24762 1.82408 200 275 6.17331e-07
4.24837 1.82408 200 275 6.19511e-07
4.24912 1.82408 200 275 6.20988e-07
4.24987 1.82408 200 275 6.21736e-07
4.25063 1.82408 200 275 6.21737e-07
4.25138 1.82408 200 275 6.20981e-07
4.25213 1.82408 200 275 6.19464e-07
4.25288 1.82408 200 275 6.17192e-07
4.25363 1.82408 200 275 6.14181e-07
4.25438 1.82408 200 275 6.10451e-07
4.25513 1.82408 200 275 6.06034e-07
4.25588 1.82408 200 275 6.00966e-07
4.25663 1.82408 200 275 5.9529e-07
4.25738 1.82408 200 275 5.89056e-07
4.25813 1.82408 200 275 5.82315e-07
4.25888 1.82408 200 275 5.75123e-07
4.25963 1.82408 200 275 5.67537e-07
4.26038 1.82408 200 275 5.59616e-07
4.26113 1.82408 200 275 5.51418e-07
4.26188 1.82408 200 275 5.42998e-07
4.26263 1.82408 200 275 5.34413e-07
4.26338 1.82408 200 275 5.25714e-07
4.26413 1.82408 200 275 5.16951e-07
4.26488 1.82408 200 275 5.08169e-07
4.26563 1.82408 200 275 4.99412e-07
4.26638 1.82408 200 275 4.90718e-07
4.26713 1.82408 200 275 4.82121e-07
4.26788 1.82408 200 275 4.73653e-07
4.26863 1.82408 200 275 4.65343e-07
4.26938 1.82408 200 275 4.57213e-07
4.27013 1.82408 200 275 4.49285e-07
4.27088 1.82408 200 275 4.41578e-07
4.27163 1.82408 200 275 4.34105e-07
4.27238 1.82408 200 275 4.26881e-07
4.27313 1.82408 200 275 4.19916e-07
4.27388 1.82408 200 275 4.13218e-07
4.27463 1.82408 200 275 4.06797e-07
4.27538 1.82408 200 275 4.0065e-07
4.27613 1.82408 200 275 3.94786e-07
4.27688 1.82408 200 275 3.89206e-07
4.27763 1.82408 200 275 3.83911e-07
4.27838 1.82408 200 275 3.78903e-07
4.27913 1.82408 200 275 3.74181e-07
4.27988 1.82408 200 275 3.69743e-07
4.28063 1.82408 200 275 3.65587e-07
4.28138 1.82408 200 275 3.61713e-07
4.28213 1.82408 200 275 3.58118e-07
4.28288 1.82408 200 275 3.54799e-07
4.28363 1.82408 200 275 3.51755e-07
4.28438 1.82408 200 275 3.48982e-07
4.28513 1.82408 200 275 3.46477e-07
4.28588 1.82408 200 275 3.4424e-07
4.28663 1.82408 200 275 3.42266e-07
4.28738 1.82408 200 275 3.40554e-07
4.28813 1.82408 200 275 3.39102e-07
4.28888 1.82408 200 275 3.37907e-07
4.28963 1.82408 200 275 3.36968e-07
4.29038 1.82408 200 275 3.36283e-07
4.29113 1.82408 200 275 3.35851e-07
4.29188 1.82408 200 275 3.35672e-07
4.29263 1.82408 200 275 3.35743e-07
4.29338 1.82408 200 275 3.36065e-07
4.29413 1.82408 200 275 3.36638e-07
4.29488 1.82408 200 275 3.3746e-07
4.29563 1.82408 200 275 3.38533e-07
4.29638 1.82408 200 275 3.39857e-07
4.29713 1.82408 200 275 3.41432e-07
4.29788 1.82408 200 275 3.43259e-07
4.29863 1.82408 200 275 3.4534e-07
4.29938 1.82408 200 275 3.47674e-07
4.30013 1.82408 200 275 3.50263e-07
4.30088 1.82408 200 275 3.53109e-07
4.30163 1.82408 200 275 3.56212e-07
4.30238 1.82408 200 275 3.59574e-07
4.30313 1.82408 200 275 3.63195e-07
4.30388 1.82408 200 275 3.67077e-07
4.30463 1.82408 200 275 3.71221e-07
4.30538 1.82408 200 275 3.75626e-07
4.30613 1.82408 200 275 3.80292e-07
4.30688 1.82408 200 275 3.8522e-07
4.30763 1.82408 200 275 3.90408e-07
4.30838 1.82408 200 275 3.95855e-07
4.30913 1.82408 200 275 4.01558e-07
4.30988 1.82408 200 275 4.07514e-07
4.31064 1.82408 200 275 4.13719e-07
4.31139 1.82408 200 275 4.20167e-07
4.31214 1.82408 200 275 4.26852e-07
4.31289 1.82408 200 275 4.33765e-07
4.31364 1.82408 200 275 4.40898e-07
4.31439 1.82408 200 275 4.4824e-07
4.31514 1.82408 200 275 4.55779e-07
4.31589 1.82408 200 275 4.635e-07
4.31664 1.82408 200 275 4.71389e-07
4.31739 1.82408 200 275 4.79429e-07
4.31814 1.82408 200 275 4.87602e-07
4.31889 1.82408 200 275 4.95887e-07
4.31964 1.82408 200 275 5.04266e-07
4.32039 1.82408 200 275 5.12715e-07
4.32114 1.82408 200 275 5.21215e-07
4.32189 1.82408 200 275 5.29742e-07
4.32264 1.82408 200 275 5.38274e-07
4.32339 1.82408 200 275 5.46791e-07
4.32414 1.82408 200 275 5.55272e-07
4.32489 1.82408 200 275 5.63696e-07
4.32564 1.82408 200 275 5.72047e-07
4.32639 1.82408 200 275 5.80308e-07
4.32714 1.82408 200 275 5.88464e-07
4.32789 1.82408 200 275 5.96504e-07
4.32864 1.82408 200 275 6.04415e-07
4.32939 1.82408 200 275 6.12189e-07
4.33014 1.82408 200 275 6.19819e-07
4.33089 1.82408 200 275 6.27297e-07
4.33164 1.82408 200 275 6.34617e-07
4.33239 1.82408 200 275 6.41772e-07
4.33314 1.82408 200 275 6.48755e-07
4.33389 1.82408 200 275 6.55557e-07
4.33464 1.82408 200 275 6.62167e-07
4.33539 1.82408 200 275 6.68571e-07
4.33614 1.82408 200 275 6.74752e-07
4.33689 1.82408 200 275 6.80689e-07
4.33764 1.82408 200 275 6.86355e-07
4.33839 1.82408 200 275 6.91723e-07
4.33914 1.82408 200 275 6.96758e-07
4.33989 1.82408 200 275 7.01423e-07
4.34064 1.82408 200 275 7.05677e-07
4.34139 1.82408 200 275 7.09476e-07
4.34214 1.82408 200 275 7.12773e-07
4.34289 1.82408 200 275 7.15522e-07
4.34364 1.82408 200 275 7.17676e-07
4.34439 1.82408 200 275 7.1919e-07
4.34514 1.82408 200 275 7.2002e-07
4.34589 1.82408 200 275 7.2013e-07
4.34664 1.82408 200 275 7.19484e-07
4.34739 1.82408 200 275 7.18058e-07
4.34814 1.82408 200 275 7.15831e-07
4.34889 1.82408 200 275 7.12794e-07
4.34964 1.82408 200 275 7.08943e-07
4.35039 1.82408 200 275 7.04287e-07
4.35114 1.82408 200 275 6.98842e-07
4.35189 1.82408 200 275 6.92633e-07
4.35264 1.82408 200 275 6.85694e-07
4.35339 1.82408 200 275 6.78065e-07
4.35414 1.82408 200 275 6.69795e-07
4.35489 1.82408 200 275 6.60937e-07
4.35564 1.82408 200 275 6.51549e-07
4.35639 1.82408 200 275 6.41691e-07
4.35714 1.82408 200 275 6.31427e-07
4.35789 1.82408 200 275 6.20819e-07
4.35864 1.82408 200 275 6.09932e-07
4.35939 1.82408 200 275 5.98828e-07
4.36014 1.82408 200 275 5.87567e-07
4.36089 1.82408 200 275 5.76206e-07
4.36164 1.82408 200 275 5.64801e-07
4.36239 1.82408 200 275 5.53401e-07
4.36314 1.82408 200 275 5.42053e-07
4.36389 1.82408 200 275 5.308e-07
4.36464 1.82408 200 275 5.19679e-07
4.36539 1.82408 200 275 5.08724e-07
4.36614 1.82408 200 275 4.97965e-07
4.36689 1.82408 200 275 4.87435e-07
4.36764 1.82408 200 275 4.77137e-07
4.36839 1.82408 200 275 4.671e-07
4.36914 1.82408 200 275 4.57334e-07
4.36989 1.82408 200 275 4.47852e-07
4.37065 1.82408 200 275 4.38659e-07
4.3714 1.82408 200 275 4.29762e-07
4.37215 1.82408 200 275 4.2116e-07
4.3729 1.82408 200 275 4.12855e-07
4.37365 1.82408 200 275 4.04843e-07
4.3744 1.82408 200 275 3.9712e-07
4.37515 1.82408 200 275 3.89682e-07
4.3759 1.82408 200 275 3.82521e-07
4.37665 1.82408 200 275 3.75631e-07
4.3774 1.82408 200 275 3.69003e-07
4.37815 1.82408 200 275 3.62628e-07
4.3789 1.82408 200 275 3.56499e-07
4.37965 1.82408 200 275 3.50606e-07
4.3804 1.82408 200 275 3.4494e-07
4.38115 1.82408 200 275 3.39492e-07
4.3819 1.82408 200 275 3.34254e-07
4.38265 1.82408 200 275 3.29216e-07
4.3834 1.82408 200 275 3.2437e-07
4.38415 1.82408 200 275 3.19708e-07
4.3849 1.82408 200 275 3.15221e-07
4.38565 1.82408 200 275 3.109e-07
4.3864 1.82408 200 275 3.06739e-07
4.38715 1.82408 200 275 3.02731e-07
4.3879 1.82408 200 275 2.98863e-07
4.38865 1.82408 200 275 2.95131e-07
4.3894 1.82408 200 275 2.91526e-07
4.39015 1.82408 200 275 2.88041e-07
4.3909 1.82408 200 275 2.84669e-07
4.39165 1.82408 200 275 2.81403e-07
4.3924 1.82408 200 275 2.78235e-07
4.39315 1.82408 200 275 2.7516e-07
4.3939 1.82408 200 275 2.72172e-07
4.39465 1.82408 200 275 2.69264e-07
4.3954 1.82408 200 275 2.66433e-07
4.39615 1.82408 200 275 2.63673e-07
4.3969 1.82408 200 275 2.60982e-07
4.39765 1.82408 200 275 2.58355e-07
4.3984 1.82408 200 275 2.5579e-07
4.39915 1.82408 200 275 2.53286e-07
4.3999 1.82408 200 275 2.50842e-07
4.40065 1.82408 200 275 2.48456e-07
4.4014 1.82408 200 275 2.4613e-07
4.40215 1.82408 200 275 2.43863e-07
4.4029 1.82408 200 275 2.41657e-07
4.40365 1.82408 200 275 2.39513e-07
4.4044 1.82408 200 275 2.37433e-07
4.40515 1.82408 200 275 2.35419e-07
4.4059 1.82408 200 275 2.33474e-07
4.40665 1.82408 200 275 2.31601e-07
4.4074 1.82408 200 275 2.29801e-07
4.40815 1.82408 200 275 2.28077e-07
4.4089 1.82408 200 275 2.26434e-07
4.40965 1.82408 200 275 2.24874e-07
4.4104 1.82408 200 275 2.234e-07
4.41115 1.82408 200 275 2.22013e-07
4.4119 1.82408 200 275 2.20719e-07
4.41265 1.82408 200 275 2.19519e-07
4.4134 1.82408 200 275 2.18418e-07
4.41415 1.82408 200 275 2.17417e-07
4.4149 1.82408 200 275 2.16522e-07
4.41565 1.82408 200 275 2.15735e-07
4.4164 1.82408 200 275 2.15061e-07
4.41715 1.82408 200 275 2.14503e-07
4.4179 1.82408 200 275 2.14067e-07
4.41865 1.82408 200 275 2.13756e-07
4.4194 1.82408 200 275 2.13577e-07
4.42015 1.82408 200 275 2.13535e-07
4.4209 1.82408 200 275 2.13636e-07
4.42165 1.82408 200 275 2.13888e-07
4.4224 1.82408 200 275 2.14297e-07
4.42315 1.82408 200 275 2.14872e-07
4.4239 1.82408 200 275 2.15621e-07
4.42465 1.82408 200 275 2.16548e-07
4.4254 1.82408 200 275 2.17672e-07
4.42615 1.82408 200 275 2.18998e-07
4.4269 1.82408 200 275 2.20536e-07
4.42765 1.82408 200 275 2.22296e-07
4.4284 1.82408 200 275 2.24288e-07
4.42915 1.82408 200 275 2.26523e-07
4.4299 1.82408 200 275 2.29009e-07
4.43066 1.82408 200 275 2.31756e-07
4.43141 1.82408 200 275 2.34772e-07
4.43216 1.82408 200 275 2.38063e-07
4.43291 1.82408 200 275 2.41635e-07
4.43366 1.82408 200 275 2.45491e-07
4.43441 1.82408 200 275 2.49633e-07
4.43516 1.82408 200 275 2.54061e-07
4.43591 1.82408 200 275 2.58772e-07
4.43666 1.82408 200 275 2.6376e-07
4.43741 1.82408 200 275 2.6902e-07
4.43816 1.82408 200 275 2.74539e-07
4.43891 1.82408 200 275 2.80307e-07
4.43966 1.82408 200 275 2.86309e-07
4.44041 1.82408 200 275 2.92527e-07
4.44116 1.82408 200 275 2.98944e-07
4.44191 1.82408 200 275 3.05539e-07
4.44266 1.82408 200 275 3.1229e-07
4.44341 1.82408 200 275 3.19174e-07
4.44416 1.82408 200 275 3.26166e-07
4.44491 1.82408 200 275 3.33242e-07
4.44566 1.82408 200 275 3.40375e-07
4.44641 1.82408 200 275 3.47538e-07
4.44716 1.82408 200 275 3.54704e-07
4.44791 1.82408 200 275 3.61844e-07
4.44866 1.82408 200 275 3.6893e-07
4.44941 1.82408 200 275 3.75932e-07
4.45016 1.82408 200 275 3.82818e-07
4.45091 1.82408 200 275 3.89558e-07
4.45166 1.82408 200 275 3.9612e-07
4.45241 1.82408 200 275 4.02472e-07
4.45316 1.82408 200 275 4.08579e-07
4.45391 1.82408 200 275 4.14408e-07
4.45466 1.82408 200 275 4.19927e-07
4.45541 1.82408 200 275 4.25101e-07
4.45616 1.82408 200 275 4.29899e-07
4.45691 1.82408 200 275 4.3429e-07
4.45766 1.82408 200 275 4.38242e-07
4.45841 1.82408 200 275 4.4173e-07
4.45916 1.82408 200 275 4.44728e-07
4.45991 1.82408 200 275 4.47214e-07
4.46066 1.82408 200 275 4.49171e-07
4.46141 1.82408 200 275 4.50585e-07
4.46216 1.82408 200 275 4.51447e-07
4.46291 1.82408 200 275 4.51754e-07
4.46366 1.82408 200 275 4.51504e-07
4.46441 1.82408 200 275 4.50704e-07
4.46516 1.82408 200 275 4.49364e-07
4.46591 1.82408 200 275 4.47501e-07
4.46666 1.82408 200 275 4.45136e-07
4.46741 1.82408 200 275 4.4262e-07
4.46816 1.82408 200 275 4.39327e-07
4.46891 1.82408 200 275 4.35614e-07
4.46966 1.82408 200 275 4.31515e-07
4.47041 1.82408 200 275 4.27066e-07
4.47116 1.82408 200 275 4.22304e-07
4.47191 1.82408 200 275 4.17268e-07
4.47266 1.82408 200 275 4.11996e-07
4.47341 1.82408 200 275 4.06528e-07
4.47416 1.82408 200 275 4.00895e-07
4.47491 1.82408 200 275 3.95136e-07
4.47566 1.82408 200 275 3.89283e-07
4.47641 1.82408 200 275 3.83369e-07
4.47716 1.82408 200 275 3.77422e-07
4.47791 1.82408 200 275 3.71468e-07
4.47866 1.82408 200 275 3.65532e-07
4.47941 1.82408 200 275 3.59634e-07
4.48016 1.82408 200 275 3.53793e-07
4.48091 1.82408 200 275 3.48024e-07
4.48166 1.82408 200 275 3.42342e-07
4.48241 1.82408 200 275 3.36756e-07
4.48316 1.82408 200 275 3.31276e-07
4.48391 1.82408 200 275 3.25907e-07
4.48466 1.82408 200 275 3.20654e-07
4.48541 1.82408 200 275 3.1552e-07
4.48616 1.82408 200 275 3.10506e-07
4.48691 1.82408 200 275 3.05612e-07
4.48766 1.82408 200 275 3.00836e-07
4.48841 1.82408 200 275 2.96176e-07
4.48916 1.82408 200 275 2.9163e-07
4.48991 1.82408 200 275 2.87193e-07
4.49067 1.82408 200 275 2.82863e-07
4.49142 1.82408 200 275 2.78635e-07
4.49217 1.82408 200 275 2.74505e-07
4.49292 1.82408 200 275 2.70469e-07
4.49367 1.82408 200 275 2.66525e-07
4.49442 1.82408 200 275 2.6267e-07
4.49517 1.82408 200 275 2.589e-07
4.49592 1.82408 200 275 2.55215e-07
4.49667 1.82408 200 275 2.51612e-07
4.49742 1.82408 200 275 2.48092e-07
4.49817 1.82408 200 275 2.44654e-07
4.49892 1.82408 200 275 2.41298e-07
4.49967 1.82408 200 275 2.38027e-07
4.50042 1.82408 200 275 2.34843e-07
4.50117 1.82408 200 275 2.31745e-07
4.50192 1.82408 200 275 2.28738e-07
4.50267 1.82408 200 275 2.25824e-07
4.50342 1.82408 200 275 2.23007e-07
4.50417 1.82408 200 275 2.20289e-07
4.50492 1.82408 200 275 2.1768e-07
4.50567 1.82408 200 275 2.15171e-07
4.50642 1.82408 200 275 2.12773e-07
4.50717 1.82408 200 275 2.10487e-07
4.50792 1.82408 200 275 2.08316e-07
4.50867 1.82408 200 275 2.06264e-07
4.50942 1.82408 200 275 2.04331e-07
4.51017 1.82408 200 275 2.02521e-07
4.51092 1.82408 200 275 2.00834e-07
4.51167 1.82408 200 275 1.99271e-07
4.51242 1.82408 200 275 1.97833e-07
4.51317 1.82408 200 275 1.96519e-07
4.51392 1.82408 200 275 1.95328e-07
4.51467 1.82408 200 275 1.94261e-07
4.51542 1.82408 200 275 1.93314e-07
4.51617 1.82408 200 275 1.92486e-07
4.51692 1.82408 200 275 1.91775e-07
4.51767 1.82408 200 275 1.91178e-07
4.51842 1.82408 200 275 1.90692e-07
4.51917 1.82408 200 275 1.90315e-07
4.51992 1.82408 200 275 1.90043e-07
4.52067 1.82408 200 275 1.89874e-07
4.52142 1.82408 200 275 1.89804e-07
4.52217 1.82408 200 275 1.89831e-07
4.52292 1.82408 200 275 1.89952e-07
4.52367 1.82408 200 275 1.90166e-07
4.52442 1.82408 200 275 1.90471e-07
4.52517 1.82408 200 275 1.90864e-07
4.52592 1.82408 200 275 1.91345e-07
4.52667 1.82408 200 275 1.91912e-07
