0.5 1.4382 0 245 2.82045e-06
0.50075 1.4382 0 245 2.91223e-06
0.5015 1.4382 0 245 3.00757e-06
0.50225 1.4382 0 245 3.10887e-06
0.503001 1.4382 0 245 3.21553e-06
0.503751 1.4382 0 245 3.32773e-06
0.504501 1.4382 0 245 3.44607e-06
0.505251 1.4382 0 245 3.57077e-06
0.506001 1.4382 0 245 3.70263e-06
0.506751 1.4382 0 245 3.84192e-06
0.507501 1.4382 0 245 3.98772e-06
0.508251 1.4382 0 245 4.14386e-06
0.509002 1.4382 0 245 4.30919e-06
0.509752 1.4382 0 245 4.48476e-06
0.510502 1.4382 0 245 4.67138e-06
0.511252 1.4382 0 245 4.86992e-06
0.512002 1.4382 0 245 5.08159e-06
0.512752 1.4382 0 245 5.3072e-06
0.513502 1.4382 0 245 5.54845e-06
0.514252 1.4382 0 245 5.80405e-06
0.515003 1.4382 0 245 6.08059e-06
0.515753 1.4382 0 245 6.37719e-06
0.516503 1.4382 0 245 6.69594e-06
0.517253 1.4382 0 245 7.03943e-06
0.518003 1.4382 0 245 7.41008e-06
0.518753 1.4382 0 245 7.81043e-06
0.519503 1.4382 0 245 8.24436e-06
0.520253 1.4382 0 245 8.71549e-06
0.521004 1.4382 0 245 9.22377e-06
0.521754 1.4382 0 245 9.78244e-06
0.522504 1.4382 0 245 1.03932e-05
0.523254 1.4382 0 245 1.10625e-05
0.524004 1.4382 0 245 1.17985e-05
0.524754 1.4382 0 245 1.26104e-05
0.525504 1.4382 0 245 1.35078e-05
0.526254 1.4382 0 245 1.45046e-05
0.527005 1.4382 0 245 1.56158e-05
0.527755 1.4382 0 245 1.68488e-05
0.528505 1.4382 0 245 1.82437e-05
0.529255 1.4382 0 245 1.98163e-05
0.530005 1.4382 0 245 2.16005e-05
0.530755 1.4382 0 245 2.36337e-05
0.531505 1.4382 0 245 2.59653e-05
0.532255 1.4382 0 245 2.86561e-05
0.533006 1.4382 0 245 3.178e-05
0.533756 1.4382 0 245 3.54385e-05
0.534506 1.4382 0 245 3.97313e-05
0.535256 1.4382 0 245 4.4871e-05
0.536006 1.4382 0 245 5.1052e-05
0.536756 1.4382 0 245 5.85773e-05
0.537506 1.4382 0 245 6.78494e-05
0.538256 1.4382 0 245 7.94443e-05
0.539007 1.4382 0 245 9.41748e-05
0.539757 1.4382 0 245 0.000113227
0.540507 1.4382 0 245 0.000138381
0.541257 1.4382 0 245 0.000172351
0.542007 1.4382 0 245 0.000219166
0.542757 1.4382 0 245 0.000285779
0.543507 1.4382 0 245 0.000382299
0.544257 1.4382 0 245 0.000523127
0.545008 1.4382 0 245 0.00072111
0.545758 1.4382 0 245 0.000960958
0.546508 1.4382 0 245 0.0011457
0.547258 1.4382 0 245 0.00113282
0.548008 1.4382 0 245 0.00093473
0.548758 1.4382 0 245 0.000697549
0.549508 1.4382 0 245 0.000507206
0.550258 1.4382 0 245 0.000372193
0.551009 1.4382 0 245 0.000279596
0.551759 1.4382 0 245 0.000215456
0.552509 1.4382 0 245 0.000170088
0.553259 1.4382 0 245 0.000137168
0.554009 1.4382 0 245 0.0001127
0.554759 1.4382 0 245 9.40896e-05
0.555509 1.4382 0 245 7.96578e-05
0.556259 1.4382 0 245 6.8261e-05
0.55701 1.4382 0 245 5.91242e-05
0.55776 1.4382 0 245 5.16871e-05
0.55851 1.4382 0 245 4.55552e-05
0.55926 1.4382 0 245 4.04533e-05
0.56001 1.4382 0 245 3.61597e-05
0.56076 1.4382 0 245 3.2514e-05
0.56151 1.4382 0 245 2.93947e-05
0.56226 1.4382 0 245 2.67032e-05
0.563011 1.4382 0 245 2.43669e-05
0.563761 1.4382 0 245 2.23259e-05
0.564511 1.4382 0 245 2.05304e-05
0.565261 1.4382 0 245 1.89458e-05
0.566011 1.4382 0 245 1.7539e-05
0.566761 1.4382 0 245 1.62832e-05
0.567511 1.4382 0 245 1.51607e-05
0.568261 1.4382 0 245 1.41518e-05
0.569012 1.4382 0 245 1.32416e-05
0.569762 1.4382 0 245 1.24177e-05
0.570512 1.4382 0 245 1.16695e-05
0.571262 1.4382 0 245 1.09883e-05
0.572012 1.4382 0 245 1.03659e-05
0.572762 1.4382 0 245 9.79414e-06
0.573512 1.4382 0 245 9.27067e-06
0.574262 1.4382 0 245 8.78833e-06
0.575013 1.4382 0 245 8.34449e-06
0.575763 1.4382 0 245 7.93398e-06
0.576513 1.4382 0 245 7.55381e-06
0.577263 1.4382 0 245 7.20112e-06
0.578013 1.4382 0 245 6.87326e-06
0.578763 1.4382 0 245 6.56819e-06
0.579513 1.4382 0 245 6.28342e-06
0.580263 1.4382 0 245 6.01727e-06
0.581014 1.4382 0 245 5.76728e-06
0.581764 1.4382 0 245 5.53317e-06
0.582514 1.4382 0 245 5.3146e-06
0.583264 1.4382 0 245 5.10902e-06
0.584014 1.4382 0 245 4.9156e-06
0.584764 1.4382 0 245 4.73343e-06
0.585514 1.4382 0 245 4.5617e-06
0.586264 1.4382 0 245 4.39966e-06
0.587015 1.4382 0 245 4.24661e-06
0.587765 1.4382 0 245 4.1015e-06
0.588515 1.4382 0 245 3.96414e-06
0.589265 1.4382 0 245 3.8341e-06
0.590015 1.4382 0 245 3.7093e-06
0.590765 1.4382 0 245 3.59221e-06
0.591515 1.4382 0 245 3.48075e-06
0.592265 1.4382 0 245 3.37465e-06
0.593016 1.4382 0 245 3.2738e-06
0.593766 1.4382 0 245 3.17775e-06
0.594516 1.4382 0 245 3.08607e-06
0.595266 1.4382 0 245 2.99862e-06
0.596016 1.4382 0 245 2.91511e-06
0.596766 1.4382 0 245 2.83517e-06
0.597516 1.4382 0 245 2.75888e-06
0.598266 1.4382 0 245 2.68564e-06
0.599017 1.4382 0 245 2.61517e-06
0.599767 1.4382 0 245 2.54822e-06
0.600517 1.4382 0 245 2.48398e-06
0.601267 1.4382 0 245 2.42247e-06
0.602017 1.4382 0 245 2.36342e-06
0.602767 1.4382 0 245 2.30659e-06
0.603517 1.4382 0 245 2.25213e-06
0.604267 1.4382 0 245 2.19979e-06
0.605018 1.4382 0 245 2.14942e-06
0.605768 1.4382 0 245 2.10107e-06
0.606518 1.4382 0 245 2.05438e-06
0.607268 1.4382 0 245 2.00889e-06
0.608018 1.4382 0 245 1.96554e-06
0.608768 1.4382 0 245 1.92397e-06
0.609518 1.4382 0 245 1.88366e-06
0.610268 1.4382 0 245 1.84493e-06
0.611019 1.4382 0 245 1.80763e-06
0.611769 1.4382 0 245 1.77142e-06
0.612519 1.4382 0 245 1.73659e-06
0.613269 1.4382 0 245 1.7029e-06
0.614019 1.4382 0 245 1.67037e-06
0.614769 1.4382 0 245 1.63889e-06
0.615519 1.4382 0 245 1.60844e-06
0.616269 1.4382 0 245 1.57864e-06
0.61702 1.4382 0 245 1.55021e-06
0.61777 1.4382 0 245 1.52273e-06
0.61852 1.4382 0 245 1.49609e-06
0.61927 1.4382 0 245 1.47017e-06
0.62002 1.4382 0 245 1.44519e-06
0.62077 1.4382 0 245 1.42091e-06
0.62152 1.4382 0 245 1.39732e-06
0.62227 1.4382 0 245 1.37463e-06
0.623021 1.4382 0 245 1.35252e-06
0.623771 1.4382 0 245 1.33111e-06
0.624521 1.4382 0 245 1.31032e-06
0.625271 1.4382 0 245 1.28975e-06
0.626021 1.4382 0 245 1.27022e-06
0.626771 1.4382 0 245 1.25157e-06
0.627521 1.4382 0 245 1.23311e-06
0.628271 1.4382 0 245 1.21515e-06
0.629022 1.4382 0 245 1.19779e-06
0.629772 1.4382 0 245 1.18095e-06
0.630522 1.4382 0 245 1.16449e-06
0.631272 1.4382 0 245 1.14866e-06
0.632022 1.4382 0 245 1.13319e-06
0.632772 1.4382 0 245 1.11807e-06
0.633522 1.4382 0 245 1.10348e-06
0.634272 1.4382 0 245 1.08928e-06
0.635023 1.4382 0 245 1.07507e-06
0.635773 1.4382 0 245 1.06165e-06
0.636523 1.4382 0 245 1.04917e-06
0.637273 1.4382 0 245 1.03652e-06
0.638023 1.4382 0 245 1.02412e-06
0.638773 1.4382 0 245 1.01219e-06
0.639523 1.4382 0 245 1.0006e-06
0.640273 1.4382 0 245 9.89263e-07
0.641024 1.4382 0 245 9.78268e-07
0.641774 1.4382 0 245 9.67509e-07
0.642524 1.4382 0 245 9.57052e-07
0.643274 1.4382 0 245 9.47012e-07
0.644024 1.4382 0 245 9.37216e-07
0.644774 1.4382 0 245 9.27246e-07
0.645524 1.4382 0 245 9.17963e-07
0.646274 1.4382 0 245 9.08981e-07
0.647025 1.4382 0 245 9.01187e-07
0.647775 1.4382 0 245 8.9266e-07
0.648525 1.4382 0 245 8.84433e-07
0.649275 1.4382 0 245 8.76533e-07
0.650025 1.4382 0 245 8.68731e-07
0.650775 1.4382 0 245 8.61264e-07
0.651525 1.4382 0 245 8.53974e-07
0.652275 1.4382 0 245 8.46856e-07
0.653026 1.4382 0 245 8.40007e-07
0.653776 1.4382 0 245 8.33615e-07
0.654526 1.4382 0 245 8.26713e-07
0.655276 1.4382 0 245 8.20478e-07
0.656026 1.4382 0 245 8.14435e-07
0.656776 1.4382 0 245 8.08728e-07
0.657526 1.4382 0 245 8.0459e-07
0.658276 1.4382 0 245 7.99245e-07
0.659027 1.4382 0 245 7.94106e-07
0.659777 1.4382 0 245 7.89285e-07
0.660527 1.4382 0 245 7.84716e-07
0.661277 1.4382 0 245 7.80114e-07
0.662027 1.4382 0 245 7.75676e-07
0.662777 1.4382 0 245 7.71565e-07
0.663527 1.4382 0 245 7.67731e-07
0.664277 1.4382 0 245 7.6411e-07
0.665028 1.4382 0 245 7.59919e-07
0.665778 1.4382 0 245 7.56526e-07
0.666528 1.4382 0 245 7.53436e-07
0.667278 1.4382 0 245 7.50535e-07
0.668028 1.4382 0 245 7.50131e-07
0.668778 1.4382 0 245 7.47726e-07
0.669528 1.4382 0 245 7.45291e-07
0.670278 1.4382 0 245 7.43181e-07
0.671029 1.4382 0 245 7.41569e-07
0.671779 1.4382 0 245 7.3982e-07
0.672529 1.4382 0 245 7.38428e-07
0.673279 1.4382 0 245 7.37087e-07
0.674029 1.4382 0 245 7.36124e-07
0.674779 1.4382 0 245 7.35484e-07
0.675529 1.4382 0 245 7.35043e-07
0.676279 1.4382 0 245 7.33838e-07
0.67703 1.4382 0 245 7.33695e-07
0.67778 1.4382 0 245 7.33867e-07
0.67853 1.4382 0 245 7.34478e-07
0.67928 1.4382 0 245 7.3852e-07
0.68003 1.4382 0 245 7.39311e-07
0.68078 1.4382 0 245 7.40062e-07
0.68153 1.4382 0 245 7.41953e-07
0.68228 1.4382 0 245 7.43685e-07
0.683031 1.4382 0 245 7.4559e-07
0.683781 1.4382 0 245 7.47621e-07
0.684531 1.4382 0 245 7.50106e-07
0.685281 1.4382 0 245 7.52553e-07
0.686031 1.4382 0 245 7.55135e-07
0.686781 1.4382 0 245 7.56254e-07
0.687531 1.4382 0 245 7.59435e-07
0.688281 1.4382 0 245 7.62263e-07
0.689032 1.4382 0 245 7.65768e-07
0.689782 1.4382 0 245 7.68273e-07
0.690532 1.4382 0 245 7.70953e-07
0.691282 1.4382 0 245 7.79365e-07
0.692032 1.4382 0 245 7.81165e-07
0.692782 1.4382 0 245 7.81943e-07
0.693532 1.4382 0 245 7.82848e-07
0.694282 1.4382 0 245 7.81863e-07
0.695033 1.4382 0 245 7.78404e-07
0.695783 1.4382 0 245 7.71839e-07
0.696533 1.4382 0 245 7.62123e-07
0.697283 1.4382 0 245 7.47532e-07
0.698033 1.4382 0 245 7.27557e-07
0.698783 1.4382 0 245 6.94645e-07
0.699533 1.4382 0 245 6.56696e-07
0.700283 1.4382 0 245 6.03351e-07
0.701034 1.4382 0 245 5.30039e-07
0.701784 1.4382 0 245 4.30071e-07
0.702534 1.4382 0 245 2.93727e-07
0.703284 1.4382 0 245 1.07317e-07
0.704034 1.4382 0 245 -1.49094e-07
0.704784 1.4382 0 245 -4.99562e-07
0.705534 1.4382 0 245 -9.81114e-07
0.706284 1.4382 0 245 -1.65671e-06
0.707035 1.4382 0 245 -2.59903e-06
0.707785 1.4382 0 245 -3.92263e-06
0.708535 1.4382 0 245 -5.78866e-06
0.709285 1.4382 0 245 -8.40571e-06
0.710035 1.4382 0 245 -1.20169e-05
0.710785 1.4382 0 245 -1.67817e-05
0.711535 1.4382 0 245 -2.25581e-05
0.712285 1.4382 0 245 -2.83324e-05
0.713036 1.4382 0 245 -3.17177e-05
0.713786 1.4382 0 245 -2.9497e-05
0.714536 1.4382 0 245 -2.03346e-05
0.715286 1.4382 0 245 -7.29738e-06
0.716036 1.4382 0 245 4.36896e-06
0.716786 1.4382 0 245 1.16499e-05
0.717536 1.4382 0 245 1.4575e-05
0.718286 1.4382 0 245 1.4731e-05
0.719037 1.4382 0 245 1.35675e-05
0.719787 1.4382 0 245 1.19456e-05
0.720537 1.4382 0 245 1.03074e-05
0.721287 1.4382 0 245 8.82623e-06
0.722037 1.4382 0 245 7.55553e-06
0.722787 1.4382 0 245 6.48512e-06
0.723537 1.4382 0 245 5.60124e-06
0.724287 1.4382 0 245 4.86948e-06
0.725038 1.4382 0 245 4.26286e-06
0.725788 1.4382 0 245 3.75683e-06
0.726538 1.4382 0 245 3.33461e-06
0.727288 1.4382 0 245 2.97875e-06
0.728038 1.4382 0 245 2.67803e-06
0.728788 1.4382 0 245 2.46526e-06
0.729538 1.4382 0 245 2.24161e-06
0.730288 1.4382 0 245 2.04876e-06
0.731039 1.4382 0 245 1.88226e-06
0.731789 1.4382 0 245 1.73834e-06
0.732539 1.4382 0 245 1.61173e-06
0.733289 1.4382 0 245 1.50044e-06
0.734039 1.4382 0 245 1.40234e-06
0.734789 1.4382 0 245 1.31553e-06
0.735539 1.4382 0 245 1.2374e-06
0.736289 1.4382 0 245 1.16844e-06
0.73704 1.4382 0 245 1.10697e-06
0.73779 1.4382 0 245 1.05185e-06
0.73854 1.4382 0 245 1.0018e-06
0.73929 1.4382 0 245 9.56597e-07
0.74004 1.4382 0 245 9.15854e-07
0.74079 1.4382 0 245 8.78641e-07
0.74154 1.4382 0 245 8.44699e-07
0.74229 1.4382 0 245 8.23931e-07
0.743041 1.4382 0 245 7.9497e-07
0.743791 1.4382 0 245 7.68175e-07
0.744541 1.4382 0 245 7.43813e-07
0.745291 1.4382 0 245 7.21473e-07
0.746041 1.4382 0 245 7.00733e-07
0.746791 1.4382 0 245 6.81369e-07
0.747541 1.4382 0 245 6.63472e-07
0.748291 1.4382 0 245 6.4651e-07
0.749042 1.4382 0 245 6.31166e-07
0.749792 1.4382 0 245 6.16763e-07
0.750542 1.4382 0 245 6.03468e-07
0.751292 1.4382 0 245 5.91092e-07
0.752042 1.4382 0 245 5.79498e-07
0.752792 1.4382 0 245 5.68629e-07
0.753542 1.4382 0 245 5.58535e-07
0.754292 1.4382 0 245 5.48998e-07
0.755043 1.4382 0 245 5.40066e-07
0.755793 1.4382 0 245 5.31651e-07
0.756543 1.4382 0 245 5.27825e-07
0.757293 1.4382 0 245 5.20216e-07
0.758043 1.4382 0 245 5.13045e-07
0.758793 1.4382 0 245 5.06359e-07
0.759543 1.4382 0 245 5.00143e-07
0.760293 1.4382 0 245 4.94161e-07
0.761044 1.4382 0 245 4.88508e-07
0.761794 1.4382 0 245 4.82997e-07
0.762544 1.4382 0 245 4.78033e-07
0.763294 1.4382 0 245 4.73345e-07
0.764044 1.4382 0 245 4.68889e-07
0.764794 1.4382 0 245 4.64728e-07
0.765544 1.4382 0 245 4.60823e-07
0.766294 1.4382 0 245 4.57119e-07
0.767045 1.4382 0 245 4.5363e-07
0.767795 1.4382 0 245 4.50355e-07
0.768545 1.4382 0 245 4.47292e-07
0.769295 1.4382 0 245 4.44345e-07
0.770045 1.4382 0 245 4.41627e-07
0.770795 1.4382 0 245 4.4116e-07
0.771545 1.4382 0 245 4.38696e-07
0.772295 1.4382 0 245 4.36405e-07
0.773046 1.4382 0 245 4.3428e-07
0.773796 1.4382 0 245 4.32317e-07
0.774546 1.4382 0 245 4.30501e-07
0.775296 1.4382 0 245 4.28802e-07
0.776046 1.4382 0 245 4.27131e-07
0.776796 1.4382 0 245 4.25706e-07
0.777546 1.4382 0 245 4.24428e-07
0.778296 1.4382 0 245 4.23281e-07
0.779047 1.4382 0 245 4.22242e-07
0.779797 1.4382 0 245 4.21354e-07
0.780547 1.4382 0 245 4.20592e-07
0.781297 1.4382 0 245 4.19955e-07
0.782047 1.4382 0 245 4.19456e-07
0.782797 1.4382 0 245 4.19074e-07
0.783547 1.4382 0 245 4.18825e-07
0.784297 1.4382 0 245 4.18685e-07
0.785048 1.4382 0 245 4.18691e-07
0.785798 1.4382 0 245 4.20028e-07
0.786548 1.4382 0 245 4.20268e-07
0.787298 1.4382 0 245 4.20649e-07
0.788048 1.4382 0 245 4.21156e-07
0.788798 1.4382 0 245 4.21832e-07
0.789548 1.4382 0 245 4.22677e-07
0.790298 1.4382 0 245 4.23663e-07
0.791049 1.4382 0 245 4.2471e-07
0.791799 1.4382 0 245 4.26035e-07
0.792549 1.4382 0 245 4.27557e-07
0.793299 1.4382 0 245 4.29256e-07
0.794049 1.4382 0 245 4.3117e-07
0.794799 1.4382 0 245 4.33291e-07
0.795549 1.4382 0 245 4.35663e-07
0.796299 1.4382 0 245 4.38309e-07
0.79705 1.4382 0 245 4.41202e-07
0.7978 1.4382 0 245 4.44385e-07
0.79855 1.4382 0 245 4.47895e-07
0.7993 1.4382 0 245 4.51747e-07
0.80005 1.4382 0 245 4.5597e-07
0.8008 1.4382 0 245 4.60612e-07
0.80155 1.4382 0 245 4.66472e-07
0.8023 1.4382 0 245 4.72051e-07
0.803051 1.4382 0 245 4.782e-07
0.803801 1.4382 0 245 4.84965e-07
0.804551 1.4382 0 245 4.92441e-07
0.805301 1.4382 0 245 5.00706e-07
0.806051 1.4382 0 245 5.097e-07
0.806801 1.4382 0 245 5.19823e-07
0.807551 1.4382 0 245 5.31091e-07
0.808301 1.4382 0 245 5.43666e-07
0.809052 1.4382 0 245 5.57721e-07
0.809802 1.4382 0 245 5.7351e-07
0.810552 1.4382 0 245 5.91303e-07
0.811302 1.4382 0 245 6.11452e-07
0.812052 1.4382 0 245 6.34359e-07
0.812802 1.4382 0 245 6.60527e-07
0.813552 1.4382 0 245 6.90573e-07
0.814302 1.4382 0 245 7.25286e-07
0.815053 1.4382 0 245 7.65645e-07
0.815803 1.4382 0 245 8.12874e-07
0.816553 1.4382 0 245 8.68516e-07
0.817303 1.4382 0 245 9.34646e-07
0.818053 1.4382 0 245 1.01444e-06
0.818803 1.4382 0 245 1.11017e-06
0.819553 1.4382 0 245 1.22689e-06
0.820303 1.4382 0 245 1.37052e-06
0.821054 1.4382 0 245 1.5488e-06
0.821804 1.4382 0 245 1.77057e-06
0.822554 1.4382 0 245 2.0503e-06
0.823304 1.4382 0 245 2.40111e-06
0.824054 1.4382 0 245 2.83603e-06
0.824804 1.4382 0 245 3.35907e-06
0.825554 1.4382 0 245 3.94955e-06
0.826304 1.4382 0 245 4.53943e-06
0.827055 1.4382 0 245 5.00233e-06
0.827805 1.4382 0 245 5.19318e-06
0.828555 1.4382 0 245 5.04137e-06
0.829305 1.4382 0 245 4.60886e-06
0.830055 1.4382 0 245 4.03752e-06
0.830805 1.4382 0 245 3.45559e-06
0.831555 1.4382 0 245 2.93477e-06
0.832305 1.4382 0 245 2.49873e-06
0.833056 1.4382 0 245 2.1452e-06
0.833806 1.4382 0 245 1.86229e-06
0.834556 1.4382 0 245 1.63639e-06
0.835306 1.4382 0 245 1.45527e-06
0.836056 1.4382 0 245 1.30932e-06
0.836806 1.4382 0 245 1.19063e-06
0.837556 1.4382 0 245 1.09331e-06
0.838306 1.4382 0 245 1.01289e-06
0.839057 1.4382 0 245 9.45779e-07
0.839807 1.4382 0 245 8.89399e-07
0.840557 1.4382 0 245 8.41707e-07
0.841307 1.4382 0 245 8.01105e-07
0.842057 1.4382 0 245 7.66332e-07
0.842807 1.4382 0 245 7.36393e-07
0.843557 1.4382 0 245 7.10495e-07
0.844307 1.4382 0 245 6.8798e-07
0.845058 1.4382 0 245 6.68347e-07
0.845808 1.4382 0 245 6.51161e-07
0.846558 1.4382 0 245 6.36078e-07
0.847308 1.4382 0 245 6.22814e-07
0.848058 1.4382 0 245 6.11121e-07
0.848808 1.4382 0 245 6.00804e-07
0.849558 1.4382 0 245 5.91687e-07
0.850308 1.4382 0 245 5.83632e-07
0.851059 1.4382 0 245 5.76516e-07
0.851809 1.4382 0 245 5.70231e-07
0.852559 1.4382 0 245 5.64691e-07
0.853309 1.4382 0 245 5.59872e-07
0.854059 1.4382 0 245 5.55591e-07
0.854809 1.4382 0 245 5.51854e-07
0.855559 1.4382 0 245 5.48585e-07
0.856309 1.4382 0 245 5.45783e-07
0.85706 1.4382 0 245 5.43391e-07
0.85781 1.4382 0 245 5.4137e-07
0.85856 1.4382 0 245 5.39693e-07
0.85931 1.4382 0 245 5.38333e-07
0.86006 1.4382 0 245 5.37267e-07
0.86081 1.4382 0 245 5.36472e-07
0.86156 1.4382 0 245 5.35933e-07
0.86231 1.4382 0 245 5.3563e-07
0.863061 1.4382 0 245 5.3555e-07
0.863811 1.4382 0 245 5.35678e-07
0.864561 1.4382 0 245 5.36004e-07
0.865311 1.4382 0 245 5.36516e-07
0.866061 1.4382 0 245 5.37208e-07
0.866811 1.4382 0 245 5.38068e-07
0.867561 1.4382 0 245 5.3909e-07
0.868311 1.4382 0 245 5.40266e-07
0.869062 1.4382 0 245 5.41591e-07
0.869812 1.4382 0 245 5.43058e-07
0.870562 1.4382 0 245 5.44663e-07
0.871312 1.4382 0 245 5.4638e-07
0.872062 1.4382 0 245 5.48245e-07
0.872812 1.4382 0 245 5.50223e-07
0.873562 1.4382 0 245 5.52338e-07
0.874312 1.4382 0 245 5.5457e-07
0.875063 1.4382 0 245 5.56921e-07
0.875813 1.4382 0 245 5.59389e-07
0.876563 1.4382 0 245 5.61969e-07
0.877313 1.4382 0 245 5.64664e-07
0.878063 1.4382 0 245 5.67468e-07
0.878813 1.4382 0 245 5.70383e-07
0.879563 1.4382 0 245 5.73407e-07
0.880313 1.4382 0 245 5.76542e-07
0.881064 1.4382 0 245 5.79782e-07
0.881814 1.4382 0 245 5.83131e-07
0.882564 1.4382 0 245 5.86587e-07
0.883314 1.4382 0 245 5.90149e-07
0.884064 1.4382 0 245 5.93816e-07
0.884814 1.4382 0 245 5.97596e-07
0.885564 1.4382 0 245 6.01479e-07
0.886314 1.4382 0 245 6.05475e-07
0.887065 1.4382 0 245 6.09576e-07
0.887815 1.4382 0 245 6.13792e-07
0.888565 1.4382 0 245 6.18119e-07
0.889315 1.4382 0 245 6.22556e-07
0.890065 1.4382 0 245 6.27107e-07
0.890815 1.4382 0 245 6.31632e-07
0.891565 1.4382 0 245 6.364e-07
0.892315 1.4382 0 245 6.41294e-07
0.893066 1.4382 0 245 6.46307e-07
0.893816 1.4382 0 245 6.51441e-07
0.894566 1.4382 0 245 6.56693e-07
0.895316 1.4382 0 245 6.62073e-07
0.896066 1.4382 0 245 6.67579e-07
0.896816 1.4382 0 245 6.73216e-07
0.897566 1.4382 0 245 6.78985e-07
0.898316 1.4382 0 245 6.84885e-07
0.899067 1.4382 0 245 6.90922e-07
0.899817 1.4382 0 245 6.97101e-07
0.900567 1.4382 0 245 7.03417e-07
0.901317 1.4382 0 245 7.09879e-07
0.902067 1.4382 0 245 7.1649e-07
0.902817 1.4382 0 245 7.23249e-07
0.903567 1.4382 0 245 7.3016e-07
0.904317 1.4382 0 245 7.37227e-07
0.905068 1.4382 0 245 7.44455e-07
0.905818 1.4382 0 245 7.51853e-07
0.906568 1.4382 0 245 7.59419e-07
0.907318 1.4382 0 245 7.67149e-07
0.908068 1.4382 0 245 7.75063e-07
0.908818 1.4382 0 245 7.83159e-07
0.909568 1.4382 0 245 7.91434e-07
0.910318 1.4382 0 245 7.99905e-07
0.911069 1.4382 0 245 8.08221e-07
0.911819 1.4382 0 245 8.17078e-07
0.912569 1.4382 0 245 8.26135e-07
0.913319 1.4382 0 245 8.35406e-07
0.914069 1.4382 0 245 8.44887e-07
0.914819 1.4382 0 245 8.5459e-07
0.915569 1.4382 0 245 8.64517e-07
0.916319 1.4382 0 245 8.74681e-07
0.91707 1.4382 0 245 8.85092e-07
0.91782 1.4382 0 245 8.9575e-07
0.91857 1.4382 0 245 9.06659e-07
0.91932 1.4382 0 245 9.17835e-07
0.92007 1.4382 0 245 9.29275e-07
0.92082 1.4382 0 245 9.40998e-07
0.92157 1.4382 0 245 9.53002e-07
0.92232 1.4382 0 245 9.65306e-07
0.923071 1.4382 0 245 9.77915e-07
0.923821 1.4382 0 245 9.90828e-07
0.924571 1.4382 0 245 1.00406e-06
0.925321 1.4382 0 245 1.01763e-06
0.926071 1.4382 0 245 1.03154e-06
0.926821 1.4382 0 245 1.04581e-06
0.927571 1.4382 0 245 1.06045e-06
0.928321 1.4382 0 245 1.07546e-06
0.929072 1.4382 0 245 1.09087e-06
0.929822 1.4382 0 245 1.10668e-06
0.930572 1.4382 0 245 1.1229e-06
0.931322 1.4382 0 245 1.13954e-06
0.932072 1.4382 0 245 1.15592e-06
0.932822 1.4382 0 245 1.17347e-06
0.933572 1.4382 0 245 1.19149e-06
0.934322 1.4382 0 245 1.21e-06
0.935073 1.4382 0 245 1.22902e-06
0.935823 1.4382 0 245 1.24858e-06
0.936573 1.4382 0 245 1.26867e-06
0.937323 1.4382 0 245 1.28934e-06
0.938073 1.4382 0 245 1.3106e-06
0.938823 1.4382 0 245 1.33248e-06
0.939573 1.4382 0 245 1.355e-06
0.940323 1.4382 0 245 1.37817e-06
0.941074 1.4382 0 245 1.40201e-06
0.941824 1.4382 0 245 1.42658e-06
0.942574 1.4382 0 245 1.45189e-06
0.943324 1.4382 0 245 1.47796e-06
0.944074 1.4382 0 245 1.50484e-06
0.944824 1.4382 0 245 1.53255e-06
0.945574 1.4382 0 245 1.56111e-06
0.946324 1.4382 0 245 1.59056e-06
0.947075 1.4382 0 245 1.62096e-06
0.947825 1.4382 0 245 1.65233e-06
0.948575 1.4382 0 245 1.68476e-06
0.949325 1.4382 0 245 1.71823e-06
0.950075 1.4382 0 245 1.75279e-06
0.950825 1.4382 0 245 1.78852e-06
0.951575 1.4382 0 245 1.82547e-06
0.952325 1.4382 0 245 1.86356e-06
0.953076 1.4382 0 245 1.90304e-06
0.953826 1.4382 0 245 1.94392e-06
0.954576 1.4382 0 245 1.98448e-06
0.955326 1.4382 0 245 2.0282e-06
0.956076 1.4382 0 245 2.07345e-06
0.956826 1.4382 0 245 2.12034e-06
0.957576 1.4382 0 245 2.16895e-06
0.958326 1.4382 0 245 2.21927e-06
0.959077 1.4382 0 245 2.27139e-06
0.959827 1.4382 0 245 2.32543e-06
0.960577 1.4382 0 245 2.38142e-06
0.961327 1.4382 0 245 2.43943e-06
0.962077 1.4382 0 245 2.49953e-06
0.962827 1.4382 0 245 2.56172e-06
0.963577 1.4382 0 245 2.62604e-06
0.964327 1.4382 0 245 2.69257e-06
0.965078 1.4382 0 245 2.76116e-06
0.965828 1.4382 0 245 2.83179e-06
0.966578 1.4382 0 245 2.90435e-06
0.967328 1.4382 0 245 2.97851e-06
0.968078 1.4382 0 245 3.05403e-06
0.968828 1.4382 0 245 3.13046e-06
0.969578 1.4382 0 245 3.20701e-06
0.970328 1.4382 0 245 3.2832e-06
0.971079 1.4382 0 245 3.3577e-06
0.971829 1.4382 0 245 3.42985e-06
0.972579 1.4382 0 245 3.49948e-06
0.973329 1.4382 0 245 3.568e-06
0.974079 1.4382 0 245 3.64057e-06
0.974829 1.4382 0 245 3.71813e-06
0.975579 1.4382 0 245 3.83879e-06
0.976329 1.4382 0 245 4.02122e-06
0.97708 1.4382 0 245 4.29349e-06
0.97783 1.4382 0 245 4.66122e-06
0.97858 1.4382 0 245 5.10868e-06
0.97933 1.4382 0 245 5.58454e-06
0.98008 1.4382 0 245 6.04072e-06
0.98083 1.4382 0 245 6.45401e-06
0.98158 1.4382 0 245 6.82715e-06
0.98233 1.4382 0 245 7.17583e-06
0.983081 1.4382 0 245 7.51555e-06
0.983831 1.4382 0 245 7.85329e-06
0.984581 1.4382 0 245 8.18554e-06
0.985331 1.4382 0 245 8.50095e-06
0.986081 1.4382 0 245 8.7879e-06
0.986831 1.4382 0 245 9.04303e-06
0.987581 1.4382 0 245 9.27445e-06
0.988331 1.4382 0 245 9.50023e-06
0.989082 1.4382 0 245 9.7403e-06
0.989832 1.4382 0 245 1.00123e-05
0.990582 1.4382 0 245 1.03284e-05
0.991332 1.4382 0 245 1.0696e-05
0.992082 1.4382 0 245 1.11201e-05
0.992832 1.4382 0 245 1.16044e-05
0.993582 1.4382 0 245 1.2152e-05
0.994332 1.4382 0 245 1.27672e-05
0.995083 1.4382 0 245 1.34547e-05
0.995833 1.4382 0 245 1.42204e-05
0.996583 1.4382 0 245 1.50717e-05
0.997333 1.4382 0 245 1.60226e-05
0.998083 1.4382 0 245 1.70751e-05
0.998833 1.4382 0 245 1.82464e-05
0.999583 1.4382 0 245 1.95534e-05
1.00033 1.4382 0 245 2.10148e-05
1.00108 1.4382 0 245 2.26532e-05
1.00183 1.4382 0 245 2.44578e-05
1.00258 1.4382 0 245 2.65339e-05
1.00333 1.4382 0 245 2.88883e-05
1.00408 1.4382 0 245 3.15671e-05
1.00483 1.4382 0 245 3.46319e-05
1.00558 1.4382 0 245 3.81551e-05
1.00633 1.4382 0 245 4.22275e-05
1.00708 1.4382 0 245 4.69605e-05
1.00783 1.4382 0 245 5.24941e-05
1.00858 1.4382 0 245 5.90061e-05
1.00933 1.4382 0 245 6.67153e-05
1.01009 1.4382 0 245 7.58975e-05
1.01084 1.4382 0 245 8.69042e-05
1.01159 1.4382 0 245 0.00010016
1.01234 1.4382 0 245 0.000116176
1.01309 1.4382 0 245 0.000135542
1.01384 1.4382 0 245 0.000158858
1.01459 1.4382 0 245 0.000186601
1.01534 1.4382 0 245 0.000218791
1.01609 1.4382 0 245 0.000254482
1.01684 1.4382 0 245 0.000291024
1.01759 1.4382 0 245 0.00032358
1.01834 1.4382 0 245 0.000345737
1.01909 1.4382 0 245 0.000351865
1.01984 1.4382 0 245 0.00034022
1.02059 1.4382 0 245 0.000314076
1.02134 1.4382 0 245 0.000279639
1.02209 1.4382 0 245 0.000242976
1.02284 1.4382 0 245 0.000208246
1.02359 1.4382 0 245 0.000177456
1.02434 1.4382 0 245 0.000151171
1.02509 1.4382 0 245 0.000129181
1.02584 1.4382 0 245 0.000110947
1.02659 1.4382 0 245 9.58658e-05
1.02734 1.4382 0 245 8.33716e-05
1.02809 1.4382 0 245 7.30559e-05
1.02884 1.4382 0 245 6.43462e-05
1.02959 1.4382 0 245 5.70209e-05
1.03034 1.4382 0 245 5.08183e-05
1.03109 1.4382 0 245 4.55344e-05
1.03184 1.4382 0 245 4.10048e-05
1.03259 1.4382 0 245 3.70985e-05
1.03334 1.4382 0 245 3.37103e-05
1.03409 1.4382 0 245 3.07556e-05
1.03484 1.4382 0 245 2.81658e-05
1.03559 1.4382 0 245 2.58847e-05
1.03634 1.4382 0 245 2.38665e-05
1.03709 1.4382 0 245 2.20732e-05
1.03784 1.4382 0 245 2.04731e-05
1.03859 1.4382 0 245 1.90398e-05
1.03934 1.4382 0 245 1.77516e-05
1.04009 1.4382 0 245 1.65901e-05
1.04084 1.4382 0 245 1.55389e-05
1.04159 1.4382 0 245 1.45851e-05
1.04234 1.4382 0 245 1.37169e-05
1.04309 1.4382 0 245 1.29247e-05
1.04384 1.4382 0 245 1.21999e-05
1.04459 1.4382 0 245 1.15352e-05
1.04534 1.4382 0 245 1.09241e-05
1.04609 1.4382 0 245 1.03615e-05
1.04684 1.4382 0 245 9.84206e-06
1.04759 1.4382 0 245 9.36241e-06
1.04834 1.4382 0 245 8.91724e-06
1.04909 1.4382 0 245 8.50395e-06
1.04984 1.4382 0 245 8.11949e-06
1.05059 1.4382 0 245 7.76147e-06
1.05134 1.4382 0 245 7.42754e-06
1.05209 1.4382 0 245 7.11556e-06
1.05284 1.4382 0 245 6.82367e-06
1.05359 1.4382 0 245 6.55025e-06
1.05434 1.4382 0 245 6.29377e-06
1.05509 1.4382 0 245 6.05011e-06
1.05584 1.4382 0 245 5.82363e-06
1.05659 1.4382 0 245 5.61035e-06
1.05734 1.4382 0 245 5.40947e-06
1.05809 1.4382 0 245 5.21992e-06
1.05884 1.4382 0 245 5.04094e-06
1.05959 1.4382 0 245 4.87181e-06
1.06034 1.4382 0 245 4.71164e-06
1.06109 1.4382 0 245 4.56009e-06
1.06184 1.4382 0 245 4.41643e-06
1.06259 1.4382 0 245 4.28021e-06
1.06334 1.4382 0 245 4.15093e-06
1.06409 1.4382 0 245 4.02807e-06
1.06484 1.4382 0 245 3.91129e-06
1.06559 1.4382 0 245 3.80018e-06
1.06634 1.4382 0 245 3.69441e-06
1.06709 1.4382 0 245 3.59374e-06
1.06784 1.4382 0 245 3.49778e-06
1.06859 1.4382 0 245 3.40625e-06
1.06934 1.4382 0 245 3.31902e-06
1.0701 1.4382 0 245 3.23573e-06
1.07085 1.4382 0 245 3.15618e-06
1.0716 1.4382 0 245 3.08016e-06
1.07235 1.4382 0 245 3.00751e-06
1.0731 1.4382 0 245 2.93811e-06
1.07385 1.4382 0 245 2.87175e-06
1.0746 1.4382 0 245 2.80847e-06
1.07535 1.4382 0 245 2.74768e-06
1.0761 1.4382 0 245 2.68949e-06
1.07685 1.4382 0 245 2.63377e-06
1.0776 1.4382 0 245 2.5804e-06
1.07835 1.4382 0 245 2.5293e-06
1.0791 1.4382 0 245 2.48038e-06
1.07985 1.4382 0 245 2.43351e-06
1.0806 1.4382 0 245 2.38862e-06
1.08135 1.4382 0 245 2.3456e-06
1.0821 1.4382 0 245 2.30444e-06
1.08285 1.4382 0 245 2.26501e-06
1.0836 1.4382 0 245 2.22616e-06
1.08435 1.4382 0 245 2.19004e-06
1.0851 1.4382 0 245 2.15548e-06
1.08585 1.4382 0 245 2.1224e-06
1.0866 1.4382 0 245 2.09081e-06
1.08735 1.4382 0 245 2.06057e-06
1.0881 1.4382 0 245 2.0317e-06
1.08885 1.4382 0 245 2.00417e-06
1.0896 1.4382 0 245 1.97791e-06
1.09035 1.4382 0 245 1.95291e-06
1.0911 1.4382 0 245 1.92915e-06
1.09185 1.4382 0 245 1.90652e-06
1.0926 1.4382 0 245 1.8851e-06
1.09335 1.4382 0 245 1.86478e-06
1.0941 1.4382 0 245 1.8456e-06
1.09485 1.4382 0 245 1.82751e-06
1.0956 1.4382 0 245 1.81051e-06
1.09635 1.4382 0 245 1.79457e-06
1.0971 1.4382 0 245 1.77971e-06
1.09785 1.4382 0 245 1.76587e-06
1.0986 1.4382 0 245 1.75308e-06
1.09935 1.4382 0 245 1.74135e-06
1.1001 1.4382 0 245 1.73066e-06
1.10085 1.4382 0 245 1.72096e-06
1.1016 1.4382 0 245 1.71231e-06
1.10235 1.4382 0 245 1.70483e-06
1.1031 1.4382 0 245 1.69825e-06
1.10385 1.4382 0 245 1.69275e-06
1.1046 1.4382 0 245 1.68829e-06
1.10535 1.4382 0 245 1.68495e-06
1.1061 1.4382 0 245 1.6827e-06
1.10685 1.4382 0 245 1.6816e-06
1.1076 1.4382 0 245 1.68165e-06
1.10835 1.4382 0 245 1.6829e-06
1.1091 1.4382 0 245 1.68542e-06
1.10985 1.4382 0 245 1.68919e-06
1.1106 1.4382 0 245 1.69428e-06
1.11135 1.4382 0 245 1.70071e-06
1.1121 1.4382 0 245 1.70856e-06
1.11285 1.4382 0 245 1.71788e-06
1.1136 1.4382 0 245 1.72882e-06
1.11435 1.4382 0 245 1.74135e-06
1.1151 1.4382 0 245 1.75554e-06
1.11585 1.4382 0 245 1.77156e-06
1.1166 1.4382 0 245 1.78947e-06
1.11735 1.4382 0 245 1.80941e-06
1.1181 1.4382 0 245 1.83153e-06
1.11885 1.4382 0 245 1.85589e-06
1.1196 1.4382 0 245 1.88274e-06
1.12035 1.4382 0 245 1.91213e-06
1.1211 1.4382 0 245 1.94435e-06
1.12185 1.4382 0 245 1.97959e-06
1.1226 1.4382 0 245 2.01807e-06
1.12335 1.4382 0 245 2.06005e-06
1.1241 1.4382 0 245 2.10587e-06
1.12485 1.4382 0 245 2.15583e-06
1.1256 1.4382 0 245 2.21033e-06
1.12635 1.4382 0 245 2.26968e-06
1.1271 1.4382 0 245 2.33448e-06
1.12785 1.4382 0 245 2.40518e-06
1.1286 1.4382 0 245 2.48238e-06
1.12935 1.4382 0 245 2.56676e-06
1.13011 1.4382 0 245 2.65906e-06
1.13086 1.4382 0 245 2.76018e-06
1.13161 1.4382 0 245 2.87115e-06
1.13236 1.4382 0 245 2.99301e-06
1.13311 1.4382 0 245 3.12721e-06
1.13386 1.4382 0 245 3.27521e-06
1.13461 1.4382 0 245 3.43873e-06
1.13536 1.4382 0 245 3.61988e-06
1.13611 1.4382 0 245 3.82106e-06
1.13686 1.4382 0 245 4.04509e-06
1.13761 1.4382 0 245 4.29517e-06
1.13836 1.4382 0 245 4.5753e-06
1.13911 1.4382 0 245 4.89005e-06
1.13986 1.4382 0 245 5.24491e-06
1.14061 1.4382 0 245 5.64648e-06
1.14136 1.4382 0 245 6.1027e-06
1.14211 1.4382 0 245 6.62296e-06
1.14286 1.4382 0 245 7.21882e-06
1.14361 1.4382 0 245 7.90404e-06
1.14436 1.4382 0 245 8.69559e-06
1.14511 1.4382 0 245 9.61528e-06
1.14586 1.4382 0 245 1.06847e-05
1.14661 1.4382 0 245 1.19348e-05
1.14736 1.4382 0 245 1.33997e-05
1.14811 1.4382 0 245 1.51192e-05
1.14886 1.4382 0 245 1.71362e-05
1.14961 1.4382 0 245 1.94937e-05
1.15036 1.4382 0 245 2.22248e-05
1.15111 1.4382 0 245 2.53389e-05
1.15186 1.4382 0 245 2.87961e-05
1.15261 1.4382 0 245 3.24716e-05
1.15336 1.4382 0 245 3.61205e-05
1.15411 1.4382 0 245 3.93649e-05
1.15486 1.4382 0 245 4.17412e-05
1.15561 1.4382 0 245 4.28246e-05
1.15636 1.4382 0 245 4.23963e-05
1.15711 1.4382 0 245 4.05452e-05
1.15786 1.4382 0 245 3.76204e-05
1.15861 1.4382 0 245 3.40883e-05
1.15936 1.4382 0 245 3.03724e-05
1.16011 1.4382 0 245 2.67766e-05
1.16086 1.4382 0 245 2.34736e-05
1.16161 1.4382 0 245 2.05361e-05
1.16236 1.4382 0 245 1.7972e-05
1.16311 1.4382 0 245 1.57565e-05
1.16386 1.4382 0 245 1.38484e-05
1.16461 1.4382 0 245 1.2204e-05
1.16536 1.4382 0 245 1.07801e-05
1.16611 1.4382 0 245 9.53836e-06
1.16686 1.4382 0 245 8.44419e-06
1.16761 1.4382 0 245 7.46817e-06
1.16836 1.4382 0 245 6.58464e-06
1.16911 1.4382 0 245 5.7693e-06
1.16986 1.4382 0 245 5.00177e-06
1.17061 1.4382 0 245 4.26122e-06
1.17136 1.4382 0 245 3.52787e-06
1.17211 1.4382 0 245 2.78105e-06
1.17286 1.4382 0 245 2.00027e-06
1.17361 1.4382 0 245 1.16353e-06
1.17436 1.4382 0 245 2.46595e-07
1.17511 1.4382 0 245 -7.72451e-07
1.17586 1.4382 0 245 -1.91495e-06
1.17661 1.4382 0 245 -3.18802e-06
1.17736 1.4382 0 245 -4.58292e-06
1.17811 1.4382 0 245 -6.05286e-06
1.17886 1.4382 0 245 -7.88024e-06
1.17961 1.4382 0 245 -9.15127e-06
1.18036 1.4382 0 245 -9.93095e-06
1.18111 1.4382 0 245 -9.91272e-06
1.18186 1.4382 0 245 -8.85239e-06
1.18261 1.4382 0 245 -6.72015e-06
1.18336 1.4382 0 245 -3.7775e-06
1.18411 1.4382 0 245 -5.28968e-07
1.18486 1.4382 0 245 2.48194e-06
1.18561 1.4382 0 245 4.87112e-06
1.18636 1.4382 0 245 6.48701e-06
1.18711 1.4382 0 245 7.38013e-06
1.18786 1.4382 0 245 7.70299e-06
1.18861 1.4382 0 245 7.63076e-06
1.18936 1.4382 0 245 7.31669e-06
1.19012 1.4382 0 245 6.87406e-06
1.19087 1.4382 0 245 6.37759e-06
1.19162 1.4382 0 245 5.87596e-06
1.19237 1.4382 0 245 5.39451e-06
1.19312 1.4382 0 245 4.94833e-06
1.19387 1.4382 0 245 4.54099e-06
1.19462 1.4382 0 245 4.17448e-06
1.19537 1.4382 0 245 3.84689e-06
1.19612 1.4382 0 245 3.55527e-06
1.19687 1.4382 0 245 3.29503e-06
1.19762 1.4382 0 245 3.06402e-06
1.19837 1.4382 0 245 2.85841e-06
1.19912 1.4382 0 245 2.67497e-06
1.19987 1.4382 0 245 2.51143e-06
1.20062 1.4382 0 245 2.365e-06
1.20137 1.4382 0 245 2.23316e-06
1.20212 1.4382 0 245 2.1144e-06
1.20287 1.4382 0 245 2.00693e-06
1.20362 1.4382 0 245 1.90965e-06
1.20437 1.4382 0 245 1.82114e-06
1.20512 1.4382 0 245 1.74042e-06
1.20587 1.4382 0 245 1.66672e-06
1.20662 1.4382 0 245 1.59912e-06
1.20737 1.4382 0 245 1.53717e-06
1.20812 1.4382 0 245 1.48013e-06
1.20887 1.4382 0 245 1.42735e-06
1.20962 1.4382 0 245 1.37857e-06
1.21037 1.4382 0 245 1.33331e-06
1.21112 1.4382 0 245 1.2912e-06
1.21187 1.4382 0 245 1.25216e-06
1.21262 1.4382 0 245 1.21555e-06
1.21337 1.4382 0 245 1.18143e-06
1.21412 1.4382 0 245 1.14937e-06
1.21487 1.4382 0 245 1.13131e-06
1.21562 1.4382 0 245 1.10241e-06
1.21637 1.4382 0 245 1.07511e-06
1.21712 1.4382 0 245 1.04943e-06
1.21787 1.4382 0 245 1.0252e-06
1.21862 1.4382 0 245 1.00222e-06
1.21937 1.4382 0 245 9.80402e-07
1.22012 1.4382 0 245 9.59655e-07
1.22087 1.4382 0 245 9.3994e-07
1.22162 1.4382 0 245 9.21162e-07
1.22237 1.4382 0 245 9.03159e-07
1.22312 1.4382 0 245 8.8587e-07
1.22387 1.4382 0 245 8.6927e-07
1.22462 1.4382 0 245 8.53328e-07
1.22537 1.4382 0 245 8.37802e-07
1.22612 1.4382 0 245 8.22791e-07
1.22687 1.4382 0 245 8.081e-07
1.22762 1.4382 0 245 7.93792e-07
1.22837 1.4382 0 245 7.79627e-07
1.22912 1.4382 0 245 7.65651e-07
1.22987 1.4382 0 245 7.51838e-07
1.23062 1.4382 0 245 7.37806e-07
1.23137 1.4382 0 245 7.23638e-07
1.23212 1.4382 0 245 7.08719e-07
1.23287 1.4382 0 245 6.93704e-07
1.23362 1.4382 0 245 6.78057e-07
1.23437 1.4382 0 245 6.61555e-07
1.23512 1.4382 0 245 6.43788e-07
1.23587 1.4382 0 245 6.24555e-07
1.23662 1.4382 0 245 6.03324e-07
1.23737 1.4382 0 245 5.79838e-07
1.23812 1.4382 0 245 5.52973e-07
1.23887 1.4382 0 245 5.22299e-07
1.23962 1.4382 0 245 4.87319e-07
1.24037 1.4382 0 245 4.46306e-07
1.24112 1.4382 0 245 3.98214e-07
1.24187 1.4382 0 245 3.40778e-07
1.24262 1.4382 0 245 2.72867e-07
1.24337 1.4382 0 245 1.92213e-07
1.24412 1.4382 0 245 9.61645e-08
1.24487 1.4382 0 245 -1.65836e-08
1.24562 1.4382 0 245 -1.4599e-07
1.24637 1.4382 0 245 -2.90962e-07
1.24712 1.4382 0 245 -4.46147e-07
1.24787 1.4382 0 245 -5.98799e-07
1.24862 1.4382 0 245 -7.29001e-07
1.24937 1.4382 0 245 -8.08695e-07
1.25013 1.4382 0 245 -8.05738e-07
1.25088 1.4382 0 245 -6.96852e-07
1.25163 1.4382 0 245 -4.78029e-07
1.25238 1.4382 0 245 -1.67469e-07
1.25313 1.4382 0 245 1.71538e-07
1.25388 1.4382 0 245 4.94341e-07
1.25463 1.4382 0 245 7.59829e-07
1.25538 1.4382 0 245 9.51155e-07
1.25613 1.4382 0 245 1.06818e-06
1.25688 1.4382 0 245 1.12497e-06
1.25763 1.4382 0 245 1.13743e-06
1.25838 1.4382 0 245 1.1208e-06
1.25913 1.4382 0 245 1.08702e-06
1.25988 1.4382 0 245 1.04408e-06
1.26063 1.4382 0 245 9.98667e-07
1.26138 1.4382 0 245 9.53268e-07
1.26213 1.4382 0 245 9.10147e-07
1.26288 1.4382 0 245 8.70248e-07
1.26363 1.4382 0 245 8.33676e-07
1.26438 1.4382 0 245 8.00841e-07
1.26513 1.4382 0 245 7.71208e-07
1.26588 1.4382 0 245 7.44642e-07
1.26663 1.4382 0 245 7.21021e-07
1.26738 1.4382 0 245 6.99895e-07
1.26813 1.4382 0 245 6.80999e-07
1.26888 1.4382 0 245 6.64143e-07
1.26963 1.4382 0 245 6.4902e-07
1.27038 1.4382 0 245 6.35434e-07
1.27113 1.4382 0 245 6.23198e-07
1.27188 1.4382 0 245 6.12187e-07
1.27263 1.4382 0 245 6.02258e-07
1.27338 1.4382 0 245 5.93199e-07
1.27413 1.4382 0 245 5.84955e-07
1.27488 1.4382 0 245 5.77442e-07
1.27563 1.4382 0 245 5.70616e-07
1.27638 1.4382 0 245 5.64365e-07
1.27713 1.4382 0 245 5.58633e-07
1.27788 1.4382 0 245 5.5338e-07
1.27863 1.4382 0 245 5.48557e-07
1.27938 1.4382 0 245 5.44106e-07
1.28013 1.4382 0 245 5.40016e-07
1.28088 1.4382 0 245 5.36235e-07
1.28163 1.4382 0 245 5.32756e-07
1.28238 1.4382 0 245 5.29524e-07
1.28313 1.4382 0 245 5.26546e-07
1.28388 1.4382 0 245 5.23781e-07
1.28463 1.4382 0 245 5.21228e-07
1.28538 1.4382 0 245 5.18873e-07
1.28613 1.4382 0 245 5.16686e-07
1.28688 1.4382 0 245 5.14669e-07
1.28763 1.4382 0 245 5.12808e-07
1.28838 1.4382 0 245 5.11101e-07
1.28913 1.4382 0 245 5.09529e-07
1.28988 1.4382 0 245 5.08081e-07
1.29063 1.4382 0 245 5.06749e-07
1.29138 1.4382 0 245 5.0555e-07
1.29213 1.4382 0 245 5.04443e-07
1.29288 1.4382 0 245 5.03934e-07
1.29363 1.4382 0 245 5.0302e-07
1.29438 1.4382 0 245 5.02193e-07
1.29513 1.4382 0 245 5.01453e-07
1.29588 1.4382 0 245 5.00824e-07
1.29663 1.4382 0 245 5.00257e-07
1.29738 1.4382 0 245 4.99779e-07
1.29813 1.4382 0 245 4.99367e-07
1.29888 1.4382 0 245 4.9903e-07
1.29963 1.4382 0 245 4.98769e-07
1.30038 1.4382 0 245 4.98581e-07
1.30113 1.4382 0 245 4.98455e-07
1.30188 1.4382 0 245 4.98395e-07
1.30263 1.4382 0 245 4.98403e-07
1.30338 1.4382 0 245 4.98479e-07
1.30413 1.4382 0 245 4.9861e-07
1.30488 1.4382 0 245 4.98801e-07
1.30563 1.4382 0 245 4.99059e-07
1.30638 1.4382 0 245 4.9937e-07
1.30713 1.4382 0 245 4.99745e-07
1.30788 1.4382 0 245 5.00175e-07
1.30863 1.4382 0 245 5.00661e-07
1.30938 1.4382 0 245 5.01207e-07
1.31014 1.4382 0 245 5.0181e-07
1.31089 1.4382 0 245 5.02475e-07
1.31164 1.4382 0 245 5.03192e-07
1.31239 1.4382 0 245 5.03979e-07
1.31314 1.4382 0 245 5.04811e-07
1.31389 1.4382 0 245 5.05704e-07
1.31464 1.4382 0 245 5.0666e-07
1.31539 1.4382 0 245 5.0767e-07
1.31614 1.4382 0 245 5.08743e-07
1.31689 1.4382 0 245 5.09881e-07
1.31764 1.4382 0 245 5.11081e-07
1.31839 1.4382 0 245 5.12347e-07
1.31914 1.4382 0 245 5.13672e-07
1.31989 1.4382 0 245 5.15062e-07
1.32064 1.4382 0 245 5.16509e-07
1.32139 1.4382 0 245 5.18011e-07
1.32214 1.4382 0 245 5.19561e-07
1.32289 1.4382 0 245 5.21142e-07
1.32364 1.4382 0 245 5.2274e-07
1.32439 1.4382 0 245 5.24333e-07
1.32514 1.4382 0 245 5.25903e-07
1.32589 1.4382 0 245 5.27432e-07
1.32664 1.4382 0 245 5.28919e-07
1.32739 1.4382 0 245 5.30367e-07
1.32814 1.4382 0 245 5.31795e-07
1.32889 1.4382 0 245 5.33232e-07
1.32964 1.4382 0 245 5.34701e-07
1.33039 1.4382 0 245 5.36225e-07
1.33114 1.4382 0 245 5.37823e-07
1.33189 1.4382 0 245 5.39505e-07
1.33264 1.4382 0 245 5.41272e-07
1.33339 1.4382 0 245 5.43128e-07
1.33414 1.4382 0 245 5.4507e-07
1.33489 1.4382 0 245 5.47093e-07
1.33564 1.4382 0 245 5.49196e-07
1.33639 1.4382 0 245 5.51445e-07
1.33714 1.4382 0 245 5.53697e-07
1.33789 1.4382 0 245 5.56017e-07
1.33864 1.4382 0 245 5.58408e-07
1.33939 1.4382 0 245 5.60866e-07
1.34014 1.4382 0 245 5.63392e-07
1.34089 1.4382 0 245 5.65985e-07
1.34164 1.4382 0 245 5.68646e-07
1.34239 1.4382 0 245 5.71371e-07
1.34314 1.4382 0 245 5.7416e-07
1.34389 1.4382 0 245 5.77017e-07
1.34464 1.4382 0 245 5.79938e-07
1.34539 1.4382 0 245 5.82929e-07
1.34614 1.4382 0 245 5.85984e-07
1.34689 1.4382 0 245 5.89108e-07
1.34764 1.4382 0 245 5.92303e-07
1.34839 1.4382 0 245 5.95565e-07
1.34914 1.4382 0 245 5.989e-07
1.34989 1.4382 0 245 6.02303e-07
1.35064 1.4382 0 245 6.05777e-07
1.35139 1.4382 0 245 6.09334e-07
1.35214 1.4382 0 245 6.12955e-07
1.35289 1.4382 0 245 6.16654e-07
1.35364 1.4382 0 245 6.20428e-07
1.35439 1.4382 0 245 6.24281e-07
1.35514 1.4382 0 245 6.28213e-07
1.35589 1.4382 0 245 6.32224e-07
1.35664 1.4382 0 245 6.36318e-07
1.35739 1.4382 0 245 6.40491e-07
1.35814 1.4382 0 245 6.44751e-07
1.35889 1.4382 0 245 6.49099e-07
1.35964 1.4382 0 245 6.53537e-07
1.36039 1.4382 0 245 6.58061e-07
1.36114 1.4382 0 245 6.62677e-07
1.36189 1.4382 0 245 6.67384e-07
1.36264 1.4382 0 245 6.72188e-07
1.36339 1.4382 0 245 6.77085e-07
1.36414 1.4382 0 245 6.82083e-07
1.36489 1.4382 0 245 6.87184e-07
1.36564 1.4382 0 245 6.92387e-07
1.36639 1.4382 0 245 6.97695e-07
1.36714 1.4382 0 245 7.0311e-07
1.36789 1.4382 0 245 7.08633e-07
1.36864 1.4382 0 245 7.14269e-07
1.36939 1.4382 0 245 7.20019e-07
1.37015 1.4382 0 245 7.25881e-07
1.3709 1.4382 0 245 7.31867e-07
1.37165 1.4382 0 245 7.37975e-07
1.3724 1.4382 0 245 7.44208e-07
1.37315 1.4382 0 245 7.5057e-07
1.3739 1.4382 0 245 7.57058e-07
1.37465 1.4382 0 245 7.63683e-07
1.3754 1.4382 0 245 7.70444e-07
1.37615 1.4382 0 245 7.77347e-07
1.3769 1.4382 0 245 7.84391e-07
1.37765 1.4382 0 245 7.91579e-07
1.3784 1.4382 0 245 7.98917e-07
1.37915 1.4382 0 245 8.06409e-07
1.3799 1.4382 0 245 8.14058e-07
1.38065 1.4382 0 245 8.21871e-07
1.3814 1.4382 0 245 8.29851e-07
1.38215 1.4382 0 245 8.37613e-07
1.3829 1.4382 0 245 8.45926e-07
1.38365 1.4382 0 245 8.54415e-07
1.3844 1.4382 0 245 8.63084e-07
1.38515 1.4382 0 245 8.71936e-07
1.3859 1.4382 0 245 8.80982e-07
1.38665 1.4382 0 245 8.90225e-07
1.3874 1.4382 0 245 8.99677e-07
1.38815 1.4382 0 245 9.09332e-07
1.3889 1.4382 0 245 9.19203e-07
1.38965 1.4382 0 245 9.29291e-07
1.3904 1.4382 0 245 9.39611e-07
1.39115 1.4382 0 245 9.5016e-07
1.3919 1.4382 0 245 9.60942e-07
1.39265 1.4382 0 245 9.71976e-07
1.3934 1.4382 0 245 9.83253e-07
1.39415 1.4382 0 245 9.94799e-07
1.3949 1.4382 0 245 1.00661e-06
1.39565 1.4382 0 245 1.0187e-06
1.3964 1.4382 0 245 1.03108e-06
1.39715 1.4382 0 245 1.04374e-06
1.3979 1.4382 0 245 1.05671e-06
1.39865 1.4382 0 245 1.06998e-06
1.3994 1.4382 0 245 1.08356e-06
1.40015 1.4382 0 245 1.09748e-06
1.4009 1.4382 0 245 1.11173e-06
1.40165 1.4382 0 245 1.12634e-06
1.4024 1.4382 0 245 1.1413e-06
1.40315 1.4382 0 245 1.15663e-06
1.4039 1.4382 0 245 1.17235e-06
1.40465 1.4382 0 245 1.18846e-06
1.4054 1.4382 0 245 1.20499e-06
1.40615 1.4382 0 245 1.22193e-06
1.4069 1.4382 0 245 1.23931e-06
1.40765 1.4382 0 245 1.25714e-06
1.4084 1.4382 0 245 1.27543e-06
1.40915 1.4382 0 245 1.2942e-06
1.4099 1.4382 0 245 1.31347e-06
1.41065 1.4382 0 245 1.33326e-06
1.4114 1.4382 0 245 1.35358e-06
1.41215 1.4382 0 245 1.37445e-06
1.4129 1.4382 0 245 1.39591e-06
1.41365 1.4382 0 245 1.41794e-06
1.4144 1.4382 0 245 1.44059e-06
1.41515 1.4382 0 245 1.46389e-06
1.4159 1.4382 0 245 1.48784e-06
1.41665 1.4382 0 245 1.51248e-06
1.4174 1.4382 0 245 1.53783e-06
1.41815 1.4382 0 245 1.56392e-06
1.4189 1.4382 0 245 1.59078e-06
1.41965 1.4382 0 245 1.61844e-06
1.4204 1.4382 0 245 1.64692e-06
1.42115 1.4382 0 245 1.67625e-06
1.4219 1.4382 0 245 1.70649e-06
1.42265 1.4382 0 245 1.73765e-06
1.4234 1.4382 0 245 1.7698e-06
1.42415 1.4382 0 245 1.80295e-06
1.4249 1.4382 0 245 1.83716e-06
1.42565 1.4382 0 245 1.87247e-06
1.4264 1.4382 0 245 1.90892e-06
1.42715 1.4382 0 245 1.94655e-06
1.4279 1.4382 0 245 1.98544e-06
1.42865 1.4382 0 245 2.02564e-06
1.4294 1.4382 0 245 2.0672e-06
1.43016 1.4382 0 245 2.11018e-06
1.43091 1.4382 0 245 2.15464e-06
1.43166 1.4382 0 245 2.19816e-06
1.43241 1.4382 0 245 2.24574e-06
1.43316 1.4382 0 245 2.29502e-06
1.43391 1.4382 0 245 2.34605e-06
1.43466 1.4382 0 245 2.39896e-06
1.43541 1.4382 0 245 2.45385e-06
1.43616 1.4382 0 245 2.51078e-06
1.43691 1.4382 0 245 2.5699e-06
1.43766 1.4382 0 245 2.6313e-06
1.43841 1.4382 0 245 2.6951e-06
1.43916 1.4382 0 245 2.7614e-06
1.43991 1.4382 0 245 2.83035e-06
1.44066 1.4382 0 245 2.90211e-06
1.44141 1.4382 0 245 2.97683e-06
1.44216 1.4382 0 245 3.05463e-06
1.44291 1.4382 0 245 3.13575e-06
1.44366 1.4382 0 245 3.22028e-06
1.44441 1.4382 0 245 3.30861e-06
1.44516 1.4382 0 245 3.40077e-06
1.44591 1.4382 0 245 3.49704e-06
1.44666 1.4382 0 245 3.5977e-06
1.44741 1.4382 0 245 3.70298e-06
1.44816 1.4382 0 245 3.81318e-06
1.44891 1.4382 0 245 3.92863e-06
1.44966 1.4382 0 245 4.04963e-06
1.45041 1.4382 0 245 4.1766e-06
1.45116 1.4382 0 245 4.3099e-06
1.45191 1.4382 0 245 4.44996e-06
1.45266 1.4382 0 245 4.5972e-06
1.45341 1.4382 0 245 4.75221e-06
1.45416 1.4382 0 245 4.91549e-06
1.45491 1.4382 0 245 5.08763e-06
1.45566 1.4382 0 245 5.26926e-06
1.45641 1.4382 0 245 5.46116e-06
1.45716 1.4382 0 245 5.66403e-06
1.45791 1.4382 0 245 5.87881e-06
1.45866 1.4382 0 245 6.10638e-06
1.45941 1.4382 0 245 6.34769e-06
1.46016 1.4382 0 245 6.60404e-06
1.46091 1.4382 0 245 6.87654e-06
1.46166 1.4382 0 245 7.16673e-06
1.46241 1.4382 0 245 7.47606e-06
1.46316 1.4382 0 245 7.80606e-06
1.46391 1.4382 0 245 8.15896e-06
1.46466 1.4382 0 245 8.53669e-06
1.46541 1.4382 0 245 8.94155e-06
1.46616 1.4382 0 245 9.37634e-06
1.46691 1.4382 0 245 9.8439e-06
1.46766 1.4382 0 245 1.03475e-05
1.46841 1.4382 0 245 1.08911e-05
1.46916 1.4382 0 245 1.14787e-05
1.46991 1.4382 0 245 1.21154e-05
1.47066 1.4382 0 245 1.28063e-05
1.47141 1.4382 0 245 1.35578e-05
1.47216 1.4382 0 245 1.4377e-05
1.47291 1.4382 0 245 1.52718e-05
1.47366 1.4382 0 245 1.62517e-05
1.47441 1.4382 0 245 1.73271e-05
1.47516 1.4382 0 245 1.85108e-05
1.47591 1.4382 0 245 1.98169e-05
1.47666 1.4382 0 245 2.12616e-05
1.47741 1.4382 0 245 2.28644e-05
1.47816 1.4382 0 245 2.46476e-05
1.47891 1.4382 0 245 2.66369e-05
1.47966 1.4382 0 245 2.88623e-05
1.48041 1.4382 0 245 3.13595e-05
1.48116 1.4382 0 245 3.4169e-05
1.48191 1.4382 0 245 3.73382e-05
1.48266 1.4382 0 245 4.09207e-05
1.48341 1.4382 0 245 4.49782e-05
1.48416 1.4382 0 245 4.95788e-05
1.48491 1.4382 0 245 5.46669e-05
1.48566 1.4382 0 245 6.05681e-05
1.48641 1.4382 0 245 6.72347e-05
1.48716 1.4382 0 245 7.47249e-05
1.48791 1.4382 0 245 8.30622e-05
1.48866 1.4382 0 245 9.22116e-05
1.48941 1.4382 0 245 0.000102042
1.49017 1.4382 0 245 0.000112285
1.49092 1.4382 0 245 0.000122496
1.49167 1.4382 0 245 0.000132039
1.49242 1.4382 0 245 0.000140132
1.49317 1.4382 0 245 0.000145956
1.49392 1.4382 0 245 0.000148841
1.49467 1.4382 0 245 0.000148449
1.49542 1.4382 0 245 0.000144886
1.49617 1.4382 0 245 0.000138649
1.49692 1.4382 0 245 0.00013052
1.49767 1.4382 0 245 0.000121325
1.49842 1.4382 0 245 0.0001118
1.49917 1.4382 0 245 0.000102513
1.49992 1.4382 0 245 9.38404e-05
1.50067 1.4382 0 245 8.59997e-05
1.50142 1.4382 0 245 7.90888e-05
1.50217 1.4382 0 245 7.31277e-05
1.50292 1.4382 0 245 6.80899e-05
1.50367 1.4382 0 245 6.39234e-05
1.50442 1.4382 0 245 6.05637e-05
1.50517 1.4382 0 245 5.79413e-05
1.50592 1.4382 0 245 5.59811e-05
1.50667 1.4382 0 245 5.45998e-05
1.50742 1.4382 0 245 5.37001e-05
1.50817 1.4382 0 245 5.31645e-05
1.50892 1.4382 0 245 5.28499e-05
1.50967 1.4382 0 245 5.25894e-05
1.51042 1.4382 0 245 5.22031e-05
1.51117 1.4382 0 245 5.15213e-05
1.51192 1.4382 0 245 5.04143e-05
1.51267 1.4382 0 245 4.88185e-05
1.51342 1.4382 0 245 4.67494e-05
1.51417 1.4382 0 245 4.42899e-05
1.51492 1.4382 0 245 4.15653e-05
1.51567 1.4382 0 245 3.87123e-05
1.51642 1.4382 0 245 3.58526e-05
1.51717 1.4382 0 245 3.3082e-05
1.51792 1.4382 0 245 3.04636e-05
1.51867 1.4382 0 245 2.8034e-05
1.51942 1.4382 0 245 2.58079e-05
1.52017 1.4382 0 245 2.3786e-05
1.52092 1.4382 0 245 2.19595e-05
1.52167 1.4382 0 245 2.03144e-05
1.52242 1.4382 0 245 1.88347e-05
1.52317 1.4382 0 245 1.75039e-05
1.52392 1.4382 0 245 1.6306e-05
1.52467 1.4382 0 245 1.52261e-05
1.52542 1.4382 0 245 1.42507e-05
1.52617 1.4382 0 245 1.33679e-05
1.52692 1.4382 0 245 1.25669e-05
1.52767 1.4382 0 245 1.18383e-05
1.52842 1.4382 0 245 1.11741e-05
1.52917 1.4382 0 245 1.0567e-05
1.52992 1.4382 0 245 1.00107e-05
1.53067 1.4382 0 245 9.49988e-06
1.53142 1.4382 0 245 9.02969e-06
1.53217 1.4382 0 245 8.59602e-06
1.53292 1.4382 0 245 8.19511e-06
1.53367 1.4382 0 245 7.82375e-06
1.53442 1.4382 0 245 7.47911e-06
1.53517 1.4382 0 245 7.1587e-06
1.53592 1.4382 0 245 6.8603e-06
1.53667 1.4382 0 245 6.58197e-06
1.53742 1.4382 0 245 6.32187e-06
1.53817 1.4382 0 245 6.07848e-06
1.53892 1.4382 0 245 5.85041e-06
1.53967 1.4382 0 245 5.63643e-06
1.54042 1.4382 0 245 5.43538e-06
1.54117 1.4382 0 245 5.24628e-06
1.54192 1.4382 0 245 5.06485e-06
1.54267 1.4382 0 245 4.89701e-06
1.54342 1.4382 0 245 4.73864e-06
1.54417 1.4382 0 245 4.58909e-06
1.54492 1.4382 0 245 4.44771e-06
1.54567 1.4382 0 245 4.31396e-06
1.54642 1.4382 0 245 4.18735e-06
1.54717 1.4382 0 245 4.06743e-06
1.54792 1.4382 0 245 3.95374e-06
1.54867 1.4382 0 245 3.84597e-06
1.54942 1.4382 0 245 3.7437e-06
1.55018 1.4382 0 245 3.64664e-06
1.55093 1.4382 0 245 3.55448e-06
1.55168 1.4382 0 245 3.46609e-06
1.55243 1.4382 0 245 3.38299e-06
1.55318 1.4382 0 245 3.30404e-06
1.55393 1.4382 0 245 3.22905e-06
1.55468 1.4382 0 245 3.15784e-06
1.55543 1.4382 0 245 3.0902e-06
1.55618 1.4382 0 245 3.02605e-06
1.55693 1.4382 0 245 2.9652e-06
1.55768 1.4382 0 245 2.90755e-06
1.55843 1.4382 0 245 2.85297e-06
1.55918 1.4382 0 245 2.8014e-06
1.55993 1.4382 0 245 2.75266e-06
1.56068 1.4382 0 245 2.70676e-06
1.56143 1.4382 0 245 2.66358e-06
1.56218 1.4382 0 245 2.62303e-06
1.56293 1.4382 0 245 2.58513e-06
1.56368 1.4382 0 245 2.54987e-06
1.56443 1.4382 0 245 2.51716e-06
1.56518 1.4382 0 245 2.48703e-06
1.56593 1.4382 0 245 2.45946e-06
1.56668 1.4382 0 245 2.43445e-06
1.56743 1.4382 0 245 2.41208e-06
1.56818 1.4382 0 245 2.39241e-06
1.56893 1.4382 0 245 2.37542e-06
1.56968 1.4382 0 245 2.36123e-06
1.57043 1.4382 0 245 2.3499e-06
1.57118 1.4382 0 245 2.34158e-06
1.57193 1.4382 0 245 2.33646e-06
1.57268 1.4382 0 245 2.33462e-06
1.57343 1.4382 0 245 2.33628e-06
1.57418 1.4382 0 245 2.34168e-06
1.57493 1.4382 0 245 2.35106e-06
1.57568 1.4382 0 245 2.3648e-06
1.57643 1.4382 0 245 2.38318e-06
1.57718 1.4382 0 245 2.40661e-06
1.57793 1.4382 0 245 2.43558e-06
1.57868 1.4382 0 245 2.47066e-06
1.57943 1.4382 0 245 2.51247e-06
1.58018 1.4382 0 245 2.56175e-06
1.58093 1.4382 0 245 2.61941e-06
1.58168 1.4382 0 245 2.68644e-06
1.58243 1.4382 0 245 2.76393e-06
1.58318 1.4382 0 245 2.85327e-06
1.58393 1.4382 0 245 2.95591e-06
1.58468 1.4382 0 245 3.07368e-06
1.58543 1.4382 0 245 3.20862e-06
1.58618 1.4382 0 245 3.36288e-06
1.58693 1.4382 0 245 3.53907e-06
1.58768 1.4382 0 245 3.74001e-06
1.58843 1.4382 0 245 3.96868e-06
1.58918 1.4382 0 245 4.22818e-06
1.58993 1.4382 0 245 4.52139e-06
1.59068 1.4382 0 245 4.85066e-06
1.59143 1.4382 0 245 5.2174e-06
1.59218 1.4382 0 245 5.62084e-06
1.59293 1.4382 0 245 6.05705e-06
1.59368 1.4382 0 245 6.51769e-06
1.59443 1.4382 0 245 6.9881e-06
1.59518 1.4382 0 245 7.4464e-06
1.59593 1.4382 0 245 7.86342e-06
1.59668 1.4382 0 245 8.20458e-06
1.59743 1.4382 0 245 8.4342e-06
1.59818 1.4382 0 245 8.52207e-06
1.59893 1.4382 0 245 8.45012e-06
1.59968 1.4382 0 245 8.21706e-06
1.60043 1.4382 0 245 7.83751e-06
1.60118 1.4382 0 245 7.3402e-06
1.60193 1.4382 0 245 6.7593e-06
1.60268 1.4382 0 245 6.13129e-06
1.60343 1.4382 0 245 5.48679e-06
1.60418 1.4382 0 245 4.86107e-06
1.60493 1.4382 0 245 4.27709e-06
1.60568 1.4382 0 245 3.75844e-06
1.60643 1.4382 0 245 3.32413e-06
1.60718 1.4382 0 245 2.98758e-06
1.60793 1.4382 0 245 2.75435e-06
1.60868 1.4382 0 245 2.61809e-06
1.60943 1.4382 0 245 2.56249e-06
1.61019 1.4382 0 245 2.56138e-06
1.61094 1.4382 0 245 2.58833e-06
1.61169 1.4382 0 245 2.62049e-06
1.61244 1.4382 0 245 2.63546e-06
1.61319 1.4382 0 245 2.62766e-06
1.61394 1.4382 0 245 2.59482e-06
1.61469 1.4382 0 245 2.53955e-06
1.61544 1.4382 0 245 2.46689e-06
1.61619 1.4382 0 245 2.38205e-06
1.61694 1.4382 0 245 2.29048e-06
1.61769 1.4382 0 245 2.19586e-06
1.61844 1.4382 0 245 2.10168e-06
1.61919 1.4382 0 245 2.00984e-06
1.61994 1.4382 0 245 1.92162e-06
1.62069 1.4382 0 245 1.838e-06
1.62144 1.4382 0 245 1.75925e-06
1.62219 1.4382 0 245 1.68535e-06
1.62294 1.4382 0 245 1.61638e-06
1.62369 1.4382 0 245 1.55209e-06
1.62444 1.4382 0 245 1.4921e-06
1.62519 1.4382 0 245 1.43607e-06
1.62594 1.4382 0 245 1.38378e-06
1.62669 1.4382 0 245 1.33478e-06
1.62744 1.4382 0 245 1.28886e-06
1.62819 1.4382 0 245 1.24564e-06
1.62894 1.4382 0 245 1.20484e-06
1.62969 1.4382 0 245 1.16621e-06
1.63044 1.4382 0 245 1.12948e-06
1.63119 1.4382 0 245 1.09444e-06
1.63194 1.4382 0 245 1.06085e-06
1.63269 1.4382 0 245 1.02849e-06
1.63344 1.4382 0 245 9.97181e-07
1.63419 1.4382 0 245 9.66685e-07
1.63494 1.4382 0 245 9.3687e-07
1.63569 1.4382 0 245 9.07496e-07
1.63644 1.4382 0 245 8.78407e-07
1.63719 1.4382 0 245 8.49403e-07
1.63794 1.4382 0 245 8.20292e-07
1.63869 1.4382 0 245 7.90862e-07
1.63944 1.4382 0 245 7.60872e-07
1.64019 1.4382 0 245 7.30091e-07
1.64094 1.4382 0 245 6.9823e-07
1.64169 1.4382 0 245 6.65045e-07
1.64244 1.4382 0 245 6.30187e-07
1.64319 1.4382 0 245 5.93242e-07
1.64394 1.4382 0 245 5.53927e-07
1.64469 1.4382 0 245 5.11722e-07
1.64544 1.4382 0 245 4.65985e-07
1.64619 1.4382 0 245 4.16291e-07
1.64694 1.4382 0 245 3.61839e-07
1.64769 1.4382 0 245 3.01804e-07
1.64844 1.4382 0 245 2.35299e-07
1.64919 1.4382 0 245 1.61199e-07
1.64994 1.4382 0 245 7.82353e-08
1.65069 1.4382 0 245 -1.50515e-08
1.65144 1.4382 0 245 -1.20429e-07
1.65219 1.4382 0 245 -2.39742e-07
1.65294 1.4382 0 245 -3.75293e-07
1.65369 1.4382 0 245 -5.2966e-07
1.65444 1.4382 0 245 -7.05575e-07
1.65519 1.4382 0 245 -9.06368e-07
1.65594 1.4382 0 245 -1.13495e-06
1.65669 1.4382 0 245 -1.39467e-06
1.65744 1.4382 0 245 -1.68904e-06
1.65819 1.4382 0 245 -2.01918e-06
1.65894 1.4382 0 245 -2.38611e-06
1.65969 1.4382 0 245 -2.78785e-06
1.66044 1.4382 0 245 -3.21799e-06
1.66119 1.4382 0 245 -3.6645e-06
1.66194 1.4382 0 245 -4.10685e-06
1.66269 1.4382 0 245 -4.51501e-06
1.66344 1.4382 0 245 -4.84853e-06
1.66419 1.4382 0 245 -5.05869e-06
1.66494 1.4382 0 245 -5.09133e-06
1.66569 1.4382 0 245 -4.89987e-06
1.66644 1.4382 0 245 -4.45703e-06
1.66719 1.4382 0 245 -3.76645e-06
1.66794 1.4382 0 245 -2.8687e-06
1.66869 1.4382 0 245 -1.83742e-06
1.66944 1.4382 0 245 -7.64172e-07
1.6702 1.4382 0 245 2.62033e-07
1.67095 1.4382 0 245 1.20163e-06
1.6717 1.4382 0 245 1.96636e-06
1.67245 1.4382 0 245 2.54116e-06
1.6732 1.4382 0 245 2.93512e-06
1.67395 1.4382 0 245 3.17241e-06
1.6747 1.4382 0 245 3.28357e-06
1.67545 1.4382 0 245 3.29813e-06
1.6762 1.4382 0 245 3.24513e-06
1.67695 1.4382 0 245 3.14666e-06
1.6777 1.4382 0 245 3.02028e-06
1.67845 1.4382 0 245 2.87908e-06
1.6792 1.4382 0 245 2.73258e-06
1.67995 1.4382 0 245 2.58675e-06
1.6807 1.4382 0 245 2.44599e-06
1.68145 1.4382 0 245 2.31291e-06
1.6822 1.4382 0 245 2.18889e-06
1.68295 1.4382 0 245 2.07472e-06
1.6837 1.4382 0 245 1.9706e-06
1.68445 1.4382 0 245 1.87668e-06
1.6852 1.4382 0 245 1.79207e-06
1.68595 1.4382 0 245 1.71694e-06
1.6867 1.4382 0 245 1.65014e-06
1.68745 1.4382 0 245 1.59146e-06
1.6882 1.4382 0 245 1.54035e-06
1.68895 1.4382 0 245 1.49616e-06
1.6897 1.4382 0 245 1.45826e-06
1.69045 1.4382 0 245 1.42585e-06
1.6912 1.4382 0 245 1.39807e-06
1.69195 1.4382 0 245 1.37388e-06
1.6927 1.4382 0 245 1.3521e-06
1.69345 1.4382 0 245 1.33141e-06
1.6942 1.4382 0 245 1.31055e-06
1.69495 1.4382 0 245 1.28811e-06
1.6957 1.4382 0 245 1.26316e-06
1.69645 1.4382 0 245 1.23507e-06
1.6972 1.4382 0 245 1.2037e-06
1.69795 1.4382 0 245 1.1694e-06
1.6987 1.4382 0 245 1.1328e-06
1.69945 1.4382 0 245 1.09491e-06
1.7002 1.4382 0 245 1.05649e-06
1.70095 1.4382 0 245 1.01847e-06
1.7017 1.4382 0 245 9.81545e-07
1.70245 1.4382 0 245 9.46244e-07
1.7032 1.4382 0 245 9.12818e-07
1.70395 1.4382 0 245 8.81446e-07
1.7047 1.4382 0 245 8.5225e-07
1.70545 1.4382 0 245 8.25059e-07
1.7062 1.4382 0 245 7.99856e-07
1.70695 1.4382 0 245 7.76488e-07
1.7077 1.4382 0 245 7.54838e-07
1.70845 1.4382 0 245 7.34728e-07
1.7092 1.4382 0 245 7.16003e-07
1.70995 1.4382 0 245 6.98523e-07
1.7107 1.4382 0 245 6.82146e-07
1.71145 1.4382 0 245 6.66732e-07
1.7122 1.4382 0 245 6.52167e-07
1.71295 1.4382 0 245 6.38336e-07
1.7137 1.4382 0 245 6.25086e-07
1.71445 1.4382 0 245 6.12339e-07
1.7152 1.4382 0 245 6.00017e-07
1.71595 1.4382 0 245 5.88048e-07
1.7167 1.4382 0 245 5.76341e-07
1.71745 1.4382 0 245 5.64882e-07
1.7182 1.4382 0 245 5.53685e-07
1.71895 1.4382 0 245 5.42778e-07
1.7197 1.4382 0 245 5.32308e-07
1.72045 1.4382 0 245 5.2246e-07
1.7212 1.4382 0 245 5.13511e-07
1.72195 1.4382 0 245 5.05839e-07
1.7227 1.4382 0 245 4.99836e-07
1.72345 1.4382 0 245 4.95884e-07
1.7242 1.4382 0 245 4.94221e-07
1.72495 1.4382 0 245 4.94927e-07
1.7257 1.4382 0 245 4.97755e-07
1.72645 1.4382 0 245 5.02196e-07
1.7272 1.4382 0 245 5.07522e-07
1.72795 1.4382 0 245 5.12969e-07
1.7287 1.4382 0 245 5.17882e-07
1.72945 1.4382 0 245 5.21752e-07
1.73021 1.4382 0 245 5.24356e-07
1.73096 1.4382 0 245 5.2566e-07
1.73171 1.4382 0 245 5.2579e-07
1.73246 1.4382 0 245 5.24947e-07
1.73321 1.4382 0 245 5.23368e-07
1.73396 1.4382 0 245 5.21276e-07
1.73471 1.4382 0 245 5.18868e-07
1.73546 1.4382 0 245 5.16303e-07
1.73621 1.4382 0 245 5.13702e-07
1.73696 1.4382 0 245 5.11144e-07
1.73771 1.4382 0 245 5.08701e-07
1.73846 1.4382 0 245 5.06427e-07
1.73921 1.4382 0 245 5.04334e-07
1.73996 1.4382 0 245 5.02455e-07
1.74071 1.4382 0 245 5.00791e-07
1.74146 1.4382 0 245 4.99359e-07
1.74221 1.4382 0 245 4.98162e-07
1.74296 1.4382 0 245 4.98745e-07
1.74371 1.4382 0 245 4.97965e-07
1.74446 1.4382 0 245 4.97411e-07
1.74521 1.4382 0 245 4.97075e-07
1.74596 1.4382 0 245 4.97155e-07
1.74671 1.4382 0 245 4.97182e-07
1.74746 1.4382 0 245 4.97353e-07
1.74821 1.4382 0 245 4.97614e-07
1.74896 1.4382 0 245 4.97914e-07
1.74971 1.4382 0 245 4.98192e-07
1.75046 1.4382 0 245 4.98382e-07
1.75121 1.4382 0 245 4.98427e-07
1.75196 1.4382 0 245 4.98287e-07
1.75271 1.4382 0 245 4.97933e-07
1.75346 1.4382 0 245 4.97375e-07
1.75421 1.4382 0 245 4.96636e-07
1.75496 1.4382 0 245 4.95759e-07
1.75571 1.4382 0 245 4.94794e-07
1.75646 1.4382 0 245 4.93791e-07
1.75721 1.4382 0 245 4.92797e-07
1.75796 1.4382 0 245 4.91856e-07
1.75871 1.4382 0 245 4.90989e-07
1.75946 1.4382 0 245 4.90218e-07
1.76021 1.4382 0 245 4.89567e-07
1.76096 1.4382 0 245 4.89031e-07
1.76171 1.4382 0 245 4.88618e-07
1.76246 1.4382 0 245 4.8833e-07
1.76321 1.4382 0 245 4.88165e-07
1.76396 1.4382 0 245 4.88119e-07
1.76471 1.4382 0 245 4.8819e-07
1.76546 1.4382 0 245 4.88373e-07
1.76621 1.4382 0 245 4.88664e-07
1.76696 1.4382 0 245 4.89059e-07
1.76771 1.4382 0 245 4.89555e-07
1.76846 1.4382 0 245 4.90148e-07
1.76921 1.4382 0 245 4.90837e-07
1.76996 1.4382 0 245 4.91616e-07
1.77071 1.4382 0 245 4.92485e-07
1.77146 1.4382 0 245 4.93441e-07
1.77221 1.4382 0 245 4.94485e-07
1.77296 1.4382 0 245 4.95612e-07
1.77371 1.4382 0 245 4.96823e-07
1.77446 1.4382 0 245 4.9812e-07
1.77521 1.4382 0 245 4.99499e-07
1.77596 1.4382 0 245 5.0096e-07
1.77671 1.4382 0 245 5.02505e-07
1.77746 1.4382 0 245 5.04133e-07
1.77821 1.4382 0 245 5.05843e-07
1.77896 1.4382 0 245 5.0764e-07
1.77971 1.4382 0 245 5.09521e-07
1.78046 1.4382 0 245 5.11491e-07
1.78121 1.4382 0 245 5.13548e-07
1.78196 1.4382 0 245 5.15694e-07
1.78271 1.4382 0 245 5.17933e-07
1.78346 1.4382 0 245 5.20266e-07
1.78421 1.4382 0 245 5.22695e-07
1.78496 1.4382 0 245 5.25223e-07
1.78571 1.4382 0 245 5.27852e-07
1.78646 1.4382 0 245 5.30586e-07
1.78721 1.4382 0 245 5.33427e-07
1.78796 1.4382 0 245 5.36381e-07
1.78871 1.4382 0 245 5.3945e-07
1.78946 1.4382 0 245 5.4264e-07
1.79022 1.4382 0 245 5.45954e-07
1.79097 1.4382 0 245 5.49397e-07
1.79172 1.4382 0 245 5.52975e-07
1.79247 1.4382 0 245 5.56694e-07
1.79322 1.4382 0 245 5.60561e-07
1.79397 1.4382 0 245 5.64582e-07
1.79472 1.4382 0 245 5.68765e-07
1.79547 1.4382 0 245 5.73118e-07
1.79622 1.4382 0 245 5.7765e-07
1.79697 1.4382 0 245 5.82371e-07
1.79772 1.4382 0 245 5.87291e-07
1.79847 1.4382 0 245 5.92422e-07
1.79922 1.4382 0 245 5.97777e-07
1.79997 1.4382 0 245 6.0337e-07
1.80072 1.4382 0 245 6.09215e-07
1.80147 1.4382 0 245 6.15329e-07
1.80222 1.4382 0 245 6.2173e-07
1.80297 1.4382 0 245 6.28439e-07
1.80372 1.4382 0 245 6.35477e-07
1.80447 1.4382 0 245 6.42867e-07
1.80522 1.4382 0 245 6.50639e-07
1.80597 1.4382 0 245 6.5882e-07
1.80672 1.4382 0 245 6.67443e-07
1.80747 1.4382 0 245 6.76546e-07
1.80822 1.4382 0 245 6.86168e-07
1.80897 1.4382 0 245 6.96355e-07
1.80972 1.4382 0 245 7.07156e-07
1.81047 1.4382 0 245 7.18628e-07
1.81122 1.4382 0 245 7.30834e-07
1.81197 1.4382 0 245 7.43845e-07
1.81272 1.4382 0 245 7.57739e-07
1.81347 1.4382 0 245 7.72603e-07
1.81422 1.4382 0 245 7.88539e-07
1.81497 1.4382 0 245 8.05659e-07
1.81572 1.4382 0 245 8.24089e-07
1.81647 1.4382 0 245 8.43968e-07
1.81722 1.4382 0 245 8.65458e-07
1.81797 1.4382 0 245 8.88738e-07
1.81872 1.4382 0 245 9.14006e-07
1.81947 1.4382 0 245 9.41484e-07
1.82022 1.4382 0 245 9.71418e-07
1.82097 1.4382 0 245 1.00408e-06
1.82172 1.4382 0 245 1.0396e-06
1.82247 1.4382 0 245 1.07859e-06
1.82322 1.4382 0 245 1.12123e-06
1.82397 1.4382 0 245 1.16785e-06
1.82472 1.4382 0 245 1.21874e-06
1.82547 1.4382 0 245 1.27416e-06
1.82622 1.4382 0 245 1.33426e-06
1.82697 1.4382 0 245 1.39903e-06
1.82772 1.4382 0 245 1.46826e-06
1.82847 1.4382 0 245 1.54137e-06
1.82922 1.4382 0 245 1.61737e-06
1.82997 1.4382 0 245 1.6947e-06
1.83072 1.4382 0 245 1.77124e-06
1.83147 1.4382 0 245 1.84422e-06
1.83222 1.4382 0 245 1.91041e-06
1.83297 1.4382 0 245 1.96636e-06
1.83372 1.4382 0 245 2.00883e-06
1.83447 1.4382 0 245 2.03525e-06
1.83522 1.4382 0 245 2.0442e-06
1.83597 1.4382 0 245 2.03564e-06
1.83672 1.4382 0 245 2.01093e-06
1.83747 1.4382 0 245 1.97257e-06
1.83822 1.4382 0 245 1.92373e-06
1.83897 1.4382 0 245 1.86781e-06
1.83972 1.4382 0 245 1.80804e-06
1.84047 1.4382 0 245 1.74715e-06
1.84122 1.4382 0 245 1.68731e-06
1.84197 1.4382 0 245 1.6301e-06
1.84272 1.4382 0 245 1.57653e-06
1.84347 1.4382 0 245 1.52725e-06
1.84422 1.4382 0 245 1.48252e-06
1.84497 1.4382 0 245 1.44238e-06
1.84572 1.4382 0 245 1.40674e-06
1.84647 1.4382 0 245 1.37539e-06
1.84722 1.4382 0 245 1.34807e-06
1.84797 1.4382 0 245 1.32447e-06
1.84872 1.4382 0 245 1.30432e-06
1.84947 1.4382 0 245 1.28733e-06
1.85023 1.4382 0 245 1.27323e-06
1.85098 1.4382 0 245 1.26178e-06
1.85173 1.4382 0 245 1.25276e-06
1.85248 1.4382 0 245 1.24596e-06
1.85323 1.4382 0 245 1.24121e-06
1.85398 1.4382 0 245 1.23835e-06
1.85473 1.4382 0 245 1.23723e-06
1.85548 1.4382 0 245 1.23774e-06
1.85623 1.4382 0 245 1.23976e-06
1.85698 1.4382 0 245 1.2432e-06
1.85773 1.4382 0 245 1.248e-06
1.85848 1.4382 0 245 1.25408e-06
1.85923 1.4382 0 245 1.26138e-06
1.85998 1.4382 0 245 1.26984e-06
1.86073 1.4382 0 245 1.27944e-06
1.86148 1.4382 0 245 1.29014e-06
1.86223 1.4382 0 245 1.30191e-06
1.86298 1.4382 0 245 1.31472e-06
1.86373 1.4382 0 245 1.32858e-06
1.86448 1.4382 0 245 1.34347e-06
1.86523 1.4382 0 245 1.35939e-06
1.86598 1.4382 0 245 1.37635e-06
1.86673 1.4382 0 245 1.39434e-06
1.86748 1.4382 0 245 1.41339e-06
1.86823 1.4382 0 245 1.43349e-06
1.86898 1.4382 0 245 1.45469e-06
1.86973 1.4382 0 245 1.47699e-06
1.87048 1.4382 0 245 1.50042e-06
1.87123 1.4382 0 245 1.52502e-06
1.87198 1.4382 0 245 1.55084e-06
1.87273 1.4382 0 245 1.5779e-06
1.87348 1.4382 0 245 1.60624e-06
1.87423 1.4382 0 245 1.63594e-06
1.87498 1.4382 0 245 1.66705e-06
1.87573 1.4382 0 245 1.69962e-06
1.87648 1.4382 0 245 1.7337e-06
1.87723 1.4382 0 245 1.76939e-06
1.87798 1.4382 0 245 1.80677e-06
1.87873 1.4382 0 245 1.8459e-06
1.87948 1.4382 0 245 1.88692e-06
1.88023 1.4382 0 245 1.9299e-06
1.88098 1.4382 0 245 1.97494e-06
1.88173 1.4382 0 245 2.02218e-06
1.88248 1.4382 0 245 2.07174e-06
1.88323 1.4382 0 245 2.12377e-06
1.88398 1.4382 0 245 2.17842e-06
1.88473 1.4382 0 245 2.23585e-06
1.88548 1.4382 0 245 2.29625e-06
1.88623 1.4382 0 245 2.35982e-06
1.88698 1.4382 0 245 2.42677e-06
1.88773 1.4382 0 245 2.49733e-06
1.88848 1.4382 0 245 2.57175e-06
1.88923 1.4382 0 245 2.65034e-06
1.88998 1.4382 0 245 2.73339e-06
1.89073 1.4382 0 245 2.82125e-06
1.89148 1.4382 0 245 2.91427e-06
1.89223 1.4382 0 245 3.01284e-06
1.89298 1.4382 0 245 3.11746e-06
1.89373 1.4382 0 245 3.22859e-06
1.89448 1.4382 0 245 3.34678e-06
1.89523 1.4382 0 245 3.47263e-06
1.89598 1.4382 0 245 3.6068e-06
1.89673 1.4382 0 245 3.75002e-06
1.89748 1.4382 0 245 3.90311e-06
1.89823 1.4382 0 245 4.06696e-06
1.89898 1.4382 0 245 4.24258e-06
1.89973 1.4382 0 245 4.43109e-06
1.90048 1.4382 0 245 4.63366e-06
1.90123 1.4382 0 245 4.85174e-06
1.90198 1.4382 0 245 5.08685e-06
1.90273 1.4382 0 245 5.34065e-06
1.90348 1.4382 0 245 5.61504e-06
1.90423 1.4382 0 245 5.91208e-06
1.90498 1.4382 0 245 6.23407e-06
1.90573 1.4382 0 245 6.58355e-06
1.90648 1.4382 0 245 6.96323e-06
1.90723 1.4382 0 245 7.37617e-06
1.90798 1.4382 0 245 7.82549e-06
1.90873 1.4382 0 245 8.31168e-06
1.90948 1.4382 0 245 8.8441e-06
1.91024 1.4382 0 245 9.4238e-06
1.91099 1.4382 0 245 1.00544e-05
1.91174 1.4382 0 245 1.07396e-05
1.91249 1.4382 0 245 1.14832e-05
1.91324 1.4382 0 245 1.22882e-05
1.91399 1.4382 0 245 1.31575e-05
1.91474 1.4382 0 245 1.40938e-05
1.91549 1.4382 0 245 1.50986e-05
1.91624 1.4382 0 245 1.61728e-05
1.91699 1.4382 0 245 1.73154e-05
1.91774 1.4382 0 245 1.8523e-05
1.91849 1.4382 0 245 1.97887e-05
1.91924 1.4382 0 245 2.10993e-05
1.91999 1.4382 0 245 2.24348e-05
1.92074 1.4382 0 245 2.37655e-05
1.92149 1.4382 0 245 2.50515e-05
1.92224 1.4382 0 245 2.62436e-05
1.92299 1.4382 0 245 2.72857e-05
1.92374 1.4382 0 245 2.81199e-05
1.92449 1.4382 0 245 2.8694e-05
1.92524 1.4382 0 245 2.89682e-05
1.92599 1.4382 0 245 2.89223e-05
1.92674 1.4382 0 245 2.85592e-05
1.92749 1.4382 0 245 2.79038e-05
1.92824 1.4382 0 245 2.70002e-05
1.92899 1.4382 0 245 2.5904e-05
1.92974 1.4382 0 245 2.46747e-05
1.93049 1.4382 0 245 2.33689e-05
1.93124 1.4382 0 245 2.20364e-05
1.93199 1.4382 0 245 2.07171e-05
1.93274 1.4382 0 245 1.94412e-05
1.93349 1.4382 0 245 1.82296e-05
1.93424 1.4382 0 245 1.70953e-05
1.93499 1.4382 0 245 1.60449e-05
1.93574 1.4382 0 245 1.50809e-05
1.93649 1.4382 0 245 1.42021e-05
1.93724 1.4382 0 245 1.34054e-05
1.93799 1.4382 0 245 1.26866e-05
1.93874 1.4382 0 245 1.20403e-05
1.93949 1.4382 0 245 1.14615e-05
1.94024 1.4382 0 245 1.09449e-05
1.94099 1.4382 0 245 1.04854e-05
1.94174 1.4382 0 245 1.00781e-05
1.94249 1.4382 0 245 9.71889e-06
1.94324 1.4382 0 245 9.40375e-06
1.94399 1.4382 0 245 9.12924e-06
1.94474 1.4382 0 245 8.89214e-06
1.94549 1.4382 0 245 8.68974e-06
1.94624 1.4382 0 245 8.51966e-06
1.94699 1.4382 0 245 8.3799e-06
1.94774 1.4382 0 245 8.26858e-06
1.94849 1.4382 0 245 8.18431e-06
1.94924 1.4382 0 245 8.12581e-06
1.94999 1.4382 0 245 8.09211e-06
1.95074 1.4382 0 245 8.08248e-06
1.95149 1.4382 0 245 8.09639e-06
1.95224 1.4382 0 245 8.13351e-06
1.95299 1.4382 0 245 8.19372e-06
1.95374 1.4382 0 245 8.27712e-06
1.95449 1.4382 0 245 8.38392e-06
1.95524 1.4382 0 245 8.51462e-06
1.95599 1.4382 0 245 8.66988e-06
1.95674 1.4382 0 245 8.85059e-06
1.95749 1.4382 0 245 9.05783e-06
1.95824 1.4382 0 245 9.29296e-06
1.95899 1.4382 0 245 9.55755e-06
1.95974 1.4382 0 245 9.85346e-06
1.96049 1.4382 0 245 1.01828e-05
1.96124 1.4382 0 245 1.05481e-05
1.96199 1.4382 0 245 1.09522e-05
1.96274 1.4382 0 245 1.13983e-05
1.96349 1.4382 0 245 1.18901e-05
1.96424 1.4382 0 245 1.24318e-05
1.96499 1.4382 0 245 1.3028e-05
1.96574 1.4382 0 245 1.36843e-05
1.96649 1.4382 0 245 1.44065e-05
1.96724 1.4382 0 245 1.52015e-05
1.96799 1.4382 0 245 1.60769e-05
1.96874 1.4382 0 245 1.70411e-05
1.96949 1.4382 0 245 1.81037e-05
1.97025 1.4382 0 245 1.92752e-05
1.971 1.4382 0 245 2.0567e-05
1.97175 1.4382 0 245 2.19919e-05
1.9725 1.4382 0 245 2.35632e-05
1.97325 1.4382 0 245 2.5295e-05
1.974 1.4382 0 245 2.72017e-05
1.97475 1.4382 0 245 2.92972e-05
1.9755 1.4382 0 245 3.1594e-05
1.97625 1.4382 0 245 3.41013e-05
1.977 1.4382 0 245 3.6824e-05
1.97775 1.4382 0 245 3.97582e-05
1.9785 1.4382 0 245 4.28893e-05
1.97925 1.4382 0 245 4.61865e-05
1.98 1.4382 0 245 4.95988e-05
1.98075 1.4382 0 245 5.30505e-05
1.9815 1.4382 0 245 5.64387e-05
1.98225 1.4382 0 245 5.9634e-05
1.983 1.4382 0 245 6.2486e-05
1.98375 1.4382 0 245 6.48354e-05
1.9845 1.4382 0 245 6.65318e-05
1.98525 1.4382 0 245 6.7455e-05
1.986 1.4382 0 245 6.75349e-05
1.98675 1.4382 0 245 6.6762e-05
1.9875 1.4382 0 245 6.51924e-05
1.98825 1.4382 0 245 6.29356e-05
1.989 1.4382 0 245 6.01368e-05
1.98975 1.4382 0 245 5.69546e-05
1.9905 1.4382 0 245 5.35435e-05
1.99125 1.4382 0 245 5.00391e-05
1.992 1.4382 0 245 4.65512e-05
1.99275 1.4382 0 245 4.31622e-05
1.9935 1.4382 0 245 3.99286e-05
1.99425 1.4382 0 245 3.68854e-05
1.995 1.4382 0 245 3.40502e-05
1.99575 1.4382 0 245 3.14294e-05
1.9965 1.4382 0 245 2.90191e-05
1.99725 1.4382 0 245 2.68104e-05
1.998 1.4382 0 245 2.47908e-05
1.99875 1.4382 0 245 2.29462e-05
1.9995 1.4382 0 245 2.12616e-05
2.00025 1.4382 0 245 1.97219e-05
2.001 1.4382 0 245 1.8313e-05
2.00175 1.4382 0 245 1.70215e-05
2.0025 1.4382 0 245 1.5835e-05
2.00325 1.4382 0 245 1.47426e-05
2.004 1.4382 0 245 1.37451e-05
2.00475 1.4382 0 245 1.28091e-05
2.0055 1.4382 0 245 1.19413e-05
2.00625 1.4382 0 245 1.1136e-05
2.007 1.4382 0 245 1.03891e-05
2.00775 1.4382 0 245 9.69803e-06
2.0085 1.4382 0 245 9.06236e-06
2.00925 1.4382 0 245 8.4817e-06
2.01 1.4382 0 245 7.95805e-06
2.01075 1.4382 0 245 7.4945e-06
2.0115 1.4382 0 245 7.09271e-06
2.01225 1.4382 0 245 6.75308e-06
2.013 1.4382 0 245 6.47378e-06
2.01375 1.4382 0 245 6.24917e-06
2.0145 1.4382 0 245 6.07114e-06
2.01525 1.4382 0 245 5.92851e-06
2.016 1.4382 0 245 5.81009e-06
2.01675 1.4382 0 245 5.70431e-06
2.0175 1.4382 0 245 5.60176e-06
2.01825 1.4382 0 245 5.49565e-06
2.019 1.4382 0 245 5.38201e-06
2.01975 1.4382 0 245 5.25939e-06
2.0205 1.4382 0 245 5.12778e-06
2.02125 1.4382 0 245 4.98905e-06
2.022 1.4382 0 245 4.84512e-06
2.02275 1.4382 0 245 4.6982e-06
2.0235 1.4382 0 245 4.55046e-06
2.02425 1.4382 0 245 4.40374e-06
2.025 1.4382 0 245 4.25934e-06
2.02575 1.4382 0 245 4.11846e-06
2.0265 1.4382 0 245 3.98188e-06
2.02725 1.4382 0 245 3.85017e-06
2.028 1.4382 0 245 3.72357e-06
2.02875 1.4382 0 245 3.60225e-06
2.0295 1.4382 0 245 3.48626e-06
2.03026 1.4382 0 245 3.3755e-06
2.03101 1.4382 0 245 3.26984e-06
2.03176 1.4382 0 245 3.16913e-06
2.03251 1.4382 0 245 3.07315e-06
2.03326 1.4382 0 245 2.98169e-06
2.03401 1.4382 0 245 2.89453e-06
2.03476 1.4382 0 245 2.81144e-06
2.03551 1.4382 0 245 2.73221e-06
2.03626 1.4382 0 245 2.65662e-06
2.03701 1.4382 0 245 2.58447e-06
2.03776 1.4382 0 245 2.51556e-06
2.03851 1.4382 0 245 2.44974e-06
2.03926 1.4382 0 245 2.38679e-06
2.04001 1.4382 0 245 2.32656e-06
2.04076 1.4382 0 245 2.26892e-06
2.04151 1.4382 0 245 2.21371e-06
2.04226 1.4382 0 245 2.1608e-06
2.04301 1.4382 0 245 2.11007e-06
2.04376 1.4382 0 245 2.0614e-06
2.04451 1.4382 0 245 2.01469e-06
2.04526 1.4382 0 245 1.96983e-06
2.04601 1.4382 0 245 1.92674e-06
2.04676 1.4382 0 245 1.88531e-06
2.04751 1.4382 0 245 1.84546e-06
2.04826 1.4382 0 245 1.80712e-06
2.04901 1.4382 0 245 1.77022e-06
2.04976 1.4382 0 245 1.73469e-06
2.05051 1.4382 0 245 1.70046e-06
2.05126 1.4382 0 245 1.66749e-06
2.05201 1.4382 0 245 1.6357e-06
2.05276 1.4382 0 245 1.60505e-06
2.05351 1.4382 0 245 1.57549e-06
2.05426 1.4382 0 245 1.54697e-06
2.05501 1.4382 0 245 1.51946e-06
2.05576 1.4382 0 245 1.4929e-06
2.05651 1.4382 0 245 1.46727e-06
2.05726 1.4382 0 245 1.44251e-06
2.05801 1.4382 0 245 1.41862e-06
2.05876 1.4382 0 245 1.39555e-06
2.05951 1.4382 0 245 1.37326e-06
2.06026 1.4382 0 245 1.35175e-06
2.06101 1.4382 0 245 1.33097e-06
2.06176 1.4382 0 245 1.31091e-06
2.06251 1.4382 0 245 1.29154e-06
2.06326 1.4382 0 245 1.27284e-06
2.06401 1.4382 0 245 1.25479e-06
2.06476 1.4382 0 245 1.23738e-06
2.06551 1.4382 0 245 1.22059e-06
2.06626 1.4382 0 245 1.20439e-06
2.06701 1.4382 0 245 1.18879e-06
2.06776 1.4382 0 245 1.17377e-06
2.06851 1.4382 0 245 1.15931e-06
2.06926 1.4382 0 245 1.14541e-06
2.07001 1.4382 0 245 1.13205e-06
2.07076 1.4382 0 245 1.11924e-06
2.07151 1.4382 0 245 1.10696e-06
2.07226 1.4382 0 245 1.09521e-06
2.07301 1.4382 0 245 1.08399e-06
2.07376 1.4382 0 245 1.0733e-06
2.07451 1.4382 0 245 1.06313e-06
2.07526 1.4382 0 245 1.0535e-06
2.07601 1.4382 0 245 1.0444e-06
2.07676 1.4382 0 245 1.03584e-06
2.07751 1.4382 0 245 1.02782e-06
2.07826 1.4382 0 245 1.02036e-06
2.07901 1.4382 0 245 1.01347e-06
2.07976 1.4382 0 245 1.00716e-06
2.08051 1.4382 0 245 1.00145e-06
2.08126 1.4382 0 245 9.96366e-07
2.08201 1.4382 0 245 9.91926e-07
2.08276 1.4382 0 245 9.88156e-07
2.08351 1.4382 0 245 9.85093e-07
2.08426 1.4382 0 245 9.82768e-07
2.08501 1.4382 0 245 9.81226e-07
2.08576 1.4382 0 245 9.8051e-07
2.08651 1.4382 0 245 9.80676e-07
2.08726 1.4382 0 245 9.8178e-07
2.08801 1.4382 0 245 9.83891e-07
2.08876 1.4382 0 245 9.87077e-07
2.08951 1.4382 0 245 9.91424e-07
2.09027 1.4382 0 245 9.97027e-07
2.09102 1.4382 0 245 1.00398e-06
2.09177 1.4382 0 245 1.0124e-06
2.09252 1.4382 0 245 1.02242e-06
2.09327 1.4382 0 245 1.03415e-06
2.09402 1.4382 0 245 1.04776e-06
2.09477 1.4382 0 245 1.06336e-06
2.09552 1.4382 0 245 1.08116e-06
2.09627 1.4382 0 245 1.1013e-06
2.09702 1.4382 0 245 1.12394e-06
2.09777 1.4382 0 245 1.14922e-06
2.09852 1.4382 0 245 1.17726e-06
2.09927 1.4382 0 245 1.20812e-06
2.10002 1.4382 0 245 1.24181e-06
2.10077 1.4382 0 245 1.27823e-06
2.10152 1.4382 0 245 1.31714e-06
2.10227 1.4382 0 245 1.35815e-06
2.10302 1.4382 0 245 1.4006e-06
2.10377 1.4382 0 245 1.44361e-06
2.10452 1.4382 0 245 1.48598e-06
2.10527 1.4382 0 245 1.52629e-06
2.10602 1.4382 0 245 1.56282e-06
2.10677 1.4382 0 245 1.59374e-06
2.10752 1.4382 0 245 1.61722e-06
2.10827 1.4382 0 245 1.63165e-06
2.10902 1.4382 0 245 1.63575e-06
2.10977 1.4382 0 245 1.6247e-06
2.11052 1.4382 0 245 1.60695e-06
2.11127 1.4382 0 245 1.57899e-06
2.11202 1.4382 0 245 1.54206e-06
2.11277 1.4382 0 245 1.4978e-06
2.11352 1.4382 0 245 1.44801e-06
2.11427 1.4382 0 245 1.39452e-06
2.11502 1.4382 0 245 1.33898e-06
2.11577 1.4382 0 245 1.28281e-06
2.11652 1.4382 0 245 1.22713e-06
2.11727 1.4382 0 245 1.17279e-06
2.11802 1.4382 0 245 1.12038e-06
2.11877 1.4382 0 245 1.07025e-06
2.11952 1.4382 0 245 1.02261e-06
2.12027 1.4382 0 245 9.77495e-07
2.12102 1.4382 0 245 9.34863e-07
2.12177 1.4382 0 245 8.94583e-07
2.12252 1.4382 0 245 8.56511e-07
2.12327 1.4382 0 245 8.20447e-07
2.12402 1.4382 0 245 7.86181e-07
2.12477 1.4382 0 245 7.53503e-07
2.12552 1.4382 0 245 7.22176e-07
2.12627 1.4382 0 245 6.91974e-07
2.12702 1.4382 0 245 6.62709e-07
2.12777 1.4382 0 245 6.34151e-07
2.12852 1.4382 0 245 6.06078e-07
2.12927 1.4382 0 245 5.783e-07
2.13002 1.4382 0 245 5.5058e-07
2.13077 1.4382 0 245 5.2273e-07
2.13152 1.4382 0 245 4.94518e-07
2.13227 1.4382 0 245 4.65649e-07
2.13302 1.4382 0 245 4.35991e-07
2.13377 1.4382 0 245 4.05277e-07
2.13452 1.4382 0 245 3.73217e-07
2.13527 1.4382 0 245 3.39461e-07
2.13602 1.4382 0 245 3.03816e-07
2.13677 1.4382 0 245 2.65884e-07
2.13752 1.4382 0 245 2.25294e-07
2.13827 1.4382 0 245 1.81636e-07
2.13902 1.4382 0 245 1.34454e-07
2.13977 1.4382 0 245 8.32429e-08
2.14052 1.4382 0 245 2.74933e-08
2.14127 1.4382 0 245 -3.34104e-08
2.14202 1.4382 0 245 -1.00118e-07
2.14277 1.4382 0 245 -1.73362e-07
2.14352 1.4382 0 245 -2.5383e-07
2.14427 1.4382 0 245 -3.42334e-07
2.14502 1.4382 0 245 -4.39726e-07
2.14577 1.4382 0 245 -5.4673e-07
2.14652 1.4382 0 245 -6.64052e-07
2.14727 1.4382 0 245 -7.92499e-07
2.14802 1.4382 0 245 -9.32095e-07
2.14877 1.4382 0 245 -1.08302e-06
2.14952 1.4382 0 245 -1.24474e-06
2.15028 1.4382 0 245 -1.41601e-06
2.15103 1.4382 0 245 -1.59454e-06
2.15178 1.4382 0 245 -1.77674e-06
2.15253 1.4382 0 245 -1.95744e-06
2.15328 1.4382 0 245 -2.12959e-06
2.15403 1.4382 0 245 -2.28385e-06
2.15478 1.4382 0 245 -2.40932e-06
2.15553 1.4382 0 245 -2.49346e-06
2.15628 1.4382 0 245 -2.52372e-06
2.15703 1.4382 0 245 -2.4868e-06
2.15778 1.4382 0 245 -2.37373e-06
2.15853 1.4382 0 245 -2.17977e-06
2.15928 1.4382 0 245 -1.9066e-06
2.16003 1.4382 0 245 -1.56316e-06
2.16078 1.4382 0 245 -1.16529e-06
2.16153 1.4382 0 245 -7.34044e-07
2.16228 1.4382 0 245 -2.93024e-07
2.16303 1.4382 0 245 1.35043e-07
2.16378 1.4382 0 245 5.3055e-07
2.16453 1.4382 0 245 8.79428e-07
2.16528 1.4382 0 245 1.17291e-06
2.16603 1.4382 0 245 1.40824e-06
2.16678 1.4382 0 245 1.58706e-06
2.16753 1.4382 0 245 1.71427e-06
2.16828 1.4382 0 245 1.79656e-06
2.16903 1.4382 0 245 1.84138e-06
2.16978 1.4382 0 245 1.85609e-06
2.17053 1.4382 0 245 1.84749e-06
2.17128 1.4382 0 245 1.82147e-06
2.17203 1.4382 0 245 1.78307e-06
2.17278 1.4382 0 245 1.73624e-06
2.17353 1.4382 0 245 1.68417e-06
2.17428 1.4382 0 245 1.62935e-06
2.17503 1.4382 0 245 1.57359e-06
2.17578 1.4382 0 245 1.51826e-06
2.17653 1.4382 0 245 1.46431e-06
2.17728 1.4382 0 245 1.41238e-06
2.17803 1.4382 0 245 1.36288e-06
2.17878 1.4382 0 245 1.31614e-06
2.17953 1.4382 0 245 1.27209e-06
2.18028 1.4382 0 245 1.23084e-06
2.18103 1.4382 0 245 1.19236e-06
2.18178 1.4382 0 245 1.15652e-06
2.18253 1.4382 0 245 1.12323e-06
2.18328 1.4382 0 245 1.09237e-06
2.18403 1.4382 0 245 1.06371e-06
2.18478 1.4382 0 245 1.03718e-06
2.18553 1.4382 0 245 1.01262e-06
2.18628 1.4382 0 245 9.89932e-07
2.18703 1.4382 0 245 9.69026e-07
2.18778 1.4382 0 245 9.49864e-07
2.18853 1.4382 0 245 9.32459e-07
2.18928 1.4382 0 245 9.16899e-07
2.19003 1.4382 0 245 9.03335e-07
2.19078 1.4382 0 245 8.92099e-07
2.19153 1.4382 0 245 8.83624e-07
2.19228 1.4382 0 245 8.78477e-07
2.19303 1.4382 0 245 8.77394e-07
2.19378 1.4382 0 245 8.81257e-07
2.19453 1.4382 0 245 8.91051e-07
2.19528 1.4382 0 245 9.07788e-07
2.19603 1.4382 0 245 9.32398e-07
2.19678 1.4382 0 245 9.65585e-07
2.19753 1.4382 0 245 1.00766e-06
2.19828 1.4382 0 245 1.05846e-06
2.19903 1.4382 0 245 1.11744e-06
2.19978 1.4382 0 245 1.1834e-06
2.20053 1.4382 0 245 1.25485e-06
2.20128 1.4382 0 245 1.33021e-06
2.20203 1.4382 0 245 1.40803e-06
2.20278 1.4382 0 245 1.48707e-06
2.20353 1.4382 0 245 1.56675e-06
2.20428 1.4382 0 245 1.64673e-06
2.20503 1.4382 0 245 1.7271e-06
2.20578 1.4382 0 245 1.80802e-06
2.20653 1.4382 0 245 1.89e-06
2.20728 1.4382 0 245 1.97341e-06
2.20803 1.4382 0 245 2.05842e-06
2.20878 1.4382 0 245 2.14491e-06
2.20953 1.4382 0 245 2.23232e-06
2.21029 1.4382 0 245 2.31964e-06
2.21104 1.4382 0 245 2.40535e-06
2.21179 1.4382 0 245 2.48745e-06
2.21254 1.4382 0 245 2.56342e-06
2.21329 1.4382 0 245 2.63051e-06
2.21404 1.4382 0 245 2.68592e-06
2.21479 1.4382 0 245 2.72697e-06
2.21554 1.4382 0 245 2.75136e-06
2.21629 1.4382 0 245 2.75769e-06
2.21704 1.4382 0 245 2.74532e-06
2.21779 1.4382 0 245 2.7147e-06
2.21854 1.4382 0 245 2.66721e-06
2.21929 1.4382 0 245 2.60496e-06
2.22004 1.4382 0 245 2.53063e-06
2.22079 1.4382 0 245 2.44715e-06
2.22154 1.4382 0 245 2.35744e-06
2.22229 1.4382 0 245 2.26418e-06
2.22304 1.4382 0 245 2.16983e-06
2.22379 1.4382 0 245 2.07617e-06
2.22454 1.4382 0 245 1.98479e-06
2.22529 1.4382 0 245 1.89683e-06
2.22604 1.4382 0 245 1.81304e-06
2.22679 1.4382 0 245 1.7364e-06
2.22754 1.4382 0 245 1.66192e-06
2.22829 1.4382 0 245 1.59221e-06
2.22904 1.4382 0 245 1.52719e-06
2.22979 1.4382 0 245 1.46663e-06
2.23054 1.4382 0 245 1.41026e-06
2.23129 1.4382 0 245 1.35778e-06
2.23204 1.4382 0 245 1.30887e-06
2.23279 1.4382 0 245 1.26323e-06
2.23354 1.4382 0 245 1.22061e-06
2.23429 1.4382 0 245 1.18078e-06
2.23504 1.4382 0 245 1.14352e-06
2.23579 1.4382 0 245 1.10866e-06
2.23654 1.4382 0 245 1.07607e-06
2.23729 1.4382 0 245 1.04561e-06
2.23804 1.4382 0 245 1.01719e-06
2.23879 1.4382 0 245 9.90663e-07
2.23954 1.4382 0 245 9.65957e-07
2.24029 1.4382 0 245 9.42965e-07
2.24104 1.4382 0 245 9.21587e-07
2.24179 1.4382 0 245 9.01732e-07
2.24254 1.4382 0 245 8.8331e-07
2.24329 1.4382 0 245 8.66224e-07
2.24404 1.4382 0 245 8.50394e-07
2.24479 1.4382 0 245 8.35736e-07
2.24554 1.4382 0 245 8.22174e-07
2.24629 1.4382 0 245 8.09635e-07
2.24704 1.4382 0 245 7.98053e-07
2.24779 1.4382 0 245 7.87363e-07
2.24854 1.4382 0 245 7.77508e-07
2.24929 1.4382 0 245 7.68435e-07
2.25004 1.4382 0 245 7.60093e-07
2.25079 1.4382 0 245 7.52437e-07
2.25154 1.4382 0 245 7.45433e-07
2.25229 1.4382 0 245 7.39031e-07
2.25304 1.4382 0 245 7.33197e-07
2.25379 1.4382 0 245 7.27899e-07
2.25454 1.4382 0 245 7.23111e-07
2.25529 1.4382 0 245 7.18812e-07
2.25604 1.4382 0 245 7.14963e-07
2.25679 1.4382 0 245 7.1155e-07
2.25754 1.4382 0 245 7.08551e-07
2.25829 1.4382 0 245 7.05949e-07
2.25904 1.4382 0 245 7.03726e-07
2.25979 1.4382 0 245 7.01869e-07
2.26054 1.4382 0 245 7.00361e-07
2.26129 1.4382 0 245 6.99189e-07
2.26204 1.4382 0 245 6.98343e-07
2.26279 1.4382 0 245 6.97813e-07
2.26354 1.4382 0 245 6.97588e-07
2.26429 1.4382 0 245 6.97661e-07
2.26504 1.4382 0 245 6.98024e-07
2.26579 1.4382 0 245 6.98671e-07
2.26654 1.4382 0 245 6.99595e-07
2.26729 1.4382 0 245 7.00793e-07
2.26804 1.4382 0 245 7.02259e-07
2.26879 1.4382 0 245 7.03992e-07
2.26954 1.4382 0 245 7.05985e-07
2.2703 1.4382 0 245 7.08238e-07
2.27105 1.4382 0 245 7.10748e-07
2.2718 1.4382 0 245 7.13517e-07
2.27255 1.4382 0 245 7.1654e-07
2.2733 1.4382 0 245 7.19818e-07
2.27405 1.4382 0 245 7.23353e-07
2.2748 1.4382 0 245 7.27145e-07
2.27555 1.4382 0 245 7.31195e-07
2.2763 1.4382 0 245 7.35507e-07
2.27705 1.4382 0 245 7.4008e-07
2.2778 1.4382 0 245 7.4492e-07
2.27855 1.4382 0 245 7.5003e-07
2.2793 1.4382 0 245 7.55412e-07
2.28005 1.4382 0 245 7.61071e-07
2.2808 1.4382 0 245 7.67012e-07
2.28155 1.4382 0 245 7.73241e-07
2.2823 1.4382 0 245 7.79764e-07
2.28305 1.4382 0 245 7.86588e-07
2.2838 1.4382 0 245 7.9372e-07
2.28455 1.4382 0 245 8.01166e-07
2.2853 1.4382 0 245 8.08937e-07
2.28605 1.4382 0 245 8.1704e-07
2.2868 1.4382 0 245 8.25476e-07
2.28755 1.4382 0 245 8.34273e-07
2.2883 1.4382 0 245 8.43434e-07
2.28905 1.4382 0 245 8.52971e-07
2.2898 1.4382 0 245 8.62895e-07
2.29055 1.4382 0 245 8.73222e-07
2.2913 1.4382 0 245 8.83963e-07
2.29205 1.4382 0 245 8.95135e-07
2.2928 1.4382 0 245 9.06755e-07
2.29355 1.4382 0 245 9.18838e-07
2.2943 1.4382 0 245 9.31405e-07
2.29505 1.4382 0 245 9.44471e-07
2.2958 1.4382 0 245 9.58061e-07
2.29655 1.4382 0 245 9.72198e-07
2.2973 1.4382 0 245 9.86904e-07
2.29805 1.4382 0 245 1.0022e-06
2.2988 1.4382 0 245 1.01813e-06
2.29955 1.4382 0 245 1.0347e-06
2.3003 1.4382 0 245 1.05195e-06
2.30105 1.4382 0 245 1.06991e-06
2.3018 1.4382 0 245 1.08862e-06
2.30255 1.4382 0 245 1.10811e-06
2.3033 1.4382 0 245 1.12843e-06
2.30405 1.4382 0 245 1.1496e-06
2.3048 1.4382 0 245 1.17169e-06
2.30555 1.4382 0 245 1.19474e-06
2.3063 1.4382 0 245 1.2188e-06
2.30705 1.4382 0 245 1.24393e-06
2.3078 1.4382 0 245 1.27018e-06
2.30855 1.4382 0 245 1.29761e-06
2.3093 1.4382 0 245 1.32629e-06
2.31005 1.4382 0 245 1.35631e-06
2.3108 1.4382 0 245 1.38773e-06
2.31155 1.4382 0 245 1.42065e-06
2.3123 1.4382 0 245 1.45516e-06
2.31305 1.4382 0 245 1.49134e-06
2.3138 1.4382 0 245 1.52932e-06
2.31455 1.4382 0 245 1.56919e-06
2.3153 1.4382 0 245 1.6111e-06
2.31605 1.4382 0 245 1.65516e-06
2.3168 1.4382 0 245 1.70153e-06
2.31755 1.4382 0 245 1.75036e-06
2.3183 1.4382 0 245 1.80182e-06
2.31905 1.4382 0 245 1.8561e-06
2.3198 1.4382 0 245 1.91339e-06
2.32055 1.4382 0 245 1.97392e-06
2.3213 1.4382 0 245 2.03793e-06
2.32205 1.4382 0 245 2.10567e-06
2.3228 1.4382 0 245 2.17742e-06
2.32355 1.4382 0 245 2.2535e-06
2.3243 1.4382 0 245 2.33424e-06
2.32505 1.4382 0 245 2.42001e-06
2.3258 1.4382 0 245 2.51118e-06
2.32655 1.4382 0 245 2.60825e-06
2.3273 1.4382 0 245 2.71151e-06
2.32805 1.4382 0 245 2.82179e-06
2.3288 1.4382 0 245 2.93952e-06
2.32955 1.4382 0 245 3.06532e-06
2.33031 1.4382 0 245 3.19988e-06
2.33106 1.4382 0 245 3.34395e-06
2.33181 1.4382 0 245 3.49837e-06
2.33256 1.4382 0 245 3.66397e-06
2.33331 1.4382 0 245 3.8418e-06
2.33406 1.4382 0 245 4.03286e-06
2.33481 1.4382 0 245 4.23829e-06
2.33556 1.4382 0 245 4.45927e-06
2.33631 1.4382 0 245 4.6971e-06
2.33706 1.4382 0 245 4.95309e-06
2.33781 1.4382 0 245 5.22866e-06
2.33856 1.4382 0 245 5.52518e-06
2.33931 1.4382 0 245 5.84405e-06
2.34006 1.4382 0 245 6.18657e-06
2.34081 1.4382 0 245 6.55392e-06
2.34156 1.4382 0 245 6.94699e-06
2.34231 1.4382 0 245 7.3663e-06
2.34306 1.4382 0 245 7.81192e-06
2.34381 1.4382 0 245 8.28308e-06
2.34456 1.4382 0 245 8.77805e-06
2.34531 1.4382 0 245 9.29406e-06
2.34606 1.4382 0 245 9.82678e-06
2.34681 1.4382 0 245 1.03703e-05
2.34756 1.4382 0 245 1.09168e-05
2.34831 1.4382 0 245 1.14571e-05
2.34906 1.4382 0 245 1.198e-05
2.34981 1.4382 0 245 1.24737e-05
2.35056 1.4382 0 245 1.29259e-05
2.35131 1.4382 0 245 1.33248e-05
2.35206 1.4382 0 245 1.36606e-05
2.35281 1.4382 0 245 1.39257e-05
2.35356 1.4382 0 245 1.4116e-05
2.35431 1.4382 0 245 1.42307e-05
2.35506 1.4382 0 245 1.42728e-05
2.35581 1.4382 0 245 1.42473e-05
2.35656 1.4382 0 245 1.41607e-05
2.35731 1.4382 0 245 1.40235e-05
2.35806 1.4382 0 245 1.3836e-05
2.35881 1.4382 0 245 1.36059e-05
2.35956 1.4382 0 245 1.33372e-05
2.36031 1.4382 0 245 1.30328e-05
2.36106 1.4382 0 245 1.26947e-05
2.36181 1.4382 0 245 1.2325e-05
2.36256 1.4382 0 245 1.19266e-05
2.36331 1.4382 0 245 1.15028e-05
2.36406 1.4382 0 245 1.10586e-05
2.36481 1.4382 0 245 1.05995e-05
2.36556 1.4382 0 245 1.01316e-05
2.36631 1.4382 0 245 9.66119e-06
2.36706 1.4382 0 245 9.1942e-06
2.36781 1.4382 0 245 8.73604e-06
2.36856 1.4382 0 245 8.2912e-06
2.36931 1.4382 0 245 7.86331e-06
2.37006 1.4382 0 245 7.45476e-06
2.37081 1.4382 0 245 7.06736e-06
2.37156 1.4382 0 245 6.70204e-06
2.37231 1.4382 0 245 6.35911e-06
2.37306 1.4382 0 245 6.03839e-06
2.37381 1.4382 0 245 5.73933e-06
2.37456 1.4382 0 245 5.46112e-06
2.37531 1.4382 0 245 5.20278e-06
2.37606 1.4382 0 245 4.96322e-06
2.37681 1.4382 0 245 4.74129e-06
2.37756 1.4382 0 245 4.53587e-06
2.37831 1.4382 0 245 4.34582e-06
2.37906 1.4382 0 245 4.17011e-06
2.37981 1.4382 0 245 4.00761e-06
2.38056 1.4382 0 245 3.8574e-06
2.38131 1.4382 0 245 3.71858e-06
2.38206 1.4382 0 245 3.5903e-06
2.38281 1.4382 0 245 3.47178e-06
2.38356 1.4382 0 245 3.36232e-06
2.38431 1.4382 0 245 3.26125e-06
2.38506 1.4382 0 245 3.16798e-06
2.38581 1.4382 0 245 3.08207e-06
2.38656 1.4382 0 245 3.00279e-06
2.38731 1.4382 0 245 2.92982e-06
2.38806 1.4382 0 245 2.86272e-06
2.38881 1.4382 0 245 2.80113e-06
2.38956 1.4382 0 245 2.74476e-06
2.39032 1.4382 0 245 2.69321e-06
2.39107 1.4382 0 245 2.64626e-06
2.39182 1.4382 0 245 2.60367e-06
2.39257 1.4382 0 245 2.56518e-06
2.39332 1.4382 0 245 2.53061e-06
2.39407 1.4382 0 245 2.49977e-06
2.39482 1.4382 0 245 2.47251e-06
2.39557 1.4382 0 245 2.44869e-06
2.39632 1.4382 0 245 2.4282e-06
2.39707 1.4382 0 245 2.41091e-06
2.39782 1.4382 0 245 2.39675e-06
2.39857 1.4382 0 245 2.38564e-06
2.39932 1.4382 0 245 2.37751e-06
2.40007 1.4382 0 245 2.37231e-06
2.40082 1.4382 0 245 2.37004e-06
2.40157 1.4382 0 245 2.37067e-06
2.40232 1.4382 0 245 2.37417e-06
2.40307 1.4382 0 245 2.38057e-06
2.40382 1.4382 0 245 2.38988e-06
2.40457 1.4382 0 245 2.40218e-06
2.40532 1.4382 0 245 2.41744e-06
2.40607 1.4382 0 245 2.43575e-06
2.40682 1.4382 0 245 2.45719e-06
2.40757 1.4382 0 245 2.48187e-06
2.40832 1.4382 0 245 2.50988e-06
2.40907 1.4382 0 245 2.54136e-06
2.40982 1.4382 0 245 2.57644e-06
2.41057 1.4382 0 245 2.6153e-06
2.41132 1.4382 0 245 2.65811e-06
2.41207 1.4382 0 245 2.70509e-06
2.41282 1.4382 0 245 2.75647e-06
2.41357 1.4382 0 245 2.8125e-06
2.41432 1.4382 0 245 2.87344e-06
2.41507 1.4382 0 245 2.93964e-06
2.41582 1.4382 0 245 3.01146e-06
2.41657 1.4382 0 245 3.08922e-06
2.41732 1.4382 0 245 3.17334e-06
2.41807 1.4382 0 245 3.26428e-06
2.41882 1.4382 0 245 3.36245e-06
2.41957 1.4382 0 245 3.46842e-06
2.42032 1.4382 0 245 3.58271e-06
2.42107 1.4382 0 245 3.70582e-06
2.42182 1.4382 0 245 3.83835e-06
2.42257 1.4382 0 245 3.98088e-06
2.42332 1.4382 0 245 4.13394e-06
2.42407 1.4382 0 245 4.29801e-06
2.42482 1.4382 0 245 4.47354e-06
2.42557 1.4382 0 245 4.66081e-06
2.42632 1.4382 0 245 4.85992e-06
2.42707 1.4382 0 245 5.07078e-06
2.42782 1.4382 0 245 5.29289e-06
2.42857 1.4382 0 245 5.52534e-06
2.42932 1.4382 0 245 5.7667e-06
2.43007 1.4382 0 245 6.0148e-06
2.43082 1.4382 0 245 6.26686e-06
2.43157 1.4382 0 245 6.51914e-06
2.43232 1.4382 0 245 6.76706e-06
2.43307 1.4382 0 245 7.00524e-06
2.43382 1.4382 0 245 7.22767e-06
2.43457 1.4382 0 245 7.42795e-06
2.43532 1.4382 0 245 7.59974e-06
2.43607 1.4382 0 245 7.73721e-06
2.43682 1.4382 0 245 7.83566e-06
2.43757 1.4382 0 245 7.892e-06
2.43832 1.4382 0 245 7.90517e-06
2.43907 1.4382 0 245 7.87646e-06
2.43982 1.4382 0 245 7.80928e-06
2.44057 1.4382 0 245 7.70921e-06
2.44132 1.4382 0 245 7.58345e-06
2.44207 1.4382 0 245 7.44036e-06
2.44282 1.4382 0 245 7.28887e-06
2.44357 1.4382 0 245 7.13796e-06
2.44432 1.4382 0 245 6.9956e-06
2.44507 1.4382 0 245 6.87007e-06
2.44582 1.4382 0 245 6.76696e-06
2.44657 1.4382 0 245 6.69073e-06
2.44732 1.4382 0 245 6.64391e-06
2.44807 1.4382 0 245 6.6272e-06
2.44882 1.4382 0 245 6.63966e-06
2.44957 1.4382 0 245 6.67886e-06
2.45033 1.4382 0 245 6.74192e-06
2.45108 1.4382 0 245 6.82588e-06
2.45183 1.4382 0 245 6.92735e-06
2.45258 1.4382 0 245 7.04386e-06
2.45333 1.4382 0 245 7.17372e-06
2.45408 1.4382 0 245 7.3162e-06
2.45483 1.4382 0 245 7.47119e-06
2.45558 1.4382 0 245 7.63969e-06
2.45633 1.4382 0 245 7.82294e-06
2.45708 1.4382 0 245 8.02276e-06
2.45783 1.4382 0 245 8.24124e-06
2.45858 1.4382 0 245 8.48067e-06
2.45933 1.4382 0 245 8.7435e-06
2.46008 1.4382 0 245 9.03215e-06
2.46083 1.4382 0 245 9.34925e-06
2.46158 1.4382 0 245 9.69746e-06
2.46233 1.4382 0 245 1.00795e-05
2.46308 1.4382 0 245 1.04983e-05
2.46383 1.4382 0 245 1.09567e-05
2.46458 1.4382 0 245 1.14571e-05
2.46533 1.4382 0 245 1.20039e-05
2.46608 1.4382 0 245 1.25996e-05
2.46683 1.4382 0 245 1.32474e-05
2.46758 1.4382 0 245 1.39504e-05
2.46833 1.4382 0 245 1.47114e-05
2.46908 1.4382 0 245 1.55329e-05
2.46983 1.4382 0 245 1.64169e-05
2.47058 1.4382 0 245 1.73646e-05
2.47133 1.4382 0 245 1.83757e-05
2.47208 1.4382 0 245 1.94486e-05
2.47283 1.4382 0 245 2.05792e-05
2.47358 1.4382 0 245 2.17608e-05
2.47433 1.4382 0 245 2.29831e-05
2.47508 1.4382 0 245 2.42319e-05
2.47583 1.4382 0 245 2.54878e-05
2.47658 1.4382 0 245 2.6727e-05
2.47733 1.4382 0 245 2.79201e-05
2.47808 1.4382 0 245 2.90335e-05
2.47883 1.4382 0 245 3.0031e-05
2.47958 1.4382 0 245 3.0875e-05
2.48033 1.4382 0 245 3.15303e-05
2.48108 1.4382 0 245 3.19666e-05
2.48183 1.4382 0 245 3.21621e-05
2.48258 1.4382 0 245 3.21057e-05
2.48333 1.4382 0 245 3.17984e-05
2.48408 1.4382 0 245 3.12533e-05
2.48483 1.4382 0 245 3.04937e-05
2.48558 1.4382 0 245 2.95512e-05
2.48633 1.4382 0 245 2.84621e-05
2.48708 1.4382 0 245 2.72642e-05
2.48783 1.4382 0 245 2.5994e-05
2.48858 1.4382 0 245 2.46851e-05
2.48933 1.4382 0 245 2.33661e-05
2.49008 1.4382 0 245 2.2061e-05
2.49083 1.4382 0 245 2.07876e-05
2.49158 1.4382 0 245 1.95597e-05
2.49233 1.4382 0 245 1.8387e-05
2.49308 1.4382 0 245 1.72751e-05
2.49383 1.4382 0 245 1.62272e-05
2.49458 1.4382 0 245 1.52442e-05
2.49533 1.4382 0 245 1.43253e-05
2.49608 1.4382 0 245 1.34687e-05
2.49683 1.4382 0 245 1.26717e-05
2.49758 1.4382 0 245 1.19313e-05
2.49833 1.4382 0 245 1.1244e-05
2.49908 1.4382 0 245 1.06064e-05
2.49983 1.4382 0 245 1.00149e-05
2.50058 1.4382 0 245 9.46631e-06
2.50133 1.4382 0 245 8.95724e-06
2.50208 1.4382 0 245 8.48471e-06
2.50283 1.4382 0 245 8.04582e-06
2.50358 1.4382 0 245 7.63791e-06
2.50433 1.4382 0 245 7.25849e-06
2.50508 1.4382 0 245 6.91178e-06
2.50583 1.4382 0 245 6.58172e-06
2.50658 1.4382 0 245 6.27392e-06
2.50733 1.4382 0 245 5.98661e-06
2.50808 1.4382 0 245 5.71816e-06
2.50883 1.4382 0 245 5.46707e-06
2.50958 1.4382 0 245 5.23198e-06
2.51034 1.4382 0 245 5.01164e-06
2.51109 1.4382 0 245 4.80488e-06
2.51184 1.4382 0 245 4.6107e-06
2.51259 1.4382 0 245 4.42813e-06
2.51334 1.4382 0 245 4.25629e-06
2.51409 1.4382 0 245 4.09437e-06
2.51484 1.4382 0 245 3.94165e-06
2.51559 1.4382 0 245 3.79745e-06
2.51634 1.4382 0 245 3.66116e-06
2.51709 1.4382 0 245 3.53223e-06
2.51784 1.4382 0 245 3.41014e-06
2.51859 1.4382 0 245 3.29446e-06
2.51934 1.4382 0 245 3.18475e-06
2.52009 1.4382 0 245 3.08064e-06
2.52084 1.4382 0 245 2.98188e-06
2.52159 1.4382 0 245 2.88818e-06
2.52234 1.4382 0 245 2.79937e-06
2.52309 1.4382 0 245 2.71531e-06
2.52384 1.4382 0 245 2.63594e-06
2.52459 1.4382 0 245 2.56128e-06
2.52534 1.4382 0 245 2.49142e-06
2.52609 1.4382 0 245 2.4265e-06
2.52684 1.4382 0 245 2.36676e-06
2.52759 1.4382 0 245 2.31244e-06
2.52834 1.4382 0 245 2.26382e-06
2.52909 1.4382 0 245 2.22114e-06
2.52984 1.4382 0 245 2.18458e-06
2.53059 1.4382 0 245 2.15418e-06
2.53134 1.4382 0 245 2.12982e-06
2.53209 1.4382 0 245 2.11114e-06
2.53284 1.4382 0 245 2.09772e-06
2.53359 1.4382 0 245 2.08881e-06
2.53434 1.4382 0 245 2.08366e-06
2.53509 1.4382 0 245 2.08135e-06
2.53584 1.4382 0 245 2.08114e-06
2.53659 1.4382 0 245 2.08228e-06
2.53734 1.4382 0 245 2.08426e-06
2.53809 1.4382 0 245 2.08657e-06
2.53884 1.4382 0 245 2.08894e-06
2.53959 1.4382 0 245 2.09115e-06
2.54034 1.4382 0 245 2.09308e-06
2.54109 1.4382 0 245 2.09457e-06
2.54184 1.4382 0 245 2.09552e-06
2.54259 1.4382 0 245 2.09566e-06
2.54334 1.4382 0 245 2.09466e-06
2.54409 1.4382 0 245 2.09215e-06
2.54484 1.4382 0 245 2.08759e-06
2.54559 1.4382 0 245 2.08043e-06
2.54634 1.4382 0 245 2.07008e-06
2.54709 1.4382 0 245 2.05602e-06
2.54784 1.4382 0 245 2.0378e-06
2.54859 1.4382 0 245 2.01513e-06
2.54934 1.4382 0 245 1.98789e-06
2.55009 1.4382 0 245 1.95618e-06
2.55084 1.4382 0 245 1.92029e-06
2.55159 1.4382 0 245 1.8807e-06
2.55234 1.4382 0 245 1.83802e-06
2.55309 1.4382 0 245 1.79292e-06
2.55384 1.4382 0 245 1.74613e-06
2.55459 1.4382 0 245 1.69836e-06
2.55534 1.4382 0 245 1.65023e-06
2.55609 1.4382 0 245 1.60232e-06
2.55684 1.4382 0 245 1.55512e-06
2.55759 1.4382 0 245 1.50897e-06
2.55834 1.4382 0 245 1.46421e-06
2.55909 1.4382 0 245 1.42103e-06
2.55984 1.4382 0 245 1.37955e-06
2.56059 1.4382 0 245 1.33987e-06
2.56134 1.4382 0 245 1.30201e-06
2.56209 1.4382 0 245 1.26598e-06
2.56284 1.4382 0 245 1.23171e-06
2.56359 1.4382 0 245 1.19918e-06
2.56434 1.4382 0 245 1.1683e-06
2.56509 1.4382 0 245 1.139e-06
2.56584 1.4382 0 245 1.11121e-06
2.56659 1.4382 0 245 1.08484e-06
2.56734 1.4382 0 245 1.0598e-06
2.56809 1.4382 0 245 1.03602e-06
2.56884 1.4382 0 245 1.01343e-06
2.56959 1.4382 0 245 9.91951e-07
2.57035 1.4382 0 245 9.71479e-07
2.5711 1.4382 0 245 9.5197e-07
2.57185 1.4382 0 245 9.33383e-07
2.5726 1.4382 0 245 9.15645e-07
2.57335 1.4382 0 245 8.98702e-07
2.5741 1.4382 0 245 8.82502e-07
2.57485 1.4382 0 245 8.67e-07
2.5756 1.4382 0 245 8.52153e-07
2.57635 1.4382 0 245 8.37921e-07
2.5771 1.4382 0 245 8.24266e-07
2.57785 1.4382 0 245 8.11153e-07
2.5786 1.4382 0 245 7.98553e-07
2.57935 1.4382 0 245 7.86433e-07
2.5801 1.4382 0 245 7.74768e-07
2.58085 1.4382 0 245 7.63531e-07
2.5816 1.4382 0 245 7.52699e-07
2.58235 1.4382 0 245 7.42235e-07
2.5831 1.4382 0 245 7.32147e-07
2.58385 1.4382 0 245 7.22395e-07
2.5846 1.4382 0 245 7.12974e-07
2.58535 1.4382 0 245 7.03861e-07
2.5861 1.4382 0 245 6.95039e-07
2.58685 1.4382 0 245 6.86493e-07
2.5876 1.4382 0 245 6.78197e-07
2.58835 1.4382 0 245 6.7016e-07
2.5891 1.4382 0 245 6.62295e-07
2.58985 1.4382 0 245 6.54715e-07
2.5906 1.4382 0 245 6.47345e-07
2.59135 1.4382 0 245 6.40173e-07
2.5921 1.4382 0 245 6.3319e-07
2.59285 1.4382 0 245 6.26383e-07
2.5936 1.4382 0 245 6.19739e-07
2.59435 1.4382 0 245 6.13257e-07
2.5951 1.4382 0 245 6.06931e-07
2.59585 1.4382 0 245 6.00741e-07
2.5966 1.4382 0 245 5.94679e-07
2.59735 1.4382 0 245 5.88741e-07
2.5981 1.4382 0 245 5.82919e-07
2.59885 1.4382 0 245 5.77207e-07
2.5996 1.4382 0 245 5.71597e-07
2.60035 1.4382 0 245 5.66083e-07
2.6011 1.4382 0 245 5.60657e-07
2.60185 1.4382 0 245 5.55312e-07
2.6026 1.4382 0 245 5.50019e-07
2.60335 1.4382 0 245 5.44814e-07
2.6041 1.4382 0 245 5.39669e-07
2.60485 1.4382 0 245 5.34562e-07
2.6056 1.4382 0 245 5.29509e-07
2.60635 1.4382 0 245 5.2449e-07
2.6071 1.4382 0 245 5.19494e-07
2.60785 1.4382 0 245 5.14506e-07
2.6086 1.4382 0 245 5.09527e-07
2.60935 1.4382 0 245 5.04519e-07
2.6101 1.4382 0 245 4.99514e-07
2.61085 1.4382 0 245 4.94478e-07
2.6116 1.4382 0 245 4.89396e-07
2.61235 1.4382 0 245 4.84254e-07
2.6131 1.4382 0 245 4.79037e-07
2.61385 1.4382 0 245 4.73727e-07
2.6146 1.4382 0 245 4.68305e-07
2.61535 1.4382 0 245 4.6275e-07
2.6161 1.4382 0 245 4.5704e-07
2.61685 1.4382 0 245 4.51149e-07
2.6176 1.4382 0 245 4.4505e-07
2.61835 1.4382 0 245 4.38637e-07
2.6191 1.4382 0 245 4.32018e-07
2.61985 1.4382 0 245 4.25084e-07
2.6206 1.4382 0 245 4.17792e-07
2.62135 1.4382 0 245 4.10092e-07
2.6221 1.4382 0 245 4.0192e-07
2.62285 1.4382 0 245 3.93229e-07
2.6236 1.4382 0 245 3.83943e-07
2.62435 1.4382 0 245 3.73959e-07
2.6251 1.4382 0 245 3.63235e-07
2.62585 1.4382 0 245 3.51652e-07
2.6266 1.4382 0 245 3.3911e-07
2.62735 1.4382 0 245 3.25488e-07
2.6281 1.4382 0 245 3.1067e-07
2.62885 1.4382 0 245 2.9453e-07
2.6296 1.4382 0 245 2.76897e-07
2.63036 1.4382 0 245 2.57727e-07
2.63111 1.4382 0 245 2.36858e-07
2.63186 1.4382 0 245 2.14157e-07
2.63261 1.4382 0 245 1.89517e-07
2.63336 1.4382 0 245 1.62837e-07
2.63411 1.4382 0 245 1.34024e-07
2.63486 1.4382 0 245 1.02992e-07
2.63561 1.4382 0 245 6.96801e-08
2.63636 1.4382 0 245 3.40169e-08
2.63711 1.4382 0 245 -4.06336e-09
2.63786 1.4382 0 245 -4.46312e-08
2.63861 1.4382 0 245 -8.77687e-08
2.63936 1.4382 0 245 -1.33574e-07
2.64011 1.4382 0 245 -1.82313e-07
2.64086 1.4382 0 245 -2.33821e-07
2.64161 1.4382 0 245 -2.88363e-07
2.64236 1.4382 0 245 -3.46039e-07
2.64311 1.4382 0 245 -4.06928e-07
2.64386 1.4382 0 245 -4.70849e-07
2.64461 1.4382 0 245 -5.37589e-07
2.64536 1.4382 0 245 -6.06641e-07
2.64611 1.4382 0 245 -6.77183e-07
2.64686 1.4382 0 245 -7.48005e-07
2.64761 1.4382 0 245 -8.17451e-07
2.64836 1.4382 0 245 -8.83391e-07
2.64911 1.4382 0 245 -9.43089e-07
2.64986 1.4382 0 245 -9.93422e-07
2.65061 1.4382 0 245 -1.03075e-06
2.65136 1.4382 0 245 -1.05121e-06
2.65211 1.4382 0 245 -1.05081e-06
2.65286 1.4382 0 245 -1.02583e-06
2.65361 1.4382 0 245 -9.73157e-07
2.65436 1.4382 0 245 -8.90901e-07
2.65511 1.4382 0 245 -7.77915e-07
2.65586 1.4382 0 245 -6.35382e-07
2.65661 1.4382 0 245 -4.66071e-07
2.65736 1.4382 0 245 -2.74466e-07
2.65811 1.4382 0 245 -6.64595e-08
2.65886 1.4382 0 245 1.51154e-07
2.65961 1.4382 0 245 3.71296e-07
2.66036 1.4382 0 245 5.87204e-07
2.66111 1.4382 0 245 7.93021e-07
2.66186 1.4382 0 245 9.84155e-07
2.66261 1.4382 0 245 1.15746e-06
2.66336 1.4382 0 245 1.31132e-06
2.66411 1.4382 0 245 1.44536e-06
2.66486 1.4382 0 245 1.56034e-06
2.66561 1.4382 0 245 1.65784e-06
2.66636 1.4382 0 245 1.73996e-06
2.66711 1.4382 0 245 1.80908e-06
2.66786 1.4382 0 245 1.86768e-06
2.66861 1.4382 0 245 1.91815e-06
2.66936 1.4382 0 245 1.96274e-06
2.67011 1.4382 0 245 2.00345e-06
2.67086 1.4382 0 245 2.04203e-06
2.67161 1.4382 0 245 2.11086e-06
2.67236 1.4382 0 245 2.14802e-06
2.67311 1.4382 0 245 2.18667e-06
2.67386 1.4382 0 245 2.22726e-06
2.67461 1.4382 0 245 2.27033e-06
2.67536 1.4382 0 245 2.31597e-06
2.67611 1.4382 0 245 2.36406e-06
2.67686 1.4382 0 245 2.41421e-06
2.67761 1.4382 0 245 2.46569e-06
2.67836 1.4382 0 245 2.51759e-06
2.67911 1.4382 0 245 2.5687e-06
2.67986 1.4382 0 245 2.6176e-06
2.68061 1.4382 0 245 2.66292e-06
2.68136 1.4382 0 245 2.70252e-06
2.68211 1.4382 0 245 2.73503e-06
2.68286 1.4382 0 245 2.75866e-06
2.68361 1.4382 0 245 2.77221e-06
2.68436 1.4382 0 245 2.77449e-06
2.68511 1.4382 0 245 2.76496e-06
2.68586 1.4382 0 245 2.74342e-06
2.68661 1.4382 0 245 2.71021e-06
2.68736 1.4382 0 245 2.66608e-06
2.68811 1.4382 0 245 2.61215e-06
2.68886 1.4382 0 245 2.54985e-06
2.68961 1.4382 0 245 2.48072e-06
2.69037 1.4382 0 245 2.4064e-06
2.69112 1.4382 0 245 2.32848e-06
2.69187 1.4382 0 245 2.24843e-06
2.69262 1.4382 0 245 2.16758e-06
2.69337 1.4382 0 245 2.08706e-06
2.69412 1.4382 0 245 2.0078e-06
2.69487 1.4382 0 245 1.93055e-06
2.69562 1.4382 0 245 1.85588e-06
2.69637 1.4382 0 245 1.78419e-06
2.69712 1.4382 0 245 1.71575e-06
2.69787 1.4382 0 245 1.65074e-06
2.69862 1.4382 0 245 1.58921e-06
2.69937 1.4382 0 245 1.53115e-06
2.70012 1.4382 0 245 1.47654e-06
2.70087 1.4382 0 245 1.42526e-06
2.70162 1.4382 0 245 1.37721e-06
2.70237 1.4382 0 245 1.33223e-06
2.70312 1.4382 0 245 1.29019e-06
2.70387 1.4382 0 245 1.25093e-06
2.70462 1.4382 0 245 1.21429e-06
2.70537 1.4382 0 245 1.18012e-06
2.70612 1.4382 0 245 1.14829e-06
2.70687 1.4382 0 245 1.11861e-06
2.70762 1.4382 0 245 1.09096e-06
2.70837 1.4382 0 245 1.06526e-06
2.70912 1.4382 0 245 1.0413e-06
2.70987 1.4382 0 245 1.01902e-06
2.71062 1.4382 0 245 9.98303e-07
2.71137 1.4382 0 245 9.79048e-07
2.71212 1.4382 0 245 9.61167e-07
2.71287 1.4382 0 245 9.44592e-07
2.71362 1.4382 0 245 9.29205e-07
2.71437 1.4382 0 245 9.14954e-07
2.71512 1.4382 0 245 9.01773e-07
2.71587 1.4382 0 245 8.89598e-07
2.71662 1.4382 0 245 8.78373e-07
2.71737 1.4382 0 245 8.68046e-07
2.71812 1.4382 0 245 8.58567e-07
2.71887 1.4382 0 245 8.49894e-07
2.71962 1.4382 0 245 8.41989e-07
2.72037 1.4382 0 245 8.34807e-07
2.72112 1.4382 0 245 8.28319e-07
2.72187 1.4382 0 245 8.22494e-07
2.72262 1.4382 0 245 8.17302e-07
2.72337 1.4382 0 245 8.12718e-07
2.72412 1.4382 0 245 8.0872e-07
2.72487 1.4382 0 245 8.05284e-07
2.72562 1.4382 0 245 8.02392e-07
2.72637 1.4382 0 245 8.00027e-07
2.72712 1.4382 0 245 7.98173e-07
2.72787 1.4382 0 245 7.96816e-07
2.72862 1.4382 0 245 7.95944e-07
2.72937 1.4382 0 245 7.95546e-07
2.73012 1.4382 0 245 7.95613e-07
2.73087 1.4382 0 245 7.96137e-07
2.73162 1.4382 0 245 7.97116e-07
2.73237 1.4382 0 245 7.98535e-07
2.73312 1.4382 0 245 8.00395e-07
2.73387 1.4382 0 245 8.02693e-07
2.73462 1.4382 0 245 8.05428e-07
2.73537 1.4382 0 245 8.08597e-07
2.73612 1.4382 0 245 8.12203e-07
2.73687 1.4382 0 245 8.16246e-07
2.73762 1.4382 0 245 8.20729e-07
2.73837 1.4382 0 245 8.25657e-07
2.73912 1.4382 0 245 8.31033e-07
2.73987 1.4382 0 245 8.36865e-07
2.74062 1.4382 0 245 8.43158e-07
2.74137 1.4382 0 245 8.49923e-07
2.74212 1.4382 0 245 8.57168e-07
2.74287 1.4382 0 245 8.64903e-07
2.74362 1.4382 0 245 8.73141e-07
2.74437 1.4382 0 245 8.81896e-07
2.74512 1.4382 0 245 8.91182e-07
2.74587 1.4382 0 245 9.01015e-07
2.74662 1.4382 0 245 9.11414e-07
2.74737 1.4382 0 245 9.224e-07
2.74812 1.4382 0 245 9.3399e-07
2.74887 1.4382 0 245 9.46207e-07
2.74962 1.4382 0 245 9.59078e-07
2.75038 1.4382 0 245 9.72629e-07
2.75113 1.4382 0 245 9.86889e-07
2.75188 1.4382 0 245 1.00189e-06
2.75263 1.4382 0 245 1.01766e-06
2.75338 1.4382 0 245 1.03425e-06
2.75413 1.4382 0 245 1.05168e-06
2.75488 1.4382 0 245 1.07e-06
2.75563 1.4382 0 245 1.08926e-06
2.75638 1.4382 0 245 1.10951e-06
2.75713 1.4382 0 245 1.13079e-06
2.75788 1.4382 0 245 1.15316e-06
2.75863 1.4382 0 245 1.17668e-06
2.75938 1.4382 0 245 1.20142e-06
2.76013 1.4382 0 245 1.22744e-06
2.76088 1.4382 0 245 1.25481e-06
2.76163 1.4382 0 245 1.28362e-06
2.76238 1.4382 0 245 1.31393e-06
2.76313 1.4382 0 245 1.34584e-06
2.76388 1.4382 0 245 1.37944e-06
2.76463 1.4382 0 245 1.41481e-06
2.76538 1.4382 0 245 1.45206e-06
2.76613 1.4382 0 245 1.49129e-06
2.76688 1.4382 0 245 1.53258e-06
2.76763 1.4382 0 245 1.57605e-06
2.76838 1.4382 0 245 1.62178e-06
2.76913 1.4382 0 245 1.66987e-06
2.76988 1.4382 0 245 1.7204e-06
2.77063 1.4382 0 245 1.77345e-06
2.77138 1.4382 0 245 1.82905e-06
2.77213 1.4382 0 245 1.88725e-06
2.77288 1.4382 0 245 1.94805e-06
2.77363 1.4382 0 245 2.01144e-06
2.77438 1.4382 0 245 2.07734e-06
2.77513 1.4382 0 245 2.14566e-06
2.77588 1.4382 0 245 2.21628e-06
2.77663 1.4382 0 245 2.28903e-06
2.77738 1.4382 0 245 2.36372e-06
2.77813 1.4382 0 245 2.44016e-06
2.77888 1.4382 0 245 2.51815e-06
2.77963 1.4382 0 245 2.59756e-06
2.78038 1.4382 0 245 2.67829e-06
2.78113 1.4382 0 245 2.76032e-06
2.78188 1.4382 0 245 2.84377e-06
2.78263 1.4382 0 245 2.92886e-06
2.78338 1.4382 0 245 3.01594e-06
2.78413 1.4382 0 245 3.10554e-06
2.78488 1.4382 0 245 3.19828e-06
2.78563 1.4382 0 245 3.29489e-06
2.78638 1.4382 0 245 3.39617e-06
2.78713 1.4382 0 245 3.50299e-06
2.78788 1.4382 0 245 3.61629e-06
2.78863 1.4382 0 245 3.73695e-06
2.78938 1.4382 0 245 3.86588e-06
2.79013 1.4382 0 245 4.00397e-06
2.79088 1.4382 0 245 4.152e-06
2.79163 1.4382 0 245 4.31085e-06
2.79238 1.4382 0 245 4.4812e-06
2.79313 1.4382 0 245 4.6639e-06
2.79388 1.4382 0 245 4.8591e-06
2.79463 1.4382 0 245 5.06745e-06
2.79538 1.4382 0 245 5.28922e-06
2.79613 1.4382 0 245 5.52454e-06
2.79688 1.4382 0 245 5.77325e-06
2.79763 1.4382 0 245 6.03494e-06
2.79838 1.4382 0 245 6.30883e-06
2.79913 1.4382 0 245 6.5937e-06
2.79988 1.4382 0 245 6.88787e-06
2.80063 1.4382 0 245 7.18907e-06
2.80138 1.4382 0 245 7.49441e-06
2.80213 1.4382 0 245 7.80033e-06
2.80288 1.4382 0 245 8.10262e-06
2.80363 1.4382 0 245 8.39646e-06
2.80438 1.4382 0 245 8.67655e-06
2.80513 1.4382 0 245 8.93726e-06
2.80588 1.4382 0 245 9.17287e-06
2.80663 1.4382 0 245 9.37792e-06
2.80738 1.4382 0 245 9.54752e-06
2.80813 1.4382 0 245 9.67771e-06
2.80888 1.4382 0 245 9.76576e-06
2.80963 1.4382 0 245 9.8104e-06
2.81039 1.4382 0 245 9.81194e-06
2.81114 1.4382 0 245 9.77224e-06
2.81189 1.4382 0 245 9.69461e-06
2.81264 1.4382 0 245 9.58349e-06
2.81339 1.4382 0 245 9.44424e-06
2.81414 1.4382 0 245 9.28245e-06
2.81489 1.4382 0 245 9.10408e-06
2.81564 1.4382 0 245 8.91479e-06
2.81639 1.4382 0 245 8.71976e-06
2.81714 1.4382 0 245 8.52357e-06
2.81789 1.4382 0 245 8.32998e-06
2.81864 1.4382 0 245 8.14191e-06
2.81939 1.4382 0 245 7.96146e-06
2.82014 1.4382 0 245 7.78981e-06
2.82089 1.4382 0 245 7.62741e-06
2.82164 1.4382 0 245 7.47394e-06
2.82239 1.4382 0 245 7.32848e-06
2.82314 1.4382 0 245 7.18954e-06
2.82389 1.4382 0 245 7.05527e-06
2.82464 1.4382 0 245 6.92347e-06
2.82539 1.4382 0 245 6.79193e-06
2.82614 1.4382 0 245 6.65856e-06
2.82689 1.4382 0 245 6.52117e-06
2.82764 1.4382 0 245 6.37825e-06
2.82839 1.4382 0 245 6.22871e-06
2.82914 1.4382 0 245 6.07189e-06
2.82989 1.4382 0 245 5.90779e-06
2.83064 1.4382 0 245 5.7369e-06
2.83139 1.4382 0 245 5.56016e-06
2.83214 1.4382 0 245 5.37885e-06
2.83289 1.4382 0 245 5.1945e-06
2.83364 1.4382 0 245 5.0087e-06
2.83439 1.4382 0 245 4.82309e-06
2.83514 1.4382 0 245 4.63918e-06
2.83589 1.4382 0 245 4.45832e-06
2.83664 1.4382 0 245 4.2817e-06
2.83739 1.4382 0 245 4.11027e-06
2.83814 1.4382 0 245 3.94477e-06
2.83889 1.4382 0 245 3.78574e-06
2.83964 1.4382 0 245 3.63353e-06
2.84039 1.4382 0 245 3.48835e-06
2.84114 1.4382 0 245 3.35026e-06
2.84189 1.4382 0 245 3.21926e-06
2.84264 1.4382 0 245 3.0951e-06
2.84339 1.4382 0 245 2.97766e-06
2.84414 1.4382 0 245 2.86668e-06
2.84489 1.4382 0 245 2.76188e-06
2.84564 1.4382 0 245 2.66295e-06
2.84639 1.4382 0 245 2.56958e-06
2.84714 1.4382 0 245 2.48143e-06
2.84789 1.4382 0 245 2.39823e-06
2.84864 1.4382 0 245 2.3196e-06
2.84939 1.4382 0 245 2.24524e-06
2.85014 1.4382 0 245 2.17488e-06
2.85089 1.4382 0 245 2.10824e-06
2.85164 1.4382 0 245 2.04509e-06
2.85239 1.4382 0 245 1.98521e-06
2.85314 1.4382 0 245 1.92836e-06
2.85389 1.4382 0 245 1.87449e-06
2.85464 1.4382 0 245 1.82344e-06
2.85539 1.4382 0 245 1.77511e-06
2.85614 1.4382 0 245 1.72942e-06
2.85689 1.4382 0 245 1.68633e-06
2.85764 1.4382 0 245 1.64576e-06
2.85839 1.4382 0 245 1.60765e-06
2.85914 1.4382 0 245 1.57189e-06
2.85989 1.4382 0 245 1.53837e-06
2.86064 1.4382 0 245 1.50691e-06
2.86139 1.4382 0 245 1.47731e-06
2.86214 1.4382 0 245 1.44937e-06
2.86289 1.4382 0 245 1.42292e-06
2.86364 1.4382 0 245 1.39755e-06
2.86439 1.4382 0 245 1.37312e-06
2.86514 1.4382 0 245 1.34947e-06
2.86589 1.4382 0 245 1.32646e-06
2.86664 1.4382 0 245 1.30395e-06
2.86739 1.4382 0 245 1.28186e-06
2.86814 1.4382 0 245 1.26012e-06
2.86889 1.4382 0 245 1.23871e-06
2.86964 1.4382 0 245 1.21758e-06
2.8704 1.4382 0 245 1.19673e-06
2.87115 1.4382 0 245 1.17614e-06
2.8719 1.4382 0 245 1.15581e-06
2.87265 1.4382 0 245 1.13571e-06
2.8734 1.4382 0 245 1.11584e-06
2.87415 1.4382 0 245 1.09615e-06
2.8749 1.4382 0 245 1.0766e-06
2.87565 1.4382 0 245 1.05716e-06
2.8764 1.4382 0 245 1.03776e-06
2.87715 1.4382 0 245 1.01836e-06
2.8779 1.4382 0 245 9.98887e-07
2.87865 1.4382 0 245 9.79252e-07
2.8794 1.4382 0 245 9.59394e-07
2.88015 1.4382 0 245 9.39235e-07
2.8809 1.4382 0 245 9.18654e-07
2.88165 1.4382 0 245 8.97575e-07
2.8824 1.4382 0 245 8.75903e-07
2.88315 1.4382 0 245 8.53555e-07
2.8839 1.4382 0 245 8.30442e-07
2.88465 1.4382 0 245 8.0649e-07
2.8854 1.4382 0 245 7.81638e-07
2.88615 1.4382 0 245 7.55847e-07
2.8869 1.4382 0 245 7.29056e-07
2.88765 1.4382 0 245 7.01385e-07
2.8884 1.4382 0 245 6.72879e-07
2.88915 1.4382 0 245 6.43688e-07
2.8899 1.4382 0 245 6.14038e-07
2.89065 1.4382 0 245 5.84254e-07
2.8914 1.4382 0 245 5.5477e-07
2.89215 1.4382 0 245 5.2614e-07
2.8929 1.4382 0 245 4.99023e-07
2.89365 1.4382 0 245 4.74278e-07
2.8944 1.4382 0 245 4.52802e-07
2.89515 1.4382 0 245 4.35598e-07
2.8959 1.4382 0 245 4.23706e-07
2.89665 1.4382 0 245 4.18137e-07
2.8974 1.4382 0 245 4.19794e-07
2.89815 1.4382 0 245 4.2938e-07
2.8989 1.4382 0 245 4.47315e-07
2.89965 1.4382 0 245 4.7366e-07
2.9004 1.4382 0 245 5.07901e-07
2.90115 1.4382 0 245 5.49637e-07
2.9019 1.4382 0 245 5.97605e-07
2.90265 1.4382 0 245 6.50403e-07
2.9034 1.4382 0 245 7.0648e-07
2.90415 1.4382 0 245 7.64074e-07
2.9049 1.4382 0 245 8.22087e-07
2.90565 1.4382 0 245 8.79029e-07
2.9064 1.4382 0 245 9.33892e-07
2.90715 1.4382 0 245 9.85977e-07
2.9079 1.4382 0 245 1.03489e-06
2.90865 1.4382 0 245 1.0805e-06
2.9094 1.4382 0 245 1.12287e-06
2.91015 1.4382 0 245 1.16228e-06
2.9109 1.4382 0 245 1.19901e-06
2.91165 1.4382 0 245 1.2334e-06
2.9124 1.4382 0 245 1.26576e-06
2.91315 1.4382 0 245 1.29636e-06
2.9139 1.4382 0 245 1.32545e-06
2.91465 1.4382 0 245 1.3532e-06
2.9154 1.4382 0 245 1.37976e-06
2.91615 1.4382 0 245 1.40526e-06
2.9169 1.4382 0 245 1.42983e-06
2.91765 1.4382 0 245 1.4536e-06
2.9184 1.4382 0 245 1.47672e-06
2.91915 1.4382 0 245 1.49934e-06
2.9199 1.4382 0 245 1.52164e-06
2.92065 1.4382 0 245 1.54382e-06
2.9214 1.4382 0 245 1.56606e-06
2.92215 1.4382 0 245 1.58856e-06
2.9229 1.4382 0 245 1.61152e-06
2.92365 1.4382 0 245 1.6351e-06
2.9244 1.4382 0 245 1.6595e-06
2.92515 1.4382 0 245 1.68488e-06
2.9259 1.4382 0 245 1.71138e-06
2.92665 1.4382 0 245 1.73915e-06
2.9274 1.4382 0 245 1.76832e-06
2.92815 1.4382 0 245 1.79902e-06
2.9289 1.4382 0 245 1.83136e-06
2.92965 1.4382 0 245 1.86546e-06
2.93041 1.4382 0 245 1.90146e-06
2.93116 1.4382 0 245 1.93942e-06
2.93191 1.4382 0 245 1.97947e-06
2.93266 1.4382 0 245 2.02172e-06
2.93341 1.4382 0 245 2.06631e-06
2.93416 1.4382 0 245 2.11334e-06
2.93491 1.4382 0 245 2.16295e-06
2.93566 1.4382 0 245 2.21527e-06
2.93641 1.4382 0 245 2.27046e-06
2.93716 1.4382 0 245 2.32866e-06
2.93791 1.4382 0 245 2.39004e-06
2.93866 1.4382 0 245 2.45478e-06
2.93941 1.4382 0 245 2.52307e-06
2.94016 1.4382 0 245 2.59512e-06
2.94091 1.4382 0 245 2.67115e-06
2.94166 1.4382 0 245 2.7514e-06
2.94241 1.4382 0 245 2.83614e-06
2.94316 1.4382 0 245 2.92563e-06
2.94391 1.4382 0 245 3.02019e-06
2.94466 1.4382 0 245 3.12014e-06
2.94541 1.4382 0 245 3.22583e-06
2.94616 1.4382 0 245 3.33765e-06
2.94691 1.4382 0 245 3.456e-06
2.94766 1.4382 0 245 3.58134e-06
2.94841 1.4382 0 245 3.71415e-06
2.94916 1.4382 0 245 3.85493e-06
2.94991 1.4382 0 245 4.00426e-06
2.95066 1.4382 0 245 4.16274e-06
2.95141 1.4382 0 245 4.33102e-06
2.95216 1.4382 0 245 4.50981e-06
2.95291 1.4382 0 245 4.69985e-06
2.95366 1.4382 0 245 4.90197e-06
2.95441 1.4382 0 245 5.11702e-06
2.95516 1.4382 0 245 5.34593e-06
2.95591 1.4382 0 245 5.58968e-06
2.95666 1.4382 0 245 5.84932e-06
2.95741 1.4382 0 245 6.12595e-06
2.95816 1.4382 0 245 6.4207e-06
2.95891 1.4382 0 245 6.73479e-06
2.95966 1.4382 0 245 7.06941e-06
2.96041 1.4382 0 245 7.42582e-06
2.96116 1.4382 0 245 7.80522e-06
2.96191 1.4382 0 245 8.20881e-06
2.96266 1.4382 0 245 8.63766e-06
2.96341 1.4382 0 245 9.09271e-06
2.96416 1.4382 0 245 9.57473e-06
2.96491 1.4382 0 245 1.00842e-05
2.96566 1.4382 0 245 1.06211e-05
2.96641 1.4382 0 245 1.11849e-05
2.96716 1.4382 0 245 1.17746e-05
2.96791 1.4382 0 245 1.23881e-05
2.96866 1.4382 0 245 1.30225e-05
2.96941 1.4382 0 245 1.36735e-05
2.97016 1.4382 0 245 1.43357e-05
2.97091 1.4382 0 245 1.5002e-05
2.97166 1.4382 0 245 1.56638e-05
2.97241 1.4382 0 245 1.6311e-05
2.97316 1.4382 0 245 1.69318e-05
2.97391 1.4382 0 245 1.75135e-05
2.97466 1.4382 0 245 1.80424e-05
2.97541 1.4382 0 245 1.85049e-05
2.97616 1.4382 0 245 1.88878e-05
2.97691 1.4382 0 245 1.91794e-05
2.97766 1.4382 0 245 1.93702e-05
2.97841 1.4382 0 245 1.94537e-05
2.97916 1.4382 0 245 1.94269e-05
2.97991 1.4382 0 245 1.92905e-05
2.98066 1.4382 0 245 1.90492e-05
2.98141 1.4382 0 245 1.87105e-05
2.98216 1.4382 0 245 1.82852e-05
2.98291 1.4382 0 245 1.77855e-05
2.98366 1.4382 0 245 1.72252e-05
2.98441 1.4382 0 245 1.66179e-05
2.98516 1.4382 0 245 1.59771e-05
2.98591 1.4382 0 245 1.53153e-05
2.98666 1.4382 0 245 1.46436e-05
2.98741 1.4382 0 245 1.39717e-05
2.98816 1.4382 0 245 1.33074e-05
2.98891 1.4382 0 245 1.26573e-05
2.98966 1.4382 0 245 1.20262e-05
2.99042 1.4382 0 245 1.1418e-05
2.99117 1.4382 0 245 1.08351e-05
2.99192 1.4382 0 245 1.02791e-05
2.99267 1.4382 0 245 9.7508e-06
2.99342 1.4382 0 245 9.25048e-06
2.99417 1.4382 0 245 8.77785e-06
2.99492 1.4382 0 245 8.33233e-06
2.99567 1.4382 0 245 7.91303e-06
2.99642 1.4382 0 245 7.51891e-06
2.99717 1.4382 0 245 7.14882e-06
2.99792 1.4382 0 245 6.80151e-06
2.99867 1.4382 0 245 6.47574e-06
2.99942 1.4382 0 245 6.17025e-06
3.00017 1.4382 0 245 5.88382e-06
3.00092 1.4382 0 245 5.61523e-06
3.00167 1.4382 0 245 5.36335e-06
3.00242 1.4382 0 245 5.12709e-06
3.00317 1.4382 0 245 4.90541e-06
3.00392 1.4382 0 245 4.69732e-06
3.00467 1.4382 0 245 4.50195e-06
3.00542 1.4382 0 245 4.31841e-06
3.00617 1.4382 0 245 4.14591e-06
3.00692 1.4382 0 245 3.9837e-06
3.00767 1.4382 0 245 3.83108e-06
3.00842 1.4382 0 245 3.68739e-06
3.00917 1.4382 0 245 3.55203e-06
3.00992 1.4382 0 245 3.42443e-06
3.01067 1.4382 0 245 3.30403e-06
3.01142 1.4382 0 245 3.19036e-06
3.01217 1.4382 0 245 3.08293e-06
3.01292 1.4382 0 245 2.98129e-06
3.01367 1.4382 0 245 2.88502e-06
3.01442 1.4382 0 245 2.79374e-06
3.01517 1.4382 0 245 2.70705e-06
3.01592 1.4382 0 245 2.62463e-06
3.01667 1.4382 0 245 2.54614e-06
3.01742 1.4382 0 245 2.47128e-06
3.01817 1.4382 0 245 2.39978e-06
3.01892 1.4382 0 245 2.3314e-06
3.01967 1.4382 0 245 2.26592e-06
3.02042 1.4382 0 245 2.20314e-06
3.02117 1.4382 0 245 2.14289e-06
3.02192 1.4382 0 245 2.08505e-06
3.02267 1.4382 0 245 2.02948e-06
3.02342 1.4382 0 245 1.97608e-06
3.02417 1.4382 0 245 1.92475e-06
3.02492 1.4382 0 245 1.87545e-06
3.02567 1.4382 0 245 1.82809e-06
3.02642 1.4382 0 245 1.78261e-06
3.02717 1.4382 0 245 1.73896e-06
3.02792 1.4382 0 245 1.69709e-06
3.02867 1.4382 0 245 1.65693e-06
3.02942 1.4382 0 245 1.61843e-06
3.03017 1.4382 0 245 1.58156e-06
3.03092 1.4382 0 245 1.54626e-06
3.03167 1.4382 0 245 1.51247e-06
3.03242 1.4382 0 245 1.48015e-06
3.03317 1.4382 0 245 1.44924e-06
3.03392 1.4382 0 245 1.4197e-06
3.03467 1.4382 0 245 1.39148e-06
3.03542 1.4382 0 245 1.36454e-06
3.03617 1.4382 0 245 1.33884e-06
3.03692 1.4382 0 245 1.31432e-06
3.03767 1.4382 0 245 1.29096e-06
3.03842 1.4382 0 245 1.26872e-06
3.03917 1.4382 0 245 1.24756e-06
3.03992 1.4382 0 245 1.22745e-06
3.04067 1.4382 0 245 1.20836e-06
3.04142 1.4382 0 245 1.19027e-06
3.04217 1.4382 0 245 1.17316e-06
3.04292 1.4382 0 245 1.15701e-06
3.04367 1.4382 0 245 1.14179e-06
3.04442 1.4382 0 245 1.12749e-06
3.04517 1.4382 0 245 1.11409e-06
3.04592 1.4382 0 245 1.10159e-06
3.04667 1.4382 0 245 1.08998e-06
3.04742 1.4382 0 245 1.07925e-06
3.04817 1.4382 0 245 1.0694e-06
3.04892 1.4382 0 245 1.06042e-06
3.04967 1.4382 0 245 1.05233e-06
3.05043 1.4382 0 245 1.04512e-06
3.05118 1.4382 0 245 1.0388e-06
3.05193 1.4382 0 245 1.03338e-06
3.05268 1.4382 0 245 1.02887e-06
3.05343 1.4382 0 245 1.02527e-06
3.05418 1.4382 0 245 1.02261e-06
3.05493 1.4382 0 245 1.02089e-06
3.05568 1.4382 0 245 1.02013e-06
3.05643 1.4382 0 245 1.02034e-06
3.05718 1.4382 0 245 1.02153e-06
3.05793 1.4382 0 245 1.02371e-06
3.05868 1.4382 0 245 1.02687e-06
3.05943 1.4382 0 245 1.03102e-06
3.06018 1.4382 0 245 1.03615e-06
3.06093 1.4382 0 245 1.04224e-06
3.06168 1.4382 0 245 1.04925e-06
3.06243 1.4382 0 245 1.05713e-06
3.06318 1.4382 0 245 1.0658e-06
3.06393 1.4382 0 245 1.07517e-06
3.06468 1.4382 0 245 1.08513e-06
3.06543 1.4382 0 245 1.09551e-06
3.06618 1.4382 0 245 1.10615e-06
3.06693 1.4382 0 245 1.11682e-06
3.06768 1.4382 0 245 1.12729e-06
3.06843 1.4382 0 245 1.13727e-06
3.06918 1.4382 0 245 1.14649e-06
3.06993 1.4382 0 245 1.15462e-06
3.07068 1.4382 0 245 1.16137e-06
3.07143 1.4382 0 245 1.16644e-06
3.07218 1.4382 0 245 1.16955e-06
3.07293 1.4382 0 245 1.17048e-06
3.07368 1.4382 0 245 1.16904e-06
3.07443 1.4382 0 245 1.16515e-06
3.07518 1.4382 0 245 1.15876e-06
3.07593 1.4382 0 245 1.14992e-06
3.07668 1.4382 0 245 1.13874e-06
3.07743 1.4382 0 245 1.12541e-06
3.07818 1.4382 0 245 1.11014e-06
3.07893 1.4382 0 245 1.09322e-06
3.07968 1.4382 0 245 1.07493e-06
3.08043 1.4382 0 245 1.05557e-06
3.08118 1.4382 0 245 1.03544e-06
3.08193 1.4382 0 245 1.0148e-06
3.08268 1.4382 0 245 9.92094e-07
3.08343 1.4382 0 245 9.71177e-07
3.08418 1.4382 0 245 9.50417e-07
3.08493 1.4382 0 245 9.30015e-07
3.08568 1.4382 0 245 9.10085e-07
3.08643 1.4382 0 245 8.90731e-07
3.08718 1.4382 0 245 8.72031e-07
3.08793 1.4382 0 245 8.54046e-07
3.08868 1.4382 0 245 8.36814e-07
3.08943 1.4382 0 245 8.20359e-07
3.09018 1.4382 0 245 8.04684e-07
3.09093 1.4382 0 245 7.89791e-07
3.09168 1.4382 0 245 7.75661e-07
3.09243 1.4382 0 245 7.623e-07
3.09318 1.4382 0 245 7.49678e-07
3.09393 1.4382 0 245 7.37772e-07
3.09468 1.4382 0 245 7.26556e-07
3.09543 1.4382 0 245 7.16012e-07
3.09618 1.4382 0 245 7.06078e-07
3.09693 1.4382 0 245 6.96777e-07
3.09768 1.4382 0 245 6.8806e-07
3.09843 1.4382 0 245 6.79903e-07
3.09918 1.4382 0 245 6.72281e-07
3.09993 1.4382 0 245 6.65169e-07
3.10068 1.4382 0 245 6.58547e-07
3.10143 1.4382 0 245 6.52393e-07
3.10218 1.4382 0 245 6.46686e-07
3.10293 1.4382 0 245 6.41409e-07
3.10368 1.4382 0 245 6.36545e-07
3.10443 1.4382 0 245 6.32076e-07
3.10518 1.4382 0 245 6.27988e-07
3.10593 1.4382 0 245 6.24268e-07
3.10668 1.4382 0 245 6.20902e-07
3.10743 1.4382 0 245 6.1788e-07
3.10818 1.4382 0 245 6.1519e-07
3.10893 1.4382 0 245 6.12823e-07
3.10968 1.4382 0 245 6.1077e-07
3.11044 1.4382 0 245 6.09024e-07
3.11119 1.4382 0 245 6.07576e-07
3.11194 1.4382 0 245 6.06421e-07
3.11269 1.4382 0 245 6.05553e-07
3.11344 1.4382 0 245 6.04966e-07
3.11419 1.4382 0 245 6.04657e-07
3.11494 1.4382 0 245 6.0462e-07
3.11569 1.4382 0 245 6.04853e-07
3.11644 1.4382 0 245 6.05352e-07
3.11719 1.4382 0 245 6.06116e-07
3.11794 1.4382 0 245 6.0714e-07
3.11869 1.4382 0 245 6.08423e-07
3.11944 1.4382 0 245 6.09962e-07
3.12019 1.4382 0 245 6.11757e-07
3.12094 1.4382 0 245 6.13806e-07
3.12169 1.4382 0 245 6.16108e-07
3.12244 1.4382 0 245 6.18661e-07
3.12319 1.4382 0 245 6.21465e-07
3.12394 1.4382 0 245 6.24517e-07
3.12469 1.4382 0 245 6.27771e-07
3.12544 1.4382 0 245 6.31286e-07
3.12619 1.4382 0 245 6.35074e-07
3.12694 1.4382 0 245 6.39105e-07
3.12769 1.4382 0 245 6.43377e-07
3.12844 1.4382 0 245 6.47886e-07
3.12919 1.4382 0 245 6.52631e-07
3.12994 1.4382 0 245 6.57606e-07
3.13069 1.4382 0 245 6.62805e-07
3.13144 1.4382 0 245 6.68089e-07
3.13219 1.4382 0 245 6.73472e-07
3.13294 1.4382 0 245 6.79262e-07
3.13369 1.4382 0 245 6.85217e-07
3.13444 1.4382 0 245 6.91303e-07
3.13519 1.4382 0 245 6.97477e-07
3.13594 1.4382 0 245 7.03681e-07
3.13669 1.4382 0 245 7.09829e-07
3.13744 1.4382 0 245 7.15691e-07
3.13819 1.4382 0 245 7.21391e-07
3.13894 1.4382 0 245 7.26655e-07
3.13969 1.4382 0 245 7.31297e-07
3.14044 1.4382 0 245 7.35104e-07
3.14119 1.4382 0 245 7.37899e-07
3.14194 1.4382 0 245 7.39475e-07
3.14269 1.4382 0 245 7.39681e-07
3.14344 1.4382 0 245 7.3844e-07
3.14419 1.4382 0 245 7.35789e-07
3.14494 1.4382 0 245 7.31923e-07
3.14569 1.4382 0 245 7.27231e-07
3.14644 1.4382 0 245 7.22334e-07
3.14719 1.4382 0 245 7.18097e-07
3.14794 1.4382 0 245 7.15629e-07
3.14869 1.4382 0 245 7.16258e-07
3.14944 1.4382 0 245 7.21452e-07
3.15019 1.4382 0 245 7.32768e-07
3.15094 1.4382 0 245 7.51711e-07
3.15169 1.4382 0 245 7.79619e-07
3.15244 1.4382 0 245 8.17522e-07
3.15319 1.4382 0 245 8.66026e-07
3.15394 1.4382 0 245 9.25211e-07
3.15469 1.4382 0 245 9.94588e-07
3.15544 1.4382 0 245 1.07309e-06
3.15619 1.4382 0 245 1.15913e-06
3.15694 1.4382 0 245 1.25071e-06
3.15769 1.4382 0 245 1.34559e-06
3.15844 1.4382 0 245 1.44141e-06
3.15919 1.4382 0 245 1.53591e-06
3.15994 1.4382 0 245 1.62706e-06
3.16069 1.4382 0 245 1.71313e-06
3.16144 1.4382 0 245 1.7928e-06
3.16219 1.4382 0 245 1.8652e-06
3.16294 1.4382 0 245 1.92987e-06
3.16369 1.4382 0 245 1.98669e-06
3.16444 1.4382 0 245 2.03585e-06
3.16519 1.4382 0 245 2.07775e-06
3.16594 1.4382 0 245 2.11292e-06
3.16669 1.4382 0 245 2.14194e-06
3.16744 1.4382 0 245 2.16542e-06
3.16819 1.4382 0 245 2.18389e-06
3.16894 1.4382 0 245 2.19782e-06
3.16969 1.4382 0 245 2.20758e-06
3.17045 1.4382 0 245 2.21343e-06
3.1712 1.4382 0 245 2.21555e-06
3.17195 1.4382 0 245 2.21402e-06
3.1727 1.4382 0 245 2.20888e-06
3.17345 1.4382 0 245 2.20013e-06
3.1742 1.4382 0 245 2.18776e-06
3.17495 1.4382 0 245 2.17179e-06
3.1757 1.4382 0 245 2.15231e-06
3.17645 1.4382 0 245 2.12943e-06
3.1772 1.4382 0 245 2.10337e-06
3.17795 1.4382 0 245 2.07442e-06
3.1787 1.4382 0 245 2.04291e-06
3.17945 1.4382 0 245 2.00925e-06
3.1802 1.4382 0 245 1.9739e-06
3.18095 1.4382 0 245 1.9373e-06
3.1817 1.4382 0 245 1.89995e-06
3.18245 1.4382 0 245 1.86228e-06
3.1832 1.4382 0 245 1.82483e-06
3.18395 1.4382 0 245 1.78781e-06
3.1847 1.4382 0 245 1.75166e-06
3.18545 1.4382 0 245 1.71669e-06
3.1862 1.4382 0 245 1.68317e-06
3.18695 1.4382 0 245 1.6513e-06
3.1877 1.4382 0 245 1.62126e-06
3.18845 1.4382 0 245 1.59318e-06
3.1892 1.4382 0 245 1.56718e-06
3.18995 1.4382 0 245 1.54332e-06
3.1907 1.4382 0 245 1.52165e-06
3.19145 1.4382 0 245 1.50221e-06
3.1922 1.4382 0 245 1.48501e-06
3.19295 1.4382 0 245 1.47007e-06
3.1937 1.4382 0 245 1.45739e-06
3.19445 1.4382 0 245 1.44696e-06
3.1952 1.4382 0 245 1.43878e-06
3.19595 1.4382 0 245 1.43286e-06
3.1967 1.4382 0 245 1.42915e-06
3.19745 1.4382 0 245 1.42769e-06
3.1982 1.4382 0 245 1.42846e-06
3.19895 1.4382 0 245 1.4315e-06
3.1997 1.4382 0 245 1.43677e-06
3.20045 1.4382 0 245 1.44432e-06
3.2012 1.4382 0 245 1.45416e-06
3.20195 1.4382 0 245 1.46632e-06
3.2027 1.4382 0 245 1.48084e-06
3.20345 1.4382 0 245 1.49775e-06
3.2042 1.4382 0 245 1.51709e-06
3.20495 1.4382 0 245 1.53892e-06
3.2057 1.4382 0 245 1.56327e-06
3.20645 1.4382 0 245 1.59019e-06
3.2072 1.4382 0 245 1.61973e-06
3.20795 1.4382 0 245 1.65193e-06
3.2087 1.4382 0 245 1.68682e-06
3.20945 1.4382 0 245 1.72442e-06
3.2102 1.4382 0 245 1.76474e-06
3.21095 1.4382 0 245 1.80776e-06
3.2117 1.4382 0 245 1.85344e-06
3.21245 1.4382 0 245 1.90171e-06
3.2132 1.4382 0 245 1.95244e-06
3.21395 1.4382 0 245 2.00547e-06
3.2147 1.4382 0 245 2.06057e-06
3.21545 1.4382 0 245 2.11746e-06
3.2162 1.4382 0 245 2.17577e-06
3.21695 1.4382 0 245 2.23506e-06
3.2177 1.4382 0 245 2.29481e-06
3.21845 1.4382 0 245 2.35443e-06
3.2192 1.4382 0 245 2.41323e-06
3.21995 1.4382 0 245 2.47051e-06
3.2207 1.4382 0 245 2.52546e-06
3.22145 1.4382 0 245 2.57731e-06
3.2222 1.4382 0 245 2.62528e-06
3.22295 1.4382 0 245 2.66856e-06
3.2237 1.4382 0 245 2.70653e-06
3.22445 1.4382 0 245 2.73861e-06
3.2252 1.4382 0 245 2.76436e-06
3.22595 1.4382 0 245 2.78352e-06
3.2267 1.4382 0 245 2.79597e-06
3.22745 1.4382 0 245 2.80176e-06
3.2282 1.4382 0 245 2.80112e-06
3.22895 1.4382 0 245 2.79436e-06
3.2297 1.4382 0 245 2.78195e-06
3.23046 1.4382 0 245 2.76445e-06
3.23121 1.4382 0 245 2.74245e-06
3.23196 1.4382 0 245 2.71661e-06
3.23271 1.4382 0 245 2.68757e-06
3.23346 1.4382 0 245 2.65594e-06
3.23421 1.4382 0 245 2.62241e-06
3.23496 1.4382 0 245 2.58757e-06
3.23571 1.4382 0 245 2.55201e-06
3.23646 1.4382 0 245 2.51631e-06
3.23721 1.4382 0 245 2.48099e-06
3.23796 1.4382 0 245 2.44653e-06
3.23871 1.4382 0 245 2.41341e-06
3.23946 1.4382 0 245 2.38201e-06
3.24021 1.4382 0 245 2.35274e-06
3.24096 1.4382 0 245 2.32591e-06
3.24171 1.4382 0 245 2.30183e-06
3.24246 1.4382 0 245 2.28076e-06
3.24321 1.4382 0 245 2.2629e-06
3.24396 1.4382 0 245 2.24846e-06
3.24471 1.4382 0 245 2.2376e-06
3.24546 1.4382 0 245 2.23047e-06
3.24621 1.4382 0 245 2.22719e-06
3.24696 1.4382 0 245 2.22787e-06
3.24771 1.4382 0 245 2.23261e-06
3.24846 1.4382 0 245 2.2415e-06
3.24921 1.4382 0 245 2.25463e-06
3.24996 1.4382 0 245 2.27209e-06
3.25071 1.4382 0 245 2.29396e-06
3.25146 1.4382 0 245 2.32035e-06
3.25221 1.4382 0 245 2.35134e-06
3.25296 1.4382 0 245 2.38704e-06
3.25371 1.4382 0 245 2.42755e-06
3.25446 1.4382 0 245 2.47297e-06
3.25521 1.4382 0 245 2.52342e-06
3.25596 1.4382 0 245 2.57901e-06
3.25671 1.4382 0 245 2.63983e-06
3.25746 1.4382 0 245 2.70597e-06
3.25821 1.4382 0 245 2.77753e-06
3.25896 1.4382 0 245 2.85455e-06
3.25971 1.4382 0 245 2.93706e-06
3.26046 1.4382 0 245 3.02504e-06
3.26121 1.4382 0 245 3.11843e-06
3.26196 1.4382 0 245 3.21709e-06
3.26271 1.4382 0 245 3.32079e-06
3.26346 1.4382 0 245 3.42923e-06
3.26421 1.4382 0 245 3.54196e-06
3.26496 1.4382 0 245 3.6584e-06
3.26571 1.4382 0 245 3.77783e-06
3.26646 1.4382 0 245 3.89934e-06
3.26721 1.4382 0 245 4.02184e-06
3.26796 1.4382 0 245 4.14406e-06
3.26871 1.4382 0 245 4.26452e-06
3.26946 1.4382 0 245 4.38158e-06
3.27021 1.4382 0 245 4.49342e-06
3.27096 1.4382 0 245 4.59813e-06
3.27171 1.4382 0 245 4.69371e-06
3.27246 1.4382 0 245 4.77837e-06
3.27321 1.4382 0 245 4.84986e-06
3.27396 1.4382 0 245 4.90661e-06
3.27471 1.4382 0 245 4.94716e-06
3.27546 1.4382 0 245 4.97035e-06
3.27621 1.4382 0 245 4.97544e-06
3.27696 1.4382 0 245 4.96213e-06
3.27771 1.4382 0 245 4.93059e-06
3.27846 1.4382 0 245 4.88141e-06
3.27921 1.4382 0 245 4.81563e-06
3.27996 1.4382 0 245 4.73462e-06
3.28071 1.4382 0 245 4.64003e-06
3.28146 1.4382 0 245 4.53372e-06
3.28221 1.4382 0 245 4.41761e-06
3.28296 1.4382 0 245 4.29369e-06
3.28371 1.4382 0 245 4.16386e-06
3.28446 1.4382 0 245 4.02993e-06
3.28521 1.4382 0 245 3.89357e-06
3.28596 1.4382 0 245 3.75626e-06
3.28671 1.4382 0 245 3.61926e-06
3.28746 1.4382 0 245 3.48367e-06
3.28821 1.4382 0 245 3.35037e-06
3.28896 1.4382 0 245 3.22009e-06
3.28971 1.4382 0 245 3.09345e-06
3.29047 1.4382 0 245 2.97068e-06
3.29122 1.4382 0 245 2.85214e-06
3.29197 1.4382 0 245 2.738e-06
3.29272 1.4382 0 245 2.62833e-06
3.29347 1.4382 0 245 2.52316e-06
3.29422 1.4382 0 245 2.42242e-06
3.29497 1.4382 0 245 2.32605e-06
3.29572 1.4382 0 245 2.23391e-06
3.29647 1.4382 0 245 2.14589e-06
3.29722 1.4382 0 245 2.06185e-06
3.29797 1.4382 0 245 1.98167e-06
3.29872 1.4382 0 245 1.90522e-06
3.29947 1.4382 0 245 1.83239e-06
3.30022 1.4382 0 245 1.76309e-06
3.30097 1.4382 0 245 1.69726e-06
3.30172 1.4382 0 245 1.63484e-06
3.30247 1.4382 0 245 1.57579e-06
3.30322 1.4382 0 245 1.5201e-06
3.30397 1.4382 0 245 1.46775e-06
3.30472 1.4382 0 245 1.41874e-06
3.30547 1.4382 0 245 1.37304e-06
3.30622 1.4382 0 245 1.33063e-06
3.30697 1.4382 0 245 1.29144e-06
3.30772 1.4382 0 245 1.2554e-06
3.30847 1.4382 0 245 1.22238e-06
3.30922 1.4382 0 245 1.19222e-06
