0.5 1.4382 0 370 1.21693e-06
0.50075 1.4382 0 370 1.14615e-06
0.5015 1.4382 0 370 1.08337e-06
0.50225 1.4382 0 370 1.03044e-06
0.503001 1.4382 0 370 9.84118e-07
0.503751 1.4382 0 370 9.43396e-07
0.504501 1.4382 0 370 9.07503e-07
0.505251 1.4382 0 370 8.8029e-07
0.506001 1.4382 0 370 8.5175e-07
0.506751 1.4382 0 370 8.26218e-07
0.507501 1.4382 0 370 8.03446e-07
0.508251 1.4382 0 370 7.82858e-07
0.509002 1.4382 0 370 7.64571e-07
0.509752 1.4382 0 370 7.47939e-07
0.510502 1.4382 0 370 7.32074e-07
0.511252 1.4382 0 370 7.18522e-07
0.512002 1.4382 0 370 7.06133e-07
0.512752 1.4382 0 370 6.94836e-07
0.513502 1.4382 0 370 6.86783e-07
0.514252 1.4382 0 370 6.77263e-07
0.515003 1.4382 0 370 6.68693e-07
0.515753 1.4382 0 370 6.6082e-07
0.516503 1.4382 0 370 6.53586e-07
0.517253 1.4382 0 370 6.47095e-07
0.518003 1.4382 0 370 6.41151e-07
0.518753 1.4382 0 370 6.35716e-07
0.519503 1.4382 0 370 6.30761e-07
0.520253 1.4382 0 370 6.25916e-07
0.521004 1.4382 0 370 6.21938e-07
0.521754 1.4382 0 370 6.18277e-07
0.522504 1.4382 0 370 6.16084e-07
0.523254 1.4382 0 370 6.13068e-07
0.524004 1.4382 0 370 6.10382e-07
0.524754 1.4382 0 370 6.0803e-07
0.525504 1.4382 0 370 6.05934e-07
0.526254 1.4382 0 370 6.04189e-07
0.527005 1.4382 0 370 6.02687e-07
0.527755 1.4382 0 370 6.01406e-07
0.528505 1.4382 0 370 6.00363e-07
0.529255 1.4382 0 370 5.99553e-07
0.530005 1.4382 0 370 5.98786e-07
0.530755 1.4382 0 370 5.99117e-07
0.531505 1.4382 0 370 5.9893e-07
0.532255 1.4382 0 370 5.98955e-07
0.533006 1.4382 0 370 5.99189e-07
0.533756 1.4382 0 370 5.99576e-07
0.534506 1.4382 0 370 6.0016e-07
0.535256 1.4382 0 370 6.0094e-07
0.536006 1.4382 0 370 6.01916e-07
0.536756 1.4382 0 370 6.03042e-07
0.537506 1.4382 0 370 6.04353e-07
0.538256 1.4382 0 370 6.05812e-07
0.539007 1.4382 0 370 6.07454e-07
0.539757 1.4382 0 370 6.09195e-07
0.540507 1.4382 0 370 6.11596e-07
0.541257 1.4382 0 370 6.13743e-07
0.542007 1.4382 0 370 6.16058e-07
0.542757 1.4382 0 370 6.18535e-07
0.543507 1.4382 0 370 6.21165e-07
0.544257 1.4382 0 370 6.23983e-07
0.545008 1.4382 0 370 6.26978e-07
0.545758 1.4382 0 370 6.30135e-07
0.546508 1.4382 0 370 6.33477e-07
0.547258 1.4382 0 370 6.36966e-07
0.548008 1.4382 0 370 6.40646e-07
0.548758 1.4382 0 370 6.44499e-07
0.549508 1.4382 0 370 6.48794e-07
0.550258 1.4382 0 370 6.52952e-07
0.551009 1.4382 0 370 6.57346e-07
0.551759 1.4382 0 370 6.61941e-07
0.552509 1.4382 0 370 6.66721e-07
0.553259 1.4382 0 370 6.71688e-07
0.554009 1.4382 0 370 6.76881e-07
0.554759 1.4382 0 370 6.82265e-07
0.555509 1.4382 0 370 6.87861e-07
0.556259 1.4382 0 370 6.93667e-07
0.55701 1.4382 0 370 6.99692e-07
0.55776 1.4382 0 370 7.05946e-07
0.55851 1.4382 0 370 7.12431e-07
0.55926 1.4382 0 370 7.19288e-07
0.56001 1.4382 0 370 7.26242e-07
0.56076 1.4382 0 370 7.33451e-07
0.56151 1.4382 0 370 7.40898e-07
0.56226 1.4382 0 370 7.48635e-07
0.563011 1.4382 0 370 7.56641e-07
0.563761 1.4382 0 370 7.64937e-07
0.564511 1.4382 0 370 7.73522e-07
0.565261 1.4382 0 370 7.82411e-07
0.566011 1.4382 0 370 7.91606e-07
0.566761 1.4382 0 370 8.01123e-07
0.567511 1.4382 0 370 8.10975e-07
0.568261 1.4382 0 370 8.21174e-07
0.569012 1.4382 0 370 8.31729e-07
0.569762 1.4382 0 370 8.42675e-07
0.570512 1.4382 0 370 8.53975e-07
0.571262 1.4382 0 370 8.65674e-07
0.572012 1.4382 0 370 8.77788e-07
0.572762 1.4382 0 370 8.90324e-07
0.573512 1.4382 0 370 9.03316e-07
0.574262 1.4382 0 370 9.16774e-07
0.575013 1.4382 0 370 9.30715e-07
0.575763 1.4382 0 370 9.4516e-07
0.576513 1.4382 0 370 9.60128e-07
0.577263 1.4382 0 370 9.75647e-07
0.578013 1.4382 0 370 9.91736e-07
0.578763 1.4382 0 370 1.00842e-06
0.579513 1.4382 0 370 1.02573e-06
0.580263 1.4382 0 370 1.04359e-06
0.581014 1.4382 0 370 1.06222e-06
0.581764 1.4382 0 370 1.08156e-06
0.582514 1.4382 0 370 1.10165e-06
0.583264 1.4382 0 370 1.12252e-06
0.584014 1.4382 0 370 1.14422e-06
0.584764 1.4382 0 370 1.16676e-06
0.585514 1.4382 0 370 1.19021e-06
0.586264 1.4382 0 370 1.21461e-06
0.587015 1.4382 0 370 1.23999e-06
0.587765 1.4382 0 370 1.26645e-06
0.588515 1.4382 0 370 1.294e-06
0.589265 1.4382 0 370 1.32272e-06
0.590015 1.4382 0 370 1.35267e-06
0.590765 1.4382 0 370 1.38362e-06
0.591515 1.4382 0 370 1.41621e-06
0.592265 1.4382 0 370 1.45023e-06
0.593016 1.4382 0 370 1.48579e-06
0.593766 1.4382 0 370 1.52295e-06
0.594516 1.4382 0 370 1.56185e-06
0.595266 1.4382 0 370 1.60257e-06
0.596016 1.4382 0 370 1.6452e-06
0.596766 1.4382 0 370 1.68988e-06
0.597516 1.4382 0 370 1.73673e-06
0.598266 1.4382 0 370 1.78589e-06
0.599017 1.4382 0 370 1.83756e-06
0.599767 1.4382 0 370 1.89186e-06
0.600517 1.4382 0 370 1.94897e-06
0.601267 1.4382 0 370 2.0091e-06
0.602017 1.4382 0 370 2.07243e-06
0.602767 1.4382 0 370 2.13853e-06
0.603517 1.4382 0 370 2.20897e-06
0.604267 1.4382 0 370 2.28344e-06
0.605018 1.4382 0 370 2.36215e-06
0.605768 1.4382 0 370 2.44548e-06
0.606518 1.4382 0 370 2.53377e-06
0.607268 1.4382 0 370 2.62747e-06
0.608018 1.4382 0 370 2.72691e-06
0.608768 1.4382 0 370 2.83268e-06
0.609518 1.4382 0 370 2.94528e-06
0.610268 1.4382 0 370 3.06522e-06
0.611019 1.4382 0 370 3.19337e-06
0.611769 1.4382 0 370 3.33031e-06
0.612519 1.4382 0 370 3.47688e-06
0.613269 1.4382 0 370 3.63406e-06
0.614019 1.4382 0 370 3.80115e-06
0.614769 1.4382 0 370 3.98256e-06
0.615519 1.4382 0 370 4.17802e-06
0.616269 1.4382 0 370 4.38913e-06
0.61702 1.4382 0 370 4.61742e-06
0.61777 1.4382 0 370 4.86488e-06
0.61852 1.4382 0 370 5.13366e-06
0.61927 1.4382 0 370 5.4262e-06
0.62002 1.4382 0 370 5.74541e-06
0.62077 1.4382 0 370 6.09475e-06
0.62152 1.4382 0 370 6.47797e-06
0.62227 1.4382 0 370 6.89974e-06
0.623021 1.4382 0 370 7.36509e-06
0.623771 1.4382 0 370 7.8801e-06
0.624521 1.4382 0 370 8.45253e-06
0.625271 1.4382 0 370 9.09088e-06
0.626021 1.4382 0 370 9.80535e-06
0.626771 1.4382 0 370 1.06022e-05
0.627521 1.4382 0 370 1.15089e-05
0.628271 1.4382 0 370 1.25377e-05
0.629022 1.4382 0 370 1.37121e-05
0.629772 1.4382 0 370 1.50596e-05
0.630522 1.4382 0 370 1.66155e-05
0.631272 1.4382 0 370 1.84246e-05
0.632022 1.4382 0 370 2.05426e-05
0.632772 1.4382 0 370 2.30441e-05
0.633522 1.4382 0 370 2.6023e-05
0.634272 1.4382 0 370 2.96059e-05
0.635023 1.4382 0 370 3.39621e-05
0.635773 1.4382 0 370 3.93194e-05
0.636523 1.4382 0 370 4.59903e-05
0.637273 1.4382 0 370 5.44133e-05
0.638023 1.4382 0 370 6.52088e-05
0.638773 1.4382 0 370 7.92411e-05
0.639523 1.4382 0 370 9.76647e-05
0.640273 1.4382 0 370 0.000122331
0.641024 1.4382 0 370 0.00015534
0.641774 1.4382 0 370 0.000198856
0.642524 1.4382 0 370 0.00025326
0.643274 1.4382 0 370 0.000312792
0.644024 1.4382 0 370 0.000360463
0.644774 1.4382 0 370 0.000373143
0.645524 1.4382 0 370 0.000343188
0.646274 1.4382 0 370 0.000287719
0.647025 1.4382 0 370 0.000229125
0.647775 1.4382 0 370 0.000179218
0.648525 1.4382 0 370 0.000140435
0.649275 1.4382 0 370 0.000111282
0.650025 1.4382 0 370 8.94887e-05
0.650775 1.4382 0 370 7.30717e-05
0.651525 1.4382 0 370 6.05463e-05
0.652275 1.4382 0 370 5.08551e-05
0.653026 1.4382 0 370 4.32166e-05
0.653776 1.4382 0 370 3.71417e-05
0.654526 1.4382 0 370 3.22344e-05
0.655276 1.4382 0 370 2.82235e-05
0.656026 1.4382 0 370 2.49072e-05
0.656776 1.4382 0 370 2.21371e-05
0.657526 1.4382 0 370 1.98019e-05
0.658276 1.4382 0 370 1.78169e-05
0.659027 1.4382 0 370 1.61154e-05
0.659777 1.4382 0 370 1.46477e-05
0.660527 1.4382 0 370 1.33729e-05
0.661277 1.4382 0 370 1.22588e-05
0.662027 1.4382 0 370 1.12793e-05
0.662777 1.4382 0 370 1.04144e-05
0.663527 1.4382 0 370 9.64701e-06
0.664277 1.4382 0 370 8.96305e-06
0.665028 1.4382 0 370 8.3511e-06
0.665778 1.4382 0 370 7.80128e-06
0.666528 1.4382 0 370 7.30259e-06
0.667278 1.4382 0 370 6.85422e-06
0.668028 1.4382 0 370 6.4475e-06
0.668778 1.4382 0 370 6.07446e-06
0.669528 1.4382 0 370 5.73635e-06
0.670278 1.4382 0 370 5.42714e-06
0.671029 1.4382 0 370 5.14344e-06
0.671779 1.4382 0 370 4.88272e-06
0.672529 1.4382 0 370 4.6423e-06
0.673279 1.4382 0 370 4.4204e-06
0.674029 1.4382 0 370 4.21503e-06
0.674779 1.4382 0 370 4.0248e-06
0.675529 1.4382 0 370 3.84798e-06
0.676279 1.4382 0 370 3.68359e-06
0.67703 1.4382 0 370 3.53042e-06
0.67778 1.4382 0 370 3.38743e-06
0.67853 1.4382 0 370 3.25366e-06
0.67928 1.4382 0 370 3.12865e-06
0.68003 1.4382 0 370 3.01139e-06
0.68078 1.4382 0 370 2.90028e-06
0.68153 1.4382 0 370 2.79712e-06
0.68228 1.4382 0 370 2.70005e-06
0.683031 1.4382 0 370 2.60858e-06
0.683781 1.4382 0 370 2.52232e-06
0.684531 1.4382 0 370 2.43935e-06
0.685281 1.4382 0 370 2.36255e-06
0.686031 1.4382 0 370 2.29005e-06
0.686781 1.4382 0 370 2.22132e-06
0.687531 1.4382 0 370 2.15622e-06
0.688281 1.4382 0 370 2.09469e-06
0.689032 1.4382 0 370 2.03625e-06
0.689782 1.4382 0 370 1.9807e-06
0.690532 1.4382 0 370 1.92804e-06
0.691282 1.4382 0 370 1.878e-06
0.692032 1.4382 0 370 1.83049e-06
0.692782 1.4382 0 370 1.78523e-06
0.693532 1.4382 0 370 1.74208e-06
0.694282 1.4382 0 370 1.70097e-06
0.695033 1.4382 0 370 1.66182e-06
0.695783 1.4382 0 370 1.62378e-06
0.696533 1.4382 0 370 1.5881e-06
0.697283 1.4382 0 370 1.55412e-06
0.698033 1.4382 0 370 1.52166e-06
0.698783 1.4382 0 370 1.49071e-06
0.699533 1.4382 0 370 1.4611e-06
0.700283 1.4382 0 370 1.43275e-06
0.701034 1.4382 0 370 1.40582e-06
0.701784 1.4382 0 370 1.3786e-06
0.702534 1.4382 0 370 1.35395e-06
0.703284 1.4382 0 370 1.3303e-06
0.704034 1.4382 0 370 1.30777e-06
0.704784 1.4382 0 370 1.2861e-06
0.705534 1.4382 0 370 1.2654e-06
0.706284 1.4382 0 370 1.24561e-06
0.707035 1.4382 0 370 1.22667e-06
0.707785 1.4382 0 370 1.20863e-06
0.708535 1.4382 0 370 1.19137e-06
0.709285 1.4382 0 370 1.17486e-06
0.710035 1.4382 0 370 1.15907e-06
0.710785 1.4382 0 370 1.144e-06
0.711535 1.4382 0 370 1.12948e-06
0.712285 1.4382 0 370 1.11569e-06
0.713036 1.4382 0 370 1.10246e-06
0.713786 1.4382 0 370 1.09004e-06
0.714536 1.4382 0 370 1.07803e-06
0.715286 1.4382 0 370 1.06672e-06
0.716036 1.4382 0 370 1.056e-06
0.716786 1.4382 0 370 1.04579e-06
0.717536 1.4382 0 370 1.03608e-06
0.718286 1.4382 0 370 1.02686e-06
0.719037 1.4382 0 370 1.01818e-06
0.719787 1.4382 0 370 1.00823e-06
0.720537 1.4382 0 370 1.00033e-06
0.721287 1.4382 0 370 9.92845e-07
0.722037 1.4382 0 370 9.85986e-07
0.722787 1.4382 0 370 9.79517e-07
0.723537 1.4382 0 370 9.73414e-07
0.724287 1.4382 0 370 9.67691e-07
0.725038 1.4382 0 370 9.625e-07
0.725788 1.4382 0 370 9.5752e-07
0.726538 1.4382 0 370 9.52987e-07
0.727288 1.4382 0 370 9.48888e-07
0.728038 1.4382 0 370 9.4522e-07
0.728788 1.4382 0 370 9.42446e-07
0.729538 1.4382 0 370 9.39222e-07
0.730288 1.4382 0 370 9.36263e-07
0.731039 1.4382 0 370 9.3362e-07
0.731789 1.4382 0 370 9.31275e-07
0.732539 1.4382 0 370 9.29497e-07
0.733289 1.4382 0 370 9.27481e-07
0.734039 1.4382 0 370 9.25738e-07
0.734789 1.4382 0 370 9.24118e-07
0.735539 1.4382 0 370 9.22817e-07
0.736289 1.4382 0 370 9.2154e-07
0.73704 1.4382 0 370 9.20187e-07
0.73779 1.4382 0 370 9.18723e-07
0.73854 1.4382 0 370 9.14378e-07
0.73929 1.4382 0 370 9.12356e-07
0.74004 1.4382 0 370 9.10212e-07
0.74079 1.4382 0 370 9.07009e-07
0.74154 1.4382 0 370 9.03104e-07
0.74229 1.4382 0 370 8.97997e-07
0.743041 1.4382 0 370 8.91231e-07
0.743791 1.4382 0 370 8.82608e-07
0.744541 1.4382 0 370 8.71659e-07
0.745291 1.4382 0 370 8.5748e-07
0.746041 1.4382 0 370 8.39234e-07
0.746791 1.4382 0 370 8.15724e-07
0.747541 1.4382 0 370 7.85368e-07
0.748291 1.4382 0 370 7.45837e-07
0.749042 1.4382 0 370 6.9482e-07
0.749792 1.4382 0 370 6.28023e-07
0.750542 1.4382 0 370 5.41415e-07
0.751292 1.4382 0 370 4.28615e-07
0.752042 1.4382 0 370 2.80529e-07
0.752792 1.4382 0 370 8.7598e-08
0.753542 1.4382 0 370 -1.71132e-07
0.754292 1.4382 0 370 -5.16482e-07
0.755043 1.4382 0 370 -9.78639e-07
0.755793 1.4382 0 370 -1.60564e-06
0.756543 1.4382 0 370 -2.45243e-06
0.757293 1.4382 0 370 -3.59266e-06
0.758043 1.4382 0 370 -5.09789e-06
0.758793 1.4382 0 370 -7.01968e-06
0.759543 1.4382 0 370 -9.24736e-06
0.760293 1.4382 0 370 -1.1404e-05
0.761044 1.4382 0 370 -1.26216e-05
0.761794 1.4382 0 370 -1.16583e-05
0.762544 1.4382 0 370 -7.7912e-06
0.763294 1.4382 0 370 -1.9013e-06
0.764044 1.4382 0 370 3.82613e-06
0.764794 1.4382 0 370 7.77586e-06
0.765544 1.4382 0 370 9.55325e-06
0.766294 1.4382 0 370 9.80507e-06
0.767045 1.4382 0 370 9.27262e-06
0.767795 1.4382 0 370 8.45874e-06
0.768545 1.4382 0 370 7.62498e-06
0.769295 1.4382 0 370 6.88488e-06
0.770045 1.4382 0 370 6.27259e-06
0.770795 1.4382 0 370 5.78849e-06
0.771545 1.4382 0 370 5.41985e-06
0.772295 1.4382 0 370 5.15228e-06
0.773046 1.4382 0 370 4.97034e-06
0.773796 1.4382 0 370 4.86182e-06
0.774546 1.4382 0 370 4.8196e-06
0.775296 1.4382 0 370 4.83702e-06
0.776046 1.4382 0 370 4.90944e-06
0.776796 1.4382 0 370 5.03599e-06
0.777546 1.4382 0 370 5.21664e-06
0.778296 1.4382 0 370 5.4542e-06
0.779047 1.4382 0 370 5.75277e-06
0.779797 1.4382 0 370 6.10989e-06
0.780547 1.4382 0 370 6.55252e-06
0.781297 1.4382 0 370 7.08481e-06
0.782047 1.4382 0 370 7.72357e-06
0.782797 1.4382 0 370 8.5082e-06
0.783547 1.4382 0 370 9.43094e-06
0.784297 1.4382 0 370 1.05482e-05
0.785048 1.4382 0 370 1.1909e-05
0.785798 1.4382 0 370 1.35807e-05
0.786548 1.4382 0 370 1.5652e-05
0.787298 1.4382 0 370 1.82408e-05
0.788048 1.4382 0 370 2.15072e-05
0.788798 1.4382 0 370 2.56605e-05
0.789548 1.4382 0 370 3.09622e-05
0.790298 1.4382 0 370 3.7719e-05
0.791049 1.4382 0 370 4.61879e-05
0.791799 1.4382 0 370 5.63629e-05
0.792549 1.4382 0 370 6.75398e-05
0.793299 1.4382 0 370 7.7768e-05
0.794049 1.4382 0 370 8.39579e-05
0.794799 1.4382 0 370 8.35561e-05
0.795549 1.4382 0 370 7.67347e-05
0.796299 1.4382 0 370 6.62223e-05
0.79705 1.4382 0 370 5.50418e-05
0.7978 1.4382 0 370 4.49974e-05
0.79855 1.4382 0 370 3.66912e-05
0.7993 1.4382 0 370 3.0079e-05
0.80005 1.4382 0 370 2.48897e-05
0.8008 1.4382 0 370 2.08212e-05
0.80155 1.4382 0 370 1.76138e-05
0.8023 1.4382 0 370 1.50768e-05
0.803051 1.4382 0 370 1.30225e-05
0.803801 1.4382 0 370 1.13561e-05
0.804551 1.4382 0 370 9.98953e-06
0.805301 1.4382 0 370 8.85777e-06
0.806051 1.4382 0 370 7.91188e-06
0.806801 1.4382 0 370 7.1143e-06
0.807551 1.4382 0 370 6.43642e-06
0.808301 1.4382 0 370 5.856e-06
0.809052 1.4382 0 370 5.3557e-06
0.809802 1.4382 0 370 4.92153e-06
0.810552 1.4382 0 370 4.54263e-06
0.811302 1.4382 0 370 4.21019e-06
0.812052 1.4382 0 370 3.91709e-06
0.812802 1.4382 0 370 3.65741e-06
0.813552 1.4382 0 370 3.42638e-06
0.814302 1.4382 0 370 3.22001e-06
0.815053 1.4382 0 370 3.03496e-06
0.815803 1.4382 0 370 2.86847e-06
0.816553 1.4382 0 370 2.71819e-06
0.817303 1.4382 0 370 2.58214e-06
0.818053 1.4382 0 370 2.45864e-06
0.818803 1.4382 0 370 2.34628e-06
0.819553 1.4382 0 370 2.24373e-06
0.820303 1.4382 0 370 2.14993e-06
0.821054 1.4382 0 370 2.06398e-06
0.821804 1.4382 0 370 1.9851e-06
0.822554 1.4382 0 370 1.91255e-06
0.823304 1.4382 0 370 1.84577e-06
0.824054 1.4382 0 370 1.78421e-06
0.824804 1.4382 0 370 1.72727e-06
0.825554 1.4382 0 370 1.67413e-06
0.826304 1.4382 0 370 1.6254e-06
0.827055 1.4382 0 370 1.58025e-06
0.827805 1.4382 0 370 1.53839e-06
0.828555 1.4382 0 370 1.49957e-06
0.829305 1.4382 0 370 1.46357e-06
0.830055 1.4382 0 370 1.43011e-06
0.830805 1.4382 0 370 1.39907e-06
0.831555 1.4382 0 370 1.37024e-06
0.832305 1.4382 0 370 1.3435e-06
0.833056 1.4382 0 370 1.31869e-06
0.833806 1.4382 0 370 1.29572e-06
0.834556 1.4382 0 370 1.27448e-06
0.835306 1.4382 0 370 1.25485e-06
0.836056 1.4382 0 370 1.23678e-06
0.836806 1.4382 0 370 1.22018e-06
0.837556 1.4382 0 370 1.205e-06
0.838306 1.4382 0 370 1.19118e-06
0.839057 1.4382 0 370 1.17864e-06
0.839807 1.4382 0 370 1.16737e-06
0.840557 1.4382 0 370 1.15735e-06
0.841307 1.4382 0 370 1.14854e-06
0.842057 1.4382 0 370 1.14092e-06
0.842807 1.4382 0 370 1.13448e-06
0.843557 1.4382 0 370 1.12923e-06
0.844307 1.4382 0 370 1.12518e-06
0.845058 1.4382 0 370 1.12236e-06
0.845808 1.4382 0 370 1.12082e-06
0.846558 1.4382 0 370 1.12052e-06
0.847308 1.4382 0 370 1.12161e-06
0.848058 1.4382 0 370 1.12414e-06
0.848808 1.4382 0 370 1.12819e-06
0.849558 1.4382 0 370 1.1339e-06
0.850308 1.4382 0 370 1.14127e-06
0.851059 1.4382 0 370 1.15074e-06
0.851809 1.4382 0 370 1.16239e-06
0.852559 1.4382 0 370 1.17648e-06
0.853309 1.4382 0 370 1.19333e-06
0.854059 1.4382 0 370 1.21333e-06
0.854809 1.4382 0 370 1.23697e-06
0.855559 1.4382 0 370 1.26483e-06
0.856309 1.4382 0 370 1.29766e-06
0.85706 1.4382 0 370 1.33639e-06
0.85781 1.4382 0 370 1.38218e-06
0.85856 1.4382 0 370 1.4365e-06
0.85931 1.4382 0 370 1.50123e-06
0.86006 1.4382 0 370 1.57872e-06
0.86081 1.4382 0 370 1.67201e-06
0.86156 1.4382 0 370 1.78495e-06
0.86231 1.4382 0 370 1.92234e-06
0.863061 1.4382 0 370 2.09015e-06
0.863811 1.4382 0 370 2.29527e-06
0.864561 1.4382 0 370 2.545e-06
0.865311 1.4382 0 370 2.84525e-06
0.866061 1.4382 0 370 3.19651e-06
0.866811 1.4382 0 370 3.58682e-06
0.867561 1.4382 0 370 3.98227e-06
0.868311 1.4382 0 370 4.32152e-06
0.869062 1.4382 0 370 4.52726e-06
0.869812 1.4382 0 370 4.54199e-06
0.870562 1.4382 0 370 4.36279e-06
0.871312 1.4382 0 370 4.04561e-06
0.872062 1.4382 0 370 3.6675e-06
0.872812 1.4382 0 370 3.2909e-06
0.873562 1.4382 0 370 2.95103e-06
0.874312 1.4382 0 370 2.66099e-06
0.875063 1.4382 0 370 2.421e-06
0.875813 1.4382 0 370 2.22557e-06
0.876563 1.4382 0 370 2.0676e-06
0.877313 1.4382 0 370 1.9403e-06
0.878063 1.4382 0 370 1.83772e-06
0.878813 1.4382 0 370 1.7551e-06
0.879563 1.4382 0 370 1.68861e-06
0.880313 1.4382 0 370 1.63521e-06
0.881064 1.4382 0 370 1.59253e-06
0.881814 1.4382 0 370 1.55869e-06
0.882564 1.4382 0 370 1.53223e-06
0.883314 1.4382 0 370 1.51199e-06
0.884064 1.4382 0 370 1.49704e-06
0.884814 1.4382 0 370 1.48666e-06
0.885564 1.4382 0 370 1.48027e-06
0.886314 1.4382 0 370 1.47737e-06
0.887065 1.4382 0 370 1.4776e-06
0.887815 1.4382 0 370 1.48065e-06
0.888565 1.4382 0 370 1.48627e-06
0.889315 1.4382 0 370 1.49427e-06
0.890065 1.4382 0 370 1.5045e-06
0.890815 1.4382 0 370 1.51682e-06
0.891565 1.4382 0 370 1.53116e-06
0.892315 1.4382 0 370 1.54742e-06
0.893066 1.4382 0 370 1.56557e-06
0.893816 1.4382 0 370 1.58559e-06
0.894566 1.4382 0 370 1.60718e-06
0.895316 1.4382 0 370 1.63084e-06
0.896066 1.4382 0 370 1.65635e-06
0.896816 1.4382 0 370 1.68374e-06
0.897566 1.4382 0 370 1.71304e-06
0.898316 1.4382 0 370 1.74427e-06
0.899067 1.4382 0 370 1.77752e-06
0.899817 1.4382 0 370 1.81282e-06
0.900567 1.4382 0 370 1.85027e-06
0.901317 1.4382 0 370 1.88993e-06
0.902067 1.4382 0 370 1.93191e-06
0.902817 1.4382 0 370 1.9763e-06
0.903567 1.4382 0 370 2.0232e-06
0.904317 1.4382 0 370 2.07272e-06
0.905068 1.4382 0 370 2.12498e-06
0.905818 1.4382 0 370 2.17963e-06
0.906568 1.4382 0 370 2.23755e-06
0.907318 1.4382 0 370 2.29851e-06
0.908068 1.4382 0 370 2.36259e-06
0.908818 1.4382 0 370 2.42983e-06
0.909568 1.4382 0 370 2.50025e-06
0.910318 1.4382 0 370 2.5738e-06
0.911069 1.4382 0 370 2.65038e-06
0.911819 1.4382 0 370 2.7297e-06
0.912569 1.4382 0 370 2.81127e-06
0.913319 1.4382 0 370 2.89449e-06
0.914069 1.4382 0 370 2.97839e-06
0.914819 1.4382 0 370 3.06172e-06
0.915569 1.4382 0 370 3.14305e-06
0.916319 1.4382 0 370 3.22101e-06
0.91707 1.4382 0 370 3.29533e-06
0.91782 1.4382 0 370 3.36861e-06
0.91857 1.4382 0 370 3.44935e-06
0.91932 1.4382 0 370 3.55663e-06
0.92007 1.4382 0 370 3.72161e-06
0.92082 1.4382 0 370 3.97905e-06
0.92157 1.4382 0 370 4.35647e-06
0.92232 1.4382 0 370 4.83666e-06
0.923071 1.4382 0 370 5.36804e-06
0.923821 1.4382 0 370 5.89503e-06
0.924571 1.4382 0 370 6.38936e-06
0.925321 1.4382 0 370 6.85557e-06
0.926071 1.4382 0 370 7.31657e-06
0.926821 1.4382 0 370 7.79848e-06
0.927571 1.4382 0 370 8.32395e-06
0.928321 1.4382 0 370 8.91149e-06
0.929072 1.4382 0 370 9.57744e-06
0.929822 1.4382 0 370 1.03374e-05
0.930572 1.4382 0 370 1.12089e-05
0.931322 1.4382 0 370 1.22118e-05
0.932072 1.4382 0 370 1.33706e-05
0.932822 1.4382 0 370 1.47151e-05
0.933572 1.4382 0 370 1.62831e-05
0.934322 1.4382 0 370 1.81215e-05
0.935073 1.4382 0 370 2.02899e-05
0.935823 1.4382 0 370 2.28653e-05
0.936573 1.4382 0 370 2.59367e-05
0.937323 1.4382 0 370 2.96251e-05
0.938073 1.4382 0 370 3.40752e-05
0.938823 1.4382 0 370 3.94629e-05
0.939573 1.4382 0 370 4.59868e-05
0.940323 1.4382 0 370 5.38474e-05
0.941074 1.4382 0 370 6.31937e-05
0.941824 1.4382 0 370 7.40058e-05
0.942574 1.4382 0 370 8.59025e-05
0.943324 1.4382 0 370 9.78994e-05
0.944074 1.4382 0 370 0.000108269
0.944824 1.4382 0 370 0.000114841
0.945574 1.4382 0 370 0.000115884
0.946324 1.4382 0 370 0.000111117
0.947075 1.4382 0 370 0.000101886
0.947825 1.4382 0 370 9.03321e-05
0.948575 1.4382 0 370 7.83844e-05
0.949325 1.4382 0 370 6.73287e-05
0.950075 1.4382 0 370 5.75694e-05
0.950825 1.4382 0 370 4.93054e-05
0.951575 1.4382 0 370 4.24313e-05
0.952325 1.4382 0 370 3.67561e-05
0.953076 1.4382 0 370 3.2079e-05
0.953826 1.4382 0 370 2.82182e-05
0.954576 1.4382 0 370 2.50192e-05
0.955326 1.4382 0 370 2.23556e-05
0.956076 1.4382 0 370 2.01266e-05
0.956826 1.4382 0 370 1.82522e-05
0.957576 1.4382 0 370 1.66685e-05
0.958326 1.4382 0 370 1.53245e-05
0.959077 1.4382 0 370 1.41804e-05
0.959827 1.4382 0 370 1.32035e-05
0.960577 1.4382 0 370 1.23682e-05
0.961327 1.4382 0 370 1.16534e-05
0.962077 1.4382 0 370 1.10425e-05
0.962827 1.4382 0 370 1.05213e-05
0.963577 1.4382 0 370 1.0079e-05
0.964327 1.4382 0 370 9.70641e-06
0.965078 1.4382 0 370 9.39637e-06
0.965828 1.4382 0 370 9.14273e-06
0.966578 1.4382 0 370 8.94091e-06
0.967328 1.4382 0 370 8.7873e-06
0.968078 1.4382 0 370 8.67622e-06
0.968828 1.4382 0 370 8.61114e-06
0.969578 1.4382 0 370 8.58811e-06
0.970328 1.4382 0 370 8.60671e-06
0.971079 1.4382 0 370 8.66668e-06
0.971829 1.4382 0 370 8.76893e-06
0.972579 1.4382 0 370 8.91498e-06
0.973329 1.4382 0 370 9.10689e-06
0.974079 1.4382 0 370 9.34754e-06
0.974829 1.4382 0 370 9.64078e-06
0.975579 1.4382 0 370 9.99138e-06
0.976329 1.4382 0 370 1.04054e-05
0.97708 1.4382 0 370 1.08903e-05
0.97783 1.4382 0 370 1.14549e-05
0.97858 1.4382 0 370 1.21108e-05
0.97933 1.4382 0 370 1.28706e-05
0.98008 1.4382 0 370 1.3751e-05
0.98083 1.4382 0 370 1.47723e-05
0.98158 1.4382 0 370 1.59593e-05
0.98233 1.4382 0 370 1.73424e-05
0.983081 1.4382 0 370 1.89599e-05
0.983831 1.4382 0 370 2.08584e-05
0.984581 1.4382 0 370 2.30969e-05
0.985331 1.4382 0 370 2.57489e-05
0.986081 1.4382 0 370 2.89056e-05
0.986831 1.4382 0 370 3.26801e-05
0.987581 1.4382 0 370 3.72107e-05
0.988331 1.4382 0 370 4.26622e-05
0.989082 1.4382 0 370 4.92202e-05
0.989832 1.4382 0 370 5.70735e-05
0.990582 1.4382 0 370 6.63704e-05
0.991332 1.4382 0 370 7.71258e-05
0.992082 1.4382 0 370 8.90685e-05
0.992832 1.4382 0 370 0.000101431
0.993582 1.4382 0 370 0.000112782
0.994332 1.4382 0 370 0.000121144
0.995083 1.4382 0 370 0.000124604
0.995833 1.4382 0 370 0.000122245
0.996583 1.4382 0 370 0.000114688
0.997333 1.4382 0 370 0.000103721
0.998083 1.4382 0 370 9.13748e-05
0.998833 1.4382 0 370 7.92104e-05
0.999583 1.4382 0 370 6.81216e-05
1.00033 1.4382 0 370 5.84645e-05
1.00108 1.4382 0 370 5.02666e-05
1.00183 1.4382 0 370 4.33976e-05
1.00258 1.4382 0 370 3.76923e-05
1.00333 1.4382 0 370 3.29199e-05
1.00408 1.4382 0 370 2.89329e-05
1.00483 1.4382 0 370 2.55875e-05
1.00558 1.4382 0 370 2.27662e-05
1.00633 1.4382 0 370 2.03726e-05
1.00708 1.4382 0 370 1.83301e-05
1.00783 1.4382 0 370 1.65768e-05
1.00858 1.4382 0 370 1.5063e-05
1.00933 1.4382 0 370 1.37486e-05
1.01009 1.4382 0 370 1.26099e-05
1.01084 1.4382 0 370 1.16028e-05
1.01159 1.4382 0 370 1.07152e-05
1.01234 1.4382 0 370 9.92948e-06
1.01309 1.4382 0 370 9.23085e-06
1.01384 1.4382 0 370 8.60752e-06
1.01459 1.4382 0 370 8.04908e-06
1.01534 1.4382 0 370 7.5472e-06
1.01609 1.4382 0 370 7.09474e-06
1.01684 1.4382 0 370 6.68556e-06
1.01759 1.4382 0 370 6.31468e-06
1.01834 1.4382 0 370 5.97774e-06
1.01909 1.4382 0 370 5.67099e-06
1.01984 1.4382 0 370 5.3913e-06
1.02059 1.4382 0 370 5.13594e-06
1.02134 1.4382 0 370 4.90261e-06
1.02209 1.4382 0 370 4.68935e-06
1.02284 1.4382 0 370 4.49457e-06
1.02359 1.4382 0 370 4.31692e-06
1.02434 1.4382 0 370 4.15536e-06
1.02509 1.4382 0 370 4.00913e-06
1.02584 1.4382 0 370 3.87775e-06
1.02659 1.4382 0 370 3.76082e-06
1.02734 1.4382 0 370 3.65816e-06
1.02809 1.4382 0 370 3.56986e-06
1.02884 1.4382 0 370 3.49603e-06
1.02959 1.4382 0 370 3.43632e-06
1.03034 1.4382 0 370 3.38935e-06
1.03109 1.4382 0 370 3.35292e-06
1.03184 1.4382 0 370 3.32184e-06
1.03259 1.4382 0 370 3.28773e-06
1.03334 1.4382 0 370 3.23936e-06
1.03409 1.4382 0 370 3.16459e-06
1.03484 1.4382 0 370 3.05381e-06
1.03559 1.4382 0 370 2.90404e-06
1.03634 1.4382 0 370 2.71896e-06
1.03709 1.4382 0 370 2.50607e-06
1.03784 1.4382 0 370 2.27219e-06
1.03859 1.4382 0 370 2.02147e-06
1.03934 1.4382 0 370 1.75456e-06
1.04009 1.4382 0 370 1.46398e-06
1.04084 1.4382 0 370 1.14315e-06
1.04159 1.4382 0 370 7.82531e-07
1.04234 1.4382 0 370 3.70493e-07
1.04309 1.4382 0 370 -1.04165e-07
1.04384 1.4382 0 370 -7.22973e-07
1.04459 1.4382 0 370 -1.35108e-06
1.04534 1.4382 0 370 -2.02075e-06
1.04609 1.4382 0 370 -2.66744e-06
1.04684 1.4382 0 370 -3.17752e-06
1.04759 1.4382 0 370 -3.38589e-06
1.04834 1.4382 0 370 -3.13117e-06
1.04909 1.4382 0 370 -2.33341e-06
1.04984 1.4382 0 370 -1.09488e-06
1.05059 1.4382 0 370 3.17764e-07
1.05134 1.4382 0 370 1.59548e-06
1.05209 1.4382 0 370 2.53357e-06
1.05284 1.4382 0 370 3.07255e-06
1.05359 1.4382 0 370 3.25809e-06
1.05434 1.4382 0 370 3.19233e-06
1.05509 1.4382 0 370 2.95372e-06
1.05584 1.4382 0 370 2.60308e-06
1.05659 1.4382 0 370 2.17492e-06
1.05734 1.4382 0 370 1.68215e-06
1.05809 1.4382 0 370 1.12846e-06
1.05884 1.4382 0 370 5.07333e-07
1.05959 1.4382 0 370 -1.86427e-07
1.06034 1.4382 0 370 -9.4165e-07
1.06109 1.4382 0 370 -1.71717e-06
1.06184 1.4382 0 370 -2.42459e-06
1.06259 1.4382 0 370 -2.91576e-06
1.06334 1.4382 0 370 -3.01439e-06
1.06409 1.4382 0 370 -2.58183e-06
1.06484 1.4382 0 370 -1.6354e-06
1.06559 1.4382 0 370 -3.69465e-07
1.06634 1.4382 0 370 9.14092e-07
1.06709 1.4382 0 370 1.96155e-06
1.06784 1.4382 0 370 2.66405e-06
1.06859 1.4382 0 370 3.03601e-06
1.06934 1.4382 0 370 3.15371e-06
1.0701 1.4382 0 370 3.10719e-06
1.07085 1.4382 0 370 2.96906e-06
1.0716 1.4382 0 370 2.78892e-06
1.07235 1.4382 0 370 2.59725e-06
1.0731 1.4382 0 370 2.41063e-06
1.07385 1.4382 0 370 2.23759e-06
1.0746 1.4382 0 370 2.08118e-06
1.07535 1.4382 0 370 1.94205e-06
1.0761 1.4382 0 370 1.81947e-06
1.07685 1.4382 0 370 1.71169e-06
1.0776 1.4382 0 370 1.61718e-06
1.07835 1.4382 0 370 1.53398e-06
1.0791 1.4382 0 370 1.4608e-06
1.07985 1.4382 0 370 1.40991e-06
1.0806 1.4382 0 370 1.35163e-06
1.08135 1.4382 0 370 1.29985e-06
1.0821 1.4382 0 370 1.25373e-06
1.08285 1.4382 0 370 1.21254e-06
1.0836 1.4382 0 370 1.17555e-06
1.08435 1.4382 0 370 1.14224e-06
1.0851 1.4382 0 370 1.11212e-06
1.08585 1.4382 0 370 1.08486e-06
1.0866 1.4382 0 370 1.0601e-06
1.08735 1.4382 0 370 1.03752e-06
1.0881 1.4382 0 370 1.01688e-06
1.08885 1.4382 0 370 9.97966e-07
1.0896 1.4382 0 370 9.80638e-07
1.09035 1.4382 0 370 9.64668e-07
1.0911 1.4382 0 370 9.49945e-07
1.09185 1.4382 0 370 9.36357e-07
1.0926 1.4382 0 370 9.2379e-07
1.09335 1.4382 0 370 9.12154e-07
1.0941 1.4382 0 370 9.01369e-07
1.09485 1.4382 0 370 8.91361e-07
1.0956 1.4382 0 370 8.82073e-07
1.09635 1.4382 0 370 8.73452e-07
1.0971 1.4382 0 370 8.6543e-07
1.09785 1.4382 0 370 8.57976e-07
1.0986 1.4382 0 370 8.51046e-07
1.09935 1.4382 0 370 8.44609e-07
1.1001 1.4382 0 370 8.38631e-07
1.10085 1.4382 0 370 8.33086e-07
1.1016 1.4382 0 370 8.27947e-07
1.10235 1.4382 0 370 8.23188e-07
1.1031 1.4382 0 370 8.188e-07
1.10385 1.4382 0 370 8.14748e-07
1.1046 1.4382 0 370 8.11025e-07
1.10535 1.4382 0 370 8.07615e-07
1.1061 1.4382 0 370 8.04509e-07
1.10685 1.4382 0 370 8.01689e-07
1.1076 1.4382 0 370 7.99146e-07
1.10835 1.4382 0 370 7.96873e-07
1.1091 1.4382 0 370 7.94856e-07
1.10985 1.4382 0 370 7.93094e-07
1.1106 1.4382 0 370 7.91575e-07
1.11135 1.4382 0 370 7.90293e-07
1.1121 1.4382 0 370 7.89247e-07
1.11285 1.4382 0 370 7.88426e-07
1.1136 1.4382 0 370 7.8783e-07
1.11435 1.4382 0 370 7.87457e-07
1.1151 1.4382 0 370 7.87299e-07
1.11585 1.4382 0 370 7.87357e-07
1.1166 1.4382 0 370 7.87626e-07
1.11735 1.4382 0 370 7.88106e-07
1.1181 1.4382 0 370 7.89553e-07
1.11885 1.4382 0 370 7.90428e-07
1.1196 1.4382 0 370 7.91511e-07
1.12035 1.4382 0 370 7.92805e-07
1.1211 1.4382 0 370 7.94311e-07
1.12185 1.4382 0 370 7.96032e-07
1.1226 1.4382 0 370 7.98032e-07
1.12335 1.4382 0 370 8.00184e-07
1.1241 1.4382 0 370 8.02554e-07
1.12485 1.4382 0 370 8.05149e-07
1.1256 1.4382 0 370 8.0797e-07
1.12635 1.4382 0 370 8.11024e-07
1.1271 1.4382 0 370 8.14313e-07
1.12785 1.4382 0 370 8.17844e-07
1.1286 1.4382 0 370 8.21621e-07
1.12935 1.4382 0 370 8.25654e-07
1.13011 1.4382 0 370 8.29947e-07
1.13086 1.4382 0 370 8.34509e-07
1.13161 1.4382 0 370 8.39349e-07
1.13236 1.4382 0 370 8.44476e-07
1.13311 1.4382 0 370 8.49901e-07
1.13386 1.4382 0 370 8.55636e-07
1.13461 1.4382 0 370 8.61694e-07
1.13536 1.4382 0 370 8.68089e-07
1.13611 1.4382 0 370 8.74837e-07
1.13686 1.4382 0 370 8.81952e-07
1.13761 1.4382 0 370 8.89454e-07
1.13836 1.4382 0 370 8.97362e-07
1.13911 1.4382 0 370 9.05701e-07
1.13986 1.4382 0 370 9.14494e-07
1.14061 1.4382 0 370 9.23768e-07
1.14136 1.4382 0 370 9.33552e-07
1.14211 1.4382 0 370 9.43881e-07
1.14286 1.4382 0 370 9.5479e-07
1.14361 1.4382 0 370 9.66321e-07
1.14436 1.4382 0 370 9.78518e-07
1.14511 1.4382 0 370 9.91432e-07
1.14586 1.4382 0 370 1.00512e-06
1.14661 1.4382 0 370 1.01964e-06
1.14736 1.4382 0 370 1.03507e-06
1.14811 1.4382 0 370 1.05149e-06
1.14886 1.4382 0 370 1.06899e-06
1.14961 1.4382 0 370 1.08766e-06
1.15036 1.4382 0 370 1.10764e-06
1.15111 1.4382 0 370 1.12904e-06
1.15186 1.4382 0 370 1.15204e-06
1.15261 1.4382 0 370 1.17678e-06
1.15336 1.4382 0 370 1.20349e-06
1.15411 1.4382 0 370 1.2324e-06
1.15486 1.4382 0 370 1.26377e-06
1.15561 1.4382 0 370 1.29792e-06
1.15636 1.4382 0 370 1.33523e-06
1.15711 1.4382 0 370 1.37612e-06
1.15786 1.4382 0 370 1.42113e-06
1.15861 1.4382 0 370 1.47085e-06
1.15936 1.4382 0 370 1.52602e-06
1.16011 1.4382 0 370 1.58758e-06
1.16086 1.4382 0 370 1.65641e-06
1.16161 1.4382 0 370 1.73384e-06
1.16236 1.4382 0 370 1.82138e-06
1.16311 1.4382 0 370 1.92084e-06
1.16386 1.4382 0 370 2.03439e-06
1.16461 1.4382 0 370 2.16461e-06
1.16536 1.4382 0 370 2.31457e-06
1.16611 1.4382 0 370 2.48783e-06
1.16686 1.4382 0 370 2.68842e-06
1.16761 1.4382 0 370 2.9206e-06
1.16836 1.4382 0 370 3.1884e-06
1.16911 1.4382 0 370 3.49477e-06
1.16986 1.4382 0 370 3.83966e-06
1.17061 1.4382 0 370 4.21858e-06
1.17136 1.4382 0 370 4.61776e-06
1.17211 1.4382 0 370 5.01201e-06
1.17286 1.4382 0 370 5.36364e-06
1.17361 1.4382 0 370 5.62737e-06
1.17436 1.4382 0 370 5.76223e-06
1.17511 1.4382 0 370 5.74657e-06
1.17586 1.4382 0 370 5.5877e-06
1.17661 1.4382 0 370 5.31838e-06
1.17736 1.4382 0 370 4.98346e-06
1.17811 1.4382 0 370 4.62521e-06
1.17886 1.4382 0 370 4.27534e-06
1.17961 1.4382 0 370 3.95298e-06
1.18036 1.4382 0 370 3.66722e-06
1.18111 1.4382 0 370 3.42024e-06
1.18186 1.4382 0 370 3.21051e-06
1.18261 1.4382 0 370 3.03456e-06
1.18336 1.4382 0 370 2.88832e-06
1.18411 1.4382 0 370 2.76778e-06
1.18486 1.4382 0 370 2.66926e-06
1.18561 1.4382 0 370 2.58955e-06
1.18636 1.4382 0 370 2.52592e-06
1.18711 1.4382 0 370 2.47611e-06
1.18786 1.4382 0 370 2.4382e-06
1.18861 1.4382 0 370 2.41063e-06
1.18936 1.4382 0 370 2.39212e-06
1.19012 1.4382 0 370 2.38159e-06
1.19087 1.4382 0 370 2.37821e-06
1.19162 1.4382 0 370 2.38126e-06
1.19237 1.4382 0 370 2.39017e-06
1.19312 1.4382 0 370 2.40447e-06
1.19387 1.4382 0 370 2.4238e-06
1.19462 1.4382 0 370 2.44785e-06
1.19537 1.4382 0 370 2.47641e-06
1.19612 1.4382 0 370 2.50932e-06
1.19687 1.4382 0 370 2.54642e-06
1.19762 1.4382 0 370 2.58768e-06
1.19837 1.4382 0 370 2.63303e-06
1.19912 1.4382 0 370 2.68247e-06
1.19987 1.4382 0 370 2.73607e-06
1.20062 1.4382 0 370 2.79387e-06
1.20137 1.4382 0 370 2.85592e-06
1.20212 1.4382 0 370 2.92241e-06
1.20287 1.4382 0 370 2.99346e-06
1.20362 1.4382 0 370 3.06924e-06
1.20437 1.4382 0 370 3.14714e-06
1.20512 1.4382 0 370 3.23288e-06
1.20587 1.4382 0 370 3.32411e-06
1.20662 1.4382 0 370 3.42108e-06
1.20737 1.4382 0 370 3.52411e-06
1.20812 1.4382 0 370 3.6336e-06
1.20887 1.4382 0 370 3.74993e-06
1.20962 1.4382 0 370 3.8736e-06
1.21037 1.4382 0 370 4.00506e-06
1.21112 1.4382 0 370 4.14495e-06
1.21187 1.4382 0 370 4.29388e-06
1.21262 1.4382 0 370 4.45251e-06
1.21337 1.4382 0 370 4.62163e-06
1.21412 1.4382 0 370 4.80204e-06
1.21487 1.4382 0 370 4.99478e-06
1.21562 1.4382 0 370 5.20085e-06
1.21637 1.4382 0 370 5.42138e-06
1.21712 1.4382 0 370 5.65777e-06
1.21787 1.4382 0 370 5.91145e-06
1.21862 1.4382 0 370 6.18402e-06
1.21937 1.4382 0 370 6.47736e-06
1.22012 1.4382 0 370 6.79372e-06
1.22087 1.4382 0 370 7.13505e-06
1.22162 1.4382 0 370 7.50417e-06
1.22237 1.4382 0 370 7.90403e-06
1.22312 1.4382 0 370 8.33803e-06
1.22387 1.4382 0 370 8.81012e-06
1.22462 1.4382 0 370 9.32458e-06
1.22537 1.4382 0 370 9.88664e-06
1.22612 1.4382 0 370 1.0502e-05
1.22687 1.4382 0 370 1.11775e-05
1.22762 1.4382 0 370 1.19208e-05
1.22837 1.4382 0 370 1.27412e-05
1.22912 1.4382 0 370 1.36491e-05
1.22987 1.4382 0 370 1.46568e-05
1.23062 1.4382 0 370 1.57787e-05
1.23137 1.4382 0 370 1.70322e-05
1.23212 1.4382 0 370 1.84372e-05
1.23287 1.4382 0 370 2.00179e-05
1.23362 1.4382 0 370 2.18025e-05
1.23437 1.4382 0 370 2.38255e-05
1.23512 1.4382 0 370 2.61274e-05
1.23587 1.4382 0 370 2.87565e-05
1.23662 1.4382 0 370 3.17713e-05
1.23737 1.4382 0 370 3.52408e-05
1.23812 1.4382 0 370 3.92477e-05
1.23887 1.4382 0 370 4.38875e-05
1.23962 1.4382 0 370 4.92708e-05
1.24037 1.4382 0 370 5.55199e-05
1.24112 1.4382 0 370 6.27618e-05
1.24187 1.4382 0 370 7.11165e-05
1.24262 1.4382 0 370 8.06654e-05
1.24337 1.4382 0 370 9.14061e-05
1.24412 1.4382 0 370 0.000103181
1.24487 1.4382 0 370 0.000115583
1.24562 1.4382 0 370 0.000127868
1.24637 1.4382 0 370 0.00013892
1.24712 1.4382 0 370 0.000147374
1.24787 1.4382 0 370 0.000151925
1.24862 1.4382 0 370 0.000151767
1.24937 1.4382 0 370 0.000146919
1.25013 1.4382 0 370 0.00013822
1.25088 1.4382 0 370 0.000127004
1.25163 1.4382 0 370 0.000114648
1.25238 1.4382 0 370 0.000102484
1.25313 1.4382 0 370 9.07469e-05
1.25388 1.4382 0 370 8.00751e-05
1.25463 1.4382 0 370 7.06071e-05
1.25538 1.4382 0 370 6.23309e-05
1.25613 1.4382 0 370 5.51577e-05
1.25688 1.4382 0 370 4.89669e-05
1.25763 1.4382 0 370 4.36311e-05
1.25838 1.4382 0 370 3.90299e-05
1.25913 1.4382 0 370 3.50542e-05
1.25988 1.4382 0 370 3.16097e-05
1.26063 1.4382 0 370 2.86158e-05
1.26138 1.4382 0 370 2.60038e-05
1.26213 1.4382 0 370 2.37163e-05
1.26288 1.4382 0 370 2.17056e-05
1.26363 1.4382 0 370 1.99308e-05
1.26438 1.4382 0 370 1.83586e-05
1.26513 1.4382 0 370 1.69606e-05
1.26588 1.4382 0 370 1.57132e-05
1.26663 1.4382 0 370 1.45963e-05
1.26738 1.4382 0 370 1.35928e-05
1.26813 1.4382 0 370 1.26884e-05
1.26888 1.4382 0 370 1.18709e-05
1.26963 1.4382 0 370 1.11298e-05
1.27038 1.4382 0 370 1.04561e-05
1.27113 1.4382 0 370 9.84204e-06
1.27188 1.4382 0 370 9.281e-06
1.27263 1.4382 0 370 8.76716e-06
1.27338 1.4382 0 370 8.29547e-06
1.27413 1.4382 0 370 7.86148e-06
1.27488 1.4382 0 370 7.46143e-06
1.27563 1.4382 0 370 7.09186e-06
1.27638 1.4382 0 370 6.74983e-06
1.27713 1.4382 0 370 6.43272e-06
1.27788 1.4382 0 370 6.13823e-06
1.27863 1.4382 0 370 5.86421e-06
1.27938 1.4382 0 370 5.60888e-06
1.28013 1.4382 0 370 5.37059e-06
1.28088 1.4382 0 370 5.14788e-06
1.28163 1.4382 0 370 4.93948e-06
1.28238 1.4382 0 370 4.74416e-06
1.28313 1.4382 0 370 4.56093e-06
1.28388 1.4382 0 370 4.38877e-06
1.28463 1.4382 0 370 4.22681e-06
1.28538 1.4382 0 370 4.07428e-06
1.28613 1.4382 0 370 3.93052e-06
1.28688 1.4382 0 370 3.79481e-06
1.28763 1.4382 0 370 3.6666e-06
1.28838 1.4382 0 370 3.54534e-06
1.28913 1.4382 0 370 3.43056e-06
1.28988 1.4382 0 370 3.32183e-06
1.29063 1.4382 0 370 3.21871e-06
1.29138 1.4382 0 370 3.12082e-06
1.29213 1.4382 0 370 3.02783e-06
1.29288 1.4382 0 370 2.93943e-06
1.29363 1.4382 0 370 2.85533e-06
1.29438 1.4382 0 370 2.77525e-06
1.29513 1.4382 0 370 2.6989e-06
1.29588 1.4382 0 370 2.6261e-06
1.29663 1.4382 0 370 2.55663e-06
1.29738 1.4382 0 370 2.49028e-06
1.29813 1.4382 0 370 2.42687e-06
1.29888 1.4382 0 370 2.36623e-06
1.29963 1.4382 0 370 2.3082e-06
1.30038 1.4382 0 370 2.25262e-06
1.30113 1.4382 0 370 2.19935e-06
1.30188 1.4382 0 370 2.14826e-06
1.30263 1.4382 0 370 2.09926e-06
1.30338 1.4382 0 370 2.05217e-06
1.30413 1.4382 0 370 2.00688e-06
1.30488 1.4382 0 370 1.96212e-06
1.30563 1.4382 0 370 1.92016e-06
1.30638 1.4382 0 370 1.87974e-06
1.30713 1.4382 0 370 1.84075e-06
1.30788 1.4382 0 370 1.80311e-06
1.30863 1.4382 0 370 1.76675e-06
1.30938 1.4382 0 370 1.73156e-06
1.31014 1.4382 0 370 1.69743e-06
1.31089 1.4382 0 370 1.6644e-06
1.31164 1.4382 0 370 1.63224e-06
1.31239 1.4382 0 370 1.60099e-06
1.31314 1.4382 0 370 1.57052e-06
1.31389 1.4382 0 370 1.54076e-06
1.31464 1.4382 0 370 1.51159e-06
1.31539 1.4382 0 370 1.48301e-06
1.31614 1.4382 0 370 1.45482e-06
1.31689 1.4382 0 370 1.42702e-06
1.31764 1.4382 0 370 1.39945e-06
1.31839 1.4382 0 370 1.37201e-06
1.31914 1.4382 0 370 1.3446e-06
1.31989 1.4382 0 370 1.31706e-06
1.32064 1.4382 0 370 1.28926e-06
1.32139 1.4382 0 370 1.26099e-06
1.32214 1.4382 0 370 1.23209e-06
1.32289 1.4382 0 370 1.20233e-06
1.32364 1.4382 0 370 1.17146e-06
1.32439 1.4382 0 370 1.13911e-06
1.32514 1.4382 0 370 1.10506e-06
1.32589 1.4382 0 370 1.06883e-06
1.32664 1.4382 0 370 1.02986e-06
1.32739 1.4382 0 370 9.87716e-07
1.32814 1.4382 0 370 9.41614e-07
1.32889 1.4382 0 370 8.90861e-07
1.32964 1.4382 0 370 8.34372e-07
1.33039 1.4382 0 370 7.71067e-07
1.33114 1.4382 0 370 6.99518e-07
1.33189 1.4382 0 370 6.18112e-07
1.33264 1.4382 0 370 5.24785e-07
1.33339 1.4382 0 370 4.17122e-07
1.33414 1.4382 0 370 2.92152e-07
1.33489 1.4382 0 370 1.46353e-07
1.33564 1.4382 0 370 -2.43115e-08
1.33639 1.4382 0 370 -2.23663e-07
1.33714 1.4382 0 370 -4.58134e-07
1.33789 1.4382 0 370 -7.32707e-07
1.33864 1.4382 0 370 -1.05313e-06
1.33939 1.4382 0 370 -1.42224e-06
1.34014 1.4382 0 370 -1.84085e-06
1.34089 1.4382 0 370 -2.30412e-06
1.34164 1.4382 0 370 -2.79586e-06
1.34239 1.4382 0 370 -3.28536e-06
1.34314 1.4382 0 370 -3.72274e-06
1.34389 1.4382 0 370 -4.03227e-06
1.34464 1.4382 0 370 -4.12675e-06
1.34539 1.4382 0 370 -3.92114e-06
1.34614 1.4382 0 370 -3.36597e-06
1.34689 1.4382 0 370 -2.47774e-06
1.34764 1.4382 0 370 -1.35209e-06
1.34839 1.4382 0 370 -1.41549e-07
1.34914 1.4382 0 370 9.94273e-07
1.34989 1.4382 0 370 1.936e-06
1.35064 1.4382 0 370 2.62709e-06
1.35139 1.4382 0 370 3.07015e-06
1.35214 1.4382 0 370 3.30262e-06
1.35289 1.4382 0 370 3.37606e-06
1.35364 1.4382 0 370 3.34148e-06
1.35439 1.4382 0 370 3.24021e-06
1.35514 1.4382 0 370 3.10276e-06
1.35589 1.4382 0 370 2.95015e-06
1.35664 1.4382 0 370 2.79634e-06
1.35739 1.4382 0 370 2.64872e-06
1.35814 1.4382 0 370 2.51197e-06
1.35889 1.4382 0 370 2.38812e-06
1.35964 1.4382 0 370 2.27785e-06
1.36039 1.4382 0 370 2.18093e-06
1.36114 1.4382 0 370 2.09666e-06
1.36189 1.4382 0 370 2.05425e-06
1.36264 1.4382 0 370 1.98993e-06
1.36339 1.4382 0 370 1.93557e-06
1.36414 1.4382 0 370 1.89043e-06
1.36489 1.4382 0 370 1.85372e-06
1.36564 1.4382 0 370 1.82472e-06
1.36639 1.4382 0 370 1.80285e-06
1.36714 1.4382 0 370 1.78757e-06
1.36789 1.4382 0 370 1.77845e-06
1.36864 1.4382 0 370 1.77528e-06
1.36939 1.4382 0 370 1.77766e-06
1.37015 1.4382 0 370 1.7855e-06
1.3709 1.4382 0 370 1.79869e-06
1.37165 1.4382 0 370 1.81724e-06
1.3724 1.4382 0 370 1.8412e-06
1.37315 1.4382 0 370 1.87068e-06
1.3739 1.4382 0 370 1.90591e-06
1.37465 1.4382 0 370 1.94708e-06
1.3754 1.4382 0 370 1.99456e-06
1.37615 1.4382 0 370 2.0488e-06
1.3769 1.4382 0 370 2.11035e-06
1.37765 1.4382 0 370 2.17978e-06
1.3784 1.4382 0 370 2.25787e-06
1.37915 1.4382 0 370 2.34549e-06
1.3799 1.4382 0 370 2.44368e-06
1.38065 1.4382 0 370 2.55367e-06
1.3814 1.4382 0 370 2.67688e-06
1.38215 1.4382 0 370 2.81499e-06
1.3829 1.4382 0 370 2.96993e-06
1.38365 1.4382 0 370 3.14404e-06
1.3844 1.4382 0 370 3.34e-06
1.38515 1.4382 0 370 3.56096e-06
1.3859 1.4382 0 370 3.81059e-06
1.38665 1.4382 0 370 4.09331e-06
1.3874 1.4382 0 370 4.41408e-06
1.38815 1.4382 0 370 4.77876e-06
1.3889 1.4382 0 370 5.19401e-06
1.38965 1.4382 0 370 5.66742e-06
1.3904 1.4382 0 370 6.20736e-06
1.39115 1.4382 0 370 6.82265e-06
1.3919 1.4382 0 370 7.52209e-06
1.39265 1.4382 0 370 8.31335e-06
1.3934 1.4382 0 370 9.20119e-06
1.39415 1.4382 0 370 1.01847e-05
1.3949 1.4382 0 370 1.12534e-05
1.39565 1.4382 0 370 1.23822e-05
1.3964 1.4382 0 370 1.35265e-05
1.39715 1.4382 0 370 1.46192e-05
1.3979 1.4382 0 370 1.55726e-05
1.39865 1.4382 0 370 1.62902e-05
1.3994 1.4382 0 370 1.66854e-05
1.40015 1.4382 0 370 1.67058e-05
1.4009 1.4382 0 370 1.63493e-05
1.40165 1.4382 0 370 1.56643e-05
1.4024 1.4382 0 370 1.4735e-05
1.40315 1.4382 0 370 1.36569e-05
1.4039 1.4382 0 370 1.25201e-05
1.40465 1.4382 0 370 1.13927e-05
1.4054 1.4382 0 370 1.0321e-05
1.40615 1.4382 0 370 9.33131e-06
1.4069 1.4382 0 370 8.43558e-06
1.40765 1.4382 0 370 7.6354e-06
1.4084 1.4382 0 370 6.92638e-06
1.40915 1.4382 0 370 6.30157e-06
1.4099 1.4382 0 370 5.7521e-06
1.41065 1.4382 0 370 5.26927e-06
1.4114 1.4382 0 370 4.84477e-06
1.41215 1.4382 0 370 4.47107e-06
1.4129 1.4382 0 370 4.14143e-06
1.41365 1.4382 0 370 3.84998e-06
1.4144 1.4382 0 370 3.59161e-06
1.41515 1.4382 0 370 3.36199e-06
1.4159 1.4382 0 370 3.15732e-06
1.41665 1.4382 0 370 2.97441e-06
1.4174 1.4382 0 370 2.81049e-06
1.41815 1.4382 0 370 2.66323e-06
1.4189 1.4382 0 370 2.53056e-06
1.41965 1.4382 0 370 2.41074e-06
1.4204 1.4382 0 370 2.30231e-06
1.42115 1.4382 0 370 2.20396e-06
1.4219 1.4382 0 370 2.11455e-06
1.42265 1.4382 0 370 2.03311e-06
1.4234 1.4382 0 370 1.95895e-06
1.42415 1.4382 0 370 1.89101e-06
1.4249 1.4382 0 370 1.82882e-06
1.42565 1.4382 0 370 1.77179e-06
1.4264 1.4382 0 370 1.71944e-06
1.42715 1.4382 0 370 1.67131e-06
1.4279 1.4382 0 370 1.62704e-06
1.42865 1.4382 0 370 1.58624e-06
1.4294 1.4382 0 370 1.54864e-06
1.43016 1.4382 0 370 1.51393e-06
1.43091 1.4382 0 370 1.48192e-06
1.43166 1.4382 0 370 1.45232e-06
1.43241 1.4382 0 370 1.42497e-06
1.43316 1.4382 0 370 1.3997e-06
1.43391 1.4382 0 370 1.37633e-06
1.43466 1.4382 0 370 1.35473e-06
1.43541 1.4382 0 370 1.33481e-06
1.43616 1.4382 0 370 1.31636e-06
1.43691 1.4382 0 370 1.29931e-06
1.43766 1.4382 0 370 1.28358e-06
1.43841 1.4382 0 370 1.26905e-06
1.43916 1.4382 0 370 1.25564e-06
1.43991 1.4382 0 370 1.2433e-06
1.44066 1.4382 0 370 1.23191e-06
1.44141 1.4382 0 370 1.22141e-06
1.44216 1.4382 0 370 1.21174e-06
1.44291 1.4382 0 370 1.20283e-06
1.44366 1.4382 0 370 1.19462e-06
1.44441 1.4382 0 370 1.18702e-06
1.44516 1.4382 0 370 1.18003e-06
1.44591 1.4382 0 370 1.17356e-06
1.44666 1.4382 0 370 1.16748e-06
1.44741 1.4382 0 370 1.16175e-06
1.44816 1.4382 0 370 1.15631e-06
1.44891 1.4382 0 370 1.15104e-06
1.44966 1.4382 0 370 1.14584e-06
1.45041 1.4382 0 370 1.14062e-06
1.45116 1.4382 0 370 1.13523e-06
1.45191 1.4382 0 370 1.12978e-06
1.45266 1.4382 0 370 1.12364e-06
1.45341 1.4382 0 370 1.11683e-06
1.45416 1.4382 0 370 1.10909e-06
1.45491 1.4382 0 370 1.10026e-06
1.45566 1.4382 0 370 1.08984e-06
1.45641 1.4382 0 370 1.0775e-06
1.45716 1.4382 0 370 1.06279e-06
1.45791 1.4382 0 370 1.04523e-06
1.45866 1.4382 0 370 1.02413e-06
1.45941 1.4382 0 370 9.98744e-07
1.46016 1.4382 0 370 9.68331e-07
1.46091 1.4382 0 370 9.32604e-07
1.46166 1.4382 0 370 8.90215e-07
1.46241 1.4382 0 370 8.40292e-07
1.46316 1.4382 0 370 7.82994e-07
1.46391 1.4382 0 370 7.19068e-07
1.46466 1.4382 0 370 6.50575e-07
1.46541 1.4382 0 370 5.80148e-07
1.46616 1.4382 0 370 5.14654e-07
1.46691 1.4382 0 370 4.63751e-07
1.46766 1.4382 0 370 4.39101e-07
1.46841 1.4382 0 370 4.54473e-07
1.46916 1.4382 0 370 5.2132e-07
1.46991 1.4382 0 370 6.45521e-07
1.47066 1.4382 0 370 8.22334e-07
1.47141 1.4382 0 370 1.03631e-06
1.47216 1.4382 0 370 1.2645e-06
1.47291 1.4382 0 370 1.48234e-06
1.47366 1.4382 0 370 1.67224e-06
1.47441 1.4382 0 370 1.82366e-06
1.47516 1.4382 0 370 1.93508e-06
1.47591 1.4382 0 370 2.01097e-06
1.47666 1.4382 0 370 2.05836e-06
1.47741 1.4382 0 370 2.0866e-06
1.47816 1.4382 0 370 2.10077e-06
1.47891 1.4382 0 370 2.10742e-06
1.47966 1.4382 0 370 2.11067e-06
1.48041 1.4382 0 370 2.11352e-06
1.48116 1.4382 0 370 2.11781e-06
1.48191 1.4382 0 370 2.12498e-06
1.48266 1.4382 0 370 2.13568e-06
1.48341 1.4382 0 370 2.15035e-06
1.48416 1.4382 0 370 2.16919e-06
1.48491 1.4382 0 370 2.19237e-06
1.48566 1.4382 0 370 2.21995e-06
1.48641 1.4382 0 370 2.25197e-06
1.48716 1.4382 0 370 2.28838e-06
1.48791 1.4382 0 370 2.32919e-06
1.48866 1.4382 0 370 2.37438e-06
1.48941 1.4382 0 370 2.42385e-06
1.49017 1.4382 0 370 2.4775e-06
1.49092 1.4382 0 370 2.53331e-06
1.49167 1.4382 0 370 2.59414e-06
1.49242 1.4382 0 370 2.65786e-06
1.49317 1.4382 0 370 2.72372e-06
1.49392 1.4382 0 370 2.7909e-06
1.49467 1.4382 0 370 2.85868e-06
1.49542 1.4382 0 370 2.92657e-06
1.49617 1.4382 0 370 2.9944e-06
1.49692 1.4382 0 370 3.06254e-06
1.49767 1.4382 0 370 3.1318e-06
1.49842 1.4382 0 370 3.20321e-06
1.49917 1.4382 0 370 3.27794e-06
1.49992 1.4382 0 370 3.35718e-06
1.50067 1.4382 0 370 3.44189e-06
1.50142 1.4382 0 370 3.53297e-06
1.50217 1.4382 0 370 3.63113e-06
1.50292 1.4382 0 370 3.73699e-06
1.50367 1.4382 0 370 3.85109e-06
1.50442 1.4382 0 370 3.97399e-06
1.50517 1.4382 0 370 4.10622e-06
1.50592 1.4382 0 370 4.24832e-06
1.50667 1.4382 0 370 4.40101e-06
1.50742 1.4382 0 370 4.56497e-06
1.50817 1.4382 0 370 4.74101e-06
1.50892 1.4382 0 370 4.93002e-06
1.50967 1.4382 0 370 5.13303e-06
1.51042 1.4382 0 370 5.35122e-06
1.51117 1.4382 0 370 5.58589e-06
1.51192 1.4382 0 370 5.8385e-06
1.51267 1.4382 0 370 6.11071e-06
1.51342 1.4382 0 370 6.40438e-06
1.51417 1.4382 0 370 6.72164e-06
1.51492 1.4382 0 370 7.06484e-06
1.51567 1.4382 0 370 7.43669e-06
1.51642 1.4382 0 370 7.84027e-06
1.51717 1.4382 0 370 8.27904e-06
1.51792 1.4382 0 370 8.75702e-06
1.51867 1.4382 0 370 9.27861e-06
1.51942 1.4382 0 370 9.84909e-06
1.52017 1.4382 0 370 1.04743e-05
1.52092 1.4382 0 370 1.1161e-05
1.52167 1.4382 0 370 1.19171e-05
1.52242 1.4382 0 370 1.27512e-05
1.52317 1.4382 0 370 1.36742e-05
1.52392 1.4382 0 370 1.46975e-05
1.52467 1.4382 0 370 1.58354e-05
1.52542 1.4382 0 370 1.71035e-05
1.52617 1.4382 0 370 1.85202e-05
1.52692 1.4382 0 370 2.01068e-05
1.52767 1.4382 0 370 2.18875e-05
1.52842 1.4382 0 370 2.38899e-05
1.52917 1.4382 0 370 2.61452e-05
1.52992 1.4382 0 370 2.86875e-05
1.53067 1.4382 0 370 3.15539e-05
1.53142 1.4382 0 370 3.47825e-05
1.53217 1.4382 0 370 3.84105e-05
1.53292 1.4382 0 370 4.24685e-05
1.53367 1.4382 0 370 4.6974e-05
1.53442 1.4382 0 370 5.19196e-05
1.53517 1.4382 0 370 5.72591e-05
1.53592 1.4382 0 370 6.28883e-05
1.53667 1.4382 0 370 6.86262e-05
1.53742 1.4382 0 370 7.42018e-05
1.53817 1.4382 0 370 7.92577e-05
1.53892 1.4382 0 370 8.33807e-05
1.53967 1.4382 0 370 8.61657e-05
1.54042 1.4382 0 370 8.73023e-05
1.54117 1.4382 0 370 8.66558e-05
1.54192 1.4382 0 370 8.43015e-05
1.54267 1.4382 0 370 8.05086e-05
1.54342 1.4382 0 370 7.5665e-05
1.54417 1.4382 0 370 7.01898e-05
1.54492 1.4382 0 370 6.44613e-05
1.54567 1.4382 0 370 5.87756e-05
1.54642 1.4382 0 370 5.33382e-05
1.54717 1.4382 0 370 4.8273e-05
1.54792 1.4382 0 370 4.36399e-05
1.54867 1.4382 0 370 3.94553e-05
1.54942 1.4382 0 370 3.57072e-05
1.55018 1.4382 0 370 3.23678e-05
1.55093 1.4382 0 370 2.94015e-05
1.55168 1.4382 0 370 2.67704e-05
1.55243 1.4382 0 370 2.4437e-05
1.55318 1.4382 0 370 2.2366e-05
1.55393 1.4382 0 370 2.05255e-05
1.55468 1.4382 0 370 1.8887e-05
1.55543 1.4382 0 370 1.74253e-05
1.55618 1.4382 0 370 1.61183e-05
1.55693 1.4382 0 370 1.49468e-05
1.55768 1.4382 0 370 1.38942e-05
1.55843 1.4382 0 370 1.29461e-05
1.55918 1.4382 0 370 1.20898e-05
1.55993 1.4382 0 370 1.13149e-05
1.56068 1.4382 0 370 1.06117e-05
1.56143 1.4382 0 370 9.97211e-06
1.56218 1.4382 0 370 9.3891e-06
1.56293 1.4382 0 370 8.85649e-06
1.56368 1.4382 0 370 8.3689e-06
1.56443 1.4382 0 370 7.92162e-06
1.56518 1.4382 0 370 7.51049e-06
1.56593 1.4382 0 370 7.13164e-06
1.56668 1.4382 0 370 6.78205e-06
1.56743 1.4382 0 370 6.45906e-06
1.56818 1.4382 0 370 6.16012e-06
1.56893 1.4382 0 370 5.88301e-06
1.56968 1.4382 0 370 5.62575e-06
1.57043 1.4382 0 370 5.38661e-06
1.57118 1.4382 0 370 5.16399e-06
1.57193 1.4382 0 370 4.95651e-06
1.57268 1.4382 0 370 4.76288e-06
1.57343 1.4382 0 370 4.58199e-06
1.57418 1.4382 0 370 4.4128e-06
1.57493 1.4382 0 370 4.25441e-06
1.57568 1.4382 0 370 4.10601e-06
1.57643 1.4382 0 370 3.96685e-06
1.57718 1.4382 0 370 3.83623e-06
1.57793 1.4382 0 370 3.71355e-06
1.57868 1.4382 0 370 3.59825e-06
1.57943 1.4382 0 370 3.48982e-06
1.58018 1.4382 0 370 3.38782e-06
1.58093 1.4382 0 370 3.29181e-06
1.58168 1.4382 0 370 3.2014e-06
1.58243 1.4382 0 370 3.11627e-06
1.58318 1.4382 0 370 3.03608e-06
1.58393 1.4382 0 370 2.96057e-06
1.58468 1.4382 0 370 2.88946e-06
1.58543 1.4382 0 370 2.82249e-06
1.58618 1.4382 0 370 2.75945e-06
1.58693 1.4382 0 370 2.70015e-06
1.58768 1.4382 0 370 2.6444e-06
1.58843 1.4382 0 370 2.59203e-06
1.58918 1.4382 0 370 2.54289e-06
1.58993 1.4382 0 370 2.49684e-06
1.59068 1.4382 0 370 2.45375e-06
1.59143 1.4382 0 370 2.41352e-06
1.59218 1.4382 0 370 2.37604e-06
1.59293 1.4382 0 370 2.34123e-06
1.59368 1.4382 0 370 2.30901e-06
1.59443 1.4382 0 370 2.27932e-06
1.59518 1.4382 0 370 2.2521e-06
1.59593 1.4382 0 370 2.22728e-06
1.59668 1.4382 0 370 2.20484e-06
1.59743 1.4382 0 370 2.18477e-06
1.59818 1.4382 0 370 2.16702e-06
1.59893 1.4382 0 370 2.1516e-06
1.59968 1.4382 0 370 2.13848e-06
1.60043 1.4382 0 370 2.12772e-06
1.60118 1.4382 0 370 2.11931e-06
1.60193 1.4382 0 370 2.11327e-06
1.60268 1.4382 0 370 2.10967e-06
1.60343 1.4382 0 370 2.10856e-06
1.60418 1.4382 0 370 2.11e-06
1.60493 1.4382 0 370 2.11406e-06
1.60568 1.4382 0 370 2.12087e-06
1.60643 1.4382 0 370 2.13052e-06
1.60718 1.4382 0 370 2.14314e-06
1.60793 1.4382 0 370 2.1589e-06
1.60868 1.4382 0 370 2.17795e-06
1.60943 1.4382 0 370 2.20051e-06
1.61019 1.4382 0 370 2.22672e-06
1.61094 1.4382 0 370 2.25698e-06
1.61169 1.4382 0 370 2.2915e-06
1.61244 1.4382 0 370 2.33058e-06
1.61319 1.4382 0 370 2.37466e-06
1.61394 1.4382 0 370 2.42413e-06
1.61469 1.4382 0 370 2.47943e-06
1.61544 1.4382 0 370 2.54117e-06
1.61619 1.4382 0 370 2.60993e-06
1.61694 1.4382 0 370 2.68635e-06
1.61769 1.4382 0 370 2.77132e-06
1.61844 1.4382 0 370 2.86564e-06
1.61919 1.4382 0 370 2.9704e-06
1.61994 1.4382 0 370 3.0867e-06
1.62069 1.4382 0 370 3.21584e-06
1.62144 1.4382 0 370 3.35923e-06
1.62219 1.4382 0 370 3.51862e-06
1.62294 1.4382 0 370 3.69586e-06
1.62369 1.4382 0 370 3.89304e-06
1.62444 1.4382 0 370 4.11267e-06
1.62519 1.4382 0 370 4.35747e-06
1.62594 1.4382 0 370 4.63056e-06
1.62669 1.4382 0 370 4.9355e-06
1.62744 1.4382 0 370 5.2762e-06
1.62819 1.4382 0 370 5.65695e-06
1.62894 1.4382 0 370 6.08212e-06
1.62969 1.4382 0 370 6.55604e-06
1.63044 1.4382 0 370 7.08252e-06
1.63119 1.4382 0 370 7.66415e-06
1.63194 1.4382 0 370 8.30111e-06
1.63269 1.4382 0 370 8.99091e-06
1.63344 1.4382 0 370 9.72479e-06
1.63419 1.4382 0 370 1.04874e-05
1.63494 1.4382 0 370 1.12539e-05
1.63569 1.4382 0 370 1.19888e-05
1.63644 1.4382 0 370 1.26455e-05
1.63719 1.4382 0 370 1.31704e-05
1.63794 1.4382 0 370 1.35088e-05
1.63869 1.4382 0 370 1.36158e-05
1.63944 1.4382 0 370 1.34669e-05
1.64019 1.4382 0 370 1.30673e-05
1.64094 1.4382 0 370 1.24564e-05
1.64169 1.4382 0 370 1.17008e-05
1.64244 1.4382 0 370 1.08842e-05
1.64319 1.4382 0 370 1.00923e-05
1.64394 1.4382 0 370 9.39659e-06
1.64469 1.4382 0 370 8.84114e-06
1.64544 1.4382 0 370 8.43735e-06
1.64619 1.4382 0 370 8.16458e-06
1.64694 1.4382 0 370 7.98068e-06
1.64769 1.4382 0 370 7.83624e-06
1.64844 1.4382 0 370 7.69637e-06
1.64919 1.4382 0 370 7.53252e-06
1.64994 1.4382 0 370 7.31838e-06
1.65069 1.4382 0 370 7.05412e-06
1.65144 1.4382 0 370 6.75082e-06
1.65219 1.4382 0 370 6.42094e-06
1.65294 1.4382 0 370 6.07793e-06
1.65369 1.4382 0 370 5.73335e-06
1.65444 1.4382 0 370 5.39613e-06
1.65519 1.4382 0 370 5.0725e-06
1.65594 1.4382 0 370 4.76644e-06
1.65669 1.4382 0 370 4.48012e-06
1.65744 1.4382 0 370 4.21423e-06
1.65819 1.4382 0 370 3.96895e-06
1.65894 1.4382 0 370 3.7431e-06
1.65969 1.4382 0 370 3.53587e-06
1.66044 1.4382 0 370 3.346e-06
1.66119 1.4382 0 370 3.17215e-06
1.66194 1.4382 0 370 3.01299e-06
1.66269 1.4382 0 370 2.86721e-06
1.66344 1.4382 0 370 2.73364e-06
1.66419 1.4382 0 370 2.61114e-06
1.66494 1.4382 0 370 2.49868e-06
1.66569 1.4382 0 370 2.39544e-06
1.66644 1.4382 0 370 2.30032e-06
1.66719 1.4382 0 370 2.21269e-06
1.66794 1.4382 0 370 2.13185e-06
1.66869 1.4382 0 370 2.0572e-06
1.66944 1.4382 0 370 1.98817e-06
1.6702 1.4382 0 370 1.92427e-06
1.67095 1.4382 0 370 1.86509e-06
1.6717 1.4382 0 370 1.81012e-06
1.67245 1.4382 0 370 1.75906e-06
1.6732 1.4382 0 370 1.71158e-06
1.67395 1.4382 0 370 1.66736e-06
1.6747 1.4382 0 370 1.62627e-06
1.67545 1.4382 0 370 1.5879e-06
1.6762 1.4382 0 370 1.55217e-06
1.67695 1.4382 0 370 1.5188e-06
1.6777 1.4382 0 370 1.48772e-06
1.67845 1.4382 0 370 1.45881e-06
1.6792 1.4382 0 370 1.43205e-06
1.67995 1.4382 0 370 1.40734e-06
1.6807 1.4382 0 370 1.38477e-06
1.68145 1.4382 0 370 1.36431e-06
1.6822 1.4382 0 370 1.34604e-06
1.68295 1.4382 0 370 1.33001e-06
1.6837 1.4382 0 370 1.31608e-06
1.68445 1.4382 0 370 1.30418e-06
1.6852 1.4382 0 370 1.29409e-06
1.68595 1.4382 0 370 1.28561e-06
1.6867 1.4382 0 370 1.27854e-06
1.68745 1.4382 0 370 1.27254e-06
1.6882 1.4382 0 370 1.26754e-06
1.68895 1.4382 0 370 1.26362e-06
1.6897 1.4382 0 370 1.26055e-06
1.69045 1.4382 0 370 1.25848e-06
1.6912 1.4382 0 370 1.25747e-06
1.69195 1.4382 0 370 1.25755e-06
1.6927 1.4382 0 370 1.25875e-06
1.69345 1.4382 0 370 1.26105e-06
1.6942 1.4382 0 370 1.26438e-06
1.69495 1.4382 0 370 1.26866e-06
1.6957 1.4382 0 370 1.27353e-06
1.69645 1.4382 0 370 1.27866e-06
1.6972 1.4382 0 370 1.28351e-06
1.69795 1.4382 0 370 1.28734e-06
1.6987 1.4382 0 370 1.28912e-06
1.69945 1.4382 0 370 1.28779e-06
1.7002 1.4382 0 370 1.28154e-06
1.70095 1.4382 0 370 1.26897e-06
1.7017 1.4382 0 370 1.24867e-06
1.70245 1.4382 0 370 1.2196e-06
1.7032 1.4382 0 370 1.18182e-06
1.70395 1.4382 0 370 1.1365e-06
1.7047 1.4382 0 370 1.08661e-06
1.70545 1.4382 0 370 1.03719e-06
1.7062 1.4382 0 370 9.94839e-07
1.70695 1.4382 0 370 9.68265e-07
1.7077 1.4382 0 370 9.66885e-07
1.70845 1.4382 0 370 9.99776e-07
1.7092 1.4382 0 370 1.07362e-06
1.70995 1.4382 0 370 1.19044e-06
1.7107 1.4382 0 370 1.34752e-06
1.71145 1.4382 0 370 1.53546e-06
1.7122 1.4382 0 370 1.74137e-06
1.71295 1.4382 0 370 1.95098e-06
1.7137 1.4382 0 370 2.1521e-06
1.71445 1.4382 0 370 2.33671e-06
1.7152 1.4382 0 370 2.50174e-06
1.71595 1.4382 0 370 2.64828e-06
1.7167 1.4382 0 370 2.78034e-06
1.71745 1.4382 0 370 2.90341e-06
1.7182 1.4382 0 370 3.02325e-06
1.71895 1.4382 0 370 3.14502e-06
1.7197 1.4382 0 370 3.27294e-06
1.72045 1.4382 0 370 3.40989e-06
1.7212 1.4382 0 370 3.55707e-06
1.72195 1.4382 0 370 3.71408e-06
1.7227 1.4382 0 370 3.87868e-06
1.72345 1.4382 0 370 4.04632e-06
1.7242 1.4382 0 370 4.21054e-06
1.72495 1.4382 0 370 4.36256e-06
1.7257 1.4382 0 370 4.49241e-06
1.72645 1.4382 0 370 4.58973e-06
1.7272 1.4382 0 370 4.64529e-06
1.72795 1.4382 0 370 4.6526e-06
1.7287 1.4382 0 370 4.60914e-06
1.72945 1.4382 0 370 4.5169e-06
1.73021 1.4382 0 370 4.382e-06
1.73096 1.4382 0 370 4.21333e-06
1.73171 1.4382 0 370 4.02125e-06
1.73246 1.4382 0 370 3.81582e-06
1.73321 1.4382 0 370 3.60595e-06
1.73396 1.4382 0 370 3.39873e-06
1.73471 1.4382 0 370 3.19931e-06
1.73546 1.4382 0 370 3.01112e-06
1.73621 1.4382 0 370 2.83608e-06
1.73696 1.4382 0 370 2.67505e-06
1.73771 1.4382 0 370 2.52809e-06
1.73846 1.4382 0 370 2.39477e-06
1.73921 1.4382 0 370 2.27434e-06
1.73996 1.4382 0 370 2.16602e-06
1.74071 1.4382 0 370 2.06846e-06
1.74146 1.4382 0 370 1.98087e-06
1.74221 1.4382 0 370 1.90227e-06
1.74296 1.4382 0 370 1.83178e-06
1.74371 1.4382 0 370 1.76857e-06
1.74446 1.4382 0 370 1.7119e-06
1.74521 1.4382 0 370 1.6611e-06
1.74596 1.4382 0 370 1.61558e-06
1.74671 1.4382 0 370 1.57479e-06
1.74746 1.4382 0 370 1.53827e-06
1.74821 1.4382 0 370 1.50561e-06
1.74896 1.4382 0 370 1.47641e-06
1.74971 1.4382 0 370 1.45037e-06
1.75046 1.4382 0 370 1.42719e-06
1.75121 1.4382 0 370 1.4066e-06
1.75196 1.4382 0 370 1.38838e-06
1.75271 1.4382 0 370 1.37232e-06
1.75346 1.4382 0 370 1.35825e-06
1.75421 1.4382 0 370 1.3458e-06
1.75496 1.4382 0 370 1.33518e-06
1.75571 1.4382 0 370 1.32609e-06
1.75646 1.4382 0 370 1.3184e-06
1.75721 1.4382 0 370 1.31201e-06
1.75796 1.4382 0 370 1.3068e-06
1.75871 1.4382 0 370 1.30267e-06
1.75946 1.4382 0 370 1.29954e-06
1.76021 1.4382 0 370 1.29732e-06
1.76096 1.4382 0 370 1.29592e-06
1.76171 1.4382 0 370 1.29527e-06
1.76246 1.4382 0 370 1.29531e-06
1.76321 1.4382 0 370 1.29598e-06
1.76396 1.4382 0 370 1.29727e-06
1.76471 1.4382 0 370 1.29915e-06
1.76546 1.4382 0 370 1.30168e-06
1.76621 1.4382 0 370 1.30498e-06
1.76696 1.4382 0 370 1.3092e-06
1.76771 1.4382 0 370 1.31467e-06
1.76846 1.4382 0 370 1.32176e-06
1.76921 1.4382 0 370 1.33094e-06
1.76996 1.4382 0 370 1.34273e-06
1.77071 1.4382 0 370 1.35763e-06
1.77146 1.4382 0 370 1.37594e-06
1.77221 1.4382 0 370 1.39778e-06
1.77296 1.4382 0 370 1.42284e-06
1.77371 1.4382 0 370 1.45058e-06
1.77446 1.4382 0 370 1.48018e-06
1.77521 1.4382 0 370 1.51076e-06
1.77596 1.4382 0 370 1.54158e-06
1.77671 1.4382 0 370 1.57211e-06
1.77746 1.4382 0 370 1.6021e-06
1.77821 1.4382 0 370 1.63152e-06
1.77896 1.4382 0 370 1.66057e-06
1.77971 1.4382 0 370 1.68953e-06
1.78046 1.4382 0 370 1.7187e-06
1.78121 1.4382 0 370 1.74839e-06
1.78196 1.4382 0 370 1.77891e-06
1.78271 1.4382 0 370 1.81051e-06
1.78346 1.4382 0 370 1.8434e-06
1.78421 1.4382 0 370 1.87779e-06
1.78496 1.4382 0 370 1.91381e-06
1.78571 1.4382 0 370 1.95163e-06
1.78646 1.4382 0 370 1.99138e-06
1.78721 1.4382 0 370 2.03317e-06
1.78796 1.4382 0 370 2.07713e-06
1.78871 1.4382 0 370 2.12339e-06
1.78946 1.4382 0 370 2.17209e-06
1.79022 1.4382 0 370 2.22334e-06
1.79097 1.4382 0 370 2.27731e-06
1.79172 1.4382 0 370 2.33415e-06
1.79247 1.4382 0 370 2.39402e-06
1.79322 1.4382 0 370 2.45712e-06
1.79397 1.4382 0 370 2.52363e-06
1.79472 1.4382 0 370 2.59378e-06
1.79547 1.4382 0 370 2.66781e-06
1.79622 1.4382 0 370 2.74598e-06
1.79697 1.4382 0 370 2.82857e-06
1.79772 1.4382 0 370 2.91589e-06
1.79847 1.4382 0 370 3.00828e-06
1.79922 1.4382 0 370 3.1061e-06
1.79997 1.4382 0 370 3.20977e-06
1.80072 1.4382 0 370 3.31971e-06
1.80147 1.4382 0 370 3.43645e-06
1.80222 1.4382 0 370 3.56053e-06
1.80297 1.4382 0 370 3.69252e-06
1.80372 1.4382 0 370 3.83311e-06
1.80447 1.4382 0 370 3.983e-06
1.80522 1.4382 0 370 4.14302e-06
1.80597 1.4382 0 370 4.31405e-06
1.80672 1.4382 0 370 4.4971e-06
1.80747 1.4382 0 370 4.69326e-06
1.80822 1.4382 0 370 4.90374e-06
1.80897 1.4382 0 370 5.12999e-06
1.80972 1.4382 0 370 5.3735e-06
1.81047 1.4382 0 370 5.636e-06
1.81122 1.4382 0 370 5.91941e-06
1.81197 1.4382 0 370 6.22589e-06
1.81272 1.4382 0 370 6.55786e-06
1.81347 1.4382 0 370 6.91799e-06
1.81422 1.4382 0 370 7.3094e-06
1.81497 1.4382 0 370 7.73542e-06
1.81572 1.4382 0 370 8.19986e-06
1.81647 1.4382 0 370 8.70703e-06
1.81722 1.4382 0 370 9.26166e-06
1.81797 1.4382 0 370 9.86891e-06
1.81872 1.4382 0 370 1.05345e-05
1.81947 1.4382 0 370 1.12646e-05
1.82022 1.4382 0 370 1.20657e-05
1.82097 1.4382 0 370 1.29448e-05
1.82172 1.4382 0 370 1.39085e-05
1.82247 1.4382 0 370 1.49632e-05
1.82322 1.4382 0 370 1.61144e-05
1.82397 1.4382 0 370 1.73656e-05
1.82472 1.4382 0 370 1.87172e-05
1.82547 1.4382 0 370 2.01658e-05
1.82622 1.4382 0 370 2.17016e-05
1.82697 1.4382 0 370 2.33072e-05
1.82772 1.4382 0 370 2.49566e-05
1.82847 1.4382 0 370 2.66144e-05
1.82922 1.4382 0 370 2.82377e-05
1.82997 1.4382 0 370 2.97792e-05
1.83072 1.4382 0 370 3.11933e-05
1.83147 1.4382 0 370 3.24432e-05
1.83222 1.4382 0 370 3.35085e-05
1.83297 1.4382 0 370 3.43891e-05
1.83372 1.4382 0 370 3.5107e-05
1.83447 1.4382 0 370 3.57023e-05
1.83522 1.4382 0 370 3.6224e-05
1.83597 1.4382 0 370 3.67231e-05
1.83672 1.4382 0 370 3.72423e-05
1.83747 1.4382 0 370 3.78087e-05
1.83822 1.4382 0 370 3.8429e-05
1.83897 1.4382 0 370 3.90858e-05
1.83972 1.4382 0 370 3.97382e-05
1.84047 1.4382 0 370 4.03236e-05
1.84122 1.4382 0 370 4.07647e-05
1.84197 1.4382 0 370 4.10505e-05
1.84272 1.4382 0 370 4.09716e-05
1.84347 1.4382 0 370 4.0537e-05
1.84422 1.4382 0 370 3.97236e-05
1.84497 1.4382 0 370 3.85462e-05
1.84572 1.4382 0 370 3.70517e-05
1.84647 1.4382 0 370 3.53109e-05
1.84722 1.4382 0 370 3.34052e-05
1.84797 1.4382 0 370 3.14147e-05
1.84872 1.4382 0 370 2.94096e-05
1.84947 1.4382 0 370 2.74452e-05
1.85023 1.4382 0 370 2.55608e-05
1.85098 1.4382 0 370 2.37808e-05
1.85173 1.4382 0 370 2.21175e-05
1.85248 1.4382 0 370 2.05742e-05
1.85323 1.4382 0 370 1.91483e-05
1.85398 1.4382 0 370 1.78337e-05
1.85473 1.4382 0 370 1.66229e-05
1.85548 1.4382 0 370 1.55082e-05
1.85623 1.4382 0 370 1.44824e-05
1.85698 1.4382 0 370 1.3539e-05
1.85773 1.4382 0 370 1.26721e-05
1.85848 1.4382 0 370 1.18765e-05
1.85923 1.4382 0 370 1.11471e-05
1.85998 1.4382 0 370 1.04791e-05
1.86073 1.4382 0 370 9.86792e-06
1.86148 1.4382 0 370 9.30901e-06
1.86223 1.4382 0 370 8.79818e-06
1.86298 1.4382 0 370 8.3313e-06
1.86373 1.4382 0 370 7.90464e-06
1.86448 1.4382 0 370 7.51465e-06
1.86523 1.4382 0 370 7.15815e-06
1.86598 1.4382 0 370 6.83217e-06
1.86673 1.4382 0 370 6.53407e-06
1.86748 1.4382 0 370 6.26143e-06
1.86823 1.4382 0 370 6.01212e-06
1.86898 1.4382 0 370 5.7842e-06
1.86973 1.4382 0 370 5.57598e-06
1.87048 1.4382 0 370 5.38591e-06
1.87123 1.4382 0 370 5.21268e-06
1.87198 1.4382 0 370 5.05509e-06
1.87273 1.4382 0 370 4.91208e-06
1.87348 1.4382 0 370 4.78276e-06
1.87423 1.4382 0 370 4.66631e-06
1.87498 1.4382 0 370 4.56207e-06
1.87573 1.4382 0 370 4.46945e-06
1.87648 1.4382 0 370 4.38797e-06
1.87723 1.4382 0 370 4.31723e-06
1.87798 1.4382 0 370 4.25691e-06
1.87873 1.4382 0 370 4.20679e-06
1.87948 1.4382 0 370 4.16671e-06
1.88023 1.4382 0 370 4.13663e-06
1.88098 1.4382 0 370 4.11651e-06
1.88173 1.4382 0 370 4.10649e-06
1.88248 1.4382 0 370 4.1067e-06
1.88323 1.4382 0 370 4.1174e-06
1.88398 1.4382 0 370 4.13895e-06
1.88473 1.4382 0 370 4.17179e-06
1.88548 1.4382 0 370 4.21642e-06
1.88623 1.4382 0 370 4.27355e-06
1.88698 1.4382 0 370 4.34392e-06
1.88773 1.4382 0 370 4.42844e-06
1.88848 1.4382 0 370 4.52815e-06
1.88923 1.4382 0 370 4.6442e-06
1.88998 1.4382 0 370 4.77805e-06
1.89073 1.4382 0 370 4.93119e-06
1.89148 1.4382 0 370 5.10538e-06
1.89223 1.4382 0 370 5.30253e-06
1.89298 1.4382 0 370 5.52483e-06
1.89373 1.4382 0 370 5.77459e-06
1.89448 1.4382 0 370 6.05433e-06
1.89523 1.4382 0 370 6.36666e-06
1.89598 1.4382 0 370 6.71429e-06
1.89673 1.4382 0 370 7.09982e-06
1.89748 1.4382 0 370 7.52556e-06
1.89823 1.4382 0 370 7.9934e-06
1.89898 1.4382 0 370 8.50415e-06
1.89973 1.4382 0 370 9.0572e-06
1.90048 1.4382 0 370 9.64972e-06
1.90123 1.4382 0 370 1.0276e-05
1.90198 1.4382 0 370 1.09265e-05
1.90273 1.4382 0 370 1.15866e-05
1.90348 1.4382 0 370 1.22366e-05
1.90423 1.4382 0 370 1.28517e-05
1.90498 1.4382 0 370 1.34027e-05
1.90573 1.4382 0 370 1.38586e-05
1.90648 1.4382 0 370 1.41898e-05
1.90723 1.4382 0 370 1.43726e-05
1.90798 1.4382 0 370 1.43924e-05
1.90873 1.4382 0 370 1.42466e-05
1.90948 1.4382 0 370 1.39448e-05
1.91024 1.4382 0 370 1.3507e-05
1.91099 1.4382 0 370 1.29603e-05
1.91174 1.4382 0 370 1.23349e-05
1.91249 1.4382 0 370 1.16604e-05
1.91324 1.4382 0 370 1.09633e-05
1.91399 1.4382 0 370 1.02652e-05
1.91474 1.4382 0 370 9.58268e-06
1.91549 1.4382 0 370 8.92752e-06
1.91624 1.4382 0 370 8.30718e-06
1.91699 1.4382 0 370 7.72578e-06
1.91774 1.4382 0 370 7.18492e-06
1.91849 1.4382 0 370 6.68443e-06
1.91924 1.4382 0 370 6.22286e-06
1.91999 1.4382 0 370 5.7979e-06
1.92074 1.4382 0 370 5.40698e-06
1.92149 1.4382 0 370 5.04727e-06
1.92224 1.4382 0 370 4.71585e-06
1.92299 1.4382 0 370 4.40989e-06
1.92374 1.4382 0 370 4.12664e-06
1.92449 1.4382 0 370 3.86356e-06
1.92524 1.4382 0 370 3.61814e-06
1.92599 1.4382 0 370 3.38813e-06
1.92674 1.4382 0 370 3.17138e-06
1.92749 1.4382 0 370 2.96587e-06
1.92824 1.4382 0 370 2.76968e-06
1.92899 1.4382 0 370 2.58103e-06
1.92974 1.4382 0 370 2.39816e-06
1.93049 1.4382 0 370 2.21942e-06
1.93124 1.4382 0 370 2.0432e-06
1.93199 1.4382 0 370 1.86796e-06
1.93274 1.4382 0 370 1.69225e-06
1.93349 1.4382 0 370 1.51473e-06
1.93424 1.4382 0 370 1.33424e-06
1.93499 1.4382 0 370 1.14982e-06
1.93574 1.4382 0 370 9.61057e-07
1.93649 1.4382 0 370 7.67914e-07
1.93724 1.4382 0 370 5.71394e-07
1.93799 1.4382 0 370 3.73158e-07
1.93874 1.4382 0 370 1.77184e-07
1.93949 1.4382 0 370 -1.15445e-08
1.94024 1.4382 0 370 -1.85763e-07
1.94099 1.4382 0 370 -3.36142e-07
1.94174 1.4382 0 370 -4.51757e-07
1.94249 1.4382 0 370 -5.20524e-07
1.94324 1.4382 0 370 -5.31476e-07
1.94399 1.4382 0 370 -4.76633e-07
1.94474 1.4382 0 370 -3.525e-07
1.94549 1.4382 0 370 -1.63223e-07
1.94624 1.4382 0 370 7.96528e-08
1.94699 1.4382 0 370 3.57983e-07
1.94774 1.4382 0 370 6.49823e-07
1.94849 1.4382 0 370 9.32789e-07
1.94924 1.4382 0 370 1.18776e-06
1.94999 1.4382 0 370 1.40092e-06
1.95074 1.4382 0 370 1.56473e-06
1.95149 1.4382 0 370 1.67737e-06
1.95224 1.4382 0 370 1.74146e-06
1.95299 1.4382 0 370 1.76237e-06
1.95374 1.4382 0 370 1.74682e-06
1.95449 1.4382 0 370 1.70169e-06
1.95524 1.4382 0 370 1.63365e-06
1.95599 1.4382 0 370 1.54854e-06
1.95674 1.4382 0 370 1.48271e-06
1.95749 1.4382 0 370 1.37607e-06
1.95824 1.4382 0 370 1.26606e-06
1.95899 1.4382 0 370 1.15694e-06
1.95974 1.4382 0 370 1.05332e-06
1.96049 1.4382 0 370 9.59814e-07
1.96124 1.4382 0 370 8.81725e-07
1.96199 1.4382 0 370 8.2424e-07
1.96274 1.4382 0 370 7.9204e-07
1.96349 1.4382 0 370 7.88409e-07
1.96424 1.4382 0 370 8.14486e-07
1.96499 1.4382 0 370 8.68569e-07
1.96574 1.4382 0 370 9.45967e-07
1.96649 1.4382 0 370 1.0395e-06
1.96724 1.4382 0 370 1.14045e-06
1.96799 1.4382 0 370 1.24058e-06
1.96874 1.4382 0 370 1.33279e-06
1.96949 1.4382 0 370 1.41192e-06
1.97025 1.4382 0 370 1.47534e-06
1.971 1.4382 0 370 1.52251e-06
1.97175 1.4382 0 370 1.55468e-06
1.9725 1.4382 0 370 1.57391e-06
1.97325 1.4382 0 370 1.58269e-06
1.974 1.4382 0 370 1.58381e-06
1.97475 1.4382 0 370 1.5796e-06
1.9755 1.4382 0 370 1.57214e-06
1.97625 1.4382 0 370 1.56313e-06
1.977 1.4382 0 370 1.55394e-06
1.97775 1.4382 0 370 1.54558e-06
1.9785 1.4382 0 370 1.53892e-06
1.97925 1.4382 0 370 1.53453e-06
1.98 1.4382 0 370 1.53287e-06
1.98075 1.4382 0 370 1.5343e-06
1.9815 1.4382 0 370 1.53913e-06
1.98225 1.4382 0 370 1.54765e-06
1.983 1.4382 0 370 1.55996e-06
1.98375 1.4382 0 370 1.57636e-06
1.9845 1.4382 0 370 1.59709e-06
1.98525 1.4382 0 370 1.62239e-06
1.986 1.4382 0 370 1.65255e-06
1.98675 1.4382 0 370 1.68788e-06
1.9875 1.4382 0 370 1.72876e-06
1.98825 1.4382 0 370 1.77558e-06
1.989 1.4382 0 370 1.8288e-06
1.98975 1.4382 0 370 1.88885e-06
1.9905 1.4382 0 370 1.95625e-06
1.99125 1.4382 0 370 2.03155e-06
1.992 1.4382 0 370 2.11528e-06
1.99275 1.4382 0 370 2.20794e-06
1.9935 1.4382 0 370 2.30995e-06
1.99425 1.4382 0 370 2.42158e-06
1.995 1.4382 0 370 2.54297e-06
1.99575 1.4382 0 370 2.67383e-06
1.9965 1.4382 0 370 2.81346e-06
1.99725 1.4382 0 370 2.96054e-06
1.998 1.4382 0 370 3.11295e-06
1.99875 1.4382 0 370 3.26763e-06
1.9995 1.4382 0 370 3.42055e-06
2.00025 1.4382 0 370 3.56668e-06
2.001 1.4382 0 370 3.70001e-06
2.00175 1.4382 0 370 3.81414e-06
2.0025 1.4382 0 370 3.90275e-06
2.00325 1.4382 0 370 3.96037e-06
2.004 1.4382 0 370 3.98309e-06
2.00475 1.4382 0 370 3.96935e-06
2.0055 1.4382 0 370 3.91981e-06
2.00625 1.4382 0 370 3.83749e-06
2.007 1.4382 0 370 3.72732e-06
2.00775 1.4382 0 370 3.59539e-06
2.0085 1.4382 0 370 3.44817e-06
2.00925 1.4382 0 370 3.29187e-06
2.01 1.4382 0 370 3.13195e-06
2.01075 1.4382 0 370 2.97291e-06
2.0115 1.4382 0 370 2.81819e-06
2.01225 1.4382 0 370 2.6702e-06
2.013 1.4382 0 370 2.5306e-06
2.01375 1.4382 0 370 2.40027e-06
2.0145 1.4382 0 370 2.27956e-06
2.01525 1.4382 0 370 2.16849e-06
2.016 1.4382 0 370 2.06683e-06
2.01675 1.4382 0 370 1.97409e-06
2.0175 1.4382 0 370 1.88969e-06
2.01825 1.4382 0 370 1.81303e-06
2.019 1.4382 0 370 1.74343e-06
2.01975 1.4382 0 370 1.68024e-06
2.0205 1.4382 0 370 1.62276e-06
2.02125 1.4382 0 370 1.57037e-06
2.022 1.4382 0 370 1.52238e-06
2.02275 1.4382 0 370 1.47824e-06
2.0235 1.4382 0 370 1.43737e-06
2.02425 1.4382 0 370 1.39933e-06
2.025 1.4382 0 370 1.36372e-06
2.02575 1.4382 0 370 1.33025e-06
2.0265 1.4382 0 370 1.29872e-06
2.02725 1.4382 0 370 1.26895e-06
2.028 1.4382 0 370 1.24088e-06
2.02875 1.4382 0 370 1.21446e-06
2.0295 1.4382 0 370 1.18967e-06
2.03026 1.4382 0 370 1.16647e-06
2.03101 1.4382 0 370 1.14485e-06
2.03176 1.4382 0 370 1.12476e-06
2.03251 1.4382 0 370 1.10616e-06
2.03326 1.4382 0 370 1.08901e-06
2.03401 1.4382 0 370 1.07322e-06
2.03476 1.4382 0 370 1.05875e-06
2.03551 1.4382 0 370 1.04552e-06
2.03626 1.4382 0 370 1.03345e-06
2.03701 1.4382 0 370 1.02248e-06
2.03776 1.4382 0 370 1.01254e-06
2.03851 1.4382 0 370 1.00358e-06
2.03926 1.4382 0 370 9.95508e-07
2.04001 1.4382 0 370 9.88305e-07
2.04076 1.4382 0 370 9.81877e-07
2.04151 1.4382 0 370 9.76191e-07
2.04226 1.4382 0 370 9.71198e-07
2.04301 1.4382 0 370 9.66852e-07
2.04376 1.4382 0 370 9.63109e-07
2.04451 1.4382 0 370 9.59921e-07
2.04526 1.4382 0 370 9.57255e-07
2.04601 1.4382 0 370 9.55067e-07
2.04676 1.4382 0 370 9.53313e-07
2.04751 1.4382 0 370 9.51955e-07
2.04826 1.4382 0 370 9.50955e-07
2.04901 1.4382 0 370 9.50276e-07
2.04976 1.4382 0 370 9.49897e-07
2.05051 1.4382 0 370 9.49754e-07
2.05126 1.4382 0 370 9.49831e-07
2.05201 1.4382 0 370 9.50097e-07
2.05276 1.4382 0 370 9.50524e-07
2.05351 1.4382 0 370 9.51082e-07
2.05426 1.4382 0 370 9.51739e-07
2.05501 1.4382 0 370 9.52463e-07
2.05576 1.4382 0 370 9.53218e-07
2.05651 1.4382 0 370 9.53966e-07
2.05726 1.4382 0 370 9.54695e-07
2.05801 1.4382 0 370 9.55324e-07
2.05876 1.4382 0 370 9.55847e-07
2.05951 1.4382 0 370 9.56249e-07
2.06026 1.4382 0 370 9.56555e-07
2.06101 1.4382 0 370 9.56783e-07
2.06176 1.4382 0 370 9.5698e-07
2.06251 1.4382 0 370 9.57307e-07
2.06326 1.4382 0 370 9.57975e-07
2.06401 1.4382 0 370 9.59282e-07
2.06476 1.4382 0 370 9.61623e-07
2.06551 1.4382 0 370 9.6548e-07
2.06626 1.4382 0 370 9.71413e-07
2.06701 1.4382 0 370 9.79994e-07
2.06776 1.4382 0 370 9.91721e-07
2.06851 1.4382 0 370 1.00696e-06
2.06926 1.4382 0 370 1.02585e-06
2.07001 1.4382 0 370 1.0482e-06
2.07076 1.4382 0 370 1.07352e-06
2.07151 1.4382 0 370 1.10108e-06
2.07226 1.4382 0 370 1.12998e-06
2.07301 1.4382 0 370 1.15935e-06
2.07376 1.4382 0 370 1.18842e-06
2.07451 1.4382 0 370 1.21663e-06
2.07526 1.4382 0 370 1.24368e-06
2.07601 1.4382 0 370 1.26945e-06
2.07676 1.4382 0 370 1.29404e-06
2.07751 1.4382 0 370 1.31764e-06
2.07826 1.4382 0 370 1.34053e-06
2.07901 1.4382 0 370 1.36299e-06
2.07976 1.4382 0 370 1.3853e-06
2.08051 1.4382 0 370 1.40773e-06
2.08126 1.4382 0 370 1.4305e-06
2.08201 1.4382 0 370 1.4538e-06
2.08276 1.4382 0 370 1.47781e-06
2.08351 1.4382 0 370 1.50265e-06
2.08426 1.4382 0 370 1.52844e-06
2.08501 1.4382 0 370 1.55529e-06
2.08576 1.4382 0 370 1.58328e-06
2.08651 1.4382 0 370 1.61249e-06
2.08726 1.4382 0 370 1.64177e-06
2.08801 1.4382 0 370 1.6736e-06
2.08876 1.4382 0 370 1.70687e-06
2.08951 1.4382 0 370 1.74165e-06
2.09027 1.4382 0 370 1.77801e-06
2.09102 1.4382 0 370 1.81603e-06
2.09177 1.4382 0 370 1.8558e-06
2.09252 1.4382 0 370 1.8974e-06
2.09327 1.4382 0 370 1.94093e-06
2.09402 1.4382 0 370 1.98649e-06
2.09477 1.4382 0 370 2.03418e-06
2.09552 1.4382 0 370 2.08413e-06
2.09627 1.4382 0 370 2.13645e-06
2.09702 1.4382 0 370 2.19129e-06
2.09777 1.4382 0 370 2.24878e-06
2.09852 1.4382 0 370 2.30909e-06
2.09927 1.4382 0 370 2.37239e-06
2.10002 1.4382 0 370 2.43887e-06
2.10077 1.4382 0 370 2.50871e-06
2.10152 1.4382 0 370 2.58215e-06
2.10227 1.4382 0 370 2.65941e-06
2.10302 1.4382 0 370 2.74075e-06
2.10377 1.4382 0 370 2.82645e-06
2.10452 1.4382 0 370 2.91681e-06
2.10527 1.4382 0 370 3.01216e-06
2.10602 1.4382 0 370 3.11285e-06
2.10677 1.4382 0 370 3.21927e-06
2.10752 1.4382 0 370 3.33186e-06
2.10827 1.4382 0 370 3.45106e-06
2.10902 1.4382 0 370 3.5774e-06
2.10977 1.4382 0 370 3.71143e-06
2.11052 1.4382 0 370 3.85376e-06
2.11127 1.4382 0 370 4.00506e-06
2.11202 1.4382 0 370 4.16606e-06
2.11277 1.4382 0 370 4.33759e-06
2.11352 1.4382 0 370 4.52053e-06
2.11427 1.4382 0 370 4.71588e-06
2.11502 1.4382 0 370 4.92471e-06
2.11577 1.4382 0 370 5.14817e-06
2.11652 1.4382 0 370 5.38772e-06
2.11727 1.4382 0 370 5.64476e-06
2.11802 1.4382 0 370 5.92094e-06
2.11877 1.4382 0 370 6.21805e-06
2.11952 1.4382 0 370 6.53812e-06
2.12027 1.4382 0 370 6.88335e-06
2.12102 1.4382 0 370 7.25622e-06
2.12177 1.4382 0 370 7.65945e-06
2.12252 1.4382 0 370 8.09606e-06
2.12327 1.4382 0 370 8.56937e-06
2.12402 1.4382 0 370 9.08298e-06
2.12477 1.4382 0 370 9.64097e-06
2.12552 1.4382 0 370 1.02477e-05
2.12627 1.4382 0 370 1.09079e-05
2.12702 1.4382 0 370 1.16265e-05
2.12777 1.4382 0 370 1.24088e-05
2.12852 1.4382 0 370 1.32602e-05
2.12927 1.4382 0 370 1.41863e-05
2.13002 1.4382 0 370 1.5192e-05
2.13077 1.4382 0 370 1.6282e-05
2.13152 1.4382 0 370 1.74595e-05
2.13227 1.4382 0 370 1.87261e-05
2.13302 1.4382 0 370 2.00807e-05
2.13377 1.4382 0 370 2.15181e-05
2.13452 1.4382 0 370 2.30281e-05
2.13527 1.4382 0 370 2.4594e-05
2.13602 1.4382 0 370 2.6191e-05
2.13677 1.4382 0 370 2.77854e-05
2.13752 1.4382 0 370 2.93341e-05
2.13827 1.4382 0 370 3.07859e-05
2.13902 1.4382 0 370 3.20837e-05
2.13977 1.4382 0 370 3.31688e-05
2.14052 1.4382 0 370 3.3987e-05
2.14127 1.4382 0 370 3.44954e-05
2.14202 1.4382 0 370 3.4668e-05
2.14277 1.4382 0 370 3.45e-05
2.14352 1.4382 0 370 3.40085e-05
2.14427 1.4382 0 370 3.323e-05
2.14502 1.4382 0 370 3.22154e-05
2.14577 1.4382 0 370 3.10234e-05
2.14652 1.4382 0 370 2.9714e-05
2.14727 1.4382 0 370 2.83435e-05
2.14802 1.4382 0 370 2.69607e-05
2.14877 1.4382 0 370 2.5606e-05
2.14952 1.4382 0 370 2.43093e-05
2.15028 1.4382 0 370 2.30933e-05
2.15103 1.4382 0 370 2.1973e-05
2.15178 1.4382 0 370 2.09573e-05
2.15253 1.4382 0 370 2.00509e-05
2.15328 1.4382 0 370 1.92551e-05
2.15403 1.4382 0 370 1.85686e-05
2.15478 1.4382 0 370 1.79885e-05
2.15553 1.4382 0 370 1.75106e-05
2.15628 1.4382 0 370 1.71295e-05
2.15703 1.4382 0 370 1.68389e-05
2.15778 1.4382 0 370 1.66312e-05
2.15853 1.4382 0 370 1.64975e-05
2.15928 1.4382 0 370 1.64268e-05
2.16003 1.4382 0 370 1.64066e-05
2.16078 1.4382 0 370 1.64223e-05
2.16153 1.4382 0 370 1.64567e-05
2.16228 1.4382 0 370 1.64912e-05
2.16303 1.4382 0 370 1.65061e-05
2.16378 1.4382 0 370 1.6482e-05
2.16453 1.4382 0 370 1.64012e-05
2.16528 1.4382 0 370 1.62497e-05
2.16603 1.4382 0 370 1.60186e-05
2.16678 1.4382 0 370 1.57047e-05
2.16753 1.4382 0 370 1.53111e-05
2.16828 1.4382 0 370 1.48465e-05
2.16903 1.4382 0 370 1.43231e-05
2.16978 1.4382 0 370 1.37563e-05
2.17053 1.4382 0 370 1.31617e-05
2.17128 1.4382 0 370 1.25546e-05
2.17203 1.4382 0 370 1.1948e-05
2.17278 1.4382 0 370 1.13532e-05
2.17353 1.4382 0 370 1.07789e-05
2.17428 1.4382 0 370 1.02311e-05
2.17503 1.4382 0 370 9.71436e-06
2.17578 1.4382 0 370 9.23123e-06
2.17653 1.4382 0 370 8.7827e-06
2.17728 1.4382 0 370 8.36919e-06
2.17803 1.4382 0 370 7.99014e-06
2.17878 1.4382 0 370 7.64476e-06
2.17953 1.4382 0 370 7.33181e-06
2.18028 1.4382 0 370 7.04997e-06
2.18103 1.4382 0 370 6.79786e-06
2.18178 1.4382 0 370 6.57415e-06
2.18253 1.4382 0 370 6.37763e-06
2.18328 1.4382 0 370 6.20706e-06
2.18403 1.4382 0 370 6.06141e-06
2.18478 1.4382 0 370 5.9398e-06
2.18553 1.4382 0 370 5.84136e-06
2.18628 1.4382 0 370 5.76529e-06
2.18703 1.4382 0 370 5.7108e-06
2.18778 1.4382 0 370 5.6771e-06
2.18853 1.4382 0 370 5.6632e-06
2.18928 1.4382 0 370 5.66791e-06
2.19003 1.4382 0 370 5.68969e-06
2.19078 1.4382 0 370 5.72654e-06
2.19153 1.4382 0 370 5.77585e-06
2.19228 1.4382 0 370 5.83426e-06
2.19303 1.4382 0 370 5.89772e-06
2.19378 1.4382 0 370 5.96127e-06
2.19453 1.4382 0 370 6.01932e-06
2.19528 1.4382 0 370 6.06581e-06
2.19603 1.4382 0 370 6.09462e-06
2.19678 1.4382 0 370 6.10008e-06
2.19753 1.4382 0 370 6.07755e-06
2.19828 1.4382 0 370 6.02387e-06
2.19903 1.4382 0 370 5.93785e-06
2.19978 1.4382 0 370 5.82021e-06
2.20053 1.4382 0 370 5.67357e-06
2.20128 1.4382 0 370 5.502e-06
2.20203 1.4382 0 370 5.31048e-06
2.20278 1.4382 0 370 5.10448e-06
2.20353 1.4382 0 370 4.88927e-06
2.20428 1.4382 0 370 4.66962e-06
2.20503 1.4382 0 370 4.44963e-06
2.20578 1.4382 0 370 4.23257e-06
2.20653 1.4382 0 370 4.0209e-06
2.20728 1.4382 0 370 3.81632e-06
2.20803 1.4382 0 370 3.61988e-06
2.20878 1.4382 0 370 3.43213e-06
2.20953 1.4382 0 370 3.25319e-06
2.21029 1.4382 0 370 3.08289e-06
2.21104 1.4382 0 370 2.92079e-06
2.21179 1.4382 0 370 2.76634e-06
2.21254 1.4382 0 370 2.61883e-06
2.21329 1.4382 0 370 2.47754e-06
2.21404 1.4382 0 370 2.34168e-06
2.21479 1.4382 0 370 2.21045e-06
2.21554 1.4382 0 370 2.08307e-06
2.21629 1.4382 0 370 1.95879e-06
2.21704 1.4382 0 370 1.83686e-06
2.21779 1.4382 0 370 1.71672e-06
2.21854 1.4382 0 370 1.59781e-06
2.21929 1.4382 0 370 1.47975e-06
2.22004 1.4382 0 370 1.36234e-06
2.22079 1.4382 0 370 1.24565e-06
2.22154 1.4382 0 370 1.13007e-06
2.22229 1.4382 0 370 1.01635e-06
2.22304 1.4382 0 370 9.05734e-07
2.22379 1.4382 0 370 7.99934e-07
2.22454 1.4382 0 370 7.01147e-07
2.22529 1.4382 0 370 6.11955e-07
2.22604 1.4382 0 370 5.35048e-07
2.22679 1.4382 0 370 4.7322e-07
2.22754 1.4382 0 370 4.28501e-07
2.22829 1.4382 0 370 4.01988e-07
2.22904 1.4382 0 370 3.93365e-07
2.22979 1.4382 0 370 4.00667e-07
2.23054 1.4382 0 370 4.20305e-07
2.23129 1.4382 0 370 4.47398e-07
2.23204 1.4382 0 370 4.76344e-07
2.23279 1.4382 0 370 5.01524e-07
2.23354 1.4382 0 370 5.17773e-07
2.23429 1.4382 0 370 5.21203e-07
2.23504 1.4382 0 370 5.09864e-07
2.23579 1.4382 0 370 4.82206e-07
2.23654 1.4382 0 370 3.98154e-07
2.23729 1.4382 0 370 3.36199e-07
2.23804 1.4382 0 370 2.60839e-07
2.23879 1.4382 0 370 1.7454e-07
2.23954 1.4382 0 370 8.10496e-08
2.24029 1.4382 0 370 -1.60076e-08
2.24104 1.4382 0 370 -1.12024e-07
2.24179 1.4382 0 370 -2.01937e-07
2.24254 1.4382 0 370 -2.80072e-07
2.24329 1.4382 0 370 -3.40372e-07
2.24404 1.4382 0 370 -3.76742e-07
2.24479 1.4382 0 370 -3.83586e-07
2.24554 1.4382 0 370 -3.56506e-07
2.24629 1.4382 0 370 -2.93082e-07
2.24704 1.4382 0 370 -1.93554e-07
2.24779 1.4382 0 370 -6.12255e-08
2.24854 1.4382 0 370 9.75918e-08
2.24929 1.4382 0 370 2.7416e-07
2.25004 1.4382 0 370 4.58354e-07
2.25079 1.4382 0 370 6.39931e-07
2.25154 1.4382 0 370 8.09757e-07
2.25229 1.4382 0 370 9.60751e-07
2.25304 1.4382 0 370 1.08828e-06
2.25379 1.4382 0 370 1.19035e-06
2.25454 1.4382 0 370 1.26698e-06
2.25529 1.4382 0 370 1.32e-06
2.25604 1.4382 0 370 1.3523e-06
2.25679 1.4382 0 370 1.36728e-06
2.25754 1.4382 0 370 1.36851e-06
2.25829 1.4382 0 370 1.35932e-06
2.25904 1.4382 0 370 1.34267e-06
2.25979 1.4382 0 370 1.321e-06
2.26054 1.4382 0 370 1.29622e-06
2.26129 1.4382 0 370 1.26975e-06
2.26204 1.4382 0 370 1.24252e-06
2.26279 1.4382 0 370 1.21516e-06
2.26354 1.4382 0 370 1.18802e-06
2.26429 1.4382 0 370 1.1612e-06
2.26504 1.4382 0 370 1.13484e-06
2.26579 1.4382 0 370 1.10896e-06
2.26654 1.4382 0 370 1.08363e-06
2.26729 1.4382 0 370 1.0589e-06
2.26804 1.4382 0 370 1.03484e-06
2.26879 1.4382 0 370 1.01153e-06
2.26954 1.4382 0 370 9.89114e-07
2.2703 1.4382 0 370 9.67501e-07
2.27105 1.4382 0 370 9.46814e-07
2.2718 1.4382 0 370 9.27091e-07
2.27255 1.4382 0 370 9.08343e-07
2.2733 1.4382 0 370 8.90566e-07
2.27405 1.4382 0 370 8.73751e-07
2.2748 1.4382 0 370 8.57872e-07
2.27555 1.4382 0 370 8.42911e-07
2.2763 1.4382 0 370 8.28808e-07
2.27705 1.4382 0 370 8.15536e-07
2.2778 1.4382 0 370 8.03054e-07
2.27855 1.4382 0 370 7.91347e-07
2.2793 1.4382 0 370 7.80318e-07
2.28005 1.4382 0 370 7.69956e-07
2.2808 1.4382 0 370 7.60222e-07
2.28155 1.4382 0 370 7.51081e-07
2.2823 1.4382 0 370 7.42493e-07
2.28305 1.4382 0 370 7.34429e-07
2.2838 1.4382 0 370 7.26857e-07
2.28455 1.4382 0 370 7.1975e-07
2.2853 1.4382 0 370 7.13079e-07
2.28605 1.4382 0 370 7.06821e-07
2.2868 1.4382 0 370 7.00955e-07
2.28755 1.4382 0 370 6.95456e-07
2.2883 1.4382 0 370 6.90306e-07
2.28905 1.4382 0 370 6.85489e-07
2.2898 1.4382 0 370 6.80993e-07
2.29055 1.4382 0 370 6.76792e-07
2.2913 1.4382 0 370 6.72879e-07
2.29205 1.4382 0 370 6.6924e-07
2.2928 1.4382 0 370 6.65864e-07
2.29355 1.4382 0 370 6.62742e-07
2.2943 1.4382 0 370 6.59864e-07
2.29505 1.4382 0 370 6.57221e-07
2.2958 1.4382 0 370 6.54806e-07
2.29655 1.4382 0 370 6.52613e-07
2.2973 1.4382 0 370 6.50634e-07
2.29805 1.4382 0 370 6.48866e-07
2.2988 1.4382 0 370 6.47303e-07
2.29955 1.4382 0 370 6.45942e-07
2.3003 1.4382 0 370 6.4478e-07
2.30105 1.4382 0 370 6.43815e-07
2.3018 1.4382 0 370 6.43044e-07
2.30255 1.4382 0 370 6.42467e-07
2.3033 1.4382 0 370 6.42084e-07
2.30405 1.4382 0 370 6.41894e-07
2.3048 1.4382 0 370 6.41899e-07
2.30555 1.4382 0 370 6.421e-07
2.3063 1.4382 0 370 6.42502e-07
2.30705 1.4382 0 370 6.43109e-07
2.3078 1.4382 0 370 6.43916e-07
2.30855 1.4382 0 370 6.44931e-07
2.3093 1.4382 0 370 6.4616e-07
2.31005 1.4382 0 370 6.47609e-07
2.3108 1.4382 0 370 6.49281e-07
2.31155 1.4382 0 370 6.51184e-07
2.3123 1.4382 0 370 6.53321e-07
2.31305 1.4382 0 370 6.55696e-07
2.3138 1.4382 0 370 6.58313e-07
2.31455 1.4382 0 370 6.61171e-07
2.3153 1.4382 0 370 6.64269e-07
2.31605 1.4382 0 370 6.67599e-07
2.3168 1.4382 0 370 6.71152e-07
2.31755 1.4382 0 370 6.74906e-07
2.3183 1.4382 0 370 6.78836e-07
2.31905 1.4382 0 370 6.82908e-07
2.3198 1.4382 0 370 6.87082e-07
2.32055 1.4382 0 370 6.91309e-07
2.3213 1.4382 0 370 6.95533e-07
2.32205 1.4382 0 370 6.99698e-07
2.3228 1.4382 0 370 7.03746e-07
2.32355 1.4382 0 370 7.07626e-07
2.3243 1.4382 0 370 7.11294e-07
2.32505 1.4382 0 370 7.14715e-07
2.3258 1.4382 0 370 7.17869e-07
2.32655 1.4382 0 370 7.20756e-07
2.3273 1.4382 0 370 7.23383e-07
2.32805 1.4382 0 370 7.2578e-07
2.3288 1.4382 0 370 7.27986e-07
2.32955 1.4382 0 370 7.30054e-07
2.33031 1.4382 0 370 7.32038e-07
2.33106 1.4382 0 370 7.33998e-07
2.33181 1.4382 0 370 7.35991e-07
2.33256 1.4382 0 370 7.3807e-07
2.33331 1.4382 0 370 7.40283e-07
2.33406 1.4382 0 370 7.42668e-07
2.33481 1.4382 0 370 7.4526e-07
2.33556 1.4382 0 370 7.48082e-07
2.33631 1.4382 0 370 7.51156e-07
2.33706 1.4382 0 370 7.54496e-07
2.33781 1.4382 0 370 7.58113e-07
2.33856 1.4382 0 370 7.62006e-07
2.33931 1.4382 0 370 7.66187e-07
2.34006 1.4382 0 370 7.70659e-07
2.34081 1.4382 0 370 7.75421e-07
2.34156 1.4382 0 370 7.80475e-07
2.34231 1.4382 0 370 7.85822e-07
2.34306 1.4382 0 370 7.91462e-07
2.34381 1.4382 0 370 7.97396e-07
2.34456 1.4382 0 370 8.03624e-07
2.34531 1.4382 0 370 8.1015e-07
2.34606 1.4382 0 370 8.16974e-07
2.34681 1.4382 0 370 8.241e-07
2.34756 1.4382 0 370 8.31531e-07
2.34831 1.4382 0 370 8.39273e-07
2.34906 1.4382 0 370 8.47329e-07
2.34981 1.4382 0 370 8.55705e-07
2.35056 1.4382 0 370 8.64408e-07
2.35131 1.4382 0 370 8.73446e-07
2.35206 1.4382 0 370 8.82825e-07
2.35281 1.4382 0 370 8.92556e-07
2.35356 1.4382 0 370 9.02648e-07
2.35431 1.4382 0 370 9.13111e-07
2.35506 1.4382 0 370 9.23958e-07
2.35581 1.4382 0 370 9.352e-07
2.35656 1.4382 0 370 9.46851e-07
2.35731 1.4382 0 370 9.58925e-07
2.35806 1.4382 0 370 9.71438e-07
2.35881 1.4382 0 370 9.84407e-07
2.35956 1.4382 0 370 9.97849e-07
2.36031 1.4382 0 370 1.01178e-06
2.36106 1.4382 0 370 1.02623e-06
2.36181 1.4382 0 370 1.04121e-06
2.36256 1.4382 0 370 1.05676e-06
2.36331 1.4382 0 370 1.07288e-06
2.36406 1.4382 0 370 1.08962e-06
2.36481 1.4382 0 370 1.10699e-06
2.36556 1.4382 0 370 1.12503e-06
2.36631 1.4382 0 370 1.14378e-06
2.36706 1.4382 0 370 1.16326e-06
2.36781 1.4382 0 370 1.18351e-06
2.36856 1.4382 0 370 1.20458e-06
2.36931 1.4382 0 370 1.22649e-06
2.37006 1.4382 0 370 1.2493e-06
2.37081 1.4382 0 370 1.27305e-06
2.37156 1.4382 0 370 1.29777e-06
2.37231 1.4382 0 370 1.32352e-06
2.37306 1.4382 0 370 1.35034e-06
2.37381 1.4382 0 370 1.37827e-06
2.37456 1.4382 0 370 1.40734e-06
2.37531 1.4382 0 370 1.4376e-06
2.37606 1.4382 0 370 1.46906e-06
2.37681 1.4382 0 370 1.50174e-06
2.37756 1.4382 0 370 1.53565e-06
2.37831 1.4382 0 370 1.57079e-06
2.37906 1.4382 0 370 1.60714e-06
2.37981 1.4382 0 370 1.64469e-06
2.38056 1.4382 0 370 1.6834e-06
2.38131 1.4382 0 370 1.72327e-06
2.38206 1.4382 0 370 1.76428e-06
2.38281 1.4382 0 370 1.80646e-06
2.38356 1.4382 0 370 1.84987e-06
2.38431 1.4382 0 370 1.8946e-06
2.38506 1.4382 0 370 1.94081e-06
2.38581 1.4382 0 370 1.98867e-06
2.38656 1.4382 0 370 2.03842e-06
2.38731 1.4382 0 370 2.09031e-06
2.38806 1.4382 0 370 2.14463e-06
2.38881 1.4382 0 370 2.20167e-06
2.38956 1.4382 0 370 2.26174e-06
2.39032 1.4382 0 370 2.32514e-06
2.39107 1.4382 0 370 2.39218e-06
2.39182 1.4382 0 370 2.46318e-06
2.39257 1.4382 0 370 2.53846e-06
2.39332 1.4382 0 370 2.61833e-06
2.39407 1.4382 0 370 2.70313e-06
2.39482 1.4382 0 370 2.79322e-06
2.39557 1.4382 0 370 2.88893e-06
2.39632 1.4382 0 370 2.99063e-06
2.39707 1.4382 0 370 3.0987e-06
2.39782 1.4382 0 370 3.2135e-06
2.39857 1.4382 0 370 3.33541e-06
2.39932 1.4382 0 370 3.46476e-06
2.40007 1.4382 0 370 3.60188e-06
2.40082 1.4382 0 370 3.74702e-06
2.40157 1.4382 0 370 3.90035e-06
2.40232 1.4382 0 370 4.06194e-06
2.40307 1.4382 0 370 4.23171e-06
2.40382 1.4382 0 370 4.40939e-06
2.40457 1.4382 0 370 4.59446e-06
2.40532 1.4382 0 370 4.78619e-06
2.40607 1.4382 0 370 4.98349e-06
2.40682 1.4382 0 370 5.18511e-06
2.40757 1.4382 0 370 5.38945e-06
2.40832 1.4382 0 370 5.59057e-06
2.40907 1.4382 0 370 5.79497e-06
2.40982 1.4382 0 370 5.99697e-06
2.41057 1.4382 0 370 6.19526e-06
2.41132 1.4382 0 370 6.38901e-06
2.41207 1.4382 0 370 6.57815e-06
2.41282 1.4382 0 370 6.76332e-06
2.41357 1.4382 0 370 6.94602e-06
2.41432 1.4382 0 370 7.12854e-06
2.41507 1.4382 0 370 7.3138e-06
2.41582 1.4382 0 370 7.50518e-06
2.41657 1.4382 0 370 7.7064e-06
2.41732 1.4382 0 370 7.92127e-06
2.41807 1.4382 0 370 8.1536e-06
2.41882 1.4382 0 370 8.40709e-06
2.41957 1.4382 0 370 8.6853e-06
2.42032 1.4382 0 370 8.99161e-06
2.42107 1.4382 0 370 9.32925e-06
2.42182 1.4382 0 370 9.70131e-06
2.42257 1.4382 0 370 1.01108e-05
2.42332 1.4382 0 370 1.05606e-05
2.42407 1.4382 0 370 1.10535e-05
2.42482 1.4382 0 370 1.15923e-05
2.42557 1.4382 0 370 1.21794e-05
2.42632 1.4382 0 370 1.28173e-05
2.42707 1.4382 0 370 1.35079e-05
2.42782 1.4382 0 370 1.42527e-05
2.42857 1.4382 0 370 1.50523e-05
2.42932 1.4382 0 370 1.59068e-05
2.43007 1.4382 0 370 1.68147e-05
2.43082 1.4382 0 370 1.77728e-05
2.43157 1.4382 0 370 1.87763e-05
2.43232 1.4382 0 370 1.98179e-05
2.43307 1.4382 0 370 2.08879e-05
2.43382 1.4382 0 370 2.1974e-05
2.43457 1.4382 0 370 2.30611e-05
2.43532 1.4382 0 370 2.41317e-05
2.43607 1.4382 0 370 2.51657e-05
2.43682 1.4382 0 370 2.61418e-05
2.43757 1.4382 0 370 2.70371e-05
2.43832 1.4382 0 370 2.78287e-05
2.43907 1.4382 0 370 2.84937e-05
2.43982 1.4382 0 370 2.90112e-05
2.44057 1.4382 0 370 2.93625e-05
2.44132 1.4382 0 370 2.95329e-05
2.44207 1.4382 0 370 2.9513e-05
2.44282 1.4382 0 370 2.92997e-05
2.44357 1.4382 0 370 2.88972e-05
2.44432 1.4382 0 370 2.8317e-05
2.44507 1.4382 0 370 2.75773e-05
2.44582 1.4382 0 370 2.67015e-05
2.44657 1.4382 0 370 2.57172e-05
2.44732 1.4382 0 370 2.46517e-05
2.44807 1.4382 0 370 2.35335e-05
2.44882 1.4382 0 370 2.23883e-05
2.44957 1.4382 0 370 2.12387e-05
2.45033 1.4382 0 370 2.01031e-05
2.45108 1.4382 0 370 1.89964e-05
2.45183 1.4382 0 370 1.79297e-05
2.45258 1.4382 0 370 1.69106e-05
2.45333 1.4382 0 370 1.59439e-05
2.45408 1.4382 0 370 1.50325e-05
2.45483 1.4382 0 370 1.41769e-05
2.45558 1.4382 0 370 1.3377e-05
2.45633 1.4382 0 370 1.26312e-05
2.45708 1.4382 0 370 1.19379e-05
2.45783 1.4382 0 370 1.12944e-05
2.45858 1.4382 0 370 1.06986e-05
2.45933 1.4382 0 370 1.01478e-05
2.46008 1.4382 0 370 9.6396e-06
2.46083 1.4382 0 370 9.17171e-06
2.46158 1.4382 0 370 8.74188e-06
2.46233 1.4382 0 370 8.34812e-06
2.46308 1.4382 0 370 7.98856e-06
2.46383 1.4382 0 370 7.66146e-06
2.46458 1.4382 0 370 7.36509e-06
2.46533 1.4382 0 370 7.09771e-06
2.46608 1.4382 0 370 6.85738e-06
2.46683 1.4382 0 370 6.64187e-06
2.46758 1.4382 0 370 6.4486e-06
2.46833 1.4382 0 370 6.27446e-06
2.46908 1.4382 0 370 6.11596e-06
2.46983 1.4382 0 370 5.96941e-06
2.47058 1.4382 0 370 5.83087e-06
2.47133 1.4382 0 370 5.69655e-06
2.47208 1.4382 0 370 5.56305e-06
2.47283 1.4382 0 370 5.42759e-06
2.47358 1.4382 0 370 5.28816e-06
2.47433 1.4382 0 370 5.14358e-06
2.47508 1.4382 0 370 4.99351e-06
2.47583 1.4382 0 370 4.83831e-06
2.47658 1.4382 0 370 4.6789e-06
2.47733 1.4382 0 370 4.51654e-06
2.47808 1.4382 0 370 4.35272e-06
2.47883 1.4382 0 370 4.1889e-06
2.47958 1.4382 0 370 4.02649e-06
2.48033 1.4382 0 370 3.86668e-06
2.48108 1.4382 0 370 3.71049e-06
2.48183 1.4382 0 370 3.55866e-06
2.48258 1.4382 0 370 3.41173e-06
2.48333 1.4382 0 370 3.27004e-06
2.48408 1.4382 0 370 3.1337e-06
2.48483 1.4382 0 370 3.00279e-06
2.48558 1.4382 0 370 2.87717e-06
2.48633 1.4382 0 370 2.75666e-06
2.48708 1.4382 0 370 2.64099e-06
2.48783 1.4382 0 370 2.52988e-06
2.48858 1.4382 0 370 2.42303e-06
2.48933 1.4382 0 370 2.32006e-06
2.49008 1.4382 0 370 2.22065e-06
2.49083 1.4382 0 370 2.12455e-06
2.49158 1.4382 0 370 2.03147e-06
2.49233 1.4382 0 370 1.94121e-06
2.49308 1.4382 0 370 1.85361e-06
2.49383 1.4382 0 370 1.76862e-06
2.49458 1.4382 0 370 1.68629e-06
2.49533 1.4382 0 370 1.60682e-06
2.49608 1.4382 0 370 1.53044e-06
2.49683 1.4382 0 370 1.45768e-06
2.49758 1.4382 0 370 1.38916e-06
2.49833 1.4382 0 370 1.32567e-06
2.49908 1.4382 0 370 1.26812e-06
2.49983 1.4382 0 370 1.21745e-06
2.50058 1.4382 0 370 1.17461e-06
2.50133 1.4382 0 370 1.14036e-06
2.50208 1.4382 0 370 1.1152e-06
2.50283 1.4382 0 370 1.09924e-06
2.50358 1.4382 0 370 1.09208e-06
2.50433 1.4382 0 370 1.09279e-06
2.50508 1.4382 0 370 1.09987e-06
2.50583 1.4382 0 370 1.11171e-06
2.50658 1.4382 0 370 1.12626e-06
2.50733 1.4382 0 370 1.14153e-06
2.50808 1.4382 0 370 1.1557e-06
2.50883 1.4382 0 370 1.16732e-06
2.50958 1.4382 0 370 1.1753e-06
2.51034 1.4382 0 370 1.17901e-06
2.51109 1.4382 0 370 1.1782e-06
2.51184 1.4382 0 370 1.17293e-06
2.51259 1.4382 0 370 1.16347e-06
2.51334 1.4382 0 370 1.15036e-06
2.51409 1.4382 0 370 1.13408e-06
2.51484 1.4382 0 370 1.11519e-06
2.51559 1.4382 0 370 1.09422e-06
2.51634 1.4382 0 370 1.07163e-06
2.51709 1.4382 0 370 1.04792e-06
2.51784 1.4382 0 370 1.02342e-06
2.51859 1.4382 0 370 9.98455e-07
2.51934 1.4382 0 370 9.73266e-07
2.52009 1.4382 0 370 9.48052e-07
2.52084 1.4382 0 370 9.22954e-07
2.52159 1.4382 0 370 8.9806e-07
2.52234 1.4382 0 370 8.73409e-07
2.52309 1.4382 0 370 8.48989e-07
2.52384 1.4382 0 370 8.24745e-07
2.52459 1.4382 0 370 8.00579e-07
2.52534 1.4382 0 370 7.7636e-07
2.52609 1.4382 0 370 7.51937e-07
2.52684 1.4382 0 370 7.27116e-07
2.52759 1.4382 0 370 7.01774e-07
2.52834 1.4382 0 370 6.75719e-07
2.52909 1.4382 0 370 6.48794e-07
2.52984 1.4382 0 370 6.20848e-07
2.53059 1.4382 0 370 5.91742e-07
2.53134 1.4382 0 370 5.61344e-07
2.53209 1.4382 0 370 5.29532e-07
2.53284 1.4382 0 370 4.96188e-07
2.53359 1.4382 0 370 4.61201e-07
2.53434 1.4382 0 370 4.24474e-07
2.53509 1.4382 0 370 3.85921e-07
2.53584 1.4382 0 370 3.45484e-07
2.53659 1.4382 0 370 3.03117e-07
2.53734 1.4382 0 370 2.58897e-07
2.53809 1.4382 0 370 2.12908e-07
2.53884 1.4382 0 370 1.65357e-07
2.53959 1.4382 0 370 1.16582e-07
2.54034 1.4382 0 370 6.70879e-08
2.54109 1.4382 0 370 1.74866e-08
2.54184 1.4382 0 370 -3.10731e-08
2.54259 1.4382 0 370 -7.7446e-08
2.54334 1.4382 0 370 -1.20089e-07
2.54409 1.4382 0 370 -1.57149e-07
2.54484 1.4382 0 370 -1.86492e-07
2.54559 1.4382 0 370 -2.05774e-07
2.54634 1.4382 0 370 -2.1257e-07
2.54709 1.4382 0 370 -2.04562e-07
2.54784 1.4382 0 370 -1.79781e-07
2.54859 1.4382 0 370 -1.3689e-07
2.54934 1.4382 0 370 -7.5455e-08
2.55009 1.4382 0 370 3.83427e-09
2.55084 1.4382 0 370 9.90517e-08
2.55159 1.4382 0 370 2.07251e-07
2.55234 1.4382 0 370 3.24004e-07
2.55309 1.4382 0 370 4.44767e-07
2.55384 1.4382 0 370 5.64674e-07
2.55459 1.4382 0 370 6.7917e-07
2.55534 1.4382 0 370 7.84402e-07
2.55609 1.4382 0 370 8.77489e-07
2.55684 1.4382 0 370 9.56637e-07
2.55759 1.4382 0 370 1.02109e-06
2.55834 1.4382 0 370 1.07101e-06
2.55909 1.4382 0 370 1.10727e-06
2.55984 1.4382 0 370 1.13119e-06
2.56059 1.4382 0 370 1.14441e-06
2.56134 1.4382 0 370 1.14864e-06
2.56209 1.4382 0 370 1.14553e-06
2.56284 1.4382 0 370 1.13667e-06
2.56359 1.4382 0 370 1.12342e-06
2.56434 1.4382 0 370 1.10696e-06
2.56509 1.4382 0 370 1.08828e-06
2.56584 1.4382 0 370 1.06821e-06
2.56659 1.4382 0 370 1.04735e-06
2.56734 1.4382 0 370 1.02622e-06
2.56809 1.4382 0 370 1.00518e-06
2.56884 1.4382 0 370 9.84518e-07
2.56959 1.4382 0 370 9.64404e-07
2.57035 1.4382 0 370 9.44989e-07
2.5711 1.4382 0 370 9.26366e-07
2.57185 1.4382 0 370 9.08593e-07
2.5726 1.4382 0 370 8.91704e-07
2.57335 1.4382 0 370 8.75718e-07
2.5741 1.4382 0 370 8.60645e-07
2.57485 1.4382 0 370 8.46499e-07
2.5756 1.4382 0 370 8.33219e-07
2.57635 1.4382 0 370 8.2082e-07
2.5771 1.4382 0 370 8.09282e-07
2.57785 1.4382 0 370 7.98583e-07
2.5786 1.4382 0 370 7.8871e-07
2.57935 1.4382 0 370 7.79613e-07
2.5801 1.4382 0 370 7.71279e-07
2.58085 1.4382 0 370 7.63678e-07
2.5816 1.4382 0 370 7.56783e-07
2.58235 1.4382 0 370 7.50568e-07
2.5831 1.4382 0 370 7.45006e-07
2.58385 1.4382 0 370 7.40073e-07
2.5846 1.4382 0 370 7.35746e-07
2.58535 1.4382 0 370 7.32004e-07
2.5861 1.4382 0 370 7.28827e-07
2.58685 1.4382 0 370 7.26198e-07
2.5876 1.4382 0 370 7.24102e-07
2.58835 1.4382 0 370 7.22525e-07
2.5891 1.4382 0 370 7.21456e-07
2.58985 1.4382 0 370 7.20885e-07
2.5906 1.4382 0 370 7.20805e-07
2.59135 1.4382 0 370 7.2121e-07
2.5921 1.4382 0 370 7.22097e-07
2.59285 1.4382 0 370 7.23464e-07
2.5936 1.4382 0 370 7.2531e-07
2.59435 1.4382 0 370 7.27636e-07
2.5951 1.4382 0 370 7.30442e-07
2.59585 1.4382 0 370 7.33733e-07
2.5966 1.4382 0 370 7.37511e-07
2.59735 1.4382 0 370 7.41779e-07
2.5981 1.4382 0 370 7.46541e-07
2.59885 1.4382 0 370 7.51797e-07
2.5996 1.4382 0 370 7.57549e-07
2.60035 1.4382 0 370 7.63793e-07
2.6011 1.4382 0 370 7.70523e-07
2.60185 1.4382 0 370 7.7773e-07
2.6026 1.4382 0 370 7.854e-07
2.60335 1.4382 0 370 7.93511e-07
2.6041 1.4382 0 370 8.02033e-07
2.60485 1.4382 0 370 8.10936e-07
2.6056 1.4382 0 370 8.20183e-07
2.60635 1.4382 0 370 8.29732e-07
2.6071 1.4382 0 370 8.39549e-07
2.60785 1.4382 0 370 8.49596e-07
2.6086 1.4382 0 370 8.59847e-07
2.60935 1.4382 0 370 8.71081e-07
2.6101 1.4382 0 370 8.81674e-07
2.61085 1.4382 0 370 8.92489e-07
2.6116 1.4382 0 370 9.03575e-07
2.61235 1.4382 0 370 9.15007e-07
2.6131 1.4382 0 370 9.26886e-07
2.61385 1.4382 0 370 9.39313e-07
2.6146 1.4382 0 370 9.52429e-07
2.61535 1.4382 0 370 9.66377e-07
2.6161 1.4382 0 370 9.8131e-07
2.61685 1.4382 0 370 9.97385e-07
2.6176 1.4382 0 370 1.01476e-06
2.61835 1.4382 0 370 1.03358e-06
2.6191 1.4382 0 370 1.054e-06
2.61985 1.4382 0 370 1.07615e-06
2.6206 1.4382 0 370 1.10017e-06
2.62135 1.4382 0 370 1.12617e-06
2.6221 1.4382 0 370 1.15425e-06
2.62285 1.4382 0 370 1.18452e-06
2.6236 1.4382 0 370 1.21708e-06
2.62435 1.4382 0 370 1.25202e-06
2.6251 1.4382 0 370 1.28946e-06
2.62585 1.4382 0 370 1.32949e-06
2.6266 1.4382 0 370 1.37222e-06
2.62735 1.4382 0 370 1.41778e-06
2.6281 1.4382 0 370 1.46628e-06
2.62885 1.4382 0 370 1.51781e-06
2.6296 1.4382 0 370 1.57245e-06
2.63036 1.4382 0 370 1.63023e-06
2.63111 1.4382 0 370 1.69115e-06
2.63186 1.4382 0 370 1.75511e-06
2.63261 1.4382 0 370 1.82193e-06
2.63336 1.4382 0 370 1.89131e-06
2.63411 1.4382 0 370 1.96281e-06
2.63486 1.4382 0 370 2.03583e-06
2.63561 1.4382 0 370 2.10958e-06
2.63636 1.4382 0 370 2.18308e-06
2.63711 1.4382 0 370 2.25517e-06
2.63786 1.4382 0 370 2.32452e-06
2.63861 1.4382 0 370 2.38964e-06
2.63936 1.4382 0 370 2.44899e-06
2.64011 1.4382 0 370 2.50104e-06
2.64086 1.4382 0 370 2.54436e-06
2.64161 1.4382 0 370 2.57773e-06
2.64236 1.4382 0 370 2.60025e-06
2.64311 1.4382 0 370 2.61141e-06
2.64386 1.4382 0 370 2.61115e-06
2.64461 1.4382 0 370 2.59985e-06
2.64536 1.4382 0 370 2.57828e-06
2.64611 1.4382 0 370 2.5476e-06
2.64686 1.4382 0 370 2.50917e-06
2.64761 1.4382 0 370 2.46452e-06
2.64836 1.4382 0 370 2.4152e-06
2.64911 1.4382 0 370 2.36273e-06
2.64986 1.4382 0 370 2.30851e-06
2.65061 1.4382 0 370 2.25378e-06
2.65136 1.4382 0 370 2.19962e-06
2.65211 1.4382 0 370 2.14688e-06
2.65286 1.4382 0 370 2.09627e-06
2.65361 1.4382 0 370 2.04832e-06
2.65436 1.4382 0 370 2.0034e-06
2.65511 1.4382 0 370 1.96182e-06
2.65586 1.4382 0 370 1.92373e-06
2.65661 1.4382 0 370 1.88922e-06
2.65736 1.4382 0 370 1.85832e-06
2.65811 1.4382 0 370 1.83102e-06
2.65886 1.4382 0 370 1.80728e-06
2.65961 1.4382 0 370 1.78702e-06
2.66036 1.4382 0 370 1.77017e-06
2.66111 1.4382 0 370 1.75665e-06
2.66186 1.4382 0 370 1.74636e-06
2.66261 1.4382 0 370 1.73923e-06
2.66336 1.4382 0 370 1.73517e-06
2.66411 1.4382 0 370 1.73411e-06
2.66486 1.4382 0 370 1.73599e-06
2.66561 1.4382 0 370 1.74074e-06
2.66636 1.4382 0 370 1.7483e-06
2.66711 1.4382 0 370 1.75865e-06
2.66786 1.4382 0 370 1.77175e-06
2.66861 1.4382 0 370 1.78754e-06
2.66936 1.4382 0 370 1.806e-06
2.67011 1.4382 0 370 1.82709e-06
2.67086 1.4382 0 370 1.85076e-06
2.67161 1.4382 0 370 1.87697e-06
2.67236 1.4382 0 370 1.90566e-06
2.67311 1.4382 0 370 1.93677e-06
2.67386 1.4382 0 370 1.97023e-06
2.67461 1.4382 0 370 2.00592e-06
2.67536 1.4382 0 370 2.04379e-06
2.67611 1.4382 0 370 2.08375e-06
2.67686 1.4382 0 370 2.12571e-06
2.67761 1.4382 0 370 2.16962e-06
2.67836 1.4382 0 370 2.21545e-06
2.67911 1.4382 0 370 2.26324e-06
2.67986 1.4382 0 370 2.31306e-06
2.68061 1.4382 0 370 2.36509e-06
2.68136 1.4382 0 370 2.41955e-06
2.68211 1.4382 0 370 2.47676e-06
2.68286 1.4382 0 370 2.53708e-06
2.68361 1.4382 0 370 2.601e-06
2.68436 1.4382 0 370 2.66901e-06
2.68511 1.4382 0 370 2.74168e-06
2.68586 1.4382 0 370 2.81961e-06
2.68661 1.4382 0 370 2.90339e-06
2.68736 1.4382 0 370 2.9936e-06
2.68811 1.4382 0 370 3.09079e-06
2.68886 1.4382 0 370 3.19552e-06
2.68961 1.4382 0 370 3.30819e-06
2.69037 1.4382 0 370 3.42907e-06
2.69112 1.4382 0 370 3.55831e-06
2.69187 1.4382 0 370 3.69577e-06
2.69262 1.4382 0 370 3.84103e-06
2.69337 1.4382 0 370 3.99336e-06
2.69412 1.4382 0 370 4.15167e-06
2.69487 1.4382 0 370 4.31453e-06
2.69562 1.4382 0 370 4.48022e-06
2.69637 1.4382 0 370 4.64682e-06
2.69712 1.4382 0 370 4.81225e-06
2.69787 1.4382 0 370 4.97448e-06
2.69862 1.4382 0 370 5.13163e-06
2.69937 1.4382 0 370 5.28214e-06
2.70012 1.4382 0 370 5.42484e-06
2.70087 1.4382 0 370 5.55905e-06
2.70162 1.4382 0 370 5.68474e-06
2.70237 1.4382 0 370 5.80234e-06
2.70312 1.4382 0 370 5.91286e-06
2.70387 1.4382 0 370 6.01775e-06
2.70462 1.4382 0 370 6.1188e-06
2.70537 1.4382 0 370 6.21799e-06
2.70612 1.4382 0 370 6.31735e-06
2.70687 1.4382 0 370 6.41881e-06
2.70762 1.4382 0 370 6.52408e-06
2.70837 1.4382 0 370 6.63451e-06
2.70912 1.4382 0 370 6.75103e-06
2.70987 1.4382 0 370 6.87399e-06
2.71062 1.4382 0 370 7.00319e-06
2.71137 1.4382 0 370 7.13783e-06
2.71212 1.4382 0 370 7.27648e-06
2.71287 1.4382 0 370 7.41709e-06
2.71362 1.4382 0 370 7.55711e-06
2.71437 1.4382 0 370 7.69358e-06
2.71512 1.4382 0 370 7.82324e-06
2.71587 1.4382 0 370 7.94282e-06
2.71662 1.4382 0 370 8.0492e-06
2.71737 1.4382 0 370 8.13971e-06
2.71812 1.4382 0 370 8.21234e-06
2.71887 1.4382 0 370 8.266e-06
2.71962 1.4382 0 370 8.30058e-06
2.72037 1.4382 0 370 8.31702e-06
2.72112 1.4382 0 370 8.31729e-06
2.72187 1.4382 0 370 8.30422e-06
2.72262 1.4382 0 370 8.28133e-06
2.72337 1.4382 0 370 8.25252e-06
2.72412 1.4382 0 370 8.22196e-06
2.72487 1.4382 0 370 8.19382e-06
2.72562 1.4382 0 370 8.17213e-06
2.72637 1.4382 0 370 8.16063e-06
2.72712 1.4382 0 370 8.1627e-06
2.72787 1.4382 0 370 8.18138e-06
2.72862 1.4382 0 370 8.21934e-06
2.72937 1.4382 0 370 8.27888e-06
2.73012 1.4382 0 370 8.36205e-06
2.73087 1.4382 0 370 8.47066e-06
2.73162 1.4382 0 370 8.60609e-06
2.73237 1.4382 0 370 8.76975e-06
2.73312 1.4382 0 370 8.96292e-06
2.73387 1.4382 0 370 9.18626e-06
2.73462 1.4382 0 370 9.44068e-06
2.73537 1.4382 0 370 9.72668e-06
2.73612 1.4382 0 370 1.00444e-05
2.73687 1.4382 0 370 1.03937e-05
2.73762 1.4382 0 370 1.07738e-05
2.73837 1.4382 0 370 1.11832e-05
2.73912 1.4382 0 370 1.16197e-05
2.73987 1.4382 0 370 1.20799e-05
2.74062 1.4382 0 370 1.25595e-05
2.74137 1.4382 0 370 1.30524e-05
2.74212 1.4382 0 370 1.35513e-05
2.74287 1.4382 0 370 1.40469e-05
2.74362 1.4382 0 370 1.45287e-05
2.74437 1.4382 0 370 1.49847e-05
2.74512 1.4382 0 370 1.54017e-05
2.74587 1.4382 0 370 1.57663e-05
2.74662 1.4382 0 370 1.60652e-05
2.74737 1.4382 0 370 1.62865e-05
2.74812 1.4382 0 370 1.64202e-05
2.74887 1.4382 0 370 1.64597e-05
2.74962 1.4382 0 370 1.6401e-05
2.75038 1.4382 0 370 1.62449e-05
2.75113 1.4382 0 370 1.59957e-05
2.75188 1.4382 0 370 1.56609e-05
2.75263 1.4382 0 370 1.5251e-05
2.75338 1.4382 0 370 1.47782e-05
2.75413 1.4382 0 370 1.42556e-05
2.75488 1.4382 0 370 1.36964e-05
2.75563 1.4382 0 370 1.31132e-05
2.75638 1.4382 0 370 1.25172e-05
2.75713 1.4382 0 370 1.19183e-05
2.75788 1.4382 0 370 1.13248e-05
2.75863 1.4382 0 370 1.07432e-05
2.75938 1.4382 0 370 1.01785e-05
2.76013 1.4382 0 370 9.63438e-06
2.76088 1.4382 0 370 9.11338e-06
2.76163 1.4382 0 370 8.61698e-06
2.76238 1.4382 0 370 8.14585e-06
2.76313 1.4382 0 370 7.7001e-06
2.76388 1.4382 0 370 7.27931e-06
2.76463 1.4382 0 370 6.88275e-06
2.76538 1.4382 0 370 6.50947e-06
2.76613 1.4382 0 370 6.15827e-06
2.76688 1.4382 0 370 5.82797e-06
2.76763 1.4382 0 370 5.5173e-06
2.76838 1.4382 0 370 5.22501e-06
2.76913 1.4382 0 370 4.94988e-06
2.76988 1.4382 0 370 4.69076e-06
2.77063 1.4382 0 370 4.44657e-06
2.77138 1.4382 0 370 4.21636e-06
2.77213 1.4382 0 370 3.99926e-06
2.77288 1.4382 0 370 3.79457e-06
2.77363 1.4382 0 370 3.60169e-06
2.77438 1.4382 0 370 3.42022e-06
2.77513 1.4382 0 370 3.24985e-06
2.77588 1.4382 0 370 3.09045e-06
2.77663 1.4382 0 370 2.94202e-06
2.77738 1.4382 0 370 2.80465e-06
2.77813 1.4382 0 370 2.67843e-06
2.77888 1.4382 0 370 2.56366e-06
2.77963 1.4382 0 370 2.46036e-06
2.78038 1.4382 0 370 2.36852e-06
2.78113 1.4382 0 370 2.28791e-06
2.78188 1.4382 0 370 2.21802e-06
2.78263 1.4382 0 370 2.1581e-06
2.78338 1.4382 0 370 2.10707e-06
2.78413 1.4382 0 370 2.06367e-06
2.78488 1.4382 0 370 2.02643e-06
2.78563 1.4382 0 370 1.99383e-06
2.78638 1.4382 0 370 1.96441e-06
2.78713 1.4382 0 370 1.93683e-06
2.78788 1.4382 0 370 1.90996e-06
2.78863 1.4382 0 370 1.88293e-06
2.78938 1.4382 0 370 1.85512e-06
2.79013 1.4382 0 370 1.82617e-06
2.79088 1.4382 0 370 1.79592e-06
2.79163 1.4382 0 370 1.76439e-06
2.79238 1.4382 0 370 1.73173e-06
2.79313 1.4382 0 370 1.69815e-06
2.79388 1.4382 0 370 1.66392e-06
2.79463 1.4382 0 370 1.6293e-06
2.79538 1.4382 0 370 1.59457e-06
2.79613 1.4382 0 370 1.55997e-06
2.79688 1.4382 0 370 1.52572e-06
2.79763 1.4382 0 370 1.492e-06
2.79838 1.4382 0 370 1.45895e-06
2.79913 1.4382 0 370 1.42669e-06
2.79988 1.4382 0 370 1.39533e-06
2.80063 1.4382 0 370 1.36491e-06
2.80138 1.4382 0 370 1.33549e-06
2.80213 1.4382 0 370 1.30708e-06
2.80288 1.4382 0 370 1.27971e-06
2.80363 1.4382 0 370 1.25338e-06
2.80438 1.4382 0 370 1.22807e-06
2.80513 1.4382 0 370 1.20378e-06
2.80588 1.4382 0 370 1.18047e-06
2.80663 1.4382 0 370 1.15811e-06
2.80738 1.4382 0 370 1.13672e-06
2.80813 1.4382 0 370 1.11624e-06
2.80888 1.4382 0 370 1.09665e-06
2.80963 1.4382 0 370 1.07792e-06
2.81039 1.4382 0 370 1.06003e-06
2.81114 1.4382 0 370 1.04295e-06
2.81189 1.4382 0 370 1.02666e-06
2.81264 1.4382 0 370 1.01113e-06
2.81339 1.4382 0 370 9.96341e-07
2.81414 1.4382 0 370 9.8227e-07
2.81489 1.4382 0 370 9.689e-07
2.81564 1.4382 0 370 9.5621e-07
2.81639 1.4382 0 370 9.44185e-07
2.81714 1.4382 0 370 9.32809e-07
2.81789 1.4382 0 370 9.22067e-07
2.81864 1.4382 0 370 9.11945e-07
2.81939 1.4382 0 370 9.02427e-07
2.82014 1.4382 0 370 8.93499e-07
2.82089 1.4382 0 370 8.85146e-07
2.82164 1.4382 0 370 8.77352e-07
2.82239 1.4382 0 370 8.70094e-07
2.82314 1.4382 0 370 8.63351e-07
2.82389 1.4382 0 370 8.57092e-07
2.82464 1.4382 0 370 8.51283e-07
2.82539 1.4382 0 370 8.45878e-07
2.82614 1.4382 0 370 8.40822e-07
2.82689 1.4382 0 370 8.36044e-07
2.82764 1.4382 0 370 8.31459e-07
2.82839 1.4382 0 370 8.26963e-07
2.82914 1.4382 0 370 8.2243e-07
2.82989 1.4382 0 370 8.17709e-07
2.83064 1.4382 0 370 8.12625e-07
2.83139 1.4382 0 370 8.06977e-07
2.83214 1.4382 0 370 8.00541e-07
2.83289 1.4382 0 370 7.93072e-07
2.83364 1.4382 0 370 7.84312e-07
2.83439 1.4382 0 370 7.73998e-07
2.83514 1.4382 0 370 7.61872e-07
2.83589 1.4382 0 370 7.47695e-07
2.83664 1.4382 0 370 7.31261e-07
2.83739 1.4382 0 370 7.12408e-07
2.83814 1.4382 0 370 6.91008e-07
2.83889 1.4382 0 370 6.67074e-07
2.83964 1.4382 0 370 6.40613e-07
2.84039 1.4382 0 370 6.11749e-07
2.84114 1.4382 0 370 5.8069e-07
2.84189 1.4382 0 370 5.47731e-07
2.84264 1.4382 0 370 5.13268e-07
2.84339 1.4382 0 370 4.778e-07
2.84414 1.4382 0 370 4.41937e-07
2.84489 1.4382 0 370 4.06414e-07
2.84564 1.4382 0 370 3.72095e-07
2.84639 1.4382 0 370 3.06864e-07
2.84714 1.4382 0 370 2.7685e-07
2.84789 1.4382 0 370 2.51603e-07
2.84864 1.4382 0 370 2.32509e-07
2.84939 1.4382 0 370 2.2099e-07
2.85014 1.4382 0 370 2.18298e-07
2.85089 1.4382 0 370 2.25947e-07
2.85164 1.4382 0 370 2.44809e-07
2.85239 1.4382 0 370 2.75525e-07
2.85314 1.4382 0 370 3.18263e-07
2.85389 1.4382 0 370 3.72638e-07
2.85464 1.4382 0 370 4.37668e-07
2.85539 1.4382 0 370 5.11833e-07
2.85614 1.4382 0 370 5.93109e-07
2.85689 1.4382 0 370 6.79146e-07
2.85764 1.4382 0 370 7.67449e-07
2.85839 1.4382 0 370 8.55573e-07
2.85914 1.4382 0 370 9.41308e-07
2.85989 1.4382 0 370 1.02282e-06
2.86064 1.4382 0 370 1.09877e-06
2.86139 1.4382 0 370 1.16828e-06
2.86214 1.4382 0 370 1.23101e-06
2.86289 1.4382 0 370 1.28702e-06
2.86364 1.4382 0 370 1.33672e-06
2.86439 1.4382 0 370 1.38079e-06
2.86514 1.4382 0 370 1.42004e-06
2.86589 1.4382 0 370 1.45538e-06
2.86664 1.4382 0 370 1.48778e-06
2.86739 1.4382 0 370 1.51806e-06
2.86814 1.4382 0 370 1.54707e-06
2.86889 1.4382 0 370 1.57554e-06
2.86964 1.4382 0 370 1.60408e-06
2.8704 1.4382 0 370 1.63319e-06
2.87115 1.4382 0 370 1.66324e-06
2.8719 1.4382 0 370 1.69448e-06
2.87265 1.4382 0 370 1.72703e-06
2.8734 1.4382 0 370 1.76089e-06
2.87415 1.4382 0 370 1.79589e-06
2.8749 1.4382 0 370 1.83175e-06
2.87565 1.4382 0 370 1.86807e-06
2.8764 1.4382 0 370 1.90431e-06
2.87715 1.4382 0 370 1.93981e-06
2.8779 1.4382 0 370 1.97382e-06
2.87865 1.4382 0 370 2.0055e-06
2.8794 1.4382 0 370 2.03396e-06
2.88015 1.4382 0 370 2.05833e-06
2.8809 1.4382 0 370 2.07779e-06
2.88165 1.4382 0 370 2.0916e-06
2.8824 1.4382 0 370 2.0992e-06
2.88315 1.4382 0 370 2.1002e-06
2.8839 1.4382 0 370 2.09444e-06
2.88465 1.4382 0 370 2.08201e-06
2.8854 1.4382 0 370 2.0632e-06
2.88615 1.4382 0 370 2.03854e-06
2.8869 1.4382 0 370 2.00869e-06
2.88765 1.4382 0 370 1.97445e-06
2.8884 1.4382 0 370 1.93669e-06
2.88915 1.4382 0 370 1.89631e-06
2.8899 1.4382 0 370 1.85418e-06
2.89065 1.4382 0 370 1.81112e-06
2.8914 1.4382 0 370 1.76788e-06
2.89215 1.4382 0 370 1.72513e-06
2.8929 1.4382 0 370 1.68344e-06
2.89365 1.4382 0 370 1.64329e-06
2.8944 1.4382 0 370 1.60508e-06
2.89515 1.4382 0 370 1.56913e-06
2.8959 1.4382 0 370 1.53571e-06
2.89665 1.4382 0 370 1.50502e-06
2.8974 1.4382 0 370 1.4772e-06
2.89815 1.4382 0 370 1.45239e-06
2.8989 1.4382 0 370 1.43065e-06
2.89965 1.4382 0 370 1.41204e-06
2.9004 1.4382 0 370 1.39659e-06
2.90115 1.4382 0 370 1.38428e-06
2.9019 1.4382 0 370 1.37508e-06
2.90265 1.4382 0 370 1.36891e-06
2.9034 1.4382 0 370 1.36567e-06
2.90415 1.4382 0 370 1.36522e-06
2.9049 1.4382 0 370 1.3674e-06
2.90565 1.4382 0 370 1.37199e-06
2.9064 1.4382 0 370 1.37878e-06
2.90715 1.4382 0 370 1.3875e-06
2.9079 1.4382 0 370 1.39786e-06
2.90865 1.4382 0 370 1.40955e-06
2.9094 1.4382 0 370 1.4222e-06
2.91015 1.4382 0 370 1.43543e-06
2.9109 1.4382 0 370 1.44878e-06
2.91165 1.4382 0 370 1.46179e-06
2.9124 1.4382 0 370 1.47393e-06
2.91315 1.4382 0 370 1.48465e-06
2.9139 1.4382 0 370 1.49339e-06
2.91465 1.4382 0 370 1.49957e-06
2.9154 1.4382 0 370 1.5027e-06
2.91615 1.4382 0 370 1.50228e-06
2.9169 1.4382 0 370 1.49794e-06
2.91765 1.4382 0 370 1.4894e-06
2.9184 1.4382 0 370 1.47655e-06
2.91915 1.4382 0 370 1.4594e-06
2.9199 1.4382 0 370 1.43812e-06
2.92065 1.4382 0 370 1.41305e-06
2.9214 1.4382 0 370 1.38465e-06
2.92215 1.4382 0 370 1.35349e-06
2.9229 1.4382 0 370 1.32022e-06
2.92365 1.4382 0 370 1.28558e-06
2.9244 1.4382 0 370 1.25032e-06
2.92515 1.4382 0 370 1.21522e-06
2.9259 1.4382 0 370 1.18105e-06
2.92665 1.4382 0 370 1.14852e-06
2.9274 1.4382 0 370 1.11831e-06
2.92815 1.4382 0 370 1.09098e-06
2.9289 1.4382 0 370 1.067e-06
2.92965 1.4382 0 370 1.0467e-06
2.93041 1.4382 0 370 1.03025e-06
2.93116 1.4382 0 370 1.01764e-06
2.93191 1.4382 0 370 1.00872e-06
2.93266 1.4382 0 370 1.00318e-06
2.93341 1.4382 0 370 1.00059e-06
2.93416 1.4382 0 370 1.00044e-06
2.93491 1.4382 0 370 1.00217e-06
2.93566 1.4382 0 370 1.00526e-06
2.93641 1.4382 0 370 1.00919e-06
2.93716 1.4382 0 370 1.01355e-06
2.93791 1.4382 0 370 1.01801e-06
2.93866 1.4382 0 370 1.02232e-06
2.93941 1.4382 0 370 1.02636e-06
2.94016 1.4382 0 370 1.03005e-06
2.94091 1.4382 0 370 1.0334e-06
2.94166 1.4382 0 370 1.03647e-06
2.94241 1.4382 0 370 1.03934e-06
2.94316 1.4382 0 370 1.04212e-06
2.94391 1.4382 0 370 1.04494e-06
2.94466 1.4382 0 370 1.0479e-06
2.94541 1.4382 0 370 1.05112e-06
2.94616 1.4382 0 370 1.05469e-06
2.94691 1.4382 0 370 1.05872e-06
2.94766 1.4382 0 370 1.06328e-06
2.94841 1.4382 0 370 1.06842e-06
2.94916 1.4382 0 370 1.07423e-06
2.94991 1.4382 0 370 1.08072e-06
2.95066 1.4382 0 370 1.08796e-06
2.95141 1.4382 0 370 1.09596e-06
2.95216 1.4382 0 370 1.10476e-06
2.95291 1.4382 0 370 1.11437e-06
2.95366 1.4382 0 370 1.12483e-06
2.95441 1.4382 0 370 1.13615e-06
2.95516 1.4382 0 370 1.14836e-06
2.95591 1.4382 0 370 1.16149e-06
2.95666 1.4382 0 370 1.17556e-06
2.95741 1.4382 0 370 1.19061e-06
2.95816 1.4382 0 370 1.20668e-06
2.95891 1.4382 0 370 1.22382e-06
2.95966 1.4382 0 370 1.24208e-06
2.96041 1.4382 0 370 1.26153e-06
2.96116 1.4382 0 370 1.2822e-06
2.96191 1.4382 0 370 1.3042e-06
2.96266 1.4382 0 370 1.32759e-06
2.96341 1.4382 0 370 1.35245e-06
2.96416 1.4382 0 370 1.37885e-06
2.96491 1.4382 0 370 1.4069e-06
2.96566 1.4382 0 370 1.4367e-06
2.96641 1.4382 0 370 1.46832e-06
2.96716 1.4382 0 370 1.5019e-06
2.96791 1.4382 0 370 1.53754e-06
2.96866 1.4382 0 370 1.57536e-06
2.96941 1.4382 0 370 1.6155e-06
2.97016 1.4382 0 370 1.65809e-06
2.97091 1.4382 0 370 1.70329e-06
2.97166 1.4382 0 370 1.75126e-06
2.97241 1.4382 0 370 1.80216e-06
2.97316 1.4382 0 370 1.85616e-06
2.97391 1.4382 0 370 1.91348e-06
2.97466 1.4382 0 370 1.9743e-06
2.97541 1.4382 0 370 2.03884e-06
2.97616 1.4382 0 370 2.10732e-06
2.97691 1.4382 0 370 2.17998e-06
2.97766 1.4382 0 370 2.25706e-06
2.97841 1.4382 0 370 2.33879e-06
2.97916 1.4382 0 370 2.42543e-06
2.97991 1.4382 0 370 2.51722e-06
2.98066 1.4382 0 370 2.61439e-06
2.98141 1.4382 0 370 2.71715e-06
2.98216 1.4382 0 370 2.82571e-06
2.98291 1.4382 0 370 2.9402e-06
2.98366 1.4382 0 370 3.06073e-06
2.98441 1.4382 0 370 3.18731e-06
2.98516 1.4382 0 370 3.31989e-06
2.98591 1.4382 0 370 3.45828e-06
2.98666 1.4382 0 370 3.60215e-06
2.98741 1.4382 0 370 3.75101e-06
2.98816 1.4382 0 370 3.90415e-06
2.98891 1.4382 0 370 4.06066e-06
2.98966 1.4382 0 370 4.21934e-06
2.99042 1.4382 0 370 4.37872e-06
2.99117 1.4382 0 370 4.53711e-06
2.99192 1.4382 0 370 4.69251e-06
2.99267 1.4382 0 370 4.8427e-06
2.99342 1.4382 0 370 4.98528e-06
2.99417 1.4382 0 370 5.11778e-06
2.99492 1.4382 0 370 5.23774e-06
2.99567 1.4382 0 370 5.34288e-06
2.99642 1.4382 0 370 5.43116e-06
2.99717 1.4382 0 370 5.50101e-06
2.99792 1.4382 0 370 5.55137e-06
2.99867 1.4382 0 370 5.58178e-06
2.99942 1.4382 0 370 5.59248e-06
3.00017 1.4382 0 370 5.5843e-06
3.00092 1.4382 0 370 5.55867e-06
3.00167 1.4382 0 370 5.51749e-06
3.00242 1.4382 0 370 5.46305e-06
3.00317 1.4382 0 370 5.39772e-06
3.00392 1.4382 0 370 5.32407e-06
3.00467 1.4382 0 370 5.24454e-06
3.00542 1.4382 0 370 5.16144e-06
3.00617 1.4382 0 370 5.07681e-06
3.00692 1.4382 0 370 4.99243e-06
3.00767 1.4382 0 370 4.90975e-06
3.00842 1.4382 0 370 4.82988e-06
3.00917 1.4382 0 370 4.75365e-06
3.00992 1.4382 0 370 4.68162e-06
3.01067 1.4382 0 370 4.61409e-06
3.01142 1.4382 0 370 4.55118e-06
3.01217 1.4382 0 370 4.49287e-06
3.01292 1.4382 0 370 4.43916e-06
3.01367 1.4382 0 370 4.38964e-06
3.01442 1.4382 0 370 4.34429e-06
3.01517 1.4382 0 370 4.30311e-06
3.01592 1.4382 0 370 4.26581e-06
3.01667 1.4382 0 370 4.23256e-06
3.01742 1.4382 0 370 4.20349e-06
3.01817 1.4382 0 370 4.17882e-06
3.01892 1.4382 0 370 4.15884e-06
3.01967 1.4382 0 370 4.14391e-06
3.02042 1.4382 0 370 4.13441e-06
3.02117 1.4382 0 370 4.13077e-06
3.02192 1.4382 0 370 4.13338e-06
3.02267 1.4382 0 370 4.14263e-06
3.02342 1.4382 0 370 4.15888e-06
3.02417 1.4382 0 370 4.18244e-06
3.02492 1.4382 0 370 4.21358e-06
3.02567 1.4382 0 370 4.25253e-06
3.02642 1.4382 0 370 4.29947e-06
3.02717 1.4382 0 370 4.35456e-06
3.02792 1.4382 0 370 4.4179e-06
3.02867 1.4382 0 370 4.48962e-06
3.02942 1.4382 0 370 4.56981e-06
3.03017 1.4382 0 370 4.65858e-06
3.03092 1.4382 0 370 4.75607e-06
3.03167 1.4382 0 370 4.86248e-06
3.03242 1.4382 0 370 4.97803e-06
3.03317 1.4382 0 370 5.10305e-06
3.03392 1.4382 0 370 5.23789e-06
3.03467 1.4382 0 370 5.383e-06
3.03542 1.4382 0 370 5.53891e-06
3.03617 1.4382 0 370 5.70616e-06
3.03692 1.4382 0 370 5.88534e-06
3.03767 1.4382 0 370 6.07702e-06
3.03842 1.4382 0 370 6.2817e-06
3.03917 1.4382 0 370 6.49981e-06
3.03992 1.4382 0 370 6.7316e-06
3.04067 1.4382 0 370 6.97713e-06
3.04142 1.4382 0 370 7.23615e-06
3.04217 1.4382 0 370 7.50807e-06
3.04292 1.4382 0 370 7.79189e-06
3.04367 1.4382 0 370 8.08606e-06
3.04442 1.4382 0 370 8.38847e-06
3.04517 1.4382 0 370 8.69634e-06
3.04592 1.4382 0 370 9.00616e-06
3.04667 1.4382 0 370 9.31371e-06
3.04742 1.4382 0 370 9.61402e-06
3.04817 1.4382 0 370 9.90147e-06
3.04892 1.4382 0 370 1.01699e-05
3.04967 1.4382 0 370 1.04128e-05
3.05043 1.4382 0 370 1.06235e-05
3.05118 1.4382 0 370 1.07959e-05
3.05193 1.4382 0 370 1.09243e-05
3.05268 1.4382 0 370 1.1004e-05
3.05343 1.4382 0 370 1.10317e-05
3.05418 1.4382 0 370 1.10058e-05
3.05493 1.4382 0 370 1.09262e-05
3.05568 1.4382 0 370 1.0795e-05
3.05643 1.4382 0 370 1.06154e-05
3.05718 1.4382 0 370 1.03924e-05
3.05793 1.4382 0 370 1.01319e-05
3.05868 1.4382 0 370 9.84043e-06
3.05943 1.4382 0 370 9.52472e-06
3.06018 1.4382 0 370 9.19148e-06
3.06093 1.4382 0 370 8.84696e-06
3.06168 1.4382 0 370 8.49677e-06
3.06243 1.4382 0 370 8.14575e-06
3.06318 1.4382 0 370 7.7979e-06
3.06393 1.4382 0 370 7.45637e-06
3.06468 1.4382 0 370 7.12356e-06
3.06543 1.4382 0 370 6.80118e-06
3.06618 1.4382 0 370 6.49037e-06
3.06693 1.4382 0 370 6.19183e-06
3.06768 1.4382 0 370 5.9059e-06
3.06843 1.4382 0 370 5.63271e-06
3.06918 1.4382 0 370 5.37217e-06
3.06993 1.4382 0 370 5.12413e-06
3.07068 1.4382 0 370 4.88835e-06
3.07143 1.4382 0 370 4.66456e-06
3.07218 1.4382 0 370 4.4525e-06
3.07293 1.4382 0 370 4.25189e-06
3.07368 1.4382 0 370 4.06247e-06
3.07443 1.4382 0 370 3.88398e-06
3.07518 1.4382 0 370 3.7162e-06
3.07593 1.4382 0 370 3.55886e-06
3.07668 1.4382 0 370 3.41172e-06
3.07743 1.4382 0 370 3.27451e-06
3.07818 1.4382 0 370 3.14688e-06
3.07893 1.4382 0 370 3.02856e-06
3.07968 1.4382 0 370 2.91909e-06
3.08043 1.4382 0 370 2.818e-06
3.08118 1.4382 0 370 2.72474e-06
3.08193 1.4382 0 370 2.63874e-06
3.08268 1.4382 0 370 2.55936e-06
3.08343 1.4382 0 370 2.48594e-06
3.08418 1.4382 0 370 2.41785e-06
3.08493 1.4382 0 370 2.35447e-06
3.08568 1.4382 0 370 2.29523e-06
3.08643 1.4382 0 370 2.23965e-06
3.08718 1.4382 0 370 2.1873e-06
3.08793 1.4382 0 370 2.13785e-06
3.08868 1.4382 0 370 2.09102e-06
3.08943 1.4382 0 370 2.04663e-06
3.09018 1.4382 0 370 2.00453e-06
3.09093 1.4382 0 370 1.96464e-06
3.09168 1.4382 0 370 1.92692e-06
3.09243 1.4382 0 370 1.89133e-06
3.09318 1.4382 0 370 1.85787e-06
3.09393 1.4382 0 370 1.82654e-06
3.09468 1.4382 0 370 1.79737e-06
3.09543 1.4382 0 370 1.77037e-06
3.09618 1.4382 0 370 1.74555e-06
3.09693 1.4382 0 370 1.72294e-06
3.09768 1.4382 0 370 1.70255e-06
3.09843 1.4382 0 370 1.6844e-06
3.09918 1.4382 0 370 1.66852e-06
3.09993 1.4382 0 370 1.6549e-06
3.10068 1.4382 0 370 1.64358e-06
3.10143 1.4382 0 370 1.63457e-06
3.10218 1.4382 0 370 1.62789e-06
3.10293 1.4382 0 370 1.62355e-06
3.10368 1.4382 0 370 1.62158e-06
3.10443 1.4382 0 370 1.62199e-06
3.10518 1.4382 0 370 1.6248e-06
3.10593 1.4382 0 370 1.63002e-06
3.10668 1.4382 0 370 1.63764e-06
3.10743 1.4382 0 370 1.64766e-06
3.10818 1.4382 0 370 1.66005e-06
3.10893 1.4382 0 370 1.67477e-06
3.10968 1.4382 0 370 1.69173e-06
3.11044 1.4382 0 370 1.71084e-06
3.11119 1.4382 0 370 1.73194e-06
3.11194 1.4382 0 370 1.75484e-06
3.11269 1.4382 0 370 1.77929e-06
3.11344 1.4382 0 370 1.80496e-06
3.11419 1.4382 0 370 1.83149e-06
3.11494 1.4382 0 370 1.8584e-06
3.11569 1.4382 0 370 1.88518e-06
3.11644 1.4382 0 370 1.91121e-06
3.11719 1.4382 0 370 1.93583e-06
3.11794 1.4382 0 370 1.95827e-06
3.11869 1.4382 0 370 1.97793e-06
3.11944 1.4382 0 370 1.99397e-06
3.12019 1.4382 0 370 2.0057e-06
3.12094 1.4382 0 370 2.01247e-06
3.12169 1.4382 0 370 2.01377e-06
3.12244 1.4382 0 370 2.00918e-06
3.12319 1.4382 0 370 1.99842e-06
3.12394 1.4382 0 370 1.98143e-06
3.12469 1.4382 0 370 1.9583e-06
3.12544 1.4382 0 370 1.92931e-06
3.12619 1.4382 0 370 1.89485e-06
3.12694 1.4382 0 370 1.85548e-06
3.12769 1.4382 0 370 1.81179e-06
3.12844 1.4382 0 370 1.76444e-06
3.12919 1.4382 0 370 1.71414e-06
3.12994 1.4382 0 370 1.66156e-06
3.13069 1.4382 0 370 1.60057e-06
3.13144 1.4382 0 370 1.54499e-06
3.13219 1.4382 0 370 1.48883e-06
3.13294 1.4382 0 370 1.43252e-06
3.13369 1.4382 0 370 1.37644e-06
3.13444 1.4382 0 370 1.32087e-06
3.13519 1.4382 0 370 1.26603e-06
3.13594 1.4382 0 370 1.2121e-06
3.13669 1.4382 0 370 1.15919e-06
3.13744 1.4382 0 370 1.10736e-06
3.13819 1.4382 0 370 1.05666e-06
3.13894 1.4382 0 370 1.00708e-06
3.13969 1.4382 0 370 9.58622e-07
3.14044 1.4382 0 370 9.11246e-07
3.14119 1.4382 0 370 8.64924e-07
3.14194 1.4382 0 370 8.19624e-07
3.14269 1.4382 0 370 7.75323e-07
3.14344 1.4382 0 370 7.32009e-07
3.14419 1.4382 0 370 6.89697e-07
3.14494 1.4382 0 370 6.48425e-07
3.14569 1.4382 0 370 6.08266e-07
3.14644 1.4382 0 370 5.69338e-07
3.14719 1.4382 0 370 5.31805e-07
3.14794 1.4382 0 370 4.9589e-07
3.14869 1.4382 0 370 4.61873e-07
3.14944 1.4382 0 370 4.30099e-07
3.15019 1.4382 0 370 4.00975e-07
3.15094 1.4382 0 370 3.74968e-07
3.15169 1.4382 0 370 3.52589e-07
3.15244 1.4382 0 370 3.34381e-07
3.15319 1.4382 0 370 3.20888e-07
3.15394 1.4382 0 370 3.12623e-07
3.15469 1.4382 0 370 3.10028e-07
3.15544 1.4382 0 370 3.13426e-07
3.15619 1.4382 0 370 3.22973e-07
3.15694 1.4382 0 370 3.38618e-07
3.15769 1.4382 0 370 3.60072e-07
3.15844 1.4382 0 370 3.86787e-07
3.15919 1.4382 0 370 4.1797e-07
3.15994 1.4382 0 370 4.52609e-07
3.16069 1.4382 0 370 4.89523e-07
3.16144 1.4382 0 370 5.27438e-07
3.16219 1.4382 0 370 5.65064e-07
3.16294 1.4382 0 370 6.0109e-07
3.16369 1.4382 0 370 6.34618e-07
3.16444 1.4382 0 370 6.64679e-07
3.16519 1.4382 0 370 6.90635e-07
3.16594 1.4382 0 370 7.12102e-07
3.16669 1.4382 0 370 7.28953e-07
3.16744 1.4382 0 370 7.41291e-07
3.16819 1.4382 0 370 7.49384e-07
3.16894 1.4382 0 370 7.53783e-07
3.16969 1.4382 0 370 7.55051e-07
3.17045 1.4382 0 370 7.53879e-07
3.1712 1.4382 0 370 7.51012e-07
3.17195 1.4382 0 370 7.47218e-07
3.1727 1.4382 0 370 7.43254e-07
3.17345 1.4382 0 370 7.39839e-07
3.1742 1.4382 0 370 7.37631e-07
3.17495 1.4382 0 370 7.37194e-07
3.1757 1.4382 0 370 7.38981e-07
3.17645 1.4382 0 370 7.43311e-07
3.1772 1.4382 0 370 7.50359e-07
3.17795 1.4382 0 370 7.60156e-07
3.1787 1.4382 0 370 7.72578e-07
3.17945 1.4382 0 370 7.87381e-07
3.1802 1.4382 0 370 8.04222e-07
3.18095 1.4382 0 370 8.22685e-07
3.1817 1.4382 0 370 8.42093e-07
3.18245 1.4382 0 370 8.6248e-07
3.1832 1.4382 0 370 8.83199e-07
3.18395 1.4382 0 370 9.03901e-07
3.1847 1.4382 0 370 9.24314e-07
3.18545 1.4382 0 370 9.44242e-07
3.1862 1.4382 0 370 9.63564e-07
3.18695 1.4382 0 370 9.82224e-07
3.1877 1.4382 0 370 1.00022e-06
3.18845 1.4382 0 370 1.01758e-06
3.1892 1.4382 0 370 1.03437e-06
3.18995 1.4382 0 370 1.05062e-06
3.1907 1.4382 0 370 1.06639e-06
3.19145 1.4382 0 370 1.08171e-06
3.1922 1.4382 0 370 1.09657e-06
3.19295 1.4382 0 370 1.11092e-06
3.1937 1.4382 0 370 1.12472e-06
3.19445 1.4382 0 370 1.13783e-06
3.1952 1.4382 0 370 1.15015e-06
3.19595 1.4382 0 370 1.16153e-06
3.1967 1.4382 0 370 1.17174e-06
3.19745 1.4382 0 370 1.18065e-06
3.1982 1.4382 0 370 1.18809e-06
3.19895 1.4382 0 370 1.19392e-06
3.1997 1.4382 0 370 1.19804e-06
3.20045 1.4382 0 370 1.20039e-06
3.2012 1.4382 0 370 1.20095e-06
3.20195 1.4382 0 370 1.19978e-06
3.2027 1.4382 0 370 1.19695e-06
3.20345 1.4382 0 370 1.1926e-06
3.2042 1.4382 0 370 1.18692e-06
3.20495 1.4382 0 370 1.18009e-06
3.2057 1.4382 0 370 1.17234e-06
3.20645 1.4382 0 370 1.16386e-06
3.2072 1.4382 0 370 1.15487e-06
3.20795 1.4382 0 370 1.14554e-06
3.2087 1.4382 0 370 1.13605e-06
3.20945 1.4382 0 370 1.12651e-06
3.2102 1.4382 0 370 1.11704e-06
3.21095 1.4382 0 370 1.10769e-06
3.2117 1.4382 0 370 1.09851e-06
3.21245 1.4382 0 370 1.08954e-06
3.2132 1.4382 0 370 1.08077e-06
3.21395 1.4382 0 370 1.07215e-06
3.2147 1.4382 0 370 1.06371e-06
3.21545 1.4382 0 370 1.05541e-06
3.2162 1.4382 0 370 1.04724e-06
3.21695 1.4382 0 370 1.0392e-06
3.2177 1.4382 0 370 1.03128e-06
3.21845 1.4382 0 370 1.02348e-06
3.2192 1.4382 0 370 1.01583e-06
3.21995 1.4382 0 370 1.00834e-06
3.2207 1.4382 0 370 1.00104e-06
3.22145 1.4382 0 370 9.93949e-07
3.2222 1.4382 0 370 9.87092e-07
3.22295 1.4382 0 370 9.80498e-07
3.2237 1.4382 0 370 9.74192e-07
3.22445 1.4382 0 370 9.68197e-07
3.2252 1.4382 0 370 9.62539e-07
3.22595 1.4382 0 370 9.57242e-07
3.2267 1.4382 0 370 9.52334e-07
3.22745 1.4382 0 370 9.47842e-07
3.2282 1.4382 0 370 9.43796e-07
3.22895 1.4382 0 370 9.40226e-07
3.2297 1.4382 0 370 9.37166e-07
3.23046 1.4382 0 370 9.34647e-07
3.23121 1.4382 0 370 9.327e-07
3.23196 1.4382 0 370 9.31356e-07
3.23271 1.4382 0 370 9.30642e-07
3.23346 1.4382 0 370 9.30583e-07
3.23421 1.4382 0 370 9.31203e-07
3.23496 1.4382 0 370 9.3252e-07
3.23571 1.4382 0 370 9.34552e-07
3.23646 1.4382 0 370 9.37314e-07
3.23721 1.4382 0 370 9.40821e-07
3.23796 1.4382 0 370 9.45084e-07
3.23871 1.4382 0 370 9.50115e-07
3.23946 1.4382 0 370 9.55928e-07
3.24021 1.4382 0 370 9.62536e-07
3.24096 1.4382 0 370 9.69953e-07
3.24171 1.4382 0 370 9.78197e-07
3.24246 1.4382 0 370 9.87285e-07
3.24321 1.4382 0 370 9.97239e-07
3.24396 1.4382 0 370 1.00808e-06
3.24471 1.4382 0 370 1.01985e-06
3.24546 1.4382 0 370 1.03256e-06
3.24621 1.4382 0 370 1.04625e-06
3.24696 1.4382 0 370 1.06096e-06
3.24771 1.4382 0 370 1.07674e-06
3.24846 1.4382 0 370 1.09361e-06
3.24921 1.4382 0 370 1.11165e-06
3.24996 1.4382 0 370 1.13089e-06
3.25071 1.4382 0 370 1.15139e-06
3.25146 1.4382 0 370 1.17321e-06
3.25221 1.4382 0 370 1.19642e-06
3.25296 1.4382 0 370 1.2211e-06
3.25371 1.4382 0 370 1.2473e-06
3.25446 1.4382 0 370 1.27512e-06
3.25521 1.4382 0 370 1.30464e-06
3.25596 1.4382 0 370 1.33595e-06
3.25671 1.4382 0 370 1.36915e-06
3.25746 1.4382 0 370 1.40434e-06
3.25821 1.4382 0 370 1.44164e-06
3.25896 1.4382 0 370 1.48115e-06
3.25971 1.4382 0 370 1.523e-06
3.26046 1.4382 0 370 1.56733e-06
3.26121 1.4382 0 370 1.61426e-06
3.26196 1.4382 0 370 1.66394e-06
3.26271 1.4382 0 370 1.71651e-06
3.26346 1.4382 0 370 1.77211e-06
3.26421 1.4382 0 370 1.83091e-06
3.26496 1.4382 0 370 1.89305e-06
3.26571 1.4382 0 370 1.95866e-06
3.26646 1.4382 0 370 2.02791e-06
3.26721 1.4382 0 370 2.1009e-06
3.26796 1.4382 0 370 2.17776e-06
3.26871 1.4382 0 370 2.25856e-06
3.26946 1.4382 0 370 2.34338e-06
3.27021 1.4382 0 370 2.43221e-06
3.27096 1.4382 0 370 2.52506e-06
3.27171 1.4382 0 370 2.62181e-06
3.27246 1.4382 0 370 2.72229e-06
3.27321 1.4382 0 370 2.82625e-06
3.27396 1.4382 0 370 2.93332e-06
3.27471 1.4382 0 370 3.04301e-06
3.27546 1.4382 0 370 3.15469e-06
3.27621 1.4382 0 370 3.26758e-06
3.27696 1.4382 0 370 3.38075e-06
3.27771 1.4382 0 370 3.49308e-06
3.27846 1.4382 0 370 3.60331e-06
3.27921 1.4382 0 370 3.71002e-06
3.27996 1.4382 0 370 3.81169e-06
3.28071 1.4382 0 370 3.90668e-06
3.28146 1.4382 0 370 3.99335e-06
3.28221 1.4382 0 370 4.07007e-06
3.28296 1.4382 0 370 4.13534e-06
3.28371 1.4382 0 370 4.1878e-06
3.28446 1.4382 0 370 4.22636e-06
3.28521 1.4382 0 370 4.25025e-06
3.28596 1.4382 0 370 4.25906e-06
3.28671 1.4382 0 370 4.25277e-06
3.28746 1.4382 0 370 4.23174e-06
3.28821 1.4382 0 370 4.19672e-06
3.28896 1.4382 0 370 4.14878e-06
3.28971 1.4382 0 370 4.08924e-06
3.29047 1.4382 0 370 4.01962e-06
3.29122 1.4382 0 370 3.94157e-06
3.29197 1.4382 0 370 3.85677e-06
3.29272 1.4382 0 370 3.76687e-06
3.29347 1.4382 0 370 3.67346e-06
3.29422 1.4382 0 370 3.57801e-06
3.29497 1.4382 0 370 3.48183e-06
3.29572 1.4382 0 370 3.38608e-06
3.29647 1.4382 0 370 3.29176e-06
3.29722 1.4382 0 370 3.19967e-06
3.29797 1.4382 0 370 3.11048e-06
3.29872 1.4382 0 370 3.02473e-06
3.29947 1.4382 0 370 2.94279e-06
3.30022 1.4382 0 370 2.86495e-06
3.30097 1.4382 0 370 2.79139e-06
3.30172 1.4382 0 370 2.72223e-06
3.30247 1.4382 0 370 2.65745e-06
3.30322 1.4382 0 370 2.59705e-06
3.30397 1.4382 0 370 2.54098e-06
3.30472 1.4382 0 370 2.48916e-06
3.30547 1.4382 0 370 2.44138e-06
3.30622 1.4382 0 370 2.39754e-06
3.30697 1.4382 0 370 2.3575e-06
3.30772 1.4382 0 370 2.32109e-06
3.30847 1.4382 0 370 2.28816e-06
3.30922 1.4382 0 370 2.25855e-06
3.30997 1.4382 0 370 2.23215e-06
3.31072 1.4382 0 370 2.2088e-06
3.31147 1.4382 0 370 2.18842e-06
3.31222 1.4382 0 370 2.17091e-06
3.31297 1.4382 0 370 2.1562e-06
3.31372 1.4382 0 370 2.14423e-06
3.31447 1.4382 0 370 2.13498e-06
3.31522 1.4382 0 370 2.12844e-06
3.31597 1.4382 0 370 2.12459e-06
3.31672 1.4382 0 370 2.12346e-06
3.31747 1.4382 0 370 2.12506e-06
3.31822 1.4382 0 370 2.12945e-06
3.31897 1.4382 0 370 2.13665e-06
3.31972 1.4382 0 370 2.14673e-06
3.32047 1.4382 0 370 2.15974e-06
3.32122 1.4382 0 370 2.17574e-06
3.32197 1.4382 0 370 2.19483e-06
3.32272 1.4382 0 370 2.21706e-06
3.32347 1.4382 0 370 2.24254e-06
3.32422 1.4382 0 370 2.27135e-06
3.32497 1.4382 0 370 2.30361e-06
3.32572 1.4382 0 370 2.33942e-06
3.32647 1.4382 0 370 2.37892e-06
3.32722 1.4382 0 370 2.42223e-06
3.32797 1.4382 0 370 2.46952e-06
3.32872 1.4382 0 370 2.52094e-06
3.32947 1.4382 0 370 2.57668e-06
3.33022 1.4382 0 370 2.63692e-06
3.33097 1.4382 0 370 2.70187e-06
3.33172 1.4382 0 370 2.77177e-06
3.33247 1.4382 0 370 2.84685e-06
3.33322 1.4382 0 370 2.92738e-06
3.33397 1.4382 0 370 3.01359e-06
3.33472 1.4382 0 370 3.10586e-06
3.33547 1.4382 0 370 3.20446e-06
3.33622 1.4382 0 370 3.30973e-06
3.33697 1.4382 0 370 3.422e-06
3.33772 1.4382 0 370 3.54164e-06
3.33847 1.4382 0 370 3.669e-06
3.33922 1.4382 0 370 3.80445e-06
3.33997 1.4382 0 370 3.94835e-06
3.34072 1.4382 0 370 4.10104e-06
3.34147 1.4382 0 370 4.26285e-06
3.34222 1.4382 0 370 4.43405e-06
3.34297 1.4382 0 370 4.61486e-06
3.34372 1.4382 0 370 4.80541e-06
3.34447 1.4382 0 370 5.00571e-06
3.34522 1.4382 0 370 5.21563e-06
3.34597 1.4382 0 370 5.43485e-06
3.34672 1.4382 0 370 5.66278e-06
3.34747 1.4382 0 370 5.8986e-06
3.34822 1.4382 0 370 6.14112e-06
3.34897 1.4382 0 370 6.38878e-06
3.34972 1.4382 0 370 6.63959e-06
3.35048 1.4382 0 370 6.89112e-06
3.35123 1.4382 0 370 7.14048e-06
3.35198 1.4382 0 370 7.38436e-06
3.35273 1.4382 0 370 7.61907e-06
3.35348 1.4382 0 370 7.84064e-06
3.35423 1.4382 0 370 8.04499e-06
3.35498 1.4382 0 370 8.22802e-06
3.35573 1.4382 0 370 8.38586e-06
3.35648 1.4382 0 370 8.51515e-06
3.35723 1.4382 0 370 8.61306e-06
3.35798 1.4382 0 370 8.67759e-06
3.35873 1.4382 0 370 8.70771e-06
3.35948 1.4382 0 370 8.70328e-06
3.36023 1.4382 0 370 8.66518e-06
3.36098 1.4382 0 370 8.59519e-06
3.36173 1.4382 0 370 8.49589e-06
3.36248 1.4382 0 370 8.37042e-06
3.36323 1.4382 0 370 8.22239e-06
3.36398 1.4382 0 370 8.05559e-06
3.36473 1.4382 0 370 7.87385e-06
3.36548 1.4382 0 370 7.68087e-06
3.36623 1.4382 0 370 7.4801e-06
3.36698 1.4382 0 370 7.2746e-06
3.36773 1.4382 0 370 7.06703e-06
3.36848 1.4382 0 370 6.8596e-06
3.36923 1.4382 0 370 6.65407e-06
3.36998 1.4382 0 370 6.452e-06
3.37073 1.4382 0 370 6.25383e-06
3.37148 1.4382 0 370 6.06038e-06
3.37223 1.4382 0 370 5.87196e-06
3.37298 1.4382 0 370 5.68863e-06
3.37373 1.4382 0 370 5.51028e-06
3.37448 1.4382 0 370 5.3367e-06
3.37523 1.4382 0 370 5.16764e-06
3.37598 1.4382 0 370 5.00279e-06
3.37673 1.4382 0 370 4.84191e-06
3.37748 1.4382 0 370 4.68479e-06
3.37823 1.4382 0 370 4.53129e-06
3.37898 1.4382 0 370 4.38132e-06
3.37973 1.4382 0 370 4.23489e-06
3.38048 1.4382 0 370 4.09206e-06
3.38123 1.4382 0 370 3.9529e-06
3.38198 1.4382 0 370 3.81759e-06
3.38273 1.4382 0 370 3.68624e-06
3.38348 1.4382 0 370 3.55902e-06
3.38423 1.4382 0 370 3.43604e-06
3.38498 1.4382 0 370 3.31743e-06
3.38573 1.4382 0 370 3.20326e-06
3.38648 1.4382 0 370 3.09356e-06
3.38723 1.4382 0 370 2.98834e-06
3.38798 1.4382 0 370 2.88757e-06
3.38873 1.4382 0 370 2.79117e-06
3.38948 1.4382 0 370 2.69903e-06
3.39023 1.4382 0 370 2.61101e-06
3.39098 1.4382 0 370 2.52696e-06
3.39173 1.4382 0 370 2.44667e-06
3.39248 1.4382 0 370 2.36996e-06
3.39323 1.4382 0 370 2.2966e-06
3.39398 1.4382 0 370 2.22638e-06
3.39473 1.4382 0 370 2.15908e-06
3.39548 1.4382 0 370 2.09449e-06
3.39623 1.4382 0 370 2.03241e-06
3.39698 1.4382 0 370 1.97264e-06
3.39773 1.4382 0 370 1.91502e-06
3.39848 1.4382 0 370 1.85939e-06
3.39923 1.4382 0 370 1.80563e-06
3.39998 1.4382 0 370 1.75362e-06
3.40073 1.4382 0 370 1.70327e-06
3.40148 1.4382 0 370 1.65451e-06
3.40223 1.4382 0 370 1.60726e-06
3.40298 1.4382 0 370 1.56149e-06
3.40373 1.4382 0 370 1.51714e-06
3.40448 1.4382 0 370 1.47419e-06
3.40523 1.4382 0 370 1.43259e-06
3.40598 1.4382 0 370 1.3923e-06
3.40673 1.4382 0 370 1.35329e-06
3.40748 1.4382 0 370 1.31552e-06
3.40823 1.4382 0 370 1.27895e-06
3.40898 1.4382 0 370 1.24352e-06
3.40973 1.4382 0 370 1.2092e-06
3.41049 1.4382 0 370 1.17591e-06
3.41124 1.4382 0 370 1.14362e-06
3.41199 1.4382 0 370 1.11226e-06
3.41274 1.4382 0 370 1.08178e-06
3.41349 1.4382 0 370 1.05211e-06
3.41424 1.4382 0 370 1.02322e-06
3.41499 1.4382 0 370 9.95039e-07
3.41574 1.4382 0 370 9.6753e-07
3.41649 1.4382 0 370 9.40652e-07
3.41724 1.4382 0 370 9.14353e-07
3.41799 1.4382 0 370 8.8865e-07
3.41874 1.4382 0 370 8.63512e-07
3.41949 1.4382 0 370 8.38942e-07
3.42024 1.4382 0 370 8.14953e-07
3.42099 1.4382 0 370 7.91575e-07
3.42174 1.4382 0 370 7.68848e-07
3.42249 1.4382 0 370 7.46828e-07
3.42324 1.4382 0 370 7.25579e-07
3.42399 1.4382 0 370 7.05172e-07
3.42474 1.4382 0 370 6.85681e-07
3.42549 1.4382 0 370 6.67175e-07
3.42624 1.4382 0 370 6.49711e-07
3.42699 1.4382 0 370 6.33331e-07
3.42774 1.4382 0 370 6.18051e-07
3.42849 1.4382 0 370 6.03858e-07
3.42924 1.4382 0 370 5.90703e-07
3.42999 1.4382 0 370 5.78505e-07
3.43074 1.4382 0 370 5.67149e-07
3.43149 1.4382 0 370 5.56492e-07
3.43224 1.4382 0 370 5.46368e-07
3.43299 1.4382 0 370 5.36599e-07
3.43374 1.4382 0 370 5.27003e-07
3.43449 1.4382 0 370 5.17402e-07
3.43524 1.4382 0 370 5.07635e-07
3.43599 1.4382 0 370 4.97556e-07
3.43674 1.4382 0 370 4.87046e-07
3.43749 1.4382 0 370 4.76013e-07
3.43824 1.4382 0 370 4.64388e-07
3.43899 1.4382 0 370 4.52127e-07
3.43974 1.4382 0 370 4.39209e-07
3.44049 1.4382 0 370 4.2563e-07
3.44124 1.4382 0 370 4.11404e-07
3.44199 1.4382 0 370 3.96556e-07
3.44274 1.4382 0 370 3.81121e-07
3.44349 1.4382 0 370 3.65146e-07
3.44424 1.4382 0 370 3.48685e-07
3.44499 1.4382 0 370 3.31803e-07
3.44574 1.4382 0 370 3.14572e-07
3.44649 1.4382 0 370 2.97078e-07
3.44724 1.4382 0 370 2.79421e-07
3.44799 1.4382 0 370 2.61718e-07
3.44874 1.4382 0 370 2.44104e-07
3.44949 1.4382 0 370 2.26737e-07
3.45024 1.4382 0 370 2.09801e-07
3.45099 1.4382 0 370 1.93506e-07
3.45174 1.4382 0 370 1.78091e-07
3.45249 1.4382 0 370 1.63825e-07
3.45324 1.4382 0 370 1.51004e-07
3.45399 1.4382 0 370 1.39948e-07
3.45474 1.4382 0 370 1.30996e-07
3.45549 1.4382 0 370 1.24497e-07
3.45624 1.4382 0 370 1.208e-07
3.45699 1.4382 0 370 1.20237e-07
3.45774 1.4382 0 370 1.23109e-07
3.45849 1.4382 0 370 1.29668e-07
3.45924 1.4382 0 370 1.40097e-07
3.45999 1.4382 0 370 1.54454e-07
3.46074 1.4382 0 370 1.72807e-07
3.46149 1.4382 0 370 1.94996e-07
3.46224 1.4382 0 370 2.20776e-07
3.46299 1.4382 0 370 2.49781e-07
3.46374 1.4382 0 370 2.81531e-07
3.46449 1.4382 0 370 3.15447e-07
3.46524 1.4382 0 370 3.50878e-07
3.46599 1.4382 0 370 3.87126e-07
3.46674 1.4382 0 370 4.2348e-07
3.46749 1.4382 0 370 4.59254e-07
3.46824 1.4382 0 370 4.93812e-07
3.46899 1.4382 0 370 5.26603e-07
3.46974 1.4382 0 370 5.57176e-07
3.4705 1.4382 0 370 5.85196e-07
3.47125 1.4382 0 370 6.10445e-07
3.472 1.4382 0 370 6.32823e-07
3.47275 1.4382 0 370 6.52331e-07
3.4735 1.4382 0 370 6.69065e-07
3.47425 1.4382 0 370 6.83195e-07
3.475 1.4382 0 370 6.94945e-07
3.47575 1.4382 0 370 7.04581e-07
3.4765 1.4382 0 370 7.12391e-07
3.47725 1.4382 0 370 7.18673e-07
3.478 1.4382 0 370 7.23725e-07
3.47875 1.4382 0 370 7.32303e-07
3.4795 1.4382 0 370 7.35876e-07
3.48025 1.4382 0 370 7.38981e-07
3.481 1.4382 0 370 7.41855e-07
3.48175 1.4382 0 370 7.44708e-07
3.4825 1.4382 0 370 7.47724e-07
3.48325 1.4382 0 370 7.51057e-07
3.484 1.4382 0 370 7.54837e-07
3.48475 1.4382 0 370 7.59175e-07
3.4855 1.4382 0 370 7.64132e-07
3.48625 1.4382 0 370 7.69771e-07
3.487 1.4382 0 370 7.76127e-07
3.48775 1.4382 0 370 7.83217e-07
3.4885 1.4382 0 370 7.91046e-07
3.48925 1.4382 0 370 7.99604e-07
3.49 1.4382 0 370 8.08875e-07
3.49075 1.4382 0 370 8.18838e-07
3.4915 1.4382 0 370 8.29465e-07
3.49225 1.4382 0 370 8.40726e-07
3.493 1.4382 0 370 8.52587e-07
3.49375 1.4382 0 370 8.65012e-07
3.4945 1.4382 0 370 8.77957e-07
3.49525 1.4382 0 370 8.91373e-07
3.496 1.4382 0 370 9.052e-07
3.49675 1.4382 0 370 9.19366e-07
3.4975 1.4382 0 370 9.33786e-07
3.49825 1.4382 0 370 9.48359e-07
3.499 1.4382 0 370 9.62968e-07
3.49975 1.4382 0 370 9.77475e-07
3.5005 1.4382 0 370 9.9173e-07
3.50125 1.4382 0 370 1.00557e-06
3.502 1.4382 0 370 1.0188e-06
3.50275 1.4382 0 370 1.03125e-06
3.5035 1.4382 0 370 1.04273e-06
3.50425 1.4382 0 370 1.05305e-06
3.505 1.4382 0 370 1.06205e-06
3.50575 1.4382 0 370 1.06957e-06
3.5065 1.4382 0 370 1.0755e-06
3.50725 1.4382 0 370 1.07975e-06
3.508 1.4382 0 370 1.08228e-06
3.50875 1.4382 0 370 1.08307e-06
3.5095 1.4382 0 370 1.08217e-06
3.51025 1.4382 0 370 1.07966e-06
3.511 1.4382 0 370 1.07565e-06
3.51175 1.4382 0 370 1.07029e-06
3.5125 1.4382 0 370 1.06376e-06
3.51325 1.4382 0 370 1.05624e-06
3.514 1.4382 0 370 1.04792e-06
3.51475 1.4382 0 370 1.03901e-06
3.5155 1.4382 0 370 1.0297e-06
3.51625 1.4382 0 370 1.02018e-06
3.517 1.4382 0 370 1.01062e-06
3.51775 1.4382 0 370 1.00116e-06
3.5185 1.4382 0 370 9.91942e-07
3.51925 1.4382 0 370 9.83085e-07
3.52 1.4382 0 370 9.74688e-07
3.52075 1.4382 0 370 9.66834e-07
3.5215 1.4382 0 370 9.59587e-07
3.52225 1.4382 0 370 9.53e-07
3.523 1.4382 0 370 9.4711e-07
3.52375 1.4382 0 370 9.41946e-07
3.5245 1.4382 0 370 9.37527e-07
3.52525 1.4382 0 370 9.33865e-07
3.526 1.4382 0 370 9.3097e-07
3.52675 1.4382 0 370 9.28844e-07
3.5275 1.4382 0 370 9.27493e-07
3.52825 1.4382 0 370 9.26918e-07
3.529 1.4382 0 370 9.27122e-07
3.52975 1.4382 0 370 9.28111e-07
3.53051 1.4382 0 370 9.2989e-07
3.53126 1.4382 0 370 9.32468e-07
3.53201 1.4382 0 370 9.35855e-07
3.53276 1.4382 0 370 9.40066e-07
3.53351 1.4382 0 370 9.45114e-07
3.53426 1.4382 0 370 9.51018e-07
3.53501 1.4382 0 370 9.57796e-07
3.53576 1.4382 0 370 9.65468e-07
3.53651 1.4382 0 370 9.74057e-07
3.53726 1.4382 0 370 9.83585e-07
3.53801 1.4382 0 370 9.94078e-07
3.53876 1.4382 0 370 1.00556e-06
3.53951 1.4382 0 370 1.01806e-06
3.54026 1.4382 0 370 1.03161e-06
3.54101 1.4382 0 370 1.04624e-06
3.54176 1.4382 0 370 1.06199e-06
3.54251 1.4382 0 370 1.07889e-06
3.54326 1.4382 0 370 1.09699e-06
3.54401 1.4382 0 370 1.11632e-06
3.54476 1.4382 0 370 1.13694e-06
3.54551 1.4382 0 370 1.1589e-06
3.54626 1.4382 0 370 1.18226e-06
3.54701 1.4382 0 370 1.20709e-06
3.54776 1.4382 0 370 1.23343e-06
3.54851 1.4382 0 370 1.26138e-06
3.54926 1.4382 0 370 1.291e-06
3.55001 1.4382 0 370 1.32237e-06
3.55076 1.4382 0 370 1.35556e-06
3.55151 1.4382 0 370 1.39067e-06
3.55226 1.4382 0 370 1.42778e-06
3.55301 1.4382 0 370 1.46697e-06
3.55376 1.4382 0 370 1.50832e-06
3.55451 1.4382 0 370 1.55191e-06
3.55526 1.4382 0 370 1.59782e-06
3.55601 1.4382 0 370 1.64611e-06
3.55676 1.4382 0 370 1.69685e-06
3.55751 1.4382 0 370 1.75007e-06
3.55826 1.4382 0 370 1.80581e-06
3.55901 1.4382 0 370 1.86406e-06
3.55976 1.4382 0 370 1.92481e-06
3.56051 1.4382 0 370 1.98801e-06
3.56126 1.4382 0 370 2.05355e-06
3.56201 1.4382 0 370 2.12129e-06
3.56276 1.4382 0 370 2.19104e-06
3.56351 1.4382 0 370 2.26255e-06
3.56426 1.4382 0 370 2.33549e-06
3.56501 1.4382 0 370 2.40945e-06
3.56576 1.4382 0 370 2.48395e-06
3.56651 1.4382 0 370 2.55843e-06
3.56726 1.4382 0 370 2.63222e-06
3.56801 1.4382 0 370 2.70461e-06
3.56876 1.4382 0 370 2.77477e-06
3.56951 1.4382 0 370 2.84183e-06
3.57026 1.4382 0 370 2.90489e-06
3.57101 1.4382 0 370 2.96299e-06
3.57176 1.4382 0 370 3.01524e-06
3.57251 1.4382 0 370 3.06075e-06
3.57326 1.4382 0 370 3.09872e-06
3.57401 1.4382 0 370 3.12848e-06
3.57476 1.4382 0 370 3.14951e-06
3.57551 1.4382 0 370 3.16144e-06
3.57626 1.4382 0 370 3.16412e-06
3.57701 1.4382 0 370 3.15761e-06
3.57776 1.4382 0 370 3.14215e-06
3.57851 1.4382 0 370 3.11818e-06
3.57926 1.4382 0 370 3.08632e-06
3.58001 1.4382 0 370 3.04739e-06
3.58076 1.4382 0 370 3.00209e-06
3.58151 1.4382 0 370 2.95141e-06
3.58226 1.4382 0 370 2.89631e-06
3.58301 1.4382 0 370 2.83774e-06
3.58376 1.4382 0 370 2.77679e-06
3.58451 1.4382 0 370 2.71399e-06
3.58526 1.4382 0 370 2.65033e-06
3.58601 1.4382 0 370 2.58653e-06
3.58676 1.4382 0 370 2.52324e-06
3.58751 1.4382 0 370 2.46101e-06
3.58826 1.4382 0 370 2.40031e-06
3.58901 1.4382 0 370 2.34154e-06
3.58976 1.4382 0 370 2.28502e-06
3.59052 1.4382 0 370 2.23099e-06
3.59127 1.4382 0 370 2.17966e-06
3.59202 1.4382 0 370 2.13116e-06
3.59277 1.4382 0 370 2.08559e-06
3.59352 1.4382 0 370 2.04302e-06
3.59427 1.4382 0 370 2.00348e-06
3.59502 1.4382 0 370 1.96698e-06
3.59577 1.4382 0 370 1.93351e-06
3.59652 1.4382 0 370 1.90304e-06
3.59727 1.4382 0 370 1.87555e-06
3.59802 1.4382 0 370 1.85098e-06
3.59877 1.4382 0 370 1.8293e-06
3.59952 1.4382 0 370 1.81046e-06
3.60027 1.4382 0 370 1.7944e-06
3.60102 1.4382 0 370 1.78109e-06
3.60177 1.4382 0 370 1.77047e-06
3.60252 1.4382 0 370 1.7625e-06
3.60327 1.4382 0 370 1.75715e-06
3.60402 1.4382 0 370 1.75437e-06
3.60477 1.4382 0 370 1.75413e-06
3.60552 1.4382 0 370 1.75639e-06
3.60627 1.4382 0 370 1.76114e-06
3.60702 1.4382 0 370 1.76833e-06
3.60777 1.4382 0 370 1.77793e-06
3.60852 1.4382 0 370 1.78991e-06
3.60927 1.4382 0 370 1.80424e-06
3.61002 1.4382 0 370 1.82088e-06
3.61077 1.4382 0 370 1.83977e-06
3.61152 1.4382 0 370 1.86086e-06
3.61227 1.4382 0 370 1.88407e-06
3.61302 1.4382 0 370 1.90934e-06
3.61377 1.4382 0 370 1.93654e-06
3.61452 1.4382 0 370 1.96557e-06
3.61527 1.4382 0 370 1.99627e-06
3.61602 1.4382 0 370 2.0285e-06
3.61677 1.4382 0 370 2.06205e-06
3.61752 1.4382 0 370 2.09672e-06
3.61827 1.4382 0 370 2.13227e-06
3.61902 1.4382 0 370 2.16845e-06
3.61977 1.4382 0 370 2.20498e-06
3.62052 1.4382 0 370 2.24158e-06
3.62127 1.4382 0 370 2.27798e-06
3.62202 1.4382 0 370 2.3139e-06
3.62277 1.4382 0 370 2.34908e-06
3.62352 1.4382 0 370 2.3833e-06
3.62427 1.4382 0 370 2.41639e-06
3.62502 1.4382 0 370 2.44821e-06
3.62577 1.4382 0 370 2.47871e-06
3.62652 1.4382 0 370 2.50789e-06
3.62727 1.4382 0 370 2.53585e-06
3.62802 1.4382 0 370 2.56275e-06
3.62877 1.4382 0 370 2.58882e-06
3.62952 1.4382 0 370 2.61433e-06
3.63027 1.4382 0 370 2.63973e-06
3.63102 1.4382 0 370 2.6654e-06
3.63177 1.4382 0 370 2.69178e-06
3.63252 1.4382 0 370 2.71938e-06
3.63327 1.4382 0 370 2.7487e-06
3.63402 1.4382 0 370 2.78023e-06
3.63477 1.4382 0 370 2.81449e-06
3.63552 1.4382 0 370 2.85196e-06
3.63627 1.4382 0 370 2.8931e-06
3.63702 1.4382 0 370 2.93835e-06
3.63777 1.4382 0 370 2.9881e-06
3.63852 1.4382 0 370 3.04271e-06
3.63927 1.4382 0 370 3.10247e-06
3.64002 1.4382 0 370 3.16763e-06
3.64077 1.4382 0 370 3.23835e-06
3.64152 1.4382 0 370 3.31477e-06
3.64227 1.4382 0 370 3.39694e-06
3.64302 1.4382 0 370 3.48483e-06
3.64377 1.4382 0 370 3.57839e-06
3.64452 1.4382 0 370 3.67747e-06
3.64527 1.4382 0 370 3.78191e-06
3.64602 1.4382 0 370 3.89147e-06
3.64677 1.4382 0 370 4.00588e-06
3.64752 1.4382 0 370 4.12485e-06
3.64827 1.4382 0 370 4.24803e-06
3.64902 1.4382 0 370 4.37501e-06
3.64977 1.4382 0 370 4.50534e-06
3.65053 1.4382 0 370 4.63851e-06
3.65128 1.4382 0 370 4.77389e-06
3.65203 1.4382 0 370 4.91073e-06
3.65278 1.4382 0 370 5.04815e-06
3.65353 1.4382 0 370 5.18512e-06
3.65428 1.4382 0 370 5.32044e-06
3.65503 1.4382 0 370 5.4527e-06
3.65578 1.4382 0 370 5.58036e-06
3.65653 1.4382 0 370 5.70167e-06
3.65728 1.4382 0 370 5.81477e-06
3.65803 1.4382 0 370 5.9177e-06
3.65878 1.4382 0 370 6.00847e-06
3.65953 1.4382 0 370 6.08513e-06
3.66028 1.4382 0 370 6.14585e-06
3.66103 1.4382 0 370 6.18899e-06
3.66178 1.4382 0 370 6.21323e-06
3.66253 1.4382 0 370 6.21757e-06
3.66328 1.4382 0 370 6.20147e-06
3.66403 1.4382 0 370 6.16483e-06
3.66478 1.4382 0 370 6.108e-06
3.66553 1.4382 0 370 6.03183e-06
3.66628 1.4382 0 370 5.93754e-06
3.66703 1.4382 0 370 5.82674e-06
3.66778 1.4382 0 370 5.7013e-06
3.66853 1.4382 0 370 5.5633e-06
3.66928 1.4382 0 370 5.41492e-06
3.67003 1.4382 0 370 5.25838e-06
3.67078 1.4382 0 370 5.09584e-06
3.67153 1.4382 0 370 4.92938e-06
3.67228 1.4382 0 370 4.76089e-06
3.67303 1.4382 0 370 4.5921e-06
3.67378 1.4382 0 370 4.42451e-06
3.67453 1.4382 0 370 4.25939e-06
3.67528 1.4382 0 370 4.0978e-06
3.67603 1.4382 0 370 3.94057e-06
3.67678 1.4382 0 370 3.78834e-06
3.67753 1.4382 0 370 3.64154e-06
3.67828 1.4382 0 370 3.50045e-06
3.67903 1.4382 0 370 3.3652e-06
3.67978 1.4382 0 370 3.23581e-06
3.68053 1.4382 0 370 3.1122e-06
3.68128 1.4382 0 370 2.99423e-06
3.68203 1.4382 0 370 2.8817e-06
3.68278 1.4382 0 370 2.77439e-06
3.68353 1.4382 0 370 2.67206e-06
3.68428 1.4382 0 370 2.57445e-06
3.68503 1.4382 0 370 2.48133e-06
3.68578 1.4382 0 370 2.39246e-06
3.68653 1.4382 0 370 2.30762e-06
3.68728 1.4382 0 370 2.22659e-06
3.68803 1.4382 0 370 2.14919e-06
3.68878 1.4382 0 370 2.07522e-06
3.68953 1.4382 0 370 2.00452e-06
3.69028 1.4382 0 370 1.93693e-06
3.69103 1.4382 0 370 1.87229e-06
3.69178 1.4382 0 370 1.81046e-06
3.69253 1.4382 0 370 1.75131e-06
3.69328 1.4382 0 370 1.69471e-06
3.69403 1.4382 0 370 1.64054e-06
3.69478 1.4382 0 370 1.58869e-06
3.69553 1.4382 0 370 1.53903e-06
3.69628 1.4382 0 370 1.49148e-06
3.69703 1.4382 0 370 1.44594e-06
3.69778 1.4382 0 370 1.4023e-06
3.69853 1.4382 0 370 1.3605e-06
3.69928 1.4382 0 370 1.32044e-06
3.70003 1.4382 0 370 1.28205e-06
3.70078 1.4382 0 370 1.24526e-06
3.70153 1.4382 0 370 1.21001e-06
3.70228 1.4382 0 370 1.17622e-06
3.70303 1.4382 0 370 1.14385e-06
3.70378 1.4382 0 370 1.11283e-06
3.70453 1.4382 0 370 1.08311e-06
3.70528 1.4382 0 370 1.05464e-06
3.70603 1.4382 0 370 1.02736e-06
3.70678 1.4382 0 370 1.00123e-06
3.70753 1.4382 0 370 9.76198e-07
3.70828 1.4382 0 370 9.52206e-07
3.70903 1.4382 0 370 9.29207e-07
3.70978 1.4382 0 370 9.0715e-07
3.71054 1.4382 0 370 8.85983e-07
3.71129 1.4382 0 370 8.65655e-07
3.71204 1.4382 0 370 8.46116e-07
3.71279 1.4382 0 370 8.27315e-07
3.71354 1.4382 0 370 8.09204e-07
3.71429 1.4382 0 370 7.91738e-07
3.71504 1.4382 0 370 7.74872e-07
3.71579 1.4382 0 370 7.58563e-07
3.71654 1.4382 0 370 7.4278e-07
3.71729 1.4382 0 370 7.27486e-07
3.71804 1.4382 0 370 7.12651e-07
3.71879 1.4382 0 370 6.98246e-07
3.71954 1.4382 0 370 6.84247e-07
3.72029 1.4382 0 370 6.70633e-07
3.72104 1.4382 0 370 6.57383e-07
3.72179 1.4382 0 370 6.44479e-07
3.72254 1.4382 0 370 6.31904e-07
3.72329 1.4382 0 370 6.19643e-07
3.72404 1.4382 0 370 6.07681e-07
3.72479 1.4382 0 370 5.96004e-07
3.72554 1.4382 0 370 5.84598e-07
3.72629 1.4382 0 370 5.7345e-07
3.72704 1.4382 0 370 5.62547e-07
3.72779 1.4382 0 370 5.51875e-07
3.72854 1.4382 0 370 5.41422e-07
3.72929 1.4382 0 370 5.31174e-07
3.73004 1.4382 0 370 5.21119e-07
3.73079 1.4382 0 370 5.11214e-07
3.73154 1.4382 0 370 5.01504e-07
3.73229 1.4382 0 370 4.91947e-07
3.73304 1.4382 0 370 4.82529e-07
3.73379 1.4382 0 370 4.73239e-07
3.73454 1.4382 0 370 4.64062e-07
3.73529 1.4382 0 370 4.54986e-07
3.73604 1.4382 0 370 4.45998e-07
3.73679 1.4382 0 370 4.37083e-07
3.73754 1.4382 0 370 4.28229e-07
3.73829 1.4382 0 370 4.19423e-07
3.73904 1.4382 0 370 4.10651e-07
3.73979 1.4382 0 370 4.01899e-07
3.74054 1.4382 0 370 3.93144e-07
3.74129 1.4382 0 370 3.84395e-07
3.74204 1.4382 0 370 3.75628e-07
3.74279 1.4382 0 370 3.66832e-07
3.74354 1.4382 0 370 3.57996e-07
3.74429 1.4382 0 370 3.49109e-07
3.74504 1.4382 0 370 3.40165e-07
3.74579 1.4382 0 370 3.31156e-07
3.74654 1.4382 0 370 3.2208e-07
3.74729 1.4382 0 370 3.12935e-07
3.74804 1.4382 0 370 3.03726e-07
3.74879 1.4382 0 370 2.94459e-07
3.74954 1.4382 0 370 2.85147e-07
3.75029 1.4382 0 370 2.7581e-07
3.75104 1.4382 0 370 2.66475e-07
3.75179 1.4382 0 370 2.57173e-07
3.75254 1.4382 0 370 2.4795e-07
3.75329 1.4382 0 370 2.3886e-07
3.75404 1.4382 0 370 2.2997e-07
3.75479 1.4382 0 370 2.2136e-07
3.75554 1.4382 0 370 2.13125e-07
3.75629 1.4382 0 370 2.05376e-07
3.75704 1.4382 0 370 1.98239e-07
3.75779 1.4382 0 370 1.91858e-07
3.75854 1.4382 0 370 1.86393e-07
3.75929 1.4382 0 370 1.82022e-07
3.76004 1.4382 0 370 1.78881e-07
3.76079 1.4382 0 370 1.77276e-07
3.76154 1.4382 0 370 1.77361e-07
3.76229 1.4382 0 370 1.79343e-07
3.76304 1.4382 0 370 1.83419e-07
3.76379 1.4382 0 370 1.89771e-07
3.76454 1.4382 0 370 1.98552e-07
3.76529 1.4382 0 370 2.09879e-07
3.76604 1.4382 0 370 2.23818e-07
3.76679 1.4382 0 370 2.40379e-07
3.76754 1.4382 0 370 2.59506e-07
3.76829 1.4382 0 370 2.81062e-07
3.76904 1.4382 0 370 3.04849e-07
3.76979 1.4382 0 370 3.30593e-07
3.77055 1.4382 0 370 3.57959e-07
3.7713 1.4382 0 370 3.86564e-07
3.77205 1.4382 0 370 4.15989e-07
3.7728 1.4382 0 370 4.45803e-07
3.77355 1.4382 0 370 4.75577e-07
3.7743 1.4382 0 370 5.04908e-07
3.77505 1.4382 0 370 5.33433e-07
3.7758 1.4382 0 370 5.60844e-07
3.77655 1.4382 0 370 5.86896e-07
3.7773 1.4382 0 370 6.11416e-07
3.77805 1.4382 0 370 6.34296e-07
3.7788 1.4382 0 370 6.55498e-07
3.77955 1.4382 0 370 6.75041e-07
3.7803 1.4382 0 370 6.92996e-07
3.78105 1.4382 0 370 7.09477e-07
3.7818 1.4382 0 370 7.24625e-07
3.78255 1.4382 0 370 7.38607e-07
3.7833 1.4382 0 370 7.516e-07
3.78405 1.4382 0 370 7.63787e-07
3.7848 1.4382 0 370 7.75349e-07
3.78555 1.4382 0 370 7.8646e-07
3.7863 1.4382 0 370 7.97286e-07
3.78705 1.4382 0 370 8.07975e-07
3.7878 1.4382 0 370 8.18665e-07
3.78855 1.4382 0 370 8.29476e-07
3.7893 1.4382 0 370 8.40507e-07
3.79005 1.4382 0 370 8.51843e-07
3.7908 1.4382 0 370 8.63551e-07
3.79155 1.4382 0 370 8.75676e-07
3.7923 1.4382 0 370 8.88248e-07
3.79305 1.4382 0 370 9.01277e-07
3.7938 1.4382 0 370 9.14756e-07
3.79455 1.4382 0 370 9.28657e-07
3.7953 1.4382 0 370 9.42935e-07
3.79605 1.4382 0 370 9.57523e-07
3.7968 1.4382 0 370 9.72338e-07
3.79755 1.4382 0 370 9.8728e-07
3.7983 1.4382 0 370 1.00223e-06
3.79905 1.4382 0 370 1.01705e-06
3.7998 1.4382 0 370 1.0316e-06
3.80055 1.4382 0 370 1.04572e-06
3.8013 1.4382 0 370 1.05925e-06
3.80205 1.4382 0 370 1.07203e-06
3.8028 1.4382 0 370 1.0839e-06
3.80355 1.4382 0 370 1.09471e-06
3.8043 1.4382 0 370 1.10433e-06
3.80505 1.4382 0 370 1.11266e-06
3.8058 1.4382 0 370 1.1196e-06
3.80655 1.4382 0 370 1.1251e-06
3.8073 1.4382 0 370 1.12916e-06
3.80805 1.4382 0 370 1.13177e-06
3.8088 1.4382 0 370 1.133e-06
3.80955 1.4382 0 370 1.13292e-06
3.8103 1.4382 0 370 1.13164e-06
3.81105 1.4382 0 370 1.12929e-06
3.8118 1.4382 0 370 1.12604e-06
3.81255 1.4382 0 370 1.12205e-06
3.8133 1.4382 0 370 1.11748e-06
3.81405 1.4382 0 370 1.11251e-06
3.8148 1.4382 0 370 1.10733e-06
3.81555 1.4382 0 370 1.1021e-06
3.8163 1.4382 0 370 1.09698e-06
3.81705 1.4382 0 370 1.09212e-06
3.8178 1.4382 0 370 1.08766e-06
3.81855 1.4382 0 370 1.08372e-06
3.8193 1.4382 0 370 1.08042e-06
3.82005 1.4382 0 370 1.07785e-06
3.8208 1.4382 0 370 1.07609e-06
3.82155 1.4382 0 370 1.07522e-06
3.8223 1.4382 0 370 1.07529e-06
3.82305 1.4382 0 370 1.07636e-06
3.8238 1.4382 0 370 1.07847e-06
3.82455 1.4382 0 370 1.08165e-06
3.8253 1.4382 0 370 1.08592e-06
3.82605 1.4382 0 370 1.09131e-06
3.8268 1.4382 0 370 1.09781e-06
3.82755 1.4382 0 370 1.10544e-06
3.8283 1.4382 0 370 1.1142e-06
3.82905 1.4382 0 370 1.12409e-06
3.8298 1.4382 0 370 1.13506e-06
3.83056 1.4382 0 370 1.14712e-06
3.83131 1.4382 0 370 1.16023e-06
3.83206 1.4382 0 370 1.17436e-06
3.83281 1.4382 0 370 1.18949e-06
3.83356 1.4382 0 370 1.20558e-06
3.83431 1.4382 0 370 1.22257e-06
3.83506 1.4382 0 370 1.24043e-06
3.83581 1.4382 0 370 1.25911e-06
3.83656 1.4382 0 370 1.27856e-06
3.83731 1.4382 0 370 1.29874e-06
3.83806 1.4382 0 370 1.31961e-06
3.83881 1.4382 0 370 1.34112e-06
3.83956 1.4382 0 370 1.36327e-06
3.84031 1.4382 0 370 1.38603e-06
3.84106 1.4382 0 370 1.4094e-06
3.84181 1.4382 0 370 1.43338e-06
3.84256 1.4382 0 370 1.45799e-06
3.84331 1.4382 0 370 1.48327e-06
3.84406 1.4382 0 370 1.50926e-06
3.84481 1.4382 0 370 1.53602e-06
3.84556 1.4382 0 370 1.56362e-06
3.84631 1.4382 0 370 1.59214e-06
3.84706 1.4382 0 370 1.62165e-06
3.84781 1.4382 0 370 1.65224e-06
3.84856 1.4382 0 370 1.684e-06
3.84931 1.4382 0 370 1.71701e-06
3.85006 1.4382 0 370 1.75134e-06
3.85081 1.4382 0 370 1.78708e-06
3.85156 1.4382 0 370 1.82427e-06
3.85231 1.4382 0 370 1.86294e-06
3.85306 1.4382 0 370 1.90311e-06
3.85381 1.4382 0 370 1.94477e-06
3.85456 1.4382 0 370 1.98786e-06
3.85531 1.4382 0 370 2.03232e-06
3.85606 1.4382 0 370 2.07801e-06
3.85681 1.4382 0 370 2.12477e-06
3.85756 1.4382 0 370 2.17238e-06
3.85831 1.4382 0 370 2.22056e-06
3.85906 1.4382 0 370 2.26899e-06
3.85981 1.4382 0 370 2.3173e-06
3.86056 1.4382 0 370 2.36504e-06
3.86131 1.4382 0 370 2.41173e-06
3.86206 1.4382 0 370 2.45685e-06
3.86281 1.4382 0 370 2.49982e-06
3.86356 1.4382 0 370 2.54006e-06
3.86431 1.4382 0 370 2.57697e-06
3.86506 1.4382 0 370 2.60996e-06
3.86581 1.4382 0 370 2.63846e-06
3.86656 1.4382 0 370 2.66196e-06
3.86731 1.4382 0 370 2.68e-06
3.86806 1.4382 0 370 2.69222e-06
3.86881 1.4382 0 370 2.69835e-06
3.86956 1.4382 0 370 2.69822e-06
3.87031 1.4382 0 370 2.69182e-06
3.87106 1.4382 0 370 2.6792e-06
3.87181 1.4382 0 370 2.66059e-06
3.87256 1.4382 0 370 2.63628e-06
3.87331 1.4382 0 370 2.60669e-06
3.87406 1.4382 0 370 2.57229e-06
3.87481 1.4382 0 370 2.53362e-06
3.87556 1.4382 0 370 2.49127e-06
3.87631 1.4382 0 370 2.44584e-06
3.87706 1.4382 0 370 2.39794e-06
3.87781 1.4382 0 370 2.34816e-06
3.87856 1.4382 0 370 2.29706e-06
3.87931 1.4382 0 370 2.24518e-06
3.88006 1.4382 0 370 2.193e-06
3.88081 1.4382 0 370 2.14097e-06
3.88156 1.4382 0 370 2.08947e-06
3.88231 1.4382 0 370 2.03884e-06
3.88306 1.4382 0 370 1.98937e-06
3.88381 1.4382 0 370 1.9413e-06
3.88456 1.4382 0 370 1.89487e-06
3.88531 1.4382 0 370 1.85017e-06
3.88606 1.4382 0 370 1.80737e-06
3.88681 1.4382 0 370 1.76656e-06
3.88756 1.4382 0 370 1.72782e-06
3.88831 1.4382 0 370 1.69118e-06
3.88906 1.4382 0 370 1.65668e-06
3.88981 1.4382 0 370 1.62433e-06
3.89057 1.4382 0 370 1.59413e-06
3.89132 1.4382 0 370 1.56607e-06
3.89207 1.4382 0 370 1.54012e-06
3.89282 1.4382 0 370 1.51627e-06
3.89357 1.4382 0 370 1.49447e-06
3.89432 1.4382 0 370 1.47469e-06
3.89507 1.4382 0 370 1.45686e-06
3.89582 1.4382 0 370 1.44094e-06
3.89657 1.4382 0 370 1.42687e-06
3.89732 1.4382 0 370 1.41456e-06
3.89807 1.4382 0 370 1.40394e-06
3.89882 1.4382 0 370 1.39491e-06
3.89957 1.4382 0 370 1.38737e-06
3.90032 1.4382 0 370 1.38119e-06
3.90107 1.4382 0 370 1.37624e-06
3.90182 1.4382 0 370 1.37238e-06
3.90257 1.4382 0 370 1.36946e-06
3.90332 1.4382 0 370 1.36731e-06
3.90407 1.4382 0 370 1.36576e-06
3.90482 1.4382 0 370 1.36464e-06
3.90557 1.4382 0 370 1.36377e-06
3.90632 1.4382 0 370 1.36299e-06
3.90707 1.4382 0 370 1.36214e-06
3.90782 1.4382 0 370 1.36107e-06
3.90857 1.4382 0 370 1.35967e-06
3.90932 1.4382 0 370 1.35782e-06
3.91007 1.4382 0 370 1.35543e-06
3.91082 1.4382 0 370 1.35246e-06
3.91157 1.4382 0 370 1.34885e-06
3.91232 1.4382 0 370 1.3446e-06
3.91307 1.4382 0 370 1.33971e-06
3.91382 1.4382 0 370 1.33251e-06
3.91457 1.4382 0 370 1.32635e-06
3.91532 1.4382 0 370 1.3197e-06
3.91607 1.4382 0 370 1.31264e-06
3.91682 1.4382 0 370 1.30527e-06
3.91757 1.4382 0 370 1.2977e-06
3.91832 1.4382 0 370 1.29004e-06
3.91907 1.4382 0 370 1.28242e-06
3.91982 1.4382 0 370 1.27497e-06
3.92057 1.4382 0 370 1.26782e-06
3.92132 1.4382 0 370 1.26107e-06
3.92207 1.4382 0 370 1.25494e-06
3.92282 1.4382 0 370 1.24951e-06
3.92357 1.4382 0 370 1.24495e-06
3.92432 1.4382 0 370 1.24137e-06
3.92507 1.4382 0 370 1.23894e-06
3.92582 1.4382 0 370 1.23778e-06
3.92657 1.4382 0 370 1.23804e-06
3.92732 1.4382 0 370 1.23986e-06
3.92807 1.4382 0 370 1.24341e-06
3.92882 1.4382 0 370 1.24881e-06
3.92957 1.4382 0 370 1.25622e-06
3.93032 1.4382 0 370 1.26579e-06
3.93107 1.4382 0 370 1.27765e-06
3.93182 1.4382 0 370 1.29194e-06
3.93257 1.4382 0 370 1.30879e-06
3.93332 1.4382 0 370 1.3283e-06
3.93407 1.4382 0 370 1.35058e-06
3.93482 1.4382 0 370 1.37569e-06
3.93557 1.4382 0 370 1.40369e-06
3.93632 1.4382 0 370 1.43461e-06
3.93707 1.4382 0 370 1.46845e-06
3.93782 1.4382 0 370 1.50518e-06
3.93857 1.4382 0 370 1.54478e-06
3.93932 1.4382 0 370 1.58718e-06
3.94007 1.4382 0 370 1.63231e-06
3.94082 1.4382 0 370 1.6801e-06
3.94157 1.4382 0 370 1.73048e-06
3.94232 1.4382 0 370 1.78338e-06
3.94307 1.4382 0 370 1.83875e-06
3.94382 1.4382 0 370 1.89656e-06
3.94457 1.4382 0 370 1.9568e-06
3.94532 1.4382 0 370 2.01947e-06
3.94607 1.4382 0 370 2.08461e-06
3.94682 1.4382 0 370 2.15226e-06
3.94757 1.4382 0 370 2.22249e-06
3.94832 1.4382 0 370 2.29536e-06
3.94907 1.4382 0 370 2.37096e-06
3.94982 1.4382 0 370 2.44936e-06
3.95058 1.4382 0 370 2.53061e-06
3.95133 1.4382 0 370 2.61475e-06
3.95208 1.4382 0 370 2.70178e-06
3.95283 1.4382 0 370 2.79168e-06
3.95358 1.4382 0 370 2.88435e-06
3.95433 1.4382 0 370 2.97966e-06
3.95508 1.4382 0 370 3.0774e-06
3.95583 1.4382 0 370 3.17726e-06
3.95658 1.4382 0 370 3.27888e-06
3.95733 1.4382 0 370 3.38176e-06
3.95808 1.4382 0 370 3.48534e-06
3.95883 1.4382 0 370 3.5889e-06
3.95958 1.4382 0 370 3.69168e-06
3.96033 1.4382 0 370 3.7927e-06
3.96108 1.4382 0 370 3.89097e-06
3.96183 1.4382 0 370 3.98539e-06
3.96258 1.4382 0 370 4.07476e-06
3.96333 1.4382 0 370 4.15787e-06
3.96408 1.4382 0 370 4.23348e-06
3.96483 1.4382 0 370 4.30036e-06
3.96558 1.4382 0 370 4.35735e-06
3.96633 1.4382 0 370 4.40341e-06
3.96708 1.4382 0 370 4.43762e-06
3.96783 1.4382 0 370 4.45928e-06
3.96858 1.4382 0 370 4.46789e-06
3.96933 1.4382 0 370 4.4632e-06
3.97008 1.4382 0 370 4.4452e-06
3.97083 1.4382 0 370 4.41416e-06
3.97158 1.4382 0 370 4.37057e-06
3.97233 1.4382 0 370 4.31516e-06
3.97308 1.4382 0 370 4.24884e-06
3.97383 1.4382 0 370 4.17266e-06
3.97458 1.4382 0 370 4.08781e-06
3.97533 1.4382 0 370 3.99551e-06
3.97608 1.4382 0 370 3.89702e-06
3.97683 1.4382 0 370 3.79359e-06
3.97758 1.4382 0 370 3.68641e-06
3.97833 1.4382 0 370 3.57663e-06
3.97908 1.4382 0 370 3.46528e-06
3.97983 1.4382 0 370 3.35332e-06
3.98058 1.4382 0 370 3.24156e-06
3.98133 1.4382 0 370 3.13075e-06
3.98208 1.4382 0 370 3.02151e-06
3.98283 1.4382 0 370 2.91434e-06
3.98358 1.4382 0 370 2.80967e-06
3.98433 1.4382 0 370 2.70783e-06
3.98508 1.4382 0 370 2.60909e-06
3.98583 1.4382 0 370 2.51362e-06
3.98658 1.4382 0 370 2.42155e-06
3.98733 1.4382 0 370 2.33296e-06
3.98808 1.4382 0 370 2.24788e-06
3.98883 1.4382 0 370 2.16631e-06
3.98958 1.4382 0 370 2.08821e-06
3.99033 1.4382 0 370 2.01353e-06
3.99108 1.4382 0 370 1.9422e-06
3.99183 1.4382 0 370 1.87411e-06
3.99258 1.4382 0 370 1.80918e-06
3.99333 1.4382 0 370 1.7473e-06
3.99408 1.4382 0 370 1.68835e-06
3.99483 1.4382 0 370 1.63222e-06
3.99558 1.4382 0 370 1.57879e-06
3.99633 1.4382 0 370 1.52796e-06
3.99708 1.4382 0 370 1.47959e-06
3.99783 1.4382 0 370 1.43359e-06
3.99858 1.4382 0 370 1.38983e-06
3.99933 1.4382 0 370 1.34823e-06
4.00008 1.4382 0 370 1.30867e-06
4.00083 1.4382 0 370 1.27105e-06
4.00158 1.4382 0 370 1.23528e-06
4.00233 1.4382 0 370 1.20126e-06
4.00308 1.4382 0 370 1.16892e-06
4.00383 1.4382 0 370 1.13816e-06
4.00458 1.4382 0 370 1.10891e-06
4.00533 1.4382 0 370 1.08109e-06
4.00608 1.4382 0 370 1.05462e-06
4.00683 1.4382 0 370 1.02943e-06
4.00758 1.4382 0 370 1.00546e-06
4.00833 1.4382 0 370 9.82628e-07
4.00908 1.4382 0 370 9.60853e-07
4.00983 1.4382 0 370 9.40121e-07
4.01059 1.4382 0 370 9.20352e-07
4.01134 1.4382 0 370 9.01483e-07
4.01209 1.4382 0 370 8.83455e-07
4.01284 1.4382 0 370 8.66213e-07
4.01359 1.4382 0 370 8.49702e-07
4.01434 1.4382 0 370 8.3387e-07
4.01509 1.4382 0 370 8.18645e-07
4.01584 1.4382 0 370 8.04017e-07
4.01659 1.4382 0 370 7.89922e-07
4.01734 1.4382 0 370 7.76313e-07
4.01809 1.4382 0 370 7.6315e-07
4.01884 1.4382 0 370 7.50394e-07
4.01959 1.4382 0 370 7.38009e-07
4.02034 1.4382 0 370 7.25962e-07
4.02109 1.4382 0 370 7.14225e-07
4.02184 1.4382 0 370 7.0277e-07
4.02259 1.4382 0 370 6.91575e-07
4.02334 1.4382 0 370 6.80619e-07
4.02409 1.4382 0 370 6.69884e-07
4.02484 1.4382 0 370 6.59355e-07
4.02559 1.4382 0 370 6.4902e-07
4.02634 1.4382 0 370 6.38868e-07
4.02709 1.4382 0 370 6.28888e-07
4.02784 1.4382 0 370 6.19075e-07
4.02859 1.4382 0 370 6.09422e-07
4.02934 1.4382 0 370 5.99926e-07
4.03009 1.4382 0 370 5.90584e-07
4.03084 1.4382 0 370 5.81394e-07
4.03159 1.4382 0 370 5.72356e-07
4.03234 1.4382 0 370 5.63469e-07
4.03309 1.4382 0 370 5.54735e-07
4.03384 1.4382 0 370 5.46155e-07
4.03459 1.4382 0 370 5.37731e-07
4.03534 1.4382 0 370 5.29466e-07
4.03609 1.4382 0 370 5.2136e-07
4.03684 1.4382 0 370 5.13416e-07
4.03759 1.4382 0 370 5.05636e-07
4.03834 1.4382 0 370 4.9802e-07
4.03909 1.4382 0 370 4.90569e-07
4.03984 1.4382 0 370 4.83283e-07
4.04059 1.4382 0 370 4.76162e-07
4.04134 1.4382 0 370 4.69184e-07
4.04209 1.4382 0 370 4.62387e-07
4.04284 1.4382 0 370 4.5575e-07
4.04359 1.4382 0 370 4.49271e-07
4.04434 1.4382 0 370 4.42945e-07
4.04509 1.4382 0 370 4.36771e-07
4.04584 1.4382 0 370 4.30746e-07
4.04659 1.4382 0 370 4.24867e-07
4.04734 1.4382 0 370 4.19132e-07
4.04809 1.4382 0 370 4.13539e-07
4.04884 1.4382 0 370 4.08086e-07
4.04959 1.4382 0 370 4.02774e-07
4.05034 1.4382 0 370 3.97604e-07
4.05109 1.4382 0 370 3.92579e-07
4.05184 1.4382 0 370 3.87703e-07
4.05259 1.4382 0 370 3.82984e-07
4.05334 1.4382 0 370 3.78431e-07
4.05409 1.4382 0 370 3.74057e-07
4.05484 1.4382 0 370 3.6988e-07
4.05559 1.4382 0 370 3.6592e-07
4.05634 1.4382 0 370 3.62204e-07
4.05709 1.4382 0 370 3.58765e-07
4.05784 1.4382 0 370 3.55641e-07
4.05859 1.4382 0 370 3.52878e-07
4.05934 1.4382 0 370 3.5053e-07
4.06009 1.4382 0 370 3.48659e-07
4.06084 1.4382 0 370 3.47336e-07
4.06159 1.4382 0 370 3.46642e-07
4.06234 1.4382 0 370 3.46664e-07
4.06309 1.4382 0 370 3.475e-07
4.06384 1.4382 0 370 3.49254e-07
4.06459 1.4382 0 370 3.52036e-07
4.06534 1.4382 0 370 3.5596e-07
4.06609 1.4382 0 370 3.61137e-07
4.06684 1.4382 0 370 3.6768e-07
4.06759 1.4382 0 370 3.7569e-07
4.06834 1.4382 0 370 3.85258e-07
4.06909 1.4382 0 370 3.9646e-07
4.06984 1.4382 0 370 4.09347e-07
4.0706 1.4382 0 370 4.23948e-07
4.07135 1.4382 0 370 4.40261e-07
4.0721 1.4382 0 370 4.58252e-07
4.07285 1.4382 0 370 4.77856e-07
4.0736 1.4382 0 370 4.98975e-07
4.07435 1.4382 0 370 5.21485e-07
4.0751 1.4382 0 370 5.45235e-07
4.07585 1.4382 0 370 5.70061e-07
4.0766 1.4382 0 370 5.95785e-07
4.07735 1.4382 0 370 6.22227e-07
4.0781 1.4382 0 370 6.49216e-07
4.07885 1.4382 0 370 6.76591e-07
4.0796 1.4382 0 370 7.04212e-07
4.08035 1.4382 0 370 7.31961e-07
4.0811 1.4382 0 370 7.59746e-07
4.08185 1.4382 0 370 7.87499e-07
4.0826 1.4382 0 370 8.15178e-07
4.08335 1.4382 0 370 8.42756e-07
4.0841 1.4382 0 370 8.70226e-07
4.08485 1.4382 0 370 8.97587e-07
4.0856 1.4382 0 370 9.24844e-07
4.08635 1.4382 0 370 9.52e-07
4.0871 1.4382 0 370 9.79054e-07
4.08785 1.4382 0 370 1.00599e-06
4.0886 1.4382 0 370 1.0328e-06
4.08935 1.4382 0 370 1.05942e-06
4.0901 1.4382 0 370 1.08583e-06
4.09085 1.4382 0 370 1.11194e-06
4.0916 1.4382 0 370 1.13768e-06
4.09235 1.4382 0 370 1.16295e-06
4.0931 1.4382 0 370 1.18764e-06
4.09385 1.4382 0 370 1.21162e-06
4.0946 1.4382 0 370 1.23477e-06
4.09535 1.4382 0 370 1.25694e-06
4.0961 1.4382 0 370 1.27798e-06
4.09685 1.4382 0 370 1.29772e-06
4.0976 1.4382 0 370 1.316e-06
4.09835 1.4382 0 370 1.33268e-06
4.0991 1.4382 0 370 1.34759e-06
4.09985 1.4382 0 370 1.36059e-06
4.1006 1.4382 0 370 1.37156e-06
4.10135 1.4382 0 370 1.38039e-06
4.1021 1.4382 0 370 1.38698e-06
4.10285 1.4382 0 370 1.39129e-06
4.1036 1.4382 0 370 1.39329e-06
4.10435 1.4382 0 370 1.39297e-06
4.1051 1.4382 0 370 1.39038e-06
4.10585 1.4382 0 370 1.38559e-06
4.1066 1.4382 0 370 1.37869e-06
4.10735 1.4382 0 370 1.36983e-06
4.1081 1.4382 0 370 1.35915e-06
4.10885 1.4382 0 370 1.34683e-06
4.1096 1.4382 0 370 1.33307e-06
4.11035 1.4382 0 370 1.31806e-06
4.1111 1.4382 0 370 1.30202e-06
4.11185 1.4382 0 370 1.28515e-06
4.1126 1.4382 0 370 1.26766e-06
4.11335 1.4382 0 370 1.24984e-06
4.1141 1.4382 0 370 1.2317e-06
4.11485 1.4382 0 370 1.21351e-06
4.1156 1.4382 0 370 1.19542e-06
4.11635 1.4382 0 370 1.17759e-06
4.1171 1.4382 0 370 1.16016e-06
4.11785 1.4382 0 370 1.14322e-06
4.1186 1.4382 0 370 1.1269e-06
4.11935 1.4382 0 370 1.11126e-06
4.1201 1.4382 0 370 1.0964e-06
4.12085 1.4382 0 370 1.08237e-06
4.1216 1.4382 0 370 1.06922e-06
4.12235 1.4382 0 370 1.057e-06
4.1231 1.4382 0 370 1.04574e-06
4.12385 1.4382 0 370 1.03546e-06
4.1246 1.4382 0 370 1.02619e-06
4.12535 1.4382 0 370 1.01795e-06
4.1261 1.4382 0 370 1.01074e-06
4.12685 1.4382 0 370 1.00458e-06
4.1276 1.4382 0 370 9.9948e-07
4.12835 1.4382 0 370 9.95443e-07
4.1291 1.4382 0 370 9.92477e-07
4.12985 1.4382 0 370 9.9059e-07
4.13061 1.4382 0 370 9.89787e-07
4.13136 1.4382 0 370 9.9008e-07
4.13211 1.4382 0 370 9.91477e-07
4.13286 1.4382 0 370 9.93991e-07
4.13361 1.4382 0 370 9.97645e-07
4.13436 1.4382 0 370 1.00244e-06
4.13511 1.4382 0 370 1.0084e-06
4.13586 1.4382 0 370 1.01555e-06
4.13661 1.4382 0 370 1.02392e-06
4.13736 1.4382 0 370 1.03352e-06
4.13811 1.4382 0 370 1.04439e-06
4.13886 1.4382 0 370 1.05656e-06
4.13961 1.4382 0 370 1.07006e-06
4.14036 1.4382 0 370 1.08492e-06
4.14111 1.4382 0 370 1.10116e-06
4.14186 1.4382 0 370 1.11881e-06
4.14261 1.4382 0 370 1.1379e-06
4.14336 1.4382 0 370 1.15844e-06
4.14411 1.4382 0 370 1.18042e-06
4.14486 1.4382 0 370 1.20386e-06
4.14561 1.4382 0 370 1.22873e-06
4.14636 1.4382 0 370 1.25499e-06
4.14711 1.4382 0 370 1.28261e-06
4.14786 1.4382 0 370 1.31151e-06
4.14861 1.4382 0 370 1.3416e-06
4.14936 1.4382 0 370 1.37278e-06
4.15011 1.4382 0 370 1.40492e-06
4.15086 1.4382 0 370 1.43786e-06
4.15161 1.4382 0 370 1.47143e-06
4.15236 1.4382 0 370 1.50546e-06
4.15311 1.4382 0 370 1.53972e-06
4.15386 1.4382 0 370 1.574e-06
4.15461 1.4382 0 370 1.60807e-06
4.15536 1.4382 0 370 1.64167e-06
4.15611 1.4382 0 370 1.67457e-06
4.15686 1.4382 0 370 1.70651e-06
4.15761 1.4382 0 370 1.73723e-06
4.15836 1.4382 0 370 1.76649e-06
4.15911 1.4382 0 370 1.79405e-06
4.15986 1.4382 0 370 1.81968e-06
4.16061 1.4382 0 370 1.84317e-06
4.16136 1.4382 0 370 1.86432e-06
4.16211 1.4382 0 370 1.88297e-06
4.16286 1.4382 0 370 1.89897e-06
4.16361 1.4382 0 370 1.9122e-06
4.16436 1.4382 0 370 1.92256e-06
4.16511 1.4382 0 370 1.93e-06
4.16586 1.4382 0 370 1.93447e-06
4.16661 1.4382 0 370 1.93598e-06
4.16736 1.4382 0 370 1.93454e-06
4.16811 1.4382 0 370 1.93021e-06
4.16886 1.4382 0 370 1.92307e-06
4.16961 1.4382 0 370 1.91319e-06
4.17036 1.4382 0 370 1.9007e-06
4.17111 1.4382 0 370 1.88573e-06
4.17186 1.4382 0 370 1.8684e-06
4.17261 1.4382 0 370 1.84889e-06
4.17336 1.4382 0 370 1.82733e-06
4.17411 1.4382 0 370 1.80389e-06
4.17486 1.4382 0 370 1.77875e-06
4.17561 1.4382 0 370 1.75206e-06
4.17636 1.4382 0 370 1.72401e-06
4.17711 1.4382 0 370 1.69477e-06
4.17786 1.4382 0 370 1.66451e-06
4.17861 1.4382 0 370 1.6334e-06
4.17936 1.4382 0 370 1.60162e-06
4.18011 1.4382 0 370 1.56934e-06
4.18086 1.4382 0 370 1.53676e-06
4.18161 1.4382 0 370 1.50398e-06
4.18236 1.4382 0 370 1.47117e-06
4.18311 1.4382 0 370 1.43849e-06
4.18386 1.4382 0 370 1.40608e-06
4.18461 1.4382 0 370 1.37406e-06
4.18536 1.4382 0 370 1.34256e-06
4.18611 1.4382 0 370 1.31166e-06
4.18686 1.4382 0 370 1.28147e-06
4.18761 1.4382 0 370 1.25206e-06
4.18836 1.4382 0 370 1.22349e-06
4.18911 1.4382 0 370 1.19583e-06
4.18986 1.4382 0 370 1.16912e-06
4.19062 1.4382 0 370 1.14338e-06
4.19137 1.4382 0 370 1.11865e-06
4.19212 1.4382 0 370 1.09494e-06
4.19287 1.4382 0 370 1.07225e-06
4.19362 1.4382 0 370 1.05058e-06
4.19437 1.4382 0 370 1.02993e-06
4.19512 1.4382 0 370 1.01029e-06
4.19587 1.4382 0 370 9.91644e-07
4.19662 1.4382 0 370 9.73967e-07
4.19737 1.4382 0 370 9.57239e-07
4.19812 1.4382 0 370 9.41434e-07
4.19887 1.4382 0 370 9.26524e-07
4.19962 1.4382 0 370 9.12478e-07
4.20037 1.4382 0 370 8.99264e-07
4.20112 1.4382 0 370 8.86848e-07
4.20187 1.4382 0 370 8.75194e-07
4.20262 1.4382 0 370 8.64267e-07
4.20337 1.4382 0 370 8.54027e-07
4.20412 1.4382 0 370 8.44437e-07
4.20487 1.4382 0 370 8.35455e-07
4.20562 1.4382 0 370 8.27042e-07
4.20637 1.4382 0 370 8.19156e-07
4.20712 1.4382 0 370 8.11756e-07
4.20787 1.4382 0 370 8.04802e-07
4.20862 1.4382 0 370 7.98253e-07
4.20937 1.4382 0 370 7.92073e-07
4.21012 1.4382 0 370 7.86224e-07
4.21087 1.4382 0 370 7.80677e-07
4.21162 1.4382 0 370 7.75403e-07
4.21237 1.4382 0 370 7.70383e-07
4.21312 1.4382 0 370 7.656e-07
4.21387 1.4382 0 370 7.61051e-07
4.21462 1.4382 0 370 7.56737e-07
4.21537 1.4382 0 370 7.52674e-07
4.21612 1.4382 0 370 7.48885e-07
4.21687 1.4382 0 370 7.45406e-07
4.21762 1.4382 0 370 7.42287e-07
4.21837 1.4382 0 370 7.39585e-07
4.21912 1.4382 0 370 7.37372e-07
4.21987 1.4382 0 370 7.35728e-07
4.22062 1.4382 0 370 7.34744e-07
4.22137 1.4382 0 370 7.34517e-07
4.22212 1.4382 0 370 7.35149e-07
4.22287 1.4382 0 370 7.36746e-07
4.22362 1.4382 0 370 7.39414e-07
4.22437 1.4382 0 370 7.43257e-07
4.22512 1.4382 0 370 7.48373e-07
4.22587 1.4382 0 370 7.5485e-07
4.22662 1.4382 0 370 7.62768e-07
4.22737 1.4382 0 370 7.72185e-07
4.22812 1.4382 0 370 7.83149e-07
4.22887 1.4382 0 370 7.95681e-07
4.22962 1.4382 0 370 8.09785e-07
4.23037 1.4382 0 370 8.25443e-07
4.23112 1.4382 0 370 8.42615e-07
4.23187 1.4382 0 370 8.6124e-07
4.23262 1.4382 0 370 8.81242e-07
4.23337 1.4382 0 370 9.02533e-07
4.23412 1.4382 0 370 9.25014e-07
4.23487 1.4382 0 370 9.48582e-07
4.23562 1.4382 0 370 9.73089e-07
4.23637 1.4382 0 370 9.98538e-07
4.23712 1.4382 0 370 1.02479e-06
4.23787 1.4382 0 370 1.05178e-06
4.23862 1.4382 0 370 1.07945e-06
4.23937 1.4382 0 370 1.10777e-06
4.24012 1.4382 0 370 1.13672e-06
4.24087 1.4382 0 370 1.1663e-06
4.24162 1.4382 0 370 1.19654e-06
4.24237 1.4382 0 370 1.22749e-06
4.24312 1.4382 0 370 1.25921e-06
4.24387 1.4382 0 370 1.29176e-06
4.24462 1.4382 0 370 1.32523e-06
4.24537 1.4382 0 370 1.35972e-06
4.24612 1.4382 0 370 1.39532e-06
4.24687 1.4382 0 370 1.43215e-06
4.24762 1.4382 0 370 1.47031e-06
4.24837 1.4382 0 370 1.50991e-06
4.24912 1.4382 0 370 1.55105e-06
4.24987 1.4382 0 370 1.59385e-06
4.25063 1.4382 0 370 1.63839e-06
4.25138 1.4382 0 370 1.68477e-06
4.25213 1.4382 0 370 1.73307e-06
4.25288 1.4382 0 370 1.78337e-06
4.25363 1.4382 0 370 1.83572e-06
4.25438 1.4382 0 370 1.89017e-06
4.25513 1.4382 0 370 1.94674e-06
4.25588 1.4382 0 370 2.00545e-06
4.25663 1.4382 0 370 2.06627e-06
4.25738 1.4382 0 370 2.12916e-06
4.25813 1.4382 0 370 2.19405e-06
4.25888 1.4382 0 370 2.26081e-06
4.25963 1.4382 0 370 2.3293e-06
4.26038 1.4382 0 370 2.39933e-06
4.26113 1.4382 0 370 2.47063e-06
4.26188 1.4382 0 370 2.54291e-06
4.26263 1.4382 0 370 2.61582e-06
4.26338 1.4382 0 370 2.68893e-06
4.26413 1.4382 0 370 2.76177e-06
4.26488 1.4382 0 370 2.83379e-06
4.26563 1.4382 0 370 2.9044e-06
4.26638 1.4382 0 370 2.97294e-06
4.26713 1.4382 0 370 3.03871e-06
4.26788 1.4382 0 370 3.10097e-06
4.26863 1.4382 0 370 3.15898e-06
4.26938 1.4382 0 370 3.21197e-06
4.27013 1.4382 0 370 3.2592e-06
4.27088 1.4382 0 370 3.29997e-06
4.27163 1.4382 0 370 3.33365e-06
4.27238 1.4382 0 370 3.35964e-06
4.27313 1.4382 0 370 3.3775e-06
4.27388 1.4382 0 370 3.38689e-06
4.27463 1.4382 0 370 3.38761e-06
4.27538 1.4382 0 370 3.37961e-06
4.27613 1.4382 0 370 3.36297e-06
4.27688 1.4382 0 370 3.33792e-06
4.27763 1.4382 0 370 3.30483e-06
4.27838 1.4382 0 370 3.26418e-06
4.27913 1.4382 0 370 3.21655e-06
4.27988 1.4382 0 370 3.16261e-06
4.28063 1.4382 0 370 3.10308e-06
4.28138 1.4382 0 370 3.03873e-06
4.28213 1.4382 0 370 2.97031e-06
4.28288 1.4382 0 370 2.8986e-06
4.28363 1.4382 0 370 2.82433e-06
4.28438 1.4382 0 370 2.74821e-06
4.28513 1.4382 0 370 2.67089e-06
4.28588 1.4382 0 370 2.59297e-06
4.28663 1.4382 0 370 2.515e-06
4.28738 1.4382 0 370 2.43744e-06
4.28813 1.4382 0 370 2.36072e-06
4.28888 1.4382 0 370 2.28519e-06
4.28963 1.4382 0 370 2.21114e-06
4.29038 1.4382 0 370 2.13882e-06
4.29113 1.4382 0 370 2.06843e-06
4.29188 1.4382 0 370 2.00011e-06
4.29263 1.4382 0 370 1.93398e-06
4.29338 1.4382 0 370 1.87012e-06
4.29413 1.4382 0 370 1.80858e-06
4.29488 1.4382 0 370 1.74938e-06
4.29563 1.4382 0 370 1.69252e-06
4.29638 1.4382 0 370 1.63799e-06
4.29713 1.4382 0 370 1.58577e-06
4.29788 1.4382 0 370 1.53581e-06
4.29863 1.4382 0 370 1.48805e-06
4.29938 1.4382 0 370 1.44246e-06
4.30013 1.4382 0 370 1.39896e-06
4.30088 1.4382 0 370 1.35749e-06
4.30163 1.4382 0 370 1.31798e-06
4.30238 1.4382 0 370 1.28037e-06
4.30313 1.4382 0 370 1.24459e-06
4.30388 1.4382 0 370 1.21056e-06
4.30463 1.4382 0 370 1.17822e-06
4.30538 1.4382 0 370 1.1475e-06
4.30613 1.4382 0 370 1.11835e-06
4.30688 1.4382 0 370 1.09069e-06
4.30763 1.4382 0 370 1.06446e-06
4.30838 1.4382 0 370 1.03962e-06
4.30913 1.4382 0 370 1.01609e-06
4.30988 1.4382 0 370 9.93835e-07
4.31064 1.4382 0 370 9.72794e-07
4.31139 1.4382 0 370 9.5292e-07
4.31214 1.4382 0 370 9.34165e-07
4.31289 1.4382 0 370 9.16483e-07
4.31364 1.4382 0 370 8.99829e-07
4.31439 1.4382 0 370 8.84162e-07
4.31514 1.4382 0 370 8.6944e-07
4.31589 1.4382 0 370 8.55622e-07
4.31664 1.4382 0 370 8.4267e-07
4.31739 1.4382 0 370 8.30544e-07
4.31814 1.4382 0 370 8.19206e-07
4.31889 1.4382 0 370 8.08618e-07
4.31964 1.4382 0 370 7.98741e-07
4.32039 1.4382 0 370 7.89538e-07
4.32114 1.4382 0 370 7.8097e-07
4.32189 1.4382 0 370 7.72997e-07
4.32264 1.4382 0 370 7.6558e-07
4.32339 1.4382 0 370 7.58679e-07
4.32414 1.4382 0 370 7.52247e-07
4.32489 1.4382 0 370 7.46255e-07
4.32564 1.4382 0 370 7.40655e-07
4.32639 1.4382 0 370 7.35408e-07
4.32714 1.4382 0 370 7.30471e-07
4.32789 1.4382 0 370 7.25807e-07
4.32864 1.4382 0 370 7.21375e-07
4.32939 1.4382 0 370 7.17139e-07
4.33014 1.4382 0 370 7.13065e-07
4.33089 1.4382 0 370 7.09119e-07
4.33164 1.4382 0 370 7.05273e-07
4.33239 1.4382 0 370 7.01499e-07
4.33314 1.4382 0 370 6.97774e-07
4.33389 1.4382 0 370 6.94075e-07
4.33464 1.4382 0 370 6.90385e-07
4.33539 1.4382 0 370 6.86687e-07
4.33614 1.4382 0 370 6.82965e-07
4.33689 1.4382 0 370 6.79208e-07
4.33764 1.4382 0 370 6.75401e-07
4.33839 1.4382 0 370 6.71532e-07
4.33914 1.4382 0 370 6.6759e-07
4.33989 1.4382 0 370 6.63559e-07
4.34064 1.4382 0 370 6.59426e-07
4.34139 1.4382 0 370 6.55175e-07
4.34214 1.4382 0 370 6.50791e-07
4.34289 1.4382 0 370 6.46255e-07
4.34364 1.4382 0 370 6.41553e-07
4.34439 1.4382 0 370 6.36665e-07
4.34514 1.4382 0 370 6.31578e-07
4.34589 1.4382 0 370 6.26277e-07
4.34664 1.4382 0 370 6.2075e-07
4.34739 1.4382 0 370 6.14989e-07
4.34814 1.4382 0 370 6.08992e-07
4.34889 1.4382 0 370 6.02755e-07
4.34964 1.4382 0 370 5.96284e-07
4.35039 1.4382 0 370 5.89589e-07
4.35114 1.4382 0 370 5.82684e-07
4.35189 1.4382 0 370 5.75586e-07
4.35264 1.4382 0 370 5.6832e-07
4.35339 1.4382 0 370 5.60912e-07
4.35414 1.4382 0 370 5.53392e-07
4.35489 1.4382 0 370 5.45792e-07
4.35564 1.4382 0 370 5.38146e-07
4.35639 1.4382 0 370 5.30492e-07
4.35714 1.4382 0 370 5.22867e-07
4.35789 1.4382 0 370 5.15307e-07
4.35864 1.4382 0 370 5.07852e-07
4.35939 1.4382 0 370 5.0054e-07
4.36014 1.4382 0 370 4.93409e-07
4.36089 1.4382 0 370 4.86499e-07
4.36164 1.4382 0 370 4.79851e-07
4.36239 1.4382 0 370 4.73503e-07
4.36314 1.4382 0 370 4.67499e-07
4.36389 1.4382 0 370 4.61883e-07
4.36464 1.4382 0 370 4.56699e-07
4.36539 1.4382 0 370 4.51999e-07
4.36614 1.4382 0 370 4.47832e-07
4.36689 1.4382 0 370 4.44256e-07
4.36764 1.4382 0 370 4.41329e-07
4.36839 1.4382 0 370 4.39115e-07
4.36914 1.4382 0 370 4.37681e-07
4.36989 1.4382 0 370 4.37098e-07
4.37065 1.4382 0 370 4.37438e-07
4.3714 1.4382 0 370 4.38731e-07
4.37215 1.4382 0 370 4.41141e-07
4.3729 1.4382 0 370 4.44695e-07
4.37365 1.4382 0 370 4.49463e-07
4.3744 1.4382 0 370 4.55504e-07
4.37515 1.4382 0 370 4.62871e-07
4.3759 1.4382 0 370 4.71603e-07
4.37665 1.4382 0 370 4.81723e-07
4.3774 1.4382 0 370 4.93239e-07
4.37815 1.4382 0 370 5.06137e-07
4.3789 1.4382 0 370 5.20382e-07
4.37965 1.4382 0 370 5.35916e-07
4.3804 1.4382 0 370 5.52662e-07
4.38115 1.4382 0 370 5.70519e-07
4.3819 1.4382 0 370 5.8937e-07
4.38265 1.4382 0 370 6.09081e-07
4.3834 1.4382 0 370 6.29508e-07
4.38415 1.4382 0 370 6.50496e-07
4.3849 1.4382 0 370 6.71888e-07
4.38565 1.4382 0 370 6.93528e-07
4.3864 1.4382 0 370 7.15262e-07
4.38715 1.4382 0 370 7.36944e-07
4.3879 1.4382 0 370 7.58437e-07
4.38865 1.4382 0 370 7.79612e-07
4.3894 1.4382 0 370 8.00356e-07
4.39015 1.4382 0 370 8.20564e-07
4.3909 1.4382 0 370 8.4014e-07
4.39165 1.4382 0 370 8.59002e-07
4.3924 1.4382 0 370 8.77072e-07
4.39315 1.4382 0 370 8.94281e-07
4.3939 1.4382 0 370 9.10567e-07
4.39465 1.4382 0 370 9.2587e-07
4.3954 1.4382 0 370 9.40138e-07
4.39615 1.4382 0 370 9.5332e-07
4.3969 1.4382 0 370 9.65373e-07
4.39765 1.4382 0 370 9.76256e-07
4.3984 1.4382 0 370 9.85938e-07
4.39915 1.4382 0 370 9.94394e-07
4.3999 1.4382 0 370 1.00161e-06
4.40065 1.4382 0 370 1.00757e-06
4.4014 1.4382 0 370 1.01229e-06
4.40215 1.4382 0 370 1.01578e-06
4.4029 1.4382 0 370 1.01808e-06
4.40365 1.4382 0 370 1.01923e-06
4.4044 1.4382 0 370 1.01929e-06
4.40515 1.4382 0 370 1.01831e-06
4.4059 1.4382 0 370 1.01639e-06
4.40665 1.4382 0 370 1.0136e-06
4.4074 1.4382 0 370 1.01004e-06
4.40815 1.4382 0 370 1.0058e-06
4.4089 1.4382 0 370 1.00099e-06
4.40965 1.4382 0 370 9.95707e-07
4.4104 1.4382 0 370 9.90048e-07
4.41115 1.4382 0 370 9.8411e-07
4.4119 1.4382 0 370 9.77984e-07
4.41265 1.4382 0 370 9.71758e-07
4.4134 1.4382 0 370 9.6551e-07
4.41415 1.4382 0 370 9.59316e-07
4.4149 1.4382 0 370 9.53243e-07
4.41565 1.4382 0 370 9.47353e-07
4.4164 1.4382 0 370 9.41704e-07
4.41715 1.4382 0 370 9.36345e-07
4.4179 1.4382 0 370 9.31323e-07
4.41865 1.4382 0 370 9.2668e-07
4.4194 1.4382 0 370 9.22456e-07
4.42015 1.4382 0 370 9.18686e-07
4.4209 1.4382 0 370 9.15405e-07
4.42165 1.4382 0 370 9.12646e-07
4.4224 1.4382 0 370 9.1044e-07
4.42315 1.4382 0 370 9.08818e-07
4.4239 1.4382 0 370 9.0781e-07
4.42465 1.4382 0 370 9.07446e-07
4.4254 1.4382 0 370 9.07755e-07
4.42615 1.4382 0 370 9.08774e-07
4.4269 1.4382 0 370 9.10516e-07
4.42765 1.4382 0 370 9.13017e-07
4.4284 1.4382 0 370 9.16305e-07
4.42915 1.4382 0 370 9.20406e-07
4.4299 1.4382 0 370 9.25346e-07
4.43066 1.4382 0 370 9.31149e-07
4.43141 1.4382 0 370 9.37838e-07
4.43216 1.4382 0 370 9.45434e-07
4.43291 1.4382 0 370 9.53956e-07
4.43366 1.4382 0 370 9.63422e-07
4.43441 1.4382 0 370 9.73847e-07
4.43516 1.4382 0 370 9.85243e-07
4.43591 1.4382 0 370 9.9762e-07
4.43666 1.4382 0 370 1.01098e-06
4.43741 1.4382 0 370 1.02534e-06
4.43816 1.4382 0 370 1.04069e-06
4.43891 1.4382 0 370 1.05702e-06
4.43966 1.4382 0 370 1.07433e-06
4.44041 1.4382 0 370 1.09261e-06
4.44116 1.4382 0 370 1.11183e-06
4.44191 1.4382 0 370 1.13197e-06
4.44266 1.4382 0 370 1.15299e-06
4.44341 1.4382 0 370 1.17485e-06
4.44416 1.4382 0 370 1.19749e-06
4.44491 1.4382 0 370 1.22083e-06
4.44566 1.4382 0 370 1.24484e-06
4.44641 1.4382 0 370 1.2694e-06
4.44716 1.4382 0 370 1.29441e-06
4.44791 1.4382 0 370 1.31973e-06
4.44866 1.4382 0 370 1.34524e-06
4.44941 1.4382 0 370 1.37078e-06
4.45016 1.4382 0 370 1.39617e-06
4.45091 1.4382 0 370 1.42123e-06
4.45166 1.4382 0 370 1.44574e-06
4.45241 1.4382 0 370 1.46949e-06
4.45316 1.4382 0 370 1.49225e-06
4.45391 1.4382 0 370 1.51377e-06
4.45466 1.4382 0 370 1.53382e-06
4.45541 1.4382 0 370 1.55215e-06
4.45616 1.4382 0 370 1.56851e-06
4.45691 1.4382 0 370 1.58269e-06
4.45766 1.4382 0 370 1.59447e-06
4.45841 1.4382 0 370 1.60366e-06
4.45916 1.4382 0 370 1.61011e-06
4.45991 1.4382 0 370 1.61368e-06
4.46066 1.4382 0 370 1.6143e-06
4.46141 1.4382 0 370 1.61189e-06
4.46216 1.4382 0 370 1.60648e-06
4.46291 1.4382 0 370 1.59807e-06
4.46366 1.4382 0 370 1.58677e-06
4.46441 1.4382 0 370 1.57267e-06
4.46516 1.4382 0 370 1.55594e-06
4.46591 1.4382 0 370 1.53675e-06
4.46666 1.4382 0 370 1.51531e-06
4.46741 1.4382 0 370 1.49186e-06
4.46816 1.4382 0 370 1.46663e-06
4.46891 1.4382 0 370 1.43987e-06
4.46966 1.4382 0 370 1.41184e-06
4.47041 1.4382 0 370 1.38277e-06
4.47116 1.4382 0 370 1.35292e-06
4.47191 1.4382 0 370 1.3225e-06
4.47266 1.4382 0 370 1.29332e-06
4.47341 1.4382 0 370 1.26232e-06
4.47416 1.4382 0 370 1.23133e-06
4.47491 1.4382 0 370 1.20053e-06
4.47566 1.4382 0 370 1.17004e-06
4.47641 1.4382 0 370 1.13998e-06
4.47716 1.4382 0 370 1.11047e-06
4.47791 1.4382 0 370 1.08157e-06
4.47866 1.4382 0 370 1.05335e-06
4.47941 1.4382 0 370 1.02587e-06
4.48016 1.4382 0 370 9.99167e-07
4.48091 1.4382 0 370 9.73263e-07
4.48166 1.4382 0 370 9.48176e-07
4.48241 1.4382 0 370 9.23943e-07
4.48316 1.4382 0 370 9.00505e-07
4.48391 1.4382 0 370 8.7789e-07
4.48466 1.4382 0 370 8.56085e-07
4.48541 1.4382 0 370 8.35079e-07
4.48616 1.4382 0 370 8.14855e-07
4.48691 1.4382 0 370 7.95393e-07
4.48766 1.4382 0 370 7.76673e-07
4.48841 1.4382 0 370 7.58674e-07
4.48916 1.4382 0 370 7.41374e-07
4.48991 1.4382 0 370 7.24749e-07
4.49067 1.4382 0 370 7.08776e-07
4.49142 1.4382 0 370 6.93432e-07
4.49217 1.4382 0 370 6.78694e-07
4.49292 1.4382 0 370 6.64539e-07
4.49367 1.4382 0 370 6.50946e-07
4.49442 1.4382 0 370 6.37892e-07
4.49517 1.4382 0 370 6.25357e-07
4.49592 1.4382 0 370 6.1332e-07
4.49667 1.4382 0 370 6.01763e-07
4.49742 1.4382 0 370 5.90666e-07
4.49817 1.4382 0 370 5.80014e-07
4.49892 1.4382 0 370 5.69788e-07
4.49967 1.4382 0 370 5.59976e-07
4.50042 1.4382 0 370 5.50563e-07
4.50117 1.4382 0 370 5.41538e-07
4.50192 1.4382 0 370 5.32891e-07
4.50267 1.4382 0 370 5.24613e-07
4.50342 1.4382 0 370 5.16698e-07
4.50417 1.4382 0 370 5.09142e-07
4.50492 1.4382 0 370 5.01944e-07
4.50567 1.4382 0 370 4.95104e-07
4.50642 1.4382 0 370 4.88626e-07
4.50717 1.4382 0 370 4.82517e-07
4.50792 1.4382 0 370 4.76787e-07
4.50867 1.4382 0 370 4.7145e-07
4.50942 1.4382 0 370 4.66522e-07
4.51017 1.4382 0 370 4.62024e-07
4.51092 1.4382 0 370 4.57982e-07
4.51167 1.4382 0 370 4.54423e-07
4.51242 1.4382 0 370 4.5138e-07
4.51317 1.4382 0 370 4.48888e-07
4.51392 1.4382 0 370 4.46988e-07
4.51467 1.4382 0 370 4.45721e-07
4.51542 1.4382 0 370 4.4513e-07
4.51617 1.4382 0 370 4.45262e-07
4.51692 1.4382 0 370 4.46162e-07
4.51767 1.4382 0 370 4.47873e-07
4.51842 1.4382 0 370 4.50439e-07
4.51917 1.4382 0 370 4.53896e-07
4.51992 1.4382 0 370 4.58277e-07
4.52067 1.4382 0 370 4.63606e-07
4.52142 1.4382 0 370 4.69901e-07
4.52217 1.4382 0 370 4.77165e-07
4.52292 1.4382 0 370 4.85393e-07
4.52367 1.4382 0 370 4.94569e-07
4.52442 1.4382 0 370 5.0466e-07
4.52517 1.4382 0 370 5.15626e-07
4.52592 1.4382 0 370 5.27413e-07
4.52667 1.4382 0 370 5.39957e-07
4.52742 1.4382 0 370 5.53187e-07
4.52817 1.4382 0 370 5.67027e-07
4.52892 1.4382 0 370 5.81369e-07
4.52967 1.4382 0 370 5.9619e-07
4.53042 1.4382 0 370 6.11384e-07
4.53117 1.4382 0 370 6.26878e-07
4.53192 1.4382 0 370 6.42606e-07
4.53267 1.4382 0 370 6.58514e-07
4.53342 1.4382 0 370 6.74557e-07
4.53417 1.4382 0 370 6.90701e-07
4.53492 1.4382 0 370 7.06927e-07
4.53567 1.4382 0 370 7.23226e-07
4.53642 1.4382 0 370 7.39602e-07
4.53717 1.4382 0 370 7.56071e-07
4.53792 1.4382 0 370 7.72656e-07
4.53867 1.4382 0 370 7.89393e-07
4.53942 1.4382 0 370 8.06324e-07
4.54017 1.4382 0 370 8.23495e-07
4.54092 1.4382 0 370 8.40962e-07
4.54167 1.4382 0 370 8.58781e-07
4.54242 1.4382 0 370 8.77013e-07
4.54317 1.4382 0 370 8.9572e-07
4.54392 1.4382 0 370 9.14967e-07
4.54467 1.4382 0 370 9.34817e-07
4.54542 1.4382 0 370 9.55337e-07
4.54617 1.4382 0 370 9.76591e-07
4.54692 1.4382 0 370 9.98642e-07
4.54767 1.4382 0 370 1.02155e-06
4.54842 1.4382 0 370 1.04539e-06
4.54917 1.4382 0 370 1.07021e-06
4.54992 1.4382 0 370 1.09608e-06
4.55068 1.4382 0 370 1.12306e-06
4.55143 1.4382 0 370 1.1512e-06
4.55218 1.4382 0 370 1.18056e-06
4.55293 1.4382 0 370 1.21119e-06
4.55368 1.4382 0 370 1.24316e-06
4.55443 1.4382 0 370 1.2765e-06
4.55518 1.4382 0 370 1.31126e-06
4.55593 1.4382 0 370 1.34749e-06
4.55668 1.4382 0 370 1.38522e-06
4.55743 1.4382 0 370 1.42449e-06
4.55818 1.4382 0 370 1.46533e-06
4.55893 1.4382 0 370 1.50774e-06
4.55968 1.4382 0 370 1.55175e-06
4.56043 1.4382 0 370 1.59733e-06
4.56118 1.4382 0 370 1.64449e-06
4.56193 1.4382 0 370 1.69318e-06
4.56268 1.4382 0 370 1.74336e-06
4.56343 1.4382 0 370 1.79496e-06
4.56418 1.4382 0 370 1.84788e-06
4.56493 1.4382 0 370 1.90201e-06
4.56568 1.4382 0 370 1.95719e-06
4.56643 1.4382 0 370 2.01326e-06
4.56718 1.4382 0 370 2.07e-06
4.56793 1.4382 0 370 2.12716e-06
4.56868 1.4382 0 370 2.18446e-06
4.56943 1.4382 0 370 2.24159e-06
4.57018 1.4382 0 370 2.29817e-06
4.57093 1.4382 0 370 2.35382e-06
4.57168 1.4382 0 370 2.40812e-06
4.57243 1.4382 0 370 2.4606e-06
4.57318 1.4382 0 370 2.51079e-06
4.57393 1.4382 0 370 2.55819e-06
4.57468 1.4382 0 370 2.60229e-06
4.57543 1.4382 0 370 2.64261e-06
4.57618 1.4382 0 370 2.67867e-06
4.57693 1.4382 0 370 2.71e-06
4.57768 1.4382 0 370 2.7362e-06
4.57843 1.4382 0 370 2.75691e-06
4.57918 1.4382 0 370 2.77184e-06
4.57993 1.4382 0 370 2.78076e-06
4.58068 1.4382 0 370 2.78355e-06
4.58143 1.4382 0 370 2.78015e-06
4.58218 1.4382 0 370 2.77059e-06
4.58293 1.4382 0 370 2.755e-06
4.58368 1.4382 0 370 2.73357e-06
4.58443 1.4382 0 370 2.7066e-06
4.58518 1.4382 0 370 2.67441e-06
4.58593 1.4382 0 370 2.63741e-06
4.58668 1.4382 0 370 2.59604e-06
4.58743 1.4382 0 370 2.55075e-06
4.58818 1.4382 0 370 2.50204e-06
4.58893 1.4382 0 370 2.45039e-06
4.58968 1.4382 0 370 2.3963e-06
4.59043 1.4382 0 370 2.34024e-06
4.59118 1.4382 0 370 2.28267e-06
4.59193 1.4382 0 370 2.22401e-06
4.59268 1.4382 0 370 2.16466e-06
4.59343 1.4382 0 370 2.10498e-06
4.59418 1.4382 0 370 2.04531e-06
4.59493 1.4382 0 370 1.98594e-06
4.59568 1.4382 0 370 1.92712e-06
4.59643 1.4382 0 370 1.86908e-06
4.59718 1.4382 0 370 1.81202e-06
4.59793 1.4382 0 370 1.75608e-06
4.59868 1.4382 0 370 1.70141e-06
4.59943 1.4382 0 370 1.6481e-06
4.60018 1.4382 0 370 1.59624e-06
4.60093 1.4382 0 370 1.54589e-06
4.60168 1.4382 0 370 1.49709e-06
4.60243 1.4382 0 370 1.44986e-06
4.60318 1.4382 0 370 1.40423e-06
4.60393 1.4382 0 370 1.36018e-06
4.60468 1.4382 0 370 1.3177e-06
4.60543 1.4382 0 370 1.27679e-06
4.60618 1.4382 0 370 1.2374e-06
4.60693 1.4382 0 370 1.1995e-06
4.60768 1.4382 0 370 1.16307e-06
4.60843 1.4382 0 370 1.12806e-06
4.60918 1.4382 0 370 1.09442e-06
4.60993 1.4382 0 370 1.06211e-06
4.61069 1.4382 0 370 1.03109e-06
4.61144 1.4382 0 370 1.00129e-06
4.61219 1.4382 0 370 9.72687e-07
4.61294 1.4382 0 370 9.45219e-07
4.61369 1.4382 0 370 9.18843e-07
4.61444 1.4382 0 370 8.93512e-07
4.61519 1.4382 0 370 8.69182e-07
4.61594 1.4382 0 370 8.45809e-07
4.61669 1.4382 0 370 8.23352e-07
4.61744 1.4382 0 370 8.01769e-07
4.61819 1.4382 0 370 7.81025e-07
4.61894 1.4382 0 370 7.61082e-07
4.61969 1.4382 0 370 7.41909e-07
4.62044 1.4382 0 370 7.23473e-07
4.62119 1.4382 0 370 7.05748e-07
4.62194 1.4382 0 370 6.88707e-07
4.62269 1.4382 0 370 6.72328e-07
4.62344 1.4382 0 370 6.5659e-07
4.62419 1.4382 0 370 6.41476e-07
4.62494 1.4382 0 370 6.2697e-07
4.62569 1.4382 0 370 6.1306e-07
4.62644 1.4382 0 370 5.99735e-07
4.62719 1.4382 0 370 5.86986e-07
4.62794 1.4382 0 370 5.74805e-07
4.62869 1.4382 0 370 5.63186e-07
4.62944 1.4382 0 370 5.52124e-07
4.63019 1.4382 0 370 5.41612e-07
4.63094 1.4382 0 370 5.31645e-07
4.63169 1.4382 0 370 5.22216e-07
4.63244 1.4382 0 370 5.13317e-07
4.63319 1.4382 0 370 5.04937e-07
4.63394 1.4382 0 370 4.97063e-07
4.63469 1.4382 0 370 4.8968e-07
4.63544 1.4382 0 370 4.82769e-07
4.63619 1.4382 0 370 4.76307e-07
4.63694 1.4382 0 370 4.7027e-07
4.63769 1.4382 0 370 4.64629e-07
4.63844 1.4382 0 370 4.59354e-07
4.63919 1.4382 0 370 4.54399e-07
4.63994 1.4382 0 370 4.49758e-07
4.64069 1.4382 0 370 4.45383e-07
4.64144 1.4382 0 370 4.41241e-07
4.64219 1.4382 0 370 4.37299e-07
4.64294 1.4382 0 370 4.33527e-07
4.64369 1.4382 0 370 4.29897e-07
4.64444 1.4382 0 370 4.26384e-07
4.64519 1.4382 0 370 4.22967e-07
4.64594 1.4382 0 370 4.19629e-07
4.64669 1.4382 0 370 4.16355e-07
4.64744 1.4382 0 370 4.13135e-07
4.64819 1.4382 0 370 4.09962e-07
4.64894 1.4382 0 370 4.06833e-07
4.64969 1.4382 0 370 4.03747e-07
4.65044 1.4382 0 370 4.00707e-07
4.65119 1.4382 0 370 3.97715e-07
4.65194 1.4382 0 370 3.94779e-07
4.65269 1.4382 0 370 3.91905e-07
4.65344 1.4382 0 370 3.89102e-07
4.65419 1.4382 0 370 3.86378e-07
4.65494 1.4382 0 370 3.83745e-07
4.65569 1.4382 0 370 3.81213e-07
4.65644 1.4382 0 370 3.78792e-07
4.65719 1.4382 0 370 3.76494e-07
4.65794 1.4382 0 370 3.7433e-07
4.65869 1.4382 0 370 3.72312e-07
4.65944 1.4382 0 370 3.70453e-07
4.66019 1.4382 0 370 3.68764e-07
4.66094 1.4382 0 370 3.67258e-07
4.66169 1.4382 0 370 3.65951e-07
4.66244 1.4382 0 370 3.64855e-07
4.66319 1.4382 0 370 3.63986e-07
4.66394 1.4382 0 370 3.63361e-07
4.66469 1.4382 0 370 3.62996e-07
4.66544 1.4382 0 370 3.62912e-07
4.66619 1.4382 0 370 3.63128e-07
4.66694 1.4382 0 370 3.63666e-07
4.66769 1.4382 0 370 3.64549e-07
4.66844 1.4382 0 370 3.65804e-07
4.66919 1.4382 0 370 3.67456e-07
4.66994 1.4382 0 370 3.69536e-07
4.6707 1.4382 0 370 3.72074e-07
4.67145 1.4382 0 370 3.75101e-07
4.6722 1.4382 0 370 3.78652e-07
4.67295 1.4382 0 370 3.8276e-07
4.6737 1.4382 0 370 3.87462e-07
4.67445 1.4382 0 370 3.92791e-07
4.6752 1.4382 0 370 3.98781e-07
4.67595 1.4382 0 370 4.05465e-07
4.6767 1.4382 0 370 4.1288e-07
4.67745 1.4382 0 370 4.21036e-07
4.6782 1.4382 0 370 4.29963e-07
