0.5 1.82408 120 390 7.34834e-06
0.50075 1.82408 120 390 6.9018e-06
0.5015 1.82408 120 390 6.4957e-06
0.50225 1.82408 120 390 6.12561e-06
0.503001 1.82408 120 390 5.78724e-06
0.503751 1.82408 120 390 5.47721e-06
0.504501 1.82408 120 390 5.19037e-06
0.505251 1.82408 120 390 4.92819e-06
0.506001 1.82408 120 390 4.68614e-06
0.506751 1.82408 120 390 4.46269e-06
0.507501 1.82408 120 390 4.25542e-06
0.508251 1.82408 120 390 4.06299e-06
0.509002 1.82408 120 390 3.88412e-06
0.509752 1.82408 120 390 3.71776e-06
0.510502 1.82408 120 390 3.56229e-06
0.511252 1.82408 120 390 3.41724e-06
0.512002 1.82408 120 390 3.28154e-06
0.512752 1.82408 120 390 3.15318e-06
0.513502 1.82408 120 390 3.03389e-06
0.514252 1.82408 120 390 2.92179e-06
0.515003 1.82408 120 390 2.81656e-06
0.515753 1.82408 120 390 2.71742e-06
0.516503 1.82408 120 390 2.62391e-06
0.517253 1.82408 120 390 2.53582e-06
0.518003 1.82408 120 390 2.45242e-06
0.518753 1.82408 120 390 2.37364e-06
0.519503 1.82408 120 390 2.29915e-06
0.520253 1.82408 120 390 2.22844e-06
0.521004 1.82408 120 390 2.16066e-06
0.521754 1.82408 120 390 2.09722e-06
0.522504 1.82408 120 390 2.03695e-06
0.523254 1.82408 120 390 1.97963e-06
0.524004 1.82408 120 390 1.9251e-06
0.524754 1.82408 120 390 1.87321e-06
0.525504 1.82408 120 390 1.82384e-06
0.526254 1.82408 120 390 1.77672e-06
0.527005 1.82408 120 390 1.73175e-06
0.527755 1.82408 120 390 1.68896e-06
0.528505 1.82408 120 390 1.64813e-06
0.529255 1.82408 120 390 1.60893e-06
0.530005 1.82408 120 390 1.57077e-06
0.530755 1.82408 120 390 1.53503e-06
0.531505 1.82408 120 390 1.50083e-06
0.532255 1.82408 120 390 1.46803e-06
0.533006 1.82408 120 390 1.43678e-06
0.533756 1.82408 120 390 1.40663e-06
0.534506 1.82408 120 390 1.37785e-06
0.535256 1.82408 120 390 1.35024e-06
0.536006 1.82408 120 390 1.32361e-06
0.536756 1.82408 120 390 1.29812e-06
0.537506 1.82408 120 390 1.27368e-06
0.538256 1.82408 120 390 1.25025e-06
0.539007 1.82408 120 390 1.22706e-06
0.539757 1.82408 120 390 1.20536e-06
0.540507 1.82408 120 390 1.18442e-06
0.541257 1.82408 120 390 1.16435e-06
0.542007 1.82408 120 390 1.14516e-06
0.542757 1.82408 120 390 1.12655e-06
0.543507 1.82408 120 390 1.10864e-06
0.544257 1.82408 120 390 1.09149e-06
0.545008 1.82408 120 390 1.07494e-06
0.545758 1.82408 120 390 1.05901e-06
0.546508 1.82408 120 390 1.04361e-06
0.547258 1.82408 120 390 1.02883e-06
0.548008 1.82408 120 390 1.01396e-06
0.548758 1.82408 120 390 1.00025e-06
0.549508 1.82408 120 390 9.87048e-07
0.550258 1.82408 120 390 9.74391e-07
0.551009 1.82408 120 390 9.621e-07
0.551759 1.82408 120 390 9.50307e-07
0.552509 1.82408 120 390 9.38871e-07
0.553259 1.82408 120 390 9.27927e-07
0.554009 1.82408 120 390 9.1736e-07
0.554759 1.82408 120 390 9.07199e-07
0.555509 1.82408 120 390 8.97402e-07
0.556259 1.82408 120 390 8.87997e-07
0.55701 1.82408 120 390 8.78989e-07
0.55776 1.82408 120 390 8.69673e-07
0.55851 1.82408 120 390 8.61293e-07
0.55926 1.82408 120 390 8.53247e-07
0.56001 1.82408 120 390 8.45462e-07
0.56076 1.82408 120 390 8.3803e-07
0.56151 1.82408 120 390 8.30954e-07
0.56226 1.82408 120 390 8.24168e-07
0.563011 1.82408 120 390 8.176e-07
0.563761 1.82408 120 390 8.11296e-07
0.564511 1.82408 120 390 8.05319e-07
0.565261 1.82408 120 390 7.9957e-07
0.566011 1.82408 120 390 7.94094e-07
0.566761 1.82408 120 390 7.88973e-07
0.567511 1.82408 120 390 7.83433e-07
0.568261 1.82408 120 390 7.78716e-07
0.569012 1.82408 120 390 7.74357e-07
0.569762 1.82408 120 390 7.70073e-07
0.570512 1.82408 120 390 7.66186e-07
0.571262 1.82408 120 390 7.62428e-07
0.572012 1.82408 120 390 7.58897e-07
0.572762 1.82408 120 390 7.55616e-07
0.573512 1.82408 120 390 7.52695e-07
0.574262 1.82408 120 390 7.49976e-07
0.575013 1.82408 120 390 7.47572e-07
0.575763 1.82408 120 390 7.45202e-07
0.576513 1.82408 120 390 7.43178e-07
0.577263 1.82408 120 390 7.41344e-07
0.578013 1.82408 120 390 7.39097e-07
0.578763 1.82408 120 390 7.37701e-07
0.579513 1.82408 120 390 7.3654e-07
0.580263 1.82408 120 390 7.35624e-07
0.581014 1.82408 120 390 7.35124e-07
0.581764 1.82408 120 390 7.35054e-07
0.582514 1.82408 120 390 7.3491e-07
0.583264 1.82408 120 390 7.35139e-07
0.584014 1.82408 120 390 7.35456e-07
0.584764 1.82408 120 390 7.36298e-07
0.585514 1.82408 120 390 7.37301e-07
0.586264 1.82408 120 390 7.38739e-07
0.587015 1.82408 120 390 7.40245e-07
0.587765 1.82408 120 390 7.42147e-07
0.588515 1.82408 120 390 7.43828e-07
0.589265 1.82408 120 390 7.46271e-07
0.590015 1.82408 120 390 7.49358e-07
0.590765 1.82408 120 390 7.52466e-07
0.591515 1.82408 120 390 7.56085e-07
0.592265 1.82408 120 390 7.59966e-07
0.593016 1.82408 120 390 7.64439e-07
0.593766 1.82408 120 390 7.69339e-07
0.594516 1.82408 120 390 7.74228e-07
0.595266 1.82408 120 390 7.79821e-07
0.596016 1.82408 120 390 7.85198e-07
0.596766 1.82408 120 390 7.91062e-07
0.597516 1.82408 120 390 7.97011e-07
0.598266 1.82408 120 390 8.03169e-07
0.599017 1.82408 120 390 8.08996e-07
0.599767 1.82408 120 390 8.12787e-07
0.600517 1.82408 120 390 8.17292e-07
0.601267 1.82408 120 390 8.21521e-07
0.602017 1.82408 120 390 8.23214e-07
0.602767 1.82408 120 390 8.22022e-07
0.603517 1.82408 120 390 8.16719e-07
0.604267 1.82408 120 390 8.03648e-07
0.605018 1.82408 120 390 7.80084e-07
0.605768 1.82408 120 390 7.44931e-07
0.606518 1.82408 120 390 6.87763e-07
0.607268 1.82408 120 390 6.03164e-07
0.608018 1.82408 120 390 4.73147e-07
0.608768 1.82408 120 390 2.77007e-07
0.609518 1.82408 120 390 -1.3357e-08
0.610268 1.82408 120 390 -4.44425e-07
0.611019 1.82408 120 390 -1.07899e-06
0.611769 1.82408 120 390 -1.96852e-06
0.612519 1.82408 120 390 -3.15664e-06
0.613269 1.82408 120 390 -4.59224e-06
0.614019 1.82408 120 390 -5.97513e-06
0.614769 1.82408 120 390 -6.71877e-06
0.615519 1.82408 120 390 -6.17657e-06
0.616269 1.82408 120 390 -4.23881e-06
0.61702 1.82408 120 390 -1.65669e-06
0.61777 1.82408 120 390 6.13707e-07
0.61852 1.82408 120 390 2.08794e-06
0.61927 1.82408 120 390 2.79902e-06
0.62002 1.82408 120 390 3.00418e-06
0.62077 1.82408 120 390 2.93185e-06
0.62152 1.82408 120 390 2.73835e-06
0.62227 1.82408 120 390 2.50502e-06
0.623021 1.82408 120 390 2.27722e-06
0.623771 1.82408 120 390 2.06714e-06
0.624521 1.82408 120 390 1.88456e-06
0.625271 1.82408 120 390 1.72865e-06
0.626021 1.82408 120 390 1.5955e-06
0.626771 1.82408 120 390 1.48314e-06
0.627521 1.82408 120 390 1.38853e-06
0.628271 1.82408 120 390 1.30848e-06
0.629022 1.82408 120 390 1.24054e-06
0.629772 1.82408 120 390 1.18271e-06
0.630522 1.82408 120 390 1.13389e-06
0.631272 1.82408 120 390 1.0923e-06
0.632022 1.82408 120 390 1.0567e-06
0.632772 1.82408 120 390 1.02662e-06
0.633522 1.82408 120 390 1.00095e-06
0.634272 1.82408 120 390 9.79272e-07
0.635023 1.82408 120 390 9.6099e-07
0.635773 1.82408 120 390 9.45494e-07
0.636523 1.82408 120 390 9.32624e-07
0.637273 1.82408 120 390 9.22053e-07
0.638023 1.82408 120 390 9.13357e-07
0.638773 1.82408 120 390 9.06821e-07
0.639523 1.82408 120 390 9.01618e-07
0.640273 1.82408 120 390 8.97911e-07
0.641024 1.82408 120 390 8.95495e-07
0.641774 1.82408 120 390 8.94307e-07
0.642524 1.82408 120 390 8.94175e-07
0.643274 1.82408 120 390 8.95175e-07
0.644024 1.82408 120 390 8.97087e-07
0.644774 1.82408 120 390 8.99943e-07
0.645524 1.82408 120 390 9.03693e-07
0.646274 1.82408 120 390 9.08334e-07
0.647025 1.82408 120 390 9.1376e-07
0.647775 1.82408 120 390 9.19979e-07
0.648525 1.82408 120 390 9.26789e-07
0.649275 1.82408 120 390 9.34544e-07
0.650025 1.82408 120 390 9.43051e-07
0.650775 1.82408 120 390 9.52353e-07
0.651525 1.82408 120 390 9.62417e-07
0.652275 1.82408 120 390 9.7328e-07
0.653026 1.82408 120 390 9.84921e-07
0.653776 1.82408 120 390 9.97358e-07
0.654526 1.82408 120 390 1.01063e-06
0.655276 1.82408 120 390 1.02475e-06
0.656026 1.82408 120 390 1.03976e-06
0.656776 1.82408 120 390 1.0557e-06
0.657526 1.82408 120 390 1.0726e-06
0.658276 1.82408 120 390 1.09052e-06
0.659027 1.82408 120 390 1.10947e-06
0.659777 1.82408 120 390 1.12959e-06
0.660527 1.82408 120 390 1.15083e-06
0.661277 1.82408 120 390 1.17331e-06
0.662027 1.82408 120 390 1.19645e-06
0.662777 1.82408 120 390 1.22163e-06
0.663527 1.82408 120 390 1.2483e-06
0.664277 1.82408 120 390 1.27657e-06
0.665028 1.82408 120 390 1.30657e-06
0.665778 1.82408 120 390 1.33841e-06
0.666528 1.82408 120 390 1.37225e-06
0.667278 1.82408 120 390 1.40822e-06
0.668028 1.82408 120 390 1.44654e-06
0.668778 1.82408 120 390 1.48739e-06
0.669528 1.82408 120 390 1.53099e-06
0.670278 1.82408 120 390 1.57758e-06
0.671029 1.82408 120 390 1.62745e-06
0.671779 1.82408 120 390 1.68091e-06
0.672529 1.82408 120 390 1.73831e-06
0.673279 1.82408 120 390 1.80006e-06
0.674029 1.82408 120 390 1.86664e-06
0.674779 1.82408 120 390 1.93857e-06
0.675529 1.82408 120 390 2.01643e-06
0.676279 1.82408 120 390 2.09896e-06
0.67703 1.82408 120 390 2.19075e-06
0.67778 1.82408 120 390 2.29082e-06
0.67853 1.82408 120 390 2.4003e-06
0.67928 1.82408 120 390 2.5204e-06
0.68003 1.82408 120 390 2.65259e-06
0.68078 1.82408 120 390 2.79861e-06
0.68153 1.82408 120 390 2.96039e-06
0.68228 1.82408 120 390 3.14044e-06
0.683031 1.82408 120 390 3.34168e-06
0.683781 1.82408 120 390 3.5677e-06
0.684531 1.82408 120 390 3.82255e-06
0.685281 1.82408 120 390 4.11152e-06
0.686031 1.82408 120 390 4.44111e-06
0.686781 1.82408 120 390 4.81922e-06
0.687531 1.82408 120 390 5.25572e-06
0.688281 1.82408 120 390 5.76325e-06
0.689032 1.82408 120 390 6.35786e-06
0.689782 1.82408 120 390 7.0601e-06
0.690532 1.82408 120 390 7.89693e-06
0.691282 1.82408 120 390 8.88727e-06
0.692032 1.82408 120 390 1.0107e-05
0.692782 1.82408 120 390 1.1604e-05
0.693532 1.82408 120 390 1.3461e-05
0.694282 1.82408 120 390 1.57886e-05
0.695033 1.82408 120 390 1.87319e-05
0.695783 1.82408 120 390 2.24758e-05
0.696533 1.82408 120 390 2.72362e-05
0.697283 1.82408 120 390 3.32142e-05
0.698033 1.82408 120 390 4.04588e-05
0.698783 1.82408 120 390 4.85851e-05
0.699533 1.82408 120 390 5.63716e-05
0.700283 1.82408 120 390 6.16884e-05
0.701034 1.82408 120 390 6.24696e-05
0.701784 1.82408 120 390 5.83747e-05
0.702534 1.82408 120 390 5.11126e-05
0.703284 1.82408 120 390 4.29577e-05
0.704034 1.82408 120 390 3.54251e-05
0.704784 1.82408 120 390 2.91111e-05
0.705534 1.82408 120 390 2.40564e-05
0.706284 1.82408 120 390 2.01142e-05
0.707035 1.82408 120 390 1.6999e-05
0.707785 1.82408 120 390 1.45542e-05
0.708535 1.82408 120 390 1.2622e-05
0.709285 1.82408 120 390 1.10815e-05
0.710035 1.82408 120 390 9.84248e-06
0.710785 1.82408 120 390 8.83759e-06
0.711535 1.82408 120 390 8.01603e-06
0.712285 1.82408 120 390 7.33983e-06
0.713036 1.82408 120 390 6.78025e-06
0.713786 1.82408 120 390 6.31515e-06
0.714536 1.82408 120 390 5.9274e-06
0.715286 1.82408 120 390 5.60373e-06
0.716036 1.82408 120 390 5.33369e-06
0.716786 1.82408 120 390 5.10899e-06
0.717536 1.82408 120 390 4.92308e-06
0.718286 1.82408 120 390 4.77049e-06
0.719037 1.82408 120 390 4.6473e-06
0.719787 1.82408 120 390 4.55e-06
0.720537 1.82408 120 390 4.47581e-06
0.721287 1.82408 120 390 4.42257e-06
0.722037 1.82408 120 390 4.3885e-06
0.722787 1.82408 120 390 4.37198e-06
0.723537 1.82408 120 390 4.37251e-06
0.724287 1.82408 120 390 4.38906e-06
0.725038 1.82408 120 390 4.42106e-06
0.725788 1.82408 120 390 4.46826e-06
0.726538 1.82408 120 390 4.53043e-06
0.727288 1.82408 120 390 4.60777e-06
0.728038 1.82408 120 390 4.70041e-06
0.728788 1.82408 120 390 4.80893e-06
0.729538 1.82408 120 390 4.93385e-06
0.730288 1.82408 120 390 5.0761e-06
0.731039 1.82408 120 390 5.23639e-06
0.731789 1.82408 120 390 5.41644e-06
0.732539 1.82408 120 390 5.61758e-06
0.733289 1.82408 120 390 5.84173e-06
0.734039 1.82408 120 390 6.09087e-06
0.734789 1.82408 120 390 6.36746e-06
0.735539 1.82408 120 390 6.67451e-06
0.736289 1.82408 120 390 7.01528e-06
0.73704 1.82408 120 390 7.39405e-06
0.73779 1.82408 120 390 7.81529e-06
0.73854 1.82408 120 390 8.28463e-06
0.73929 1.82408 120 390 8.80825e-06
0.74004 1.82408 120 390 9.39477e-06
0.74079 1.82408 120 390 1.00528e-05
0.74154 1.82408 120 390 1.07936e-05
0.74229 1.82408 120 390 1.16308e-05
0.743041 1.82408 120 390 1.25797e-05
0.743791 1.82408 120 390 1.36609e-05
0.744541 1.82408 120 390 1.48966e-05
0.745291 1.82408 120 390 1.63182e-05
0.746041 1.82408 120 390 1.79622e-05
0.746791 1.82408 120 390 1.98738e-05
0.747541 1.82408 120 390 2.21103e-05
0.748291 1.82408 120 390 2.47449e-05
0.749042 1.82408 120 390 2.78687e-05
0.749792 1.82408 120 390 3.16009e-05
0.750542 1.82408 120 390 3.6091e-05
0.751292 1.82408 120 390 4.15303e-05
0.752042 1.82408 120 390 4.81604e-05
0.752792 1.82408 120 390 5.62803e-05
0.753542 1.82408 120 390 6.62366e-05
0.754292 1.82408 120 390 7.84043e-05
0.755043 1.82408 120 390 9.30772e-05
0.755793 1.82408 120 390 0.000110267
0.756543 1.82408 120 390 0.000129336
0.757293 1.82408 120 390 0.000148461
0.758043 1.82408 120 390 0.000164418
0.758793 1.82408 120 390 0.000173261
0.759543 1.82408 120 390 0.00017225
0.760293 1.82408 120 390 0.000161706
0.761044 1.82408 120 390 0.000144773
0.761794 1.82408 120 390 0.000125398
0.762544 1.82408 120 390 0.000106551
0.763294 1.82408 120 390 8.97849e-05
0.764044 1.82408 120 390 7.55828e-05
0.764794 1.82408 120 390 6.38501e-05
0.765544 1.82408 120 390 5.4265e-05
0.766294 1.82408 120 390 4.64528e-05
0.767045 1.82408 120 390 4.00713e-05
0.767795 1.82408 120 390 3.48327e-05
0.768545 1.82408 120 390 3.05037e-05
0.769295 1.82408 120 390 2.69015e-05
0.770045 1.82408 120 390 2.38819e-05
0.770795 1.82408 120 390 2.13319e-05
0.771545 1.82408 120 390 1.91637e-05
0.772295 1.82408 120 390 1.73078e-05
0.773046 1.82408 120 390 1.57091e-05
0.773796 1.82408 120 390 1.43248e-05
0.774546 1.82408 120 390 1.31182e-05
0.775296 1.82408 120 390 1.20598e-05
0.776046 1.82408 120 390 1.11297e-05
0.776796 1.82408 120 390 1.03076e-05
0.777546 1.82408 120 390 9.57778e-06
0.778296 1.82408 120 390 8.92741e-06
0.779047 1.82408 120 390 8.34582e-06
0.779797 1.82408 120 390 7.82395e-06
0.780547 1.82408 120 390 7.35418e-06
0.781297 1.82408 120 390 6.93014e-06
0.782047 1.82408 120 390 6.54637e-06
0.782797 1.82408 120 390 6.19823e-06
0.783547 1.82408 120 390 5.88168e-06
0.784297 1.82408 120 390 5.59336e-06
0.785048 1.82408 120 390 5.3303e-06
0.785798 1.82408 120 390 5.08977e-06
0.786548 1.82408 120 390 4.86969e-06
0.787298 1.82408 120 390 4.66807e-06
0.788048 1.82408 120 390 4.4832e-06
0.788798 1.82408 120 390 4.31378e-06
0.789548 1.82408 120 390 4.15812e-06
0.790298 1.82408 120 390 4.01526e-06
0.791049 1.82408 120 390 3.88418e-06
0.791799 1.82408 120 390 3.76407e-06
0.792549 1.82408 120 390 3.65411e-06
0.793299 1.82408 120 390 3.55368e-06
0.794049 1.82408 120 390 3.46211e-06
0.794799 1.82408 120 390 3.3783e-06
0.795549 1.82408 120 390 3.30308e-06
0.796299 1.82408 120 390 3.23548e-06
0.79705 1.82408 120 390 3.17509e-06
0.7978 1.82408 120 390 3.12173e-06
0.79855 1.82408 120 390 3.07518e-06
0.7993 1.82408 120 390 3.03533e-06
0.80005 1.82408 120 390 3.00204e-06
0.8008 1.82408 120 390 2.97529e-06
0.80155 1.82408 120 390 2.95507e-06
0.8023 1.82408 120 390 2.94156e-06
0.803051 1.82408 120 390 2.93479e-06
0.803801 1.82408 120 390 2.935e-06
0.804551 1.82408 120 390 2.94253e-06
0.805301 1.82408 120 390 2.95755e-06
0.806051 1.82408 120 390 2.98054e-06
0.806801 1.82408 120 390 3.01208e-06
0.807551 1.82408 120 390 3.05282e-06
0.808301 1.82408 120 390 3.10348e-06
0.809052 1.82408 120 390 3.16501e-06
0.809802 1.82408 120 390 3.23845e-06
0.810552 1.82408 120 390 3.32513e-06
0.811302 1.82408 120 390 3.42658e-06
0.812052 1.82408 120 390 3.54469e-06
0.812802 1.82408 120 390 3.68159e-06
0.813552 1.82408 120 390 3.84002e-06
0.814302 1.82408 120 390 4.02312e-06
0.815053 1.82408 120 390 4.2336e-06
0.815803 1.82408 120 390 4.47829e-06
0.816553 1.82408 120 390 4.76183e-06
0.817303 1.82408 120 390 5.09114e-06
0.818053 1.82408 120 390 5.4748e-06
0.818803 1.82408 120 390 5.92333e-06
0.819553 1.82408 120 390 6.45003e-06
0.820303 1.82408 120 390 7.07101e-06
0.821054 1.82408 120 390 7.80694e-06
0.821804 1.82408 120 390 8.68314e-06
0.822554 1.82408 120 390 9.73149e-06
0.823304 1.82408 120 390 1.09909e-05
0.824054 1.82408 120 390 1.25081e-05
0.824804 1.82408 120 390 1.43369e-05
0.825554 1.82408 120 390 1.65344e-05
0.826304 1.82408 120 390 1.91501e-05
0.827055 1.82408 120 390 2.22022e-05
0.827805 1.82408 120 390 2.56374e-05
0.828555 1.82408 120 390 2.92704e-05
0.829305 1.82408 120 390 3.27259e-05
0.830055 1.82408 120 390 3.54459e-05
0.830805 1.82408 120 390 3.68351e-05
0.831555 1.82408 120 390 3.65326e-05
0.832305 1.82408 120 390 3.46212e-05
0.833056 1.82408 120 390 3.15737e-05
0.833806 1.82408 120 390 2.7998e-05
0.834556 1.82408 120 390 2.43947e-05
0.835306 1.82408 120 390 2.10671e-05
0.836056 1.82408 120 390 1.81482e-05
0.836806 1.82408 120 390 1.56649e-05
0.837556 1.82408 120 390 1.35763e-05
0.838306 1.82408 120 390 1.18351e-05
0.839057 1.82408 120 390 1.0384e-05
0.839807 1.82408 120 390 9.17239e-06
0.840557 1.82408 120 390 8.15651e-06
0.841307 1.82408 120 390 7.30031e-06
0.842057 1.82408 120 390 6.57452e-06
0.842807 1.82408 120 390 5.95546e-06
0.843557 1.82408 120 390 5.42412e-06
0.844307 1.82408 120 390 4.96543e-06
0.845058 1.82408 120 390 4.56714e-06
0.845808 1.82408 120 390 4.2195e-06
0.846558 1.82408 120 390 3.91447e-06
0.847308 1.82408 120 390 3.64541e-06
0.848058 1.82408 120 390 3.40705e-06
0.848808 1.82408 120 390 3.19484e-06
0.849558 1.82408 120 390 3.00527e-06
0.850308 1.82408 120 390 2.8351e-06
0.851059 1.82408 120 390 2.68191e-06
0.851809 1.82408 120 390 2.54343e-06
0.852559 1.82408 120 390 2.41787e-06
0.853309 1.82408 120 390 2.30354e-06
0.854059 1.82408 120 390 2.19928e-06
0.854809 1.82408 120 390 2.10378e-06
0.855559 1.82408 120 390 2.01657e-06
0.856309 1.82408 120 390 1.93594e-06
0.85706 1.82408 120 390 1.8615e-06
0.85781 1.82408 120 390 1.79264e-06
0.85856 1.82408 120 390 1.72882e-06
0.85931 1.82408 120 390 1.66896e-06
0.86006 1.82408 120 390 1.61356e-06
0.86081 1.82408 120 390 1.56175e-06
0.86156 1.82408 120 390 1.51324e-06
0.86231 1.82408 120 390 1.46761e-06
0.863061 1.82408 120 390 1.42455e-06
0.863811 1.82408 120 390 1.38387e-06
0.864561 1.82408 120 390 1.34538e-06
0.865311 1.82408 120 390 1.30862e-06
0.866061 1.82408 120 390 1.27321e-06
0.866811 1.82408 120 390 1.23932e-06
0.867561 1.82408 120 390 1.2065e-06
0.868311 1.82408 120 390 1.17441e-06
0.869062 1.82408 120 390 1.14269e-06
0.869812 1.82408 120 390 1.11124e-06
0.870562 1.82408 120 390 1.07937e-06
0.871312 1.82408 120 390 1.04705e-06
0.872062 1.82408 120 390 1.01388e-06
0.872812 1.82408 120 390 9.7886e-07
0.873562 1.82408 120 390 9.41354e-07
0.874312 1.82408 120 390 9.02123e-07
0.875063 1.82408 120 390 8.57556e-07
0.875813 1.82408 120 390 8.07286e-07
0.876563 1.82408 120 390 7.49926e-07
0.877313 1.82408 120 390 6.83296e-07
0.878063 1.82408 120 390 6.05177e-07
0.878813 1.82408 120 390 5.10892e-07
0.879563 1.82408 120 390 3.9779e-07
0.880313 1.82408 120 390 2.60465e-07
0.881064 1.82408 120 390 9.4012e-08
0.881814 1.82408 120 390 -1.07361e-07
0.882564 1.82408 120 390 -3.48556e-07
0.883314 1.82408 120 390 -6.29653e-07
0.884064 1.82408 120 390 -9.37983e-07
0.884814 1.82408 120 390 -1.24746e-06
0.885564 1.82408 120 390 -1.50529e-06
0.886314 1.82408 120 390 -1.64147e-06
0.887065 1.82408 120 390 -1.56459e-06
0.887815 1.82408 120 390 -1.22159e-06
0.888565 1.82408 120 390 -6.33958e-07
0.889315 1.82408 120 390 8.998e-08
0.890065 1.82408 120 390 7.94288e-07
0.890815 1.82408 120 390 1.35755e-06
0.891565 1.82408 120 390 1.7291e-06
0.892315 1.82408 120 390 1.91917e-06
0.893066 1.82408 120 390 1.97486e-06
0.893816 1.82408 120 390 1.9452e-06
0.894566 1.82408 120 390 1.86465e-06
0.895316 1.82408 120 390 1.76328e-06
0.896066 1.82408 120 390 1.65656e-06
0.896816 1.82408 120 390 1.55341e-06
0.897566 1.82408 120 390 1.45834e-06
0.898316 1.82408 120 390 1.37356e-06
0.899067 1.82408 120 390 1.29862e-06
0.899817 1.82408 120 390 1.23312e-06
0.900567 1.82408 120 390 1.17606e-06
0.901317 1.82408 120 390 1.12631e-06
0.902067 1.82408 120 390 1.08296e-06
0.902817 1.82408 120 390 1.04529e-06
0.903567 1.82408 120 390 1.01228e-06
0.904317 1.82408 120 390 9.83422e-07
0.905068 1.82408 120 390 9.58318e-07
0.905818 1.82408 120 390 9.3637e-07
0.906568 1.82408 120 390 9.17019e-07
0.907318 1.82408 120 390 8.99967e-07
0.908068 1.82408 120 390 8.8487e-07
0.908818 1.82408 120 390 8.71655e-07
0.909568 1.82408 120 390 8.59945e-07
0.910318 1.82408 120 390 8.49597e-07
0.911069 1.82408 120 390 8.40471e-07
0.911819 1.82408 120 390 8.32476e-07
0.912569 1.82408 120 390 8.25395e-07
0.913319 1.82408 120 390 8.19176e-07
0.914069 1.82408 120 390 8.14381e-07
0.914819 1.82408 120 390 8.09706e-07
0.915569 1.82408 120 390 8.05653e-07
0.916319 1.82408 120 390 8.02192e-07
0.91707 1.82408 120 390 7.9929e-07
0.91782 1.82408 120 390 7.96898e-07
0.91857 1.82408 120 390 7.95021e-07
0.91932 1.82408 120 390 7.93578e-07
0.92007 1.82408 120 390 7.92545e-07
0.92082 1.82408 120 390 7.91912e-07
0.92157 1.82408 120 390 7.91644e-07
0.92232 1.82408 120 390 7.91721e-07
0.923071 1.82408 120 390 7.92166e-07
0.923821 1.82408 120 390 7.92943e-07
0.924571 1.82408 120 390 7.94022e-07
0.925321 1.82408 120 390 7.95406e-07
0.926071 1.82408 120 390 7.97086e-07
0.926821 1.82408 120 390 7.99072e-07
0.927571 1.82408 120 390 8.01338e-07
0.928321 1.82408 120 390 8.0388e-07
0.929072 1.82408 120 390 8.06696e-07
0.929822 1.82408 120 390 8.09787e-07
0.930572 1.82408 120 390 8.13151e-07
0.931322 1.82408 120 390 8.1678e-07
0.932072 1.82408 120 390 8.20678e-07
0.932822 1.82408 120 390 8.24845e-07
0.933572 1.82408 120 390 8.29273e-07
0.934322 1.82408 120 390 8.33973e-07
0.935073 1.82408 120 390 8.39342e-07
0.935823 1.82408 120 390 8.44581e-07
0.936573 1.82408 120 390 8.50091e-07
0.937323 1.82408 120 390 8.55877e-07
0.938073 1.82408 120 390 8.61947e-07
0.938823 1.82408 120 390 8.68305e-07
0.939573 1.82408 120 390 8.74952e-07
0.940323 1.82408 120 390 8.81893e-07
0.941074 1.82408 120 390 8.89134e-07
0.941824 1.82408 120 390 8.96675e-07
0.942574 1.82408 120 390 9.04531e-07
0.943324 1.82408 120 390 9.12704e-07
0.944074 1.82408 120 390 9.21197e-07
0.944824 1.82408 120 390 9.30019e-07
0.945574 1.82408 120 390 9.39177e-07
0.946324 1.82408 120 390 9.48675e-07
0.947075 1.82408 120 390 9.58522e-07
0.947825 1.82408 120 390 9.6872e-07
0.948575 1.82408 120 390 9.79276e-07
0.949325 1.82408 120 390 9.90199e-07
0.950075 1.82408 120 390 1.00149e-06
0.950825 1.82408 120 390 1.01315e-06
0.951575 1.82408 120 390 1.02518e-06
0.952325 1.82408 120 390 1.03759e-06
0.953076 1.82408 120 390 1.05035e-06
0.953826 1.82408 120 390 1.06347e-06
0.954576 1.82408 120 390 1.07692e-06
0.955326 1.82408 120 390 1.09071e-06
0.956076 1.82408 120 390 1.10478e-06
0.956826 1.82408 120 390 1.11909e-06
0.957576 1.82408 120 390 1.13358e-06
0.958326 1.82408 120 390 1.14819e-06
0.959077 1.82408 120 390 1.16282e-06
0.959827 1.82408 120 390 1.17734e-06
0.960577 1.82408 120 390 1.19158e-06
0.961327 1.82408 120 390 1.20532e-06
0.962077 1.82408 120 390 1.21827e-06
0.962827 1.82408 120 390 1.22883e-06
0.963577 1.82408 120 390 1.23853e-06
0.964327 1.82408 120 390 1.24591e-06
0.965078 1.82408 120 390 1.25019e-06
0.965828 1.82408 120 390 1.25047e-06
0.966578 1.82408 120 390 1.24571e-06
0.967328 1.82408 120 390 1.23461e-06
0.968078 1.82408 120 390 1.21609e-06
0.968828 1.82408 120 390 1.18922e-06
0.969578 1.82408 120 390 1.15398e-06
0.970328 1.82408 120 390 1.11196e-06
0.971079 1.82408 120 390 1.06755e-06
0.971829 1.82408 120 390 1.02937e-06
0.972579 1.82408 120 390 1.01055e-06
0.973329 1.82408 120 390 1.02758e-06
0.974079 1.82408 120 390 1.09615e-06
0.974829 1.82408 120 390 1.22378e-06
0.975579 1.82408 120 390 1.4041e-06
0.976329 1.82408 120 390 1.61697e-06
0.97708 1.82408 120 390 1.8358e-06
0.97783 1.82408 120 390 2.03734e-06
0.97858 1.82408 120 390 2.20849e-06
0.97933 1.82408 120 390 2.34696e-06
0.98008 1.82408 120 390 2.4572e-06
0.98083 1.82408 120 390 2.54701e-06
0.98158 1.82408 120 390 2.62423e-06
0.98233 1.82408 120 390 2.69547e-06
0.983081 1.82408 120 390 2.76592e-06
0.983831 1.82408 120 390 2.83917e-06
0.984581 1.82408 120 390 2.91784e-06
0.985331 1.82408 120 390 3.00372e-06
0.986081 1.82408 120 390 3.09818e-06
0.986831 1.82408 120 390 3.20238e-06
0.987581 1.82408 120 390 3.31726e-06
0.988331 1.82408 120 390 3.44382e-06
0.989082 1.82408 120 390 3.5831e-06
0.989832 1.82408 120 390 3.7363e-06
0.990582 1.82408 120 390 3.90472e-06
0.991332 1.82408 120 390 4.08996e-06
0.992082 1.82408 120 390 4.2938e-06
0.992832 1.82408 120 390 4.51836e-06
0.993582 1.82408 120 390 4.76821e-06
0.994332 1.82408 120 390 5.04186e-06
0.995083 1.82408 120 390 5.34509e-06
0.995833 1.82408 120 390 5.68187e-06
0.996583 1.82408 120 390 6.05702e-06
0.997333 1.82408 120 390 6.47616e-06
0.998083 1.82408 120 390 6.9459e-06
0.998833 1.82408 120 390 7.47405e-06
0.999583 1.82408 120 390 8.06997e-06
1.00033 1.82408 120 390 8.7447e-06
1.00108 1.82408 120 390 9.5112e-06
1.00183 1.82408 120 390 1.03846e-05
1.00258 1.82408 120 390 1.13828e-05
1.00333 1.82408 120 390 1.25259e-05
1.00408 1.82408 120 390 1.38364e-05
1.00483 1.82408 120 390 1.53381e-05
1.00558 1.82408 120 390 1.7054e-05
1.00633 1.82408 120 390 1.90036e-05
1.00708 1.82408 120 390 2.11944e-05
1.00783 1.82408 120 390 2.36136e-05
1.00858 1.82408 120 390 2.62128e-05
1.00933 1.82408 120 390 2.88927e-05
1.01009 1.82408 120 390 3.14907e-05
1.01084 1.82408 120 390 3.37826e-05
1.01159 1.82408 120 390 3.55134e-05
1.01234 1.82408 120 390 3.64561e-05
1.01309 1.82408 120 390 3.64826e-05
1.01384 1.82408 120 390 3.56113e-05
1.01459 1.82408 120 390 3.39989e-05
1.01534 1.82408 120 390 3.18861e-05
1.01609 1.82408 120 390 2.9526e-05
1.01684 1.82408 120 390 2.71316e-05
1.01759 1.82408 120 390 2.48532e-05
1.01834 1.82408 120 390 2.27804e-05
1.01909 1.82408 120 390 2.09556e-05
1.01984 1.82408 120 390 1.93891e-05
1.02059 1.82408 120 390 1.80733e-05
1.02134 1.82408 120 390 1.69914e-05
1.02209 1.82408 120 390 1.61237e-05
1.02284 1.82408 120 390 1.54507e-05
1.02359 1.82408 120 390 1.49551e-05
1.02434 1.82408 120 390 1.46229e-05
1.02509 1.82408 120 390 1.44447e-05
1.02584 1.82408 120 390 1.44104e-05
1.02659 1.82408 120 390 1.45178e-05
1.02734 1.82408 120 390 1.47669e-05
1.02809 1.82408 120 390 1.5161e-05
1.02884 1.82408 120 390 1.57073e-05
1.02959 1.82408 120 390 1.64171e-05
1.03034 1.82408 120 390 1.7306e-05
1.03109 1.82408 120 390 1.83896e-05
1.03184 1.82408 120 390 1.97034e-05
1.03259 1.82408 120 390 2.12756e-05
1.03334 1.82408 120 390 2.31454e-05
1.03409 1.82408 120 390 2.53604e-05
1.03484 1.82408 120 390 2.7976e-05
1.03559 1.82408 120 390 3.10534e-05
1.03634 1.82408 120 390 3.46565e-05
1.03709 1.82408 120 390 3.88444e-05
1.03784 1.82408 120 390 4.3657e-05
1.03859 1.82408 120 390 4.90883e-05
1.03934 1.82408 120 390 5.50488e-05
1.04009 1.82408 120 390 6.13173e-05
1.04084 1.82408 120 390 6.74926e-05
1.04159 1.82408 120 390 7.29887e-05
1.04234 1.82408 120 390 7.70933e-05
1.04309 1.82408 120 390 7.91487e-05
1.04384 1.82408 120 390 7.87759e-05
1.04459 1.82408 120 390 7.60283e-05
1.04534 1.82408 120 390 7.137e-05
1.04609 1.82408 120 390 6.54927e-05
1.04684 1.82408 120 390 5.90918e-05
1.04759 1.82408 120 390 5.27117e-05
1.04834 1.82408 120 390 4.67069e-05
1.04909 1.82408 120 390 4.12629e-05
1.04984 1.82408 120 390 3.64418e-05
1.05059 1.82408 120 390 3.22331e-05
1.05134 1.82408 120 390 2.85897e-05
1.05209 1.82408 120 390 2.5448e-05
1.05284 1.82408 120 390 2.27409e-05
1.05359 1.82408 120 390 2.04065e-05
1.05434 1.82408 120 390 1.83889e-05
1.05509 1.82408 120 390 1.66398e-05
1.05584 1.82408 120 390 1.51182e-05
1.05659 1.82408 120 390 1.37891e-05
1.05734 1.82408 120 390 1.26237e-05
1.05809 1.82408 120 390 1.15998e-05
1.05884 1.82408 120 390 1.06927e-05
1.05959 1.82408 120 390 9.88768e-06
1.06034 1.82408 120 390 9.17094e-06
1.06109 1.82408 120 390 8.5304e-06
1.06184 1.82408 120 390 7.95589e-06
1.06259 1.82408 120 390 7.43889e-06
1.06334 1.82408 120 390 6.97219e-06
1.06409 1.82408 120 390 6.54959e-06
1.06484 1.82408 120 390 6.16585e-06
1.06559 1.82408 120 390 5.81644e-06
1.06634 1.82408 120 390 5.49737e-06
1.06709 1.82408 120 390 5.20536e-06
1.06784 1.82408 120 390 4.93753e-06
1.06859 1.82408 120 390 4.6912e-06
1.06934 1.82408 120 390 4.46421e-06
1.0701 1.82408 120 390 4.25463e-06
1.07085 1.82408 120 390 4.06074e-06
1.0716 1.82408 120 390 3.88106e-06
1.07235 1.82408 120 390 3.71425e-06
1.0731 1.82408 120 390 3.55906e-06
1.07385 1.82408 120 390 3.4145e-06
1.0746 1.82408 120 390 3.27962e-06
1.07535 1.82408 120 390 3.15366e-06
1.0761 1.82408 120 390 3.03574e-06
1.07685 1.82408 120 390 2.92526e-06
1.0776 1.82408 120 390 2.82162e-06
1.07835 1.82408 120 390 2.72428e-06
1.0791 1.82408 120 390 2.63273e-06
1.07985 1.82408 120 390 2.54654e-06
1.0806 1.82408 120 390 2.46531e-06
1.08135 1.82408 120 390 2.38872e-06
1.0821 1.82408 120 390 2.31634e-06
1.08285 1.82408 120 390 2.24796e-06
1.0836 1.82408 120 390 2.18327e-06
1.08435 1.82408 120 390 2.12199e-06
1.0851 1.82408 120 390 2.06393e-06
1.08585 1.82408 120 390 2.00891e-06
1.0866 1.82408 120 390 1.95676e-06
1.08735 1.82408 120 390 1.90708e-06
1.0881 1.82408 120 390 1.85991e-06
1.08885 1.82408 120 390 1.815e-06
1.0896 1.82408 120 390 1.77225e-06
1.09035 1.82408 120 390 1.73152e-06
1.0911 1.82408 120 390 1.69271e-06
1.09185 1.82408 120 390 1.65573e-06
1.0926 1.82408 120 390 1.62042e-06
1.09335 1.82408 120 390 1.58675e-06
1.0941 1.82408 120 390 1.55452e-06
1.09485 1.82408 120 390 1.52372e-06
1.0956 1.82408 120 390 1.49425e-06
1.09635 1.82408 120 390 1.4667e-06
1.0971 1.82408 120 390 1.43964e-06
1.09785 1.82408 120 390 1.41367e-06
1.0986 1.82408 120 390 1.3887e-06
1.09935 1.82408 120 390 1.36472e-06
1.1001 1.82408 120 390 1.34159e-06
1.10085 1.82408 120 390 1.31928e-06
1.1016 1.82408 120 390 1.29765e-06
1.10235 1.82408 120 390 1.27675e-06
1.1031 1.82408 120 390 1.25633e-06
1.10385 1.82408 120 390 1.23638e-06
1.1046 1.82408 120 390 1.21687e-06
1.10535 1.82408 120 390 1.19761e-06
1.1061 1.82408 120 390 1.17851e-06
1.10685 1.82408 120 390 1.15933e-06
1.1076 1.82408 120 390 1.13996e-06
1.10835 1.82408 120 390 1.12023e-06
1.1091 1.82408 120 390 1.09978e-06
1.10985 1.82408 120 390 1.07856e-06
1.1106 1.82408 120 390 1.05602e-06
1.11135 1.82408 120 390 1.03163e-06
1.1121 1.82408 120 390 1.00487e-06
1.11285 1.82408 120 390 9.75167e-07
1.1136 1.82408 120 390 9.41777e-07
1.11435 1.82408 120 390 9.03674e-07
1.1151 1.82408 120 390 8.59829e-07
1.11585 1.82408 120 390 8.08732e-07
1.1166 1.82408 120 390 7.49045e-07
1.11735 1.82408 120 390 6.79291e-07
1.1181 1.82408 120 390 5.98014e-07
1.11885 1.82408 120 390 5.04287e-07
1.1196 1.82408 120 390 3.98837e-07
1.12035 1.82408 120 390 2.82794e-07
1.1211 1.82408 120 390 1.6174e-07
1.12185 1.82408 120 390 4.52902e-08
1.1226 1.82408 120 390 -5.199e-08
1.12335 1.82408 120 390 -1.11947e-07
1.1241 1.82408 120 390 -1.16185e-07
1.12485 1.82408 120 390 -5.11241e-08
1.1256 1.82408 120 390 8.38645e-08
1.12635 1.82408 120 390 2.74522e-07
1.1271 1.82408 120 390 4.93721e-07
1.12785 1.82408 120 390 7.12347e-07
1.1286 1.82408 120 390 9.05094e-07
1.12935 1.82408 120 390 1.05807e-06
1.13011 1.82408 120 390 1.16669e-06
1.13086 1.82408 120 390 1.23623e-06
1.13161 1.82408 120 390 1.27342e-06
1.13236 1.82408 120 390 1.28631e-06
1.13311 1.82408 120 390 1.28303e-06
1.13386 1.82408 120 390 1.26917e-06
1.13461 1.82408 120 390 1.24925e-06
1.13536 1.82408 120 390 1.23098e-06
1.13611 1.82408 120 390 1.20694e-06
1.13686 1.82408 120 390 1.18324e-06
1.13761 1.82408 120 390 1.16066e-06
1.13836 1.82408 120 390 1.13965e-06
1.13911 1.82408 120 390 1.12045e-06
1.13986 1.82408 120 390 1.10304e-06
1.14061 1.82408 120 390 1.08751e-06
1.14136 1.82408 120 390 1.0737e-06
1.14211 1.82408 120 390 1.06146e-06
1.14286 1.82408 120 390 1.05073e-06
1.14361 1.82408 120 390 1.04134e-06
1.14436 1.82408 120 390 1.03308e-06
1.14511 1.82408 120 390 1.02588e-06
1.14586 1.82408 120 390 1.01966e-06
1.14661 1.82408 120 390 1.01417e-06
1.14736 1.82408 120 390 1.00933e-06
1.14811 1.82408 120 390 1.0051e-06
1.14886 1.82408 120 390 1.0018e-06
1.14961 1.82408 120 390 9.98065e-07
1.15036 1.82408 120 390 9.94485e-07
1.15111 1.82408 120 390 9.90738e-07
1.15186 1.82408 120 390 9.86694e-07
1.15261 1.82408 120 390 9.82129e-07
1.15336 1.82408 120 390 9.76967e-07
1.15411 1.82408 120 390 9.70541e-07
1.15486 1.82408 120 390 9.62794e-07
1.15561 1.82408 120 390 9.53085e-07
1.15636 1.82408 120 390 9.4106e-07
1.15711 1.82408 120 390 9.26263e-07
1.15786 1.82408 120 390 9.07536e-07
1.15861 1.82408 120 390 8.84704e-07
1.15936 1.82408 120 390 8.5619e-07
1.16011 1.82408 120 390 8.20953e-07
1.16086 1.82408 120 390 7.77977e-07
1.16161 1.82408 120 390 7.26658e-07
1.16236 1.82408 120 390 6.65056e-07
1.16311 1.82408 120 390 5.92822e-07
1.16386 1.82408 120 390 5.103e-07
1.16461 1.82408 120 390 4.19734e-07
1.16536 1.82408 120 390 3.25565e-07
1.16611 1.82408 120 390 2.36194e-07
1.16686 1.82408 120 390 1.64568e-07
1.16761 1.82408 120 390 1.28419e-07
1.16836 1.82408 120 390 1.48141e-07
1.16911 1.82408 120 390 2.40955e-07
1.16986 1.82408 120 390 4.1649e-07
1.17061 1.82408 120 390 6.69307e-07
1.17136 1.82408 120 390 9.75619e-07
1.17211 1.82408 120 390 1.30041e-06
1.17286 1.82408 120 390 1.60721e-06
1.17361 1.82408 120 390 1.87076e-06
1.17436 1.82408 120 390 2.07792e-06
1.17511 1.82408 120 390 2.22961e-06
1.17586 1.82408 120 390 2.33468e-06
1.17661 1.82408 120 390 2.4044e-06
1.17736 1.82408 120 390 2.45221e-06
1.17811 1.82408 120 390 2.48603e-06
1.17886 1.82408 120 390 2.51459e-06
1.17961 1.82408 120 390 2.54334e-06
1.18036 1.82408 120 390 2.57594e-06
1.18111 1.82408 120 390 2.615e-06
1.18186 1.82408 120 390 2.66207e-06
1.18261 1.82408 120 390 2.72114e-06
1.18336 1.82408 120 390 2.787e-06
1.18411 1.82408 120 390 2.86351e-06
1.18486 1.82408 120 390 2.95118e-06
1.18561 1.82408 120 390 3.05065e-06
1.18636 1.82408 120 390 3.16258e-06
1.18711 1.82408 120 390 3.28789e-06
1.18786 1.82408 120 390 3.42751e-06
1.18861 1.82408 120 390 3.58272e-06
1.18936 1.82408 120 390 3.75491e-06
1.19012 1.82408 120 390 3.94575e-06
1.19087 1.82408 120 390 4.15708e-06
1.19162 1.82408 120 390 4.39126e-06
1.19237 1.82408 120 390 4.65092e-06
1.19312 1.82408 120 390 4.9392e-06
1.19387 1.82408 120 390 5.25973e-06
1.19462 1.82408 120 390 5.61669e-06
1.19537 1.82408 120 390 6.01505e-06
1.19612 1.82408 120 390 6.46052e-06
1.19687 1.82408 120 390 6.9598e-06
1.19762 1.82408 120 390 7.52066e-06
1.19837 1.82408 120 390 8.15206e-06
1.19912 1.82408 120 390 8.86435e-06
1.19987 1.82408 120 390 9.66931e-06
1.20062 1.82408 120 390 1.05802e-05
1.20137 1.82408 120 390 1.16118e-05
1.20212 1.82408 120 390 1.27795e-05
1.20287 1.82408 120 390 1.40994e-05
1.20362 1.82408 120 390 1.55859e-05
1.20437 1.82408 120 390 1.72498e-05
1.20512 1.82408 120 390 1.90941e-05
1.20587 1.82408 120 390 2.11081e-05
1.20662 1.82408 120 390 2.32605e-05
1.20737 1.82408 120 390 2.549e-05
1.20812 1.82408 120 390 2.76984e-05
1.20887 1.82408 120 390 2.9749e-05
1.20962 1.82408 120 390 3.14747e-05
1.21037 1.82408 120 390 3.2703e-05
1.21112 1.82408 120 390 3.32914e-05
1.21187 1.82408 120 390 3.31659e-05
1.21262 1.82408 120 390 3.23429e-05
1.21337 1.82408 120 390 3.09239e-05
1.21412 1.82408 120 390 2.90669e-05
1.21487 1.82408 120 390 2.69468e-05
1.21562 1.82408 120 390 2.47222e-05
1.21637 1.82408 120 390 2.25173e-05
1.21712 1.82408 120 390 2.04167e-05
1.21787 1.82408 120 390 1.84704e-05
1.21862 1.82408 120 390 1.6701e-05
1.21937 1.82408 120 390 1.51148e-05
1.22012 1.82408 120 390 1.37046e-05
1.22087 1.82408 120 390 1.24579e-05
1.22162 1.82408 120 390 1.13596e-05
1.22237 1.82408 120 390 1.0395e-05
1.22312 1.82408 120 390 9.54596e-06
1.22387 1.82408 120 390 8.79993e-06
1.22462 1.82408 120 390 8.14427e-06
1.22537 1.82408 120 390 7.56793e-06
1.22612 1.82408 120 390 7.06124e-06
1.22687 1.82408 120 390 6.61593e-06
1.22762 1.82408 120 390 6.225e-06
1.22837 1.82408 120 390 5.88253e-06
1.22912 1.82408 120 390 5.58348e-06
1.22987 1.82408 120 390 5.32376e-06
1.23062 1.82408 120 390 5.10001e-06
1.23137 1.82408 120 390 4.90948e-06
1.23212 1.82408 120 390 4.75006e-06
1.23287 1.82408 120 390 4.6201e-06
1.23362 1.82408 120 390 4.51841e-06
1.23437 1.82408 120 390 4.44413e-06
1.23512 1.82408 120 390 4.39668e-06
1.23587 1.82408 120 390 4.37553e-06
1.23662 1.82408 120 390 4.38006e-06
1.23737 1.82408 120 390 4.40922e-06
1.23812 1.82408 120 390 4.46112e-06
1.23887 1.82408 120 390 4.53255e-06
1.23962 1.82408 120 390 4.61836e-06
1.24037 1.82408 120 390 4.71101e-06
1.24112 1.82408 120 390 4.80034e-06
1.24187 1.82408 120 390 4.87405e-06
1.24262 1.82408 120 390 4.91894e-06
1.24337 1.82408 120 390 4.9232e-06
1.24412 1.82408 120 390 4.87887e-06
1.24487 1.82408 120 390 4.78382e-06
1.24562 1.82408 120 390 4.64219e-06
1.24637 1.82408 120 390 4.46318e-06
1.24712 1.82408 120 390 4.25871e-06
1.24787 1.82408 120 390 4.04102e-06
1.24862 1.82408 120 390 3.82077e-06
1.24937 1.82408 120 390 3.60611e-06
1.25013 1.82408 120 390 3.40246e-06
1.25088 1.82408 120 390 3.2131e-06
1.25163 1.82408 120 390 3.03947e-06
1.25238 1.82408 120 390 2.88182e-06
1.25313 1.82408 120 390 2.73961e-06
1.25388 1.82408 120 390 2.61191e-06
1.25463 1.82408 120 390 2.49749e-06
1.25538 1.82408 120 390 2.39515e-06
1.25613 1.82408 120 390 2.30365e-06
1.25688 1.82408 120 390 2.22169e-06
1.25763 1.82408 120 390 2.14861e-06
1.25838 1.82408 120 390 2.08327e-06
1.25913 1.82408 120 390 2.02487e-06
1.25988 1.82408 120 390 1.97268e-06
1.26063 1.82408 120 390 1.92607e-06
1.26138 1.82408 120 390 1.88451e-06
1.26213 1.82408 120 390 1.84748e-06
1.26288 1.82408 120 390 1.81459e-06
1.26363 1.82408 120 390 1.78547e-06
1.26438 1.82408 120 390 1.75983e-06
1.26513 1.82408 120 390 1.73739e-06
1.26588 1.82408 120 390 1.71789e-06
1.26663 1.82408 120 390 1.70114e-06
1.26738 1.82408 120 390 1.68697e-06
1.26813 1.82408 120 390 1.67525e-06
1.26888 1.82408 120 390 1.6658e-06
1.26963 1.82408 120 390 1.65857e-06
1.27038 1.82408 120 390 1.65341e-06
1.27113 1.82408 120 390 1.65031e-06
1.27188 1.82408 120 390 1.64911e-06
1.27263 1.82408 120 390 1.64982e-06
1.27338 1.82408 120 390 1.65239e-06
1.27413 1.82408 120 390 1.65679e-06
1.27488 1.82408 120 390 1.66299e-06
1.27563 1.82408 120 390 1.67101e-06
1.27638 1.82408 120 390 1.68084e-06
1.27713 1.82408 120 390 1.69245e-06
1.27788 1.82408 120 390 1.70592e-06
1.27863 1.82408 120 390 1.72123e-06
1.27938 1.82408 120 390 1.73842e-06
1.28013 1.82408 120 390 1.75756e-06
1.28088 1.82408 120 390 1.77865e-06
1.28163 1.82408 120 390 1.80179e-06
1.28238 1.82408 120 390 1.82705e-06
1.28313 1.82408 120 390 1.8545e-06
1.28388 1.82408 120 390 1.88422e-06
1.28463 1.82408 120 390 1.91635e-06
1.28538 1.82408 120 390 1.95096e-06
1.28613 1.82408 120 390 1.9882e-06
1.28688 1.82408 120 390 2.0282e-06
1.28763 1.82408 120 390 2.07119e-06
1.28838 1.82408 120 390 2.11722e-06
1.28913 1.82408 120 390 2.16656e-06
1.28988 1.82408 120 390 2.2194e-06
1.29063 1.82408 120 390 2.27596e-06
1.29138 1.82408 120 390 2.33651e-06
1.29213 1.82408 120 390 2.40137e-06
1.29288 1.82408 120 390 2.47079e-06
1.29363 1.82408 120 390 2.54518e-06
1.29438 1.82408 120 390 2.62487e-06
1.29513 1.82408 120 390 2.71033e-06
1.29588 1.82408 120 390 2.80203e-06
1.29663 1.82408 120 390 2.90047e-06
1.29738 1.82408 120 390 3.00526e-06
1.29813 1.82408 120 390 3.119e-06
1.29888 1.82408 120 390 3.2416e-06
1.29963 1.82408 120 390 3.37365e-06
1.30038 1.82408 120 390 3.5162e-06
1.30113 1.82408 120 390 3.67018e-06
1.30188 1.82408 120 390 3.8368e-06
1.30263 1.82408 120 390 4.01744e-06
1.30338 1.82408 120 390 4.21345e-06
1.30413 1.82408 120 390 4.42663e-06
1.30488 1.82408 120 390 4.65873e-06
1.30563 1.82408 120 390 4.91205e-06
1.30638 1.82408 120 390 5.18887e-06
1.30713 1.82408 120 390 5.49211e-06
1.30788 1.82408 120 390 5.8249e-06
1.30863 1.82408 120 390 6.19091e-06
1.30938 1.82408 120 390 6.5943e-06
1.31014 1.82408 120 390 7.04018e-06
1.31089 1.82408 120 390 7.53353e-06
1.31164 1.82408 120 390 8.08103e-06
1.31239 1.82408 120 390 8.68995e-06
1.31314 1.82408 120 390 9.3687e-06
1.31389 1.82408 120 390 1.0127e-05
1.31464 1.82408 120 390 1.09756e-05
1.31539 1.82408 120 390 1.19273e-05
1.31614 1.82408 120 390 1.29956e-05
1.31689 1.82408 120 390 1.4196e-05
1.31764 1.82408 120 390 1.55454e-05
1.31839 1.82408 120 390 1.70608e-05
1.31914 1.82408 120 390 1.87584e-05
1.31989 1.82408 120 390 2.06511e-05
1.32064 1.82408 120 390 2.2746e-05
1.32139 1.82408 120 390 2.50369e-05
1.32214 1.82408 120 390 2.7498e-05
1.32289 1.82408 120 390 3.0073e-05
1.32364 1.82408 120 390 3.26663e-05
1.32439 1.82408 120 390 3.51355e-05
1.32514 1.82408 120 390 3.73135e-05
1.32589 1.82408 120 390 3.9002e-05
1.32664 1.82408 120 390 4.00277e-05
1.32739 1.82408 120 390 4.02762e-05
1.32814 1.82408 120 390 3.97239e-05
1.32889 1.82408 120 390 3.84404e-05
1.32964 1.82408 120 390 3.65689e-05
1.33039 1.82408 120 390 3.42902e-05
1.33114 1.82408 120 390 3.17848e-05
1.33189 1.82408 120 390 2.92082e-05
1.33264 1.82408 120 390 2.66778e-05
1.33339 1.82408 120 390 2.42727e-05
1.33414 1.82408 120 390 2.20388e-05
1.33489 1.82408 120 390 1.99976e-05
1.33564 1.82408 120 390 1.81533e-05
1.33639 1.82408 120 390 1.64989e-05
1.33714 1.82408 120 390 1.50221e-05
1.33789 1.82408 120 390 1.37074e-05
1.33864 1.82408 120 390 1.25382e-05
1.33939 1.82408 120 390 1.14987e-05
1.34014 1.82408 120 390 1.05767e-05
1.34089 1.82408 120 390 9.75216e-06
1.34164 1.82408 120 390 9.0164e-06
1.34239 1.82408 120 390 8.35857e-06
1.34314 1.82408 120 390 7.76918e-06
1.34389 1.82408 120 390 7.23993e-06
1.34464 1.82408 120 390 6.76366e-06
1.34539 1.82408 120 390 6.33409e-06
1.34614 1.82408 120 390 5.94579e-06
1.34689 1.82408 120 390 5.59405e-06
1.34764 1.82408 120 390 5.27477e-06
1.34839 1.82408 120 390 4.98438e-06
1.34914 1.82408 120 390 4.71976e-06
1.34989 1.82408 120 390 4.47821e-06
1.35064 1.82408 120 390 4.25732e-06
1.35139 1.82408 120 390 4.05505e-06
1.35214 1.82408 120 390 3.86955e-06
1.35289 1.82408 120 390 3.69924e-06
1.35364 1.82408 120 390 3.54273e-06
1.35439 1.82408 120 390 3.39877e-06
1.35514 1.82408 120 390 3.26627e-06
1.35589 1.82408 120 390 3.14429e-06
1.35664 1.82408 120 390 3.03199e-06
1.35739 1.82408 120 390 2.92863e-06
1.35814 1.82408 120 390 2.83359e-06
1.35889 1.82408 120 390 2.74631e-06
1.35964 1.82408 120 390 2.66633e-06
1.36039 1.82408 120 390 2.59321e-06
1.36114 1.82408 120 390 2.52666e-06
1.36189 1.82408 120 390 2.46638e-06
1.36264 1.82408 120 390 2.41219e-06
1.36339 1.82408 120 390 2.36392e-06
1.36414 1.82408 120 390 2.32148e-06
1.36489 1.82408 120 390 2.28481e-06
1.36564 1.82408 120 390 2.2539e-06
1.36639 1.82408 120 390 2.22874e-06
1.36714 1.82408 120 390 2.20928e-06
1.36789 1.82408 120 390 2.19545e-06
1.36864 1.82408 120 390 2.18702e-06
1.36939 1.82408 120 390 2.18356e-06
1.37015 1.82408 120 390 2.18425e-06
1.3709 1.82408 120 390 2.18792e-06
1.37165 1.82408 120 390 2.19281e-06
1.3724 1.82408 120 390 2.19671e-06
1.37315 1.82408 120 390 2.19709e-06
1.3739 1.82408 120 390 2.19146e-06
1.37465 1.82408 120 390 2.17793e-06
1.3754 1.82408 120 390 2.15556e-06
1.37615 1.82408 120 390 2.12466e-06
1.3769 1.82408 120 390 2.08668e-06
1.37765 1.82408 120 390 2.04372e-06
1.3784 1.82408 120 390 1.99821e-06
1.37915 1.82408 120 390 1.95234e-06
1.3799 1.82408 120 390 1.90786e-06
1.38065 1.82408 120 390 1.86598e-06
1.3814 1.82408 120 390 1.82746e-06
1.38215 1.82408 120 390 1.79287e-06
1.3829 1.82408 120 390 1.76199e-06
1.38365 1.82408 120 390 1.73497e-06
1.3844 1.82408 120 390 1.71165e-06
1.38515 1.82408 120 390 1.69185e-06
1.3859 1.82408 120 390 1.67533e-06
1.38665 1.82408 120 390 1.66215e-06
1.3874 1.82408 120 390 1.65159e-06
1.38815 1.82408 120 390 1.64373e-06
1.3889 1.82408 120 390 1.6384e-06
1.38965 1.82408 120 390 1.63548e-06
1.3904 1.82408 120 390 1.63486e-06
1.39115 1.82408 120 390 1.63645e-06
1.3919 1.82408 120 390 1.64018e-06
1.39265 1.82408 120 390 1.646e-06
1.3934 1.82408 120 390 1.65387e-06
1.39415 1.82408 120 390 1.66378e-06
1.3949 1.82408 120 390 1.67572e-06
1.39565 1.82408 120 390 1.6897e-06
1.3964 1.82408 120 390 1.70573e-06
1.39715 1.82408 120 390 1.72386e-06
1.3979 1.82408 120 390 1.74412e-06
1.39865 1.82408 120 390 1.76658e-06
1.3994 1.82408 120 390 1.79132e-06
1.40015 1.82408 120 390 1.81842e-06
1.4009 1.82408 120 390 1.84796e-06
1.40165 1.82408 120 390 1.88008e-06
1.4024 1.82408 120 390 1.91491e-06
1.40315 1.82408 120 390 1.95259e-06
1.4039 1.82408 120 390 1.99327e-06
1.40465 1.82408 120 390 2.03713e-06
1.4054 1.82408 120 390 2.08437e-06
1.40615 1.82408 120 390 2.13523e-06
1.4069 1.82408 120 390 2.18994e-06
1.40765 1.82408 120 390 2.24881e-06
1.4084 1.82408 120 390 2.31209e-06
1.40915 1.82408 120 390 2.38016e-06
1.4099 1.82408 120 390 2.45339e-06
1.41065 1.82408 120 390 2.53218e-06
1.4114 1.82408 120 390 2.61703e-06
1.41215 1.82408 120 390 2.70845e-06
1.4129 1.82408 120 390 2.80702e-06
1.41365 1.82408 120 390 2.91337e-06
1.4144 1.82408 120 390 3.02826e-06
1.41515 1.82408 120 390 3.1525e-06
1.4159 1.82408 120 390 3.28698e-06
1.41665 1.82408 120 390 3.43276e-06
1.4174 1.82408 120 390 3.59098e-06
1.41815 1.82408 120 390 3.76297e-06
1.4189 1.82408 120 390 3.95019e-06
1.41965 1.82408 120 390 4.1543e-06
1.4204 1.82408 120 390 4.37719e-06
1.42115 1.82408 120 390 4.62106e-06
1.4219 1.82408 120 390 4.8883e-06
1.42265 1.82408 120 390 5.18172e-06
1.4234 1.82408 120 390 5.50445e-06
1.42415 1.82408 120 390 5.86009e-06
1.4249 1.82408 120 390 6.25271e-06
1.42565 1.82408 120 390 6.68692e-06
1.4264 1.82408 120 390 7.16793e-06
1.42715 1.82408 120 390 7.7016e-06
1.4279 1.82408 120 390 8.29446e-06
1.42865 1.82408 120 390 8.9537e-06
1.4294 1.82408 120 390 9.68713e-06
1.43016 1.82408 120 390 1.05029e-05
1.43091 1.82408 120 390 1.14096e-05
1.43166 1.82408 120 390 1.24152e-05
1.43241 1.82408 120 390 1.35266e-05
1.43316 1.82408 120 390 1.47482e-05
1.43391 1.82408 120 390 1.60802e-05
1.43466 1.82408 120 390 1.75163e-05
1.43541 1.82408 120 390 1.90404e-05
1.43616 1.82408 120 390 2.06245e-05
1.43691 1.82408 120 390 2.22215e-05
1.43766 1.82408 120 390 2.37694e-05
1.43841 1.82408 120 390 2.51886e-05
1.43916 1.82408 120 390 2.63886e-05
1.43991 1.82408 120 390 2.72794e-05
1.44066 1.82408 120 390 2.77855e-05
1.44141 1.82408 120 390 2.78618e-05
1.44216 1.82408 120 390 2.75032e-05
1.44291 1.82408 120 390 2.6746e-05
1.44366 1.82408 120 390 2.566e-05
1.44441 1.82408 120 390 2.43343e-05
1.44516 1.82408 120 390 2.28592e-05
1.44591 1.82408 120 390 2.13196e-05
1.44666 1.82408 120 390 1.97836e-05
1.44741 1.82408 120 390 1.83013e-05
1.44816 1.82408 120 390 1.69063e-05
1.44891 1.82408 120 390 1.56183e-05
1.44966 1.82408 120 390 1.44468e-05
1.45041 1.82408 120 390 1.33941e-05
1.45116 1.82408 120 390 1.24581e-05
1.45191 1.82408 120 390 1.16344e-05
1.45266 1.82408 120 390 1.09173e-05
1.45341 1.82408 120 390 1.03018e-05
1.45416 1.82408 120 390 9.78274e-06
1.45491 1.82408 120 390 9.35628e-06
1.45566 1.82408 120 390 9.01872e-06
1.45641 1.82408 120 390 8.76597e-06
1.45716 1.82408 120 390 8.59206e-06
1.45791 1.82408 120 390 8.48742e-06
1.45866 1.82408 120 390 8.43723e-06
1.45941 1.82408 120 390 8.42056e-06
1.46016 1.82408 120 390 8.41174e-06
1.46091 1.82408 120 390 8.38357e-06
1.46166 1.82408 120 390 8.31116e-06
1.46241 1.82408 120 390 8.17721e-06
1.46316 1.82408 120 390 7.97444e-06
1.46391 1.82408 120 390 7.70604e-06
1.46466 1.82408 120 390 7.38341e-06
1.46541 1.82408 120 390 7.02233e-06
1.46616 1.82408 120 390 6.63962e-06
1.46691 1.82408 120 390 6.25046e-06
1.46766 1.82408 120 390 5.8671e-06
1.46841 1.82408 120 390 5.49819e-06
1.46916 1.82408 120 390 5.14937e-06
1.46991 1.82408 120 390 4.82375e-06
1.47066 1.82408 120 390 4.52264e-06
1.47141 1.82408 120 390 4.24591e-06
1.47216 1.82408 120 390 3.99264e-06
1.47291 1.82408 120 390 3.76145e-06
1.47366 1.82408 120 390 3.55076e-06
1.47441 1.82408 120 390 3.35873e-06
1.47516 1.82408 120 390 3.1837e-06
1.47591 1.82408 120 390 3.02414e-06
1.47666 1.82408 120 390 2.87855e-06
1.47741 1.82408 120 390 2.74553e-06
1.47816 1.82408 120 390 2.62387e-06
1.47891 1.82408 120 390 2.51249e-06
1.47966 1.82408 120 390 2.41041e-06
1.48041 1.82408 120 390 2.31677e-06
1.48116 1.82408 120 390 2.23084e-06
1.48191 1.82408 120 390 2.15192e-06
1.48266 1.82408 120 390 2.07945e-06
1.48341 1.82408 120 390 2.01289e-06
1.48416 1.82408 120 390 1.95181e-06
1.48491 1.82408 120 390 1.89584e-06
1.48566 1.82408 120 390 1.84466e-06
1.48641 1.82408 120 390 1.79796e-06
1.48716 1.82408 120 390 1.75552e-06
1.48791 1.82408 120 390 1.71716e-06
1.48866 1.82408 120 390 1.68271e-06
1.48941 1.82408 120 390 1.65247e-06
1.49017 1.82408 120 390 1.62552e-06
1.49092 1.82408 120 390 1.60225e-06
1.49167 1.82408 120 390 1.58261e-06
1.49242 1.82408 120 390 1.56661e-06
1.49317 1.82408 120 390 1.55424e-06
1.49392 1.82408 120 390 1.54551e-06
1.49467 1.82408 120 390 1.54041e-06
1.49542 1.82408 120 390 1.53889e-06
1.49617 1.82408 120 390 1.54089e-06
1.49692 1.82408 120 390 1.54612e-06
1.49767 1.82408 120 390 1.55425e-06
1.49842 1.82408 120 390 1.56473e-06
1.49917 1.82408 120 390 1.57676e-06
1.49992 1.82408 120 390 1.58927e-06
1.50067 1.82408 120 390 1.60092e-06
1.50142 1.82408 120 390 1.61011e-06
1.50217 1.82408 120 390 1.61532e-06
1.50292 1.82408 120 390 1.61483e-06
1.50367 1.82408 120 390 1.6075e-06
1.50442 1.82408 120 390 1.59267e-06
1.50517 1.82408 120 390 1.57027e-06
1.50592 1.82408 120 390 1.54088e-06
1.50667 1.82408 120 390 1.50565e-06
1.50742 1.82408 120 390 1.46607e-06
1.50817 1.82408 120 390 1.42371e-06
1.50892 1.82408 120 390 1.37998e-06
1.50967 1.82408 120 390 1.33617e-06
1.51042 1.82408 120 390 1.29327e-06
1.51117 1.82408 120 390 1.252e-06
1.51192 1.82408 120 390 1.21281e-06
1.51267 1.82408 120 390 1.17601e-06
1.51342 1.82408 120 390 1.14149e-06
1.51417 1.82408 120 390 1.10956e-06
1.51492 1.82408 120 390 1.08001e-06
1.51567 1.82408 120 390 1.0527e-06
1.51642 1.82408 120 390 1.02748e-06
1.51717 1.82408 120 390 1.0042e-06
1.51792 1.82408 120 390 9.82704e-07
1.51867 1.82408 120 390 9.62842e-07
1.51942 1.82408 120 390 9.44443e-07
1.52017 1.82408 120 390 9.27325e-07
1.52092 1.82408 120 390 9.11389e-07
1.52167 1.82408 120 390 8.96511e-07
1.52242 1.82408 120 390 8.82592e-07
1.52317 1.82408 120 390 8.6949e-07
1.52392 1.82408 120 390 8.5719e-07
1.52467 1.82408 120 390 8.45458e-07
1.52542 1.82408 120 390 8.3427e-07
1.52617 1.82408 120 390 8.23535e-07
1.52692 1.82408 120 390 8.13211e-07
1.52767 1.82408 120 390 8.0318e-07
1.52842 1.82408 120 390 7.93274e-07
1.52917 1.82408 120 390 7.83497e-07
1.52992 1.82408 120 390 7.73713e-07
1.53067 1.82408 120 390 7.63774e-07
1.53142 1.82408 120 390 7.53603e-07
1.53217 1.82408 120 390 7.43071e-07
1.53292 1.82408 120 390 7.32122e-07
1.53367 1.82408 120 390 7.20461e-07
1.53442 1.82408 120 390 7.08215e-07
1.53517 1.82408 120 390 6.94681e-07
1.53592 1.82408 120 390 6.79895e-07
1.53667 1.82408 120 390 6.63697e-07
1.53742 1.82408 120 390 6.45813e-07
1.53817 1.82408 120 390 6.25727e-07
1.53892 1.82408 120 390 6.03219e-07
1.53967 1.82408 120 390 5.78221e-07
1.54042 1.82408 120 390 5.49963e-07
1.54117 1.82408 120 390 5.18417e-07
1.54192 1.82408 120 390 4.83295e-07
1.54267 1.82408 120 390 4.4471e-07
1.54342 1.82408 120 390 4.02887e-07
1.54417 1.82408 120 390 3.58263e-07
1.54492 1.82408 120 390 3.1157e-07
1.54567 1.82408 120 390 2.65209e-07
1.54642 1.82408 120 390 2.20939e-07
1.54717 1.82408 120 390 1.83204e-07
1.54792 1.82408 120 390 1.56198e-07
1.54867 1.82408 120 390 1.44261e-07
1.54942 1.82408 120 390 1.5265e-07
1.55018 1.82408 120 390 1.84985e-07
1.55093 1.82408 120 390 2.43037e-07
1.55168 1.82408 120 390 3.25402e-07
1.55243 1.82408 120 390 4.27589e-07
1.55318 1.82408 120 390 5.42528e-07
1.55393 1.82408 120 390 6.61445e-07
1.55468 1.82408 120 390 7.76424e-07
1.55543 1.82408 120 390 8.80824e-07
1.55618 1.82408 120 390 9.70203e-07
1.55693 1.82408 120 390 1.04264e-06
1.55768 1.82408 120 390 1.09853e-06
1.55843 1.82408 120 390 1.13971e-06
1.55918 1.82408 120 390 1.1683e-06
1.55993 1.82408 120 390 1.18751e-06
1.56068 1.82408 120 390 1.19944e-06
1.56143 1.82408 120 390 1.20661e-06
1.56218 1.82408 120 390 1.2105e-06
1.56293 1.82408 120 390 1.21295e-06
1.56368 1.82408 120 390 1.21487e-06
1.56443 1.82408 120 390 1.21706e-06
1.56518 1.82408 120 390 1.22015e-06
1.56593 1.82408 120 390 1.22455e-06
1.56668 1.82408 120 390 1.23057e-06
1.56743 1.82408 120 390 1.23844e-06
1.56818 1.82408 120 390 1.24832e-06
1.56893 1.82408 120 390 1.26034e-06
1.56968 1.82408 120 390 1.2746e-06
1.57043 1.82408 120 390 1.29119e-06
1.57118 1.82408 120 390 1.31021e-06
1.57193 1.82408 120 390 1.33174e-06
1.57268 1.82408 120 390 1.35597e-06
1.57343 1.82408 120 390 1.38296e-06
1.57418 1.82408 120 390 1.41294e-06
1.57493 1.82408 120 390 1.44603e-06
1.57568 1.82408 120 390 1.4825e-06
1.57643 1.82408 120 390 1.52257e-06
1.57718 1.82408 120 390 1.56649e-06
1.57793 1.82408 120 390 1.61458e-06
1.57868 1.82408 120 390 1.66715e-06
1.57943 1.82408 120 390 1.72454e-06
1.58018 1.82408 120 390 1.78718e-06
1.58093 1.82408 120 390 1.85538e-06
1.58168 1.82408 120 390 1.92949e-06
1.58243 1.82408 120 390 2.00979e-06
1.58318 1.82408 120 390 2.09642e-06
1.58393 1.82408 120 390 2.18943e-06
1.58468 1.82408 120 390 2.28854e-06
1.58543 1.82408 120 390 2.39309e-06
1.58618 1.82408 120 390 2.50196e-06
1.58693 1.82408 120 390 2.61351e-06
1.58768 1.82408 120 390 2.72542e-06
1.58843 1.82408 120 390 2.83481e-06
1.58918 1.82408 120 390 2.93849e-06
1.58993 1.82408 120 390 3.03292e-06
1.59068 1.82408 120 390 3.11506e-06
1.59143 1.82408 120 390 3.18275e-06
1.59218 1.82408 120 390 3.23506e-06
1.59293 1.82408 120 390 3.27261e-06
1.59368 1.82408 120 390 3.29745e-06
1.59443 1.82408 120 390 3.31275e-06
1.59518 1.82408 120 390 3.32233e-06
1.59593 1.82408 120 390 3.33015e-06
1.59668 1.82408 120 390 3.33993e-06
1.59743 1.82408 120 390 3.35493e-06
1.59818 1.82408 120 390 3.37781e-06
1.59893 1.82408 120 390 3.4107e-06
1.59968 1.82408 120 390 3.45523e-06
1.60043 1.82408 120 390 3.5127e-06
1.60118 1.82408 120 390 3.58413e-06
1.60193 1.82408 120 390 3.67048e-06
1.60268 1.82408 120 390 3.77263e-06
1.60343 1.82408 120 390 3.89148e-06
1.60418 1.82408 120 390 4.02806e-06
1.60493 1.82408 120 390 4.1835e-06
1.60568 1.82408 120 390 4.35913e-06
1.60643 1.82408 120 390 4.55649e-06
1.60718 1.82408 120 390 4.77736e-06
1.60793 1.82408 120 390 5.02379e-06
1.60868 1.82408 120 390 5.29582e-06
1.60943 1.82408 120 390 5.60046e-06
1.61019 1.82408 120 390 5.93862e-06
1.61094 1.82408 120 390 6.31351e-06
1.61169 1.82408 120 390 6.72877e-06
1.61244 1.82408 120 390 7.18824e-06
1.61319 1.82408 120 390 7.69586e-06
1.61394 1.82408 120 390 8.25568e-06
1.61469 1.82408 120 390 8.87146e-06
1.61544 1.82408 120 390 9.54633e-06
1.61619 1.82408 120 390 1.02824e-05
1.61694 1.82408 120 390 1.10798e-05
1.61769 1.82408 120 390 1.19359e-05
1.61844 1.82408 120 390 1.28443e-05
1.61919 1.82408 120 390 1.37931e-05
1.61994 1.82408 120 390 1.47637e-05
1.62069 1.82408 120 390 1.57301e-05
1.62144 1.82408 120 390 1.66581e-05
1.62219 1.82408 120 390 1.75068e-05
1.62294 1.82408 120 390 1.82309e-05
1.62369 1.82408 120 390 1.87859e-05
1.62444 1.82408 120 390 1.91333e-05
1.62519 1.82408 120 390 1.92475e-05
1.62594 1.82408 120 390 1.91202e-05
1.62669 1.82408 120 390 1.87616e-05
1.62744 1.82408 120 390 1.81991e-05
1.62819 1.82408 120 390 1.74721e-05
1.62894 1.82408 120 390 1.66259e-05
1.62969 1.82408 120 390 1.57055e-05
1.63044 1.82408 120 390 1.47512e-05
1.63119 1.82408 120 390 1.37966e-05
1.63194 1.82408 120 390 1.28672e-05
1.63269 1.82408 120 390 1.19806e-05
1.63344 1.82408 120 390 1.1148e-05
1.63419 1.82408 120 390 1.03755e-05
1.63494 1.82408 120 390 9.66517e-06
1.63569 1.82408 120 390 9.01668e-06
1.63644 1.82408 120 390 8.42767e-06
1.63719 1.82408 120 390 7.89486e-06
1.63794 1.82408 120 390 7.41444e-06
1.63869 1.82408 120 390 6.98214e-06
1.63944 1.82408 120 390 6.59403e-06
1.64019 1.82408 120 390 6.24626e-06
1.64094 1.82408 120 390 5.93527e-06
1.64169 1.82408 120 390 5.65765e-06
1.64244 1.82408 120 390 5.41053e-06
1.64319 1.82408 120 390 5.1913e-06
1.64394 1.82408 120 390 4.99767e-06
1.64469 1.82408 120 390 4.82764e-06
1.64544 1.82408 120 390 4.67961e-06
1.64619 1.82408 120 390 4.55213e-06
1.64694 1.82408 120 390 4.44413e-06
1.64769 1.82408 120 390 4.35464e-06
1.64844 1.82408 120 390 4.28293e-06
1.64919 1.82408 120 390 4.22836e-06
1.64994 1.82408 120 390 4.19029e-06
1.65069 1.82408 120 390 4.16805e-06
1.65144 1.82408 120 390 4.1609e-06
1.65219 1.82408 120 390 4.16798e-06
1.65294 1.82408 120 390 4.18826e-06
1.65369 1.82408 120 390 4.22061e-06
1.65444 1.82408 120 390 4.26378e-06
1.65519 1.82408 120 390 4.31633e-06
1.65594 1.82408 120 390 4.37676e-06
1.65669 1.82408 120 390 4.44333e-06
1.65744 1.82408 120 390 4.51423e-06
1.65819 1.82408 120 390 4.5876e-06
1.65894 1.82408 120 390 4.66161e-06
1.65969 1.82408 120 390 4.73473e-06
1.66044 1.82408 120 390 4.80594e-06
1.66119 1.82408 120 390 4.87487e-06
1.66194 1.82408 120 390 4.94197e-06
1.66269 1.82408 120 390 5.00853e-06
1.66344 1.82408 120 390 5.07665e-06
1.66419 1.82408 120 390 5.149e-06
1.66494 1.82408 120 390 5.22865e-06
1.66569 1.82408 120 390 5.31883e-06
1.66644 1.82408 120 390 5.42284e-06
1.66719 1.82408 120 390 5.54384e-06
1.66794 1.82408 120 390 5.68492e-06
1.66869 1.82408 120 390 5.84895e-06
1.66944 1.82408 120 390 6.03881e-06
1.6702 1.82408 120 390 6.25732e-06
1.67095 1.82408 120 390 6.50734e-06
1.6717 1.82408 120 390 6.79183e-06
1.67245 1.82408 120 390 7.11449e-06
1.6732 1.82408 120 390 7.47748e-06
1.67395 1.82408 120 390 7.88488e-06
1.6747 1.82408 120 390 8.34028e-06
1.67545 1.82408 120 390 8.8472e-06
1.6762 1.82408 120 390 9.40931e-06
1.67695 1.82408 120 390 1.00296e-05
1.6777 1.82408 120 390 1.07104e-05
1.67845 1.82408 120 390 1.14527e-05
1.6792 1.82408 120 390 1.22556e-05
1.67995 1.82408 120 390 1.31151e-05
1.6807 1.82408 120 390 1.40231e-05
1.68145 1.82408 120 390 1.49667e-05
1.6822 1.82408 120 390 1.59264e-05
1.68295 1.82408 120 390 1.68759e-05
1.6837 1.82408 120 390 1.77817e-05
1.68445 1.82408 120 390 1.86045e-05
1.6852 1.82408 120 390 1.93017e-05
1.68595 1.82408 120 390 1.98316e-05
1.6867 1.82408 120 390 2.01587e-05
1.68745 1.82408 120 390 2.02591e-05
1.6882 1.82408 120 390 2.01242e-05
1.68895 1.82408 120 390 1.97619e-05
1.6897 1.82408 120 390 1.91963e-05
1.69045 1.82408 120 390 1.84623e-05
1.6912 1.82408 120 390 1.76016e-05
1.69195 1.82408 120 390 1.66568e-05
1.6927 1.82408 120 390 1.56671e-05
1.69345 1.82408 120 390 1.46661e-05
1.6942 1.82408 120 390 1.36802e-05
1.69495 1.82408 120 390 1.27288e-05
1.6957 1.82408 120 390 1.18249e-05
1.69645 1.82408 120 390 1.09764e-05
1.6972 1.82408 120 390 1.01869e-05
1.69795 1.82408 120 390 9.45739e-06
1.6987 1.82408 120 390 8.78631e-06
1.69945 1.82408 120 390 8.17124e-06
1.7002 1.82408 120 390 7.60881e-06
1.70095 1.82408 120 390 7.09516e-06
1.7017 1.82408 120 390 6.62643e-06
1.70245 1.82408 120 390 6.19871e-06
1.7032 1.82408 120 390 5.8083e-06
1.70395 1.82408 120 390 5.45172e-06
1.7047 1.82408 120 390 5.12574e-06
1.70545 1.82408 120 390 4.82741e-06
1.7062 1.82408 120 390 4.55405e-06
1.70695 1.82408 120 390 4.30325e-06
1.7077 1.82408 120 390 4.07282e-06
1.70845 1.82408 120 390 3.86076e-06
1.7092 1.82408 120 390 3.66534e-06
1.70995 1.82408 120 390 3.48497e-06
1.7107 1.82408 120 390 3.31824e-06
1.71145 1.82408 120 390 3.16394e-06
1.7122 1.82408 120 390 3.02084e-06
1.71295 1.82408 120 390 2.88797e-06
1.7137 1.82408 120 390 2.76442e-06
1.71445 1.82408 120 390 2.64937e-06
1.7152 1.82408 120 390 2.54207e-06
1.71595 1.82408 120 390 2.44188e-06
1.7167 1.82408 120 390 2.34817e-06
1.71745 1.82408 120 390 2.26042e-06
1.7182 1.82408 120 390 2.17811e-06
1.71895 1.82408 120 390 2.10081e-06
1.7197 1.82408 120 390 2.02816e-06
1.72045 1.82408 120 390 1.95968e-06
1.7212 1.82408 120 390 1.89509e-06
1.72195 1.82408 120 390 1.83407e-06
1.7227 1.82408 120 390 1.77631e-06
1.72345 1.82408 120 390 1.72155e-06
1.7242 1.82408 120 390 1.66957e-06
1.72495 1.82408 120 390 1.62007e-06
1.7257 1.82408 120 390 1.5729e-06
1.72645 1.82408 120 390 1.52777e-06
1.7272 1.82408 120 390 1.48448e-06
1.72795 1.82408 120 390 1.44284e-06
1.7287 1.82408 120 390 1.40266e-06
1.72945 1.82408 120 390 1.36375e-06
1.73021 1.82408 120 390 1.32592e-06
1.73096 1.82408 120 390 1.28896e-06
1.73171 1.82408 120 390 1.25275e-06
1.73246 1.82408 120 390 1.21693e-06
1.73321 1.82408 120 390 1.18139e-06
1.73396 1.82408 120 390 1.146e-06
1.73471 1.82408 120 390 1.11046e-06
1.73546 1.82408 120 390 1.07476e-06
1.73621 1.82408 120 390 1.03859e-06
1.73696 1.82408 120 390 1.00196e-06
1.73771 1.82408 120 390 9.64852e-07
1.73846 1.82408 120 390 9.274e-07
1.73921 1.82408 120 390 8.89884e-07
1.73996 1.82408 120 390 8.52664e-07
1.74071 1.82408 120 390 8.16456e-07
1.74146 1.82408 120 390 7.82179e-07
1.74221 1.82408 120 390 7.50999e-07
1.74296 1.82408 120 390 7.24316e-07
1.74371 1.82408 120 390 7.03471e-07
1.74446 1.82408 120 390 6.89854e-07
1.74521 1.82408 120 390 6.84479e-07
1.74596 1.82408 120 390 6.87814e-07
1.74671 1.82408 120 390 6.99567e-07
1.74746 1.82408 120 390 7.18841e-07
1.74821 1.82408 120 390 7.37629e-07
1.74896 1.82408 120 390 7.67016e-07
1.74971 1.82408 120 390 7.9899e-07
1.75046 1.82408 120 390 8.32584e-07
1.75121 1.82408 120 390 8.67028e-07
1.75196 1.82408 120 390 9.02453e-07
1.75271 1.82408 120 390 9.39236e-07
1.75346 1.82408 120 390 9.7762e-07
1.75421 1.82408 120 390 1.01766e-06
1.75496 1.82408 120 390 1.05877e-06
1.75571 1.82408 120 390 1.09997e-06
1.75646 1.82408 120 390 1.13987e-06
1.75721 1.82408 120 390 1.17723e-06
1.75796 1.82408 120 390 1.21076e-06
1.75871 1.82408 120 390 1.23964e-06
1.75946 1.82408 120 390 1.26363e-06
1.76021 1.82408 120 390 1.28292e-06
1.76096 1.82408 120 390 1.298e-06
1.76171 1.82408 120 390 1.30968e-06
1.76246 1.82408 120 390 1.31894e-06
1.76321 1.82408 120 390 1.32678e-06
1.76396 1.82408 120 390 1.3342e-06
1.76471 1.82408 120 390 1.34208e-06
1.76546 1.82408 120 390 1.35133e-06
1.76621 1.82408 120 390 1.36236e-06
1.76696 1.82408 120 390 1.3759e-06
1.76771 1.82408 120 390 1.39251e-06
1.76846 1.82408 120 390 1.41259e-06
1.76921 1.82408 120 390 1.43652e-06
1.76996 1.82408 120 390 1.46466e-06
1.77071 1.82408 120 390 1.49732e-06
1.77146 1.82408 120 390 1.53481e-06
1.77221 1.82408 120 390 1.57736e-06
1.77296 1.82408 120 390 1.62522e-06
1.77371 1.82408 120 390 1.67856e-06
1.77446 1.82408 120 390 1.73747e-06
1.77521 1.82408 120 390 1.8021e-06
1.77596 1.82408 120 390 1.87217e-06
1.77671 1.82408 120 390 1.94749e-06
1.77746 1.82408 120 390 2.02753e-06
1.77821 1.82408 120 390 2.1115e-06
1.77896 1.82408 120 390 2.1982e-06
1.77971 1.82408 120 390 2.28605e-06
1.78046 1.82408 120 390 2.37292e-06
1.78121 1.82408 120 390 2.45623e-06
1.78196 1.82408 120 390 2.53289e-06
1.78271 1.82408 120 390 2.59943e-06
1.78346 1.82408 120 390 2.65224e-06
1.78421 1.82408 120 390 2.68761e-06
1.78496 1.82408 120 390 2.70245e-06
1.78571 1.82408 120 390 2.69459e-06
1.78646 1.82408 120 390 2.6625e-06
1.78721 1.82408 120 390 2.60647e-06
1.78796 1.82408 120 390 2.52811e-06
1.78871 1.82408 120 390 2.43014e-06
1.78946 1.82408 120 390 2.31643e-06
1.79022 1.82408 120 390 2.19163e-06
1.79097 1.82408 120 390 2.0608e-06
1.79172 1.82408 120 390 1.92914e-06
1.79247 1.82408 120 390 1.80178e-06
1.79322 1.82408 120 390 1.68351e-06
1.79397 1.82408 120 390 1.57855e-06
1.79472 1.82408 120 390 1.49025e-06
1.79547 1.82408 120 390 1.42073e-06
1.79622 1.82408 120 390 1.37049e-06
1.79697 1.82408 120 390 1.33885e-06
1.79772 1.82408 120 390 1.32317e-06
1.79847 1.82408 120 390 1.31972e-06
1.79922 1.82408 120 390 1.32406e-06
1.79997 1.82408 120 390 1.33152e-06
1.80072 1.82408 120 390 1.3385e-06
1.80147 1.82408 120 390 1.34186e-06
1.80222 1.82408 120 390 1.34003e-06
1.80297 1.82408 120 390 1.33197e-06
1.80372 1.82408 120 390 1.31783e-06
1.80447 1.82408 120 390 1.29832e-06
1.80522 1.82408 120 390 1.27436e-06
1.80597 1.82408 120 390 1.24699e-06
1.80672 1.82408 120 390 1.21743e-06
1.80747 1.82408 120 390 1.18649e-06
1.80822 1.82408 120 390 1.15528e-06
1.80897 1.82408 120 390 1.12427e-06
1.80972 1.82408 120 390 1.09394e-06
1.81047 1.82408 120 390 1.06471e-06
1.81122 1.82408 120 390 1.0368e-06
1.81197 1.82408 120 390 1.01034e-06
1.81272 1.82408 120 390 9.85427e-07
1.81347 1.82408 120 390 9.62089e-07
1.81422 1.82408 120 390 9.40314e-07
1.81497 1.82408 120 390 9.20069e-07
1.81572 1.82408 120 390 9.01299e-07
1.81647 1.82408 120 390 8.83887e-07
1.81722 1.82408 120 390 8.6787e-07
1.81797 1.82408 120 390 8.53132e-07
1.81872 1.82408 120 390 8.39582e-07
1.81947 1.82408 120 390 8.2716e-07
1.82022 1.82408 120 390 8.1576e-07
1.82097 1.82408 120 390 8.05381e-07
1.82172 1.82408 120 390 7.95937e-07
1.82247 1.82408 120 390 7.87359e-07
1.82322 1.82408 120 390 7.79574e-07
1.82397 1.82408 120 390 7.72588e-07
1.82472 1.82408 120 390 7.66328e-07
1.82547 1.82408 120 390 7.60752e-07
1.82622 1.82408 120 390 7.55824e-07
1.82697 1.82408 120 390 7.51504e-07
1.82772 1.82408 120 390 7.47781e-07
1.82847 1.82408 120 390 7.44599e-07
1.82922 1.82408 120 390 7.41947e-07
1.82997 1.82408 120 390 7.39801e-07
1.83072 1.82408 120 390 7.38144e-07
1.83147 1.82408 120 390 7.36949e-07
1.83222 1.82408 120 390 7.36206e-07
1.83297 1.82408 120 390 7.35898e-07
1.83372 1.82408 120 390 7.36012e-07
1.83447 1.82408 120 390 7.36534e-07
1.83522 1.82408 120 390 7.37461e-07
1.83597 1.82408 120 390 7.3878e-07
1.83672 1.82408 120 390 7.40485e-07
1.83747 1.82408 120 390 7.42564e-07
1.83822 1.82408 120 390 7.45026e-07
1.83897 1.82408 120 390 7.47854e-07
1.83972 1.82408 120 390 7.5105e-07
1.84047 1.82408 120 390 7.54611e-07
1.84122 1.82408 120 390 7.58537e-07
1.84197 1.82408 120 390 7.62829e-07
1.84272 1.82408 120 390 7.67486e-07
1.84347 1.82408 120 390 7.72512e-07
1.84422 1.82408 120 390 7.77909e-07
1.84497 1.82408 120 390 7.83682e-07
1.84572 1.82408 120 390 7.89833e-07
1.84647 1.82408 120 390 7.96368e-07
1.84722 1.82408 120 390 8.03296e-07
1.84797 1.82408 120 390 8.10632e-07
1.84872 1.82408 120 390 8.18363e-07
1.84947 1.82408 120 390 8.26512e-07
1.85023 1.82408 120 390 8.35088e-07
1.85098 1.82408 120 390 8.44097e-07
1.85173 1.82408 120 390 8.53559e-07
1.85248 1.82408 120 390 8.63482e-07
1.85323 1.82408 120 390 8.73882e-07
1.85398 1.82408 120 390 8.84773e-07
1.85473 1.82408 120 390 8.96172e-07
1.85548 1.82408 120 390 9.08096e-07
1.85623 1.82408 120 390 9.20565e-07
1.85698 1.82408 120 390 9.33606e-07
1.85773 1.82408 120 390 9.47226e-07
1.85848 1.82408 120 390 9.61455e-07
1.85923 1.82408 120 390 9.76319e-07
1.85998 1.82408 120 390 9.91848e-07
1.86073 1.82408 120 390 1.00806e-06
1.86148 1.82408 120 390 1.02499e-06
1.86223 1.82408 120 390 1.04267e-06
1.86298 1.82408 120 390 1.06114e-06
1.86373 1.82408 120 390 1.08042e-06
1.86448 1.82408 120 390 1.10056e-06
1.86523 1.82408 120 390 1.12161e-06
1.86598 1.82408 120 390 1.14359e-06
1.86673 1.82408 120 390 1.16657e-06
1.86748 1.82408 120 390 1.19058e-06
1.86823 1.82408 120 390 1.21569e-06
1.86898 1.82408 120 390 1.24205e-06
1.86973 1.82408 120 390 1.26949e-06
1.87048 1.82408 120 390 1.29818e-06
1.87123 1.82408 120 390 1.32821e-06
1.87198 1.82408 120 390 1.35964e-06
1.87273 1.82408 120 390 1.39254e-06
1.87348 1.82408 120 390 1.427e-06
1.87423 1.82408 120 390 1.46311e-06
1.87498 1.82408 120 390 1.50095e-06
1.87573 1.82408 120 390 1.54063e-06
1.87648 1.82408 120 390 1.58226e-06
1.87723 1.82408 120 390 1.62598e-06
1.87798 1.82408 120 390 1.6719e-06
1.87873 1.82408 120 390 1.72021e-06
1.87948 1.82408 120 390 1.77107e-06
1.88023 1.82408 120 390 1.8247e-06
1.88098 1.82408 120 390 1.88138e-06
1.88173 1.82408 120 390 1.94142e-06
1.88248 1.82408 120 390 2.00518e-06
1.88323 1.82408 120 390 2.07316e-06
1.88398 1.82408 120 390 2.14594e-06
1.88473 1.82408 120 390 2.22423e-06
1.88548 1.82408 120 390 2.30887e-06
1.88623 1.82408 120 390 2.40086e-06
1.88698 1.82408 120 390 2.5013e-06
1.88773 1.82408 120 390 2.61151e-06
1.88848 1.82408 120 390 2.73276e-06
1.88923 1.82408 120 390 2.86632e-06
1.88998 1.82408 120 390 3.01341e-06
1.89073 1.82408 120 390 3.17504e-06
1.89148 1.82408 120 390 3.35203e-06
1.89223 1.82408 120 390 3.54494e-06
1.89298 1.82408 120 390 3.75409e-06
1.89373 1.82408 120 390 3.97975e-06
1.89448 1.82408 120 390 4.2222e-06
1.89523 1.82408 120 390 4.48182e-06
1.89598 1.82408 120 390 4.75921e-06
1.89673 1.82408 120 390 5.05513e-06
1.89748 1.82408 120 390 5.37051e-06
1.89823 1.82408 120 390 5.70625e-06
1.89898 1.82408 120 390 6.06314e-06
1.89973 1.82408 120 390 6.44154e-06
1.90048 1.82408 120 390 6.84122e-06
1.90123 1.82408 120 390 7.26102e-06
1.90198 1.82408 120 390 7.69854e-06
1.90273 1.82408 120 390 8.14984e-06
1.90348 1.82408 120 390 8.60915e-06
1.90423 1.82408 120 390 9.0686e-06
1.90498 1.82408 120 390 9.51828e-06
1.90573 1.82408 120 390 9.94625e-06
1.90648 1.82408 120 390 1.03391e-05
1.90723 1.82408 120 390 1.06829e-05
1.90798 1.82408 120 390 1.09641e-05
1.90873 1.82408 120 390 1.11711e-05
1.90948 1.82408 120 390 1.12956e-05
1.91024 1.82408 120 390 1.13336e-05
1.91099 1.82408 120 390 1.12861e-05
1.91174 1.82408 120 390 1.11588e-05
1.91249 1.82408 120 390 1.09616e-05
1.91324 1.82408 120 390 1.07073e-05
1.91399 1.82408 120 390 1.04101e-05
1.91474 1.82408 120 390 1.00894e-05
1.91549 1.82408 120 390 9.74887e-06
1.91624 1.82408 120 390 9.40569e-06
1.91699 1.82408 120 390 9.06991e-06
1.91774 1.82408 120 390 8.74961e-06
1.91849 1.82408 120 390 8.4508e-06
1.91924 1.82408 120 390 8.17795e-06
1.91999 1.82408 120 390 7.93406e-06
1.92074 1.82408 120 390 7.72106e-06
1.92149 1.82408 120 390 7.54005e-06
1.92224 1.82408 120 390 7.3916e-06
1.92299 1.82408 120 390 7.2759e-06
1.92374 1.82408 120 390 7.19295e-06
1.92449 1.82408 120 390 7.14266e-06
1.92524 1.82408 120 390 7.12498e-06
1.92599 1.82408 120 390 7.13994e-06
1.92674 1.82408 120 390 7.18769e-06
1.92749 1.82408 120 390 7.26853e-06
1.92824 1.82408 120 390 7.38294e-06
1.92899 1.82408 120 390 7.53154e-06
1.92974 1.82408 120 390 7.7152e-06
1.93049 1.82408 120 390 7.9348e-06
1.93124 1.82408 120 390 8.19134e-06
1.93199 1.82408 120 390 8.48571e-06
1.93274 1.82408 120 390 8.81888e-06
1.93349 1.82408 120 390 9.19128e-06
1.93424 1.82408 120 390 9.60308e-06
1.93499 1.82408 120 390 1.00537e-05
1.93574 1.82408 120 390 1.05413e-05
1.93649 1.82408 120 390 1.10629e-05
1.93724 1.82408 120 390 1.16135e-05
1.93799 1.82408 120 390 1.21862e-05
1.93874 1.82408 120 390 1.27711e-05
1.93949 1.82408 120 390 1.33558e-05
1.94024 1.82408 120 390 1.39251e-05
1.94099 1.82408 120 390 1.44615e-05
1.94174 1.82408 120 390 1.49459e-05
1.94249 1.82408 120 390 1.5359e-05
1.94324 1.82408 120 390 1.56831e-05
1.94399 1.82408 120 390 1.59038e-05
1.94474 1.82408 120 390 1.6012e-05
1.94549 1.82408 120 390 1.60047e-05
1.94624 1.82408 120 390 1.58859e-05
1.94699 1.82408 120 390 1.56659e-05
1.94774 1.82408 120 390 1.53597e-05
1.94849 1.82408 120 390 1.49857e-05
1.94924 1.82408 120 390 1.45638e-05
1.94999 1.82408 120 390 1.41129e-05
1.95074 1.82408 120 390 1.36505e-05
1.95149 1.82408 120 390 1.3191e-05
1.95224 1.82408 120 390 1.27458e-05
1.95299 1.82408 120 390 1.23229e-05
1.95374 1.82408 120 390 1.1927e-05
1.95449 1.82408 120 390 1.15601e-05
1.95524 1.82408 120 390 1.12216e-05
1.95599 1.82408 120 390 1.09088e-05
1.95674 1.82408 120 390 1.06175e-05
1.95749 1.82408 120 390 1.03424e-05
1.95824 1.82408 120 390 1.00776e-05
1.95899 1.82408 120 390 9.81742e-06
1.95974 1.82408 120 390 9.5566e-06
1.96049 1.82408 120 390 9.29081e-06
1.96124 1.82408 120 390 9.0169e-06
1.96199 1.82408 120 390 8.73311e-06
1.96274 1.82408 120 390 8.43896e-06
1.96349 1.82408 120 390 8.13508e-06
1.96424 1.82408 120 390 7.82303e-06
1.96499 1.82408 120 390 7.505e-06
1.96574 1.82408 120 390 7.18364e-06
1.96649 1.82408 120 390 6.86179e-06
1.96724 1.82408 120 390 6.54233e-06
1.96799 1.82408 120 390 6.22795e-06
1.96874 1.82408 120 390 5.92112e-06
1.96949 1.82408 120 390 5.62394e-06
1.97025 1.82408 120 390 5.33809e-06
1.971 1.82408 120 390 5.06485e-06
1.97175 1.82408 120 390 4.80507e-06
1.9725 1.82408 120 390 4.55919e-06
1.97325 1.82408 120 390 4.32729e-06
1.974 1.82408 120 390 4.10926e-06
1.97475 1.82408 120 390 3.90478e-06
1.9755 1.82408 120 390 3.71331e-06
1.97625 1.82408 120 390 3.53425e-06
1.977 1.82408 120 390 3.36695e-06
1.97775 1.82408 120 390 3.21068e-06
1.9785 1.82408 120 390 3.06474e-06
1.97925 1.82408 120 390 2.92843e-06
1.98 1.82408 120 390 2.80106e-06
1.98075 1.82408 120 390 2.68199e-06
1.9815 1.82408 120 390 2.57059e-06
1.98225 1.82408 120 390 2.4663e-06
1.983 1.82408 120 390 2.36857e-06
1.98375 1.82408 120 390 2.27695e-06
1.9845 1.82408 120 390 2.19092e-06
1.98525 1.82408 120 390 2.11008e-06
1.986 1.82408 120 390 2.03414e-06
1.98675 1.82408 120 390 1.96254e-06
1.9875 1.82408 120 390 1.89508e-06
1.98825 1.82408 120 390 1.83142e-06
1.989 1.82408 120 390 1.77131e-06
1.98975 1.82408 120 390 1.7145e-06
1.9905 1.82408 120 390 1.66074e-06
1.99125 1.82408 120 390 1.60984e-06
1.992 1.82408 120 390 1.56159e-06
1.99275 1.82408 120 390 1.51581e-06
1.9935 1.82408 120 390 1.47236e-06
1.99425 1.82408 120 390 1.43105e-06
1.995 1.82408 120 390 1.39177e-06
1.99575 1.82408 120 390 1.35436e-06
1.9965 1.82408 120 390 1.31872e-06
1.99725 1.82408 120 390 1.28473e-06
1.998 1.82408 120 390 1.25229e-06
1.99875 1.82408 120 390 1.22133e-06
1.9995 1.82408 120 390 1.19173e-06
2.00025 1.82408 120 390 1.16342e-06
2.001 1.82408 120 390 1.13632e-06
2.00175 1.82408 120 390 1.11036e-06
2.0025 1.82408 120 390 1.08548e-06
2.00325 1.82408 120 390 1.06162e-06
2.004 1.82408 120 390 1.03871e-06
2.00475 1.82408 120 390 1.01671e-06
2.0055 1.82408 120 390 9.95555e-07
2.00625 1.82408 120 390 9.75212e-07
2.007 1.82408 120 390 9.55625e-07
2.00775 1.82408 120 390 9.36753e-07
2.0085 1.82408 120 390 9.18558e-07
2.00925 1.82408 120 390 9.01015e-07
2.01 1.82408 120 390 8.84058e-07
2.01075 1.82408 120 390 8.67829e-07
2.0115 1.82408 120 390 8.51964e-07
2.01225 1.82408 120 390 8.36599e-07
2.013 1.82408 120 390 8.21743e-07
2.01375 1.82408 120 390 8.07301e-07
2.0145 1.82408 120 390 7.93255e-07
2.01525 1.82408 120 390 7.79618e-07
2.016 1.82408 120 390 7.66305e-07
2.01675 1.82408 120 390 7.53317e-07
2.0175 1.82408 120 390 7.40624e-07
2.01825 1.82408 120 390 7.28199e-07
2.019 1.82408 120 390 7.16013e-07
2.01975 1.82408 120 390 7.04031e-07
2.0205 1.82408 120 390 6.92236e-07
2.02125 1.82408 120 390 6.8059e-07
2.022 1.82408 120 390 6.69062e-07
2.02275 1.82408 120 390 6.57618e-07
2.0235 1.82408 120 390 6.46223e-07
2.02425 1.82408 120 390 6.34867e-07
2.025 1.82408 120 390 6.23471e-07
2.02575 1.82408 120 390 6.11993e-07
2.0265 1.82408 120 390 6.004e-07
2.02725 1.82408 120 390 5.88644e-07
2.028 1.82408 120 390 5.76671e-07
2.02875 1.82408 120 390 5.64425e-07
2.0295 1.82408 120 390 5.51855e-07
2.03026 1.82408 120 390 5.38894e-07
2.03101 1.82408 120 390 5.25481e-07
2.03176 1.82408 120 390 5.11478e-07
2.03251 1.82408 120 390 4.96844e-07
2.03326 1.82408 120 390 4.81588e-07
2.03401 1.82408 120 390 4.65445e-07
2.03476 1.82408 120 390 4.48474e-07
2.03551 1.82408 120 390 4.30432e-07
2.03626 1.82408 120 390 4.11311e-07
2.03701 1.82408 120 390 3.91031e-07
2.03776 1.82408 120 390 3.69555e-07
2.03851 1.82408 120 390 3.46789e-07
2.03926 1.82408 120 390 3.22755e-07
2.04001 1.82408 120 390 2.97499e-07
2.04076 1.82408 120 390 2.71268e-07
2.04151 1.82408 120 390 2.43982e-07
2.04226 1.82408 120 390 2.16087e-07
2.04301 1.82408 120 390 1.87963e-07
2.04376 1.82408 120 390 1.60419e-07
2.04451 1.82408 120 390 1.33752e-07
2.04526 1.82408 120 390 1.08976e-07
2.04601 1.82408 120 390 8.70303e-08
2.04676 1.82408 120 390 6.89209e-08
2.04751 1.82408 120 390 5.56569e-08
2.04826 1.82408 120 390 4.81822e-08
2.04901 1.82408 120 390 4.7303e-08
2.04976 1.82408 120 390 5.36264e-08
2.05051 1.82408 120 390 6.7506e-08
2.05126 1.82408 120 390 8.90448e-08
2.05201 1.82408 120 390 1.18046e-07
2.05276 1.82408 120 390 1.54005e-07
2.05351 1.82408 120 390 1.96112e-07
2.05426 1.82408 120 390 2.43193e-07
2.05501 1.82408 120 390 2.93738e-07
2.05576 1.82408 120 390 3.45935e-07
2.05651 1.82408 120 390 3.97772e-07
2.05726 1.82408 120 390 4.46979e-07
2.05801 1.82408 120 390 4.9207e-07
2.05876 1.82408 120 390 5.313e-07
2.05951 1.82408 120 390 5.63578e-07
2.06026 1.82408 120 390 5.88386e-07
2.06101 1.82408 120 390 6.0577e-07
2.06176 1.82408 120 390 6.16284e-07
2.06251 1.82408 120 390 6.20886e-07
2.06326 1.82408 120 390 6.2081e-07
2.06401 1.82408 120 390 6.17446e-07
2.06476 1.82408 120 390 6.12211e-07
2.06551 1.82408 120 390 6.06441e-07
2.06626 1.82408 120 390 6.01293e-07
2.06701 1.82408 120 390 5.9766e-07
2.06776 1.82408 120 390 5.96122e-07
2.06851 1.82408 120 390 5.96916e-07
2.06926 1.82408 120 390 5.99921e-07
2.07001 1.82408 120 390 6.04836e-07
2.07076 1.82408 120 390 6.11067e-07
2.07151 1.82408 120 390 6.17962e-07
2.07226 1.82408 120 390 6.2487e-07
2.07301 1.82408 120 390 6.31226e-07
2.07376 1.82408 120 390 6.36595e-07
2.07451 1.82408 120 390 6.4072e-07
2.07526 1.82408 120 390 6.43439e-07
2.07601 1.82408 120 390 6.44774e-07
2.07676 1.82408 120 390 6.44824e-07
2.07751 1.82408 120 390 6.43745e-07
2.07826 1.82408 120 390 6.41753e-07
2.07901 1.82408 120 390 6.39047e-07
2.07976 1.82408 120 390 6.35827e-07
2.08051 1.82408 120 390 6.32278e-07
2.08126 1.82408 120 390 6.28564e-07
2.08201 1.82408 120 390 6.24813e-07
2.08276 1.82408 120 390 6.21142e-07
2.08351 1.82408 120 390 6.17643e-07
2.08426 1.82408 120 390 6.14323e-07
2.08501 1.82408 120 390 6.11349e-07
2.08576 1.82408 120 390 6.08703e-07
2.08651 1.82408 120 390 6.06408e-07
2.08726 1.82408 120 390 6.04482e-07
2.08801 1.82408 120 390 6.02939e-07
2.08876 1.82408 120 390 6.01777e-07
2.08951 1.82408 120 390 6.01009e-07
2.09027 1.82408 120 390 6.00629e-07
2.09102 1.82408 120 390 6.00642e-07
2.09177 1.82408 120 390 6.01026e-07
2.09252 1.82408 120 390 6.01786e-07
2.09327 1.82408 120 390 6.02915e-07
2.09402 1.82408 120 390 6.04412e-07
2.09477 1.82408 120 390 6.06269e-07
2.09552 1.82408 120 390 6.08486e-07
2.09627 1.82408 120 390 6.11058e-07
2.09702 1.82408 120 390 6.13983e-07
2.09777 1.82408 120 390 6.17259e-07
2.09852 1.82408 120 390 6.20885e-07
2.09927 1.82408 120 390 6.24863e-07
2.10002 1.82408 120 390 6.29193e-07
2.10077 1.82408 120 390 6.33879e-07
2.10152 1.82408 120 390 6.38923e-07
2.10227 1.82408 120 390 6.44334e-07
2.10302 1.82408 120 390 6.50113e-07
2.10377 1.82408 120 390 6.56267e-07
2.10452 1.82408 120 390 6.62801e-07
2.10527 1.82408 120 390 6.69734e-07
2.10602 1.82408 120 390 6.77072e-07
2.10677 1.82408 120 390 6.84827e-07
2.10752 1.82408 120 390 6.93011e-07
2.10827 1.82408 120 390 7.01641e-07
2.10902 1.82408 120 390 7.10732e-07
2.10977 1.82408 120 390 7.20302e-07
2.11052 1.82408 120 390 7.3037e-07
2.11127 1.82408 120 390 7.40957e-07
2.11202 1.82408 120 390 7.52085e-07
2.11277 1.82408 120 390 7.63781e-07
2.11352 1.82408 120 390 7.76069e-07
2.11427 1.82408 120 390 7.88978e-07
2.11502 1.82408 120 390 8.02537e-07
2.11577 1.82408 120 390 8.16777e-07
2.11652 1.82408 120 390 8.31707e-07
2.11727 1.82408 120 390 8.47406e-07
2.11802 1.82408 120 390 8.63887e-07
2.11877 1.82408 120 390 8.81177e-07
2.11952 1.82408 120 390 8.99326e-07
2.12027 1.82408 120 390 9.18362e-07
2.12102 1.82408 120 390 9.38318e-07
2.12177 1.82408 120 390 9.59222e-07
2.12252 1.82408 120 390 9.81101e-07
2.12327 1.82408 120 390 1.00398e-06
2.12402 1.82408 120 390 1.02788e-06
2.12477 1.82408 120 390 1.05282e-06
2.12552 1.82408 120 390 1.07881e-06
2.12627 1.82408 120 390 1.10588e-06
2.12702 1.82408 120 390 1.13406e-06
2.12777 1.82408 120 390 1.1634e-06
2.12852 1.82408 120 390 1.19395e-06
2.12927 1.82408 120 390 1.22581e-06
2.13002 1.82408 120 390 1.25909e-06
2.13077 1.82408 120 390 1.29392e-06
2.13152 1.82408 120 390 1.33049e-06
2.13227 1.82408 120 390 1.36898e-06
2.13302 1.82408 120 390 1.40961e-06
2.13377 1.82408 120 390 1.45262e-06
2.13452 1.82408 120 390 1.49826e-06
2.13527 1.82408 120 390 1.54678e-06
2.13602 1.82408 120 390 1.59845e-06
2.13677 1.82408 120 390 1.65356e-06
2.13752 1.82408 120 390 1.71241e-06
2.13827 1.82408 120 390 1.7753e-06
2.13902 1.82408 120 390 1.84256e-06
2.13977 1.82408 120 390 1.91454e-06
2.14052 1.82408 120 390 1.99158e-06
2.14127 1.82408 120 390 2.07407e-06
2.14202 1.82408 120 390 2.16239e-06
2.14277 1.82408 120 390 2.25697e-06
2.14352 1.82408 120 390 2.35822e-06
2.14427 1.82408 120 390 2.46657e-06
2.14502 1.82408 120 390 2.58244e-06
2.14577 1.82408 120 390 2.70623e-06
2.14652 1.82408 120 390 2.83831e-06
2.14727 1.82408 120 390 2.97899e-06
2.14802 1.82408 120 390 3.12849e-06
2.14877 1.82408 120 390 3.28691e-06
2.14952 1.82408 120 390 3.45418e-06
2.15028 1.82408 120 390 3.63001e-06
2.15103 1.82408 120 390 3.81382e-06
2.15178 1.82408 120 390 4.00473e-06
2.15253 1.82408 120 390 4.20141e-06
2.15328 1.82408 120 390 4.40214e-06
2.15403 1.82408 120 390 4.60466e-06
2.15478 1.82408 120 390 4.80624e-06
2.15553 1.82408 120 390 5.00364e-06
2.15628 1.82408 120 390 5.19323e-06
2.15703 1.82408 120 390 5.37103e-06
2.15778 1.82408 120 390 5.53296e-06
2.15853 1.82408 120 390 5.67497e-06
2.15928 1.82408 120 390 5.7933e-06
2.16003 1.82408 120 390 5.88474e-06
2.16078 1.82408 120 390 5.9469e-06
2.16153 1.82408 120 390 5.97833e-06
2.16228 1.82408 120 390 5.97876e-06
2.16303 1.82408 120 390 5.94906e-06
2.16378 1.82408 120 390 5.89127e-06
2.16453 1.82408 120 390 5.8084e-06
2.16528 1.82408 120 390 5.70422e-06
2.16603 1.82408 120 390 5.58304e-06
2.16678 1.82408 120 390 5.44933e-06
2.16753 1.82408 120 390 5.30755e-06
2.16828 1.82408 120 390 5.16183e-06
2.16903 1.82408 120 390 5.01595e-06
2.16978 1.82408 120 390 4.87312e-06
2.17053 1.82408 120 390 4.73605e-06
2.17128 1.82408 120 390 4.60691e-06
2.17203 1.82408 120 390 4.48736e-06
2.17278 1.82408 120 390 4.37866e-06
2.17353 1.82408 120 390 4.28172e-06
2.17428 1.82408 120 390 4.19714e-06
2.17503 1.82408 120 390 4.12533e-06
2.17578 1.82408 120 390 4.06653e-06
2.17653 1.82408 120 390 4.0209e-06
2.17728 1.82408 120 390 3.98849e-06
2.17803 1.82408 120 390 3.96936e-06
2.17878 1.82408 120 390 3.96356e-06
2.17953 1.82408 120 390 3.97114e-06
2.18028 1.82408 120 390 3.9922e-06
2.18103 1.82408 120 390 4.02686e-06
2.18178 1.82408 120 390 4.07532e-06
2.18253 1.82408 120 390 4.13782e-06
2.18328 1.82408 120 390 4.21463e-06
2.18403 1.82408 120 390 4.30608e-06
2.18478 1.82408 120 390 4.41254e-06
2.18553 1.82408 120 390 4.53438e-06
2.18628 1.82408 120 390 4.67199e-06
2.18703 1.82408 120 390 4.82566e-06
2.18778 1.82408 120 390 4.99571e-06
2.18853 1.82408 120 390 5.18224e-06
2.18928 1.82408 120 390 5.38518e-06
2.19003 1.82408 120 390 5.60415e-06
2.19078 1.82408 120 390 5.83847e-06
2.19153 1.82408 120 390 6.08684e-06
2.19228 1.82408 120 390 6.34752e-06
2.19303 1.82408 120 390 6.61789e-06
2.19378 1.82408 120 390 6.89457e-06
2.19453 1.82408 120 390 7.17318e-06
2.19528 1.82408 120 390 7.44844e-06
2.19603 1.82408 120 390 7.71414e-06
2.19678 1.82408 120 390 7.96329e-06
2.19753 1.82408 120 390 8.18851e-06
2.19828 1.82408 120 390 8.38231e-06
2.19903 1.82408 120 390 8.53774e-06
2.19978 1.82408 120 390 8.64879e-06
2.20053 1.82408 120 390 8.71113e-06
2.20128 1.82408 120 390 8.72246e-06
2.20203 1.82408 120 390 8.68274e-06
2.20278 1.82408 120 390 8.59424e-06
2.20353 1.82408 120 390 8.46125e-06
2.20428 1.82408 120 390 8.28984e-06
2.20503 1.82408 120 390 8.08709e-06
2.20578 1.82408 120 390 7.86051e-06
2.20653 1.82408 120 390 7.61774e-06
2.20728 1.82408 120 390 7.36597e-06
2.20803 1.82408 120 390 7.11164e-06
2.20878 1.82408 120 390 6.86024e-06
2.20953 1.82408 120 390 6.61639e-06
2.21029 1.82408 120 390 6.38371e-06
2.21104 1.82408 120 390 6.165e-06
2.21179 1.82408 120 390 5.96227e-06
2.21254 1.82408 120 390 5.77698e-06
2.21329 1.82408 120 390 5.61003e-06
2.21404 1.82408 120 390 5.46198e-06
2.21479 1.82408 120 390 5.33309e-06
2.21554 1.82408 120 390 5.22345e-06
2.21629 1.82408 120 390 5.13297e-06
2.21704 1.82408 120 390 5.0615e-06
2.21779 1.82408 120 390 5.00888e-06
2.21854 1.82408 120 390 4.97486e-06
2.21929 1.82408 120 390 4.95923e-06
2.22004 1.82408 120 390 4.96172e-06
2.22079 1.82408 120 390 4.98208e-06
2.22154 1.82408 120 390 5.02001e-06
2.22229 1.82408 120 390 5.07514e-06
2.22304 1.82408 120 390 5.147e-06
2.22379 1.82408 120 390 5.23493e-06
2.22454 1.82408 120 390 5.33808e-06
2.22529 1.82408 120 390 5.45532e-06
2.22604 1.82408 120 390 5.58513e-06
2.22679 1.82408 120 390 5.72558e-06
2.22754 1.82408 120 390 5.87422e-06
2.22829 1.82408 120 390 6.02809e-06
2.22904 1.82408 120 390 6.18367e-06
2.22979 1.82408 120 390 6.33691e-06
2.23054 1.82408 120 390 6.48338e-06
2.23129 1.82408 120 390 6.6184e-06
2.23204 1.82408 120 390 6.73727e-06
2.23279 1.82408 120 390 6.83556e-06
2.23354 1.82408 120 390 6.91157e-06
2.23429 1.82408 120 390 6.95817e-06
2.23504 1.82408 120 390 6.97506e-06
2.23579 1.82408 120 390 6.96125e-06
2.23654 1.82408 120 390 6.9168e-06
2.23729 1.82408 120 390 6.84276e-06
2.23804 1.82408 120 390 6.741e-06
2.23879 1.82408 120 390 6.61378e-06
2.23954 1.82408 120 390 6.46391e-06
2.24029 1.82408 120 390 6.29433e-06
2.24104 1.82408 120 390 6.10808e-06
2.24179 1.82408 120 390 5.90818e-06
2.24254 1.82408 120 390 5.69767e-06
2.24329 1.82408 120 390 5.47949e-06
2.24404 1.82408 120 390 5.25649e-06
2.24479 1.82408 120 390 5.03134e-06
2.24554 1.82408 120 390 4.80651e-06
2.24629 1.82408 120 390 4.58423e-06
2.24704 1.82408 120 390 4.36635e-06
2.24779 1.82408 120 390 4.15446e-06
2.24854 1.82408 120 390 3.94976e-06
2.24929 1.82408 120 390 3.75316e-06
2.25004 1.82408 120 390 3.56526e-06
2.25079 1.82408 120 390 3.38644e-06
2.25154 1.82408 120 390 3.2167e-06
2.25229 1.82408 120 390 3.05604e-06
2.25304 1.82408 120 390 2.90427e-06
2.25379 1.82408 120 390 2.76105e-06
2.25454 1.82408 120 390 2.62601e-06
2.25529 1.82408 120 390 2.49874e-06
2.25604 1.82408 120 390 2.37881e-06
2.25679 1.82408 120 390 2.26575e-06
2.25754 1.82408 120 390 2.15912e-06
2.25829 1.82408 120 390 2.05852e-06
2.25904 1.82408 120 390 1.96358e-06
2.25979 1.82408 120 390 1.87399e-06
2.26054 1.82408 120 390 1.78944e-06
2.26129 1.82408 120 390 1.70975e-06
2.26204 1.82408 120 390 1.6348e-06
2.26279 1.82408 120 390 1.56443e-06
2.26354 1.82408 120 390 1.49868e-06
2.26429 1.82408 120 390 1.43758e-06
2.26504 1.82408 120 390 1.3812e-06
2.26579 1.82408 120 390 1.32966e-06
2.26654 1.82408 120 390 1.28302e-06
2.26729 1.82408 120 390 1.24131e-06
2.26804 1.82408 120 390 1.20444e-06
2.26879 1.82408 120 390 1.17231e-06
2.26954 1.82408 120 390 1.14388e-06
2.2703 1.82408 120 390 1.1201e-06
2.27105 1.82408 120 390 1.09973e-06
2.2718 1.82408 120 390 1.0821e-06
2.27255 1.82408 120 390 1.06654e-06
2.2733 1.82408 120 390 1.05237e-06
2.27405 1.82408 120 390 1.03897e-06
2.2748 1.82408 120 390 1.02589e-06
2.27555 1.82408 120 390 1.01271e-06
2.2763 1.82408 120 390 9.99174e-07
2.27705 1.82408 120 390 9.85132e-07
2.2778 1.82408 120 390 9.70508e-07
2.27855 1.82408 120 390 9.55371e-07
2.2793 1.82408 120 390 9.3975e-07
2.28005 1.82408 120 390 9.2379e-07
2.2808 1.82408 120 390 9.07589e-07
2.28155 1.82408 120 390 8.91267e-07
2.2823 1.82408 120 390 8.74939e-07
2.28305 1.82408 120 390 8.58706e-07
2.2838 1.82408 120 390 8.42655e-07
2.28455 1.82408 120 390 8.26856e-07
2.2853 1.82408 120 390 8.11366e-07
2.28605 1.82408 120 390 7.96226e-07
2.2868 1.82408 120 390 7.81464e-07
2.28755 1.82408 120 390 7.67098e-07
2.2883 1.82408 120 390 7.53136e-07
2.28905 1.82408 120 390 7.39579e-07
2.2898 1.82408 120 390 7.26414e-07
2.29055 1.82408 120 390 7.13637e-07
2.2913 1.82408 120 390 7.01238e-07
2.29205 1.82408 120 390 6.89204e-07
2.2928 1.82408 120 390 6.77491e-07
2.29355 1.82408 120 390 6.66083e-07
2.2943 1.82408 120 390 6.54958e-07
2.29505 1.82408 120 390 6.44086e-07
2.2958 1.82408 120 390 6.33457e-07
2.29655 1.82408 120 390 6.23006e-07
2.2973 1.82408 120 390 6.12718e-07
2.29805 1.82408 120 390 6.02577e-07
2.2988 1.82408 120 390 5.92516e-07
2.29955 1.82408 120 390 5.82517e-07
2.3003 1.82408 120 390 5.72542e-07
2.30105 1.82408 120 390 5.62555e-07
2.3018 1.82408 120 390 5.52518e-07
2.30255 1.82408 120 390 5.42392e-07
2.3033 1.82408 120 390 5.32171e-07
2.30405 1.82408 120 390 5.21754e-07
2.3048 1.82408 120 390 5.11136e-07
2.30555 1.82408 120 390 5.00339e-07
2.3063 1.82408 120 390 4.89225e-07
2.30705 1.82408 120 390 4.77826e-07
2.3078 1.82408 120 390 4.66129e-07
2.30855 1.82408 120 390 4.54135e-07
2.3093 1.82408 120 390 4.41863e-07
2.31005 1.82408 120 390 4.29455e-07
2.3108 1.82408 120 390 4.16791e-07
2.31155 1.82408 120 390 4.04078e-07
2.3123 1.82408 120 390 3.91471e-07
2.31305 1.82408 120 390 3.79152e-07
2.3138 1.82408 120 390 3.67438e-07
2.31455 1.82408 120 390 3.56662e-07
2.3153 1.82408 120 390 3.47222e-07
2.31605 1.82408 120 390 3.39586e-07
2.3168 1.82408 120 390 3.34275e-07
2.31755 1.82408 120 390 3.31912e-07
2.3183 1.82408 120 390 3.32866e-07
2.31905 1.82408 120 390 3.37733e-07
2.3198 1.82408 120 390 3.46847e-07
2.32055 1.82408 120 390 3.60477e-07
2.3213 1.82408 120 390 3.78608e-07
2.32205 1.82408 120 390 4.00997e-07
2.3228 1.82408 120 390 4.27147e-07
2.32355 1.82408 120 390 4.56218e-07
2.3243 1.82408 120 390 4.87521e-07
2.32505 1.82408 120 390 5.19934e-07
2.3258 1.82408 120 390 5.52427e-07
2.32655 1.82408 120 390 5.84052e-07
2.3273 1.82408 120 390 6.13971e-07
2.32805 1.82408 120 390 6.41566e-07
2.3288 1.82408 120 390 6.66413e-07
2.32955 1.82408 120 390 6.88289e-07
2.33031 1.82408 120 390 7.07133e-07
2.33106 1.82408 120 390 7.2307e-07
2.33181 1.82408 120 390 7.36281e-07
2.33256 1.82408 120 390 7.47027e-07
2.33331 1.82408 120 390 7.55565e-07
2.33406 1.82408 120 390 7.62302e-07
2.33481 1.82408 120 390 7.675e-07
2.33556 1.82408 120 390 7.71481e-07
2.33631 1.82408 120 390 7.74541e-07
2.33706 1.82408 120 390 7.7697e-07
2.33781 1.82408 120 390 7.79055e-07
2.33856 1.82408 120 390 7.81063e-07
2.33931 1.82408 120 390 7.83308e-07
2.34006 1.82408 120 390 7.8606e-07
2.34081 1.82408 120 390 7.89612e-07
2.34156 1.82408 120 390 7.94266e-07
2.34231 1.82408 120 390 8.00325e-07
2.34306 1.82408 120 390 8.08101e-07
2.34381 1.82408 120 390 8.17895e-07
2.34456 1.82408 120 390 8.29989e-07
2.34531 1.82408 120 390 8.44633e-07
2.34606 1.82408 120 390 8.62013e-07
2.34681 1.82408 120 390 8.82237e-07
2.34756 1.82408 120 390 9.05298e-07
2.34831 1.82408 120 390 9.31109e-07
2.34906 1.82408 120 390 9.59408e-07
2.34981 1.82408 120 390 9.89873e-07
2.35056 1.82408 120 390 1.02207e-06
2.35131 1.82408 120 390 1.05552e-06
2.35206 1.82408 120 390 1.08971e-06
2.35281 1.82408 120 390 1.1242e-06
2.35356 1.82408 120 390 1.15861e-06
2.35431 1.82408 120 390 1.19268e-06
2.35506 1.82408 120 390 1.22627e-06
2.35581 1.82408 120 390 1.25937e-06
2.35656 1.82408 120 390 1.29211e-06
2.35731 1.82408 120 390 1.32468e-06
2.35806 1.82408 120 390 1.35739e-06
2.35881 1.82408 120 390 1.39057e-06
2.35956 1.82408 120 390 1.42461e-06
2.36031 1.82408 120 390 1.45988e-06
2.36106 1.82408 120 390 1.49675e-06
2.36181 1.82408 120 390 1.53557e-06
2.36256 1.82408 120 390 1.57664e-06
2.36331 1.82408 120 390 1.62026e-06
2.36406 1.82408 120 390 1.66664e-06
2.36481 1.82408 120 390 1.716e-06
2.36556 1.82408 120 390 1.76882e-06
2.36631 1.82408 120 390 1.8246e-06
2.36706 1.82408 120 390 1.88376e-06
2.36781 1.82408 120 390 1.94641e-06
2.36856 1.82408 120 390 2.01263e-06
2.36931 1.82408 120 390 2.08248e-06
2.37006 1.82408 120 390 2.15603e-06
2.37081 1.82408 120 390 2.23326e-06
2.37156 1.82408 120 390 2.31415e-06
2.37231 1.82408 120 390 2.39859e-06
2.37306 1.82408 120 390 2.48637e-06
2.37381 1.82408 120 390 2.57712e-06
2.37456 1.82408 120 390 2.67031e-06
2.37531 1.82408 120 390 2.76517e-06
2.37606 1.82408 120 390 2.86069e-06
2.37681 1.82408 120 390 2.95561e-06
2.37756 1.82408 120 390 3.04838e-06
2.37831 1.82408 120 390 3.13721e-06
2.37906 1.82408 120 390 3.22012e-06
2.37981 1.82408 120 390 3.29499e-06
2.38056 1.82408 120 390 3.35973e-06
2.38131 1.82408 120 390 3.41234e-06
2.38206 1.82408 120 390 3.45107e-06
2.38281 1.82408 120 390 3.4746e-06
2.38356 1.82408 120 390 3.48208e-06
2.38431 1.82408 120 390 3.47329e-06
2.38506 1.82408 120 390 3.44858e-06
2.38581 1.82408 120 390 3.4089e-06
2.38656 1.82408 120 390 3.3557e-06
2.38731 1.82408 120 390 3.29079e-06
2.38806 1.82408 120 390 3.21625e-06
2.38881 1.82408 120 390 3.13426e-06
2.38956 1.82408 120 390 3.04701e-06
2.39032 1.82408 120 390 2.95648e-06
2.39107 1.82408 120 390 2.86451e-06
2.39182 1.82408 120 390 2.7727e-06
2.39257 1.82408 120 390 2.68235e-06
2.39332 1.82408 120 390 2.59447e-06
2.39407 1.82408 120 390 2.50983e-06
2.39482 1.82408 120 390 2.42893e-06
2.39557 1.82408 120 390 2.35206e-06
2.39632 1.82408 120 390 2.27932e-06
2.39707 1.82408 120 390 2.21064e-06
2.39782 1.82408 120 390 2.14582e-06
2.39857 1.82408 120 390 2.08457e-06
2.39932 1.82408 120 390 2.02653e-06
2.40007 1.82408 120 390 1.97133e-06
2.40082 1.82408 120 390 1.91854e-06
2.40157 1.82408 120 390 1.86781e-06
2.40232 1.82408 120 390 1.81879e-06
2.40307 1.82408 120 390 1.77122e-06
2.40382 1.82408 120 390 1.72491e-06
2.40457 1.82408 120 390 1.67975e-06
2.40532 1.82408 120 390 1.6357e-06
2.40607 1.82408 120 390 1.59279e-06
2.40682 1.82408 120 390 1.55113e-06
2.40757 1.82408 120 390 1.51081e-06
2.40832 1.82408 120 390 1.472e-06
2.40907 1.82408 120 390 1.43484e-06
2.40982 1.82408 120 390 1.39945e-06
2.41057 1.82408 120 390 1.36593e-06
2.41132 1.82408 120 390 1.33437e-06
2.41207 1.82408 120 390 1.30481e-06
2.41282 1.82408 120 390 1.27724e-06
2.41357 1.82408 120 390 1.25165e-06
2.41432 1.82408 120 390 1.22799e-06
2.41507 1.82408 120 390 1.20618e-06
2.41582 1.82408 120 390 1.18614e-06
2.41657 1.82408 120 390 1.16776e-06
2.41732 1.82408 120 390 1.15092e-06
2.41807 1.82408 120 390 1.13549e-06
2.41882 1.82408 120 390 1.12135e-06
2.41957 1.82408 120 390 1.10835e-06
2.42032 1.82408 120 390 1.09635e-06
2.42107 1.82408 120 390 1.0852e-06
2.42182 1.82408 120 390 1.07475e-06
2.42257 1.82408 120 390 1.06487e-06
2.42332 1.82408 120 390 1.05543e-06
2.42407 1.82408 120 390 1.04631e-06
2.42482 1.82408 120 390 1.03744e-06
2.42557 1.82408 120 390 1.02874e-06
2.42632 1.82408 120 390 1.02017e-06
2.42707 1.82408 120 390 1.01172e-06
2.42782 1.82408 120 390 1.00341e-06
2.42857 1.82408 120 390 9.95269e-07
2.42932 1.82408 120 390 9.87362e-07
2.43007 1.82408 120 390 9.79751e-07
2.43082 1.82408 120 390 9.72516e-07
2.43157 1.82408 120 390 9.65734e-07
2.43232 1.82408 120 390 9.59482e-07
2.43307 1.82408 120 390 9.53832e-07
2.43382 1.82408 120 390 9.48849e-07
2.43457 1.82408 120 390 9.4459e-07
2.43532 1.82408 120 390 9.41104e-07
2.43607 1.82408 120 390 9.38431e-07
2.43682 1.82408 120 390 9.36604e-07
2.43757 1.82408 120 390 9.35651e-07
2.43832 1.82408 120 390 9.35591e-07
2.43907 1.82408 120 390 9.36442e-07
2.43982 1.82408 120 390 9.38217e-07
2.44057 1.82408 120 390 9.40928e-07
2.44132 1.82408 120 390 9.44586e-07
2.44207 1.82408 120 390 9.49202e-07
2.44282 1.82408 120 390 9.54786e-07
2.44357 1.82408 120 390 9.61349e-07
2.44432 1.82408 120 390 9.69003e-07
2.44507 1.82408 120 390 9.77566e-07
2.44582 1.82408 120 390 9.87158e-07
2.44657 1.82408 120 390 9.97799e-07
2.44732 1.82408 120 390 1.00951e-06
2.44807 1.82408 120 390 1.02233e-06
2.44882 1.82408 120 390 1.03629e-06
2.44957 1.82408 120 390 1.05141e-06
2.45033 1.82408 120 390 1.06774e-06
2.45108 1.82408 120 390 1.08534e-06
2.45183 1.82408 120 390 1.10423e-06
2.45258 1.82408 120 390 1.12449e-06
2.45333 1.82408 120 390 1.14616e-06
2.45408 1.82408 120 390 1.16932e-06
2.45483 1.82408 120 390 1.19405e-06
2.45558 1.82408 120 390 1.22041e-06
2.45633 1.82408 120 390 1.24851e-06
2.45708 1.82408 120 390 1.27843e-06
2.45783 1.82408 120 390 1.31028e-06
2.45858 1.82408 120 390 1.34417e-06
2.45933 1.82408 120 390 1.38023e-06
2.46008 1.82408 120 390 1.41858e-06
2.46083 1.82408 120 390 1.45936e-06
2.46158 1.82408 120 390 1.50275e-06
2.46233 1.82408 120 390 1.54889e-06
2.46308 1.82408 120 390 1.59798e-06
2.46383 1.82408 120 390 1.6502e-06
2.46458 1.82408 120 390 1.70576e-06
2.46533 1.82408 120 390 1.76489e-06
2.46608 1.82408 120 390 1.82784e-06
2.46683 1.82408 120 390 1.89485e-06
2.46758 1.82408 120 390 1.96619e-06
2.46833 1.82408 120 390 2.04214e-06
2.46908 1.82408 120 390 2.12302e-06
2.46983 1.82408 120 390 2.20912e-06
2.47058 1.82408 120 390 2.30078e-06
2.47133 1.82408 120 390 2.39831e-06
2.47208 1.82408 120 390 2.50204e-06
2.47283 1.82408 120 390 2.6123e-06
2.47358 1.82408 120 390 2.72939e-06
2.47433 1.82408 120 390 2.85358e-06
2.47508 1.82408 120 390 2.98511e-06
2.47583 1.82408 120 390 3.12415e-06
2.47658 1.82408 120 390 3.27076e-06
2.47733 1.82408 120 390 3.42493e-06
2.47808 1.82408 120 390 3.58646e-06
2.47883 1.82408 120 390 3.755e-06
2.47958 1.82408 120 390 3.92991e-06
2.48033 1.82408 120 390 4.11034e-06
2.48108 1.82408 120 390 4.29508e-06
2.48183 1.82408 120 390 4.48256e-06
2.48258 1.82408 120 390 4.67084e-06
2.48333 1.82408 120 390 4.85756e-06
2.48408 1.82408 120 390 5.03995e-06
2.48483 1.82408 120 390 5.21493e-06
2.48558 1.82408 120 390 5.37909e-06
2.48633 1.82408 120 390 5.52893e-06
2.48708 1.82408 120 390 5.66091e-06
2.48783 1.82408 120 390 5.77174e-06
2.48858 1.82408 120 390 5.85851e-06
2.48933 1.82408 120 390 5.91894e-06
2.49008 1.82408 120 390 5.95158e-06
2.49083 1.82408 120 390 5.95583e-06
2.49158 1.82408 120 390 5.93209e-06
2.49233 1.82408 120 390 5.88169e-06
2.49308 1.82408 120 390 5.80675e-06
2.49383 1.82408 120 390 5.71012e-06
2.49458 1.82408 120 390 5.5951e-06
2.49533 1.82408 120 390 5.4652e-06
2.49608 1.82408 120 390 5.32406e-06
2.49683 1.82408 120 390 5.17521e-06
2.49758 1.82408 120 390 5.02194e-06
2.49833 1.82408 120 390 4.8672e-06
2.49908 1.82408 120 390 4.71357e-06
2.49983 1.82408 120 390 4.56324e-06
2.50058 1.82408 120 390 4.41798e-06
2.50133 1.82408 120 390 4.27919e-06
2.50208 1.82408 120 390 4.14798e-06
2.50283 1.82408 120 390 4.02511e-06
2.50358 1.82408 120 390 3.91113e-06
2.50433 1.82408 120 390 3.80639e-06
2.50508 1.82408 120 390 3.71107e-06
2.50583 1.82408 120 390 3.6252e-06
2.50658 1.82408 120 390 3.54872e-06
2.50733 1.82408 120 390 3.48153e-06
2.50808 1.82408 120 390 3.42345e-06
2.50883 1.82408 120 390 3.3743e-06
2.50958 1.82408 120 390 3.33388e-06
2.51034 1.82408 120 390 3.302e-06
2.51109 1.82408 120 390 3.2785e-06
2.51184 1.82408 120 390 3.26324e-06
2.51259 1.82408 120 390 3.25611e-06
2.51334 1.82408 120 390 3.2567e-06
2.51409 1.82408 120 390 3.2656e-06
2.51484 1.82408 120 390 3.2825e-06
2.51559 1.82408 120 390 3.30737e-06
2.51634 1.82408 120 390 3.34015e-06
2.51709 1.82408 120 390 3.38077e-06
2.51784 1.82408 120 390 3.42905e-06
2.51859 1.82408 120 390 3.48472e-06
2.51934 1.82408 120 390 3.54738e-06
2.52009 1.82408 120 390 3.61646e-06
2.52084 1.82408 120 390 3.6912e-06
2.52159 1.82408 120 390 3.77062e-06
2.52234 1.82408 120 390 3.8535e-06
2.52309 1.82408 120 390 3.93836e-06
2.52384 1.82408 120 390 4.02349e-06
2.52459 1.82408 120 390 4.1069e-06
2.52534 1.82408 120 390 4.18644e-06
2.52609 1.82408 120 390 4.25977e-06
2.52684 1.82408 120 390 4.32452e-06
2.52759 1.82408 120 390 4.37835e-06
2.52834 1.82408 120 390 4.41908e-06
2.52909 1.82408 120 390 4.44484e-06
2.52984 1.82408 120 390 4.45419e-06
2.53059 1.82408 120 390 4.44621e-06
2.53134 1.82408 120 390 4.42058e-06
2.53209 1.82408 120 390 4.37762e-06
2.53284 1.82408 120 390 4.31821e-06
2.53359 1.82408 120 390 4.24378e-06
2.53434 1.82408 120 390 4.15617e-06
2.53509 1.82408 120 390 4.05749e-06
2.53584 1.82408 120 390 3.95003e-06
2.53659 1.82408 120 390 3.83609e-06
2.53734 1.82408 120 390 3.71788e-06
2.53809 1.82408 120 390 3.5975e-06
2.53884 1.82408 120 390 3.47669e-06
2.53959 1.82408 120 390 3.35711e-06
2.54034 1.82408 120 390 3.24001e-06
2.54109 1.82408 120 390 3.12644e-06
2.54184 1.82408 120 390 3.01722e-06
2.54259 1.82408 120 390 2.91291e-06
2.54334 1.82408 120 390 2.81388e-06
2.54409 1.82408 120 390 2.72035e-06
2.54484 1.82408 120 390 2.63235e-06
2.54559 1.82408 120 390 2.54983e-06
2.54634 1.82408 120 390 2.47256e-06
2.54709 1.82408 120 390 2.4003e-06
2.54784 1.82408 120 390 2.33272e-06
2.54859 1.82408 120 390 2.26942e-06
2.54934 1.82408 120 390 2.20993e-06
2.55009 1.82408 120 390 2.1538e-06
2.55084 1.82408 120 390 2.10055e-06
2.55159 1.82408 120 390 2.04969e-06
2.55234 1.82408 120 390 2.00077e-06
2.55309 1.82408 120 390 1.95335e-06
2.55384 1.82408 120 390 1.90706e-06
2.55459 1.82408 120 390 1.86159e-06
2.55534 1.82408 120 390 1.81668e-06
2.55609 1.82408 120 390 1.77218e-06
2.55684 1.82408 120 390 1.72799e-06
2.55759 1.82408 120 390 1.68408e-06
2.55834 1.82408 120 390 1.6405e-06
2.55909 1.82408 120 390 1.59732e-06
2.55984 1.82408 120 390 1.55468e-06
2.56059 1.82408 120 390 1.51272e-06
2.56134 1.82408 120 390 1.47158e-06
2.56209 1.82408 120 390 1.43142e-06
2.56284 1.82408 120 390 1.39237e-06
2.56359 1.82408 120 390 1.35455e-06
2.56434 1.82408 120 390 1.31808e-06
2.56509 1.82408 120 390 1.28301e-06
2.56584 1.82408 120 390 1.24939e-06
2.56659 1.82408 120 390 1.21728e-06
2.56734 1.82408 120 390 1.18667e-06
2.56809 1.82408 120 390 1.15757e-06
2.56884 1.82408 120 390 1.12996e-06
2.56959 1.82408 120 390 1.10381e-06
2.57035 1.82408 120 390 1.07909e-06
2.5711 1.82408 120 390 1.05576e-06
2.57185 1.82408 120 390 1.03377e-06
2.5726 1.82408 120 390 1.01306e-06
2.57335 1.82408 120 390 9.93592e-07
2.5741 1.82408 120 390 9.75326e-07
2.57485 1.82408 120 390 9.58177e-07
2.5756 1.82408 120 390 9.42112e-07
2.57635 1.82408 120 390 9.27085e-07
2.5771 1.82408 120 390 9.1305e-07
2.57785 1.82408 120 390 8.9997e-07
2.5786 1.82408 120 390 8.87809e-07
2.57935 1.82408 120 390 8.76537e-07
2.5801 1.82408 120 390 8.66134e-07
2.58085 1.82408 120 390 8.56585e-07
2.5816 1.82408 120 390 8.47887e-07
2.58235 1.82408 120 390 8.4005e-07
2.5831 1.82408 120 390 8.33087e-07
2.58385 1.82408 120 390 8.27056e-07
2.5846 1.82408 120 390 8.22007e-07
2.58535 1.82408 120 390 8.18025e-07
2.5861 1.82408 120 390 8.15204e-07
2.58685 1.82408 120 390 8.13711e-07
2.5876 1.82408 120 390 8.13706e-07
2.58835 1.82408 120 390 8.1539e-07
2.5891 1.82408 120 390 8.19017e-07
2.58985 1.82408 120 390 8.24857e-07
2.5906 1.82408 120 390 8.33214e-07
2.59135 1.82408 120 390 8.44415e-07
2.5921 1.82408 120 390 8.58792e-07
2.59285 1.82408 120 390 8.76673e-07
2.5936 1.82408 120 390 8.98356e-07
2.59435 1.82408 120 390 9.2409e-07
2.5951 1.82408 120 390 9.54053e-07
2.59585 1.82408 120 390 9.88333e-07
2.5966 1.82408 120 390 1.0269e-06
2.59735 1.82408 120 390 1.06965e-06
2.5981 1.82408 120 390 1.11633e-06
2.59885 1.82408 120 390 1.16665e-06
2.5996 1.82408 120 390 1.22022e-06
2.60035 1.82408 120 390 1.27665e-06
2.6011 1.82408 120 390 1.33555e-06
2.60185 1.82408 120 390 1.39653e-06
2.6026 1.82408 120 390 1.45931e-06
2.60335 1.82408 120 390 1.52361e-06
2.6041 1.82408 120 390 1.58926e-06
2.60485 1.82408 120 390 1.65609e-06
2.6056 1.82408 120 390 1.72401e-06
2.60635 1.82408 120 390 1.79288e-06
2.6071 1.82408 120 390 1.86254e-06
2.60785 1.82408 120 390 1.93279e-06
2.6086 1.82408 120 390 2.00331e-06
2.60935 1.82408 120 390 2.07369e-06
2.6101 1.82408 120 390 2.14337e-06
2.61085 1.82408 120 390 2.21164e-06
2.6116 1.82408 120 390 2.27763e-06
2.61235 1.82408 120 390 2.34037e-06
2.6131 1.82408 120 390 2.39873e-06
2.61385 1.82408 120 390 2.45155e-06
2.6146 1.82408 120 390 2.49758e-06
2.61535 1.82408 120 390 2.53566e-06
2.6161 1.82408 120 390 2.56471e-06
2.61685 1.82408 120 390 2.58385e-06
2.6176 1.82408 120 390 2.5924e-06
2.61835 1.82408 120 390 2.58999e-06
2.6191 1.82408 120 390 2.5766e-06
2.61985 1.82408 120 390 2.5525e-06
2.6206 1.82408 120 390 2.51826e-06
2.62135 1.82408 120 390 2.47475e-06
2.6221 1.82408 120 390 2.42305e-06
2.62285 1.82408 120 390 2.36432e-06
2.6236 1.82408 120 390 2.29987e-06
2.62435 1.82408 120 390 2.23099e-06
2.6251 1.82408 120 390 2.15894e-06
2.62585 1.82408 120 390 2.08489e-06
2.6266 1.82408 120 390 2.00987e-06
2.62735 1.82408 120 390 1.9348e-06
2.6281 1.82408 120 390 1.86044e-06
2.62885 1.82408 120 390 1.78745e-06
2.6296 1.82408 120 390 1.71631e-06
2.63036 1.82408 120 390 1.64741e-06
2.63111 1.82408 120 390 1.58101e-06
2.63186 1.82408 120 390 1.51731e-06
2.63261 1.82408 120 390 1.45644e-06
2.63336 1.82408 120 390 1.39842e-06
2.63411 1.82408 120 390 1.34329e-06
2.63486 1.82408 120 390 1.29099e-06
2.63561 1.82408 120 390 1.24149e-06
2.63636 1.82408 120 390 1.19471e-06
2.63711 1.82408 120 390 1.15056e-06
2.63786 1.82408 120 390 1.10897e-06
2.63861 1.82408 120 390 1.06985e-06
2.63936 1.82408 120 390 1.03313e-06
2.64011 1.82408 120 390 9.98739e-07
2.64086 1.82408 120 390 9.66607e-07
2.64161 1.82408 120 390 9.36701e-07
2.64236 1.82408 120 390 9.08992e-07
2.64311 1.82408 120 390 8.83461e-07
2.64386 1.82408 120 390 8.60095e-07
2.64461 1.82408 120 390 8.38887e-07
2.64536 1.82408 120 390 8.19864e-07
2.64611 1.82408 120 390 8.02985e-07
2.64686 1.82408 120 390 7.88231e-07
2.64761 1.82408 120 390 7.7555e-07
2.64836 1.82408 120 390 7.64583e-07
2.64911 1.82408 120 390 7.55731e-07
2.64986 1.82408 120 390 7.48586e-07
2.65061 1.82408 120 390 7.42949e-07
2.65136 1.82408 120 390 7.38588e-07
2.65211 1.82408 120 390 7.35248e-07
2.65286 1.82408 120 390 7.32661e-07
2.65361 1.82408 120 390 7.30561e-07
2.65436 1.82408 120 390 7.28697e-07
2.65511 1.82408 120 390 7.26842e-07
2.65586 1.82408 120 390 7.24802e-07
2.65661 1.82408 120 390 7.22425e-07
2.65736 1.82408 120 390 7.19588e-07
2.65811 1.82408 120 390 7.16215e-07
2.65886 1.82408 120 390 7.12259e-07
2.65961 1.82408 120 390 7.07693e-07
2.66036 1.82408 120 390 7.02547e-07
2.66111 1.82408 120 390 6.96835e-07
2.66186 1.82408 120 390 6.906e-07
2.66261 1.82408 120 390 6.83896e-07
2.66336 1.82408 120 390 6.76787e-07
2.66411 1.82408 120 390 6.69343e-07
2.66486 1.82408 120 390 6.61638e-07
2.66561 1.82408 120 390 6.53749e-07
2.66636 1.82408 120 390 6.45751e-07
2.66711 1.82408 120 390 6.37718e-07
2.66786 1.82408 120 390 6.29721e-07
2.66861 1.82408 120 390 6.21821e-07
2.66936 1.82408 120 390 6.14082e-07
2.67011 1.82408 120 390 6.06552e-07
2.67086 1.82408 120 390 5.99277e-07
2.67161 1.82408 120 390 5.92292e-07
2.67236 1.82408 120 390 5.85629e-07
2.67311 1.82408 120 390 5.79313e-07
2.67386 1.82408 120 390 5.73361e-07
2.67461 1.82408 120 390 5.67787e-07
2.67536 1.82408 120 390 5.62601e-07
2.67611 1.82408 120 390 5.57807e-07
2.67686 1.82408 120 390 5.53407e-07
2.67761 1.82408 120 390 5.494e-07
2.67836 1.82408 120 390 5.45784e-07
2.67911 1.82408 120 390 5.42551e-07
2.67986 1.82408 120 390 5.39696e-07
2.68061 1.82408 120 390 5.37519e-07
2.68136 1.82408 120 390 5.3538e-07
2.68211 1.82408 120 390 5.33588e-07
2.68286 1.82408 120 390 5.32133e-07
2.68361 1.82408 120 390 5.31002e-07
2.68436 1.82408 120 390 5.30186e-07
2.68511 1.82408 120 390 5.29664e-07
2.68586 1.82408 120 390 5.29426e-07
2.68661 1.82408 120 390 5.29457e-07
2.68736 1.82408 120 390 5.29753e-07
2.68811 1.82408 120 390 5.30301e-07
2.68886 1.82408 120 390 5.31098e-07
2.68961 1.82408 120 390 5.32128e-07
2.69037 1.82408 120 390 5.33394e-07
2.69112 1.82408 120 390 5.34896e-07
2.69187 1.82408 120 390 5.36636e-07
2.69262 1.82408 120 390 5.38621e-07
2.69337 1.82408 120 390 5.40858e-07
2.69412 1.82408 120 390 5.43358e-07
2.69487 1.82408 120 390 5.46131e-07
2.69562 1.82408 120 390 5.49195e-07
2.69637 1.82408 120 390 5.52551e-07
2.69712 1.82408 120 390 5.56215e-07
2.69787 1.82408 120 390 5.60199e-07
2.69862 1.82408 120 390 5.64512e-07
2.69937 1.82408 120 390 5.69162e-07
2.70012 1.82408 120 390 5.74154e-07
2.70087 1.82408 120 390 5.7949e-07
2.70162 1.82408 120 390 5.85171e-07
2.70237 1.82408 120 390 5.91192e-07
2.70312 1.82408 120 390 5.97545e-07
2.70387 1.82408 120 390 6.04229e-07
2.70462 1.82408 120 390 6.11201e-07
2.70537 1.82408 120 390 6.18457e-07
2.70612 1.82408 120 390 6.25953e-07
2.70687 1.82408 120 390 6.33658e-07
2.70762 1.82408 120 390 6.41531e-07
2.70837 1.82408 120 390 6.49521e-07
2.70912 1.82408 120 390 6.57579e-07
2.70987 1.82408 120 390 6.65642e-07
2.71062 1.82408 120 390 6.73662e-07
2.71137 1.82408 120 390 6.81579e-07
2.71212 1.82408 120 390 6.89355e-07
2.71287 1.82408 120 390 6.96953e-07
2.71362 1.82408 120 390 7.04362e-07
2.71437 1.82408 120 390 7.11592e-07
2.71512 1.82408 120 390 7.18684e-07
2.71587 1.82408 120 390 7.2571e-07
2.71662 1.82408 120 390 7.32776e-07
2.71737 1.82408 120 390 7.40005e-07
2.71812 1.82408 120 390 7.47586e-07
2.71887 1.82408 120 390 7.55684e-07
2.71962 1.82408 120 390 7.64485e-07
2.72037 1.82408 120 390 7.74147e-07
2.72112 1.82408 120 390 7.84854e-07
2.72187 1.82408 120 390 7.96705e-07
2.72262 1.82408 120 390 8.09757e-07
2.72337 1.82408 120 390 8.24049e-07
2.72412 1.82408 120 390 8.39522e-07
2.72487 1.82408 120 390 8.56126e-07
2.72562 1.82408 120 390 8.7373e-07
2.72637 1.82408 120 390 8.92207e-07
2.72712 1.82408 120 390 9.11417e-07
2.72787 1.82408 120 390 9.31237e-07
2.72862 1.82408 120 390 9.51566e-07
2.72937 1.82408 120 390 9.72336e-07
2.73012 1.82408 120 390 9.93521e-07
2.73087 1.82408 120 390 1.01513e-06
2.73162 1.82408 120 390 1.03721e-06
2.73237 1.82408 120 390 1.05985e-06
2.73312 1.82408 120 390 1.08316e-06
2.73387 1.82408 120 390 1.10726e-06
2.73462 1.82408 120 390 1.13231e-06
2.73537 1.82408 120 390 1.15846e-06
2.73612 1.82408 120 390 1.18588e-06
2.73687 1.82408 120 390 1.21473e-06
2.73762 1.82408 120 390 1.24518e-06
2.73837 1.82408 120 390 1.27738e-06
2.73912 1.82408 120 390 1.31154e-06
2.73987 1.82408 120 390 1.34782e-06
2.74062 1.82408 120 390 1.38638e-06
2.74137 1.82408 120 390 1.42739e-06
2.74212 1.82408 120 390 1.47102e-06
2.74287 1.82408 120 390 1.51745e-06
2.74362 1.82408 120 390 1.56687e-06
2.74437 1.82408 120 390 1.61943e-06
2.74512 1.82408 120 390 1.67534e-06
2.74587 1.82408 120 390 1.73476e-06
2.74662 1.82408 120 390 1.79789e-06
2.74737 1.82408 120 390 1.8649e-06
2.74812 1.82408 120 390 1.93597e-06
2.74887 1.82408 120 390 2.01126e-06
2.74962 1.82408 120 390 2.09091e-06
2.75038 1.82408 120 390 2.17507e-06
2.75113 1.82408 120 390 2.26382e-06
2.75188 1.82408 120 390 2.35722e-06
2.75263 1.82408 120 390 2.45529e-06
2.75338 1.82408 120 390 2.55795e-06
2.75413 1.82408 120 390 2.66508e-06
2.75488 1.82408 120 390 2.77642e-06
2.75563 1.82408 120 390 2.89161e-06
2.75638 1.82408 120 390 3.01012e-06
2.75713 1.82408 120 390 3.13135e-06
2.75788 1.82408 120 390 3.25444e-06
2.75863 1.82408 120 390 3.37833e-06
2.75938 1.82408 120 390 3.5018e-06
2.76013 1.82408 120 390 3.62339e-06
2.76088 1.82408 120 390 3.74148e-06
2.76163 1.82408 120 390 3.85426e-06
2.76238 1.82408 120 390 3.95981e-06
2.76313 1.82408 120 390 4.05614e-06
2.76388 1.82408 120 390 4.14129e-06
2.76463 1.82408 120 390 4.21337e-06
2.76538 1.82408 120 390 4.27073e-06
2.76613 1.82408 120 390 4.31197e-06
2.76688 1.82408 120 390 4.3361e-06
2.76763 1.82408 120 390 4.34256e-06
2.76838 1.82408 120 390 4.33126e-06
2.76913 1.82408 120 390 4.30264e-06
2.76988 1.82408 120 390 4.25753e-06
2.77063 1.82408 120 390 4.19721e-06
2.77138 1.82408 120 390 4.12329e-06
2.77213 1.82408 120 390 4.0376e-06
2.77288 1.82408 120 390 3.94211e-06
2.77363 1.82408 120 390 3.83884e-06
2.77438 1.82408 120 390 3.7298e-06
2.77513 1.82408 120 390 3.61681e-06
2.77588 1.82408 120 390 3.50162e-06
2.77663 1.82408 120 390 3.38577e-06
2.77738 1.82408 120 390 3.27061e-06
2.77813 1.82408 120 390 3.15725e-06
2.77888 1.82408 120 390 3.04662e-06
2.77963 1.82408 120 390 2.93949e-06
2.78038 1.82408 120 390 2.83641e-06
2.78113 1.82408 120 390 2.73783e-06
2.78188 1.82408 120 390 2.64403e-06
2.78263 1.82408 120 390 2.55521e-06
2.78338 1.82408 120 390 2.47148e-06
2.78413 1.82408 120 390 2.39288e-06
2.78488 1.82408 120 390 2.3194e-06
2.78563 1.82408 120 390 2.25095e-06
2.78638 1.82408 120 390 2.18745e-06
2.78713 1.82408 120 390 2.12879e-06
2.78788 1.82408 120 390 2.07482e-06
2.78863 1.82408 120 390 2.02541e-06
2.78938 1.82408 120 390 1.9804e-06
2.79013 1.82408 120 390 1.93964e-06
2.79088 1.82408 120 390 1.90298e-06
2.79163 1.82408 120 390 1.87027e-06
2.79238 1.82408 120 390 1.84135e-06
2.79313 1.82408 120 390 1.81606e-06
2.79388 1.82408 120 390 1.79427e-06
2.79463 1.82408 120 390 1.7758e-06
2.79538 1.82408 120 390 1.76053e-06
2.79613 1.82408 120 390 1.74824e-06
2.79688 1.82408 120 390 1.7388e-06
2.79763 1.82408 120 390 1.73203e-06
2.79838 1.82408 120 390 1.72774e-06
2.79913 1.82408 120 390 1.72573e-06
2.79988 1.82408 120 390 1.72582e-06
2.80063 1.82408 120 390 1.7278e-06
2.80138 1.82408 120 390 1.73146e-06
2.80213 1.82408 120 390 1.7366e-06
2.80288 1.82408 120 390 1.74305e-06
2.80363 1.82408 120 390 1.75066e-06
2.80438 1.82408 120 390 1.75929e-06
2.80513 1.82408 120 390 1.76885e-06
2.80588 1.82408 120 390 1.77932e-06
2.80663 1.82408 120 390 1.79071e-06
2.80738 1.82408 120 390 1.80307e-06
2.80813 1.82408 120 390 1.81655e-06
2.80888 1.82408 120 390 1.83128e-06
2.80963 1.82408 120 390 1.84749e-06
2.81039 1.82408 120 390 1.8654e-06
2.81114 1.82408 120 390 1.88529e-06
2.81189 1.82408 120 390 1.9074e-06
2.81264 1.82408 120 390 1.932e-06
2.81339 1.82408 120 390 1.95936e-06
2.81414 1.82408 120 390 1.98969e-06
2.81489 1.82408 120 390 2.0232e-06
2.81564 1.82408 120 390 2.06006e-06
2.81639 1.82408 120 390 2.1004e-06
2.81714 1.82408 120 390 2.14429e-06
2.81789 1.82408 120 390 2.19173e-06
2.81864 1.82408 120 390 2.24269e-06
2.81939 1.82408 120 390 2.297e-06
2.82014 1.82408 120 390 2.35446e-06
2.82089 1.82408 120 390 2.41471e-06
2.82164 1.82408 120 390 2.47733e-06
2.82239 1.82408 120 390 2.54172e-06
2.82314 1.82408 120 390 2.60719e-06
2.82389 1.82408 120 390 2.67291e-06
2.82464 1.82408 120 390 2.73792e-06
2.82539 1.82408 120 390 2.80116e-06
2.82614 1.82408 120 390 2.86148e-06
2.82689 1.82408 120 390 2.91766e-06
2.82764 1.82408 120 390 2.9685e-06
2.82839 1.82408 120 390 3.0128e-06
2.82914 1.82408 120 390 3.0495e-06
2.82989 1.82408 120 390 3.07765e-06
2.83064 1.82408 120 390 3.09652e-06
2.83139 1.82408 120 390 3.10563e-06
2.83214 1.82408 120 390 3.10475e-06
2.83289 1.82408 120 390 3.09396e-06
2.83364 1.82408 120 390 3.07362e-06
2.83439 1.82408 120 390 3.04433e-06
2.83514 1.82408 120 390 3.00694e-06
2.83589 1.82408 120 390 2.96246e-06
2.83664 1.82408 120 390 2.91199e-06
2.83739 1.82408 120 390 2.85674e-06
2.83814 1.82408 120 390 2.79792e-06
2.83889 1.82408 120 390 2.73669e-06
2.83964 1.82408 120 390 2.67416e-06
2.84039 1.82408 120 390 2.61136e-06
2.84114 1.82408 120 390 2.54917e-06
2.84189 1.82408 120 390 2.48841e-06
2.84264 1.82408 120 390 2.42973e-06
2.84339 1.82408 120 390 2.37369e-06
2.84414 1.82408 120 390 2.32076e-06
2.84489 1.82408 120 390 2.27127e-06
2.84564 1.82408 120 390 2.22551e-06
2.84639 1.82408 120 390 2.18366e-06
2.84714 1.82408 120 390 2.14584e-06
2.84789 1.82408 120 390 2.11213e-06
2.84864 1.82408 120 390 2.08251e-06
2.84939 1.82408 120 390 2.05696e-06
2.85014 1.82408 120 390 2.03538e-06
2.85089 1.82408 120 390 2.01765e-06
2.85164 1.82408 120 390 2.00362e-06
2.85239 1.82408 120 390 1.99305e-06
2.85314 1.82408 120 390 1.98569e-06
2.85389 1.82408 120 390 1.98124e-06
2.85464 1.82408 120 390 1.97933e-06
2.85539 1.82408 120 390 1.97955e-06
2.85614 1.82408 120 390 1.98144e-06
2.85689 1.82408 120 390 1.98448e-06
2.85764 1.82408 120 390 1.9881e-06
2.85839 1.82408 120 390 1.99169e-06
2.85914 1.82408 120 390 1.9946e-06
2.85989 1.82408 120 390 1.99619e-06
2.86064 1.82408 120 390 1.9958e-06
2.86139 1.82408 120 390 1.99283e-06
2.86214 1.82408 120 390 1.9867e-06
2.86289 1.82408 120 390 1.97694e-06
2.86364 1.82408 120 390 1.96321e-06
2.86439 1.82408 120 390 1.94523e-06
2.86514 1.82408 120 390 1.92292e-06
2.86589 1.82408 120 390 1.89634e-06
2.86664 1.82408 120 390 1.8657e-06
2.86739 1.82408 120 390 1.83134e-06
2.86814 1.82408 120 390 1.79372e-06
2.86889 1.82408 120 390 1.7534e-06
2.86964 1.82408 120 390 1.71102e-06
2.8704 1.82408 120 390 1.66724e-06
2.87115 1.82408 120 390 1.62276e-06
2.8719 1.82408 120 390 1.577e-06
2.87265 1.82408 120 390 1.53304e-06
2.8734 1.82408 120 390 1.49026e-06
2.87415 1.82408 120 390 1.44916e-06
2.8749 1.82408 120 390 1.41016e-06
2.87565 1.82408 120 390 1.37357e-06
2.8764 1.82408 120 390 1.33961e-06
2.87715 1.82408 120 390 1.30838e-06
2.8779 1.82408 120 390 1.27991e-06
2.87865 1.82408 120 390 1.2541e-06
2.8794 1.82408 120 390 1.23086e-06
2.88015 1.82408 120 390 1.20998e-06
2.8809 1.82408 120 390 1.19122e-06
2.88165 1.82408 120 390 1.17434e-06
2.8824 1.82408 120 390 1.15909e-06
2.88315 1.82408 120 390 1.14525e-06
2.8839 1.82408 120 390 1.13262e-06
2.88465 1.82408 120 390 1.12104e-06
2.8854 1.82408 120 390 1.11037e-06
2.88615 1.82408 120 390 1.10051e-06
2.8869 1.82408 120 390 1.0914e-06
2.88765 1.82408 120 390 1.08298e-06
2.8884 1.82408 120 390 1.07522e-06
2.88915 1.82408 120 390 1.06812e-06
2.8899 1.82408 120 390 1.06162e-06
2.89065 1.82408 120 390 1.05571e-06
2.8914 1.82408 120 390 1.05037e-06
2.89215 1.82408 120 390 1.04552e-06
2.8929 1.82408 120 390 1.04111e-06
2.89365 1.82408 120 390 1.03704e-06
2.8944 1.82408 120 390 1.03319e-06
2.89515 1.82408 120 390 1.02945e-06
2.8959 1.82408 120 390 1.02564e-06
2.89665 1.82408 120 390 1.02162e-06
2.8974 1.82408 120 390 1.0172e-06
2.89815 1.82408 120 390 1.01221e-06
2.8989 1.82408 120 390 1.00648e-06
2.89965 1.82408 120 390 9.99865e-07
2.9004 1.82408 120 390 9.92211e-07
2.90115 1.82408 120 390 9.83417e-07
2.9019 1.82408 120 390 9.73412e-07
2.90265 1.82408 120 390 9.62165e-07
2.9034 1.82408 120 390 9.49673e-07
2.90415 1.82408 120 390 9.35992e-07
2.9049 1.82408 120 390 9.21188e-07
2.90565 1.82408 120 390 9.05379e-07
2.9064 1.82408 120 390 8.887e-07
2.90715 1.82408 120 390 8.71304e-07
2.9079 1.82408 120 390 8.53354e-07
2.90865 1.82408 120 390 8.35013e-07
2.9094 1.82408 120 390 8.1644e-07
2.91015 1.82408 120 390 7.97787e-07
2.9109 1.82408 120 390 7.79199e-07
2.91165 1.82408 120 390 7.6079e-07
2.9124 1.82408 120 390 7.42665e-07
2.91315 1.82408 120 390 7.24916e-07
2.9139 1.82408 120 390 7.07614e-07
2.91465 1.82408 120 390 6.90818e-07
2.9154 1.82408 120 390 6.74555e-07
2.91615 1.82408 120 390 6.58856e-07
2.9169 1.82408 120 390 6.4374e-07
2.91765 1.82408 120 390 6.29196e-07
2.9184 1.82408 120 390 6.15224e-07
2.91915 1.82408 120 390 6.01808e-07
2.9199 1.82408 120 390 5.8893e-07
2.92065 1.82408 120 390 5.76565e-07
2.9214 1.82408 120 390 5.64686e-07
2.92215 1.82408 120 390 5.53263e-07
2.9229 1.82408 120 390 5.42267e-07
2.92365 1.82408 120 390 5.31678e-07
2.9244 1.82408 120 390 5.21451e-07
2.92515 1.82408 120 390 5.1157e-07
2.9259 1.82408 120 390 5.02011e-07
2.92665 1.82408 120 390 4.92755e-07
2.9274 1.82408 120 390 4.83783e-07
2.92815 1.82408 120 390 4.75082e-07
2.9289 1.82408 120 390 4.6664e-07
2.92965 1.82408 120 390 4.58445e-07
2.93041 1.82408 120 390 4.5049e-07
2.93116 1.82408 120 390 4.42766e-07
2.93191 1.82408 120 390 4.35269e-07
2.93266 1.82408 120 390 4.27992e-07
2.93341 1.82408 120 390 4.2093e-07
2.93416 1.82408 120 390 4.14077e-07
2.93491 1.82408 120 390 4.0743e-07
2.93566 1.82408 120 390 4.00983e-07
2.93641 1.82408 120 390 3.94747e-07
2.93716 1.82408 120 390 3.88695e-07
2.93791 1.82408 120 390 3.82831e-07
2.93866 1.82408 120 390 3.77156e-07
2.93941 1.82408 120 390 3.71672e-07
2.94016 1.82408 120 390 3.66383e-07
2.94091 1.82408 120 390 3.61292e-07
2.94166 1.82408 120 390 3.56406e-07
2.94241 1.82408 120 390 3.51736e-07
2.94316 1.82408 120 390 3.47293e-07
2.94391 1.82408 120 390 3.43093e-07
2.94466 1.82408 120 390 3.39149e-07
2.94541 1.82408 120 390 3.3548e-07
2.94616 1.82408 120 390 3.3212e-07
2.94691 1.82408 120 390 3.29044e-07
2.94766 1.82408 120 390 3.26282e-07
2.94841 1.82408 120 390 3.23857e-07
2.94916 1.82408 120 390 3.21725e-07
2.94991 1.82408 120 390 3.19892e-07
2.95066 1.82408 120 390 3.18333e-07
2.95141 1.82408 120 390 3.17012e-07
2.95216 1.82408 120 390 3.15886e-07
2.95291 1.82408 120 390 3.14899e-07
2.95366 1.82408 120 390 3.13993e-07
2.95441 1.82408 120 390 3.13109e-07
2.95516 1.82408 120 390 3.12193e-07
2.95591 1.82408 120 390 3.11198e-07
2.95666 1.82408 120 390 3.10095e-07
2.95741 1.82408 120 390 3.08871e-07
2.95816 1.82408 120 390 3.07539e-07
2.95891 1.82408 120 390 3.06132e-07
2.95966 1.82408 120 390 3.04708e-07
2.96041 1.82408 120 390 3.0335e-07
2.96116 1.82408 120 390 3.02152e-07
2.96191 1.82408 120 390 3.01229e-07
2.96266 1.82408 120 390 3.00698e-07
2.96341 1.82408 120 390 3.00684e-07
2.96416 1.82408 120 390 3.01297e-07
2.96491 1.82408 120 390 3.02635e-07
2.96566 1.82408 120 390 3.04771e-07
2.96641 1.82408 120 390 3.07751e-07
2.96716 1.82408 120 390 3.11583e-07
2.96791 1.82408 120 390 3.16213e-07
2.96866 1.82408 120 390 3.21643e-07
2.96941 1.82408 120 390 3.27739e-07
2.97016 1.82408 120 390 3.3439e-07
2.97091 1.82408 120 390 3.41448e-07
2.97166 1.82408 120 390 3.4875e-07
2.97241 1.82408 120 390 3.56163e-07
2.97316 1.82408 120 390 3.63532e-07
2.97391 1.82408 120 390 3.70729e-07
2.97466 1.82408 120 390 3.77646e-07
2.97541 1.82408 120 390 3.84202e-07
2.97616 1.82408 120 390 3.90339e-07
2.97691 1.82408 120 390 3.96029e-07
2.97766 1.82408 120 390 4.01261e-07
2.97841 1.82408 120 390 4.06049e-07
2.97916 1.82408 120 390 4.1042e-07
2.97991 1.82408 120 390 4.14412e-07
2.98066 1.82408 120 390 4.18073e-07
2.98141 1.82408 120 390 4.21456e-07
2.98216 1.82408 120 390 4.24608e-07
2.98291 1.82408 120 390 4.27583e-07
2.98366 1.82408 120 390 4.30432e-07
2.98441 1.82408 120 390 4.332e-07
2.98516 1.82408 120 390 4.3593e-07
2.98591 1.82408 120 390 4.38659e-07
2.98666 1.82408 120 390 4.4142e-07
2.98741 1.82408 120 390 4.44241e-07
2.98816 1.82408 120 390 4.47148e-07
2.98891 1.82408 120 390 4.50162e-07
2.98966 1.82408 120 390 4.53302e-07
2.99042 1.82408 120 390 4.56584e-07
2.99117 1.82408 120 390 4.60023e-07
2.99192 1.82408 120 390 4.63633e-07
2.99267 1.82408 120 390 4.67428e-07
2.99342 1.82408 120 390 4.71422e-07
2.99417 1.82408 120 390 4.75632e-07
2.99492 1.82408 120 390 4.80074e-07
2.99567 1.82408 120 390 4.84768e-07
2.99642 1.82408 120 390 4.89735e-07
2.99717 1.82408 120 390 4.95001e-07
2.99792 1.82408 120 390 5.00595e-07
2.99867 1.82408 120 390 5.06546e-07
2.99942 1.82408 120 390 5.12892e-07
3.00017 1.82408 120 390 5.19668e-07
3.00092 1.82408 120 390 5.26917e-07
3.00167 1.82408 120 390 5.34684e-07
3.00242 1.82408 120 390 5.43014e-07
3.00317 1.82408 120 390 5.51955e-07
3.00392 1.82408 120 390 5.61555e-07
3.00467 1.82408 120 390 5.71863e-07
3.00542 1.82408 120 390 5.82919e-07
3.00617 1.82408 120 390 5.94762e-07
3.00692 1.82408 120 390 6.07436e-07
3.00767 1.82408 120 390 6.20967e-07
3.00842 1.82408 120 390 6.35378e-07
3.00917 1.82408 120 390 6.50685e-07
3.00992 1.82408 120 390 6.66898e-07
3.01067 1.82408 120 390 6.84022e-07
3.01142 1.82408 120 390 7.02062e-07
3.01217 1.82408 120 390 7.21016e-07
3.01292 1.82408 120 390 7.40888e-07
3.01367 1.82408 120 390 7.61685e-07
3.01442 1.82408 120 390 7.83418e-07
3.01517 1.82408 120 390 8.06106e-07
3.01592 1.82408 120 390 8.29782e-07
3.01667 1.82408 120 390 8.54485e-07
3.01742 1.82408 120 390 8.80261e-07
3.01817 1.82408 120 390 9.07168e-07
3.01892 1.82408 120 390 9.35275e-07
3.01967 1.82408 120 390 9.64654e-07
3.02042 1.82408 120 390 9.95389e-07
3.02117 1.82408 120 390 1.02757e-06
3.02192 1.82408 120 390 1.06127e-06
3.02267 1.82408 120 390 1.0966e-06
3.02342 1.82408 120 390 1.13364e-06
3.02417 1.82408 120 390 1.1725e-06
3.02492 1.82408 120 390 1.21325e-06
3.02567 1.82408 120 390 1.25599e-06
3.02642 1.82408 120 390 1.30079e-06
3.02717 1.82408 120 390 1.34773e-06
3.02792 1.82408 120 390 1.39686e-06
3.02867 1.82408 120 390 1.44823e-06
3.02942 1.82408 120 390 1.50186e-06
3.03017 1.82408 120 390 1.55776e-06
3.03092 1.82408 120 390 1.61588e-06
3.03167 1.82408 120 390 1.67617e-06
3.03242 1.82408 120 390 1.73852e-06
3.03317 1.82408 120 390 1.80276e-06
3.03392 1.82408 120 390 1.86868e-06
3.03467 1.82408 120 390 1.93601e-06
3.03542 1.82408 120 390 2.00438e-06
3.03617 1.82408 120 390 2.07339e-06
3.03692 1.82408 120 390 2.1425e-06
3.03767 1.82408 120 390 2.21114e-06
3.03842 1.82408 120 390 2.27863e-06
3.03917 1.82408 120 390 2.34422e-06
3.03992 1.82408 120 390 2.40712e-06
3.04067 1.82408 120 390 2.46645e-06
3.04142 1.82408 120 390 2.52134e-06
3.04217 1.82408 120 390 2.57093e-06
3.04292 1.82408 120 390 2.61437e-06
3.04367 1.82408 120 390 2.6509e-06
3.04442 1.82408 120 390 2.67986e-06
3.04517 1.82408 120 390 2.70074e-06
3.04592 1.82408 120 390 2.71319e-06
3.04667 1.82408 120 390 2.71704e-06
3.04742 1.82408 120 390 2.71232e-06
3.04817 1.82408 120 390 2.69926e-06
3.04892 1.82408 120 390 2.67826e-06
3.04967 1.82408 120 390 2.6499e-06
3.05043 1.82408 120 390 2.61488e-06
3.05118 1.82408 120 390 2.57401e-06
3.05193 1.82408 120 390 2.52815e-06
3.05268 1.82408 120 390 2.4782e-06
3.05343 1.82408 120 390 2.42506e-06
3.05418 1.82408 120 390 2.3696e-06
3.05493 1.82408 120 390 2.31265e-06
3.05568 1.82408 120 390 2.25495e-06
3.05643 1.82408 120 390 2.1972e-06
3.05718 1.82408 120 390 2.13997e-06
3.05793 1.82408 120 390 2.08381e-06
3.05868 1.82408 120 390 2.02913e-06
3.05943 1.82408 120 390 1.97629e-06
3.06018 1.82408 120 390 1.9256e-06
3.06093 1.82408 120 390 1.87726e-06
3.06168 1.82408 120 390 1.83147e-06
3.06243 1.82408 120 390 1.78834e-06
3.06318 1.82408 120 390 1.74795e-06
3.06393 1.82408 120 390 1.71037e-06
3.06468 1.82408 120 390 1.67563e-06
3.06543 1.82408 120 390 1.64369e-06
3.06618 1.82408 120 390 1.61456e-06
3.06693 1.82408 120 390 1.5882e-06
3.06768 1.82408 120 390 1.56456e-06
3.06843 1.82408 120 390 1.5436e-06
3.06918 1.82408 120 390 1.52524e-06
3.06993 1.82408 120 390 1.50942e-06
3.07068 1.82408 120 390 1.49606e-06
3.07143 1.82408 120 390 1.48507e-06
3.07218 1.82408 120 390 1.47638e-06
3.07293 1.82408 120 390 1.46989e-06
3.07368 1.82408 120 390 1.4655e-06
3.07443 1.82408 120 390 1.4631e-06
3.07518 1.82408 120 390 1.4626e-06
3.07593 1.82408 120 390 1.46387e-06
3.07668 1.82408 120 390 1.4668e-06
3.07743 1.82408 120 390 1.47128e-06
3.07818 1.82408 120 390 1.47718e-06
3.07893 1.82408 120 390 1.48439e-06
3.07968 1.82408 120 390 1.49279e-06
3.08043 1.82408 120 390 1.50228e-06
3.08118 1.82408 120 390 1.51276e-06
3.08193 1.82408 120 390 1.52416e-06
3.08268 1.82408 120 390 1.53642e-06
3.08343 1.82408 120 390 1.54951e-06
3.08418 1.82408 120 390 1.5634e-06
3.08493 1.82408 120 390 1.57811e-06
3.08568 1.82408 120 390 1.59368e-06
3.08643 1.82408 120 390 1.61018e-06
3.08718 1.82408 120 390 1.62767e-06
3.08793 1.82408 120 390 1.64627e-06
3.08868 1.82408 120 390 1.66609e-06
3.08943 1.82408 120 390 1.68724e-06
3.09018 1.82408 120 390 1.70985e-06
3.09093 1.82408 120 390 1.73404e-06
3.09168 1.82408 120 390 1.75992e-06
3.09243 1.82408 120 390 1.78758e-06
3.09318 1.82408 120 390 1.81718e-06
3.09393 1.82408 120 390 1.84863e-06
3.09468 1.82408 120 390 1.88202e-06
3.09543 1.82408 120 390 1.91736e-06
3.09618 1.82408 120 390 1.9546e-06
3.09693 1.82408 120 390 1.99366e-06
3.09768 1.82408 120 390 2.03443e-06
3.09843 1.82408 120 390 2.07675e-06
3.09918 1.82408 120 390 2.12041e-06
3.09993 1.82408 120 390 2.16515e-06
3.10068 1.82408 120 390 2.2107e-06
3.10143 1.82408 120 390 2.25669e-06
3.10218 1.82408 120 390 2.30276e-06
3.10293 1.82408 120 390 2.34848e-06
3.10368 1.82408 120 390 2.3934e-06
3.10443 1.82408 120 390 2.43703e-06
3.10518 1.82408 120 390 2.47888e-06
3.10593 1.82408 120 390 2.51843e-06
3.10668 1.82408 120 390 2.55517e-06
3.10743 1.82408 120 390 2.58858e-06
3.10818 1.82408 120 390 2.61819e-06
3.10893 1.82408 120 390 2.64353e-06
3.10968 1.82408 120 390 2.66419e-06
3.11044 1.82408 120 390 2.67984e-06
3.11119 1.82408 120 390 2.69018e-06
3.11194 1.82408 120 390 2.69503e-06
3.11269 1.82408 120 390 2.69429e-06
3.11344 1.82408 120 390 2.68798e-06
3.11419 1.82408 120 390 2.67621e-06
3.11494 1.82408 120 390 2.65919e-06
3.11569 1.82408 120 390 2.63726e-06
3.11644 1.82408 120 390 2.61085e-06
3.11719 1.82408 120 390 2.5804e-06
3.11794 1.82408 120 390 2.54649e-06
3.11869 1.82408 120 390 2.50971e-06
3.11944 1.82408 120 390 2.47067e-06
3.12019 1.82408 120 390 2.42998e-06
3.12094 1.82408 120 390 2.38827e-06
3.12169 1.82408 120 390 2.34605e-06
3.12244 1.82408 120 390 2.30388e-06
3.12319 1.82408 120 390 2.26222e-06
3.12394 1.82408 120 390 2.22148e-06
3.12469 1.82408 120 390 2.18202e-06
3.12544 1.82408 120 390 2.14413e-06
3.12619 1.82408 120 390 2.108e-06
3.12694 1.82408 120 390 2.07381e-06
3.12769 1.82408 120 390 2.04162e-06
3.12844 1.82408 120 390 2.01151e-06
3.12919 1.82408 120 390 1.9834e-06
3.12994 1.82408 120 390 1.95724e-06
3.13069 1.82408 120 390 1.9329e-06
3.13144 1.82408 120 390 1.91023e-06
3.13219 1.82408 120 390 1.889e-06
3.13294 1.82408 120 390 1.869e-06
3.13369 1.82408 120 390 1.84993e-06
3.13444 1.82408 120 390 1.83153e-06
3.13519 1.82408 120 390 1.8135e-06
3.13594 1.82408 120 390 1.79552e-06
3.13669 1.82408 120 390 1.7773e-06
3.13744 1.82408 120 390 1.75853e-06
3.13819 1.82408 120 390 1.73892e-06
3.13894 1.82408 120 390 1.71822e-06
3.13969 1.82408 120 390 1.69619e-06
3.14044 1.82408 120 390 1.67263e-06
3.14119 1.82408 120 390 1.64739e-06
3.14194 1.82408 120 390 1.6204e-06
3.14269 1.82408 120 390 1.59157e-06
3.14344 1.82408 120 390 1.56089e-06
3.14419 1.82408 120 390 1.52843e-06
3.14494 1.82408 120 390 1.49427e-06
3.14569 1.82408 120 390 1.45856e-06
3.14644 1.82408 120 390 1.42149e-06
3.14719 1.82408 120 390 1.38328e-06
3.14794 1.82408 120 390 1.34416e-06
3.14869 1.82408 120 390 1.30439e-06
3.14944 1.82408 120 390 1.26423e-06
3.15019 1.82408 120 390 1.22394e-06
3.15094 1.82408 120 390 1.18379e-06
3.15169 1.82408 120 390 1.14403e-06
3.15244 1.82408 120 390 1.10488e-06
3.15319 1.82408 120 390 1.06657e-06
3.15394 1.82408 120 390 1.0293e-06
3.15469 1.82408 120 390 9.9325e-07
3.15544 1.82408 120 390 9.58591e-07
3.15619 1.82408 120 390 9.25459e-07
3.15694 1.82408 120 390 8.93972e-07
3.15769 1.82408 120 390 8.64221e-07
3.15844 1.82408 120 390 8.36282e-07
3.15919 1.82408 120 390 8.10172e-07
3.15994 1.82408 120 390 7.85908e-07
3.16069 1.82408 120 390 7.63466e-07
3.16144 1.82408 120 390 7.42792e-07
3.16219 1.82408 120 390 7.23802e-07
3.16294 1.82408 120 390 7.06382e-07
3.16369 1.82408 120 390 6.90401e-07
3.16444 1.82408 120 390 6.75708e-07
3.16519 1.82408 120 390 6.62141e-07
3.16594 1.82408 120 390 6.49535e-07
3.16669 1.82408 120 390 6.3773e-07
3.16744 1.82408 120 390 6.26571e-07
3.16819 1.82408 120 390 6.15921e-07
3.16894 1.82408 120 390 6.0566e-07
3.16969 1.82408 120 390 5.95678e-07
3.17045 1.82408 120 390 5.85912e-07
3.1712 1.82408 120 390 5.76293e-07
3.17195 1.82408 120 390 5.66778e-07
3.1727 1.82408 120 390 5.57342e-07
3.17345 1.82408 120 390 5.47972e-07
3.1742 1.82408 120 390 5.38665e-07
3.17495 1.82408 120 390 5.29427e-07
3.1757 1.82408 120 390 5.20268e-07
3.17645 1.82408 120 390 5.11201e-07
3.1772 1.82408 120 390 5.02242e-07
3.17795 1.82408 120 390 4.93414e-07
3.1787 1.82408 120 390 4.84713e-07
3.17945 1.82408 120 390 4.76159e-07
3.1802 1.82408 120 390 4.67761e-07
3.18095 1.82408 120 390 4.59527e-07
3.1817 1.82408 120 390 4.51461e-07
3.18245 1.82408 120 390 4.43565e-07
3.1832 1.82408 120 390 4.3584e-07
3.18395 1.82408 120 390 4.28283e-07
3.1847 1.82408 120 390 4.20891e-07
3.18545 1.82408 120 390 4.13659e-07
3.1862 1.82408 120 390 4.06579e-07
3.18695 1.82408 120 390 3.99643e-07
3.1877 1.82408 120 390 3.92844e-07
3.18845 1.82408 120 390 3.86172e-07
3.1892 1.82408 120 390 3.79616e-07
3.18995 1.82408 120 390 3.73168e-07
3.1907 1.82408 120 390 3.66819e-07
3.19145 1.82408 120 390 3.60558e-07
3.1922 1.82408 120 390 3.54378e-07
3.19295 1.82408 120 390 3.48272e-07
3.1937 1.82408 120 390 3.42232e-07
3.19445 1.82408 120 390 3.36253e-07
3.1952 1.82408 120 390 3.30332e-07
3.19595 1.82408 120 390 3.24466e-07
3.1967 1.82408 120 390 3.18654e-07
3.19745 1.82408 120 390 3.12897e-07
3.1982 1.82408 120 390 3.07198e-07
3.19895 1.82408 120 390 3.01562e-07
3.1997 1.82408 120 390 2.95996e-07
3.20045 1.82408 120 390 2.90527e-07
3.2012 1.82408 120 390 2.85133e-07
3.20195 1.82408 120 390 2.79845e-07
3.2027 1.82408 120 390 2.74682e-07
3.20345 1.82408 120 390 2.69662e-07
3.2042 1.82408 120 390 2.64808e-07
3.20495 1.82408 120 390 2.60145e-07
3.2057 1.82408 120 390 2.55693e-07
3.20645 1.82408 120 390 2.51481e-07
3.2072 1.82408 120 390 2.47535e-07
3.20795 1.82408 120 390 2.43879e-07
3.2087 1.82408 120 390 2.4054e-07
3.20945 1.82408 120 390 2.37536e-07
3.2102 1.82408 120 390 2.34889e-07
3.21095 1.82408 120 390 2.32618e-07
3.2117 1.82408 120 390 2.30736e-07
3.21245 1.82408 120 390 2.29259e-07
3.2132 1.82408 120 390 2.28186e-07
3.21395 1.82408 120 390 2.27554e-07
3.2147 1.82408 120 390 2.27363e-07
3.21545 1.82408 120 390 2.27623e-07
3.2162 1.82408 120 390 2.28348e-07
3.21695 1.82408 120 390 2.29548e-07
3.2177 1.82408 120 390 2.31233e-07
3.21845 1.82408 120 390 2.33408e-07
3.2192 1.82408 120 390 2.36073e-07
3.21995 1.82408 120 390 2.39221e-07
3.2207 1.82408 120 390 2.42832e-07
3.22145 1.82408 120 390 2.46879e-07
3.2222 1.82408 120 390 2.51318e-07
3.22295 1.82408 120 390 2.56096e-07
3.2237 1.82408 120 390 2.61148e-07
3.22445 1.82408 120 390 2.66401e-07
3.2252 1.82408 120 390 2.71776e-07
3.22595 1.82408 120 390 2.77187e-07
3.2267 1.82408 120 390 2.82568e-07
3.22745 1.82408 120 390 2.8784e-07
3.2282 1.82408 120 390 2.9294e-07
3.22895 1.82408 120 390 2.97816e-07
3.2297 1.82408 120 390 3.02429e-07
3.23046 1.82408 120 390 3.06752e-07
3.23121 1.82408 120 390 3.10772e-07
3.23196 1.82408 120 390 3.14489e-07
3.23271 1.82408 120 390 3.1791e-07
3.23346 1.82408 120 390 3.21055e-07
3.23421 1.82408 120 390 3.23947e-07
3.23496 1.82408 120 390 3.26618e-07
3.23571 1.82408 120 390 3.29098e-07
3.23646 1.82408 120 390 3.31422e-07
3.23721 1.82408 120 390 3.33625e-07
3.23796 1.82408 120 390 3.3574e-07
3.23871 1.82408 120 390 3.37798e-07
3.23946 1.82408 120 390 3.3983e-07
3.24021 1.82408 120 390 3.41863e-07
3.24096 1.82408 120 390 3.43922e-07
3.24171 1.82408 120 390 3.46027e-07
3.24246 1.82408 120 390 3.48176e-07
3.24321 1.82408 120 390 3.50432e-07
3.24396 1.82408 120 390 3.52787e-07
3.24471 1.82408 120 390 3.55252e-07
3.24546 1.82408 120 390 3.57831e-07
3.24621 1.82408 120 390 3.60547e-07
3.24696 1.82408 120 390 3.63375e-07
3.24771 1.82408 120 390 3.66364e-07
3.24846 1.82408 120 390 3.69511e-07
3.24921 1.82408 120 390 3.72811e-07
3.24996 1.82408 120 390 3.76267e-07
3.25071 1.82408 120 390 3.7988e-07
3.25146 1.82408 120 390 3.8365e-07
3.25221 1.82408 120 390 3.87576e-07
3.25296 1.82408 120 390 3.91653e-07
3.25371 1.82408 120 390 3.95874e-07
3.25446 1.82408 120 390 4.00232e-07
3.25521 1.82408 120 390 4.04715e-07
3.25596 1.82408 120 390 4.09308e-07
3.25671 1.82408 120 390 4.13995e-07
3.25746 1.82408 120 390 4.18759e-07
3.25821 1.82408 120 390 4.23581e-07
3.25896 1.82408 120 390 4.28442e-07
3.25971 1.82408 120 390 4.33325e-07
3.26046 1.82408 120 390 4.38212e-07
3.26121 1.82408 120 390 4.43086e-07
3.26196 1.82408 120 390 4.47946e-07
3.26271 1.82408 120 390 4.52779e-07
3.26346 1.82408 120 390 4.57581e-07
3.26421 1.82408 120 390 4.62353e-07
3.26496 1.82408 120 390 4.67093e-07
3.26571 1.82408 120 390 4.71803e-07
3.26646 1.82408 120 390 4.76487e-07
3.26721 1.82408 120 390 4.81148e-07
3.26796 1.82408 120 390 4.85795e-07
3.26871 1.82408 120 390 4.90427e-07
3.26946 1.82408 120 390 4.95051e-07
3.27021 1.82408 120 390 4.99668e-07
3.27096 1.82408 120 390 5.0428e-07
3.27171 1.82408 120 390 5.08889e-07
3.27246 1.82408 120 390 5.135e-07
3.27321 1.82408 120 390 5.18117e-07
3.27396 1.82408 120 390 5.22748e-07
3.27471 1.82408 120 390 5.27406e-07
3.27546 1.82408 120 390 5.32104e-07
3.27621 1.82408 120 390 5.36863e-07
3.27696 1.82408 120 390 5.41706e-07
3.27771 1.82408 120 390 5.46662e-07
3.27846 1.82408 120 390 5.51765e-07
3.27921 1.82408 120 390 5.57052e-07
3.27996 1.82408 120 390 5.62563e-07
3.28071 1.82408 120 390 5.68342e-07
3.28146 1.82408 120 390 5.74434e-07
3.28221 1.82408 120 390 5.80885e-07
