0.5 1.4382 160 205 4.79209e-07
0.50075 1.4382 160 205 4.83327e-07
0.5015 1.4382 160 205 4.8755e-07
0.50225 1.4382 160 205 4.9186e-07
0.503001 1.4382 160 205 4.96269e-07
0.503751 1.4382 160 205 5.00778e-07
0.504501 1.4382 160 205 5.05394e-07
0.505251 1.4382 160 205 5.10117e-07
0.506001 1.4382 160 205 5.14955e-07
0.506751 1.4382 160 205 5.19898e-07
0.507501 1.4382 160 205 5.24955e-07
0.508251 1.4382 160 205 5.30134e-07
0.509002 1.4382 160 205 5.3543e-07
0.509752 1.4382 160 205 5.40856e-07
0.510502 1.4382 160 205 5.46407e-07
0.511252 1.4382 160 205 5.52085e-07
0.512002 1.4382 160 205 5.57905e-07
0.512752 1.4382 160 205 5.63861e-07
0.513502 1.4382 160 205 5.6996e-07
0.514252 1.4382 160 205 5.76207e-07
0.515003 1.4382 160 205 5.82603e-07
0.515753 1.4382 160 205 5.89155e-07
0.516503 1.4382 160 205 5.95863e-07
0.517253 1.4382 160 205 6.0274e-07
0.518003 1.4382 160 205 6.09785e-07
0.518753 1.4382 160 205 6.17008e-07
0.519503 1.4382 160 205 6.2442e-07
0.520253 1.4382 160 205 6.32008e-07
0.521004 1.4382 160 205 6.39798e-07
0.521754 1.4382 160 205 6.47784e-07
0.522504 1.4382 160 205 6.55952e-07
0.523254 1.4382 160 205 6.64355e-07
0.524004 1.4382 160 205 6.72982e-07
0.524754 1.4382 160 205 6.8183e-07
0.525504 1.4382 160 205 6.90916e-07
0.526254 1.4382 160 205 7.00245e-07
0.527005 1.4382 160 205 7.0983e-07
0.527755 1.4382 160 205 7.19636e-07
0.528505 1.4382 160 205 7.29755e-07
0.529255 1.4382 160 205 7.4015e-07
0.530005 1.4382 160 205 7.50831e-07
0.530755 1.4382 160 205 7.61819e-07
0.531505 1.4382 160 205 7.73125e-07
0.532255 1.4382 160 205 7.84746e-07
0.533006 1.4382 160 205 7.96669e-07
0.533756 1.4382 160 205 8.08987e-07
0.534506 1.4382 160 205 8.21662e-07
0.535256 1.4382 160 205 8.34719e-07
0.536006 1.4382 160 205 8.48185e-07
0.536756 1.4382 160 205 8.62058e-07
0.537506 1.4382 160 205 8.76343e-07
0.538256 1.4382 160 205 8.91083e-07
0.539007 1.4382 160 205 9.0625e-07
0.539757 1.4382 160 205 9.21952e-07
0.540507 1.4382 160 205 9.38152e-07
0.541257 1.4382 160 205 9.54897e-07
0.542007 1.4382 160 205 9.72183e-07
0.542757 1.4382 160 205 9.90065e-07
0.543507 1.4382 160 205 1.00854e-06
0.544257 1.4382 160 205 1.02766e-06
0.545008 1.4382 160 205 1.04738e-06
0.545758 1.4382 160 205 1.06785e-06
0.546508 1.4382 160 205 1.08906e-06
0.547258 1.4382 160 205 1.11105e-06
0.548008 1.4382 160 205 1.13385e-06
0.548758 1.4382 160 205 1.1575e-06
0.549508 1.4382 160 205 1.18201e-06
0.550258 1.4382 160 205 1.20749e-06
0.551009 1.4382 160 205 1.23385e-06
0.551759 1.4382 160 205 1.26135e-06
0.552509 1.4382 160 205 1.28997e-06
0.553259 1.4382 160 205 1.31972e-06
0.554009 1.4382 160 205 1.35072e-06
0.554759 1.4382 160 205 1.38302e-06
0.555509 1.4382 160 205 1.41667e-06
0.556259 1.4382 160 205 1.45179e-06
0.55701 1.4382 160 205 1.48832e-06
0.55776 1.4382 160 205 1.52662e-06
0.55851 1.4382 160 205 1.56663e-06
0.55926 1.4382 160 205 1.60852e-06
0.56001 1.4382 160 205 1.6524e-06
0.56076 1.4382 160 205 1.69836e-06
0.56151 1.4382 160 205 1.74652e-06
0.56226 1.4382 160 205 1.79708e-06
0.563011 1.4382 160 205 1.85001e-06
0.563761 1.4382 160 205 1.90588e-06
0.564511 1.4382 160 205 1.96463e-06
0.565261 1.4382 160 205 2.02656e-06
0.566011 1.4382 160 205 2.09189e-06
0.566761 1.4382 160 205 2.16082e-06
0.567511 1.4382 160 205 2.23363e-06
0.568261 1.4382 160 205 2.31066e-06
0.569012 1.4382 160 205 2.39229e-06
0.569762 1.4382 160 205 2.47864e-06
0.570512 1.4382 160 205 2.57049e-06
0.571262 1.4382 160 205 2.66823e-06
0.572012 1.4382 160 205 2.7723e-06
0.572762 1.4382 160 205 2.88324e-06
0.573512 1.4382 160 205 3.00174e-06
0.574262 1.4382 160 205 3.12845e-06
0.575013 1.4382 160 205 3.2641e-06
0.575763 1.4382 160 205 3.4094e-06
0.576513 1.4382 160 205 3.56597e-06
0.577263 1.4382 160 205 3.73471e-06
0.578013 1.4382 160 205 3.91682e-06
0.578763 1.4382 160 205 4.11377e-06
0.579513 1.4382 160 205 4.32723e-06
0.580263 1.4382 160 205 4.55921e-06
0.581014 1.4382 160 205 4.81165e-06
0.581764 1.4382 160 205 5.08739e-06
0.582514 1.4382 160 205 5.38888e-06
0.583264 1.4382 160 205 5.7205e-06
0.584014 1.4382 160 205 6.08583e-06
0.584764 1.4382 160 205 6.48956e-06
0.585514 1.4382 160 205 6.93734e-06
0.586264 1.4382 160 205 7.4361e-06
0.587015 1.4382 160 205 7.99353e-06
0.587765 1.4382 160 205 8.61859e-06
0.588515 1.4382 160 205 9.3242e-06
0.589265 1.4382 160 205 1.01241e-05
0.590015 1.4382 160 205 1.10336e-05
0.590765 1.4382 160 205 1.20783e-05
0.591515 1.4382 160 205 1.32832e-05
0.592265 1.4382 160 205 1.46832e-05
0.593016 1.4382 160 205 1.63214e-05
0.593766 1.4382 160 205 1.82554e-05
0.594516 1.4382 160 205 2.05564e-05
0.595266 1.4382 160 205 2.33273e-05
0.596016 1.4382 160 205 2.66985e-05
0.596766 1.4382 160 205 3.08469e-05
0.597516 1.4382 160 205 3.60321e-05
0.598266 1.4382 160 205 4.26062e-05
0.599017 1.4382 160 205 5.10833e-05
0.599767 1.4382 160 205 6.22105e-05
0.600517 1.4382 160 205 7.70986e-05
0.601267 1.4382 160 205 9.73925e-05
0.602017 1.4382 160 205 0.000125476
0.602767 1.4382 160 205 0.000164469
0.603517 1.4382 160 205 0.000217307
0.604267 1.4382 160 205 0.000282759
0.605018 1.4382 160 205 0.000346487
0.605768 1.4382 160 205 0.000377257
0.606518 1.4382 160 205 0.000353295
0.607268 1.4382 160 205 0.000292029
0.608018 1.4382 160 205 0.000225758
0.608768 1.4382 160 205 0.000171117
0.609518 1.4382 160 205 0.000130492
0.610268 1.4382 160 205 0.000101204
0.611019 1.4382 160 205 8.00352e-05
0.611769 1.4382 160 205 6.45498e-05
0.612519 1.4382 160 205 5.30077e-05
0.613269 1.4382 160 205 4.42408e-05
0.614019 1.4382 160 205 3.74601e-05
0.614769 1.4382 160 205 3.2127e-05
0.615519 1.4382 160 205 2.78697e-05
0.616269 1.4382 160 205 2.44221e-05
0.61702 1.4382 160 205 2.1598e-05
0.61777 1.4382 160 205 1.92577e-05
0.61852 1.4382 160 205 1.72964e-05
0.61927 1.4382 160 205 1.56449e-05
0.62002 1.4382 160 205 1.42399e-05
0.62077 1.4382 160 205 1.30366e-05
0.62152 1.4382 160 205 1.19989e-05
0.62227 1.4382 160 205 1.10989e-05
0.623021 1.4382 160 205 1.03147e-05
0.623771 1.4382 160 205 9.62808e-06
0.624521 1.4382 160 205 9.02423e-06
0.625271 1.4382 160 205 8.49154e-06
0.626021 1.4382 160 205 8.02052e-06
0.626771 1.4382 160 205 7.60009e-06
0.627521 1.4382 160 205 7.22832e-06
0.628271 1.4382 160 205 6.89699e-06
0.629022 1.4382 160 205 6.60163e-06
0.629772 1.4382 160 205 6.33791e-06
0.630522 1.4382 160 205 6.1027e-06
0.631272 1.4382 160 205 5.89262e-06
0.632022 1.4382 160 205 5.70534e-06
0.632772 1.4382 160 205 5.53865e-06
0.633522 1.4382 160 205 5.39093e-06
0.634272 1.4382 160 205 5.25862e-06
0.635023 1.4382 160 205 5.14374e-06
0.635773 1.4382 160 205 5.04345e-06
0.636523 1.4382 160 205 4.95675e-06
0.637273 1.4382 160 205 4.88275e-06
0.638023 1.4382 160 205 4.82063e-06
0.638773 1.4382 160 205 4.76978e-06
0.639523 1.4382 160 205 4.72973e-06
0.640273 1.4382 160 205 4.6999e-06
0.641024 1.4382 160 205 4.68003e-06
0.641774 1.4382 160 205 4.6699e-06
0.642524 1.4382 160 205 4.66746e-06
0.643274 1.4382 160 205 4.67603e-06
0.644024 1.4382 160 205 4.69375e-06
0.644774 1.4382 160 205 4.72073e-06
0.645524 1.4382 160 205 4.75692e-06
0.646274 1.4382 160 205 4.80256e-06
0.647025 1.4382 160 205 4.85773e-06
0.647775 1.4382 160 205 4.92263e-06
0.648525 1.4382 160 205 4.99757e-06
0.649275 1.4382 160 205 5.08294e-06
0.650025 1.4382 160 205 5.17933e-06
0.650775 1.4382 160 205 5.28482e-06
0.651525 1.4382 160 205 5.40452e-06
0.652275 1.4382 160 205 5.53687e-06
0.653026 1.4382 160 205 5.68278e-06
0.653776 1.4382 160 205 5.84316e-06
0.654526 1.4382 160 205 6.01908e-06
0.655276 1.4382 160 205 6.21183e-06
0.656026 1.4382 160 205 6.42256e-06
0.656776 1.4382 160 205 6.65304e-06
0.657526 1.4382 160 205 6.90481e-06
0.658276 1.4382 160 205 7.18024e-06
0.659027 1.4382 160 205 7.4813e-06
0.659777 1.4382 160 205 7.80686e-06
0.660527 1.4382 160 205 8.16744e-06
0.661277 1.4382 160 205 8.5628e-06
0.662027 1.4382 160 205 8.99694e-06
0.662777 1.4382 160 205 9.47448e-06
0.663527 1.4382 160 205 1.00012e-05
0.664277 1.4382 160 205 1.05829e-05
0.665028 1.4382 160 205 1.12267e-05
0.665778 1.4382 160 205 1.19414e-05
0.666528 1.4382 160 205 1.27368e-05
0.667278 1.4382 160 205 1.36258e-05
0.668028 1.4382 160 205 1.46132e-05
0.668778 1.4382 160 205 1.57332e-05
0.669528 1.4382 160 205 1.69983e-05
0.670278 1.4382 160 205 1.84329e-05
0.671029 1.4382 160 205 2.00698e-05
0.671779 1.4382 160 205 2.19467e-05
0.672529 1.4382 160 205 2.41112e-05
0.673279 1.4382 160 205 2.6624e-05
0.674029 1.4382 160 205 2.95604e-05
0.674779 1.4382 160 205 3.30185e-05
0.675529 1.4382 160 205 3.71269e-05
0.676279 1.4382 160 205 4.20542e-05
0.67703 1.4382 160 205 4.79829e-05
0.67778 1.4382 160 205 5.52859e-05
0.67853 1.4382 160 205 6.43462e-05
0.67928 1.4382 160 205 7.57355e-05
0.68003 1.4382 160 205 9.02748e-05
0.68078 1.4382 160 205 0.000109124
0.68153 1.4382 160 205 0.000133952
0.68228 1.4382 160 205 0.000167133
0.683031 1.4382 160 205 0.000211934
0.683781 1.4382 160 205 0.000272364
0.684531 1.4382 160 205 0.000351693
0.685281 1.4382 160 205 0.000447628
0.686031 1.4382 160 205 0.00054238
0.686781 1.4382 160 205 0.000598123
0.687531 1.4382 160 205 0.000581853
0.688281 1.4382 160 205 0.000504108
0.689032 1.4382 160 205 0.000405383
0.689782 1.4382 160 205 0.000315749
0.690532 1.4382 160 205 0.000244897
0.691282 1.4382 160 205 0.000191754
0.692032 1.4382 160 205 0.000152418
0.692782 1.4382 160 205 0.000123158
0.693532 1.4382 160 205 0.000101109
0.694282 1.4382 160 205 8.4239e-05
0.695033 1.4382 160 205 7.1121e-05
0.695783 1.4382 160 205 6.07807e-05
0.696533 1.4382 160 205 5.24813e-05
0.697283 1.4382 160 205 4.57416e-05
0.698033 1.4382 160 205 4.02096e-05
0.698783 1.4382 160 205 3.56159e-05
0.699533 1.4382 160 205 3.17625e-05
0.700283 1.4382 160 205 2.8501e-05
0.701034 1.4382 160 205 2.57186e-05
0.701784 1.4382 160 205 2.33266e-05
0.702534 1.4382 160 205 2.1255e-05
0.703284 1.4382 160 205 1.94503e-05
0.704034 1.4382 160 205 1.78687e-05
0.704784 1.4382 160 205 1.64756e-05
0.705534 1.4382 160 205 1.52404e-05
0.706284 1.4382 160 205 1.41422e-05
0.707035 1.4382 160 205 1.31602e-05
0.707785 1.4382 160 205 1.22802e-05
0.708535 1.4382 160 205 1.1488e-05
0.709285 1.4382 160 205 1.0772e-05
0.710035 1.4382 160 205 1.01234e-05
0.710785 1.4382 160 205 9.53336e-06
0.711535 1.4382 160 205 8.99541e-06
0.712285 1.4382 160 205 8.50329e-06
0.713036 1.4382 160 205 8.05215e-06
0.713786 1.4382 160 205 7.63746e-06
0.714536 1.4382 160 205 7.25571e-06
0.715286 1.4382 160 205 6.90314e-06
0.716036 1.4382 160 205 6.57484e-06
0.716786 1.4382 160 205 6.27254e-06
0.717536 1.4382 160 205 5.99186e-06
0.718286 1.4382 160 205 5.73076e-06
0.719037 1.4382 160 205 5.48746e-06
0.719787 1.4382 160 205 5.26019e-06
0.720537 1.4382 160 205 5.04787e-06
0.721287 1.4382 160 205 4.84905e-06
0.722037 1.4382 160 205 4.66262e-06
0.722787 1.4382 160 205 4.48759e-06
0.723537 1.4382 160 205 4.32323e-06
0.724287 1.4382 160 205 4.16848e-06
0.725038 1.4382 160 205 4.02259e-06
0.725788 1.4382 160 205 3.885e-06
0.726538 1.4382 160 205 3.75384e-06
0.727288 1.4382 160 205 3.63099e-06
0.728038 1.4382 160 205 3.51492e-06
0.728788 1.4382 160 205 3.40477e-06
0.729538 1.4382 160 205 3.30044e-06
0.730288 1.4382 160 205 3.20135e-06
0.731039 1.4382 160 205 3.10738e-06
0.731789 1.4382 160 205 3.01802e-06
0.732539 1.4382 160 205 2.93307e-06
0.733289 1.4382 160 205 2.85225e-06
0.734039 1.4382 160 205 2.77525e-06
0.734789 1.4382 160 205 2.70175e-06
0.735539 1.4382 160 205 2.63169e-06
0.736289 1.4382 160 205 2.56492e-06
0.73704 1.4382 160 205 2.5e-06
0.73779 1.4382 160 205 2.43903e-06
0.73854 1.4382 160 205 2.38073e-06
0.73929 1.4382 160 205 2.32494e-06
0.74004 1.4382 160 205 2.27154e-06
0.74079 1.4382 160 205 2.22055e-06
0.74154 1.4382 160 205 2.17165e-06
0.74229 1.4382 160 205 2.12473e-06
0.743041 1.4382 160 205 2.07972e-06
0.743791 1.4382 160 205 2.03662e-06
0.744541 1.4382 160 205 1.99532e-06
0.745291 1.4382 160 205 1.95552e-06
0.746041 1.4382 160 205 1.91733e-06
0.746791 1.4382 160 205 1.8811e-06
0.747541 1.4382 160 205 1.84603e-06
0.748291 1.4382 160 205 1.81116e-06
0.749042 1.4382 160 205 1.77864e-06
0.749792 1.4382 160 205 1.74719e-06
0.750542 1.4382 160 205 1.71698e-06
0.751292 1.4382 160 205 1.68794e-06
0.752042 1.4382 160 205 1.6599e-06
0.752792 1.4382 160 205 1.63275e-06
0.753542 1.4382 160 205 1.60666e-06
0.754292 1.4382 160 205 1.58116e-06
0.755043 1.4382 160 205 1.55659e-06
0.755793 1.4382 160 205 1.5324e-06
0.756543 1.4382 160 205 1.50906e-06
0.757293 1.4382 160 205 1.48567e-06
0.758043 1.4382 160 205 1.46386e-06
0.758793 1.4382 160 205 1.4409e-06
0.759543 1.4382 160 205 1.41483e-06
0.760293 1.4382 160 205 1.39053e-06
0.761044 1.4382 160 205 1.36579e-06
0.761794 1.4382 160 205 1.33936e-06
0.762544 1.4382 160 205 1.31075e-06
0.763294 1.4382 160 205 1.27925e-06
0.764044 1.4382 160 205 1.24292e-06
0.764794 1.4382 160 205 1.20136e-06
0.765544 1.4382 160 205 1.15109e-06
0.766294 1.4382 160 205 1.08974e-06
0.767045 1.4382 160 205 1.01366e-06
0.767795 1.4382 160 205 9.16067e-07
0.768545 1.4382 160 205 7.90564e-07
0.769295 1.4382 160 205 6.23771e-07
0.770045 1.4382 160 205 4.01538e-07
0.770795 1.4382 160 205 9.26908e-08
0.771545 1.4382 160 205 -3.16691e-07
0.772295 1.4382 160 205 -8.70062e-07
0.773046 1.4382 160 205 -1.60994e-06
0.773796 1.4382 160 205 -2.59056e-06
0.774546 1.4382 160 205 -3.81743e-06
0.775296 1.4382 160 205 -5.18779e-06
0.776046 1.4382 160 205 -6.39541e-06
0.776796 1.4382 160 205 -6.90568e-06
0.777546 1.4382 160 205 -6.12781e-06
0.778296 1.4382 160 205 -3.95243e-06
0.779047 1.4382 160 205 -1.05728e-06
0.779797 1.4382 160 205 1.53175e-06
0.780547 1.4382 160 205 3.26576e-06
0.781297 1.4382 160 205 4.09141e-06
0.782047 1.4382 160 205 4.275e-06
0.782797 1.4382 160 205 4.11818e-06
0.783547 1.4382 160 205 3.79621e-06
0.784297 1.4382 160 205 3.43771e-06
0.785048 1.4382 160 205 3.09449e-06
0.785798 1.4382 160 205 2.78514e-06
0.786548 1.4382 160 205 2.51439e-06
0.787298 1.4382 160 205 2.28439e-06
0.788048 1.4382 160 205 2.08853e-06
0.788798 1.4382 160 205 1.92319e-06
0.789548 1.4382 160 205 1.78224e-06
0.790298 1.4382 160 205 1.66282e-06
0.791049 1.4382 160 205 1.56047e-06
0.791799 1.4382 160 205 1.47301e-06
0.792549 1.4382 160 205 1.40162e-06
0.793299 1.4382 160 205 1.33522e-06
0.794049 1.4382 160 205 1.27691e-06
0.794799 1.4382 160 205 1.22583e-06
0.795549 1.4382 160 205 1.18027e-06
0.796299 1.4382 160 205 1.14053e-06
0.79705 1.4382 160 205 1.10499e-06
0.7978 1.4382 160 205 1.07322e-06
0.79855 1.4382 160 205 1.04475e-06
0.7993 1.4382 160 205 1.01908e-06
0.80005 1.4382 160 205 9.95772e-07
0.8008 1.4382 160 205 9.74776e-07
0.80155 1.4382 160 205 9.5564e-07
0.8023 1.4382 160 205 9.38088e-07
0.803051 1.4382 160 205 9.22073e-07
0.803801 1.4382 160 205 9.07528e-07
0.804551 1.4382 160 205 8.95202e-07
0.805301 1.4382 160 205 8.82804e-07
0.806051 1.4382 160 205 8.71353e-07
0.806801 1.4382 160 205 8.60792e-07
0.807551 1.4382 160 205 8.51094e-07
0.808301 1.4382 160 205 8.42218e-07
0.809052 1.4382 160 205 8.34003e-07
0.809802 1.4382 160 205 8.26329e-07
0.810552 1.4382 160 205 8.19366e-07
0.811302 1.4382 160 205 8.12985e-07
0.812052 1.4382 160 205 8.07155e-07
0.812802 1.4382 160 205 8.01773e-07
0.813552 1.4382 160 205 7.96903e-07
0.814302 1.4382 160 205 7.92476e-07
0.815053 1.4382 160 205 7.88487e-07
0.815803 1.4382 160 205 7.84942e-07
0.816553 1.4382 160 205 7.81886e-07
0.817303 1.4382 160 205 7.79565e-07
0.818053 1.4382 160 205 7.77252e-07
0.818803 1.4382 160 205 7.75237e-07
0.819553 1.4382 160 205 7.7364e-07
0.820303 1.4382 160 205 7.72482e-07
0.821054 1.4382 160 205 7.71669e-07
0.821804 1.4382 160 205 7.71738e-07
0.822554 1.4382 160 205 7.71686e-07
0.823304 1.4382 160 205 7.72036e-07
0.824054 1.4382 160 205 7.72851e-07
0.824804 1.4382 160 205 7.74115e-07
0.825554 1.4382 160 205 7.75786e-07
0.826304 1.4382 160 205 7.7782e-07
0.827055 1.4382 160 205 7.80274e-07
0.827805 1.4382 160 205 7.83272e-07
0.828555 1.4382 160 205 7.86672e-07
0.829305 1.4382 160 205 7.90675e-07
0.830055 1.4382 160 205 7.95296e-07
0.830805 1.4382 160 205 8.00329e-07
0.831555 1.4382 160 205 8.05968e-07
0.832305 1.4382 160 205 8.12292e-07
0.833056 1.4382 160 205 8.19233e-07
0.833806 1.4382 160 205 8.26931e-07
0.834556 1.4382 160 205 8.3544e-07
0.835306 1.4382 160 205 8.4561e-07
0.836056 1.4382 160 205 8.55836e-07
0.836806 1.4382 160 205 8.66968e-07
0.837556 1.4382 160 205 8.79195e-07
0.838306 1.4382 160 205 8.92665e-07
0.839057 1.4382 160 205 9.07317e-07
0.839807 1.4382 160 205 9.23289e-07
0.840557 1.4382 160 205 9.40849e-07
0.841307 1.4382 160 205 9.60024e-07
0.842057 1.4382 160 205 9.81089e-07
0.842807 1.4382 160 205 1.00413e-06
0.843557 1.4382 160 205 1.02934e-06
0.844307 1.4382 160 205 1.0572e-06
0.845058 1.4382 160 205 1.0879e-06
0.845808 1.4382 160 205 1.12178e-06
0.846558 1.4382 160 205 1.15926e-06
0.847308 1.4382 160 205 1.20073e-06
0.848058 1.4382 160 205 1.24706e-06
0.848808 1.4382 160 205 1.29858e-06
0.849558 1.4382 160 205 1.35747e-06
0.850308 1.4382 160 205 1.42204e-06
0.851059 1.4382 160 205 1.49476e-06
0.851809 1.4382 160 205 1.57715e-06
0.852559 1.4382 160 205 1.67062e-06
0.853309 1.4382 160 205 1.7771e-06
0.854059 1.4382 160 205 1.89915e-06
0.854809 1.4382 160 205 2.03978e-06
0.855559 1.4382 160 205 2.20242e-06
0.856309 1.4382 160 205 2.39186e-06
0.85706 1.4382 160 205 2.61323e-06
0.85781 1.4382 160 205 2.87466e-06
0.85856 1.4382 160 205 3.18456e-06
0.85931 1.4382 160 205 3.55448e-06
0.86006 1.4382 160 205 3.99794e-06
0.86081 1.4382 160 205 4.53217e-06
0.86156 1.4382 160 205 5.17731e-06
0.86231 1.4382 160 205 5.95547e-06
0.863061 1.4382 160 205 6.88788e-06
0.863811 1.4382 160 205 7.99026e-06
0.864561 1.4382 160 205 9.24872e-06
0.865311 1.4382 160 205 1.0613e-05
0.866061 1.4382 160 205 1.19602e-05
0.866811 1.4382 160 205 1.30911e-05
0.867561 1.4382 160 205 1.37681e-05
0.868311 1.4382 160 205 1.38188e-05
0.869062 1.4382 160 205 1.32328e-05
0.869812 1.4382 160 205 1.21685e-05
0.870562 1.4382 160 205 1.08593e-05
0.871312 1.4382 160 205 9.51019e-06
0.872062 1.4382 160 205 8.25212e-06
0.872812 1.4382 160 205 7.14361e-06
0.873562 1.4382 160 205 6.19831e-06
0.874312 1.4382 160 205 5.40581e-06
0.875063 1.4382 160 205 4.74525e-06
0.875813 1.4382 160 205 4.19564e-06
0.876563 1.4382 160 205 3.73585e-06
0.877313 1.4382 160 205 3.3491e-06
0.878063 1.4382 160 205 3.02107e-06
0.878813 1.4382 160 205 2.74233e-06
0.879563 1.4382 160 205 2.49759e-06
0.880313 1.4382 160 205 2.28177e-06
0.881064 1.4382 160 205 2.0886e-06
0.881814 1.4382 160 205 1.91055e-06
0.882564 1.4382 160 205 1.74189e-06
0.883314 1.4382 160 205 1.57803e-06
0.884064 1.4382 160 205 1.41199e-06
0.884814 1.4382 160 205 1.23976e-06
0.885564 1.4382 160 205 1.05125e-06
0.886314 1.4382 160 205 8.35807e-07
0.887065 1.4382 160 205 5.88662e-07
0.887815 1.4382 160 205 2.89737e-07
0.888565 1.4382 160 205 -7.77038e-08
0.889315 1.4382 160 205 -5.38463e-07
0.890065 1.4382 160 205 -1.12577e-06
0.890815 1.4382 160 205 -1.87745e-06
0.891565 1.4382 160 205 -2.84384e-06
0.892315 1.4382 160 205 -4.06829e-06
0.893066 1.4382 160 205 -5.5744e-06
0.893816 1.4382 160 205 -7.3476e-06
0.894566 1.4382 160 205 -9.4575e-06
0.895316 1.4382 160 205 -1.11528e-05
0.896066 1.4382 160 205 -1.20341e-05
0.896816 1.4382 160 205 -1.14241e-05
0.897566 1.4382 160 205 -9.00677e-06
0.898316 1.4382 160 205 -5.18553e-06
0.899067 1.4382 160 205 -9.86561e-07
0.899817 1.4382 160 205 2.55359e-06
0.900567 1.4382 160 205 4.90709e-06
0.901317 1.4382 160 205 6.12518e-06
0.902067 1.4382 160 205 6.48318e-06
0.902817 1.4382 160 205 6.32684e-06
0.903567 1.4382 160 205 5.91164e-06
0.904317 1.4382 160 205 5.39494e-06
0.905068 1.4382 160 205 4.86254e-06
0.905818 1.4382 160 205 4.36196e-06
0.906568 1.4382 160 205 3.91071e-06
0.907318 1.4382 160 205 3.51351e-06
0.908068 1.4382 160 205 3.16929e-06
0.908818 1.4382 160 205 2.87175e-06
0.909568 1.4382 160 205 2.61591e-06
0.910318 1.4382 160 205 2.39519e-06
0.911069 1.4382 160 205 2.23788e-06
0.911819 1.4382 160 205 2.07054e-06
0.912569 1.4382 160 205 1.92583e-06
0.913319 1.4382 160 205 1.7998e-06
0.914069 1.4382 160 205 1.6905e-06
0.914819 1.4382 160 205 1.59491e-06
0.915569 1.4382 160 205 1.5106e-06
0.916319 1.4382 160 205 1.43621e-06
0.91707 1.4382 160 205 1.36985e-06
0.91782 1.4382 160 205 1.31182e-06
0.91857 1.4382 160 205 1.26011e-06
0.91932 1.4382 160 205 1.21418e-06
0.92007 1.4382 160 205 1.17307e-06
0.92082 1.4382 160 205 1.13622e-06
0.92157 1.4382 160 205 1.10331e-06
0.92232 1.4382 160 205 1.0739e-06
0.923071 1.4382 160 205 1.04725e-06
0.923821 1.4382 160 205 1.02325e-06
0.924571 1.4382 160 205 1.00176e-06
0.925321 1.4382 160 205 9.82213e-07
0.926071 1.4382 160 205 9.64581e-07
0.926821 1.4382 160 205 9.48742e-07
0.927571 1.4382 160 205 9.34356e-07
0.928321 1.4382 160 205 9.26852e-07
0.929072 1.4382 160 205 9.14939e-07
0.929822 1.4382 160 205 9.04181e-07
0.930572 1.4382 160 205 8.94603e-07
0.931322 1.4382 160 205 8.86068e-07
0.932072 1.4382 160 205 8.78439e-07
0.932822 1.4382 160 205 8.71586e-07
0.933572 1.4382 160 205 8.65301e-07
0.934322 1.4382 160 205 8.60008e-07
0.935073 1.4382 160 205 8.55417e-07
0.935823 1.4382 160 205 8.51462e-07
0.936573 1.4382 160 205 8.48121e-07
0.937323 1.4382 160 205 8.45318e-07
0.938073 1.4382 160 205 8.43069e-07
0.938823 1.4382 160 205 8.41355e-07
0.939573 1.4382 160 205 8.40186e-07
0.940323 1.4382 160 205 8.39399e-07
0.941074 1.4382 160 205 8.39043e-07
0.941824 1.4382 160 205 8.39128e-07
0.942574 1.4382 160 205 8.3963e-07
0.943324 1.4382 160 205 8.4049e-07
0.944074 1.4382 160 205 8.41753e-07
0.944824 1.4382 160 205 8.43333e-07
0.945574 1.4382 160 205 8.47173e-07
0.946324 1.4382 160 205 8.49403e-07
0.947075 1.4382 160 205 8.51953e-07
0.947825 1.4382 160 205 8.54856e-07
0.948575 1.4382 160 205 8.58108e-07
0.949325 1.4382 160 205 8.61701e-07
0.950075 1.4382 160 205 8.65569e-07
0.950825 1.4382 160 205 8.6962e-07
0.951575 1.4382 160 205 8.74108e-07
0.952325 1.4382 160 205 8.78916e-07
0.953076 1.4382 160 205 8.84054e-07
0.953826 1.4382 160 205 8.89479e-07
0.954576 1.4382 160 205 8.95223e-07
0.955326 1.4382 160 205 9.0127e-07
0.956076 1.4382 160 205 9.07644e-07
0.956826 1.4382 160 205 9.14332e-07
0.957576 1.4382 160 205 9.21336e-07
0.958326 1.4382 160 205 9.28654e-07
0.959077 1.4382 160 205 9.36293e-07
0.959827 1.4382 160 205 9.44268e-07
0.960577 1.4382 160 205 9.5258e-07
0.961327 1.4382 160 205 9.61224e-07
0.962077 1.4382 160 205 9.70222e-07
0.962827 1.4382 160 205 9.79561e-07
0.963577 1.4382 160 205 9.901e-07
0.964327 1.4382 160 205 1.00015e-06
0.965078 1.4382 160 205 1.01058e-06
0.965828 1.4382 160 205 1.0214e-06
0.966578 1.4382 160 205 1.03263e-06
0.967328 1.4382 160 205 1.04428e-06
0.968078 1.4382 160 205 1.0562e-06
0.968828 1.4382 160 205 1.0687e-06
0.969578 1.4382 160 205 1.08164e-06
0.970328 1.4382 160 205 1.09505e-06
0.971079 1.4382 160 205 1.10895e-06
0.971829 1.4382 160 205 1.12334e-06
0.972579 1.4382 160 205 1.13824e-06
0.973329 1.4382 160 205 1.15367e-06
0.974079 1.4382 160 205 1.16966e-06
0.974829 1.4382 160 205 1.18623e-06
0.975579 1.4382 160 205 1.20339e-06
0.976329 1.4382 160 205 1.22118e-06
0.97708 1.4382 160 205 1.23961e-06
0.97783 1.4382 160 205 1.25871e-06
0.97858 1.4382 160 205 1.27851e-06
0.97933 1.4382 160 205 1.29906e-06
0.98008 1.4382 160 205 1.32036e-06
0.98083 1.4382 160 205 1.34246e-06
0.98158 1.4382 160 205 1.36539e-06
0.98233 1.4382 160 205 1.38957e-06
0.983081 1.4382 160 205 1.41429e-06
0.983831 1.4382 160 205 1.43998e-06
0.984581 1.4382 160 205 1.46667e-06
0.985331 1.4382 160 205 1.49443e-06
0.986081 1.4382 160 205 1.52331e-06
0.986831 1.4382 160 205 1.55308e-06
0.987581 1.4382 160 205 1.58437e-06
0.988331 1.4382 160 205 1.61695e-06
0.989082 1.4382 160 205 1.65094e-06
0.989832 1.4382 160 205 1.68637e-06
0.990582 1.4382 160 205 1.72334e-06
0.991332 1.4382 160 205 1.76197e-06
0.992082 1.4382 160 205 1.80231e-06
0.992832 1.4382 160 205 1.84451e-06
0.993582 1.4382 160 205 1.88866e-06
0.994332 1.4382 160 205 1.9349e-06
0.995083 1.4382 160 205 1.98335e-06
0.995833 1.4382 160 205 2.03416e-06
0.996583 1.4382 160 205 2.0875e-06
0.997333 1.4382 160 205 2.14353e-06
0.998083 1.4382 160 205 2.20248e-06
0.998833 1.4382 160 205 2.26453e-06
0.999583 1.4382 160 205 2.32988e-06
1.00033 1.4382 160 205 2.39884e-06
1.00108 1.4382 160 205 2.47167e-06
1.00183 1.4382 160 205 2.54873e-06
1.00258 1.4382 160 205 2.63022e-06
1.00333 1.4382 160 205 2.71657e-06
1.00408 1.4382 160 205 2.80823e-06
1.00483 1.4382 160 205 2.90564e-06
1.00558 1.4382 160 205 3.00838e-06
1.00633 1.4382 160 205 3.11883e-06
1.00708 1.4382 160 205 3.23672e-06
1.00783 1.4382 160 205 3.36288e-06
1.00858 1.4382 160 205 3.49804e-06
1.00933 1.4382 160 205 3.64308e-06
1.01009 1.4382 160 205 3.79908e-06
1.01084 1.4382 160 205 3.96719e-06
1.01159 1.4382 160 205 4.14882e-06
1.01234 1.4382 160 205 4.34552e-06
1.01309 1.4382 160 205 4.55896e-06
1.01384 1.4382 160 205 4.79128e-06
1.01459 1.4382 160 205 5.04474e-06
1.01534 1.4382 160 205 5.32204e-06
1.01609 1.4382 160 205 5.62648e-06
1.01684 1.4382 160 205 5.96165e-06
1.01759 1.4382 160 205 6.33223e-06
1.01834 1.4382 160 205 6.74319e-06
1.01909 1.4382 160 205 7.20052e-06
1.01984 1.4382 160 205 7.71205e-06
1.02059 1.4382 160 205 8.28656e-06
1.02134 1.4382 160 205 8.93459e-06
1.02209 1.4382 160 205 9.66918e-06
1.02284 1.4382 160 205 1.05062e-05
1.02359 1.4382 160 205 1.14653e-05
1.02434 1.4382 160 205 1.257e-05
1.02509 1.4382 160 205 1.38425e-05
1.02584 1.4382 160 205 1.53347e-05
1.02659 1.4382 160 205 1.70852e-05
1.02734 1.4382 160 205 1.91504e-05
1.02809 1.4382 160 205 2.16001e-05
1.02884 1.4382 160 205 2.45188e-05
1.02959 1.4382 160 205 2.8005e-05
1.03034 1.4382 160 205 3.21682e-05
1.03109 1.4382 160 205 3.71134e-05
1.03184 1.4382 160 205 4.29128e-05
1.03259 1.4382 160 205 4.9545e-05
1.03334 1.4382 160 205 5.67995e-05
1.03409 1.4382 160 205 6.41567e-05
1.03484 1.4382 160 205 7.07142e-05
1.03559 1.4382 160 205 7.53085e-05
1.03634 1.4382 160 205 7.69018e-05
1.03709 1.4382 160 205 7.51038e-05
1.03784 1.4382 160 205 7.04061e-05
1.03859 1.4382 160 205 6.38926e-05
1.03934 1.4382 160 205 5.67196e-05
1.04009 1.4382 160 205 4.974e-05
1.04084 1.4382 160 205 4.34311e-05
1.04159 1.4382 160 205 3.79764e-05
1.04234 1.4382 160 205 3.33816e-05
1.04309 1.4382 160 205 2.95689e-05
1.04384 1.4382 160 205 2.64263e-05
1.04459 1.4382 160 205 2.38578e-05
1.04534 1.4382 160 205 2.17601e-05
1.04609 1.4382 160 205 2.0057e-05
1.04684 1.4382 160 205 1.86733e-05
1.04759 1.4382 160 205 1.7561e-05
1.04834 1.4382 160 205 1.6678e-05
1.04909 1.4382 160 205 1.59908e-05
1.04984 1.4382 160 205 1.54734e-05
1.05059 1.4382 160 205 1.51063e-05
1.05134 1.4382 160 205 1.48746e-05
1.05209 1.4382 160 205 1.47669e-05
1.05284 1.4382 160 205 1.47762e-05
1.05359 1.4382 160 205 1.48979e-05
1.05434 1.4382 160 205 1.51308e-05
1.05509 1.4382 160 205 1.54753e-05
1.05584 1.4382 160 205 1.59354e-05
1.05659 1.4382 160 205 1.65173e-05
1.05734 1.4382 160 205 1.72302e-05
1.05809 1.4382 160 205 1.80865e-05
1.05884 1.4382 160 205 1.91023e-05
1.05959 1.4382 160 205 2.02975e-05
1.06034 1.4382 160 205 2.16973e-05
1.06109 1.4382 160 205 2.33336e-05
1.06184 1.4382 160 205 2.52453e-05
1.06259 1.4382 160 205 2.74807e-05
1.06334 1.4382 160 205 3.00991e-05
1.06409 1.4382 160 205 3.31754e-05
1.06484 1.4382 160 205 3.68004e-05
1.06559 1.4382 160 205 4.10881e-05
1.06634 1.4382 160 205 4.61709e-05
1.06709 1.4382 160 205 5.22279e-05
1.06784 1.4382 160 205 5.94544e-05
1.06859 1.4382 160 205 6.80731e-05
1.06934 1.4382 160 205 7.83211e-05
1.0701 1.4382 160 205 9.03975e-05
1.07085 1.4382 160 205 0.00010439
1.0716 1.4382 160 205 0.000120111
1.07235 1.4382 160 205 0.000136898
1.0731 1.4382 160 205 0.00015337
1.07385 1.4382 160 205 0.000167382
1.0746 1.4382 160 205 0.000176399
1.07535 1.4382 160 205 0.000178419
1.0761 1.4382 160 205 0.000172944
1.07685 1.4382 160 205 0.000161262
1.0776 1.4382 160 205 0.000145758
1.07835 1.4382 160 205 0.000128866
1.0791 1.4382 160 205 0.000112389
1.07985 1.4382 160 205 9.7348e-05
1.0806 1.4382 160 205 8.41614e-05
1.08135 1.4382 160 205 7.28628e-05
1.0821 1.4382 160 205 6.32992e-05
1.08285 1.4382 160 205 5.52488e-05
1.0836 1.4382 160 205 4.8478e-05
1.08435 1.4382 160 205 4.27716e-05
1.0851 1.4382 160 205 3.7948e-05
1.08585 1.4382 160 205 3.38499e-05
1.0866 1.4382 160 205 3.03513e-05
1.08735 1.4382 160 205 2.73485e-05
1.0881 1.4382 160 205 2.47574e-05
1.08885 1.4382 160 205 2.25093e-05
1.0896 1.4382 160 205 2.05415e-05
1.09035 1.4382 160 205 1.88243e-05
1.0911 1.4382 160 205 1.73129e-05
1.09185 1.4382 160 205 1.59762e-05
1.0926 1.4382 160 205 1.47893e-05
1.09335 1.4382 160 205 1.37309e-05
1.0941 1.4382 160 205 1.27836e-05
1.09485 1.4382 160 205 1.19326e-05
1.0956 1.4382 160 205 1.11656e-05
1.09635 1.4382 160 205 1.04718e-05
1.0971 1.4382 160 205 9.84239e-06
1.09785 1.4382 160 205 9.27001e-06
1.0986 1.4382 160 205 8.74772e-06
1.09935 1.4382 160 205 8.27005e-06
1.1001 1.4382 160 205 7.83206e-06
1.10085 1.4382 160 205 7.42955e-06
1.1016 1.4382 160 205 7.05876e-06
1.10235 1.4382 160 205 6.71662e-06
1.1031 1.4382 160 205 6.40003e-06
1.10385 1.4382 160 205 6.10672e-06
1.1046 1.4382 160 205 5.83448e-06
1.10535 1.4382 160 205 5.58131e-06
1.1061 1.4382 160 205 5.34537e-06
1.10685 1.4382 160 205 5.12521e-06
1.1076 1.4382 160 205 4.9194e-06
1.10835 1.4382 160 205 4.72685e-06
1.1091 1.4382 160 205 4.54645e-06
1.10985 1.4382 160 205 4.37705e-06
1.1106 1.4382 160 205 4.21795e-06
1.11135 1.4382 160 205 4.06827e-06
1.1121 1.4382 160 205 3.92595e-06
1.11285 1.4382 160 205 3.79308e-06
1.1136 1.4382 160 205 3.66653e-06
1.11435 1.4382 160 205 3.54797e-06
1.1151 1.4382 160 205 3.4359e-06
1.11585 1.4382 160 205 3.32977e-06
1.1166 1.4382 160 205 3.2292e-06
1.11735 1.4382 160 205 3.1339e-06
1.1181 1.4382 160 205 3.04342e-06
1.11885 1.4382 160 205 2.95735e-06
1.1196 1.4382 160 205 2.87564e-06
1.12035 1.4382 160 205 2.79776e-06
1.1211 1.4382 160 205 2.7236e-06
1.12185 1.4382 160 205 2.65294e-06
1.1226 1.4382 160 205 2.58557e-06
1.12335 1.4382 160 205 2.52137e-06
1.1241 1.4382 160 205 2.46006e-06
1.12485 1.4382 160 205 2.4014e-06
1.1256 1.4382 160 205 2.34536e-06
1.12635 1.4382 160 205 2.29181e-06
1.1271 1.4382 160 205 2.24056e-06
1.12785 1.4382 160 205 2.19153e-06
1.1286 1.4382 160 205 2.14459e-06
1.12935 1.4382 160 205 2.0996e-06
1.13011 1.4382 160 205 2.05643e-06
1.13086 1.4382 160 205 2.0151e-06
1.13161 1.4382 160 205 1.97549e-06
1.13236 1.4382 160 205 1.93732e-06
1.13311 1.4382 160 205 1.90068e-06
1.13386 1.4382 160 205 1.86559e-06
1.13461 1.4382 160 205 1.83189e-06
1.13536 1.4382 160 205 1.79942e-06
1.13611 1.4382 160 205 1.76841e-06
1.13686 1.4382 160 205 1.73764e-06
1.13761 1.4382 160 205 1.70896e-06
1.13836 1.4382 160 205 1.68119e-06
1.13911 1.4382 160 205 1.65392e-06
1.13986 1.4382 160 205 1.6282e-06
1.14061 1.4382 160 205 1.60349e-06
1.14136 1.4382 160 205 1.57981e-06
1.14211 1.4382 160 205 1.55696e-06
1.14286 1.4382 160 205 1.53493e-06
1.14361 1.4382 160 205 1.51385e-06
1.14436 1.4382 160 205 1.49351e-06
1.14511 1.4382 160 205 1.47407e-06
1.14586 1.4382 160 205 1.45517e-06
1.14661 1.4382 160 205 1.43692e-06
1.14736 1.4382 160 205 1.41943e-06
1.14811 1.4382 160 205 1.40279e-06
1.14886 1.4382 160 205 1.38658e-06
1.14961 1.4382 160 205 1.37117e-06
1.15036 1.4382 160 205 1.35611e-06
1.15111 1.4382 160 205 1.34185e-06
1.15186 1.4382 160 205 1.32807e-06
1.15261 1.4382 160 205 1.31475e-06
1.15336 1.4382 160 205 1.30204e-06
1.15411 1.4382 160 205 1.28991e-06
1.15486 1.4382 160 205 1.2783e-06
1.15561 1.4382 160 205 1.26711e-06
1.15636 1.4382 160 205 1.25626e-06
1.15711 1.4382 160 205 1.24594e-06
1.15786 1.4382 160 205 1.23606e-06
1.15861 1.4382 160 205 1.22674e-06
1.15936 1.4382 160 205 1.21762e-06
1.16011 1.4382 160 205 1.20918e-06
1.16086 1.4382 160 205 1.20084e-06
1.16161 1.4382 160 205 1.19178e-06
1.16236 1.4382 160 205 1.18417e-06
1.16311 1.4382 160 205 1.17713e-06
1.16386 1.4382 160 205 1.17037e-06
1.16461 1.4382 160 205 1.16368e-06
1.16536 1.4382 160 205 1.15656e-06
1.16611 1.4382 160 205 1.15052e-06
1.16686 1.4382 160 205 1.14496e-06
1.16761 1.4382 160 205 1.13939e-06
1.16836 1.4382 160 205 1.1343e-06
1.16911 1.4382 160 205 1.12922e-06
1.16986 1.4382 160 205 1.12426e-06
1.17061 1.4382 160 205 1.11985e-06
1.17136 1.4382 160 205 1.11556e-06
1.17211 1.4382 160 205 1.11093e-06
1.17286 1.4382 160 205 1.10648e-06
1.17361 1.4382 160 205 1.10217e-06
1.17436 1.4382 160 205 1.09753e-06
1.17511 1.4382 160 205 1.09259e-06
1.17586 1.4382 160 205 1.08671e-06
1.17661 1.4382 160 205 1.08039e-06
1.17736 1.4382 160 205 1.07318e-06
1.17811 1.4382 160 205 1.06498e-06
1.17886 1.4382 160 205 1.0561e-06
1.17961 1.4382 160 205 1.04587e-06
1.18036 1.4382 160 205 1.03388e-06
1.18111 1.4382 160 205 1.01881e-06
1.18186 1.4382 160 205 1.00102e-06
1.18261 1.4382 160 205 9.79379e-07
1.18336 1.4382 160 205 9.52619e-07
1.18411 1.4382 160 205 9.20801e-07
1.18486 1.4382 160 205 8.8093e-07
1.18561 1.4382 160 205 8.32504e-07
1.18636 1.4382 160 205 7.71582e-07
1.18711 1.4382 160 205 6.95807e-07
1.18786 1.4382 160 205 5.99946e-07
1.18861 1.4382 160 205 4.77449e-07
1.18936 1.4382 160 205 3.29515e-07
1.19012 1.4382 160 205 1.44599e-07
1.19087 1.4382 160 205 -8.8153e-08
1.19162 1.4382 160 205 -3.74638e-07
1.19237 1.4382 160 205 -7.30434e-07
1.19312 1.4382 160 205 -1.16547e-06
1.19387 1.4382 160 205 -1.68083e-06
1.19462 1.4382 160 205 -2.27016e-06
1.19537 1.4382 160 205 -2.90973e-06
1.19612 1.4382 160 205 -3.53811e-06
1.19687 1.4382 160 205 -4.07061e-06
1.19762 1.4382 160 205 -4.37618e-06
1.19837 1.4382 160 205 -4.32137e-06
1.19912 1.4382 160 205 -3.81426e-06
1.19987 1.4382 160 205 -2.88618e-06
1.20062 1.4382 160 205 -1.67065e-06
1.20137 1.4382 160 205 -3.78227e-07
1.20212 1.4382 160 205 7.89225e-07
1.20287 1.4382 160 205 1.70772e-06
1.20362 1.4382 160 205 2.34463e-06
1.20437 1.4382 160 205 2.72768e-06
1.20512 1.4382 160 205 2.90792e-06
1.20587 1.4382 160 205 2.95211e-06
1.20662 1.4382 160 205 2.90369e-06
1.20737 1.4382 160 205 2.80382e-06
1.20812 1.4382 160 205 2.67609e-06
1.20887 1.4382 160 205 2.53797e-06
1.20962 1.4382 160 205 2.39891e-06
1.21037 1.4382 160 205 2.26143e-06
1.21112 1.4382 160 205 2.13146e-06
1.21187 1.4382 160 205 2.00634e-06
1.21262 1.4382 160 205 1.88545e-06
1.21337 1.4382 160 205 1.76857e-06
1.21412 1.4382 160 205 1.65314e-06
1.21487 1.4382 160 205 1.53603e-06
1.21562 1.4382 160 205 1.40597e-06
1.21637 1.4382 160 205 1.27622e-06
1.21712 1.4382 160 205 1.13763e-06
1.21787 1.4382 160 205 9.90438e-07
1.21862 1.4382 160 205 8.36815e-07
1.21937 1.4382 160 205 6.85501e-07
1.22012 1.4382 160 205 5.50105e-07
1.22087 1.4382 160 205 4.53292e-07
1.22162 1.4382 160 205 4.23479e-07
1.22237 1.4382 160 205 4.9056e-07
1.22312 1.4382 160 205 6.68233e-07
1.22387 1.4382 160 205 9.49625e-07
1.22462 1.4382 160 205 1.30084e-06
1.22537 1.4382 160 205 1.67153e-06
1.22612 1.4382 160 205 2.01499e-06
1.22687 1.4382 160 205 2.30092e-06
1.22762 1.4382 160 205 2.52047e-06
1.22837 1.4382 160 205 2.68253e-06
1.22912 1.4382 160 205 2.80189e-06
1.22987 1.4382 160 205 2.89477e-06
1.23062 1.4382 160 205 2.97329e-06
1.23137 1.4382 160 205 3.04526e-06
1.23212 1.4382 160 205 3.11324e-06
1.23287 1.4382 160 205 3.17522e-06
1.23362 1.4382 160 205 3.22632e-06
1.23437 1.4382 160 205 3.26059e-06
1.23512 1.4382 160 205 3.27305e-06
1.23587 1.4382 160 205 3.262e-06
1.23662 1.4382 160 205 3.23007e-06
1.23737 1.4382 160 205 3.18303e-06
1.23812 1.4382 160 205 3.12835e-06
1.23887 1.4382 160 205 3.07329e-06
1.23962 1.4382 160 205 3.02356e-06
1.24037 1.4382 160 205 2.98305e-06
1.24112 1.4382 160 205 2.95406e-06
1.24187 1.4382 160 205 2.93755e-06
1.24262 1.4382 160 205 2.93373e-06
1.24337 1.4382 160 205 2.9425e-06
1.24412 1.4382 160 205 2.96332e-06
1.24487 1.4382 160 205 2.99654e-06
1.24562 1.4382 160 205 3.04013e-06
1.24637 1.4382 160 205 3.09462e-06
1.24712 1.4382 160 205 3.15983e-06
1.24787 1.4382 160 205 3.23565e-06
1.24862 1.4382 160 205 3.32223e-06
1.24937 1.4382 160 205 3.41975e-06
1.25013 1.4382 160 205 3.52857e-06
1.25088 1.4382 160 205 3.6492e-06
1.25163 1.4382 160 205 3.78227e-06
1.25238 1.4382 160 205 3.92361e-06
1.25313 1.4382 160 205 4.0839e-06
1.25388 1.4382 160 205 4.25958e-06
1.25463 1.4382 160 205 4.45196e-06
1.25538 1.4382 160 205 4.66269e-06
1.25613 1.4382 160 205 4.89364e-06
1.25688 1.4382 160 205 5.14687e-06
1.25763 1.4382 160 205 5.42494e-06
1.25838 1.4382 160 205 5.73065e-06
1.25913 1.4382 160 205 6.06731e-06
1.25988 1.4382 160 205 6.43893e-06
1.26063 1.4382 160 205 6.84995e-06
1.26138 1.4382 160 205 7.3058e-06
1.26213 1.4382 160 205 7.81244e-06
1.26288 1.4382 160 205 8.37745e-06
1.26363 1.4382 160 205 9.00927e-06
1.26438 1.4382 160 205 9.71823e-06
1.26513 1.4382 160 205 1.05164e-05
1.26588 1.4382 160 205 1.14181e-05
1.26663 1.4382 160 205 1.24407e-05
1.26738 1.4382 160 205 1.36052e-05
1.26813 1.4382 160 205 1.49358e-05
1.26888 1.4382 160 205 1.64631e-05
1.26963 1.4382 160 205 1.8222e-05
1.27038 1.4382 160 205 2.02555e-05
1.27113 1.4382 160 205 2.26134e-05
1.27188 1.4382 160 205 2.53531e-05
1.27263 1.4382 160 205 2.85402e-05
1.27338 1.4382 160 205 3.22455e-05
1.27413 1.4382 160 205 3.65376e-05
1.27488 1.4382 160 205 4.14664e-05
1.27563 1.4382 160 205 4.70507e-05
1.27638 1.4382 160 205 5.32322e-05
1.27713 1.4382 160 205 5.98234e-05
1.27788 1.4382 160 205 6.64632e-05
1.27863 1.4382 160 205 7.25794e-05
1.27938 1.4382 160 205 7.74401e-05
1.28013 1.4382 160 205 8.03053e-05
1.28088 1.4382 160 205 8.06693e-05
1.28163 1.4382 160 205 7.84651e-05
1.28238 1.4382 160 205 7.40929e-05
1.28313 1.4382 160 205 6.82518e-05
1.28388 1.4382 160 205 6.16987e-05
1.28463 1.4382 160 205 5.51851e-05
1.28538 1.4382 160 205 4.88525e-05
1.28613 1.4382 160 205 4.30801e-05
1.28688 1.4382 160 205 3.79552e-05
1.28763 1.4382 160 205 3.34794e-05
1.28838 1.4382 160 205 2.96086e-05
1.28913 1.4382 160 205 2.62759e-05
1.28988 1.4382 160 205 2.34116e-05
1.29063 1.4382 160 205 2.09475e-05
1.29138 1.4382 160 205 1.88237e-05
1.29213 1.4382 160 205 1.69879e-05
1.29288 1.4382 160 205 1.53951e-05
1.29363 1.4382 160 205 1.40085e-05
1.29438 1.4382 160 205 1.2796e-05
1.29513 1.4382 160 205 1.1732e-05
1.29588 1.4382 160 205 1.07943e-05
1.29663 1.4382 160 205 9.96487e-06
1.29738 1.4382 160 205 9.22833e-06
1.29813 1.4382 160 205 8.57183e-06
1.29888 1.4382 160 205 7.98488e-06
1.29963 1.4382 160 205 7.45835e-06
1.30038 1.4382 160 205 6.98435e-06
1.30113 1.4382 160 205 6.55635e-06
1.30188 1.4382 160 205 6.1689e-06
1.30263 1.4382 160 205 5.81719e-06
1.30338 1.4382 160 205 5.49707e-06
1.30413 1.4382 160 205 5.205e-06
1.30488 1.4382 160 205 4.93787e-06
1.30563 1.4382 160 205 4.69302e-06
1.30638 1.4382 160 205 4.46814e-06
1.30713 1.4382 160 205 4.26227e-06
1.30788 1.4382 160 205 4.0715e-06
1.30863 1.4382 160 205 3.89527e-06
1.30938 1.4382 160 205 3.73223e-06
1.31014 1.4382 160 205 3.58118e-06
1.31089 1.4382 160 205 3.44101e-06
1.31164 1.4382 160 205 3.31069e-06
1.31239 1.4382 160 205 3.18945e-06
1.31314 1.4382 160 205 3.07649e-06
1.31389 1.4382 160 205 2.97114e-06
1.31464 1.4382 160 205 2.87278e-06
1.31539 1.4382 160 205 2.78082e-06
1.31614 1.4382 160 205 2.69477e-06
1.31689 1.4382 160 205 2.61422e-06
1.31764 1.4382 160 205 2.53873e-06
1.31839 1.4382 160 205 2.46723e-06
1.31914 1.4382 160 205 2.40077e-06
1.31989 1.4382 160 205 2.33839e-06
1.32064 1.4382 160 205 2.27977e-06
1.32139 1.4382 160 205 2.22471e-06
1.32214 1.4382 160 205 2.17294e-06
1.32289 1.4382 160 205 2.12424e-06
1.32364 1.4382 160 205 2.07846e-06
1.32439 1.4382 160 205 2.0354e-06
1.32514 1.4382 160 205 1.99491e-06
1.32589 1.4382 160 205 1.95682e-06
1.32664 1.4382 160 205 1.92104e-06
1.32739 1.4382 160 205 1.88741e-06
1.32814 1.4382 160 205 1.85583e-06
1.32889 1.4382 160 205 1.8262e-06
1.32964 1.4382 160 205 1.79841e-06
1.33039 1.4382 160 205 1.77238e-06
1.33114 1.4382 160 205 1.74802e-06
1.33189 1.4382 160 205 1.72529e-06
1.33264 1.4382 160 205 1.70407e-06
1.33339 1.4382 160 205 1.68435e-06
1.33414 1.4382 160 205 1.66605e-06
1.33489 1.4382 160 205 1.64911e-06
1.33564 1.4382 160 205 1.63349e-06
1.33639 1.4382 160 205 1.61916e-06
1.33714 1.4382 160 205 1.60609e-06
1.33789 1.4382 160 205 1.5942e-06
1.33864 1.4382 160 205 1.58349e-06
1.33939 1.4382 160 205 1.57393e-06
1.34014 1.4382 160 205 1.56548e-06
1.34089 1.4382 160 205 1.55842e-06
1.34164 1.4382 160 205 1.55217e-06
1.34239 1.4382 160 205 1.54701e-06
1.34314 1.4382 160 205 1.54291e-06
1.34389 1.4382 160 205 1.53984e-06
1.34464 1.4382 160 205 1.53785e-06
1.34539 1.4382 160 205 1.53689e-06
1.34614 1.4382 160 205 1.53698e-06
1.34689 1.4382 160 205 1.53812e-06
1.34764 1.4382 160 205 1.54034e-06
1.34839 1.4382 160 205 1.54362e-06
1.34914 1.4382 160 205 1.54799e-06
1.34989 1.4382 160 205 1.55345e-06
1.35064 1.4382 160 205 1.56004e-06
1.35139 1.4382 160 205 1.56777e-06
1.35214 1.4382 160 205 1.57668e-06
1.35289 1.4382 160 205 1.58677e-06
1.35364 1.4382 160 205 1.59811e-06
1.35439 1.4382 160 205 1.61033e-06
1.35514 1.4382 160 205 1.62426e-06
1.35589 1.4382 160 205 1.63956e-06
1.35664 1.4382 160 205 1.65627e-06
1.35739 1.4382 160 205 1.67446e-06
1.35814 1.4382 160 205 1.6942e-06
1.35889 1.4382 160 205 1.71556e-06
1.35964 1.4382 160 205 1.73863e-06
1.36039 1.4382 160 205 1.76347e-06
1.36114 1.4382 160 205 1.79021e-06
1.36189 1.4382 160 205 1.81894e-06
1.36264 1.4382 160 205 1.84978e-06
1.36339 1.4382 160 205 1.88285e-06
1.36414 1.4382 160 205 1.91832e-06
1.36489 1.4382 160 205 1.95633e-06
1.36564 1.4382 160 205 1.99706e-06
1.36639 1.4382 160 205 2.0407e-06
1.36714 1.4382 160 205 2.08745e-06
1.36789 1.4382 160 205 2.13755e-06
1.36864 1.4382 160 205 2.19126e-06
1.36939 1.4382 160 205 2.24886e-06
1.37015 1.4382 160 205 2.3107e-06
1.3709 1.4382 160 205 2.37709e-06
1.37165 1.4382 160 205 2.44846e-06
1.3724 1.4382 160 205 2.5252e-06
1.37315 1.4382 160 205 2.60786e-06
1.3739 1.4382 160 205 2.69697e-06
1.37465 1.4382 160 205 2.79316e-06
1.3754 1.4382 160 205 2.89713e-06
1.37615 1.4382 160 205 3.00956e-06
1.3769 1.4382 160 205 3.13149e-06
1.37765 1.4382 160 205 3.26392e-06
1.3784 1.4382 160 205 3.40791e-06
1.37915 1.4382 160 205 3.56485e-06
1.3799 1.4382 160 205 3.73621e-06
1.38065 1.4382 160 205 3.92367e-06
1.3814 1.4382 160 205 4.12925e-06
1.38215 1.4382 160 205 4.35517e-06
1.3829 1.4382 160 205 4.60406e-06
1.38365 1.4382 160 205 4.87891e-06
1.3844 1.4382 160 205 5.18316e-06
1.38515 1.4382 160 205 5.5209e-06
1.3859 1.4382 160 205 5.89681e-06
1.38665 1.4382 160 205 6.31637e-06
1.3874 1.4382 160 205 6.7858e-06
1.38815 1.4382 160 205 7.31254e-06
1.3889 1.4382 160 205 7.90491e-06
1.38965 1.4382 160 205 8.57264e-06
1.3904 1.4382 160 205 9.32685e-06
1.39115 1.4382 160 205 1.01798e-05
1.3919 1.4382 160 205 1.1144e-05
1.39265 1.4382 160 205 1.22354e-05
1.3934 1.4382 160 205 1.34674e-05
1.39415 1.4382 160 205 1.48518e-05
1.3949 1.4382 160 205 1.63967e-05
1.39565 1.4382 160 205 1.8101e-05
1.3964 1.4382 160 205 1.99501e-05
1.39715 1.4382 160 205 2.19077e-05
1.3979 1.4382 160 205 2.39086e-05
1.39865 1.4382 160 205 2.58539e-05
1.3994 1.4382 160 205 2.76118e-05
1.40015 1.4382 160 205 2.90299e-05
1.4009 1.4382 160 205 2.99617e-05
1.40165 1.4382 160 205 3.03001e-05
1.4024 1.4382 160 205 3.00068e-05
1.40315 1.4382 160 205 2.91247e-05
1.4039 1.4382 160 205 2.77645e-05
1.40465 1.4382 160 205 2.60736e-05
1.4054 1.4382 160 205 2.4203e-05
1.40615 1.4382 160 205 2.22821e-05
1.4069 1.4382 160 205 2.04076e-05
1.40765 1.4382 160 205 1.86426e-05
1.4084 1.4382 160 205 1.70221e-05
1.40915 1.4382 160 205 1.55606e-05
1.4099 1.4382 160 205 1.42585e-05
1.41065 1.4382 160 205 1.31086e-05
1.4114 1.4382 160 205 1.2099e-05
1.41215 1.4382 160 205 1.12166e-05
1.4129 1.4382 160 205 1.0447e-05
1.41365 1.4382 160 205 9.77855e-06
1.4144 1.4382 160 205 9.19909e-06
1.41515 1.4382 160 205 8.69819e-06
1.4159 1.4382 160 205 8.26681e-06
1.41665 1.4382 160 205 7.8971e-06
1.4174 1.4382 160 205 7.58245e-06
1.41815 1.4382 160 205 7.31723e-06
1.4189 1.4382 160 205 7.09673e-06
1.41965 1.4382 160 205 6.91704e-06
1.4204 1.4382 160 205 6.77501e-06
1.42115 1.4382 160 205 6.66808e-06
1.4219 1.4382 160 205 6.59429e-06
1.42265 1.4382 160 205 6.55219e-06
1.4234 1.4382 160 205 6.54078e-06
1.42415 1.4382 160 205 6.5596e-06
1.4249 1.4382 160 205 6.60864e-06
1.42565 1.4382 160 205 6.68815e-06
1.4264 1.4382 160 205 6.79906e-06
1.42715 1.4382 160 205 6.94254e-06
1.4279 1.4382 160 205 7.12042e-06
1.42865 1.4382 160 205 7.33503e-06
1.4294 1.4382 160 205 7.5892e-06
1.43016 1.4382 160 205 7.88653e-06
1.43091 1.4382 160 205 8.23131e-06
1.43166 1.4382 160 205 8.62913e-06
1.43241 1.4382 160 205 9.0853e-06
1.43316 1.4382 160 205 9.60761e-06
1.43391 1.4382 160 205 1.02046e-05
1.43466 1.4382 160 205 1.08864e-05
1.43541 1.4382 160 205 1.1665e-05
1.43616 1.4382 160 205 1.25541e-05
1.43691 1.4382 160 205 1.35699e-05
1.43766 1.4382 160 205 1.47307e-05
1.43841 1.4382 160 205 1.60566e-05
1.43916 1.4382 160 205 1.75706e-05
1.43991 1.4382 160 205 1.92962e-05
1.44066 1.4382 160 205 2.12559e-05
1.44141 1.4382 160 205 2.34694e-05
1.44216 1.4382 160 205 2.59473e-05
1.44291 1.4382 160 205 2.86839e-05
1.44366 1.4382 160 205 3.16467e-05
1.44441 1.4382 160 205 3.47635e-05
1.44516 1.4382 160 205 3.79095e-05
1.44591 1.4382 160 205 4.09005e-05
1.44666 1.4382 160 205 4.34999e-05
1.44741 1.4382 160 205 4.5448e-05
1.44816 1.4382 160 205 4.65151e-05
1.44891 1.4382 160 205 4.65605e-05
1.44966 1.4382 160 205 4.55756e-05
1.45041 1.4382 160 205 4.36867e-05
1.45116 1.4382 160 205 4.11156e-05
1.45191 1.4382 160 205 3.81252e-05
1.45266 1.4382 160 205 3.49489e-05
1.45341 1.4382 160 205 3.17816e-05
1.45416 1.4382 160 205 2.87552e-05
1.45491 1.4382 160 205 2.59472e-05
1.45566 1.4382 160 205 2.33947e-05
1.45641 1.4382 160 205 2.11049e-05
1.45716 1.4382 160 205 1.90685e-05
1.45791 1.4382 160 205 1.72673e-05
1.45866 1.4382 160 205 1.56776e-05
1.45941 1.4382 160 205 1.42764e-05
1.46016 1.4382 160 205 1.30406e-05
1.46091 1.4382 160 205 1.19488e-05
1.46166 1.4382 160 205 1.09822e-05
1.46241 1.4382 160 205 1.01243e-05
1.46316 1.4382 160 205 9.3604e-06
1.46391 1.4382 160 205 8.67793e-06
1.46466 1.4382 160 205 8.06595e-06
1.46541 1.4382 160 205 7.51516e-06
1.46616 1.4382 160 205 7.01716e-06
1.46691 1.4382 160 205 6.56509e-06
1.46766 1.4382 160 205 6.1526e-06
1.46841 1.4382 160 205 5.77423e-06
1.46916 1.4382 160 205 5.42511e-06
1.46991 1.4382 160 205 5.10078e-06
1.47066 1.4382 160 205 4.79732e-06
1.47141 1.4382 160 205 4.51093e-06
1.47216 1.4382 160 205 4.23804e-06
1.47291 1.4382 160 205 3.97532e-06
1.47366 1.4382 160 205 3.69937e-06
1.47441 1.4382 160 205 3.44352e-06
1.47516 1.4382 160 205 3.18708e-06
1.47591 1.4382 160 205 2.92652e-06
1.47666 1.4382 160 205 2.65816e-06
1.47741 1.4382 160 205 2.3789e-06
1.47816 1.4382 160 205 2.08565e-06
1.47891 1.4382 160 205 1.77673e-06
1.47966 1.4382 160 205 1.45175e-06
1.48041 1.4382 160 205 1.11308e-06
1.48116 1.4382 160 205 7.68084e-07
1.48191 1.4382 160 205 4.29551e-07
1.48266 1.4382 160 205 1.18205e-07
1.48341 1.4382 160 205 -1.35646e-07
1.48416 1.4382 160 205 -2.9503e-07
1.48491 1.4382 160 205 -3.20621e-07
1.48566 1.4382 160 205 -1.81827e-07
1.48641 1.4382 160 205 1.33974e-07
1.48716 1.4382 160 205 6.10878e-07
1.48791 1.4382 160 205 1.20285e-06
1.48866 1.4382 160 205 1.84365e-06
1.48941 1.4382 160 205 2.46299e-06
1.49017 1.4382 160 205 3.0044e-06
1.49092 1.4382 160 205 3.4349e-06
1.49167 1.4382 160 205 3.74498e-06
1.49242 1.4382 160 205 3.94333e-06
1.49317 1.4382 160 205 4.0497e-06
1.49392 1.4382 160 205 4.08647e-06
1.49467 1.4382 160 205 4.07648e-06
1.49542 1.4382 160 205 4.03756e-06
1.49617 1.4382 160 205 3.9834e-06
1.49692 1.4382 160 205 3.92479e-06
1.49767 1.4382 160 205 3.86909e-06
1.49842 1.4382 160 205 3.82134e-06
1.49917 1.4382 160 205 3.78478e-06
1.49992 1.4382 160 205 3.76232e-06
1.50067 1.4382 160 205 3.75484e-06
1.50142 1.4382 160 205 3.76378e-06
1.50217 1.4382 160 205 3.79027e-06
1.50292 1.4382 160 205 3.83514e-06
1.50367 1.4382 160 205 3.89973e-06
1.50442 1.4382 160 205 3.98534e-06
1.50517 1.4382 160 205 4.09331e-06
1.50592 1.4382 160 205 4.22572e-06
1.50667 1.4382 160 205 4.38478e-06
1.50742 1.4382 160 205 4.57321e-06
1.50817 1.4382 160 205 4.79409e-06
1.50892 1.4382 160 205 5.05104e-06
1.50967 1.4382 160 205 5.3479e-06
1.51042 1.4382 160 205 5.6888e-06
1.51117 1.4382 160 205 6.07799e-06
1.51192 1.4382 160 205 6.51923e-06
1.51267 1.4382 160 205 7.01519e-06
1.51342 1.4382 160 205 7.5664e-06
1.51417 1.4382 160 205 8.16961e-06
1.51492 1.4382 160 205 8.8161e-06
1.51567 1.4382 160 205 9.48902e-06
1.51642 1.4382 160 205 1.01617e-05
1.51717 1.4382 160 205 1.07965e-05
1.51792 1.4382 160 205 1.13528e-05
1.51867 1.4382 160 205 1.17679e-05
1.51942 1.4382 160 205 1.20029e-05
1.52017 1.4382 160 205 1.20278e-05
1.52092 1.4382 160 205 1.1837e-05
1.52167 1.4382 160 205 1.14498e-05
1.52242 1.4382 160 205 1.09062e-05
1.52317 1.4382 160 205 1.02561e-05
1.52392 1.4382 160 205 9.54961e-06
1.52467 1.4382 160 205 8.82957e-06
1.52542 1.4382 160 205 8.12776e-06
1.52617 1.4382 160 205 7.46532e-06
1.52692 1.4382 160 205 6.85432e-06
1.52767 1.4382 160 205 6.29957e-06
1.52842 1.4382 160 205 5.80134e-06
1.52917 1.4382 160 205 5.35718e-06
1.52992 1.4382 160 205 4.9632e-06
1.53067 1.4382 160 205 4.61454e-06
1.53142 1.4382 160 205 4.30645e-06
1.53217 1.4382 160 205 4.0343e-06
1.53292 1.4382 160 205 3.79373e-06
1.53367 1.4382 160 205 3.581e-06
1.53442 1.4382 160 205 3.39262e-06
1.53517 1.4382 160 205 3.22561e-06
1.53592 1.4382 160 205 3.07737e-06
1.53667 1.4382 160 205 2.94567e-06
1.53742 1.4382 160 205 2.82792e-06
1.53817 1.4382 160 205 2.72335e-06
1.53892 1.4382 160 205 2.63029e-06
1.53967 1.4382 160 205 2.54717e-06
1.54042 1.4382 160 205 2.47308e-06
1.54117 1.4382 160 205 2.40686e-06
1.54192 1.4382 160 205 2.34797e-06
1.54267 1.4382 160 205 2.29543e-06
1.54342 1.4382 160 205 2.24845e-06
1.54417 1.4382 160 205 2.20677e-06
1.54492 1.4382 160 205 2.16956e-06
1.54567 1.4382 160 205 2.13662e-06
1.54642 1.4382 160 205 2.10725e-06
1.54717 1.4382 160 205 2.08105e-06
1.54792 1.4382 160 205 2.05788e-06
1.54867 1.4382 160 205 2.03721e-06
1.54942 1.4382 160 205 2.01862e-06
1.55018 1.4382 160 205 2.00157e-06
1.55093 1.4382 160 205 1.98609e-06
1.55168 1.4382 160 205 1.97109e-06
1.55243 1.4382 160 205 1.95659e-06
1.55318 1.4382 160 205 1.94198e-06
1.55393 1.4382 160 205 1.92644e-06
1.55468 1.4382 160 205 1.90943e-06
1.55543 1.4382 160 205 1.88998e-06
1.55618 1.4382 160 205 1.8678e-06
1.55693 1.4382 160 205 1.84131e-06
1.55768 1.4382 160 205 1.80961e-06
1.55843 1.4382 160 205 1.77174e-06
1.55918 1.4382 160 205 1.72629e-06
1.55993 1.4382 160 205 1.67267e-06
1.56068 1.4382 160 205 1.61046e-06
1.56143 1.4382 160 205 1.54052e-06
1.56218 1.4382 160 205 1.4639e-06
1.56293 1.4382 160 205 1.3854e-06
1.56368 1.4382 160 205 1.3107e-06
1.56443 1.4382 160 205 1.2505e-06
1.56518 1.4382 160 205 1.21945e-06
1.56593 1.4382 160 205 1.23585e-06
1.56668 1.4382 160 205 1.31279e-06
1.56743 1.4382 160 205 1.46596e-06
1.56818 1.4382 160 205 1.69958e-06
1.56893 1.4382 160 205 2.00713e-06
1.56968 1.4382 160 205 2.36947e-06
1.57043 1.4382 160 205 2.76056e-06
1.57118 1.4382 160 205 3.15197e-06
1.57193 1.4382 160 205 3.5204e-06
1.57268 1.4382 160 205 3.85169e-06
1.57343 1.4382 160 205 4.14287e-06
1.57418 1.4382 160 205 4.39545e-06
1.57493 1.4382 160 205 4.62016e-06
1.57568 1.4382 160 205 4.8258e-06
1.57643 1.4382 160 205 5.02145e-06
1.57718 1.4382 160 205 5.21701e-06
1.57793 1.4382 160 205 5.41998e-06
1.57868 1.4382 160 205 5.63674e-06
1.57943 1.4382 160 205 5.87216e-06
1.58018 1.4382 160 205 6.13162e-06
1.58093 1.4382 160 205 6.41875e-06
1.58168 1.4382 160 205 6.73792e-06
1.58243 1.4382 160 205 7.09331e-06
1.58318 1.4382 160 205 7.48968e-06
1.58393 1.4382 160 205 7.9292e-06
1.58468 1.4382 160 205 8.42202e-06
1.58543 1.4382 160 205 8.97237e-06
1.58618 1.4382 160 205 9.58709e-06
1.58693 1.4382 160 205 1.02745e-05
1.58768 1.4382 160 205 1.10439e-05
1.58843 1.4382 160 205 1.19058e-05
1.58918 1.4382 160 205 1.28725e-05
1.58993 1.4382 160 205 1.39573e-05
1.59068 1.4382 160 205 1.51756e-05
1.59143 1.4382 160 205 1.65435e-05
1.59218 1.4382 160 205 1.8078e-05
1.59293 1.4382 160 205 1.97963e-05
1.59368 1.4382 160 205 2.17139e-05
1.59443 1.4382 160 205 2.38428e-05
1.59518 1.4382 160 205 2.61867e-05
1.59593 1.4382 160 205 2.87368e-05
1.59668 1.4382 160 205 3.14665e-05
1.59743 1.4382 160 205 3.43208e-05
1.59818 1.4382 160 205 3.721e-05
1.59893 1.4382 160 205 4.00075e-05
1.59968 1.4382 160 205 4.25486e-05
1.60043 1.4382 160 205 4.46457e-05
1.60118 1.4382 160 205 4.61156e-05
1.60193 1.4382 160 205 4.68133e-05
1.60268 1.4382 160 205 4.66641e-05
1.60343 1.4382 160 205 4.56852e-05
1.60418 1.4382 160 205 4.39785e-05
1.60493 1.4382 160 205 4.17067e-05
1.60568 1.4382 160 205 3.90582e-05
1.60643 1.4382 160 205 3.62144e-05
1.60718 1.4382 160 205 3.33266e-05
1.60793 1.4382 160 205 3.05081e-05
1.60868 1.4382 160 205 2.78354e-05
1.60943 1.4382 160 205 2.53525e-05
1.61019 1.4382 160 205 2.30792e-05
1.61094 1.4382 160 205 2.10193e-05
1.61169 1.4382 160 205 1.91655e-05
1.61244 1.4382 160 205 1.75043e-05
1.61319 1.4382 160 205 1.60197e-05
1.61394 1.4382 160 205 1.46943e-05
1.61469 1.4382 160 205 1.35112e-05
1.61544 1.4382 160 205 1.24546e-05
1.61619 1.4382 160 205 1.15152e-05
1.61694 1.4382 160 205 1.06687e-05
1.61769 1.4382 160 205 9.90928e-06
1.61844 1.4382 160 205 9.22701e-06
1.61919 1.4382 160 205 8.61256e-06
1.61994 1.4382 160 205 8.05816e-06
1.62069 1.4382 160 205 7.55654e-06
1.62144 1.4382 160 205 7.10217e-06
1.62219 1.4382 160 205 6.68949e-06
1.62294 1.4382 160 205 6.31398e-06
1.62369 1.4382 160 205 5.9717e-06
1.62444 1.4382 160 205 5.65939e-06
1.62519 1.4382 160 205 5.37357e-06
1.62594 1.4382 160 205 5.11177e-06
1.62669 1.4382 160 205 4.87177e-06
1.62744 1.4382 160 205 4.65122e-06
1.62819 1.4382 160 205 4.44851e-06
1.62894 1.4382 160 205 4.26195e-06
1.62969 1.4382 160 205 4.09007e-06
1.63044 1.4382 160 205 3.93168e-06
1.63119 1.4382 160 205 3.78566e-06
1.63194 1.4382 160 205 3.65108e-06
1.63269 1.4382 160 205 3.527e-06
1.63344 1.4382 160 205 3.4125e-06
1.63419 1.4382 160 205 3.30729e-06
1.63494 1.4382 160 205 3.21069e-06
1.63569 1.4382 160 205 3.12207e-06
1.63644 1.4382 160 205 3.04096e-06
1.63719 1.4382 160 205 2.96708e-06
1.63794 1.4382 160 205 2.90004e-06
1.63869 1.4382 160 205 2.83956e-06
1.63944 1.4382 160 205 2.78546e-06
1.64019 1.4382 160 205 2.73763e-06
1.64094 1.4382 160 205 2.69587e-06
1.64169 1.4382 160 205 2.66021e-06
1.64244 1.4382 160 205 2.63059e-06
1.64319 1.4382 160 205 2.607e-06
1.64394 1.4382 160 205 2.58968e-06
1.64469 1.4382 160 205 2.57868e-06
1.64544 1.4382 160 205 2.57433e-06
1.64619 1.4382 160 205 2.57684e-06
1.64694 1.4382 160 205 2.5867e-06
1.64769 1.4382 160 205 2.60405e-06
1.64844 1.4382 160 205 2.62969e-06
1.64919 1.4382 160 205 2.66417e-06
1.64994 1.4382 160 205 2.70817e-06
1.65069 1.4382 160 205 2.76262e-06
1.65144 1.4382 160 205 2.82819e-06
1.65219 1.4382 160 205 2.90604e-06
1.65294 1.4382 160 205 2.99741e-06
1.65369 1.4382 160 205 3.10317e-06
1.65444 1.4382 160 205 3.22445e-06
1.65519 1.4382 160 205 3.36235e-06
1.65594 1.4382 160 205 3.51756e-06
1.65669 1.4382 160 205 3.69059e-06
1.65744 1.4382 160 205 3.8807e-06
1.65819 1.4382 160 205 4.08665e-06
1.65894 1.4382 160 205 4.30541e-06
1.65969 1.4382 160 205 4.53215e-06
1.66044 1.4382 160 205 4.75956e-06
1.66119 1.4382 160 205 4.97809e-06
1.66194 1.4382 160 205 5.176e-06
1.66269 1.4382 160 205 5.33998e-06
1.66344 1.4382 160 205 5.45718e-06
1.66419 1.4382 160 205 5.51674e-06
1.66494 1.4382 160 205 5.51178e-06
1.66569 1.4382 160 205 5.44089e-06
1.66644 1.4382 160 205 5.30846e-06
1.66719 1.4382 160 205 5.12306e-06
1.66794 1.4382 160 205 4.89709e-06
1.66869 1.4382 160 205 4.64314e-06
1.66944 1.4382 160 205 4.37369e-06
1.6702 1.4382 160 205 4.0991e-06
1.67095 1.4382 160 205 3.82705e-06
1.6717 1.4382 160 205 3.56328e-06
1.67245 1.4382 160 205 3.31134e-06
1.6732 1.4382 160 205 3.07295e-06
1.67395 1.4382 160 205 2.84861e-06
1.6747 1.4382 160 205 2.63793e-06
1.67545 1.4382 160 205 2.43991e-06
1.6762 1.4382 160 205 2.25376e-06
1.67695 1.4382 160 205 2.07855e-06
1.6777 1.4382 160 205 1.91374e-06
1.67845 1.4382 160 205 1.75946e-06
1.6792 1.4382 160 205 1.61554e-06
1.67995 1.4382 160 205 1.48469e-06
1.6807 1.4382 160 205 1.36869e-06
1.68145 1.4382 160 205 1.27124e-06
1.6822 1.4382 160 205 1.19604e-06
1.68295 1.4382 160 205 1.14694e-06
1.6837 1.4382 160 205 1.1261e-06
1.68445 1.4382 160 205 1.13294e-06
1.6852 1.4382 160 205 1.16365e-06
1.68595 1.4382 160 205 1.21129e-06
1.6867 1.4382 160 205 1.27106e-06
1.68745 1.4382 160 205 1.32866e-06
1.6882 1.4382 160 205 1.37715e-06
1.68895 1.4382 160 205 1.41059e-06
1.6897 1.4382 160 205 1.42721e-06
1.69045 1.4382 160 205 1.42699e-06
1.6912 1.4382 160 205 1.41151e-06
1.69195 1.4382 160 205 1.3837e-06
1.6927 1.4382 160 205 1.34592e-06
1.69345 1.4382 160 205 1.30056e-06
1.6942 1.4382 160 205 1.24974e-06
1.69495 1.4382 160 205 1.19479e-06
1.6957 1.4382 160 205 1.13665e-06
1.69645 1.4382 160 205 1.07571e-06
1.6972 1.4382 160 205 1.01204e-06
1.69795 1.4382 160 205 9.45358e-07
1.6987 1.4382 160 205 8.75203e-07
1.69945 1.4382 160 205 8.00661e-07
1.7002 1.4382 160 205 7.20978e-07
1.70095 1.4382 160 205 6.34849e-07
1.7017 1.4382 160 205 5.40931e-07
1.70245 1.4382 160 205 4.37507e-07
1.7032 1.4382 160 205 3.23187e-07
1.70395 1.4382 160 205 1.9585e-07
1.7047 1.4382 160 205 5.42207e-08
1.70545 1.4382 160 205 -1.03591e-07
1.7062 1.4382 160 205 -2.78644e-07
1.70695 1.4382 160 205 -4.71288e-07
1.7077 1.4382 160 205 -6.79842e-07
1.70845 1.4382 160 205 -9.01248e-07
1.7092 1.4382 160 205 -1.12963e-06
1.70995 1.4382 160 205 -1.35333e-06
1.7107 1.4382 160 205 -1.55774e-06
1.71145 1.4382 160 205 -1.72333e-06
1.7122 1.4382 160 205 -1.82689e-06
1.71295 1.4382 160 205 -1.84568e-06
1.7137 1.4382 160 205 -1.76009e-06
1.71445 1.4382 160 205 -1.56196e-06
1.7152 1.4382 160 205 -1.25853e-06
1.71595 1.4382 160 205 -8.69769e-07
1.7167 1.4382 160 205 -4.31103e-07
1.71745 1.4382 160 205 2.00443e-08
1.7182 1.4382 160 205 4.45141e-07
1.71895 1.4382 160 205 8.16967e-07
1.7197 1.4382 160 205 1.12064e-06
1.72045 1.4382 160 205 1.35099e-06
1.7212 1.4382 160 205 1.51231e-06
1.72195 1.4382 160 205 1.61321e-06
1.7227 1.4382 160 205 1.66633e-06
1.72345 1.4382 160 205 1.68211e-06
1.7242 1.4382 160 205 1.67063e-06
1.72495 1.4382 160 205 1.64043e-06
1.7257 1.4382 160 205 1.59823e-06
1.72645 1.4382 160 205 1.54876e-06
1.7272 1.4382 160 205 1.49582e-06
1.72795 1.4382 160 205 1.45013e-06
1.7287 1.4382 160 205 1.39656e-06
1.72945 1.4382 160 205 1.34487e-06
1.73021 1.4382 160 205 1.29578e-06
1.73096 1.4382 160 205 1.24974e-06
1.73171 1.4382 160 205 1.20682e-06
1.73246 1.4382 160 205 1.16691e-06
1.73321 1.4382 160 205 1.13019e-06
1.73396 1.4382 160 205 1.09633e-06
1.73471 1.4382 160 205 1.06529e-06
1.73546 1.4382 160 205 1.0368e-06
1.73621 1.4382 160 205 1.01072e-06
1.73696 1.4382 160 205 9.86976e-07
1.73771 1.4382 160 205 9.65215e-07
1.73846 1.4382 160 205 9.45361e-07
1.73921 1.4382 160 205 9.27233e-07
1.73996 1.4382 160 205 9.10794e-07
1.74071 1.4382 160 205 8.95696e-07
1.74146 1.4382 160 205 8.8202e-07
1.74221 1.4382 160 205 8.69531e-07
1.74296 1.4382 160 205 8.57966e-07
1.74371 1.4382 160 205 8.47604e-07
1.74446 1.4382 160 205 8.38221e-07
1.74521 1.4382 160 205 8.29703e-07
1.74596 1.4382 160 205 8.22001e-07
1.74671 1.4382 160 205 8.15062e-07
1.74746 1.4382 160 205 8.08825e-07
1.74821 1.4382 160 205 8.03239e-07
1.74896 1.4382 160 205 7.98303e-07
1.74971 1.4382 160 205 7.93896e-07
1.75046 1.4382 160 205 7.90027e-07
1.75121 1.4382 160 205 7.86668e-07
1.75196 1.4382 160 205 7.83772e-07
1.75271 1.4382 160 205 7.81368e-07
1.75346 1.4382 160 205 7.79337e-07
1.75421 1.4382 160 205 7.77711e-07
1.75496 1.4382 160 205 7.76469e-07
1.75571 1.4382 160 205 7.75593e-07
1.75646 1.4382 160 205 7.75068e-07
1.75721 1.4382 160 205 7.74901e-07
1.75796 1.4382 160 205 7.75029e-07
1.75871 1.4382 160 205 7.75468e-07
1.75946 1.4382 160 205 7.76212e-07
1.76021 1.4382 160 205 7.77247e-07
1.76096 1.4382 160 205 7.78586e-07
1.76171 1.4382 160 205 7.80191e-07
1.76246 1.4382 160 205 7.82057e-07
1.76321 1.4382 160 205 7.84195e-07
1.76396 1.4382 160 205 7.86608e-07
1.76471 1.4382 160 205 7.89267e-07
1.76546 1.4382 160 205 7.92168e-07
1.76621 1.4382 160 205 7.95325e-07
1.76696 1.4382 160 205 7.98744e-07
1.76771 1.4382 160 205 8.02395e-07
1.76846 1.4382 160 205 8.06294e-07
1.76921 1.4382 160 205 8.10438e-07
1.76996 1.4382 160 205 8.14841e-07
1.77071 1.4382 160 205 8.1948e-07
1.77146 1.4382 160 205 8.24373e-07
1.77221 1.4382 160 205 8.29513e-07
1.77296 1.4382 160 205 8.34907e-07
1.77371 1.4382 160 205 8.40558e-07
1.77446 1.4382 160 205 8.46466e-07
1.77521 1.4382 160 205 8.52639e-07
1.77596 1.4382 160 205 8.59082e-07
1.77671 1.4382 160 205 8.65789e-07
1.77746 1.4382 160 205 8.72782e-07
1.77821 1.4382 160 205 8.80044e-07
1.77896 1.4382 160 205 8.87592e-07
1.77971 1.4382 160 205 8.95432e-07
1.78046 1.4382 160 205 9.03571e-07
1.78121 1.4382 160 205 9.12016e-07
1.78196 1.4382 160 205 9.20776e-07
1.78271 1.4382 160 205 9.29856e-07
1.78346 1.4382 160 205 9.39269e-07
1.78421 1.4382 160 205 9.49026e-07
1.78496 1.4382 160 205 9.59128e-07
1.78571 1.4382 160 205 9.69591e-07
1.78646 1.4382 160 205 9.80426e-07
1.78721 1.4382 160 205 9.91646e-07
1.78796 1.4382 160 205 1.00326e-06
1.78871 1.4382 160 205 1.01529e-06
1.78946 1.4382 160 205 1.02762e-06
1.79022 1.4382 160 205 1.0405e-06
1.79097 1.4382 160 205 1.05383e-06
1.79172 1.4382 160 205 1.06763e-06
1.79247 1.4382 160 205 1.08193e-06
1.79322 1.4382 160 205 1.09673e-06
1.79397 1.4382 160 205 1.11207e-06
1.79472 1.4382 160 205 1.12795e-06
1.79547 1.4382 160 205 1.14441e-06
1.79622 1.4382 160 205 1.16146e-06
1.79697 1.4382 160 205 1.17915e-06
1.79772 1.4382 160 205 1.19748e-06
1.79847 1.4382 160 205 1.21649e-06
1.79922 1.4382 160 205 1.23621e-06
1.79997 1.4382 160 205 1.25668e-06
1.80072 1.4382 160 205 1.27793e-06
1.80147 1.4382 160 205 1.3e-06
1.80222 1.4382 160 205 1.32292e-06
1.80297 1.4382 160 205 1.3467e-06
1.80372 1.4382 160 205 1.37146e-06
1.80447 1.4382 160 205 1.39722e-06
1.80522 1.4382 160 205 1.42402e-06
1.80597 1.4382 160 205 1.45193e-06
1.80672 1.4382 160 205 1.481e-06
1.80747 1.4382 160 205 1.5113e-06
1.80822 1.4382 160 205 1.54288e-06
1.80897 1.4382 160 205 1.57585e-06
1.80972 1.4382 160 205 1.61026e-06
1.81047 1.4382 160 205 1.6462e-06
1.81122 1.4382 160 205 1.68378e-06
1.81197 1.4382 160 205 1.72309e-06
1.81272 1.4382 160 205 1.76425e-06
1.81347 1.4382 160 205 1.80736e-06
1.81422 1.4382 160 205 1.85256e-06
1.81497 1.4382 160 205 1.89999e-06
1.81572 1.4382 160 205 1.94979e-06
1.81647 1.4382 160 205 2.00214e-06
1.81722 1.4382 160 205 2.05722e-06
1.81797 1.4382 160 205 2.11522e-06
1.81872 1.4382 160 205 2.17635e-06
1.81947 1.4382 160 205 2.24087e-06
1.82022 1.4382 160 205 2.30902e-06
1.82097 1.4382 160 205 2.38109e-06
1.82172 1.4382 160 205 2.45741e-06
1.82247 1.4382 160 205 2.53832e-06
1.82322 1.4382 160 205 2.62418e-06
1.82397 1.4382 160 205 2.71543e-06
1.82472 1.4382 160 205 2.81256e-06
1.82547 1.4382 160 205 2.91608e-06
1.82622 1.4382 160 205 3.02656e-06
1.82697 1.4382 160 205 3.14469e-06
1.82772 1.4382 160 205 3.27118e-06
1.82847 1.4382 160 205 3.40681e-06
1.82922 1.4382 160 205 3.5525e-06
1.82997 1.4382 160 205 3.7093e-06
1.83072 1.4382 160 205 3.87833e-06
1.83147 1.4382 160 205 4.06085e-06
1.83222 1.4382 160 205 4.25833e-06
1.83297 1.4382 160 205 4.47233e-06
1.83372 1.4382 160 205 4.70468e-06
1.83447 1.4382 160 205 4.95734e-06
1.83522 1.4382 160 205 5.2327e-06
1.83597 1.4382 160 205 5.5332e-06
1.83672 1.4382 160 205 5.86155e-06
1.83747 1.4382 160 205 6.2208e-06
1.83822 1.4382 160 205 6.61414e-06
1.83897 1.4382 160 205 7.04505e-06
1.83972 1.4382 160 205 7.51704e-06
1.84047 1.4382 160 205 8.0336e-06
1.84122 1.4382 160 205 8.59782e-06
1.84197 1.4382 160 205 9.21223e-06
1.84272 1.4382 160 205 9.87804e-06
1.84347 1.4382 160 205 1.05947e-05
1.84422 1.4382 160 205 1.13587e-05
1.84497 1.4382 160 205 1.21628e-05
1.84572 1.4382 160 205 1.29945e-05
1.84647 1.4382 160 205 1.38357e-05
1.84722 1.4382 160 205 1.46614e-05
1.84797 1.4382 160 205 1.54408e-05
1.84872 1.4382 160 205 1.61387e-05
1.84947 1.4382 160 205 1.67195e-05
1.85023 1.4382 160 205 1.71519e-05
1.85098 1.4382 160 205 1.74143e-05
1.85173 1.4382 160 205 1.74984e-05
1.85248 1.4382 160 205 1.74118e-05
1.85323 1.4382 160 205 1.71761e-05
1.85398 1.4382 160 205 1.68235e-05
1.85473 1.4382 160 205 1.63911e-05
1.85548 1.4382 160 205 1.59068e-05
1.85623 1.4382 160 205 1.54235e-05
1.85698 1.4382 160 205 1.49603e-05
1.85773 1.4382 160 205 1.45391e-05
1.85848 1.4382 160 205 1.41761e-05
1.85923 1.4382 160 205 1.38819e-05
1.85998 1.4382 160 205 1.36642e-05
1.86073 1.4382 160 205 1.35275e-05
1.86148 1.4382 160 205 1.34752e-05
1.86223 1.4382 160 205 1.35092e-05
1.86298 1.4382 160 205 1.36317e-05
1.86373 1.4382 160 205 1.38447e-05
1.86448 1.4382 160 205 1.41511e-05
1.86523 1.4382 160 205 1.45539e-05
1.86598 1.4382 160 205 1.50575e-05
1.86673 1.4382 160 205 1.56666e-05
1.86748 1.4382 160 205 1.63873e-05
1.86823 1.4382 160 205 1.7224e-05
1.86898 1.4382 160 205 1.81827e-05
1.86973 1.4382 160 205 1.92682e-05
1.87048 1.4382 160 205 2.04832e-05
1.87123 1.4382 160 205 2.18263e-05
1.87198 1.4382 160 205 2.32911e-05
1.87273 1.4382 160 205 2.4863e-05
1.87348 1.4382 160 205 2.6516e-05
1.87423 1.4382 160 205 2.82113e-05
1.87498 1.4382 160 205 2.98948e-05
1.87573 1.4382 160 205 3.1498e-05
1.87648 1.4382 160 205 3.29421e-05
1.87723 1.4382 160 205 3.4145e-05
1.87798 1.4382 160 205 3.50337e-05
1.87873 1.4382 160 205 3.55562e-05
1.87948 1.4382 160 205 3.56925e-05
1.88023 1.4382 160 205 3.54593e-05
1.88098 1.4382 160 205 3.49064e-05
1.88173 1.4382 160 205 3.4109e-05
1.88248 1.4382 160 205 3.31537e-05
1.88323 1.4382 160 205 3.21275e-05
1.88398 1.4382 160 205 3.11088e-05
1.88473 1.4382 160 205 3.01611e-05
1.88548 1.4382 160 205 2.93333e-05
1.88623 1.4382 160 205 2.86598e-05
1.88698 1.4382 160 205 2.8162e-05
1.88773 1.4382 160 205 2.78509e-05
1.88848 1.4382 160 205 2.77285e-05
1.88923 1.4382 160 205 2.7789e-05
1.88998 1.4382 160 205 2.80188e-05
1.89073 1.4382 160 205 2.83959e-05
1.89148 1.4382 160 205 2.88894e-05
1.89223 1.4382 160 205 2.94576e-05
1.89298 1.4382 160 205 3.00493e-05
1.89373 1.4382 160 205 3.06038e-05
1.89448 1.4382 160 205 3.10552e-05
1.89523 1.4382 160 205 3.13374e-05
1.89598 1.4382 160 205 3.13931e-05
1.89673 1.4382 160 205 3.11802e-05
1.89748 1.4382 160 205 3.06797e-05
1.89823 1.4382 160 205 2.98979e-05
1.89898 1.4382 160 205 2.88636e-05
1.89973 1.4382 160 205 2.76242e-05
1.90048 1.4382 160 205 2.62357e-05
1.90123 1.4382 160 205 2.4756e-05
1.90198 1.4382 160 205 2.32381e-05
1.90273 1.4382 160 205 2.17267e-05
1.90348 1.4382 160 205 2.02561e-05
1.90423 1.4382 160 205 1.88503e-05
1.90498 1.4382 160 205 1.75244e-05
1.90573 1.4382 160 205 1.62871e-05
1.90648 1.4382 160 205 1.51412e-05
1.90723 1.4382 160 205 1.40857e-05
1.90798 1.4382 160 205 1.31173e-05
1.90873 1.4382 160 205 1.22311e-05
1.90948 1.4382 160 205 1.14214e-05
1.91024 1.4382 160 205 1.06822e-05
1.91099 1.4382 160 205 1.00073e-05
1.91174 1.4382 160 205 9.39096e-06
1.91249 1.4382 160 205 8.82769e-06
1.91324 1.4382 160 205 8.31236e-06
1.91399 1.4382 160 205 7.84032e-06
1.91474 1.4382 160 205 7.40739e-06
1.91549 1.4382 160 205 7.00976e-06
1.91624 1.4382 160 205 6.64395e-06
1.91699 1.4382 160 205 6.30691e-06
1.91774 1.4382 160 205 5.99591e-06
1.91849 1.4382 160 205 5.70846e-06
1.91924 1.4382 160 205 5.44238e-06
1.91999 1.4382 160 205 5.19575e-06
1.92074 1.4382 160 205 4.96669e-06
1.92149 1.4382 160 205 4.75368e-06
1.92224 1.4382 160 205 4.55535e-06
1.92299 1.4382 160 205 4.37037e-06
1.92374 1.4382 160 205 4.19765e-06
1.92449 1.4382 160 205 4.03616e-06
1.92524 1.4382 160 205 3.88497e-06
1.92599 1.4382 160 205 3.74325e-06
1.92674 1.4382 160 205 3.60943e-06
1.92749 1.4382 160 205 3.48447e-06
1.92824 1.4382 160 205 3.36696e-06
1.92899 1.4382 160 205 3.25632e-06
1.92974 1.4382 160 205 3.15207e-06
1.93049 1.4382 160 205 3.05374e-06
1.93124 1.4382 160 205 2.96088e-06
1.93199 1.4382 160 205 2.87312e-06
1.93274 1.4382 160 205 2.79015e-06
1.93349 1.4382 160 205 2.71164e-06
1.93424 1.4382 160 205 2.63724e-06
1.93499 1.4382 160 205 2.56672e-06
1.93574 1.4382 160 205 2.49987e-06
1.93649 1.4382 160 205 2.43573e-06
1.93724 1.4382 160 205 2.37544e-06
1.93799 1.4382 160 205 2.31816e-06
1.93874 1.4382 160 205 2.26369e-06
1.93949 1.4382 160 205 2.21185e-06
1.94024 1.4382 160 205 2.16253e-06
1.94099 1.4382 160 205 2.11553e-06
1.94174 1.4382 160 205 2.07077e-06
1.94249 1.4382 160 205 2.0281e-06
1.94324 1.4382 160 205 1.98739e-06
1.94399 1.4382 160 205 1.94852e-06
1.94474 1.4382 160 205 1.91148e-06
1.94549 1.4382 160 205 1.87606e-06
1.94624 1.4382 160 205 1.8422e-06
1.94699 1.4382 160 205 1.80983e-06
1.94774 1.4382 160 205 1.77889e-06
1.94849 1.4382 160 205 1.74925e-06
1.94924 1.4382 160 205 1.72082e-06
1.94999 1.4382 160 205 1.6936e-06
1.95074 1.4382 160 205 1.66741e-06
1.95149 1.4382 160 205 1.64228e-06
1.95224 1.4382 160 205 1.61801e-06
1.95299 1.4382 160 205 1.59457e-06
1.95374 1.4382 160 205 1.57191e-06
1.95449 1.4382 160 205 1.54995e-06
1.95524 1.4382 160 205 1.52854e-06
1.95599 1.4382 160 205 1.50764e-06
1.95674 1.4382 160 205 1.48713e-06
1.95749 1.4382 160 205 1.46689e-06
1.95824 1.4382 160 205 1.44679e-06
1.95899 1.4382 160 205 1.42676e-06
1.95974 1.4382 160 205 1.40663e-06
1.96049 1.4382 160 205 1.38631e-06
1.96124 1.4382 160 205 1.36559e-06
1.96199 1.4382 160 205 1.34438e-06
1.96274 1.4382 160 205 1.32245e-06
1.96349 1.4382 160 205 1.2997e-06
1.96424 1.4382 160 205 1.2761e-06
1.96499 1.4382 160 205 1.25164e-06
1.96574 1.4382 160 205 1.22626e-06
1.96649 1.4382 160 205 1.20026e-06
1.96724 1.4382 160 205 1.17399e-06
1.96799 1.4382 160 205 1.14814e-06
1.96874 1.4382 160 205 1.12359e-06
1.96949 1.4382 160 205 1.10163e-06
1.97025 1.4382 160 205 1.08392e-06
1.971 1.4382 160 205 1.07229e-06
1.97175 1.4382 160 205 1.06893e-06
1.9725 1.4382 160 205 1.07581e-06
1.97325 1.4382 160 205 1.09467e-06
1.974 1.4382 160 205 1.12618e-06
1.97475 1.4382 160 205 1.17002e-06
1.9755 1.4382 160 205 1.22463e-06
1.97625 1.4382 160 205 1.28748e-06
1.977 1.4382 160 205 1.3552e-06
1.97775 1.4382 160 205 1.42423e-06
1.9785 1.4382 160 205 1.4921e-06
1.97925 1.4382 160 205 1.55638e-06
1.98 1.4382 160 205 1.61584e-06
1.98075 1.4382 160 205 1.67024e-06
1.9815 1.4382 160 205 1.72003e-06
1.98225 1.4382 160 205 1.76609e-06
1.983 1.4382 160 205 1.80963e-06
1.98375 1.4382 160 205 1.85193e-06
1.9845 1.4382 160 205 1.89423e-06
1.98525 1.4382 160 205 1.93773e-06
1.986 1.4382 160 205 1.98355e-06
1.98675 1.4382 160 205 2.03256e-06
1.9875 1.4382 160 205 2.08558e-06
1.98825 1.4382 160 205 2.14332e-06
1.989 1.4382 160 205 2.20651e-06
1.98975 1.4382 160 205 2.27567e-06
1.9905 1.4382 160 205 2.35125e-06
1.99125 1.4382 160 205 2.43369e-06
1.992 1.4382 160 205 2.5231e-06
1.99275 1.4382 160 205 2.61955e-06
1.9935 1.4382 160 205 2.72281e-06
1.99425 1.4382 160 205 2.8324e-06
1.995 1.4382 160 205 2.94742e-06
1.99575 1.4382 160 205 3.06667e-06
1.9965 1.4382 160 205 3.18837e-06
1.99725 1.4382 160 205 3.3107e-06
1.998 1.4382 160 205 3.43163e-06
1.99875 1.4382 160 205 3.54936e-06
1.9995 1.4382 160 205 3.66261e-06
2.00025 1.4382 160 205 3.77038e-06
2.001 1.4382 160 205 3.87293e-06
2.00175 1.4382 160 205 3.97085e-06
2.0025 1.4382 160 205 4.06557e-06
2.00325 1.4382 160 205 4.15884e-06
2.004 1.4382 160 205 4.24997e-06
2.00475 1.4382 160 205 4.34501e-06
2.0055 1.4382 160 205 4.44312e-06
2.00625 1.4382 160 205 4.5453e-06
2.007 1.4382 160 205 4.65312e-06
2.00775 1.4382 160 205 4.76791e-06
2.0085 1.4382 160 205 4.89147e-06
2.00925 1.4382 160 205 5.02629e-06
2.01 1.4382 160 205 5.17586e-06
2.01075 1.4382 160 205 5.34599e-06
2.0115 1.4382 160 205 5.53903e-06
2.01225 1.4382 160 205 5.76163e-06
2.013 1.4382 160 205 6.02055e-06
2.01375 1.4382 160 205 6.32255e-06
2.0145 1.4382 160 205 6.67359e-06
2.01525 1.4382 160 205 7.07806e-06
2.016 1.4382 160 205 7.53787e-06
2.01675 1.4382 160 205 8.05004e-06
2.0175 1.4382 160 205 8.60588e-06
2.01825 1.4382 160 205 9.18948e-06
2.019 1.4382 160 205 9.77803e-06
2.01975 1.4382 160 205 1.0343e-05
2.0205 1.4382 160 205 1.08534e-05
2.02125 1.4382 160 205 1.12785e-05
2.022 1.4382 160 205 1.1592e-05
2.02275 1.4382 160 205 1.17756e-05
2.0235 1.4382 160 205 1.18213e-05
2.02425 1.4382 160 205 1.17304e-05
2.025 1.4382 160 205 1.15144e-05
2.02575 1.4382 160 205 1.1191e-05
2.0265 1.4382 160 205 1.07823e-05
2.02725 1.4382 160 205 1.03113e-05
2.028 1.4382 160 205 9.80038e-06
2.02875 1.4382 160 205 9.26915e-06
2.0295 1.4382 160 205 8.73393e-06
2.03026 1.4382 160 205 8.20708e-06
2.03101 1.4382 160 205 7.69774e-06
2.03176 1.4382 160 205 7.21204e-06
2.03251 1.4382 160 205 6.75389e-06
2.03326 1.4382 160 205 6.3252e-06
2.03401 1.4382 160 205 5.92649e-06
2.03476 1.4382 160 205 5.55732e-06
2.03551 1.4382 160 205 5.21664e-06
2.03626 1.4382 160 205 4.90295e-06
2.03701 1.4382 160 205 4.61455e-06
2.03776 1.4382 160 205 4.34965e-06
2.03851 1.4382 160 205 4.10636e-06
2.03926 1.4382 160 205 3.88295e-06
2.04001 1.4382 160 205 3.67772e-06
2.04076 1.4382 160 205 3.48909e-06
2.04151 1.4382 160 205 3.31559e-06
2.04226 1.4382 160 205 3.15584e-06
2.04301 1.4382 160 205 3.00864e-06
2.04376 1.4382 160 205 2.87289e-06
2.04451 1.4382 160 205 2.74746e-06
2.04526 1.4382 160 205 2.63151e-06
2.04601 1.4382 160 205 2.52417e-06
2.04676 1.4382 160 205 2.42468e-06
2.04751 1.4382 160 205 2.33238e-06
2.04826 1.4382 160 205 2.24663e-06
2.04901 1.4382 160 205 2.16688e-06
2.04976 1.4382 160 205 2.09262e-06
2.05051 1.4382 160 205 2.0234e-06
2.05126 1.4382 160 205 1.95881e-06
2.05201 1.4382 160 205 1.89846e-06
2.05276 1.4382 160 205 1.84204e-06
2.05351 1.4382 160 205 1.78923e-06
2.05426 1.4382 160 205 1.73972e-06
2.05501 1.4382 160 205 1.69329e-06
2.05576 1.4382 160 205 1.64969e-06
2.05651 1.4382 160 205 1.60871e-06
2.05726 1.4382 160 205 1.57016e-06
2.05801 1.4382 160 205 1.53384e-06
2.05876 1.4382 160 205 1.4996e-06
2.05951 1.4382 160 205 1.46729e-06
2.06026 1.4382 160 205 1.43676e-06
2.06101 1.4382 160 205 1.40786e-06
2.06176 1.4382 160 205 1.38049e-06
2.06251 1.4382 160 205 1.35452e-06
2.06326 1.4382 160 205 1.32985e-06
2.06401 1.4382 160 205 1.30636e-06
2.06476 1.4382 160 205 1.28396e-06
2.06551 1.4382 160 205 1.26254e-06
2.06626 1.4382 160 205 1.24202e-06
2.06701 1.4382 160 205 1.22229e-06
2.06776 1.4382 160 205 1.20327e-06
2.06851 1.4382 160 205 1.18487e-06
2.06926 1.4382 160 205 1.16698e-06
2.07001 1.4382 160 205 1.14951e-06
2.07076 1.4382 160 205 1.13236e-06
2.07151 1.4382 160 205 1.11542e-06
2.07226 1.4382 160 205 1.09859e-06
2.07301 1.4382 160 205 1.08175e-06
2.07376 1.4382 160 205 1.06477e-06
2.07451 1.4382 160 205 1.04752e-06
2.07526 1.4382 160 205 1.02985e-06
2.07601 1.4382 160 205 1.01158e-06
2.07676 1.4382 160 205 9.92555e-07
2.07751 1.4382 160 205 9.72572e-07
2.07826 1.4382 160 205 9.51419e-07
2.07901 1.4382 160 205 9.28856e-07
2.07976 1.4382 160 205 9.04566e-07
2.08051 1.4382 160 205 8.78411e-07
2.08126 1.4382 160 205 8.50036e-07
2.08201 1.4382 160 205 8.19158e-07
2.08276 1.4382 160 205 7.8546e-07
2.08351 1.4382 160 205 7.48625e-07
2.08426 1.4382 160 205 7.08431e-07
2.08501 1.4382 160 205 6.64661e-07
2.08576 1.4382 160 205 6.172e-07
2.08651 1.4382 160 205 5.66137e-07
2.08726 1.4382 160 205 4.80689e-07
2.08801 1.4382 160 205 4.20512e-07
2.08876 1.4382 160 205 3.58817e-07
2.08951 1.4382 160 205 2.97147e-07
2.09027 1.4382 160 205 2.37915e-07
2.09102 1.4382 160 205 1.84457e-07
2.09177 1.4382 160 205 1.40629e-07
2.09252 1.4382 160 205 1.11212e-07
2.09327 1.4382 160 205 1.01336e-07
2.09402 1.4382 160 205 1.16389e-07
2.09477 1.4382 160 205 1.60482e-07
2.09552 1.4382 160 205 2.36304e-07
2.09627 1.4382 160 205 3.44145e-07
2.09702 1.4382 160 205 4.81498e-07
2.09777 1.4382 160 205 6.42908e-07
2.09852 1.4382 160 205 8.20543e-07
2.09927 1.4382 160 205 1.00521e-06
2.10002 1.4382 160 205 1.18781e-06
2.10077 1.4382 160 205 1.36021e-06
2.10152 1.4382 160 205 1.51635e-06
2.10227 1.4382 160 205 1.65252e-06
2.10302 1.4382 160 205 1.76731e-06
2.10377 1.4382 160 205 1.86124e-06
2.10452 1.4382 160 205 1.93621e-06
2.10527 1.4382 160 205 1.99504e-06
2.10602 1.4382 160 205 2.04052e-06
2.10677 1.4382 160 205 2.07587e-06
2.10752 1.4382 160 205 2.104e-06
2.10827 1.4382 160 205 2.12716e-06
2.10902 1.4382 160 205 2.14756e-06
2.10977 1.4382 160 205 2.16695e-06
2.11052 1.4382 160 205 2.18672e-06
2.11127 1.4382 160 205 2.20797e-06
2.11202 1.4382 160 205 2.23154e-06
2.11277 1.4382 160 205 2.25804e-06
2.11352 1.4382 160 205 2.28795e-06
2.11427 1.4382 160 205 2.3216e-06
2.11502 1.4382 160 205 2.35918e-06
2.11577 1.4382 160 205 2.40075e-06
2.11652 1.4382 160 205 2.44633e-06
2.11727 1.4382 160 205 2.49578e-06
2.11802 1.4382 160 205 2.54894e-06
2.11877 1.4382 160 205 2.60549e-06
2.11952 1.4382 160 205 2.66515e-06
2.12027 1.4382 160 205 2.72762e-06
2.12102 1.4382 160 205 2.7926e-06
2.12177 1.4382 160 205 2.85993e-06
2.12252 1.4382 160 205 2.92958e-06
2.12327 1.4382 160 205 3.00171e-06
2.12402 1.4382 160 205 3.07669e-06
2.12477 1.4382 160 205 3.15506e-06
2.12552 1.4382 160 205 3.23759e-06
2.12627 1.4382 160 205 3.32516e-06
2.12702 1.4382 160 205 3.41879e-06
2.12777 1.4382 160 205 3.5195e-06
2.12852 1.4382 160 205 3.62839e-06
2.12927 1.4382 160 205 3.74654e-06
2.13002 1.4382 160 205 3.87505e-06
2.13077 1.4382 160 205 4.01503e-06
2.13152 1.4382 160 205 4.16761e-06
2.13227 1.4382 160 205 4.334e-06
2.13302 1.4382 160 205 4.51542e-06
2.13377 1.4382 160 205 4.71323e-06
2.13452 1.4382 160 205 4.92884e-06
2.13527 1.4382 160 205 5.16383e-06
2.13602 1.4382 160 205 5.4199e-06
2.13677 1.4382 160 205 5.69888e-06
2.13752 1.4382 160 205 6.00279e-06
2.13827 1.4382 160 205 6.33378e-06
2.13902 1.4382 160 205 6.69419e-06
2.13977 1.4382 160 205 7.08644e-06
2.14052 1.4382 160 205 7.51313e-06
2.14127 1.4382 160 205 7.9768e-06
2.14202 1.4382 160 205 8.48009e-06
2.14277 1.4382 160 205 9.02537e-06
2.14352 1.4382 160 205 9.61469e-06
2.14427 1.4382 160 205 1.02496e-05
2.14502 1.4382 160 205 1.09305e-05
2.14577 1.4382 160 205 1.1657e-05
2.14652 1.4382 160 205 1.24264e-05
2.14727 1.4382 160 205 1.3234e-05
2.14802 1.4382 160 205 1.40718e-05
2.14877 1.4382 160 205 1.49287e-05
2.14952 1.4382 160 205 1.57889e-05
2.15028 1.4382 160 205 1.66326e-05
2.15103 1.4382 160 205 1.74358e-05
2.15178 1.4382 160 205 1.81711e-05
2.15253 1.4382 160 205 1.88094e-05
2.15328 1.4382 160 205 1.9322e-05
2.15403 1.4382 160 205 1.96837e-05
2.15478 1.4382 160 205 1.98753e-05
2.15553 1.4382 160 205 1.98865e-05
2.15628 1.4382 160 205 1.97171e-05
2.15703 1.4382 160 205 1.93767e-05
2.15778 1.4382 160 205 1.88843e-05
2.15853 1.4382 160 205 1.82645e-05
2.15928 1.4382 160 205 1.75461e-05
2.16003 1.4382 160 205 1.67583e-05
2.16078 1.4382 160 205 1.59287e-05
2.16153 1.4382 160 205 1.5082e-05
2.16228 1.4382 160 205 1.42378e-05
2.16303 1.4382 160 205 1.34123e-05
2.16378 1.4382 160 205 1.26172e-05
2.16453 1.4382 160 205 1.18606e-05
2.16528 1.4382 160 205 1.11476e-05
2.16603 1.4382 160 205 1.0481e-05
2.16678 1.4382 160 205 9.86155e-06
2.16753 1.4382 160 205 9.28881e-06
2.16828 1.4382 160 205 8.76144e-06
2.16903 1.4382 160 205 8.27751e-06
2.16978 1.4382 160 205 7.83474e-06
2.17053 1.4382 160 205 7.4305e-06
2.17128 1.4382 160 205 7.06238e-06
2.17203 1.4382 160 205 6.72791e-06
2.17278 1.4382 160 205 6.42479e-06
2.17353 1.4382 160 205 6.15078e-06
2.17428 1.4382 160 205 5.90387e-06
2.17503 1.4382 160 205 5.68221e-06
2.17578 1.4382 160 205 5.48414e-06
2.17653 1.4382 160 205 5.30823e-06
2.17728 1.4382 160 205 5.15319e-06
2.17803 1.4382 160 205 5.02192e-06
2.17878 1.4382 160 205 4.90532e-06
2.17953 1.4382 160 205 4.8067e-06
2.18028 1.4382 160 205 4.7255e-06
2.18103 1.4382 160 205 4.66122e-06
2.18178 1.4382 160 205 4.61348e-06
2.18253 1.4382 160 205 4.58203e-06
2.18328 1.4382 160 205 4.5667e-06
2.18403 1.4382 160 205 4.56744e-06
2.18478 1.4382 160 205 4.58417e-06
2.18553 1.4382 160 205 4.61691e-06
2.18628 1.4382 160 205 4.66568e-06
2.18703 1.4382 160 205 4.73047e-06
2.18778 1.4382 160 205 4.81107e-06
2.18853 1.4382 160 205 4.90712e-06
2.18928 1.4382 160 205 5.01794e-06
2.19003 1.4382 160 205 5.14249e-06
2.19078 1.4382 160 205 5.27912e-06
2.19153 1.4382 160 205 5.42559e-06
2.19228 1.4382 160 205 5.57882e-06
2.19303 1.4382 160 205 5.73486e-06
2.19378 1.4382 160 205 5.88885e-06
2.19453 1.4382 160 205 6.03508e-06
2.19528 1.4382 160 205 6.16718e-06
2.19603 1.4382 160 205 6.2785e-06
2.19678 1.4382 160 205 6.36256e-06
2.19753 1.4382 160 205 6.4137e-06
2.19828 1.4382 160 205 6.42753e-06
2.19903 1.4382 160 205 6.4016e-06
2.19978 1.4382 160 205 6.33565e-06
2.20053 1.4382 160 205 6.23151e-06
2.20128 1.4382 160 205 6.09297e-06
2.20203 1.4382 160 205 5.92532e-06
2.20278 1.4382 160 205 5.73474e-06
2.20353 1.4382 160 205 5.52764e-06
2.20428 1.4382 160 205 5.31027e-06
2.20503 1.4382 160 205 5.08824e-06
2.20578 1.4382 160 205 4.86634e-06
2.20653 1.4382 160 205 4.64841e-06
2.20728 1.4382 160 205 4.43744e-06
2.20803 1.4382 160 205 4.23553e-06
2.20878 1.4382 160 205 4.04412e-06
2.20953 1.4382 160 205 3.86405e-06
2.21029 1.4382 160 205 3.69567e-06
2.21104 1.4382 160 205 3.53907e-06
2.21179 1.4382 160 205 3.39398e-06
2.21254 1.4382 160 205 3.26007e-06
2.21329 1.4382 160 205 3.13684e-06
2.21404 1.4382 160 205 3.02375e-06
2.21479 1.4382 160 205 2.92021e-06
2.21554 1.4382 160 205 2.82569e-06
2.21629 1.4382 160 205 2.73957e-06
2.21704 1.4382 160 205 2.66135e-06
2.21779 1.4382 160 205 2.59054e-06
2.21854 1.4382 160 205 2.52666e-06
2.21929 1.4382 160 205 2.4693e-06
2.22004 1.4382 160 205 2.41804e-06
2.22079 1.4382 160 205 2.37259e-06
2.22154 1.4382 160 205 2.33259e-06
2.22229 1.4382 160 205 2.29778e-06
2.22304 1.4382 160 205 2.26799e-06
2.22379 1.4382 160 205 2.24298e-06
2.22454 1.4382 160 205 2.22261e-06
2.22529 1.4382 160 205 2.20676e-06
2.22604 1.4382 160 205 2.19531e-06
2.22679 1.4382 160 205 2.1882e-06
2.22754 1.4382 160 205 2.18538e-06
2.22829 1.4382 160 205 2.1869e-06
2.22904 1.4382 160 205 2.19274e-06
2.22979 1.4382 160 205 2.20295e-06
2.23054 1.4382 160 205 2.21762e-06
2.23129 1.4382 160 205 2.2369e-06
2.23204 1.4382 160 205 2.2609e-06
2.23279 1.4382 160 205 2.28982e-06
2.23354 1.4382 160 205 2.32387e-06
2.23429 1.4382 160 205 2.36332e-06
2.23504 1.4382 160 205 2.40846e-06
2.23579 1.4382 160 205 2.45963e-06
2.23654 1.4382 160 205 2.51723e-06
2.23729 1.4382 160 205 2.58166e-06
2.23804 1.4382 160 205 2.65346e-06
2.23879 1.4382 160 205 2.73318e-06
2.23954 1.4382 160 205 2.8214e-06
2.24029 1.4382 160 205 2.91878e-06
2.24104 1.4382 160 205 3.0261e-06
2.24179 1.4382 160 205 3.14417e-06
2.24254 1.4382 160 205 3.27379e-06
2.24329 1.4382 160 205 3.41592e-06
2.24404 1.4382 160 205 3.57143e-06
2.24479 1.4382 160 205 3.74137e-06
2.24554 1.4382 160 205 3.92672e-06
2.24629 1.4382 160 205 4.12836e-06
2.24704 1.4382 160 205 4.34712e-06
2.24779 1.4382 160 205 4.58359e-06
2.24854 1.4382 160 205 4.83806e-06
2.24929 1.4382 160 205 5.11041e-06
2.25004 1.4382 160 205 5.39996e-06
2.25079 1.4382 160 205 5.70508e-06
2.25154 1.4382 160 205 6.02315e-06
2.25229 1.4382 160 205 6.35012e-06
2.25304 1.4382 160 205 6.68064e-06
2.25379 1.4382 160 205 7.00749e-06
2.25454 1.4382 160 205 7.32178e-06
2.25529 1.4382 160 205 7.61307e-06
2.25604 1.4382 160 205 7.86978e-06
2.25679 1.4382 160 205 8.0799e-06
2.25754 1.4382 160 205 8.23198e-06
2.25829 1.4382 160 205 8.31631e-06
2.25904 1.4382 160 205 8.32587e-06
2.25979 1.4382 160 205 8.25719e-06
2.26054 1.4382 160 205 8.11086e-06
2.26129 1.4382 160 205 7.89134e-06
2.26204 1.4382 160 205 7.60641e-06
2.26279 1.4382 160 205 7.26624e-06
2.26354 1.4382 160 205 6.88217e-06
2.26429 1.4382 160 205 6.4661e-06
2.26504 1.4382 160 205 6.02935e-06
2.26579 1.4382 160 205 5.58232e-06
2.26654 1.4382 160 205 5.13439e-06
2.26729 1.4382 160 205 4.69376e-06
2.26804 1.4382 160 205 4.26794e-06
2.26879 1.4382 160 205 3.86451e-06
2.26954 1.4382 160 205 3.49007e-06
2.2703 1.4382 160 205 3.15108e-06
2.27105 1.4382 160 205 2.85345e-06
2.2718 1.4382 160 205 2.60302e-06
2.27255 1.4382 160 205 2.40337e-06
2.2733 1.4382 160 205 2.25713e-06
2.27405 1.4382 160 205 2.16357e-06
2.2748 1.4382 160 205 2.11916e-06
2.27555 1.4382 160 205 2.1171e-06
2.2763 1.4382 160 205 2.14915e-06
2.27705 1.4382 160 205 2.18567e-06
2.2778 1.4382 160 205 2.25799e-06
2.27855 1.4382 160 205 2.33318e-06
2.2793 1.4382 160 205 2.40244e-06
2.28005 1.4382 160 205 2.45991e-06
2.2808 1.4382 160 205 2.50141e-06
2.28155 1.4382 160 205 2.52576e-06
2.2823 1.4382 160 205 2.53308e-06
2.28305 1.4382 160 205 2.52483e-06
2.2838 1.4382 160 205 2.50333e-06
2.28455 1.4382 160 205 2.47089e-06
2.2853 1.4382 160 205 2.43016e-06
2.28605 1.4382 160 205 2.38348e-06
2.2868 1.4382 160 205 2.33303e-06
2.28755 1.4382 160 205 2.28057e-06
2.2883 1.4382 160 205 2.22744e-06
2.28905 1.4382 160 205 2.17479e-06
2.2898 1.4382 160 205 2.12346e-06
2.29055 1.4382 160 205 2.07382e-06
2.2913 1.4382 160 205 2.02624e-06
2.29205 1.4382 160 205 1.98079e-06
2.2928 1.4382 160 205 1.93735e-06
2.29355 1.4382 160 205 1.89565e-06
2.2943 1.4382 160 205 1.85537e-06
2.29505 1.4382 160 205 1.81609e-06
2.2958 1.4382 160 205 1.77738e-06
2.29655 1.4382 160 205 1.73883e-06
2.2973 1.4382 160 205 1.70014e-06
2.29805 1.4382 160 205 1.66114e-06
2.2988 1.4382 160 205 1.62155e-06
2.29955 1.4382 160 205 1.58154e-06
2.3003 1.4382 160 205 1.54129e-06
2.30105 1.4382 160 205 1.50104e-06
2.3018 1.4382 160 205 1.461e-06
2.30255 1.4382 160 205 1.42153e-06
2.3033 1.4382 160 205 1.38293e-06
2.30405 1.4382 160 205 1.34548e-06
2.3048 1.4382 160 205 1.30938e-06
2.30555 1.4382 160 205 1.2748e-06
2.3063 1.4382 160 205 1.24183e-06
2.30705 1.4382 160 205 1.21053e-06
2.3078 1.4382 160 205 1.18092e-06
2.30855 1.4382 160 205 1.153e-06
2.3093 1.4382 160 205 1.12673e-06
2.31005 1.4382 160 205 1.10202e-06
2.3108 1.4382 160 205 1.07884e-06
2.31155 1.4382 160 205 1.0571e-06
2.3123 1.4382 160 205 1.03674e-06
2.31305 1.4382 160 205 1.01768e-06
2.3138 1.4382 160 205 9.99836e-07
2.31455 1.4382 160 205 9.83127e-07
2.3153 1.4382 160 205 9.6749e-07
2.31605 1.4382 160 205 9.52857e-07
2.3168 1.4382 160 205 9.39171e-07
2.31755 1.4382 160 205 9.26359e-07
2.3183 1.4382 160 205 9.1439e-07
2.31905 1.4382 160 205 9.03193e-07
2.3198 1.4382 160 205 8.92731e-07
2.32055 1.4382 160 205 8.82994e-07
2.3213 1.4382 160 205 8.73878e-07
2.32205 1.4382 160 205 8.65384e-07
2.3228 1.4382 160 205 8.57486e-07
2.32355 1.4382 160 205 8.50126e-07
2.3243 1.4382 160 205 8.4329e-07
2.32505 1.4382 160 205 8.36969e-07
2.3258 1.4382 160 205 8.31105e-07
2.32655 1.4382 160 205 8.25691e-07
2.3273 1.4382 160 205 8.20708e-07
2.32805 1.4382 160 205 8.16145e-07
2.3288 1.4382 160 205 8.11964e-07
2.32955 1.4382 160 205 8.08158e-07
2.33031 1.4382 160 205 8.04735e-07
2.33106 1.4382 160 205 8.01632e-07
2.33181 1.4382 160 205 7.98859e-07
2.33256 1.4382 160 205 7.96426e-07
2.33331 1.4382 160 205 7.94272e-07
2.33406 1.4382 160 205 7.92434e-07
2.33481 1.4382 160 205 7.9085e-07
2.33556 1.4382 160 205 7.89531e-07
2.33631 1.4382 160 205 7.88475e-07
2.33706 1.4382 160 205 7.87673e-07
2.33781 1.4382 160 205 7.87082e-07
2.33856 1.4382 160 205 7.86714e-07
2.33931 1.4382 160 205 7.86545e-07
2.34006 1.4382 160 205 7.86569e-07
2.34081 1.4382 160 205 7.86773e-07
2.34156 1.4382 160 205 7.87137e-07
2.34231 1.4382 160 205 7.87646e-07
2.34306 1.4382 160 205 7.88308e-07
2.34381 1.4382 160 205 7.89058e-07
2.34456 1.4382 160 205 7.89934e-07
2.34531 1.4382 160 205 7.90843e-07
2.34606 1.4382 160 205 7.91793e-07
2.34681 1.4382 160 205 7.92758e-07
2.34756 1.4382 160 205 7.93707e-07
2.34831 1.4382 160 205 7.94608e-07
2.34906 1.4382 160 205 7.95445e-07
2.34981 1.4382 160 205 7.96292e-07
2.35056 1.4382 160 205 7.96811e-07
2.35131 1.4382 160 205 7.97109e-07
2.35206 1.4382 160 205 7.97134e-07
2.35281 1.4382 160 205 7.9688e-07
2.35356 1.4382 160 205 7.96189e-07
2.35431 1.4382 160 205 7.95051e-07
2.35506 1.4382 160 205 7.93432e-07
2.35581 1.4382 160 205 7.91228e-07
2.35656 1.4382 160 205 7.88417e-07
2.35731 1.4382 160 205 7.84969e-07
2.35806 1.4382 160 205 7.80877e-07
2.35881 1.4382 160 205 7.76228e-07
2.35956 1.4382 160 205 7.7098e-07
2.36031 1.4382 160 205 7.65333e-07
2.36106 1.4382 160 205 7.59507e-07
2.36181 1.4382 160 205 7.53849e-07
2.36256 1.4382 160 205 7.48964e-07
2.36331 1.4382 160 205 7.45219e-07
2.36406 1.4382 160 205 7.43519e-07
2.36481 1.4382 160 205 7.44828e-07
2.36556 1.4382 160 205 7.50234e-07
2.36631 1.4382 160 205 7.60935e-07
2.36706 1.4382 160 205 7.78112e-07
2.36781 1.4382 160 205 8.02804e-07
2.36856 1.4382 160 205 8.35826e-07
2.36931 1.4382 160 205 8.77494e-07
2.37006 1.4382 160 205 9.27696e-07
2.37081 1.4382 160 205 9.85652e-07
2.37156 1.4382 160 205 1.05003e-06
2.37231 1.4382 160 205 1.11897e-06
2.37306 1.4382 160 205 1.19062e-06
2.37381 1.4382 160 205 1.26306e-06
2.37456 1.4382 160 205 1.33445e-06
2.37531 1.4382 160 205 1.40344e-06
2.37606 1.4382 160 205 1.46971e-06
2.37681 1.4382 160 205 1.53161e-06
2.37756 1.4382 160 205 1.58985e-06
2.37831 1.4382 160 205 1.64475e-06
2.37906 1.4382 160 205 1.6969e-06
2.37981 1.4382 160 205 1.74704e-06
2.38056 1.4382 160 205 1.79596e-06
2.38131 1.4382 160 205 1.84439e-06
2.38206 1.4382 160 205 1.89312e-06
2.38281 1.4382 160 205 1.94297e-06
2.38356 1.4382 160 205 1.9945e-06
2.38431 1.4382 160 205 2.04822e-06
2.38506 1.4382 160 205 2.10478e-06
2.38581 1.4382 160 205 2.1643e-06
2.38656 1.4382 160 205 2.22778e-06
2.38731 1.4382 160 205 2.29539e-06
2.38806 1.4382 160 205 2.36756e-06
2.38881 1.4382 160 205 2.44466e-06
2.38956 1.4382 160 205 2.52717e-06
2.39032 1.4382 160 205 2.61553e-06
2.39107 1.4382 160 205 2.71019e-06
2.39182 1.4382 160 205 2.81167e-06
2.39257 1.4382 160 205 2.9205e-06
2.39332 1.4382 160 205 3.03731e-06
2.39407 1.4382 160 205 3.16275e-06
2.39482 1.4382 160 205 3.29751e-06
2.39557 1.4382 160 205 3.44249e-06
2.39632 1.4382 160 205 3.59848e-06
2.39707 1.4382 160 205 3.76659e-06
2.39782 1.4382 160 205 3.94788e-06
2.39857 1.4382 160 205 4.14354e-06
2.39932 1.4382 160 205 4.35494e-06
2.40007 1.4382 160 205 4.58338e-06
2.40082 1.4382 160 205 4.83052e-06
2.40157 1.4382 160 205 5.09792e-06
2.40232 1.4382 160 205 5.38708e-06
2.40307 1.4382 160 205 5.69952e-06
2.40382 1.4382 160 205 6.03662e-06
2.40457 1.4382 160 205 6.39961e-06
2.40532 1.4382 160 205 6.7894e-06
2.40607 1.4382 160 205 7.20654e-06
2.40682 1.4382 160 205 7.65103e-06
2.40757 1.4382 160 205 8.12222e-06
2.40832 1.4382 160 205 8.61854e-06
2.40907 1.4382 160 205 9.13755e-06
2.40982 1.4382 160 205 9.67525e-06
2.41057 1.4382 160 205 1.02261e-05
2.41132 1.4382 160 205 1.07827e-05
2.41207 1.4382 160 205 1.13356e-05
2.41282 1.4382 160 205 1.18734e-05
2.41357 1.4382 160 205 1.23829e-05
2.41432 1.4382 160 205 1.28492e-05
2.41507 1.4382 160 205 1.3257e-05
2.41582 1.4382 160 205 1.35913e-05
2.41657 1.4382 160 205 1.38389e-05
2.41732 1.4382 160 205 1.39893e-05
2.41807 1.4382 160 205 1.40361e-05
2.41882 1.4382 160 205 1.39775e-05
2.41957 1.4382 160 205 1.38168e-05
2.42032 1.4382 160 205 1.35616e-05
2.42107 1.4382 160 205 1.32235e-05
2.42182 1.4382 160 205 1.28162e-05
2.42257 1.4382 160 205 1.2355e-05
2.42332 1.4382 160 205 1.18552e-05
2.42407 1.4382 160 205 1.13312e-05
2.42482 1.4382 160 205 1.07959e-05
2.42557 1.4382 160 205 1.026e-05
2.42632 1.4382 160 205 9.73235e-06
2.42707 1.4382 160 205 9.21976e-06
2.42782 1.4382 160 205 8.72723e-06
2.42857 1.4382 160 205 8.25815e-06
2.42932 1.4382 160 205 7.8146e-06
2.43007 1.4382 160 205 7.3977e-06
2.43082 1.4382 160 205 7.00763e-06
2.43157 1.4382 160 205 6.6441e-06
2.43232 1.4382 160 205 6.30635e-06
2.43307 1.4382 160 205 5.99345e-06
2.43382 1.4382 160 205 5.70402e-06
2.43457 1.4382 160 205 5.43685e-06
2.43532 1.4382 160 205 5.1906e-06
2.43607 1.4382 160 205 4.96399e-06
2.43682 1.4382 160 205 4.75565e-06
2.43757 1.4382 160 205 4.56436e-06
2.43832 1.4382 160 205 4.38897e-06
2.43907 1.4382 160 205 4.22841e-06
2.43982 1.4382 160 205 4.08169e-06
2.44057 1.4382 160 205 3.94789e-06
2.44132 1.4382 160 205 3.82616e-06
2.44207 1.4382 160 205 3.71581e-06
2.44282 1.4382 160 205 3.61609e-06
2.44357 1.4382 160 205 3.52637e-06
2.44432 1.4382 160 205 3.44614e-06
2.44507 1.4382 160 205 3.37493e-06
2.44582 1.4382 160 205 3.31232e-06
2.44657 1.4382 160 205 3.25794e-06
2.44732 1.4382 160 205 3.21148e-06
2.44807 1.4382 160 205 3.17266e-06
2.44882 1.4382 160 205 3.14128e-06
2.44957 1.4382 160 205 3.11711e-06
2.45033 1.4382 160 205 3.09998e-06
2.45108 1.4382 160 205 3.08979e-06
2.45183 1.4382 160 205 3.08641e-06
2.45258 1.4382 160 205 3.08967e-06
2.45333 1.4382 160 205 3.09945e-06
2.45408 1.4382 160 205 3.11564e-06
2.45483 1.4382 160 205 3.13797e-06
2.45558 1.4382 160 205 3.16625e-06
2.45633 1.4382 160 205 3.20014e-06
2.45708 1.4382 160 205 3.2392e-06
2.45783 1.4382 160 205 3.28288e-06
2.45858 1.4382 160 205 3.33053e-06
2.45933 1.4382 160 205 3.3813e-06
2.46008 1.4382 160 205 3.43422e-06
2.46083 1.4382 160 205 3.48825e-06
2.46158 1.4382 160 205 3.54215e-06
2.46233 1.4382 160 205 3.59473e-06
2.46308 1.4382 160 205 3.64484e-06
2.46383 1.4382 160 205 3.69141e-06
2.46458 1.4382 160 205 3.73367e-06
2.46533 1.4382 160 205 3.77113e-06
2.46608 1.4382 160 205 3.8037e-06
2.46683 1.4382 160 205 3.8317e-06
2.46758 1.4382 160 205 3.85581e-06
2.46833 1.4382 160 205 3.87712e-06
2.46908 1.4382 160 205 3.89699e-06
2.46983 1.4382 160 205 3.91694e-06
2.47058 1.4382 160 205 3.93864e-06
2.47133 1.4382 160 205 3.96373e-06
2.47208 1.4382 160 205 3.99388e-06
2.47283 1.4382 160 205 4.03061e-06
2.47358 1.4382 160 205 4.07535e-06
2.47433 1.4382 160 205 4.12946e-06
2.47508 1.4382 160 205 4.19419e-06
2.47583 1.4382 160 205 4.27067e-06
2.47658 1.4382 160 205 4.36e-06
2.47733 1.4382 160 205 4.46325e-06
2.47808 1.4382 160 205 4.58147e-06
2.47883 1.4382 160 205 4.71569e-06
2.47958 1.4382 160 205 4.86699e-06
2.48033 1.4382 160 205 5.03645e-06
2.48108 1.4382 160 205 5.22518e-06
2.48183 1.4382 160 205 5.4343e-06
2.48258 1.4382 160 205 5.66482e-06
2.48333 1.4382 160 205 5.91792e-06
2.48408 1.4382 160 205 6.19447e-06
2.48483 1.4382 160 205 6.49521e-06
2.48558 1.4382 160 205 6.82059e-06
2.48633 1.4382 160 205 7.17063e-06
2.48708 1.4382 160 205 7.54474e-06
2.48783 1.4382 160 205 7.94153e-06
2.48858 1.4382 160 205 8.35858e-06
2.48933 1.4382 160 205 8.7924e-06
2.49008 1.4382 160 205 9.23731e-06
2.49083 1.4382 160 205 9.68655e-06
2.49158 1.4382 160 205 1.01313e-05
2.49233 1.4382 160 205 1.05607e-05
2.49308 1.4382 160 205 1.09627e-05
2.49383 1.4382 160 205 1.13237e-05
2.49458 1.4382 160 205 1.163e-05
2.49533 1.4382 160 205 1.18685e-05
2.49608 1.4382 160 205 1.2028e-05
2.49683 1.4382 160 205 1.21001e-05
2.49758 1.4382 160 205 1.20806e-05
2.49833 1.4382 160 205 1.19694e-05
2.49908 1.4382 160 205 1.17712e-05
2.49983 1.4382 160 205 1.14938e-05
2.50058 1.4382 160 205 1.11488e-05
2.50133 1.4382 160 205 1.0749e-05
2.50208 1.4382 160 205 1.03082e-05
2.50283 1.4382 160 205 9.83966e-06
2.50358 1.4382 160 205 9.3555e-06
2.50433 1.4382 160 205 8.86619e-06
2.50508 1.4382 160 205 8.4077e-06
2.50583 1.4382 160 205 7.92981e-06
2.50658 1.4382 160 205 7.46689e-06
2.50733 1.4382 160 205 7.02269e-06
2.50808 1.4382 160 205 6.59923e-06
2.50883 1.4382 160 205 6.19767e-06
2.50958 1.4382 160 205 5.81827e-06
2.51034 1.4382 160 205 5.46062e-06
2.51109 1.4382 160 205 5.12437e-06
2.51184 1.4382 160 205 4.8077e-06
2.51259 1.4382 160 205 4.5097e-06
2.51334 1.4382 160 205 4.2289e-06
2.51409 1.4382 160 205 3.964e-06
2.51484 1.4382 160 205 3.71358e-06
2.51559 1.4382 160 205 3.47636e-06
2.51634 1.4382 160 205 3.25115e-06
2.51709 1.4382 160 205 3.03706e-06
2.51784 1.4382 160 205 2.83307e-06
2.51859 1.4382 160 205 2.63867e-06
2.51934 1.4382 160 205 2.45369e-06
2.52009 1.4382 160 205 2.27815e-06
2.52084 1.4382 160 205 2.11245e-06
2.52159 1.4382 160 205 1.9575e-06
2.52234 1.4382 160 205 1.81447e-06
2.52309 1.4382 160 205 1.68489e-06
2.52384 1.4382 160 205 1.57051e-06
2.52459 1.4382 160 205 1.47331e-06
2.52534 1.4382 160 205 1.39494e-06
2.52609 1.4382 160 205 1.33681e-06
2.52684 1.4382 160 205 1.29957e-06
2.52759 1.4382 160 205 1.28313e-06
2.52834 1.4382 160 205 1.28596e-06
2.52909 1.4382 160 205 1.30593e-06
2.52984 1.4382 160 205 1.3397e-06
2.53059 1.4382 160 205 1.38305e-06
2.53134 1.4382 160 205 1.43235e-06
2.53209 1.4382 160 205 1.48281e-06
2.53284 1.4382 160 205 1.53157e-06
2.53359 1.4382 160 205 1.57516e-06
2.53434 1.4382 160 205 1.61184e-06
2.53509 1.4382 160 205 1.64025e-06
2.53584 1.4382 160 205 1.65985e-06
2.53659 1.4382 160 205 1.67084e-06
2.53734 1.4382 160 205 1.67384e-06
2.53809 1.4382 160 205 1.66967e-06
2.53884 1.4382 160 205 1.65957e-06
2.53959 1.4382 160 205 1.64452e-06
2.54034 1.4382 160 205 1.6256e-06
2.54109 1.4382 160 205 1.60375e-06
2.54184 1.4382 160 205 1.57984e-06
2.54259 1.4382 160 205 1.55459e-06
2.54334 1.4382 160 205 1.52862e-06
2.54409 1.4382 160 205 1.5024e-06
2.54484 1.4382 160 205 1.47638e-06
2.54559 1.4382 160 205 1.45083e-06
2.54634 1.4382 160 205 1.426e-06
2.54709 1.4382 160 205 1.40207e-06
2.54784 1.4382 160 205 1.37918e-06
2.54859 1.4382 160 205 1.35736e-06
2.54934 1.4382 160 205 1.33668e-06
2.55009 1.4382 160 205 1.31717e-06
2.55084 1.4382 160 205 1.29888e-06
2.55159 1.4382 160 205 1.28179e-06
2.55234 1.4382 160 205 1.26589e-06
2.55309 1.4382 160 205 1.25116e-06
2.55384 1.4382 160 205 1.23758e-06
2.55459 1.4382 160 205 1.22513e-06
2.55534 1.4382 160 205 1.21378e-06
2.55609 1.4382 160 205 1.20349e-06
2.55684 1.4382 160 205 1.19424e-06
2.55759 1.4382 160 205 1.18604e-06
2.55834 1.4382 160 205 1.17879e-06
2.55909 1.4382 160 205 1.17251e-06
2.55984 1.4382 160 205 1.16717e-06
2.56059 1.4382 160 205 1.16276e-06
2.56134 1.4382 160 205 1.15925e-06
2.56209 1.4382 160 205 1.15664e-06
2.56284 1.4382 160 205 1.15491e-06
2.56359 1.4382 160 205 1.15404e-06
2.56434 1.4382 160 205 1.15404e-06
2.56509 1.4382 160 205 1.1549e-06
2.56584 1.4382 160 205 1.15661e-06
2.56659 1.4382 160 205 1.15919e-06
2.56734 1.4382 160 205 1.16261e-06
2.56809 1.4382 160 205 1.16688e-06
2.56884 1.4382 160 205 1.17203e-06
2.56959 1.4382 160 205 1.17805e-06
2.57035 1.4382 160 205 1.18496e-06
2.5711 1.4382 160 205 1.19278e-06
2.57185 1.4382 160 205 1.20151e-06
2.5726 1.4382 160 205 1.21119e-06
2.57335 1.4382 160 205 1.22184e-06
2.5741 1.4382 160 205 1.23348e-06
2.57485 1.4382 160 205 1.24615e-06
2.5756 1.4382 160 205 1.25988e-06
2.57635 1.4382 160 205 1.2747e-06
2.5771 1.4382 160 205 1.29065e-06
2.57785 1.4382 160 205 1.30779e-06
2.5786 1.4382 160 205 1.32615e-06
2.57935 1.4382 160 205 1.34579e-06
2.5801 1.4382 160 205 1.36678e-06
2.58085 1.4382 160 205 1.38917e-06
2.5816 1.4382 160 205 1.41304e-06
2.58235 1.4382 160 205 1.43846e-06
2.5831 1.4382 160 205 1.4655e-06
2.58385 1.4382 160 205 1.49427e-06
2.5846 1.4382 160 205 1.52486e-06
2.58535 1.4382 160 205 1.55737e-06
2.5861 1.4382 160 205 1.59192e-06
2.58685 1.4382 160 205 1.62863e-06
2.5876 1.4382 160 205 1.66764e-06
2.58835 1.4382 160 205 1.70907e-06
2.5891 1.4382 160 205 1.75312e-06
2.58985 1.4382 160 205 1.79994e-06
2.5906 1.4382 160 205 1.84971e-06
2.59135 1.4382 160 205 1.90266e-06
2.5921 1.4382 160 205 1.95898e-06
2.59285 1.4382 160 205 2.01893e-06
2.5936 1.4382 160 205 2.08277e-06
2.59435 1.4382 160 205 2.15077e-06
2.5951 1.4382 160 205 2.22324e-06
2.59585 1.4382 160 205 2.30052e-06
2.5966 1.4382 160 205 2.38296e-06
2.59735 1.4382 160 205 2.47098e-06
2.5981 1.4382 160 205 2.56498e-06
2.59885 1.4382 160 205 2.66544e-06
2.5996 1.4382 160 205 2.77285e-06
2.60035 1.4382 160 205 2.88776e-06
2.6011 1.4382 160 205 3.01075e-06
2.60185 1.4382 160 205 3.14244e-06
2.6026 1.4382 160 205 3.28351e-06
2.60335 1.4382 160 205 3.43468e-06
2.6041 1.4382 160 205 3.59666e-06
2.60485 1.4382 160 205 3.7703e-06
2.6056 1.4382 160 205 3.95635e-06
2.60635 1.4382 160 205 4.15568e-06
2.6071 1.4382 160 205 4.36911e-06
2.60785 1.4382 160 205 4.5974e-06
2.6086 1.4382 160 205 4.84128e-06
2.60935 1.4382 160 205 5.10136e-06
2.6101 1.4382 160 205 5.37807e-06
2.61085 1.4382 160 205 5.6716e-06
2.6116 1.4382 160 205 5.98181e-06
2.61235 1.4382 160 205 6.30822e-06
2.6131 1.4382 160 205 6.64967e-06
2.61385 1.4382 160 205 7.00402e-06
2.6146 1.4382 160 205 7.36929e-06
2.61535 1.4382 160 205 7.74161e-06
2.6161 1.4382 160 205 8.11631e-06
2.61685 1.4382 160 205 8.48773e-06
2.6176 1.4382 160 205 8.84903e-06
2.61835 1.4382 160 205 9.19249e-06
2.6191 1.4382 160 205 9.50963e-06
2.61985 1.4382 160 205 9.79178e-06
2.6206 1.4382 160 205 1.00305e-05
2.62135 1.4382 160 205 1.02181e-05
2.6221 1.4382 160 205 1.03486e-05
2.62285 1.4382 160 205 1.04178e-05
2.6236 1.4382 160 205 1.04243e-05
2.62435 1.4382 160 205 1.03692e-05
2.6251 1.4382 160 205 1.02557e-05
2.62585 1.4382 160 205 1.00899e-05
2.6266 1.4382 160 205 9.87901e-06
2.62735 1.4382 160 205 9.63172e-06
2.6281 1.4382 160 205 9.35674e-06
2.62885 1.4382 160 205 9.06291e-06
2.6296 1.4382 160 205 8.75841e-06
2.63036 1.4382 160 205 8.45053e-06
2.63111 1.4382 160 205 8.14537e-06
2.63186 1.4382 160 205 7.84796e-06
2.63261 1.4382 160 205 7.56217e-06
2.63336 1.4382 160 205 7.29077e-06
2.63411 1.4382 160 205 7.03553e-06
2.63486 1.4382 160 205 6.79737e-06
2.63561 1.4382 160 205 6.57644e-06
2.63636 1.4382 160 205 6.37661e-06
2.63711 1.4382 160 205 6.18755e-06
2.63786 1.4382 160 205 6.01277e-06
2.63861 1.4382 160 205 5.85013e-06
2.63936 1.4382 160 205 5.6976e-06
2.64011 1.4382 160 205 5.55286e-06
2.64086 1.4382 160 205 5.41355e-06
2.64161 1.4382 160 205 5.27741e-06
2.64236 1.4382 160 205 5.14245e-06
2.64311 1.4382 160 205 5.00697e-06
2.64386 1.4382 160 205 4.86977e-06
2.64461 1.4382 160 205 4.73012e-06
2.64536 1.4382 160 205 4.58782e-06
2.64611 1.4382 160 205 4.44305e-06
2.64686 1.4382 160 205 4.29646e-06
2.64761 1.4382 160 205 4.14894e-06
2.64836 1.4382 160 205 4.0016e-06
2.64911 1.4382 160 205 3.85552e-06
2.64986 1.4382 160 205 3.71182e-06
2.65061 1.4382 160 205 3.57148e-06
2.65136 1.4382 160 205 3.43538e-06
2.65211 1.4382 160 205 3.30415e-06
2.65286 1.4382 160 205 3.17833e-06
2.65361 1.4382 160 205 3.05826e-06
2.65436 1.4382 160 205 2.94416e-06
2.65511 1.4382 160 205 2.83611e-06
2.65586 1.4382 160 205 2.73405e-06
2.65661 1.4382 160 205 2.6379e-06
2.65736 1.4382 160 205 2.54751e-06
2.65811 1.4382 160 205 2.46267e-06
2.65886 1.4382 160 205 2.38313e-06
2.65961 1.4382 160 205 2.30867e-06
2.66036 1.4382 160 205 2.23901e-06
2.66111 1.4382 160 205 2.1739e-06
2.66186 1.4382 160 205 2.11308e-06
2.66261 1.4382 160 205 2.05631e-06
2.66336 1.4382 160 205 2.00335e-06
2.66411 1.4382 160 205 1.95397e-06
2.66486 1.4382 160 205 1.90796e-06
2.66561 1.4382 160 205 1.86512e-06
2.66636 1.4382 160 205 1.82526e-06
2.66711 1.4382 160 205 1.78821e-06
2.66786 1.4382 160 205 1.75381e-06
2.66861 1.4382 160 205 1.72191e-06
2.66936 1.4382 160 205 1.69237e-06
2.67011 1.4382 160 205 1.66507e-06
2.67086 1.4382 160 205 1.63989e-06
2.67161 1.4382 160 205 1.61673e-06
2.67236 1.4382 160 205 1.59548e-06
2.67311 1.4382 160 205 1.57607e-06
2.67386 1.4382 160 205 1.5584e-06
2.67461 1.4382 160 205 1.54242e-06
2.67536 1.4382 160 205 1.52804e-06
2.67611 1.4382 160 205 1.51521e-06
2.67686 1.4382 160 205 1.50388e-06
2.67761 1.4382 160 205 1.49399e-06
2.67836 1.4382 160 205 1.48552e-06
2.67911 1.4382 160 205 1.47841e-06
2.67986 1.4382 160 205 1.47264e-06
2.68061 1.4382 160 205 1.46817e-06
2.68136 1.4382 160 205 1.465e-06
2.68211 1.4382 160 205 1.46309e-06
2.68286 1.4382 160 205 1.46242e-06
2.68361 1.4382 160 205 1.463e-06
2.68436 1.4382 160 205 1.46479e-06
2.68511 1.4382 160 205 1.4678e-06
2.68586 1.4382 160 205 1.47204e-06
2.68661 1.4382 160 205 1.4775e-06
2.68736 1.4382 160 205 1.48419e-06
2.68811 1.4382 160 205 1.49212e-06
2.68886 1.4382 160 205 1.50129e-06
2.68961 1.4382 160 205 1.51173e-06
2.69037 1.4382 160 205 1.52345e-06
2.69112 1.4382 160 205 1.53648e-06
2.69187 1.4382 160 205 1.55084e-06
2.69262 1.4382 160 205 1.56657e-06
2.69337 1.4382 160 205 1.5837e-06
2.69412 1.4382 160 205 1.60227e-06
2.69487 1.4382 160 205 1.62232e-06
2.69562 1.4382 160 205 1.64392e-06
2.69637 1.4382 160 205 1.66713e-06
2.69712 1.4382 160 205 1.69201e-06
2.69787 1.4382 160 205 1.71865e-06
2.69862 1.4382 160 205 1.74714e-06
2.69937 1.4382 160 205 1.77761e-06
2.70012 1.4382 160 205 1.81016e-06
2.70087 1.4382 160 205 1.84496e-06
2.70162 1.4382 160 205 1.8822e-06
2.70237 1.4382 160 205 1.9221e-06
2.70312 1.4382 160 205 1.96493e-06
2.70387 1.4382 160 205 2.01103e-06
2.70462 1.4382 160 205 2.06077e-06
2.70537 1.4382 160 205 2.11469e-06
2.70612 1.4382 160 205 2.17326e-06
2.70687 1.4382 160 205 2.23719e-06
2.70762 1.4382 160 205 2.30727e-06
2.70837 1.4382 160 205 2.38439e-06
2.70912 1.4382 160 205 2.4696e-06
2.70987 1.4382 160 205 2.56403e-06
2.71062 1.4382 160 205 2.66889e-06
2.71137 1.4382 160 205 2.78545e-06
2.71212 1.4382 160 205 2.91492e-06
2.71287 1.4382 160 205 3.05841e-06
2.71362 1.4382 160 205 3.21677e-06
2.71437 1.4382 160 205 3.39057e-06
2.71512 1.4382 160 205 3.57981e-06
2.71587 1.4382 160 205 3.78409e-06
2.71662 1.4382 160 205 4.00227e-06
2.71737 1.4382 160 205 4.2326e-06
2.71812 1.4382 160 205 4.47274e-06
2.71887 1.4382 160 205 4.71983e-06
2.71962 1.4382 160 205 4.97059e-06
2.72037 1.4382 160 205 5.22149e-06
2.72112 1.4382 160 205 5.46889e-06
2.72187 1.4382 160 205 5.70919e-06
2.72262 1.4382 160 205 5.93898e-06
2.72337 1.4382 160 205 6.15524e-06
2.72412 1.4382 160 205 6.35532e-06
2.72487 1.4382 160 205 6.53732e-06
2.72562 1.4382 160 205 6.70003e-06
2.72637 1.4382 160 205 6.84308e-06
2.72712 1.4382 160 205 6.967e-06
2.72787 1.4382 160 205 7.07314e-06
2.72862 1.4382 160 205 7.16362e-06
2.72937 1.4382 160 205 7.24118e-06
2.73012 1.4382 160 205 7.30888e-06
2.73087 1.4382 160 205 7.36999e-06
2.73162 1.4382 160 205 7.42777e-06
2.73237 1.4382 160 205 7.48528e-06
2.73312 1.4382 160 205 7.54495e-06
2.73387 1.4382 160 205 7.60887e-06
2.73462 1.4382 160 205 7.67847e-06
2.73537 1.4382 160 205 7.75449e-06
2.73612 1.4382 160 205 7.83711e-06
2.73687 1.4382 160 205 7.92577e-06
2.73762 1.4382 160 205 8.01939e-06
2.73837 1.4382 160 205 8.11648e-06
2.73912 1.4382 160 205 8.21513e-06
2.73987 1.4382 160 205 8.31304e-06
2.74062 1.4382 160 205 8.40771e-06
2.74137 1.4382 160 205 8.49637e-06
2.74212 1.4382 160 205 8.57611e-06
2.74287 1.4382 160 205 8.64389e-06
2.74362 1.4382 160 205 8.69657e-06
2.74437 1.4382 160 205 8.73107e-06
2.74512 1.4382 160 205 8.74442e-06
2.74587 1.4382 160 205 8.73395e-06
2.74662 1.4382 160 205 8.69748e-06
2.74737 1.4382 160 205 8.63353e-06
2.74812 1.4382 160 205 8.54136e-06
2.74887 1.4382 160 205 8.42123e-06
2.74962 1.4382 160 205 8.27442e-06
2.75038 1.4382 160 205 8.10315e-06
2.75113 1.4382 160 205 7.91025e-06
2.75188 1.4382 160 205 7.69972e-06
2.75263 1.4382 160 205 7.47537e-06
2.75338 1.4382 160 205 7.24133e-06
2.75413 1.4382 160 205 7.00165e-06
2.75488 1.4382 160 205 6.76006e-06
2.75563 1.4382 160 205 6.51998e-06
2.75638 1.4382 160 205 6.28403e-06
2.75713 1.4382 160 205 6.05459e-06
2.75788 1.4382 160 205 5.83344e-06
2.75863 1.4382 160 205 5.62193e-06
2.75938 1.4382 160 205 5.42097e-06
2.76013 1.4382 160 205 5.23121e-06
2.76088 1.4382 160 205 5.05302e-06
2.76163 1.4382 160 205 4.88669e-06
2.76238 1.4382 160 205 4.73226e-06
2.76313 1.4382 160 205 4.58974e-06
2.76388 1.4382 160 205 4.45902e-06
2.76463 1.4382 160 205 4.34002e-06
2.76538 1.4382 160 205 4.23258e-06
2.76613 1.4382 160 205 4.13652e-06
2.76688 1.4382 160 205 4.05165e-06
2.76763 1.4382 160 205 3.97774e-06
2.76838 1.4382 160 205 3.91459e-06
2.76913 1.4382 160 205 3.86199e-06
2.76988 1.4382 160 205 3.81965e-06
2.77063 1.4382 160 205 3.78728e-06
2.77138 1.4382 160 205 3.7646e-06
2.77213 1.4382 160 205 3.75126e-06
2.77288 1.4382 160 205 3.74685e-06
2.77363 1.4382 160 205 3.75087e-06
2.77438 1.4382 160 205 3.7627e-06
2.77513 1.4382 160 205 3.78167e-06
2.77588 1.4382 160 205 3.80687e-06
2.77663 1.4382 160 205 3.83728e-06
2.77738 1.4382 160 205 3.87166e-06
2.77813 1.4382 160 205 3.90857e-06
2.77888 1.4382 160 205 3.9464e-06
2.77963 1.4382 160 205 3.98335e-06
2.78038 1.4382 160 205 4.01749e-06
2.78113 1.4382 160 205 4.04682e-06
2.78188 1.4382 160 205 4.06935e-06
2.78263 1.4382 160 205 4.08324e-06
2.78338 1.4382 160 205 4.08866e-06
2.78413 1.4382 160 205 4.0806e-06
2.78488 1.4382 160 205 4.05998e-06
2.78563 1.4382 160 205 4.02639e-06
2.78638 1.4382 160 205 3.97993e-06
2.78713 1.4382 160 205 3.92117e-06
2.78788 1.4382 160 205 3.85109e-06
2.78863 1.4382 160 205 3.77104e-06
2.78938 1.4382 160 205 3.68262e-06
2.79013 1.4382 160 205 3.58742e-06
2.79088 1.4382 160 205 3.48724e-06
2.79163 1.4382 160 205 3.38367e-06
2.79238 1.4382 160 205 3.27824e-06
2.79313 1.4382 160 205 3.17216e-06
2.79388 1.4382 160 205 3.06657e-06
2.79463 1.4382 160 205 2.9623e-06
2.79538 1.4382 160 205 2.86004e-06
2.79613 1.4382 160 205 2.76023e-06
2.79688 1.4382 160 205 2.66318e-06
2.79763 1.4382 160 205 2.56912e-06
2.79838 1.4382 160 205 2.47806e-06
2.79913 1.4382 160 205 2.39009e-06
2.79988 1.4382 160 205 2.30516e-06
2.80063 1.4382 160 205 2.22324e-06
2.80138 1.4382 160 205 2.14426e-06
2.80213 1.4382 160 205 2.06816e-06
2.80288 1.4382 160 205 1.9949e-06
2.80363 1.4382 160 205 1.92444e-06
2.80438 1.4382 160 205 1.85668e-06
2.80513 1.4382 160 205 1.79158e-06
2.80588 1.4382 160 205 1.72907e-06
2.80663 1.4382 160 205 1.6691e-06
2.80738 1.4382 160 205 1.61157e-06
2.80813 1.4382 160 205 1.5564e-06
2.80888 1.4382 160 205 1.50349e-06
2.80963 1.4382 160 205 1.45272e-06
2.81039 1.4382 160 205 1.40398e-06
2.81114 1.4382 160 205 1.35714e-06
2.81189 1.4382 160 205 1.31208e-06
2.81264 1.4382 160 205 1.26867e-06
2.81339 1.4382 160 205 1.22677e-06
2.81414 1.4382 160 205 1.18626e-06
2.81489 1.4382 160 205 1.14701e-06
2.81564 1.4382 160 205 1.10892e-06
2.81639 1.4382 160 205 1.07191e-06
2.81714 1.4382 160 205 1.03582e-06
2.81789 1.4382 160 205 1.00061e-06
2.81864 1.4382 160 205 9.66246e-07
2.81939 1.4382 160 205 9.32704e-07
2.82014 1.4382 160 205 8.99997e-07
2.82089 1.4382 160 205 8.68177e-07
2.82164 1.4382 160 205 8.37334e-07
2.82239 1.4382 160 205 8.0763e-07
2.82314 1.4382 160 205 7.7928e-07
2.82389 1.4382 160 205 7.5252e-07
2.82464 1.4382 160 205 7.27648e-07
2.82539 1.4382 160 205 7.04976e-07
2.82614 1.4382 160 205 6.84833e-07
2.82689 1.4382 160 205 6.67519e-07
2.82764 1.4382 160 205 6.53271e-07
2.82839 1.4382 160 205 6.42211e-07
2.82914 1.4382 160 205 6.34357e-07
2.82989 1.4382 160 205 6.29526e-07
2.83064 1.4382 160 205 6.27385e-07
2.83139 1.4382 160 205 6.27354e-07
2.83214 1.4382 160 205 6.28779e-07
2.83289 1.4382 160 205 6.30887e-07
2.83364 1.4382 160 205 6.32827e-07
2.83439 1.4382 160 205 6.33803e-07
2.83514 1.4382 160 205 6.33132e-07
2.83589 1.4382 160 205 6.30011e-07
2.83664 1.4382 160 205 6.24156e-07
2.83739 1.4382 160 205 6.15165e-07
2.83814 1.4382 160 205 6.02835e-07
2.83889 1.4382 160 205 5.8712e-07
2.83964 1.4382 160 205 5.68045e-07
2.84039 1.4382 160 205 5.45659e-07
2.84114 1.4382 160 205 5.20231e-07
2.84189 1.4382 160 205 4.91897e-07
2.84264 1.4382 160 205 4.60867e-07
2.84339 1.4382 160 205 4.27366e-07
2.84414 1.4382 160 205 3.9158e-07
2.84489 1.4382 160 205 3.53844e-07
2.84564 1.4382 160 205 3.14377e-07
2.84639 1.4382 160 205 2.73463e-07
2.84714 1.4382 160 205 2.31414e-07
2.84789 1.4382 160 205 1.88412e-07
2.84864 1.4382 160 205 1.45178e-07
2.84939 1.4382 160 205 1.02007e-07
2.85014 1.4382 160 205 5.94123e-08
2.85089 1.4382 160 205 1.79321e-08
2.85164 1.4382 160 205 -2.17111e-08
2.85239 1.4382 160 205 -5.86569e-08
2.85314 1.4382 160 205 -9.20718e-08
2.85389 1.4382 160 205 -1.21056e-07
2.85464 1.4382 160 205 -1.44244e-07
2.85539 1.4382 160 205 -1.60534e-07
2.85614 1.4382 160 205 -1.68678e-07
2.85689 1.4382 160 205 -1.67498e-07
2.85764 1.4382 160 205 -1.56448e-07
2.85839 1.4382 160 205 -1.3372e-07
2.85914 1.4382 160 205 -9.97629e-08
2.85989 1.4382 160 205 -5.42865e-08
2.86064 1.4382 160 205 1.66808e-09
2.86139 1.4382 160 205 6.6813e-08
2.86214 1.4382 160 205 1.39224e-07
2.86289 1.4382 160 205 2.1663e-07
2.86364 1.4382 160 205 2.96562e-07
2.86439 1.4382 160 205 3.76471e-07
2.86514 1.4382 160 205 4.54031e-07
2.86589 1.4382 160 205 5.27221e-07
2.86664 1.4382 160 205 5.94448e-07
2.86739 1.4382 160 205 6.54594e-07
2.86814 1.4382 160 205 7.07014e-07
2.86889 1.4382 160 205 7.51506e-07
2.86964 1.4382 160 205 7.88186e-07
2.8704 1.4382 160 205 8.17495e-07
2.87115 1.4382 160 205 8.4003e-07
2.8719 1.4382 160 205 8.56519e-07
2.87265 1.4382 160 205 8.67737e-07
2.8734 1.4382 160 205 8.74467e-07
2.87415 1.4382 160 205 8.77454e-07
2.8749 1.4382 160 205 8.77391e-07
2.87565 1.4382 160 205 8.74899e-07
2.8764 1.4382 160 205 8.70527e-07
2.87715 1.4382 160 205 8.64747e-07
2.8779 1.4382 160 205 8.5796e-07
2.87865 1.4382 160 205 8.50503e-07
2.8794 1.4382 160 205 8.4276e-07
2.88015 1.4382 160 205 8.34739e-07
2.8809 1.4382 160 205 8.26735e-07
2.88165 1.4382 160 205 8.18892e-07
2.8824 1.4382 160 205 8.11331e-07
2.88315 1.4382 160 205 8.04138e-07
2.8839 1.4382 160 205 7.97361e-07
2.88465 1.4382 160 205 7.91065e-07
2.8854 1.4382 160 205 7.85305e-07
2.88615 1.4382 160 205 7.80127e-07
2.8869 1.4382 160 205 7.75473e-07
2.88765 1.4382 160 205 7.71351e-07
2.8884 1.4382 160 205 7.67799e-07
2.88915 1.4382 160 205 7.64819e-07
2.8899 1.4382 160 205 7.62408e-07
2.89065 1.4382 160 205 7.60562e-07
2.8914 1.4382 160 205 7.59277e-07
2.89215 1.4382 160 205 7.58546e-07
2.8929 1.4382 160 205 7.58363e-07
2.89365 1.4382 160 205 7.58722e-07
2.8944 1.4382 160 205 7.5962e-07
2.89515 1.4382 160 205 7.61047e-07
2.8959 1.4382 160 205 7.63002e-07
2.89665 1.4382 160 205 7.65482e-07
2.8974 1.4382 160 205 7.68483e-07
2.89815 1.4382 160 205 7.72006e-07
2.8989 1.4382 160 205 7.76049e-07
2.89965 1.4382 160 205 7.80622e-07
2.9004 1.4382 160 205 7.85712e-07
2.90115 1.4382 160 205 7.91332e-07
2.9019 1.4382 160 205 7.97486e-07
2.90265 1.4382 160 205 8.04181e-07
2.9034 1.4382 160 205 8.11426e-07
2.90415 1.4382 160 205 8.19245e-07
2.9049 1.4382 160 205 8.27621e-07
2.90565 1.4382 160 205 8.36579e-07
2.9064 1.4382 160 205 8.46136e-07
2.90715 1.4382 160 205 8.56318e-07
2.9079 1.4382 160 205 8.67122e-07
2.90865 1.4382 160 205 8.78579e-07
2.9094 1.4382 160 205 8.9071e-07
2.91015 1.4382 160 205 9.03541e-07
2.9109 1.4382 160 205 9.17097e-07
2.91165 1.4382 160 205 9.31406e-07
2.9124 1.4382 160 205 9.46501e-07
2.91315 1.4382 160 205 9.62417e-07
2.9139 1.4382 160 205 9.79189e-07
2.91465 1.4382 160 205 9.96852e-07
2.9154 1.4382 160 205 1.01546e-06
2.91615 1.4382 160 205 1.03505e-06
2.9169 1.4382 160 205 1.05566e-06
2.91765 1.4382 160 205 1.07736e-06
2.9184 1.4382 160 205 1.1002e-06
2.91915 1.4382 160 205 1.12425e-06
2.9199 1.4382 160 205 1.14956e-06
2.92065 1.4382 160 205 1.17621e-06
2.9214 1.4382 160 205 1.20428e-06
2.92215 1.4382 160 205 1.23385e-06
2.9229 1.4382 160 205 1.265e-06
2.92365 1.4382 160 205 1.29782e-06
2.9244 1.4382 160 205 1.33242e-06
2.92515 1.4382 160 205 1.3689e-06
2.9259 1.4382 160 205 1.40737e-06
2.92665 1.4382 160 205 1.44796e-06
2.9274 1.4382 160 205 1.49078e-06
2.92815 1.4382 160 205 1.53597e-06
2.9289 1.4382 160 205 1.58368e-06
2.92965 1.4382 160 205 1.63404e-06
2.93041 1.4382 160 205 1.68721e-06
2.93116 1.4382 160 205 1.74335e-06
2.93191 1.4382 160 205 1.80262e-06
2.93266 1.4382 160 205 1.86518e-06
2.93341 1.4382 160 205 1.93119e-06
2.93416 1.4382 160 205 2.00082e-06
2.93491 1.4382 160 205 2.07422e-06
2.93566 1.4382 160 205 2.15154e-06
2.93641 1.4382 160 205 2.23291e-06
2.93716 1.4382 160 205 2.31845e-06
2.93791 1.4382 160 205 2.40827e-06
2.93866 1.4382 160 205 2.50244e-06
2.93941 1.4382 160 205 2.60102e-06
2.94016 1.4382 160 205 2.70407e-06
2.94091 1.4382 160 205 2.81159e-06
2.94166 1.4382 160 205 2.9236e-06
2.94241 1.4382 160 205 3.0401e-06
2.94316 1.4382 160 205 3.16116e-06
2.94391 1.4382 160 205 3.28682e-06
2.94466 1.4382 160 205 3.4172e-06
2.94541 1.4382 160 205 3.55243e-06
2.94616 1.4382 160 205 3.69275e-06
2.94691 1.4382 160 205 3.83751e-06
2.94766 1.4382 160 205 3.98883e-06
2.94841 1.4382 160 205 4.1462e-06
2.94916 1.4382 160 205 4.30993e-06
2.94991 1.4382 160 205 4.48027e-06
2.95066 1.4382 160 205 4.65738e-06
2.95141 1.4382 160 205 4.8412e-06
2.95216 1.4382 160 205 5.03144e-06
2.95291 1.4382 160 205 5.22751e-06
2.95366 1.4382 160 205 5.42841e-06
2.95441 1.4382 160 205 5.63275e-06
2.95516 1.4382 160 205 5.83866e-06
2.95591 1.4382 160 205 6.04379e-06
2.95666 1.4382 160 205 6.24529e-06
2.95741 1.4382 160 205 6.43992e-06
2.95816 1.4382 160 205 6.62406e-06
2.95891 1.4382 160 205 6.79383e-06
2.95966 1.4382 160 205 6.94527e-06
2.96041 1.4382 160 205 7.07456e-06
2.96116 1.4382 160 205 7.17822e-06
2.96191 1.4382 160 205 7.25334e-06
2.96266 1.4382 160 205 7.29773e-06
2.96341 1.4382 160 205 7.3102e-06
2.96416 1.4382 160 205 7.29055e-06
2.96491 1.4382 160 205 7.23962e-06
2.96566 1.4382 160 205 7.15924e-06
2.96641 1.4382 160 205 7.05208e-06
2.96716 1.4382 160 205 6.92149e-06
2.96791 1.4382 160 205 6.77125e-06
2.96866 1.4382 160 205 6.60536e-06
2.96941 1.4382 160 205 6.42786e-06
2.97016 1.4382 160 205 6.24263e-06
2.97091 1.4382 160 205 6.05326e-06
2.97166 1.4382 160 205 5.86296e-06
2.97241 1.4382 160 205 5.67457e-06
2.97316 1.4382 160 205 5.49036e-06
2.97391 1.4382 160 205 5.31229e-06
2.97466 1.4382 160 205 5.1418e-06
2.97541 1.4382 160 205 4.98003e-06
2.97616 1.4382 160 205 4.82775e-06
2.97691 1.4382 160 205 4.68542e-06
2.97766 1.4382 160 205 4.55325e-06
2.97841 1.4382 160 205 4.43124e-06
2.97916 1.4382 160 205 4.31914e-06
2.97991 1.4382 160 205 4.21658e-06
2.98066 1.4382 160 205 4.123e-06
2.98141 1.4382 160 205 4.0377e-06
2.98216 1.4382 160 205 3.95996e-06
2.98291 1.4382 160 205 3.88864e-06
2.98366 1.4382 160 205 3.82282e-06
2.98441 1.4382 160 205 3.7614e-06
2.98516 1.4382 160 205 3.7032e-06
2.98591 1.4382 160 205 3.64706e-06
2.98666 1.4382 160 205 3.59187e-06
2.98741 1.4382 160 205 3.53643e-06
2.98816 1.4382 160 205 3.4798e-06
2.98891 1.4382 160 205 3.42115e-06
2.98966 1.4382 160 205 3.35983e-06
2.99042 1.4382 160 205 3.29536e-06
2.99117 1.4382 160 205 3.22754e-06
2.99192 1.4382 160 205 3.15636e-06
2.99267 1.4382 160 205 3.08203e-06
2.99342 1.4382 160 205 3.00492e-06
2.99417 1.4382 160 205 2.92555e-06
2.99492 1.4382 160 205 2.84451e-06
2.99567 1.4382 160 205 2.76247e-06
2.99642 1.4382 160 205 2.68008e-06
2.99717 1.4382 160 205 2.598e-06
2.99792 1.4382 160 205 2.51682e-06
2.99867 1.4382 160 205 2.43706e-06
2.99942 1.4382 160 205 2.35917e-06
3.00017 1.4382 160 205 2.28354e-06
3.00092 1.4382 160 205 2.21046e-06
3.00167 1.4382 160 205 2.14015e-06
3.00242 1.4382 160 205 2.07275e-06
3.00317 1.4382 160 205 2.00838e-06
3.00392 1.4382 160 205 1.94707e-06
3.00467 1.4382 160 205 1.88884e-06
3.00542 1.4382 160 205 1.83368e-06
3.00617 1.4382 160 205 1.7815e-06
3.00692 1.4382 160 205 1.73224e-06
3.00767 1.4382 160 205 1.68582e-06
3.00842 1.4382 160 205 1.64215e-06
3.00917 1.4382 160 205 1.60113e-06
3.00992 1.4382 160 205 1.56265e-06
3.01067 1.4382 160 205 1.52661e-06
3.01142 1.4382 160 205 1.49292e-06
3.01217 1.4382 160 205 1.46147e-06
3.01292 1.4382 160 205 1.43218e-06
3.01367 1.4382 160 205 1.40494e-06
3.01442 1.4382 160 205 1.37967e-06
3.01517 1.4382 160 205 1.3563e-06
3.01592 1.4382 160 205 1.33476e-06
3.01667 1.4382 160 205 1.31498e-06
3.01742 1.4382 160 205 1.29689e-06
3.01817 1.4382 160 205 1.28045e-06
3.01892 1.4382 160 205 1.2656e-06
3.01967 1.4382 160 205 1.25232e-06
3.02042 1.4382 160 205 1.24054e-06
3.02117 1.4382 160 205 1.23025e-06
3.02192 1.4382 160 205 1.2214e-06
3.02267 1.4382 160 205 1.21401e-06
3.02342 1.4382 160 205 1.20804e-06
3.02417 1.4382 160 205 1.20349e-06
3.02492 1.4382 160 205 1.20034e-06
3.02567 1.4382 160 205 1.19862e-06
3.02642 1.4382 160 205 1.19834e-06
3.02717 1.4382 160 205 1.19949e-06
3.02792 1.4382 160 205 1.20209e-06
3.02867 1.4382 160 205 1.20618e-06
3.02942 1.4382 160 205 1.21178e-06
3.03017 1.4382 160 205 1.21892e-06
3.03092 1.4382 160 205 1.22764e-06
3.03167 1.4382 160 205 1.23799e-06
3.03242 1.4382 160 205 1.25003e-06
3.03317 1.4382 160 205 1.26379e-06
3.03392 1.4382 160 205 1.27931e-06
3.03467 1.4382 160 205 1.29665e-06
3.03542 1.4382 160 205 1.31587e-06
3.03617 1.4382 160 205 1.33703e-06
3.03692 1.4382 160 205 1.36015e-06
3.03767 1.4382 160 205 1.3853e-06
3.03842 1.4382 160 205 1.41249e-06
3.03917 1.4382 160 205 1.44175e-06
3.03992 1.4382 160 205 1.47305e-06
3.04067 1.4382 160 205 1.50637e-06
3.04142 1.4382 160 205 1.54164e-06
3.04217 1.4382 160 205 1.57875e-06
3.04292 1.4382 160 205 1.61752e-06
3.04367 1.4382 160 205 1.65775e-06
3.04442 1.4382 160 205 1.69914e-06
3.04517 1.4382 160 205 1.74131e-06
3.04592 1.4382 160 205 1.7838e-06
3.04667 1.4382 160 205 1.82605e-06
3.04742 1.4382 160 205 1.86745e-06
3.04817 1.4382 160 205 1.90726e-06
3.04892 1.4382 160 205 1.94469e-06
3.04967 1.4382 160 205 1.97884e-06
3.05043 1.4382 160 205 2.00885e-06
3.05118 1.4382 160 205 2.03382e-06
3.05193 1.4382 160 205 2.05296e-06
3.05268 1.4382 160 205 2.0655e-06
3.05343 1.4382 160 205 2.07085e-06
3.05418 1.4382 160 205 2.06859e-06
3.05493 1.4382 160 205 2.05846e-06
3.05568 1.4382 160 205 2.04048e-06
3.05643 1.4382 160 205 2.01484e-06
3.05718 1.4382 160 205 1.98191e-06
3.05793 1.4382 160 205 1.94226e-06
3.05868 1.4382 160 205 1.89658e-06
3.05943 1.4382 160 205 1.84566e-06
3.06018 1.4382 160 205 1.79034e-06
3.06093 1.4382 160 205 1.73151e-06
3.06168 1.4382 160 205 1.66999e-06
3.06243 1.4382 160 205 1.60662e-06
3.06318 1.4382 160 205 1.54237e-06
3.06393 1.4382 160 205 1.47798e-06
3.06468 1.4382 160 205 1.41425e-06
3.06543 1.4382 160 205 1.35198e-06
3.06618 1.4382 160 205 1.292e-06
3.06693 1.4382 160 205 1.23509e-06
3.06768 1.4382 160 205 1.1822e-06
3.06843 1.4382 160 205 1.13416e-06
3.06918 1.4382 160 205 1.09195e-06
3.06993 1.4382 160 205 1.05645e-06
3.07068 1.4382 160 205 1.02852e-06
3.07143 1.4382 160 205 1.00894e-06
3.07218 1.4382 160 205 9.98337e-07
3.07293 1.4382 160 205 9.97109e-07
3.07368 1.4382 160 205 1.0054e-06
3.07443 1.4382 160 205 1.02303e-06
3.07518 1.4382 160 205 1.04906e-06
3.07593 1.4382 160 205 1.08357e-06
3.07668 1.4382 160 205 1.12506e-06
3.07743 1.4382 160 205 1.17225e-06
3.07818 1.4382 160 205 1.22374e-06
3.07893 1.4382 160 205 1.27812e-06
3.07968 1.4382 160 205 1.33408e-06
3.08043 1.4382 160 205 1.39042e-06
3.08118 1.4382 160 205 1.44618e-06
3.08193 1.4382 160 205 1.50064e-06
3.08268 1.4382 160 205 1.5533e-06
3.08343 1.4382 160 205 1.6039e-06
3.08418 1.4382 160 205 1.65238e-06
3.08493 1.4382 160 205 1.69883e-06
3.08568 1.4382 160 205 1.74346e-06
3.08643 1.4382 160 205 1.78658e-06
3.08718 1.4382 160 205 1.82848e-06
3.08793 1.4382 160 205 1.86947e-06
3.08868 1.4382 160 205 1.90987e-06
3.08943 1.4382 160 205 1.94992e-06
3.09018 1.4382 160 205 1.98983e-06
3.09093 1.4382 160 205 2.02975e-06
3.09168 1.4382 160 205 2.06974e-06
3.09243 1.4382 160 205 2.10983e-06
3.09318 1.4382 160 205 2.15002e-06
3.09393 1.4382 160 205 2.19024e-06
3.09468 1.4382 160 205 2.23044e-06
3.09543 1.4382 160 205 2.27052e-06
3.09618 1.4382 160 205 2.31049e-06
3.09693 1.4382 160 205 2.35028e-06
3.09768 1.4382 160 205 2.38999e-06
3.09843 1.4382 160 205 2.42976e-06
3.09918 1.4382 160 205 2.46982e-06
3.09993 1.4382 160 205 2.51045e-06
3.10068 1.4382 160 205 2.55205e-06
3.10143 1.4382 160 205 2.59506e-06
3.10218 1.4382 160 205 2.64e-06
3.10293 1.4382 160 205 2.68739e-06
3.10368 1.4382 160 205 2.73779e-06
3.10443 1.4382 160 205 2.79173e-06
3.10518 1.4382 160 205 2.84974e-06
3.10593 1.4382 160 205 2.91224e-06
3.10668 1.4382 160 205 2.97963e-06
3.10743 1.4382 160 205 3.0522e-06
3.10818 1.4382 160 205 3.13012e-06
3.10893 1.4382 160 205 3.21344e-06
3.10968 1.4382 160 205 3.30203e-06
3.11044 1.4382 160 205 3.39563e-06
3.11119 1.4382 160 205 3.49372e-06
3.11194 1.4382 160 205 3.59561e-06
3.11269 1.4382 160 205 3.70029e-06
3.11344 1.4382 160 205 3.80653e-06
3.11419 1.4382 160 205 3.91282e-06
3.11494 1.4382 160 205 4.01739e-06
3.11569 1.4382 160 205 4.1182e-06
3.11644 1.4382 160 205 4.21303e-06
3.11719 1.4382 160 205 4.29951e-06
3.11794 1.4382 160 205 4.37525e-06
3.11869 1.4382 160 205 4.43792e-06
3.11944 1.4382 160 205 4.48541e-06
3.12019 1.4382 160 205 4.51593e-06
3.12094 1.4382 160 205 4.52816e-06
3.12169 1.4382 160 205 4.52134e-06
3.12244 1.4382 160 205 4.49527e-06
3.12319 1.4382 160 205 4.4504e-06
3.12394 1.4382 160 205 4.38779e-06
3.12469 1.4382 160 205 4.30897e-06
3.12544 1.4382 160 205 4.2158e-06
3.12619 1.4382 160 205 4.11052e-06
3.12694 1.4382 160 205 3.99544e-06
3.12769 1.4382 160 205 3.87293e-06
3.12844 1.4382 160 205 3.74522e-06
3.12919 1.4382 160 205 3.61442e-06
3.12994 1.4382 160 205 3.48238e-06
3.13069 1.4382 160 205 3.36146e-06
3.13144 1.4382 160 205 3.23083e-06
3.13219 1.4382 160 205 3.10309e-06
3.13294 1.4382 160 205 2.97902e-06
3.13369 1.4382 160 205 2.85933e-06
3.13444 1.4382 160 205 2.7445e-06
3.13519 1.4382 160 205 2.63483e-06
3.13594 1.4382 160 205 2.53048e-06
3.13669 1.4382 160 205 2.43152e-06
3.13744 1.4382 160 205 2.33793e-06
3.13819 1.4382 160 205 2.24962e-06
3.13894 1.4382 160 205 2.16646e-06
3.13969 1.4382 160 205 2.08826e-06
3.14044 1.4382 160 205 2.01484e-06
3.14119 1.4382 160 205 1.94598e-06
3.14194 1.4382 160 205 1.88147e-06
3.14269 1.4382 160 205 1.82108e-06
3.14344 1.4382 160 205 1.76458e-06
3.14419 1.4382 160 205 1.71177e-06
3.14494 1.4382 160 205 1.66243e-06
3.14569 1.4382 160 205 1.61638e-06
3.14644 1.4382 160 205 1.57341e-06
3.14719 1.4382 160 205 1.53336e-06
3.14794 1.4382 160 205 1.49605e-06
3.14869 1.4382 160 205 1.46134e-06
3.14944 1.4382 160 205 1.42906e-06
3.15019 1.4382 160 205 1.3991e-06
3.15094 1.4382 160 205 1.37132e-06
3.15169 1.4382 160 205 1.34562e-06
3.15244 1.4382 160 205 1.32189e-06
3.15319 1.4382 160 205 1.30004e-06
3.15394 1.4382 160 205 1.27998e-06
3.15469 1.4382 160 205 1.26163e-06
3.15544 1.4382 160 205 1.24491e-06
3.15619 1.4382 160 205 1.22975e-06
3.15694 1.4382 160 205 1.2161e-06
3.15769 1.4382 160 205 1.20387e-06
3.15844 1.4382 160 205 1.19301e-06
3.15919 1.4382 160 205 1.18344e-06
3.15994 1.4382 160 205 1.17508e-06
3.16069 1.4382 160 205 1.16786e-06
3.16144 1.4382 160 205 1.1617e-06
3.16219 1.4382 160 205 1.15649e-06
3.16294 1.4382 160 205 1.15215e-06
3.16369 1.4382 160 205 1.14862e-06
3.16444 1.4382 160 205 1.14578e-06
3.16519 1.4382 160 205 1.14357e-06
3.16594 1.4382 160 205 1.14193e-06
3.16669 1.4382 160 205 1.1408e-06
3.16744 1.4382 160 205 1.14016e-06
3.16819 1.4382 160 205 1.14002e-06
3.16894 1.4382 160 205 1.14041e-06
3.16969 1.4382 160 205 1.14136e-06
3.17045 1.4382 160 205 1.14296e-06
3.1712 1.4382 160 205 1.14529e-06
3.17195 1.4382 160 205 1.14845e-06
3.1727 1.4382 160 205 1.15253e-06
3.17345 1.4382 160 205 1.15761e-06
3.1742 1.4382 160 205 1.16376e-06
3.17495 1.4382 160 205 1.171e-06
3.1757 1.4382 160 205 1.17933e-06
3.17645 1.4382 160 205 1.18872e-06
3.1772 1.4382 160 205 1.1991e-06
3.17795 1.4382 160 205 1.2104e-06
3.1787 1.4382 160 205 1.22251e-06
3.17945 1.4382 160 205 1.23531e-06
3.1802 1.4382 160 205 1.24873e-06
3.18095 1.4382 160 205 1.26265e-06
3.1817 1.4382 160 205 1.27704e-06
3.18245 1.4382 160 205 1.29187e-06
3.1832 1.4382 160 205 1.30712e-06
3.18395 1.4382 160 205 1.32282e-06
3.1847 1.4382 160 205 1.33903e-06
3.18545 1.4382 160 205 1.35581e-06
3.1862 1.4382 160 205 1.37324e-06
3.18695 1.4382 160 205 1.39143e-06
3.1877 1.4382 160 205 1.41047e-06
3.18845 1.4382 160 205 1.43047e-06
3.1892 1.4382 160 205 1.45155e-06
3.18995 1.4382 160 205 1.4738e-06
3.1907 1.4382 160 205 1.49734e-06
3.19145 1.4382 160 205 1.52227e-06
3.1922 1.4382 160 205 1.5487e-06
3.19295 1.4382 160 205 1.57675e-06
3.1937 1.4382 160 205 1.6065e-06
3.19445 1.4382 160 205 1.63807e-06
3.1952 1.4382 160 205 1.67158e-06
3.19595 1.4382 160 205 1.70712e-06
3.1967 1.4382 160 205 1.7448e-06
3.19745 1.4382 160 205 1.78478e-06
3.1982 1.4382 160 205 1.82716e-06
3.19895 1.4382 160 205 1.87208e-06
3.1997 1.4382 160 205 1.91967e-06
3.20045 1.4382 160 205 1.9701e-06
3.2012 1.4382 160 205 2.02352e-06
3.20195 1.4382 160 205 2.08011e-06
3.2027 1.4382 160 205 2.14005e-06
3.20345 1.4382 160 205 2.20352e-06
3.2042 1.4382 160 205 2.27076e-06
3.20495 1.4382 160 205 2.34197e-06
3.2057 1.4382 160 205 2.4174e-06
3.20645 1.4382 160 205 2.4973e-06
3.2072 1.4382 160 205 2.58195e-06
3.20795 1.4382 160 205 2.67164e-06
3.2087 1.4382 160 205 2.76666e-06
3.20945 1.4382 160 205 2.86736e-06
3.2102 1.4382 160 205 2.97406e-06
3.21095 1.4382 160 205 3.08714e-06
3.2117 1.4382 160 205 3.20696e-06
3.21245 1.4382 160 205 3.33391e-06
3.2132 1.4382 160 205 3.46838e-06
3.21395 1.4382 160 205 3.61085e-06
3.2147 1.4382 160 205 3.76169e-06
3.21545 1.4382 160 205 3.92133e-06
3.2162 1.4382 160 205 4.09017e-06
3.21695 1.4382 160 205 4.2686e-06
3.2177 1.4382 160 205 4.45697e-06
3.21845 1.4382 160 205 4.65558e-06
3.2192 1.4382 160 205 4.86467e-06
3.21995 1.4382 160 205 5.08438e-06
3.2207 1.4382 160 205 5.31473e-06
3.22145 1.4382 160 205 5.5556e-06
3.2222 1.4382 160 205 5.80665e-06
3.22295 1.4382 160 205 6.06732e-06
3.2237 1.4382 160 205 6.33678e-06
3.22445 1.4382 160 205 6.61387e-06
3.2252 1.4382 160 205 6.89704e-06
3.22595 1.4382 160 205 7.18434e-06
3.2267 1.4382 160 205 7.47336e-06
3.22745 1.4382 160 205 7.7612e-06
3.2282 1.4382 160 205 8.04456e-06
3.22895 1.4382 160 205 8.31959e-06
3.2297 1.4382 160 205 8.58211e-06
3.23046 1.4382 160 205 8.82765e-06
3.23121 1.4382 160 205 9.05158e-06
3.23196 1.4382 160 205 9.24929e-06
3.23271 1.4382 160 205 9.4164e-06
3.23346 1.4382 160 205 9.54899e-06
3.23421 1.4382 160 205 9.64379e-06
3.23496 1.4382 160 205 9.69846e-06
3.23571 1.4382 160 205 9.71151e-06
3.23646 1.4382 160 205 9.68297e-06
3.23721 1.4382 160 205 9.61319e-06
3.23796 1.4382 160 205 9.50429e-06
3.23871 1.4382 160 205 9.35913e-06
3.23946 1.4382 160 205 9.18132e-06
3.24021 1.4382 160 205 8.97502e-06
3.24096 1.4382 160 205 8.74479e-06
3.24171 1.4382 160 205 8.49518e-06
3.24246 1.4382 160 205 8.23075e-06
3.24321 1.4382 160 205 7.95585e-06
3.24396 1.4382 160 205 7.67444e-06
3.24471 1.4382 160 205 7.3901e-06
3.24546 1.4382 160 205 7.10589e-06
3.24621 1.4382 160 205 6.82443e-06
3.24696 1.4382 160 205 6.54785e-06
3.24771 1.4382 160 205 6.27785e-06
3.24846 1.4382 160 205 6.01573e-06
3.24921 1.4382 160 205 5.76245e-06
3.24996 1.4382 160 205 5.51865e-06
3.25071 1.4382 160 205 5.28473e-06
3.25146 1.4382 160 205 5.0609e-06
3.25221 1.4382 160 205 4.84717e-06
3.25296 1.4382 160 205 4.64345e-06
3.25371 1.4382 160 205 4.44962e-06
3.25446 1.4382 160 205 4.26528e-06
3.25521 1.4382 160 205 4.0902e-06
3.25596 1.4382 160 205 3.92406e-06
3.25671 1.4382 160 205 3.76647e-06
3.25746 1.4382 160 205 3.61708e-06
3.25821 1.4382 160 205 3.47552e-06
3.25896 1.4382 160 205 3.34143e-06
3.25971 1.4382 160 205 3.21448e-06
3.26046 1.4382 160 205 3.09428e-06
3.26121 1.4382 160 205 2.98051e-06
3.26196 1.4382 160 205 2.87287e-06
3.26271 1.4382 160 205 2.77099e-06
3.26346 1.4382 160 205 2.67461e-06
3.26421 1.4382 160 205 2.58342e-06
3.26496 1.4382 160 205 2.49717e-06
3.26571 1.4382 160 205 2.41558e-06
3.26646 1.4382 160 205 2.33841e-06
3.26721 1.4382 160 205 2.26544e-06
3.26796 1.4382 160 205 2.19641e-06
3.26871 1.4382 160 205 2.13112e-06
3.26946 1.4382 160 205 2.06937e-06
3.27021 1.4382 160 205 2.01098e-06
3.27096 1.4382 160 205 1.95578e-06
3.27171 1.4382 160 205 1.90359e-06
3.27246 1.4382 160 205 1.85427e-06
3.27321 1.4382 160 205 1.80766e-06
3.27396 1.4382 160 205 1.76364e-06
3.27471 1.4382 160 205 1.72207e-06
3.27546 1.4382 160 205 1.68284e-06
3.27621 1.4382 160 205 1.64584e-06
3.27696 1.4382 160 205 1.61097e-06
3.27771 1.4382 160 205 1.57813e-06
3.27846 1.4382 160 205 1.54723e-06
3.27921 1.4382 160 205 1.51817e-06
3.27996 1.4382 160 205 1.49089e-06
3.28071 1.4382 160 205 1.46533e-06
3.28146 1.4382 160 205 1.44137e-06
3.28221 1.4382 160 205 1.41897e-06
3.28296 1.4382 160 205 1.39804e-06
3.28371 1.4382 160 205 1.37853e-06
3.28446 1.4382 160 205 1.36035e-06
3.28521 1.4382 160 205 1.34345e-06
3.28596 1.4382 160 205 1.32774e-06
3.28671 1.4382 160 205 1.31316e-06
3.28746 1.4382 160 205 1.2996e-06
3.28821 1.4382 160 205 1.28698e-06
3.28896 1.4382 160 205 1.27521e-06
3.28971 1.4382 160 205 1.2642e-06
3.29047 1.4382 160 205 1.25383e-06
3.29122 1.4382 160 205 1.24398e-06
3.29197 1.4382 160 205 1.23457e-06
3.29272 1.4382 160 205 1.22546e-06
3.29347 1.4382 160 205 1.21653e-06
3.29422 1.4382 160 205 1.20768e-06
3.29497 1.4382 160 205 1.19881e-06
3.29572 1.4382 160 205 1.18981e-06
3.29647 1.4382 160 205 1.1806e-06
3.29722 1.4382 160 205 1.17114e-06
3.29797 1.4382 160 205 1.16136e-06
3.29872 1.4382 160 205 1.15125e-06
3.29947 1.4382 160 205 1.14081e-06
3.30022 1.4382 160 205 1.13005e-06
3.30097 1.4382 160 205 1.11901e-06
3.30172 1.4382 160 205 1.10774e-06
3.30247 1.4382 160 205 1.09629e-06
3.30322 1.4382 160 205 1.08475e-06
3.30397 1.4382 160 205 1.07319e-06
3.30472 1.4382 160 205 1.06166e-06
3.30547 1.4382 160 205 1.05025e-06
3.30622 1.4382 160 205 1.03902e-06
3.30697 1.4382 160 205 1.02803e-06
3.30772 1.4382 160 205 1.01733e-06
3.30847 1.4382 160 205 1.00698e-06
3.30922 1.4382 160 205 9.96991e-07
3.30997 1.4382 160 205 9.87424e-07
3.31072 1.4382 160 205 9.78249e-07
3.31147 1.4382 160 205 9.69514e-07
3.31222 1.4382 160 205 9.61217e-07
3.31297 1.4382 160 205 9.53358e-07
3.31372 1.4382 160 205 9.45934e-07
3.31447 1.4382 160 205 9.38938e-07
3.31522 1.4382 160 205 9.32358e-07
3.31597 1.4382 160 205 9.26181e-07
3.31672 1.4382 160 205 9.20393e-07
3.31747 1.4382 160 205 9.1498e-07
3.31822 1.4382 160 205 9.0992e-07
3.31897 1.4382 160 205 9.05199e-07
3.31972 1.4382 160 205 9.00804e-07
3.32047 1.4382 160 205 8.96723e-07
3.32122 1.4382 160 205 8.92926e-07
3.32197 1.4382 160 205 8.89452e-07
3.32272 1.4382 160 205 8.86282e-07
3.32347 1.4382 160 205 8.83427e-07
3.32422 1.4382 160 205 8.80912e-07
3.32497 1.4382 160 205 8.7877e-07
3.32572 1.4382 160 205 8.77054e-07
3.32647 1.4382 160 205 8.75814e-07
3.32722 1.4382 160 205 8.75193e-07
3.32797 1.4382 160 205 8.75294e-07
3.32872 1.4382 160 205 8.76269e-07
3.32947 1.4382 160 205 8.7833e-07
3.33022 1.4382 160 205 8.81714e-07
3.33097 1.4382 160 205 8.86712e-07
3.33172 1.4382 160 205 8.93667e-07
3.33247 1.4382 160 205 9.02977e-07
3.33322 1.4382 160 205 9.15093e-07
3.33397 1.4382 160 205 9.30506e-07
3.33472 1.4382 160 205 9.49778e-07
3.33547 1.4382 160 205 9.73469e-07
3.33622 1.4382 160 205 1.00216e-06
3.33697 1.4382 160 205 1.03642e-06
3.33772 1.4382 160 205 1.07677e-06
3.33847 1.4382 160 205 1.12367e-06
3.33922 1.4382 160 205 1.17745e-06
3.33997 1.4382 160 205 1.22825e-06
3.34072 1.4382 160 205 1.29699e-06
3.34147 1.4382 160 205 1.37287e-06
3.34222 1.4382 160 205 1.45547e-06
3.34297 1.4382 160 205 1.54419e-06
3.34372 1.4382 160 205 1.63841e-06
3.34447 1.4382 160 205 1.73724e-06
3.34522 1.4382 160 205 1.83974e-06
3.34597 1.4382 160 205 1.94494e-06
3.34672 1.4382 160 205 2.05187e-06
3.34747 1.4382 160 205 2.1596e-06
3.34822 1.4382 160 205 2.26728e-06
3.34897 1.4382 160 205 2.37416e-06
3.34972 1.4382 160 205 2.47958e-06
3.35048 1.4382 160 205 2.58263e-06
3.35123 1.4382 160 205 2.68352e-06
3.35198 1.4382 160 205 2.78148e-06
3.35273 1.4382 160 205 2.87613e-06
3.35348 1.4382 160 205 2.96716e-06
3.35423 1.4382 160 205 3.05425e-06
3.35498 1.4382 160 205 3.13715e-06
3.35573 1.4382 160 205 3.21561e-06
3.35648 1.4382 160 205 3.28941e-06
3.35723 1.4382 160 205 3.3584e-06
3.35798 1.4382 160 205 3.4225e-06
3.35873 1.4382 160 205 3.48168e-06
3.35948 1.4382 160 205 3.53601e-06
3.36023 1.4382 160 205 3.58564e-06
3.36098 1.4382 160 205 3.6308e-06
3.36173 1.4382 160 205 3.67177e-06
3.36248 1.4382 160 205 3.70886e-06
3.36323 1.4382 160 205 3.74243e-06
3.36398 1.4382 160 205 3.77277e-06
3.36473 1.4382 160 205 3.80015e-06
3.36548 1.4382 160 205 3.82474e-06
3.36623 1.4382 160 205 3.84661e-06
3.36698 1.4382 160 205 3.86571e-06
3.36773 1.4382 160 205 3.88181e-06
3.36848 1.4382 160 205 3.8946e-06
3.36923 1.4382 160 205 3.9036e-06
3.36998 1.4382 160 205 3.90823e-06
3.37073 1.4382 160 205 3.90786e-06
3.37148 1.4382 160 205 3.90178e-06
3.37223 1.4382 160 205 3.88933e-06
3.37298 1.4382 160 205 3.86989e-06
3.37373 1.4382 160 205 3.84295e-06
3.37448 1.4382 160 205 3.80814e-06
3.37523 1.4382 160 205 3.76528e-06
3.37598 1.4382 160 205 3.71438e-06
3.37673 1.4382 160 205 3.65567e-06
3.37748 1.4382 160 205 3.58956e-06
3.37823 1.4382 160 205 3.51665e-06
3.37898 1.4382 160 205 3.43769e-06
3.37973 1.4382 160 205 3.35355e-06
3.38048 1.4382 160 205 3.26513e-06
3.38123 1.4382 160 205 3.17342e-06
3.38198 1.4382 160 205 3.07936e-06
3.38273 1.4382 160 205 2.98388e-06
3.38348 1.4382 160 205 2.88781e-06
3.38423 1.4382 160 205 2.79193e-06
3.38498 1.4382 160 205 2.69697e-06
3.38573 1.4382 160 205 2.60344e-06
3.38648 1.4382 160 205 2.51186e-06
3.38723 1.4382 160 205 2.42266e-06
3.38798 1.4382 160 205 2.33613e-06
3.38873 1.4382 160 205 2.2525e-06
3.38948 1.4382 160 205 2.17196e-06
3.39023 1.4382 160 205 2.0946e-06
3.39098 1.4382 160 205 2.0205e-06
3.39173 1.4382 160 205 1.94963e-06
3.39248 1.4382 160 205 1.88199e-06
3.39323 1.4382 160 205 1.81754e-06
3.39398 1.4382 160 205 1.7562e-06
3.39473 1.4382 160 205 1.69789e-06
3.39548 1.4382 160 205 1.64251e-06
3.39623 1.4382 160 205 1.58996e-06
3.39698 1.4382 160 205 1.54012e-06
3.39773 1.4382 160 205 1.49288e-06
3.39848 1.4382 160 205 1.44812e-06
3.39923 1.4382 160 205 1.40574e-06
3.39998 1.4382 160 205 1.36562e-06
3.40073 1.4382 160 205 1.32765e-06
3.40148 1.4382 160 205 1.29173e-06
3.40223 1.4382 160 205 1.25776e-06
3.40298 1.4382 160 205 1.22564e-06
3.40373 1.4382 160 205 1.19528e-06
3.40448 1.4382 160 205 1.1666e-06
3.40523 1.4382 160 205 1.13951e-06
3.40598 1.4382 160 205 1.11394e-06
3.40673 1.4382 160 205 1.08981e-06
3.40748 1.4382 160 205 1.06707e-06
3.40823 1.4382 160 205 1.04563e-06
3.40898 1.4382 160 205 1.02546e-06
3.40973 1.4382 160 205 1.00649e-06
3.41049 1.4382 160 205 9.88669e-07
3.41124 1.4382 160 205 9.71956e-07
3.41199 1.4382 160 205 9.56305e-07
3.41274 1.4382 160 205 9.41678e-07
3.41349 1.4382 160 205 9.28037e-07
3.41424 1.4382 160 205 9.15352e-07
3.41499 1.4382 160 205 9.03585e-07
3.41574 1.4382 160 205 8.9271e-07
3.41649 1.4382 160 205 8.82702e-07
3.41724 1.4382 160 205 8.73539e-07
3.41799 1.4382 160 205 8.65195e-07
3.41874 1.4382 160 205 8.57649e-07
3.41949 1.4382 160 205 8.50881e-07
3.42024 1.4382 160 205 8.44873e-07
3.42099 1.4382 160 205 8.39605e-07
3.42174 1.4382 160 205 8.35056e-07
3.42249 1.4382 160 205 8.31208e-07
3.42324 1.4382 160 205 8.28037e-07
3.42399 1.4382 160 205 8.2552e-07
3.42474 1.4382 160 205 8.23628e-07
3.42549 1.4382 160 205 8.22332e-07
3.42624 1.4382 160 205 8.21592e-07
3.42699 1.4382 160 205 8.21369e-07
3.42774 1.4382 160 205 8.21609e-07
3.42849 1.4382 160 205 8.22254e-07
3.42924 1.4382 160 205 8.23233e-07
3.42999 1.4382 160 205 8.24464e-07
3.43074 1.4382 160 205 8.25848e-07
3.43149 1.4382 160 205 8.27284e-07
3.43224 1.4382 160 205 8.28639e-07
3.43299 1.4382 160 205 8.29779e-07
3.43374 1.4382 160 205 8.30528e-07
3.43449 1.4382 160 205 8.30748e-07
3.43524 1.4382 160 205 8.30236e-07
3.43599 1.4382 160 205 8.28814e-07
3.43674 1.4382 160 205 8.26282e-07
3.43749 1.4382 160 205 8.22448e-07
3.43824 1.4382 160 205 8.17131e-07
3.43899 1.4382 160 205 8.10162e-07
3.43974 1.4382 160 205 8.01399e-07
3.44049 1.4382 160 205 7.90729e-07
3.44124 1.4382 160 205 7.78078e-07
3.44199 1.4382 160 205 7.63413e-07
3.44274 1.4382 160 205 7.46746e-07
3.44349 1.4382 160 205 7.28138e-07
3.44424 1.4382 160 205 7.07696e-07
3.44499 1.4382 160 205 6.85574e-07
3.44574 1.4382 160 205 6.61967e-07
3.44649 1.4382 160 205 6.37113e-07
3.44724 1.4382 160 205 6.11289e-07
3.44799 1.4382 160 205 5.84803e-07
3.44874 1.4382 160 205 5.57999e-07
3.44949 1.4382 160 205 5.31178e-07
3.45024 1.4382 160 205 5.04891e-07
3.45099 1.4382 160 205 4.79503e-07
3.45174 1.4382 160 205 4.55474e-07
3.45249 1.4382 160 205 4.33286e-07
3.45324 1.4382 160 205 4.13433e-07
3.45399 1.4382 160 205 3.96403e-07
3.45474 1.4382 160 205 3.82643e-07
3.45549 1.4382 160 205 3.72705e-07
3.45624 1.4382 160 205 3.66932e-07
3.45699 1.4382 160 205 3.65641e-07
3.45774 1.4382 160 205 3.69045e-07
3.45849 1.4382 160 205 3.7723e-07
3.45924 1.4382 160 205 3.90136e-07
3.45999 1.4382 160 205 4.07549e-07
3.46074 1.4382 160 205 4.291e-07
3.46149 1.4382 160 205 4.54278e-07
3.46224 1.4382 160 205 4.82453e-07
3.46299 1.4382 160 205 5.12905e-07
3.46374 1.4382 160 205 5.44866e-07
3.46449 1.4382 160 205 5.77561e-07
3.46524 1.4382 160 205 6.10247e-07
3.46599 1.4382 160 205 6.42255e-07
3.46674 1.4382 160 205 6.72992e-07
3.46749 1.4382 160 205 7.01995e-07
3.46824 1.4382 160 205 7.28918e-07
3.46899 1.4382 160 205 7.53534e-07
3.46974 1.4382 160 205 7.75736e-07
3.4705 1.4382 160 205 7.95496e-07
3.47125 1.4382 160 205 8.12881e-07
3.472 1.4382 160 205 8.28041e-07
3.47275 1.4382 160 205 8.41149e-07
3.4735 1.4382 160 205 8.52552e-07
3.47425 1.4382 160 205 8.62205e-07
3.475 1.4382 160 205 8.70489e-07
3.47575 1.4382 160 205 8.77638e-07
3.4765 1.4382 160 205 8.83881e-07
3.47725 1.4382 160 205 8.89431e-07
3.478 1.4382 160 205 8.94486e-07
3.47875 1.4382 160 205 8.99227e-07
3.4795 1.4382 160 205 9.03866e-07
3.48025 1.4382 160 205 9.08456e-07
3.481 1.4382 160 205 9.13164e-07
3.48175 1.4382 160 205 9.18111e-07
3.4825 1.4382 160 205 9.23398e-07
3.48325 1.4382 160 205 9.29114e-07
3.484 1.4382 160 205 9.35347e-07
3.48475 1.4382 160 205 9.42148e-07
3.4855 1.4382 160 205 9.49594e-07
3.48625 1.4382 160 205 9.57739e-07
3.487 1.4382 160 205 9.66636e-07
3.48775 1.4382 160 205 9.76334e-07
3.4885 1.4382 160 205 9.86894e-07
3.48925 1.4382 160 205 9.98328e-07
3.49 1.4382 160 205 1.0107e-06
3.49075 1.4382 160 205 1.02404e-06
3.4915 1.4382 160 205 1.0384e-06
3.49225 1.4382 160 205 1.05383e-06
3.493 1.4382 160 205 1.07037e-06
3.49375 1.4382 160 205 1.08806e-06
3.4945 1.4382 160 205 1.10696e-06
3.49525 1.4382 160 205 1.12712e-06
3.496 1.4382 160 205 1.14858e-06
3.49675 1.4382 160 205 1.17142e-06
3.4975 1.4382 160 205 1.19569e-06
3.49825 1.4382 160 205 1.22146e-06
3.499 1.4382 160 205 1.24879e-06
3.49975 1.4382 160 205 1.27776e-06
3.5005 1.4382 160 205 1.30844e-06
3.50125 1.4382 160 205 1.34093e-06
3.502 1.4382 160 205 1.3753e-06
3.50275 1.4382 160 205 1.41164e-06
3.5035 1.4382 160 205 1.45005e-06
3.50425 1.4382 160 205 1.49063e-06
3.505 1.4382 160 205 1.53348e-06
3.50575 1.4382 160 205 1.57871e-06
3.5065 1.4382 160 205 1.62642e-06
3.50725 1.4382 160 205 1.67673e-06
3.508 1.4382 160 205 1.72974e-06
3.50875 1.4382 160 205 1.78558e-06
3.5095 1.4382 160 205 1.84433e-06
3.51025 1.4382 160 205 1.90611e-06
3.511 1.4382 160 205 1.97101e-06
3.51175 1.4382 160 205 2.03911e-06
3.5125 1.4382 160 205 2.11049e-06
3.51325 1.4382 160 205 2.18518e-06
3.514 1.4382 160 205 2.26322e-06
3.51475 1.4382 160 205 2.34459e-06
3.5155 1.4382 160 205 2.42925e-06
3.51625 1.4382 160 205 2.51708e-06
3.517 1.4382 160 205 2.60797e-06
3.51775 1.4382 160 205 2.70169e-06
3.5185 1.4382 160 205 2.79794e-06
3.51925 1.4382 160 205 2.89637e-06
3.52 1.4382 160 205 2.9965e-06
3.52075 1.4382 160 205 3.09779e-06
3.5215 1.4382 160 205 3.19958e-06
3.52225 1.4382 160 205 3.3011e-06
3.523 1.4382 160 205 3.40151e-06
3.52375 1.4382 160 205 3.49987e-06
3.5245 1.4382 160 205 3.59515e-06
3.52525 1.4382 160 205 3.68631e-06
3.526 1.4382 160 205 3.77226e-06
3.52675 1.4382 160 205 3.85194e-06
3.5275 1.4382 160 205 3.92435e-06
3.52825 1.4382 160 205 3.98859e-06
3.529 1.4382 160 205 4.04388e-06
3.52975 1.4382 160 205 4.08964e-06
3.53051 1.4382 160 205 4.12551e-06
3.53126 1.4382 160 205 4.15131e-06
3.53201 1.4382 160 205 4.16714e-06
3.53276 1.4382 160 205 4.17336e-06
3.53351 1.4382 160 205 4.17041e-06
3.53426 1.4382 160 205 4.15905e-06
3.53501 1.4382 160 205 4.14012e-06
3.53576 1.4382 160 205 4.11459e-06
3.53651 1.4382 160 205 4.08346e-06
3.53726 1.4382 160 205 4.04775e-06
3.53801 1.4382 160 205 4.00843e-06
3.53876 1.4382 160 205 3.96642e-06
3.53951 1.4382 160 205 3.92252e-06
3.54026 1.4382 160 205 3.87743e-06
3.54101 1.4382 160 205 3.83169e-06
3.54176 1.4382 160 205 3.78571e-06
3.54251 1.4382 160 205 3.73975e-06
3.54326 1.4382 160 205 3.69397e-06
3.54401 1.4382 160 205 3.64836e-06
3.54476 1.4382 160 205 3.60285e-06
3.54551 1.4382 160 205 3.55729e-06
3.54626 1.4382 160 205 3.51143e-06
3.54701 1.4382 160 205 3.46505e-06
3.54776 1.4382 160 205 3.41789e-06
3.54851 1.4382 160 205 3.36974e-06
3.54926 1.4382 160 205 3.3204e-06
3.55001 1.4382 160 205 3.26977e-06
3.55076 1.4382 160 205 3.21778e-06
3.55151 1.4382 160 205 3.16446e-06
3.55226 1.4382 160 205 3.10995e-06
3.55301 1.4382 160 205 3.05435e-06
3.55376 1.4382 160 205 2.99792e-06
3.55451 1.4382 160 205 2.94098e-06
3.55526 1.4382 160 205 2.88383e-06
3.55601 1.4382 160 205 2.82684e-06
3.55676 1.4382 160 205 2.77037e-06
3.55751 1.4382 160 205 2.71477e-06
3.55826 1.4382 160 205 2.66038e-06
3.55901 1.4382 160 205 2.60752e-06
3.55976 1.4382 160 205 2.55649e-06
3.56051 1.4382 160 205 2.50748e-06
3.56126 1.4382 160 205 2.4607e-06
3.56201 1.4382 160 205 2.41631e-06
3.56276 1.4382 160 205 2.37441e-06
3.56351 1.4382 160 205 2.33502e-06
3.56426 1.4382 160 205 2.29816e-06
3.56501 1.4382 160 205 2.26376e-06
3.56576 1.4382 160 205 2.23173e-06
3.56651 1.4382 160 205 2.20191e-06
3.56726 1.4382 160 205 2.17412e-06
3.56801 1.4382 160 205 2.14812e-06
3.56876 1.4382 160 205 2.12365e-06
3.56951 1.4382 160 205 2.1004e-06
3.57026 1.4382 160 205 2.07805e-06
3.57101 1.4382 160 205 2.05627e-06
3.57176 1.4382 160 205 2.03471e-06
3.57251 1.4382 160 205 2.01302e-06
3.57326 1.4382 160 205 1.99086e-06
3.57401 1.4382 160 205 1.96794e-06
3.57476 1.4382 160 205 1.94398e-06
3.57551 1.4382 160 205 1.91875e-06
3.57626 1.4382 160 205 1.89208e-06
3.57701 1.4382 160 205 1.86384e-06
3.57776 1.4382 160 205 1.83399e-06
3.57851 1.4382 160 205 1.80362e-06
3.57926 1.4382 160 205 1.77056e-06
3.58001 1.4382 160 205 1.73607e-06
3.58076 1.4382 160 205 1.70028e-06
3.58151 1.4382 160 205 1.66339e-06
3.58226 1.4382 160 205 1.62561e-06
3.58301 1.4382 160 205 1.58717e-06
3.58376 1.4382 160 205 1.5483e-06
3.58451 1.4382 160 205 1.50924e-06
3.58526 1.4382 160 205 1.47019e-06
3.58601 1.4382 160 205 1.43135e-06
3.58676 1.4382 160 205 1.39292e-06
3.58751 1.4382 160 205 1.35503e-06
3.58826 1.4382 160 205 1.31784e-06
3.58901 1.4382 160 205 1.28145e-06
3.58976 1.4382 160 205 1.24594e-06
3.59052 1.4382 160 205 1.21138e-06
3.59127 1.4382 160 205 1.17783e-06
3.59202 1.4382 160 205 1.1453e-06
3.59277 1.4382 160 205 1.11381e-06
3.59352 1.4382 160 205 1.08336e-06
3.59427 1.4382 160 205 1.05393e-06
3.59502 1.4382 160 205 1.02552e-06
3.59577 1.4382 160 205 9.98093e-07
3.59652 1.4382 160 205 9.71629e-07
3.59727 1.4382 160 205 9.46094e-07
3.59802 1.4382 160 205 9.21446e-07
3.59877 1.4382 160 205 8.97662e-07
3.59952 1.4382 160 205 8.747e-07
3.60027 1.4382 160 205 8.52536e-07
3.60102 1.4382 160 205 8.31113e-07
3.60177 1.4382 160 205 8.10408e-07
3.60252 1.4382 160 205 7.90387e-07
3.60327 1.4382 160 205 7.71017e-07
3.60402 1.4382 160 205 7.52266e-07
3.60477 1.4382 160 205 7.34101e-07
3.60552 1.4382 160 205 7.16492e-07
3.60627 1.4382 160 205 6.99406e-07
3.60702 1.4382 160 205 6.82804e-07
3.60777 1.4382 160 205 6.66719e-07
3.60852 1.4382 160 205 6.51015e-07
3.60927 1.4382 160 205 6.35708e-07
3.61002 1.4382 160 205 6.20768e-07
3.61077 1.4382 160 205 6.06163e-07
3.61152 1.4382 160 205 5.91859e-07
3.61227 1.4382 160 205 5.77824e-07
3.61302 1.4382 160 205 5.64026e-07
3.61377 1.4382 160 205 5.50432e-07
3.61452 1.4382 160 205 5.37007e-07
3.61527 1.4382 160 205 5.23708e-07
3.61602 1.4382 160 205 5.10519e-07
3.61677 1.4382 160 205 4.97397e-07
3.61752 1.4382 160 205 4.84306e-07
3.61827 1.4382 160 205 4.7121e-07
3.61902 1.4382 160 205 4.58074e-07
3.61977 1.4382 160 205 4.44861e-07
3.62052 1.4382 160 205 4.31537e-07
3.62127 1.4382 160 205 4.18061e-07
3.62202 1.4382 160 205 4.04404e-07
3.62277 1.4382 160 205 3.90528e-07
3.62352 1.4382 160 205 3.76401e-07
3.62427 1.4382 160 205 3.61992e-07
3.62502 1.4382 160 205 3.47271e-07
3.62577 1.4382 160 205 3.32189e-07
3.62652 1.4382 160 205 3.16776e-07
3.62727 1.4382 160 205 3.00995e-07
3.62802 1.4382 160 205 2.84841e-07
3.62877 1.4382 160 205 2.68321e-07
3.62952 1.4382 160 205 2.51451e-07
3.63027 1.4382 160 205 2.34165e-07
3.63102 1.4382 160 205 2.16707e-07
3.63177 1.4382 160 205 1.99056e-07
3.63252 1.4382 160 205 1.81306e-07
3.63327 1.4382 160 205 1.63581e-07
3.63402 1.4382 160 205 1.46032e-07
3.63477 1.4382 160 205 1.28842e-07
3.63552 1.4382 160 205 1.12227e-07
3.63627 1.4382 160 205 9.63972e-08
3.63702 1.4382 160 205 8.17024e-08
3.63777 1.4382 160 205 6.8261e-08
3.63852 1.4382 160 205 5.66915e-08
3.63927 1.4382 160 205 4.71813e-08
3.64002 1.4382 160 205 4.00593e-08
3.64077 1.4382 160 205 3.56356e-08
3.64152 1.4382 160 205 3.41859e-08
3.64227 1.4382 160 205 3.59329e-08
3.64302 1.4382 160 205 4.10299e-08
3.64377 1.4382 160 205 4.95444e-08
3.64452 1.4382 160 205 6.14562e-08
3.64527 1.4382 160 205 7.66362e-08
3.64602 1.4382 160 205 9.48597e-08
3.64677 1.4382 160 205 1.15811e-07
3.64752 1.4382 160 205 1.39095e-07
3.64827 1.4382 160 205 1.64261e-07
3.64902 1.4382 160 205 1.90818e-07
3.64977 1.4382 160 205 2.18265e-07
3.65053 1.4382 160 205 2.46119e-07
3.65128 1.4382 160 205 2.73889e-07
3.65203 1.4382 160 205 3.01162e-07
3.65278 1.4382 160 205 3.27568e-07
3.65353 1.4382 160 205 3.52793e-07
3.65428 1.4382 160 205 3.76588e-07
3.65503 1.4382 160 205 3.98763e-07
3.65578 1.4382 160 205 4.19192e-07
3.65653 1.4382 160 205 4.37777e-07
3.65728 1.4382 160 205 4.54491e-07
3.65803 1.4382 160 205 4.6934e-07
3.65878 1.4382 160 205 4.82364e-07
3.65953 1.4382 160 205 4.93632e-07
3.66028 1.4382 160 205 5.03236e-07
3.66103 1.4382 160 205 5.11288e-07
3.66178 1.4382 160 205 5.17909e-07
3.66253 1.4382 160 205 5.23264e-07
3.66328 1.4382 160 205 5.27426e-07
3.66403 1.4382 160 205 5.30563e-07
3.66478 1.4382 160 205 5.32807e-07
3.66553 1.4382 160 205 5.34288e-07
3.66628 1.4382 160 205 5.35129e-07
3.66703 1.4382 160 205 5.35442e-07
3.66778 1.4382 160 205 5.35332e-07
3.66853 1.4382 160 205 5.34895e-07
3.66928 1.4382 160 205 5.34215e-07
3.67003 1.4382 160 205 5.33367e-07
3.67078 1.4382 160 205 5.3243e-07
3.67153 1.4382 160 205 5.3144e-07
3.67228 1.4382 160 205 5.30458e-07
3.67303 1.4382 160 205 5.29528e-07
3.67378 1.4382 160 205 5.28686e-07
3.67453 1.4382 160 205 5.27964e-07
3.67528 1.4382 160 205 5.27388e-07
3.67603 1.4382 160 205 5.26981e-07
3.67678 1.4382 160 205 5.26761e-07
3.67753 1.4382 160 205 5.26743e-07
3.67828 1.4382 160 205 5.26941e-07
3.67903 1.4382 160 205 5.27364e-07
3.67978 1.4382 160 205 5.28023e-07
3.68053 1.4382 160 205 5.28923e-07
3.68128 1.4382 160 205 5.30073e-07
3.68203 1.4382 160 205 5.31476e-07
3.68278 1.4382 160 205 5.33138e-07
3.68353 1.4382 160 205 5.35062e-07
3.68428 1.4382 160 205 5.37253e-07
3.68503 1.4382 160 205 5.39714e-07
3.68578 1.4382 160 205 5.42449e-07
3.68653 1.4382 160 205 5.4548e-07
3.68728 1.4382 160 205 5.48773e-07
3.68803 1.4382 160 205 5.52351e-07
3.68878 1.4382 160 205 5.56219e-07
3.68953 1.4382 160 205 5.60381e-07
3.69028 1.4382 160 205 5.64843e-07
3.69103 1.4382 160 205 5.6961e-07
3.69178 1.4382 160 205 5.74688e-07
3.69253 1.4382 160 205 5.80084e-07
3.69328 1.4382 160 205 5.85805e-07
3.69403 1.4382 160 205 5.91858e-07
3.69478 1.4382 160 205 5.98253e-07
3.69553 1.4382 160 205 6.04999e-07
3.69628 1.4382 160 205 6.12106e-07
3.69703 1.4382 160 205 6.19584e-07
3.69778 1.4382 160 205 6.27446e-07
3.69853 1.4382 160 205 6.35704e-07
3.69928 1.4382 160 205 6.44371e-07
3.70003 1.4382 160 205 6.53463e-07
3.70078 1.4382 160 205 6.62995e-07
3.70153 1.4382 160 205 6.72983e-07
3.70228 1.4382 160 205 6.83446e-07
3.70303 1.4382 160 205 6.94404e-07
3.70378 1.4382 160 205 7.0588e-07
3.70453 1.4382 160 205 7.17887e-07
3.70528 1.4382 160 205 7.30457e-07
3.70603 1.4382 160 205 7.43608e-07
3.70678 1.4382 160 205 7.57369e-07
3.70753 1.4382 160 205 7.7177e-07
3.70828 1.4382 160 205 7.8684e-07
3.70903 1.4382 160 205 8.02611e-07
3.70978 1.4382 160 205 8.19117e-07
3.71054 1.4382 160 205 8.36394e-07
3.71129 1.4382 160 205 8.5448e-07
3.71204 1.4382 160 205 8.73416e-07
3.71279 1.4382 160 205 8.93244e-07
3.71354 1.4382 160 205 9.14009e-07
3.71429 1.4382 160 205 9.3576e-07
3.71504 1.4382 160 205 9.58547e-07
3.71579 1.4382 160 205 9.82422e-07
3.71654 1.4382 160 205 1.00744e-06
3.71729 1.4382 160 205 1.03367e-06
3.71804 1.4382 160 205 1.06115e-06
3.71879 1.4382 160 205 1.08997e-06
3.71954 1.4382 160 205 1.12018e-06
3.72029 1.4382 160 205 1.15185e-06
3.72104 1.4382 160 205 1.18505e-06
3.72179 1.4382 160 205 1.21986e-06
3.72254 1.4382 160 205 1.25635e-06
3.72329 1.4382 160 205 1.2946e-06
3.72404 1.4382 160 205 1.33467e-06
3.72479 1.4382 160 205 1.37664e-06
3.72554 1.4382 160 205 1.42058e-06
3.72629 1.4382 160 205 1.46657e-06
3.72704 1.4382 160 205 1.51465e-06
3.72779 1.4382 160 205 1.5649e-06
3.72854 1.4382 160 205 1.61735e-06
3.72929 1.4382 160 205 1.67203e-06
3.73004 1.4382 160 205 1.72898e-06
3.73079 1.4382 160 205 1.78818e-06
3.73154 1.4382 160 205 1.84961e-06
3.73229 1.4382 160 205 1.91321e-06
3.73304 1.4382 160 205 1.97891e-06
3.73379 1.4382 160 205 2.04659e-06
3.73454 1.4382 160 205 2.11605e-06
3.73529 1.4382 160 205 2.18707e-06
3.73604 1.4382 160 205 2.25938e-06
3.73679 1.4382 160 205 2.33263e-06
3.73754 1.4382 160 205 2.40642e-06
3.73829 1.4382 160 205 2.48028e-06
3.73904 1.4382 160 205 2.55368e-06
3.73979 1.4382 160 205 2.62602e-06
3.74054 1.4382 160 205 2.69667e-06
3.74129 1.4382 160 205 2.76496e-06
3.74204 1.4382 160 205 2.83021e-06
3.74279 1.4382 160 205 2.89174e-06
3.74354 1.4382 160 205 2.94893e-06
3.74429 1.4382 160 205 3.0012e-06
3.74504 1.4382 160 205 3.04808e-06
3.74579 1.4382 160 205 3.08921e-06
3.74654 1.4382 160 205 3.12437e-06
3.74729 1.4382 160 205 3.1535e-06
3.74804 1.4382 160 205 3.17671e-06
3.74879 1.4382 160 205 3.19424e-06
3.74954 1.4382 160 205 3.20651e-06
3.75029 1.4382 160 205 3.21404e-06
3.75104 1.4382 160 205 3.21746e-06
3.75179 1.4382 160 205 3.21748e-06
3.75254 1.4382 160 205 3.21485e-06
3.75329 1.4382 160 205 3.21034e-06
3.75404 1.4382 160 205 3.20469e-06
3.75479 1.4382 160 205 3.19859e-06
3.75554 1.4382 160 205 3.19271e-06
3.75629 1.4382 160 205 3.1876e-06
3.75704 1.4382 160 205 3.18374e-06
3.75779 1.4382 160 205 3.1815e-06
3.75854 1.4382 160 205 3.18112e-06
3.75929 1.4382 160 205 3.18278e-06
3.76004 1.4382 160 205 3.18651e-06
3.76079 1.4382 160 205 3.19225e-06
3.76154 1.4382 160 205 3.19983e-06
3.76229 1.4382 160 205 3.209e-06
3.76304 1.4382 160 205 3.21938e-06
3.76379 1.4382 160 205 3.23054e-06
3.76454 1.4382 160 205 3.24197e-06
3.76529 1.4382 160 205 3.25311e-06
3.76604 1.4382 160 205 3.26335e-06
3.76679 1.4382 160 205 3.27207e-06
3.76754 1.4382 160 205 3.27864e-06
3.76829 1.4382 160 205 3.28246e-06
3.76904 1.4382 160 205 3.28298e-06
3.76979 1.4382 160 205 3.2797e-06
3.77055 1.4382 160 205 3.27224e-06
3.7713 1.4382 160 205 3.2603e-06
3.77205 1.4382 160 205 3.24369e-06
3.7728 1.4382 160 205 3.22236e-06
3.77355 1.4382 160 205 3.19637e-06
3.7743 1.4382 160 205 3.16589e-06
3.77505 1.4382 160 205 3.13121e-06
3.7758 1.4382 160 205 3.09268e-06
3.77655 1.4382 160 205 3.05073e-06
3.7773 1.4382 160 205 3.00585e-06
3.77805 1.4382 160 205 2.95854e-06
3.7788 1.4382 160 205 2.9093e-06
3.77955 1.4382 160 205 2.85862e-06
3.7803 1.4382 160 205 2.80701e-06
3.78105 1.4382 160 205 2.75483e-06
3.7818 1.4382 160 205 2.70248e-06
3.78255 1.4382 160 205 2.6503e-06
3.7833 1.4382 160 205 2.59854e-06
3.78405 1.4382 160 205 2.54744e-06
3.7848 1.4382 160 205 2.49715e-06
3.78555 1.4382 160 205 2.4478e-06
3.7863 1.4382 160 205 2.39948e-06
3.78705 1.4382 160 205 2.35222e-06
3.7878 1.4382 160 205 2.30606e-06
3.78855 1.4382 160 205 2.26102e-06
3.7893 1.4382 160 205 2.21709e-06
3.79005 1.4382 160 205 2.17428e-06
3.7908 1.4382 160 205 2.1326e-06
3.79155 1.4382 160 205 2.09205e-06
3.7923 1.4382 160 205 2.05265e-06
3.79305 1.4382 160 205 2.01443e-06
3.7938 1.4382 160 205 1.97743e-06
3.79455 1.4382 160 205 1.94168e-06
3.7953 1.4382 160 205 1.90725e-06
3.79605 1.4382 160 205 1.87418e-06
3.7968 1.4382 160 205 1.84254e-06
3.79755 1.4382 160 205 1.81239e-06
3.7983 1.4382 160 205 1.78377e-06
3.79905 1.4382 160 205 1.75675e-06
3.7998 1.4382 160 205 1.73138e-06
3.80055 1.4382 160 205 1.70771e-06
3.8013 1.4382 160 205 1.68576e-06
3.80205 1.4382 160 205 1.66558e-06
3.8028 1.4382 160 205 1.64719e-06
3.80355 1.4382 160 205 1.63063e-06
3.8043 1.4382 160 205 1.6159e-06
3.80505 1.4382 160 205 1.60303e-06
3.8058 1.4382 160 205 1.59203e-06
3.80655 1.4382 160 205 1.58291e-06
3.8073 1.4382 160 205 1.57569e-06
3.80805 1.4382 160 205 1.57037e-06
3.8088 1.4382 160 205 1.56698e-06
3.80955 1.4382 160 205 1.56551e-06
3.8103 1.4382 160 205 1.56599e-06
3.81105 1.4382 160 205 1.56844e-06
3.8118 1.4382 160 205 1.57287e-06
3.81255 1.4382 160 205 1.57931e-06
3.8133 1.4382 160 205 1.58779e-06
3.81405 1.4382 160 205 1.59834e-06
3.8148 1.4382 160 205 1.61099e-06
3.81555 1.4382 160 205 1.62579e-06
3.8163 1.4382 160 205 1.64278e-06
3.81705 1.4382 160 205 1.66202e-06
3.8178 1.4382 160 205 1.68355e-06
3.81855 1.4382 160 205 1.70745e-06
3.8193 1.4382 160 205 1.73377e-06
3.82005 1.4382 160 205 1.76258e-06
3.8208 1.4382 160 205 1.79396e-06
3.82155 1.4382 160 205 1.82799e-06
3.8223 1.4382 160 205 1.86475e-06
3.82305 1.4382 160 205 1.9043e-06
3.8238 1.4382 160 205 1.94676e-06
3.82455 1.4382 160 205 1.99219e-06
3.8253 1.4382 160 205 2.04068e-06
3.82605 1.4382 160 205 2.0923e-06
3.8268 1.4382 160 205 2.14714e-06
3.82755 1.4382 160 205 2.20524e-06
3.8283 1.4382 160 205 2.26665e-06
3.82905 1.4382 160 205 2.33141e-06
3.8298 1.4382 160 205 2.39953e-06
3.83056 1.4382 160 205 2.47097e-06
3.83131 1.4382 160 205 2.5457e-06
3.83206 1.4382 160 205 2.62362e-06
3.83281 1.4382 160 205 2.70458e-06
3.83356 1.4382 160 205 2.78837e-06
3.83431 1.4382 160 205 2.87474e-06
3.83506 1.4382 160 205 2.96334e-06
3.83581 1.4382 160 205 3.05374e-06
3.83656 1.4382 160 205 3.14542e-06
3.83731 1.4382 160 205 3.23778e-06
3.83806 1.4382 160 205 3.33009e-06
3.83881 1.4382 160 205 3.42154e-06
3.83956 1.4382 160 205 3.5112e-06
3.84031 1.4382 160 205 3.59809e-06
3.84106 1.4382 160 205 3.6811e-06
3.84181 1.4382 160 205 3.7591e-06
3.84256 1.4382 160 205 3.83093e-06
3.84331 1.4382 160 205 3.8954e-06
3.84406 1.4382 160 205 3.95141e-06
3.84481 1.4382 160 205 3.99789e-06
3.84556 1.4382 160 205 4.03391e-06
3.84631 1.4382 160 205 4.05872e-06
3.84706 1.4382 160 205 4.07174e-06
3.84781 1.4382 160 205 4.07261e-06
3.84856 1.4382 160 205 4.06122e-06
3.84931 1.4382 160 205 4.03769e-06
3.85006 1.4382 160 205 4.00238e-06
3.85081 1.4382 160 205 3.95588e-06
3.85156 1.4382 160 205 3.89895e-06
3.85231 1.4382 160 205 3.83251e-06
3.85306 1.4382 160 205 3.75762e-06
3.85381 1.4382 160 205 3.68347e-06
3.85456 1.4382 160 205 3.59492e-06
3.85531 1.4382 160 205 3.50136e-06
3.85606 1.4382 160 205 3.40374e-06
3.85681 1.4382 160 205 3.30321e-06
3.85756 1.4382 160 205 3.20078e-06
3.85831 1.4382 160 205 3.09735e-06
3.85906 1.4382 160 205 2.99368e-06
3.85981 1.4382 160 205 2.89051e-06
3.86056 1.4382 160 205 2.78842e-06
3.86131 1.4382 160 205 2.68791e-06
3.86206 1.4382 160 205 2.5894e-06
3.86281 1.4382 160 205 2.49321e-06
3.86356 1.4382 160 205 2.39961e-06
3.86431 1.4382 160 205 2.30879e-06
3.86506 1.4382 160 205 2.22088e-06
3.86581 1.4382 160 205 2.13601e-06
3.86656 1.4382 160 205 2.05422e-06
3.86731 1.4382 160 205 1.97554e-06
3.86806 1.4382 160 205 1.90002e-06
3.86881 1.4382 160 205 1.82765e-06
3.86956 1.4382 160 205 1.75842e-06
3.87031 1.4382 160 205 1.69232e-06
3.87106 1.4382 160 205 1.62937e-06
3.87181 1.4382 160 205 1.56955e-06
3.87256 1.4382 160 205 1.51287e-06
3.87331 1.4382 160 205 1.45934e-06
3.87406 1.4382 160 205 1.40898e-06
3.87481 1.4382 160 205 1.36178e-06
3.87556 1.4382 160 205 1.31778e-06
3.87631 1.4382 160 205 1.27697e-06
3.87706 1.4382 160 205 1.23936e-06
3.87781 1.4382 160 205 1.20491e-06
3.87856 1.4382 160 205 1.1736e-06
3.87931 1.4382 160 205 1.14534e-06
3.88006 1.4382 160 205 1.12003e-06
3.88081 1.4382 160 205 1.09752e-06
3.88156 1.4382 160 205 1.07764e-06
3.88231 1.4382 160 205 1.06018e-06
3.88306 1.4382 160 205 1.04489e-06
3.88381 1.4382 160 205 1.0315e-06
3.88456 1.4382 160 205 1.01973e-06
3.88531 1.4382 160 205 1.00929e-06
3.88606 1.4382 160 205 9.99897e-07
3.88681 1.4382 160 205 9.91282e-07
3.88756 1.4382 160 205 9.83194e-07
3.88831 1.4382 160 205 9.75415e-07
3.88906 1.4382 160 205 9.67757e-07
3.88981 1.4382 160 205 9.60071e-07
3.89057 1.4382 160 205 9.52246e-07
3.89132 1.4382 160 205 9.44199e-07
3.89207 1.4382 160 205 9.35886e-07
3.89282 1.4382 160 205 9.27287e-07
3.89357 1.4382 160 205 9.18409e-07
3.89432 1.4382 160 205 9.09275e-07
3.89507 1.4382 160 205 8.99923e-07
3.89582 1.4382 160 205 8.90402e-07
3.89657 1.4382 160 205 8.80767e-07
3.89732 1.4382 160 205 8.71074e-07
3.89807 1.4382 160 205 8.61383e-07
3.89882 1.4382 160 205 8.51749e-07
3.89957 1.4382 160 205 8.42228e-07
3.90032 1.4382 160 205 8.32868e-07
3.90107 1.4382 160 205 8.23716e-07
3.90182 1.4382 160 205 8.14812e-07
3.90257 1.4382 160 205 8.06193e-07
3.90332 1.4382 160 205 7.97888e-07
3.90407 1.4382 160 205 7.89926e-07
3.90482 1.4382 160 205 7.82328e-07
3.90557 1.4382 160 205 7.75123e-07
3.90632 1.4382 160 205 7.6831e-07
3.90707 1.4382 160 205 7.61906e-07
3.90782 1.4382 160 205 7.55923e-07
3.90857 1.4382 160 205 7.50369e-07
3.90932 1.4382 160 205 7.45251e-07
3.91007 1.4382 160 205 7.40572e-07
3.91082 1.4382 160 205 7.36336e-07
3.91157 1.4382 160 205 7.32546e-07
3.91232 1.4382 160 205 7.29204e-07
3.91307 1.4382 160 205 7.26312e-07
3.91382 1.4382 160 205 7.23883e-07
3.91457 1.4382 160 205 7.21921e-07
3.91532 1.4382 160 205 7.20388e-07
3.91607 1.4382 160 205 7.19313e-07
3.91682 1.4382 160 205 7.18698e-07
3.91757 1.4382 160 205 7.18546e-07
3.91832 1.4382 160 205 7.18862e-07
3.91907 1.4382 160 205 7.19651e-07
3.91982 1.4382 160 205 7.20917e-07
3.92057 1.4382 160 205 7.22668e-07
3.92132 1.4382 160 205 7.24911e-07
3.92207 1.4382 160 205 7.27664e-07
3.92282 1.4382 160 205 7.30917e-07
3.92357 1.4382 160 205 7.34688e-07
3.92432 1.4382 160 205 7.38989e-07
3.92507 1.4382 160 205 7.4383e-07
3.92582 1.4382 160 205 7.49222e-07
3.92657 1.4382 160 205 7.55176e-07
3.92732 1.4382 160 205 7.61705e-07
3.92807 1.4382 160 205 7.68819e-07
3.92882 1.4382 160 205 7.76528e-07
3.92957 1.4382 160 205 7.84842e-07
3.93032 1.4382 160 205 7.93767e-07
3.93107 1.4382 160 205 8.03308e-07
3.93182 1.4382 160 205 8.1347e-07
3.93257 1.4382 160 205 8.24252e-07
3.93332 1.4382 160 205 8.35648e-07
3.93407 1.4382 160 205 8.47649e-07
3.93482 1.4382 160 205 8.60242e-07
3.93557 1.4382 160 205 8.73404e-07
3.93632 1.4382 160 205 8.87109e-07
3.93707 1.4382 160 205 9.01321e-07
3.93782 1.4382 160 205 9.15997e-07
3.93857 1.4382 160 205 9.31085e-07
3.93932 1.4382 160 205 9.46526e-07
3.94007 1.4382 160 205 9.62252e-07
3.94082 1.4382 160 205 9.78185e-07
3.94157 1.4382 160 205 9.94244e-07
3.94232 1.4382 160 205 1.01034e-06
3.94307 1.4382 160 205 1.02637e-06
3.94382 1.4382 160 205 1.04225e-06
3.94457 1.4382 160 205 1.05789e-06
3.94532 1.4382 160 205 1.07318e-06
3.94607 1.4382 160 205 1.08805e-06
3.94682 1.4382 160 205 1.10241e-06
3.94757 1.4382 160 205 1.11622e-06
3.94832 1.4382 160 205 1.12942e-06
3.94907 1.4382 160 205 1.14199e-06
3.94982 1.4382 160 205 1.15393e-06
3.95058 1.4382 160 205 1.16528e-06
3.95133 1.4382 160 205 1.17607e-06
3.95208 1.4382 160 205 1.18638e-06
3.95283 1.4382 160 205 1.19631e-06
3.95358 1.4382 160 205 1.20599e-06
3.95433 1.4382 160 205 1.21556e-06
3.95508 1.4382 160 205 1.2252e-06
3.95583 1.4382 160 205 1.23507e-06
3.95658 1.4382 160 205 1.24537e-06
3.95733 1.4382 160 205 1.25631e-06
3.95808 1.4382 160 205 1.26809e-06
3.95883 1.4382 160 205 1.28093e-06
3.95958 1.4382 160 205 1.29501e-06
3.96033 1.4382 160 205 1.31056e-06
3.96108 1.4382 160 205 1.32775e-06
3.96183 1.4382 160 205 1.34678e-06
3.96258 1.4382 160 205 1.36779e-06
3.96333 1.4382 160 205 1.39095e-06
3.96408 1.4382 160 205 1.41635e-06
3.96483 1.4382 160 205 1.44409e-06
3.96558 1.4382 160 205 1.47422e-06
3.96633 1.4382 160 205 1.50675e-06
3.96708 1.4382 160 205 1.54167e-06
3.96783 1.4382 160 205 1.57889e-06
3.96858 1.4382 160 205 1.61832e-06
3.96933 1.4382 160 205 1.65978e-06
3.97008 1.4382 160 205 1.7031e-06
3.97083 1.4382 160 205 1.74801e-06
3.97158 1.4382 160 205 1.79426e-06
3.97233 1.4382 160 205 1.84153e-06
3.97308 1.4382 160 205 1.88948e-06
3.97383 1.4382 160 205 1.93776e-06
3.97458 1.4382 160 205 1.98598e-06
3.97533 1.4382 160 205 2.03375e-06
3.97608 1.4382 160 205 2.08067e-06
3.97683 1.4382 160 205 2.12632e-06
3.97758 1.4382 160 205 2.17029e-06
3.97833 1.4382 160 205 2.21216e-06
3.97908 1.4382 160 205 2.25153e-06
3.97983 1.4382 160 205 2.28799e-06
3.98058 1.4382 160 205 2.32114e-06
3.98133 1.4382 160 205 2.35063e-06
3.98208 1.4382 160 205 2.3761e-06
3.98283 1.4382 160 205 2.39724e-06
3.98358 1.4382 160 205 2.41378e-06
3.98433 1.4382 160 205 2.4255e-06
3.98508 1.4382 160 205 2.43221e-06
3.98583 1.4382 160 205 2.43381e-06
3.98658 1.4382 160 205 2.43024e-06
3.98733 1.4382 160 205 2.42153e-06
3.98808 1.4382 160 205 2.40776e-06
3.98883 1.4382 160 205 2.3891e-06
3.98958 1.4382 160 205 2.36576e-06
3.99033 1.4382 160 205 2.33803e-06
3.99108 1.4382 160 205 2.30626e-06
3.99183 1.4382 160 205 2.27081e-06
3.99258 1.4382 160 205 2.23212e-06
3.99333 1.4382 160 205 2.19061e-06
3.99408 1.4382 160 205 2.14673e-06
3.99483 1.4382 160 205 2.10095e-06
3.99558 1.4382 160 205 2.05368e-06
3.99633 1.4382 160 205 2.00536e-06
3.99708 1.4382 160 205 1.95637e-06
3.99783 1.4382 160 205 1.90709e-06
3.99858 1.4382 160 205 1.85784e-06
3.99933 1.4382 160 205 1.80895e-06
4.00008 1.4382 160 205 1.76064e-06
4.00083 1.4382 160 205 1.71317e-06
4.00158 1.4382 160 205 1.6667e-06
4.00233 1.4382 160 205 1.62142e-06
4.00308 1.4382 160 205 1.57744e-06
4.00383 1.4382 160 205 1.53488e-06
4.00458 1.4382 160 205 1.49381e-06
4.00533 1.4382 160 205 1.45428e-06
4.00608 1.4382 160 205 1.41633e-06
4.00683 1.4382 160 205 1.37999e-06
4.00758 1.4382 160 205 1.34527e-06
4.00833 1.4382 160 205 1.31215e-06
4.00908 1.4382 160 205 1.28064e-06
4.00983 1.4382 160 205 1.25071e-06
4.01059 1.4382 160 205 1.22234e-06
4.01134 1.4382 160 205 1.19549e-06
4.01209 1.4382 160 205 1.17014e-06
4.01284 1.4382 160 205 1.14625e-06
4.01359 1.4382 160 205 1.12379e-06
4.01434 1.4382 160 205 1.10272e-06
4.01509 1.4382 160 205 1.083e-06
4.01584 1.4382 160 205 1.0646e-06
4.01659 1.4382 160 205 1.04749e-06
4.01734 1.4382 160 205 1.03163e-06
4.01809 1.4382 160 205 1.017e-06
4.01884 1.4382 160 205 1.00355e-06
4.01959 1.4382 160 205 9.91271e-07
4.02034 1.4382 160 205 9.8013e-07
4.02109 1.4382 160 205 9.70118e-07
4.02184 1.4382 160 205 9.61184e-07
4.02259 1.4382 160 205 9.53322e-07
4.02334 1.4382 160 205 9.46511e-07
4.02409 1.4382 160 205 9.40733e-07
4.02484 1.4382 160 205 9.3597e-07
4.02559 1.4382 160 205 9.32205e-07
4.02634 1.4382 160 205 9.2942e-07
4.02709 1.4382 160 205 9.27599e-07
4.02784 1.4382 160 205 9.26723e-07
4.02859 1.4382 160 205 9.26776e-07
4.02934 1.4382 160 205 9.27733e-07
4.03009 1.4382 160 205 9.29576e-07
4.03084 1.4382 160 205 9.32283e-07
4.03159 1.4382 160 205 9.35829e-07
4.03234 1.4382 160 205 9.40188e-07
4.03309 1.4382 160 205 9.45333e-07
4.03384 1.4382 160 205 9.51235e-07
4.03459 1.4382 160 205 9.57861e-07
4.03534 1.4382 160 205 9.65177e-07
4.03609 1.4382 160 205 9.73149e-07
4.03684 1.4382 160 205 9.81734e-07
4.03759 1.4382 160 205 9.9089e-07
4.03834 1.4382 160 205 1.00057e-06
4.03909 1.4382 160 205 1.01072e-06
4.03984 1.4382 160 205 1.02127e-06
4.04059 1.4382 160 205 1.03215e-06
4.04134 1.4382 160 205 1.04331e-06
4.04209 1.4382 160 205 1.05465e-06
4.04284 1.4382 160 205 1.06607e-06
4.04359 1.4382 160 205 1.07746e-06
4.04434 1.4382 160 205 1.0887e-06
4.04509 1.4382 160 205 1.09965e-06
4.04584 1.4382 160 205 1.11016e-06
4.04659 1.4382 160 205 1.12008e-06
4.04734 1.4382 160 205 1.12923e-06
4.04809 1.4382 160 205 1.13745e-06
4.04884 1.4382 160 205 1.14456e-06
4.04959 1.4382 160 205 1.15039e-06
4.05034 1.4382 160 205 1.15476e-06
4.05109 1.4382 160 205 1.15753e-06
4.05184 1.4382 160 205 1.15856e-06
4.05259 1.4382 160 205 1.15771e-06
4.05334 1.4382 160 205 1.15495e-06
4.05409 1.4382 160 205 1.15019e-06
4.05484 1.4382 160 205 1.14343e-06
4.05559 1.4382 160 205 1.13469e-06
4.05634 1.4382 160 205 1.12402e-06
4.05709 1.4382 160 205 1.11152e-06
4.05784 1.4382 160 205 1.09732e-06
4.05859 1.4382 160 205 1.08159e-06
4.05934 1.4382 160 205 1.06452e-06
4.06009 1.4382 160 205 1.04632e-06
4.06084 1.4382 160 205 1.02724e-06
4.06159 1.4382 160 205 1.00752e-06
4.06234 1.4382 160 205 9.87426e-07
4.06309 1.4382 160 205 9.67233e-07
4.06384 1.4382 160 205 9.47215e-07
4.06459 1.4382 160 205 9.27649e-07
4.06534 1.4382 160 205 9.08807e-07
4.06609 1.4382 160 205 8.90959e-07
4.06684 1.4382 160 205 8.74365e-07
4.06759 1.4382 160 205 8.5927e-07
4.06834 1.4382 160 205 8.45905e-07
4.06909 1.4382 160 205 8.34479e-07
4.06984 1.4382 160 205 8.25176e-07
4.0706 1.4382 160 205 8.18146e-07
4.07135 1.4382 160 205 8.13504e-07
4.0721 1.4382 160 205 8.11324e-07
4.07285 1.4382 160 205 8.11634e-07
4.0736 1.4382 160 205 8.14414e-07
4.07435 1.4382 160 205 8.19596e-07
4.0751 1.4382 160 205 8.27065e-07
4.07585 1.4382 160 205 8.36659e-07
4.0766 1.4382 160 205 8.48182e-07
4.07735 1.4382 160 205 8.61402e-07
4.0781 1.4382 160 205 8.76069e-07
4.07885 1.4382 160 205 8.9192e-07
4.0796 1.4382 160 205 9.08692e-07
4.08035 1.4382 160 205 9.26128e-07
4.0811 1.4382 160 205 9.43992e-07
4.08185 1.4382 160 205 9.62064e-07
4.0826 1.4382 160 205 9.80182e-07
4.08335 1.4382 160 205 9.9819e-07
4.0841 1.4382 160 205 1.01598e-06
4.08485 1.4382 160 205 1.03348e-06
4.0856 1.4382 160 205 1.05065e-06
4.08635 1.4382 160 205 1.06749e-06
4.0871 1.4382 160 205 1.08402e-06
4.08785 1.4382 160 205 1.10027e-06
4.0886 1.4382 160 205 1.11634e-06
4.08935 1.4382 160 205 1.13228e-06
4.0901 1.4382 160 205 1.14821e-06
4.09085 1.4382 160 205 1.16426e-06
4.0916 1.4382 160 205 1.18047e-06
4.09235 1.4382 160 205 1.19699e-06
4.0931 1.4382 160 205 1.21392e-06
4.09385 1.4382 160 205 1.23138e-06
4.0946 1.4382 160 205 1.24948e-06
4.09535 1.4382 160 205 1.2683e-06
4.0961 1.4382 160 205 1.28796e-06
4.09685 1.4382 160 205 1.30852e-06
4.0976 1.4382 160 205 1.33006e-06
4.09835 1.4382 160 205 1.35265e-06
4.0991 1.4382 160 205 1.37634e-06
4.09985 1.4382 160 205 1.40117e-06
4.1006 1.4382 160 205 1.42715e-06
4.10135 1.4382 160 205 1.45431e-06
4.1021 1.4382 160 205 1.48262e-06
4.10285 1.4382 160 205 1.51206e-06
4.1036 1.4382 160 205 1.54259e-06
4.10435 1.4382 160 205 1.57412e-06
4.1051 1.4382 160 205 1.60656e-06
4.10585 1.4382 160 205 1.6398e-06
4.1066 1.4382 160 205 1.67368e-06
4.10735 1.4382 160 205 1.70804e-06
4.1081 1.4382 160 205 1.74266e-06
4.10885 1.4382 160 205 1.77733e-06
4.1096 1.4382 160 205 1.81179e-06
4.11035 1.4382 160 205 1.84575e-06
4.1111 1.4382 160 205 1.87893e-06
4.11185 1.4382 160 205 1.91102e-06
4.1126 1.4382 160 205 1.94166e-06
4.11335 1.4382 160 205 1.97054e-06
4.1141 1.4382 160 205 1.99734e-06
4.11485 1.4382 160 205 2.02176e-06
4.1156 1.4382 160 205 2.04351e-06
4.11635 1.4382 160 205 2.06233e-06
4.1171 1.4382 160 205 2.07802e-06
4.11785 1.4382 160 205 2.09042e-06
4.1186 1.4382 160 205 2.09941e-06
4.11935 1.4382 160 205 2.10497e-06
4.1201 1.4382 160 205 2.1071e-06
4.12085 1.4382 160 205 2.10589e-06
4.1216 1.4382 160 205 2.10147e-06
4.12235 1.4382 160 205 2.09403e-06
4.1231 1.4382 160 205 2.08381e-06
4.12385 1.4382 160 205 2.07109e-06
4.1246 1.4382 160 205 2.05616e-06
4.12535 1.4382 160 205 2.03935e-06
4.1261 1.4382 160 205 2.02098e-06
4.12685 1.4382 160 205 2.00138e-06
4.1276 1.4382 160 205 1.98086e-06
4.12835 1.4382 160 205 1.95972e-06
4.1291 1.4382 160 205 1.93823e-06
4.12985 1.4382 160 205 1.91664e-06
4.13061 1.4382 160 205 1.89515e-06
4.13136 1.4382 160 205 1.87394e-06
4.13211 1.4382 160 205 1.85315e-06
4.13286 1.4382 160 205 1.83286e-06
4.13361 1.4382 160 205 1.81314e-06
4.13436 1.4382 160 205 1.794e-06
4.13511 1.4382 160 205 1.77545e-06
4.13586 1.4382 160 205 1.75742e-06
4.13661 1.4382 160 205 1.73985e-06
4.13736 1.4382 160 205 1.72264e-06
4.13811 1.4382 160 205 1.70564e-06
4.13886 1.4382 160 205 1.68873e-06
4.13961 1.4382 160 205 1.67175e-06
4.14036 1.4382 160 205 1.65455e-06
4.14111 1.4382 160 205 1.63696e-06
4.14186 1.4382 160 205 1.61884e-06
4.14261 1.4382 160 205 1.60004e-06
4.14336 1.4382 160 205 1.58045e-06
4.14411 1.4382 160 205 1.55997e-06
4.14486 1.4382 160 205 1.53853e-06
4.14561 1.4382 160 205 1.5161e-06
4.14636 1.4382 160 205 1.49267e-06
4.14711 1.4382 160 205 1.46827e-06
4.14786 1.4382 160 205 1.44296e-06
4.14861 1.4382 160 205 1.41683e-06
4.14936 1.4382 160 205 1.38998e-06
4.15011 1.4382 160 205 1.36254e-06
4.15086 1.4382 160 205 1.33466e-06
4.15161 1.4382 160 205 1.30648e-06
4.15236 1.4382 160 205 1.27814e-06
4.15311 1.4382 160 205 1.24979e-06
4.15386 1.4382 160 205 1.22155e-06
4.15461 1.4382 160 205 1.19354e-06
4.15536 1.4382 160 205 1.16586e-06
4.15611 1.4382 160 205 1.13859e-06
4.15686 1.4382 160 205 1.11179e-06
4.15761 1.4382 160 205 1.08552e-06
4.15836 1.4382 160 205 1.05979e-06
4.15911 1.4382 160 205 1.03463e-06
4.15986 1.4382 160 205 1.01005e-06
4.16061 1.4382 160 205 9.8604e-07
4.16136 1.4382 160 205 9.62606e-07
4.16211 1.4382 160 205 9.39735e-07
4.16286 1.4382 160 205 9.17418e-07
4.16361 1.4382 160 205 8.9565e-07
4.16436 1.4382 160 205 8.74412e-07
4.16511 1.4382 160 205 8.537e-07
4.16586 1.4382 160 205 8.33509e-07
4.16661 1.4382 160 205 8.13835e-07
4.16736 1.4382 160 205 7.94671e-07
4.16811 1.4382 160 205 7.76014e-07
4.16886 1.4382 160 205 7.57862e-07
4.16961 1.4382 160 205 7.40213e-07
4.17036 1.4382 160 205 7.23062e-07
4.17111 1.4382 160 205 7.06407e-07
4.17186 1.4382 160 205 6.90242e-07
4.17261 1.4382 160 205 6.74567e-07
4.17336 1.4382 160 205 6.59366e-07
4.17411 1.4382 160 205 6.44636e-07
4.17486 1.4382 160 205 6.3068e-07
4.17561 1.4382 160 205 6.1684e-07
4.17636 1.4382 160 205 6.03446e-07
4.17711 1.4382 160 205 5.90475e-07
4.17786 1.4382 160 205 5.77921e-07
4.17861 1.4382 160 205 5.6577e-07
4.17936 1.4382 160 205 5.54008e-07
4.18011 1.4382 160 205 5.42621e-07
4.18086 1.4382 160 205 5.31595e-07
4.18161 1.4382 160 205 5.20914e-07
4.18236 1.4382 160 205 5.10562e-07
4.18311 1.4382 160 205 5.00523e-07
4.18386 1.4382 160 205 4.90783e-07
4.18461 1.4382 160 205 4.81324e-07
4.18536 1.4382 160 205 4.72131e-07
4.18611 1.4382 160 205 4.63188e-07
4.18686 1.4382 160 205 4.54479e-07
4.18761 1.4382 160 205 4.45989e-07
4.18836 1.4382 160 205 4.37701e-07
4.18911 1.4382 160 205 4.296e-07
4.18986 1.4382 160 205 4.21671e-07
4.19062 1.4382 160 205 4.13898e-07
4.19137 1.4382 160 205 4.06269e-07
4.19212 1.4382 160 205 3.98767e-07
4.19287 1.4382 160 205 3.91379e-07
4.19362 1.4382 160 205 3.84086e-07
4.19437 1.4382 160 205 3.76884e-07
4.19512 1.4382 160 205 3.69756e-07
4.19587 1.4382 160 205 3.62688e-07
4.19662 1.4382 160 205 3.55669e-07
4.19737 1.4382 160 205 3.48685e-07
4.19812 1.4382 160 205 3.41725e-07
4.19887 1.4382 160 205 3.34777e-07
4.19962 1.4382 160 205 3.27829e-07
4.20037 1.4382 160 205 3.2087e-07
4.20112 1.4382 160 205 3.13888e-07
4.20187 1.4382 160 205 3.06872e-07
4.20262 1.4382 160 205 2.99813e-07
4.20337 1.4382 160 205 2.92705e-07
4.20412 1.4382 160 205 2.85529e-07
4.20487 1.4382 160 205 2.78281e-07
4.20562 1.4382 160 205 2.70954e-07
4.20637 1.4382 160 205 2.63542e-07
4.20712 1.4382 160 205 2.56042e-07
4.20787 1.4382 160 205 2.48451e-07
4.20862 1.4382 160 205 2.4077e-07
4.20937 1.4382 160 205 2.33004e-07
4.21012 1.4382 160 205 2.25159e-07
4.21087 1.4382 160 205 2.1725e-07
4.21162 1.4382 160 205 2.09292e-07
4.21237 1.4382 160 205 2.0131e-07
4.21312 1.4382 160 205 1.93335e-07
4.21387 1.4382 160 205 1.85404e-07
4.21462 1.4382 160 205 1.77563e-07
4.21537 1.4382 160 205 1.69869e-07
4.21612 1.4382 160 205 1.62386e-07
4.21687 1.4382 160 205 1.55172e-07
4.21762 1.4382 160 205 1.48347e-07
4.21837 1.4382 160 205 1.41988e-07
4.21912 1.4382 160 205 1.36201e-07
4.21987 1.4382 160 205 1.31097e-07
4.22062 1.4382 160 205 1.26793e-07
4.22137 1.4382 160 205 1.23411e-07
4.22212 1.4382 160 205 1.21072e-07
4.22287 1.4382 160 205 1.19892e-07
4.22362 1.4382 160 205 1.19978e-07
4.22437 1.4382 160 205 1.2143e-07
4.22512 1.4382 160 205 1.24321e-07
4.22587 1.4382 160 205 1.28706e-07
4.22662 1.4382 160 205 1.34609e-07
4.22737 1.4382 160 205 1.42026e-07
4.22812 1.4382 160 205 1.50916e-07
4.22887 1.4382 160 205 1.61205e-07
4.22962 1.4382 160 205 1.72788e-07
4.23037 1.4382 160 205 1.85525e-07
4.23112 1.4382 160 205 1.99253e-07
4.23187 1.4382 160 205 2.13782e-07
4.23262 1.4382 160 205 2.28894e-07
4.23337 1.4382 160 205 2.44439e-07
4.23412 1.4382 160 205 2.60183e-07
4.23487 1.4382 160 205 2.75929e-07
4.23562 1.4382 160 205 2.91495e-07
4.23637 1.4382 160 205 3.06719e-07
4.23712 1.4382 160 205 3.21461e-07
4.23787 1.4382 160 205 3.35606e-07
4.23862 1.4382 160 205 3.49063e-07
4.23937 1.4382 160 205 3.61769e-07
4.24012 1.4382 160 205 3.7368e-07
4.24087 1.4382 160 205 3.84776e-07
4.24162 1.4382 160 205 3.95054e-07
4.24237 1.4382 160 205 4.04524e-07
4.24312 1.4382 160 205 4.13209e-07
4.24387 1.4382 160 205 4.21139e-07
4.24462 1.4382 160 205 4.28351e-07
4.24537 1.4382 160 205 4.34901e-07
4.24612 1.4382 160 205 4.40797e-07
4.24687 1.4382 160 205 4.46092e-07
4.24762 1.4382 160 205 4.50825e-07
4.24837 1.4382 160 205 4.55031e-07
4.24912 1.4382 160 205 4.58741e-07
4.24987 1.4382 160 205 4.61983e-07
4.25063 1.4382 160 205 4.64787e-07
4.25138 1.4382 160 205 4.67175e-07
4.25213 1.4382 160 205 4.69169e-07
4.25288 1.4382 160 205 4.7079e-07
4.25363 1.4382 160 205 4.72058e-07
4.25438 1.4382 160 205 4.72994e-07
4.25513 1.4382 160 205 4.73638e-07
4.25588 1.4382 160 205 4.73974e-07
4.25663 1.4382 160 205 4.74046e-07
4.25738 1.4382 160 205 4.73879e-07
4.25813 1.4382 160 205 4.73501e-07
4.25888 1.4382 160 205 4.7294e-07
4.25963 1.4382 160 205 4.72225e-07
4.26038 1.4382 160 205 4.71389e-07
4.26113 1.4382 160 205 4.70461e-07
4.26188 1.4382 160 205 4.69473e-07
4.26263 1.4382 160 205 4.68457e-07
4.26338 1.4382 160 205 4.67441e-07
4.26413 1.4382 160 205 4.66454e-07
4.26488 1.4382 160 205 4.65525e-07
4.26563 1.4382 160 205 4.64678e-07
4.26638 1.4382 160 205 4.63937e-07
4.26713 1.4382 160 205 4.63325e-07
4.26788 1.4382 160 205 4.62861e-07
4.26863 1.4382 160 205 4.62564e-07
4.26938 1.4382 160 205 4.62451e-07
4.27013 1.4382 160 205 4.62535e-07
4.27088 1.4382 160 205 4.6283e-07
4.27163 1.4382 160 205 4.63347e-07
4.27238 1.4382 160 205 4.64098e-07
4.27313 1.4382 160 205 4.65091e-07
4.27388 1.4382 160 205 4.66335e-07
4.27463 1.4382 160 205 4.67837e-07
4.27538 1.4382 160 205 4.69606e-07
4.27613 1.4382 160 205 4.71646e-07
4.27688 1.4382 160 205 4.73965e-07
4.27763 1.4382 160 205 4.76568e-07
4.27838 1.4382 160 205 4.79462e-07
4.27913 1.4382 160 205 4.82652e-07
4.27988 1.4382 160 205 4.86145e-07
4.28063 1.4382 160 205 4.89946e-07
4.28138 1.4382 160 205 4.94062e-07
4.28213 1.4382 160 205 4.985e-07
4.28288 1.4382 160 205 5.03267e-07
4.28363 1.4382 160 205 5.08371e-07
4.28438 1.4382 160 205 5.13819e-07
4.28513 1.4382 160 205 5.19617e-07
4.28588 1.4382 160 205 5.2578e-07
4.28663 1.4382 160 205 5.32314e-07
4.28738 1.4382 160 205 5.3923e-07
4.28813 1.4382 160 205 5.4654e-07
4.28888 1.4382 160 205 5.54255e-07
4.28963 1.4382 160 205 5.62387e-07
4.29038 1.4382 160 205 5.7095e-07
4.29113 1.4382 160 205 5.79956e-07
4.29188 1.4382 160 205 5.89422e-07
4.29263 1.4382 160 205 5.9936e-07
4.29338 1.4382 160 205 6.09789e-07
4.29413 1.4382 160 205 6.20724e-07
4.29488 1.4382 160 205 6.32182e-07
4.29563 1.4382 160 205 6.44181e-07
4.29638 1.4382 160 205 6.56739e-07
4.29713 1.4382 160 205 6.69875e-07
4.29788 1.4382 160 205 6.83609e-07
4.29863 1.4382 160 205 6.97958e-07
4.29938 1.4382 160 205 7.12942e-07
4.30013 1.4382 160 205 7.28581e-07
4.30088 1.4382 160 205 7.44891e-07
4.30163 1.4382 160 205 7.61892e-07
4.30238 1.4382 160 205 7.79599e-07
4.30313 1.4382 160 205 7.98027e-07
4.30388 1.4382 160 205 8.17192e-07
4.30463 1.4382 160 205 8.37102e-07
4.30538 1.4382 160 205 8.57767e-07
4.30613 1.4382 160 205 8.7919e-07
4.30688 1.4382 160 205 9.01372e-07
4.30763 1.4382 160 205 9.24307e-07
4.30838 1.4382 160 205 9.47984e-07
4.30913 1.4382 160 205 9.72384e-07
4.30988 1.4382 160 205 9.97482e-07
4.31064 1.4382 160 205 1.02324e-06
4.31139 1.4382 160 205 1.04962e-06
4.31214 1.4382 160 205 1.07655e-06
4.31289 1.4382 160 205 1.10398e-06
4.31364 1.4382 160 205 1.13182e-06
4.31439 1.4382 160 205 1.15997e-06
4.31514 1.4382 160 205 1.18833e-06
4.31589 1.4382 160 205 1.21678e-06
4.31664 1.4382 160 205 1.24517e-06
4.31739 1.4382 160 205 1.27337e-06
4.31814 1.4382 160 205 1.3012e-06
4.31889 1.4382 160 205 1.32851e-06
4.31964 1.4382 160 205 1.35512e-06
4.32039 1.4382 160 205 1.38084e-06
4.32114 1.4382 160 205 1.40551e-06
4.32189 1.4382 160 205 1.42895e-06
4.32264 1.4382 160 205 1.45101e-06
4.32339 1.4382 160 205 1.47153e-06
4.32414 1.4382 160 205 1.49038e-06
4.32489 1.4382 160 205 1.50746e-06
4.32564 1.4382 160 205 1.52271e-06
4.32639 1.4382 160 205 1.53607e-06
4.32714 1.4382 160 205 1.54754e-06
4.32789 1.4382 160 205 1.55713e-06
4.32864 1.4382 160 205 1.56491e-06
4.32939 1.4382 160 205 1.57096e-06
4.33014 1.4382 160 205 1.5754e-06
4.33089 1.4382 160 205 1.57837e-06
4.33164 1.4382 160 205 1.58003e-06
4.33239 1.4382 160 205 1.58057e-06
4.33314 1.4382 160 205 1.58017e-06
4.33389 1.4382 160 205 1.57903e-06
4.33464 1.4382 160 205 1.57733e-06
4.33539 1.4382 160 205 1.57528e-06
4.33614 1.4382 160 205 1.57304e-06
4.33689 1.4382 160 205 1.5708e-06
4.33764 1.4382 160 205 1.56869e-06
4.33839 1.4382 160 205 1.56686e-06
4.33914 1.4382 160 205 1.56542e-06
4.33989 1.4382 160 205 1.56446e-06
4.34064 1.4382 160 205 1.56408e-06
4.34139 1.4382 160 205 1.56431e-06
4.34214 1.4382 160 205 1.56522e-06
4.34289 1.4382 160 205 1.56681e-06
4.34364 1.4382 160 205 1.5691e-06
4.34439 1.4382 160 205 1.57208e-06
4.34514 1.4382 160 205 1.57577e-06
4.34589 1.4382 160 205 1.58012e-06
4.34664 1.4382 160 205 1.58511e-06
4.34739 1.4382 160 205 1.59072e-06
4.34814 1.4382 160 205 1.59694e-06
4.34889 1.4382 160 205 1.60374e-06
4.34964 1.4382 160 205 1.6111e-06
4.35039 1.4382 160 205 1.619e-06
4.35114 1.4382 160 205 1.62745e-06
4.35189 1.4382 160 205 1.63642e-06
4.35264 1.4382 160 205 1.64592e-06
4.35339 1.4382 160 205 1.65595e-06
4.35414 1.4382 160 205 1.6665e-06
4.35489 1.4382 160 205 1.67758e-06
4.35564 1.4382 160 205 1.68918e-06
4.35639 1.4382 160 205 1.70131e-06
4.35714 1.4382 160 205 1.71391e-06
4.35789 1.4382 160 205 1.72696e-06
4.35864 1.4382 160 205 1.74042e-06
4.35939 1.4382 160 205 1.75424e-06
4.36014 1.4382 160 205 1.76835e-06
4.36089 1.4382 160 205 1.78264e-06
4.36164 1.4382 160 205 1.79703e-06
4.36239 1.4382 160 205 1.81138e-06
4.36314 1.4382 160 205 1.82555e-06
4.36389 1.4382 160 205 1.83937e-06
4.36464 1.4382 160 205 1.85268e-06
4.36539 1.4382 160 205 1.86527e-06
4.36614 1.4382 160 205 1.87695e-06
4.36689 1.4382 160 205 1.8875e-06
4.36764 1.4382 160 205 1.89671e-06
4.36839 1.4382 160 205 1.90436e-06
4.36914 1.4382 160 205 1.91023e-06
4.36989 1.4382 160 205 1.91411e-06
4.37065 1.4382 160 205 1.91582e-06
4.3714 1.4382 160 205 1.91519e-06
4.37215 1.4382 160 205 1.91206e-06
4.3729 1.4382 160 205 1.90634e-06
4.37365 1.4382 160 205 1.89794e-06
4.3744 1.4382 160 205 1.88682e-06
4.37515 1.4382 160 205 1.873e-06
4.3759 1.4382 160 205 1.85652e-06
4.37665 1.4382 160 205 1.83746e-06
4.3774 1.4382 160 205 1.81596e-06
4.37815 1.4382 160 205 1.79217e-06
4.3789 1.4382 160 205 1.7663e-06
4.37965 1.4382 160 205 1.73855e-06
4.3804 1.4382 160 205 1.70916e-06
4.38115 1.4382 160 205 1.67837e-06
4.3819 1.4382 160 205 1.64643e-06
4.38265 1.4382 160 205 1.61358e-06
4.3834 1.4382 160 205 1.58007e-06
4.38415 1.4382 160 205 1.54613e-06
4.3849 1.4382 160 205 1.51195e-06
4.38565 1.4382 160 205 1.47775e-06
4.3864 1.4382 160 205 1.4437e-06
4.38715 1.4382 160 205 1.40995e-06
4.3879 1.4382 160 205 1.37664e-06
4.38865 1.4382 160 205 1.3439e-06
4.3894 1.4382 160 205 1.31182e-06
4.39015 1.4382 160 205 1.28049e-06
4.3909 1.4382 160 205 1.24997e-06
4.39165 1.4382 160 205 1.22032e-06
4.3924 1.4382 160 205 1.19158e-06
4.39315 1.4382 160 205 1.16379e-06
4.3939 1.4382 160 205 1.13696e-06
4.39465 1.4382 160 205 1.11112e-06
4.3954 1.4382 160 205 1.08626e-06
4.39615 1.4382 160 205 1.06238e-06
4.3969 1.4382 160 205 1.03948e-06
4.39765 1.4382 160 205 1.01756e-06
4.3984 1.4382 160 205 9.96594e-07
4.39915 1.4382 160 205 9.76574e-07
4.3999 1.4382 160 205 9.5748e-07
4.40065 1.4382 160 205 9.39294e-07
4.4014 1.4382 160 205 9.21995e-07
4.40215 1.4382 160 205 9.05561e-07
4.4029 1.4382 160 205 8.8997e-07
4.40365 1.4382 160 205 8.75198e-07
4.4044 1.4382 160 205 8.61225e-07
4.40515 1.4382 160 205 8.48026e-07
4.4059 1.4382 160 205 8.3558e-07
4.40665 1.4382 160 205 8.23864e-07
4.4074 1.4382 160 205 8.12857e-07
4.40815 1.4382 160 205 8.02539e-07
4.4089 1.4382 160 205 7.92891e-07
4.40965 1.4382 160 205 7.83887e-07
4.4104 1.4382 160 205 7.75521e-07
4.41115 1.4382 160 205 7.67771e-07
4.4119 1.4382 160 205 7.60622e-07
4.41265 1.4382 160 205 7.54061e-07
4.4134 1.4382 160 205 7.48076e-07
4.41415 1.4382 160 205 7.42654e-07
4.4149 1.4382 160 205 7.37789e-07
4.41565 1.4382 160 205 7.33473e-07
4.4164 1.4382 160 205 7.29701e-07
4.41715 1.4382 160 205 7.26471e-07
4.4179 1.4382 160 205 7.23784e-07
4.41865 1.4382 160 205 7.21642e-07
4.4194 1.4382 160 205 7.20052e-07
4.42015 1.4382 160 205 7.19024e-07
4.4209 1.4382 160 205 7.18571e-07
4.42165 1.4382 160 205 7.18712e-07
4.4224 1.4382 160 205 7.19468e-07
4.42315 1.4382 160 205 7.20868e-07
4.4239 1.4382 160 205 7.22944e-07
4.42465 1.4382 160 205 7.25725e-07
4.4254 1.4382 160 205 7.29275e-07
4.42615 1.4382 160 205 7.33633e-07
4.4269 1.4382 160 205 7.38857e-07
4.42765 1.4382 160 205 7.45011e-07
4.4284 1.4382 160 205 7.52163e-07
4.42915 1.4382 160 205 7.60388e-07
4.4299 1.4382 160 205 7.69766e-07
4.43066 1.4382 160 205 7.8038e-07
4.43141 1.4382 160 205 7.92315e-07
4.43216 1.4382 160 205 8.05654e-07
4.43291 1.4382 160 205 8.20489e-07
4.43366 1.4382 160 205 8.36898e-07
4.43441 1.4382 160 205 8.54956e-07
4.43516 1.4382 160 205 8.7473e-07
4.43591 1.4382 160 205 8.96278e-07
4.43666 1.4382 160 205 9.19643e-07
4.43741 1.4382 160 205 9.44854e-07
4.43816 1.4382 160 205 9.71922e-07
4.43891 1.4382 160 205 1.00084e-06
4.43966 1.4382 160 205 1.0316e-06
4.44041 1.4382 160 205 1.06414e-06
4.44116 1.4382 160 205 1.09842e-06
4.44191 1.4382 160 205 1.13438e-06
4.44266 1.4382 160 205 1.17191e-06
4.44341 1.4382 160 205 1.21095e-06
4.44416 1.4382 160 205 1.25138e-06
4.44491 1.4382 160 205 1.2931e-06
4.44566 1.4382 160 205 1.336e-06
4.44641 1.4382 160 205 1.37995e-06
4.44716 1.4382 160 205 1.42487e-06
4.44791 1.4382 160 205 1.47061e-06
4.44866 1.4382 160 205 1.51705e-06
4.44941 1.4382 160 205 1.56405e-06
4.45016 1.4382 160 205 1.61146e-06
4.45091 1.4382 160 205 1.65912e-06
4.45166 1.4382 160 205 1.70684e-06
4.45241 1.4382 160 205 1.75443e-06
4.45316 1.4382 160 205 1.80167e-06
4.45391 1.4382 160 205 1.8483e-06
4.45466 1.4382 160 205 1.89406e-06
4.45541 1.4382 160 205 1.93864e-06
4.45616 1.4382 160 205 1.98173e-06
4.45691 1.4382 160 205 2.02297e-06
4.45766 1.4382 160 205 2.06201e-06
4.45841 1.4382 160 205 2.09848e-06
4.45916 1.4382 160 205 2.13199e-06
4.45991 1.4382 160 205 2.16218e-06
4.46066 1.4382 160 205 2.18869e-06
4.46141 1.4382 160 205 2.21119e-06
4.46216 1.4382 160 205 2.22939e-06
4.46291 1.4382 160 205 2.24303e-06
4.46366 1.4382 160 205 2.25193e-06
4.46441 1.4382 160 205 2.25595e-06
4.46516 1.4382 160 205 2.25503e-06
4.46591 1.4382 160 205 2.24918e-06
4.46666 1.4382 160 205 2.23847e-06
4.46741 1.4382 160 205 2.22306e-06
4.46816 1.4382 160 205 2.20315e-06
4.46891 1.4382 160 205 2.17901e-06
4.46966 1.4382 160 205 2.15096e-06
4.47041 1.4382 160 205 2.11935e-06
4.47116 1.4382 160 205 2.08457e-06
4.47191 1.4382 160 205 2.04701e-06
4.47266 1.4382 160 205 2.00707e-06
4.47341 1.4382 160 205 1.96517e-06
4.47416 1.4382 160 205 1.9217e-06
4.47491 1.4382 160 205 1.87703e-06
4.47566 1.4382 160 205 1.83152e-06
4.47641 1.4382 160 205 1.78551e-06
4.47716 1.4382 160 205 1.73928e-06
4.47791 1.4382 160 205 1.69312e-06
4.47866 1.4382 160 205 1.64725e-06
4.47941 1.4382 160 205 1.6019e-06
4.48016 1.4382 160 205 1.55728e-06
4.48091 1.4382 160 205 1.51345e-06
4.48166 1.4382 160 205 1.4706e-06
4.48241 1.4382 160 205 1.42882e-06
4.48316 1.4382 160 205 1.38819e-06
4.48391 1.4382 160 205 1.34877e-06
4.48466 1.4382 160 205 1.31061e-06
4.48541 1.4382 160 205 1.27373e-06
4.48616 1.4382 160 205 1.23816e-06
4.48691 1.4382 160 205 1.2039e-06
4.48766 1.4382 160 205 1.17095e-06
4.48841 1.4382 160 205 1.13929e-06
4.48916 1.4382 160 205 1.10891e-06
4.48991 1.4382 160 205 1.07978e-06
4.49067 1.4382 160 205 1.05189e-06
4.49142 1.4382 160 205 1.02518e-06
4.49217 1.4382 160 205 9.99647e-07
4.49292 1.4382 160 205 9.75241e-07
4.49367 1.4382 160 205 9.5193e-07
4.49442 1.4382 160 205 9.29679e-07
4.49517 1.4382 160 205 9.08452e-07
4.49592 1.4382 160 205 8.88212e-07
4.49667 1.4382 160 205 8.68924e-07
4.49742 1.4382 160 205 8.50552e-07
4.49817 1.4382 160 205 8.33063e-07
4.49892 1.4382 160 205 8.16422e-07
4.49967 1.4382 160 205 8.00597e-07
4.50042 1.4382 160 205 7.85536e-07
4.50117 1.4382 160 205 7.7125e-07
4.50192 1.4382 160 205 7.57689e-07
4.50267 1.4382 160 205 7.44824e-07
4.50342 1.4382 160 205 7.32629e-07
4.50417 1.4382 160 205 7.21076e-07
4.50492 1.4382 160 205 7.10141e-07
4.50567 1.4382 160 205 6.998e-07
4.50642 1.4382 160 205 6.9003e-07
4.50717 1.4382 160 205 6.80808e-07
4.50792 1.4382 160 205 6.72113e-07
4.50867 1.4382 160 205 6.63925e-07
4.50942 1.4382 160 205 6.56223e-07
4.51017 1.4382 160 205 6.48988e-07
4.51092 1.4382 160 205 6.42203e-07
4.51167 1.4382 160 205 6.35851e-07
4.51242 1.4382 160 205 6.29913e-07
4.51317 1.4382 160 205 6.24375e-07
4.51392 1.4382 160 205 6.19222e-07
4.51467 1.4382 160 205 6.14438e-07
4.51542 1.4382 160 205 6.10011e-07
4.51617 1.4382 160 205 6.05929e-07
4.51692 1.4382 160 205 6.02179e-07
4.51767 1.4382 160 205 5.98751e-07
4.51842 1.4382 160 205 5.95637e-07
4.51917 1.4382 160 205 5.92827e-07
4.51992 1.4382 160 205 5.90315e-07
4.52067 1.4382 160 205 5.88094e-07
4.52142 1.4382 160 205 5.86161e-07
4.52217 1.4382 160 205 5.84511e-07
4.52292 1.4382 160 205 5.83144e-07
4.52367 1.4382 160 205 5.82057e-07
4.52442 1.4382 160 205 5.81251e-07
4.52517 1.4382 160 205 5.80727e-07
4.52592 1.4382 160 205 5.80487e-07
4.52667 1.4382 160 205 5.80533e-07
4.52742 1.4382 160 205 5.8087e-07
4.52817 1.4382 160 205 5.81501e-07
4.52892 1.4382 160 205 5.82432e-07
4.52967 1.4382 160 205 5.83668e-07
4.53042 1.4382 160 205 5.85214e-07
4.53117 1.4382 160 205 5.87078e-07
4.53192 1.4382 160 205 5.89265e-07
4.53267 1.4382 160 205 5.91783e-07
4.53342 1.4382 160 205 5.94639e-07
4.53417 1.4382 160 205 5.97842e-07
4.53492 1.4382 160 205 6.01398e-07
4.53567 1.4382 160 205 6.05316e-07
4.53642 1.4382 160 205 6.09606e-07
4.53717 1.4382 160 205 6.14277e-07
4.53792 1.4382 160 205 6.19338e-07
4.53867 1.4382 160 205 6.248e-07
4.53942 1.4382 160 205 6.30674e-07
4.54017 1.4382 160 205 6.36972e-07
4.54092 1.4382 160 205 6.43704e-07
4.54167 1.4382 160 205 6.50884e-07
4.54242 1.4382 160 205 6.58526e-07
4.54317 1.4382 160 205 6.66643e-07
4.54392 1.4382 160 205 6.75251e-07
4.54467 1.4382 160 205 6.84364e-07
4.54542 1.4382 160 205 6.94e-07
4.54617 1.4382 160 205 7.04176e-07
4.54692 1.4382 160 205 7.1491e-07
4.54767 1.4382 160 205 7.26221e-07
4.54842 1.4382 160 205 7.38129e-07
4.54917 1.4382 160 205 7.50655e-07
4.54992 1.4382 160 205 7.63821e-07
4.55068 1.4382 160 205 7.77649e-07
4.55143 1.4382 160 205 7.92163e-07
4.55218 1.4382 160 205 8.07387e-07
4.55293 1.4382 160 205 8.23347e-07
4.55368 1.4382 160 205 8.40067e-07
4.55443 1.4382 160 205 8.56482e-07
4.55518 1.4382 160 205 8.7477e-07
4.55593 1.4382 160 205 8.93898e-07
4.55668 1.4382 160 205 9.13895e-07
4.55743 1.4382 160 205 9.34786e-07
4.55818 1.4382 160 205 9.56601e-07
4.55893 1.4382 160 205 9.79364e-07
4.55968 1.4382 160 205 1.0031e-06
4.56043 1.4382 160 205 1.02784e-06
4.56118 1.4382 160 205 1.0536e-06
4.56193 1.4382 160 205 1.0804e-06
4.56268 1.4382 160 205 1.10826e-06
4.56343 1.4382 160 205 1.1372e-06
4.56418 1.4382 160 205 1.16721e-06
4.56493 1.4382 160 205 1.19832e-06
4.56568 1.4382 160 205 1.2305e-06
4.56643 1.4382 160 205 1.26377e-06
4.56718 1.4382 160 205 1.29809e-06
4.56793 1.4382 160 205 1.33344e-06
4.56868 1.4382 160 205 1.36978e-06
4.56943 1.4382 160 205 1.40707e-06
4.57018 1.4382 160 205 1.44523e-06
4.57093 1.4382 160 205 1.4842e-06
4.57168 1.4382 160 205 1.52388e-06
4.57243 1.4382 160 205 1.56415e-06
4.57318 1.4382 160 205 1.6049e-06
4.57393 1.4382 160 205 1.64597e-06
4.57468 1.4382 160 205 1.6872e-06
4.57543 1.4382 160 205 1.7284e-06
4.57618 1.4382 160 205 1.76939e-06
4.57693 1.4382 160 205 1.80992e-06
4.57768 1.4382 160 205 1.84977e-06
4.57843 1.4382 160 205 1.88869e-06
4.57918 1.4382 160 205 1.9264e-06
4.57993 1.4382 160 205 1.96265e-06
4.58068 1.4382 160 205 1.99715e-06
4.58143 1.4382 160 205 2.02962e-06
4.58218 1.4382 160 205 2.05979e-06
4.58293 1.4382 160 205 2.08739e-06
4.58368 1.4382 160 205 2.11216e-06
4.58443 1.4382 160 205 2.13389e-06
4.58518 1.4382 160 205 2.15235e-06
4.58593 1.4382 160 205 2.16737e-06
4.58668 1.4382 160 205 2.17881e-06
4.58743 1.4382 160 205 2.18656e-06
4.58818 1.4382 160 205 2.19056e-06
4.58893 1.4382 160 205 2.1908e-06
4.58968 1.4382 160 205 2.1873e-06
4.59043 1.4382 160 205 2.18015e-06
4.59118 1.4382 160 205 2.16944e-06
4.59193 1.4382 160 205 2.15535e-06
4.59268 1.4382 160 205 2.13805e-06
4.59343 1.4382 160 205 2.11778e-06
4.59418 1.4382 160 205 2.09476e-06
4.59493 1.4382 160 205 2.06927e-06
4.59568 1.4382 160 205 2.04156e-06
4.59643 1.4382 160 205 2.01191e-06
4.59718 1.4382 160 205 1.98058e-06
4.59793 1.4382 160 205 1.94783e-06
4.59868 1.4382 160 205 1.9139e-06
4.59943 1.4382 160 205 1.87902e-06
4.60018 1.4382 160 205 1.84339e-06
4.60093 1.4382 160 205 1.80721e-06
4.60168 1.4382 160 205 1.77062e-06
4.60243 1.4382 160 205 1.7338e-06
4.60318 1.4382 160 205 1.69685e-06
4.60393 1.4382 160 205 1.65989e-06
4.60468 1.4382 160 205 1.62302e-06
4.60543 1.4382 160 205 1.58633e-06
4.60618 1.4382 160 205 1.54988e-06
4.60693 1.4382 160 205 1.51374e-06
4.60768 1.4382 160 205 1.47796e-06
4.60843 1.4382 160 205 1.4426e-06
4.60918 1.4382 160 205 1.40771e-06
4.60993 1.4382 160 205 1.37333e-06
4.61069 1.4382 160 205 1.3395e-06
4.61144 1.4382 160 205 1.30625e-06
4.61219 1.4382 160 205 1.27362e-06
4.61294 1.4382 160 205 1.24165e-06
4.61369 1.4382 160 205 1.21036e-06
4.61444 1.4382 160 205 1.17977e-06
4.61519 1.4382 160 205 1.14991e-06
4.61594 1.4382 160 205 1.1208e-06
4.61669 1.4382 160 205 1.09245e-06
4.61744 1.4382 160 205 1.06488e-06
4.61819 1.4382 160 205 1.0381e-06
4.61894 1.4382 160 205 1.0121e-06
4.61969 1.4382 160 205 9.86897e-07
4.62044 1.4382 160 205 9.62485e-07
4.62119 1.4382 160 205 9.38862e-07
4.62194 1.4382 160 205 9.16021e-07
4.62269 1.4382 160 205 8.93953e-07
4.62344 1.4382 160 205 8.72648e-07
4.62419 1.4382 160 205 8.52094e-07
4.62494 1.4382 160 205 8.32275e-07
4.62569 1.4382 160 205 8.13175e-07
4.62644 1.4382 160 205 7.94778e-07
4.62719 1.4382 160 205 7.77066e-07
4.62794 1.4382 160 205 7.6002e-07
4.62869 1.4382 160 205 7.43619e-07
4.62944 1.4382 160 205 7.27844e-07
4.63019 1.4382 160 205 7.12675e-07
4.63094 1.4382 160 205 6.98091e-07
4.63169 1.4382 160 205 6.84071e-07
4.63244 1.4382 160 205 6.70594e-07
4.63319 1.4382 160 205 6.57641e-07
4.63394 1.4382 160 205 6.45189e-07
4.63469 1.4382 160 205 6.3322e-07
4.63544 1.4382 160 205 6.21712e-07
4.63619 1.4382 160 205 6.10647e-07
4.63694 1.4382 160 205 6.00005e-07
4.63769 1.4382 160 205 5.89767e-07
4.63844 1.4382 160 205 5.79912e-07
4.63919 1.4382 160 205 5.70427e-07
4.63994 1.4382 160 205 5.61292e-07
4.64069 1.4382 160 205 5.52492e-07
4.64144 1.4382 160 205 5.44008e-07
4.64219 1.4382 160 205 5.35827e-07
4.64294 1.4382 160 205 5.27933e-07
4.64369 1.4382 160 205 5.20312e-07
4.64444 1.4382 160 205 5.1295e-07
4.64519 1.4382 160 205 5.05834e-07
4.64594 1.4382 160 205 4.98952e-07
4.64669 1.4382 160 205 4.92292e-07
4.64744 1.4382 160 205 4.85842e-07
4.64819 1.4382 160 205 4.79592e-07
4.64894 1.4382 160 205 4.7353e-07
4.64969 1.4382 160 205 4.67645e-07
4.65044 1.4382 160 205 4.61931e-07
4.65119 1.4382 160 205 4.56377e-07
4.65194 1.4382 160 205 4.50972e-07
4.65269 1.4382 160 205 4.45709e-07
4.65344 1.4382 160 205 4.4058e-07
4.65419 1.4382 160 205 4.35574e-07
4.65494 1.4382 160 205 4.30686e-07
4.65569 1.4382 160 205 4.2591e-07
4.65644 1.4382 160 205 4.21235e-07
4.65719 1.4382 160 205 4.16656e-07
4.65794 1.4382 160 205 4.1217e-07
4.65869 1.4382 160 205 4.0777e-07
4.65944 1.4382 160 205 4.03454e-07
4.66019 1.4382 160 205 3.99219e-07
4.66094 1.4382 160 205 3.95064e-07
4.66169 1.4382 160 205 3.90989e-07
4.66244 1.4382 160 205 3.86996e-07
4.66319 1.4382 160 205 3.83087e-07
4.66394 1.4382 160 205 3.7926e-07
4.66469 1.4382 160 205 3.75537e-07
4.66544 1.4382 160 205 3.71918e-07
4.66619 1.4382 160 205 3.68417e-07
4.66694 1.4382 160 205 3.65046e-07
4.66769 1.4382 160 205 3.61822e-07
4.66844 1.4382 160 205 3.58766e-07
4.66919 1.4382 160 205 3.55901e-07
4.66994 1.4382 160 205 3.53253e-07
4.6707 1.4382 160 205 3.50854e-07
4.67145 1.4382 160 205 3.48739e-07
4.6722 1.4382 160 205 3.46947e-07
4.67295 1.4382 160 205 3.45522e-07
4.6737 1.4382 160 205 3.44512e-07
4.67445 1.4382 160 205 3.4397e-07
4.6752 1.4382 160 205 3.43952e-07
4.67595 1.4382 160 205 3.4452e-07
4.6767 1.4382 160 205 3.45735e-07
4.67745 1.4382 160 205 3.47664e-07
4.6782 1.4382 160 205 3.50372e-07
4.67895 1.4382 160 205 3.53925e-07
4.6797 1.4382 160 205 3.58385e-07
4.68045 1.4382 160 205 3.63808e-07
4.6812 1.4382 160 205 3.70252e-07
4.68195 1.4382 160 205 3.77757e-07
4.6827 1.4382 160 205 3.86354e-07
4.68345 1.4382 160 205 3.96062e-07
4.6842 1.4382 160 205 4.06883e-07
4.68495 1.4382 160 205 4.18771e-07
4.6857 1.4382 160 205 4.31759e-07
4.68645 1.4382 160 205 4.45762e-07
4.6872 1.4382 160 205 4.60711e-07
4.68795 1.4382 160 205 4.76518e-07
4.6887 1.4382 160 205 4.9308e-07
4.68945 1.4382 160 205 5.10279e-07
4.6902 1.4382 160 205 5.27988e-07
4.69095 1.4382 160 205 5.46074e-07
4.6917 1.4382 160 205 5.64403e-07
4.69245 1.4382 160 205 5.82833e-07
4.6932 1.4382 160 205 6.01239e-07
4.69395 1.4382 160 205 6.19498e-07
4.6947 1.4382 160 205 6.37503e-07
4.69545 1.4382 160 205 6.55161e-07
4.6962 1.4382 160 205 6.72397e-07
4.69695 1.4382 160 205 6.89151e-07
4.6977 1.4382 160 205 7.05386e-07
4.69845 1.4382 160 205 7.21082e-07
4.6992 1.4382 160 205 7.36235e-07
4.69995 1.4382 160 205 7.5086e-07
4.7007 1.4382 160 205 7.64985e-07
4.70145 1.4382 160 205 7.78649e-07
4.7022 1.4382 160 205 7.91903e-07
4.70295 1.4382 160 205 8.04805e-07
4.7037 1.4382 160 205 8.17417e-07
4.70445 1.4382 160 205 8.29803e-07
4.7052 1.4382 160 205 8.42031e-07
4.70595 1.4382 160 205 8.54163e-07
4.7067 1.4382 160 205 8.66262e-07
4.70745 1.4382 160 205 8.78381e-07
4.7082 1.4382 160 205 8.90572e-07
4.70895 1.4382 160 205 9.02878e-07
4.7097 1.4382 160 205 9.15332e-07
4.71045 1.4382 160 205 9.2796e-07
4.7112 1.4382 160 205 9.40779e-07
4.71195 1.4382 160 205 9.53796e-07
4.7127 1.4382 160 205 9.67009e-07
4.71345 1.4382 160 205 9.80406e-07
4.7142 1.4382 160 205 9.93964e-07
4.71495 1.4382 160 205 1.00765e-06
4.7157 1.4382 160 205 1.02143e-06
4.71645 1.4382 160 205 1.03526e-06
