0.5 1.4382 160 240 1.05496e-06
0.50075 1.4382 160 240 1.07309e-06
0.5015 1.4382 160 240 1.09176e-06
0.50225 1.4382 160 240 1.11101e-06
0.503001 1.4382 160 240 1.13075e-06
0.503751 1.4382 160 240 1.15114e-06
0.504501 1.4382 160 240 1.17203e-06
0.505251 1.4382 160 240 1.19371e-06
0.506001 1.4382 160 240 1.21604e-06
0.506751 1.4382 160 240 1.23904e-06
0.507501 1.4382 160 240 1.26282e-06
0.508251 1.4382 160 240 1.28734e-06
0.509002 1.4382 160 240 1.31256e-06
0.509752 1.4382 160 240 1.33869e-06
0.510502 1.4382 160 240 1.36557e-06
0.511252 1.4382 160 240 1.3935e-06
0.512002 1.4382 160 240 1.42231e-06
0.512752 1.4382 160 240 1.45212e-06
0.513502 1.4382 160 240 1.48302e-06
0.514252 1.4382 160 240 1.51496e-06
0.515003 1.4382 160 240 1.54792e-06
0.515753 1.4382 160 240 1.58217e-06
0.516503 1.4382 160 240 1.61752e-06
0.517253 1.4382 160 240 1.65432e-06
0.518003 1.4382 160 240 1.69249e-06
0.518753 1.4382 160 240 1.73211e-06
0.519503 1.4382 160 240 1.77324e-06
0.520253 1.4382 160 240 1.81597e-06
0.521004 1.4382 160 240 1.8602e-06
0.521754 1.4382 160 240 1.90634e-06
0.522504 1.4382 160 240 1.95414e-06
0.523254 1.4382 160 240 2.00417e-06
0.524004 1.4382 160 240 2.0562e-06
0.524754 1.4382 160 240 2.11044e-06
0.525504 1.4382 160 240 2.16699e-06
0.526254 1.4382 160 240 2.22604e-06
0.527005 1.4382 160 240 2.28743e-06
0.527755 1.4382 160 240 2.35182e-06
0.528505 1.4382 160 240 2.41881e-06
0.529255 1.4382 160 240 2.48926e-06
0.530005 1.4382 160 240 2.5629e-06
0.530755 1.4382 160 240 2.64012e-06
0.531505 1.4382 160 240 2.72114e-06
0.532255 1.4382 160 240 2.80616e-06
0.533006 1.4382 160 240 2.89545e-06
0.533756 1.4382 160 240 2.98892e-06
0.534506 1.4382 160 240 3.08727e-06
0.535256 1.4382 160 240 3.1913e-06
0.536006 1.4382 160 240 3.30093e-06
0.536756 1.4382 160 240 3.41658e-06
0.537506 1.4382 160 240 3.53883e-06
0.538256 1.4382 160 240 3.66812e-06
0.539007 1.4382 160 240 3.80508e-06
0.539757 1.4382 160 240 3.94973e-06
0.540507 1.4382 160 240 4.10326e-06
0.541257 1.4382 160 240 4.26698e-06
0.542007 1.4382 160 240 4.44138e-06
0.542757 1.4382 160 240 4.62724e-06
0.543507 1.4382 160 240 4.82561e-06
0.544257 1.4382 160 240 5.0379e-06
0.545008 1.4382 160 240 5.26533e-06
0.545758 1.4382 160 240 5.50944e-06
0.546508 1.4382 160 240 5.77117e-06
0.547258 1.4382 160 240 6.0531e-06
0.548008 1.4382 160 240 6.35849e-06
0.548758 1.4382 160 240 6.6891e-06
0.549508 1.4382 160 240 7.0479e-06
0.550258 1.4382 160 240 7.43818e-06
0.551009 1.4382 160 240 7.86414e-06
0.551759 1.4382 160 240 8.33034e-06
0.552509 1.4382 160 240 8.84213e-06
0.553259 1.4382 160 240 9.40429e-06
0.554009 1.4382 160 240 1.00264e-05
0.554759 1.4382 160 240 1.0719e-05
0.555509 1.4382 160 240 1.14913e-05
0.556259 1.4382 160 240 1.2357e-05
0.55701 1.4382 160 240 1.33325e-05
0.55776 1.4382 160 240 1.44379e-05
0.55851 1.4382 160 240 1.56991e-05
0.55926 1.4382 160 240 1.71482e-05
0.56001 1.4382 160 240 1.88251e-05
0.56076 1.4382 160 240 2.07756e-05
0.56151 1.4382 160 240 2.3084e-05
0.56226 1.4382 160 240 2.58336e-05
0.563011 1.4382 160 240 2.91509e-05
0.563761 1.4382 160 240 3.32069e-05
0.564511 1.4382 160 240 3.82431e-05
0.565261 1.4382 160 240 4.46035e-05
0.566011 1.4382 160 240 5.27962e-05
0.566761 1.4382 160 240 6.3571e-05
0.567511 1.4382 160 240 7.80354e-05
0.568261 1.4382 160 240 9.79958e-05
0.569012 1.4382 160 240 0.00012602
0.569762 1.4382 160 240 0.000165623
0.570512 1.4382 160 240 0.000219971
0.571262 1.4382 160 240 0.000286345
0.572012 1.4382 160 240 0.000344482
0.572762 1.4382 160 240 0.000358382
0.573512 1.4382 160 240 0.000318232
0.574262 1.4382 160 240 0.000255748
0.575013 1.4382 160 240 0.000200142
0.575763 1.4382 160 240 0.000159749
0.576513 1.4382 160 240 0.000133006
0.577263 1.4382 160 240 0.000116495
0.578013 1.4382 160 240 0.000107538
0.578763 1.4382 160 240 0.000104499
0.579513 1.4382 160 240 0.000106606
0.580263 1.4382 160 240 0.000113818
0.581014 1.4382 160 240 0.00012677
0.581764 1.4382 160 240 0.000146918
0.582514 1.4382 160 240 0.000176677
0.583264 1.4382 160 240 0.000220232
0.584014 1.4382 160 240 0.000283377
0.584764 1.4382 160 240 0.000373221
0.585514 1.4382 160 240 0.000492676
0.586264 1.4382 160 240 0.000623884
0.587015 1.4382 160 240 0.000708428
0.587765 1.4382 160 240 0.00068419
0.588515 1.4382 160 240 0.000570223
0.589265 1.4382 160 240 0.000437461
0.590015 1.4382 160 240 0.000327561
0.590765 1.4382 160 240 0.00024674
0.591515 1.4382 160 240 0.000189437
0.592265 1.4382 160 240 0.00014869
0.593016 1.4382 160 240 0.00011922
0.593766 1.4382 160 240 9.74626e-05
0.594516 1.4382 160 240 8.1049e-05
0.595266 1.4382 160 240 6.84118e-05
0.596016 1.4382 160 240 5.85017e-05
0.596766 1.4382 160 240 5.06015e-05
0.597516 1.4382 160 240 4.42099e-05
0.598266 1.4382 160 240 3.89597e-05
0.599017 1.4382 160 240 3.46078e-05
0.599767 1.4382 160 240 3.09569e-05
0.600517 1.4382 160 240 2.78649e-05
0.601267 1.4382 160 240 2.52226e-05
0.602017 1.4382 160 240 2.29468e-05
0.602767 1.4382 160 240 2.09732e-05
0.603517 1.4382 160 240 1.92495e-05
0.604267 1.4382 160 240 1.77354e-05
0.605018 1.4382 160 240 1.63984e-05
0.605768 1.4382 160 240 1.52107e-05
0.606518 1.4382 160 240 1.41494e-05
0.607268 1.4382 160 240 1.32008e-05
0.608018 1.4382 160 240 1.23475e-05
0.608768 1.4382 160 240 1.15773e-05
0.609518 1.4382 160 240 1.08795e-05
0.610268 1.4382 160 240 1.02453e-05
0.611019 1.4382 160 240 9.66678e-06
0.611769 1.4382 160 240 9.13812e-06
0.612519 1.4382 160 240 8.65298e-06
0.613269 1.4382 160 240 8.20746e-06
0.614019 1.4382 160 240 7.79586e-06
0.614769 1.4382 160 240 7.41524e-06
0.615519 1.4382 160 240 7.06423e-06
0.616269 1.4382 160 240 6.73862e-06
0.61702 1.4382 160 240 6.43631e-06
0.61777 1.4382 160 240 6.15493e-06
0.61852 1.4382 160 240 5.89232e-06
0.61927 1.4382 160 240 5.64699e-06
0.62002 1.4382 160 240 5.41756e-06
0.62077 1.4382 160 240 5.20266e-06
0.62152 1.4382 160 240 5.00109e-06
0.62227 1.4382 160 240 4.81095e-06
0.623021 1.4382 160 240 4.63268e-06
0.623771 1.4382 160 240 4.46408e-06
0.624521 1.4382 160 240 4.30573e-06
0.625271 1.4382 160 240 4.15616e-06
0.626021 1.4382 160 240 4.01486e-06
0.626771 1.4382 160 240 3.88117e-06
0.627521 1.4382 160 240 3.75444e-06
0.628271 1.4382 160 240 3.63433e-06
0.629022 1.4382 160 240 3.52045e-06
0.629772 1.4382 160 240 3.41219e-06
0.630522 1.4382 160 240 3.30883e-06
0.631272 1.4382 160 240 3.21081e-06
0.632022 1.4382 160 240 3.11761e-06
0.632772 1.4382 160 240 3.0281e-06
0.633522 1.4382 160 240 2.94327e-06
0.634272 1.4382 160 240 2.86232e-06
0.635023 1.4382 160 240 2.78498e-06
0.635773 1.4382 160 240 2.71113e-06
0.636523 1.4382 160 240 2.64052e-06
0.637273 1.4382 160 240 2.57282e-06
0.638023 1.4382 160 240 2.50793e-06
0.638773 1.4382 160 240 2.44588e-06
0.639523 1.4382 160 240 2.386e-06
0.640273 1.4382 160 240 2.32891e-06
0.641024 1.4382 160 240 2.27412e-06
0.641774 1.4382 160 240 2.22097e-06
0.642524 1.4382 160 240 2.17035e-06
0.643274 1.4382 160 240 2.12175e-06
0.644024 1.4382 160 240 2.07494e-06
0.644774 1.4382 160 240 2.02994e-06
0.645524 1.4382 160 240 1.98651e-06
0.646274 1.4382 160 240 1.94479e-06
0.647025 1.4382 160 240 1.90444e-06
0.647775 1.4382 160 240 1.86567e-06
0.648525 1.4382 160 240 1.82807e-06
0.649275 1.4382 160 240 1.79209e-06
0.650025 1.4382 160 240 1.7572e-06
0.650775 1.4382 160 240 1.72319e-06
0.651525 1.4382 160 240 1.69067e-06
0.652275 1.4382 160 240 1.6593e-06
0.653026 1.4382 160 240 1.62891e-06
0.653776 1.4382 160 240 1.59961e-06
0.654526 1.4382 160 240 1.57128e-06
0.655276 1.4382 160 240 1.54381e-06
0.656026 1.4382 160 240 1.51727e-06
0.656776 1.4382 160 240 1.49154e-06
0.657526 1.4382 160 240 1.46667e-06
0.658276 1.4382 160 240 1.44247e-06
0.659027 1.4382 160 240 1.41905e-06
0.659777 1.4382 160 240 1.39642e-06
0.660527 1.4382 160 240 1.3742e-06
0.661277 1.4382 160 240 1.35298e-06
0.662027 1.4382 160 240 1.33241e-06
0.662777 1.4382 160 240 1.31241e-06
0.663527 1.4382 160 240 1.29299e-06
0.664277 1.4382 160 240 1.27418e-06
0.665028 1.4382 160 240 1.25588e-06
0.665778 1.4382 160 240 1.23813e-06
0.666528 1.4382 160 240 1.22093e-06
0.667278 1.4382 160 240 1.2042e-06
0.668028 1.4382 160 240 1.18797e-06
0.668778 1.4382 160 240 1.17218e-06
0.669528 1.4382 160 240 1.15686e-06
0.670278 1.4382 160 240 1.1421e-06
0.671029 1.4382 160 240 1.12752e-06
0.671779 1.4382 160 240 1.11343e-06
0.672529 1.4382 160 240 1.09974e-06
0.673279 1.4382 160 240 1.08653e-06
0.674029 1.4382 160 240 1.0736e-06
0.674779 1.4382 160 240 1.0611e-06
0.675529 1.4382 160 240 1.04897e-06
0.676279 1.4382 160 240 1.03718e-06
0.67703 1.4382 160 240 1.02572e-06
0.67778 1.4382 160 240 1.01458e-06
0.67853 1.4382 160 240 1.00371e-06
0.67928 1.4382 160 240 9.93157e-07
0.68003 1.4382 160 240 9.82984e-07
0.68078 1.4382 160 240 9.72888e-07
0.68153 1.4382 160 240 9.63255e-07
0.68228 1.4382 160 240 9.53779e-07
0.683031 1.4382 160 240 9.44719e-07
0.683781 1.4382 160 240 9.35814e-07
0.684531 1.4382 160 240 9.27378e-07
0.685281 1.4382 160 240 9.18924e-07
0.686031 1.4382 160 240 9.10854e-07
0.686781 1.4382 160 240 9.02947e-07
0.687531 1.4382 160 240 8.95308e-07
0.688281 1.4382 160 240 8.88076e-07
0.689032 1.4382 160 240 8.80855e-07
0.689782 1.4382 160 240 8.73932e-07
0.690532 1.4382 160 240 8.67262e-07
0.691282 1.4382 160 240 8.60719e-07
0.692032 1.4382 160 240 8.54475e-07
0.692782 1.4382 160 240 8.48424e-07
0.693532 1.4382 160 240 8.42628e-07
0.694282 1.4382 160 240 8.36885e-07
0.695033 1.4382 160 240 8.31373e-07
0.695783 1.4382 160 240 8.26014e-07
0.696533 1.4382 160 240 8.21027e-07
0.697283 1.4382 160 240 8.16083e-07
0.698033 1.4382 160 240 8.11412e-07
0.698783 1.4382 160 240 8.0724e-07
0.699533 1.4382 160 240 8.03055e-07
0.700283 1.4382 160 240 7.98811e-07
0.701034 1.4382 160 240 7.94858e-07
0.701784 1.4382 160 240 7.91046e-07
0.702534 1.4382 160 240 7.87658e-07
0.703284 1.4382 160 240 7.84474e-07
0.704034 1.4382 160 240 7.81268e-07
0.704784 1.4382 160 240 7.78155e-07
0.705534 1.4382 160 240 7.75374e-07
0.706284 1.4382 160 240 7.72672e-07
0.707035 1.4382 160 240 7.70199e-07
0.707785 1.4382 160 240 7.68081e-07
0.708535 1.4382 160 240 7.66006e-07
0.709285 1.4382 160 240 7.64091e-07
0.710035 1.4382 160 240 7.6254e-07
0.710785 1.4382 160 240 7.60716e-07
0.711535 1.4382 160 240 7.5931e-07
0.712285 1.4382 160 240 7.5796e-07
0.713036 1.4382 160 240 7.56742e-07
0.713786 1.4382 160 240 7.5641e-07
0.714536 1.4382 160 240 7.55651e-07
0.715286 1.4382 160 240 7.54942e-07
0.716036 1.4382 160 240 7.54005e-07
0.716786 1.4382 160 240 7.53176e-07
0.717536 1.4382 160 240 7.52326e-07
0.718286 1.4382 160 240 7.51479e-07
0.719037 1.4382 160 240 7.50413e-07
0.719787 1.4382 160 240 7.49303e-07
0.720537 1.4382 160 240 7.47436e-07
0.721287 1.4382 160 240 7.45207e-07
0.722037 1.4382 160 240 7.41752e-07
0.722787 1.4382 160 240 7.37539e-07
0.723537 1.4382 160 240 7.32522e-07
0.724287 1.4382 160 240 7.24752e-07
0.725038 1.4382 160 240 7.14444e-07
0.725788 1.4382 160 240 7.00961e-07
0.726538 1.4382 160 240 6.82051e-07
0.727288 1.4382 160 240 6.56549e-07
0.728038 1.4382 160 240 6.22431e-07
0.728788 1.4382 160 240 5.75456e-07
0.729538 1.4382 160 240 5.1256e-07
0.730288 1.4382 160 240 4.25544e-07
0.731039 1.4382 160 240 3.0822e-07
0.731789 1.4382 160 240 1.45753e-07
0.732539 1.4382 160 240 -8.4871e-08
0.733289 1.4382 160 240 -4.03743e-07
0.734039 1.4382 160 240 -8.46856e-07
0.734789 1.4382 160 240 -1.45714e-06
0.735539 1.4382 160 240 -2.28799e-06
0.736289 1.4382 160 240 -3.37539e-06
0.73704 1.4382 160 240 -4.6645e-06
0.73779 1.4382 160 240 -6.02439e-06
0.73854 1.4382 160 240 -6.77788e-06
0.73929 1.4382 160 240 -6.3166e-06
0.74004 1.4382 160 240 -4.34981e-06
0.74079 1.4382 160 240 -1.47361e-06
0.74154 1.4382 160 240 1.2029e-06
0.74229 1.4382 160 240 2.96308e-06
0.743041 1.4382 160 240 3.75746e-06
0.743791 1.4382 160 240 3.89684e-06
0.744541 1.4382 160 240 3.69364e-06
0.745291 1.4382 160 240 3.34764e-06
0.746041 1.4382 160 240 2.97091e-06
0.746791 1.4382 160 240 2.61078e-06
0.747541 1.4382 160 240 2.28594e-06
0.748291 1.4382 160 240 1.99292e-06
0.749042 1.4382 160 240 1.7253e-06
0.749792 1.4382 160 240 1.47159e-06
0.750542 1.4382 160 240 1.22768e-06
0.751292 1.4382 160 240 9.60117e-07
0.752042 1.4382 160 240 6.58081e-07
0.752792 1.4382 160 240 3.01479e-07
0.753542 1.4382 160 240 -1.42769e-07
0.754292 1.4382 160 240 -7.11999e-07
0.755043 1.4382 160 240 -1.46091e-06
0.755793 1.4382 160 240 -2.46388e-06
0.756543 1.4382 160 240 -3.81778e-06
0.757293 1.4382 160 240 -5.69354e-06
0.758043 1.4382 160 240 -7.95464e-06
0.758793 1.4382 160 240 -1.05303e-05
0.759543 1.4382 160 240 -1.28815e-05
0.760293 1.4382 160 240 -1.39485e-05
0.761044 1.4382 160 240 -1.25388e-05
0.761794 1.4382 160 240 -8.35049e-06
0.762544 1.4382 160 240 -2.69022e-06
0.763294 1.4382 160 240 2.43344e-06
0.764044 1.4382 160 240 5.73758e-06
0.764794 1.4382 160 240 7.24224e-06
0.765544 1.4382 160 240 7.53606e-06
0.766294 1.4382 160 240 7.19614e-06
0.767045 1.4382 160 240 6.6105e-06
0.767795 1.4382 160 240 5.99195e-06
0.768545 1.4382 160 240 5.44361e-06
0.769295 1.4382 160 240 5.00297e-06
0.770045 1.4382 160 240 4.72746e-06
0.770795 1.4382 160 240 4.5101e-06
0.771545 1.4382 160 240 4.39112e-06
0.772295 1.4382 160 240 4.34062e-06
0.773046 1.4382 160 240 4.30781e-06
0.773796 1.4382 160 240 4.23076e-06
0.774546 1.4382 160 240 4.06005e-06
0.775296 1.4382 160 240 3.7874e-06
0.776046 1.4382 160 240 3.44543e-06
0.776796 1.4382 160 240 3.08314e-06
0.777546 1.4382 160 240 2.74079e-06
0.778296 1.4382 160 240 2.43722e-06
0.779047 1.4382 160 240 2.17769e-06
0.779797 1.4382 160 240 1.9601e-06
0.780547 1.4382 160 240 1.77879e-06
0.781297 1.4382 160 240 1.62701e-06
0.782047 1.4382 160 240 1.49975e-06
0.782797 1.4382 160 240 1.39998e-06
0.783547 1.4382 160 240 1.30806e-06
0.784297 1.4382 160 240 1.22946e-06
0.785048 1.4382 160 240 1.1616e-06
0.785798 1.4382 160 240 1.10295e-06
0.786548 1.4382 160 240 1.05164e-06
0.787298 1.4382 160 240 1.00661e-06
0.788048 1.4382 160 240 9.66803e-07
0.788798 1.4382 160 240 9.3165e-07
0.789548 1.4382 160 240 9.00204e-07
0.790298 1.4382 160 240 8.72093e-07
0.791049 1.4382 160 240 8.46949e-07
0.791799 1.4382 160 240 8.24345e-07
0.792549 1.4382 160 240 8.03875e-07
0.793299 1.4382 160 240 7.85391e-07
0.794049 1.4382 160 240 7.68746e-07
0.794799 1.4382 160 240 7.53537e-07
0.795549 1.4382 160 240 7.39626e-07
0.796299 1.4382 160 240 7.27047e-07
0.79705 1.4382 160 240 7.17834e-07
0.7978 1.4382 160 240 7.07214e-07
0.79855 1.4382 160 240 6.97417e-07
0.7993 1.4382 160 240 6.88533e-07
0.80005 1.4382 160 240 6.80342e-07
0.8008 1.4382 160 240 6.72908e-07
0.80155 1.4382 160 240 6.66035e-07
0.8023 1.4382 160 240 6.59823e-07
0.803051 1.4382 160 240 6.54062e-07
0.803801 1.4382 160 240 6.48806e-07
0.804551 1.4382 160 240 6.44076e-07
0.805301 1.4382 160 240 6.3971e-07
0.806051 1.4382 160 240 6.3576e-07
0.806801 1.4382 160 240 6.32148e-07
0.807551 1.4382 160 240 6.2893e-07
0.808301 1.4382 160 240 6.25971e-07
0.809052 1.4382 160 240 6.23335e-07
0.809802 1.4382 160 240 6.20977e-07
0.810552 1.4382 160 240 6.189e-07
0.811302 1.4382 160 240 6.18088e-07
0.812052 1.4382 160 240 6.16478e-07
0.812802 1.4382 160 240 6.15057e-07
0.813552 1.4382 160 240 6.13882e-07
0.814302 1.4382 160 240 6.12921e-07
0.815053 1.4382 160 240 6.12164e-07
0.815803 1.4382 160 240 6.11588e-07
0.816553 1.4382 160 240 6.1121e-07
0.817303 1.4382 160 240 6.10989e-07
0.818053 1.4382 160 240 6.10937e-07
0.818803 1.4382 160 240 6.11036e-07
0.819553 1.4382 160 240 6.11373e-07
0.820303 1.4382 160 240 6.118e-07
0.821054 1.4382 160 240 6.12368e-07
0.821804 1.4382 160 240 6.13082e-07
0.822554 1.4382 160 240 6.13957e-07
0.823304 1.4382 160 240 6.14963e-07
0.824054 1.4382 160 240 6.16086e-07
0.824804 1.4382 160 240 6.17353e-07
0.825554 1.4382 160 240 6.19286e-07
0.826304 1.4382 160 240 6.20782e-07
0.827055 1.4382 160 240 6.22421e-07
0.827805 1.4382 160 240 6.24168e-07
0.828555 1.4382 160 240 6.26045e-07
0.829305 1.4382 160 240 6.28044e-07
0.830055 1.4382 160 240 6.30164e-07
0.830805 1.4382 160 240 6.32397e-07
0.831555 1.4382 160 240 6.34758e-07
0.832305 1.4382 160 240 6.37222e-07
0.833056 1.4382 160 240 6.39813e-07
0.833806 1.4382 160 240 6.4251e-07
0.834556 1.4382 160 240 6.45335e-07
0.835306 1.4382 160 240 6.48302e-07
0.836056 1.4382 160 240 6.51353e-07
0.836806 1.4382 160 240 6.54521e-07
0.837556 1.4382 160 240 6.57816e-07
0.838306 1.4382 160 240 6.61229e-07
0.839057 1.4382 160 240 6.64749e-07
0.839807 1.4382 160 240 6.68392e-07
0.840557 1.4382 160 240 6.72152e-07
0.841307 1.4382 160 240 6.76313e-07
0.842057 1.4382 160 240 6.80307e-07
0.842807 1.4382 160 240 6.84427e-07
0.843557 1.4382 160 240 6.8867e-07
0.844307 1.4382 160 240 6.93049e-07
0.845058 1.4382 160 240 6.97551e-07
0.845808 1.4382 160 240 7.02182e-07
0.846558 1.4382 160 240 7.06942e-07
0.847308 1.4382 160 240 7.11844e-07
0.848058 1.4382 160 240 7.16873e-07
0.848808 1.4382 160 240 7.22043e-07
0.849558 1.4382 160 240 7.27353e-07
0.850308 1.4382 160 240 7.32805e-07
0.851059 1.4382 160 240 7.38406e-07
0.851809 1.4382 160 240 7.4415e-07
0.852559 1.4382 160 240 7.50045e-07
0.853309 1.4382 160 240 7.56095e-07
0.854059 1.4382 160 240 7.62303e-07
0.854809 1.4382 160 240 7.68669e-07
0.855559 1.4382 160 240 7.75198e-07
0.856309 1.4382 160 240 7.81894e-07
0.85706 1.4382 160 240 7.88891e-07
0.85781 1.4382 160 240 7.95927e-07
0.85856 1.4382 160 240 8.03141e-07
0.85931 1.4382 160 240 8.10538e-07
0.86006 1.4382 160 240 8.18125e-07
0.86081 1.4382 160 240 8.25904e-07
0.86156 1.4382 160 240 8.33879e-07
0.86231 1.4382 160 240 8.42054e-07
0.863061 1.4382 160 240 8.50438e-07
0.863811 1.4382 160 240 8.59034e-07
0.864561 1.4382 160 240 8.67848e-07
0.865311 1.4382 160 240 8.76886e-07
0.866061 1.4382 160 240 8.86153e-07
0.866811 1.4382 160 240 8.9566e-07
0.867561 1.4382 160 240 9.05407e-07
0.868311 1.4382 160 240 9.15367e-07
0.869062 1.4382 160 240 9.25617e-07
0.869812 1.4382 160 240 9.36133e-07
0.870562 1.4382 160 240 9.46924e-07
0.871312 1.4382 160 240 9.57993e-07
0.872062 1.4382 160 240 9.69352e-07
0.872812 1.4382 160 240 9.8101e-07
0.873562 1.4382 160 240 9.92988e-07
0.874312 1.4382 160 240 1.00526e-06
0.875063 1.4382 160 240 1.01787e-06
0.875813 1.4382 160 240 1.03081e-06
0.876563 1.4382 160 240 1.0441e-06
0.877313 1.4382 160 240 1.05774e-06
0.878063 1.4382 160 240 1.07176e-06
0.878813 1.4382 160 240 1.08616e-06
0.879563 1.4382 160 240 1.10096e-06
0.880313 1.4382 160 240 1.11617e-06
0.881064 1.4382 160 240 1.13181e-06
0.881814 1.4382 160 240 1.14789e-06
0.882564 1.4382 160 240 1.16442e-06
0.883314 1.4382 160 240 1.18142e-06
0.884064 1.4382 160 240 1.19892e-06
0.884814 1.4382 160 240 1.21691e-06
0.885564 1.4382 160 240 1.23534e-06
0.886314 1.4382 160 240 1.2544e-06
0.887065 1.4382 160 240 1.27403e-06
0.887815 1.4382 160 240 1.29425e-06
0.888565 1.4382 160 240 1.31509e-06
0.889315 1.4382 160 240 1.33655e-06
0.890065 1.4382 160 240 1.35868e-06
0.890815 1.4382 160 240 1.38138e-06
0.891565 1.4382 160 240 1.4049e-06
0.892315 1.4382 160 240 1.42917e-06
0.893066 1.4382 160 240 1.45421e-06
0.893816 1.4382 160 240 1.48004e-06
0.894566 1.4382 160 240 1.50673e-06
0.895316 1.4382 160 240 1.53429e-06
0.896066 1.4382 160 240 1.56276e-06
0.896816 1.4382 160 240 1.59219e-06
0.897566 1.4382 160 240 1.62261e-06
0.898316 1.4382 160 240 1.65409e-06
0.899067 1.4382 160 240 1.68665e-06
0.899817 1.4382 160 240 1.72036e-06
0.900567 1.4382 160 240 1.75527e-06
0.901317 1.4382 160 240 1.79142e-06
0.902067 1.4382 160 240 1.82888e-06
0.902817 1.4382 160 240 1.86772e-06
0.903567 1.4382 160 240 1.90776e-06
0.904317 1.4382 160 240 1.94955e-06
0.905068 1.4382 160 240 1.99291e-06
0.905818 1.4382 160 240 2.03798e-06
0.906568 1.4382 160 240 2.0848e-06
0.907318 1.4382 160 240 2.13347e-06
0.908068 1.4382 160 240 2.18379e-06
0.908818 1.4382 160 240 2.23647e-06
0.909568 1.4382 160 240 2.29132e-06
0.910318 1.4382 160 240 2.34847e-06
0.911069 1.4382 160 240 2.40806e-06
0.911819 1.4382 160 240 2.47018e-06
0.912569 1.4382 160 240 2.53501e-06
0.913319 1.4382 160 240 2.60273e-06
0.914069 1.4382 160 240 2.67351e-06
0.914819 1.4382 160 240 2.74752e-06
0.915569 1.4382 160 240 2.82496e-06
0.916319 1.4382 160 240 2.90609e-06
0.91707 1.4382 160 240 2.9911e-06
0.91782 1.4382 160 240 3.08027e-06
0.91857 1.4382 160 240 3.17387e-06
0.91932 1.4382 160 240 3.27219e-06
0.92007 1.4382 160 240 3.37557e-06
0.92082 1.4382 160 240 3.48438e-06
0.92157 1.4382 160 240 3.59897e-06
0.92232 1.4382 160 240 3.71916e-06
0.923071 1.4382 160 240 3.84665e-06
0.923821 1.4382 160 240 3.98133e-06
0.924571 1.4382 160 240 4.12382e-06
0.925321 1.4382 160 240 4.27466e-06
0.926071 1.4382 160 240 4.43454e-06
0.926821 1.4382 160 240 4.60343e-06
0.927571 1.4382 160 240 4.78375e-06
0.928321 1.4382 160 240 4.97559e-06
0.929072 1.4382 160 240 5.18005e-06
0.929822 1.4382 160 240 5.39824e-06
0.930572 1.4382 160 240 5.63139e-06
0.931322 1.4382 160 240 5.88084e-06
0.932072 1.4382 160 240 6.14843e-06
0.932822 1.4382 160 240 6.43578e-06
0.933572 1.4382 160 240 6.74499e-06
0.934322 1.4382 160 240 7.07826e-06
0.935073 1.4382 160 240 7.43835e-06
0.935823 1.4382 160 240 7.82825e-06
0.936573 1.4382 160 240 8.25125e-06
0.937323 1.4382 160 240 8.71132e-06
0.938073 1.4382 160 240 9.21284e-06
0.938823 1.4382 160 240 9.76114e-06
0.939573 1.4382 160 240 1.03621e-05
0.940323 1.4382 160 240 1.1023e-05
0.941074 1.4382 160 240 1.17519e-05
0.941824 1.4382 160 240 1.25563e-05
0.942574 1.4382 160 240 1.34522e-05
0.943324 1.4382 160 240 1.44511e-05
0.944074 1.4382 160 240 1.55696e-05
0.944824 1.4382 160 240 1.6827e-05
0.945574 1.4382 160 240 1.82473e-05
0.946324 1.4382 160 240 1.98563e-05
0.947075 1.4382 160 240 2.16964e-05
0.947825 1.4382 160 240 2.38077e-05
0.948575 1.4382 160 240 2.62453e-05
0.949325 1.4382 160 240 2.90767e-05
0.950075 1.4382 160 240 3.23879e-05
0.950825 1.4382 160 240 3.6286e-05
0.951575 1.4382 160 240 4.09083e-05
0.952325 1.4382 160 240 4.64257e-05
0.953076 1.4382 160 240 5.30544e-05
0.953826 1.4382 160 240 6.10628e-05
0.954576 1.4382 160 240 7.07698e-05
0.955326 1.4382 160 240 8.25382e-05
0.956076 1.4382 160 240 9.67229e-05
0.956826 1.4382 160 240 0.00011355
0.957576 1.4382 160 240 0.000132885
0.958326 1.4382 160 240 0.00015383
0.959077 1.4382 160 240 0.000174292
0.959827 1.4382 160 240 0.000190875
0.960577 1.4382 160 240 0.000199754
0.961327 1.4382 160 240 0.000198565
0.962077 1.4382 160 240 0.000187943
0.962827 1.4382 160 240 0.000171033
0.963577 1.4382 160 240 0.000151725
0.964327 1.4382 160 240 0.000133
0.965078 1.4382 160 240 0.000116474
0.965828 1.4382 160 240 0.000102752
0.966578 1.4382 160 240 9.18338e-05
0.967328 1.4382 160 240 8.35151e-05
0.968078 1.4382 160 240 7.74966e-05
0.968828 1.4382 160 240 7.35283e-05
0.969578 1.4382 160 240 7.14335e-05
0.970328 1.4382 160 240 7.1116e-05
0.971079 1.4382 160 240 7.25631e-05
0.971829 1.4382 160 240 7.5839e-05
0.972579 1.4382 160 240 8.10677e-05
0.973329 1.4382 160 240 8.83954e-05
0.974079 1.4382 160 240 9.7911e-05
0.974829 1.4382 160 240 0.00010949
0.975579 1.4382 160 240 0.000122539
0.976329 1.4382 160 240 0.000135694
0.97708 1.4382 160 240 0.000146685
0.97783 1.4382 160 240 0.0001528
0.97858 1.4382 160 240 0.000152045
0.97933 1.4382 160 240 0.000144333
0.98008 1.4382 160 240 0.000131527
0.98083 1.4382 160 240 0.000116307
0.98158 1.4382 160 240 0.000100945
0.98233 1.4382 160 240 8.68186e-05
0.983081 1.4382 160 240 7.45042e-05
0.983831 1.4382 160 240 6.41043e-05
0.984581 1.4382 160 240 5.53958e-05
0.985331 1.4382 160 240 4.8169e-05
0.986081 1.4382 160 240 4.21705e-05
0.986831 1.4382 160 240 3.71741e-05
0.987581 1.4382 160 240 3.29844e-05
0.988331 1.4382 160 240 2.94588e-05
0.989082 1.4382 160 240 2.64684e-05
0.989832 1.4382 160 240 2.39148e-05
0.990582 1.4382 160 240 2.17195e-05
0.991332 1.4382 160 240 1.98204e-05
0.992082 1.4382 160 240 1.81673e-05
0.992832 1.4382 160 240 1.672e-05
0.993582 1.4382 160 240 1.5446e-05
0.994332 1.4382 160 240 1.43188e-05
0.995083 1.4382 160 240 1.3317e-05
0.995833 1.4382 160 240 1.24222e-05
0.996583 1.4382 160 240 1.16202e-05
0.997333 1.4382 160 240 1.08979e-05
0.998083 1.4382 160 240 1.02453e-05
0.998833 1.4382 160 240 9.65385e-06
0.999583 1.4382 160 240 9.1159e-06
1.00033 1.4382 160 240 8.6252e-06
1.00108 1.4382 160 240 8.17615e-06
1.00183 1.4382 160 240 7.76448e-06
1.00258 1.4382 160 240 7.38573e-06
1.00333 1.4382 160 240 7.03669e-06
1.00408 1.4382 160 240 6.71431e-06
1.00483 1.4382 160 240 6.41579e-06
1.00558 1.4382 160 240 6.13887e-06
1.00633 1.4382 160 240 5.87798e-06
1.00708 1.4382 160 240 5.63855e-06
1.00783 1.4382 160 240 5.41538e-06
1.00858 1.4382 160 240 5.20699e-06
1.00933 1.4382 160 240 5.00978e-06
1.01009 1.4382 160 240 4.82726e-06
1.01084 1.4382 160 240 4.65613e-06
1.01159 1.4382 160 240 4.49548e-06
1.01234 1.4382 160 240 4.3446e-06
1.01309 1.4382 160 240 4.20234e-06
1.01384 1.4382 160 240 4.06847e-06
1.01459 1.4382 160 240 3.9421e-06
1.01534 1.4382 160 240 3.82281e-06
1.01609 1.4382 160 240 3.71008e-06
1.01684 1.4382 160 240 3.60354e-06
1.01759 1.4382 160 240 3.50276e-06
1.01834 1.4382 160 240 3.40745e-06
1.01909 1.4382 160 240 3.31701e-06
1.01984 1.4382 160 240 3.23128e-06
1.02059 1.4382 160 240 3.14996e-06
1.02134 1.4382 160 240 3.07282e-06
1.02209 1.4382 160 240 2.9996e-06
1.02284 1.4382 160 240 2.93012e-06
1.02359 1.4382 160 240 2.86403e-06
1.02434 1.4382 160 240 2.80129e-06
1.02509 1.4382 160 240 2.74169e-06
1.02584 1.4382 160 240 2.68493e-06
1.02659 1.4382 160 240 2.63103e-06
1.02734 1.4382 160 240 2.57978e-06
1.02809 1.4382 160 240 2.53107e-06
1.02884 1.4382 160 240 2.48482e-06
1.02959 1.4382 160 240 2.43847e-06
1.03034 1.4382 160 240 2.39685e-06
1.03109 1.4382 160 240 2.35721e-06
1.03184 1.4382 160 240 2.3183e-06
1.03259 1.4382 160 240 2.28254e-06
1.03334 1.4382 160 240 2.24873e-06
1.03409 1.4382 160 240 2.21678e-06
1.03484 1.4382 160 240 2.18655e-06
1.03559 1.4382 160 240 2.15781e-06
1.03634 1.4382 160 240 2.13092e-06
1.03709 1.4382 160 240 2.10557e-06
1.03784 1.4382 160 240 2.08166e-06
1.03859 1.4382 160 240 2.05934e-06
1.03934 1.4382 160 240 2.03847e-06
1.04009 1.4382 160 240 2.01906e-06
1.04084 1.4382 160 240 2.00104e-06
1.04159 1.4382 160 240 1.98417e-06
1.04234 1.4382 160 240 1.96862e-06
1.04309 1.4382 160 240 1.95457e-06
1.04384 1.4382 160 240 1.94195e-06
1.04459 1.4382 160 240 1.93045e-06
1.04534 1.4382 160 240 1.92025e-06
1.04609 1.4382 160 240 1.91102e-06
1.04684 1.4382 160 240 1.90269e-06
1.04759 1.4382 160 240 1.89569e-06
1.04834 1.4382 160 240 1.88932e-06
1.04909 1.4382 160 240 1.88382e-06
1.04984 1.4382 160 240 1.87931e-06
1.05059 1.4382 160 240 1.87568e-06
1.05134 1.4382 160 240 1.87311e-06
1.05209 1.4382 160 240 1.87095e-06
1.05284 1.4382 160 240 1.86917e-06
1.05359 1.4382 160 240 1.86434e-06
1.05434 1.4382 160 240 1.86193e-06
1.05509 1.4382 160 240 1.8593e-06
1.05584 1.4382 160 240 1.8533e-06
1.05659 1.4382 160 240 1.84772e-06
1.05734 1.4382 160 240 1.8391e-06
1.05809 1.4382 160 240 1.82642e-06
1.05884 1.4382 160 240 1.8095e-06
1.05959 1.4382 160 240 1.78645e-06
1.06034 1.4382 160 240 1.75325e-06
1.06109 1.4382 160 240 1.70622e-06
1.06184 1.4382 160 240 1.64454e-06
1.06259 1.4382 160 240 1.56048e-06
1.06334 1.4382 160 240 1.44825e-06
1.06409 1.4382 160 240 1.29581e-06
1.06484 1.4382 160 240 1.09305e-06
1.06559 1.4382 160 240 8.32013e-07
1.06634 1.4382 160 240 4.94786e-07
1.06709 1.4382 160 240 6.50153e-08
1.06784 1.4382 160 240 -4.59946e-07
1.06859 1.4382 160 240 -1.07411e-06
1.06934 1.4382 160 240 -1.73098e-06
1.0701 1.4382 160 240 -2.33251e-06
1.07085 1.4382 160 240 -2.72512e-06
1.0716 1.4382 160 240 -2.70993e-06
1.07235 1.4382 160 240 -2.14911e-06
1.0731 1.4382 160 240 -1.02745e-06
1.07385 1.4382 160 240 4.72304e-07
1.0746 1.4382 160 240 2.05721e-06
1.07535 1.4382 160 240 3.45691e-06
1.0761 1.4382 160 240 4.53487e-06
1.07685 1.4382 160 240 5.28626e-06
1.0776 1.4382 160 240 5.77701e-06
1.07835 1.4382 160 240 6.09323e-06
1.0791 1.4382 160 240 6.31323e-06
1.07985 1.4382 160 240 6.50342e-06
1.0806 1.4382 160 240 6.69922e-06
1.08135 1.4382 160 240 6.93008e-06
1.0821 1.4382 160 240 7.22416e-06
1.08285 1.4382 160 240 7.59344e-06
1.0836 1.4382 160 240 8.05272e-06
1.08435 1.4382 160 240 8.61806e-06
1.0851 1.4382 160 240 9.30813e-06
1.08585 1.4382 160 240 1.01452e-05
1.0866 1.4382 160 240 1.11553e-05
1.08735 1.4382 160 240 1.23746e-05
1.0881 1.4382 160 240 1.38455e-05
1.08885 1.4382 160 240 1.56179e-05
1.0896 1.4382 160 240 1.775e-05
1.09035 1.4382 160 240 2.03059e-05
1.0911 1.4382 160 240 2.33478e-05
1.09185 1.4382 160 240 2.69105e-05
1.0926 1.4382 160 240 3.09727e-05
1.09335 1.4382 160 240 3.53976e-05
1.0941 1.4382 160 240 3.98634e-05
1.09485 1.4382 160 240 4.38293e-05
1.0956 1.4382 160 240 4.66043e-05
1.09635 1.4382 160 240 4.75739e-05
1.0971 1.4382 160 240 4.64928e-05
1.09785 1.4382 160 240 4.36232e-05
1.0986 1.4382 160 240 3.95899e-05
1.09935 1.4382 160 240 3.50786e-05
1.1001 1.4382 160 240 3.06252e-05
1.10085 1.4382 160 240 2.65374e-05
1.1016 1.4382 160 240 2.29463e-05
1.10235 1.4382 160 240 1.98732e-05
1.1031 1.4382 160 240 1.72765e-05
1.10385 1.4382 160 240 1.50961e-05
1.1046 1.4382 160 240 1.32674e-05
1.10535 1.4382 160 240 1.17309e-05
1.1061 1.4382 160 240 1.04353e-05
1.10685 1.4382 160 240 9.33959e-06
1.1076 1.4382 160 240 8.41036e-06
1.10835 1.4382 160 240 7.60852e-06
1.1091 1.4382 160 240 6.91815e-06
1.10985 1.4382 160 240 6.32058e-06
1.1106 1.4382 160 240 5.80044e-06
1.11135 1.4382 160 240 5.34554e-06
1.1121 1.4382 160 240 4.94565e-06
1.11285 1.4382 160 240 4.5926e-06
1.1136 1.4382 160 240 4.27972e-06
1.11435 1.4382 160 240 4.0011e-06
1.1151 1.4382 160 240 3.7519e-06
1.11585 1.4382 160 240 3.52836e-06
1.1166 1.4382 160 240 3.32717e-06
1.11735 1.4382 160 240 3.14546e-06
1.1181 1.4382 160 240 2.98088e-06
1.11885 1.4382 160 240 2.83138e-06
1.1196 1.4382 160 240 2.69516e-06
1.12035 1.4382 160 240 2.57072e-06
1.1211 1.4382 160 240 2.45681e-06
1.12185 1.4382 160 240 2.35226e-06
1.1226 1.4382 160 240 2.25612e-06
1.12335 1.4382 160 240 2.16754e-06
1.1241 1.4382 160 240 2.08578e-06
1.12485 1.4382 160 240 2.01023e-06
1.1256 1.4382 160 240 1.94024e-06
1.12635 1.4382 160 240 1.87531e-06
1.1271 1.4382 160 240 1.81498e-06
1.12785 1.4382 160 240 1.75885e-06
1.1286 1.4382 160 240 1.70657e-06
1.12935 1.4382 160 240 1.6578e-06
1.13011 1.4382 160 240 1.6123e-06
1.13086 1.4382 160 240 1.56981e-06
1.13161 1.4382 160 240 1.53005e-06
1.13236 1.4382 160 240 1.49285e-06
1.13311 1.4382 160 240 1.458e-06
1.13386 1.4382 160 240 1.4254e-06
1.13461 1.4382 160 240 1.39448e-06
1.13536 1.4382 160 240 1.36554e-06
1.13611 1.4382 160 240 1.33864e-06
1.13686 1.4382 160 240 1.31342e-06
1.13761 1.4382 160 240 1.28987e-06
1.13836 1.4382 160 240 1.26783e-06
1.13911 1.4382 160 240 1.2471e-06
1.13986 1.4382 160 240 1.22782e-06
1.14061 1.4382 160 240 1.20969e-06
1.14136 1.4382 160 240 1.19281e-06
1.14211 1.4382 160 240 1.17709e-06
1.14286 1.4382 160 240 1.16244e-06
1.14361 1.4382 160 240 1.14887e-06
1.14436 1.4382 160 240 1.13632e-06
1.14511 1.4382 160 240 1.12477e-06
1.14586 1.4382 160 240 1.11422e-06
1.14661 1.4382 160 240 1.10461e-06
1.14736 1.4382 160 240 1.09593e-06
1.14811 1.4382 160 240 1.08827e-06
1.14886 1.4382 160 240 1.08156e-06
1.14961 1.4382 160 240 1.07568e-06
1.15036 1.4382 160 240 1.07073e-06
1.15111 1.4382 160 240 1.06675e-06
1.15186 1.4382 160 240 1.06377e-06
1.15261 1.4382 160 240 1.06192e-06
1.15336 1.4382 160 240 1.06101e-06
1.15411 1.4382 160 240 1.06122e-06
1.15486 1.4382 160 240 1.06258e-06
1.15561 1.4382 160 240 1.06522e-06
1.15636 1.4382 160 240 1.06926e-06
1.15711 1.4382 160 240 1.07479e-06
1.15786 1.4382 160 240 1.08214e-06
1.15861 1.4382 160 240 1.09114e-06
1.15936 1.4382 160 240 1.10212e-06
1.16011 1.4382 160 240 1.11541e-06
1.16086 1.4382 160 240 1.13101e-06
1.16161 1.4382 160 240 1.14908e-06
1.16236 1.4382 160 240 1.16974e-06
1.16311 1.4382 160 240 1.19278e-06
1.16386 1.4382 160 240 1.21787e-06
1.16461 1.4382 160 240 1.24214e-06
1.16536 1.4382 160 240 1.26749e-06
1.16611 1.4382 160 240 1.29052e-06
1.16686 1.4382 160 240 1.30884e-06
1.16761 1.4382 160 240 1.32086e-06
1.16836 1.4382 160 240 1.32597e-06
1.16911 1.4382 160 240 1.3247e-06
1.16986 1.4382 160 240 1.31858e-06
1.17061 1.4382 160 240 1.30944e-06
1.17136 1.4382 160 240 1.29908e-06
1.17211 1.4382 160 240 1.28903e-06
1.17286 1.4382 160 240 1.27933e-06
1.17361 1.4382 160 240 1.27043e-06
1.17436 1.4382 160 240 1.26208e-06
1.17511 1.4382 160 240 1.25326e-06
1.17586 1.4382 160 240 1.24305e-06
1.17661 1.4382 160 240 1.23037e-06
1.17736 1.4382 160 240 1.2144e-06
1.17811 1.4382 160 240 1.1918e-06
1.17886 1.4382 160 240 1.16141e-06
1.17961 1.4382 160 240 1.12153e-06
1.18036 1.4382 160 240 1.07065e-06
1.18111 1.4382 160 240 1.00624e-06
1.18186 1.4382 160 240 9.30894e-07
1.18261 1.4382 160 240 8.48431e-07
1.18336 1.4382 160 240 7.71735e-07
1.18411 1.4382 160 240 7.2012e-07
1.18486 1.4382 160 240 7.29742e-07
1.18561 1.4382 160 240 8.44081e-07
1.18636 1.4382 160 240 1.10909e-06
1.18711 1.4382 160 240 1.55543e-06
1.18786 1.4382 160 240 2.17876e-06
1.18861 1.4382 160 240 2.93524e-06
1.18936 1.4382 160 240 3.75294e-06
1.19012 1.4382 160 240 4.56492e-06
1.19087 1.4382 160 240 5.3314e-06
1.19162 1.4382 160 240 6.04944e-06
1.19237 1.4382 160 240 6.73968e-06
1.19312 1.4382 160 240 7.43248e-06
1.19387 1.4382 160 240 8.15627e-06
1.19462 1.4382 160 240 8.92707e-06
1.19537 1.4382 160 240 9.7448e-06
1.19612 1.4382 160 240 1.06082e-05
1.19687 1.4382 160 240 1.14154e-05
1.19762 1.4382 160 240 1.21185e-05
1.19837 1.4382 160 240 1.2629e-05
1.19912 1.4382 160 240 1.28675e-05
1.19987 1.4382 160 240 1.27886e-05
1.20062 1.4382 160 240 1.23975e-05
1.20137 1.4382 160 240 1.17481e-05
1.20212 1.4382 160 240 1.09235e-05
1.20287 1.4382 160 240 1.00112e-05
1.20362 1.4382 160 240 9.08442e-06
1.20437 1.4382 160 240 8.19449e-06
1.20512 1.4382 160 240 7.37169e-06
1.20587 1.4382 160 240 6.62975e-06
1.20662 1.4382 160 240 5.97136e-06
1.20737 1.4382 160 240 5.39283e-06
1.20812 1.4382 160 240 4.88719e-06
1.20887 1.4382 160 240 4.44636e-06
1.20962 1.4382 160 240 4.06202e-06
1.21037 1.4382 160 240 3.7265e-06
1.21112 1.4382 160 240 3.4328e-06
1.21187 1.4382 160 240 3.17498e-06
1.21262 1.4382 160 240 2.94769e-06
1.21337 1.4382 160 240 2.74651e-06
1.21412 1.4382 160 240 2.56754e-06
1.21487 1.4382 160 240 2.40759e-06
1.21562 1.4382 160 240 2.26368e-06
1.21637 1.4382 160 240 2.13357e-06
1.21712 1.4382 160 240 2.01489e-06
1.21787 1.4382 160 240 1.90602e-06
1.21862 1.4382 160 240 1.80516e-06
1.21937 1.4382 160 240 1.71088e-06
1.22012 1.4382 160 240 1.62169e-06
1.22087 1.4382 160 240 1.5362e-06
1.22162 1.4382 160 240 1.45323e-06
1.22237 1.4382 160 240 1.37116e-06
1.22312 1.4382 160 240 1.28886e-06
1.22387 1.4382 160 240 1.20432e-06
1.22462 1.4382 160 240 1.11631e-06
1.22537 1.4382 160 240 1.02235e-06
1.22612 1.4382 160 240 9.2027e-07
1.22687 1.4382 160 240 8.0776e-07
1.22762 1.4382 160 240 6.66439e-07
1.22837 1.4382 160 240 5.19016e-07
1.22912 1.4382 160 240 3.51737e-07
1.22987 1.4382 160 240 1.5391e-07
1.23062 1.4382 160 240 -7.64621e-08
1.23137 1.4382 160 240 -3.43588e-07
1.23212 1.4382 160 240 -6.50918e-07
1.23287 1.4382 160 240 -9.97581e-07
1.23362 1.4382 160 240 -1.37623e-06
1.23437 1.4382 160 240 -1.76541e-06
1.23512 1.4382 160 240 -2.12945e-06
1.23587 1.4382 160 240 -2.40766e-06
1.23662 1.4382 160 240 -2.52781e-06
1.23737 1.4382 160 240 -2.41223e-06
1.23812 1.4382 160 240 -2.01103e-06
1.23887 1.4382 160 240 -1.33775e-06
1.23962 1.4382 160 240 -4.77092e-07
1.24037 1.4382 160 240 4.38096e-07
1.24112 1.4382 160 240 1.2715e-06
1.24187 1.4382 160 240 1.93205e-06
1.24262 1.4382 160 240 2.38554e-06
1.24337 1.4382 160 240 2.6467e-06
1.24412 1.4382 160 240 2.75517e-06
1.24487 1.4382 160 240 2.75543e-06
1.24562 1.4382 160 240 2.68736e-06
1.24637 1.4382 160 240 2.58129e-06
1.24712 1.4382 160 240 2.45781e-06
1.24787 1.4382 160 240 2.33116e-06
1.24862 1.4382 160 240 2.20826e-06
1.24937 1.4382 160 240 2.09374e-06
1.25013 1.4382 160 240 1.98921e-06
1.25088 1.4382 160 240 1.89558e-06
1.25163 1.4382 160 240 1.81282e-06
1.25238 1.4382 160 240 1.73979e-06
1.25313 1.4382 160 240 1.67597e-06
1.25388 1.4382 160 240 1.62021e-06
1.25463 1.4382 160 240 1.57188e-06
1.25538 1.4382 160 240 1.5299e-06
1.25613 1.4382 160 240 1.49361e-06
1.25688 1.4382 160 240 1.46239e-06
1.25763 1.4382 160 240 1.43569e-06
1.25838 1.4382 160 240 1.41294e-06
1.25913 1.4382 160 240 1.3938e-06
1.25988 1.4382 160 240 1.37778e-06
1.26063 1.4382 160 240 1.36458e-06
1.26138 1.4382 160 240 1.36144e-06
1.26213 1.4382 160 240 1.35254e-06
1.26288 1.4382 160 240 1.34579e-06
1.26363 1.4382 160 240 1.34105e-06
1.26438 1.4382 160 240 1.33794e-06
1.26513 1.4382 160 240 1.33661e-06
1.26588 1.4382 160 240 1.33682e-06
1.26663 1.4382 160 240 1.33846e-06
1.26738 1.4382 160 240 1.34144e-06
1.26813 1.4382 160 240 1.34574e-06
1.26888 1.4382 160 240 1.35122e-06
1.26963 1.4382 160 240 1.35791e-06
1.27038 1.4382 160 240 1.36565e-06
1.27113 1.4382 160 240 1.37449e-06
1.27188 1.4382 160 240 1.38436e-06
1.27263 1.4382 160 240 1.39524e-06
1.27338 1.4382 160 240 1.40714e-06
1.27413 1.4382 160 240 1.42003e-06
1.27488 1.4382 160 240 1.43392e-06
1.27563 1.4382 160 240 1.44881e-06
1.27638 1.4382 160 240 1.46467e-06
1.27713 1.4382 160 240 1.48152e-06
1.27788 1.4382 160 240 1.49937e-06
1.27863 1.4382 160 240 1.51823e-06
1.27938 1.4382 160 240 1.53814e-06
1.28013 1.4382 160 240 1.55909e-06
1.28088 1.4382 160 240 1.58112e-06
1.28163 1.4382 160 240 1.60425e-06
1.28238 1.4382 160 240 1.62852e-06
1.28313 1.4382 160 240 1.65398e-06
1.28388 1.4382 160 240 1.68064e-06
1.28463 1.4382 160 240 1.70856e-06
1.28538 1.4382 160 240 1.73777e-06
1.28613 1.4382 160 240 1.76833e-06
1.28688 1.4382 160 240 1.8003e-06
1.28763 1.4382 160 240 1.83374e-06
1.28838 1.4382 160 240 1.86871e-06
1.28913 1.4382 160 240 1.90528e-06
1.28988 1.4382 160 240 1.94353e-06
1.29063 1.4382 160 240 1.98355e-06
1.29138 1.4382 160 240 2.02542e-06
1.29213 1.4382 160 240 2.06923e-06
1.29288 1.4382 160 240 2.1151e-06
1.29363 1.4382 160 240 2.16314e-06
1.29438 1.4382 160 240 2.21347e-06
1.29513 1.4382 160 240 2.26621e-06
1.29588 1.4382 160 240 2.32151e-06
1.29663 1.4382 160 240 2.37953e-06
1.29738 1.4382 160 240 2.44111e-06
1.29813 1.4382 160 240 2.50505e-06
1.29888 1.4382 160 240 2.57226e-06
1.29963 1.4382 160 240 2.64294e-06
1.30038 1.4382 160 240 2.71734e-06
1.30113 1.4382 160 240 2.79572e-06
1.30188 1.4382 160 240 2.87815e-06
1.30263 1.4382 160 240 2.96532e-06
1.30338 1.4382 160 240 3.05739e-06
1.30413 1.4382 160 240 3.15471e-06
1.30488 1.4382 160 240 3.25768e-06
1.30563 1.4382 160 240 3.36675e-06
1.30638 1.4382 160 240 3.48244e-06
1.30713 1.4382 160 240 3.60527e-06
1.30788 1.4382 160 240 3.73583e-06
1.30863 1.4382 160 240 3.87481e-06
1.30938 1.4382 160 240 4.02294e-06
1.31014 1.4382 160 240 4.18106e-06
1.31089 1.4382 160 240 4.35009e-06
1.31164 1.4382 160 240 4.53103e-06
1.31239 1.4382 160 240 4.7251e-06
1.31314 1.4382 160 240 4.9336e-06
1.31389 1.4382 160 240 5.15798e-06
1.31464 1.4382 160 240 5.39996e-06
1.31539 1.4382 160 240 5.66141e-06
1.31614 1.4382 160 240 5.94449e-06
1.31689 1.4382 160 240 6.25171e-06
1.31764 1.4382 160 240 6.58592e-06
1.31839 1.4382 160 240 6.95032e-06
1.31914 1.4382 160 240 7.3487e-06
1.31989 1.4382 160 240 7.78536e-06
1.32064 1.4382 160 240 8.26547e-06
1.32139 1.4382 160 240 8.79493e-06
1.32214 1.4382 160 240 9.38038e-06
1.32289 1.4382 160 240 1.00301e-05
1.32364 1.4382 160 240 1.07533e-05
1.32439 1.4382 160 240 1.15612e-05
1.32514 1.4382 160 240 1.24667e-05
1.32589 1.4382 160 240 1.34849e-05
1.32664 1.4382 160 240 1.46343e-05
1.32739 1.4382 160 240 1.59355e-05
1.32814 1.4382 160 240 1.74125e-05
1.32889 1.4382 160 240 1.90932e-05
1.32964 1.4382 160 240 2.10088e-05
1.33039 1.4382 160 240 2.31923e-05
1.33114 1.4382 160 240 2.56768e-05
1.33189 1.4382 160 240 2.84922e-05
1.33264 1.4382 160 240 3.16567e-05
1.33339 1.4382 160 240 3.51668e-05
1.33414 1.4382 160 240 3.89796e-05
1.33489 1.4382 160 240 4.29925e-05
1.33564 1.4382 160 240 4.70308e-05
1.33639 1.4382 160 240 5.08133e-05
1.33714 1.4382 160 240 5.40097e-05
1.33789 1.4382 160 240 5.62746e-05
1.33864 1.4382 160 240 5.73458e-05
1.33939 1.4382 160 240 5.71304e-05
1.34014 1.4382 160 240 5.57425e-05
1.34089 1.4382 160 240 5.347e-05
1.34164 1.4382 160 240 5.06512e-05
1.34239 1.4382 160 240 4.7641e-05
1.34314 1.4382 160 240 4.47174e-05
1.34389 1.4382 160 240 4.20711e-05
1.34464 1.4382 160 240 3.98157e-05
1.34539 1.4382 160 240 3.80101e-05
1.34614 1.4382 160 240 3.66772e-05
1.34689 1.4382 160 240 3.58211e-05
1.34764 1.4382 160 240 3.54391e-05
1.34839 1.4382 160 240 3.55292e-05
1.34914 1.4382 160 240 3.60939e-05
1.34989 1.4382 160 240 3.71442e-05
1.35064 1.4382 160 240 3.86983e-05
1.35139 1.4382 160 240 4.07833e-05
1.35214 1.4382 160 240 4.34307e-05
1.35289 1.4382 160 240 4.66749e-05
1.35364 1.4382 160 240 5.05413e-05
1.35439 1.4382 160 240 5.5034e-05
1.35514 1.4382 160 240 6.01162e-05
1.35589 1.4382 160 240 6.5683e-05
1.35664 1.4382 160 240 7.15252e-05
1.35739 1.4382 160 240 7.73042e-05
1.35814 1.4382 160 240 8.25471e-05
1.35889 1.4382 160 240 8.66904e-05
1.35964 1.4382 160 240 8.91813e-05
1.36039 1.4382 160 240 8.96298e-05
1.36114 1.4382 160 240 8.79239e-05
1.36189 1.4382 160 240 8.42742e-05
1.36264 1.4382 160 240 7.91424e-05
1.36339 1.4382 160 240 7.3093e-05
1.36414 1.4382 160 240 6.66598e-05
1.36489 1.4382 160 240 6.02636e-05
1.36564 1.4382 160 240 5.4188e-05
1.36639 1.4382 160 240 4.85929e-05
1.36714 1.4382 160 240 4.35473e-05
1.36789 1.4382 160 240 3.9057e-05
1.36864 1.4382 160 240 3.50957e-05
1.36939 1.4382 160 240 3.16156e-05
1.37015 1.4382 160 240 2.8565e-05
1.3709 1.4382 160 240 2.58921e-05
1.37165 1.4382 160 240 2.35473e-05
1.3724 1.4382 160 240 2.14867e-05
1.37315 1.4382 160 240 1.96712e-05
1.3739 1.4382 160 240 1.80671e-05
1.37465 1.4382 160 240 1.66455e-05
1.3754 1.4382 160 240 1.53815e-05
1.37615 1.4382 160 240 1.42546e-05
1.3769 1.4382 160 240 1.32457e-05
1.37765 1.4382 160 240 1.23399e-05
1.3784 1.4382 160 240 1.15244e-05
1.37915 1.4382 160 240 1.0788e-05
1.3799 1.4382 160 240 1.01209e-05
1.38065 1.4382 160 240 9.51518e-06
1.3814 1.4382 160 240 8.96348e-06
1.38215 1.4382 160 240 8.45986e-06
1.3829 1.4382 160 240 7.9966e-06
1.38365 1.4382 160 240 7.5738e-06
1.3844 1.4382 160 240 7.18521e-06
1.38515 1.4382 160 240 6.82706e-06
1.3859 1.4382 160 240 6.49643e-06
1.38665 1.4382 160 240 6.19057e-06
1.3874 1.4382 160 240 5.90705e-06
1.38815 1.4382 160 240 5.64374e-06
1.3889 1.4382 160 240 5.39893e-06
1.38965 1.4382 160 240 5.17079e-06
1.3904 1.4382 160 240 4.95792e-06
1.39115 1.4382 160 240 4.7589e-06
1.3919 1.4382 160 240 4.57277e-06
1.39265 1.4382 160 240 4.39826e-06
1.3934 1.4382 160 240 4.23449e-06
1.39415 1.4382 160 240 4.08057e-06
1.3949 1.4382 160 240 3.93584e-06
1.39565 1.4382 160 240 3.79948e-06
1.3964 1.4382 160 240 3.6709e-06
1.39715 1.4382 160 240 3.5496e-06
1.3979 1.4382 160 240 3.43489e-06
1.39865 1.4382 160 240 3.3264e-06
1.3994 1.4382 160 240 3.22374e-06
1.40015 1.4382 160 240 3.12641e-06
1.4009 1.4382 160 240 3.03408e-06
1.40165 1.4382 160 240 2.94648e-06
1.4024 1.4382 160 240 2.86324e-06
1.40315 1.4382 160 240 2.78412e-06
1.4039 1.4382 160 240 2.70886e-06
1.40465 1.4382 160 240 2.63715e-06
1.4054 1.4382 160 240 2.5688e-06
1.40615 1.4382 160 240 2.50371e-06
1.4069 1.4382 160 240 2.44168e-06
1.40765 1.4382 160 240 2.38229e-06
1.4084 1.4382 160 240 2.32554e-06
1.40915 1.4382 160 240 2.27138e-06
1.4099 1.4382 160 240 2.2195e-06
1.41065 1.4382 160 240 2.16993e-06
1.4114 1.4382 160 240 2.12243e-06
1.41215 1.4382 160 240 2.07684e-06
1.4129 1.4382 160 240 2.03312e-06
1.41365 1.4382 160 240 1.99119e-06
1.4144 1.4382 160 240 1.95105e-06
1.41515 1.4382 160 240 1.91239e-06
1.4159 1.4382 160 240 1.8755e-06
1.41665 1.4382 160 240 1.83984e-06
1.4174 1.4382 160 240 1.80549e-06
1.41815 1.4382 160 240 1.77249e-06
1.4189 1.4382 160 240 1.74047e-06
1.41965 1.4382 160 240 1.70989e-06
1.4204 1.4382 160 240 1.68038e-06
1.42115 1.4382 160 240 1.65175e-06
1.4219 1.4382 160 240 1.62424e-06
1.42265 1.4382 160 240 1.59748e-06
1.4234 1.4382 160 240 1.57153e-06
1.42415 1.4382 160 240 1.54638e-06
1.4249 1.4382 160 240 1.52209e-06
1.42565 1.4382 160 240 1.49826e-06
1.4264 1.4382 160 240 1.47505e-06
1.42715 1.4382 160 240 1.45236e-06
1.4279 1.4382 160 240 1.42925e-06
1.42865 1.4382 160 240 1.40732e-06
1.4294 1.4382 160 240 1.38573e-06
1.43016 1.4382 160 240 1.36423e-06
1.43091 1.4382 160 240 1.34267e-06
1.43166 1.4382 160 240 1.32123e-06
1.43241 1.4382 160 240 1.2994e-06
1.43316 1.4382 160 240 1.2771e-06
1.43391 1.4382 160 240 1.25452e-06
1.43466 1.4382 160 240 1.23065e-06
1.43541 1.4382 160 240 1.20565e-06
1.43616 1.4382 160 240 1.17955e-06
1.43691 1.4382 160 240 1.15116e-06
1.43766 1.4382 160 240 1.12064e-06
1.43841 1.4382 160 240 1.08695e-06
1.43916 1.4382 160 240 1.04971e-06
1.43991 1.4382 160 240 1.00799e-06
1.44066 1.4382 160 240 9.60901e-07
1.44141 1.4382 160 240 9.07348e-07
1.44216 1.4382 160 240 8.4603e-07
1.44291 1.4382 160 240 7.75903e-07
1.44366 1.4382 160 240 6.94712e-07
1.44441 1.4382 160 240 6.02437e-07
1.44516 1.4382 160 240 4.96084e-07
1.44591 1.4382 160 240 3.75943e-07
1.44666 1.4382 160 240 2.41981e-07
1.44741 1.4382 160 240 9.70611e-08
1.44816 1.4382 160 240 -5.32542e-08
1.44891 1.4382 160 240 -1.98524e-07
1.44966 1.4382 160 240 -3.23368e-07
1.45041 1.4382 160 240 -4.08852e-07
1.45116 1.4382 160 240 -4.33937e-07
1.45191 1.4382 160 240 -3.79932e-07
1.45266 1.4382 160 240 -2.39711e-07
1.45341 1.4382 160 240 -2.06318e-08
1.45416 1.4382 160 240 2.5333e-07
1.45491 1.4382 160 240 5.47402e-07
1.45566 1.4382 160 240 8.26543e-07
1.45641 1.4382 160 240 1.06363e-06
1.45716 1.4382 160 240 1.24452e-06
1.45791 1.4382 160 240 1.36821e-06
1.45866 1.4382 160 240 1.43959e-06
1.45941 1.4382 160 240 1.46775e-06
1.46016 1.4382 160 240 1.46354e-06
1.46091 1.4382 160 240 1.43603e-06
1.46166 1.4382 160 240 1.39193e-06
1.46241 1.4382 160 240 1.33609e-06
1.46316 1.4382 160 240 1.27185e-06
1.46391 1.4382 160 240 1.20088e-06
1.46466 1.4382 160 240 1.12257e-06
1.46541 1.4382 160 240 1.03919e-06
1.46616 1.4382 160 240 9.47659e-07
1.46691 1.4382 160 240 8.46784e-07
1.46766 1.4382 160 240 7.34417e-07
1.46841 1.4382 160 240 6.07847e-07
1.46916 1.4382 160 240 4.64223e-07
1.46991 1.4382 160 240 3.01526e-07
1.47066 1.4382 160 240 1.15027e-07
1.47141 1.4382 160 240 -9.53681e-08
1.47216 1.4382 160 240 -3.32193e-07
1.47291 1.4382 160 240 -5.90891e-07
1.47366 1.4382 160 240 -8.64022e-07
1.47441 1.4382 160 240 -1.13792e-06
1.47516 1.4382 160 240 -1.38596e-06
1.47591 1.4382 160 240 -1.57598e-06
1.47666 1.4382 160 240 -1.66077e-06
1.47741 1.4382 160 240 -1.59567e-06
1.47816 1.4382 160 240 -1.34475e-06
1.47891 1.4382 160 240 -8.93666e-07
1.47966 1.4382 160 240 -2.67605e-07
1.48041 1.4382 160 240 4.77297e-07
1.48116 1.4382 160 240 1.25937e-06
1.48191 1.4382 160 240 1.99563e-06
1.48266 1.4382 160 240 2.62391e-06
1.48341 1.4382 160 240 3.11051e-06
1.48416 1.4382 160 240 3.4455e-06
1.48491 1.4382 160 240 3.63918e-06
1.48566 1.4382 160 240 3.71831e-06
1.48641 1.4382 160 240 3.70619e-06
1.48716 1.4382 160 240 3.63289e-06
1.48791 1.4382 160 240 3.52078e-06
1.48866 1.4382 160 240 3.38682e-06
1.48941 1.4382 160 240 3.2451e-06
1.49017 1.4382 160 240 3.10553e-06
1.49092 1.4382 160 240 2.97351e-06
1.49167 1.4382 160 240 2.85324e-06
1.49242 1.4382 160 240 2.74611e-06
1.49317 1.4382 160 240 2.65244e-06
1.49392 1.4382 160 240 2.57197e-06
1.49467 1.4382 160 240 2.50235e-06
1.49542 1.4382 160 240 2.44144e-06
1.49617 1.4382 160 240 2.38649e-06
1.49692 1.4382 160 240 2.33401e-06
1.49767 1.4382 160 240 2.28152e-06
1.49842 1.4382 160 240 2.22707e-06
1.49917 1.4382 160 240 2.16995e-06
1.49992 1.4382 160 240 2.11064e-06
1.50067 1.4382 160 240 2.05117e-06
1.50142 1.4382 160 240 1.99316e-06
1.50217 1.4382 160 240 1.93833e-06
1.50292 1.4382 160 240 1.88808e-06
1.50367 1.4382 160 240 1.84326e-06
1.50442 1.4382 160 240 1.80446e-06
1.50517 1.4382 160 240 1.77139e-06
1.50592 1.4382 160 240 1.74401e-06
1.50667 1.4382 160 240 1.72205e-06
1.50742 1.4382 160 240 1.70506e-06
1.50817 1.4382 160 240 1.69273e-06
1.50892 1.4382 160 240 1.6847e-06
1.50967 1.4382 160 240 1.68067e-06
1.51042 1.4382 160 240 1.68038e-06
1.51117 1.4382 160 240 1.68356e-06
1.51192 1.4382 160 240 1.69005e-06
1.51267 1.4382 160 240 1.6997e-06
1.51342 1.4382 160 240 1.71188e-06
1.51417 1.4382 160 240 1.72744e-06
1.51492 1.4382 160 240 1.74591e-06
1.51567 1.4382 160 240 1.76726e-06
1.51642 1.4382 160 240 1.79148e-06
1.51717 1.4382 160 240 1.81864e-06
1.51792 1.4382 160 240 1.84871e-06
1.51867 1.4382 160 240 1.88182e-06
1.51942 1.4382 160 240 1.91804e-06
1.52017 1.4382 160 240 1.95751e-06
1.52092 1.4382 160 240 2.00035e-06
1.52167 1.4382 160 240 2.04673e-06
1.52242 1.4382 160 240 2.09683e-06
1.52317 1.4382 160 240 2.1509e-06
1.52392 1.4382 160 240 2.20916e-06
1.52467 1.4382 160 240 2.2719e-06
1.52542 1.4382 160 240 2.33943e-06
1.52617 1.4382 160 240 2.41204e-06
1.52692 1.4382 160 240 2.49027e-06
1.52767 1.4382 160 240 2.57449e-06
1.52842 1.4382 160 240 2.6652e-06
1.52917 1.4382 160 240 2.76297e-06
1.52992 1.4382 160 240 2.86844e-06
1.53067 1.4382 160 240 2.98231e-06
1.53142 1.4382 160 240 3.10539e-06
1.53217 1.4382 160 240 3.23858e-06
1.53292 1.4382 160 240 3.38289e-06
1.53367 1.4382 160 240 3.53948e-06
1.53442 1.4382 160 240 3.70965e-06
1.53517 1.4382 160 240 3.89489e-06
1.53592 1.4382 160 240 4.09693e-06
1.53667 1.4382 160 240 4.31766e-06
1.53742 1.4382 160 240 4.5593e-06
1.53817 1.4382 160 240 4.82439e-06
1.53892 1.4382 160 240 5.11578e-06
1.53967 1.4382 160 240 5.43689e-06
1.54042 1.4382 160 240 5.7915e-06
1.54117 1.4382 160 240 6.1841e-06
1.54192 1.4382 160 240 6.61977e-06
1.54267 1.4382 160 240 7.10451e-06
1.54342 1.4382 160 240 7.64523e-06
1.54417 1.4382 160 240 8.24973e-06
1.54492 1.4382 160 240 8.92729e-06
1.54567 1.4382 160 240 9.68838e-06
1.54642 1.4382 160 240 1.05451e-05
1.54717 1.4382 160 240 1.15108e-05
1.54792 1.4382 160 240 1.26007e-05
1.54867 1.4382 160 240 1.38308e-05
1.54942 1.4382 160 240 1.5218e-05
1.55018 1.4382 160 240 1.67787e-05
1.55093 1.4382 160 240 1.85265e-05
1.55168 1.4382 160 240 2.0469e-05
1.55243 1.4382 160 240 2.26041e-05
1.55318 1.4382 160 240 2.49115e-05
1.55393 1.4382 160 240 2.73455e-05
1.55468 1.4382 160 240 2.98268e-05
1.55543 1.4382 160 240 3.22358e-05
1.55618 1.4382 160 240 3.4415e-05
1.55693 1.4382 160 240 3.6182e-05
1.55768 1.4382 160 240 3.73598e-05
1.55843 1.4382 160 240 3.78147e-05
1.55918 1.4382 160 240 3.74919e-05
1.55993 1.4382 160 240 3.64307e-05
1.56068 1.4382 160 240 3.47542e-05
1.56143 1.4382 160 240 3.26349e-05
1.56218 1.4382 160 240 3.02573e-05
1.56293 1.4382 160 240 2.7784e-05
1.56368 1.4382 160 240 2.53411e-05
1.56443 1.4382 160 240 2.30149e-05
1.56518 1.4382 160 240 2.08562e-05
1.56593 1.4382 160 240 1.89298e-05
1.56668 1.4382 160 240 1.71519e-05
1.56743 1.4382 160 240 1.55644e-05
1.56818 1.4382 160 240 1.41542e-05
1.56893 1.4382 160 240 1.29052e-05
1.56968 1.4382 160 240 1.18004e-05
1.57043 1.4382 160 240 1.08234e-05
1.57118 1.4382 160 240 9.95878e-06
1.57193 1.4382 160 240 9.19269e-06
1.57268 1.4382 160 240 8.51295e-06
1.57343 1.4382 160 240 7.90861e-06
1.57418 1.4382 160 240 7.37038e-06
1.57493 1.4382 160 240 6.8901e-06
1.57568 1.4382 160 240 6.46076e-06
1.57643 1.4382 160 240 6.0763e-06
1.57718 1.4382 160 240 5.73149e-06
1.57793 1.4382 160 240 5.42189e-06
1.57868 1.4382 160 240 5.14357e-06
1.57943 1.4382 160 240 4.89323e-06
1.58018 1.4382 160 240 4.66795e-06
1.58093 1.4382 160 240 4.46539e-06
1.58168 1.4382 160 240 4.2832e-06
1.58243 1.4382 160 240 4.11965e-06
1.58318 1.4382 160 240 3.97317e-06
1.58393 1.4382 160 240 3.84247e-06
1.58468 1.4382 160 240 3.72637e-06
1.58543 1.4382 160 240 3.62398e-06
1.58618 1.4382 160 240 3.53446e-06
1.58693 1.4382 160 240 3.45727e-06
1.58768 1.4382 160 240 3.39192e-06
1.58843 1.4382 160 240 3.33805e-06
1.58918 1.4382 160 240 3.29553e-06
1.58993 1.4382 160 240 3.26427e-06
1.59068 1.4382 160 240 3.24436e-06
1.59143 1.4382 160 240 3.23601e-06
1.59218 1.4382 160 240 3.23959e-06
1.59293 1.4382 160 240 3.25558e-06
1.59368 1.4382 160 240 3.28469e-06
1.59443 1.4382 160 240 3.32771e-06
1.59518 1.4382 160 240 3.38562e-06
1.59593 1.4382 160 240 3.45952e-06
1.59668 1.4382 160 240 3.55069e-06
1.59743 1.4382 160 240 3.66046e-06
1.59818 1.4382 160 240 3.79014e-06
1.59893 1.4382 160 240 3.94097e-06
1.59968 1.4382 160 240 4.11389e-06
1.60043 1.4382 160 240 4.30922e-06
1.60118 1.4382 160 240 4.52625e-06
1.60193 1.4382 160 240 4.76286e-06
1.60268 1.4382 160 240 5.01474e-06
1.60343 1.4382 160 240 5.27486e-06
1.60418 1.4382 160 240 5.533e-06
1.60493 1.4382 160 240 5.7757e-06
1.60568 1.4382 160 240 5.98697e-06
1.60643 1.4382 160 240 6.14994e-06
1.60718 1.4382 160 240 6.24942e-06
1.60793 1.4382 160 240 6.27469e-06
1.60868 1.4382 160 240 6.22193e-06
1.60943 1.4382 160 240 6.09496e-06
1.61019 1.4382 160 240 5.90444e-06
1.61094 1.4382 160 240 5.66541e-06
1.61169 1.4382 160 240 5.39448e-06
1.61244 1.4382 160 240 5.10736e-06
1.61319 1.4382 160 240 4.81727e-06
1.61394 1.4382 160 240 4.53418e-06
1.61469 1.4382 160 240 4.26493e-06
1.61544 1.4382 160 240 4.01365e-06
1.61619 1.4382 160 240 3.78239e-06
1.61694 1.4382 160 240 3.5717e-06
1.61769 1.4382 160 240 3.38114e-06
1.61844 1.4382 160 240 3.2097e-06
1.61919 1.4382 160 240 3.05603e-06
1.61994 1.4382 160 240 2.91862e-06
1.62069 1.4382 160 240 2.79596e-06
1.62144 1.4382 160 240 2.68628e-06
1.62219 1.4382 160 240 2.58891e-06
1.62294 1.4382 160 240 2.5023e-06
1.62369 1.4382 160 240 2.42533e-06
1.62444 1.4382 160 240 2.35702e-06
1.62519 1.4382 160 240 2.29649e-06
1.62594 1.4382 160 240 2.24299e-06
1.62669 1.4382 160 240 2.19583e-06
1.62744 1.4382 160 240 2.15444e-06
1.62819 1.4382 160 240 2.1183e-06
1.62894 1.4382 160 240 2.08695e-06
1.62969 1.4382 160 240 2.06002e-06
1.63044 1.4382 160 240 2.03716e-06
1.63119 1.4382 160 240 2.01807e-06
1.63194 1.4382 160 240 2.00251e-06
1.63269 1.4382 160 240 1.99025e-06
1.63344 1.4382 160 240 1.98109e-06
1.63419 1.4382 160 240 1.97489e-06
1.63494 1.4382 160 240 1.97149e-06
1.63569 1.4382 160 240 1.97082e-06
1.63644 1.4382 160 240 1.97272e-06
1.63719 1.4382 160 240 1.97715e-06
1.63794 1.4382 160 240 1.98402e-06
1.63869 1.4382 160 240 1.9933e-06
1.63944 1.4382 160 240 2.00453e-06
1.64019 1.4382 160 240 2.01843e-06
1.64094 1.4382 160 240 2.03463e-06
1.64169 1.4382 160 240 2.05311e-06
1.64244 1.4382 160 240 2.07388e-06
1.64319 1.4382 160 240 2.09694e-06
1.64394 1.4382 160 240 2.12232e-06
1.64469 1.4382 160 240 2.15004e-06
1.64544 1.4382 160 240 2.18014e-06
1.64619 1.4382 160 240 2.21268e-06
1.64694 1.4382 160 240 2.24778e-06
1.64769 1.4382 160 240 2.28554e-06
1.64844 1.4382 160 240 2.32619e-06
1.64919 1.4382 160 240 2.37003e-06
1.64994 1.4382 160 240 2.41743e-06
1.65069 1.4382 160 240 2.46906e-06
1.65144 1.4382 160 240 2.52571e-06
1.65219 1.4382 160 240 2.58835e-06
1.65294 1.4382 160 240 2.6583e-06
1.65369 1.4382 160 240 2.7369e-06
1.65444 1.4382 160 240 2.82549e-06
1.65519 1.4382 160 240 2.92513e-06
1.65594 1.4382 160 240 3.03638e-06
1.65669 1.4382 160 240 3.15917e-06
1.65744 1.4382 160 240 3.29283e-06
1.65819 1.4382 160 240 3.43639e-06
1.65894 1.4382 160 240 3.58896e-06
1.65969 1.4382 160 240 3.74998e-06
1.66044 1.4382 160 240 3.91967e-06
1.66119 1.4382 160 240 4.09885e-06
1.66194 1.4382 160 240 4.28892e-06
1.66269 1.4382 160 240 4.49181e-06
1.66344 1.4382 160 240 4.70975e-06
1.66419 1.4382 160 240 4.9451e-06
1.66494 1.4382 160 240 5.20053e-06
1.66569 1.4382 160 240 5.47884e-06
1.66644 1.4382 160 240 5.78297e-06
1.66719 1.4382 160 240 6.1161e-06
1.66794 1.4382 160 240 6.48167e-06
1.66869 1.4382 160 240 6.88347e-06
1.66944 1.4382 160 240 7.32546e-06
1.6702 1.4382 160 240 7.81179e-06
1.67095 1.4382 160 240 8.34694e-06
1.6717 1.4382 160 240 8.93513e-06
1.67245 1.4382 160 240 9.58041e-06
1.6732 1.4382 160 240 1.0286e-05
1.67395 1.4382 160 240 1.10541e-05
1.6747 1.4382 160 240 1.18843e-05
1.67545 1.4382 160 240 1.27736e-05
1.6762 1.4382 160 240 1.37143e-05
1.67695 1.4382 160 240 1.46937e-05
1.6777 1.4382 160 240 1.5693e-05
1.67845 1.4382 160 240 1.66881e-05
1.6792 1.4382 160 240 1.76505e-05
1.67995 1.4382 160 240 1.85508e-05
1.6807 1.4382 160 240 1.93643e-05
1.68145 1.4382 160 240 2.0077e-05
1.6822 1.4382 160 240 2.06839e-05
1.68295 1.4382 160 240 2.12007e-05
1.6837 1.4382 160 240 2.16562e-05
1.68445 1.4382 160 240 2.20893e-05
1.6852 1.4382 160 240 2.25433e-05
1.68595 1.4382 160 240 2.30613e-05
1.6867 1.4382 160 240 2.36807e-05
1.68745 1.4382 160 240 2.44303e-05
1.6882 1.4382 160 240 2.53275e-05
1.68895 1.4382 160 240 2.63766e-05
1.6897 1.4382 160 240 2.75653e-05
1.69045 1.4382 160 240 2.88633e-05
1.6912 1.4382 160 240 3.02188e-05
1.69195 1.4382 160 240 3.15576e-05
1.6927 1.4382 160 240 3.27856e-05
1.69345 1.4382 160 240 3.37954e-05
1.6942 1.4382 160 240 3.44802e-05
1.69495 1.4382 160 240 3.47501e-05
1.6957 1.4382 160 240 3.45512e-05
1.69645 1.4382 160 240 3.38749e-05
1.6972 1.4382 160 240 3.27614e-05
1.69795 1.4382 160 240 3.1289e-05
1.6987 1.4382 160 240 2.95573e-05
1.69945 1.4382 160 240 2.76696e-05
1.7002 1.4382 160 240 2.57197e-05
1.70095 1.4382 160 240 2.37831e-05
1.7017 1.4382 160 240 2.19152e-05
1.70245 1.4382 160 240 2.01495e-05
1.7032 1.4382 160 240 1.85103e-05
1.70395 1.4382 160 240 1.70042e-05
1.7047 1.4382 160 240 1.56313e-05
1.70545 1.4382 160 240 1.43866e-05
1.7062 1.4382 160 240 1.32619e-05
1.70695 1.4382 160 240 1.22474e-05
1.7077 1.4382 160 240 1.13329e-05
1.70845 1.4382 160 240 1.05083e-05
1.7092 1.4382 160 240 9.76384e-06
1.70995 1.4382 160 240 9.09072e-06
1.7107 1.4382 160 240 8.48071e-06
1.71145 1.4382 160 240 7.92645e-06
1.7122 1.4382 160 240 7.42133e-06
1.71295 1.4382 160 240 6.95934e-06
1.7137 1.4382 160 240 6.53512e-06
1.71445 1.4382 160 240 6.14386e-06
1.7152 1.4382 160 240 5.78118e-06
1.71595 1.4382 160 240 5.44311e-06
1.7167 1.4382 160 240 5.12605e-06
1.71745 1.4382 160 240 4.82663e-06
1.7182 1.4382 160 240 4.54178e-06
1.71895 1.4382 160 240 4.26864e-06
1.7197 1.4382 160 240 4.00446e-06
1.72045 1.4382 160 240 3.7473e-06
1.7212 1.4382 160 240 3.49511e-06
1.72195 1.4382 160 240 3.24666e-06
1.7227 1.4382 160 240 3.0012e-06
1.72345 1.4382 160 240 2.75971e-06
1.7242 1.4382 160 240 2.52447e-06
1.72495 1.4382 160 240 2.29959e-06
1.7257 1.4382 160 240 2.09192e-06
1.72645 1.4382 160 240 1.91076e-06
1.7272 1.4382 160 240 1.76757e-06
1.72795 1.4382 160 240 1.67511e-06
1.7287 1.4382 160 240 1.64484e-06
1.72945 1.4382 160 240 1.68499e-06
1.73021 1.4382 160 240 1.79648e-06
1.73096 1.4382 160 240 1.9717e-06
1.73171 1.4382 160 240 2.19456e-06
1.73246 1.4382 160 240 2.443e-06
1.73321 1.4382 160 240 2.69315e-06
1.73396 1.4382 160 240 2.92415e-06
1.73471 1.4382 160 240 3.12162e-06
1.73546 1.4382 160 240 3.27791e-06
1.73621 1.4382 160 240 3.39229e-06
1.73696 1.4382 160 240 3.46871e-06
1.73771 1.4382 160 240 3.51371e-06
1.73846 1.4382 160 240 3.53479e-06
1.73921 1.4382 160 240 3.53934e-06
1.73996 1.4382 160 240 3.53386e-06
1.74071 1.4382 160 240 3.52372e-06
1.74146 1.4382 160 240 3.51328e-06
1.74221 1.4382 160 240 3.50561e-06
1.74296 1.4382 160 240 3.50334e-06
1.74371 1.4382 160 240 3.50838e-06
1.74446 1.4382 160 240 3.52213e-06
1.74521 1.4382 160 240 3.54582e-06
1.74596 1.4382 160 240 3.59603e-06
1.74671 1.4382 160 240 3.64149e-06
1.74746 1.4382 160 240 3.69979e-06
1.74821 1.4382 160 240 3.772e-06
1.74896 1.4382 160 240 3.85917e-06
1.74971 1.4382 160 240 3.96256e-06
1.75046 1.4382 160 240 4.08339e-06
1.75121 1.4382 160 240 4.22327e-06
1.75196 1.4382 160 240 4.38384e-06
1.75271 1.4382 160 240 4.56698e-06
1.75346 1.4382 160 240 4.77478e-06
1.75421 1.4382 160 240 5.00942e-06
1.75496 1.4382 160 240 5.27314e-06
1.75571 1.4382 160 240 5.56814e-06
1.75646 1.4382 160 240 5.89631e-06
1.75721 1.4382 160 240 6.25901e-06
1.75796 1.4382 160 240 6.65659e-06
1.75871 1.4382 160 240 7.08788e-06
1.75946 1.4382 160 240 7.54938e-06
1.76021 1.4382 160 240 8.03458e-06
1.76096 1.4382 160 240 8.53287e-06
1.76171 1.4382 160 240 9.02911e-06
1.76246 1.4382 160 240 9.50309e-06
1.76321 1.4382 160 240 9.93075e-06
1.76396 1.4382 160 240 1.02855e-05
1.76471 1.4382 160 240 1.05419e-05
1.76546 1.4382 160 240 1.0679e-05
1.76621 1.4382 160 240 1.06846e-05
1.76696 1.4382 160 240 1.05577e-05
1.76771 1.4382 160 240 1.03087e-05
1.76846 1.4382 160 240 9.9572e-06
1.76921 1.4382 160 240 9.52849e-06
1.76996 1.4382 160 240 9.05267e-06
1.77071 1.4382 160 240 8.548e-06
1.77146 1.4382 160 240 8.03884e-06
1.77221 1.4382 160 240 7.54124e-06
1.77296 1.4382 160 240 7.06676e-06
1.77371 1.4382 160 240 6.62228e-06
1.77446 1.4382 160 240 6.21189e-06
1.77521 1.4382 160 240 5.83666e-06
1.77596 1.4382 160 240 5.49618e-06
1.77671 1.4382 160 240 5.18911e-06
1.77746 1.4382 160 240 4.91332e-06
1.77821 1.4382 160 240 4.66659e-06
1.77896 1.4382 160 240 4.44631e-06
1.77971 1.4382 160 240 4.24964e-06
1.78046 1.4382 160 240 4.07447e-06
1.78121 1.4382 160 240 3.91879e-06
1.78196 1.4382 160 240 3.78014e-06
1.78271 1.4382 160 240 3.65678e-06
1.78346 1.4382 160 240 3.54706e-06
1.78421 1.4382 160 240 3.44922e-06
1.78496 1.4382 160 240 3.36196e-06
1.78571 1.4382 160 240 3.28383e-06
1.78646 1.4382 160 240 3.21362e-06
1.78721 1.4382 160 240 3.15016e-06
1.78796 1.4382 160 240 3.09251e-06
1.78871 1.4382 160 240 3.03932e-06
1.78946 1.4382 160 240 2.98982e-06
1.79022 1.4382 160 240 2.94344e-06
1.79097 1.4382 160 240 2.89938e-06
1.79172 1.4382 160 240 2.857e-06
1.79247 1.4382 160 240 2.81677e-06
1.79322 1.4382 160 240 2.77929e-06
1.79397 1.4382 160 240 2.74636e-06
1.79472 1.4382 160 240 2.7212e-06
1.79547 1.4382 160 240 2.70771e-06
1.79622 1.4382 160 240 2.71243e-06
1.79697 1.4382 160 240 2.74358e-06
1.79772 1.4382 160 240 2.81083e-06
1.79847 1.4382 160 240 2.92408e-06
1.79922 1.4382 160 240 3.09228e-06
1.79997 1.4382 160 240 3.32183e-06
1.80072 1.4382 160 240 3.61368e-06
1.80147 1.4382 160 240 3.96257e-06
1.80222 1.4382 160 240 4.35886e-06
1.80297 1.4382 160 240 4.78843e-06
1.80372 1.4382 160 240 5.23791e-06
1.80447 1.4382 160 240 5.69554e-06
1.80522 1.4382 160 240 6.15439e-06
1.80597 1.4382 160 240 6.61236e-06
1.80672 1.4382 160 240 7.07276e-06
1.80747 1.4382 160 240 7.54282e-06
1.80822 1.4382 160 240 8.02993e-06
1.80897 1.4382 160 240 8.5451e-06
1.80972 1.4382 160 240 9.09821e-06
1.81047 1.4382 160 240 9.69887e-06
1.81122 1.4382 160 240 1.03572e-05
1.81197 1.4382 160 240 1.10825e-05
1.81272 1.4382 160 240 1.18831e-05
1.81347 1.4382 160 240 1.27672e-05
1.81422 1.4382 160 240 1.37411e-05
1.81497 1.4382 160 240 1.48095e-05
1.81572 1.4382 160 240 1.59734e-05
1.81647 1.4382 160 240 1.72243e-05
1.81722 1.4382 160 240 1.85648e-05
1.81797 1.4382 160 240 1.99708e-05
1.81872 1.4382 160 240 2.14137e-05
1.81947 1.4382 160 240 2.28522e-05
1.82022 1.4382 160 240 2.42317e-05
1.82097 1.4382 160 240 2.5486e-05
1.82172 1.4382 160 240 2.65434e-05
1.82247 1.4382 160 240 2.73322e-05
1.82322 1.4382 160 240 2.77925e-05
1.82397 1.4382 160 240 2.78862e-05
1.82472 1.4382 160 240 2.76043e-05
1.82547 1.4382 160 240 2.69681e-05
1.82622 1.4382 160 240 2.6026e-05
1.82697 1.4382 160 240 2.48437e-05
1.82772 1.4382 160 240 2.34936e-05
1.82847 1.4382 160 240 2.20466e-05
1.82922 1.4382 160 240 2.05643e-05
1.82997 1.4382 160 240 1.90954e-05
1.83072 1.4382 160 240 1.76759e-05
1.83147 1.4382 160 240 1.63291e-05
1.83222 1.4382 160 240 1.50698e-05
1.83297 1.4382 160 240 1.39045e-05
1.83372 1.4382 160 240 1.28342e-05
1.83447 1.4382 160 240 1.18565e-05
1.83522 1.4382 160 240 1.0967e-05
1.83597 1.4382 160 240 1.01592e-05
1.83672 1.4382 160 240 9.42688e-06
1.83747 1.4382 160 240 8.76327e-06
1.83822 1.4382 160 240 8.1619e-06
1.83897 1.4382 160 240 7.61666e-06
1.83972 1.4382 160 240 7.12199e-06
1.84047 1.4382 160 240 6.67248e-06
1.84122 1.4382 160 240 6.26353e-06
1.84197 1.4382 160 240 5.89094e-06
1.84272 1.4382 160 240 5.5511e-06
1.84347 1.4382 160 240 5.24045e-06
1.84422 1.4382 160 240 4.95503e-06
1.84497 1.4382 160 240 4.69413e-06
1.84572 1.4382 160 240 4.45448e-06
1.84647 1.4382 160 240 4.23402e-06
1.84722 1.4382 160 240 4.03072e-06
1.84797 1.4382 160 240 3.84298e-06
1.84872 1.4382 160 240 3.66931e-06
1.84947 1.4382 160 240 3.50835e-06
1.85023 1.4382 160 240 3.35902e-06
1.85098 1.4382 160 240 3.22016e-06
1.85173 1.4382 160 240 3.09064e-06
1.85248 1.4382 160 240 2.96973e-06
1.85323 1.4382 160 240 2.85651e-06
1.85398 1.4382 160 240 2.75019e-06
1.85473 1.4382 160 240 2.6502e-06
1.85548 1.4382 160 240 2.55569e-06
1.85623 1.4382 160 240 2.46616e-06
1.85698 1.4382 160 240 2.38102e-06
1.85773 1.4382 160 240 2.29971e-06
1.85848 1.4382 160 240 2.22184e-06
1.85923 1.4382 160 240 2.14696e-06
1.85998 1.4382 160 240 2.07476e-06
1.86073 1.4382 160 240 2.0049e-06
1.86148 1.4382 160 240 1.93729e-06
1.86223 1.4382 160 240 1.87179e-06
1.86298 1.4382 160 240 1.80894e-06
1.86373 1.4382 160 240 1.74882e-06
1.86448 1.4382 160 240 1.69263e-06
1.86523 1.4382 160 240 1.64158e-06
1.86598 1.4382 160 240 1.59755e-06
1.86673 1.4382 160 240 1.56289e-06
1.86748 1.4382 160 240 1.54029e-06
1.86823 1.4382 160 240 1.53237e-06
1.86898 1.4382 160 240 1.54115e-06
1.86973 1.4382 160 240 1.56805e-06
1.87048 1.4382 160 240 1.6125e-06
1.87123 1.4382 160 240 1.67266e-06
1.87198 1.4382 160 240 1.74474e-06
1.87273 1.4382 160 240 1.82443e-06
1.87348 1.4382 160 240 1.90683e-06
1.87423 1.4382 160 240 1.98821e-06
1.87498 1.4382 160 240 2.06601e-06
1.87573 1.4382 160 240 2.13882e-06
1.87648 1.4382 160 240 2.2067e-06
1.87723 1.4382 160 240 2.271e-06
1.87798 1.4382 160 240 2.33327e-06
1.87873 1.4382 160 240 2.39559e-06
1.87948 1.4382 160 240 2.45987e-06
1.88023 1.4382 160 240 2.52789e-06
1.88098 1.4382 160 240 2.60103e-06
1.88173 1.4382 160 240 2.68036e-06
1.88248 1.4382 160 240 2.76623e-06
1.88323 1.4382 160 240 2.85847e-06
1.88398 1.4382 160 240 2.95607e-06
1.88473 1.4382 160 240 3.05726e-06
1.88548 1.4382 160 240 3.15935e-06
1.88623 1.4382 160 240 3.25865e-06
1.88698 1.4382 160 240 3.35059e-06
1.88773 1.4382 160 240 3.43011e-06
1.88848 1.4382 160 240 3.49183e-06
1.88923 1.4382 160 240 3.53082e-06
1.88998 1.4382 160 240 3.54319e-06
1.89073 1.4382 160 240 3.52675e-06
1.89148 1.4382 160 240 3.48297e-06
1.89223 1.4382 160 240 3.41017e-06
1.89298 1.4382 160 240 3.31357e-06
1.89373 1.4382 160 240 3.19793e-06
1.89448 1.4382 160 240 3.06835e-06
1.89523 1.4382 160 240 2.93002e-06
1.89598 1.4382 160 240 2.7875e-06
1.89673 1.4382 160 240 2.64459e-06
1.89748 1.4382 160 240 2.50419e-06
1.89823 1.4382 160 240 2.36839e-06
1.89898 1.4382 160 240 2.23849e-06
1.89973 1.4382 160 240 2.11524e-06
1.90048 1.4382 160 240 1.99889e-06
1.90123 1.4382 160 240 1.88939e-06
1.90198 1.4382 160 240 1.78627e-06
1.90273 1.4382 160 240 1.68899e-06
1.90348 1.4382 160 240 1.59711e-06
1.90423 1.4382 160 240 1.50981e-06
1.90498 1.4382 160 240 1.42636e-06
1.90573 1.4382 160 240 1.34599e-06
1.90648 1.4382 160 240 1.26791e-06
1.90723 1.4382 160 240 1.1913e-06
1.90798 1.4382 160 240 1.11533e-06
1.90873 1.4382 160 240 1.03919e-06
1.90948 1.4382 160 240 9.61885e-07
1.91024 1.4382 160 240 8.82487e-07
1.91099 1.4382 160 240 8.0014e-07
1.91174 1.4382 160 240 7.1372e-07
1.91249 1.4382 160 240 6.22303e-07
1.91324 1.4382 160 240 5.24837e-07
1.91399 1.4382 160 240 4.20359e-07
1.91474 1.4382 160 240 3.07809e-07
1.91549 1.4382 160 240 1.8693e-07
1.91624 1.4382 160 240 5.72109e-08
1.91699 1.4382 160 240 -8.11975e-08
1.91774 1.4382 160 240 -2.26911e-07
1.91849 1.4382 160 240 -3.77897e-07
1.91924 1.4382 160 240 -5.29923e-07
1.91999 1.4382 160 240 -6.77463e-07
1.92074 1.4382 160 240 -8.13136e-07
1.92149 1.4382 160 240 -9.25731e-07
1.92224 1.4382 160 240 -1.00423e-06
1.92299 1.4382 160 240 -1.03664e-06
1.92374 1.4382 160 240 -1.01216e-06
1.92449 1.4382 160 240 -9.24463e-07
1.92524 1.4382 160 240 -7.71717e-07
1.92599 1.4382 160 240 -5.60605e-07
1.92674 1.4382 160 240 -3.03937e-07
1.92749 1.4382 160 240 -2.01436e-08
1.92824 1.4382 160 240 2.69739e-07
1.92899 1.4382 160 240 5.46592e-07
1.92974 1.4382 160 240 7.95288e-07
1.93049 1.4382 160 240 1.00571e-06
1.93124 1.4382 160 240 1.17371e-06
1.93199 1.4382 160 240 1.29979e-06
1.93274 1.4382 160 240 1.38766e-06
1.93349 1.4382 160 240 1.44251e-06
1.93424 1.4382 160 240 1.47084e-06
1.93499 1.4382 160 240 1.4784e-06
1.93574 1.4382 160 240 1.47056e-06
1.93649 1.4382 160 240 1.45179e-06
1.93724 1.4382 160 240 1.42571e-06
1.93799 1.4382 160 240 1.39525e-06
1.93874 1.4382 160 240 1.36251e-06
1.93949 1.4382 160 240 1.32902e-06
1.94024 1.4382 160 240 1.29617e-06
1.94099 1.4382 160 240 1.26435e-06
1.94174 1.4382 160 240 1.23432e-06
1.94249 1.4382 160 240 1.20626e-06
1.94324 1.4382 160 240 1.18049e-06
1.94399 1.4382 160 240 1.15722e-06
1.94474 1.4382 160 240 1.13628e-06
1.94549 1.4382 160 240 1.11774e-06
1.94624 1.4382 160 240 1.10157e-06
1.94699 1.4382 160 240 1.08777e-06
1.94774 1.4382 160 240 1.07629e-06
1.94849 1.4382 160 240 1.06709e-06
1.94924 1.4382 160 240 1.06015e-06
1.94999 1.4382 160 240 1.05548e-06
1.95074 1.4382 160 240 1.05298e-06
1.95149 1.4382 160 240 1.05267e-06
1.95224 1.4382 160 240 1.05456e-06
1.95299 1.4382 160 240 1.05862e-06
1.95374 1.4382 160 240 1.06485e-06
1.95449 1.4382 160 240 1.07318e-06
1.95524 1.4382 160 240 1.08351e-06
1.95599 1.4382 160 240 1.09567e-06
1.95674 1.4382 160 240 1.10942e-06
1.95749 1.4382 160 240 1.12441e-06
1.95824 1.4382 160 240 1.14008e-06
1.95899 1.4382 160 240 1.15572e-06
1.95974 1.4382 160 240 1.17057e-06
1.96049 1.4382 160 240 1.1837e-06
1.96124 1.4382 160 240 1.19419e-06
1.96199 1.4382 160 240 1.2012e-06
1.96274 1.4382 160 240 1.20407e-06
1.96349 1.4382 160 240 1.20252e-06
1.96424 1.4382 160 240 1.19657e-06
1.96499 1.4382 160 240 1.18667e-06
1.96574 1.4382 160 240 1.17351e-06
1.96649 1.4382 160 240 1.15795e-06
1.96724 1.4382 160 240 1.14094e-06
1.96799 1.4382 160 240 1.12327e-06
1.96874 1.4382 160 240 1.1057e-06
1.96949 1.4382 160 240 1.0888e-06
1.97025 1.4382 160 240 1.07297e-06
1.971 1.4382 160 240 1.0585e-06
1.97175 1.4382 160 240 1.04554e-06
1.9725 1.4382 160 240 1.03415e-06
1.97325 1.4382 160 240 1.02435e-06
1.974 1.4382 160 240 1.01656e-06
1.97475 1.4382 160 240 1.00978e-06
1.9755 1.4382 160 240 1.0044e-06
1.97625 1.4382 160 240 1.00035e-06
1.977 1.4382 160 240 9.97535e-07
1.97775 1.4382 160 240 9.95888e-07
1.9785 1.4382 160 240 9.95331e-07
1.97925 1.4382 160 240 9.95793e-07
1.98 1.4382 160 240 9.97223e-07
1.98075 1.4382 160 240 9.9954e-07
1.9815 1.4382 160 240 1.00271e-06
1.98225 1.4382 160 240 1.00669e-06
1.983 1.4382 160 240 1.01145e-06
1.98375 1.4382 160 240 1.01694e-06
1.9845 1.4382 160 240 1.02315e-06
1.98525 1.4382 160 240 1.03006e-06
1.986 1.4382 160 240 1.03764e-06
1.98675 1.4382 160 240 1.04588e-06
1.9875 1.4382 160 240 1.05477e-06
1.98825 1.4382 160 240 1.06431e-06
1.989 1.4382 160 240 1.07449e-06
1.98975 1.4382 160 240 1.08531e-06
1.9905 1.4382 160 240 1.09678e-06
1.99125 1.4382 160 240 1.1089e-06
1.992 1.4382 160 240 1.12166e-06
1.99275 1.4382 160 240 1.13509e-06
1.9935 1.4382 160 240 1.1492e-06
1.99425 1.4382 160 240 1.164e-06
1.995 1.4382 160 240 1.17949e-06
1.99575 1.4382 160 240 1.19571e-06
1.9965 1.4382 160 240 1.21267e-06
1.99725 1.4382 160 240 1.23038e-06
1.998 1.4382 160 240 1.24889e-06
1.99875 1.4382 160 240 1.26821e-06
1.9995 1.4382 160 240 1.28838e-06
2.00025 1.4382 160 240 1.30941e-06
2.001 1.4382 160 240 1.33136e-06
2.00175 1.4382 160 240 1.35425e-06
2.0025 1.4382 160 240 1.37812e-06
2.00325 1.4382 160 240 1.40302e-06
2.004 1.4382 160 240 1.429e-06
2.00475 1.4382 160 240 1.4561e-06
2.0055 1.4382 160 240 1.48437e-06
2.00625 1.4382 160 240 1.51387e-06
2.007 1.4382 160 240 1.54466e-06
2.00775 1.4382 160 240 1.57681e-06
2.0085 1.4382 160 240 1.61039e-06
2.00925 1.4382 160 240 1.64547e-06
2.01 1.4382 160 240 1.68212e-06
2.01075 1.4382 160 240 1.72046e-06
2.0115 1.4382 160 240 1.76047e-06
2.01225 1.4382 160 240 1.80242e-06
2.013 1.4382 160 240 1.84634e-06
2.01375 1.4382 160 240 1.89235e-06
2.0145 1.4382 160 240 1.94057e-06
2.01525 1.4382 160 240 1.99113e-06
2.016 1.4382 160 240 2.04419e-06
2.01675 1.4382 160 240 2.0999e-06
2.0175 1.4382 160 240 2.15842e-06
2.01825 1.4382 160 240 2.21995e-06
2.019 1.4382 160 240 2.2847e-06
2.01975 1.4382 160 240 2.35286e-06
2.0205 1.4382 160 240 2.42468e-06
2.02125 1.4382 160 240 2.50042e-06
2.022 1.4382 160 240 2.58036e-06
2.02275 1.4382 160 240 2.66481e-06
2.0235 1.4382 160 240 2.75409e-06
2.02425 1.4382 160 240 2.84857e-06
2.025 1.4382 160 240 2.94866e-06
2.02575 1.4382 160 240 3.05477e-06
2.0265 1.4382 160 240 3.1674e-06
2.02725 1.4382 160 240 3.28705e-06
2.028 1.4382 160 240 3.41437e-06
2.02875 1.4382 160 240 3.54994e-06
2.0295 1.4382 160 240 3.69451e-06
2.03026 1.4382 160 240 3.84883e-06
2.03101 1.4382 160 240 4.01372e-06
2.03176 1.4382 160 240 4.19021e-06
2.03251 1.4382 160 240 4.37936e-06
2.03326 1.4382 160 240 4.5823e-06
2.03401 1.4382 160 240 4.80038e-06
2.03476 1.4382 160 240 5.03501e-06
2.03551 1.4382 160 240 5.28783e-06
2.03626 1.4382 160 240 5.5606e-06
2.03701 1.4382 160 240 5.85533e-06
2.03776 1.4382 160 240 6.17427e-06
2.03851 1.4382 160 240 6.51985e-06
2.03926 1.4382 160 240 6.89478e-06
2.04001 1.4382 160 240 7.30209e-06
2.04076 1.4382 160 240 7.74502e-06
2.04151 1.4382 160 240 8.22727e-06
2.04226 1.4382 160 240 8.7527e-06
2.04301 1.4382 160 240 9.32549e-06
2.04376 1.4382 160 240 9.95001e-06
2.04451 1.4382 160 240 1.06308e-05
2.04526 1.4382 160 240 1.13723e-05
2.04601 1.4382 160 240 1.21789e-05
2.04676 1.4382 160 240 1.30541e-05
2.04751 1.4382 160 240 1.40006e-05
2.04826 1.4382 160 240 1.50193e-05
2.04901 1.4382 160 240 1.61087e-05
2.04976 1.4382 160 240 1.72637e-05
2.05051 1.4382 160 240 1.84753e-05
2.05126 1.4382 160 240 1.97292e-05
2.05201 1.4382 160 240 2.10052e-05
2.05276 1.4382 160 240 2.22777e-05
2.05351 1.4382 160 240 2.35165e-05
2.05426 1.4382 160 240 2.46888e-05
2.05501 1.4382 160 240 2.5763e-05
2.05576 1.4382 160 240 2.67122e-05
2.05651 1.4382 160 240 2.75176e-05
2.05726 1.4382 160 240 2.81709e-05
2.05801 1.4382 160 240 2.86743e-05
2.05876 1.4382 160 240 2.90382e-05
2.05951 1.4382 160 240 2.92774e-05
2.06026 1.4382 160 240 2.94064e-05
2.06101 1.4382 160 240 2.94359e-05
2.06176 1.4382 160 240 2.93702e-05
2.06251 1.4382 160 240 2.92075e-05
2.06326 1.4382 160 240 2.89413e-05
2.06401 1.4382 160 240 2.85919e-05
2.06476 1.4382 160 240 2.80898e-05
2.06551 1.4382 160 240 2.74639e-05
2.06626 1.4382 160 240 2.67157e-05
2.06701 1.4382 160 240 2.58528e-05
2.06776 1.4382 160 240 2.48884e-05
2.06851 1.4382 160 240 2.3841e-05
2.06926 1.4382 160 240 2.27319e-05
2.07001 1.4382 160 240 2.15847e-05
2.07076 1.4382 160 240 2.04214e-05
2.07151 1.4382 160 240 1.92635e-05
2.07226 1.4382 160 240 1.81289e-05
2.07301 1.4382 160 240 1.70325e-05
2.07376 1.4382 160 240 1.59855e-05
2.07451 1.4382 160 240 1.49954e-05
2.07526 1.4382 160 240 1.40667e-05
2.07601 1.4382 160 240 1.32014e-05
2.07676 1.4382 160 240 1.23993e-05
2.07751 1.4382 160 240 1.16591e-05
2.07826 1.4382 160 240 1.09781e-05
2.07901 1.4382 160 240 1.03533e-05
2.07976 1.4382 160 240 9.78108e-06
2.08051 1.4382 160 240 9.2579e-06
2.08126 1.4382 160 240 8.78011e-06
2.08201 1.4382 160 240 8.34423e-06
2.08276 1.4382 160 240 7.94689e-06
2.08351 1.4382 160 240 7.58508e-06
2.08426 1.4382 160 240 7.25597e-06
2.08501 1.4382 160 240 6.95693e-06
2.08576 1.4382 160 240 6.68563e-06
2.08651 1.4382 160 240 6.43998e-06
2.08726 1.4382 160 240 6.21812e-06
2.08801 1.4382 160 240 6.01834e-06
2.08876 1.4382 160 240 5.8392e-06
2.08951 1.4382 160 240 5.67939e-06
2.09027 1.4382 160 240 5.53782e-06
2.09102 1.4382 160 240 5.41353e-06
2.09177 1.4382 160 240 5.30572e-06
2.09252 1.4382 160 240 5.21373e-06
2.09327 1.4382 160 240 5.13702e-06
2.09402 1.4382 160 240 5.0752e-06
2.09477 1.4382 160 240 5.028e-06
2.09552 1.4382 160 240 4.99525e-06
2.09627 1.4382 160 240 4.97692e-06
2.09702 1.4382 160 240 4.9731e-06
2.09777 1.4382 160 240 4.98399e-06
2.09852 1.4382 160 240 5.00992e-06
2.09927 1.4382 160 240 5.05132e-06
2.10002 1.4382 160 240 5.10876e-06
2.10077 1.4382 160 240 5.18296e-06
2.10152 1.4382 160 240 5.27472e-06
2.10227 1.4382 160 240 5.385e-06
2.10302 1.4382 160 240 5.51486e-06
2.10377 1.4382 160 240 5.66554e-06
2.10452 1.4382 160 240 5.83831e-06
2.10527 1.4382 160 240 6.03455e-06
2.10602 1.4382 160 240 6.25566e-06
2.10677 1.4382 160 240 6.50306e-06
2.10752 1.4382 160 240 6.7765e-06
2.10827 1.4382 160 240 7.08005e-06
2.10902 1.4382 160 240 7.4129e-06
2.10977 1.4382 160 240 7.77519e-06
2.11052 1.4382 160 240 8.16611e-06
2.11127 1.4382 160 240 8.58377e-06
2.11202 1.4382 160 240 9.02461e-06
2.11277 1.4382 160 240 9.48318e-06
2.11352 1.4382 160 240 9.95168e-06
2.11427 1.4382 160 240 1.04196e-05
2.11502 1.4382 160 240 1.08739e-05
2.11577 1.4382 160 240 1.1299e-05
2.11652 1.4382 160 240 1.16775e-05
2.11727 1.4382 160 240 1.19916e-05
2.11802 1.4382 160 240 1.22244e-05
2.11877 1.4382 160 240 1.2362e-05
2.11952 1.4382 160 240 1.2395e-05
2.12027 1.4382 160 240 1.23199e-05
2.12102 1.4382 160 240 1.21398e-05
2.12177 1.4382 160 240 1.18635e-05
2.12252 1.4382 160 240 1.15048e-05
2.12327 1.4382 160 240 1.10802e-05
2.12402 1.4382 160 240 1.06077e-05
2.12477 1.4382 160 240 1.01046e-05
2.12552 1.4382 160 240 9.5867e-06
2.12627 1.4382 160 240 9.06714e-06
2.12702 1.4382 160 240 8.55649e-06
2.12777 1.4382 160 240 8.06284e-06
2.12852 1.4382 160 240 7.5917e-06
2.12927 1.4382 160 240 7.14669e-06
2.13002 1.4382 160 240 6.72971e-06
2.13077 1.4382 160 240 6.34144e-06
2.13152 1.4382 160 240 5.98159e-06
2.13227 1.4382 160 240 5.64926e-06
2.13302 1.4382 160 240 5.34298e-06
2.13377 1.4382 160 240 5.06112e-06
2.13452 1.4382 160 240 4.80192e-06
2.13527 1.4382 160 240 4.5636e-06
2.13602 1.4382 160 240 4.34441e-06
2.13677 1.4382 160 240 4.14276e-06
2.13752 1.4382 160 240 3.95713e-06
2.13827 1.4382 160 240 3.78619e-06
2.13902 1.4382 160 240 3.62873e-06
2.13977 1.4382 160 240 3.48357e-06
2.14052 1.4382 160 240 3.34973e-06
2.14127 1.4382 160 240 3.2263e-06
2.14202 1.4382 160 240 3.11252e-06
2.14277 1.4382 160 240 3.00756e-06
2.14352 1.4382 160 240 2.91075e-06
2.14427 1.4382 160 240 2.82146e-06
2.14502 1.4382 160 240 2.73918e-06
2.14577 1.4382 160 240 2.66335e-06
2.14652 1.4382 160 240 2.59351e-06
2.14727 1.4382 160 240 2.52926e-06
2.14802 1.4382 160 240 2.47022e-06
2.14877 1.4382 160 240 2.41608e-06
2.14952 1.4382 160 240 2.36644e-06
2.15028 1.4382 160 240 2.32105e-06
2.15103 1.4382 160 240 2.27966e-06
2.15178 1.4382 160 240 2.24204e-06
2.15253 1.4382 160 240 2.20795e-06
2.15328 1.4382 160 240 2.17728e-06
2.15403 1.4382 160 240 2.14974e-06
2.15478 1.4382 160 240 2.1252e-06
2.15553 1.4382 160 240 2.10356e-06
2.15628 1.4382 160 240 2.08469e-06
2.15703 1.4382 160 240 2.06851e-06
2.15778 1.4382 160 240 2.05506e-06
2.15853 1.4382 160 240 2.04415e-06
2.15928 1.4382 160 240 2.03592e-06
2.16003 1.4382 160 240 2.03048e-06
2.16078 1.4382 160 240 2.02807e-06
2.16153 1.4382 160 240 2.02919e-06
2.16228 1.4382 160 240 2.03277e-06
2.16303 1.4382 160 240 2.04221e-06
2.16378 1.4382 160 240 2.05727e-06
2.16453 1.4382 160 240 2.07965e-06
2.16528 1.4382 160 240 2.1101e-06
2.16603 1.4382 160 240 2.1509e-06
2.16678 1.4382 160 240 2.20419e-06
2.16753 1.4382 160 240 2.27213e-06
2.16828 1.4382 160 240 2.35684e-06
2.16903 1.4382 160 240 2.46016e-06
2.16978 1.4382 160 240 2.58324e-06
2.17053 1.4382 160 240 2.72643e-06
2.17128 1.4382 160 240 2.88924e-06
2.17203 1.4382 160 240 3.07052e-06
2.17278 1.4382 160 240 3.26853e-06
2.17353 1.4382 160 240 3.48065e-06
2.17428 1.4382 160 240 3.70435e-06
2.17503 1.4382 160 240 3.93697e-06
2.17578 1.4382 160 240 4.17575e-06
2.17653 1.4382 160 240 4.41774e-06
2.17728 1.4382 160 240 4.65953e-06
2.17803 1.4382 160 240 4.89705e-06
2.17878 1.4382 160 240 5.12534e-06
2.17953 1.4382 160 240 5.33858e-06
2.18028 1.4382 160 240 5.52993e-06
2.18103 1.4382 160 240 5.69228e-06
2.18178 1.4382 160 240 5.81854e-06
2.18253 1.4382 160 240 5.90249e-06
2.18328 1.4382 160 240 5.93915e-06
2.18403 1.4382 160 240 5.92594e-06
2.18478 1.4382 160 240 5.86258e-06
2.18553 1.4382 160 240 5.7517e-06
2.18628 1.4382 160 240 5.59763e-06
2.18703 1.4382 160 240 5.40664e-06
2.18778 1.4382 160 240 5.18595e-06
2.18853 1.4382 160 240 4.94293e-06
2.18928 1.4382 160 240 4.6848e-06
2.19003 1.4382 160 240 4.41816e-06
2.19078 1.4382 160 240 4.14882e-06
2.19153 1.4382 160 240 3.88184e-06
2.19228 1.4382 160 240 3.62167e-06
2.19303 1.4382 160 240 3.37238e-06
2.19378 1.4382 160 240 3.13774e-06
2.19453 1.4382 160 240 2.92162e-06
2.19528 1.4382 160 240 2.72779e-06
2.19603 1.4382 160 240 2.55989e-06
2.19678 1.4382 160 240 2.42094e-06
2.19753 1.4382 160 240 2.31319e-06
2.19828 1.4382 160 240 2.23724e-06
2.19903 1.4382 160 240 2.19183e-06
2.19978 1.4382 160 240 2.17354e-06
2.20053 1.4382 160 240 2.17751e-06
2.20128 1.4382 160 240 2.19687e-06
2.20203 1.4382 160 240 2.22467e-06
2.20278 1.4382 160 240 2.2539e-06
2.20353 1.4382 160 240 2.27878e-06
2.20428 1.4382 160 240 2.29505e-06
2.20503 1.4382 160 240 2.29967e-06
2.20578 1.4382 160 240 2.29246e-06
2.20653 1.4382 160 240 2.27313e-06
2.20728 1.4382 160 240 2.24274e-06
2.20803 1.4382 160 240 2.20279e-06
2.20878 1.4382 160 240 2.15497e-06
2.20953 1.4382 160 240 2.10151e-06
2.21029 1.4382 160 240 2.04388e-06
2.21104 1.4382 160 240 1.98346e-06
2.21179 1.4382 160 240 1.92143e-06
2.21254 1.4382 160 240 1.85921e-06
2.21329 1.4382 160 240 1.79646e-06
2.21404 1.4382 160 240 1.73416e-06
2.21479 1.4382 160 240 1.67251e-06
2.21554 1.4382 160 240 1.61178e-06
2.21629 1.4382 160 240 1.5519e-06
2.21704 1.4382 160 240 1.4928e-06
2.21779 1.4382 160 240 1.43423e-06
2.21854 1.4382 160 240 1.37616e-06
2.21929 1.4382 160 240 1.31827e-06
2.22004 1.4382 160 240 1.26049e-06
2.22079 1.4382 160 240 1.20258e-06
2.22154 1.4382 160 240 1.14446e-06
2.22229 1.4382 160 240 1.08614e-06
2.22304 1.4382 160 240 1.02778e-06
2.22379 1.4382 160 240 9.69831e-07
2.22454 1.4382 160 240 9.12936e-07
2.22529 1.4382 160 240 8.58105e-07
2.22604 1.4382 160 240 8.06618e-07
2.22679 1.4382 160 240 7.60538e-07
2.22754 1.4382 160 240 7.21987e-07
2.22829 1.4382 160 240 6.93535e-07
2.22904 1.4382 160 240 6.77869e-07
2.22979 1.4382 160 240 6.7772e-07
2.23054 1.4382 160 240 6.95127e-07
2.23129 1.4382 160 240 7.31622e-07
2.23204 1.4382 160 240 7.87214e-07
2.23279 1.4382 160 240 8.60566e-07
2.23354 1.4382 160 240 9.48834e-07
2.23429 1.4382 160 240 1.04795e-06
2.23504 1.4382 160 240 1.15308e-06
2.23579 1.4382 160 240 1.2592e-06
2.23654 1.4382 160 240 1.36173e-06
2.23729 1.4382 160 240 1.45697e-06
2.23804 1.4382 160 240 1.54241e-06
2.23879 1.4382 160 240 1.61674e-06
2.23954 1.4382 160 240 1.67975e-06
2.24029 1.4382 160 240 1.73205e-06
2.24104 1.4382 160 240 1.77486e-06
2.24179 1.4382 160 240 1.80971e-06
2.24254 1.4382 160 240 1.83824e-06
2.24329 1.4382 160 240 1.86207e-06
2.24404 1.4382 160 240 1.88267e-06
2.24479 1.4382 160 240 1.90137e-06
2.24554 1.4382 160 240 1.91927e-06
2.24629 1.4382 160 240 1.93734e-06
2.24704 1.4382 160 240 1.95633e-06
2.24779 1.4382 160 240 1.97692e-06
2.24854 1.4382 160 240 1.99958e-06
2.24929 1.4382 160 240 2.02479e-06
2.25004 1.4382 160 240 2.05284e-06
2.25079 1.4382 160 240 2.08406e-06
2.25154 1.4382 160 240 2.11875e-06
2.25229 1.4382 160 240 2.15716e-06
2.25304 1.4382 160 240 2.19953e-06
2.25379 1.4382 160 240 2.2461e-06
2.25454 1.4382 160 240 2.29712e-06
2.25529 1.4382 160 240 2.35286e-06
2.25604 1.4382 160 240 2.41359e-06
2.25679 1.4382 160 240 2.47964e-06
2.25754 1.4382 160 240 2.55132e-06
2.25829 1.4382 160 240 2.62902e-06
2.25904 1.4382 160 240 2.71312e-06
2.25979 1.4382 160 240 2.80407e-06
2.26054 1.4382 160 240 2.90236e-06
2.26129 1.4382 160 240 3.00853e-06
2.26204 1.4382 160 240 3.12314e-06
2.26279 1.4382 160 240 3.24684e-06
2.26354 1.4382 160 240 3.38031e-06
2.26429 1.4382 160 240 3.5243e-06
2.26504 1.4382 160 240 3.67962e-06
2.26579 1.4382 160 240 3.84714e-06
2.26654 1.4382 160 240 4.0278e-06
2.26729 1.4382 160 240 4.22261e-06
2.26804 1.4382 160 240 4.43266e-06
2.26879 1.4382 160 240 4.65912e-06
2.26954 1.4382 160 240 4.90325e-06
2.2703 1.4382 160 240 5.16669e-06
2.27105 1.4382 160 240 5.45013e-06
2.2718 1.4382 160 240 5.75562e-06
2.27255 1.4382 160 240 6.08476e-06
2.2733 1.4382 160 240 6.4392e-06
2.27405 1.4382 160 240 6.82052e-06
2.2748 1.4382 160 240 7.23014e-06
2.27555 1.4382 160 240 7.66918e-06
2.2763 1.4382 160 240 8.13829e-06
2.27705 1.4382 160 240 8.63738e-06
2.2778 1.4382 160 240 9.16529e-06
2.27855 1.4382 160 240 9.71968e-06
2.2793 1.4382 160 240 1.02964e-05
2.28005 1.4382 160 240 1.08891e-05
2.2808 1.4382 160 240 1.14894e-05
2.28155 1.4382 160 240 1.2086e-05
2.2823 1.4382 160 240 1.26651e-05
2.28305 1.4382 160 240 1.32105e-05
2.2838 1.4382 160 240 1.37043e-05
2.28455 1.4382 160 240 1.41278e-05
2.2853 1.4382 160 240 1.4463e-05
2.28605 1.4382 160 240 1.46945e-05
2.2868 1.4382 160 240 1.48107e-05
2.28755 1.4382 160 240 1.48055e-05
2.2883 1.4382 160 240 1.46788e-05
2.28905 1.4382 160 240 1.44367e-05
2.2898 1.4382 160 240 1.40908e-05
2.29055 1.4382 160 240 1.36565e-05
2.2913 1.4382 160 240 1.31518e-05
2.29205 1.4382 160 240 1.25955e-05
2.2928 1.4382 160 240 1.20057e-05
2.29355 1.4382 160 240 1.13982e-05
2.2943 1.4382 160 240 1.07872e-05
2.29505 1.4382 160 240 1.01839e-05
2.2958 1.4382 160 240 9.59698e-06
2.29655 1.4382 160 240 9.03296e-06
2.2973 1.4382 160 240 8.49571e-06
2.29805 1.4382 160 240 7.98802e-06
2.2988 1.4382 160 240 7.51097e-06
2.29955 1.4382 160 240 7.06485e-06
2.3003 1.4382 160 240 6.64915e-06
2.30105 1.4382 160 240 6.26286e-06
2.3018 1.4382 160 240 5.90467e-06
2.30255 1.4382 160 240 5.573e-06
2.3033 1.4382 160 240 5.26628e-06
2.30405 1.4382 160 240 4.98293e-06
2.3048 1.4382 160 240 4.72141e-06
2.30555 1.4382 160 240 4.48024e-06
2.3063 1.4382 160 240 4.2581e-06
2.30705 1.4382 160 240 4.05373e-06
2.3078 1.4382 160 240 3.86603e-06
2.30855 1.4382 160 240 3.69391e-06
2.3093 1.4382 160 240 3.53636e-06
2.31005 1.4382 160 240 3.39236e-06
2.3108 1.4382 160 240 3.26096e-06
2.31155 1.4382 160 240 3.14115e-06
2.3123 1.4382 160 240 3.03182e-06
2.31305 1.4382 160 240 2.93199e-06
2.3138 1.4382 160 240 2.84066e-06
2.31455 1.4382 160 240 2.75694e-06
2.3153 1.4382 160 240 2.67999e-06
2.31605 1.4382 160 240 2.60916e-06
2.3168 1.4382 160 240 2.54392e-06
2.31755 1.4382 160 240 2.48385e-06
2.3183 1.4382 160 240 2.42857e-06
2.31905 1.4382 160 240 2.37789e-06
2.3198 1.4382 160 240 2.33164e-06
2.32055 1.4382 160 240 2.28971e-06
2.3213 1.4382 160 240 2.25203e-06
2.32205 1.4382 160 240 2.21856e-06
2.3228 1.4382 160 240 2.18925e-06
2.32355 1.4382 160 240 2.16411e-06
2.3243 1.4382 160 240 2.14314e-06
2.32505 1.4382 160 240 2.12634e-06
2.3258 1.4382 160 240 2.11379e-06
2.32655 1.4382 160 240 2.10551e-06
2.3273 1.4382 160 240 2.10161e-06
2.32805 1.4382 160 240 2.10213e-06
2.3288 1.4382 160 240 2.10752e-06
2.32955 1.4382 160 240 2.11725e-06
2.33031 1.4382 160 240 2.13182e-06
2.33106 1.4382 160 240 2.15136e-06
2.33181 1.4382 160 240 2.17607e-06
2.33256 1.4382 160 240 2.20611e-06
2.33331 1.4382 160 240 2.24167e-06
2.33406 1.4382 160 240 2.28293e-06
2.33481 1.4382 160 240 2.33002e-06
2.33556 1.4382 160 240 2.38307e-06
2.33631 1.4382 160 240 2.44209e-06
2.33706 1.4382 160 240 2.50705e-06
2.33781 1.4382 160 240 2.57776e-06
2.33856 1.4382 160 240 2.65385e-06
2.33931 1.4382 160 240 2.73475e-06
2.34006 1.4382 160 240 2.81962e-06
2.34081 1.4382 160 240 2.90727e-06
2.34156 1.4382 160 240 2.99618e-06
2.34231 1.4382 160 240 3.08444e-06
2.34306 1.4382 160 240 3.16976e-06
2.34381 1.4382 160 240 3.24954e-06
2.34456 1.4382 160 240 3.32097e-06
2.34531 1.4382 160 240 3.38118e-06
2.34606 1.4382 160 240 3.42741e-06
2.34681 1.4382 160 240 3.45727e-06
2.34756 1.4382 160 240 3.46901e-06
2.34831 1.4382 160 240 3.46161e-06
2.34906 1.4382 160 240 3.43498e-06
2.34981 1.4382 160 240 3.38989e-06
2.35056 1.4382 160 240 3.32793e-06
2.35131 1.4382 160 240 3.25132e-06
2.35206 1.4382 160 240 3.16271e-06
2.35281 1.4382 160 240 3.06489e-06
2.35356 1.4382 160 240 2.96067e-06
2.35431 1.4382 160 240 2.85264e-06
2.35506 1.4382 160 240 2.7431e-06
2.35581 1.4382 160 240 2.63398e-06
2.35656 1.4382 160 240 2.5268e-06
2.35731 1.4382 160 240 2.42277e-06
2.35806 1.4382 160 240 2.32271e-06
2.35881 1.4382 160 240 2.2272e-06
2.35956 1.4382 160 240 2.13658e-06
2.36031 1.4382 160 240 2.05096e-06
2.36106 1.4382 160 240 1.97035e-06
2.36181 1.4382 160 240 1.89466e-06
2.36256 1.4382 160 240 1.82368e-06
2.36331 1.4382 160 240 1.75718e-06
2.36406 1.4382 160 240 1.6949e-06
2.36481 1.4382 160 240 1.63649e-06
2.36556 1.4382 160 240 1.5817e-06
2.36631 1.4382 160 240 1.5302e-06
2.36706 1.4382 160 240 1.48171e-06
2.36781 1.4382 160 240 1.43589e-06
2.36856 1.4382 160 240 1.39249e-06
2.36931 1.4382 160 240 1.35112e-06
2.37006 1.4382 160 240 1.31159e-06
2.37081 1.4382 160 240 1.27356e-06
2.37156 1.4382 160 240 1.23677e-06
2.37231 1.4382 160 240 1.20091e-06
2.37306 1.4382 160 240 1.16572e-06
2.37381 1.4382 160 240 1.13089e-06
2.37456 1.4382 160 240 1.09613e-06
2.37531 1.4382 160 240 1.06117e-06
2.37606 1.4382 160 240 1.02571e-06
2.37681 1.4382 160 240 9.89434e-07
2.37756 1.4382 160 240 9.52049e-07
2.37831 1.4382 160 240 9.13279e-07
2.37906 1.4382 160 240 8.728e-07
2.37981 1.4382 160 240 8.30279e-07
2.38056 1.4382 160 240 7.85684e-07
2.38131 1.4382 160 240 7.38782e-07
2.38206 1.4382 160 240 6.89534e-07
2.38281 1.4382 160 240 6.37955e-07
2.38356 1.4382 160 240 5.84464e-07
2.38431 1.4382 160 240 5.29518e-07
2.38506 1.4382 160 240 4.74021e-07
2.38581 1.4382 160 240 4.19224e-07
2.38656 1.4382 160 240 3.66859e-07
2.38731 1.4382 160 240 3.19156e-07
2.38806 1.4382 160 240 2.7885e-07
2.38881 1.4382 160 240 2.49355e-07
2.38956 1.4382 160 240 2.08109e-07
2.39032 1.4382 160 240 2.09756e-07
2.39107 1.4382 160 240 2.33884e-07
2.39182 1.4382 160 240 2.8279e-07
2.39257 1.4382 160 240 3.57941e-07
2.39332 1.4382 160 240 4.5985e-07
2.39407 1.4382 160 240 5.86537e-07
2.39482 1.4382 160 240 7.34511e-07
2.39557 1.4382 160 240 8.98764e-07
2.39632 1.4382 160 240 1.07335e-06
2.39707 1.4382 160 240 1.25207e-06
2.39782 1.4382 160 240 1.429e-06
2.39857 1.4382 160 240 1.59975e-06
2.39932 1.4382 160 240 1.7606e-06
2.40007 1.4382 160 240 1.90978e-06
2.40082 1.4382 160 240 2.04655e-06
2.40157 1.4382 160 240 2.17152e-06
2.40232 1.4382 160 240 2.28599e-06
2.40307 1.4382 160 240 2.39202e-06
2.40382 1.4382 160 240 2.49182e-06
2.40457 1.4382 160 240 2.58773e-06
2.40532 1.4382 160 240 2.6821e-06
2.40607 1.4382 160 240 2.77712e-06
2.40682 1.4382 160 240 2.87487e-06
2.40757 1.4382 160 240 2.97715e-06
2.40832 1.4382 160 240 3.08572e-06
2.40907 1.4382 160 240 3.20198e-06
2.40982 1.4382 160 240 3.32733e-06
2.41057 1.4382 160 240 3.46298e-06
2.41132 1.4382 160 240 3.60998e-06
2.41207 1.4382 160 240 3.76923e-06
2.41282 1.4382 160 240 3.94142e-06
2.41357 1.4382 160 240 4.12705e-06
2.41432 1.4382 160 240 4.32633e-06
2.41507 1.4382 160 240 4.5392e-06
2.41582 1.4382 160 240 4.76482e-06
2.41657 1.4382 160 240 5.0021e-06
2.41732 1.4382 160 240 5.24915e-06
2.41807 1.4382 160 240 5.50322e-06
2.41882 1.4382 160 240 5.76069e-06
2.41957 1.4382 160 240 6.01669e-06
2.42032 1.4382 160 240 6.26561e-06
2.42107 1.4382 160 240 6.50074e-06
2.42182 1.4382 160 240 6.71481e-06
2.42257 1.4382 160 240 6.90013e-06
2.42332 1.4382 160 240 7.04959e-06
2.42407 1.4382 160 240 7.15659e-06
2.42482 1.4382 160 240 7.21619e-06
2.42557 1.4382 160 240 7.22545e-06
2.42632 1.4382 160 240 7.18374e-06
2.42707 1.4382 160 240 7.09294e-06
2.42782 1.4382 160 240 6.95699e-06
2.42857 1.4382 160 240 6.78174e-06
2.42932 1.4382 160 240 6.57404e-06
2.43007 1.4382 160 240 6.34143e-06
2.43082 1.4382 160 240 6.09143e-06
2.43157 1.4382 160 240 5.8309e-06
2.43232 1.4382 160 240 5.56605e-06
2.43307 1.4382 160 240 5.30204e-06
2.43382 1.4382 160 240 5.04305e-06
2.43457 1.4382 160 240 4.79229e-06
2.43532 1.4382 160 240 4.55191e-06
2.43607 1.4382 160 240 4.32355e-06
2.43682 1.4382 160 240 4.10802e-06
2.43757 1.4382 160 240 3.90578e-06
2.43832 1.4382 160 240 3.71684e-06
2.43907 1.4382 160 240 3.54099e-06
2.43982 1.4382 160 240 3.37776e-06
2.44057 1.4382 160 240 3.2266e-06
2.44132 1.4382 160 240 3.08687e-06
2.44207 1.4382 160 240 2.95791e-06
2.44282 1.4382 160 240 2.83902e-06
2.44357 1.4382 160 240 2.72959e-06
2.44432 1.4382 160 240 2.62893e-06
2.44507 1.4382 160 240 2.53647e-06
2.44582 1.4382 160 240 2.45168e-06
2.44657 1.4382 160 240 2.37405e-06
2.44732 1.4382 160 240 2.30312e-06
2.44807 1.4382 160 240 2.23848e-06
2.44882 1.4382 160 240 2.17972e-06
2.44957 1.4382 160 240 2.12653e-06
2.45033 1.4382 160 240 2.07858e-06
2.45108 1.4382 160 240 2.0356e-06
2.45183 1.4382 160 240 1.99735e-06
2.45258 1.4382 160 240 1.96362e-06
2.45333 1.4382 160 240 1.93421e-06
2.45408 1.4382 160 240 1.90895e-06
2.45483 1.4382 160 240 1.88772e-06
2.45558 1.4382 160 240 1.87041e-06
2.45633 1.4382 160 240 1.85693e-06
2.45708 1.4382 160 240 1.84722e-06
2.45783 1.4382 160 240 1.84125e-06
2.45858 1.4382 160 240 1.83886e-06
2.45933 1.4382 160 240 1.8403e-06
2.46008 1.4382 160 240 1.84545e-06
2.46083 1.4382 160 240 1.85437e-06
2.46158 1.4382 160 240 1.86706e-06
2.46233 1.4382 160 240 1.88356e-06
2.46308 1.4382 160 240 1.90393e-06
2.46383 1.4382 160 240 1.92818e-06
2.46458 1.4382 160 240 1.95633e-06
2.46533 1.4382 160 240 1.98836e-06
2.46608 1.4382 160 240 2.02421e-06
2.46683 1.4382 160 240 2.06371e-06
2.46758 1.4382 160 240 2.10667e-06
2.46833 1.4382 160 240 2.15273e-06
2.46908 1.4382 160 240 2.20142e-06
2.46983 1.4382 160 240 2.25208e-06
2.47058 1.4382 160 240 2.30389e-06
2.47133 1.4382 160 240 2.35585e-06
2.47208 1.4382 160 240 2.40674e-06
2.47283 1.4382 160 240 2.45521e-06
2.47358 1.4382 160 240 2.4998e-06
2.47433 1.4382 160 240 2.53902e-06
2.47508 1.4382 160 240 2.57147e-06
2.47583 1.4382 160 240 2.59593e-06
2.47658 1.4382 160 240 2.61152e-06
2.47733 1.4382 160 240 2.61774e-06
2.47808 1.4382 160 240 2.61452e-06
2.47883 1.4382 160 240 2.60229e-06
2.47958 1.4382 160 240 2.5819e-06
2.48033 1.4382 160 240 2.55449e-06
2.48108 1.4382 160 240 2.52146e-06
2.48183 1.4382 160 240 2.48429e-06
2.48258 1.4382 160 240 2.4445e-06
2.48333 1.4382 160 240 2.40348e-06
2.48408 1.4382 160 240 2.36245e-06
2.48483 1.4382 160 240 2.3225e-06
2.48558 1.4382 160 240 2.2845e-06
2.48633 1.4382 160 240 2.24917e-06
2.48708 1.4382 160 240 2.21701e-06
2.48783 1.4382 160 240 2.18838e-06
2.48858 1.4382 160 240 2.16357e-06
2.48933 1.4382 160 240 2.14272e-06
2.49008 1.4382 160 240 2.12589e-06
2.49083 1.4382 160 240 2.11316e-06
2.49158 1.4382 160 240 2.10449e-06
2.49233 1.4382 160 240 2.09987e-06
2.49308 1.4382 160 240 2.09928e-06
2.49383 1.4382 160 240 2.10264e-06
2.49458 1.4382 160 240 2.10994e-06
2.49533 1.4382 160 240 2.12114e-06
2.49608 1.4382 160 240 2.13624e-06
2.49683 1.4382 160 240 2.15522e-06
2.49758 1.4382 160 240 2.17808e-06
2.49833 1.4382 160 240 2.20486e-06
2.49908 1.4382 160 240 2.23561e-06
2.49983 1.4382 160 240 2.27041e-06
2.50058 1.4382 160 240 2.30933e-06
2.50133 1.4382 160 240 2.35253e-06
2.50208 1.4382 160 240 2.40009e-06
2.50283 1.4382 160 240 2.4522e-06
2.50358 1.4382 160 240 2.50907e-06
2.50433 1.4382 160 240 2.57089e-06
2.50508 1.4382 160 240 2.63791e-06
2.50583 1.4382 160 240 2.71041e-06
2.50658 1.4382 160 240 2.78872e-06
2.50733 1.4382 160 240 2.87318e-06
2.50808 1.4382 160 240 2.96419e-06
2.50883 1.4382 160 240 3.06218e-06
2.50958 1.4382 160 240 3.16764e-06
2.51034 1.4382 160 240 3.28109e-06
2.51109 1.4382 160 240 3.4031e-06
2.51184 1.4382 160 240 3.53438e-06
2.51259 1.4382 160 240 3.67563e-06
2.51334 1.4382 160 240 3.82765e-06
2.51409 1.4382 160 240 3.99133e-06
2.51484 1.4382 160 240 4.16763e-06
2.51559 1.4382 160 240 4.35761e-06
2.51634 1.4382 160 240 4.56243e-06
2.51709 1.4382 160 240 4.78333e-06
2.51784 1.4382 160 240 5.02165e-06
2.51859 1.4382 160 240 5.27874e-06
2.51934 1.4382 160 240 5.556e-06
2.52009 1.4382 160 240 5.85473e-06
2.52084 1.4382 160 240 6.1761e-06
2.52159 1.4382 160 240 6.52093e-06
2.52234 1.4382 160 240 6.88581e-06
2.52309 1.4382 160 240 7.27771e-06
2.52384 1.4382 160 240 7.69178e-06
2.52459 1.4382 160 240 8.12536e-06
2.52534 1.4382 160 240 8.57454e-06
2.52609 1.4382 160 240 9.03362e-06
2.52684 1.4382 160 240 9.49548e-06
2.52759 1.4382 160 240 9.95125e-06
2.52834 1.4382 160 240 1.03909e-05
2.52909 1.4382 160 240 1.08035e-05
2.52984 1.4382 160 240 1.11781e-05
2.53059 1.4382 160 240 1.1504e-05
2.53134 1.4382 160 240 1.17721e-05
2.53209 1.4382 160 240 1.19756e-05
2.53284 1.4382 160 240 1.211e-05
2.53359 1.4382 160 240 1.21742e-05
2.53434 1.4382 160 240 1.21704e-05
2.53509 1.4382 160 240 1.21038e-05
2.53584 1.4382 160 240 1.19819e-05
2.53659 1.4382 160 240 1.18142e-05
2.53734 1.4382 160 240 1.16111e-05
2.53809 1.4382 160 240 1.13834e-05
2.53884 1.4382 160 240 1.11411e-05
2.53959 1.4382 160 240 1.08935e-05
2.54034 1.4382 160 240 1.06483e-05
2.54109 1.4382 160 240 1.0412e-05
2.54184 1.4382 160 240 1.01893e-05
2.54259 1.4382 160 240 9.98305e-06
2.54334 1.4382 160 240 9.79494e-06
2.54409 1.4382 160 240 9.62509e-06
2.54484 1.4382 160 240 9.4724e-06
2.54559 1.4382 160 240 9.3347e-06
2.54634 1.4382 160 240 9.20902e-06
2.54709 1.4382 160 240 9.09182e-06
2.54784 1.4382 160 240 8.97924e-06
2.54859 1.4382 160 240 8.86764e-06
2.54934 1.4382 160 240 8.75351e-06
2.55009 1.4382 160 240 8.63427e-06
2.55084 1.4382 160 240 8.50828e-06
2.55159 1.4382 160 240 8.3747e-06
2.55234 1.4382 160 240 8.23403e-06
2.55309 1.4382 160 240 8.08772e-06
2.55384 1.4382 160 240 7.93787e-06
2.55459 1.4382 160 240 7.78733e-06
2.55534 1.4382 160 240 7.63899e-06
2.55609 1.4382 160 240 7.49597e-06
2.55684 1.4382 160 240 7.36105e-06
2.55759 1.4382 160 240 7.23685e-06
2.55834 1.4382 160 240 7.12543e-06
2.55909 1.4382 160 240 7.02839e-06
2.55984 1.4382 160 240 6.94681e-06
2.56059 1.4382 160 240 6.88121e-06
2.56134 1.4382 160 240 6.83152e-06
2.56209 1.4382 160 240 6.79716e-06
2.56284 1.4382 160 240 6.77695e-06
2.56359 1.4382 160 240 6.76914e-06
2.56434 1.4382 160 240 6.77135e-06
2.56509 1.4382 160 240 6.78085e-06
2.56584 1.4382 160 240 6.7941e-06
2.56659 1.4382 160 240 6.80726e-06
2.56734 1.4382 160 240 6.81619e-06
2.56809 1.4382 160 240 6.8166e-06
2.56884 1.4382 160 240 6.8043e-06
2.56959 1.4382 160 240 6.77553e-06
2.57035 1.4382 160 240 6.72722e-06
2.5711 1.4382 160 240 6.65719e-06
2.57185 1.4382 160 240 6.56438e-06
2.5726 1.4382 160 240 6.44898e-06
2.57335 1.4382 160 240 6.31218e-06
2.5741 1.4382 160 240 6.1562e-06
2.57485 1.4382 160 240 5.98413e-06
2.5756 1.4382 160 240 5.79947e-06
2.57635 1.4382 160 240 5.60591e-06
2.5771 1.4382 160 240 5.40718e-06
2.57785 1.4382 160 240 5.20669e-06
2.5786 1.4382 160 240 5.00746e-06
2.57935 1.4382 160 240 4.81209e-06
2.5801 1.4382 160 240 4.62267e-06
2.58085 1.4382 160 240 4.4409e-06
2.5816 1.4382 160 240 4.26776e-06
2.58235 1.4382 160 240 4.10414e-06
2.5831 1.4382 160 240 3.95047e-06
2.58385 1.4382 160 240 3.80695e-06
2.5846 1.4382 160 240 3.6735e-06
2.58535 1.4382 160 240 3.54983e-06
2.5861 1.4382 160 240 3.43565e-06
2.58685 1.4382 160 240 3.33039e-06
2.5876 1.4382 160 240 3.23342e-06
2.58835 1.4382 160 240 3.14405e-06
2.5891 1.4382 160 240 3.06144e-06
2.58985 1.4382 160 240 2.98477e-06
2.5906 1.4382 160 240 2.91313e-06
2.59135 1.4382 160 240 2.84559e-06
2.5921 1.4382 160 240 2.78125e-06
2.59285 1.4382 160 240 2.71918e-06
2.5936 1.4382 160 240 2.65854e-06
2.59435 1.4382 160 240 2.59864e-06
2.5951 1.4382 160 240 2.53881e-06
2.59585 1.4382 160 240 2.47864e-06
2.5966 1.4382 160 240 2.41782e-06
2.59735 1.4382 160 240 2.35632e-06
2.5981 1.4382 160 240 2.29412e-06
2.59885 1.4382 160 240 2.23139e-06
2.5996 1.4382 160 240 2.1684e-06
2.60035 1.4382 160 240 2.10546e-06
2.6011 1.4382 160 240 2.04291e-06
2.60185 1.4382 160 240 1.98106e-06
2.6026 1.4382 160 240 1.92021e-06
2.60335 1.4382 160 240 1.86071e-06
2.6041 1.4382 160 240 1.80252e-06
2.60485 1.4382 160 240 1.74589e-06
2.6056 1.4382 160 240 1.6909e-06
2.60635 1.4382 160 240 1.63755e-06
2.6071 1.4382 160 240 1.58583e-06
2.60785 1.4382 160 240 1.53568e-06
2.6086 1.4382 160 240 1.48696e-06
2.60935 1.4382 160 240 1.43953e-06
2.6101 1.4382 160 240 1.39329e-06
2.61085 1.4382 160 240 1.34804e-06
2.6116 1.4382 160 240 1.30354e-06
2.61235 1.4382 160 240 1.25976e-06
2.6131 1.4382 160 240 1.21631e-06
2.61385 1.4382 160 240 1.17306e-06
2.6146 1.4382 160 240 1.12983e-06
2.61535 1.4382 160 240 1.08639e-06
2.6161 1.4382 160 240 1.04267e-06
2.61685 1.4382 160 240 9.98532e-07
2.6176 1.4382 160 240 9.53933e-07
2.61835 1.4382 160 240 9.08928e-07
2.6191 1.4382 160 240 8.63913e-07
2.61985 1.4382 160 240 8.18598e-07
2.6206 1.4382 160 240 7.73669e-07
2.62135 1.4382 160 240 7.2964e-07
2.6221 1.4382 160 240 6.87455e-07
2.62285 1.4382 160 240 6.4807e-07
2.6236 1.4382 160 240 6.12736e-07
2.62435 1.4382 160 240 5.82915e-07
2.6251 1.4382 160 240 5.60172e-07
2.62585 1.4382 160 240 5.46325e-07
2.6266 1.4382 160 240 5.4295e-07
2.62735 1.4382 160 240 5.51538e-07
2.6281 1.4382 160 240 5.73153e-07
2.62885 1.4382 160 240 6.08313e-07
2.6296 1.4382 160 240 6.56842e-07
2.63036 1.4382 160 240 7.17851e-07
2.63111 1.4382 160 240 7.89508e-07
2.63186 1.4382 160 240 8.69642e-07
2.63261 1.4382 160 240 9.55481e-07
2.63336 1.4382 160 240 1.04415e-06
2.63411 1.4382 160 240 1.1329e-06
2.63486 1.4382 160 240 1.21933e-06
2.63561 1.4382 160 240 1.30166e-06
2.63636 1.4382 160 240 1.37841e-06
2.63711 1.4382 160 240 1.449e-06
2.63786 1.4382 160 240 1.5131e-06
2.63861 1.4382 160 240 1.57145e-06
2.63936 1.4382 160 240 1.62445e-06
2.64011 1.4382 160 240 1.67295e-06
2.64086 1.4382 160 240 1.71792e-06
2.64161 1.4382 160 240 1.76038e-06
2.64236 1.4382 160 240 1.80123e-06
2.64311 1.4382 160 240 1.84141e-06
2.64386 1.4382 160 240 1.88171e-06
2.64461 1.4382 160 240 1.92282e-06
2.64536 1.4382 160 240 1.96531e-06
2.64611 1.4382 160 240 2.00965e-06
2.64686 1.4382 160 240 2.05614e-06
2.64761 1.4382 160 240 2.10499e-06
2.64836 1.4382 160 240 2.15631e-06
2.64911 1.4382 160 240 2.21e-06
2.64986 1.4382 160 240 2.26588e-06
2.65061 1.4382 160 240 2.32363e-06
2.65136 1.4382 160 240 2.38284e-06
2.65211 1.4382 160 240 2.44291e-06
2.65286 1.4382 160 240 2.50324e-06
2.65361 1.4382 160 240 2.56314e-06
2.65436 1.4382 160 240 2.62193e-06
2.65511 1.4382 160 240 2.67899e-06
2.65586 1.4382 160 240 2.73382e-06
2.65661 1.4382 160 240 2.7861e-06
2.65736 1.4382 160 240 2.83572e-06
2.65811 1.4382 160 240 2.88283e-06
2.65886 1.4382 160 240 2.92786e-06
2.65961 1.4382 160 240 2.97151e-06
2.66036 1.4382 160 240 3.01466e-06
2.66111 1.4382 160 240 3.05839e-06
2.66186 1.4382 160 240 3.10387e-06
2.66261 1.4382 160 240 3.15232e-06
2.66336 1.4382 160 240 3.20496e-06
2.66411 1.4382 160 240 3.26296e-06
2.66486 1.4382 160 240 3.32737e-06
2.66561 1.4382 160 240 3.39914e-06
2.66636 1.4382 160 240 3.47908e-06
2.66711 1.4382 160 240 3.56785e-06
2.66786 1.4382 160 240 3.66589e-06
2.66861 1.4382 160 240 3.77349e-06
2.66936 1.4382 160 240 3.89067e-06
2.67011 1.4382 160 240 4.01719e-06
2.67086 1.4382 160 240 4.15144e-06
2.67161 1.4382 160 240 4.29476e-06
2.67236 1.4382 160 240 4.4447e-06
2.67311 1.4382 160 240 4.59951e-06
2.67386 1.4382 160 240 4.75692e-06
2.67461 1.4382 160 240 4.91415e-06
2.67536 1.4382 160 240 5.06794e-06
2.67611 1.4382 160 240 5.21451e-06
2.67686 1.4382 160 240 5.34986e-06
2.67761 1.4382 160 240 5.46976e-06
2.67836 1.4382 160 240 5.57e-06
2.67911 1.4382 160 240 5.64675e-06
2.67986 1.4382 160 240 5.69678e-06
2.68061 1.4382 160 240 5.7178e-06
2.68136 1.4382 160 240 5.7084e-06
2.68211 1.4382 160 240 5.66854e-06
2.68286 1.4382 160 240 5.59925e-06
2.68361 1.4382 160 240 5.50277e-06
2.68436 1.4382 160 240 5.3821e-06
2.68511 1.4382 160 240 5.24092e-06
2.68586 1.4382 160 240 5.08326e-06
2.68661 1.4382 160 240 4.91319e-06
2.68736 1.4382 160 240 4.7347e-06
2.68811 1.4382 160 240 4.55136e-06
2.68886 1.4382 160 240 4.36637e-06
2.68961 1.4382 160 240 4.18245e-06
2.69037 1.4382 160 240 4.00179e-06
2.69112 1.4382 160 240 3.82615e-06
2.69187 1.4382 160 240 3.65674e-06
2.69262 1.4382 160 240 3.49451e-06
2.69337 1.4382 160 240 3.34004e-06
2.69412 1.4382 160 240 3.19374e-06
2.69487 1.4382 160 240 3.05555e-06
2.69562 1.4382 160 240 2.92551e-06
2.69637 1.4382 160 240 2.80346e-06
2.69712 1.4382 160 240 2.68915e-06
2.69787 1.4382 160 240 2.58228e-06
2.69862 1.4382 160 240 2.48248e-06
2.69937 1.4382 160 240 2.3894e-06
2.70012 1.4382 160 240 2.30265e-06
2.70087 1.4382 160 240 2.22187e-06
2.70162 1.4382 160 240 2.14668e-06
2.70237 1.4382 160 240 2.07674e-06
2.70312 1.4382 160 240 2.01169e-06
2.70387 1.4382 160 240 1.95121e-06
2.70462 1.4382 160 240 1.895e-06
2.70537 1.4382 160 240 1.84277e-06
2.70612 1.4382 160 240 1.79426e-06
2.70687 1.4382 160 240 1.74923e-06
2.70762 1.4382 160 240 1.70741e-06
2.70837 1.4382 160 240 1.66861e-06
2.70912 1.4382 160 240 1.63261e-06
2.70987 1.4382 160 240 1.59923e-06
2.71062 1.4382 160 240 1.56827e-06
2.71137 1.4382 160 240 1.53957e-06
2.71212 1.4382 160 240 1.51297e-06
2.71287 1.4382 160 240 1.48829e-06
2.71362 1.4382 160 240 1.46539e-06
2.71437 1.4382 160 240 1.44412e-06
2.71512 1.4382 160 240 1.42432e-06
2.71587 1.4382 160 240 1.40585e-06
2.71662 1.4382 160 240 1.38857e-06
2.71737 1.4382 160 240 1.37233e-06
2.71812 1.4382 160 240 1.35701e-06
2.71887 1.4382 160 240 1.34247e-06
2.71962 1.4382 160 240 1.32859e-06
2.72037 1.4382 160 240 1.31527e-06
2.72112 1.4382 160 240 1.30241e-06
2.72187 1.4382 160 240 1.28994e-06
2.72262 1.4382 160 240 1.27778e-06
2.72337 1.4382 160 240 1.26591e-06
2.72412 1.4382 160 240 1.2543e-06
2.72487 1.4382 160 240 1.24296e-06
2.72562 1.4382 160 240 1.23193e-06
2.72637 1.4382 160 240 1.22124e-06
2.72712 1.4382 160 240 1.21103e-06
2.72787 1.4382 160 240 1.2014e-06
2.72862 1.4382 160 240 1.19257e-06
2.72937 1.4382 160 240 1.18476e-06
2.73012 1.4382 160 240 1.17831e-06
2.73087 1.4382 160 240 1.17361e-06
2.73162 1.4382 160 240 1.17115e-06
2.73237 1.4382 160 240 1.1715e-06
2.73312 1.4382 160 240 1.17535e-06
2.73387 1.4382 160 240 1.18343e-06
2.73462 1.4382 160 240 1.19654e-06
2.73537 1.4382 160 240 1.21548e-06
2.73612 1.4382 160 240 1.24099e-06
2.73687 1.4382 160 240 1.27379e-06
2.73762 1.4382 160 240 1.31432e-06
2.73837 1.4382 160 240 1.36279e-06
2.73912 1.4382 160 240 1.41913e-06
2.73987 1.4382 160 240 1.48293e-06
2.74062 1.4382 160 240 1.55349e-06
2.74137 1.4382 160 240 1.62983e-06
2.74212 1.4382 160 240 1.71081e-06
2.74287 1.4382 160 240 1.79522e-06
2.74362 1.4382 160 240 1.88193e-06
2.74437 1.4382 160 240 1.96991e-06
2.74512 1.4382 160 240 2.05843e-06
2.74587 1.4382 160 240 2.14697e-06
2.74662 1.4382 160 240 2.23535e-06
2.74737 1.4382 160 240 2.32364e-06
2.74812 1.4382 160 240 2.41214e-06
2.74887 1.4382 160 240 2.5014e-06
2.74962 1.4382 160 240 2.59199e-06
2.75038 1.4382 160 240 2.68468e-06
2.75113 1.4382 160 240 2.78028e-06
2.75188 1.4382 160 240 2.87958e-06
2.75263 1.4382 160 240 2.98341e-06
2.75338 1.4382 160 240 3.09259e-06
2.75413 1.4382 160 240 3.2079e-06
2.75488 1.4382 160 240 3.33011e-06
2.75563 1.4382 160 240 3.45995e-06
2.75638 1.4382 160 240 3.59811e-06
2.75713 1.4382 160 240 3.74525e-06
2.75788 1.4382 160 240 3.90197e-06
2.75863 1.4382 160 240 4.06883e-06
2.75938 1.4382 160 240 4.2463e-06
2.76013 1.4382 160 240 4.43473e-06
2.76088 1.4382 160 240 4.63437e-06
2.76163 1.4382 160 240 4.84529e-06
2.76238 1.4382 160 240 5.06735e-06
2.76313 1.4382 160 240 5.30015e-06
2.76388 1.4382 160 240 5.54296e-06
2.76463 1.4382 160 240 5.79469e-06
2.76538 1.4382 160 240 6.05381e-06
2.76613 1.4382 160 240 6.31816e-06
2.76688 1.4382 160 240 6.58553e-06
2.76763 1.4382 160 240 6.8527e-06
2.76838 1.4382 160 240 7.11614e-06
2.76913 1.4382 160 240 7.37181e-06
2.76988 1.4382 160 240 7.61541e-06
2.77063 1.4382 160 240 7.84245e-06
2.77138 1.4382 160 240 8.04848e-06
2.77213 1.4382 160 240 8.22928e-06
2.77288 1.4382 160 240 8.38113e-06
2.77363 1.4382 160 240 8.50096e-06
2.77438 1.4382 160 240 8.58656e-06
2.77513 1.4382 160 240 8.63668e-06
2.77588 1.4382 160 240 8.65082e-06
2.77663 1.4382 160 240 8.62939e-06
2.77738 1.4382 160 240 8.57366e-06
2.77813 1.4382 160 240 8.48546e-06
2.77888 1.4382 160 240 8.36711e-06
2.77963 1.4382 160 240 8.22129e-06
2.78038 1.4382 160 240 8.05101e-06
2.78113 1.4382 160 240 7.85933e-06
2.78188 1.4382 160 240 7.64961e-06
2.78263 1.4382 160 240 7.42523e-06
2.78338 1.4382 160 240 7.1896e-06
2.78413 1.4382 160 240 6.9461e-06
2.78488 1.4382 160 240 6.69796e-06
2.78563 1.4382 160 240 6.44822e-06
2.78638 1.4382 160 240 6.19965e-06
2.78713 1.4382 160 240 5.95466e-06
2.78788 1.4382 160 240 5.71536e-06
2.78863 1.4382 160 240 5.48349e-06
2.78938 1.4382 160 240 5.26041e-06
2.79013 1.4382 160 240 5.04715e-06
2.79088 1.4382 160 240 4.84443e-06
2.79163 1.4382 160 240 4.65273e-06
2.79238 1.4382 160 240 4.47228e-06
2.79313 1.4382 160 240 4.30314e-06
2.79388 1.4382 160 240 4.14523e-06
2.79463 1.4382 160 240 3.99835e-06
2.79538 1.4382 160 240 3.86224e-06
2.79613 1.4382 160 240 3.73657e-06
2.79688 1.4382 160 240 3.62098e-06
2.79763 1.4382 160 240 3.5151e-06
2.79838 1.4382 160 240 3.41856e-06
2.79913 1.4382 160 240 3.331e-06
2.79988 1.4382 160 240 3.25208e-06
2.80063 1.4382 160 240 3.18146e-06
2.80138 1.4382 160 240 3.11885e-06
2.80213 1.4382 160 240 3.06396e-06
2.80288 1.4382 160 240 3.01658e-06
2.80363 1.4382 160 240 2.97649e-06
2.80438 1.4382 160 240 2.94353e-06
2.80513 1.4382 160 240 2.91756e-06
2.80588 1.4382 160 240 2.89847e-06
2.80663 1.4382 160 240 2.88619e-06
2.80738 1.4382 160 240 2.88069e-06
2.80813 1.4382 160 240 2.88196e-06
2.80888 1.4382 160 240 2.89003e-06
2.80963 1.4382 160 240 2.90496e-06
2.81039 1.4382 160 240 2.92682e-06
2.81114 1.4382 160 240 2.95574e-06
2.81189 1.4382 160 240 2.99183e-06
2.81264 1.4382 160 240 3.03526e-06
2.81339 1.4382 160 240 3.08616e-06
2.81414 1.4382 160 240 3.14472e-06
2.81489 1.4382 160 240 3.21109e-06
2.81564 1.4382 160 240 3.28542e-06
2.81639 1.4382 160 240 3.36781e-06
2.81714 1.4382 160 240 3.45833e-06
2.81789 1.4382 160 240 3.55695e-06
2.81864 1.4382 160 240 3.66356e-06
2.81939 1.4382 160 240 3.77792e-06
2.82014 1.4382 160 240 3.89961e-06
2.82089 1.4382 160 240 4.02799e-06
2.82164 1.4382 160 240 4.1622e-06
2.82239 1.4382 160 240 4.30106e-06
2.82314 1.4382 160 240 4.4431e-06
2.82389 1.4382 160 240 4.58646e-06
2.82464 1.4382 160 240 4.72894e-06
2.82539 1.4382 160 240 4.86797e-06
2.82614 1.4382 160 240 5.0007e-06
2.82689 1.4382 160 240 5.12404e-06
2.82764 1.4382 160 240 5.23477e-06
2.82839 1.4382 160 240 5.32978e-06
2.82914 1.4382 160 240 5.40611e-06
2.82989 1.4382 160 240 5.46123e-06
2.83064 1.4382 160 240 5.49321e-06
2.83139 1.4382 160 240 5.50077e-06
2.83214 1.4382 160 240 5.48352e-06
2.83289 1.4382 160 240 5.44182e-06
2.83364 1.4382 160 240 5.3768e-06
2.83439 1.4382 160 240 5.29026e-06
2.83514 1.4382 160 240 5.18451e-06
2.83589 1.4382 160 240 5.06218e-06
2.83664 1.4382 160 240 4.92607e-06
2.83739 1.4382 160 240 4.77915e-06
2.83814 1.4382 160 240 4.62382e-06
2.83889 1.4382 160 240 4.46269e-06
2.83964 1.4382 160 240 4.29807e-06
2.84039 1.4382 160 240 4.13196e-06
2.84114 1.4382 160 240 3.96605e-06
2.84189 1.4382 160 240 3.80181e-06
2.84264 1.4382 160 240 3.64037e-06
2.84339 1.4382 160 240 3.48269e-06
2.84414 1.4382 160 240 3.3295e-06
2.84489 1.4382 160 240 3.18136e-06
2.84564 1.4382 160 240 3.03863e-06
2.84639 1.4382 160 240 2.90154e-06
2.84714 1.4382 160 240 2.7702e-06
2.84789 1.4382 160 240 2.6446e-06
2.84864 1.4382 160 240 2.52469e-06
2.84939 1.4382 160 240 2.41028e-06
2.85014 1.4382 160 240 2.30118e-06
2.85089 1.4382 160 240 2.19714e-06
2.85164 1.4382 160 240 2.09786e-06
2.85239 1.4382 160 240 2.00305e-06
2.85314 1.4382 160 240 1.91238e-06
2.85389 1.4382 160 240 1.82553e-06
2.85464 1.4382 160 240 1.74216e-06
2.85539 1.4382 160 240 1.66193e-06
2.85614 1.4382 160 240 1.58454e-06
2.85689 1.4382 160 240 1.50966e-06
2.85764 1.4382 160 240 1.43696e-06
2.85839 1.4382 160 240 1.36616e-06
2.85914 1.4382 160 240 1.29698e-06
2.85989 1.4382 160 240 1.22917e-06
2.86064 1.4382 160 240 1.16248e-06
2.86139 1.4382 160 240 1.09673e-06
2.86214 1.4382 160 240 1.03175e-06
2.86289 1.4382 160 240 9.67432e-07
2.86364 1.4382 160 240 9.03738e-07
2.86439 1.4382 160 240 8.40676e-07
2.86514 1.4382 160 240 7.78427e-07
2.86589 1.4382 160 240 7.17203e-07
2.86664 1.4382 160 240 6.57366e-07
2.86739 1.4382 160 240 5.99421e-07
2.86814 1.4382 160 240 5.44022e-07
2.86889 1.4382 160 240 4.91978e-07
2.86964 1.4382 160 240 4.44242e-07
2.8704 1.4382 160 240 4.01888e-07
2.87115 1.4382 160 240 3.66061e-07
2.8719 1.4382 160 240 3.37918e-07
2.87265 1.4382 160 240 3.18539e-07
2.8734 1.4382 160 240 3.08473e-07
2.87415 1.4382 160 240 3.09034e-07
2.8749 1.4382 160 240 3.20058e-07
2.87565 1.4382 160 240 3.41366e-07
2.8764 1.4382 160 240 3.72182e-07
2.87715 1.4382 160 240 4.11263e-07
2.8779 1.4382 160 240 4.56839e-07
2.87865 1.4382 160 240 5.07057e-07
2.8794 1.4382 160 240 5.60023e-07
2.88015 1.4382 160 240 6.13498e-07
2.8809 1.4382 160 240 6.65597e-07
2.88165 1.4382 160 240 7.14734e-07
2.8824 1.4382 160 240 7.59704e-07
2.88315 1.4382 160 240 7.9971e-07
2.8839 1.4382 160 240 8.3435e-07
2.88465 1.4382 160 240 8.63567e-07
2.8854 1.4382 160 240 8.8758e-07
2.88615 1.4382 160 240 9.06806e-07
2.8869 1.4382 160 240 9.21791e-07
2.88765 1.4382 160 240 9.33071e-07
2.8884 1.4382 160 240 9.41222e-07
2.88915 1.4382 160 240 9.46741e-07
2.8899 1.4382 160 240 9.50041e-07
2.89065 1.4382 160 240 9.5144e-07
2.8914 1.4382 160 240 9.51164e-07
2.89215 1.4382 160 240 9.4939e-07
2.8929 1.4382 160 240 9.46159e-07
2.89365 1.4382 160 240 9.41553e-07
2.8944 1.4382 160 240 9.3561e-07
2.89515 1.4382 160 240 9.28367e-07
2.8959 1.4382 160 240 9.19871e-07
2.89665 1.4382 160 240 9.1018e-07
2.8974 1.4382 160 240 8.9937e-07
2.89815 1.4382 160 240 8.8752e-07
2.8989 1.4382 160 240 8.74734e-07
2.89965 1.4382 160 240 8.61122e-07
2.9004 1.4382 160 240 8.46731e-07
2.90115 1.4382 160 240 8.31671e-07
2.9019 1.4382 160 240 8.16021e-07
2.90265 1.4382 160 240 7.9985e-07
2.9034 1.4382 160 240 7.83222e-07
2.90415 1.4382 160 240 7.66202e-07
2.9049 1.4382 160 240 7.48854e-07
2.90565 1.4382 160 240 7.31256e-07
2.9064 1.4382 160 240 7.13504e-07
2.90715 1.4382 160 240 6.95718e-07
2.9079 1.4382 160 240 6.78078e-07
2.90865 1.4382 160 240 6.60731e-07
2.9094 1.4382 160 240 6.43938e-07
2.91015 1.4382 160 240 6.28017e-07
2.9109 1.4382 160 240 6.13308e-07
2.91165 1.4382 160 240 6.0021e-07
2.9124 1.4382 160 240 5.89162e-07
2.91315 1.4382 160 240 5.80634e-07
2.9139 1.4382 160 240 5.75098e-07
2.91465 1.4382 160 240 5.72994e-07
2.9154 1.4382 160 240 5.74702e-07
2.91615 1.4382 160 240 5.80494e-07
2.9169 1.4382 160 240 5.90504e-07
2.91765 1.4382 160 240 6.0469e-07
2.9184 1.4382 160 240 6.22822e-07
2.91915 1.4382 160 240 6.44483e-07
2.9199 1.4382 160 240 6.69085e-07
2.92065 1.4382 160 240 6.95918e-07
2.9214 1.4382 160 240 7.24188e-07
2.92215 1.4382 160 240 7.53118e-07
2.9229 1.4382 160 240 7.81954e-07
2.92365 1.4382 160 240 8.09991e-07
2.9244 1.4382 160 240 8.36832e-07
2.92515 1.4382 160 240 8.62052e-07
2.9259 1.4382 160 240 8.85415e-07
2.92665 1.4382 160 240 9.06891e-07
2.9274 1.4382 160 240 9.26521e-07
2.92815 1.4382 160 240 9.44386e-07
2.9289 1.4382 160 240 9.60711e-07
2.92965 1.4382 160 240 9.75735e-07
2.93041 1.4382 160 240 9.8972e-07
2.93116 1.4382 160 240 1.00293e-06
2.93191 1.4382 160 240 1.01563e-06
2.93266 1.4382 160 240 1.02805e-06
2.93341 1.4382 160 240 1.04043e-06
2.93416 1.4382 160 240 1.05297e-06
2.93491 1.4382 160 240 1.06585e-06
2.93566 1.4382 160 240 1.07924e-06
2.93641 1.4382 160 240 1.09328e-06
2.93716 1.4382 160 240 1.10811e-06
2.93791 1.4382 160 240 1.12385e-06
2.93866 1.4382 160 240 1.14059e-06
2.93941 1.4382 160 240 1.15844e-06
2.94016 1.4382 160 240 1.1775e-06
2.94091 1.4382 160 240 1.19784e-06
2.94166 1.4382 160 240 1.21957e-06
2.94241 1.4382 160 240 1.24276e-06
2.94316 1.4382 160 240 1.26752e-06
2.94391 1.4382 160 240 1.29391e-06
2.94466 1.4382 160 240 1.32205e-06
2.94541 1.4382 160 240 1.35203e-06
2.94616 1.4382 160 240 1.38396e-06
2.94691 1.4382 160 240 1.41794e-06
2.94766 1.4382 160 240 1.45409e-06
2.94841 1.4382 160 240 1.49256e-06
2.94916 1.4382 160 240 1.53346e-06
2.94991 1.4382 160 240 1.57713e-06
2.95066 1.4382 160 240 1.62337e-06
2.95141 1.4382 160 240 1.67253e-06
2.95216 1.4382 160 240 1.72479e-06
2.95291 1.4382 160 240 1.78036e-06
2.95366 1.4382 160 240 1.83943e-06
2.95441 1.4382 160 240 1.90225e-06
2.95516 1.4382 160 240 1.96903e-06
2.95591 1.4382 160 240 2.04005e-06
2.95666 1.4382 160 240 2.11554e-06
2.95741 1.4382 160 240 2.19586e-06
2.95816 1.4382 160 240 2.28126e-06
2.95891 1.4382 160 240 2.37207e-06
2.95966 1.4382 160 240 2.4686e-06
2.96041 1.4382 160 240 2.57118e-06
2.96116 1.4382 160 240 2.68017e-06
2.96191 1.4382 160 240 2.79589e-06
2.96266 1.4382 160 240 2.91865e-06
2.96341 1.4382 160 240 3.04874e-06
2.96416 1.4382 160 240 3.18645e-06
2.96491 1.4382 160 240 3.33196e-06
2.96566 1.4382 160 240 3.48542e-06
2.96641 1.4382 160 240 3.64687e-06
2.96716 1.4382 160 240 3.81622e-06
2.96791 1.4382 160 240 3.99322e-06
2.96866 1.4382 160 240 4.17743e-06
2.96941 1.4382 160 240 4.36815e-06
2.97016 1.4382 160 240 4.56441e-06
2.97091 1.4382 160 240 4.76491e-06
2.97166 1.4382 160 240 4.968e-06
2.97241 1.4382 160 240 5.17161e-06
2.97316 1.4382 160 240 5.37327e-06
2.97391 1.4382 160 240 5.57012e-06
2.97466 1.4382 160 240 5.75893e-06
2.97541 1.4382 160 240 5.93619e-06
2.97616 1.4382 160 240 6.09819e-06
2.97691 1.4382 160 240 6.24122e-06
2.97766 1.4382 160 240 6.36171e-06
2.97841 1.4382 160 240 6.45645e-06
2.97916 1.4382 160 240 6.52278e-06
2.97991 1.4382 160 240 6.55879e-06
2.98066 1.4382 160 240 6.56342e-06
2.98141 1.4382 160 240 6.5366e-06
2.98216 1.4382 160 240 6.47918e-06
2.98291 1.4382 160 240 6.39301e-06
2.98366 1.4382 160 240 6.2805e-06
2.98441 1.4382 160 240 6.14484e-06
2.98516 1.4382 160 240 5.98957e-06
2.98591 1.4382 160 240 5.81843e-06
2.98666 1.4382 160 240 5.63518e-06
2.98741 1.4382 160 240 5.44337e-06
2.98816 1.4382 160 240 5.24637e-06
2.98891 1.4382 160 240 5.04717e-06
2.98966 1.4382 160 240 4.84836e-06
2.99042 1.4382 160 240 4.65226e-06
2.99117 1.4382 160 240 4.46041e-06
2.99192 1.4382 160 240 4.27433e-06
2.99267 1.4382 160 240 4.09511e-06
2.99342 1.4382 160 240 3.92351e-06
2.99417 1.4382 160 240 3.76002e-06
2.99492 1.4382 160 240 3.6049e-06
2.99567 1.4382 160 240 3.45824e-06
2.99642 1.4382 160 240 3.31997e-06
2.99717 1.4382 160 240 3.18992e-06
2.99792 1.4382 160 240 3.06783e-06
2.99867 1.4382 160 240 2.95337e-06
2.99942 1.4382 160 240 2.8462e-06
3.00017 1.4382 160 240 2.74595e-06
3.00092 1.4382 160 240 2.65225e-06
3.00167 1.4382 160 240 2.56475e-06
3.00242 1.4382 160 240 2.4831e-06
3.00317 1.4382 160 240 2.40697e-06
3.00392 1.4382 160 240 2.33608e-06
3.00467 1.4382 160 240 2.27015e-06
3.00542 1.4382 160 240 2.20891e-06
3.00617 1.4382 160 240 2.15214e-06
3.00692 1.4382 160 240 2.09961e-06
3.00767 1.4382 160 240 2.05114e-06
3.00842 1.4382 160 240 2.00657e-06
3.00917 1.4382 160 240 1.96569e-06
3.00992 1.4382 160 240 1.92835e-06
3.01067 1.4382 160 240 1.89444e-06
3.01142 1.4382 160 240 1.86381e-06
3.01217 1.4382 160 240 1.83637e-06
3.01292 1.4382 160 240 1.81201e-06
3.01367 1.4382 160 240 1.79066e-06
3.01442 1.4382 160 240 1.77222e-06
3.01517 1.4382 160 240 1.75664e-06
3.01592 1.4382 160 240 1.74386e-06
3.01667 1.4382 160 240 1.73384e-06
3.01742 1.4382 160 240 1.72653e-06
3.01817 1.4382 160 240 1.7219e-06
3.01892 1.4382 160 240 1.71994e-06
3.01967 1.4382 160 240 1.72062e-06
3.02042 1.4382 160 240 1.72392e-06
3.02117 1.4382 160 240 1.72985e-06
3.02192 1.4382 160 240 1.73838e-06
3.02267 1.4382 160 240 1.7495e-06
3.02342 1.4382 160 240 1.7632e-06
3.02417 1.4382 160 240 1.77945e-06
3.02492 1.4382 160 240 1.79821e-06
3.02567 1.4382 160 240 1.81942e-06
3.02642 1.4382 160 240 1.843e-06
3.02717 1.4382 160 240 1.86885e-06
3.02792 1.4382 160 240 1.89683e-06
3.02867 1.4382 160 240 1.92679e-06
3.02942 1.4382 160 240 1.95852e-06
3.03017 1.4382 160 240 1.99176e-06
3.03092 1.4382 160 240 2.02621e-06
3.03167 1.4382 160 240 2.06154e-06
3.03242 1.4382 160 240 2.09736e-06
3.03317 1.4382 160 240 2.13325e-06
3.03392 1.4382 160 240 2.16877e-06
3.03467 1.4382 160 240 2.20348e-06
3.03542 1.4382 160 240 2.23694e-06
3.03617 1.4382 160 240 2.26876e-06
3.03692 1.4382 160 240 2.29862e-06
3.03767 1.4382 160 240 2.32625e-06
3.03842 1.4382 160 240 2.35151e-06
3.03917 1.4382 160 240 2.37439e-06
3.03992 1.4382 160 240 2.39494e-06
3.04067 1.4382 160 240 2.41341e-06
3.04142 1.4382 160 240 2.43013e-06
3.04217 1.4382 160 240 2.44554e-06
3.04292 1.4382 160 240 2.46017e-06
3.04367 1.4382 160 240 2.47461e-06
3.04442 1.4382 160 240 2.48952e-06
3.04517 1.4382 160 240 2.50553e-06
3.04592 1.4382 160 240 2.52332e-06
3.04667 1.4382 160 240 2.54352e-06
3.04742 1.4382 160 240 2.56675e-06
3.04817 1.4382 160 240 2.5936e-06
3.04892 1.4382 160 240 2.62459e-06
3.04967 1.4382 160 240 2.66022e-06
3.05043 1.4382 160 240 2.70093e-06
3.05118 1.4382 160 240 2.74711e-06
3.05193 1.4382 160 240 2.79912e-06
3.05268 1.4382 160 240 2.85723e-06
3.05343 1.4382 160 240 2.92168e-06
3.05418 1.4382 160 240 2.99264e-06
3.05493 1.4382 160 240 3.07021e-06
3.05568 1.4382 160 240 3.15437e-06
3.05643 1.4382 160 240 3.24502e-06
3.05718 1.4382 160 240 3.34194e-06
3.05793 1.4382 160 240 3.44471e-06
3.05868 1.4382 160 240 3.55278e-06
3.05943 1.4382 160 240 3.66532e-06
3.06018 1.4382 160 240 3.7813e-06
3.06093 1.4382 160 240 3.8994e-06
3.06168 1.4382 160 240 4.01798e-06
3.06243 1.4382 160 240 4.1351e-06
3.06318 1.4382 160 240 4.24859e-06
3.06393 1.4382 160 240 4.35591e-06
3.06468 1.4382 160 240 4.45436e-06
3.06543 1.4382 160 240 4.54112e-06
3.06618 1.4382 160 240 4.61337e-06
3.06693 1.4382 160 240 4.66844e-06
3.06768 1.4382 160 240 4.70394e-06
3.06843 1.4382 160 240 4.71803e-06
3.06918 1.4382 160 240 4.70941e-06
3.06993 1.4382 160 240 4.67753e-06
3.07068 1.4382 160 240 4.62258e-06
3.07143 1.4382 160 240 4.54564e-06
3.07218 1.4382 160 240 4.44844e-06
3.07293 1.4382 160 240 4.33327e-06
3.07368 1.4382 160 240 4.20318e-06
3.07443 1.4382 160 240 4.06132e-06
3.07518 1.4382 160 240 3.91105e-06
3.07593 1.4382 160 240 3.75586e-06
3.07668 1.4382 160 240 3.59903e-06
3.07743 1.4382 160 240 3.44365e-06
3.07818 1.4382 160 240 3.29245e-06
3.07893 1.4382 160 240 3.14776e-06
3.07968 1.4382 160 240 3.0115e-06
3.08043 1.4382 160 240 2.885e-06
3.08118 1.4382 160 240 2.76911e-06
3.08193 1.4382 160 240 2.66414e-06
3.08268 1.4382 160 240 2.56993e-06
3.08343 1.4382 160 240 2.48589e-06
3.08418 1.4382 160 240 2.41111e-06
3.08493 1.4382 160 240 2.3444e-06
3.08568 1.4382 160 240 2.28449e-06
3.08643 1.4382 160 240 2.23004e-06
3.08718 1.4382 160 240 2.17981e-06
3.08793 1.4382 160 240 2.13267e-06
3.08868 1.4382 160 240 2.08768e-06
3.08943 1.4382 160 240 2.04411e-06
3.09018 1.4382 160 240 2.00143e-06
3.09093 1.4382 160 240 1.95928e-06
3.09168 1.4382 160 240 1.91748e-06
3.09243 1.4382 160 240 1.87598e-06
3.09318 1.4382 160 240 1.83481e-06
3.09393 1.4382 160 240 1.79408e-06
3.09468 1.4382 160 240 1.75395e-06
3.09543 1.4382 160 240 1.71452e-06
3.09618 1.4382 160 240 1.67599e-06
3.09693 1.4382 160 240 1.63852e-06
3.09768 1.4382 160 240 1.60222e-06
3.09843 1.4382 160 240 1.56722e-06
3.09918 1.4382 160 240 1.53361e-06
3.09993 1.4382 160 240 1.50147e-06
3.10068 1.4382 160 240 1.47084e-06
3.10143 1.4382 160 240 1.44177e-06
3.10218 1.4382 160 240 1.41427e-06
3.10293 1.4382 160 240 1.38837e-06
3.10368 1.4382 160 240 1.36403e-06
3.10443 1.4382 160 240 1.34126e-06
3.10518 1.4382 160 240 1.32004e-06
3.10593 1.4382 160 240 1.30035e-06
3.10668 1.4382 160 240 1.28216e-06
3.10743 1.4382 160 240 1.26545e-06
3.10818 1.4382 160 240 1.25018e-06
3.10893 1.4382 160 240 1.23633e-06
3.10968 1.4382 160 240 1.22386e-06
3.11044 1.4382 160 240 1.21277e-06
3.11119 1.4382 160 240 1.20303e-06
3.11194 1.4382 160 240 1.19459e-06
3.11269 1.4382 160 240 1.18744e-06
3.11344 1.4382 160 240 1.18158e-06
3.11419 1.4382 160 240 1.17698e-06
3.11494 1.4382 160 240 1.17364e-06
3.11569 1.4382 160 240 1.17155e-06
3.11644 1.4382 160 240 1.17071e-06
3.11719 1.4382 160 240 1.17112e-06
3.11794 1.4382 160 240 1.17277e-06
3.11869 1.4382 160 240 1.17569e-06
3.11944 1.4382 160 240 1.17986e-06
3.12019 1.4382 160 240 1.18531e-06
3.12094 1.4382 160 240 1.19206e-06
3.12169 1.4382 160 240 1.20012e-06
3.12244 1.4382 160 240 1.20952e-06
3.12319 1.4382 160 240 1.22027e-06
3.12394 1.4382 160 240 1.23242e-06
3.12469 1.4382 160 240 1.24597e-06
3.12544 1.4382 160 240 1.26097e-06
3.12619 1.4382 160 240 1.27743e-06
3.12694 1.4382 160 240 1.29541e-06
3.12769 1.4382 160 240 1.31491e-06
3.12844 1.4382 160 240 1.33596e-06
3.12919 1.4382 160 240 1.35857e-06
3.12994 1.4382 160 240 1.38275e-06
3.13069 1.4382 160 240 1.40852e-06
3.13144 1.4382 160 240 1.43584e-06
3.13219 1.4382 160 240 1.46468e-06
3.13294 1.4382 160 240 1.495e-06
3.13369 1.4382 160 240 1.52671e-06
3.13444 1.4382 160 240 1.55971e-06
3.13519 1.4382 160 240 1.59386e-06
3.13594 1.4382 160 240 1.629e-06
3.13669 1.4382 160 240 1.66492e-06
3.13744 1.4382 160 240 1.70142e-06
3.13819 1.4382 160 240 1.73823e-06
3.13894 1.4382 160 240 1.7751e-06
3.13969 1.4382 160 240 1.81175e-06
3.14044 1.4382 160 240 1.84793e-06
3.14119 1.4382 160 240 1.8834e-06
3.14194 1.4382 160 240 1.91796e-06
3.14269 1.4382 160 240 1.95148e-06
3.14344 1.4382 160 240 1.9839e-06
3.14419 1.4382 160 240 2.01524e-06
3.14494 1.4382 160 240 2.04559e-06
3.14569 1.4382 160 240 2.07515e-06
3.14644 1.4382 160 240 2.10421e-06
3.14719 1.4382 160 240 2.13311e-06
3.14794 1.4382 160 240 2.16228e-06
3.14869 1.4382 160 240 2.19216e-06
3.14944 1.4382 160 240 2.22325e-06
3.15019 1.4382 160 240 2.25604e-06
3.15094 1.4382 160 240 2.29105e-06
3.15169 1.4382 160 240 2.32877e-06
3.15244 1.4382 160 240 2.36966e-06
3.15319 1.4382 160 240 2.41417e-06
3.15394 1.4382 160 240 2.46275e-06
3.15469 1.4382 160 240 2.51577e-06
3.15544 1.4382 160 240 2.57361e-06
3.15619 1.4382 160 240 2.63658e-06
3.15694 1.4382 160 240 2.705e-06
3.15769 1.4382 160 240 2.77911e-06
3.15844 1.4382 160 240 2.85915e-06
3.15919 1.4382 160 240 2.94529e-06
3.15994 1.4382 160 240 3.03766e-06
3.16069 1.4382 160 240 3.13624e-06
3.16144 1.4382 160 240 3.24116e-06
3.16219 1.4382 160 240 3.35223e-06
3.16294 1.4382 160 240 3.46924e-06
3.16369 1.4382 160 240 3.59182e-06
3.16444 1.4382 160 240 3.71945e-06
3.16519 1.4382 160 240 3.85143e-06
3.16594 1.4382 160 240 3.98683e-06
3.16669 1.4382 160 240 4.12453e-06
3.16744 1.4382 160 240 4.26314e-06
3.16819 1.4382 160 240 4.40101e-06
3.16894 1.4382 160 240 4.53629e-06
3.16969 1.4382 160 240 4.66687e-06
3.17045 1.4382 160 240 4.79048e-06
3.1712 1.4382 160 240 4.90476e-06
3.17195 1.4382 160 240 5.00729e-06
3.1727 1.4382 160 240 5.09579e-06
3.17345 1.4382 160 240 5.16812e-06
3.1742 1.4382 160 240 5.2225e-06
3.17495 1.4382 160 240 5.25758e-06
3.1757 1.4382 160 240 5.27248e-06
3.17645 1.4382 160 240 5.26696e-06
3.1772 1.4382 160 240 5.24131e-06
3.17795 1.4382 160 240 5.19644e-06
3.1787 1.4382 160 240 5.13374e-06
3.17945 1.4382 160 240 5.05501e-06
3.1802 1.4382 160 240 4.96238e-06
3.18095 1.4382 160 240 4.85814e-06
3.1817 1.4382 160 240 4.74468e-06
3.18245 1.4382 160 240 4.62431e-06
3.1832 1.4382 160 240 4.49924e-06
3.18395 1.4382 160 240 4.3715e-06
3.1847 1.4382 160 240 4.24287e-06
3.18545 1.4382 160 240 4.11487e-06
3.1862 1.4382 160 240 3.98877e-06
3.18695 1.4382 160 240 3.86558e-06
3.1877 1.4382 160 240 3.74605e-06
3.18845 1.4382 160 240 3.63074e-06
3.1892 1.4382 160 240 3.51998e-06
3.18995 1.4382 160 240 3.41396e-06
3.1907 1.4382 160 240 3.31274e-06
3.19145 1.4382 160 240 3.21623e-06
3.1922 1.4382 160 240 3.12429e-06
3.19295 1.4382 160 240 3.03671e-06
3.1937 1.4382 160 240 2.95326e-06
3.19445 1.4382 160 240 2.87367e-06
3.1952 1.4382 160 240 2.79768e-06
3.19595 1.4382 160 240 2.72504e-06
3.1967 1.4382 160 240 2.65553e-06
3.19745 1.4382 160 240 2.58895e-06
3.1982 1.4382 160 240 2.52517e-06
3.19895 1.4382 160 240 2.46406e-06
3.1997 1.4382 160 240 2.40555e-06
3.20045 1.4382 160 240 2.34961e-06
3.2012 1.4382 160 240 2.29621e-06
3.20195 1.4382 160 240 2.24535e-06
3.2027 1.4382 160 240 2.19707e-06
3.20345 1.4382 160 240 2.15138e-06
3.2042 1.4382 160 240 2.10832e-06
3.20495 1.4382 160 240 2.06792e-06
3.2057 1.4382 160 240 2.03019e-06
3.20645 1.4382 160 240 1.99516e-06
3.2072 1.4382 160 240 1.96283e-06
3.20795 1.4382 160 240 1.93321e-06
3.2087 1.4382 160 240 1.90629e-06
3.20945 1.4382 160 240 1.88206e-06
3.2102 1.4382 160 240 1.86051e-06
3.21095 1.4382 160 240 1.84162e-06
3.2117 1.4382 160 240 1.82536e-06
3.21245 1.4382 160 240 1.81174e-06
3.2132 1.4382 160 240 1.80072e-06
3.21395 1.4382 160 240 1.7923e-06
3.2147 1.4382 160 240 1.78646e-06
3.21545 1.4382 160 240 1.7832e-06
3.2162 1.4382 160 240 1.78253e-06
3.21695 1.4382 160 240 1.78445e-06
3.2177 1.4382 160 240 1.78898e-06
3.21845 1.4382 160 240 1.79614e-06
3.2192 1.4382 160 240 1.80597e-06
3.21995 1.4382 160 240 1.8185e-06
3.2207 1.4382 160 240 1.83379e-06
3.22145 1.4382 160 240 1.85188e-06
3.2222 1.4382 160 240 1.87285e-06
3.22295 1.4382 160 240 1.89676e-06
3.2237 1.4382 160 240 1.92371e-06
3.22445 1.4382 160 240 1.95376e-06
3.2252 1.4382 160 240 1.98703e-06
3.22595 1.4382 160 240 2.02359e-06
3.2267 1.4382 160 240 2.06356e-06
3.22745 1.4382 160 240 2.10701e-06
3.2282 1.4382 160 240 2.15406e-06
3.22895 1.4382 160 240 2.20479e-06
3.2297 1.4382 160 240 2.25928e-06
3.23046 1.4382 160 240 2.31759e-06
3.23121 1.4382 160 240 2.37978e-06
3.23196 1.4382 160 240 2.44586e-06
3.23271 1.4382 160 240 2.51584e-06
3.23346 1.4382 160 240 2.58966e-06
3.23421 1.4382 160 240 2.66722e-06
3.23496 1.4382 160 240 2.74836e-06
3.23571 1.4382 160 240 2.83284e-06
3.23646 1.4382 160 240 2.92034e-06
3.23721 1.4382 160 240 3.01044e-06
3.23796 1.4382 160 240 3.1026e-06
3.23871 1.4382 160 240 3.1962e-06
3.23946 1.4382 160 240 3.29045e-06
3.24021 1.4382 160 240 3.38447e-06
3.24096 1.4382 160 240 3.47725e-06
3.24171 1.4382 160 240 3.5677e-06
3.24246 1.4382 160 240 3.65466e-06
3.24321 1.4382 160 240 3.72875e-06
3.24396 1.4382 160 240 3.80508e-06
3.24471 1.4382 160 240 3.87458e-06
3.24546 1.4382 160 240 3.93629e-06
3.24621 1.4382 160 240 3.98946e-06
3.24696 1.4382 160 240 4.03361e-06
3.24771 1.4382 160 240 4.06853e-06
3.24846 1.4382 160 240 4.09432e-06
3.24921 1.4382 160 240 4.11134e-06
3.24996 1.4382 160 240 4.12025e-06
3.25071 1.4382 160 240 4.12189e-06
3.25146 1.4382 160 240 4.11729e-06
3.25221 1.4382 160 240 4.10757e-06
3.25296 1.4382 160 240 4.09378e-06
3.25371 1.4382 160 240 4.07701e-06
3.25446 1.4382 160 240 4.05827e-06
3.25521 1.4382 160 240 4.03842e-06
3.25596 1.4382 160 240 4.01823e-06
3.25671 1.4382 160 240 3.99833e-06
3.25746 1.4382 160 240 3.9792e-06
3.25821 1.4382 160 240 3.96124e-06
3.25896 1.4382 160 240 3.94475e-06
3.25971 1.4382 160 240 3.92994e-06
3.26046 1.4382 160 240 3.91691e-06
3.26121 1.4382 160 240 3.90571e-06
3.26196 1.4382 160 240 3.89628e-06
3.26271 1.4382 160 240 3.88851e-06
3.26346 1.4382 160 240 3.8822e-06
3.26421 1.4382 160 240 3.87701e-06
3.26496 1.4382 160 240 3.87261e-06
3.26571 1.4382 160 240 3.86856e-06
3.26646 1.4382 160 240 3.86438e-06
3.26721 1.4382 160 240 3.85952e-06
3.26796 1.4382 160 240 3.85342e-06
3.26871 1.4382 160 240 3.84546e-06
3.26946 1.4382 160 240 3.83508e-06
3.27021 1.4382 160 240 3.82168e-06
3.27096 1.4382 160 240 3.8047e-06
3.27171 1.4382 160 240 3.78365e-06
3.27246 1.4382 160 240 3.75811e-06
3.27321 1.4382 160 240 3.7277e-06
3.27396 1.4382 160 240 3.69222e-06
3.27471 1.4382 160 240 3.65155e-06
3.27546 1.4382 160 240 3.60573e-06
3.27621 1.4382 160 240 3.55493e-06
3.27696 1.4382 160 240 3.49946e-06
3.27771 1.4382 160 240 3.43977e-06
3.27846 1.4382 160 240 3.37641e-06
3.27921 1.4382 160 240 3.31003e-06
3.27996 1.4382 160 240 3.24132e-06
3.28071 1.4382 160 240 3.17103e-06
3.28146 1.4382 160 240 3.09993e-06
3.28221 1.4382 160 240 3.02872e-06
3.28296 1.4382 160 240 2.95811e-06
3.28371 1.4382 160 240 2.88874e-06
3.28446 1.4382 160 240 2.82119e-06
3.28521 1.4382 160 240 2.75598e-06
3.28596 1.4382 160 240 2.69353e-06
3.28671 1.4382 160 240 2.63422e-06
3.28746 1.4382 160 240 2.57835e-06
3.28821 1.4382 160 240 2.52614e-06
3.28896 1.4382 160 240 2.47788e-06
3.28971 1.4382 160 240 2.43352e-06
3.29047 1.4382 160 240 2.39317e-06
3.29122 1.4382 160 240 2.35694e-06
3.29197 1.4382 160 240 2.32479e-06
3.29272 1.4382 160 240 2.29669e-06
3.29347 1.4382 160 240 2.27261e-06
3.29422 1.4382 160 240 2.25244e-06
3.29497 1.4382 160 240 2.23608e-06
3.29572 1.4382 160 240 2.22337e-06
3.29647 1.4382 160 240 2.21416e-06
3.29722 1.4382 160 240 2.20819e-06
3.29797 1.4382 160 240 2.20526e-06
3.29872 1.4382 160 240 2.20508e-06
3.29947 1.4382 160 240 2.20732e-06
3.30022 1.4382 160 240 2.21163e-06
3.30097 1.4382 160 240 2.21759e-06
3.30172 1.4382 160 240 2.22476e-06
3.30247 1.4382 160 240 2.23264e-06
3.30322 1.4382 160 240 2.24069e-06
3.30397 1.4382 160 240 2.24835e-06
3.30472 1.4382 160 240 2.25505e-06
3.30547 1.4382 160 240 2.26017e-06
3.30622 1.4382 160 240 2.26313e-06
3.30697 1.4382 160 240 2.26336e-06
3.30772 1.4382 160 240 2.26033e-06
3.30847 1.4382 160 240 2.25357e-06
3.30922 1.4382 160 240 2.24274e-06
3.30997 1.4382 160 240 2.22755e-06
3.31072 1.4382 160 240 2.20786e-06
3.31147 1.4382 160 240 2.18365e-06
3.31222 1.4382 160 240 2.15497e-06
3.31297 1.4382 160 240 2.12207e-06
3.31372 1.4382 160 240 2.08526e-06
3.31447 1.4382 160 240 2.04493e-06
3.31522 1.4382 160 240 2.00156e-06
3.31597 1.4382 160 240 1.95563e-06
3.31672 1.4382 160 240 1.90767e-06
3.31747 1.4382 160 240 1.8582e-06
3.31822 1.4382 160 240 1.80771e-06
3.31897 1.4382 160 240 1.75663e-06
3.31972 1.4382 160 240 1.70542e-06
3.32047 1.4382 160 240 1.6544e-06
3.32122 1.4382 160 240 1.60389e-06
3.32197 1.4382 160 240 1.55413e-06
3.32272 1.4382 160 240 1.50531e-06
3.32347 1.4382 160 240 1.45756e-06
3.32422 1.4382 160 240 1.41099e-06
3.32497 1.4382 160 240 1.36565e-06
3.32572 1.4382 160 240 1.32156e-06
3.32647 1.4382 160 240 1.2787e-06
3.32722 1.4382 160 240 1.23704e-06
3.32797 1.4382 160 240 1.19653e-06
3.32872 1.4382 160 240 1.15711e-06
3.32947 1.4382 160 240 1.11869e-06
3.33022 1.4382 160 240 1.08123e-06
3.33097 1.4382 160 240 1.04465e-06
3.33172 1.4382 160 240 1.00892e-06
3.33247 1.4382 160 240 9.74007e-07
3.33322 1.4382 160 240 9.39932e-07
3.33397 1.4382 160 240 9.06734e-07
3.33472 1.4382 160 240 8.74492e-07
3.33547 1.4382 160 240 8.43323e-07
3.33622 1.4382 160 240 8.13379e-07
3.33697 1.4382 160 240 7.84826e-07
3.33772 1.4382 160 240 7.57894e-07
3.33847 1.4382 160 240 7.32771e-07
3.33922 1.4382 160 240 7.09647e-07
3.33997 1.4382 160 240 6.88539e-07
3.34072 1.4382 160 240 6.69838e-07
3.34147 1.4382 160 240 6.53446e-07
3.34222 1.4382 160 240 6.39323e-07
3.34297 1.4382 160 240 6.27338e-07
3.34372 1.4382 160 240 6.17266e-07
3.34447 1.4382 160 240 6.08803e-07
3.34522 1.4382 160 240 6.01574e-07
3.34597 1.4382 160 240 5.95157e-07
3.34672 1.4382 160 240 5.89109e-07
3.34747 1.4382 160 240 5.82988e-07
3.34822 1.4382 160 240 5.76386e-07
3.34897 1.4382 160 240 5.68941e-07
3.34972 1.4382 160 240 5.60359e-07
3.35048 1.4382 160 240 5.50422e-07
3.35123 1.4382 160 240 5.38993e-07
3.35198 1.4382 160 240 5.26014e-07
3.35273 1.4382 160 240 5.11505e-07
3.35348 1.4382 160 240 4.95557e-07
3.35423 1.4382 160 240 4.78326e-07
3.35498 1.4382 160 240 4.60026e-07
3.35573 1.4382 160 240 4.40925e-07
3.35648 1.4382 160 240 4.2134e-07
3.35723 1.4382 160 240 4.01634e-07
3.35798 1.4382 160 240 3.82114e-07
3.35873 1.4382 160 240 3.63414e-07
3.35948 1.4382 160 240 3.45913e-07
3.36023 1.4382 160 240 3.3011e-07
3.36098 1.4382 160 240 3.16516e-07
3.36173 1.4382 160 240 3.05636e-07
3.36248 1.4382 160 240 2.97955e-07
3.36323 1.4382 160 240 2.93899e-07
3.36398 1.4382 160 240 2.93827e-07
3.36473 1.4382 160 240 2.97991e-07
3.36548 1.4382 160 240 3.06514e-07
3.36623 1.4382 160 240 3.19371e-07
3.36698 1.4382 160 240 3.36374e-07
3.36773 1.4382 160 240 3.57176e-07
3.36848 1.4382 160 240 3.81237e-07
3.36923 1.4382 160 240 4.08022e-07
3.36998 1.4382 160 240 4.36771e-07
3.37073 1.4382 160 240 4.66723e-07
3.37148 1.4382 160 240 4.97119e-07
3.37223 1.4382 160 240 5.27212e-07
3.37298 1.4382 160 240 5.56355e-07
3.37373 1.4382 160 240 5.83995e-07
3.37448 1.4382 160 240 6.09692e-07
3.37523 1.4382 160 240 6.33146e-07
3.37598 1.4382 160 240 6.54165e-07
3.37673 1.4382 160 240 6.72672e-07
3.37748 1.4382 160 240 6.88686e-07
3.37823 1.4382 160 240 7.02306e-07
3.37898 1.4382 160 240 7.13689e-07
3.37973 1.4382 160 240 7.23031e-07
3.38048 1.4382 160 240 7.30556e-07
3.38123 1.4382 160 240 7.36498e-07
3.38198 1.4382 160 240 7.41092e-07
3.38273 1.4382 160 240 7.44565e-07
3.38348 1.4382 160 240 7.47133e-07
3.38423 1.4382 160 240 7.48993e-07
3.38498 1.4382 160 240 7.50326e-07
3.38573 1.4382 160 240 7.51293e-07
3.38648 1.4382 160 240 7.52036e-07
3.38723 1.4382 160 240 7.5268e-07
3.38798 1.4382 160 240 7.53337e-07
3.38873 1.4382 160 240 7.54139e-07
3.38948 1.4382 160 240 7.55074e-07
3.39023 1.4382 160 240 7.56259e-07
3.39098 1.4382 160 240 7.57753e-07
3.39173 1.4382 160 240 7.59605e-07
3.39248 1.4382 160 240 7.61858e-07
3.39323 1.4382 160 240 7.64549e-07
3.39398 1.4382 160 240 7.6771e-07
3.39473 1.4382 160 240 7.71368e-07
3.39548 1.4382 160 240 7.7555e-07
3.39623 1.4382 160 240 7.80278e-07
3.39698 1.4382 160 240 7.85573e-07
3.39773 1.4382 160 240 7.91468e-07
3.39848 1.4382 160 240 7.97978e-07
3.39923 1.4382 160 240 8.05095e-07
3.39998 1.4382 160 240 8.12858e-07
3.40073 1.4382 160 240 8.21289e-07
3.40148 1.4382 160 240 8.30408e-07
3.40223 1.4382 160 240 8.40239e-07
3.40298 1.4382 160 240 8.50806e-07
3.40373 1.4382 160 240 8.62145e-07
3.40448 1.4382 160 240 8.74259e-07
3.40523 1.4382 160 240 8.8719e-07
3.40598 1.4382 160 240 9.00969e-07
3.40673 1.4382 160 240 9.15629e-07
3.40748 1.4382 160 240 9.31207e-07
3.40823 1.4382 160 240 9.47743e-07
3.40898 1.4382 160 240 9.65277e-07
3.40973 1.4382 160 240 9.83856e-07
3.41049 1.4382 160 240 1.00353e-06
3.41124 1.4382 160 240 1.02434e-06
3.41199 1.4382 160 240 1.04636e-06
3.41274 1.4382 160 240 1.06964e-06
3.41349 1.4382 160 240 1.09424e-06
3.41424 1.4382 160 240 1.12024e-06
3.41499 1.4382 160 240 1.1477e-06
3.41574 1.4382 160 240 1.1767e-06
3.41649 1.4382 160 240 1.20733e-06
3.41724 1.4382 160 240 1.23968e-06
3.41799 1.4382 160 240 1.27383e-06
3.41874 1.4382 160 240 1.30988e-06
3.41949 1.4382 160 240 1.34795e-06
3.42024 1.4382 160 240 1.38812e-06
3.42099 1.4382 160 240 1.43053e-06
3.42174 1.4382 160 240 1.47529e-06
3.42249 1.4382 160 240 1.52252e-06
3.42324 1.4382 160 240 1.57235e-06
3.42399 1.4382 160 240 1.62491e-06
3.42474 1.4382 160 240 1.68033e-06
3.42549 1.4382 160 240 1.73873e-06
3.42624 1.4382 160 240 1.80026e-06
3.42699 1.4382 160 240 1.86503e-06
3.42774 1.4382 160 240 1.93315e-06
3.42849 1.4382 160 240 2.00474e-06
3.42924 1.4382 160 240 2.07988e-06
3.42999 1.4382 160 240 2.15863e-06
3.43074 1.4382 160 240 2.24103e-06
3.43149 1.4382 160 240 2.32709e-06
3.43224 1.4382 160 240 2.41675e-06
3.43299 1.4382 160 240 2.50992e-06
3.43374 1.4382 160 240 2.60642e-06
3.43449 1.4382 160 240 2.706e-06
3.43524 1.4382 160 240 2.80834e-06
3.43599 1.4382 160 240 2.91297e-06
3.43674 1.4382 160 240 3.01935e-06
3.43749 1.4382 160 240 3.1268e-06
3.43824 1.4382 160 240 3.23448e-06
3.43899 1.4382 160 240 3.34147e-06
3.43974 1.4382 160 240 3.44666e-06
3.44049 1.4382 160 240 3.54885e-06
3.44124 1.4382 160 240 3.64672e-06
3.44199 1.4382 160 240 3.7389e-06
3.44274 1.4382 160 240 3.82395e-06
3.44349 1.4382 160 240 3.90047e-06
3.44424 1.4382 160 240 3.96707e-06
3.44499 1.4382 160 240 4.02252e-06
3.44574 1.4382 160 240 4.06576e-06
3.44649 1.4382 160 240 4.09597e-06
3.44724 1.4382 160 240 4.11256e-06
3.44799 1.4382 160 240 4.11531e-06
3.44874 1.4382 160 240 4.10427e-06
3.44949 1.4382 160 240 4.07985e-06
3.45024 1.4382 160 240 4.04273e-06
3.45099 1.4382 160 240 3.99386e-06
3.45174 1.4382 160 240 3.9344e-06
3.45249 1.4382 160 240 3.86569e-06
3.45324 1.4382 160 240 3.78913e-06
3.45399 1.4382 160 240 3.70618e-06
3.45474 1.4382 160 240 3.61831e-06
3.45549 1.4382 160 240 3.52691e-06
3.45624 1.4382 160 240 3.43328e-06
3.45699 1.4382 160 240 3.33863e-06
3.45774 1.4382 160 240 3.24403e-06
3.45849 1.4382 160 240 3.1504e-06
3.45924 1.4382 160 240 3.05855e-06
3.45999 1.4382 160 240 2.96916e-06
3.46074 1.4382 160 240 2.88276e-06
3.46149 1.4382 160 240 2.79978e-06
3.46224 1.4382 160 240 2.72056e-06
3.46299 1.4382 160 240 2.64533e-06
3.46374 1.4382 160 240 2.57425e-06
3.46449 1.4382 160 240 2.50742e-06
3.46524 1.4382 160 240 2.44487e-06
3.46599 1.4382 160 240 2.38658e-06
3.46674 1.4382 160 240 2.33253e-06
3.46749 1.4382 160 240 2.28254e-06
3.46824 1.4382 160 240 2.23652e-06
3.46899 1.4382 160 240 2.19431e-06
3.46974 1.4382 160 240 2.15572e-06
3.4705 1.4382 160 240 2.12052e-06
3.47125 1.4382 160 240 2.08847e-06
3.472 1.4382 160 240 2.05929e-06
3.47275 1.4382 160 240 2.0327e-06
3.4735 1.4382 160 240 2.00837e-06
3.47425 1.4382 160 240 1.98595e-06
3.475 1.4382 160 240 1.96509e-06
3.47575 1.4382 160 240 1.94541e-06
3.4765 1.4382 160 240 1.92654e-06
3.47725 1.4382 160 240 1.90808e-06
3.478 1.4382 160 240 1.88966e-06
3.47875 1.4382 160 240 1.87095e-06
3.4795 1.4382 160 240 1.85159e-06
3.48025 1.4382 160 240 1.83131e-06
3.481 1.4382 160 240 1.80987e-06
3.48175 1.4382 160 240 1.78711e-06
3.4825 1.4382 160 240 1.7629e-06
3.48325 1.4382 160 240 1.7372e-06
3.484 1.4382 160 240 1.71001e-06
3.48475 1.4382 160 240 1.68142e-06
3.4855 1.4382 160 240 1.65154e-06
3.48625 1.4382 160 240 1.62056e-06
3.487 1.4382 160 240 1.58866e-06
3.48775 1.4382 160 240 1.55606e-06
3.4885 1.4382 160 240 1.52301e-06
3.48925 1.4382 160 240 1.48973e-06
3.49 1.4382 160 240 1.45645e-06
3.49075 1.4382 160 240 1.42338e-06
3.4915 1.4382 160 240 1.39072e-06
3.49225 1.4382 160 240 1.35923e-06
3.493 1.4382 160 240 1.32785e-06
3.49375 1.4382 160 240 1.29732e-06
3.4945 1.4382 160 240 1.26775e-06
3.49525 1.4382 160 240 1.23921e-06
3.496 1.4382 160 240 1.21178e-06
3.49675 1.4382 160 240 1.18549e-06
3.4975 1.4382 160 240 1.16037e-06
3.49825 1.4382 160 240 1.13644e-06
3.499 1.4382 160 240 1.1137e-06
3.49975 1.4382 160 240 1.09214e-06
3.5005 1.4382 160 240 1.07176e-06
3.50125 1.4382 160 240 1.05253e-06
3.502 1.4382 160 240 1.03444e-06
3.50275 1.4382 160 240 1.01745e-06
3.5035 1.4382 160 240 1.00154e-06
3.50425 1.4382 160 240 9.86676e-07
3.505 1.4382 160 240 9.72835e-07
3.50575 1.4382 160 240 9.59983e-07
3.5065 1.4382 160 240 9.48091e-07
3.50725 1.4382 160 240 9.37121e-07
3.508 1.4382 160 240 9.27067e-07
3.50875 1.4382 160 240 9.17886e-07
3.5095 1.4382 160 240 9.09557e-07
3.51025 1.4382 160 240 9.02057e-07
3.511 1.4382 160 240 8.95358e-07
3.51175 1.4382 160 240 8.8945e-07
3.5125 1.4382 160 240 8.84311e-07
3.51325 1.4382 160 240 8.79923e-07
3.514 1.4382 160 240 8.76276e-07
3.51475 1.4382 160 240 8.73347e-07
3.5155 1.4382 160 240 8.7113e-07
3.51625 1.4382 160 240 8.69613e-07
3.517 1.4382 160 240 8.6879e-07
3.51775 1.4382 160 240 8.68652e-07
3.5185 1.4382 160 240 8.69195e-07
3.51925 1.4382 160 240 8.70415e-07
3.52 1.4382 160 240 8.72309e-07
3.52075 1.4382 160 240 8.74877e-07
3.5215 1.4382 160 240 8.78118e-07
3.52225 1.4382 160 240 8.82035e-07
3.523 1.4382 160 240 8.8663e-07
3.52375 1.4382 160 240 8.91909e-07
3.5245 1.4382 160 240 8.97876e-07
3.52525 1.4382 160 240 9.04541e-07
3.526 1.4382 160 240 9.11911e-07
3.52675 1.4382 160 240 9.19999e-07
3.5275 1.4382 160 240 9.28817e-07
3.52825 1.4382 160 240 9.38382e-07
3.529 1.4382 160 240 9.4871e-07
3.52975 1.4382 160 240 9.59826e-07
3.53051 1.4382 160 240 9.71756e-07
3.53126 1.4382 160 240 9.84529e-07
3.53201 1.4382 160 240 9.98183e-07
3.53276 1.4382 160 240 1.01276e-06
3.53351 1.4382 160 240 1.02831e-06
3.53426 1.4382 160 240 1.04489e-06
3.53501 1.4382 160 240 1.06257e-06
3.53576 1.4382 160 240 1.08143e-06
3.53651 1.4382 160 240 1.10153e-06
3.53726 1.4382 160 240 1.12302e-06
3.53801 1.4382 160 240 1.14597e-06
3.53876 1.4382 160 240 1.17051e-06
3.53951 1.4382 160 240 1.19677e-06
3.54026 1.4382 160 240 1.22487e-06
3.54101 1.4382 160 240 1.25493e-06
3.54176 1.4382 160 240 1.28708e-06
3.54251 1.4382 160 240 1.32141e-06
3.54326 1.4382 160 240 1.358e-06
3.54401 1.4382 160 240 1.39688e-06
3.54476 1.4382 160 240 1.43802e-06
3.54551 1.4382 160 240 1.4812e-06
3.54626 1.4382 160 240 1.52653e-06
3.54701 1.4382 160 240 1.57341e-06
3.54776 1.4382 160 240 1.62187e-06
3.54851 1.4382 160 240 1.67129e-06
3.54926 1.4382 160 240 1.72112e-06
3.55001 1.4382 160 240 1.77077e-06
3.55076 1.4382 160 240 1.8196e-06
3.55151 1.4382 160 240 1.86695e-06
3.55226 1.4382 160 240 1.91221e-06
3.55301 1.4382 160 240 1.95479e-06
3.55376 1.4382 160 240 1.99412e-06
3.55451 1.4382 160 240 2.03006e-06
3.55526 1.4382 160 240 2.06227e-06
3.55601 1.4382 160 240 2.09063e-06
3.55676 1.4382 160 240 2.11529e-06
3.55751 1.4382 160 240 2.13642e-06
3.55826 1.4382 160 240 2.15432e-06
3.55901 1.4382 160 240 2.16941e-06
3.55976 1.4382 160 240 2.18218e-06
3.56051 1.4382 160 240 2.19314e-06
3.56126 1.4382 160 240 2.20285e-06
3.56201 1.4382 160 240 2.21185e-06
3.56276 1.4382 160 240 2.22067e-06
3.56351 1.4382 160 240 2.2298e-06
3.56426 1.4382 160 240 2.23975e-06
3.56501 1.4382 160 240 2.25077e-06
3.56576 1.4382 160 240 2.26325e-06
3.56651 1.4382 160 240 2.27744e-06
3.56726 1.4382 160 240 2.29351e-06
3.56801 1.4382 160 240 2.31158e-06
3.56876 1.4382 160 240 2.33165e-06
3.56951 1.4382 160 240 2.35366e-06
3.57026 1.4382 160 240 2.37748e-06
3.57101 1.4382 160 240 2.40283e-06
3.57176 1.4382 160 240 2.4294e-06
3.57251 1.4382 160 240 2.45676e-06
3.57326 1.4382 160 240 2.48441e-06
3.57401 1.4382 160 240 2.51176e-06
3.57476 1.4382 160 240 2.53814e-06
3.57551 1.4382 160 240 2.56283e-06
3.57626 1.4382 160 240 2.5851e-06
3.57701 1.4382 160 240 2.60413e-06
3.57776 1.4382 160 240 2.6192e-06
3.57851 1.4382 160 240 2.62958e-06
3.57926 1.4382 160 240 2.63465e-06
3.58001 1.4382 160 240 2.63387e-06
3.58076 1.4382 160 240 2.62685e-06
3.58151 1.4382 160 240 2.61336e-06
3.58226 1.4382 160 240 2.59334e-06
3.58301 1.4382 160 240 2.56688e-06
3.58376 1.4382 160 240 2.5343e-06
3.58451 1.4382 160 240 2.49593e-06
3.58526 1.4382 160 240 2.45235e-06
3.58601 1.4382 160 240 2.4042e-06
3.58676 1.4382 160 240 2.35218e-06
3.58751 1.4382 160 240 2.297e-06
3.58826 1.4382 160 240 2.23942e-06
3.58901 1.4382 160 240 2.18013e-06
3.58976 1.4382 160 240 2.11982e-06
3.59052 1.4382 160 240 2.05909e-06
3.59127 1.4382 160 240 1.9985e-06
3.59202 1.4382 160 240 1.93852e-06
3.59277 1.4382 160 240 1.87955e-06
3.59352 1.4382 160 240 1.82195e-06
3.59427 1.4382 160 240 1.76599e-06
3.59502 1.4382 160 240 1.71186e-06
3.59577 1.4382 160 240 1.65973e-06
3.59652 1.4382 160 240 1.60973e-06
3.59727 1.4382 160 240 1.56192e-06
3.59802 1.4382 160 240 1.51634e-06
3.59877 1.4382 160 240 1.47303e-06
3.59952 1.4382 160 240 1.43196e-06
3.60027 1.4382 160 240 1.39313e-06
3.60102 1.4382 160 240 1.35648e-06
3.60177 1.4382 160 240 1.32199e-06
3.60252 1.4382 160 240 1.2896e-06
3.60327 1.4382 160 240 1.25924e-06
3.60402 1.4382 160 240 1.23086e-06
3.60477 1.4382 160 240 1.20438e-06
3.60552 1.4382 160 240 1.17974e-06
3.60627 1.4382 160 240 1.15685e-06
3.60702 1.4382 160 240 1.13565e-06
3.60777 1.4382 160 240 1.11605e-06
3.60852 1.4382 160 240 1.09797e-06
3.60927 1.4382 160 240 1.08135e-06
3.61002 1.4382 160 240 1.06608e-06
3.61077 1.4382 160 240 1.0521e-06
3.61152 1.4382 160 240 1.03932e-06
3.61227 1.4382 160 240 1.02767e-06
3.61302 1.4382 160 240 1.01707e-06
3.61377 1.4382 160 240 1.00746e-06
3.61452 1.4382 160 240 9.98768e-07
3.61527 1.4382 160 240 9.90942e-07
3.61602 1.4382 160 240 9.83926e-07
3.61677 1.4382 160 240 9.7767e-07
3.61752 1.4382 160 240 9.7213e-07
3.61827 1.4382 160 240 9.67269e-07
3.61902 1.4382 160 240 9.6305e-07
3.61977 1.4382 160 240 9.59447e-07
3.62052 1.4382 160 240 9.56435e-07
3.62127 1.4382 160 240 9.53996e-07
3.62202 1.4382 160 240 9.5212e-07
3.62277 1.4382 160 240 9.50803e-07
3.62352 1.4382 160 240 9.50051e-07
3.62427 1.4382 160 240 9.49877e-07
3.62502 1.4382 160 240 9.50304e-07
3.62577 1.4382 160 240 9.51361e-07
3.62652 1.4382 160 240 9.531e-07
3.62727 1.4382 160 240 9.55566e-07
3.62802 1.4382 160 240 9.5882e-07
3.62877 1.4382 160 240 9.62923e-07
3.62952 1.4382 160 240 9.67941e-07
3.63027 1.4382 160 240 9.7394e-07
3.63102 1.4382 160 240 9.80972e-07
3.63177 1.4382 160 240 9.89102e-07
3.63252 1.4382 160 240 9.98366e-07
3.63327 1.4382 160 240 1.00879e-06
3.63402 1.4382 160 240 1.02039e-06
3.63477 1.4382 160 240 1.03316e-06
3.63552 1.4382 160 240 1.04708e-06
3.63627 1.4382 160 240 1.06214e-06
3.63702 1.4382 160 240 1.07827e-06
3.63777 1.4382 160 240 1.09545e-06
3.63852 1.4382 160 240 1.11364e-06
3.63927 1.4382 160 240 1.13278e-06
3.64002 1.4382 160 240 1.15285e-06
3.64077 1.4382 160 240 1.17382e-06
3.64152 1.4382 160 240 1.19569e-06
3.64227 1.4382 160 240 1.21846e-06
3.64302 1.4382 160 240 1.24215e-06
3.64377 1.4382 160 240 1.26679e-06
3.64452 1.4382 160 240 1.29242e-06
3.64527 1.4382 160 240 1.31911e-06
3.64602 1.4382 160 240 1.34693e-06
3.64677 1.4382 160 240 1.37595e-06
3.64752 1.4382 160 240 1.40626e-06
3.64827 1.4382 160 240 1.43795e-06
3.64902 1.4382 160 240 1.47113e-06
3.64977 1.4382 160 240 1.50591e-06
3.65053 1.4382 160 240 1.54239e-06
3.65128 1.4382 160 240 1.5807e-06
3.65203 1.4382 160 240 1.62096e-06
3.65278 1.4382 160 240 1.6633e-06
3.65353 1.4382 160 240 1.70785e-06
3.65428 1.4382 160 240 1.75476e-06
3.65503 1.4382 160 240 1.80417e-06
3.65578 1.4382 160 240 1.85623e-06
3.65653 1.4382 160 240 1.91109e-06
3.65728 1.4382 160 240 1.96891e-06
3.65803 1.4382 160 240 2.02983e-06
3.65878 1.4382 160 240 2.09403e-06
3.65953 1.4382 160 240 2.16165e-06
3.66028 1.4382 160 240 2.23284e-06
3.66103 1.4382 160 240 2.30776e-06
3.66178 1.4382 160 240 2.38651e-06
3.66253 1.4382 160 240 2.46927e-06
3.66328 1.4382 160 240 2.55613e-06
3.66403 1.4382 160 240 2.64719e-06
3.66478 1.4382 160 240 2.74249e-06
3.66553 1.4382 160 240 2.84208e-06
3.66628 1.4382 160 240 2.94593e-06
3.66703 1.4382 160 240 3.05399e-06
3.66778 1.4382 160 240 3.16614e-06
3.66853 1.4382 160 240 3.28218e-06
3.66928 1.4382 160 240 3.40186e-06
3.67003 1.4382 160 240 3.52481e-06
3.67078 1.4382 160 240 3.65056e-06
3.67153 1.4382 160 240 3.77854e-06
3.67228 1.4382 160 240 3.90806e-06
3.67303 1.4382 160 240 4.03829e-06
3.67378 1.4382 160 240 4.16831e-06
3.67453 1.4382 160 240 4.29705e-06
3.67528 1.4382 160 240 4.42335e-06
3.67603 1.4382 160 240 4.54594e-06
3.67678 1.4382 160 240 4.66348e-06
3.67753 1.4382 160 240 4.77461e-06
3.67828 1.4382 160 240 4.87792e-06
3.67903 1.4382 160 240 4.97208e-06
3.67978 1.4382 160 240 5.0558e-06
3.68053 1.4382 160 240 5.12792e-06
3.68128 1.4382 160 240 5.18742e-06
3.68203 1.4382 160 240 5.23346e-06
3.68278 1.4382 160 240 5.26541e-06
3.68353 1.4382 160 240 5.28287e-06
3.68428 1.4382 160 240 5.28566e-06
3.68503 1.4382 160 240 5.27384e-06
3.68578 1.4382 160 240 5.24766e-06
3.68653 1.4382 160 240 5.20761e-06
3.68728 1.4382 160 240 5.15426e-06
3.68803 1.4382 160 240 5.08861e-06
3.68878 1.4382 160 240 5.01154e-06
3.68953 1.4382 160 240 4.92413e-06
3.69028 1.4382 160 240 4.82753e-06
3.69103 1.4382 160 240 4.72295e-06
3.69178 1.4382 160 240 4.61162e-06
3.69253 1.4382 160 240 4.4948e-06
3.69328 1.4382 160 240 4.37369e-06
3.69403 1.4382 160 240 4.24945e-06
3.69478 1.4382 160 240 4.12319e-06
3.69553 1.4382 160 240 3.99594e-06
3.69628 1.4382 160 240 3.8686e-06
3.69703 1.4382 160 240 3.74202e-06
3.69778 1.4382 160 240 3.6169e-06
3.69853 1.4382 160 240 3.49389e-06
3.69928 1.4382 160 240 3.37348e-06
3.70003 1.4382 160 240 3.25612e-06
3.70078 1.4382 160 240 3.14212e-06
3.70153 1.4382 160 240 3.03178e-06
3.70228 1.4382 160 240 2.92527e-06
3.70303 1.4382 160 240 2.82271e-06
3.70378 1.4382 160 240 2.72417e-06
3.70453 1.4382 160 240 2.6297e-06
3.70528 1.4382 160 240 2.53928e-06
3.70603 1.4382 160 240 2.45286e-06
3.70678 1.4382 160 240 2.37039e-06
3.70753 1.4382 160 240 2.29178e-06
3.70828 1.4382 160 240 2.21697e-06
3.70903 1.4382 160 240 2.14576e-06
3.70978 1.4382 160 240 2.07809e-06
3.71054 1.4382 160 240 2.01382e-06
3.71129 1.4382 160 240 1.95283e-06
3.71204 1.4382 160 240 1.89499e-06
3.71279 1.4382 160 240 1.84017e-06
3.71354 1.4382 160 240 1.78825e-06
3.71429 1.4382 160 240 1.7391e-06
3.71504 1.4382 160 240 1.69259e-06
3.71579 1.4382 160 240 1.64861e-06
3.71654 1.4382 160 240 1.60706e-06
3.71729 1.4382 160 240 1.56782e-06
3.71804 1.4382 160 240 1.53079e-06
3.71879 1.4382 160 240 1.49587e-06
3.71954 1.4382 160 240 1.46296e-06
3.72029 1.4382 160 240 1.43197e-06
3.72104 1.4382 160 240 1.40282e-06
3.72179 1.4382 160 240 1.37542e-06
3.72254 1.4382 160 240 1.34972e-06
3.72329 1.4382 160 240 1.32557e-06
3.72404 1.4382 160 240 1.30294e-06
3.72479 1.4382 160 240 1.28175e-06
3.72554 1.4382 160 240 1.26192e-06
3.72629 1.4382 160 240 1.24339e-06
3.72704 1.4382 160 240 1.22606e-06
3.72779 1.4382 160 240 1.20987e-06
3.72854 1.4382 160 240 1.19474e-06
3.72929 1.4382 160 240 1.18059e-06
3.73004 1.4382 160 240 1.16735e-06
3.73079 1.4382 160 240 1.15494e-06
3.73154 1.4382 160 240 1.14328e-06
3.73229 1.4382 160 240 1.13229e-06
3.73304 1.4382 160 240 1.12188e-06
3.73379 1.4382 160 240 1.11198e-06
3.73454 1.4382 160 240 1.10251e-06
3.73529 1.4382 160 240 1.0934e-06
3.73604 1.4382 160 240 1.08459e-06
3.73679 1.4382 160 240 1.076e-06
3.73754 1.4382 160 240 1.0676e-06
3.73829 1.4382 160 240 1.05935e-06
3.73904 1.4382 160 240 1.05121e-06
3.73979 1.4382 160 240 1.04317e-06
3.74054 1.4382 160 240 1.03522e-06
3.74129 1.4382 160 240 1.02738e-06
3.74204 1.4382 160 240 1.01966e-06
3.74279 1.4382 160 240 1.0121e-06
3.74354 1.4382 160 240 1.00473e-06
3.74429 1.4382 160 240 9.97621e-07
3.74504 1.4382 160 240 9.90821e-07
3.74579 1.4382 160 240 9.844e-07
3.74654 1.4382 160 240 9.78432e-07
3.74729 1.4382 160 240 9.72997e-07
3.74804 1.4382 160 240 9.68179e-07
3.74879 1.4382 160 240 9.64067e-07
3.74954 1.4382 160 240 9.60755e-07
3.75029 1.4382 160 240 9.5834e-07
3.75104 1.4382 160 240 9.56922e-07
3.75179 1.4382 160 240 9.56607e-07
3.75254 1.4382 160 240 9.57503e-07
3.75329 1.4382 160 240 9.5971e-07
3.75404 1.4382 160 240 9.63339e-07
3.75479 1.4382 160 240 9.68494e-07
3.75554 1.4382 160 240 9.7527e-07
3.75629 1.4382 160 240 9.83755e-07
3.75704 1.4382 160 240 9.94024e-07
3.75779 1.4382 160 240 1.00612e-06
3.75854 1.4382 160 240 1.02006e-06
3.75929 1.4382 160 240 1.03586e-06
3.76004 1.4382 160 240 1.05347e-06
3.76079 1.4382 160 240 1.07282e-06
3.76154 1.4382 160 240 1.09379e-06
3.76229 1.4382 160 240 1.11623e-06
3.76304 1.4382 160 240 1.13995e-06
3.76379 1.4382 160 240 1.16472e-06
3.76454 1.4382 160 240 1.19029e-06
3.76529 1.4382 160 240 1.2164e-06
3.76604 1.4382 160 240 1.24277e-06
3.76679 1.4382 160 240 1.2691e-06
3.76754 1.4382 160 240 1.29513e-06
3.76829 1.4382 160 240 1.32057e-06
3.76904 1.4382 160 240 1.34519e-06
3.76979 1.4382 160 240 1.36877e-06
3.77055 1.4382 160 240 1.39111e-06
3.7713 1.4382 160 240 1.41205e-06
3.77205 1.4382 160 240 1.43152e-06
3.7728 1.4382 160 240 1.44943e-06
3.77355 1.4382 160 240 1.46578e-06
3.7743 1.4382 160 240 1.48058e-06
3.77505 1.4382 160 240 1.49393e-06
3.7758 1.4382 160 240 1.50593e-06
3.77655 1.4382 160 240 1.51676e-06
3.7773 1.4382 160 240 1.52661e-06
3.77805 1.4382 160 240 1.53569e-06
3.7788 1.4382 160 240 1.54422e-06
3.77955 1.4382 160 240 1.55244e-06
3.7803 1.4382 160 240 1.56056e-06
3.78105 1.4382 160 240 1.56877e-06
3.7818 1.4382 160 240 1.57726e-06
3.78255 1.4382 160 240 1.58614e-06
3.7833 1.4382 160 240 1.59738e-06
3.78405 1.4382 160 240 1.60736e-06
3.7848 1.4382 160 240 1.61794e-06
3.78555 1.4382 160 240 1.6292e-06
3.7863 1.4382 160 240 1.64112e-06
3.78705 1.4382 160 240 1.65367e-06
3.7878 1.4382 160 240 1.66684e-06
3.78855 1.4382 160 240 1.6806e-06
3.7893 1.4382 160 240 1.6949e-06
3.79005 1.4382 160 240 1.7097e-06
3.7908 1.4382 160 240 1.72497e-06
3.79155 1.4382 160 240 1.74062e-06
3.7923 1.4382 160 240 1.75658e-06
3.79305 1.4382 160 240 1.77275e-06
3.7938 1.4382 160 240 1.789e-06
3.79455 1.4382 160 240 1.80517e-06
3.7953 1.4382 160 240 1.82107e-06
3.79605 1.4382 160 240 1.83648e-06
3.7968 1.4382 160 240 1.85114e-06
3.79755 1.4382 160 240 1.86478e-06
3.7983 1.4382 160 240 1.87707e-06
3.79905 1.4382 160 240 1.8877e-06
3.7998 1.4382 160 240 1.89634e-06
3.80055 1.4382 160 240 1.90266e-06
3.8013 1.4382 160 240 1.90635e-06
3.80205 1.4382 160 240 1.90713e-06
3.8028 1.4382 160 240 1.90476e-06
3.80355 1.4382 160 240 1.89905e-06
3.8043 1.4382 160 240 1.88987e-06
3.80505 1.4382 160 240 1.87716e-06
3.8058 1.4382 160 240 1.86095e-06
3.80655 1.4382 160 240 1.8413e-06
3.8073 1.4382 160 240 1.81839e-06
3.80805 1.4382 160 240 1.7924e-06
3.8088 1.4382 160 240 1.76362e-06
3.80955 1.4382 160 240 1.73233e-06
3.8103 1.4382 160 240 1.69888e-06
3.81105 1.4382 160 240 1.66361e-06
3.8118 1.4382 160 240 1.62687e-06
3.81255 1.4382 160 240 1.58902e-06
3.8133 1.4382 160 240 1.55037e-06
3.81405 1.4382 160 240 1.51126e-06
3.8148 1.4382 160 240 1.47195e-06
3.81555 1.4382 160 240 1.43272e-06
3.8163 1.4382 160 240 1.39378e-06
3.81705 1.4382 160 240 1.35532e-06
3.8178 1.4382 160 240 1.31753e-06
3.81855 1.4382 160 240 1.28051e-06
3.8193 1.4382 160 240 1.24439e-06
3.82005 1.4382 160 240 1.20924e-06
3.8208 1.4382 160 240 1.17513e-06
3.82155 1.4382 160 240 1.14208e-06
3.8223 1.4382 160 240 1.11012e-06
3.82305 1.4382 160 240 1.07926e-06
3.8238 1.4382 160 240 1.04949e-06
3.82455 1.4382 160 240 1.02079e-06
3.8253 1.4382 160 240 9.93149e-07
3.82605 1.4382 160 240 9.66532e-07
3.8268 1.4382 160 240 9.40904e-07
3.82755 1.4382 160 240 9.16231e-07
3.8283 1.4382 160 240 8.92474e-07
3.82905 1.4382 160 240 8.69592e-07
3.8298 1.4382 160 240 8.47546e-07
3.83056 1.4382 160 240 8.26295e-07
3.83131 1.4382 160 240 8.05799e-07
3.83206 1.4382 160 240 7.86017e-07
3.83281 1.4382 160 240 7.66915e-07
3.83356 1.4382 160 240 7.48452e-07
3.83431 1.4382 160 240 7.30592e-07
3.83506 1.4382 160 240 7.13301e-07
3.83581 1.4382 160 240 6.96536e-07
3.83656 1.4382 160 240 6.80271e-07
3.83731 1.4382 160 240 6.64469e-07
3.83806 1.4382 160 240 6.49099e-07
3.83881 1.4382 160 240 6.34128e-07
3.83956 1.4382 160 240 6.19527e-07
3.84031 1.4382 160 240 6.05268e-07
3.84106 1.4382 160 240 5.91324e-07
3.84181 1.4382 160 240 5.7767e-07
3.84256 1.4382 160 240 5.64275e-07
3.84331 1.4382 160 240 5.51142e-07
3.84406 1.4382 160 240 5.38246e-07
3.84481 1.4382 160 240 5.25577e-07
3.84556 1.4382 160 240 5.13131e-07
3.84631 1.4382 160 240 5.0091e-07
3.84706 1.4382 160 240 4.88923e-07
3.84781 1.4382 160 240 4.77125e-07
3.84856 1.4382 160 240 4.65668e-07
3.84931 1.4382 160 240 4.54531e-07
3.85006 1.4382 160 240 4.43765e-07
3.85081 1.4382 160 240 4.33435e-07
3.85156 1.4382 160 240 4.2362e-07
3.85231 1.4382 160 240 4.14417e-07
3.85306 1.4382 160 240 4.05934e-07
3.85381 1.4382 160 240 3.983e-07
3.85456 1.4382 160 240 3.91655e-07
3.85531 1.4382 160 240 3.86152e-07
3.85606 1.4382 160 240 3.81889e-07
3.85681 1.4382 160 240 3.79166e-07
3.85756 1.4382 160 240 3.78088e-07
3.85831 1.4382 160 240 3.78818e-07
3.85906 1.4382 160 240 3.81506e-07
3.85981 1.4382 160 240 3.86279e-07
3.86056 1.4382 160 240 3.93232e-07
3.86131 1.4382 160 240 4.02425e-07
3.86206 1.4382 160 240 4.13868e-07
3.86281 1.4382 160 240 4.27522e-07
3.86356 1.4382 160 240 4.43296e-07
3.86431 1.4382 160 240 4.61044e-07
3.86506 1.4382 160 240 4.80571e-07
3.86581 1.4382 160 240 5.01642e-07
3.86656 1.4382 160 240 5.23987e-07
3.86731 1.4382 160 240 5.47319e-07
3.86806 1.4382 160 240 5.71342e-07
3.86881 1.4382 160 240 5.95766e-07
3.86956 1.4382 160 240 6.20321e-07
3.87031 1.4382 160 240 6.44762e-07
3.87106 1.4382 160 240 6.68885e-07
3.87181 1.4382 160 240 6.92522e-07
3.87256 1.4382 160 240 7.15552e-07
3.87331 1.4382 160 240 7.37894e-07
3.87406 1.4382 160 240 7.59509e-07
3.87481 1.4382 160 240 7.80391e-07
3.87556 1.4382 160 240 8.00563e-07
3.87631 1.4382 160 240 8.20073e-07
3.87706 1.4382 160 240 8.38984e-07
3.87781 1.4382 160 240 8.57369e-07
3.87856 1.4382 160 240 8.75307e-07
3.87931 1.4382 160 240 8.92874e-07
3.88006 1.4382 160 240 9.10146e-07
3.88081 1.4382 160 240 9.27186e-07
3.88156 1.4382 160 240 9.44052e-07
3.88231 1.4382 160 240 9.60782e-07
3.88306 1.4382 160 240 9.77418e-07
3.88381 1.4382 160 240 9.93977e-07
3.88456 1.4382 160 240 1.01047e-06
3.88531 1.4382 160 240 1.02689e-06
3.88606 1.4382 160 240 1.04324e-06
3.88681 1.4382 160 240 1.05951e-06
3.88756 1.4382 160 240 1.07569e-06
3.88831 1.4382 160 240 1.09177e-06
3.88906 1.4382 160 240 1.10772e-06
3.88981 1.4382 160 240 1.12357e-06
3.89057 1.4382 160 240 1.13933e-06
3.89132 1.4382 160 240 1.15501e-06
3.89207 1.4382 160 240 1.17066e-06
3.89282 1.4382 160 240 1.18633e-06
3.89357 1.4382 160 240 1.2021e-06
3.89432 1.4382 160 240 1.21803e-06
3.89507 1.4382 160 240 1.23423e-06
3.89582 1.4382 160 240 1.25081e-06
3.89657 1.4382 160 240 1.26787e-06
3.89732 1.4382 160 240 1.28554e-06
3.89807 1.4382 160 240 1.30395e-06
3.89882 1.4382 160 240 1.32321e-06
3.89957 1.4382 160 240 1.34347e-06
3.90032 1.4382 160 240 1.36483e-06
3.90107 1.4382 160 240 1.38741e-06
3.90182 1.4382 160 240 1.41132e-06
3.90257 1.4382 160 240 1.43665e-06
3.90332 1.4382 160 240 1.46351e-06
3.90407 1.4382 160 240 1.49195e-06
3.90482 1.4382 160 240 1.52205e-06
3.90557 1.4382 160 240 1.55384e-06
3.90632 1.4382 160 240 1.58736e-06
3.90707 1.4382 160 240 1.62261e-06
3.90782 1.4382 160 240 1.65957e-06
3.90857 1.4382 160 240 1.69822e-06
3.90932 1.4382 160 240 1.73848e-06
3.91007 1.4382 160 240 1.78026e-06
3.91082 1.4382 160 240 1.82344e-06
3.91157 1.4382 160 240 1.86783e-06
3.91232 1.4382 160 240 1.91325e-06
3.91307 1.4382 160 240 1.95944e-06
3.91382 1.4382 160 240 2.00612e-06
3.91457 1.4382 160 240 2.05296e-06
3.91532 1.4382 160 240 2.09958e-06
3.91607 1.4382 160 240 2.14556e-06
3.91682 1.4382 160 240 2.19045e-06
3.91757 1.4382 160 240 2.23376e-06
3.91832 1.4382 160 240 2.27498e-06
3.91907 1.4382 160 240 2.31358e-06
3.91982 1.4382 160 240 2.34905e-06
3.92057 1.4382 160 240 2.38087e-06
3.92132 1.4382 160 240 2.40857e-06
3.92207 1.4382 160 240 2.43172e-06
3.92282 1.4382 160 240 2.44995e-06
3.92357 1.4382 160 240 2.46297e-06
3.92432 1.4382 160 240 2.47058e-06
3.92507 1.4382 160 240 2.47269e-06
3.92582 1.4382 160 240 2.46929e-06
3.92657 1.4382 160 240 2.4605e-06
3.92732 1.4382 160 240 2.44651e-06
3.92807 1.4382 160 240 2.42763e-06
3.92882 1.4382 160 240 2.40423e-06
3.92957 1.4382 160 240 2.37675e-06
3.93032 1.4382 160 240 2.34567e-06
3.93107 1.4382 160 240 2.31153e-06
3.93182 1.4382 160 240 2.27485e-06
3.93257 1.4382 160 240 2.23617e-06
3.93332 1.4382 160 240 2.19603e-06
3.93407 1.4382 160 240 2.15491e-06
3.93482 1.4382 160 240 2.1133e-06
3.93557 1.4382 160 240 2.07163e-06
3.93632 1.4382 160 240 2.0303e-06
3.93707 1.4382 160 240 1.98967e-06
3.93782 1.4382 160 240 1.95002e-06
3.93857 1.4382 160 240 1.91164e-06
3.93932 1.4382 160 240 1.87479e-06
3.94007 1.4382 160 240 1.83959e-06
3.94082 1.4382 160 240 1.80624e-06
3.94157 1.4382 160 240 1.77486e-06
3.94232 1.4382 160 240 1.74555e-06
3.94307 1.4382 160 240 1.71838e-06
3.94382 1.4382 160 240 1.69343e-06
3.94457 1.4382 160 240 1.67071e-06
3.94532 1.4382 160 240 1.65024e-06
3.94607 1.4382 160 240 1.63205e-06
3.94682 1.4382 160 240 1.61611e-06
3.94757 1.4382 160 240 1.60242e-06
3.94832 1.4382 160 240 1.59094e-06
3.94907 1.4382 160 240 1.58163e-06
3.94982 1.4382 160 240 1.57445e-06
3.95058 1.4382 160 240 1.56934e-06
3.95133 1.4382 160 240 1.56623e-06
3.95208 1.4382 160 240 1.56503e-06
3.95283 1.4382 160 240 1.56567e-06
3.95358 1.4382 160 240 1.56803e-06
3.95433 1.4382 160 240 1.572e-06
3.95508 1.4382 160 240 1.57743e-06
3.95583 1.4382 160 240 1.58418e-06
3.95658 1.4382 160 240 1.59209e-06
3.95733 1.4382 160 240 1.60096e-06
3.95808 1.4382 160 240 1.6106e-06
3.95883 1.4382 160 240 1.62079e-06
3.95958 1.4382 160 240 1.63131e-06
3.96033 1.4382 160 240 1.6419e-06
3.96108 1.4382 160 240 1.65232e-06
3.96183 1.4382 160 240 1.66231e-06
3.96258 1.4382 160 240 1.67162e-06
3.96333 1.4382 160 240 1.67998e-06
3.96408 1.4382 160 240 1.68716e-06
3.96483 1.4382 160 240 1.69292e-06
3.96558 1.4382 160 240 1.69706e-06
3.96633 1.4382 160 240 1.69938e-06
3.96708 1.4382 160 240 1.69972e-06
3.96783 1.4382 160 240 1.69796e-06
3.96858 1.4382 160 240 1.69398e-06
3.96933 1.4382 160 240 1.68772e-06
3.97008 1.4382 160 240 1.67914e-06
3.97083 1.4382 160 240 1.66823e-06
3.97158 1.4382 160 240 1.65501e-06
3.97233 1.4382 160 240 1.63954e-06
3.97308 1.4382 160 240 1.62188e-06
3.97383 1.4382 160 240 1.60213e-06
3.97458 1.4382 160 240 1.58042e-06
3.97533 1.4382 160 240 1.55689e-06
3.97608 1.4382 160 240 1.53169e-06
3.97683 1.4382 160 240 1.50499e-06
3.97758 1.4382 160 240 1.47698e-06
3.97833 1.4382 160 240 1.44784e-06
3.97908 1.4382 160 240 1.41776e-06
3.97983 1.4382 160 240 1.38695e-06
3.98058 1.4382 160 240 1.35558e-06
3.98133 1.4382 160 240 1.32385e-06
3.98208 1.4382 160 240 1.29192e-06
3.98283 1.4382 160 240 1.25997e-06
3.98358 1.4382 160 240 1.22813e-06
3.98433 1.4382 160 240 1.19654e-06
3.98508 1.4382 160 240 1.16534e-06
3.98583 1.4382 160 240 1.13461e-06
3.98658 1.4382 160 240 1.10444e-06
3.98733 1.4382 160 240 1.07491e-06
3.98808 1.4382 160 240 1.04608e-06
3.98883 1.4382 160 240 1.01798e-06
3.98958 1.4382 160 240 9.9066e-07
3.99033 1.4382 160 240 9.64125e-07
3.99108 1.4382 160 240 9.38388e-07
3.99183 1.4382 160 240 9.13447e-07
3.99258 1.4382 160 240 8.89294e-07
3.99333 1.4382 160 240 8.65911e-07
3.99408 1.4382 160 240 8.4327e-07
3.99483 1.4382 160 240 8.21356e-07
3.99558 1.4382 160 240 8.00123e-07
3.99633 1.4382 160 240 7.79548e-07
3.99708 1.4382 160 240 7.59586e-07
3.99783 1.4382 160 240 7.40198e-07
3.99858 1.4382 160 240 7.21342e-07
3.99933 1.4382 160 240 7.02976e-07
4.00008 1.4382 160 240 6.85057e-07
4.00083 1.4382 160 240 6.67546e-07
4.00158 1.4382 160 240 6.50403e-07
4.00233 1.4382 160 240 6.33591e-07
4.00308 1.4382 160 240 6.17073e-07
4.00383 1.4382 160 240 6.0082e-07
4.00458 1.4382 160 240 5.84801e-07
4.00533 1.4382 160 240 5.68993e-07
4.00608 1.4382 160 240 5.53375e-07
4.00683 1.4382 160 240 5.37931e-07
4.00758 1.4382 160 240 5.22653e-07
4.00833 1.4382 160 240 5.07536e-07
4.00908 1.4382 160 240 4.92583e-07
4.00983 1.4382 160 240 4.77802e-07
4.01059 1.4382 160 240 4.63213e-07
4.01134 1.4382 160 240 4.48841e-07
4.01209 1.4382 160 240 4.34723e-07
4.01284 1.4382 160 240 4.20905e-07
4.01359 1.4382 160 240 4.07447e-07
4.01434 1.4382 160 240 3.94418e-07
4.01509 1.4382 160 240 3.819e-07
4.01584 1.4382 160 240 3.69987e-07
4.01659 1.4382 160 240 3.58785e-07
4.01734 1.4382 160 240 3.4841e-07
4.01809 1.4382 160 240 3.38972e-07
4.01884 1.4382 160 240 3.30626e-07
4.01959 1.4382 160 240 3.23487e-07
4.02034 1.4382 160 240 3.17681e-07
4.02109 1.4382 160 240 3.13325e-07
4.02184 1.4382 160 240 3.10518e-07
4.02259 1.4382 160 240 3.09358e-07
4.02334 1.4382 160 240 3.09857e-07
4.02409 1.4382 160 240 3.12053e-07
4.02484 1.4382 160 240 3.15924e-07
4.02559 1.4382 160 240 3.21409e-07
4.02634 1.4382 160 240 3.28406e-07
4.02709 1.4382 160 240 3.36771e-07
4.02784 1.4382 160 240 3.46329e-07
4.02859 1.4382 160 240 3.56873e-07
4.02934 1.4382 160 240 3.68177e-07
4.03009 1.4382 160 240 3.80002e-07
4.03084 1.4382 160 240 3.92108e-07
4.03159 1.4382 160 240 4.04263e-07
4.03234 1.4382 160 240 4.16251e-07
4.03309 1.4382 160 240 4.27879e-07
4.03384 1.4382 160 240 4.38983e-07
4.03459 1.4382 160 240 4.49413e-07
4.03534 1.4382 160 240 4.59108e-07
4.03609 1.4382 160 240 4.6798e-07
4.03684 1.4382 160 240 4.75992e-07
4.03759 1.4382 160 240 4.83139e-07
4.03834 1.4382 160 240 4.89426e-07
4.03909 1.4382 160 240 4.94913e-07
4.03984 1.4382 160 240 4.9964e-07
4.04059 1.4382 160 240 5.03676e-07
4.04134 1.4382 160 240 5.07095e-07
4.04209 1.4382 160 240 5.0998e-07
4.04284 1.4382 160 240 5.12418e-07
4.04359 1.4382 160 240 5.14496e-07
4.04434 1.4382 160 240 5.16303e-07
4.04509 1.4382 160 240 5.17928e-07
4.04584 1.4382 160 240 5.19457e-07
4.04659 1.4382 160 240 5.20974e-07
4.04734 1.4382 160 240 5.22564e-07
4.04809 1.4382 160 240 5.24304e-07
4.04884 1.4382 160 240 5.26273e-07
4.04959 1.4382 160 240 5.28544e-07
4.05034 1.4382 160 240 5.31185e-07
4.05109 1.4382 160 240 5.34262e-07
4.05184 1.4382 160 240 5.37835e-07
4.05259 1.4382 160 240 5.41957e-07
4.05334 1.4382 160 240 5.46676e-07
4.05409 1.4382 160 240 5.5203e-07
4.05484 1.4382 160 240 5.5805e-07
4.05559 1.4382 160 240 5.6476e-07
4.05634 1.4382 160 240 5.72173e-07
4.05709 1.4382 160 240 5.80295e-07
4.05784 1.4382 160 240 5.89124e-07
4.05859 1.4382 160 240 5.98653e-07
4.05934 1.4382 160 240 6.08885e-07
4.06009 1.4382 160 240 6.19771e-07
4.06084 1.4382 160 240 6.3131e-07
4.06159 1.4382 160 240 6.43486e-07
4.06234 1.4382 160 240 6.56286e-07
4.06309 1.4382 160 240 6.69699e-07
4.06384 1.4382 160 240 6.83721e-07
4.06459 1.4382 160 240 6.98352e-07
4.06534 1.4382 160 240 7.136e-07
4.06609 1.4382 160 240 7.29476e-07
4.06684 1.4382 160 240 7.45997e-07
4.06759 1.4382 160 240 7.63185e-07
4.06834 1.4382 160 240 7.81064e-07
4.06909 1.4382 160 240 7.99661e-07
4.06984 1.4382 160 240 8.19004e-07
4.0706 1.4382 160 240 8.39119e-07
4.07135 1.4382 160 240 8.60032e-07
4.0721 1.4382 160 240 8.81767e-07
4.07285 1.4382 160 240 9.04344e-07
4.0736 1.4382 160 240 9.27778e-07
4.07435 1.4382 160 240 9.52082e-07
4.0751 1.4382 160 240 9.7726e-07
4.07585 1.4382 160 240 1.00331e-06
4.0766 1.4382 160 240 1.03022e-06
4.07735 1.4382 160 240 1.05798e-06
4.0781 1.4382 160 240 1.08655e-06
4.07885 1.4382 160 240 1.11588e-06
4.0796 1.4382 160 240 1.14592e-06
4.08035 1.4382 160 240 1.1766e-06
4.0811 1.4382 160 240 1.20782e-06
4.08185 1.4382 160 240 1.23946e-06
4.0826 1.4382 160 240 1.27138e-06
4.08335 1.4382 160 240 1.30343e-06
4.0841 1.4382 160 240 1.33541e-06
4.08485 1.4382 160 240 1.36711e-06
4.0856 1.4382 160 240 1.3983e-06
4.08635 1.4382 160 240 1.42873e-06
4.0871 1.4382 160 240 1.45811e-06
4.08785 1.4382 160 240 1.48617e-06
4.0886 1.4382 160 240 1.51261e-06
4.08935 1.4382 160 240 1.53715e-06
4.0901 1.4382 160 240 1.55952e-06
4.09085 1.4382 160 240 1.5794e-06
4.0916 1.4382 160 240 1.59667e-06
4.09235 1.4382 160 240 1.6111e-06
4.0931 1.4382 160 240 1.62255e-06
4.09385 1.4382 160 240 1.63095e-06
4.0946 1.4382 160 240 1.63626e-06
4.09535 1.4382 160 240 1.63854e-06
4.0961 1.4382 160 240 1.63788e-06
4.09685 1.4382 160 240 1.63445e-06
4.0976 1.4382 160 240 1.62843e-06
4.09835 1.4382 160 240 1.6201e-06
4.0991 1.4382 160 240 1.60972e-06
4.09985 1.4382 160 240 1.59761e-06
4.1006 1.4382 160 240 1.58408e-06
4.10135 1.4382 160 240 1.56946e-06
4.1021 1.4382 160 240 1.55407e-06
4.10285 1.4382 160 240 1.53823e-06
4.1036 1.4382 160 240 1.52222e-06
4.10435 1.4382 160 240 1.50632e-06
4.1051 1.4382 160 240 1.49079e-06
4.10585 1.4382 160 240 1.47584e-06
4.1066 1.4382 160 240 1.46168e-06
4.10735 1.4382 160 240 1.44849e-06
4.1081 1.4382 160 240 1.43642e-06
4.10885 1.4382 160 240 1.42559e-06
4.1096 1.4382 160 240 1.41612e-06
4.11035 1.4382 160 240 1.4081e-06
4.1111 1.4382 160 240 1.4016e-06
4.11185 1.4382 160 240 1.39668e-06
4.1126 1.4382 160 240 1.39339e-06
4.11335 1.4382 160 240 1.39177e-06
4.1141 1.4382 160 240 1.39185e-06
4.11485 1.4382 160 240 1.39364e-06
4.1156 1.4382 160 240 1.39717e-06
4.11635 1.4382 160 240 1.40242e-06
4.1171 1.4382 160 240 1.40942e-06
4.11785 1.4382 160 240 1.41815e-06
4.1186 1.4382 160 240 1.42862e-06
4.11935 1.4382 160 240 1.44079e-06
4.1201 1.4382 160 240 1.45468e-06
4.12085 1.4382 160 240 1.47024e-06
4.1216 1.4382 160 240 1.48745e-06
4.12235 1.4382 160 240 1.50627e-06
4.1231 1.4382 160 240 1.52667e-06
4.12385 1.4382 160 240 1.54859e-06
4.1246 1.4382 160 240 1.57195e-06
4.12535 1.4382 160 240 1.59669e-06
4.1261 1.4382 160 240 1.6227e-06
4.12685 1.4382 160 240 1.64988e-06
4.1276 1.4382 160 240 1.67803e-06
4.12835 1.4382 160 240 1.70706e-06
4.1291 1.4382 160 240 1.73679e-06
4.12985 1.4382 160 240 1.76702e-06
4.13061 1.4382 160 240 1.79753e-06
4.13136 1.4382 160 240 1.82807e-06
4.13211 1.4382 160 240 1.85837e-06
4.13286 1.4382 160 240 1.88815e-06
4.13361 1.4382 160 240 1.9171e-06
4.13436 1.4382 160 240 1.94492e-06
4.13511 1.4382 160 240 1.9713e-06
4.13586 1.4382 160 240 1.99593e-06
4.13661 1.4382 160 240 2.01852e-06
4.13736 1.4382 160 240 2.0388e-06
4.13811 1.4382 160 240 2.05652e-06
4.13886 1.4382 160 240 2.0715e-06
4.13961 1.4382 160 240 2.08357e-06
4.14036 1.4382 160 240 2.09265e-06
4.14111 1.4382 160 240 2.09869e-06
4.14186 1.4382 160 240 2.1017e-06
4.14261 1.4382 160 240 2.10178e-06
4.14336 1.4382 160 240 2.09905e-06
4.14411 1.4382 160 240 2.09371e-06
4.14486 1.4382 160 240 2.08599e-06
4.14561 1.4382 160 240 2.07616e-06
4.14636 1.4382 160 240 2.06452e-06
4.14711 1.4382 160 240 2.05141e-06
4.14786 1.4382 160 240 2.03717e-06
4.14861 1.4382 160 240 2.02212e-06
4.14936 1.4382 160 240 2.00659e-06
4.15011 1.4382 160 240 1.99093e-06
4.15086 1.4382 160 240 1.97545e-06
4.15161 1.4382 160 240 1.96044e-06
4.15236 1.4382 160 240 1.94618e-06
4.15311 1.4382 160 240 1.93291e-06
4.15386 1.4382 160 240 1.92087e-06
4.15461 1.4382 160 240 1.91025e-06
4.15536 1.4382 160 240 1.90125e-06
4.15611 1.4382 160 240 1.89402e-06
4.15686 1.4382 160 240 1.88869e-06
4.15761 1.4382 160 240 1.88539e-06
4.15836 1.4382 160 240 1.88421e-06
4.15911 1.4382 160 240 1.88525e-06
4.15986 1.4382 160 240 1.88856e-06
4.16061 1.4382 160 240 1.89421e-06
4.16136 1.4382 160 240 1.90223e-06
4.16211 1.4382 160 240 1.91265e-06
4.16286 1.4382 160 240 1.92548e-06
4.16361 1.4382 160 240 1.94072e-06
4.16436 1.4382 160 240 1.95836e-06
4.16511 1.4382 160 240 1.97837e-06
4.16586 1.4382 160 240 2.0007e-06
4.16661 1.4382 160 240 2.0253e-06
4.16736 1.4382 160 240 2.05209e-06
4.16811 1.4382 160 240 2.08095e-06
4.16886 1.4382 160 240 2.11178e-06
4.16961 1.4382 160 240 2.14443e-06
4.17036 1.4382 160 240 2.17872e-06
4.17111 1.4382 160 240 2.21445e-06
4.17186 1.4382 160 240 2.25139e-06
4.17261 1.4382 160 240 2.28927e-06
4.17336 1.4382 160 240 2.3278e-06
4.17411 1.4382 160 240 2.36665e-06
4.17486 1.4382 160 240 2.40544e-06
4.17561 1.4382 160 240 2.44378e-06
4.17636 1.4382 160 240 2.48123e-06
4.17711 1.4382 160 240 2.51733e-06
4.17786 1.4382 160 240 2.55159e-06
4.17861 1.4382 160 240 2.58351e-06
4.17936 1.4382 160 240 2.61258e-06
4.18011 1.4382 160 240 2.6383e-06
4.18086 1.4382 160 240 2.66018e-06
4.18161 1.4382 160 240 2.67775e-06
4.18236 1.4382 160 240 2.6906e-06
4.18311 1.4382 160 240 2.69837e-06
4.18386 1.4382 160 240 2.70077e-06
4.18461 1.4382 160 240 2.69759e-06
4.18536 1.4382 160 240 2.68871e-06
4.18611 1.4382 160 240 2.67412e-06
4.18686 1.4382 160 240 2.65388e-06
4.18761 1.4382 160 240 2.62816e-06
4.18836 1.4382 160 240 2.59722e-06
4.18911 1.4382 160 240 2.56139e-06
4.18986 1.4382 160 240 2.52107e-06
4.19062 1.4382 160 240 2.47671e-06
4.19137 1.4382 160 240 2.4288e-06
4.19212 1.4382 160 240 2.37789e-06
4.19287 1.4382 160 240 2.32441e-06
4.19362 1.4382 160 240 2.26892e-06
4.19437 1.4382 160 240 2.21191e-06
4.19512 1.4382 160 240 2.15384e-06
4.19587 1.4382 160 240 2.09515e-06
4.19662 1.4382 160 240 2.03624e-06
4.19737 1.4382 160 240 1.97744e-06
4.19812 1.4382 160 240 1.91909e-06
4.19887 1.4382 160 240 1.86144e-06
4.19962 1.4382 160 240 1.80472e-06
4.20037 1.4382 160 240 1.74914e-06
4.20112 1.4382 160 240 1.69483e-06
4.20187 1.4382 160 240 1.64192e-06
4.20262 1.4382 160 240 1.5905e-06
4.20337 1.4382 160 240 1.54067e-06
4.20412 1.4382 160 240 1.4924e-06
4.20487 1.4382 160 240 1.44576e-06
4.20562 1.4382 160 240 1.40075e-06
4.20637 1.4382 160 240 1.35737e-06
4.20712 1.4382 160 240 1.31558e-06
4.20787 1.4382 160 240 1.27537e-06
4.20862 1.4382 160 240 1.2367e-06
4.20937 1.4382 160 240 1.19952e-06
4.21012 1.4382 160 240 1.16379e-06
4.21087 1.4382 160 240 1.12945e-06
4.21162 1.4382 160 240 1.09646e-06
4.21237 1.4382 160 240 1.06476e-06
4.21312 1.4382 160 240 1.0343e-06
4.21387 1.4382 160 240 1.00502e-06
4.21462 1.4382 160 240 9.76865e-07
4.21537 1.4382 160 240 9.49786e-07
4.21612 1.4382 160 240 9.23734e-07
4.21687 1.4382 160 240 8.98659e-07
4.21762 1.4382 160 240 8.74517e-07
4.21837 1.4382 160 240 8.51264e-07
4.21912 1.4382 160 240 8.28861e-07
4.21987 1.4382 160 240 8.07272e-07
4.22062 1.4382 160 240 7.86466e-07
4.22137 1.4382 160 240 7.66415e-07
4.22212 1.4382 160 240 7.47099e-07
4.22287 1.4382 160 240 7.28499e-07
4.22362 1.4382 160 240 7.10605e-07
4.22437 1.4382 160 240 6.93412e-07
4.22512 1.4382 160 240 6.76922e-07
4.22587 1.4382 160 240 6.61129e-07
4.22662 1.4382 160 240 6.46076e-07
4.22737 1.4382 160 240 6.31772e-07
4.22812 1.4382 160 240 6.18245e-07
4.22887 1.4382 160 240 6.05532e-07
4.22962 1.4382 160 240 5.93675e-07
4.23037 1.4382 160 240 5.82701e-07
4.23112 1.4382 160 240 5.72695e-07
4.23187 1.4382 160 240 5.63693e-07
4.23262 1.4382 160 240 5.55744e-07
4.23337 1.4382 160 240 5.48899e-07
4.23412 1.4382 160 240 5.432e-07
4.23487 1.4382 160 240 5.38681e-07
4.23562 1.4382 160 240 5.35365e-07
4.23637 1.4382 160 240 5.33263e-07
4.23712 1.4382 160 240 5.32368e-07
4.23787 1.4382 160 240 5.32654e-07
4.23862 1.4382 160 240 5.34081e-07
4.23937 1.4382 160 240 5.36586e-07
4.24012 1.4382 160 240 5.40092e-07
4.24087 1.4382 160 240 5.44505e-07
4.24162 1.4382 160 240 5.49721e-07
4.24237 1.4382 160 240 5.55625e-07
4.24312 1.4382 160 240 5.621e-07
4.24387 1.4382 160 240 5.69029e-07
4.24462 1.4382 160 240 5.76299e-07
4.24537 1.4382 160 240 5.83803e-07
4.24612 1.4382 160 240 5.91449e-07
4.24687 1.4382 160 240 5.99155e-07
4.24762 1.4382 160 240 6.06858e-07
4.24837 1.4382 160 240 6.14508e-07
4.24912 1.4382 160 240 6.22071e-07
4.24987 1.4382 160 240 6.29515e-07
4.25063 1.4382 160 240 6.36869e-07
4.25138 1.4382 160 240 6.44124e-07
4.25213 1.4382 160 240 6.51301e-07
4.25288 1.4382 160 240 6.58429e-07
4.25363 1.4382 160 240 6.65544e-07
4.25438 1.4382 160 240 6.72694e-07
4.25513 1.4382 160 240 6.79917e-07
4.25588 1.4382 160 240 6.87267e-07
4.25663 1.4382 160 240 6.94798e-07
4.25738 1.4382 160 240 7.02564e-07
4.25813 1.4382 160 240 7.10619e-07
4.25888 1.4382 160 240 7.1902e-07
4.25963 1.4382 160 240 7.27822e-07
4.26038 1.4382 160 240 7.3708e-07
4.26113 1.4382 160 240 7.4685e-07
4.26188 1.4382 160 240 7.57189e-07
4.26263 1.4382 160 240 7.68151e-07
4.26338 1.4382 160 240 7.79793e-07
4.26413 1.4382 160 240 7.92167e-07
4.26488 1.4382 160 240 8.05327e-07
4.26563 1.4382 160 240 8.19327e-07
4.26638 1.4382 160 240 8.34215e-07
4.26713 1.4382 160 240 8.50037e-07
4.26788 1.4382 160 240 8.66834e-07
4.26863 1.4382 160 240 8.84641e-07
4.26938 1.4382 160 240 9.03484e-07
4.27013 1.4382 160 240 9.23382e-07
4.27088 1.4382 160 240 9.44339e-07
4.27163 1.4382 160 240 9.66348e-07
4.27238 1.4382 160 240 9.89387e-07
4.27313 1.4382 160 240 1.01342e-06
4.27388 1.4382 160 240 1.03839e-06
4.27463 1.4382 160 240 1.06422e-06
4.27538 1.4382 160 240 1.09084e-06
4.27613 1.4382 160 240 1.11813e-06
4.27688 1.4382 160 240 1.14599e-06
4.27763 1.4382 160 240 1.17428e-06
4.27838 1.4382 160 240 1.20287e-06
4.27913 1.4382 160 240 1.23161e-06
4.27988 1.4382 160 240 1.26037e-06
4.28063 1.4382 160 240 1.28898e-06
4.28138 1.4382 160 240 1.31731e-06
4.28213 1.4382 160 240 1.34521e-06
4.28288 1.4382 160 240 1.37254e-06
4.28363 1.4382 160 240 1.39917e-06
4.28438 1.4382 160 240 1.42498e-06
4.28513 1.4382 160 240 1.44983e-06
4.28588 1.4382 160 240 1.47363e-06
4.28663 1.4382 160 240 1.49626e-06
4.28738 1.4382 160 240 1.5176e-06
4.28813 1.4382 160 240 1.53755e-06
4.28888 1.4382 160 240 1.55602e-06
4.28963 1.4382 160 240 1.57289e-06
4.29038 1.4382 160 240 1.58807e-06
4.29113 1.4382 160 240 1.60145e-06
4.29188 1.4382 160 240 1.61293e-06
4.29263 1.4382 160 240 1.62241e-06
4.29338 1.4382 160 240 1.6298e-06
4.29413 1.4382 160 240 1.635e-06
4.29488 1.4382 160 240 1.63795e-06
4.29563 1.4382 160 240 1.63857e-06
4.29638 1.4382 160 240 1.63685e-06
4.29713 1.4382 160 240 1.63275e-06
4.29788 1.4382 160 240 1.62627e-06
4.29863 1.4382 160 240 1.61745e-06
4.29938 1.4382 160 240 1.60634e-06
4.30013 1.4382 160 240 1.59304e-06
4.30088 1.4382 160 240 1.57765e-06
4.30163 1.4382 160 240 1.5603e-06
4.30238 1.4382 160 240 1.54114e-06
4.30313 1.4382 160 240 1.52034e-06
4.30388 1.4382 160 240 1.49808e-06
4.30463 1.4382 160 240 1.47454e-06
4.30538 1.4382 160 240 1.4499e-06
4.30613 1.4382 160 240 1.42435e-06
4.30688 1.4382 160 240 1.39807e-06
4.30763 1.4382 160 240 1.37121e-06
4.30838 1.4382 160 240 1.34394e-06
4.30913 1.4382 160 240 1.31641e-06
4.30988 1.4382 160 240 1.28875e-06
4.31064 1.4382 160 240 1.26108e-06
4.31139 1.4382 160 240 1.23352e-06
4.31214 1.4382 160 240 1.20616e-06
4.31289 1.4382 160 240 1.17907e-06
4.31364 1.4382 160 240 1.15234e-06
4.31439 1.4382 160 240 1.12604e-06
4.31514 1.4382 160 240 1.10022e-06
4.31589 1.4382 160 240 1.07493e-06
4.31664 1.4382 160 240 1.05021e-06
4.31739 1.4382 160 240 1.02611e-06
4.31814 1.4382 160 240 1.00266e-06
4.31889 1.4382 160 240 9.79872e-07
4.31964 1.4382 160 240 9.5778e-07
4.32039 1.4382 160 240 9.36397e-07
4.32114 1.4382 160 240 9.15735e-07
4.32189 1.4382 160 240 8.95803e-07
4.32264 1.4382 160 240 8.76604e-07
4.32339 1.4382 160 240 8.58139e-07
4.32414 1.4382 160 240 8.40405e-07
4.32489 1.4382 160 240 8.23396e-07
4.32564 1.4382 160 240 8.07102e-07
4.32639 1.4382 160 240 7.91512e-07
4.32714 1.4382 160 240 7.76612e-07
4.32789 1.4382 160 240 7.62385e-07
4.32864 1.4382 160 240 7.48813e-07
4.32939 1.4382 160 240 7.35876e-07
4.33014 1.4382 160 240 7.23555e-07
4.33089 1.4382 160 240 7.11826e-07
4.33164 1.4382 160 240 7.00667e-07
4.33239 1.4382 160 240 6.90054e-07
4.33314 1.4382 160 240 6.79959e-07
4.33389 1.4382 160 240 6.70364e-07
4.33464 1.4382 160 240 6.61242e-07
4.33539 1.4382 160 240 6.52565e-07
4.33614 1.4382 160 240 6.44309e-07
4.33689 1.4382 160 240 6.36446e-07
4.33764 1.4382 160 240 6.28953e-07
4.33839 1.4382 160 240 6.21802e-07
4.33914 1.4382 160 240 6.14968e-07
4.33989 1.4382 160 240 6.08426e-07
4.34064 1.4382 160 240 6.02154e-07
4.34139 1.4382 160 240 5.96128e-07
4.34214 1.4382 160 240 5.90328e-07
4.34289 1.4382 160 240 5.84736e-07
4.34364 1.4382 160 240 5.79337e-07
4.34439 1.4382 160 240 5.7412e-07
4.34514 1.4382 160 240 5.69077e-07
4.34589 1.4382 160 240 5.64206e-07
4.34664 1.4382 160 240 5.5951e-07
4.34739 1.4382 160 240 5.55e-07
4.34814 1.4382 160 240 5.5069e-07
4.34889 1.4382 160 240 5.46606e-07
4.34964 1.4382 160 240 5.42777e-07
4.35039 1.4382 160 240 5.39243e-07
4.35114 1.4382 160 240 5.36051e-07
4.35189 1.4382 160 240 5.33256e-07
4.35264 1.4382 160 240 5.30919e-07
4.35339 1.4382 160 240 5.29108e-07
4.35414 1.4382 160 240 5.27899e-07
4.35489 1.4382 160 240 5.27371e-07
4.35564 1.4382 160 240 5.27605e-07
4.35639 1.4382 160 240 5.28686e-07
4.35714 1.4382 160 240 5.30697e-07
4.35789 1.4382 160 240 5.33717e-07
4.35864 1.4382 160 240 5.3782e-07
4.35939 1.4382 160 240 5.4306e-07
4.36014 1.4382 160 240 5.49515e-07
4.36089 1.4382 160 240 5.57216e-07
4.36164 1.4382 160 240 5.66185e-07
4.36239 1.4382 160 240 5.76431e-07
4.36314 1.4382 160 240 5.87943e-07
4.36389 1.4382 160 240 6.00689e-07
4.36464 1.4382 160 240 6.1462e-07
4.36539 1.4382 160 240 6.2967e-07
4.36614 1.4382 160 240 6.45707e-07
4.36689 1.4382 160 240 6.62745e-07
4.36764 1.4382 160 240 6.8063e-07
4.36839 1.4382 160 240 6.99257e-07
4.36914 1.4382 160 240 7.18523e-07
4.36989 1.4382 160 240 7.3833e-07
4.37065 1.4382 160 240 7.58586e-07
4.3714 1.4382 160 240 7.7921e-07
4.37215 1.4382 160 240 8.00135e-07
4.3729 1.4382 160 240 8.21308e-07
4.37365 1.4382 160 240 8.42681e-07
4.3744 1.4382 160 240 8.64246e-07
4.37515 1.4382 160 240 8.85983e-07
4.3759 1.4382 160 240 9.07892e-07
4.37665 1.4382 160 240 9.29983e-07
4.3774 1.4382 160 240 9.52272e-07
4.37815 1.4382 160 240 9.74782e-07
4.3789 1.4382 160 240 9.97538e-07
4.37965 1.4382 160 240 1.02056e-06
4.3804 1.4382 160 240 1.04389e-06
4.38115 1.4382 160 240 1.06751e-06
4.3819 1.4382 160 240 1.09147e-06
4.38265 1.4382 160 240 1.11577e-06
4.3834 1.4382 160 240 1.1404e-06
4.38415 1.4382 160 240 1.16534e-06
4.3849 1.4382 160 240 1.19059e-06
4.38565 1.4382 160 240 1.2161e-06
4.3864 1.4382 160 240 1.24183e-06
4.38715 1.4382 160 240 1.26773e-06
4.3879 1.4382 160 240 1.29374e-06
4.38865 1.4382 160 240 1.31979e-06
4.3894 1.4382 160 240 1.3458e-06
4.39015 1.4382 160 240 1.37169e-06
4.3909 1.4382 160 240 1.39736e-06
4.39165 1.4382 160 240 1.42275e-06
4.3924 1.4382 160 240 1.44775e-06
4.39315 1.4382 160 240 1.47229e-06
4.3939 1.4382 160 240 1.49628e-06
4.39465 1.4382 160 240 1.51966e-06
4.3954 1.4382 160 240 1.54236e-06
4.39615 1.4382 160 240 1.56432e-06
4.3969 1.4382 160 240 1.58548e-06
4.39765 1.4382 160 240 1.60581e-06
4.3984 1.4382 160 240 1.62527e-06
4.39915 1.4382 160 240 1.6438e-06
4.3999 1.4382 160 240 1.66138e-06
4.40065 1.4382 160 240 1.67797e-06
4.4014 1.4382 160 240 1.69352e-06
4.40215 1.4382 160 240 1.70797e-06
4.4029 1.4382 160 240 1.72126e-06
4.40365 1.4382 160 240 1.73332e-06
4.4044 1.4382 160 240 1.74406e-06
4.40515 1.4382 160 240 1.75339e-06
4.4059 1.4382 160 240 1.7612e-06
4.40665 1.4382 160 240 1.76739e-06
4.4074 1.4382 160 240 1.77182e-06
4.40815 1.4382 160 240 1.7744e-06
4.4089 1.4382 160 240 1.77501e-06
4.40965 1.4382 160 240 1.77356e-06
4.4104 1.4382 160 240 1.76996e-06
4.41115 1.4382 160 240 1.76417e-06
4.4119 1.4382 160 240 1.75614e-06
4.41265 1.4382 160 240 1.74586e-06
4.4134 1.4382 160 240 1.73338e-06
4.41415 1.4382 160 240 1.71874e-06
4.4149 1.4382 160 240 1.70203e-06
4.41565 1.4382 160 240 1.68337e-06
4.4164 1.4382 160 240 1.6629e-06
4.41715 1.4382 160 240 1.64079e-06
4.4179 1.4382 160 240 1.61723e-06
4.41865 1.4382 160 240 1.5924e-06
4.4194 1.4382 160 240 1.56653e-06
4.42015 1.4382 160 240 1.53981e-06
4.4209 1.4382 160 240 1.51245e-06
4.42165 1.4382 160 240 1.48467e-06
4.4224 1.4382 160 240 1.45665e-06
4.42315 1.4382 160 240 1.42858e-06
4.4239 1.4382 160 240 1.40066e-06
4.42465 1.4382 160 240 1.37299e-06
4.4254 1.4382 160 240 1.34573e-06
4.42615 1.4382 160 240 1.31903e-06
4.4269 1.4382 160 240 1.293e-06
4.42765 1.4382 160 240 1.26772e-06
4.4284 1.4382 160 240 1.24327e-06
4.42915 1.4382 160 240 1.21973e-06
4.4299 1.4382 160 240 1.19713e-06
4.43066 1.4382 160 240 1.17554e-06
4.43141 1.4382 160 240 1.15497e-06
4.43216 1.4382 160 240 1.13544e-06
4.43291 1.4382 160 240 1.11697e-06
4.43366 1.4382 160 240 1.09955e-06
4.43441 1.4382 160 240 1.08319e-06
4.43516 1.4382 160 240 1.06786e-06
4.43591 1.4382 160 240 1.05355e-06
4.43666 1.4382 160 240 1.04023e-06
4.43741 1.4382 160 240 1.02787e-06
4.43816 1.4382 160 240 1.01643e-06
4.43891 1.4382 160 240 1.00588e-06
4.43966 1.4382 160 240 9.96148e-07
4.44041 1.4382 160 240 9.872e-07
4.44116 1.4382 160 240 9.78974e-07
4.44191 1.4382 160 240 9.71405e-07
4.44266 1.4382 160 240 9.64427e-07
4.44341 1.4382 160 240 9.57971e-07
4.44416 1.4382 160 240 9.51952e-07
4.44491 1.4382 160 240 9.46292e-07
4.44566 1.4382 160 240 9.40906e-07
4.44641 1.4382 160 240 9.35707e-07
4.44716 1.4382 160 240 9.30603e-07
4.44791 1.4382 160 240 9.25501e-07
4.44866 1.4382 160 240 9.20309e-07
4.44941 1.4382 160 240 9.14936e-07
4.45016 1.4382 160 240 9.09293e-07
4.45091 1.4382 160 240 9.03293e-07
4.45166 1.4382 160 240 8.96859e-07
4.45241 1.4382 160 240 8.89919e-07
4.45316 1.4382 160 240 8.8241e-07
4.45391 1.4382 160 240 8.7428e-07
4.45466 1.4382 160 240 8.6549e-07
4.45541 1.4382 160 240 8.56011e-07
4.45616 1.4382 160 240 8.45828e-07
4.45691 1.4382 160 240 8.3494e-07
4.45766 1.4382 160 240 8.23357e-07
4.45841 1.4382 160 240 8.11102e-07
4.45916 1.4382 160 240 7.98208e-07
4.45991 1.4382 160 240 7.8472e-07
4.46066 1.4382 160 240 7.70687e-07
4.46141 1.4382 160 240 7.56168e-07
4.46216 1.4382 160 240 7.41223e-07
4.46291 1.4382 160 240 7.25925e-07
4.46366 1.4382 160 240 7.10327e-07
4.46441 1.4382 160 240 6.94501e-07
4.46516 1.4382 160 240 6.78514e-07
4.46591 1.4382 160 240 6.62427e-07
4.46666 1.4382 160 240 6.46302e-07
4.46741 1.4382 160 240 6.30196e-07
4.46816 1.4382 160 240 6.14161e-07
4.46891 1.4382 160 240 5.98247e-07
4.46966 1.4382 160 240 5.82501e-07
4.47041 1.4382 160 240 5.66964e-07
4.47116 1.4382 160 240 5.51675e-07
4.47191 1.4382 160 240 5.36669e-07
4.47266 1.4382 160 240 5.21979e-07
4.47341 1.4382 160 240 5.07636e-07
4.47416 1.4382 160 240 4.93665e-07
4.47491 1.4382 160 240 4.80092e-07
4.47566 1.4382 160 240 4.6694e-07
4.47641 1.4382 160 240 4.54227e-07
4.47716 1.4382 160 240 4.41971e-07
4.47791 1.4382 160 240 4.30186e-07
4.47866 1.4382 160 240 4.18881e-07
4.47941 1.4382 160 240 4.08061e-07
4.48016 1.4382 160 240 3.97729e-07
4.48091 1.4382 160 240 3.87881e-07
4.48166 1.4382 160 240 3.78506e-07
4.48241 1.4382 160 240 3.6959e-07
4.48316 1.4382 160 240 3.61112e-07
4.48391 1.4382 160 240 3.53045e-07
4.48466 1.4382 160 240 3.45358e-07
4.48541 1.4382 160 240 3.38015e-07
4.48616 1.4382 160 240 3.30976e-07
4.48691 1.4382 160 240 3.24199e-07
4.48766 1.4382 160 240 3.17641e-07
4.48841 1.4382 160 240 3.11261e-07
4.48916 1.4382 160 240 3.05017e-07
4.48991 1.4382 160 240 2.98873e-07
4.49067 1.4382 160 240 2.92765e-07
4.49142 1.4382 160 240 2.86728e-07
4.49217 1.4382 160 240 2.80712e-07
4.49292 1.4382 160 240 2.74705e-07
4.49367 1.4382 160 240 2.68702e-07
4.49442 1.4382 160 240 2.62706e-07
4.49517 1.4382 160 240 2.56732e-07
4.49592 1.4382 160 240 2.50799e-07
4.49667 1.4382 160 240 2.44936e-07
4.49742 1.4382 160 240 2.39183e-07
4.49817 1.4382 160 240 2.33582e-07
4.49892 1.4382 160 240 2.28187e-07
4.49967 1.4382 160 240 2.23059e-07
4.50042 1.4382 160 240 2.18254e-07
4.50117 1.4382 160 240 2.13842e-07
4.50192 1.4382 160 240 2.09895e-07
4.50267 1.4382 160 240 2.06484e-07
4.50342 1.4382 160 240 2.03678e-07
4.50417 1.4382 160 240 2.01545e-07
4.50492 1.4382 160 240 2.00148e-07
4.50567 1.4382 160 240 1.9954e-07
4.50642 1.4382 160 240 1.99766e-07
4.50717 1.4382 160 240 2.00858e-07
4.50792 1.4382 160 240 2.02833e-07
4.50867 1.4382 160 240 2.05691e-07
4.50942 1.4382 160 240 2.09416e-07
4.51017 1.4382 160 240 2.13973e-07
4.51092 1.4382 160 240 2.19309e-07
4.51167 1.4382 160 240 2.25355e-07
4.51242 1.4382 160 240 2.32026e-07
4.51317 1.4382 160 240 2.39225e-07
4.51392 1.4382 160 240 2.46846e-07
4.51467 1.4382 160 240 2.54775e-07
4.51542 1.4382 160 240 2.62899e-07
4.51617 1.4382 160 240 2.71106e-07
4.51692 1.4382 160 240 2.79287e-07
4.51767 1.4382 160 240 2.87342e-07
4.51842 1.4382 160 240 2.95184e-07
4.51917 1.4382 160 240 3.02734e-07
4.51992 1.4382 160 240 3.09933e-07
4.52067 1.4382 160 240 3.16734e-07
4.52142 1.4382 160 240 3.23096e-07
4.52217 1.4382 160 240 3.29e-07
4.52292 1.4382 160 240 3.34438e-07
4.52367 1.4382 160 240 3.39412e-07
4.52442 1.4382 160 240 3.43932e-07
4.52517 1.4382 160 240 3.48018e-07
4.52592 1.4382 160 240 3.51696e-07
4.52667 1.4382 160 240 3.54994e-07
4.52742 1.4382 160 240 3.57946e-07
4.52817 1.4382 160 240 3.60588e-07
4.52892 1.4382 160 240 3.62954e-07
4.52967 1.4382 160 240 3.65082e-07
4.53042 1.4382 160 240 3.67006e-07
4.53117 1.4382 160 240 3.68762e-07
4.53192 1.4382 160 240 3.70382e-07
4.53267 1.4382 160 240 3.71897e-07
4.53342 1.4382 160 240 3.73336e-07
4.53417 1.4382 160 240 3.74726e-07
4.53492 1.4382 160 240 3.76092e-07
4.53567 1.4382 160 240 3.77458e-07
4.53642 1.4382 160 240 3.78843e-07
4.53717 1.4382 160 240 3.80268e-07
4.53792 1.4382 160 240 3.81754e-07
4.53867 1.4382 160 240 3.83307e-07
4.53942 1.4382 160 240 3.84949e-07
4.54017 1.4382 160 240 3.87221e-07
4.54092 1.4382 160 240 3.89059e-07
4.54167 1.4382 160 240 3.91035e-07
4.54242 1.4382 160 240 3.93131e-07
4.54317 1.4382 160 240 3.95372e-07
4.54392 1.4382 160 240 3.97768e-07
4.54467 1.4382 160 240 4.00328e-07
4.54542 1.4382 160 240 4.03061e-07
4.54617 1.4382 160 240 4.05976e-07
4.54692 1.4382 160 240 4.09082e-07
4.54767 1.4382 160 240 4.12388e-07
4.54842 1.4382 160 240 4.15903e-07
4.54917 1.4382 160 240 4.19633e-07
4.54992 1.4382 160 240 4.23589e-07
4.55068 1.4382 160 240 4.2778e-07
4.55143 1.4382 160 240 4.32215e-07
4.55218 1.4382 160 240 4.36902e-07
4.55293 1.4382 160 240 4.41852e-07
4.55368 1.4382 160 240 4.47072e-07
4.55443 1.4382 160 240 4.52572e-07
4.55518 1.4382 160 240 4.58361e-07
4.55593 1.4382 160 240 4.64447e-07
4.55668 1.4382 160 240 4.7084e-07
4.55743 1.4382 160 240 4.77547e-07
4.55818 1.4382 160 240 4.84579e-07
4.55893 1.4382 160 240 4.91944e-07
4.55968 1.4382 160 240 4.99651e-07
4.56043 1.4382 160 240 5.07709e-07
4.56118 1.4382 160 240 5.16127e-07
4.56193 1.4382 160 240 5.24916e-07
4.56268 1.4382 160 240 5.34086e-07
4.56343 1.4382 160 240 5.43652e-07
4.56418 1.4382 160 240 5.53619e-07
4.56493 1.4382 160 240 5.64004e-07
4.56568 1.4382 160 240 5.74819e-07
4.56643 1.4382 160 240 5.86083e-07
4.56718 1.4382 160 240 5.9781e-07
4.56793 1.4382 160 240 6.10018e-07
4.56868 1.4382 160 240 6.22725e-07
4.56943 1.4382 160 240 6.35952e-07
4.57018 1.4382 160 240 6.49718e-07
4.57093 1.4382 160 240 6.64046e-07
4.57168 1.4382 160 240 6.78958e-07
4.57243 1.4382 160 240 6.94479e-07
4.57318 1.4382 160 240 7.10632e-07
4.57393 1.4382 160 240 7.27443e-07
4.57468 1.4382 160 240 7.44937e-07
4.57543 1.4382 160 240 7.63139e-07
4.57618 1.4382 160 240 7.82077e-07
4.57693 1.4382 160 240 8.01774e-07
4.57768 1.4382 160 240 8.22258e-07
4.57843 1.4382 160 240 8.43552e-07
4.57918 1.4382 160 240 8.65681e-07
4.57993 1.4382 160 240 8.88667e-07
4.58068 1.4382 160 240 9.12529e-07
4.58143 1.4382 160 240 9.37287e-07
4.58218 1.4382 160 240 9.62956e-07
4.58293 1.4382 160 240 9.89547e-07
4.58368 1.4382 160 240 1.01707e-06
4.58443 1.4382 160 240 1.04552e-06
4.58518 1.4382 160 240 1.07489e-06
4.58593 1.4382 160 240 1.10518e-06
4.58668 1.4382 160 240 1.13637e-06
4.58743 1.4382 160 240 1.16842e-06
4.58818 1.4382 160 240 1.2013e-06
4.58893 1.4382 160 240 1.23494e-06
4.58968 1.4382 160 240 1.26929e-06
4.59043 1.4382 160 240 1.30427e-06
4.59118 1.4382 160 240 1.33977e-06
4.59193 1.4382 160 240 1.37568e-06
4.59268 1.4382 160 240 1.41187e-06
4.59343 1.4382 160 240 1.44819e-06
4.59418 1.4382 160 240 1.48446e-06
4.59493 1.4382 160 240 1.5205e-06
4.59568 1.4382 160 240 1.55609e-06
4.59643 1.4382 160 240 1.59102e-06
4.59718 1.4382 160 240 1.62503e-06
4.59793 1.4382 160 240 1.65786e-06
4.59868 1.4382 160 240 1.68927e-06
4.59943 1.4382 160 240 1.71896e-06
4.60018 1.4382 160 240 1.74667e-06
4.60093 1.4382 160 240 1.77214e-06
4.60168 1.4382 160 240 1.7951e-06
4.60243 1.4382 160 240 1.8153e-06
4.60318 1.4382 160 240 1.83254e-06
4.60393 1.4382 160 240 1.84662e-06
4.60468 1.4382 160 240 1.85738e-06
4.60543 1.4382 160 240 1.8647e-06
4.60618 1.4382 160 240 1.86852e-06
4.60693 1.4382 160 240 1.8688e-06
4.60768 1.4382 160 240 1.86555e-06
4.60843 1.4382 160 240 1.85884e-06
4.60918 1.4382 160 240 1.84878e-06
4.60993 1.4382 160 240 1.83551e-06
4.61069 1.4382 160 240 1.81924e-06
4.61144 1.4382 160 240 1.80015e-06
4.61219 1.4382 160 240 1.77851e-06
4.61294 1.4382 160 240 1.75457e-06
4.61369 1.4382 160 240 1.72862e-06
4.61444 1.4382 160 240 1.70094e-06
4.61519 1.4382 160 240 1.67181e-06
4.61594 1.4382 160 240 1.64151e-06
4.61669 1.4382 160 240 1.61032e-06
4.61744 1.4382 160 240 1.57849e-06
4.61819 1.4382 160 240 1.54626e-06
4.61894 1.4382 160 240 1.51387e-06
4.61969 1.4382 160 240 1.48151e-06
4.62044 1.4382 160 240 1.44937e-06
4.62119 1.4382 160 240 1.41762e-06
4.62194 1.4382 160 240 1.38639e-06
4.62269 1.4382 160 240 1.35581e-06
4.62344 1.4382 160 240 1.326e-06
4.62419 1.4382 160 240 1.29703e-06
4.62494 1.4382 160 240 1.26898e-06
4.62569 1.4382 160 240 1.24191e-06
4.62644 1.4382 160 240 1.21587e-06
4.62719 1.4382 160 240 1.1909e-06
4.62794 1.4382 160 240 1.16701e-06
4.62869 1.4382 160 240 1.14422e-06
4.62944 1.4382 160 240 1.12255e-06
4.63019 1.4382 160 240 1.102e-06
4.63094 1.4382 160 240 1.08255e-06
4.63169 1.4382 160 240 1.06422e-06
4.63244 1.4382 160 240 1.04699e-06
4.63319 1.4382 160 240 1.03083e-06
4.63394 1.4382 160 240 1.01574e-06
4.63469 1.4382 160 240 1.0017e-06
4.63544 1.4382 160 240 9.88677e-07
4.63619 1.4382 160 240 9.76665e-07
4.63694 1.4382 160 240 9.65637e-07
4.63769 1.4382 160 240 9.5557e-07
4.63844 1.4382 160 240 9.46441e-07
4.63919 1.4382 160 240 9.38227e-07
4.63994 1.4382 160 240 9.30904e-07
4.64069 1.4382 160 240 9.24446e-07
4.64144 1.4382 160 240 9.18832e-07
4.64219 1.4382 160 240 9.14036e-07
4.64294 1.4382 160 240 9.10036e-07
4.64369 1.4382 160 240 9.06806e-07
4.64444 1.4382 160 240 9.04327e-07
4.64519 1.4382 160 240 9.02571e-07
4.64594 1.4382 160 240 9.01517e-07
4.64669 1.4382 160 240 9.01146e-07
4.64744 1.4382 160 240 9.01435e-07
4.64819 1.4382 160 240 9.02367e-07
4.64894 1.4382 160 240 9.03924e-07
4.64969 1.4382 160 240 9.0609e-07
4.65044 1.4382 160 240 9.08851e-07
4.65119 1.4382 160 240 9.12198e-07
4.65194 1.4382 160 240 9.16121e-07
4.65269 1.4382 160 240 9.20617e-07
4.65344 1.4382 160 240 9.25682e-07
4.65419 1.4382 160 240 9.31319e-07
4.65494 1.4382 160 240 9.37532e-07
4.65569 1.4382 160 240 9.4433e-07
4.65644 1.4382 160 240 9.51726e-07
4.65719 1.4382 160 240 9.59733e-07
4.65794 1.4382 160 240 9.68369e-07
4.65869 1.4382 160 240 9.77655e-07
4.65944 1.4382 160 240 9.87612e-07
4.66019 1.4382 160 240 9.98264e-07
4.66094 1.4382 160 240 1.00963e-06
4.66169 1.4382 160 240 1.02175e-06
4.66244 1.4382 160 240 1.03463e-06
4.66319 1.4382 160 240 1.04829e-06
4.66394 1.4382 160 240 1.06277e-06
4.66469 1.4382 160 240 1.07807e-06
4.66544 1.4382 160 240 1.0942e-06
4.66619 1.4382 160 240 1.11118e-06
4.66694 1.4382 160 240 1.129e-06
4.66769 1.4382 160 240 1.14767e-06
4.66844 1.4382 160 240 1.16716e-06
4.66919 1.4382 160 240 1.18747e-06
4.66994 1.4382 160 240 1.20855e-06
4.6707 1.4382 160 240 1.23037e-06
4.67145 1.4382 160 240 1.25287e-06
4.6722 1.4382 160 240 1.27598e-06
4.67295 1.4382 160 240 1.29964e-06
4.6737 1.4382 160 240 1.32375e-06
4.67445 1.4382 160 240 1.34819e-06
4.6752 1.4382 160 240 1.37284e-06
4.67595 1.4382 160 240 1.39757e-06
4.6767 1.4382 160 240 1.42222e-06
4.67745 1.4382 160 240 1.44662e-06
4.6782 1.4382 160 240 1.47059e-06
4.67895 1.4382 160 240 1.49394e-06
4.6797 1.4382 160 240 1.51644e-06
4.68045 1.4382 160 240 1.5379e-06
4.6812 1.4382 160 240 1.55809e-06
4.68195 1.4382 160 240 1.57679e-06
4.6827 1.4382 160 240 1.59378e-06
4.68345 1.4382 160 240 1.60885e-06
