0.5 1.82408 0 185 9.98379e-07
0.50075 1.82408 0 185 1.02121e-06
0.5015 1.82408 0 185 1.04453e-06
0.50225 1.82408 0 185 1.06938e-06
0.503001 1.82408 0 185 1.09534e-06
0.503751 1.82408 0 185 1.12199e-06
0.504501 1.82408 0 185 1.15027e-06
0.505251 1.82408 0 185 1.17977e-06
0.506001 1.82408 0 185 1.2105e-06
0.506751 1.82408 0 185 1.24281e-06
0.507501 1.82408 0 185 1.27722e-06
0.508251 1.82408 0 185 1.31286e-06
0.509002 1.82408 0 185 1.35065e-06
0.509752 1.82408 0 185 1.39047e-06
0.510502 1.82408 0 185 1.4324e-06
0.511252 1.82408 0 185 1.47652e-06
0.512002 1.82408 0 185 1.52334e-06
0.512752 1.82408 0 185 1.57281e-06
0.513502 1.82408 0 185 1.62538e-06
0.514252 1.82408 0 185 1.68103e-06
0.515003 1.82408 0 185 1.74042e-06
0.515753 1.82408 0 185 1.80424e-06
0.516503 1.82408 0 185 1.87097e-06
0.517253 1.82408 0 185 1.94232e-06
0.518003 1.82408 0 185 2.01943e-06
0.518753 1.82408 0 185 2.1023e-06
0.519503 1.82408 0 185 2.18995e-06
0.520253 1.82408 0 185 2.28438e-06
0.521004 1.82408 0 185 2.38589e-06
0.521754 1.82408 0 185 2.4971e-06
0.522504 1.82408 0 185 2.61508e-06
0.523254 1.82408 0 185 2.74346e-06
0.524004 1.82408 0 185 2.88264e-06
0.524754 1.82408 0 185 3.03494e-06
0.525504 1.82408 0 185 3.19927e-06
0.526254 1.82408 0 185 3.37845e-06
0.527005 1.82408 0 185 3.57661e-06
0.527755 1.82408 0 185 3.79221e-06
0.528505 1.82408 0 185 4.02932e-06
0.529255 1.82408 0 185 4.2891e-06
0.530005 1.82408 0 185 4.57907e-06
0.530755 1.82408 0 185 4.89954e-06
0.531505 1.82408 0 185 5.252e-06
0.532255 1.82408 0 185 5.64295e-06
0.533006 1.82408 0 185 6.08147e-06
0.533756 1.82408 0 185 6.56916e-06
0.534506 1.82408 0 185 7.10835e-06
0.535256 1.82408 0 185 7.70787e-06
0.536006 1.82408 0 185 8.37005e-06
0.536756 1.82408 0 185 9.09556e-06
0.537506 1.82408 0 185 9.87852e-06
0.538256 1.82408 0 185 1.06923e-05
0.539007 1.82408 0 185 1.15115e-05
0.539757 1.82408 0 185 1.22497e-05
0.540507 1.82408 0 185 1.27472e-05
0.541257 1.82408 0 185 1.27379e-05
0.542007 1.82408 0 185 1.17655e-05
0.542757 1.82408 0 185 9.03393e-06
0.543507 1.82408 0 185 3.3531e-06
0.544257 1.82408 0 185 -6.80068e-06
0.545008 1.82408 0 185 -2.2582e-05
0.545758 1.82408 0 185 -4.30486e-05
0.546508 1.82408 0 185 -6.29285e-05
0.547258 1.82408 0 185 -7.34633e-05
0.548008 1.82408 0 185 -6.90785e-05
0.548758 1.82408 0 185 -5.31301e-05
0.549508 1.82408 0 185 -3.37898e-05
0.550258 1.82408 0 185 -1.74492e-05
0.551009 1.82408 0 185 -6.02443e-06
0.551759 1.82408 0 185 1.02255e-06
0.552509 1.82408 0 185 4.96574e-06
0.553259 1.82408 0 185 6.9484e-06
0.554009 1.82408 0 185 7.76413e-06
0.554759 1.82408 0 185 7.90434e-06
0.555509 1.82408 0 185 7.6853e-06
0.556259 1.82408 0 185 7.29104e-06
0.55701 1.82408 0 185 6.81672e-06
0.55776 1.82408 0 185 6.32181e-06
0.55851 1.82408 0 185 5.83565e-06
0.55926 1.82408 0 185 5.37667e-06
0.56001 1.82408 0 185 4.95241e-06
0.56076 1.82408 0 185 4.56273e-06
0.56151 1.82408 0 185 4.20793e-06
0.56226 1.82408 0 185 3.88777e-06
0.563011 1.82408 0 185 3.59678e-06
0.563761 1.82408 0 185 3.33431e-06
0.564511 1.82408 0 185 3.09784e-06
0.565261 1.82408 0 185 2.8833e-06
0.566011 1.82408 0 185 2.68923e-06
0.566761 1.82408 0 185 2.51312e-06
0.567511 1.82408 0 185 2.35321e-06
0.568261 1.82408 0 185 2.208e-06
0.569012 1.82408 0 185 2.07596e-06
0.569762 1.82408 0 185 1.95505e-06
0.570512 1.82408 0 185 1.84437e-06
0.571262 1.82408 0 185 1.74284e-06
0.572012 1.82408 0 185 1.65041e-06
0.572762 1.82408 0 185 1.56505e-06
0.573512 1.82408 0 185 1.4861e-06
0.574262 1.82408 0 185 1.41372e-06
0.575013 1.82408 0 185 1.34659e-06
0.575763 1.82408 0 185 1.28471e-06
0.576513 1.82408 0 185 1.22707e-06
0.577263 1.82408 0 185 1.17385e-06
0.578013 1.82408 0 185 1.12451e-06
0.578763 1.82408 0 185 1.07859e-06
0.579513 1.82408 0 185 1.0357e-06
0.580263 1.82408 0 185 9.95694e-07
0.581014 1.82408 0 185 9.58139e-07
0.581764 1.82408 0 185 9.23308e-07
0.582514 1.82408 0 185 8.90615e-07
0.583264 1.82408 0 185 8.60121e-07
0.584014 1.82408 0 185 8.31532e-07
0.584764 1.82408 0 185 8.0442e-07
0.585514 1.82408 0 185 7.79136e-07
0.586264 1.82408 0 185 7.55267e-07
0.587015 1.82408 0 185 7.32992e-07
0.587765 1.82408 0 185 7.11991e-07
0.588515 1.82408 0 185 6.91982e-07
0.589265 1.82408 0 185 6.733e-07
0.590015 1.82408 0 185 6.55636e-07
0.590765 1.82408 0 185 6.38775e-07
0.591515 1.82408 0 185 6.22967e-07
0.592265 1.82408 0 185 6.08018e-07
0.593016 1.82408 0 185 5.93986e-07
0.593766 1.82408 0 185 5.80473e-07
0.594516 1.82408 0 185 5.67885e-07
0.595266 1.82408 0 185 5.55752e-07
0.596016 1.82408 0 185 5.44232e-07
0.596766 1.82408 0 185 5.33378e-07
0.597516 1.82408 0 185 5.23203e-07
0.598266 1.82408 0 185 5.13497e-07
0.599017 1.82408 0 185 5.04062e-07
0.599767 1.82408 0 185 4.95301e-07
0.600517 1.82408 0 185 4.8685e-07
0.601267 1.82408 0 185 4.78875e-07
0.602017 1.82408 0 185 4.71184e-07
0.602767 1.82408 0 185 4.63954e-07
0.603517 1.82408 0 185 4.57004e-07
0.604267 1.82408 0 185 4.50548e-07
0.605018 1.82408 0 185 4.44347e-07
0.605768 1.82408 0 185 4.38342e-07
0.606518 1.82408 0 185 4.32627e-07
0.607268 1.82408 0 185 4.27182e-07
0.608018 1.82408 0 185 4.22055e-07
0.608768 1.82408 0 185 4.1713e-07
0.609518 1.82408 0 185 4.12517e-07
0.610268 1.82408 0 185 4.08012e-07
0.611019 1.82408 0 185 4.03762e-07
0.611769 1.82408 0 185 3.99699e-07
0.612519 1.82408 0 185 3.95767e-07
0.613269 1.82408 0 185 3.92077e-07
0.614019 1.82408 0 185 3.88596e-07
0.614769 1.82408 0 185 3.85286e-07
0.615519 1.82408 0 185 3.82042e-07
0.616269 1.82408 0 185 3.79023e-07
0.61702 1.82408 0 185 3.76175e-07
0.61777 1.82408 0 185 3.73363e-07
0.61852 1.82408 0 185 3.70705e-07
0.61927 1.82408 0 185 3.68218e-07
0.62002 1.82408 0 185 3.6583e-07
0.62077 1.82408 0 185 3.63644e-07
0.62152 1.82408 0 185 3.61468e-07
0.62227 1.82408 0 185 3.5946e-07
0.623021 1.82408 0 185 3.57505e-07
0.623771 1.82408 0 185 3.55646e-07
0.624521 1.82408 0 185 3.53907e-07
0.625271 1.82408 0 185 3.52305e-07
0.626021 1.82408 0 185 3.50732e-07
0.626771 1.82408 0 185 3.4933e-07
0.627521 1.82408 0 185 3.47951e-07
0.628271 1.82408 0 185 3.46638e-07
0.629022 1.82408 0 185 3.45415e-07
0.629772 1.82408 0 185 3.4427e-07
0.630522 1.82408 0 185 3.43183e-07
0.631272 1.82408 0 185 3.42185e-07
0.632022 1.82408 0 185 3.4124e-07
0.632772 1.82408 0 185 3.40433e-07
0.633522 1.82408 0 185 3.39636e-07
0.634272 1.82408 0 185 3.38901e-07
0.635023 1.82408 0 185 3.38215e-07
0.635773 1.82408 0 185 3.37577e-07
0.636523 1.82408 0 185 3.37e-07
0.637273 1.82408 0 185 3.36512e-07
0.638023 1.82408 0 185 3.36047e-07
0.638773 1.82408 0 185 3.35696e-07
0.639523 1.82408 0 185 3.35334e-07
0.640273 1.82408 0 185 3.35036e-07
0.641024 1.82408 0 185 3.34788e-07
0.641774 1.82408 0 185 3.34571e-07
0.642524 1.82408 0 185 3.34402e-07
0.643274 1.82408 0 185 3.34299e-07
0.644024 1.82408 0 185 3.34217e-07
0.644774 1.82408 0 185 3.34232e-07
0.645524 1.82408 0 185 3.34243e-07
0.646274 1.82408 0 185 3.34299e-07
0.647025 1.82408 0 185 3.34405e-07
0.647775 1.82408 0 185 3.34522e-07
0.648525 1.82408 0 185 3.34688e-07
0.649275 1.82408 0 185 3.34904e-07
0.650025 1.82408 0 185 3.35146e-07
0.650775 1.82408 0 185 3.35481e-07
0.651525 1.82408 0 185 3.35787e-07
0.652275 1.82408 0 185 3.36148e-07
0.653026 1.82408 0 185 3.3653e-07
0.653776 1.82408 0 185 3.3695e-07
0.654526 1.82408 0 185 3.37406e-07
0.655276 1.82408 0 185 3.3789e-07
0.656026 1.82408 0 185 3.38416e-07
0.656776 1.82408 0 185 3.38961e-07
0.657526 1.82408 0 185 3.39594e-07
0.658276 1.82408 0 185 3.40205e-07
0.659027 1.82408 0 185 3.40846e-07
0.659777 1.82408 0 185 3.41536e-07
0.660527 1.82408 0 185 3.42233e-07
0.661277 1.82408 0 185 3.42965e-07
0.662027 1.82408 0 185 3.43727e-07
0.662777 1.82408 0 185 3.44525e-07
0.663527 1.82408 0 185 3.45385e-07
0.664277 1.82408 0 185 3.46239e-07
0.665028 1.82408 0 185 3.4713e-07
0.665778 1.82408 0 185 3.48038e-07
0.666528 1.82408 0 185 3.48977e-07
0.667278 1.82408 0 185 3.49933e-07
0.668028 1.82408 0 185 3.50927e-07
0.668778 1.82408 0 185 3.51949e-07
0.669528 1.82408 0 185 3.53004e-07
0.670278 1.82408 0 185 3.54106e-07
0.671029 1.82408 0 185 3.55213e-07
0.671779 1.82408 0 185 3.56343e-07
0.672529 1.82408 0 185 3.57505e-07
0.673279 1.82408 0 185 3.58689e-07
0.674029 1.82408 0 185 3.59896e-07
0.674779 1.82408 0 185 3.61136e-07
0.675529 1.82408 0 185 3.62403e-07
0.676279 1.82408 0 185 3.63697e-07
0.67703 1.82408 0 185 3.65036e-07
0.67778 1.82408 0 185 3.66392e-07
0.67853 1.82408 0 185 3.67767e-07
0.67928 1.82408 0 185 3.6917e-07
0.68003 1.82408 0 185 3.70599e-07
0.68078 1.82408 0 185 3.7205e-07
0.68153 1.82408 0 185 3.73531e-07
0.68228 1.82408 0 185 3.75042e-07
0.683031 1.82408 0 185 3.76581e-07
0.683781 1.82408 0 185 3.78163e-07
0.684531 1.82408 0 185 3.79765e-07
0.685281 1.82408 0 185 3.81385e-07
0.686031 1.82408 0 185 3.83032e-07
0.686781 1.82408 0 185 3.8471e-07
0.687531 1.82408 0 185 3.86413e-07
0.688281 1.82408 0 185 3.88146e-07
0.689032 1.82408 0 185 3.89908e-07
0.689782 1.82408 0 185 3.91697e-07
0.690532 1.82408 0 185 3.93517e-07
0.691282 1.82408 0 185 3.95377e-07
0.692032 1.82408 0 185 3.97263e-07
0.692782 1.82408 0 185 3.99171e-07
0.693532 1.82408 0 185 4.01108e-07
0.694282 1.82408 0 185 4.03076e-07
0.695033 1.82408 0 185 4.05072e-07
0.695783 1.82408 0 185 4.071e-07
0.696533 1.82408 0 185 4.09159e-07
0.697283 1.82408 0 185 4.11249e-07
0.698033 1.82408 0 185 4.13378e-07
0.698783 1.82408 0 185 4.15538e-07
0.699533 1.82408 0 185 4.17724e-07
0.700283 1.82408 0 185 4.1994e-07
0.701034 1.82408 0 185 4.22192e-07
0.701784 1.82408 0 185 4.24475e-07
0.702534 1.82408 0 185 4.26791e-07
0.703284 1.82408 0 185 4.29142e-07
0.704034 1.82408 0 185 4.31525e-07
0.704784 1.82408 0 185 4.33947e-07
0.705534 1.82408 0 185 4.36404e-07
0.706284 1.82408 0 185 4.389e-07
0.707035 1.82408 0 185 4.41426e-07
0.707785 1.82408 0 185 4.43987e-07
0.708535 1.82408 0 185 4.46587e-07
0.709285 1.82408 0 185 4.49224e-07
0.710035 1.82408 0 185 4.51897e-07
0.710785 1.82408 0 185 4.54607e-07
0.711535 1.82408 0 185 4.57359e-07
0.712285 1.82408 0 185 4.60151e-07
0.713036 1.82408 0 185 4.62978e-07
0.713786 1.82408 0 185 4.65854e-07
0.714536 1.82408 0 185 4.68765e-07
0.715286 1.82408 0 185 4.71717e-07
0.716036 1.82408 0 185 4.74712e-07
0.716786 1.82408 0 185 4.7775e-07
0.717536 1.82408 0 185 4.8083e-07
0.718286 1.82408 0 185 4.83954e-07
0.719037 1.82408 0 185 4.87124e-07
0.719787 1.82408 0 185 4.90341e-07
0.720537 1.82408 0 185 4.93591e-07
0.721287 1.82408 0 185 4.96897e-07
0.722037 1.82408 0 185 5.00258e-07
0.722787 1.82408 0 185 5.03659e-07
0.723537 1.82408 0 185 5.07112e-07
0.724287 1.82408 0 185 5.10612e-07
0.725038 1.82408 0 185 5.14165e-07
0.725788 1.82408 0 185 5.17769e-07
0.726538 1.82408 0 185 5.21423e-07
0.727288 1.82408 0 185 5.25132e-07
0.728038 1.82408 0 185 5.28893e-07
0.728788 1.82408 0 185 5.32696e-07
0.729538 1.82408 0 185 5.36573e-07
0.730288 1.82408 0 185 5.40501e-07
0.731039 1.82408 0 185 5.44489e-07
0.731789 1.82408 0 185 5.48531e-07
0.732539 1.82408 0 185 5.52636e-07
0.733289 1.82408 0 185 5.56803e-07
0.734039 1.82408 0 185 5.61031e-07
0.734789 1.82408 0 185 5.65323e-07
0.735539 1.82408 0 185 5.69674e-07
0.736289 1.82408 0 185 5.74093e-07
0.73704 1.82408 0 185 5.7856e-07
0.73779 1.82408 0 185 5.83115e-07
0.73854 1.82408 0 185 5.8773e-07
0.73929 1.82408 0 185 5.92424e-07
0.74004 1.82408 0 185 5.97183e-07
0.74079 1.82408 0 185 6.02022e-07
0.74154 1.82408 0 185 6.06933e-07
0.74229 1.82408 0 185 6.11916e-07
0.743041 1.82408 0 185 6.16975e-07
0.743791 1.82408 0 185 6.22115e-07
0.744541 1.82408 0 185 6.27306e-07
0.745291 1.82408 0 185 6.32609e-07
0.746041 1.82408 0 185 6.37993e-07
0.746791 1.82408 0 185 6.43456e-07
0.747541 1.82408 0 185 6.49013e-07
0.748291 1.82408 0 185 6.54655e-07
0.749042 1.82408 0 185 6.60386e-07
0.749792 1.82408 0 185 6.66207e-07
0.750542 1.82408 0 185 6.72121e-07
0.751292 1.82408 0 185 6.78137e-07
0.752042 1.82408 0 185 6.8425e-07
0.752792 1.82408 0 185 6.9046e-07
0.753542 1.82408 0 185 6.9673e-07
0.754292 1.82408 0 185 7.03136e-07
0.755043 1.82408 0 185 7.09654e-07
0.755793 1.82408 0 185 7.16282e-07
0.756543 1.82408 0 185 7.23018e-07
0.757293 1.82408 0 185 7.29866e-07
0.758043 1.82408 0 185 7.36832e-07
0.758793 1.82408 0 185 7.43912e-07
0.759543 1.82408 0 185 7.51113e-07
0.760293 1.82408 0 185 7.58441e-07
0.761044 1.82408 0 185 7.65893e-07
0.761794 1.82408 0 185 7.73407e-07
0.762544 1.82408 0 185 7.81118e-07
0.763294 1.82408 0 185 7.88958e-07
0.764044 1.82408 0 185 7.96942e-07
0.764794 1.82408 0 185 8.05057e-07
0.765544 1.82408 0 185 8.13316e-07
0.766294 1.82408 0 185 8.21731e-07
0.767045 1.82408 0 185 8.30287e-07
0.767795 1.82408 0 185 8.38992e-07
0.768545 1.82408 0 185 8.47872e-07
0.769295 1.82408 0 185 8.56899e-07
0.770045 1.82408 0 185 8.66101e-07
0.770795 1.82408 0 185 8.75395e-07
0.771545 1.82408 0 185 8.84933e-07
0.772295 1.82408 0 185 8.94635e-07
0.773046 1.82408 0 185 9.04531e-07
0.773796 1.82408 0 185 9.14597e-07
0.774546 1.82408 0 185 9.2487e-07
0.775296 1.82408 0 185 9.35349e-07
0.776046 1.82408 0 185 9.46015e-07
0.776796 1.82408 0 185 9.56876e-07
0.777546 1.82408 0 185 9.67961e-07
0.778296 1.82408 0 185 9.79256e-07
0.779047 1.82408 0 185 9.90774e-07
0.779797 1.82408 0 185 1.00243e-06
0.780547 1.82408 0 185 1.01441e-06
0.781297 1.82408 0 185 1.0266e-06
0.782047 1.82408 0 185 1.03906e-06
0.782797 1.82408 0 185 1.05177e-06
0.783547 1.82408 0 185 1.06474e-06
0.784297 1.82408 0 185 1.07799e-06
0.785048 1.82408 0 185 1.0915e-06
0.785798 1.82408 0 185 1.10527e-06
0.786548 1.82408 0 185 1.11935e-06
0.787298 1.82408 0 185 1.13372e-06
0.788048 1.82408 0 185 1.14841e-06
0.788798 1.82408 0 185 1.16328e-06
0.789548 1.82408 0 185 1.17859e-06
0.790298 1.82408 0 185 1.1942e-06
0.791049 1.82408 0 185 1.21018e-06
0.791799 1.82408 0 185 1.22652e-06
0.792549 1.82408 0 185 1.24321e-06
0.793299 1.82408 0 185 1.26026e-06
0.794049 1.82408 0 185 1.27769e-06
0.794799 1.82408 0 185 1.29553e-06
0.795549 1.82408 0 185 1.31379e-06
0.796299 1.82408 0 185 1.33244e-06
0.79705 1.82408 0 185 1.35154e-06
0.7978 1.82408 0 185 1.37092e-06
0.79855 1.82408 0 185 1.3909e-06
0.7993 1.82408 0 185 1.41137e-06
0.80005 1.82408 0 185 1.43226e-06
0.8008 1.82408 0 185 1.45372e-06
0.80155 1.82408 0 185 1.47569e-06
0.8023 1.82408 0 185 1.49818e-06
0.803051 1.82408 0 185 1.52123e-06
0.803801 1.82408 0 185 1.54486e-06
0.804551 1.82408 0 185 1.56907e-06
0.805301 1.82408 0 185 1.59388e-06
0.806051 1.82408 0 185 1.61933e-06
0.806801 1.82408 0 185 1.64544e-06
0.807551 1.82408 0 185 1.672e-06
0.808301 1.82408 0 185 1.69946e-06
0.809052 1.82408 0 185 1.72768e-06
0.809802 1.82408 0 185 1.75654e-06
0.810552 1.82408 0 185 1.78625e-06
0.811302 1.82408 0 185 1.81674e-06
0.812052 1.82408 0 185 1.84807e-06
0.812802 1.82408 0 185 1.88026e-06
0.813552 1.82408 0 185 1.91334e-06
0.814302 1.82408 0 185 1.94733e-06
0.815053 1.82408 0 185 1.9823e-06
0.815803 1.82408 0 185 2.01825e-06
0.816553 1.82408 0 185 2.05524e-06
0.817303 1.82408 0 185 2.09304e-06
0.818053 1.82408 0 185 2.1322e-06
0.818803 1.82408 0 185 2.17254e-06
0.819553 1.82408 0 185 2.21396e-06
0.820303 1.82408 0 185 2.25675e-06
0.821054 1.82408 0 185 2.30082e-06
0.821804 1.82408 0 185 2.34624e-06
0.822554 1.82408 0 185 2.39309e-06
0.823304 1.82408 0 185 2.44142e-06
0.824054 1.82408 0 185 2.49128e-06
0.824804 1.82408 0 185 2.54268e-06
0.825554 1.82408 0 185 2.59578e-06
0.826304 1.82408 0 185 2.65066e-06
0.827055 1.82408 0 185 2.70735e-06
0.827805 1.82408 0 185 2.76547e-06
0.828555 1.82408 0 185 2.82598e-06
0.829305 1.82408 0 185 2.88857e-06
0.830055 1.82408 0 185 2.95323e-06
0.830805 1.82408 0 185 3.02028e-06
0.831555 1.82408 0 185 3.08971e-06
0.832305 1.82408 0 185 3.1616e-06
0.833056 1.82408 0 185 3.2361e-06
0.833806 1.82408 0 185 3.31334e-06
0.834556 1.82408 0 185 3.39337e-06
0.835306 1.82408 0 185 3.47649e-06
0.836056 1.82408 0 185 3.56277e-06
0.836806 1.82408 0 185 3.6524e-06
0.837556 1.82408 0 185 3.74496e-06
0.838306 1.82408 0 185 3.8417e-06
0.839057 1.82408 0 185 3.94233e-06
0.839807 1.82408 0 185 4.04707e-06
0.840557 1.82408 0 185 4.15601e-06
0.841307 1.82408 0 185 4.26962e-06
0.842057 1.82408 0 185 4.38802e-06
0.842807 1.82408 0 185 4.5115e-06
0.843557 1.82408 0 185 4.64038e-06
0.844307 1.82408 0 185 4.77498e-06
0.845058 1.82408 0 185 4.91549e-06
0.845808 1.82408 0 185 5.06256e-06
0.846558 1.82408 0 185 5.21637e-06
0.847308 1.82408 0 185 5.37744e-06
0.848058 1.82408 0 185 5.54609e-06
0.848808 1.82408 0 185 5.72192e-06
0.849558 1.82408 0 185 5.90747e-06
0.850308 1.82408 0 185 6.10223e-06
0.851059 1.82408 0 185 6.30659e-06
0.851809 1.82408 0 185 6.52187e-06
0.852559 1.82408 0 185 6.74847e-06
0.853309 1.82408 0 185 6.98715e-06
0.854059 1.82408 0 185 7.23888e-06
0.854809 1.82408 0 185 7.5046e-06
0.855559 1.82408 0 185 7.78524e-06
0.856309 1.82408 0 185 8.08199e-06
0.85706 1.82408 0 185 8.39622e-06
0.85781 1.82408 0 185 8.72928e-06
0.85856 1.82408 0 185 9.08236e-06
0.85931 1.82408 0 185 9.45587e-06
0.86006 1.82408 0 185 9.85486e-06
0.86081 1.82408 0 185 1.02798e-05
0.86156 1.82408 0 185 1.07327e-05
0.86231 1.82408 0 185 1.12159e-05
0.863061 1.82408 0 185 1.17328e-05
0.863811 1.82408 0 185 1.22865e-05
0.864561 1.82408 0 185 1.28805e-05
0.865311 1.82408 0 185 1.35183e-05
0.866061 1.82408 0 185 1.42043e-05
0.866811 1.82408 0 185 1.49437e-05
0.867561 1.82408 0 185 1.57426e-05
0.868311 1.82408 0 185 1.66069e-05
0.869062 1.82408 0 185 1.75436e-05
0.869812 1.82408 0 185 1.85616e-05
0.870562 1.82408 0 185 1.96656e-05
0.871312 1.82408 0 185 2.0875e-05
0.872062 1.82408 0 185 2.21983e-05
0.872812 1.82408 0 185 2.36497e-05
0.873562 1.82408 0 185 2.52453e-05
0.874312 1.82408 0 185 2.70069e-05
0.875063 1.82408 0 185 2.89569e-05
0.875813 1.82408 0 185 3.11218e-05
0.876563 1.82408 0 185 3.3534e-05
0.877313 1.82408 0 185 3.62307e-05
0.878063 1.82408 0 185 3.92585e-05
0.878813 1.82408 0 185 4.26702e-05
0.879563 1.82408 0 185 4.65338e-05
0.880313 1.82408 0 185 5.09282e-05
0.881064 1.82408 0 185 5.59494e-05
0.881814 1.82408 0 185 6.16984e-05
0.882564 1.82408 0 185 6.83574e-05
0.883314 1.82408 0 185 7.60912e-05
0.884064 1.82408 0 185 8.51263e-05
0.884814 1.82408 0 185 9.57476e-05
0.885564 1.82408 0 185 0.000108299
0.886314 1.82408 0 185 0.000123229
0.887065 1.82408 0 185 0.000141073
0.887815 1.82408 0 185 0.00016248
0.888565 1.82408 0 185 0.000188214
0.889315 1.82408 0 185 0.000219104
0.890065 1.82408 0 185 0.000255928
0.890815 1.82408 0 185 0.000299108
0.891565 1.82408 0 185 0.000348231
0.892315 1.82408 0 185 0.00040119
0.893066 1.82408 0 185 0.00045328
0.893816 1.82408 0 185 0.000496915
0.894566 1.82408 0 185 0.00052329
0.895316 1.82408 0 185 0.00052571
0.896066 1.82408 0 185 0.000503505
0.896816 1.82408 0 185 0.000462392
0.897566 1.82408 0 185 0.00041122
0.898316 1.82408 0 185 0.000357951
0.899067 1.82408 0 185 0.000307869
0.899817 1.82408 0 185 0.000263484
0.900567 1.82408 0 185 0.000225474
0.901317 1.82408 0 185 0.000193515
0.902067 1.82408 0 185 0.000166877
0.902817 1.82408 0 185 0.000144718
0.903567 1.82408 0 185 0.000126261
0.904317 1.82408 0 185 0.000110834
0.905068 1.82408 0 185 9.78736e-05
0.905818 1.82408 0 185 8.69407e-05
0.906568 1.82408 0 185 7.76295e-05
0.907318 1.82408 0 185 6.96698e-05
0.908068 1.82408 0 185 6.28254e-05
0.908818 1.82408 0 185 5.69043e-05
0.909568 1.82408 0 185 5.17527e-05
0.910318 1.82408 0 185 4.72524e-05
0.911069 1.82408 0 185 4.32987e-05
0.911819 1.82408 0 185 3.981e-05
0.912569 1.82408 0 185 3.67168e-05
0.913319 1.82408 0 185 3.39638e-05
0.914069 1.82408 0 185 3.15038e-05
0.914819 1.82408 0 185 2.92971e-05
0.915569 1.82408 0 185 2.73116e-05
0.916319 1.82408 0 185 2.55184e-05
0.91707 1.82408 0 185 2.38941e-05
0.91782 1.82408 0 185 2.2418e-05
0.91857 1.82408 0 185 2.10744e-05
0.91932 1.82408 0 185 1.98458e-05
0.92007 1.82408 0 185 1.87208e-05
0.92082 1.82408 0 185 1.76883e-05
0.92157 1.82408 0 185 1.67383e-05
0.92232 1.82408 0 185 1.58611e-05
0.923071 1.82408 0 185 1.50519e-05
0.923821 1.82408 0 185 1.43028e-05
0.924571 1.82408 0 185 1.36081e-05
0.925321 1.82408 0 185 1.29627e-05
0.926071 1.82408 0 185 1.23622e-05
0.926821 1.82408 0 185 1.18023e-05
0.927571 1.82408 0 185 1.12794e-05
0.928321 1.82408 0 185 1.07907e-05
0.929072 1.82408 0 185 1.0333e-05
0.929822 1.82408 0 185 9.90394e-06
0.930572 1.82408 0 185 9.50104e-06
0.931322 1.82408 0 185 9.12238e-06
0.932072 1.82408 0 185 8.76583e-06
0.932822 1.82408 0 185 8.43003e-06
0.933572 1.82408 0 185 8.11311e-06
0.934322 1.82408 0 185 7.81377e-06
0.935073 1.82408 0 185 7.53023e-06
0.935823 1.82408 0 185 7.26248e-06
0.936573 1.82408 0 185 7.00884e-06
0.937323 1.82408 0 185 6.76845e-06
0.938073 1.82408 0 185 6.54026e-06
0.938823 1.82408 0 185 6.32345e-06
0.939573 1.82408 0 185 6.11734e-06
0.940323 1.82408 0 185 5.92126e-06
0.941074 1.82408 0 185 5.73458e-06
0.941824 1.82408 0 185 5.55669e-06
0.942574 1.82408 0 185 5.38704e-06
0.943324 1.82408 0 185 5.22514e-06
0.944074 1.82408 0 185 5.07056e-06
0.944824 1.82408 0 185 4.92279e-06
0.945574 1.82408 0 185 4.78142e-06
0.946324 1.82408 0 185 4.64611e-06
0.947075 1.82408 0 185 4.51661e-06
0.947825 1.82408 0 185 4.39254e-06
0.948575 1.82408 0 185 4.27311e-06
0.949325 1.82408 0 185 4.15899e-06
0.950075 1.82408 0 185 4.04953e-06
0.950825 1.82408 0 185 3.94438e-06
0.951575 1.82408 0 185 3.84335e-06
0.952325 1.82408 0 185 3.74612e-06
0.953076 1.82408 0 185 3.65274e-06
0.953826 1.82408 0 185 3.56282e-06
0.954576 1.82408 0 185 3.47632e-06
0.955326 1.82408 0 185 3.39294e-06
0.956076 1.82408 0 185 3.31262e-06
0.956826 1.82408 0 185 3.23519e-06
0.957576 1.82408 0 185 3.16051e-06
0.958326 1.82408 0 185 3.08842e-06
0.959077 1.82408 0 185 3.01887e-06
0.959827 1.82408 0 185 2.95163e-06
0.960577 1.82408 0 185 2.88672e-06
0.961327 1.82408 0 185 2.82401e-06
0.962077 1.82408 0 185 2.76306e-06
0.962827 1.82408 0 185 2.70448e-06
0.963577 1.82408 0 185 2.64772e-06
0.964327 1.82408 0 185 2.59278e-06
0.965078 1.82408 0 185 2.53958e-06
0.965828 1.82408 0 185 2.48806e-06
0.966578 1.82408 0 185 2.43817e-06
0.967328 1.82408 0 185 2.38983e-06
0.968078 1.82408 0 185 2.34295e-06
0.968828 1.82408 0 185 2.2975e-06
0.969578 1.82408 0 185 2.25339e-06
0.970328 1.82408 0 185 2.21058e-06
0.971079 1.82408 0 185 2.16913e-06
0.971829 1.82408 0 185 2.1288e-06
0.972579 1.82408 0 185 2.08962e-06
0.973329 1.82408 0 185 2.05157e-06
0.974079 1.82408 0 185 2.01456e-06
0.974829 1.82408 0 185 1.97866e-06
0.975579 1.82408 0 185 1.94371e-06
0.976329 1.82408 0 185 1.90949e-06
0.97708 1.82408 0 185 1.87639e-06
0.97783 1.82408 0 185 1.84423e-06
0.97858 1.82408 0 185 1.81294e-06
0.97933 1.82408 0 185 1.78245e-06
0.98008 1.82408 0 185 1.75277e-06
0.98083 1.82408 0 185 1.72392e-06
0.98158 1.82408 0 185 1.69578e-06
0.98233 1.82408 0 185 1.66835e-06
0.983081 1.82408 0 185 1.64162e-06
0.983831 1.82408 0 185 1.61555e-06
0.984581 1.82408 0 185 1.59017e-06
0.985331 1.82408 0 185 1.56541e-06
0.986081 1.82408 0 185 1.54136e-06
0.986831 1.82408 0 185 1.51779e-06
0.987581 1.82408 0 185 1.49476e-06
0.988331 1.82408 0 185 1.47233e-06
0.989082 1.82408 0 185 1.45041e-06
0.989832 1.82408 0 185 1.42903e-06
0.990582 1.82408 0 185 1.40794e-06
0.991332 1.82408 0 185 1.38753e-06
0.992082 1.82408 0 185 1.3676e-06
0.992832 1.82408 0 185 1.34814e-06
0.993582 1.82408 0 185 1.32909e-06
0.994332 1.82408 0 185 1.31056e-06
0.995083 1.82408 0 185 1.29238e-06
0.995833 1.82408 0 185 1.27461e-06
0.996583 1.82408 0 185 1.2572e-06
0.997333 1.82408 0 185 1.24019e-06
0.998083 1.82408 0 185 1.22357e-06
0.998833 1.82408 0 185 1.20733e-06
0.999583 1.82408 0 185 1.19142e-06
1.00033 1.82408 0 185 1.176e-06
1.00108 1.82408 0 185 1.16077e-06
1.00183 1.82408 0 185 1.14585e-06
1.00258 1.82408 0 185 1.13123e-06
1.00333 1.82408 0 185 1.11693e-06
1.00408 1.82408 0 185 1.10294e-06
1.00483 1.82408 0 185 1.08922e-06
1.00558 1.82408 0 185 1.07561e-06
1.00633 1.82408 0 185 1.06243e-06
1.00708 1.82408 0 185 1.04954e-06
1.00783 1.82408 0 185 1.03691e-06
1.00858 1.82408 0 185 1.02454e-06
1.00933 1.82408 0 185 1.01239e-06
1.01009 1.82408 0 185 1.00048e-06
1.01084 1.82408 0 185 9.88805e-07
1.01159 1.82408 0 185 9.77347e-07
1.01234 1.82408 0 185 9.66118e-07
1.01309 1.82408 0 185 9.55129e-07
1.01384 1.82408 0 185 9.44358e-07
1.01459 1.82408 0 185 9.33773e-07
1.01534 1.82408 0 185 9.23581e-07
1.01609 1.82408 0 185 9.13391e-07
1.01684 1.82408 0 185 9.03358e-07
1.01759 1.82408 0 185 8.93522e-07
1.01834 1.82408 0 185 8.83889e-07
1.01909 1.82408 0 185 8.74439e-07
1.01984 1.82408 0 185 8.65152e-07
1.02059 1.82408 0 185 8.56029e-07
1.02134 1.82408 0 185 8.46916e-07
1.02209 1.82408 0 185 8.38122e-07
1.02284 1.82408 0 185 8.29484e-07
1.02359 1.82408 0 185 8.20993e-07
1.02434 1.82408 0 185 8.12667e-07
1.02509 1.82408 0 185 8.04491e-07
1.02584 1.82408 0 185 7.96436e-07
1.02659 1.82408 0 185 7.88535e-07
1.02734 1.82408 0 185 7.80769e-07
1.02809 1.82408 0 185 7.73155e-07
1.02884 1.82408 0 185 7.65676e-07
1.02959 1.82408 0 185 7.58292e-07
1.03034 1.82408 0 185 7.51031e-07
1.03109 1.82408 0 185 7.44129e-07
1.03184 1.82408 0 185 7.37107e-07
1.03259 1.82408 0 185 7.3023e-07
1.03334 1.82408 0 185 7.23462e-07
1.03409 1.82408 0 185 7.16792e-07
1.03484 1.82408 0 185 7.10258e-07
1.03559 1.82408 0 185 7.03807e-07
1.03634 1.82408 0 185 6.97483e-07
1.03709 1.82408 0 185 6.91092e-07
1.03784 1.82408 0 185 6.8497e-07
1.03859 1.82408 0 185 6.78938e-07
1.03934 1.82408 0 185 6.7298e-07
1.04009 1.82408 0 185 6.67138e-07
1.04084 1.82408 0 185 6.61416e-07
1.04159 1.82408 0 185 6.5574e-07
1.04234 1.82408 0 185 6.50162e-07
1.04309 1.82408 0 185 6.44697e-07
1.04384 1.82408 0 185 6.39332e-07
1.04459 1.82408 0 185 6.34008e-07
1.04534 1.82408 0 185 6.28778e-07
1.04609 1.82408 0 185 6.23632e-07
1.04684 1.82408 0 185 6.18556e-07
1.04759 1.82408 0 185 6.13874e-07
1.04834 1.82408 0 185 6.08957e-07
1.04909 1.82408 0 185 6.04124e-07
1.04984 1.82408 0 185 5.99374e-07
1.05059 1.82408 0 185 5.94708e-07
1.05134 1.82408 0 185 5.90088e-07
1.05209 1.82408 0 185 5.85533e-07
1.05284 1.82408 0 185 5.81042e-07
1.05359 1.82408 0 185 5.76477e-07
1.05434 1.82408 0 185 5.72128e-07
1.05509 1.82408 0 185 5.67841e-07
1.05584 1.82408 0 185 5.63623e-07
1.05659 1.82408 0 185 5.59485e-07
1.05734 1.82408 0 185 5.55395e-07
1.05809 1.82408 0 185 5.51365e-07
1.05884 1.82408 0 185 5.47395e-07
1.05959 1.82408 0 185 5.4349e-07
1.06034 1.82408 0 185 5.39644e-07
1.06109 1.82408 0 185 5.35838e-07
1.06184 1.82408 0 185 5.32099e-07
1.06259 1.82408 0 185 5.28403e-07
1.06334 1.82408 0 185 5.2476e-07
1.06409 1.82408 0 185 5.21542e-07
1.06484 1.82408 0 185 5.18024e-07
1.06559 1.82408 0 185 5.14548e-07
1.06634 1.82408 0 185 5.11096e-07
1.06709 1.82408 0 185 5.07731e-07
1.06784 1.82408 0 185 5.04381e-07
1.06859 1.82408 0 185 5.01106e-07
1.06934 1.82408 0 185 4.97888e-07
1.0701 1.82408 0 185 4.94684e-07
1.07085 1.82408 0 185 4.91372e-07
1.0716 1.82408 0 185 4.88284e-07
1.07235 1.82408 0 185 4.85207e-07
1.0731 1.82408 0 185 4.82231e-07
1.07385 1.82408 0 185 4.79269e-07
1.0746 1.82408 0 185 4.76337e-07
1.07535 1.82408 0 185 4.73464e-07
1.0761 1.82408 0 185 4.70599e-07
1.07685 1.82408 0 185 4.6781e-07
1.0776 1.82408 0 185 4.65025e-07
1.07835 1.82408 0 185 4.62306e-07
1.0791 1.82408 0 185 4.59636e-07
1.07985 1.82408 0 185 4.56968e-07
1.0806 1.82408 0 185 4.54385e-07
1.08135 1.82408 0 185 4.52288e-07
1.0821 1.82408 0 185 4.49729e-07
1.08285 1.82408 0 185 4.47216e-07
1.0836 1.82408 0 185 4.44743e-07
1.08435 1.82408 0 185 4.42346e-07
1.0851 1.82408 0 185 4.39972e-07
1.08585 1.82408 0 185 4.37631e-07
1.0866 1.82408 0 185 4.35302e-07
1.08735 1.82408 0 185 4.33004e-07
1.0881 1.82408 0 185 4.30562e-07
1.08885 1.82408 0 185 4.28355e-07
1.0896 1.82408 0 185 4.26155e-07
1.09035 1.82408 0 185 4.23988e-07
1.0911 1.82408 0 185 4.21862e-07
1.09185 1.82408 0 185 4.19766e-07
1.0926 1.82408 0 185 4.17688e-07
1.09335 1.82408 0 185 4.15671e-07
1.0941 1.82408 0 185 4.13668e-07
1.09485 1.82408 0 185 4.11699e-07
1.0956 1.82408 0 185 4.09739e-07
1.09635 1.82408 0 185 4.07848e-07
1.0971 1.82408 0 185 4.0596e-07
1.09785 1.82408 0 185 4.04109e-07
1.0986 1.82408 0 185 4.02907e-07
1.09935 1.82408 0 185 4.01102e-07
1.1001 1.82408 0 185 3.99302e-07
1.10085 1.82408 0 185 3.97528e-07
1.1016 1.82408 0 185 3.95821e-07
1.10235 1.82408 0 185 3.94165e-07
1.1031 1.82408 0 185 3.92501e-07
1.10385 1.82408 0 185 3.90893e-07
1.1046 1.82408 0 185 3.89281e-07
1.10535 1.82408 0 185 3.87687e-07
1.1061 1.82408 0 185 3.85921e-07
1.10685 1.82408 0 185 3.84366e-07
1.1076 1.82408 0 185 3.8286e-07
1.10835 1.82408 0 185 3.81388e-07
1.1091 1.82408 0 185 3.79943e-07
1.10985 1.82408 0 185 3.78531e-07
1.1106 1.82408 0 185 3.77117e-07
1.11135 1.82408 0 185 3.75777e-07
1.1121 1.82408 0 185 3.7442e-07
1.11285 1.82408 0 185 3.73109e-07
1.1136 1.82408 0 185 3.71777e-07
1.11435 1.82408 0 185 3.70522e-07
1.1151 1.82408 0 185 3.69282e-07
1.11585 1.82408 0 185 3.6801e-07
1.1166 1.82408 0 185 3.66808e-07
1.11735 1.82408 0 185 3.6644e-07
1.1181 1.82408 0 185 3.6527e-07
1.11885 1.82408 0 185 3.64114e-07
1.1196 1.82408 0 185 3.62993e-07
1.12035 1.82408 0 185 3.61934e-07
1.1211 1.82408 0 185 3.60967e-07
1.12185 1.82408 0 185 3.5994e-07
1.1226 1.82408 0 185 3.58906e-07
1.12335 1.82408 0 185 3.57905e-07
1.1241 1.82408 0 185 3.56935e-07
1.12485 1.82408 0 185 3.55749e-07
1.1256 1.82408 0 185 3.54861e-07
1.12635 1.82408 0 185 3.53933e-07
1.1271 1.82408 0 185 3.53051e-07
1.12785 1.82408 0 185 3.52189e-07
1.1286 1.82408 0 185 3.51389e-07
1.12935 1.82408 0 185 3.50569e-07
1.13011 1.82408 0 185 3.49849e-07
1.13086 1.82408 0 185 3.49055e-07
1.13161 1.82408 0 185 3.483e-07
1.13236 1.82408 0 185 3.47609e-07
1.13311 1.82408 0 185 3.46943e-07
1.13386 1.82408 0 185 3.46262e-07
1.13461 1.82408 0 185 3.45595e-07
1.13536 1.82408 0 185 3.44955e-07
1.13611 1.82408 0 185 3.45643e-07
1.13686 1.82408 0 185 3.45061e-07
1.13761 1.82408 0 185 3.44513e-07
1.13836 1.82408 0 185 3.44025e-07
1.13911 1.82408 0 185 3.43587e-07
1.13986 1.82408 0 185 3.43176e-07
1.14061 1.82408 0 185 3.42733e-07
1.14136 1.82408 0 185 3.42258e-07
1.14211 1.82408 0 185 3.41808e-07
1.14286 1.82408 0 185 3.41355e-07
1.14361 1.82408 0 185 3.41018e-07
1.14436 1.82408 0 185 3.40295e-07
1.14511 1.82408 0 185 3.39948e-07
1.14586 1.82408 0 185 3.39626e-07
1.14661 1.82408 0 185 3.39345e-07
1.14736 1.82408 0 185 3.39096e-07
1.14811 1.82408 0 185 3.38812e-07
1.14886 1.82408 0 185 3.38548e-07
1.14961 1.82408 0 185 3.38287e-07
1.15036 1.82408 0 185 3.3803e-07
1.15111 1.82408 0 185 3.37871e-07
1.15186 1.82408 0 185 3.37755e-07
1.15261 1.82408 0 185 3.37541e-07
1.15336 1.82408 0 185 3.37277e-07
1.15411 1.82408 0 185 3.37047e-07
1.15486 1.82408 0 185 3.36765e-07
1.15561 1.82408 0 185 3.38677e-07
1.15636 1.82408 0 185 3.38495e-07
1.15711 1.82408 0 185 3.38226e-07
1.15786 1.82408 0 185 3.37976e-07
1.15861 1.82408 0 185 3.37688e-07
1.15936 1.82408 0 185 3.37462e-07
1.16011 1.82408 0 185 3.37104e-07
1.16086 1.82408 0 185 3.36569e-07
1.16161 1.82408 0 185 3.36107e-07
1.16236 1.82408 0 185 3.35482e-07
1.16311 1.82408 0 185 3.34815e-07
1.16386 1.82408 0 185 3.33993e-07
1.16461 1.82408 0 185 3.32481e-07
1.16536 1.82408 0 185 3.31441e-07
1.16611 1.82408 0 185 3.30007e-07
1.16686 1.82408 0 185 3.28412e-07
1.16761 1.82408 0 185 3.26719e-07
1.16836 1.82408 0 185 3.24598e-07
1.16911 1.82408 0 185 3.22319e-07
1.16986 1.82408 0 185 3.19398e-07
1.17061 1.82408 0 185 3.16043e-07
1.17136 1.82408 0 185 3.12299e-07
1.17211 1.82408 0 185 3.07949e-07
1.17286 1.82408 0 185 3.02711e-07
1.17361 1.82408 0 185 2.96503e-07
1.17436 1.82408 0 185 2.89755e-07
1.17511 1.82408 0 185 2.81568e-07
1.17586 1.82408 0 185 2.7576e-07
1.17661 1.82408 0 185 2.64898e-07
1.17736 1.82408 0 185 2.51803e-07
1.17811 1.82408 0 185 2.36442e-07
1.17886 1.82408 0 185 2.18791e-07
1.17961 1.82408 0 185 1.98574e-07
1.18036 1.82408 0 185 1.74273e-07
1.18111 1.82408 0 185 1.46296e-07
1.18186 1.82408 0 185 1.12379e-07
1.18261 1.82408 0 185 7.318e-08
1.18336 1.82408 0 185 2.64738e-08
1.18411 1.82408 0 185 -2.76141e-08
1.18486 1.82408 0 185 -9.32349e-08
1.18561 1.82408 0 185 -1.72595e-07
1.18636 1.82408 0 185 -2.64893e-07
1.18711 1.82408 0 185 -3.74163e-07
1.18786 1.82408 0 185 -5.03531e-07
1.18861 1.82408 0 185 -6.57654e-07
1.18936 1.82408 0 185 -8.40759e-07
1.19012 1.82408 0 185 -1.0579e-06
1.19087 1.82408 0 185 -1.31351e-06
1.19162 1.82408 0 185 -1.61469e-06
1.19237 1.82408 0 185 -1.96633e-06
1.19312 1.82408 0 185 -2.37116e-06
1.19387 1.82408 0 185 -2.82994e-06
1.19462 1.82408 0 185 -3.33624e-06
1.19537 1.82408 0 185 -3.87277e-06
1.19612 1.82408 0 185 -4.41113e-06
1.19687 1.82408 0 185 -4.99086e-06
1.19762 1.82408 0 185 -5.39381e-06
1.19837 1.82408 0 185 -5.61154e-06
1.19912 1.82408 0 185 -5.56916e-06
1.19987 1.82408 0 185 -5.21414e-06
1.20062 1.82408 0 185 -4.54056e-06
1.20137 1.82408 0 185 -3.59139e-06
1.20212 1.82408 0 185 -2.46551e-06
1.20287 1.82408 0 185 -1.29461e-06
1.20362 1.82408 0 185 -1.97528e-07
1.20437 1.82408 0 185 7.43743e-07
1.20512 1.82408 0 185 1.48111e-06
1.20587 1.82408 0 185 2.01016e-06
1.20662 1.82408 0 185 2.35057e-06
1.20737 1.82408 0 185 2.5421e-06
1.20812 1.82408 0 185 2.60934e-06
1.20887 1.82408 0 185 2.59246e-06
1.20962 1.82408 0 185 2.52124e-06
1.21037 1.82408 0 185 2.41495e-06
1.21112 1.82408 0 185 2.28818e-06
1.21187 1.82408 0 185 2.1529e-06
1.21262 1.82408 0 185 2.01747e-06
1.21337 1.82408 0 185 1.88571e-06
1.21412 1.82408 0 185 1.75988e-06
1.21487 1.82408 0 185 1.64159e-06
1.21562 1.82408 0 185 1.53123e-06
1.21637 1.82408 0 185 1.42984e-06
1.21712 1.82408 0 185 1.33642e-06
1.21787 1.82408 0 185 1.25101e-06
1.21862 1.82408 0 185 1.18911e-06
1.21937 1.82408 0 185 1.1172e-06
1.22012 1.82408 0 185 1.05136e-06
1.22087 1.82408 0 185 9.91259e-07
1.22162 1.82408 0 185 9.36472e-07
1.22237 1.82408 0 185 8.86721e-07
1.22312 1.82408 0 185 8.41412e-07
1.22387 1.82408 0 185 7.99811e-07
1.22462 1.82408 0 185 7.61499e-07
1.22537 1.82408 0 185 7.26465e-07
1.22612 1.82408 0 185 6.94349e-07
1.22687 1.82408 0 185 6.64731e-07
1.22762 1.82408 0 185 6.37625e-07
1.22837 1.82408 0 185 6.12531e-07
1.22912 1.82408 0 185 5.89031e-07
1.22987 1.82408 0 185 5.67612e-07
1.23062 1.82408 0 185 5.47769e-07
1.23137 1.82408 0 185 5.29396e-07
1.23212 1.82408 0 185 5.12455e-07
1.23287 1.82408 0 185 4.96568e-07
1.23362 1.82408 0 185 4.81875e-07
1.23437 1.82408 0 185 4.68194e-07
1.23512 1.82408 0 185 4.55364e-07
1.23587 1.82408 0 185 4.43437e-07
1.23662 1.82408 0 185 4.32326e-07
1.23737 1.82408 0 185 4.21813e-07
1.23812 1.82408 0 185 4.11973e-07
1.23887 1.82408 0 185 4.02776e-07
1.23962 1.82408 0 185 3.94089e-07
1.24037 1.82408 0 185 3.85952e-07
1.24112 1.82408 0 185 3.81594e-07
1.24187 1.82408 0 185 3.74262e-07
1.24262 1.82408 0 185 3.67322e-07
1.24337 1.82408 0 185 3.60779e-07
1.24412 1.82408 0 185 3.54592e-07
1.24487 1.82408 0 185 3.48801e-07
1.24562 1.82408 0 185 3.43357e-07
1.24637 1.82408 0 185 3.38142e-07
1.24712 1.82408 0 185 3.33192e-07
1.24787 1.82408 0 185 3.28483e-07
1.24862 1.82408 0 185 3.24039e-07
1.24937 1.82408 0 185 3.19788e-07
1.25013 1.82408 0 185 3.158e-07
1.25088 1.82408 0 185 3.11977e-07
1.25163 1.82408 0 185 3.08355e-07
1.25238 1.82408 0 185 3.04763e-07
1.25313 1.82408 0 185 3.01456e-07
1.25388 1.82408 0 185 2.9832e-07
1.25463 1.82408 0 185 2.95351e-07
1.25538 1.82408 0 185 2.92508e-07
1.25613 1.82408 0 185 2.89791e-07
1.25688 1.82408 0 185 2.87194e-07
1.25763 1.82408 0 185 2.84733e-07
1.25838 1.82408 0 185 2.82358e-07
1.25913 1.82408 0 185 2.80105e-07
1.25988 1.82408 0 185 2.77969e-07
1.26063 1.82408 0 185 2.7589e-07
1.26138 1.82408 0 185 2.73897e-07
1.26213 1.82408 0 185 2.72003e-07
1.26288 1.82408 0 185 2.70176e-07
1.26363 1.82408 0 185 2.68433e-07
1.26438 1.82408 0 185 2.67942e-07
1.26513 1.82408 0 185 2.66312e-07
1.26588 1.82408 0 185 2.64741e-07
1.26663 1.82408 0 185 2.63238e-07
1.26738 1.82408 0 185 2.61791e-07
1.26813 1.82408 0 185 2.60413e-07
1.26888 1.82408 0 185 2.59108e-07
1.26963 1.82408 0 185 2.57859e-07
1.27038 1.82408 0 185 2.56651e-07
1.27113 1.82408 0 185 2.55474e-07
1.27188 1.82408 0 185 2.54348e-07
1.27263 1.82408 0 185 2.53277e-07
1.27338 1.82408 0 185 2.52245e-07
1.27413 1.82408 0 185 2.51262e-07
1.27488 1.82408 0 185 2.50315e-07
1.27563 1.82408 0 185 2.4941e-07
1.27638 1.82408 0 185 2.4848e-07
1.27713 1.82408 0 185 2.47639e-07
1.27788 1.82408 0 185 2.46835e-07
1.27863 1.82408 0 185 2.46074e-07
1.27938 1.82408 0 185 2.45341e-07
1.28013 1.82408 0 185 2.44641e-07
1.28088 1.82408 0 185 2.43958e-07
1.28163 1.82408 0 185 2.43319e-07
1.28238 1.82408 0 185 2.42697e-07
1.28313 1.82408 0 185 2.42111e-07
1.28388 1.82408 0 185 2.41556e-07
1.28463 1.82408 0 185 2.41013e-07
1.28538 1.82408 0 185 2.40492e-07
1.28613 1.82408 0 185 2.40002e-07
1.28688 1.82408 0 185 2.39528e-07
1.28763 1.82408 0 185 2.39079e-07
1.28838 1.82408 0 185 2.38658e-07
1.28913 1.82408 0 185 2.38772e-07
1.28988 1.82408 0 185 2.3838e-07
1.29063 1.82408 0 185 2.38002e-07
1.29138 1.82408 0 185 2.37642e-07
1.29213 1.82408 0 185 2.37302e-07
1.29288 1.82408 0 185 2.36991e-07
1.29363 1.82408 0 185 2.36706e-07
1.29438 1.82408 0 185 2.36424e-07
1.29513 1.82408 0 185 2.3616e-07
1.29588 1.82408 0 185 2.35909e-07
1.29663 1.82408 0 185 2.35674e-07
1.29738 1.82408 0 185 2.35459e-07
1.29813 1.82408 0 185 2.35259e-07
1.29888 1.82408 0 185 2.3508e-07
1.29963 1.82408 0 185 2.34907e-07
1.30038 1.82408 0 185 2.34756e-07
1.30113 1.82408 0 185 2.34612e-07
1.30188 1.82408 0 185 2.34461e-07
1.30263 1.82408 0 185 2.34348e-07
1.30338 1.82408 0 185 2.34247e-07
1.30413 1.82408 0 185 2.34169e-07
1.30488 1.82408 0 185 2.34095e-07
1.30563 1.82408 0 185 2.3404e-07
1.30638 1.82408 0 185 2.33996e-07
1.30713 1.82408 0 185 2.33961e-07
1.30788 1.82408 0 185 2.33943e-07
1.30863 1.82408 0 185 2.33941e-07
1.30938 1.82408 0 185 2.33943e-07
1.31014 1.82408 0 185 2.33955e-07
1.31089 1.82408 0 185 2.3398e-07
1.31164 1.82408 0 185 2.34019e-07
1.31239 1.82408 0 185 2.34066e-07
1.31314 1.82408 0 185 2.34126e-07
1.31389 1.82408 0 185 2.3447e-07
1.31464 1.82408 0 185 2.34548e-07
1.31539 1.82408 0 185 2.34635e-07
1.31614 1.82408 0 185 2.34731e-07
1.31689 1.82408 0 185 2.34838e-07
1.31764 1.82408 0 185 2.34958e-07
1.31839 1.82408 0 185 2.35091e-07
1.31914 1.82408 0 185 2.35235e-07
1.31989 1.82408 0 185 2.35387e-07
1.32064 1.82408 0 185 2.35547e-07
1.32139 1.82408 0 185 2.35716e-07
1.32214 1.82408 0 185 2.35895e-07
1.32289 1.82408 0 185 2.36086e-07
1.32364 1.82408 0 185 2.36287e-07
1.32439 1.82408 0 185 2.365e-07
1.32514 1.82408 0 185 2.36719e-07
1.32589 1.82408 0 185 2.3695e-07
1.32664 1.82408 0 185 2.37188e-07
1.32739 1.82408 0 185 2.37425e-07
1.32814 1.82408 0 185 2.37684e-07
1.32889 1.82408 0 185 2.37951e-07
1.32964 1.82408 0 185 2.38231e-07
1.33039 1.82408 0 185 2.38519e-07
1.33114 1.82408 0 185 2.38819e-07
1.33189 1.82408 0 185 2.39124e-07
1.33264 1.82408 0 185 2.39442e-07
1.33339 1.82408 0 185 2.39767e-07
1.33414 1.82408 0 185 2.40103e-07
1.33489 1.82408 0 185 2.4045e-07
1.33564 1.82408 0 185 2.40802e-07
1.33639 1.82408 0 185 2.41164e-07
1.33714 1.82408 0 185 2.41537e-07
1.33789 1.82408 0 185 2.41919e-07
1.33864 1.82408 0 185 2.4231e-07
1.33939 1.82408 0 185 2.4271e-07
1.34014 1.82408 0 185 2.43263e-07
1.34089 1.82408 0 185 2.43679e-07
1.34164 1.82408 0 185 2.44107e-07
1.34239 1.82408 0 185 2.44542e-07
1.34314 1.82408 0 185 2.44986e-07
1.34389 1.82408 0 185 2.45441e-07
1.34464 1.82408 0 185 2.45908e-07
1.34539 1.82408 0 185 2.46384e-07
1.34614 1.82408 0 185 2.46869e-07
1.34689 1.82408 0 185 2.47363e-07
1.34764 1.82408 0 185 2.47867e-07
1.34839 1.82408 0 185 2.4838e-07
1.34914 1.82408 0 185 2.48904e-07
1.34989 1.82408 0 185 2.49438e-07
1.35064 1.82408 0 185 2.49981e-07
1.35139 1.82408 0 185 2.50536e-07
1.35214 1.82408 0 185 2.51099e-07
1.35289 1.82408 0 185 2.51674e-07
1.35364 1.82408 0 185 2.52258e-07
1.35439 1.82408 0 185 2.52847e-07
1.35514 1.82408 0 185 2.53452e-07
1.35589 1.82408 0 185 2.54068e-07
1.35664 1.82408 0 185 2.54695e-07
1.35739 1.82408 0 185 2.55333e-07
1.35814 1.82408 0 185 2.55982e-07
1.35889 1.82408 0 185 2.56641e-07
1.35964 1.82408 0 185 2.57311e-07
1.36039 1.82408 0 185 2.57992e-07
1.36114 1.82408 0 185 2.58684e-07
1.36189 1.82408 0 185 2.59389e-07
1.36264 1.82408 0 185 2.60103e-07
1.36339 1.82408 0 185 2.60829e-07
1.36414 1.82408 0 185 2.61567e-07
1.36489 1.82408 0 185 2.62317e-07
1.36564 1.82408 0 185 2.63079e-07
1.36639 1.82408 0 185 2.63853e-07
1.36714 1.82408 0 185 2.64638e-07
1.36789 1.82408 0 185 2.65502e-07
1.36864 1.82408 0 185 2.66312e-07
1.36939 1.82408 0 185 2.67133e-07
1.37015 1.82408 0 185 2.67967e-07
1.3709 1.82408 0 185 2.68814e-07
1.37165 1.82408 0 185 2.69675e-07
1.3724 1.82408 0 185 2.70549e-07
1.37315 1.82408 0 185 2.71437e-07
1.3739 1.82408 0 185 2.72338e-07
1.37465 1.82408 0 185 2.73253e-07
1.3754 1.82408 0 185 2.74182e-07
1.37615 1.82408 0 185 2.75125e-07
1.3769 1.82408 0 185 2.76083e-07
1.37765 1.82408 0 185 2.77055e-07
1.3784 1.82408 0 185 2.78042e-07
1.37915 1.82408 0 185 2.79044e-07
1.3799 1.82408 0 185 2.80062e-07
1.38065 1.82408 0 185 2.81095e-07
1.3814 1.82408 0 185 2.82145e-07
1.38215 1.82408 0 185 2.8321e-07
1.3829 1.82408 0 185 2.8429e-07
1.38365 1.82408 0 185 2.85388e-07
1.3844 1.82408 0 185 2.86504e-07
1.38515 1.82408 0 185 2.87637e-07
1.3859 1.82408 0 185 2.88787e-07
1.38665 1.82408 0 185 2.89955e-07
1.3874 1.82408 0 185 2.91142e-07
1.38815 1.82408 0 185 2.92347e-07
1.3889 1.82408 0 185 2.93571e-07
1.38965 1.82408 0 185 2.94814e-07
1.3904 1.82408 0 185 2.96078e-07
1.39115 1.82408 0 185 2.97361e-07
1.3919 1.82408 0 185 2.98665e-07
1.39265 1.82408 0 185 2.9999e-07
1.3934 1.82408 0 185 3.01337e-07
1.39415 1.82408 0 185 3.02705e-07
1.3949 1.82408 0 185 3.04096e-07
1.39565 1.82408 0 185 3.05509e-07
1.3964 1.82408 0 185 3.06956e-07
1.39715 1.82408 0 185 3.08415e-07
1.3979 1.82408 0 185 3.099e-07
1.39865 1.82408 0 185 3.11409e-07
1.3994 1.82408 0 185 3.12943e-07
1.40015 1.82408 0 185 3.14504e-07
1.4009 1.82408 0 185 3.16093e-07
1.40165 1.82408 0 185 3.17709e-07
1.4024 1.82408 0 185 3.19353e-07
1.40315 1.82408 0 185 3.21027e-07
1.4039 1.82408 0 185 3.2273e-07
1.40465 1.82408 0 185 3.24465e-07
1.4054 1.82408 0 185 3.26231e-07
1.40615 1.82408 0 185 3.28029e-07
1.4069 1.82408 0 185 3.29862e-07
1.40765 1.82408 0 185 3.31728e-07
1.4084 1.82408 0 185 3.33631e-07
1.40915 1.82408 0 185 3.3557e-07
1.4099 1.82408 0 185 3.37547e-07
1.41065 1.82408 0 185 3.39563e-07
1.4114 1.82408 0 185 3.41619e-07
1.41215 1.82408 0 185 3.43717e-07
1.4129 1.82408 0 185 3.45858e-07
1.41365 1.82408 0 185 3.48043e-07
1.4144 1.82408 0 185 3.50274e-07
1.41515 1.82408 0 185 3.52553e-07
1.4159 1.82408 0 185 3.54883e-07
1.41665 1.82408 0 185 3.57263e-07
1.4174 1.82408 0 185 3.59696e-07
1.41815 1.82408 0 185 3.62186e-07
1.4189 1.82408 0 185 3.64732e-07
1.41965 1.82408 0 185 3.67338e-07
1.4204 1.82408 0 185 3.70007e-07
1.42115 1.82408 0 185 3.72741e-07
1.4219 1.82408 0 185 3.75542e-07
1.42265 1.82408 0 185 3.78414e-07
1.4234 1.82408 0 185 3.8136e-07
1.42415 1.82408 0 185 3.84384e-07
1.4249 1.82408 0 185 3.87488e-07
1.42565 1.82408 0 185 3.90625e-07
1.4264 1.82408 0 185 3.93901e-07
1.42715 1.82408 0 185 3.97269e-07
1.4279 1.82408 0 185 4.00736e-07
1.42865 1.82408 0 185 4.04306e-07
1.4294 1.82408 0 185 4.07983e-07
1.43016 1.82408 0 185 4.11775e-07
1.43091 1.82408 0 185 4.15687e-07
1.43166 1.82408 0 185 4.19725e-07
1.43241 1.82408 0 185 4.23899e-07
1.43316 1.82408 0 185 4.28215e-07
1.43391 1.82408 0 185 4.32684e-07
1.43466 1.82408 0 185 4.37313e-07
1.43541 1.82408 0 185 4.42112e-07
1.43616 1.82408 0 185 4.47091e-07
1.43691 1.82408 0 185 4.52266e-07
1.43766 1.82408 0 185 4.57646e-07
1.43841 1.82408 0 185 4.63249e-07
1.43916 1.82408 0 185 4.69088e-07
1.43991 1.82408 0 185 4.7518e-07
1.44066 1.82408 0 185 4.81546e-07
1.44141 1.82408 0 185 4.88204e-07
1.44216 1.82408 0 185 4.95179e-07
1.44291 1.82408 0 185 5.02474e-07
1.44366 1.82408 0 185 5.10156e-07
1.44441 1.82408 0 185 5.18236e-07
1.44516 1.82408 0 185 5.26748e-07
1.44591 1.82408 0 185 5.35731e-07
1.44666 1.82408 0 185 5.45229e-07
1.44741 1.82408 0 185 5.55283e-07
1.44816 1.82408 0 185 5.65953e-07
1.44891 1.82408 0 185 5.77292e-07
1.44966 1.82408 0 185 5.89364e-07
1.45041 1.82408 0 185 6.02243e-07
1.45116 1.82408 0 185 6.16019e-07
1.45191 1.82408 0 185 6.30782e-07
1.45266 1.82408 0 185 6.46636e-07
1.45341 1.82408 0 185 6.63698e-07
1.45416 1.82408 0 185 6.82106e-07
1.45491 1.82408 0 185 7.02014e-07
1.45566 1.82408 0 185 7.23594e-07
1.45641 1.82408 0 185 7.4704e-07
1.45716 1.82408 0 185 7.72379e-07
1.45791 1.82408 0 185 8.00259e-07
1.45866 1.82408 0 185 8.30775e-07
1.45941 1.82408 0 185 8.64243e-07
1.46016 1.82408 0 185 9.01034e-07
1.46091 1.82408 0 185 9.41544e-07
1.46166 1.82408 0 185 9.86218e-07
1.46241 1.82408 0 185 1.03553e-06
1.46316 1.82408 0 185 1.09001e-06
1.46391 1.82408 0 185 1.15015e-06
1.46466 1.82408 0 185 1.21648e-06
1.46541 1.82408 0 185 1.28941e-06
1.46616 1.82408 0 185 1.36922e-06
1.46691 1.82408 0 185 1.45593e-06
1.46766 1.82408 0 185 1.54917e-06
1.46841 1.82408 0 185 1.64801e-06
1.46916 1.82408 0 185 1.75067e-06
1.46991 1.82408 0 185 1.85442e-06
1.47066 1.82408 0 185 1.95541e-06
1.47141 1.82408 0 185 2.0487e-06
1.47216 1.82408 0 185 2.1286e-06
1.47291 1.82408 0 185 2.18934e-06
1.47366 1.82408 0 185 2.22593e-06
1.47441 1.82408 0 185 2.23517e-06
1.47516 1.82408 0 185 2.21739e-06
1.47591 1.82408 0 185 2.17258e-06
1.47666 1.82408 0 185 2.10579e-06
1.47741 1.82408 0 185 2.02264e-06
1.47816 1.82408 0 185 1.92903e-06
1.47891 1.82408 0 185 1.8305e-06
1.47966 1.82408 0 185 1.73158e-06
1.48041 1.82408 0 185 1.63565e-06
1.48116 1.82408 0 185 1.54498e-06
1.48191 1.82408 0 185 1.46093e-06
1.48266 1.82408 0 185 1.38409e-06
1.48341 1.82408 0 185 1.3146e-06
1.48416 1.82408 0 185 1.25222e-06
1.48491 1.82408 0 185 1.19656e-06
1.48566 1.82408 0 185 1.14709e-06
1.48641 1.82408 0 185 1.10327e-06
1.48716 1.82408 0 185 1.06455e-06
1.48791 1.82408 0 185 1.0304e-06
1.48866 1.82408 0 185 1.00032e-06
1.48941 1.82408 0 185 9.7383e-07
1.49017 1.82408 0 185 9.50618e-07
1.49092 1.82408 0 185 9.30286e-07
1.49167 1.82408 0 185 9.12519e-07
1.49242 1.82408 0 185 8.9704e-07
1.49317 1.82408 0 185 8.83606e-07
1.49392 1.82408 0 185 8.72001e-07
1.49467 1.82408 0 185 8.62037e-07
1.49542 1.82408 0 185 8.53555e-07
1.49617 1.82408 0 185 8.46405e-07
1.49692 1.82408 0 185 8.40465e-07
1.49767 1.82408 0 185 8.35623e-07
1.49842 1.82408 0 185 8.31783e-07
1.49917 1.82408 0 185 8.28855e-07
1.49992 1.82408 0 185 8.26763e-07
1.50067 1.82408 0 185 8.25445e-07
1.50142 1.82408 0 185 8.24842e-07
1.50217 1.82408 0 185 8.249e-07
1.50292 1.82408 0 185 8.25572e-07
1.50367 1.82408 0 185 8.26822e-07
1.50442 1.82408 0 185 8.28606e-07
1.50517 1.82408 0 185 8.30895e-07
1.50592 1.82408 0 185 8.33668e-07
1.50667 1.82408 0 185 8.36893e-07
1.50742 1.82408 0 185 8.40549e-07
1.50817 1.82408 0 185 8.44616e-07
1.50892 1.82408 0 185 8.49051e-07
1.50967 1.82408 0 185 8.53888e-07
1.51042 1.82408 0 185 8.5909e-07
1.51117 1.82408 0 185 8.64646e-07
1.51192 1.82408 0 185 8.70548e-07
1.51267 1.82408 0 185 8.76782e-07
1.51342 1.82408 0 185 8.83348e-07
1.51417 1.82408 0 185 8.9023e-07
1.51492 1.82408 0 185 8.97432e-07
1.51567 1.82408 0 185 9.04947e-07
1.51642 1.82408 0 185 9.12766e-07
1.51717 1.82408 0 185 9.20896e-07
1.51792 1.82408 0 185 9.29332e-07
1.51867 1.82408 0 185 9.38063e-07
1.51942 1.82408 0 185 9.47095e-07
1.52017 1.82408 0 185 9.5644e-07
1.52092 1.82408 0 185 9.66081e-07
1.52167 1.82408 0 185 9.76031e-07
1.52242 1.82408 0 185 9.86285e-07
1.52317 1.82408 0 185 9.96617e-07
1.52392 1.82408 0 185 1.00749e-06
1.52467 1.82408 0 185 1.01867e-06
1.52542 1.82408 0 185 1.03018e-06
1.52617 1.82408 0 185 1.04202e-06
1.52692 1.82408 0 185 1.05419e-06
1.52767 1.82408 0 185 1.06669e-06
1.52842 1.82408 0 185 1.07953e-06
1.52917 1.82408 0 185 1.09272e-06
1.52992 1.82408 0 185 1.10625e-06
1.53067 1.82408 0 185 1.12016e-06
1.53142 1.82408 0 185 1.13443e-06
1.53217 1.82408 0 185 1.14909e-06
1.53292 1.82408 0 185 1.16413e-06
1.53367 1.82408 0 185 1.17957e-06
1.53442 1.82408 0 185 1.19541e-06
1.53517 1.82408 0 185 1.21168e-06
1.53592 1.82408 0 185 1.22836e-06
1.53667 1.82408 0 185 1.24549e-06
1.53742 1.82408 0 185 1.26307e-06
1.53817 1.82408 0 185 1.28112e-06
1.53892 1.82408 0 185 1.29964e-06
1.53967 1.82408 0 185 1.31865e-06
1.54042 1.82408 0 185 1.33818e-06
1.54117 1.82408 0 185 1.35822e-06
1.54192 1.82408 0 185 1.3788e-06
1.54267 1.82408 0 185 1.39994e-06
1.54342 1.82408 0 185 1.42161e-06
1.54417 1.82408 0 185 1.44391e-06
1.54492 1.82408 0 185 1.46681e-06
1.54567 1.82408 0 185 1.49033e-06
1.54642 1.82408 0 185 1.51451e-06
1.54717 1.82408 0 185 1.53936e-06
1.54792 1.82408 0 185 1.56492e-06
1.54867 1.82408 0 185 1.59119e-06
1.54942 1.82408 0 185 1.61821e-06
1.55018 1.82408 0 185 1.64599e-06
1.55093 1.82408 0 185 1.67458e-06
1.55168 1.82408 0 185 1.704e-06
1.55243 1.82408 0 185 1.73428e-06
1.55318 1.82408 0 185 1.76546e-06
1.55393 1.82408 0 185 1.79756e-06
1.55468 1.82408 0 185 1.83062e-06
1.55543 1.82408 0 185 1.86468e-06
1.55618 1.82408 0 185 1.89979e-06
1.55693 1.82408 0 185 1.93596e-06
1.55768 1.82408 0 185 1.97326e-06
1.55843 1.82408 0 185 2.01095e-06
1.55918 1.82408 0 185 2.05061e-06
1.55993 1.82408 0 185 2.09153e-06
1.56068 1.82408 0 185 2.13378e-06
1.56143 1.82408 0 185 2.17739e-06
1.56218 1.82408 0 185 2.22245e-06
1.56293 1.82408 0 185 2.269e-06
1.56368 1.82408 0 185 2.31709e-06
1.56443 1.82408 0 185 2.36682e-06
1.56518 1.82408 0 185 2.41826e-06
1.56593 1.82408 0 185 2.47144e-06
1.56668 1.82408 0 185 2.52651e-06
1.56743 1.82408 0 185 2.58352e-06
1.56818 1.82408 0 185 2.64256e-06
1.56893 1.82408 0 185 2.70376e-06
1.56968 1.82408 0 185 2.76718e-06
1.57043 1.82408 0 185 2.83294e-06
1.57118 1.82408 0 185 2.90116e-06
1.57193 1.82408 0 185 2.97198e-06
1.57268 1.82408 0 185 3.04549e-06
1.57343 1.82408 0 185 3.12186e-06
1.57418 1.82408 0 185 3.20124e-06
1.57493 1.82408 0 185 3.28377e-06
1.57568 1.82408 0 185 3.3696e-06
1.57643 1.82408 0 185 3.45898e-06
1.57718 1.82408 0 185 3.55204e-06
1.57793 1.82408 0 185 3.64897e-06
1.57868 1.82408 0 185 3.75004e-06
1.57943 1.82408 0 185 3.85546e-06
1.58018 1.82408 0 185 3.96543e-06
1.58093 1.82408 0 185 4.08028e-06
1.58168 1.82408 0 185 4.20027e-06
1.58243 1.82408 0 185 4.32576e-06
1.58318 1.82408 0 185 4.45703e-06
1.58393 1.82408 0 185 4.59447e-06
1.58468 1.82408 0 185 4.73842e-06
1.58543 1.82408 0 185 4.88936e-06
1.58618 1.82408 0 185 5.04766e-06
1.58693 1.82408 0 185 5.21385e-06
1.58768 1.82408 0 185 5.38844e-06
1.58843 1.82408 0 185 5.57199e-06
1.58918 1.82408 0 185 5.76513e-06
1.58993 1.82408 0 185 5.96853e-06
1.59068 1.82408 0 185 6.18292e-06
1.59143 1.82408 0 185 6.40905e-06
1.59218 1.82408 0 185 6.64781e-06
1.59293 1.82408 0 185 6.9001e-06
1.59368 1.82408 0 185 7.16703e-06
1.59443 1.82408 0 185 7.4497e-06
1.59518 1.82408 0 185 7.74916e-06
1.59593 1.82408 0 185 8.06209e-06
1.59668 1.82408 0 185 8.39946e-06
1.59743 1.82408 0 185 8.75829e-06
1.59818 1.82408 0 185 9.14024e-06
1.59893 1.82408 0 185 9.54739e-06
1.59968 1.82408 0 185 9.98164e-06
1.60043 1.82408 0 185 1.04459e-05
1.60118 1.82408 0 185 1.09425e-05
1.60193 1.82408 0 185 1.14745e-05
1.60268 1.82408 0 185 1.20454e-05
1.60343 1.82408 0 185 1.26585e-05
1.60418 1.82408 0 185 1.33184e-05
1.60493 1.82408 0 185 1.40297e-05
1.60568 1.82408 0 185 1.47972e-05
1.60643 1.82408 0 185 1.56269e-05
1.60718 1.82408 0 185 1.65254e-05
1.60793 1.82408 0 185 1.74996e-05
1.60868 1.82408 0 185 1.85583e-05
1.60943 1.82408 0 185 1.97102e-05
1.61019 1.82408 0 185 2.09663e-05
1.61094 1.82408 0 185 2.2338e-05
1.61169 1.82408 0 185 2.38386e-05
1.61244 1.82408 0 185 2.54828e-05
1.61319 1.82408 0 185 2.72878e-05
1.61394 1.82408 0 185 2.92727e-05
1.61469 1.82408 0 185 3.14578e-05
1.61544 1.82408 0 185 3.38671e-05
1.61619 1.82408 0 185 3.6526e-05
1.61694 1.82408 0 185 3.9462e-05
1.61769 1.82408 0 185 4.27058e-05
1.61844 1.82408 0 185 4.62872e-05
1.61919 1.82408 0 185 5.02355e-05
1.61994 1.82408 0 185 5.45859e-05
1.62069 1.82408 0 185 5.9361e-05
1.62144 1.82408 0 185 6.45771e-05
1.62219 1.82408 0 185 7.02345e-05
1.62294 1.82408 0 185 7.63117e-05
1.62369 1.82408 0 185 8.27558e-05
1.62444 1.82408 0 185 8.94688e-05
1.62519 1.82408 0 185 9.62983e-05
1.62594 1.82408 0 185 0.000103035
1.62669 1.82408 0 185 0.000109402
1.62744 1.82408 0 185 0.000115077
1.62819 1.82408 0 185 0.000119714
1.62894 1.82408 0 185 0.000122987
1.62969 1.82408 0 185 0.000124641
1.63044 1.82408 0 185 0.00012454
1.63119 1.82408 0 185 0.000122689
1.63194 1.82408 0 185 0.000119241
1.63269 1.82408 0 185 0.000114459
1.63344 1.82408 0 185 0.000108674
1.63419 1.82408 0 185 0.000102232
1.63494 1.82408 0 185 9.55463e-05
1.63569 1.82408 0 185 8.86966e-05
1.63644 1.82408 0 185 8.19814e-05
1.63719 1.82408 0 185 7.55507e-05
1.63794 1.82408 0 185 6.94951e-05
1.63869 1.82408 0 185 6.38659e-05
1.63944 1.82408 0 185 5.86821e-05
1.64019 1.82408 0 185 5.39402e-05
1.64094 1.82408 0 185 4.96234e-05
1.64169 1.82408 0 185 4.57043e-05
1.64244 1.82408 0 185 4.21548e-05
1.64319 1.82408 0 185 3.89415e-05
1.64394 1.82408 0 185 3.60336e-05
1.64469 1.82408 0 185 3.34014e-05
1.64544 1.82408 0 185 3.10167e-05
1.64619 1.82408 0 185 2.8854e-05
1.64694 1.82408 0 185 2.68903e-05
1.64769 1.82408 0 185 2.51047e-05
1.64844 1.82408 0 185 2.34781e-05
1.64919 1.82408 0 185 2.19939e-05
1.64994 1.82408 0 185 2.06373e-05
1.65069 1.82408 0 185 1.93956e-05
1.65144 1.82408 0 185 1.82567e-05
1.65219 1.82408 0 185 1.72102e-05
1.65294 1.82408 0 185 1.62471e-05
1.65369 1.82408 0 185 1.53594e-05
1.65444 1.82408 0 185 1.45396e-05
1.65519 1.82408 0 185 1.37813e-05
1.65594 1.82408 0 185 1.30789e-05
1.65669 1.82408 0 185 1.2427e-05
1.65744 1.82408 0 185 1.18213e-05
1.65819 1.82408 0 185 1.12575e-05
1.65894 1.82408 0 185 1.07323e-05
1.65969 1.82408 0 185 1.0243e-05
1.66044 1.82408 0 185 9.78467e-06
1.66119 1.82408 0 185 9.35584e-06
1.66194 1.82408 0 185 8.95407e-06
1.66269 1.82408 0 185 8.57717e-06
1.66344 1.82408 0 185 8.22324e-06
1.66419 1.82408 0 185 7.89044e-06
1.66494 1.82408 0 185 7.57718e-06
1.66569 1.82408 0 185 7.282e-06
1.66644 1.82408 0 185 7.00354e-06
1.66719 1.82408 0 185 6.74062e-06
1.66794 1.82408 0 185 6.49208e-06
1.66869 1.82408 0 185 6.25701e-06
1.66944 1.82408 0 185 6.03434e-06
1.6702 1.82408 0 185 5.82331e-06
1.67095 1.82408 0 185 5.62312e-06
1.6717 1.82408 0 185 5.43305e-06
1.67245 1.82408 0 185 5.25246e-06
1.6732 1.82408 0 185 5.08077e-06
1.67395 1.82408 0 185 4.91735e-06
1.6747 1.82408 0 185 4.7617e-06
1.67545 1.82408 0 185 4.61406e-06
1.6762 1.82408 0 185 4.47251e-06
1.67695 1.82408 0 185 4.33743e-06
1.6777 1.82408 0 185 4.20842e-06
1.67845 1.82408 0 185 4.08513e-06
1.6792 1.82408 0 185 3.96723e-06
1.67995 1.82408 0 185 3.85443e-06
1.6807 1.82408 0 185 3.74642e-06
1.68145 1.82408 0 185 3.64296e-06
1.6822 1.82408 0 185 3.54378e-06
1.68295 1.82408 0 185 3.44868e-06
1.6837 1.82408 0 185 3.35741e-06
1.68445 1.82408 0 185 3.2698e-06
1.6852 1.82408 0 185 3.18563e-06
1.68595 1.82408 0 185 3.10476e-06
1.6867 1.82408 0 185 3.02701e-06
1.68745 1.82408 0 185 2.95221e-06
1.6882 1.82408 0 185 2.88024e-06
1.68895 1.82408 0 185 2.81095e-06
1.6897 1.82408 0 185 2.7442e-06
1.69045 1.82408 0 185 2.67989e-06
1.6912 1.82408 0 185 2.61788e-06
1.69195 1.82408 0 185 2.5581e-06
1.6927 1.82408 0 185 2.50043e-06
1.69345 1.82408 0 185 2.44478e-06
1.6942 1.82408 0 185 2.39103e-06
1.69495 1.82408 0 185 2.33912e-06
1.6957 1.82408 0 185 2.28899e-06
1.69645 1.82408 0 185 2.24054e-06
1.6972 1.82408 0 185 2.1937e-06
1.69795 1.82408 0 185 2.14841e-06
1.6987 1.82408 0 185 2.1046e-06
1.69945 1.82408 0 185 2.0622e-06
1.7002 1.82408 0 185 2.02116e-06
1.70095 1.82408 0 185 1.98144e-06
1.7017 1.82408 0 185 1.94327e-06
1.70245 1.82408 0 185 1.90601e-06
1.7032 1.82408 0 185 1.86993e-06
1.70395 1.82408 0 185 1.83495e-06
1.7047 1.82408 0 185 1.80106e-06
1.70545 1.82408 0 185 1.7682e-06
1.7062 1.82408 0 185 1.73635e-06
1.70695 1.82408 0 185 1.70546e-06
1.7077 1.82408 0 185 1.6755e-06
1.70845 1.82408 0 185 1.64645e-06
1.7092 1.82408 0 185 1.61827e-06
1.70995 1.82408 0 185 1.59093e-06
1.7107 1.82408 0 185 1.56441e-06
1.71145 1.82408 0 185 1.53867e-06
1.7122 1.82408 0 185 1.51369e-06
1.71295 1.82408 0 185 1.48947e-06
1.7137 1.82408 0 185 1.46596e-06
1.71445 1.82408 0 185 1.44316e-06
1.7152 1.82408 0 185 1.42105e-06
1.71595 1.82408 0 185 1.39961e-06
1.7167 1.82408 0 185 1.37881e-06
1.71745 1.82408 0 185 1.35866e-06
1.7182 1.82408 0 185 1.33935e-06
1.71895 1.82408 0 185 1.32042e-06
1.7197 1.82408 0 185 1.30209e-06
1.72045 1.82408 0 185 1.28435e-06
1.7212 1.82408 0 185 1.2672e-06
1.72195 1.82408 0 185 1.25062e-06
1.7227 1.82408 0 185 1.23462e-06
1.72345 1.82408 0 185 1.21918e-06
1.7242 1.82408 0 185 1.2043e-06
1.72495 1.82408 0 185 1.18998e-06
1.7257 1.82408 0 185 1.17623e-06
1.72645 1.82408 0 185 1.16305e-06
1.7272 1.82408 0 185 1.15043e-06
1.72795 1.82408 0 185 1.1384e-06
1.7287 1.82408 0 185 1.12695e-06
1.72945 1.82408 0 185 1.11611e-06
1.73021 1.82408 0 185 1.10587e-06
1.73096 1.82408 0 185 1.09627e-06
1.73171 1.82408 0 185 1.08731e-06
1.73246 1.82408 0 185 1.07903e-06
1.73321 1.82408 0 185 1.07145e-06
1.73396 1.82408 0 185 1.06458e-06
1.73471 1.82408 0 185 1.05849e-06
1.73546 1.82408 0 185 1.05318e-06
1.73621 1.82408 0 185 1.04872e-06
1.73696 1.82408 0 185 1.04514e-06
1.73771 1.82408 0 185 1.04249e-06
1.73846 1.82408 0 185 1.04081e-06
1.73921 1.82408 0 185 1.04017e-06
1.73996 1.82408 0 185 1.0406e-06
1.74071 1.82408 0 185 1.04215e-06
1.74146 1.82408 0 185 1.04484e-06
1.74221 1.82408 0 185 1.0487e-06
1.74296 1.82408 0 185 1.05371e-06
1.74371 1.82408 0 185 1.05985e-06
1.74446 1.82408 0 185 1.06701e-06
1.74521 1.82408 0 185 1.0751e-06
1.74596 1.82408 0 185 1.08391e-06
1.74671 1.82408 0 185 1.09339e-06
1.74746 1.82408 0 185 1.10266e-06
1.74821 1.82408 0 185 1.11153e-06
1.74896 1.82408 0 185 1.11943e-06
1.74971 1.82408 0 185 1.12575e-06
1.75046 1.82408 0 185 1.12986e-06
1.75121 1.82408 0 185 1.13114e-06
1.75196 1.82408 0 185 1.12911e-06
1.75271 1.82408 0 185 1.12338e-06
1.75346 1.82408 0 185 1.11377e-06
1.75421 1.82408 0 185 1.10032e-06
1.75496 1.82408 0 185 1.08326e-06
1.75571 1.82408 0 185 1.063e-06
1.75646 1.82408 0 185 1.0401e-06
1.75721 1.82408 0 185 1.01515e-06
1.75796 1.82408 0 185 9.88726e-07
1.75871 1.82408 0 185 9.61404e-07
1.75946 1.82408 0 185 9.33642e-07
1.76021 1.82408 0 185 9.0585e-07
1.76096 1.82408 0 185 8.78342e-07
1.76171 1.82408 0 185 8.51352e-07
1.76246 1.82408 0 185 8.25061e-07
1.76321 1.82408 0 185 7.99652e-07
1.76396 1.82408 0 185 7.75657e-07
1.76471 1.82408 0 185 7.52346e-07
1.76546 1.82408 0 185 7.30309e-07
1.76621 1.82408 0 185 7.09698e-07
1.76696 1.82408 0 185 6.90742e-07
1.76771 1.82408 0 185 6.73636e-07
1.76846 1.82408 0 185 6.58575e-07
1.76921 1.82408 0 185 6.45682e-07
1.76996 1.82408 0 185 6.35e-07
1.77071 1.82408 0 185 6.26513e-07
1.77146 1.82408 0 185 6.19988e-07
1.77221 1.82408 0 185 6.15186e-07
1.77296 1.82408 0 185 6.11699e-07
1.77371 1.82408 0 185 6.09076e-07
1.77446 1.82408 0 185 6.06838e-07
1.77521 1.82408 0 185 6.04653e-07
1.77596 1.82408 0 185 6.02223e-07
1.77671 1.82408 0 185 5.99322e-07
1.77746 1.82408 0 185 5.95903e-07
1.77821 1.82408 0 185 5.9191e-07
1.77896 1.82408 0 185 5.87407e-07
1.77971 1.82408 0 185 5.82464e-07
1.78046 1.82408 0 185 5.77153e-07
1.78121 1.82408 0 185 5.71588e-07
1.78196 1.82408 0 185 5.65847e-07
1.78271 1.82408 0 185 5.59984e-07
1.78346 1.82408 0 185 5.54085e-07
1.78421 1.82408 0 185 5.48198e-07
1.78496 1.82408 0 185 5.42368e-07
1.78571 1.82408 0 185 5.3662e-07
1.78646 1.82408 0 185 5.30983e-07
1.78721 1.82408 0 185 5.2546e-07
1.78796 1.82408 0 185 5.20076e-07
1.78871 1.82408 0 185 5.14829e-07
1.78946 1.82408 0 185 5.09726e-07
1.79022 1.82408 0 185 5.04756e-07
1.79097 1.82408 0 185 4.99932e-07
1.79172 1.82408 0 185 4.9525e-07
1.79247 1.82408 0 185 4.90707e-07
1.79322 1.82408 0 185 4.86292e-07
1.79397 1.82408 0 185 4.82044e-07
1.79472 1.82408 0 185 4.77865e-07
1.79547 1.82408 0 185 4.73802e-07
1.79622 1.82408 0 185 4.69844e-07
1.79697 1.82408 0 185 4.65998e-07
1.79772 1.82408 0 185 4.6225e-07
1.79847 1.82408 0 185 4.58602e-07
1.79922 1.82408 0 185 4.55058e-07
1.79997 1.82408 0 185 4.51602e-07
1.80072 1.82408 0 185 4.48228e-07
1.80147 1.82408 0 185 4.4495e-07
1.80222 1.82408 0 185 4.41742e-07
1.80297 1.82408 0 185 4.38614e-07
1.80372 1.82408 0 185 4.35559e-07
1.80447 1.82408 0 185 4.32583e-07
1.80522 1.82408 0 185 4.29672e-07
1.80597 1.82408 0 185 4.26837e-07
1.80672 1.82408 0 185 4.24062e-07
1.80747 1.82408 0 185 4.2135e-07
1.80822 1.82408 0 185 4.18705e-07
1.80897 1.82408 0 185 4.16124e-07
1.80972 1.82408 0 185 4.13599e-07
1.81047 1.82408 0 185 4.11127e-07
1.81122 1.82408 0 185 4.09196e-07
1.81197 1.82408 0 185 4.06837e-07
1.81272 1.82408 0 185 4.04537e-07
1.81347 1.82408 0 185 4.0228e-07
1.81422 1.82408 0 185 4.0007e-07
1.81497 1.82408 0 185 3.97921e-07
1.81572 1.82408 0 185 3.95818e-07
1.81647 1.82408 0 185 3.93763e-07
1.81722 1.82408 0 185 3.9175e-07
1.81797 1.82408 0 185 3.89783e-07
1.81872 1.82408 0 185 3.87864e-07
1.81947 1.82408 0 185 3.85979e-07
1.82022 1.82408 0 185 3.84135e-07
1.82097 1.82408 0 185 3.82346e-07
1.82172 1.82408 0 185 3.80591e-07
1.82247 1.82408 0 185 3.78877e-07
1.82322 1.82408 0 185 3.77201e-07
1.82397 1.82408 0 185 3.75556e-07
1.82472 1.82408 0 185 3.73952e-07
1.82547 1.82408 0 185 3.72391e-07
1.82622 1.82408 0 185 3.70865e-07
1.82697 1.82408 0 185 3.69377e-07
1.82772 1.82408 0 185 3.67921e-07
1.82847 1.82408 0 185 3.66499e-07
1.82922 1.82408 0 185 3.65123e-07
1.82997 1.82408 0 185 3.63772e-07
1.83072 1.82408 0 185 3.62464e-07
1.83147 1.82408 0 185 3.61179e-07
1.83222 1.82408 0 185 3.59937e-07
1.83297 1.82408 0 185 3.58722e-07
1.83372 1.82408 0 185 3.5756e-07
1.83447 1.82408 0 185 3.56409e-07
1.83522 1.82408 0 185 3.55291e-07
1.83597 1.82408 0 185 3.54208e-07
1.83672 1.82408 0 185 3.53156e-07
1.83747 1.82408 0 185 3.5214e-07
1.83822 1.82408 0 185 3.51161e-07
1.83897 1.82408 0 185 3.50204e-07
1.83972 1.82408 0 185 3.49275e-07
1.84047 1.82408 0 185 3.48386e-07
1.84122 1.82408 0 185 3.47532e-07
1.84197 1.82408 0 185 3.46717e-07
1.84272 1.82408 0 185 3.45918e-07
1.84347 1.82408 0 185 3.45111e-07
1.84422 1.82408 0 185 3.44361e-07
1.84497 1.82408 0 185 3.43658e-07
1.84572 1.82408 0 185 3.42977e-07
1.84647 1.82408 0 185 3.42319e-07
1.84722 1.82408 0 185 3.41694e-07
1.84797 1.82408 0 185 3.41091e-07
1.84872 1.82408 0 185 3.40519e-07
1.84947 1.82408 0 185 3.39982e-07
1.85023 1.82408 0 185 3.3948e-07
1.85098 1.82408 0 185 3.39006e-07
1.85173 1.82408 0 185 3.38546e-07
1.85248 1.82408 0 185 3.38115e-07
1.85323 1.82408 0 185 3.37706e-07
1.85398 1.82408 0 185 3.37324e-07
1.85473 1.82408 0 185 3.36971e-07
1.85548 1.82408 0 185 3.36648e-07
1.85623 1.82408 0 185 3.36341e-07
1.85698 1.82408 0 185 3.36065e-07
1.85773 1.82408 0 185 3.3582e-07
1.85848 1.82408 0 185 3.35588e-07
1.85923 1.82408 0 185 3.35407e-07
1.85998 1.82408 0 185 3.35234e-07
1.86073 1.82408 0 185 3.35076e-07
1.86148 1.82408 0 185 3.36035e-07
1.86223 1.82408 0 185 3.35923e-07
1.86298 1.82408 0 185 3.35841e-07
1.86373 1.82408 0 185 3.35775e-07
1.86448 1.82408 0 185 3.35718e-07
1.86523 1.82408 0 185 3.35671e-07
1.86598 1.82408 0 185 3.35648e-07
1.86673 1.82408 0 185 3.35639e-07
1.86748 1.82408 0 185 3.3567e-07
1.86823 1.82408 0 185 3.35676e-07
1.86898 1.82408 0 185 3.35716e-07
1.86973 1.82408 0 185 3.35738e-07
1.87048 1.82408 0 185 3.35769e-07
1.87123 1.82408 0 185 3.35799e-07
1.87198 1.82408 0 185 3.35851e-07
1.87273 1.82408 0 185 3.35885e-07
1.87348 1.82408 0 185 3.35911e-07
1.87423 1.82408 0 185 3.35938e-07
1.87498 1.82408 0 185 3.35928e-07
1.87573 1.82408 0 185 3.35888e-07
1.87648 1.82408 0 185 3.35818e-07
1.87723 1.82408 0 185 3.35703e-07
1.87798 1.82408 0 185 3.35579e-07
1.87873 1.82408 0 185 3.3541e-07
1.87948 1.82408 0 185 3.35164e-07
1.88023 1.82408 0 185 3.34827e-07
1.88098 1.82408 0 185 3.34408e-07
1.88173 1.82408 0 185 3.33907e-07
1.88248 1.82408 0 185 3.3329e-07
1.88323 1.82408 0 185 3.32544e-07
1.88398 1.82408 0 185 3.31719e-07
1.88473 1.82408 0 185 3.30681e-07
1.88548 1.82408 0 185 3.29467e-07
1.88623 1.82408 0 185 3.28045e-07
1.88698 1.82408 0 185 3.26364e-07
1.88773 1.82408 0 185 3.24461e-07
1.88848 1.82408 0 185 3.22242e-07
1.88923 1.82408 0 185 3.19702e-07
1.88998 1.82408 0 185 3.1679e-07
1.89073 1.82408 0 185 3.13414e-07
1.89148 1.82408 0 185 3.09616e-07
1.89223 1.82408 0 185 3.05221e-07
1.89298 1.82408 0 185 3.00242e-07
1.89373 1.82408 0 185 2.9458e-07
1.89448 1.82408 0 185 2.88118e-07
1.89523 1.82408 0 185 2.80741e-07
1.89598 1.82408 0 185 2.72366e-07
1.89673 1.82408 0 185 2.62723e-07
1.89748 1.82408 0 185 2.51971e-07
1.89823 1.82408 0 185 2.39786e-07
1.89898 1.82408 0 185 2.25937e-07
1.89973 1.82408 0 185 2.10294e-07
1.90048 1.82408 0 185 1.92596e-07
1.90123 1.82408 0 185 1.72584e-07
1.90198 1.82408 0 185 1.50026e-07
1.90273 1.82408 0 185 1.2461e-07
1.90348 1.82408 0 185 9.58865e-08
1.90423 1.82408 0 185 6.36024e-08
1.90498 1.82408 0 185 2.74117e-08
1.90573 1.82408 0 185 -1.32895e-08
1.90648 1.82408 0 185 -5.88434e-08
1.90723 1.82408 0 185 -1.09649e-07
1.90798 1.82408 0 185 -1.66168e-07
1.90873 1.82408 0 185 -2.28693e-07
1.90948 1.82408 0 185 -2.97587e-07
1.91024 1.82408 0 185 -3.72927e-07
1.91099 1.82408 0 185 -4.54445e-07
1.91174 1.82408 0 185 -5.41879e-07
1.91249 1.82408 0 185 -6.3419e-07
1.91324 1.82408 0 185 -7.29939e-07
1.91399 1.82408 0 185 -8.27249e-07
1.91474 1.82408 0 185 -9.65011e-07
1.91549 1.82408 0 185 -1.05858e-06
1.91624 1.82408 0 185 -1.14144e-06
1.91699 1.82408 0 185 -1.20711e-06
1.91774 1.82408 0 185 -1.24928e-06
1.91849 1.82408 0 185 -1.26103e-06
1.91924 1.82408 0 185 -1.23626e-06
1.91999 1.82408 0 185 -1.17033e-06
1.92074 1.82408 0 185 -1.06053e-06
1.92149 1.82408 0 185 -9.07037e-07
1.92224 1.82408 0 185 -7.14389e-07
1.92299 1.82408 0 185 -4.88867e-07
1.92374 1.82408 0 185 -2.40496e-07
1.92449 1.82408 0 185 1.96527e-08
1.92524 1.82408 0 185 2.80222e-07
1.92599 1.82408 0 185 5.3119e-07
1.92674 1.82408 0 185 7.64627e-07
1.92749 1.82408 0 185 9.74939e-07
1.92824 1.82408 0 185 1.15858e-06
1.92899 1.82408 0 185 1.31519e-06
1.92974 1.82408 0 185 1.44562e-06
1.93049 1.82408 0 185 1.55219e-06
1.93124 1.82408 0 185 1.63821e-06
1.93199 1.82408 0 185 1.70699e-06
1.93274 1.82408 0 185 1.76231e-06
1.93349 1.82408 0 185 1.80733e-06
1.93424 1.82408 0 185 1.84513e-06
1.93499 1.82408 0 185 1.87853e-06
1.93574 1.82408 0 185 1.90959e-06
1.93649 1.82408 0 185 1.94061e-06
1.93724 1.82408 0 185 1.97295e-06
1.93799 1.82408 0 185 2.00825e-06
1.93874 1.82408 0 185 2.04771e-06
1.93949 1.82408 0 185 2.09242e-06
1.94024 1.82408 0 185 2.14345e-06
1.94099 1.82408 0 185 2.20151e-06
1.94174 1.82408 0 185 2.26751e-06
1.94249 1.82408 0 185 2.34227e-06
1.94324 1.82408 0 185 2.42652e-06
1.94399 1.82408 0 185 2.52108e-06
1.94474 1.82408 0 185 2.62673e-06
1.94549 1.82408 0 185 2.74423e-06
1.94624 1.82408 0 185 2.87429e-06
1.94699 1.82408 0 185 3.01763e-06
1.94774 1.82408 0 185 3.17491e-06
1.94849 1.82408 0 185 3.34641e-06
1.94924 1.82408 0 185 3.53249e-06
1.94999 1.82408 0 185 3.73289e-06
1.95074 1.82408 0 185 3.94712e-06
1.95149 1.82408 0 185 4.174e-06
1.95224 1.82408 0 185 4.41141e-06
1.95299 1.82408 0 185 4.6566e-06
1.95374 1.82408 0 185 4.90545e-06
1.95449 1.82408 0 185 5.15266e-06
1.95524 1.82408 0 185 5.3917e-06
1.95599 1.82408 0 185 5.615e-06
1.95674 1.82408 0 185 5.81422e-06
1.95749 1.82408 0 185 5.9809e-06
1.95824 1.82408 0 185 6.10696e-06
1.95899 1.82408 0 185 6.18584e-06
1.95974 1.82408 0 185 6.21292e-06
1.96049 1.82408 0 185 6.18641e-06
1.96124 1.82408 0 185 6.10737e-06
1.96199 1.82408 0 185 5.97966e-06
1.96274 1.82408 0 185 5.80941e-06
1.96349 1.82408 0 185 5.6043e-06
1.96424 1.82408 0 185 5.3728e-06
1.96499 1.82408 0 185 5.12313e-06
1.96574 1.82408 0 185 4.8631e-06
1.96649 1.82408 0 185 4.59947e-06
1.96724 1.82408 0 185 4.33777e-06
1.96799 1.82408 0 185 4.08229e-06
1.96874 1.82408 0 185 3.83622e-06
1.96949 1.82408 0 185 3.60166e-06
1.97025 1.82408 0 185 3.37996e-06
1.971 1.82408 0 185 3.17414e-06
1.97175 1.82408 0 185 2.97949e-06
1.9725 1.82408 0 185 2.79834e-06
1.97325 1.82408 0 185 2.63017e-06
1.974 1.82408 0 185 2.47441e-06
1.97475 1.82408 0 185 2.33031e-06
1.9755 1.82408 0 185 2.19712e-06
1.97625 1.82408 0 185 2.07409e-06
1.977 1.82408 0 185 1.96042e-06
1.97775 1.82408 0 185 1.85538e-06
1.9785 1.82408 0 185 1.75828e-06
1.97925 1.82408 0 185 1.66847e-06
1.98 1.82408 0 185 1.58531e-06
1.98075 1.82408 0 185 1.50827e-06
1.9815 1.82408 0 185 1.43682e-06
1.98225 1.82408 0 185 1.3705e-06
1.983 1.82408 0 185 1.30887e-06
1.98375 1.82408 0 185 1.25152e-06
1.9845 1.82408 0 185 1.19811e-06
1.98525 1.82408 0 185 1.1483e-06
1.986 1.82408 0 185 1.10181e-06
1.98675 1.82408 0 185 1.05836e-06
1.9875 1.82408 0 185 1.01771e-06
1.98825 1.82408 0 185 9.79641e-07
1.989 1.82408 0 185 9.43944e-07
1.98975 1.82408 0 185 9.10442e-07
1.9905 1.82408 0 185 8.78959e-07
1.99125 1.82408 0 185 8.49344e-07
1.992 1.82408 0 185 8.2146e-07
1.99275 1.82408 0 185 7.95181e-07
1.9935 1.82408 0 185 7.70393e-07
1.99425 1.82408 0 185 7.46987e-07
1.995 1.82408 0 185 7.24862e-07
1.99575 1.82408 0 185 7.03933e-07
1.9965 1.82408 0 185 6.84113e-07
1.99725 1.82408 0 185 6.65336e-07
1.998 1.82408 0 185 6.47529e-07
1.99875 1.82408 0 185 6.30621e-07
1.9995 1.82408 0 185 6.14561e-07
2.00025 1.82408 0 185 5.99294e-07
2.001 1.82408 0 185 5.8477e-07
2.00175 1.82408 0 185 5.7094e-07
2.0025 1.82408 0 185 5.57764e-07
2.00325 1.82408 0 185 5.45205e-07
2.004 1.82408 0 185 5.33221e-07
2.00475 1.82408 0 185 5.21782e-07
2.0055 1.82408 0 185 5.10857e-07
2.00625 1.82408 0 185 5.00416e-07
2.007 1.82408 0 185 4.90435e-07
2.00775 1.82408 0 185 4.80877e-07
2.0085 1.82408 0 185 4.71725e-07
2.00925 1.82408 0 185 4.62956e-07
2.01 1.82408 0 185 4.54553e-07
2.01075 1.82408 0 185 4.46499e-07
2.0115 1.82408 0 185 4.38745e-07
2.01225 1.82408 0 185 4.31322e-07
2.013 1.82408 0 185 4.24195e-07
2.01375 1.82408 0 185 4.17346e-07
2.0145 1.82408 0 185 4.10762e-07
2.01525 1.82408 0 185 4.04431e-07
2.016 1.82408 0 185 3.98344e-07
2.01675 1.82408 0 185 3.92481e-07
2.0175 1.82408 0 185 3.86835e-07
2.01825 1.82408 0 185 3.814e-07
2.019 1.82408 0 185 3.76161e-07
2.01975 1.82408 0 185 3.7111e-07
2.0205 1.82408 0 185 3.66242e-07
2.02125 1.82408 0 185 3.61546e-07
2.022 1.82408 0 185 3.57014e-07
2.02275 1.82408 0 185 3.52641e-07
2.0235 1.82408 0 185 3.48421e-07
2.02425 1.82408 0 185 3.44341e-07
2.025 1.82408 0 185 3.40401e-07
2.02575 1.82408 0 185 3.36596e-07
2.0265 1.82408 0 185 3.32916e-07
2.02725 1.82408 0 185 3.29357e-07
2.028 1.82408 0 185 3.25917e-07
2.02875 1.82408 0 185 3.22588e-07
2.0295 1.82408 0 185 3.19367e-07
2.03026 1.82408 0 185 3.16253e-07
2.03101 1.82408 0 185 3.1356e-07
2.03176 1.82408 0 185 3.10633e-07
2.03251 1.82408 0 185 3.07799e-07
2.03326 1.82408 0 185 3.05053e-07
2.03401 1.82408 0 185 3.02394e-07
2.03476 1.82408 0 185 2.99818e-07
2.03551 1.82408 0 185 2.97322e-07
2.03626 1.82408 0 185 2.94903e-07
2.03701 1.82408 0 185 2.92559e-07
2.03776 1.82408 0 185 2.90285e-07
2.03851 1.82408 0 185 2.8808e-07
2.03926 1.82408 0 185 2.85942e-07
2.04001 1.82408 0 185 2.83868e-07
2.04076 1.82408 0 185 2.81857e-07
2.04151 1.82408 0 185 2.79907e-07
2.04226 1.82408 0 185 2.78016e-07
2.04301 1.82408 0 185 2.76184e-07
2.04376 1.82408 0 185 2.74406e-07
2.04451 1.82408 0 185 2.72679e-07
2.04526 1.82408 0 185 2.71003e-07
2.04601 1.82408 0 185 2.69378e-07
2.04676 1.82408 0 185 2.67801e-07
2.04751 1.82408 0 185 2.6627e-07
2.04826 1.82408 0 185 2.64786e-07
2.04901 1.82408 0 185 2.63346e-07
2.04976 1.82408 0 185 2.61949e-07
2.05051 1.82408 0 185 2.60593e-07
2.05126 1.82408 0 185 2.59279e-07
2.05201 1.82408 0 185 2.58004e-07
2.05276 1.82408 0 185 2.56765e-07
2.05351 1.82408 0 185 2.55566e-07
2.05426 1.82408 0 185 2.54402e-07
2.05501 1.82408 0 185 2.53275e-07
2.05576 1.82408 0 185 2.52181e-07
2.05651 1.82408 0 185 2.5112e-07
2.05726 1.82408 0 185 2.50093e-07
2.05801 1.82408 0 185 2.49096e-07
2.05876 1.82408 0 185 2.48132e-07
2.05951 1.82408 0 185 2.47195e-07
2.06026 1.82408 0 185 2.46288e-07
2.06101 1.82408 0 185 2.4541e-07
2.06176 1.82408 0 185 2.44559e-07
2.06251 1.82408 0 185 2.43738e-07
2.06326 1.82408 0 185 2.42943e-07
2.06401 1.82408 0 185 2.42174e-07
2.06476 1.82408 0 185 2.4143e-07
2.06551 1.82408 0 185 2.40712e-07
2.06626 1.82408 0 185 2.40016e-07
2.06701 1.82408 0 185 2.39345e-07
2.06776 1.82408 0 185 2.38699e-07
2.06851 1.82408 0 185 2.38074e-07
2.06926 1.82408 0 185 2.37471e-07
2.07001 1.82408 0 185 2.36892e-07
2.07076 1.82408 0 185 2.36334e-07
2.07151 1.82408 0 185 2.35795e-07
2.07226 1.82408 0 185 2.3528e-07
2.07301 1.82408 0 185 2.34783e-07
2.07376 1.82408 0 185 2.34305e-07
2.07451 1.82408 0 185 2.33839e-07
2.07526 1.82408 0 185 2.334e-07
2.07601 1.82408 0 185 2.32979e-07
2.07676 1.82408 0 185 2.32577e-07
2.07751 1.82408 0 185 2.32193e-07
2.07826 1.82408 0 185 2.31827e-07
2.07901 1.82408 0 185 2.31479e-07
2.07976 1.82408 0 185 2.31148e-07
2.08051 1.82408 0 185 2.30833e-07
2.08126 1.82408 0 185 2.30535e-07
2.08201 1.82408 0 185 2.30254e-07
2.08276 1.82408 0 185 2.29994e-07
2.08351 1.82408 0 185 2.29744e-07
2.08426 1.82408 0 185 2.2951e-07
2.08501 1.82408 0 185 2.2929e-07
2.08576 1.82408 0 185 2.2909e-07
2.08651 1.82408 0 185 2.28901e-07
2.08726 1.82408 0 185 2.28728e-07
2.08801 1.82408 0 185 2.28568e-07
2.08876 1.82408 0 185 2.28423e-07
2.08951 1.82408 0 185 2.28294e-07
2.09027 1.82408 0 185 2.28177e-07
2.09102 1.82408 0 185 2.28072e-07
2.09177 1.82408 0 185 2.2798e-07
2.09252 1.82408 0 185 2.27902e-07
2.09327 1.82408 0 185 2.2784e-07
2.09402 1.82408 0 185 2.27831e-07
2.09477 1.82408 0 185 2.2779e-07
2.09552 1.82408 0 185 2.27763e-07
2.09627 1.82408 0 185 2.27745e-07
2.09702 1.82408 0 185 2.27739e-07
2.09777 1.82408 0 185 2.27745e-07
2.09852 1.82408 0 185 2.27762e-07
2.09927 1.82408 0 185 2.27793e-07
2.10002 1.82408 0 185 2.27837e-07
2.10077 1.82408 0 185 2.27889e-07
2.10152 1.82408 0 185 2.27957e-07
2.10227 1.82408 0 185 2.2803e-07
2.10302 1.82408 0 185 2.28118e-07
2.10377 1.82408 0 185 2.28215e-07
2.10452 1.82408 0 185 2.28319e-07
2.10527 1.82408 0 185 2.28434e-07
2.10602 1.82408 0 185 2.28557e-07
2.10677 1.82408 0 185 2.28689e-07
2.10752 1.82408 0 185 2.28831e-07
2.10827 1.82408 0 185 2.28981e-07
2.10902 1.82408 0 185 2.29147e-07
2.10977 1.82408 0 185 2.29316e-07
2.11052 1.82408 0 185 2.29491e-07
2.11127 1.82408 0 185 2.29674e-07
2.11202 1.82408 0 185 2.29866e-07
2.11277 1.82408 0 185 2.30062e-07
2.11352 1.82408 0 185 2.30265e-07
2.11427 1.82408 0 185 2.30477e-07
2.11502 1.82408 0 185 2.30691e-07
2.11577 1.82408 0 185 2.30916e-07
2.11652 1.82408 0 185 2.3114e-07
2.11727 1.82408 0 185 2.3137e-07
2.11802 1.82408 0 185 2.31601e-07
2.11877 1.82408 0 185 2.31839e-07
2.11952 1.82408 0 185 2.32075e-07
2.12027 1.82408 0 185 2.32316e-07
2.12102 1.82408 0 185 2.32556e-07
2.12177 1.82408 0 185 2.32802e-07
2.12252 1.82408 0 185 2.33041e-07
2.12327 1.82408 0 185 2.33278e-07
2.12402 1.82408 0 185 2.33503e-07
2.12477 1.82408 0 185 2.33723e-07
2.12552 1.82408 0 185 2.33947e-07
2.12627 1.82408 0 185 2.34151e-07
2.12702 1.82408 0 185 2.34344e-07
2.12777 1.82408 0 185 2.34523e-07
2.12852 1.82408 0 185 2.34689e-07
2.12927 1.82408 0 185 2.34841e-07
2.13002 1.82408 0 185 2.3497e-07
2.13077 1.82408 0 185 2.35072e-07
2.13152 1.82408 0 185 2.35144e-07
2.13227 1.82408 0 185 2.35184e-07
2.13302 1.82408 0 185 2.35189e-07
2.13377 1.82408 0 185 2.35157e-07
2.13452 1.82408 0 185 2.35078e-07
2.13527 1.82408 0 185 2.34955e-07
2.13602 1.82408 0 185 2.34763e-07
2.13677 1.82408 0 185 2.34508e-07
2.13752 1.82408 0 185 2.34181e-07
2.13827 1.82408 0 185 2.33779e-07
2.13902 1.82408 0 185 2.3327e-07
2.13977 1.82408 0 185 2.32659e-07
2.14052 1.82408 0 185 2.31952e-07
2.14127 1.82408 0 185 2.31058e-07
2.14202 1.82408 0 185 2.3007e-07
2.14277 1.82408 0 185 2.2891e-07
2.14352 1.82408 0 185 2.27594e-07
2.14427 1.82408 0 185 2.26065e-07
2.14502 1.82408 0 185 2.24346e-07
2.14577 1.82408 0 185 2.22371e-07
2.14652 1.82408 0 185 2.20193e-07
2.14727 1.82408 0 185 2.1769e-07
2.14802 1.82408 0 185 2.14907e-07
2.14877 1.82408 0 185 2.11806e-07
2.14952 1.82408 0 185 2.08443e-07
2.15028 1.82408 0 185 2.04716e-07
2.15103 1.82408 0 185 2.00623e-07
2.15178 1.82408 0 185 1.96221e-07
2.15253 1.82408 0 185 1.9151e-07
2.15328 1.82408 0 185 1.86545e-07
2.15403 1.82408 0 185 1.81406e-07
2.15478 1.82408 0 185 1.76181e-07
2.15553 1.82408 0 185 1.71025e-07
2.15628 1.82408 0 185 1.66121e-07
2.15703 1.82408 0 185 1.61691e-07
2.15778 1.82408 0 185 1.57976e-07
2.15853 1.82408 0 185 1.55326e-07
2.15928 1.82408 0 185 1.54026e-07
2.16003 1.82408 0 185 1.54396e-07
2.16078 1.82408 0 185 1.5673e-07
2.16153 1.82408 0 185 1.61522e-07
2.16228 1.82408 0 185 1.68397e-07
2.16303 1.82408 0 185 1.77574e-07
2.16378 1.82408 0 185 1.88893e-07
2.16453 1.82408 0 185 2.02068e-07
2.16528 1.82408 0 185 2.16657e-07
2.16603 1.82408 0 185 2.32114e-07
2.16678 1.82408 0 185 2.47847e-07
2.16753 1.82408 0 185 2.63384e-07
2.16828 1.82408 0 185 2.78249e-07
2.16903 1.82408 0 185 2.92023e-07
2.16978 1.82408 0 185 3.04381e-07
2.17053 1.82408 0 185 3.15219e-07
2.17128 1.82408 0 185 3.24494e-07
2.17203 1.82408 0 185 3.32208e-07
2.17278 1.82408 0 185 3.38477e-07
2.17353 1.82408 0 185 3.43436e-07
2.17428 1.82408 0 185 3.47227e-07
2.17503 1.82408 0 185 3.5006e-07
2.17578 1.82408 0 185 3.52055e-07
2.17653 1.82408 0 185 3.5344e-07
2.17728 1.82408 0 185 3.54342e-07
2.17803 1.82408 0 185 3.54827e-07
2.17878 1.82408 0 185 3.55063e-07
2.17953 1.82408 0 185 3.5511e-07
2.18028 1.82408 0 185 3.55034e-07
2.18103 1.82408 0 185 3.5489e-07
2.18178 1.82408 0 185 3.54707e-07
2.18253 1.82408 0 185 3.54542e-07
2.18328 1.82408 0 185 3.54438e-07
2.18403 1.82408 0 185 3.54381e-07
2.18478 1.82408 0 185 3.54396e-07
2.18553 1.82408 0 185 3.54506e-07
2.18628 1.82408 0 185 3.54708e-07
2.18703 1.82408 0 185 3.55009e-07
2.18778 1.82408 0 185 3.55403e-07
2.18853 1.82408 0 185 3.55902e-07
2.18928 1.82408 0 185 3.56499e-07
2.19003 1.82408 0 185 3.57184e-07
2.19078 1.82408 0 185 3.57972e-07
2.19153 1.82408 0 185 3.58859e-07
2.19228 1.82408 0 185 3.5983e-07
2.19303 1.82408 0 185 3.60902e-07
2.19378 1.82408 0 185 3.62057e-07
2.19453 1.82408 0 185 3.63298e-07
2.19528 1.82408 0 185 3.64622e-07
2.19603 1.82408 0 185 3.66025e-07
2.19678 1.82408 0 185 3.67506e-07
2.19753 1.82408 0 185 3.69058e-07
2.19828 1.82408 0 185 3.70687e-07
2.19903 1.82408 0 185 3.72383e-07
2.19978 1.82408 0 185 3.74162e-07
2.20053 1.82408 0 185 3.75995e-07
2.20128 1.82408 0 185 3.77901e-07
2.20203 1.82408 0 185 3.79874e-07
2.20278 1.82408 0 185 3.8191e-07
2.20353 1.82408 0 185 3.84012e-07
2.20428 1.82408 0 185 3.86171e-07
2.20503 1.82408 0 185 3.88394e-07
2.20578 1.82408 0 185 3.90679e-07
2.20653 1.82408 0 185 3.93028e-07
2.20728 1.82408 0 185 3.95437e-07
2.20803 1.82408 0 185 3.97908e-07
2.20878 1.82408 0 185 4.00436e-07
2.20953 1.82408 0 185 4.03025e-07
2.21029 1.82408 0 185 4.05673e-07
2.21104 1.82408 0 185 4.08381e-07
2.21179 1.82408 0 185 4.11148e-07
2.21254 1.82408 0 185 4.14013e-07
2.21329 1.82408 0 185 4.16905e-07
2.21404 1.82408 0 185 4.19855e-07
2.21479 1.82408 0 185 4.22866e-07
2.21554 1.82408 0 185 4.25938e-07
2.21629 1.82408 0 185 4.29072e-07
2.21704 1.82408 0 185 4.32271e-07
2.21779 1.82408 0 185 4.35535e-07
2.21854 1.82408 0 185 4.38859e-07
2.21929 1.82408 0 185 4.42252e-07
2.22004 1.82408 0 185 4.45709e-07
2.22079 1.82408 0 185 4.49236e-07
2.22154 1.82408 0 185 4.5283e-07
2.22229 1.82408 0 185 4.56494e-07
2.22304 1.82408 0 185 4.60229e-07
2.22379 1.82408 0 185 4.64035e-07
2.22454 1.82408 0 185 4.67913e-07
2.22529 1.82408 0 185 4.71864e-07
2.22604 1.82408 0 185 4.75892e-07
2.22679 1.82408 0 185 4.79998e-07
2.22754 1.82408 0 185 4.84182e-07
2.22829 1.82408 0 185 4.88444e-07
2.22904 1.82408 0 185 4.92785e-07
2.22979 1.82408 0 185 4.9721e-07
2.23054 1.82408 0 185 5.01716e-07
2.23129 1.82408 0 185 5.06305e-07
2.23204 1.82408 0 185 5.10978e-07
2.23279 1.82408 0 185 5.15737e-07
2.23354 1.82408 0 185 5.20341e-07
2.23429 1.82408 0 185 5.25264e-07
2.23504 1.82408 0 185 5.30274e-07
2.23579 1.82408 0 185 5.35366e-07
2.23654 1.82408 0 185 5.40546e-07
2.23729 1.82408 0 185 5.45812e-07
2.23804 1.82408 0 185 5.51162e-07
2.23879 1.82408 0 185 5.56591e-07
2.23954 1.82408 0 185 5.62107e-07
2.24029 1.82408 0 185 5.67711e-07
2.24104 1.82408 0 185 5.73401e-07
2.24179 1.82408 0 185 5.79181e-07
2.24254 1.82408 0 185 5.85052e-07
2.24329 1.82408 0 185 5.91017e-07
2.24404 1.82408 0 185 5.97082e-07
2.24479 1.82408 0 185 6.03252e-07
2.24554 1.82408 0 185 6.0953e-07
2.24629 1.82408 0 185 6.15924e-07
2.24704 1.82408 0 185 6.22441e-07
2.24779 1.82408 0 185 6.29085e-07
2.24854 1.82408 0 185 6.35856e-07
2.24929 1.82408 0 185 6.42765e-07
2.25004 1.82408 0 185 6.49823e-07
2.25079 1.82408 0 185 6.5703e-07
2.25154 1.82408 0 185 6.64389e-07
2.25229 1.82408 0 185 6.71905e-07
2.25304 1.82408 0 185 6.79584e-07
2.25379 1.82408 0 185 6.87432e-07
2.25454 1.82408 0 185 6.95451e-07
2.25529 1.82408 0 185 7.03647e-07
2.25604 1.82408 0 185 7.12023e-07
2.25679 1.82408 0 185 7.20584e-07
2.25754 1.82408 0 185 7.29333e-07
2.25829 1.82408 0 185 7.38277e-07
2.25904 1.82408 0 185 7.47419e-07
2.25979 1.82408 0 185 7.56768e-07
2.26054 1.82408 0 185 7.66327e-07
2.26129 1.82408 0 185 7.76103e-07
2.26204 1.82408 0 185 7.86099e-07
2.26279 1.82408 0 185 7.96321e-07
2.26354 1.82408 0 185 8.06773e-07
2.26429 1.82408 0 185 8.1747e-07
2.26504 1.82408 0 185 8.28414e-07
2.26579 1.82408 0 185 8.39611e-07
2.26654 1.82408 0 185 8.5107e-07
2.26729 1.82408 0 185 8.62798e-07
2.26804 1.82408 0 185 8.74795e-07
2.26879 1.82408 0 185 8.87083e-07
2.26954 1.82408 0 185 8.99667e-07
2.2703 1.82408 0 185 9.12553e-07
2.27105 1.82408 0 185 9.25752e-07
2.2718 1.82408 0 185 9.39272e-07
2.27255 1.82408 0 185 9.53126e-07
2.2733 1.82408 0 185 9.67323e-07
2.27405 1.82408 0 185 9.81874e-07
2.2748 1.82408 0 185 9.96793e-07
2.27555 1.82408 0 185 1.01209e-06
2.2763 1.82408 0 185 1.02776e-06
2.27705 1.82408 0 185 1.04385e-06
2.2778 1.82408 0 185 1.06035e-06
2.27855 1.82408 0 185 1.07729e-06
2.2793 1.82408 0 185 1.09466e-06
2.28005 1.82408 0 185 1.1125e-06
2.2808 1.82408 0 185 1.13082e-06
2.28155 1.82408 0 185 1.14963e-06
2.2823 1.82408 0 185 1.16896e-06
2.28305 1.82408 0 185 1.18881e-06
2.2838 1.82408 0 185 1.20922e-06
2.28455 1.82408 0 185 1.23019e-06
2.2853 1.82408 0 185 1.25177e-06
2.28605 1.82408 0 185 1.27395e-06
2.2868 1.82408 0 185 1.29677e-06
2.28755 1.82408 0 185 1.32025e-06
2.2883 1.82408 0 185 1.34442e-06
2.28905 1.82408 0 185 1.36934e-06
2.2898 1.82408 0 185 1.39497e-06
2.29055 1.82408 0 185 1.42136e-06
2.2913 1.82408 0 185 1.44855e-06
2.29205 1.82408 0 185 1.47658e-06
2.2928 1.82408 0 185 1.50548e-06
2.29355 1.82408 0 185 1.53529e-06
2.2943 1.82408 0 185 1.56602e-06
2.29505 1.82408 0 185 1.59775e-06
2.2958 1.82408 0 185 1.63049e-06
2.29655 1.82408 0 185 1.6643e-06
2.2973 1.82408 0 185 1.69923e-06
2.29805 1.82408 0 185 1.73532e-06
2.2988 1.82408 0 185 1.77262e-06
2.29955 1.82408 0 185 1.81119e-06
2.3003 1.82408 0 185 1.85108e-06
2.30105 1.82408 0 185 1.89235e-06
2.3018 1.82408 0 185 1.93507e-06
2.30255 1.82408 0 185 1.97931e-06
2.3033 1.82408 0 185 2.02514e-06
2.30405 1.82408 0 185 2.07263e-06
2.3048 1.82408 0 185 2.12186e-06
2.30555 1.82408 0 185 2.17292e-06
2.3063 1.82408 0 185 2.2259e-06
2.30705 1.82408 0 185 2.2809e-06
2.3078 1.82408 0 185 2.33801e-06
2.30855 1.82408 0 185 2.39734e-06
2.3093 1.82408 0 185 2.45901e-06
2.31005 1.82408 0 185 2.52313e-06
2.3108 1.82408 0 185 2.58741e-06
2.31155 1.82408 0 185 2.65676e-06
2.3123 1.82408 0 185 2.729e-06
2.31305 1.82408 0 185 2.80425e-06
2.3138 1.82408 0 185 2.88272e-06
2.31455 1.82408 0 185 2.96455e-06
2.3153 1.82408 0 185 3.04995e-06
2.31605 1.82408 0 185 3.13911e-06
2.3168 1.82408 0 185 3.23226e-06
2.31755 1.82408 0 185 3.32965e-06
2.3183 1.82408 0 185 3.43151e-06
2.31905 1.82408 0 185 3.53812e-06
2.3198 1.82408 0 185 3.64976e-06
2.32055 1.82408 0 185 3.76673e-06
2.3213 1.82408 0 185 3.88939e-06
2.32205 1.82408 0 185 4.0181e-06
2.3228 1.82408 0 185 4.15323e-06
2.32355 1.82408 0 185 4.2952e-06
2.3243 1.82408 0 185 4.44447e-06
2.32505 1.82408 0 185 4.60152e-06
2.3258 1.82408 0 185 4.76685e-06
2.32655 1.82408 0 185 4.94102e-06
2.3273 1.82408 0 185 5.12466e-06
2.32805 1.82408 0 185 5.31846e-06
2.3288 1.82408 0 185 5.52315e-06
2.32955 1.82408 0 185 5.73947e-06
2.33031 1.82408 0 185 5.96826e-06
2.33106 1.82408 0 185 6.21043e-06
2.33181 1.82408 0 185 6.46696e-06
2.33256 1.82408 0 185 6.73893e-06
2.33331 1.82408 0 185 7.02747e-06
2.33406 1.82408 0 185 7.33387e-06
2.33481 1.82408 0 185 7.65949e-06
2.33556 1.82408 0 185 8.0058e-06
2.33631 1.82408 0 185 8.37436e-06
2.33706 1.82408 0 185 8.76696e-06
2.33781 1.82408 0 185 9.18544e-06
2.33856 1.82408 0 185 9.63179e-06
2.33931 1.82408 0 185 1.01082e-05
2.34006 1.82408 0 185 1.06169e-05
2.34081 1.82408 0 185 1.11604e-05
2.34156 1.82408 0 185 1.17414e-05
2.34231 1.82408 0 185 1.23625e-05
2.34306 1.82408 0 185 1.30268e-05
2.34381 1.82408 0 185 1.37371e-05
2.34456 1.82408 0 185 1.44966e-05
2.34531 1.82408 0 185 1.53083e-05
2.34606 1.82408 0 185 1.61751e-05
2.34681 1.82408 0 185 1.71e-05
2.34756 1.82408 0 185 1.80854e-05
2.34831 1.82408 0 185 1.91333e-05
2.34906 1.82408 0 185 2.0245e-05
2.34981 1.82408 0 185 2.14206e-05
2.35056 1.82408 0 185 2.26592e-05
2.35131 1.82408 0 185 2.39578e-05
2.35206 1.82408 0 185 2.53114e-05
2.35281 1.82408 0 185 2.67121e-05
2.35356 1.82408 0 185 2.81489e-05
2.35431 1.82408 0 185 2.96071e-05
2.35506 1.82408 0 185 3.1068e-05
2.35581 1.82408 0 185 3.25086e-05
2.35656 1.82408 0 185 3.3902e-05
2.35731 1.82408 0 185 3.52176e-05
2.35806 1.82408 0 185 3.64223e-05
2.35881 1.82408 0 185 3.74822e-05
2.35956 1.82408 0 185 3.83638e-05
2.36031 1.82408 0 185 3.90373e-05
2.36106 1.82408 0 185 3.94782e-05
2.36181 1.82408 0 185 3.96696e-05
2.36256 1.82408 0 185 3.9604e-05
2.36331 1.82408 0 185 3.92836e-05
2.36406 1.82408 0 185 3.87204e-05
2.36481 1.82408 0 185 3.79349e-05
2.36556 1.82408 0 185 3.69546e-05
2.36631 1.82408 0 185 3.58115e-05
2.36706 1.82408 0 185 3.45391e-05
2.36781 1.82408 0 185 3.31718e-05
2.36856 1.82408 0 185 3.17417e-05
2.36931 1.82408 0 185 3.02781e-05
2.37006 1.82408 0 185 2.88062e-05
2.37081 1.82408 0 185 2.73464e-05
2.37156 1.82408 0 185 2.59169e-05
2.37231 1.82408 0 185 2.45302e-05
2.37306 1.82408 0 185 2.31955e-05
2.37381 1.82408 0 185 2.19194e-05
2.37456 1.82408 0 185 2.07059e-05
2.37531 1.82408 0 185 1.95568e-05
2.37606 1.82408 0 185 1.84727e-05
2.37681 1.82408 0 185 1.74526e-05
2.37756 1.82408 0 185 1.64947e-05
2.37831 1.82408 0 185 1.5597e-05
2.37906 1.82408 0 185 1.47565e-05
2.37981 1.82408 0 185 1.39703e-05
2.38056 1.82408 0 185 1.32355e-05
2.38131 1.82408 0 185 1.25486e-05
2.38206 1.82408 0 185 1.19068e-05
2.38281 1.82408 0 185 1.13071e-05
2.38356 1.82408 0 185 1.07465e-05
2.38431 1.82408 0 185 1.02222e-05
2.38506 1.82408 0 185 9.73186e-06
2.38581 1.82408 0 185 9.27291e-06
2.38656 1.82408 0 185 8.84308e-06
2.38731 1.82408 0 185 8.44029e-06
2.38806 1.82408 0 185 8.06258e-06
2.38881 1.82408 0 185 7.70814e-06
2.38956 1.82408 0 185 7.37529e-06
2.39032 1.82408 0 185 7.06248e-06
2.39107 1.82408 0 185 6.76828e-06
2.39182 1.82408 0 185 6.49136e-06
2.39257 1.82408 0 185 6.23052e-06
2.39332 1.82408 0 185 5.98793e-06
2.39407 1.82408 0 185 5.75567e-06
2.39482 1.82408 0 185 5.5364e-06
2.39557 1.82408 0 185 5.32923e-06
2.39632 1.82408 0 185 5.13334e-06
2.39707 1.82408 0 185 4.94801e-06
2.39782 1.82408 0 185 4.7725e-06
2.39857 1.82408 0 185 4.60619e-06
2.39932 1.82408 0 185 4.4485e-06
2.40007 1.82408 0 185 4.29887e-06
2.40082 1.82408 0 185 4.15682e-06
2.40157 1.82408 0 185 4.02185e-06
2.40232 1.82408 0 185 3.89352e-06
2.40307 1.82408 0 185 3.77146e-06
2.40382 1.82408 0 185 3.65527e-06
2.40457 1.82408 0 185 3.54462e-06
2.40532 1.82408 0 185 3.43917e-06
2.40607 1.82408 0 185 3.33864e-06
2.40682 1.82408 0 185 3.24274e-06
2.40757 1.82408 0 185 3.15122e-06
2.40832 1.82408 0 185 3.06382e-06
2.40907 1.82408 0 185 2.98034e-06
2.40982 1.82408 0 185 2.90055e-06
2.41057 1.82408 0 185 2.82426e-06
2.41132 1.82408 0 185 2.75129e-06
2.41207 1.82408 0 185 2.68146e-06
2.41282 1.82408 0 185 2.61462e-06
2.41357 1.82408 0 185 2.55061e-06
2.41432 1.82408 0 185 2.4893e-06
2.41507 1.82408 0 185 2.43056e-06
2.41582 1.82408 0 185 2.37426e-06
2.41657 1.82408 0 185 2.32028e-06
2.41732 1.82408 0 185 2.26852e-06
2.41807 1.82408 0 185 2.21888e-06
2.41882 1.82408 0 185 2.17125e-06
2.41957 1.82408 0 185 2.12556e-06
2.42032 1.82408 0 185 2.08171e-06
2.42107 1.82408 0 185 2.03963e-06
2.42182 1.82408 0 185 1.99925e-06
2.42257 1.82408 0 185 1.96049e-06
2.42332 1.82408 0 185 1.9233e-06
2.42407 1.82408 0 185 1.8876e-06
2.42482 1.82408 0 185 1.85335e-06
2.42557 1.82408 0 185 1.82048e-06
2.42632 1.82408 0 185 1.78894e-06
2.42707 1.82408 0 185 1.75869e-06
2.42782 1.82408 0 185 1.72969e-06
2.42857 1.82408 0 185 1.70188e-06
2.42932 1.82408 0 185 1.67524e-06
2.43007 1.82408 0 185 1.64973e-06
2.43082 1.82408 0 185 1.62531e-06
2.43157 1.82408 0 185 1.60194e-06
2.43232 1.82408 0 185 1.57961e-06
2.43307 1.82408 0 185 1.55828e-06
2.43382 1.82408 0 185 1.53792e-06
2.43457 1.82408 0 185 1.51852e-06
2.43532 1.82408 0 185 1.50005e-06
2.43607 1.82408 0 185 1.4825e-06
2.43682 1.82408 0 185 1.46583e-06
2.43757 1.82408 0 185 1.45005e-06
2.43832 1.82408 0 185 1.43513e-06
2.43907 1.82408 0 185 1.42106e-06
2.43982 1.82408 0 185 1.40782e-06
2.44057 1.82408 0 185 1.39542e-06
2.44132 1.82408 0 185 1.38384e-06
2.44207 1.82408 0 185 1.37307e-06
2.44282 1.82408 0 185 1.36312e-06
2.44357 1.82408 0 185 1.35398e-06
2.44432 1.82408 0 185 1.34565e-06
2.44507 1.82408 0 185 1.33812e-06
2.44582 1.82408 0 185 1.33141e-06
2.44657 1.82408 0 185 1.32551e-06
2.44732 1.82408 0 185 1.32044e-06
2.44807 1.82408 0 185 1.31619e-06
2.44882 1.82408 0 185 1.31279e-06
2.44957 1.82408 0 185 1.31024e-06
2.45033 1.82408 0 185 1.30855e-06
2.45108 1.82408 0 185 1.30775e-06
2.45183 1.82408 0 185 1.30784e-06
2.45258 1.82408 0 185 1.30887e-06
2.45333 1.82408 0 185 1.31084e-06
2.45408 1.82408 0 185 1.31378e-06
2.45483 1.82408 0 185 1.31773e-06
2.45558 1.82408 0 185 1.32272e-06
2.45633 1.82408 0 185 1.32878e-06
2.45708 1.82408 0 185 1.33595e-06
2.45783 1.82408 0 185 1.34429e-06
2.45858 1.82408 0 185 1.35384e-06
2.45933 1.82408 0 185 1.36463e-06
2.46008 1.82408 0 185 1.37675e-06
2.46083 1.82408 0 185 1.39024e-06
2.46158 1.82408 0 185 1.40518e-06
2.46233 1.82408 0 185 1.42165e-06
2.46308 1.82408 0 185 1.43971e-06
2.46383 1.82408 0 185 1.45946e-06
2.46458 1.82408 0 185 1.481e-06
2.46533 1.82408 0 185 1.50442e-06
2.46608 1.82408 0 185 1.52985e-06
2.46683 1.82408 0 185 1.55739e-06
2.46758 1.82408 0 185 1.58719e-06
2.46833 1.82408 0 185 1.61939e-06
2.46908 1.82408 0 185 1.65412e-06
2.46983 1.82408 0 185 1.69158e-06
2.47058 1.82408 0 185 1.73191e-06
2.47133 1.82408 0 185 1.77534e-06
2.47208 1.82408 0 185 1.82205e-06
2.47283 1.82408 0 185 1.87229e-06
2.47358 1.82408 0 185 1.92628e-06
2.47433 1.82408 0 185 1.98427e-06
2.47508 1.82408 0 185 2.04655e-06
2.47583 1.82408 0 185 2.11337e-06
2.47658 1.82408 0 185 2.18507e-06
2.47733 1.82408 0 185 2.26195e-06
2.47808 1.82408 0 185 2.34433e-06
2.47883 1.82408 0 185 2.43255e-06
2.47958 1.82408 0 185 2.52693e-06
2.48033 1.82408 0 185 2.62782e-06
2.48108 1.82408 0 185 2.73551e-06
2.48183 1.82408 0 185 2.85036e-06
2.48258 1.82408 0 185 2.9725e-06
2.48333 1.82408 0 185 3.10216e-06
2.48408 1.82408 0 185 3.23947e-06
2.48483 1.82408 0 185 3.38437e-06
2.48558 1.82408 0 185 3.53672e-06
2.48633 1.82408 0 185 3.69618e-06
2.48708 1.82408 0 185 3.86214e-06
2.48783 1.82408 0 185 4.03376e-06
2.48858 1.82408 0 185 4.20981e-06
2.48933 1.82408 0 185 4.38875e-06
2.49008 1.82408 0 185 4.5686e-06
2.49083 1.82408 0 185 4.74695e-06
2.49158 1.82408 0 185 4.92099e-06
2.49233 1.82408 0 185 5.0875e-06
2.49308 1.82408 0 185 5.24299e-06
2.49383 1.82408 0 185 5.38374e-06
2.49458 1.82408 0 185 5.50604e-06
2.49533 1.82408 0 185 5.60635e-06
2.49608 1.82408 0 185 5.68155e-06
2.49683 1.82408 0 185 5.72909e-06
2.49758 1.82408 0 185 5.7473e-06
2.49833 1.82408 0 185 5.7354e-06
2.49908 1.82408 0 185 5.69368e-06
2.49983 1.82408 0 185 5.62336e-06
2.50058 1.82408 0 185 5.52664e-06
2.50133 1.82408 0 185 5.40628e-06
2.50208 1.82408 0 185 5.26568e-06
2.50283 1.82408 0 185 5.1085e-06
2.50358 1.82408 0 185 4.93849e-06
2.50433 1.82408 0 185 4.75929e-06
2.50508 1.82408 0 185 4.57423e-06
2.50583 1.82408 0 185 4.38634e-06
2.50658 1.82408 0 185 4.19826e-06
2.50733 1.82408 0 185 4.01216e-06
2.50808 1.82408 0 185 3.82979e-06
2.50883 1.82408 0 185 3.65254e-06
2.50958 1.82408 0 185 3.48141e-06
2.51034 1.82408 0 185 3.31712e-06
2.51109 1.82408 0 185 3.16015e-06
2.51184 1.82408 0 185 3.0107e-06
2.51259 1.82408 0 185 2.86887e-06
2.51334 1.82408 0 185 2.73461e-06
2.51409 1.82408 0 185 2.60777e-06
2.51484 1.82408 0 185 2.48812e-06
2.51559 1.82408 0 185 2.37539e-06
2.51634 1.82408 0 185 2.26926e-06
2.51709 1.82408 0 185 2.16941e-06
2.51784 1.82408 0 185 2.0755e-06
2.51859 1.82408 0 185 1.98719e-06
2.51934 1.82408 0 185 1.90413e-06
2.52009 1.82408 0 185 1.82602e-06
2.52084 1.82408 0 185 1.75253e-06
2.52159 1.82408 0 185 1.68336e-06
2.52234 1.82408 0 185 1.61824e-06
2.52309 1.82408 0 185 1.55689e-06
2.52384 1.82408 0 185 1.49906e-06
2.52459 1.82408 0 185 1.44452e-06
2.52534 1.82408 0 185 1.39305e-06
2.52609 1.82408 0 185 1.34444e-06
2.52684 1.82408 0 185 1.29849e-06
2.52759 1.82408 0 185 1.25504e-06
2.52834 1.82408 0 185 1.21392e-06
2.52909 1.82408 0 185 1.17497e-06
2.52984 1.82408 0 185 1.13805e-06
2.53059 1.82408 0 185 1.10303e-06
2.53134 1.82408 0 185 1.06979e-06
2.53209 1.82408 0 185 1.03821e-06
2.53284 1.82408 0 185 1.00819e-06
2.53359 1.82408 0 185 9.79627e-07
2.53434 1.82408 0 185 9.52435e-07
2.53509 1.82408 0 185 9.26524e-07
2.53584 1.82408 0 185 9.01822e-07
2.53659 1.82408 0 185 8.7826e-07
2.53734 1.82408 0 185 8.55759e-07
2.53809 1.82408 0 185 8.34263e-07
2.53884 1.82408 0 185 8.13711e-07
2.53959 1.82408 0 185 7.94052e-07
2.54034 1.82408 0 185 7.75232e-07
2.54109 1.82408 0 185 7.57205e-07
2.54184 1.82408 0 185 7.39927e-07
2.54259 1.82408 0 185 7.23357e-07
2.54334 1.82408 0 185 7.07459e-07
2.54409 1.82408 0 185 6.92191e-07
2.54484 1.82408 0 185 6.77521e-07
2.54559 1.82408 0 185 6.63423e-07
2.54634 1.82408 0 185 6.49859e-07
2.54709 1.82408 0 185 6.36808e-07
2.54784 1.82408 0 185 6.24244e-07
2.54859 1.82408 0 185 6.12138e-07
2.54934 1.82408 0 185 6.00471e-07
2.55009 1.82408 0 185 5.8922e-07
2.55084 1.82408 0 185 5.78365e-07
2.55159 1.82408 0 185 5.6789e-07
2.55234 1.82408 0 185 5.57773e-07
2.55309 1.82408 0 185 5.47972e-07
2.55384 1.82408 0 185 5.38522e-07
2.55459 1.82408 0 185 5.2939e-07
2.55534 1.82408 0 185 5.20552e-07
2.55609 1.82408 0 185 5.12002e-07
2.55684 1.82408 0 185 5.03721e-07
2.55759 1.82408 0 185 4.95701e-07
2.55834 1.82408 0 185 4.87929e-07
2.55909 1.82408 0 185 4.80397e-07
2.55984 1.82408 0 185 4.7309e-07
2.56059 1.82408 0 185 4.66004e-07
2.56134 1.82408 0 185 4.59128e-07
2.56209 1.82408 0 185 4.5245e-07
2.56284 1.82408 0 185 4.45965e-07
2.56359 1.82408 0 185 4.39665e-07
2.56434 1.82408 0 185 4.33543e-07
2.56509 1.82408 0 185 4.27593e-07
2.56584 1.82408 0 185 4.21804e-07
2.56659 1.82408 0 185 4.16173e-07
2.56734 1.82408 0 185 4.10694e-07
2.56809 1.82408 0 185 4.05361e-07
2.56884 1.82408 0 185 4.00168e-07
2.56959 1.82408 0 185 3.9511e-07
2.57035 1.82408 0 185 3.90182e-07
2.5711 1.82408 0 185 3.8538e-07
2.57185 1.82408 0 185 3.80697e-07
2.5726 1.82408 0 185 3.76132e-07
2.57335 1.82408 0 185 3.71681e-07
2.5741 1.82408 0 185 3.67336e-07
2.57485 1.82408 0 185 3.63096e-07
2.5756 1.82408 0 185 3.58954e-07
2.57635 1.82408 0 185 3.54914e-07
2.5771 1.82408 0 185 3.51263e-07
2.57785 1.82408 0 185 3.47406e-07
2.5786 1.82408 0 185 3.43636e-07
2.57935 1.82408 0 185 3.39953e-07
2.5801 1.82408 0 185 3.36351e-07
2.58085 1.82408 0 185 3.32826e-07
2.5816 1.82408 0 185 3.29377e-07
2.58235 1.82408 0 185 3.26007e-07
2.5831 1.82408 0 185 3.22703e-07
2.58385 1.82408 0 185 3.19468e-07
2.5846 1.82408 0 185 3.16303e-07
2.58535 1.82408 0 185 3.13199e-07
2.5861 1.82408 0 185 3.10157e-07
2.58685 1.82408 0 185 3.07178e-07
2.5876 1.82408 0 185 3.04255e-07
2.58835 1.82408 0 185 3.01389e-07
2.5891 1.82408 0 185 2.98576e-07
2.58985 1.82408 0 185 2.95814e-07
2.5906 1.82408 0 185 2.93104e-07
2.59135 1.82408 0 185 2.90443e-07
2.5921 1.82408 0 185 2.87828e-07
2.59285 1.82408 0 185 2.85258e-07
2.5936 1.82408 0 185 2.82733e-07
2.59435 1.82408 0 185 2.80249e-07
2.5951 1.82408 0 185 2.77806e-07
2.59585 1.82408 0 185 2.75401e-07
2.5966 1.82408 0 185 2.73033e-07
2.59735 1.82408 0 185 2.70712e-07
2.5981 1.82408 0 185 2.68413e-07
2.59885 1.82408 0 185 2.66148e-07
2.5996 1.82408 0 185 2.63913e-07
2.60035 1.82408 0 185 2.61708e-07
2.6011 1.82408 0 185 2.5953e-07
2.60185 1.82408 0 185 2.57379e-07
2.6026 1.82408 0 185 2.55254e-07
2.60335 1.82408 0 185 2.53156e-07
2.6041 1.82408 0 185 2.51074e-07
2.60485 1.82408 0 185 2.49013e-07
2.6056 1.82408 0 185 2.46969e-07
2.60635 1.82408 0 185 2.44942e-07
2.6071 1.82408 0 185 2.42936e-07
2.60785 1.82408 0 185 2.40937e-07
2.6086 1.82408 0 185 2.38951e-07
2.60935 1.82408 0 185 2.36977e-07
2.6101 1.82408 0 185 2.35005e-07
2.61085 1.82408 0 185 2.33038e-07
2.6116 1.82408 0 185 2.31074e-07
2.61235 1.82408 0 185 2.29111e-07
2.6131 1.82408 0 185 2.27147e-07
2.61385 1.82408 0 185 2.25178e-07
2.6146 1.82408 0 185 2.23202e-07
2.61535 1.82408 0 185 2.21215e-07
2.6161 1.82408 0 185 2.19214e-07
2.61685 1.82408 0 185 2.17201e-07
2.6176 1.82408 0 185 2.15168e-07
2.61835 1.82408 0 185 2.13109e-07
2.6191 1.82408 0 185 2.11024e-07
2.61985 1.82408 0 185 2.08916e-07
2.6206 1.82408 0 185 2.06769e-07
2.62135 1.82408 0 185 2.04581e-07
2.6221 1.82408 0 185 2.02358e-07
2.62285 1.82408 0 185 2.0008e-07
2.6236 1.82408 0 185 1.97744e-07
2.62435 1.82408 0 185 1.95353e-07
2.6251 1.82408 0 185 1.92888e-07
2.62585 1.82408 0 185 1.90344e-07
2.6266 1.82408 0 185 1.87721e-07
2.62735 1.82408 0 185 1.85005e-07
2.6281 1.82408 0 185 1.82188e-07
2.62885 1.82408 0 185 1.79274e-07
2.6296 1.82408 0 185 1.76234e-07
2.63036 1.82408 0 185 1.73059e-07
2.63111 1.82408 0 185 1.69737e-07
2.63186 1.82408 0 185 1.66251e-07
2.63261 1.82408 0 185 1.62592e-07
2.63336 1.82408 0 185 1.58747e-07
2.63411 1.82408 0 185 1.54689e-07
2.63486 1.82408 0 185 1.50403e-07
2.63561 1.82408 0 185 1.45874e-07
2.63636 1.82408 0 185 1.41063e-07
2.63711 1.82408 0 185 1.35958e-07
2.63786 1.82408 0 185 1.30524e-07
2.63861 1.82408 0 185 1.24745e-07
2.63936 1.82408 0 185 1.18583e-07
2.64011 1.82408 0 185 1.12e-07
2.64086 1.82408 0 185 1.0496e-07
2.64161 1.82408 0 185 9.74241e-08
2.64236 1.82408 0 185 8.93461e-08
2.64311 1.82408 0 185 8.06782e-08
2.64386 1.82408 0 185 7.13742e-08
2.64461 1.82408 0 185 6.13788e-08
2.64536 1.82408 0 185 5.06353e-08
2.64611 1.82408 0 185 3.90836e-08
2.64686 1.82408 0 185 2.66783e-08
2.64761 1.82408 0 185 1.33115e-08
2.64836 1.82408 0 185 -1.04794e-09
2.64911 1.82408 0 185 -1.6475e-08
2.64986 1.82408 0 185 -3.30345e-08
2.65061 1.82408 0 185 -5.07877e-08
2.65136 1.82408 0 185 -6.97896e-08
2.65211 1.82408 0 185 -9.00845e-08
2.65286 1.82408 0 185 -1.11707e-07
2.65361 1.82408 0 185 -1.34696e-07
2.65436 1.82408 0 185 -1.58986e-07
2.65511 1.82408 0 185 -1.84556e-07
2.65586 1.82408 0 185 -2.11319e-07
2.65661 1.82408 0 185 -2.3912e-07
2.65736 1.82408 0 185 -2.6779e-07
2.65811 1.82408 0 185 -2.97049e-07
2.65886 1.82408 0 185 -3.26611e-07
2.65961 1.82408 0 185 -3.55862e-07
2.66036 1.82408 0 185 -3.84337e-07
2.66111 1.82408 0 185 -4.11384e-07
2.66186 1.82408 0 185 -4.36256e-07
2.66261 1.82408 0 185 -4.58128e-07
2.66336 1.82408 0 185 -4.76097e-07
2.66411 1.82408 0 185 -4.89254e-07
2.66486 1.82408 0 185 -4.96703e-07
2.66561 1.82408 0 185 -4.9763e-07
2.66636 1.82408 0 185 -4.91366e-07
2.66711 1.82408 0 185 -4.77545e-07
2.66786 1.82408 0 185 -4.55771e-07
2.66861 1.82408 0 185 -4.26266e-07
2.66936 1.82408 0 185 -3.89481e-07
2.67011 1.82408 0 185 -3.46209e-07
2.67086 1.82408 0 185 -2.97547e-07
2.67161 1.82408 0 185 -2.44814e-07
2.67236 1.82408 0 185 -1.89488e-07
2.67311 1.82408 0 185 -1.33106e-07
2.67386 1.82408 0 185 -7.71651e-08
2.67461 1.82408 0 185 -2.30254e-08
2.67536 1.82408 0 185 2.81103e-08
2.67611 1.82408 0 185 7.52895e-08
2.67686 1.82408 0 185 1.17806e-07
2.67761 1.82408 0 185 1.55234e-07
2.67836 1.82408 0 185 1.87372e-07
2.67911 1.82408 0 185 2.14228e-07
2.67986 1.82408 0 185 2.36009e-07
2.68061 1.82408 0 185 2.57113e-07
2.68136 1.82408 0 185 2.70574e-07
2.68211 1.82408 0 185 2.79945e-07
2.68286 1.82408 0 185 2.85806e-07
2.68361 1.82408 0 185 2.8867e-07
2.68436 1.82408 0 185 2.89079e-07
2.68511 1.82408 0 185 2.87593e-07
2.68586 1.82408 0 185 2.84721e-07
2.68661 1.82408 0 185 2.81e-07
2.68736 1.82408 0 185 2.7678e-07
2.68811 1.82408 0 185 2.72517e-07
2.68886 1.82408 0 185 2.6856e-07
2.68961 1.82408 0 185 2.65212e-07
2.69037 1.82408 0 185 2.62665e-07
2.69112 1.82408 0 185 2.61086e-07
2.69187 1.82408 0 185 2.60526e-07
2.69262 1.82408 0 185 2.61e-07
2.69337 1.82408 0 185 2.62407e-07
2.69412 1.82408 0 185 2.64637e-07
2.69487 1.82408 0 185 2.67481e-07
2.69562 1.82408 0 185 2.70734e-07
2.69637 1.82408 0 185 2.74133e-07
2.69712 1.82408 0 185 2.77501e-07
2.69787 1.82408 0 185 2.8061e-07
2.69862 1.82408 0 185 2.83288e-07
2.69937 1.82408 0 185 2.85398e-07
2.70012 1.82408 0 185 2.86856e-07
2.70087 1.82408 0 185 2.87542e-07
2.70162 1.82408 0 185 2.87596e-07
2.70237 1.82408 0 185 2.8688e-07
2.70312 1.82408 0 185 2.85567e-07
2.70387 1.82408 0 185 2.83658e-07
2.70462 1.82408 0 185 2.81224e-07
2.70537 1.82408 0 185 2.7834e-07
2.70612 1.82408 0 185 2.75044e-07
2.70687 1.82408 0 185 2.7149e-07
2.70762 1.82408 0 185 2.67704e-07
2.70837 1.82408 0 185 2.63752e-07
2.70912 1.82408 0 185 2.59687e-07
2.70987 1.82408 0 185 2.55548e-07
2.71062 1.82408 0 185 2.514e-07
2.71137 1.82408 0 185 2.47266e-07
2.71212 1.82408 0 185 2.43174e-07
2.71287 1.82408 0 185 2.39138e-07
2.71362 1.82408 0 185 2.35202e-07
2.71437 1.82408 0 185 2.31356e-07
2.71512 1.82408 0 185 2.27617e-07
2.71587 1.82408 0 185 2.23994e-07
2.71662 1.82408 0 185 2.20491e-07
2.71737 1.82408 0 185 2.1711e-07
2.71812 1.82408 0 185 2.13855e-07
2.71887 1.82408 0 185 2.10723e-07
2.71962 1.82408 0 185 2.07709e-07
2.72037 1.82408 0 185 2.04822e-07
2.72112 1.82408 0 185 2.02053e-07
2.72187 1.82408 0 185 1.994e-07
2.72262 1.82408 0 185 1.96858e-07
2.72337 1.82408 0 185 1.9443e-07
2.72412 1.82408 0 185 1.92101e-07
2.72487 1.82408 0 185 1.89872e-07
2.72562 1.82408 0 185 1.87739e-07
2.72637 1.82408 0 185 1.85699e-07
2.72712 1.82408 0 185 1.83748e-07
2.72787 1.82408 0 185 1.81881e-07
2.72862 1.82408 0 185 1.80095e-07
2.72937 1.82408 0 185 1.7839e-07
2.73012 1.82408 0 185 1.76756e-07
2.73087 1.82408 0 185 1.75194e-07
2.73162 1.82408 0 185 1.73699e-07
2.73237 1.82408 0 185 1.72267e-07
2.73312 1.82408 0 185 1.70899e-07
2.73387 1.82408 0 185 1.69591e-07
2.73462 1.82408 0 185 1.68341e-07
2.73537 1.82408 0 185 1.67145e-07
2.73612 1.82408 0 185 1.66e-07
2.73687 1.82408 0 185 1.64904e-07
2.73762 1.82408 0 185 1.63858e-07
2.73837 1.82408 0 185 1.62856e-07
2.73912 1.82408 0 185 1.61898e-07
2.73987 1.82408 0 185 1.60982e-07
2.74062 1.82408 0 185 1.60105e-07
2.74137 1.82408 0 185 1.59269e-07
2.74212 1.82408 0 185 1.58469e-07
2.74287 1.82408 0 185 1.57709e-07
2.74362 1.82408 0 185 1.56981e-07
2.74437 1.82408 0 185 1.56285e-07
2.74512 1.82408 0 185 1.55623e-07
2.74587 1.82408 0 185 1.54996e-07
2.74662 1.82408 0 185 1.54395e-07
2.74737 1.82408 0 185 1.53824e-07
2.74812 1.82408 0 185 1.53284e-07
2.74887 1.82408 0 185 1.52768e-07
2.74962 1.82408 0 185 1.52278e-07
2.75038 1.82408 0 185 1.51815e-07
2.75113 1.82408 0 185 1.51379e-07
2.75188 1.82408 0 185 1.50965e-07
2.75263 1.82408 0 185 1.50575e-07
2.75338 1.82408 0 185 1.50209e-07
2.75413 1.82408 0 185 1.49865e-07
2.75488 1.82408 0 185 1.49544e-07
2.75563 1.82408 0 185 1.49245e-07
2.75638 1.82408 0 185 1.48967e-07
2.75713 1.82408 0 185 1.48711e-07
2.75788 1.82408 0 185 1.48475e-07
2.75863 1.82408 0 185 1.48259e-07
2.75938 1.82408 0 185 1.48064e-07
2.76013 1.82408 0 185 1.47888e-07
2.76088 1.82408 0 185 1.47732e-07
2.76163 1.82408 0 185 1.47596e-07
2.76238 1.82408 0 185 1.47479e-07
2.76313 1.82408 0 185 1.47382e-07
2.76388 1.82408 0 185 1.47303e-07
2.76463 1.82408 0 185 1.47243e-07
2.76538 1.82408 0 185 1.47189e-07
2.76613 1.82408 0 185 1.47167e-07
2.76688 1.82408 0 185 1.47163e-07
2.76763 1.82408 0 185 1.47178e-07
2.76838 1.82408 0 185 1.47214e-07
2.76913 1.82408 0 185 1.47267e-07
2.76988 1.82408 0 185 1.47339e-07
2.77063 1.82408 0 185 1.4743e-07
2.77138 1.82408 0 185 1.47541e-07
2.77213 1.82408 0 185 1.47671e-07
2.77288 1.82408 0 185 1.47821e-07
2.77363 1.82408 0 185 1.47991e-07
2.77438 1.82408 0 185 1.48181e-07
2.77513 1.82408 0 185 1.48392e-07
2.77588 1.82408 0 185 1.48625e-07
2.77663 1.82408 0 185 1.48878e-07
2.77738 1.82408 0 185 1.49155e-07
2.77813 1.82408 0 185 1.49452e-07
2.77888 1.82408 0 185 1.49773e-07
2.77963 1.82408 0 185 1.50117e-07
2.78038 1.82408 0 185 1.50484e-07
2.78113 1.82408 0 185 1.50877e-07
2.78188 1.82408 0 185 1.51294e-07
2.78263 1.82408 0 185 1.51738e-07
2.78338 1.82408 0 185 1.52208e-07
2.78413 1.82408 0 185 1.52706e-07
2.78488 1.82408 0 185 1.53232e-07
2.78563 1.82408 0 185 1.53788e-07
2.78638 1.82408 0 185 1.54375e-07
2.78713 1.82408 0 185 1.54993e-07
2.78788 1.82408 0 185 1.55643e-07
2.78863 1.82408 0 185 1.56328e-07
2.78938 1.82408 0 185 1.57048e-07
2.79013 1.82408 0 185 1.57806e-07
2.79088 1.82408 0 185 1.58603e-07
2.79163 1.82408 0 185 1.59439e-07
2.79238 1.82408 0 185 1.60498e-07
2.79313 1.82408 0 185 1.61416e-07
2.79388 1.82408 0 185 1.62379e-07
2.79463 1.82408 0 185 1.6339e-07
2.79538 1.82408 0 185 1.64452e-07
2.79613 1.82408 0 185 1.65566e-07
2.79688 1.82408 0 185 1.66736e-07
2.79763 1.82408 0 185 1.67962e-07
2.79838 1.82408 0 185 1.6925e-07
2.79913 1.82408 0 185 1.70603e-07
2.79988 1.82408 0 185 1.72022e-07
2.80063 1.82408 0 185 1.73513e-07
2.80138 1.82408 0 185 1.75079e-07
2.80213 1.82408 0 185 1.76725e-07
2.80288 1.82408 0 185 1.78454e-07
2.80363 1.82408 0 185 1.80272e-07
2.80438 1.82408 0 185 1.82183e-07
2.80513 1.82408 0 185 1.84193e-07
2.80588 1.82408 0 185 1.86307e-07
2.80663 1.82408 0 185 1.88533e-07
2.80738 1.82408 0 185 1.90877e-07
2.80813 1.82408 0 185 1.93345e-07
2.80888 1.82408 0 185 1.95945e-07
2.80963 1.82408 0 185 1.98686e-07
2.81039 1.82408 0 185 2.01575e-07
2.81114 1.82408 0 185 2.04622e-07
2.81189 1.82408 0 185 2.07837e-07
2.81264 1.82408 0 185 2.11229e-07
2.81339 1.82408 0 185 2.14809e-07
2.81414 1.82408 0 185 2.18587e-07
2.81489 1.82408 0 185 2.22576e-07
2.81564 1.82408 0 185 2.2679e-07
2.81639 1.82408 0 185 2.31237e-07
2.81714 1.82408 0 185 2.35932e-07
2.81789 1.82408 0 185 2.40887e-07
2.81864 1.82408 0 185 2.46115e-07
2.81939 1.82408 0 185 2.51627e-07
2.82014 1.82408 0 185 2.57435e-07
2.82089 1.82408 0 185 2.63551e-07
2.82164 1.82408 0 185 2.69981e-07
2.82239 1.82408 0 185 2.76733e-07
2.82314 1.82408 0 185 2.8381e-07
2.82389 1.82408 0 185 2.91213e-07
2.82464 1.82408 0 185 2.98937e-07
2.82539 1.82408 0 185 3.06971e-07
2.82614 1.82408 0 185 3.15297e-07
2.82689 1.82408 0 185 3.23889e-07
2.82764 1.82408 0 185 3.32711e-07
2.82839 1.82408 0 185 3.41716e-07
2.82914 1.82408 0 185 3.50843e-07
2.82989 1.82408 0 185 3.60023e-07
2.83064 1.82408 0 185 3.69167e-07
2.83139 1.82408 0 185 3.78177e-07
2.83214 1.82408 0 185 3.8694e-07
2.83289 1.82408 0 185 3.95333e-07
2.83364 1.82408 0 185 4.03229e-07
2.83439 1.82408 0 185 4.10494e-07
2.83514 1.82408 0 185 4.16999e-07
2.83589 1.82408 0 185 4.22619e-07
2.83664 1.82408 0 185 4.27251e-07
2.83739 1.82408 0 185 4.30804e-07
2.83814 1.82408 0 185 4.33219e-07
2.83889 1.82408 0 185 4.34466e-07
2.83964 1.82408 0 185 4.34546e-07
2.84039 1.82408 0 185 4.33494e-07
2.84114 1.82408 0 185 4.31375e-07
2.84189 1.82408 0 185 4.28282e-07
2.84264 1.82408 0 185 4.24325e-07
2.84339 1.82408 0 185 4.1963e-07
2.84414 1.82408 0 185 4.14333e-07
2.84489 1.82408 0 185 4.08571e-07
2.84564 1.82408 0 185 4.02479e-07
2.84639 1.82408 0 185 3.96181e-07
2.84714 1.82408 0 185 3.89793e-07
2.84789 1.82408 0 185 3.83415e-07
2.84864 1.82408 0 185 3.77133e-07
2.84939 1.82408 0 185 3.71016e-07
2.85014 1.82408 0 185 3.65122e-07
2.85089 1.82408 0 185 3.59485e-07
2.85164 1.82408 0 185 3.54135e-07
2.85239 1.82408 0 185 3.49084e-07
2.85314 1.82408 0 185 3.44335e-07
2.85389 1.82408 0 185 3.39879e-07
2.85464 1.82408 0 185 3.357e-07
2.85539 1.82408 0 185 3.31774e-07
2.85614 1.82408 0 185 3.2807e-07
2.85689 1.82408 0 185 3.24553e-07
2.85764 1.82408 0 185 3.21186e-07
2.85839 1.82408 0 185 3.1793e-07
2.85914 1.82408 0 185 3.14746e-07
2.85989 1.82408 0 185 3.11597e-07
2.86064 1.82408 0 185 3.08448e-07
2.86139 1.82408 0 185 3.05272e-07
2.86214 1.82408 0 185 3.02045e-07
2.86289 1.82408 0 185 2.9875e-07
2.86364 1.82408 0 185 2.95377e-07
2.86439 1.82408 0 185 2.91922e-07
2.86514 1.82408 0 185 2.88389e-07
2.86589 1.82408 0 185 2.84785e-07
2.86664 1.82408 0 185 2.81123e-07
2.86739 1.82408 0 185 2.77421e-07
2.86814 1.82408 0 185 2.73697e-07
2.86889 1.82408 0 185 2.69973e-07
2.86964 1.82408 0 185 2.66268e-07
2.8704 1.82408 0 185 2.62602e-07
2.87115 1.82408 0 185 2.58992e-07
2.8719 1.82408 0 185 2.55457e-07
2.87265 1.82408 0 185 2.52011e-07
2.8734 1.82408 0 185 2.48665e-07
2.87415 1.82408 0 185 2.4543e-07
2.8749 1.82408 0 185 2.42313e-07
2.87565 1.82408 0 185 2.39321e-07
2.8764 1.82408 0 185 2.36457e-07
2.87715 1.82408 0 185 2.33724e-07
2.8779 1.82408 0 185 2.31121e-07
2.87865 1.82408 0 185 2.28649e-07
2.8794 1.82408 0 185 2.26306e-07
2.88015 1.82408 0 185 2.2409e-07
2.8809 1.82408 0 185 2.21999e-07
2.88165 1.82408 0 185 2.20028e-07
2.8824 1.82408 0 185 2.18174e-07
2.88315 1.82408 0 185 2.16433e-07
2.8839 1.82408 0 185 2.14801e-07
2.88465 1.82408 0 185 2.13274e-07
2.8854 1.82408 0 185 2.11848e-07
2.88615 1.82408 0 185 2.10524e-07
2.8869 1.82408 0 185 2.09286e-07
2.88765 1.82408 0 185 2.08135e-07
2.8884 1.82408 0 185 2.07069e-07
2.88915 1.82408 0 185 2.06084e-07
2.8899 1.82408 0 185 2.05175e-07
2.89065 1.82408 0 185 2.04341e-07
2.8914 1.82408 0 185 2.03576e-07
2.89215 1.82408 0 185 2.02879e-07
2.8929 1.82408 0 185 2.02245e-07
2.89365 1.82408 0 185 2.01673e-07
2.8944 1.82408 0 185 2.0116e-07
2.89515 1.82408 0 185 2.00703e-07
2.8959 1.82408 0 185 2.003e-07
2.89665 1.82408 0 185 1.99948e-07
2.8974 1.82408 0 185 1.99646e-07
2.89815 1.82408 0 185 1.99391e-07
2.8989 1.82408 0 185 1.99181e-07
2.89965 1.82408 0 185 1.99015e-07
2.9004 1.82408 0 185 1.98892e-07
2.90115 1.82408 0 185 1.9881e-07
2.9019 1.82408 0 185 1.98766e-07
2.90265 1.82408 0 185 1.9876e-07
2.9034 1.82408 0 185 1.98791e-07
2.90415 1.82408 0 185 1.98857e-07
2.9049 1.82408 0 185 1.98957e-07
2.90565 1.82408 0 185 1.99091e-07
2.9064 1.82408 0 185 1.99256e-07
2.90715 1.82408 0 185 1.99453e-07
2.9079 1.82408 0 185 1.99681e-07
2.90865 1.82408 0 185 1.99937e-07
2.9094 1.82408 0 185 2.00223e-07
2.91015 1.82408 0 185 2.00537e-07
2.9109 1.82408 0 185 2.00879e-07
2.91165 1.82408 0 185 2.01247e-07
2.9124 1.82408 0 185 2.01641e-07
2.91315 1.82408 0 185 2.02061e-07
2.9139 1.82408 0 185 2.02479e-07
2.91465 1.82408 0 185 2.02949e-07
2.9154 1.82408 0 185 2.03443e-07
2.91615 1.82408 0 185 2.03961e-07
2.9169 1.82408 0 185 2.04502e-07
2.91765 1.82408 0 185 2.05067e-07
2.9184 1.82408 0 185 2.05655e-07
2.91915 1.82408 0 185 2.06266e-07
2.9199 1.82408 0 185 2.06899e-07
2.92065 1.82408 0 185 2.07554e-07
2.9214 1.82408 0 185 2.08231e-07
2.92215 1.82408 0 185 2.08931e-07
2.9229 1.82408 0 185 2.09652e-07
2.92365 1.82408 0 185 2.10394e-07
2.9244 1.82408 0 185 2.11158e-07
2.92515 1.82408 0 185 2.11943e-07
2.9259 1.82408 0 185 2.1275e-07
2.92665 1.82408 0 185 2.13577e-07
2.9274 1.82408 0 185 2.14426e-07
2.92815 1.82408 0 185 2.15296e-07
2.9289 1.82408 0 185 2.16187e-07
2.92965 1.82408 0 185 2.17099e-07
2.93041 1.82408 0 185 2.18032e-07
2.93116 1.82408 0 185 2.18986e-07
2.93191 1.82408 0 185 2.19961e-07
2.93266 1.82408 0 185 2.20957e-07
2.93341 1.82408 0 185 2.21975e-07
2.93416 1.82408 0 185 2.23014e-07
2.93491 1.82408 0 185 2.24074e-07
2.93566 1.82408 0 185 2.25156e-07
2.93641 1.82408 0 185 2.26259e-07
2.93716 1.82408 0 185 2.27384e-07
2.93791 1.82408 0 185 2.28531e-07
2.93866 1.82408 0 185 2.297e-07
2.93941 1.82408 0 185 2.3089e-07
2.94016 1.82408 0 185 2.32104e-07
2.94091 1.82408 0 185 2.3334e-07
2.94166 1.82408 0 185 2.34599e-07
2.94241 1.82408 0 185 2.35881e-07
2.94316 1.82408 0 185 2.37186e-07
2.94391 1.82408 0 185 2.38515e-07
2.94466 1.82408 0 185 2.39867e-07
2.94541 1.82408 0 185 2.41243e-07
2.94616 1.82408 0 185 2.42644e-07
2.94691 1.82408 0 185 2.44068e-07
2.94766 1.82408 0 185 2.45518e-07
2.94841 1.82408 0 185 2.46992e-07
2.94916 1.82408 0 185 2.48493e-07
2.94991 1.82408 0 185 2.50018e-07
2.95066 1.82408 0 185 2.5157e-07
2.95141 1.82408 0 185 2.53148e-07
2.95216 1.82408 0 185 2.54753e-07
2.95291 1.82408 0 185 2.56385e-07
2.95366 1.82408 0 185 2.58044e-07
2.95441 1.82408 0 185 2.59732e-07
2.95516 1.82408 0 185 2.61448e-07
2.95591 1.82408 0 185 2.63193e-07
2.95666 1.82408 0 185 2.64967e-07
2.95741 1.82408 0 185 2.66771e-07
2.95816 1.82408 0 185 2.68605e-07
2.95891 1.82408 0 185 2.7047e-07
2.95966 1.82408 0 185 2.72366e-07
2.96041 1.82408 0 185 2.74293e-07
2.96116 1.82408 0 185 2.76253e-07
2.96191 1.82408 0 185 2.78246e-07
2.96266 1.82408 0 185 2.80273e-07
2.96341 1.82408 0 185 2.82334e-07
2.96416 1.82408 0 185 2.84427e-07
2.96491 1.82408 0 185 2.86558e-07
2.96566 1.82408 0 185 2.88724e-07
2.96641 1.82408 0 185 2.90927e-07
2.96716 1.82408 0 185 2.93167e-07
2.96791 1.82408 0 185 2.95445e-07
2.96866 1.82408 0 185 2.97762e-07
2.96941 1.82408 0 185 3.00119e-07
2.97016 1.82408 0 185 3.02516e-07
2.97091 1.82408 0 185 3.04954e-07
2.97166 1.82408 0 185 3.07432e-07
2.97241 1.82408 0 185 3.09955e-07
2.97316 1.82408 0 185 3.1252e-07
2.97391 1.82408 0 185 3.15131e-07
2.97466 1.82408 0 185 3.17788e-07
2.97541 1.82408 0 185 3.20491e-07
2.97616 1.82408 0 185 3.23242e-07
2.97691 1.82408 0 185 3.26041e-07
2.97766 1.82408 0 185 3.28889e-07
2.97841 1.82408 0 185 3.31789e-07
2.97916 1.82408 0 185 3.34741e-07
2.97991 1.82408 0 185 3.37746e-07
2.98066 1.82408 0 185 3.40805e-07
2.98141 1.82408 0 185 3.4392e-07
2.98216 1.82408 0 185 3.47092e-07
2.98291 1.82408 0 185 3.50321e-07
2.98366 1.82408 0 185 3.53611e-07
2.98441 1.82408 0 185 3.56962e-07
2.98516 1.82408 0 185 3.60374e-07
2.98591 1.82408 0 185 3.63852e-07
2.98666 1.82408 0 185 3.67396e-07
2.98741 1.82408 0 185 3.71006e-07
2.98816 1.82408 0 185 3.74686e-07
2.98891 1.82408 0 185 3.78437e-07
2.98966 1.82408 0 185 3.82261e-07
2.99042 1.82408 0 185 3.8616e-07
2.99117 1.82408 0 185 3.90134e-07
2.99192 1.82408 0 185 3.94189e-07
2.99267 1.82408 0 185 3.98324e-07
2.99342 1.82408 0 185 4.02541e-07
2.99417 1.82408 0 185 4.06845e-07
2.99492 1.82408 0 185 4.11237e-07
2.99567 1.82408 0 185 4.15719e-07
2.99642 1.82408 0 185 4.20293e-07
2.99717 1.82408 0 185 4.24964e-07
2.99792 1.82408 0 185 4.29734e-07
2.99867 1.82408 0 185 4.34605e-07
2.99942 1.82408 0 185 4.39581e-07
3.00017 1.82408 0 185 4.44664e-07
3.00092 1.82408 0 185 4.49858e-07
3.00167 1.82408 0 185 4.55167e-07
3.00242 1.82408 0 185 4.60594e-07
3.00317 1.82408 0 185 4.66143e-07
3.00392 1.82408 0 185 4.71818e-07
3.00467 1.82408 0 185 4.77623e-07
3.00542 1.82408 0 185 4.83562e-07
3.00617 1.82408 0 185 4.8964e-07
3.00692 1.82408 0 185 4.95862e-07
3.00767 1.82408 0 185 5.02231e-07
3.00842 1.82408 0 185 5.08755e-07
3.00917 1.82408 0 185 5.15437e-07
3.00992 1.82408 0 185 5.22283e-07
3.01067 1.82408 0 185 5.29299e-07
3.01142 1.82408 0 185 5.36492e-07
3.01217 1.82408 0 185 5.43869e-07
3.01292 1.82408 0 185 5.51435e-07
3.01367 1.82408 0 185 5.59197e-07
3.01442 1.82408 0 185 5.67164e-07
3.01517 1.82408 0 185 5.75342e-07
3.01592 1.82408 0 185 5.83739e-07
3.01667 1.82408 0 185 5.92371e-07
3.01742 1.82408 0 185 6.01232e-07
3.01817 1.82408 0 185 6.10337e-07
3.01892 1.82408 0 185 6.19697e-07
3.01967 1.82408 0 185 6.29322e-07
3.02042 1.82408 0 185 6.3922e-07
3.02117 1.82408 0 185 6.49401e-07
3.02192 1.82408 0 185 6.59876e-07
3.02267 1.82408 0 185 6.70655e-07
3.02342 1.82408 0 185 6.81747e-07
3.02417 1.82408 0 185 6.93163e-07
3.02492 1.82408 0 185 7.04914e-07
3.02567 1.82408 0 185 7.17008e-07
3.02642 1.82408 0 185 7.29455e-07
3.02717 1.82408 0 185 7.42264e-07
3.02792 1.82408 0 185 7.55441e-07
3.02867 1.82408 0 185 7.68991e-07
3.02942 1.82408 0 185 7.82922e-07
3.03017 1.82408 0 185 7.97236e-07
3.03092 1.82408 0 185 8.11932e-07
3.03167 1.82408 0 185 8.27007e-07
3.03242 1.82408 0 185 8.42457e-07
3.03317 1.82408 0 185 8.58271e-07
3.03392 1.82408 0 185 8.74436e-07
3.03467 1.82408 0 185 8.90935e-07
3.03542 1.82408 0 185 9.07744e-07
3.03617 1.82408 0 185 9.24835e-07
3.03692 1.82408 0 185 9.42176e-07
3.03767 1.82408 0 185 9.59731e-07
3.03842 1.82408 0 185 9.77462e-07
3.03917 1.82408 0 185 9.95323e-07
3.03992 1.82408 0 185 1.01327e-06
3.04067 1.82408 0 185 1.03126e-06
3.04142 1.82408 0 185 1.04924e-06
3.04217 1.82408 0 185 1.06719e-06
3.04292 1.82408 0 185 1.08506e-06
3.04367 1.82408 0 185 1.10283e-06
3.04442 1.82408 0 185 1.12049e-06
3.04517 1.82408 0 185 1.13803e-06
3.04592 1.82408 0 185 1.15466e-06
3.04667 1.82408 0 185 1.172e-06
3.04742 1.82408 0 185 1.1893e-06
3.04817 1.82408 0 185 1.20659e-06
3.04892 1.82408 0 185 1.22395e-06
3.04967 1.82408 0 185 1.24144e-06
3.05043 1.82408 0 185 1.25914e-06
3.05118 1.82408 0 185 1.27712e-06
3.05193 1.82408 0 185 1.29548e-06
3.05268 1.82408 0 185 1.3143e-06
3.05343 1.82408 0 185 1.33366e-06
3.05418 1.82408 0 185 1.35365e-06
3.05493 1.82408 0 185 1.37434e-06
3.05568 1.82408 0 185 1.39582e-06
3.05643 1.82408 0 185 1.41815e-06
3.05718 1.82408 0 185 1.44141e-06
3.05793 1.82408 0 185 1.46566e-06
3.05868 1.82408 0 185 1.49097e-06
3.05943 1.82408 0 185 1.5174e-06
3.06018 1.82408 0 185 1.54501e-06
3.06093 1.82408 0 185 1.57386e-06
3.06168 1.82408 0 185 1.604e-06
3.06243 1.82408 0 185 1.63549e-06
3.06318 1.82408 0 185 1.6684e-06
3.06393 1.82408 0 185 1.70278e-06
3.06468 1.82408 0 185 1.73869e-06
3.06543 1.82408 0 185 1.77619e-06
3.06618 1.82408 0 185 1.81536e-06
3.06693 1.82408 0 185 1.85625e-06
3.06768 1.82408 0 185 1.89895e-06
3.06843 1.82408 0 185 1.94353e-06
3.06918 1.82408 0 185 1.99006e-06
3.06993 1.82408 0 185 2.03865e-06
3.07068 1.82408 0 185 2.08938e-06
3.07143 1.82408 0 185 2.14233e-06
3.07218 1.82408 0 185 2.19763e-06
3.07293 1.82408 0 185 2.25539e-06
3.07368 1.82408 0 185 2.31569e-06
3.07443 1.82408 0 185 2.3787e-06
3.07518 1.82408 0 185 2.44454e-06
3.07593 1.82408 0 185 2.51335e-06
3.07668 1.82408 0 185 2.58528e-06
3.07743 1.82408 0 185 2.66049e-06
3.07818 1.82408 0 185 2.73916e-06
3.07893 1.82408 0 185 2.82146e-06
3.07968 1.82408 0 185 2.90759e-06
3.08043 1.82408 0 185 2.99777e-06
3.08118 1.82408 0 185 3.0922e-06
3.08193 1.82408 0 185 3.19112e-06
3.08268 1.82408 0 185 3.29479e-06
3.08343 1.82408 0 185 3.40347e-06
3.08418 1.82408 0 185 3.51744e-06
3.08493 1.82408 0 185 3.637e-06
3.08568 1.82408 0 185 3.76247e-06
3.08643 1.82408 0 185 3.89418e-06
3.08718 1.82408 0 185 4.03248e-06
3.08793 1.82408 0 185 4.17776e-06
3.08868 1.82408 0 185 4.33039e-06
3.08943 1.82408 0 185 4.49081e-06
3.09018 1.82408 0 185 4.65947e-06
3.09093 1.82408 0 185 4.83679e-06
3.09168 1.82408 0 185 5.02327e-06
3.09243 1.82408 0 185 5.2194e-06
3.09318 1.82408 0 185 5.42569e-06
3.09393 1.82408 0 185 5.64267e-06
3.09468 1.82408 0 185 5.87087e-06
3.09543 1.82408 0 185 6.11083e-06
3.09618 1.82408 0 185 6.36309e-06
3.09693 1.82408 0 185 6.62815e-06
3.09768 1.82408 0 185 6.90657e-06
3.09843 1.82408 0 185 7.1988e-06
3.09918 1.82408 0 185 7.50526e-06
3.09993 1.82408 0 185 7.82631e-06
3.10068 1.82408 0 185 8.16223e-06
3.10143 1.82408 0 185 8.51315e-06
3.10218 1.82408 0 185 8.87918e-06
3.10293 1.82408 0 185 9.26008e-06
3.10368 1.82408 0 185 9.65546e-06
3.10443 1.82408 0 185 1.00647e-05
3.10518 1.82408 0 185 1.04868e-05
3.10593 1.82408 0 185 1.09205e-05
3.10668 1.82408 0 185 1.13641e-05
3.10743 1.82408 0 185 1.18154e-05
3.10818 1.82408 0 185 1.22717e-05
3.10893 1.82408 0 185 1.27298e-05
3.10968 1.82408 0 185 1.31859e-05
3.11044 1.82408 0 185 1.36359e-05
3.11119 1.82408 0 185 1.40748e-05
3.11194 1.82408 0 185 1.44973e-05
3.11269 1.82408 0 185 1.48978e-05
3.11344 1.82408 0 185 1.52705e-05
3.11419 1.82408 0 185 1.56093e-05
3.11494 1.82408 0 185 1.59084e-05
3.11569 1.82408 0 185 1.61624e-05
3.11644 1.82408 0 185 1.63663e-05
3.11719 1.82408 0 185 1.65159e-05
3.11794 1.82408 0 185 1.66082e-05
3.11869 1.82408 0 185 1.66411e-05
3.11944 1.82408 0 185 1.6614e-05
3.12019 1.82408 0 185 1.65273e-05
3.12094 1.82408 0 185 1.6383e-05
3.12169 1.82408 0 185 1.61839e-05
3.12244 1.82408 0 185 1.5934e-05
3.12319 1.82408 0 185 1.56383e-05
3.12394 1.82408 0 185 1.5302e-05
3.12469 1.82408 0 185 1.4931e-05
3.12544 1.82408 0 185 1.45311e-05
3.12619 1.82408 0 185 1.41084e-05
3.12694 1.82408 0 185 1.36684e-05
3.12769 1.82408 0 185 1.32166e-05
3.12844 1.82408 0 185 1.27578e-05
3.12919 1.82408 0 185 1.22964e-05
3.12994 1.82408 0 185 1.18363e-05
3.13069 1.82408 0 185 1.13809e-05
3.13144 1.82408 0 185 1.09327e-05
3.13219 1.82408 0 185 1.04941e-05
3.13294 1.82408 0 185 1.00671e-05
3.13369 1.82408 0 185 9.65275e-06
3.13444 1.82408 0 185 9.2523e-06
3.13519 1.82408 0 185 8.86641e-06
3.13594 1.82408 0 185 8.49555e-06
3.13669 1.82408 0 185 8.13987e-06
3.13744 1.82408 0 185 7.79941e-06
3.13819 1.82408 0 185 7.47402e-06
3.13894 1.82408 0 185 7.16345e-06
3.13969 1.82408 0 185 6.86737e-06
3.14044 1.82408 0 185 6.58533e-06
3.14119 1.82408 0 185 6.31688e-06
3.14194 1.82408 0 185 6.0615e-06
3.14269 1.82408 0 185 5.81865e-06
3.14344 1.82408 0 185 5.58779e-06
3.14419 1.82408 0 185 5.36838e-06
3.14494 1.82408 0 185 5.15987e-06
3.14569 1.82408 0 185 4.96173e-06
3.14644 1.82408 0 185 4.77343e-06
3.14719 1.82408 0 185 4.59446e-06
3.14794 1.82408 0 185 4.42435e-06
3.14869 1.82408 0 185 4.26262e-06
3.14944 1.82408 0 185 4.10883e-06
3.15019 1.82408 0 185 3.96254e-06
3.15094 1.82408 0 185 3.82337e-06
3.15169 1.82408 0 185 3.69092e-06
3.15244 1.82408 0 185 3.56482e-06
3.15319 1.82408 0 185 3.44473e-06
3.15394 1.82408 0 185 3.33032e-06
3.15469 1.82408 0 185 3.22129e-06
3.15544 1.82408 0 185 3.11735e-06
3.15619 1.82408 0 185 3.01823e-06
3.15694 1.82408 0 185 2.92368e-06
3.15769 1.82408 0 185 2.83344e-06
3.15844 1.82408 0 185 2.74731e-06
3.15919 1.82408 0 185 2.66506e-06
3.15994 1.82408 0 185 2.5865e-06
3.16069 1.82408 0 185 2.51144e-06
3.16144 1.82408 0 185 2.43969e-06
3.16219 1.82408 0 185 2.37109e-06
3.16294 1.82408 0 185 2.30551e-06
3.16369 1.82408 0 185 2.24278e-06
3.16444 1.82408 0 185 2.18277e-06
3.16519 1.82408 0 185 2.12535e-06
3.16594 1.82408 0 185 2.07041e-06
3.16669 1.82408 0 185 2.01782e-06
3.16744 1.82408 0 185 1.96748e-06
3.16819 1.82408 0 185 1.9193e-06
3.16894 1.82408 0 185 1.87318e-06
3.16969 1.82408 0 185 1.82903e-06
3.17045 1.82408 0 185 1.78678e-06
3.1712 1.82408 0 185 1.74633e-06
3.17195 1.82408 0 185 1.70763e-06
3.1727 1.82408 0 185 1.6706e-06
3.17345 1.82408 0 185 1.63517e-06
3.1742 1.82408 0 185 1.60128e-06
3.17495 1.82408 0 185 1.56887e-06
3.1757 1.82408 0 185 1.53789e-06
3.17645 1.82408 0 185 1.50828e-06
3.1772 1.82408 0 185 1.47998e-06
3.17795 1.82408 0 185 1.45295e-06
3.1787 1.82408 0 185 1.42712e-06
3.17945 1.82408 0 185 1.40245e-06
3.1802 1.82408 0 185 1.37888e-06
3.18095 1.82408 0 185 1.35635e-06
3.1817 1.82408 0 185 1.33481e-06
3.18245 1.82408 0 185 1.3142e-06
3.1832 1.82408 0 185 1.29446e-06
3.18395 1.82408 0 185 1.27552e-06
3.1847 1.82408 0 185 1.2573e-06
3.18545 1.82408 0 185 1.23973e-06
3.1862 1.82408 0 185 1.22274e-06
3.18695 1.82408 0 185 1.20624e-06
3.1877 1.82408 0 185 1.19015e-06
3.18845 1.82408 0 185 1.17439e-06
3.1892 1.82408 0 185 1.15887e-06
3.18995 1.82408 0 185 1.1435e-06
3.1907 1.82408 0 185 1.12836e-06
3.19145 1.82408 0 185 1.11306e-06
3.1922 1.82408 0 185 1.0977e-06
3.19295 1.82408 0 185 1.08223e-06
3.1937 1.82408 0 185 1.06658e-06
3.19445 1.82408 0 185 1.05074e-06
3.1952 1.82408 0 185 1.03469e-06
3.19595 1.82408 0 185 1.01841e-06
3.1967 1.82408 0 185 1.00192e-06
3.19745 1.82408 0 185 9.85233e-07
3.1982 1.82408 0 185 9.68384e-07
3.19895 1.82408 0 185 9.51408e-07
3.1997 1.82408 0 185 9.34353e-07
3.20045 1.82408 0 185 9.17265e-07
3.2012 1.82408 0 185 9.00199e-07
3.20195 1.82408 0 185 8.83203e-07
3.2027 1.82408 0 185 8.6632e-07
3.20345 1.82408 0 185 8.49604e-07
3.2042 1.82408 0 185 8.33092e-07
3.20495 1.82408 0 185 8.16824e-07
3.2057 1.82408 0 185 8.00832e-07
3.20645 1.82408 0 185 7.85143e-07
3.2072 1.82408 0 185 7.6978e-07
3.20795 1.82408 0 185 7.5476e-07
3.2087 1.82408 0 185 7.40096e-07
3.20945 1.82408 0 185 7.25796e-07
3.2102 1.82408 0 185 7.11867e-07
3.21095 1.82408 0 185 6.98309e-07
3.2117 1.82408 0 185 6.85123e-07
3.21245 1.82408 0 185 6.72306e-07
3.2132 1.82408 0 185 6.59852e-07
3.21395 1.82408 0 185 6.47756e-07
3.2147 1.82408 0 185 6.36009e-07
3.21545 1.82408 0 185 6.24604e-07
3.2162 1.82408 0 185 6.13532e-07
3.21695 1.82408 0 185 6.02782e-07
3.2177 1.82408 0 185 5.92345e-07
3.21845 1.82408 0 185 5.82214e-07
3.2192 1.82408 0 185 5.72372e-07
3.21995 1.82408 0 185 5.62812e-07
3.2207 1.82408 0 185 5.53524e-07
3.22145 1.82408 0 185 5.44501e-07
3.2222 1.82408 0 185 5.35731e-07
3.22295 1.82408 0 185 5.27202e-07
3.2237 1.82408 0 185 5.18905e-07
3.22445 1.82408 0 185 5.10837e-07
3.2252 1.82408 0 185 5.02984e-07
3.22595 1.82408 0 185 4.95339e-07
3.2267 1.82408 0 185 4.87897e-07
3.22745 1.82408 0 185 4.80647e-07
3.2282 1.82408 0 185 4.73582e-07
3.22895 1.82408 0 185 4.66697e-07
3.2297 1.82408 0 185 4.59986e-07
3.23046 1.82408 0 185 4.53439e-07
3.23121 1.82408 0 185 4.47051e-07
3.23196 1.82408 0 185 4.40818e-07
3.23271 1.82408 0 185 4.34733e-07
3.23346 1.82408 0 185 4.28791e-07
3.23421 1.82408 0 185 4.22986e-07
3.23496 1.82408 0 185 4.17314e-07
3.23571 1.82408 0 185 4.1177e-07
3.23646 1.82408 0 185 4.06347e-07
3.23721 1.82408 0 185 4.01048e-07
3.23796 1.82408 0 185 3.95861e-07
3.23871 1.82408 0 185 3.90784e-07
3.23946 1.82408 0 185 3.85815e-07
3.24021 1.82408 0 185 3.80949e-07
3.24096 1.82408 0 185 3.76184e-07
3.24171 1.82408 0 185 3.71512e-07
3.24246 1.82408 0 185 3.66934e-07
3.24321 1.82408 0 185 3.62445e-07
3.24396 1.82408 0 185 3.58044e-07
3.24471 1.82408 0 185 3.53725e-07
3.24546 1.82408 0 185 3.49487e-07
3.24621 1.82408 0 185 3.45325e-07
3.24696 1.82408 0 185 3.41237e-07
3.24771 1.82408 0 185 3.37221e-07
3.24846 1.82408 0 185 3.33273e-07
3.24921 1.82408 0 185 3.29391e-07
3.24996 1.82408 0 185 3.25572e-07
3.25071 1.82408 0 185 3.21817e-07
3.25146 1.82408 0 185 3.18122e-07
3.25221 1.82408 0 185 3.14478e-07
3.25296 1.82408 0 185 3.10888e-07
3.25371 1.82408 0 185 3.07346e-07
3.25446 1.82408 0 185 3.03855e-07
3.25521 1.82408 0 185 3.00409e-07
3.25596 1.82408 0 185 2.9701e-07
3.25671 1.82408 0 185 2.93646e-07
3.25746 1.82408 0 185 2.90323e-07
3.25821 1.82408 0 185 2.87036e-07
3.25896 1.82408 0 185 2.83781e-07
3.25971 1.82408 0 185 2.80557e-07
3.26046 1.82408 0 185 2.77364e-07
3.26121 1.82408 0 185 2.74189e-07
3.26196 1.82408 0 185 2.7104e-07
3.26271 1.82408 0 185 2.6791e-07
3.26346 1.82408 0 185 2.64799e-07
3.26421 1.82408 0 185 2.61698e-07
3.26496 1.82408 0 185 2.58607e-07
3.26571 1.82408 0 185 2.55523e-07
3.26646 1.82408 0 185 2.52442e-07
3.26721 1.82408 0 185 2.49361e-07
3.26796 1.82408 0 185 2.46276e-07
3.26871 1.82408 0 185 2.43184e-07
3.26946 1.82408 0 185 2.40081e-07
3.27021 1.82408 0 185 2.36968e-07
3.27096 1.82408 0 185 2.33829e-07
3.27171 1.82408 0 185 2.30667e-07
3.27246 1.82408 0 185 2.27478e-07
3.27321 1.82408 0 185 2.24256e-07
3.27396 1.82408 0 185 2.20998e-07
3.27471 1.82408 0 185 2.17702e-07
3.27546 1.82408 0 185 2.14358e-07
3.27621 1.82408 0 185 2.10965e-07
3.27696 1.82408 0 185 2.07519e-07
3.27771 1.82408 0 185 2.04017e-07
3.27846 1.82408 0 185 2.00455e-07
3.27921 1.82408 0 185 1.96831e-07
3.27996 1.82408 0 185 1.93143e-07
3.28071 1.82408 0 185 1.89391e-07
3.28146 1.82408 0 185 1.85576e-07
3.28221 1.82408 0 185 1.81699e-07
3.28296 1.82408 0 185 1.77765e-07
3.28371 1.82408 0 185 1.73779e-07
3.28446 1.82408 0 185 1.69751e-07
3.28521 1.82408 0 185 1.65694e-07
3.28596 1.82408 0 185 1.61624e-07
3.28671 1.82408 0 185 1.57554e-07
3.28746 1.82408 0 185 1.53517e-07
3.28821 1.82408 0 185 1.49546e-07
3.28896 1.82408 0 185 1.45652e-07
3.28971 1.82408 0 185 1.41895e-07
3.29047 1.82408 0 185 1.38312e-07
3.29122 1.82408 0 185 1.34952e-07
3.29197 1.82408 0 185 1.31866e-07
3.29272 1.82408 0 185 1.29112e-07
3.29347 1.82408 0 185 1.26744e-07
3.29422 1.82408 0 185 1.24826e-07
3.29497 1.82408 0 185 1.23398e-07
3.29572 1.82408 0 185 1.22515e-07
3.29647 1.82408 0 185 1.22217e-07
3.29722 1.82408 0 185 1.2253e-07
3.29797 1.82408 0 185 1.23474e-07
3.29872 1.82408 0 185 1.25048e-07
3.29947 1.82408 0 185 1.27234e-07
3.30022 1.82408 0 185 1.2999e-07
3.30097 1.82408 0 185 1.33273e-07
3.30172 1.82408 0 185 1.37009e-07
3.30247 1.82408 0 185 1.41115e-07
3.30322 1.82408 0 185 1.455e-07
3.30397 1.82408 0 185 1.50056e-07
3.30472 1.82408 0 185 1.54699e-07
3.30547 1.82408 0 185 1.59324e-07
3.30622 1.82408 0 185 1.63845e-07
3.30697 1.82408 0 185 1.68155e-07
3.30772 1.82408 0 185 1.72223e-07
3.30847 1.82408 0 185 1.7597e-07
3.30922 1.82408 0 185 1.79357e-07
3.30997 1.82408 0 185 1.82375e-07
3.31072 1.82408 0 185 1.84994e-07
3.31147 1.82408 0 185 1.87221e-07
3.31222 1.82408 0 185 1.8906e-07
3.31297 1.82408 0 185 1.90523e-07
3.31372 1.82408 0 185 1.91638e-07
3.31447 1.82408 0 185 1.9242e-07
3.31522 1.82408 0 185 1.92917e-07
3.31597 1.82408 0 185 1.93152e-07
3.31672 1.82408 0 185 1.93151e-07
3.31747 1.82408 0 185 1.92953e-07
3.31822 1.82408 0 185 1.92584e-07
3.31897 1.82408 0 185 1.9205e-07
3.31972 1.82408 0 185 1.91423e-07
3.32047 1.82408 0 185 1.90698e-07
3.32122 1.82408 0 185 1.899e-07
3.32197 1.82408 0 185 1.8905e-07
3.32272 1.82408 0 185 1.88159e-07
3.32347 1.82408 0 185 1.87251e-07
3.32422 1.82408 0 185 1.86336e-07
3.32497 1.82408 0 185 1.85424e-07
3.32572 1.82408 0 185 1.84524e-07
3.32647 1.82408 0 185 1.83645e-07
3.32722 1.82408 0 185 1.82797e-07
3.32797 1.82408 0 185 1.81984e-07
3.32872 1.82408 0 185 1.81211e-07
3.32947 1.82408 0 185 1.80481e-07
3.33022 1.82408 0 185 1.79798e-07
3.33097 1.82408 0 185 1.79163e-07
3.33172 1.82408 0 185 1.78578e-07
3.33247 1.82408 0 185 1.78045e-07
3.33322 1.82408 0 185 1.77561e-07
3.33397 1.82408 0 185 1.77128e-07
3.33472 1.82408 0 185 1.76742e-07
3.33547 1.82408 0 185 1.76403e-07
3.33622 1.82408 0 185 1.76106e-07
3.33697 1.82408 0 185 1.75848e-07
3.33772 1.82408 0 185 1.75624e-07
3.33847 1.82408 0 185 1.75429e-07
3.33922 1.82408 0 185 1.75257e-07
3.33997 1.82408 0 185 1.75098e-07
3.34072 1.82408 0 185 1.74946e-07
3.34147 1.82408 0 185 1.74792e-07
3.34222 1.82408 0 185 1.74626e-07
3.34297 1.82408 0 185 1.74438e-07
3.34372 1.82408 0 185 1.74218e-07
3.34447 1.82408 0 185 1.73957e-07
3.34522 1.82408 0 185 1.73641e-07
3.34597 1.82408 0 185 1.73263e-07
3.34672 1.82408 0 185 1.72812e-07
3.34747 1.82408 0 185 1.72281e-07
3.34822 1.82408 0 185 1.71662e-07
3.34897 1.82408 0 185 1.70951e-07
3.34972 1.82408 0 185 1.70141e-07
3.35048 1.82408 0 185 1.69384e-07
3.35123 1.82408 0 185 1.68371e-07
3.35198 1.82408 0 185 1.67261e-07
3.35273 1.82408 0 185 1.66055e-07
3.35348 1.82408 0 185 1.64759e-07
3.35423 1.82408 0 185 1.63379e-07
3.35498 1.82408 0 185 1.61924e-07
3.35573 1.82408 0 185 1.60399e-07
3.35648 1.82408 0 185 1.58815e-07
3.35723 1.82408 0 185 1.5718e-07
3.35798 1.82408 0 185 1.55504e-07
3.35873 1.82408 0 185 1.53794e-07
3.35948 1.82408 0 185 1.5206e-07
3.36023 1.82408 0 185 1.5031e-07
3.36098 1.82408 0 185 1.48549e-07
3.36173 1.82408 0 185 1.46785e-07
3.36248 1.82408 0 185 1.45022e-07
3.36323 1.82408 0 185 1.43266e-07
3.36398 1.82408 0 185 1.41519e-07
3.36473 1.82408 0 185 1.39786e-07
3.36548 1.82408 0 185 1.38069e-07
3.36623 1.82408 0 185 1.36369e-07
3.36698 1.82408 0 185 1.34688e-07
3.36773 1.82408 0 185 1.33026e-07
3.36848 1.82408 0 185 1.31385e-07
3.36923 1.82408 0 185 1.29763e-07
3.36998 1.82408 0 185 1.2816e-07
3.37073 1.82408 0 185 1.26575e-07
3.37148 1.82408 0 185 1.25009e-07
3.37223 1.82408 0 185 1.23459e-07
3.37298 1.82408 0 185 1.21924e-07
3.37373 1.82408 0 185 1.20403e-07
3.37448 1.82408 0 185 1.18895e-07
3.37523 1.82408 0 185 1.17398e-07
3.37598 1.82408 0 185 1.15912e-07
3.37673 1.82408 0 185 1.14432e-07
3.37748 1.82408 0 185 1.12958e-07
3.37823 1.82408 0 185 1.11487e-07
3.37898 1.82408 0 185 1.10016e-07
3.37973 1.82408 0 185 1.08545e-07
3.38048 1.82408 0 185 1.0707e-07
3.38123 1.82408 0 185 1.05586e-07
3.38198 1.82408 0 185 1.04091e-07
3.38273 1.82408 0 185 1.02581e-07
3.38348 1.82408 0 185 1.0105e-07
3.38423 1.82408 0 185 9.94903e-08
3.38498 1.82408 0 185 9.79026e-08
3.38573 1.82408 0 185 9.62783e-08
3.38648 1.82408 0 185 9.4609e-08
3.38723 1.82408 0 185 9.28907e-08
3.38798 1.82408 0 185 9.11154e-08
3.38873 1.82408 0 185 8.92745e-08
3.38948 1.82408 0 185 8.73632e-08
3.39023 1.82408 0 185 8.53726e-08
3.39098 1.82408 0 185 8.32929e-08
3.39173 1.82408 0 185 8.112e-08
3.39248 1.82408 0 185 7.8844e-08
3.39323 1.82408 0 185 7.64566e-08
3.39398 1.82408 0 185 7.39465e-08
3.39473 1.82408 0 185 7.13098e-08
3.39548 1.82408 0 185 6.85352e-08
3.39623 1.82408 0 185 6.5613e-08
3.39698 1.82408 0 185 6.25335e-08
3.39773 1.82408 0 185 5.92863e-08
3.39848 1.82408 0 185 5.58579e-08
3.39923 1.82408 0 185 5.22426e-08
3.39998 1.82408 0 185 4.84267e-08
3.40073 1.82408 0 185 4.43979e-08
3.40148 1.82408 0 185 4.0139e-08
3.40223 1.82408 0 185 3.56452e-08
3.40298 1.82408 0 185 3.09041e-08
3.40373 1.82408 0 185 2.5901e-08
3.40448 1.82408 0 185 2.06191e-08
3.40523 1.82408 0 185 1.50565e-08
3.40598 1.82408 0 185 9.19822e-09
3.40673 1.82408 0 185 3.03503e-09
3.40748 1.82408 0 185 -3.44032e-09
3.40823 1.82408 0 185 -1.02327e-08
3.40898 1.82408 0 185 -1.73441e-08
3.40973 1.82408 0 185 -2.47724e-08
3.41049 1.82408 0 185 -3.25145e-08
3.41124 1.82408 0 185 -4.05512e-08
3.41199 1.82408 0 185 -4.88709e-08
3.41274 1.82408 0 185 -5.74378e-08
3.41349 1.82408 0 185 -6.62197e-08
3.41424 1.82408 0 185 -7.51695e-08
3.41499 1.82408 0 185 -8.42281e-08
3.41574 1.82408 0 185 -9.33235e-08
3.41649 1.82408 0 185 -1.02369e-07
3.41724 1.82408 0 185 -1.11301e-07
3.41799 1.82408 0 185 -1.19939e-07
3.41874 1.82408 0 185 -1.28168e-07
3.41949 1.82408 0 185 -1.35856e-07
3.42024 1.82408 0 185 -1.42837e-07
3.42099 1.82408 0 185 -1.48939e-07
3.42174 1.82408 0 185 -1.53991e-07
3.42249 1.82408 0 185 -1.57813e-07
3.42324 1.82408 0 185 -1.60237e-07
3.42399 1.82408 0 185 -1.61096e-07
3.42474 1.82408 0 185 -1.60251e-07
3.42549 1.82408 0 185 -1.57588e-07
3.42624 1.82408 0 185 -1.53026e-07
3.42699 1.82408 0 185 -1.4656e-07
3.42774 1.82408 0 185 -1.38147e-07
3.42849 1.82408 0 185 -1.27849e-07
3.42924 1.82408 0 185 -1.15791e-07
3.42999 1.82408 0 185 -1.0213e-07
3.43074 1.82408 0 185 -8.70766e-08
3.43149 1.82408 0 185 -7.08688e-08
3.43224 1.82408 0 185 -5.37767e-08
3.43299 1.82408 0 185 -3.60867e-08
3.43374 1.82408 0 185 -1.8091e-08
3.43449 1.82408 0 185 -7.61173e-11
3.43524 1.82408 0 185 1.76878e-08
3.43599 1.82408 0 185 3.49552e-08
3.43674 1.82408 0 185 5.15121e-08
3.43749 1.82408 0 185 6.71803e-08
3.43824 1.82408 0 185 8.1824e-08
3.43899 1.82408 0 185 9.53319e-08
3.43974 1.82408 0 185 1.07644e-07
3.44049 1.82408 0 185 1.18727e-07
3.44124 1.82408 0 185 1.28576e-07
3.44199 1.82408 0 185 1.37221e-07
3.44274 1.82408 0 185 1.44698e-07
3.44349 1.82408 0 185 1.51068e-07
3.44424 1.82408 0 185 1.56399e-07
3.44499 1.82408 0 185 1.6077e-07
3.44574 1.82408 0 185 1.6426e-07
3.44649 1.82408 0 185 1.66954e-07
3.44724 1.82408 0 185 1.68932e-07
3.44799 1.82408 0 185 1.70275e-07
3.44874 1.82408 0 185 1.71059e-07
3.44949 1.82408 0 185 1.71355e-07
3.45024 1.82408 0 185 1.71228e-07
3.45099 1.82408 0 185 1.70739e-07
3.45174 1.82408 0 185 1.69943e-07
3.45249 1.82408 0 185 1.68888e-07
3.45324 1.82408 0 185 1.67635e-07
3.45399 1.82408 0 185 1.66192e-07
3.45474 1.82408 0 185 1.64609e-07
3.45549 1.82408 0 185 1.62916e-07
3.45624 1.82408 0 185 1.6115e-07
3.45699 1.82408 0 185 1.59313e-07
3.45774 1.82408 0 185 1.5744e-07
3.45849 1.82408 0 185 1.55538e-07
3.45924 1.82408 0 185 1.53626e-07
3.45999 1.82408 0 185 1.51717e-07
3.46074 1.82408 0 185 1.4982e-07
3.46149 1.82408 0 185 1.47944e-07
3.46224 1.82408 0 185 1.46096e-07
3.46299 1.82408 0 185 1.44283e-07
3.46374 1.82408 0 185 1.42506e-07
3.46449 1.82408 0 185 1.40772e-07
3.46524 1.82408 0 185 1.39082e-07
3.46599 1.82408 0 185 1.37438e-07
3.46674 1.82408 0 185 1.35843e-07
3.46749 1.82408 0 185 1.34297e-07
3.46824 1.82408 0 185 1.32801e-07
3.46899 1.82408 0 185 1.31354e-07
3.46974 1.82408 0 185 1.29958e-07
3.4705 1.82408 0 185 1.28611e-07
3.47125 1.82408 0 185 1.27312e-07
3.472 1.82408 0 185 1.26062e-07
3.47275 1.82408 0 185 1.24859e-07
3.4735 1.82408 0 185 1.23702e-07
3.47425 1.82408 0 185 1.22591e-07
3.475 1.82408 0 185 1.21524e-07
3.47575 1.82408 0 185 1.20501e-07
3.4765 1.82408 0 185 1.19519e-07
3.47725 1.82408 0 185 1.18579e-07
3.478 1.82408 0 185 1.17681e-07
3.47875 1.82408 0 185 1.16819e-07
3.4795 1.82408 0 185 1.15994e-07
3.48025 1.82408 0 185 1.15206e-07
3.481 1.82408 0 185 1.14453e-07
3.48175 1.82408 0 185 1.13734e-07
3.4825 1.82408 0 185 1.13049e-07
3.48325 1.82408 0 185 1.12395e-07
3.484 1.82408 0 185 1.11773e-07
3.48475 1.82408 0 185 1.11182e-07
3.4855 1.82408 0 185 1.1062e-07
3.48625 1.82408 0 185 1.10086e-07
3.487 1.82408 0 185 1.0958e-07
3.48775 1.82408 0 185 1.09102e-07
3.4885 1.82408 0 185 1.08649e-07
3.48925 1.82408 0 185 1.08225e-07
3.49 1.82408 0 185 1.07822e-07
3.49075 1.82408 0 185 1.07444e-07
3.4915 1.82408 0 185 1.0709e-07
3.49225 1.82408 0 185 1.06758e-07
3.493 1.82408 0 185 1.06448e-07
3.49375 1.82408 0 185 1.06161e-07
3.4945 1.82408 0 185 1.05895e-07
3.49525 1.82408 0 185 1.05651e-07
3.496 1.82408 0 185 1.05427e-07
3.49675 1.82408 0 185 1.05223e-07
3.4975 1.82408 0 185 1.0504e-07
3.49825 1.82408 0 185 1.04875e-07
3.499 1.82408 0 185 1.04731e-07
3.49975 1.82408 0 185 1.04605e-07
3.5005 1.82408 0 185 1.04498e-07
3.50125 1.82408 0 185 1.0441e-07
3.502 1.82408 0 185 1.0434e-07
3.50275 1.82408 0 185 1.04289e-07
3.5035 1.82408 0 185 1.04256e-07
3.50425 1.82408 0 185 1.0424e-07
3.505 1.82408 0 185 1.04242e-07
3.50575 1.82408 0 185 1.04263e-07
3.5065 1.82408 0 185 1.04301e-07
3.50725 1.82408 0 185 1.04357e-07
3.508 1.82408 0 185 1.04431e-07
3.50875 1.82408 0 185 1.04523e-07
3.5095 1.82408 0 185 1.04633e-07
3.51025 1.82408 0 185 1.04761e-07
3.511 1.82408 0 185 1.04907e-07
3.51175 1.82408 0 185 1.05072e-07
3.5125 1.82408 0 185 1.05255e-07
3.51325 1.82408 0 185 1.05457e-07
3.514 1.82408 0 185 1.05678e-07
3.51475 1.82408 0 185 1.05918e-07
3.5155 1.82408 0 185 1.06177e-07
3.51625 1.82408 0 185 1.06456e-07
3.517 1.82408 0 185 1.06755e-07
3.51775 1.82408 0 185 1.07074e-07
3.5185 1.82408 0 185 1.07414e-07
3.51925 1.82408 0 185 1.07774e-07
3.52 1.82408 0 185 1.08155e-07
3.52075 1.82408 0 185 1.08558e-07
3.5215 1.82408 0 185 1.08982e-07
3.52225 1.82408 0 185 1.09427e-07
3.523 1.82408 0 185 1.09895e-07
3.52375 1.82408 0 185 1.10384e-07
3.5245 1.82408 0 185 1.10896e-07
3.52525 1.82408 0 185 1.1143e-07
3.526 1.82408 0 185 1.11985e-07
3.52675 1.82408 0 185 1.12781e-07
3.5275 1.82408 0 185 1.13373e-07
3.52825 1.82408 0 185 1.13987e-07
3.529 1.82408 0 185 1.14621e-07
3.52975 1.82408 0 185 1.15274e-07
3.53051 1.82408 0 185 1.15946e-07
3.53126 1.82408 0 185 1.16635e-07
3.53201 1.82408 0 185 1.1734e-07
3.53276 1.82408 0 185 1.18059e-07
3.53351 1.82408 0 185 1.18791e-07
3.53426 1.82408 0 185 1.19534e-07
3.53501 1.82408 0 185 1.20285e-07
3.53576 1.82408 0 185 1.21042e-07
3.53651 1.82408 0 185 1.21803e-07
3.53726 1.82408 0 185 1.22566e-07
3.53801 1.82408 0 185 1.23328e-07
3.53876 1.82408 0 185 1.24088e-07
3.53951 1.82408 0 185 1.24842e-07
3.54026 1.82408 0 185 1.25589e-07
3.54101 1.82408 0 185 1.26328e-07
3.54176 1.82408 0 185 1.27058e-07
3.54251 1.82408 0 185 1.27778e-07
3.54326 1.82408 0 185 1.28488e-07
3.54401 1.82408 0 185 1.29189e-07
3.54476 1.82408 0 185 1.29881e-07
3.54551 1.82408 0 185 1.30568e-07
3.54626 1.82408 0 185 1.31249e-07
3.54701 1.82408 0 185 1.31929e-07
3.54776 1.82408 0 185 1.3261e-07
3.54851 1.82408 0 185 1.33296e-07
3.54926 1.82408 0 185 1.33989e-07
3.55001 1.82408 0 185 1.34695e-07
3.55076 1.82408 0 185 1.35417e-07
3.55151 1.82408 0 185 1.36158e-07
3.55226 1.82408 0 185 1.36923e-07
3.55301 1.82408 0 185 1.37716e-07
3.55376 1.82408 0 185 1.3854e-07
3.55451 1.82408 0 185 1.394e-07
3.55526 1.82408 0 185 1.40299e-07
3.55601 1.82408 0 185 1.4124e-07
3.55676 1.82408 0 185 1.42226e-07
3.55751 1.82408 0 185 1.43262e-07
3.55826 1.82408 0 185 1.44349e-07
3.55901 1.82408 0 185 1.45493e-07
3.55976 1.82408 0 185 1.46693e-07
3.56051 1.82408 0 185 1.47955e-07
3.56126 1.82408 0 185 1.4928e-07
3.56201 1.82408 0 185 1.50672e-07
3.56276 1.82408 0 185 1.52133e-07
3.56351 1.82408 0 185 1.53666e-07
3.56426 1.82408 0 185 1.55276e-07
3.56501 1.82408 0 185 1.56963e-07
3.56576 1.82408 0 185 1.58732e-07
3.56651 1.82408 0 185 1.60586e-07
3.56726 1.82408 0 185 1.62528e-07
3.56801 1.82408 0 185 1.64562e-07
3.56876 1.82408 0 185 1.66691e-07
3.56951 1.82408 0 185 1.6892e-07
3.57026 1.82408 0 185 1.71253e-07
3.57101 1.82408 0 185 1.73693e-07
3.57176 1.82408 0 185 1.76246e-07
3.57251 1.82408 0 185 1.78916e-07
3.57326 1.82408 0 185 1.81708e-07
3.57401 1.82408 0 185 1.84629e-07
3.57476 1.82408 0 185 1.87682e-07
3.57551 1.82408 0 185 1.90874e-07
3.57626 1.82408 0 185 1.94212e-07
3.57701 1.82408 0 185 1.97701e-07
3.57776 1.82408 0 185 2.01347e-07
3.57851 1.82408 0 185 2.05159e-07
3.57926 1.82408 0 185 2.09143e-07
3.58001 1.82408 0 185 2.13306e-07
3.58076 1.82408 0 185 2.17656e-07
3.58151 1.82408 0 185 2.222e-07
3.58226 1.82408 0 185 2.26947e-07
3.58301 1.82408 0 185 2.31903e-07
3.58376 1.82408 0 185 2.37078e-07
3.58451 1.82408 0 185 2.42479e-07
3.58526 1.82408 0 185 2.48112e-07
3.58601 1.82408 0 185 2.53986e-07
3.58676 1.82408 0 185 2.60107e-07
3.58751 1.82408 0 185 2.66482e-07
3.58826 1.82408 0 185 2.73116e-07
3.58901 1.82408 0 185 2.80012e-07
3.58976 1.82408 0 185 2.87175e-07
3.59052 1.82408 0 185 2.94604e-07
3.59127 1.82408 0 185 3.02299e-07
3.59202 1.82408 0 185 3.10256e-07
3.59277 1.82408 0 185 3.1847e-07
3.59352 1.82408 0 185 3.26932e-07
3.59427 1.82408 0 185 3.35627e-07
3.59502 1.82408 0 185 3.44539e-07
3.59577 1.82408 0 185 3.53646e-07
3.59652 1.82408 0 185 3.62918e-07
3.59727 1.82408 0 185 3.72324e-07
3.59802 1.82408 0 185 3.81822e-07
3.59877 1.82408 0 185 3.91367e-07
3.59952 1.82408 0 185 4.00905e-07
3.60027 1.82408 0 185 4.10377e-07
3.60102 1.82408 0 185 4.19715e-07
3.60177 1.82408 0 185 4.28845e-07
3.60252 1.82408 0 185 4.3769e-07
3.60327 1.82408 0 185 4.46166e-07
3.60402 1.82408 0 185 4.54188e-07
3.60477 1.82408 0 185 4.61668e-07
3.60552 1.82408 0 185 4.6852e-07
3.60627 1.82408 0 185 4.74661e-07
3.60702 1.82408 0 185 4.80011e-07
3.60777 1.82408 0 185 4.84501e-07
3.60852 1.82408 0 185 4.88072e-07
3.60927 1.82408 0 185 4.90678e-07
3.61002 1.82408 0 185 4.92282e-07
3.61077 1.82408 0 185 4.92866e-07
3.61152 1.82408 0 185 4.92432e-07
3.61227 1.82408 0 185 4.90989e-07
3.61302 1.82408 0 185 4.88569e-07
3.61377 1.82408 0 185 4.85215e-07
3.61452 1.82408 0 185 4.80985e-07
3.61527 1.82408 0 185 4.75947e-07
3.61602 1.82408 0 185 4.70173e-07
3.61677 1.82408 0 185 4.63748e-07
3.61752 1.82408 0 185 4.56756e-07
3.61827 1.82408 0 185 4.49285e-07
3.61902 1.82408 0 185 4.41419e-07
3.61977 1.82408 0 185 4.33242e-07
3.62052 1.82408 0 185 4.24834e-07
3.62127 1.82408 0 185 4.16268e-07
3.62202 1.82408 0 185 4.07616e-07
3.62277 1.82408 0 185 3.98932e-07
3.62352 1.82408 0 185 3.90275e-07
3.62427 1.82408 0 185 3.81693e-07
3.62502 1.82408 0 185 3.73228e-07
3.62577 1.82408 0 185 3.64912e-07
3.62652 1.82408 0 185 3.56778e-07
3.62727 1.82408 0 185 3.48848e-07
3.62802 1.82408 0 185 3.41141e-07
3.62877 1.82408 0 185 3.33673e-07
3.62952 1.82408 0 185 3.26453e-07
3.63027 1.82408 0 185 3.19489e-07
3.63102 1.82408 0 185 3.12786e-07
3.63177 1.82408 0 185 3.06345e-07
3.63252 1.82408 0 185 3.00166e-07
3.63327 1.82408 0 185 2.94247e-07
3.63402 1.82408 0 185 2.88585e-07
3.63477 1.82408 0 185 2.83175e-07
3.63552 1.82408 0 185 2.78011e-07
3.63627 1.82408 0 185 2.73088e-07
3.63702 1.82408 0 185 2.68398e-07
3.63777 1.82408 0 185 2.63935e-07
3.63852 1.82408 0 185 2.59692e-07
3.63927 1.82408 0 185 2.5566e-07
3.64002 1.82408 0 185 2.51832e-07
3.64077 1.82408 0 185 2.48201e-07
3.64152 1.82408 0 185 2.44759e-07
3.64227 1.82408 0 185 2.415e-07
3.64302 1.82408 0 185 2.38415e-07
3.64377 1.82408 0 185 2.35498e-07
3.64452 1.82408 0 185 2.32742e-07
3.64527 1.82408 0 185 2.30141e-07
3.64602 1.82408 0 185 2.27689e-07
3.64677 1.82408 0 185 2.25379e-07
3.64752 1.82408 0 185 2.23206e-07
3.64827 1.82408 0 185 2.21164e-07
3.64902 1.82408 0 185 2.19249e-07
3.64977 1.82408 0 185 2.17454e-07
3.65053 1.82408 0 185 2.15776e-07
3.65128 1.82408 0 185 2.1421e-07
3.65203 1.82408 0 185 2.1275e-07
3.65278 1.82408 0 185 2.11395e-07
3.65353 1.82408 0 185 2.10139e-07
3.65428 1.82408 0 185 2.08979e-07
3.65503 1.82408 0 185 2.07912e-07
3.65578 1.82408 0 185 2.06934e-07
3.65653 1.82408 0 185 2.06043e-07
3.65728 1.82408 0 185 2.05235e-07
3.65803 1.82408 0 185 2.04508e-07
3.65878 1.82408 0 185 2.03859e-07
3.65953 1.82408 0 185 2.03286e-07
3.66028 1.82408 0 185 2.02786e-07
3.66103 1.82408 0 185 2.02358e-07
3.66178 1.82408 0 185 2.01999e-07
3.66253 1.82408 0 185 2.01708e-07
3.66328 1.82408 0 185 2.01484e-07
3.66403 1.82408 0 185 2.01323e-07
3.66478 1.82408 0 185 2.01226e-07
3.66553 1.82408 0 185 2.0119e-07
3.66628 1.82408 0 185 2.01214e-07
3.66703 1.82408 0 185 2.01298e-07
3.66778 1.82408 0 185 2.01438e-07
3.66853 1.82408 0 185 2.01637e-07
3.66928 1.82408 0 185 2.01892e-07
3.67003 1.82408 0 185 2.02202e-07
3.67078 1.82408 0 185 2.02566e-07
3.67153 1.82408 0 185 2.02985e-07
3.67228 1.82408 0 185 2.03458e-07
3.67303 1.82408 0 185 2.03983e-07
3.67378 1.82408 0 185 2.0456e-07
3.67453 1.82408 0 185 2.0519e-07
3.67528 1.82408 0 185 2.05871e-07
3.67603 1.82408 0 185 2.06604e-07
3.67678 1.82408 0 185 2.07389e-07
3.67753 1.82408 0 185 2.08225e-07
3.67828 1.82408 0 185 2.09113e-07
3.67903 1.82408 0 185 2.10052e-07
3.67978 1.82408 0 185 2.11043e-07
3.68053 1.82408 0 185 2.12084e-07
3.68128 1.82408 0 185 2.13178e-07
3.68203 1.82408 0 185 2.14325e-07
3.68278 1.82408 0 185 2.15524e-07
3.68353 1.82408 0 185 2.16776e-07
3.68428 1.82408 0 185 2.18082e-07
3.68503 1.82408 0 185 2.19442e-07
3.68578 1.82408 0 185 2.20857e-07
3.68653 1.82408 0 185 2.22326e-07
3.68728 1.82408 0 185 2.23856e-07
3.68803 1.82408 0 185 2.25438e-07
3.68878 1.82408 0 185 2.27079e-07
3.68953 1.82408 0 185 2.28778e-07
3.69028 1.82408 0 185 2.30537e-07
3.69103 1.82408 0 185 2.32356e-07
3.69178 1.82408 0 185 2.34237e-07
3.69253 1.82408 0 185 2.36182e-07
3.69328 1.82408 0 185 2.3819e-07
3.69403 1.82408 0 185 2.40265e-07
3.69478 1.82408 0 185 2.42406e-07
3.69553 1.82408 0 185 2.44615e-07
3.69628 1.82408 0 185 2.46896e-07
3.69703 1.82408 0 185 2.49248e-07
3.69778 1.82408 0 185 2.51675e-07
3.69853 1.82408 0 185 2.54177e-07
3.69928 1.82408 0 185 2.56756e-07
3.70003 1.82408 0 185 2.59416e-07
3.70078 1.82408 0 185 2.62158e-07
3.70153 1.82408 0 185 2.64984e-07
3.70228 1.82408 0 185 2.67897e-07
3.70303 1.82408 0 185 2.70899e-07
3.70378 1.82408 0 185 2.73993e-07
3.70453 1.82408 0 185 2.77182e-07
3.70528 1.82408 0 185 2.80469e-07
3.70603 1.82408 0 185 2.83857e-07
3.70678 1.82408 0 185 2.87349e-07
3.70753 1.82408 0 185 2.90949e-07
3.70828 1.82408 0 185 2.94659e-07
3.70903 1.82408 0 185 2.98485e-07
3.70978 1.82408 0 185 3.0243e-07
3.71054 1.82408 0 185 3.06498e-07
3.71129 1.82408 0 185 3.10693e-07
3.71204 1.82408 0 185 3.1502e-07
3.71279 1.82408 0 185 3.19484e-07
3.71354 1.82408 0 185 3.24089e-07
3.71429 1.82408 0 185 3.28842e-07
3.71504 1.82408 0 185 3.33747e-07
3.71579 1.82408 0 185 3.38809e-07
3.71654 1.82408 0 185 3.44037e-07
3.71729 1.82408 0 185 3.49435e-07
3.71804 1.82408 0 185 3.55014e-07
3.71879 1.82408 0 185 3.60775e-07
3.71954 1.82408 0 185 3.66728e-07
3.72029 1.82408 0 185 3.72881e-07
3.72104 1.82408 0 185 3.79239e-07
3.72179 1.82408 0 185 3.85816e-07
3.72254 1.82408 0 185 3.92528e-07
3.72329 1.82408 0 185 3.99563e-07
3.72404 1.82408 0 185 4.06844e-07
3.72479 1.82408 0 185 4.14379e-07
3.72554 1.82408 0 185 4.22181e-07
3.72629 1.82408 0 185 4.30261e-07
3.72704 1.82408 0 185 4.3863e-07
3.72779 1.82408 0 185 4.47299e-07
3.72854 1.82408 0 185 4.56286e-07
3.72929 1.82408 0 185 4.65603e-07
3.73004 1.82408 0 185 4.75264e-07
3.73079 1.82408 0 185 4.85285e-07
3.73154 1.82408 0 185 4.95681e-07
3.73229 1.82408 0 185 5.06469e-07
3.73304 1.82408 0 185 5.17667e-07
3.73379 1.82408 0 185 5.29293e-07
3.73454 1.82408 0 185 5.41364e-07
3.73529 1.82408 0 185 5.53904e-07
3.73604 1.82408 0 185 5.66932e-07
3.73679 1.82408 0 185 5.80469e-07
3.73754 1.82408 0 185 5.94538e-07
3.73829 1.82408 0 185 6.09162e-07
3.73904 1.82408 0 185 6.24365e-07
3.73979 1.82408 0 185 6.40171e-07
3.74054 1.82408 0 185 6.56606e-07
3.74129 1.82408 0 185 6.73695e-07
3.74204 1.82408 0 185 6.91464e-07
3.74279 1.82408 0 185 7.09941e-07
3.74354 1.82408 0 185 7.29151e-07
3.74429 1.82408 0 185 7.49122e-07
3.74504 1.82408 0 185 7.69879e-07
3.74579 1.82408 0 185 7.91448e-07
3.74654 1.82408 0 185 8.13854e-07
3.74729 1.82408 0 185 8.3712e-07
3.74804 1.82408 0 185 8.61267e-07
3.74879 1.82408 0 185 8.86314e-07
3.74954 1.82408 0 185 9.12275e-07
3.75029 1.82408 0 185 9.39162e-07
3.75104 1.82408 0 185 9.66982e-07
3.75179 1.82408 0 185 9.95735e-07
3.75254 1.82408 0 185 1.02542e-06
3.75329 1.82408 0 185 1.05601e-06
3.75404 1.82408 0 185 1.08749e-06
3.75479 1.82408 0 185 1.11982e-06
3.75554 1.82408 0 185 1.15295e-06
3.75629 1.82408 0 185 1.18683e-06
3.75704 1.82408 0 185 1.22137e-06
3.75779 1.82408 0 185 1.25648e-06
3.75854 1.82408 0 185 1.29205e-06
3.75929 1.82408 0 185 1.32794e-06
3.76004 1.82408 0 185 1.364e-06
3.76079 1.82408 0 185 1.40006e-06
3.76154 1.82408 0 185 1.4359e-06
3.76229 1.82408 0 185 1.47133e-06
3.76304 1.82408 0 185 1.5061e-06
3.76379 1.82408 0 185 1.53994e-06
3.76454 1.82408 0 185 1.5726e-06
3.76529 1.82408 0 185 1.6038e-06
3.76604 1.82408 0 185 1.63325e-06
3.76679 1.82408 0 185 1.66065e-06
3.76754 1.82408 0 185 1.68574e-06
3.76829 1.82408 0 185 1.70825e-06
3.76904 1.82408 0 185 1.72794e-06
3.76979 1.82408 0 185 1.74458e-06
3.77055 1.82408 0 185 1.758e-06
3.7713 1.82408 0 185 1.76807e-06
3.77205 1.82408 0 185 1.77469e-06
3.7728 1.82408 0 185 1.77781e-06
3.77355 1.82408 0 185 1.77746e-06
3.7743 1.82408 0 185 1.77369e-06
3.77505 1.82408 0 185 1.7666e-06
3.7758 1.82408 0 185 1.75634e-06
3.77655 1.82408 0 185 1.74312e-06
3.7773 1.82408 0 185 1.72715e-06
3.77805 1.82408 0 185 1.70869e-06
3.7788 1.82408 0 185 1.688e-06
3.77955 1.82408 0 185 1.66536e-06
3.7803 1.82408 0 185 1.64106e-06
3.78105 1.82408 0 185 1.61539e-06
3.7818 1.82408 0 185 1.5886e-06
3.78255 1.82408 0 185 1.56096e-06
3.7833 1.82408 0 185 1.53271e-06
3.78405 1.82408 0 185 1.50408e-06
3.7848 1.82408 0 185 1.47528e-06
3.78555 1.82408 0 185 1.44646e-06
3.7863 1.82408 0 185 1.41782e-06
3.78705 1.82408 0 185 1.38946e-06
3.7878 1.82408 0 185 1.36152e-06
3.78855 1.82408 0 185 1.3341e-06
3.7893 1.82408 0 185 1.30726e-06
3.79005 1.82408 0 185 1.28108e-06
3.7908 1.82408 0 185 1.2556e-06
3.79155 1.82408 0 185 1.23086e-06
3.7923 1.82408 0 185 1.20689e-06
3.79305 1.82408 0 185 1.18371e-06
3.7938 1.82408 0 185 1.16134e-06
3.79455 1.82408 0 185 1.13977e-06
3.7953 1.82408 0 185 1.11901e-06
3.79605 1.82408 0 185 1.09906e-06
3.7968 1.82408 0 185 1.07992e-06
3.79755 1.82408 0 185 1.06157e-06
3.7983 1.82408 0 185 1.04403e-06
3.79905 1.82408 0 185 1.02728e-06
3.7998 1.82408 0 185 1.01131e-06
3.80055 1.82408 0 185 9.96118e-07
3.8013 1.82408 0 185 9.81697e-07
3.80205 1.82408 0 185 9.68041e-07
3.8028 1.82408 0 185 9.55142e-07
3.80355 1.82408 0 185 9.42992e-07
3.8043 1.82408 0 185 9.31584e-07
3.80505 1.82408 0 185 9.20912e-07
3.8058 1.82408 0 185 9.1097e-07
3.80655 1.82408 0 185 9.01743e-07
3.8073 1.82408 0 185 8.93227e-07
3.80805 1.82408 0 185 8.85413e-07
3.8088 1.82408 0 185 8.78294e-07
3.80955 1.82408 0 185 8.71862e-07
3.8103 1.82408 0 185 8.66109e-07
3.81105 1.82408 0 185 8.61024e-07
3.8118 1.82408 0 185 8.56601e-07
3.81255 1.82408 0 185 8.52832e-07
3.8133 1.82408 0 185 8.49709e-07
3.81405 1.82408 0 185 8.47226e-07
3.8148 1.82408 0 185 8.45376e-07
3.81555 1.82408 0 185 8.44154e-07
3.8163 1.82408 0 185 8.43557e-07
3.81705 1.82408 0 185 8.43576e-07
3.8178 1.82408 0 185 8.44208e-07
3.81855 1.82408 0 185 8.45452e-07
3.8193 1.82408 0 185 8.47305e-07
3.82005 1.82408 0 185 8.49765e-07
3.8208 1.82408 0 185 8.52833e-07
3.82155 1.82408 0 185 8.56507e-07
3.8223 1.82408 0 185 8.60792e-07
3.82305 1.82408 0 185 8.65689e-07
3.8238 1.82408 0 185 8.71201e-07
3.82455 1.82408 0 185 8.77332e-07
3.8253 1.82408 0 185 8.8409e-07
3.82605 1.82408 0 185 8.9148e-07
3.8268 1.82408 0 185 8.99511e-07
3.82755 1.82408 0 185 9.08191e-07
3.8283 1.82408 0 185 9.17532e-07
3.82905 1.82408 0 185 9.27544e-07
3.8298 1.82408 0 185 9.38242e-07
3.83056 1.82408 0 185 9.49637e-07
3.83131 1.82408 0 185 9.61747e-07
3.83206 1.82408 0 185 9.74588e-07
3.83281 1.82408 0 185 9.88179e-07
3.83356 1.82408 0 185 1.00254e-06
3.83431 1.82408 0 185 1.01769e-06
3.83506 1.82408 0 185 1.03366e-06
3.83581 1.82408 0 185 1.05047e-06
3.83656 1.82408 0 185 1.06814e-06
3.83731 1.82408 0 185 1.0867e-06
3.83806 1.82408 0 185 1.10619e-06
3.83881 1.82408 0 185 1.12664e-06
3.83956 1.82408 0 185 1.14807e-06
3.84031 1.82408 0 185 1.17053e-06
3.84106 1.82408 0 185 1.19406e-06
3.84181 1.82408 0 185 1.21869e-06
3.84256 1.82408 0 185 1.24447e-06
3.84331 1.82408 0 185 1.27144e-06
3.84406 1.82408 0 185 1.29966e-06
3.84481 1.82408 0 185 1.32916e-06
3.84556 1.82408 0 185 1.36e-06
3.84631 1.82408 0 185 1.39225e-06
3.84706 1.82408 0 185 1.42595e-06
3.84781 1.82408 0 185 1.46117e-06
3.84856 1.82408 0 185 1.49796e-06
3.84931 1.82408 0 185 1.53641e-06
3.85006 1.82408 0 185 1.57656e-06
3.85081 1.82408 0 185 1.6185e-06
3.85156 1.82408 0 185 1.66231e-06
3.85231 1.82408 0 185 1.70805e-06
3.85306 1.82408 0 185 1.7558e-06
3.85381 1.82408 0 185 1.80566e-06
3.85456 1.82408 0 185 1.85769e-06
3.85531 1.82408 0 185 1.91199e-06
3.85606 1.82408 0 185 1.96864e-06
3.85681 1.82408 0 185 2.02772e-06
3.85756 1.82408 0 185 2.08931e-06
3.85831 1.82408 0 185 2.15351e-06
3.85906 1.82408 0 185 2.22039e-06
3.85981 1.82408 0 185 2.29002e-06
3.86056 1.82408 0 185 2.36248e-06
3.86131 1.82408 0 185 2.43783e-06
3.86206 1.82408 0 185 2.51613e-06
3.86281 1.82408 0 185 2.59742e-06
3.86356 1.82408 0 185 2.68174e-06
3.86431 1.82408 0 185 2.76908e-06
3.86506 1.82408 0 185 2.85945e-06
3.86581 1.82408 0 185 2.95281e-06
3.86656 1.82408 0 185 3.0491e-06
3.86731 1.82408 0 185 3.14823e-06
3.86806 1.82408 0 185 3.25007e-06
3.86881 1.82408 0 185 3.35444e-06
3.86956 1.82408 0 185 3.46111e-06
3.87031 1.82408 0 185 3.56983e-06
3.87106 1.82408 0 185 3.68024e-06
3.87181 1.82408 0 185 3.79196e-06
3.87256 1.82408 0 185 3.90453e-06
3.87331 1.82408 0 185 4.0174e-06
3.87406 1.82408 0 185 4.12997e-06
3.87481 1.82408 0 185 4.24158e-06
3.87556 1.82408 0 185 4.35146e-06
3.87631 1.82408 0 185 4.45881e-06
3.87706 1.82408 0 185 4.56275e-06
3.87781 1.82408 0 185 4.66237e-06
3.87856 1.82408 0 185 4.75672e-06
3.87931 1.82408 0 185 4.84483e-06
3.88006 1.82408 0 185 4.92573e-06
3.88081 1.82408 0 185 4.99847e-06
3.88156 1.82408 0 185 5.06215e-06
3.88231 1.82408 0 185 5.11596e-06
3.88306 1.82408 0 185 5.15916e-06
3.88381 1.82408 0 185 5.19115e-06
3.88456 1.82408 0 185 5.21147e-06
3.88531 1.82408 0 185 5.21979e-06
3.88606 1.82408 0 185 5.21597e-06
3.88681 1.82408 0 185 5.20004e-06
3.88756 1.82408 0 185 5.17219e-06
3.88831 1.82408 0 185 5.13278e-06
3.88906 1.82408 0 185 5.08233e-06
3.88981 1.82408 0 185 5.02148e-06
3.89057 1.82408 0 185 4.95099e-06
3.89132 1.82408 0 185 4.87172e-06
3.89207 1.82408 0 185 4.78461e-06
3.89282 1.82408 0 185 4.69058e-06
3.89357 1.82408 0 185 4.59063e-06
3.89432 1.82408 0 185 4.48575e-06
3.89507 1.82408 0 185 4.37685e-06
3.89582 1.82408 0 185 4.26486e-06
3.89657 1.82408 0 185 4.15065e-06
3.89732 1.82408 0 185 4.03502e-06
3.89807 1.82408 0 185 3.9187e-06
3.89882 1.82408 0 185 3.80236e-06
3.89957 1.82408 0 185 3.68657e-06
3.90032 1.82408 0 185 3.57185e-06
3.90107 1.82408 0 185 3.45865e-06
3.90182 1.82408 0 185 3.34735e-06
3.90257 1.82408 0 185 3.23826e-06
3.90332 1.82408 0 185 3.13163e-06
3.90407 1.82408 0 185 3.02765e-06
3.90482 1.82408 0 185 2.92652e-06
3.90557 1.82408 0 185 2.82833e-06
3.90632 1.82408 0 185 2.73316e-06
3.90707 1.82408 0 185 2.64106e-06
3.90782 1.82408 0 185 2.55205e-06
3.90857 1.82408 0 185 2.46612e-06
3.90932 1.82408 0 185 2.38324e-06
3.91007 1.82408 0 185 2.3034e-06
3.91082 1.82408 0 185 2.22652e-06
3.91157 1.82408 0 185 2.15253e-06
3.91232 1.82408 0 185 2.08136e-06
3.91307 1.82408 0 185 2.01295e-06
3.91382 1.82408 0 185 1.9472e-06
3.91457 1.82408 0 185 1.88402e-06
3.91532 1.82408 0 185 1.82334e-06
3.91607 1.82408 0 185 1.76505e-06
3.91682 1.82408 0 185 1.70907e-06
3.91757 1.82408 0 185 1.65531e-06
3.91832 1.82408 0 185 1.60367e-06
3.91907 1.82408 0 185 1.55408e-06
3.91982 1.82408 0 185 1.50644e-06
3.92057 1.82408 0 185 1.46067e-06
3.92132 1.82408 0 185 1.4167e-06
3.92207 1.82408 0 185 1.37444e-06
3.92282 1.82408 0 185 1.33381e-06
3.92357 1.82408 0 185 1.29474e-06
3.92432 1.82408 0 185 1.25717e-06
3.92507 1.82408 0 185 1.22103e-06
3.92582 1.82408 0 185 1.18624e-06
3.92657 1.82408 0 185 1.15275e-06
3.92732 1.82408 0 185 1.1205e-06
3.92807 1.82408 0 185 1.08943e-06
3.92882 1.82408 0 185 1.05949e-06
3.92957 1.82408 0 185 1.03062e-06
3.93032 1.82408 0 185 1.00278e-06
3.93107 1.82408 0 185 9.75907e-07
3.93182 1.82408 0 185 9.49993e-07
3.93257 1.82408 0 185 9.24944e-07
3.93332 1.82408 0 185 9.00741e-07
3.93407 1.82408 0 185 8.77348e-07
3.93482 1.82408 0 185 8.54727e-07
3.93557 1.82408 0 185 8.32842e-07
3.93632 1.82408 0 185 8.1166e-07
3.93707 1.82408 0 185 7.91149e-07
3.93782 1.82408 0 185 7.71282e-07
3.93857 1.82408 0 185 7.52029e-07
3.93932 1.82408 0 185 7.33365e-07
3.94007 1.82408 0 185 7.15266e-07
3.94082 1.82408 0 185 6.9771e-07
3.94157 1.82408 0 185 6.80929e-07
3.94232 1.82408 0 185 6.6437e-07
3.94307 1.82408 0 185 6.48302e-07
3.94382 1.82408 0 185 6.32708e-07
3.94457 1.82408 0 185 6.17578e-07
3.94532 1.82408 0 185 6.02902e-07
3.94607 1.82408 0 185 5.88672e-07
3.94682 1.82408 0 185 5.74881e-07
3.94757 1.82408 0 185 5.61521e-07
3.94832 1.82408 0 185 5.48601e-07
3.94907 1.82408 0 185 5.36115e-07
3.94982 1.82408 0 185 5.24066e-07
3.95058 1.82408 0 185 5.12456e-07
3.95133 1.82408 0 185 5.01292e-07
3.95208 1.82408 0 185 4.90568e-07
3.95283 1.82408 0 185 4.80303e-07
3.95358 1.82408 0 185 4.70496e-07
3.95433 1.82408 0 185 4.61151e-07
3.95508 1.82408 0 185 4.5227e-07
3.95583 1.82408 0 185 4.43852e-07
3.95658 1.82408 0 185 4.35895e-07
3.95733 1.82408 0 185 4.28393e-07
3.95808 1.82408 0 185 4.21338e-07
3.95883 1.82408 0 185 4.14713e-07
3.95958 1.82408 0 185 4.08502e-07
3.96033 1.82408 0 185 4.02683e-07
3.96108 1.82408 0 185 3.9723e-07
3.96183 1.82408 0 185 3.92115e-07
3.96258 1.82408 0 185 3.87306e-07
3.96333 1.82408 0 185 3.8277e-07
3.96408 1.82408 0 185 3.78472e-07
3.96483 1.82408 0 185 3.74378e-07
3.96558 1.82408 0 185 3.70453e-07
3.96633 1.82408 0 185 3.66664e-07
3.96708 1.82408 0 185 3.62982e-07
3.96783 1.82408 0 185 3.59378e-07
3.96858 1.82408 0 185 3.55828e-07
3.96933 1.82408 0 185 3.52311e-07
3.97008 1.82408 0 185 3.48809e-07
3.97083 1.82408 0 185 3.45307e-07
3.97158 1.82408 0 185 3.41797e-07
3.97233 1.82408 0 185 3.38269e-07
3.97308 1.82408 0 185 3.34714e-07
3.97383 1.82408 0 185 3.31141e-07
3.97458 1.82408 0 185 3.27544e-07
3.97533 1.82408 0 185 3.23926e-07
3.97608 1.82408 0 185 3.2029e-07
3.97683 1.82408 0 185 3.1664e-07
3.97758 1.82408 0 185 3.12981e-07
3.97833 1.82408 0 185 3.09319e-07
3.97908 1.82408 0 185 3.05658e-07
3.97983 1.82408 0 185 3.02008e-07
3.98058 1.82408 0 185 2.98372e-07
3.98133 1.82408 0 185 2.94756e-07
3.98208 1.82408 0 185 2.91165e-07
3.98283 1.82408 0 185 2.87605e-07
3.98358 1.82408 0 185 2.84079e-07
3.98433 1.82408 0 185 2.80592e-07
3.98508 1.82408 0 185 2.77148e-07
3.98583 1.82408 0 185 2.73748e-07
3.98658 1.82408 0 185 2.70398e-07
3.98733 1.82408 0 185 2.67097e-07
3.98808 1.82408 0 185 2.6385e-07
3.98883 1.82408 0 185 2.60656e-07
3.98958 1.82408 0 185 2.57517e-07
3.99033 1.82408 0 185 2.54434e-07
3.99108 1.82408 0 185 2.51408e-07
3.99183 1.82408 0 185 2.4844e-07
3.99258 1.82408 0 185 2.45529e-07
3.99333 1.82408 0 185 2.42676e-07
3.99408 1.82408 0 185 2.3988e-07
3.99483 1.82408 0 185 2.37142e-07
3.99558 1.82408 0 185 2.34461e-07
3.99633 1.82408 0 185 2.31837e-07
3.99708 1.82408 0 185 2.29269e-07
3.99783 1.82408 0 185 2.26757e-07
3.99858 1.82408 0 185 2.24299e-07
3.99933 1.82408 0 185 2.21896e-07
4.00008 1.82408 0 185 2.19546e-07
4.00083 1.82408 0 185 2.1725e-07
4.00158 1.82408 0 185 2.15005e-07
4.00233 1.82408 0 185 2.12811e-07
4.00308 1.82408 0 185 2.10667e-07
4.00383 1.82408 0 185 2.08574e-07
4.00458 1.82408 0 185 2.06529e-07
4.00533 1.82408 0 185 2.04532e-07
4.00608 1.82408 0 185 2.02582e-07
4.00683 1.82408 0 185 2.00679e-07
4.00758 1.82408 0 185 1.98821e-07
4.00833 1.82408 0 185 1.97009e-07
4.00908 1.82408 0 185 1.95241e-07
4.00983 1.82408 0 185 1.93517e-07
4.01059 1.82408 0 185 1.91837e-07
4.01134 1.82408 0 185 1.90199e-07
4.01209 1.82408 0 185 1.88603e-07
4.01284 1.82408 0 185 1.87048e-07
4.01359 1.82408 0 185 1.85534e-07
4.01434 1.82408 0 185 1.84061e-07
4.01509 1.82408 0 185 1.82627e-07
4.01584 1.82408 0 185 1.81233e-07
4.01659 1.82408 0 185 1.79878e-07
4.01734 1.82408 0 185 1.78563e-07
4.01809 1.82408 0 185 1.77285e-07
4.01884 1.82408 0 185 1.76046e-07
4.01959 1.82408 0 185 1.74845e-07
4.02034 1.82408 0 185 1.73682e-07
4.02109 1.82408 0 185 1.72556e-07
4.02184 1.82408 0 185 1.71467e-07
4.02259 1.82408 0 185 1.70416e-07
4.02334 1.82408 0 185 1.69402e-07
4.02409 1.82408 0 185 1.68425e-07
4.02484 1.82408 0 185 1.67486e-07
4.02559 1.82408 0 185 1.66584e-07
4.02634 1.82408 0 185 1.65719e-07
4.02709 1.82408 0 185 1.64892e-07
4.02784 1.82408 0 185 1.64103e-07
4.02859 1.82408 0 185 1.63351e-07
4.02934 1.82408 0 185 1.62638e-07
4.03009 1.82408 0 185 1.61963e-07
4.03084 1.82408 0 185 1.61327e-07
4.03159 1.82408 0 185 1.6073e-07
4.03234 1.82408 0 185 1.60173e-07
4.03309 1.82408 0 185 1.59656e-07
4.03384 1.82408 0 185 1.5918e-07
4.03459 1.82408 0 185 1.58746e-07
4.03534 1.82408 0 185 1.58354e-07
4.03609 1.82408 0 185 1.58004e-07
4.03684 1.82408 0 185 1.57697e-07
4.03759 1.82408 0 185 1.57435e-07
4.03834 1.82408 0 185 1.57218e-07
4.03909 1.82408 0 185 1.57047e-07
4.03984 1.82408 0 185 1.56924e-07
4.04059 1.82408 0 185 1.56848e-07
4.04134 1.82408 0 185 1.56822e-07
4.04209 1.82408 0 185 1.56846e-07
4.04284 1.82408 0 185 1.56922e-07
4.04359 1.82408 0 185 1.57051e-07
4.04434 1.82408 0 185 1.57234e-07
4.04509 1.82408 0 185 1.57472e-07
4.04584 1.82408 0 185 1.57767e-07
4.04659 1.82408 0 185 1.58121e-07
4.04734 1.82408 0 185 1.58534e-07
4.04809 1.82408 0 185 1.59009e-07
4.04884 1.82408 0 185 1.59545e-07
4.04959 1.82408 0 185 1.60146e-07
4.05034 1.82408 0 185 1.60811e-07
4.05109 1.82408 0 185 1.61541e-07
4.05184 1.82408 0 185 1.62341e-07
4.05259 1.82408 0 185 1.63209e-07
4.05334 1.82408 0 185 1.64146e-07
4.05409 1.82408 0 185 1.65154e-07
4.05484 1.82408 0 185 1.66232e-07
4.05559 1.82408 0 185 1.67381e-07
4.05634 1.82408 0 185 1.68601e-07
4.05709 1.82408 0 185 1.6989e-07
4.05784 1.82408 0 185 1.71249e-07
4.05859 1.82408 0 185 1.72674e-07
4.05934 1.82408 0 185 1.74165e-07
4.06009 1.82408 0 185 1.75717e-07
4.06084 1.82408 0 185 1.77328e-07
4.06159 1.82408 0 185 1.78993e-07
4.06234 1.82408 0 185 1.80705e-07
4.06309 1.82408 0 185 1.82458e-07
4.06384 1.82408 0 185 1.84245e-07
4.06459 1.82408 0 185 1.86057e-07
4.06534 1.82408 0 185 1.87882e-07
4.06609 1.82408 0 185 1.8971e-07
4.06684 1.82408 0 185 1.91528e-07
4.06759 1.82408 0 185 1.93322e-07
4.06834 1.82408 0 185 1.95076e-07
4.06909 1.82408 0 185 1.96774e-07
4.06984 1.82408 0 185 1.984e-07
4.0706 1.82408 0 185 1.99934e-07
4.07135 1.82408 0 185 2.01359e-07
4.0721 1.82408 0 185 2.02656e-07
4.07285 1.82408 0 185 2.03808e-07
4.0736 1.82408 0 185 2.04796e-07
4.07435 1.82408 0 185 2.05604e-07
4.0751 1.82408 0 185 2.06216e-07
4.07585 1.82408 0 185 2.06621e-07
4.0766 1.82408 0 185 2.06805e-07
4.07735 1.82408 0 185 2.06762e-07
4.0781 1.82408 0 185 2.06485e-07
4.07885 1.82408 0 185 2.05971e-07
4.0796 1.82408 0 185 2.05221e-07
4.08035 1.82408 0 185 2.04238e-07
4.0811 1.82408 0 185 2.03027e-07
4.08185 1.82408 0 185 2.01599e-07
4.0826 1.82408 0 185 1.99964e-07
4.08335 1.82408 0 185 1.98136e-07
4.0841 1.82408 0 185 1.9613e-07
4.08485 1.82408 0 185 1.93966e-07
4.0856 1.82408 0 185 1.91655e-07
4.08635 1.82408 0 185 1.8922e-07
4.0871 1.82408 0 185 1.86677e-07
4.08785 1.82408 0 185 1.84045e-07
4.0886 1.82408 0 185 1.81343e-07
4.08935 1.82408 0 185 1.78585e-07
4.0901 1.82408 0 185 1.75789e-07
4.09085 1.82408 0 185 1.72969e-07
4.0916 1.82408 0 185 1.70139e-07
4.09235 1.82408 0 185 1.67311e-07
4.0931 1.82408 0 185 1.64497e-07
4.09385 1.82408 0 185 1.61706e-07
4.0946 1.82408 0 185 1.58946e-07
4.09535 1.82408 0 185 1.56226e-07
4.0961 1.82408 0 185 1.5355e-07
4.09685 1.82408 0 185 1.50925e-07
4.0976 1.82408 0 185 1.48356e-07
4.09835 1.82408 0 185 1.45843e-07
4.0991 1.82408 0 185 1.43391e-07
4.09985 1.82408 0 185 1.41001e-07
4.1006 1.82408 0 185 1.38675e-07
4.10135 1.82408 0 185 1.36413e-07
4.1021 1.82408 0 185 1.34215e-07
4.10285 1.82408 0 185 1.32081e-07
4.1036 1.82408 0 185 1.30011e-07
4.10435 1.82408 0 185 1.28003e-07
4.1051 1.82408 0 185 1.26057e-07
4.10585 1.82408 0 185 1.24172e-07
4.1066 1.82408 0 185 1.22346e-07
4.10735 1.82408 0 185 1.20577e-07
4.1081 1.82408 0 185 1.18863e-07
4.10885 1.82408 0 185 1.17204e-07
4.1096 1.82408 0 185 1.15597e-07
4.11035 1.82408 0 185 1.14041e-07
4.1111 1.82408 0 185 1.12534e-07
4.11185 1.82408 0 185 1.11073e-07
4.1126 1.82408 0 185 1.09658e-07
4.11335 1.82408 0 185 1.08286e-07
4.1141 1.82408 0 185 1.06955e-07
4.11485 1.82408 0 185 1.05665e-07
4.1156 1.82408 0 185 1.04413e-07
4.11635 1.82408 0 185 1.03198e-07
4.1171 1.82408 0 185 1.02017e-07
4.11785 1.82408 0 185 1.0087e-07
4.1186 1.82408 0 185 9.97542e-08
4.11935 1.82408 0 185 9.86691e-08
4.1201 1.82408 0 185 9.7613e-08
4.12085 1.82408 0 185 9.65844e-08
4.1216 1.82408 0 185 9.55824e-08
4.12235 1.82408 0 185 9.46048e-08
4.1231 1.82408 0 185 9.36506e-08
4.12385 1.82408 0 185 9.27187e-08
4.1246 1.82408 0 185 9.18079e-08
4.12535 1.82408 0 185 9.09168e-08
4.1261 1.82408 0 185 9.00444e-08
4.12685 1.82408 0 185 8.9189e-08
4.1276 1.82408 0 185 8.83504e-08
4.12835 1.82408 0 185 8.75272e-08
4.1291 1.82408 0 185 8.67181e-08
4.12985 1.82408 0 185 8.59221e-08
4.13061 1.82408 0 185 8.51383e-08
4.13136 1.82408 0 185 8.43648e-08
4.13211 1.82408 0 185 8.3602e-08
4.13286 1.82408 0 185 8.28481e-08
4.13361 1.82408 0 185 8.2102e-08
4.13436 1.82408 0 185 8.13629e-08
4.13511 1.82408 0 185 8.06293e-08
4.13586 1.82408 0 185 7.9901e-08
4.13661 1.82408 0 185 7.91765e-08
4.13736 1.82408 0 185 7.84547e-08
4.13811 1.82408 0 185 7.77347e-08
4.13886 1.82408 0 185 7.70154e-08
4.13961 1.82408 0 185 7.62956e-08
4.14036 1.82408 0 185 7.55742e-08
4.14111 1.82408 0 185 7.48502e-08
4.14186 1.82408 0 185 7.41223e-08
4.14261 1.82408 0 185 7.33894e-08
4.14336 1.82408 0 185 7.26501e-08
4.14411 1.82408 0 185 7.19034e-08
4.14486 1.82408 0 185 7.11477e-08
4.14561 1.82408 0 185 7.03818e-08
4.14636 1.82408 0 185 6.96043e-08
4.14711 1.82408 0 185 6.88138e-08
4.14786 1.82408 0 185 6.80146e-08
4.14861 1.82408 0 185 6.71934e-08
4.14936 1.82408 0 185 6.63544e-08
4.15011 1.82408 0 185 6.54956e-08
4.15086 1.82408 0 185 6.4616e-08
4.15161 1.82408 0 185 6.37134e-08
4.15236 1.82408 0 185 6.27844e-08
4.15311 1.82408 0 185 6.18298e-08
4.15386 1.82408 0 185 6.08452e-08
4.15461 1.82408 0 185 5.98306e-08
4.15536 1.82408 0 185 5.87827e-08
4.15611 1.82408 0 185 5.76992e-08
4.15686 1.82408 0 185 5.65778e-08
4.15761 1.82408 0 185 5.5416e-08
4.15836 1.82408 0 185 5.42113e-08
4.15911 1.82408 0 185 5.29612e-08
4.15986 1.82408 0 185 5.1663e-08
4.16061 1.82408 0 185 5.03141e-08
4.16136 1.82408 0 185 4.89118e-08
4.16211 1.82408 0 185 4.74534e-08
4.16286 1.82408 0 185 4.59361e-08
4.16361 1.82408 0 185 4.43574e-08
4.16436 1.82408 0 185 4.27146e-08
4.16511 1.82408 0 185 4.10044e-08
4.16586 1.82408 0 185 3.92261e-08
4.16661 1.82408 0 185 3.73769e-08
4.16736 1.82408 0 185 3.54547e-08
4.16811 1.82408 0 185 3.3458e-08
4.16886 1.82408 0 185 3.13843e-08
4.16961 1.82408 0 185 2.92338e-08
4.17036 1.82408 0 185 2.70089e-08
4.17111 1.82408 0 185 2.47085e-08
4.17186 1.82408 0 185 2.23336e-08
4.17261 1.82408 0 185 1.98877e-08
4.17336 1.82408 0 185 1.73742e-08
4.17411 1.82408 0 185 1.4798e-08
4.17486 1.82408 0 185 1.21656e-08
4.17561 1.82408 0 185 9.48543e-09
4.17636 1.82408 0 185 6.76746e-09
4.17711 1.82408 0 185 4.02389e-09
4.17786 1.82408 0 185 1.26916e-09
4.17861 1.82408 0 185 -1.48159e-09
4.17936 1.82408 0 185 -4.21253e-09
4.18011 1.82408 0 185 -6.8894e-09
4.18086 1.82408 0 185 -9.49425e-09
4.18161 1.82408 0 185 -1.19995e-08
4.18236 1.82408 0 185 -1.43751e-08
4.18311 1.82408 0 185 -1.65883e-08
4.18386 1.82408 0 185 -1.86044e-08
4.18461 1.82408 0 185 -2.03867e-08
4.18536 1.82408 0 185 -2.18976e-08
4.18611 1.82408 0 185 -2.31179e-08
4.18686 1.82408 0 185 -2.39715e-08
4.18761 1.82408 0 185 -2.44405e-08
4.18836 1.82408 0 185 -2.92297e-08
4.18911 1.82408 0 185 -2.88461e-08
4.18986 1.82408 0 185 -2.79642e-08
4.19062 1.82408 0 185 -2.6562e-08
4.19137 1.82408 0 185 -2.46246e-08
4.19212 1.82408 0 185 -2.21451e-08
4.19287 1.82408 0 185 -1.91256e-08
4.19362 1.82408 0 185 -1.55775e-08
4.19437 1.82408 0 185 -1.15351e-08
4.19512 1.82408 0 185 -7.00228e-09
4.19587 1.82408 0 185 -2.03206e-09
4.19662 1.82408 0 185 3.32796e-09
4.19737 1.82408 0 185 9.01725e-09
4.19812 1.82408 0 185 1.49875e-08
4.19887 1.82408 0 185 2.11694e-08
4.19962 1.82408 0 185 2.74965e-08
4.20037 1.82408 0 185 3.39024e-08
4.20112 1.82408 0 185 4.03213e-08
4.20187 1.82408 0 185 4.66934e-08
4.20262 1.82408 0 185 5.29603e-08
4.20337 1.82408 0 185 5.907e-08
4.20412 1.82408 0 185 6.49765e-08
4.20487 1.82408 0 185 7.06423e-08
4.20562 1.82408 0 185 7.60355e-08
4.20637 1.82408 0 185 8.11319e-08
4.20712 1.82408 0 185 8.59146e-08
4.20787 1.82408 0 185 9.03727e-08
4.20862 1.82408 0 185 9.45018e-08
4.20937 1.82408 0 185 9.83027e-08
4.21012 1.82408 0 185 1.01781e-07
4.21087 1.82408 0 185 1.04947e-07
4.21162 1.82408 0 185 1.07812e-07
4.21237 1.82408 0 185 1.10393e-07
4.21312 1.82408 0 185 1.12706e-07
4.21387 1.82408 0 185 1.1477e-07
4.21462 1.82408 0 185 1.16604e-07
4.21537 1.82408 0 185 1.18228e-07
4.21612 1.82408 0 185 1.19662e-07
4.21687 1.82408 0 185 1.20926e-07
4.21762 1.82408 0 185 1.22037e-07
4.21837 1.82408 0 185 1.23016e-07
4.21912 1.82408 0 185 1.23878e-07
4.21987 1.82408 0 185 1.24641e-07
4.22062 1.82408 0 185 1.25319e-07
4.22137 1.82408 0 185 1.25928e-07
4.22212 1.82408 0 185 1.26481e-07
4.22287 1.82408 0 185 1.2699e-07
4.22362 1.82408 0 185 1.27467e-07
4.22437 1.82408 0 185 1.27922e-07
4.22512 1.82408 0 185 1.28364e-07
4.22587 1.82408 0 185 1.28804e-07
4.22662 1.82408 0 185 1.29248e-07
4.22737 1.82408 0 185 1.29704e-07
4.22812 1.82408 0 185 1.3018e-07
4.22887 1.82408 0 185 1.30679e-07
4.22962 1.82408 0 185 1.31211e-07
4.23037 1.82408 0 185 1.31779e-07
4.23112 1.82408 0 185 1.32388e-07
4.23187 1.82408 0 185 1.33043e-07
4.23262 1.82408 0 185 1.33747e-07
4.23337 1.82408 0 185 1.34505e-07
4.23412 1.82408 0 185 1.35322e-07
4.23487 1.82408 0 185 1.36199e-07
4.23562 1.82408 0 185 1.37142e-07
4.23637 1.82408 0 185 1.38153e-07
4.23712 1.82408 0 185 1.39235e-07
4.23787 1.82408 0 185 1.40392e-07
4.23862 1.82408 0 185 1.41627e-07
4.23937 1.82408 0 185 1.42944e-07
4.24012 1.82408 0 185 1.44346e-07
4.24087 1.82408 0 185 1.45833e-07
4.24162 1.82408 0 185 1.47414e-07
4.24237 1.82408 0 185 1.49091e-07
4.24312 1.82408 0 185 1.50867e-07
4.24387 1.82408 0 185 1.52746e-07
4.24462 1.82408 0 185 1.54732e-07
4.24537 1.82408 0 185 1.56829e-07
4.24612 1.82408 0 185 1.59041e-07
4.24687 1.82408 0 185 1.61373e-07
4.24762 1.82408 0 185 1.63829e-07
4.24837 1.82408 0 185 1.66413e-07
4.24912 1.82408 0 185 1.69132e-07
4.24987 1.82408 0 185 1.71988e-07
4.25063 1.82408 0 185 1.74987e-07
4.25138 1.82408 0 185 1.78134e-07
4.25213 1.82408 0 185 1.81433e-07
4.25288 1.82408 0 185 1.84887e-07
4.25363 1.82408 0 185 1.88502e-07
4.25438 1.82408 0 185 1.92279e-07
4.25513 1.82408 0 185 1.96222e-07
4.25588 1.82408 0 185 2.00332e-07
4.25663 1.82408 0 185 2.04609e-07
4.25738 1.82408 0 185 2.09054e-07
4.25813 1.82408 0 185 2.13663e-07
4.25888 1.82408 0 185 2.18433e-07
4.25963 1.82408 0 185 2.23355e-07
4.26038 1.82408 0 185 2.28427e-07
4.26113 1.82408 0 185 2.33635e-07
4.26188 1.82408 0 185 2.38966e-07
4.26263 1.82408 0 185 2.44404e-07
4.26338 1.82408 0 185 2.49931e-07
4.26413 1.82408 0 185 2.55525e-07
4.26488 1.82408 0 185 2.6116e-07
4.26563 1.82408 0 185 2.66813e-07
4.26638 1.82408 0 185 2.72451e-07
4.26713 1.82408 0 185 2.78044e-07
4.26788 1.82408 0 185 2.83555e-07
4.26863 1.82408 0 185 2.88947e-07
4.26938 1.82408 0 185 2.94186e-07
4.27013 1.82408 0 185 2.9923e-07
4.27088 1.82408 0 185 3.04044e-07
4.27163 1.82408 0 185 3.08587e-07
4.27238 1.82408 0 185 3.12821e-07
4.27313 1.82408 0 185 3.1671e-07
4.27388 1.82408 0 185 3.2022e-07
4.27463 1.82408 0 185 3.23318e-07
4.27538 1.82408 0 185 3.25977e-07
4.27613 1.82408 0 185 3.28173e-07
4.27688 1.82408 0 185 3.29885e-07
4.27763 1.82408 0 185 3.31099e-07
4.27838 1.82408 0 185 3.31806e-07
4.27913 1.82408 0 185 3.32002e-07
4.27988 1.82408 0 185 3.31686e-07
4.28063 1.82408 0 185 3.30866e-07
4.28138 1.82408 0 185 3.29554e-07
4.28213 1.82408 0 185 3.27766e-07
4.28288 1.82408 0 185 3.25524e-07
4.28363 1.82408 0 185 3.22854e-07
4.28438 1.82408 0 185 3.19783e-07
4.28513 1.82408 0 185 3.16343e-07
4.28588 1.82408 0 185 3.12568e-07
4.28663 1.82408 0 185 3.08493e-07
4.28738 1.82408 0 185 3.04151e-07
4.28813 1.82408 0 185 2.99579e-07
4.28888 1.82408 0 185 2.94812e-07
4.28963 1.82408 0 185 2.89884e-07
4.29038 1.82408 0 185 2.84827e-07
4.29113 1.82408 0 185 2.79674e-07
4.29188 1.82408 0 185 2.74453e-07
4.29263 1.82408 0 185 2.69192e-07
4.29338 1.82408 0 185 2.6392e-07
4.29413 1.82408 0 185 2.5865e-07
4.29488 1.82408 0 185 2.53407e-07
4.29563 1.82408 0 185 2.4821e-07
4.29638 1.82408 0 185 2.43074e-07
4.29713 1.82408 0 185 2.38013e-07
4.29788 1.82408 0 185 2.33039e-07
4.29863 1.82408 0 185 2.28163e-07
4.29938 1.82408 0 185 2.23391e-07
4.30013 1.82408 0 185 2.18732e-07
4.30088 1.82408 0 185 2.1419e-07
4.30163 1.82408 0 185 2.09769e-07
4.30238 1.82408 0 185 2.05472e-07
4.30313 1.82408 0 185 2.01302e-07
4.30388 1.82408 0 185 1.9726e-07
4.30463 1.82408 0 185 1.93345e-07
4.30538 1.82408 0 185 1.89557e-07
4.30613 1.82408 0 185 1.85898e-07
4.30688 1.82408 0 185 1.82362e-07
4.30763 1.82408 0 185 1.78949e-07
4.30838 1.82408 0 185 1.75657e-07
4.30913 1.82408 0 185 1.72484e-07
4.30988 1.82408 0 185 1.69427e-07
4.31064 1.82408 0 185 1.66484e-07
4.31139 1.82408 0 185 1.63651e-07
4.31214 1.82408 0 185 1.60925e-07
4.31289 1.82408 0 185 1.58304e-07
4.31364 1.82408 0 185 1.55784e-07
4.31439 1.82408 0 185 1.53362e-07
4.31514 1.82408 0 185 1.51036e-07
4.31589 1.82408 0 185 1.48802e-07
4.31664 1.82408 0 185 1.46656e-07
4.31739 1.82408 0 185 1.44598e-07
4.31814 1.82408 0 185 1.42622e-07
4.31889 1.82408 0 185 1.40726e-07
4.31964 1.82408 0 185 1.38908e-07
4.32039 1.82408 0 185 1.37164e-07
4.32114 1.82408 0 185 1.35493e-07
4.32189 1.82408 0 185 1.33891e-07
4.32264 1.82408 0 185 1.32356e-07
4.32339 1.82408 0 185 1.30886e-07
4.32414 1.82408 0 185 1.29478e-07
4.32489 1.82408 0 185 1.28131e-07
4.32564 1.82408 0 185 1.26841e-07
4.32639 1.82408 0 185 1.25607e-07
4.32714 1.82408 0 185 1.24427e-07
4.32789 1.82408 0 185 1.23298e-07
4.32864 1.82408 0 185 1.2222e-07
4.32939 1.82408 0 185 1.21189e-07
4.33014 1.82408 0 185 1.20205e-07
4.33089 1.82408 0 185 1.19265e-07
4.33164 1.82408 0 185 1.18368e-07
4.33239 1.82408 0 185 1.17513e-07
4.33314 1.82408 0 185 1.16698e-07
4.33389 1.82408 0 185 1.15922e-07
4.33464 1.82408 0 185 1.15182e-07
4.33539 1.82408 0 185 1.14479e-07
4.33614 1.82408 0 185 1.13811e-07
4.33689 1.82408 0 185 1.13176e-07
4.33764 1.82408 0 185 1.12575e-07
4.33839 1.82408 0 185 1.12005e-07
4.33914 1.82408 0 185 1.11466e-07
4.33989 1.82408 0 185 1.10957e-07
4.34064 1.82408 0 185 1.10478e-07
4.34139 1.82408 0 185 1.10027e-07
4.34214 1.82408 0 185 1.09604e-07
4.34289 1.82408 0 185 1.09208e-07
4.34364 1.82408 0 185 1.0884e-07
4.34439 1.82408 0 185 1.08498e-07
4.34514 1.82408 0 185 1.08182e-07
4.34589 1.82408 0 185 1.07892e-07
4.34664 1.82408 0 185 1.07626e-07
4.34739 1.82408 0 185 1.07386e-07
4.34814 1.82408 0 185 1.07171e-07
4.34889 1.82408 0 185 1.06979e-07
4.34964 1.82408 0 185 1.06813e-07
4.35039 1.82408 0 185 1.06669e-07
4.35114 1.82408 0 185 1.06549e-07
4.35189 1.82408 0 185 1.06453e-07
4.35264 1.82408 0 185 1.0638e-07
4.35339 1.82408 0 185 1.0633e-07
4.35414 1.82408 0 185 1.06303e-07
4.35489 1.82408 0 185 1.06298e-07
4.35564 1.82408 0 185 1.06316e-07
4.35639 1.82408 0 185 1.06357e-07
4.35714 1.82408 0 185 1.06421e-07
4.35789 1.82408 0 185 1.06506e-07
4.35864 1.82408 0 185 1.06614e-07
4.35939 1.82408 0 185 1.06744e-07
4.36014 1.82408 0 185 1.06897e-07
4.36089 1.82408 0 185 1.07072e-07
4.36164 1.82408 0 185 1.07269e-07
4.36239 1.82408 0 185 1.07488e-07
4.36314 1.82408 0 185 1.07729e-07
4.36389 1.82408 0 185 1.07993e-07
4.36464 1.82408 0 185 1.08279e-07
4.36539 1.82408 0 185 1.08587e-07
4.36614 1.82408 0 185 1.08918e-07
4.36689 1.82408 0 185 1.09272e-07
4.36764 1.82408 0 185 1.09648e-07
4.36839 1.82408 0 185 1.10047e-07
4.36914 1.82408 0 185 1.1047e-07
4.36989 1.82408 0 185 1.10915e-07
4.37065 1.82408 0 185 1.11384e-07
4.3714 1.82408 0 185 1.11876e-07
4.37215 1.82408 0 185 1.12392e-07
4.3729 1.82408 0 185 1.12932e-07
4.37365 1.82408 0 185 1.13496e-07
4.3744 1.82408 0 185 1.14085e-07
4.37515 1.82408 0 185 1.14698e-07
4.3759 1.82408 0 185 1.15337e-07
4.37665 1.82408 0 185 1.16001e-07
4.3774 1.82408 0 185 1.1669e-07
4.37815 1.82408 0 185 1.17405e-07
4.3789 1.82408 0 185 1.18147e-07
4.37965 1.82408 0 185 1.18915e-07
4.3804 1.82408 0 185 1.1971e-07
4.38115 1.82408 0 185 1.20533e-07
4.3819 1.82408 0 185 1.21383e-07
4.38265 1.82408 0 185 1.22261e-07
4.3834 1.82408 0 185 1.23168e-07
4.38415 1.82408 0 185 1.24103e-07
4.3849 1.82408 0 185 1.25068e-07
4.38565 1.82408 0 185 1.26063e-07
4.3864 1.82408 0 185 1.27088e-07
4.38715 1.82408 0 185 1.28144e-07
4.3879 1.82408 0 185 1.29232e-07
4.38865 1.82408 0 185 1.30351e-07
4.3894 1.82408 0 185 1.31503e-07
4.39015 1.82408 0 185 1.32689e-07
4.3909 1.82408 0 185 1.33908e-07
4.39165 1.82408 0 185 1.35163e-07
4.3924 1.82408 0 185 1.36453e-07
4.39315 1.82408 0 185 1.37781e-07
4.3939 1.82408 0 185 1.39146e-07
4.39465 1.82408 0 185 1.40551e-07
4.3954 1.82408 0 185 1.41996e-07
4.39615 1.82408 0 185 1.43482e-07
4.3969 1.82408 0 185 1.45012e-07
4.39765 1.82408 0 185 1.46586e-07
4.3984 1.82408 0 185 1.48207e-07
4.39915 1.82408 0 185 1.49875e-07
4.3999 1.82408 0 185 1.51594e-07
4.40065 1.82408 0 185 1.53364e-07
4.4014 1.82408 0 185 1.55188e-07
4.40215 1.82408 0 185 1.57067e-07
4.4029 1.82408 0 185 1.59005e-07
4.40365 1.82408 0 185 1.61002e-07
4.4044 1.82408 0 185 1.63062e-07
4.40515 1.82408 0 185 1.65188e-07
4.4059 1.82408 0 185 1.6738e-07
4.40665 1.82408 0 185 1.69642e-07
4.4074 1.82408 0 185 1.71978e-07
4.40815 1.82408 0 185 1.74388e-07
4.4089 1.82408 0 185 1.76877e-07
4.40965 1.82408 0 185 1.79448e-07
4.4104 1.82408 0 185 1.82102e-07
4.41115 1.82408 0 185 1.84845e-07
4.4119 1.82408 0 185 1.87678e-07
4.41265 1.82408 0 185 1.90606e-07
4.4134 1.82408 0 185 1.93631e-07
4.41415 1.82408 0 185 1.96758e-07
4.4149 1.82408 0 185 1.9999e-07
4.41565 1.82408 0 185 2.03331e-07
4.4164 1.82408 0 185 2.06785e-07
4.41715 1.82408 0 185 2.10357e-07
4.4179 1.82408 0 185 2.1405e-07
4.41865 1.82408 0 185 2.1787e-07
4.4194 1.82408 0 185 2.2182e-07
4.42015 1.82408 0 185 2.25906e-07
4.4209 1.82408 0 185 2.30133e-07
4.42165 1.82408 0 185 2.34506e-07
4.4224 1.82408 0 185 2.3903e-07
4.42315 1.82408 0 185 2.4371e-07
4.4239 1.82408 0 185 2.48552e-07
4.42465 1.82408 0 185 2.53564e-07
4.4254 1.82408 0 185 2.58748e-07
4.42615 1.82408 0 185 2.64111e-07
4.4269 1.82408 0 185 2.69661e-07
4.42765 1.82408 0 185 2.75403e-07
4.4284 1.82408 0 185 2.81343e-07
4.42915 1.82408 0 185 2.87488e-07
4.4299 1.82408 0 185 2.93844e-07
4.43066 1.82408 0 185 3.00417e-07
4.43141 1.82408 0 185 3.07215e-07
4.43216 1.82408 0 185 3.14241e-07
4.43291 1.82408 0 185 3.21504e-07
4.43366 1.82408 0 185 3.29008e-07
4.43441 1.82408 0 185 3.36759e-07
4.43516 1.82408 0 185 3.44762e-07
4.43591 1.82408 0 185 3.53021e-07
4.43666 1.82408 0 185 3.6154e-07
4.43741 1.82408 0 185 3.70322e-07
4.43816 1.82408 0 185 3.79369e-07
4.43891 1.82408 0 185 3.88683e-07
4.43966 1.82408 0 185 3.98261e-07
4.44041 1.82408 0 185 4.08106e-07
4.44116 1.82408 0 185 4.18212e-07
4.44191 1.82408 0 185 4.28574e-07
4.44266 1.82408 0 185 4.39185e-07
4.44341 1.82408 0 185 4.50035e-07
4.44416 1.82408 0 185 4.61114e-07
4.44491 1.82408 0 185 4.72404e-07
4.44566 1.82408 0 185 4.83888e-07
4.44641 1.82408 0 185 4.95545e-07
4.44716 1.82408 0 185 5.07348e-07
4.44791 1.82408 0 185 5.19269e-07
4.44866 1.82408 0 185 5.31275e-07
4.44941 1.82408 0 185 5.43327e-07
4.45016 1.82408 0 185 5.55383e-07
4.45091 1.82408 0 185 5.67396e-07
4.45166 1.82408 0 185 5.79316e-07
4.45241 1.82408 0 185 5.91086e-07
4.45316 1.82408 0 185 6.02648e-07
4.45391 1.82408 0 185 6.13938e-07
4.45466 1.82408 0 185 6.2489e-07
4.45541 1.82408 0 185 6.35435e-07
4.45616 1.82408 0 185 6.45501e-07
4.45691 1.82408 0 185 6.55018e-07
4.45766 1.82408 0 185 6.63914e-07
4.45841 1.82408 0 185 6.72119e-07
4.45916 1.82408 0 185 6.79565e-07
4.45991 1.82408 0 185 6.86189e-07
4.46066 1.82408 0 185 6.91933e-07
4.46141 1.82408 0 185 6.96746e-07
4.46216 1.82408 0 185 7.00582e-07
4.46291 1.82408 0 185 7.03406e-07
4.46366 1.82408 0 185 7.05193e-07
4.46441 1.82408 0 185 7.05925e-07
4.46516 1.82408 0 185 7.05602e-07
4.46591 1.82408 0 185 7.04222e-07
4.46666 1.82408 0 185 7.01804e-07
4.46741 1.82408 0 185 6.98561e-07
4.46816 1.82408 0 185 6.94163e-07
4.46891 1.82408 0 185 6.88834e-07
4.46966 1.82408 0 185 6.82624e-07
4.47041 1.82408 0 185 6.75594e-07
4.47116 1.82408 0 185 6.67808e-07
4.47191 1.82408 0 185 6.59333e-07
4.47266 1.82408 0 185 6.50241e-07
4.47341 1.82408 0 185 6.40606e-07
4.47416 1.82408 0 185 6.30502e-07
4.47491 1.82408 0 185 6.19993e-07
4.47566 1.82408 0 185 6.09154e-07
4.47641 1.82408 0 185 5.98053e-07
4.47716 1.82408 0 185 5.86753e-07
4.47791 1.82408 0 185 5.75317e-07
4.47866 1.82408 0 185 5.638e-07
4.47941 1.82408 0 185 5.52254e-07
4.48016 1.82408 0 185 5.40728e-07
4.48091 1.82408 0 185 5.29264e-07
4.48166 1.82408 0 185 5.17901e-07
4.48241 1.82408 0 185 5.06673e-07
4.48316 1.82408 0 185 4.95609e-07
4.48391 1.82408 0 185 4.84737e-07
4.48466 1.82408 0 185 4.74077e-07
4.48541 1.82408 0 185 4.63648e-07
4.48616 1.82408 0 185 4.53465e-07
4.48691 1.82408 0 185 4.43542e-07
4.48766 1.82408 0 185 4.33887e-07
4.48841 1.82408 0 185 4.24508e-07
4.48916 1.82408 0 185 4.1541e-07
4.48991 1.82408 0 185 4.06596e-07
4.49067 1.82408 0 185 3.98067e-07
4.49142 1.82408 0 185 3.89824e-07
4.49217 1.82408 0 185 3.81866e-07
4.49292 1.82408 0 185 3.74189e-07
4.49367 1.82408 0 185 3.66791e-07
4.49442 1.82408 0 185 3.59668e-07
4.49517 1.82408 0 185 3.52815e-07
4.49592 1.82408 0 185 3.46227e-07
4.49667 1.82408 0 185 3.39898e-07
4.49742 1.82408 0 185 3.33823e-07
4.49817 1.82408 0 185 3.27994e-07
4.49892 1.82408 0 185 3.22408e-07
4.49967 1.82408 0 185 3.17054e-07
4.50042 1.82408 0 185 3.11928e-07
4.50117 1.82408 0 185 3.07022e-07
4.50192 1.82408 0 185 3.02331e-07
4.50267 1.82408 0 185 2.97847e-07
4.50342 1.82408 0 185 2.93563e-07
4.50417 1.82408 0 185 2.89472e-07
4.50492 1.82408 0 185 2.85569e-07
4.50567 1.82408 0 185 2.81847e-07
4.50642 1.82408 0 185 2.78298e-07
4.50717 1.82408 0 185 2.74917e-07
4.50792 1.82408 0 185 2.71696e-07
4.50867 1.82408 0 185 2.68631e-07
4.50942 1.82408 0 185 2.65714e-07
4.51017 1.82408 0 185 2.62939e-07
4.51092 1.82408 0 185 2.60302e-07
4.51167 1.82408 0 185 2.57794e-07
4.51242 1.82408 0 185 2.5541e-07
4.51317 1.82408 0 185 2.53144e-07
4.51392 1.82408 0 185 2.5099e-07
4.51467 1.82408 0 185 2.48944e-07
4.51542 1.82408 0 185 2.46999e-07
4.51617 1.82408 0 185 2.45151e-07
4.51692 1.82408 0 185 2.43394e-07
4.51767 1.82408 0 185 2.41723e-07
4.51842 1.82408 0 185 2.40135e-07
4.51917 1.82408 0 185 2.38623e-07
4.51992 1.82408 0 185 2.37185e-07
4.52067 1.82408 0 185 2.35816e-07
4.52142 1.82408 0 185 2.34514e-07
4.52217 1.82408 0 185 2.33275e-07
4.52292 1.82408 0 185 2.32097e-07
4.52367 1.82408 0 185 2.30976e-07
4.52442 1.82408 0 185 2.29912e-07
4.52517 1.82408 0 185 2.28903e-07
4.52592 1.82408 0 185 2.27947e-07
4.52667 1.82408 0 185 2.27046e-07
4.52742 1.82408 0 185 2.26197e-07
4.52817 1.82408 0 185 2.25397e-07
4.52892 1.82408 0 185 2.2465e-07
4.52967 1.82408 0 185 2.23955e-07
4.53042 1.82408 0 185 2.23313e-07
4.53117 1.82408 0 185 2.22724e-07
4.53192 1.82408 0 185 2.2219e-07
4.53267 1.82408 0 185 2.2171e-07
4.53342 1.82408 0 185 2.21286e-07
4.53417 1.82408 0 185 2.20919e-07
4.53492 1.82408 0 185 2.20611e-07
4.53567 1.82408 0 185 2.20361e-07
4.53642 1.82408 0 185 2.20171e-07
4.53717 1.82408 0 185 2.20042e-07
4.53792 1.82408 0 185 2.19976e-07
4.53867 1.82408 0 185 2.19972e-07
4.53942 1.82408 0 185 2.20031e-07
4.54017 1.82408 0 185 2.20156e-07
4.54092 1.82408 0 185 2.20346e-07
4.54167 1.82408 0 185 2.20602e-07
4.54242 1.82408 0 185 2.20925e-07
4.54317 1.82408 0 185 2.21316e-07
4.54392 1.82408 0 185 2.21775e-07
4.54467 1.82408 0 185 2.22302e-07
4.54542 1.82408 0 185 2.229e-07
4.54617 1.82408 0 185 2.23568e-07
4.54692 1.82408 0 185 2.24306e-07
4.54767 1.82408 0 185 2.25116e-07
4.54842 1.82408 0 185 2.25998e-07
4.54917 1.82408 0 185 2.26952e-07
4.54992 1.82408 0 185 2.2798e-07
4.55068 1.82408 0 185 2.29082e-07
4.55143 1.82408 0 185 2.3026e-07
4.55218 1.82408 0 185 2.31512e-07
4.55293 1.82408 0 185 2.32842e-07
4.55368 1.82408 0 185 2.3425e-07
4.55443 1.82408 0 185 2.35735e-07
4.55518 1.82408 0 185 2.373e-07
4.55593 1.82408 0 185 2.38945e-07
4.55668 1.82408 0 185 2.40672e-07
4.55743 1.82408 0 185 2.42482e-07
4.55818 1.82408 0 185 2.44376e-07
4.55893 1.82408 0 185 2.46356e-07
4.55968 1.82408 0 185 2.48422e-07
4.56043 1.82408 0 185 2.50578e-07
4.56118 1.82408 0 185 2.52824e-07
4.56193 1.82408 0 185 2.55161e-07
4.56268 1.82408 0 185 2.57593e-07
4.56343 1.82408 0 185 2.6012e-07
4.56418 1.82408 0 185 2.62745e-07
4.56493 1.82408 0 185 2.6547e-07
4.56568 1.82408 0 185 2.68297e-07
4.56643 1.82408 0 185 2.71228e-07
4.56718 1.82408 0 185 2.74265e-07
4.56793 1.82408 0 185 2.77412e-07
4.56868 1.82408 0 185 2.80671e-07
4.56943 1.82408 0 185 2.84044e-07
4.57018 1.82408 0 185 2.87535e-07
4.57093 1.82408 0 185 2.91146e-07
4.57168 1.82408 0 185 2.9488e-07
4.57243 1.82408 0 185 2.9874e-07
4.57318 1.82408 0 185 3.02729e-07
4.57393 1.82408 0 185 3.06852e-07
4.57468 1.82408 0 185 3.11111e-07
4.57543 1.82408 0 185 3.15509e-07
4.57618 1.82408 0 185 3.20051e-07
4.57693 1.82408 0 185 3.24739e-07
4.57768 1.82408 0 185 3.29577e-07
4.57843 1.82408 0 185 3.3457e-07
4.57918 1.82408 0 185 3.39719e-07
4.57993 1.82408 0 185 3.4503e-07
4.58068 1.82408 0 185 3.50506e-07
4.58143 1.82408 0 185 3.5615e-07
4.58218 1.82408 0 185 3.61966e-07
4.58293 1.82408 0 185 3.67958e-07
4.58368 1.82408 0 185 3.74128e-07
4.58443 1.82408 0 185 3.80479e-07
4.58518 1.82408 0 185 3.87016e-07
4.58593 1.82408 0 185 3.93739e-07
4.58668 1.82408 0 185 4.00652e-07
4.58743 1.82408 0 185 4.07757e-07
4.58818 1.82408 0 185 4.15055e-07
4.58893 1.82408 0 185 4.22547e-07
4.58968 1.82408 0 185 4.30235e-07
4.59043 1.82408 0 185 4.38118e-07
4.59118 1.82408 0 185 4.46197e-07
4.59193 1.82408 0 185 4.5447e-07
4.59268 1.82408 0 185 4.62936e-07
4.59343 1.82408 0 185 4.71593e-07
4.59418 1.82408 0 185 4.80437e-07
4.59493 1.82408 0 185 4.89466e-07
4.59568 1.82408 0 185 4.98676e-07
4.59643 1.82408 0 185 5.0806e-07
4.59718 1.82408 0 185 5.17615e-07
4.59793 1.82408 0 185 5.27335e-07
4.59868 1.82408 0 185 5.37213e-07
4.59943 1.82408 0 185 5.47243e-07
4.60018 1.82408 0 185 5.57419e-07
4.60093 1.82408 0 185 5.67736e-07
4.60168 1.82408 0 185 5.78185e-07
4.60243 1.82408 0 185 5.88765e-07
4.60318 1.82408 0 185 5.99469e-07
4.60393 1.82408 0 185 6.10294e-07
4.60468 1.82408 0 185 6.2124e-07
4.60543 1.82408 0 185 6.32306e-07
4.60618 1.82408 0 185 6.43493e-07
4.60693 1.82408 0 185 6.54806e-07
4.60768 1.82408 0 185 6.66251e-07
4.60843 1.82408 0 185 6.77837e-07
4.60918 1.82408 0 185 6.89575e-07
4.60993 1.82408 0 185 7.0148e-07
4.61069 1.82408 0 185 7.13567e-07
4.61144 1.82408 0 185 7.25856e-07
4.61219 1.82408 0 185 7.38369e-07
4.61294 1.82408 0 185 7.5113e-07
4.61369 1.82408 0 185 7.64165e-07
4.61444 1.82408 0 185 7.77503e-07
4.61519 1.82408 0 185 7.91173e-07
4.61594 1.82408 0 185 8.05207e-07
4.61669 1.82408 0 185 8.19637e-07
4.61744 1.82408 0 185 8.34496e-07
4.61819 1.82408 0 185 8.49818e-07
4.61894 1.82408 0 185 8.65638e-07
4.61969 1.82408 0 185 8.8199e-07
4.62044 1.82408 0 185 8.98906e-07
4.62119 1.82408 0 185 9.16422e-07
4.62194 1.82408 0 185 9.34568e-07
4.62269 1.82408 0 185 9.53377e-07
4.62344 1.82408 0 185 9.72878e-07
4.62419 1.82408 0 185 9.93101e-07
4.62494 1.82408 0 185 1.01407e-06
4.62569 1.82408 0 185 1.03581e-06
4.62644 1.82408 0 185 1.05835e-06
4.62719 1.82408 0 185 1.0817e-06
4.62794 1.82408 0 185 1.10589e-06
4.62869 1.82408 0 185 1.13091e-06
4.62944 1.82408 0 185 1.15679e-06
4.63019 1.82408 0 185 1.18353e-06
4.63094 1.82408 0 185 1.21113e-06
4.63169 1.82408 0 185 1.23958e-06
4.63244 1.82408 0 185 1.26887e-06
4.63319 1.82408 0 185 1.299e-06
4.63394 1.82408 0 185 1.32992e-06
4.63469 1.82408 0 185 1.36161e-06
4.63544 1.82408 0 185 1.39403e-06
4.63619 1.82408 0 185 1.42712e-06
4.63694 1.82408 0 185 1.46083e-06
4.63769 1.82408 0 185 1.49508e-06
4.63844 1.82408 0 185 1.52978e-06
4.63919 1.82408 0 185 1.56485e-06
4.63994 1.82408 0 185 1.60016e-06
4.64069 1.82408 0 185 1.63561e-06
4.64144 1.82408 0 185 1.67105e-06
4.64219 1.82408 0 185 1.70633e-06
4.64294 1.82408 0 185 1.7413e-06
4.64369 1.82408 0 185 1.77579e-06
4.64444 1.82408 0 185 1.80959e-06
4.64519 1.82408 0 185 1.84254e-06
4.64594 1.82408 0 185 1.87441e-06
4.64669 1.82408 0 185 1.90502e-06
4.64744 1.82408 0 185 1.93415e-06
4.64819 1.82408 0 185 1.96158e-06
4.64894 1.82408 0 185 1.98712e-06
4.64969 1.82408 0 185 2.01057e-06
4.65044 1.82408 0 185 2.03172e-06
4.65119 1.82408 0 185 2.05041e-06
4.65194 1.82408 0 185 2.06648e-06
4.65269 1.82408 0 185 2.07978e-06
4.65344 1.82408 0 185 2.09019e-06
4.65419 1.82408 0 185 2.09761e-06
4.65494 1.82408 0 185 2.10197e-06
4.65569 1.82408 0 185 2.10323e-06
4.65644 1.82408 0 185 2.10136e-06
4.65719 1.82408 0 185 2.09639e-06
4.65794 1.82408 0 185 2.08833e-06
4.65869 1.82408 0 185 2.07727e-06
4.65944 1.82408 0 185 2.06328e-06
4.66019 1.82408 0 185 2.04649e-06
4.66094 1.82408 0 185 2.02701e-06
4.66169 1.82408 0 185 2.005e-06
4.66244 1.82408 0 185 1.98063e-06
4.66319 1.82408 0 185 1.95407e-06
4.66394 1.82408 0 185 1.92552e-06
4.66469 1.82408 0 185 1.89516e-06
4.66544 1.82408 0 185 1.86318e-06
4.66619 1.82408 0 185 1.82981e-06
4.66694 1.82408 0 185 1.79521e-06
4.66769 1.82408 0 185 1.75959e-06
4.66844 1.82408 0 185 1.72314e-06
4.66919 1.82408 0 185 1.68604e-06
4.66994 1.82408 0 185 1.64846e-06
4.6707 1.82408 0 185 1.61055e-06
4.67145 1.82408 0 185 1.57248e-06
4.6722 1.82408 0 185 1.53437e-06
4.67295 1.82408 0 185 1.49637e-06
4.6737 1.82408 0 185 1.45857e-06
4.67445 1.82408 0 185 1.42109e-06
4.6752 1.82408 0 185 1.38403e-06
4.67595 1.82408 0 185 1.34746e-06
4.6767 1.82408 0 185 1.31145e-06
4.67745 1.82408 0 185 1.27606e-06
4.6782 1.82408 0 185 1.24135e-06
4.67895 1.82408 0 185 1.20737e-06
4.6797 1.82408 0 185 1.17413e-06
4.68045 1.82408 0 185 1.14168e-06
4.6812 1.82408 0 185 1.11003e-06
4.68195 1.82408 0 185 1.0792e-06
4.6827 1.82408 0 185 1.0492e-06
4.68345 1.82408 0 185 1.02003e-06
4.6842 1.82408 0 185 9.91699e-07
4.68495 1.82408 0 185 9.64193e-07
4.6857 1.82408 0 185 9.37512e-07
4.68645 1.82408 0 185 9.11645e-07
4.6872 1.82408 0 185 8.86581e-07
4.68795 1.82408 0 185 8.62307e-07
4.6887 1.82408 0 185 8.38808e-07
4.68945 1.82408 0 185 8.1607e-07
4.6902 1.82408 0 185 7.94069e-07
4.69095 1.82408 0 185 7.72791e-07
4.6917 1.82408 0 185 7.52215e-07
4.69245 1.82408 0 185 7.32322e-07
4.6932 1.82408 0 185 7.13092e-07
4.69395 1.82408 0 185 6.94505e-07
4.6947 1.82408 0 185 6.76539e-07
4.69545 1.82408 0 185 6.59176e-07
4.6962 1.82408 0 185 6.42395e-07
4.69695 1.82408 0 185 6.26175e-07
4.6977 1.82408 0 185 6.10498e-07
4.69845 1.82408 0 185 5.95342e-07
4.6992 1.82408 0 185 5.80691e-07
4.69995 1.82408 0 185 5.66525e-07
4.7007 1.82408 0 185 5.52826e-07
4.70145 1.82408 0 185 5.39577e-07
4.7022 1.82408 0 185 5.26761e-07
4.70295 1.82408 0 185 5.14362e-07
4.7037 1.82408 0 185 5.02363e-07
4.70445 1.82408 0 185 4.9075e-07
4.7052 1.82408 0 185 4.79508e-07
4.70595 1.82408 0 185 4.68623e-07
4.7067 1.82408 0 185 4.58082e-07
4.70745 1.82408 0 185 4.47871e-07
4.7082 1.82408 0 185 4.37978e-07
4.70895 1.82408 0 185 4.28392e-07
4.7097 1.82408 0 185 4.19101e-07
4.71045 1.82408 0 185 4.10094e-07
4.7112 1.82408 0 185 4.0136e-07
4.71195 1.82408 0 185 3.9289e-07
4.7127 1.82408 0 185 3.84674e-07
4.71345 1.82408 0 185 3.76703e-07
4.7142 1.82408 0 185 3.68968e-07
4.71495 1.82408 0 185 3.61461e-07
4.7157 1.82408 0 185 3.54174e-07
4.71645 1.82408 0 185 3.47098e-07
4.7172 1.82408 0 185 3.40229e-07
4.71795 1.82408 0 185 3.33554e-07
4.7187 1.82408 0 185 3.27071e-07
4.71945 1.82408 0 185 3.20771e-07
4.7202 1.82408 0 185 3.14648e-07
4.72095 1.82408 0 185 3.08697e-07
4.7217 1.82408 0 185 3.02911e-07
4.72245 1.82408 0 185 2.97285e-07
4.7232 1.82408 0 185 2.91813e-07
4.72395 1.82408 0 185 2.86491e-07
4.7247 1.82408 0 185 2.81313e-07
4.72545 1.82408 0 185 2.76275e-07
4.7262 1.82408 0 185 2.71371e-07
4.72695 1.82408 0 185 2.66597e-07
4.7277 1.82408 0 185 2.6195e-07
4.72845 1.82408 0 185 2.57425e-07
4.7292 1.82408 0 185 2.53017e-07
4.72995 1.82408 0 185 2.48724e-07
4.73071 1.82408 0 185 2.44541e-07
4.73146 1.82408 0 185 2.40465e-07
4.73221 1.82408 0 185 2.36493e-07
4.73296 1.82408 0 185 2.32621e-07
4.73371 1.82408 0 185 2.28846e-07
4.73446 1.82408 0 185 2.25165e-07
4.73521 1.82408 0 185 2.21575e-07
4.73596 1.82408 0 185 2.18074e-07
4.73671 1.82408 0 185 2.14658e-07
4.73746 1.82408 0 185 2.11325e-07
4.73821 1.82408 0 185 2.08073e-07
4.73896 1.82408 0 185 2.04898e-07
4.73971 1.82408 0 185 2.01799e-07
4.74046 1.82408 0 185 1.9878e-07
4.74121 1.82408 0 185 1.95826e-07
4.74196 1.82408 0 185 1.9294e-07
4.74271 1.82408 0 185 1.90121e-07
4.74346 1.82408 0 185 1.87367e-07
4.74421 1.82408 0 185 1.84677e-07
4.74496 1.82408 0 185 1.82047e-07
4.74571 1.82408 0 185 1.79478e-07
4.74646 1.82408 0 185 1.76966e-07
4.74721 1.82408 0 185 1.7451e-07
4.74796 1.82408 0 185 1.72109e-07
4.74871 1.82408 0 185 1.69761e-07
4.74946 1.82408 0 185 1.67464e-07
4.75021 1.82408 0 185 1.65217e-07
4.75096 1.82408 0 185 1.63019e-07
4.75171 1.82408 0 185 1.60868e-07
4.75246 1.82408 0 185 1.58764e-07
4.75321 1.82408 0 185 1.56704e-07
4.75396 1.82408 0 185 1.54687e-07
4.75471 1.82408 0 185 1.52713e-07
4.75546 1.82408 0 185 1.50781e-07
4.75621 1.82408 0 185 1.48888e-07
4.75696 1.82408 0 185 1.47035e-07
4.75771 1.82408 0 185 1.45219e-07
4.75846 1.82408 0 185 1.43441e-07
4.75921 1.82408 0 185 1.41698e-07
4.75996 1.82408 0 185 1.39991e-07
4.76071 1.82408 0 185 1.38318e-07
4.76146 1.82408 0 185 1.36678e-07
4.76221 1.82408 0 185 1.3507e-07
4.76296 1.82408 0 185 1.33494e-07
4.76371 1.82408 0 185 1.31949e-07
4.76446 1.82408 0 185 1.30434e-07
4.76521 1.82408 0 185 1.28948e-07
4.76596 1.82408 0 185 1.27491e-07
4.76671 1.82408 0 185 1.26062e-07
4.76746 1.82408 0 185 1.2466e-07
4.76821 1.82408 0 185 1.23284e-07
4.76896 1.82408 0 185 1.21934e-07
4.76971 1.82408 0 185 1.20609e-07
4.77046 1.82408 0 185 1.19309e-07
4.77121 1.82408 0 185 1.18032e-07
4.77196 1.82408 0 185 1.16779e-07
4.77271 1.82408 0 185 1.15548e-07
4.77346 1.82408 0 185 1.1434e-07
4.77421 1.82408 0 185 1.13154e-07
4.77496 1.82408 0 185 1.11989e-07
4.77571 1.82408 0 185 1.10844e-07
4.77646 1.82408 0 185 1.0972e-07
4.77721 1.82408 0 185 1.08616e-07
4.77796 1.82408 0 185 1.0753e-07
4.77871 1.82408 0 185 1.06464e-07
4.77946 1.82408 0 185 1.05416e-07
4.78021 1.82408 0 185 1.04386e-07
4.78096 1.82408 0 185 1.03373e-07
4.78171 1.82408 0 185 1.02378e-07
4.78246 1.82408 0 185 1.014e-07
4.78321 1.82408 0 185 1.00438e-07
4.78396 1.82408 0 185 9.94925e-08
4.78471 1.82408 0 185 9.85627e-08
4.78546 1.82408 0 185 9.76486e-08
4.78621 1.82408 0 185 9.67757e-08
4.78696 1.82408 0 185 9.58919e-08
4.78771 1.82408 0 185 9.50231e-08
4.78846 1.82408 0 185 9.41692e-08
4.78921 1.82408 0 185 9.33296e-08
4.78996 1.82408 0 185 9.25044e-08
4.79072 1.82408 0 185 9.16935e-08
4.79147 1.82408 0 185 9.08969e-08
4.79222 1.82408 0 185 9.01143e-08
4.79297 1.82408 0 185 8.93459e-08
4.79372 1.82408 0 185 8.85916e-08
4.79447 1.82408 0 185 8.7851e-08
4.79522 1.82408 0 185 8.7125e-08
4.79597 1.82408 0 185 8.64133e-08
4.79672 1.82408 0 185 8.57161e-08
4.79747 1.82408 0 185 8.50335e-08
4.79822 1.82408 0 185 8.43656e-08
4.79897 1.82408 0 185 8.37129e-08
4.79972 1.82408 0 185 8.30752e-08
4.80047 1.82408 0 185 8.24529e-08
4.80122 1.82408 0 185 8.18462e-08
4.80197 1.82408 0 185 8.12554e-08
4.80272 1.82408 0 185 8.06806e-08
4.80347 1.82408 0 185 8.0122e-08
4.80422 1.82408 0 185 7.95798e-08
4.80497 1.82408 0 185 7.90541e-08
4.80572 1.82408 0 185 7.85448e-08
4.80647 1.82408 0 185 7.80496e-08
4.80722 1.82408 0 185 7.75726e-08
4.80797 1.82408 0 185 7.71116e-08
4.80872 1.82408 0 185 7.66662e-08
4.80947 1.82408 0 185 7.62362e-08
4.81022 1.82408 0 185 7.58204e-08
4.81097 1.82408 0 185 7.54185e-08
4.81172 1.82408 0 185 7.50296e-08
4.81247 1.82408 0 185 7.46522e-08
4.81322 1.82408 0 185 7.42863e-08
4.81397 1.82408 0 185 7.39303e-08
4.81472 1.82408 0 185 7.35829e-08
4.81547 1.82408 0 185 7.3243e-08
4.81622 1.82408 0 185 7.29093e-08
4.81697 1.82408 0 185 7.25805e-08
4.81772 1.82408 0 185 7.22554e-08
4.81847 1.82408 0 185 7.19328e-08
4.81922 1.82408 0 185 7.16116e-08
4.81997 1.82408 0 185 7.12911e-08
4.82072 1.82408 0 185 7.09698e-08
4.82147 1.82408 0 185 7.06472e-08
4.82222 1.82408 0 185 7.03226e-08
4.82297 1.82408 0 185 6.99956e-08
4.82372 1.82408 0 185 6.96656e-08
4.82447 1.82408 0 185 6.93325e-08
4.82522 1.82408 0 185 6.8996e-08
4.82597 1.82408 0 185 6.86562e-08
4.82672 1.82408 0 185 6.83132e-08
4.82747 1.82408 0 185 6.7967e-08
4.82822 1.82408 0 185 6.76179e-08
4.82897 1.82408 0 185 6.72663e-08
4.82972 1.82408 0 185 6.69125e-08
4.83047 1.82408 0 185 6.65569e-08
4.83122 1.82408 0 185 6.61999e-08
4.83197 1.82408 0 185 6.58421e-08
4.83272 1.82408 0 185 6.54838e-08
4.83347 1.82408 0 185 6.51247e-08
4.83422 1.82408 0 185 6.4767e-08
4.83497 1.82408 0 185 6.44101e-08
4.83572 1.82408 0 185 6.40547e-08
4.83647 1.82408 0 185 6.3701e-08
4.83722 1.82408 0 185 6.33494e-08
4.83797 1.82408 0 185 6.30004e-08
4.83872 1.82408 0 185 6.26541e-08
4.83947 1.82408 0 185 6.23106e-08
4.84022 1.82408 0 185 6.19708e-08
4.84097 1.82408 0 185 6.16347e-08
4.84172 1.82408 0 185 6.13024e-08
4.84247 1.82408 0 185 6.0974e-08
4.84322 1.82408 0 185 6.06499e-08
4.84397 1.82408 0 185 6.03301e-08
4.84472 1.82408 0 185 6.00146e-08
4.84547 1.82408 0 185 5.97038e-08
4.84622 1.82408 0 185 5.93975e-08
4.84697 1.82408 0 185 5.90958e-08
4.84772 1.82408 0 185 5.87983e-08
4.84847 1.82408 0 185 5.85062e-08
4.84922 1.82408 0 185 5.82187e-08
4.84997 1.82408 0 185 5.7936e-08
4.85073 1.82408 0 185 5.76581e-08
4.85148 1.82408 0 185 5.73849e-08
4.85223 1.82408 0 185 5.71165e-08
4.85298 1.82408 0 185 5.68527e-08
4.85373 1.82408 0 185 5.65936e-08
4.85448 1.82408 0 185 5.63391e-08
4.85523 1.82408 0 185 5.60874e-08
4.85598 1.82408 0 185 5.58419e-08
4.85673 1.82408 0 185 5.5601e-08
4.85748 1.82408 0 185 5.53645e-08
4.85823 1.82408 0 185 5.51325e-08
4.85898 1.82408 0 185 5.49046e-08
4.85973 1.82408 0 185 5.4681e-08
4.86048 1.82408 0 185 5.44616e-08
4.86123 1.82408 0 185 5.42463e-08
4.86198 1.82408 0 185 5.4035e-08
4.86273 1.82408 0 185 5.38277e-08
4.86348 1.82408 0 185 5.36244e-08
4.86423 1.82408 0 185 5.34249e-08
4.86498 1.82408 0 185 5.32292e-08
4.86573 1.82408 0 185 5.30372e-08
4.86648 1.82408 0 185 5.28489e-08
4.86723 1.82408 0 185 5.26642e-08
4.86798 1.82408 0 185 5.2483e-08
4.86873 1.82408 0 185 5.23053e-08
4.86948 1.82408 0 185 5.21309e-08
4.87023 1.82408 0 185 5.19599e-08
4.87098 1.82408 0 185 5.17922e-08
4.87173 1.82408 0 185 5.16277e-08
4.87248 1.82408 0 185 5.14663e-08
4.87323 1.82408 0 185 5.13079e-08
4.87398 1.82408 0 185 5.11526e-08
4.87473 1.82408 0 185 5.10002e-08
4.87548 1.82408 0 185 5.08507e-08
4.87623 1.82408 0 185 5.0704e-08
4.87698 1.82408 0 185 5.056e-08
4.87773 1.82408 0 185 5.04187e-08
4.87848 1.82408 0 185 5.028e-08
4.87923 1.82408 0 185 5.01438e-08
4.87998 1.82408 0 185 5.00101e-08
4.88073 1.82408 0 185 4.98788e-08
4.88148 1.82408 0 185 4.97498e-08
4.88223 1.82408 0 185 4.96229e-08
4.88298 1.82408 0 185 4.94983e-08
4.88373 1.82408 0 185 4.9375e-08
4.88448 1.82408 0 185 4.92549e-08
4.88523 1.82408 0 185 4.91364e-08
4.88598 1.82408 0 185 4.90197e-08
4.88673 1.82408 0 185 4.89048e-08
4.88748 1.82408 0 185 4.87917e-08
4.88823 1.82408 0 185 4.86801e-08
4.88898 1.82408 0 185 4.857e-08
4.88973 1.82408 0 185 4.84614e-08
4.89048 1.82408 0 185 4.83541e-08
4.89123 1.82408 0 185 4.8248e-08
4.89198 1.82408 0 185 4.8143e-08
4.89273 1.82408 0 185 4.8039e-08
4.89348 1.82408 0 185 4.79352e-08
4.89423 1.82408 0 185 4.78329e-08
4.89498 1.82408 0 185 4.77312e-08
4.89573 1.82408 0 185 4.76301e-08
4.89648 1.82408 0 185 4.75293e-08
4.89723 1.82408 0 185 4.74288e-08
4.89798 1.82408 0 185 4.73284e-08
4.89873 1.82408 0 185 4.7228e-08
4.89948 1.82408 0 185 4.71273e-08
4.90023 1.82408 0 185 4.70263e-08
4.90098 1.82408 0 185 4.69247e-08
4.90173 1.82408 0 185 4.68223e-08
4.90248 1.82408 0 185 4.67191e-08
4.90323 1.82408 0 185 4.66147e-08
4.90398 1.82408 0 185 4.6509e-08
4.90473 1.82408 0 185 4.64017e-08
4.90548 1.82408 0 185 4.62926e-08
4.90623 1.82408 0 185 4.61814e-08
4.90698 1.82408 0 185 4.6068e-08
4.90773 1.82408 0 185 4.5952e-08
4.90848 1.82408 0 185 4.58331e-08
4.90923 1.82408 0 185 4.57111e-08
4.90998 1.82408 0 185 4.55857e-08
4.91074 1.82408 0 185 4.54566e-08
4.91149 1.82408 0 185 4.53233e-08
4.91224 1.82408 0 185 4.51855e-08
4.91299 1.82408 0 185 4.50428e-08
4.91374 1.82408 0 185 4.4895e-08
4.91449 1.82408 0 185 4.47415e-08
4.91524 1.82408 0 185 4.45821e-08
4.91599 1.82408 0 185 4.44161e-08
4.91674 1.82408 0 185 4.42433e-08
4.91749 1.82408 0 185 4.40631e-08
4.91824 1.82408 0 185 4.38752e-08
4.91899 1.82408 0 185 4.36789e-08
4.91974 1.82408 0 185 4.34738e-08
4.92049 1.82408 0 185 4.32594e-08
4.92124 1.82408 0 185 4.30351e-08
4.92199 1.82408 0 185 4.28005e-08
4.92274 1.82408 0 185 4.2555e-08
4.92349 1.82408 0 185 4.22981e-08
4.92424 1.82408 0 185 4.20256e-08
4.92499 1.82408 0 185 4.1744e-08
4.92574 1.82408 0 185 4.14494e-08
4.92649 1.82408 0 185 4.11412e-08
4.92724 1.82408 0 185 4.08189e-08
4.92799 1.82408 0 185 4.0482e-08
4.92874 1.82408 0 185 4.01301e-08
4.92949 1.82408 0 185 3.97627e-08
4.93024 1.82408 0 185 3.93794e-08
4.93099 1.82408 0 185 3.89792e-08
4.93174 1.82408 0 185 3.85633e-08
4.93249 1.82408 0 185 3.81297e-08
4.93324 1.82408 0 185 3.76806e-08
4.93399 1.82408 0 185 3.72149e-08
4.93474 1.82408 0 185 3.67328e-08
4.93549 1.82408 0 185 3.62346e-08
4.93624 1.82408 0 185 3.57208e-08
4.93699 1.82408 0 185 3.51922e-08
4.93774 1.82408 0 185 3.46498e-08
4.93849 1.82408 0 185 3.40947e-08
4.93924 1.82408 0 185 3.35261e-08
4.93999 1.82408 0 185 3.29461e-08
4.94074 1.82408 0 185 3.23635e-08
4.94149 1.82408 0 185 3.17766e-08
4.94224 1.82408 0 185 3.11883e-08
4.94299 1.82408 0 185 3.06023e-08
4.94374 1.82408 0 185 3.00228e-08
4.94449 1.82408 0 185 2.94542e-08
4.94524 1.82408 0 185 2.8902e-08
4.94599 1.82408 0 185 2.8372e-08
4.94674 1.82408 0 185 2.78706e-08
4.94749 1.82408 0 185 2.74052e-08
4.94824 1.82408 0 185 2.69834e-08
4.94899 1.82408 0 185 2.6614e-08
4.94974 1.82408 0 185 2.63059e-08
4.95049 1.82408 0 185 2.60691e-08
4.95124 1.82408 0 185 2.59137e-08
4.95199 1.82408 0 185 2.58507e-08
4.95274 1.82408 0 185 2.5891e-08
4.95349 1.82408 0 185 2.60463e-08
4.95424 1.82408 0 185 2.6328e-08
4.95499 1.82408 0 185 2.67474e-08
4.95574 1.82408 0 185 2.73159e-08
4.95649 1.82408 0 185 2.80442e-08
4.95724 1.82408 0 185 2.89423e-08
4.95799 1.82408 0 185 3.00195e-08
4.95874 1.82408 0 185 3.12836e-08
4.95949 1.82408 0 185 3.27414e-08
4.96024 1.82408 0 185 3.43979e-08
4.96099 1.82408 0 185 3.62562e-08
4.96174 1.82408 0 185 3.83178e-08
4.96249 1.82408 0 185 4.05817e-08
4.96324 1.82408 0 185 4.30453e-08
4.96399 1.82408 0 185 4.57032e-08
4.96474 1.82408 0 185 4.85485e-08
4.96549 1.82408 0 185 5.15719e-08
4.96624 1.82408 0 185 5.47623e-08
4.96699 1.82408 0 185 5.81072e-08
4.96774 1.82408 0 185 6.15924e-08
4.96849 1.82408 0 185 6.52032e-08
4.96924 1.82408 0 185 6.89229e-08
4.96999 1.82408 0 185 7.27356e-08
4.97075 1.82408 0 185 7.66249e-08
4.9715 1.82408 0 185 8.05745e-08
4.97225 1.82408 0 185 8.45689e-08
4.973 1.82408 0 185 8.85932e-08
4.97375 1.82408 0 185 9.26338e-08
4.9745 1.82408 0 185 9.66781e-08
4.97525 1.82408 0 185 1.00715e-07
4.976 1.82408 0 185 1.04735e-07
4.97675 1.82408 0 185 1.0873e-07
4.9775 1.82408 0 185 1.12694e-07
4.97825 1.82408 0 185 1.16622e-07
4.979 1.82408 0 185 1.20509e-07
4.97975 1.82408 0 185 1.24354e-07
4.9805 1.82408 0 185 1.28155e-07
4.98125 1.82408 0 185 1.31913e-07
4.982 1.82408 0 185 1.35628e-07
4.98275 1.82408 0 185 1.39301e-07
4.9835 1.82408 0 185 1.42934e-07
4.98425 1.82408 0 185 1.46529e-07
4.985 1.82408 0 185 1.50089e-07
4.98575 1.82408 0 185 1.53615e-07
4.9865 1.82408 0 185 1.57111e-07
4.98725 1.82408 0 185 1.60574e-07
4.988 1.82408 0 185 1.64011e-07
4.98875 1.82408 0 185 1.67418e-07
4.9895 1.82408 0 185 1.70797e-07
4.99025 1.82408 0 185 1.74147e-07
4.991 1.82408 0 185 1.77464e-07
4.99175 1.82408 0 185 1.80747e-07
4.9925 1.82408 0 185 1.83991e-07
4.99325 1.82408 0 185 1.87191e-07
4.994 1.82408 0 185 1.90341e-07
4.99475 1.82408 0 185 1.93434e-07
4.9955 1.82408 0 185 1.9646e-07
4.99625 1.82408 0 185 1.99412e-07
4.997 1.82408 0 185 2.02278e-07
4.99775 1.82408 0 185 2.05048e-07
4.9985 1.82408 0 185 2.07712e-07
4.99925 1.82408 0 185 2.10256e-07
5 1.82408 0 185 2.12662e-07
