0.5 1.82408 0 225 3.98091e-07
0.50075 1.82408 0 225 3.98928e-07
0.5015 1.82408 0 225 3.99818e-07
0.50225 1.82408 0 225 4.00773e-07
0.503001 1.82408 0 225 4.01839e-07
0.503751 1.82408 0 225 4.02907e-07
0.504501 1.82408 0 225 4.04034e-07
0.505251 1.82408 0 225 4.05224e-07
0.506001 1.82408 0 225 4.06482e-07
0.506751 1.82408 0 225 4.0778e-07
0.507501 1.82408 0 225 4.0914e-07
0.508251 1.82408 0 225 4.10596e-07
0.509002 1.82408 0 225 4.12064e-07
0.509752 1.82408 0 225 4.13591e-07
0.510502 1.82408 0 225 4.15159e-07
0.511252 1.82408 0 225 4.16795e-07
0.512002 1.82408 0 225 4.18483e-07
0.512752 1.82408 0 225 4.20228e-07
0.513502 1.82408 0 225 4.22052e-07
0.514252 1.82408 0 225 4.23894e-07
0.515003 1.82408 0 225 4.25794e-07
0.515753 1.82408 0 225 4.27738e-07
0.516503 1.82408 0 225 4.29746e-07
0.517253 1.82408 0 225 4.31806e-07
0.518003 1.82408 0 225 4.33919e-07
0.518753 1.82408 0 225 4.36104e-07
0.519503 1.82408 0 225 4.3832e-07
0.520253 1.82408 0 225 4.40593e-07
0.521004 1.82408 0 225 4.42908e-07
0.521754 1.82408 0 225 4.45287e-07
0.522504 1.82408 0 225 4.47724e-07
0.523254 1.82408 0 225 4.50209e-07
0.524004 1.82408 0 225 4.52774e-07
0.524754 1.82408 0 225 4.55367e-07
0.525504 1.82408 0 225 4.58016e-07
0.526254 1.82408 0 225 4.6072e-07
0.527005 1.82408 0 225 4.63488e-07
0.527755 1.82408 0 225 4.66314e-07
0.528505 1.82408 0 225 4.69192e-07
0.529255 1.82408 0 225 4.72145e-07
0.530005 1.82408 0 225 4.75139e-07
0.530755 1.82408 0 225 4.78192e-07
0.531505 1.82408 0 225 4.81307e-07
0.532255 1.82408 0 225 4.84485e-07
0.533006 1.82408 0 225 4.87731e-07
0.533756 1.82408 0 225 4.91027e-07
0.534506 1.82408 0 225 4.94392e-07
0.535256 1.82408 0 225 4.97828e-07
0.536006 1.82408 0 225 5.01321e-07
0.536756 1.82408 0 225 5.04879e-07
0.537506 1.82408 0 225 5.08504e-07
0.538256 1.82408 0 225 5.12198e-07
0.539007 1.82408 0 225 5.15968e-07
0.539757 1.82408 0 225 5.198e-07
0.540507 1.82408 0 225 5.23706e-07
0.541257 1.82408 0 225 5.27683e-07
0.542007 1.82408 0 225 5.31729e-07
0.542757 1.82408 0 225 5.35856e-07
0.543507 1.82408 0 225 5.40056e-07
0.544257 1.82408 0 225 5.44333e-07
0.545008 1.82408 0 225 5.48698e-07
0.545758 1.82408 0 225 5.53135e-07
0.546508 1.82408 0 225 5.57649e-07
0.547258 1.82408 0 225 5.62248e-07
0.548008 1.82408 0 225 5.66937e-07
0.548758 1.82408 0 225 5.7171e-07
0.549508 1.82408 0 225 5.7657e-07
0.550258 1.82408 0 225 5.81523e-07
0.551009 1.82408 0 225 5.86572e-07
0.551759 1.82408 0 225 5.9171e-07
0.552509 1.82408 0 225 5.96922e-07
0.553259 1.82408 0 225 6.02253e-07
0.554009 1.82408 0 225 6.07684e-07
0.554759 1.82408 0 225 6.13212e-07
0.555509 1.82408 0 225 6.18844e-07
0.556259 1.82408 0 225 6.24585e-07
0.55701 1.82408 0 225 6.30436e-07
0.55776 1.82408 0 225 6.36393e-07
0.55851 1.82408 0 225 6.42442e-07
0.55926 1.82408 0 225 6.48627e-07
0.56001 1.82408 0 225 6.54933e-07
0.56076 1.82408 0 225 6.61353e-07
0.56151 1.82408 0 225 6.67901e-07
0.56226 1.82408 0 225 6.74576e-07
0.563011 1.82408 0 225 6.8138e-07
0.563761 1.82408 0 225 6.88322e-07
0.564511 1.82408 0 225 6.95392e-07
0.565261 1.82408 0 225 7.02566e-07
0.566011 1.82408 0 225 7.09913e-07
0.566761 1.82408 0 225 7.17412e-07
0.567511 1.82408 0 225 7.25061e-07
0.568261 1.82408 0 225 7.32859e-07
0.569012 1.82408 0 225 7.40811e-07
0.569762 1.82408 0 225 7.48931e-07
0.570512 1.82408 0 225 7.57209e-07
0.571262 1.82408 0 225 7.65611e-07
0.572012 1.82408 0 225 7.74231e-07
0.572762 1.82408 0 225 7.83033e-07
0.573512 1.82408 0 225 7.92019e-07
0.574262 1.82408 0 225 8.01185e-07
0.575013 1.82408 0 225 8.10534e-07
0.575763 1.82408 0 225 8.20096e-07
0.576513 1.82408 0 225 8.29862e-07
0.577263 1.82408 0 225 8.39827e-07
0.578013 1.82408 0 225 8.49944e-07
0.578763 1.82408 0 225 8.6035e-07
0.579513 1.82408 0 225 8.7097e-07
0.580263 1.82408 0 225 8.81831e-07
0.581014 1.82408 0 225 8.92922e-07
0.581764 1.82408 0 225 9.04265e-07
0.582514 1.82408 0 225 9.15866e-07
0.583264 1.82408 0 225 9.27717e-07
0.584014 1.82408 0 225 9.39836e-07
0.584764 1.82408 0 225 9.52149e-07
0.585514 1.82408 0 225 9.64836e-07
0.586264 1.82408 0 225 9.77808e-07
0.587015 1.82408 0 225 9.91085e-07
0.587765 1.82408 0 225 1.00466e-06
0.588515 1.82408 0 225 1.01856e-06
0.589265 1.82408 0 225 1.03278e-06
0.590015 1.82408 0 225 1.04735e-06
0.590765 1.82408 0 225 1.06228e-06
0.591515 1.82408 0 225 1.07746e-06
0.592265 1.82408 0 225 1.09311e-06
0.593016 1.82408 0 225 1.10915e-06
0.593766 1.82408 0 225 1.12559e-06
0.594516 1.82408 0 225 1.14242e-06
0.595266 1.82408 0 225 1.1597e-06
0.596016 1.82408 0 225 1.17739e-06
0.596766 1.82408 0 225 1.19556e-06
0.597516 1.82408 0 225 1.21419e-06
0.598266 1.82408 0 225 1.23317e-06
0.599017 1.82408 0 225 1.25277e-06
0.599767 1.82408 0 225 1.2729e-06
0.600517 1.82408 0 225 1.29359e-06
0.601267 1.82408 0 225 1.31481e-06
0.602017 1.82408 0 225 1.3366e-06
0.602767 1.82408 0 225 1.35897e-06
0.603517 1.82408 0 225 1.38198e-06
0.604267 1.82408 0 225 1.40564e-06
0.605018 1.82408 0 225 1.42995e-06
0.605768 1.82408 0 225 1.45478e-06
0.606518 1.82408 0 225 1.4805e-06
0.607268 1.82408 0 225 1.50699e-06
0.608018 1.82408 0 225 1.53422e-06
0.608768 1.82408 0 225 1.56224e-06
0.609518 1.82408 0 225 1.5911e-06
0.610268 1.82408 0 225 1.62081e-06
0.611019 1.82408 0 225 1.65146e-06
0.611769 1.82408 0 225 1.68303e-06
0.612519 1.82408 0 225 1.71556e-06
0.613269 1.82408 0 225 1.74892e-06
0.614019 1.82408 0 225 1.78353e-06
0.614769 1.82408 0 225 1.81925e-06
0.615519 1.82408 0 225 1.85613e-06
0.616269 1.82408 0 225 1.89419e-06
0.61702 1.82408 0 225 1.93352e-06
0.61777 1.82408 0 225 1.9741e-06
0.61852 1.82408 0 225 2.01612e-06
0.61927 1.82408 0 225 2.05954e-06
0.62002 1.82408 0 225 2.10444e-06
0.62077 1.82408 0 225 2.15064e-06
0.62152 1.82408 0 225 2.19875e-06
0.62227 1.82408 0 225 2.24856e-06
0.623021 1.82408 0 225 2.3002e-06
0.623771 1.82408 0 225 2.3537e-06
0.624521 1.82408 0 225 2.40914e-06
0.625271 1.82408 0 225 2.46659e-06
0.626021 1.82408 0 225 2.52631e-06
0.626771 1.82408 0 225 2.58832e-06
0.627521 1.82408 0 225 2.65272e-06
0.628271 1.82408 0 225 2.71929e-06
0.629022 1.82408 0 225 2.7888e-06
0.629772 1.82408 0 225 2.86121e-06
0.630522 1.82408 0 225 2.93653e-06
0.631272 1.82408 0 225 3.01503e-06
0.632022 1.82408 0 225 3.09672e-06
0.632772 1.82408 0 225 3.18194e-06
0.633522 1.82408 0 225 3.27079e-06
0.634272 1.82408 0 225 3.36358e-06
0.635023 1.82408 0 225 3.46053e-06
0.635773 1.82408 0 225 3.56178e-06
0.636523 1.82408 0 225 3.66702e-06
0.637273 1.82408 0 225 3.7779e-06
0.638023 1.82408 0 225 3.89396e-06
0.638773 1.82408 0 225 4.01564e-06
0.639523 1.82408 0 225 4.14308e-06
0.640273 1.82408 0 225 4.27691e-06
0.641024 1.82408 0 225 4.41738e-06
0.641774 1.82408 0 225 4.56512e-06
0.642524 1.82408 0 225 4.72056e-06
0.643274 1.82408 0 225 4.88426e-06
0.644024 1.82408 0 225 5.05669e-06
0.644774 1.82408 0 225 5.23772e-06
0.645524 1.82408 0 225 5.42986e-06
0.646274 1.82408 0 225 5.63285e-06
0.647025 1.82408 0 225 5.8476e-06
0.647775 1.82408 0 225 6.07497e-06
0.648525 1.82408 0 225 6.31614e-06
0.649275 1.82408 0 225 6.57196e-06
0.650025 1.82408 0 225 6.84402e-06
0.650775 1.82408 0 225 7.13347e-06
0.651525 1.82408 0 225 7.44197e-06
0.652275 1.82408 0 225 7.77096e-06
0.653026 1.82408 0 225 8.12079e-06
0.653776 1.82408 0 225 8.49689e-06
0.654526 1.82408 0 225 8.8997e-06
0.655276 1.82408 0 225 9.33233e-06
0.656026 1.82408 0 225 9.79724e-06
0.656776 1.82408 0 225 1.0298e-05
0.657526 1.82408 0 225 1.08378e-05
0.658276 1.82408 0 225 1.14216e-05
0.659027 1.82408 0 225 1.20543e-05
0.659777 1.82408 0 225 1.2741e-05
0.660527 1.82408 0 225 1.34879e-05
0.661277 1.82408 0 225 1.42993e-05
0.662027 1.82408 0 225 1.51898e-05
0.662777 1.82408 0 225 1.61655e-05
0.663527 1.82408 0 225 1.72386e-05
0.664277 1.82408 0 225 1.84214e-05
0.665028 1.82408 0 225 1.97292e-05
0.665778 1.82408 0 225 2.11801e-05
0.666528 1.82408 0 225 2.27951e-05
0.667278 1.82408 0 225 2.46019e-05
0.668028 1.82408 0 225 2.66299e-05
0.668778 1.82408 0 225 2.89157e-05
0.669528 1.82408 0 225 3.1504e-05
0.670278 1.82408 0 225 3.44398e-05
0.671029 1.82408 0 225 3.78104e-05
0.671779 1.82408 0 225 4.16897e-05
0.672529 1.82408 0 225 4.61822e-05
0.673279 1.82408 0 225 5.14208e-05
0.674029 1.82408 0 225 5.75716e-05
0.674779 1.82408 0 225 6.48556e-05
0.675529 1.82408 0 225 7.35476e-05
0.676279 1.82408 0 225 8.40223e-05
0.67703 1.82408 0 225 9.67585e-05
0.67778 1.82408 0 225 0.000112404
0.67853 1.82408 0 225 0.000131815
0.67928 1.82408 0 225 0.000156085
0.68003 1.82408 0 225 0.000186825
0.68078 1.82408 0 225 0.000225904
0.68153 1.82408 0 225 0.000275552
0.68228 1.82408 0 225 0.000337823
0.683031 1.82408 0 225 0.000413322
0.683781 1.82408 0 225 0.000498236
0.684531 1.82408 0 225 0.000580377
0.685281 1.82408 0 225 0.00063801
0.686031 1.82408 0 225 0.000649358
0.686781 1.82408 0 225 0.000609443
0.687531 1.82408 0 225 0.000534789
0.688281 1.82408 0 225 0.000449031
0.689032 1.82408 0 225 0.000368866
0.689782 1.82408 0 225 0.000300842
0.690532 1.82408 0 225 0.00024602
0.691282 1.82408 0 225 0.000202709
0.692032 1.82408 0 225 0.000168658
0.692782 1.82408 0 225 0.000141788
0.693532 1.82408 0 225 0.000120423
0.694282 1.82408 0 225 0.000103282
0.695033 1.82408 0 225 8.93856e-05
0.695783 1.82408 0 225 7.80058e-05
0.696533 1.82408 0 225 6.85959e-05
0.697283 1.82408 0 225 6.07417e-05
0.698033 1.82408 0 225 5.41351e-05
0.698783 1.82408 0 225 4.85217e-05
0.699533 1.82408 0 225 4.37203e-05
0.700283 1.82408 0 225 3.95862e-05
0.701034 1.82408 0 225 3.60031e-05
0.701784 1.82408 0 225 3.28788e-05
0.702534 1.82408 0 225 3.01397e-05
0.703284 1.82408 0 225 2.77239e-05
0.704034 1.82408 0 225 2.55869e-05
0.704784 1.82408 0 225 2.36859e-05
0.705534 1.82408 0 225 2.1988e-05
0.706284 1.82408 0 225 2.04653e-05
0.707035 1.82408 0 225 1.90949e-05
0.707785 1.82408 0 225 1.78578e-05
0.708535 1.82408 0 225 1.67364e-05
0.709285 1.82408 0 225 1.57174e-05
0.710035 1.82408 0 225 1.4789e-05
0.710785 1.82408 0 225 1.39403e-05
0.711535 1.82408 0 225 1.31627e-05
0.712285 1.82408 0 225 1.24486e-05
0.713036 1.82408 0 225 1.17905e-05
0.713786 1.82408 0 225 1.11843e-05
0.714536 1.82408 0 225 1.06239e-05
0.715286 1.82408 0 225 1.01047e-05
0.716036 1.82408 0 225 9.62324e-06
0.716786 1.82408 0 225 9.17528e-06
0.717536 1.82408 0 225 8.75832e-06
0.718286 1.82408 0 225 8.36956e-06
0.719037 1.82408 0 225 8.00634e-06
0.719787 1.82408 0 225 7.66644e-06
0.720537 1.82408 0 225 7.34794e-06
0.721287 1.82408 0 225 7.04918e-06
0.722037 1.82408 0 225 6.76848e-06
0.722787 1.82408 0 225 6.50456e-06
0.723537 1.82408 0 225 6.25544e-06
0.724287 1.82408 0 225 6.0211e-06
0.725038 1.82408 0 225 5.79991e-06
0.725788 1.82408 0 225 5.59091e-06
0.726538 1.82408 0 225 5.39318e-06
0.727288 1.82408 0 225 5.20605e-06
0.728038 1.82408 0 225 5.02868e-06
0.728788 1.82408 0 225 4.86043e-06
0.729538 1.82408 0 225 4.70062e-06
0.730288 1.82408 0 225 4.54878e-06
0.731039 1.82408 0 225 4.40435e-06
0.731789 1.82408 0 225 4.26686e-06
0.732539 1.82408 0 225 4.13591e-06
0.733289 1.82408 0 225 4.01108e-06
0.734039 1.82408 0 225 3.89155e-06
0.734789 1.82408 0 225 3.77785e-06
0.735539 1.82408 0 225 3.66921e-06
0.736289 1.82408 0 225 3.56533e-06
0.73704 1.82408 0 225 3.46596e-06
0.73779 1.82408 0 225 3.37082e-06
0.73854 1.82408 0 225 3.27968e-06
0.73929 1.82408 0 225 3.19243e-06
0.74004 1.82408 0 225 3.10863e-06
0.74079 1.82408 0 225 3.02825e-06
0.74154 1.82408 0 225 2.95109e-06
0.74229 1.82408 0 225 2.877e-06
0.743041 1.82408 0 225 2.80572e-06
0.743791 1.82408 0 225 2.73717e-06
0.744541 1.82408 0 225 2.67094e-06
0.745291 1.82408 0 225 2.60747e-06
0.746041 1.82408 0 225 2.54636e-06
0.746791 1.82408 0 225 2.48752e-06
0.747541 1.82408 0 225 2.43078e-06
0.748291 1.82408 0 225 2.37606e-06
0.749042 1.82408 0 225 2.32329e-06
0.749792 1.82408 0 225 2.2723e-06
0.750542 1.82408 0 225 2.22324e-06
0.751292 1.82408 0 225 2.1757e-06
0.752042 1.82408 0 225 2.12982e-06
0.752792 1.82408 0 225 2.08541e-06
0.753542 1.82408 0 225 2.04249e-06
0.754292 1.82408 0 225 2.00096e-06
0.755043 1.82408 0 225 1.96075e-06
0.755793 1.82408 0 225 1.9216e-06
0.756543 1.82408 0 225 1.88391e-06
0.757293 1.82408 0 225 1.8475e-06
0.758043 1.82408 0 225 1.81216e-06
0.758793 1.82408 0 225 1.77785e-06
0.759543 1.82408 0 225 1.74461e-06
0.760293 1.82408 0 225 1.71238e-06
0.761044 1.82408 0 225 1.68109e-06
0.761794 1.82408 0 225 1.65093e-06
0.762544 1.82408 0 225 1.62147e-06
0.763294 1.82408 0 225 1.59287e-06
0.764044 1.82408 0 225 1.56507e-06
0.764794 1.82408 0 225 1.53807e-06
0.765544 1.82408 0 225 1.51179e-06
0.766294 1.82408 0 225 1.48633e-06
0.767045 1.82408 0 225 1.46129e-06
0.767795 1.82408 0 225 1.43723e-06
0.768545 1.82408 0 225 1.41375e-06
0.769295 1.82408 0 225 1.39091e-06
0.770045 1.82408 0 225 1.36867e-06
0.770795 1.82408 0 225 1.34704e-06
0.771545 1.82408 0 225 1.32598e-06
0.772295 1.82408 0 225 1.30547e-06
0.773046 1.82408 0 225 1.28551e-06
0.773796 1.82408 0 225 1.26627e-06
0.774546 1.82408 0 225 1.24732e-06
0.775296 1.82408 0 225 1.22879e-06
0.776046 1.82408 0 225 1.21076e-06
0.776796 1.82408 0 225 1.19316e-06
0.777546 1.82408 0 225 1.17601e-06
0.778296 1.82408 0 225 1.1593e-06
0.779047 1.82408 0 225 1.14279e-06
0.779797 1.82408 0 225 1.12686e-06
0.780547 1.82408 0 225 1.11133e-06
0.781297 1.82408 0 225 1.09614e-06
0.782047 1.82408 0 225 1.0813e-06
0.782797 1.82408 0 225 1.06686e-06
0.783547 1.82408 0 225 1.05274e-06
0.784297 1.82408 0 225 1.03894e-06
0.785048 1.82408 0 225 1.02543e-06
0.785798 1.82408 0 225 1.01253e-06
0.786548 1.82408 0 225 9.99635e-07
0.787298 1.82408 0 225 9.87064e-07
0.788048 1.82408 0 225 9.74743e-07
0.788798 1.82408 0 225 9.62702e-07
0.789548 1.82408 0 225 9.50941e-07
0.790298 1.82408 0 225 9.3944e-07
0.791049 1.82408 0 225 9.28002e-07
0.791799 1.82408 0 225 9.16994e-07
0.792549 1.82408 0 225 9.06205e-07
0.793299 1.82408 0 225 8.95663e-07
0.794049 1.82408 0 225 8.85327e-07
0.794799 1.82408 0 225 8.7528e-07
0.795549 1.82408 0 225 8.65361e-07
0.796299 1.82408 0 225 8.55675e-07
0.79705 1.82408 0 225 8.46185e-07
0.7978 1.82408 0 225 8.37254e-07
0.79855 1.82408 0 225 8.28155e-07
0.7993 1.82408 0 225 8.19271e-07
0.80005 1.82408 0 225 8.10541e-07
0.8008 1.82408 0 225 8.02028e-07
0.80155 1.82408 0 225 7.93656e-07
0.8023 1.82408 0 225 7.85422e-07
0.803051 1.82408 0 225 7.77396e-07
0.803801 1.82408 0 225 7.69319e-07
0.804551 1.82408 0 225 7.6162e-07
0.805301 1.82408 0 225 7.54048e-07
0.806051 1.82408 0 225 7.46634e-07
0.806801 1.82408 0 225 7.39376e-07
0.807551 1.82408 0 225 7.32233e-07
0.808301 1.82408 0 225 7.25235e-07
0.809052 1.82408 0 225 7.18375e-07
0.809802 1.82408 0 225 7.11667e-07
0.810552 1.82408 0 225 7.05523e-07
0.811302 1.82408 0 225 6.99053e-07
0.812052 1.82408 0 225 6.92742e-07
0.812802 1.82408 0 225 6.86484e-07
0.813552 1.82408 0 225 6.80367e-07
0.814302 1.82408 0 225 6.74395e-07
0.815053 1.82408 0 225 6.68484e-07
0.815803 1.82408 0 225 6.6273e-07
0.816553 1.82408 0 225 6.56893e-07
0.817303 1.82408 0 225 6.51367e-07
0.818053 1.82408 0 225 6.45936e-07
0.818803 1.82408 0 225 6.40601e-07
0.819553 1.82408 0 225 6.35375e-07
0.820303 1.82408 0 225 6.30222e-07
0.821054 1.82408 0 225 6.25157e-07
0.821804 1.82408 0 225 6.20181e-07
0.822554 1.82408 0 225 6.15328e-07
0.823304 1.82408 0 225 6.10601e-07
0.824054 1.82408 0 225 6.06467e-07
0.824804 1.82408 0 225 6.01861e-07
0.825554 1.82408 0 225 5.97343e-07
0.826304 1.82408 0 225 5.92916e-07
0.827055 1.82408 0 225 5.88588e-07
0.827805 1.82408 0 225 5.84328e-07
0.828555 1.82408 0 225 5.80138e-07
0.829305 1.82408 0 225 5.7605e-07
0.830055 1.82408 0 225 5.71839e-07
0.830805 1.82408 0 225 5.67915e-07
0.831555 1.82408 0 225 5.64005e-07
0.832305 1.82408 0 225 5.60207e-07
0.833056 1.82408 0 225 5.56443e-07
0.833806 1.82408 0 225 5.52784e-07
0.834556 1.82408 0 225 5.49201e-07
0.835306 1.82408 0 225 5.4564e-07
0.836056 1.82408 0 225 5.42244e-07
0.836806 1.82408 0 225 5.38874e-07
0.837556 1.82408 0 225 5.36254e-07
0.838306 1.82408 0 225 5.33019e-07
0.839057 1.82408 0 225 5.29812e-07
0.839807 1.82408 0 225 5.26662e-07
0.840557 1.82408 0 225 5.23614e-07
0.841307 1.82408 0 225 5.20591e-07
0.842057 1.82408 0 225 5.1766e-07
0.842807 1.82408 0 225 5.14776e-07
0.843557 1.82408 0 225 5.11931e-07
0.844307 1.82408 0 225 5.0896e-07
0.845058 1.82408 0 225 5.06238e-07
0.845808 1.82408 0 225 5.03602e-07
0.846558 1.82408 0 225 5.00978e-07
0.847308 1.82408 0 225 4.98451e-07
0.848058 1.82408 0 225 4.9599e-07
0.848808 1.82408 0 225 4.93559e-07
0.849558 1.82408 0 225 4.9115e-07
0.850308 1.82408 0 225 4.88892e-07
0.851059 1.82408 0 225 4.86595e-07
0.851809 1.82408 0 225 4.85337e-07
0.852559 1.82408 0 225 4.83152e-07
0.853309 1.82408 0 225 4.81076e-07
0.854059 1.82408 0 225 4.79029e-07
0.854809 1.82408 0 225 4.77091e-07
0.855559 1.82408 0 225 4.75117e-07
0.856309 1.82408 0 225 4.73183e-07
0.85706 1.82408 0 225 4.71312e-07
0.85781 1.82408 0 225 4.69609e-07
0.85856 1.82408 0 225 4.67609e-07
0.85931 1.82408 0 225 4.65916e-07
0.86006 1.82408 0 225 4.64229e-07
0.86081 1.82408 0 225 4.6267e-07
0.86156 1.82408 0 225 4.61139e-07
0.86231 1.82408 0 225 4.59618e-07
0.863061 1.82408 0 225 4.5815e-07
0.863811 1.82408 0 225 4.5676e-07
0.864561 1.82408 0 225 4.55405e-07
0.865311 1.82408 0 225 4.5414e-07
0.866061 1.82408 0 225 4.52912e-07
0.866811 1.82408 0 225 4.53153e-07
0.867561 1.82408 0 225 4.52055e-07
0.868311 1.82408 0 225 4.51039e-07
0.869062 1.82408 0 225 4.50065e-07
0.869812 1.82408 0 225 4.4905e-07
0.870562 1.82408 0 225 4.48078e-07
0.871312 1.82408 0 225 4.47143e-07
0.872062 1.82408 0 225 4.46315e-07
0.872812 1.82408 0 225 4.45592e-07
0.873562 1.82408 0 225 4.44502e-07
0.874312 1.82408 0 225 4.4384e-07
0.875063 1.82408 0 225 4.43195e-07
0.875813 1.82408 0 225 4.4261e-07
0.876563 1.82408 0 225 4.4201e-07
0.877313 1.82408 0 225 4.41476e-07
0.878063 1.82408 0 225 4.41142e-07
0.878813 1.82408 0 225 4.40654e-07
0.879563 1.82408 0 225 4.40318e-07
0.880313 1.82408 0 225 4.40024e-07
0.881064 1.82408 0 225 4.39738e-07
0.881814 1.82408 0 225 4.41832e-07
0.882564 1.82408 0 225 4.41646e-07
0.883314 1.82408 0 225 4.41519e-07
0.884064 1.82408 0 225 4.41318e-07
0.884814 1.82408 0 225 4.41114e-07
0.885564 1.82408 0 225 4.40844e-07
0.886314 1.82408 0 225 4.4067e-07
0.887065 1.82408 0 225 4.40476e-07
0.887815 1.82408 0 225 4.40273e-07
0.888565 1.82408 0 225 4.39581e-07
0.889315 1.82408 0 225 4.39211e-07
0.890065 1.82408 0 225 4.38683e-07
0.890815 1.82408 0 225 4.38163e-07
0.891565 1.82408 0 225 4.37404e-07
0.892315 1.82408 0 225 4.36417e-07
0.893066 1.82408 0 225 4.35336e-07
0.893816 1.82408 0 225 4.33597e-07
0.894566 1.82408 0 225 4.31764e-07
0.895316 1.82408 0 225 4.29452e-07
0.896066 1.82408 0 225 4.26855e-07
0.896816 1.82408 0 225 4.23246e-07
0.897566 1.82408 0 225 4.23109e-07
0.898316 1.82408 0 225 4.17948e-07
0.899067 1.82408 0 225 4.1134e-07
0.899817 1.82408 0 225 4.03437e-07
0.900567 1.82408 0 225 3.93432e-07
0.901317 1.82408 0 225 3.81472e-07
0.902067 1.82408 0 225 3.66797e-07
0.902817 1.82408 0 225 3.48622e-07
0.903567 1.82408 0 225 3.27043e-07
0.904317 1.82408 0 225 2.97375e-07
0.905068 1.82408 0 225 2.63758e-07
0.905818 1.82408 0 225 2.21823e-07
0.906568 1.82408 0 225 1.69741e-07
0.907318 1.82408 0 225 1.06427e-07
0.908068 1.82408 0 225 2.73932e-08
0.908818 1.82408 0 225 -7.05171e-08
0.909568 1.82408 0 225 -1.92704e-07
0.910318 1.82408 0 225 -3.4623e-07
0.911069 1.82408 0 225 -5.37613e-07
0.911819 1.82408 0 225 -7.78225e-07
0.912569 1.82408 0 225 -1.08089e-06
0.913319 1.82408 0 225 -1.45518e-06
0.914069 1.82408 0 225 -1.94779e-06
0.914819 1.82408 0 225 -2.53502e-06
0.915569 1.82408 0 225 -3.24196e-06
0.916319 1.82408 0 225 -4.06972e-06
0.91707 1.82408 0 225 -4.98959e-06
0.91782 1.82408 0 225 -5.9332e-06
0.91857 1.82408 0 225 -6.76609e-06
0.91932 1.82408 0 225 -7.29597e-06
0.92007 1.82408 0 225 -7.3016e-06
0.92082 1.82408 0 225 -6.60394e-06
0.92157 1.82408 0 225 -5.22384e-06
0.92232 1.82408 0 225 -3.36801e-06
0.923071 1.82408 0 225 -1.37737e-06
0.923821 1.82408 0 225 4.0995e-07
0.924571 1.82408 0 225 1.78407e-06
0.925321 1.82408 0 225 2.68881e-06
0.926071 1.82408 0 225 3.19567e-06
0.926821 1.82408 0 225 3.39491e-06
0.927571 1.82408 0 225 3.38772e-06
0.928321 1.82408 0 225 3.25626e-06
0.929072 1.82408 0 225 3.05863e-06
0.929822 1.82408 0 225 2.83377e-06
0.930572 1.82408 0 225 2.60409e-06
0.931322 1.82408 0 225 2.41699e-06
0.932072 1.82408 0 225 2.20827e-06
0.932822 1.82408 0 225 2.018e-06
0.933572 1.82408 0 225 1.84724e-06
0.934322 1.82408 0 225 1.69496e-06
0.935073 1.82408 0 225 1.55856e-06
0.935823 1.82408 0 225 1.43816e-06
0.936573 1.82408 0 225 1.33113e-06
0.937323 1.82408 0 225 1.23621e-06
0.938073 1.82408 0 225 1.1516e-06
0.938823 1.82408 0 225 1.07661e-06
0.939573 1.82408 0 225 1.00996e-06
0.940323 1.82408 0 225 9.50073e-07
0.941074 1.82408 0 225 8.96617e-07
0.941824 1.82408 0 225 8.4884e-07
0.942574 1.82408 0 225 8.05711e-07
0.943324 1.82408 0 225 7.66971e-07
0.944074 1.82408 0 225 7.31806e-07
0.944824 1.82408 0 225 7.00005e-07
0.945574 1.82408 0 225 6.71168e-07
0.946324 1.82408 0 225 6.45076e-07
0.947075 1.82408 0 225 6.21224e-07
0.947825 1.82408 0 225 5.99328e-07
0.948575 1.82408 0 225 5.8538e-07
0.949325 1.82408 0 225 5.66797e-07
0.950075 1.82408 0 225 5.49586e-07
0.950825 1.82408 0 225 5.33795e-07
0.951575 1.82408 0 225 5.19172e-07
0.952325 1.82408 0 225 5.05774e-07
0.953076 1.82408 0 225 4.93297e-07
0.953826 1.82408 0 225 4.81782e-07
0.954576 1.82408 0 225 4.71078e-07
0.955326 1.82408 0 225 4.60954e-07
0.956076 1.82408 0 225 4.51756e-07
0.956826 1.82408 0 225 4.43198e-07
0.957576 1.82408 0 225 4.35165e-07
0.958326 1.82408 0 225 4.2764e-07
0.959077 1.82408 0 225 4.20643e-07
0.959827 1.82408 0 225 4.14117e-07
0.960577 1.82408 0 225 4.07971e-07
0.961327 1.82408 0 225 4.02224e-07
0.962077 1.82408 0 225 3.96803e-07
0.962827 1.82408 0 225 3.91727e-07
0.963577 1.82408 0 225 3.86931e-07
0.964327 1.82408 0 225 3.82509e-07
0.965078 1.82408 0 225 3.78261e-07
0.965828 1.82408 0 225 3.7429e-07
0.966578 1.82408 0 225 3.72481e-07
0.967328 1.82408 0 225 3.68913e-07
0.968078 1.82408 0 225 3.65474e-07
0.968828 1.82408 0 225 3.6222e-07
0.969578 1.82408 0 225 3.5917e-07
0.970328 1.82408 0 225 3.563e-07
0.971079 1.82408 0 225 3.53559e-07
0.971829 1.82408 0 225 3.5098e-07
0.972579 1.82408 0 225 3.48532e-07
0.973329 1.82408 0 225 3.46238e-07
0.974079 1.82408 0 225 3.43982e-07
0.974829 1.82408 0 225 3.41916e-07
0.975579 1.82408 0 225 3.3997e-07
0.976329 1.82408 0 225 3.38099e-07
0.97708 1.82408 0 225 3.36328e-07
0.97783 1.82408 0 225 3.34667e-07
0.97858 1.82408 0 225 3.33103e-07
0.97933 1.82408 0 225 3.31608e-07
0.98008 1.82408 0 225 3.30198e-07
0.98083 1.82408 0 225 3.28855e-07
0.98158 1.82408 0 225 3.27592e-07
0.98233 1.82408 0 225 3.2639e-07
0.983081 1.82408 0 225 3.25287e-07
0.983831 1.82408 0 225 3.24217e-07
0.984581 1.82408 0 225 3.23223e-07
0.985331 1.82408 0 225 3.22273e-07
0.986081 1.82408 0 225 3.22239e-07
0.986831 1.82408 0 225 3.21368e-07
0.987581 1.82408 0 225 3.2055e-07
0.988331 1.82408 0 225 3.19791e-07
0.989082 1.82408 0 225 3.19077e-07
0.989832 1.82408 0 225 3.18419e-07
0.990582 1.82408 0 225 3.17794e-07
0.991332 1.82408 0 225 3.1722e-07
0.992082 1.82408 0 225 3.16679e-07
0.992832 1.82408 0 225 3.16148e-07
0.993582 1.82408 0 225 3.157e-07
0.994332 1.82408 0 225 3.15286e-07
0.995083 1.82408 0 225 3.14907e-07
0.995833 1.82408 0 225 3.14553e-07
0.996583 1.82408 0 225 3.14236e-07
0.997333 1.82408 0 225 3.13961e-07
0.998083 1.82408 0 225 3.13721e-07
0.998833 1.82408 0 225 3.135e-07
0.999583 1.82408 0 225 3.13323e-07
1.00033 1.82408 0 225 3.13163e-07
1.00108 1.82408 0 225 3.13035e-07
1.00183 1.82408 0 225 3.12934e-07
1.00258 1.82408 0 225 3.12877e-07
1.00333 1.82408 0 225 3.12832e-07
1.00408 1.82408 0 225 3.1282e-07
1.00483 1.82408 0 225 3.12828e-07
1.00558 1.82408 0 225 3.13288e-07
1.00633 1.82408 0 225 3.13341e-07
1.00708 1.82408 0 225 3.13409e-07
1.00783 1.82408 0 225 3.13503e-07
1.00858 1.82408 0 225 3.13628e-07
1.00933 1.82408 0 225 3.13777e-07
1.01009 1.82408 0 225 3.13942e-07
1.01084 1.82408 0 225 3.14136e-07
1.01159 1.82408 0 225 3.14347e-07
1.01234 1.82408 0 225 3.14585e-07
1.01309 1.82408 0 225 3.14823e-07
1.01384 1.82408 0 225 3.15103e-07
1.01459 1.82408 0 225 3.15405e-07
1.01534 1.82408 0 225 3.1573e-07
1.01609 1.82408 0 225 3.16071e-07
1.01684 1.82408 0 225 3.16435e-07
1.01759 1.82408 0 225 3.16819e-07
1.01834 1.82408 0 225 3.17226e-07
1.01909 1.82408 0 225 3.17649e-07
1.01984 1.82408 0 225 3.18094e-07
1.02059 1.82408 0 225 3.18555e-07
1.02134 1.82408 0 225 3.19038e-07
1.02209 1.82408 0 225 3.19539e-07
1.02284 1.82408 0 225 3.20066e-07
1.02359 1.82408 0 225 3.20609e-07
1.02434 1.82408 0 225 3.21172e-07
1.02509 1.82408 0 225 3.21751e-07
1.02584 1.82408 0 225 3.22577e-07
1.02659 1.82408 0 225 3.23194e-07
1.02734 1.82408 0 225 3.23824e-07
1.02809 1.82408 0 225 3.24474e-07
1.02884 1.82408 0 225 3.25146e-07
1.02959 1.82408 0 225 3.25835e-07
1.03034 1.82408 0 225 3.26545e-07
1.03109 1.82408 0 225 3.27272e-07
1.03184 1.82408 0 225 3.2802e-07
1.03259 1.82408 0 225 3.28785e-07
1.03334 1.82408 0 225 3.29561e-07
1.03409 1.82408 0 225 3.30368e-07
1.03484 1.82408 0 225 3.31191e-07
1.03559 1.82408 0 225 3.32037e-07
1.03634 1.82408 0 225 3.32899e-07
1.03709 1.82408 0 225 3.3378e-07
1.03784 1.82408 0 225 3.34682e-07
1.03859 1.82408 0 225 3.35603e-07
1.03934 1.82408 0 225 3.36546e-07
1.04009 1.82408 0 225 3.37506e-07
1.04084 1.82408 0 225 3.38487e-07
1.04159 1.82408 0 225 3.39487e-07
1.04234 1.82408 0 225 3.40508e-07
1.04309 1.82408 0 225 3.41548e-07
1.04384 1.82408 0 225 3.42609e-07
1.04459 1.82408 0 225 3.43693e-07
1.04534 1.82408 0 225 3.44796e-07
1.04609 1.82408 0 225 3.4592e-07
1.04684 1.82408 0 225 3.47063e-07
1.04759 1.82408 0 225 3.48343e-07
1.04834 1.82408 0 225 3.49525e-07
1.04909 1.82408 0 225 3.50729e-07
1.04984 1.82408 0 225 3.51955e-07
1.05059 1.82408 0 225 3.53204e-07
1.05134 1.82408 0 225 3.54474e-07
1.05209 1.82408 0 225 3.55767e-07
1.05284 1.82408 0 225 3.57082e-07
1.05359 1.82408 0 225 3.58421e-07
1.05434 1.82408 0 225 3.59781e-07
1.05509 1.82408 0 225 3.61159e-07
1.05584 1.82408 0 225 3.62567e-07
1.05659 1.82408 0 225 3.63998e-07
1.05734 1.82408 0 225 3.65454e-07
1.05809 1.82408 0 225 3.66933e-07
1.05884 1.82408 0 225 3.68437e-07
1.05959 1.82408 0 225 3.69965e-07
1.06034 1.82408 0 225 3.71519e-07
1.06109 1.82408 0 225 3.73098e-07
1.06184 1.82408 0 225 3.74703e-07
1.06259 1.82408 0 225 3.76333e-07
1.06334 1.82408 0 225 3.7799e-07
1.06409 1.82408 0 225 3.79674e-07
1.06484 1.82408 0 225 3.81385e-07
1.06559 1.82408 0 225 3.83122e-07
1.06634 1.82408 0 225 3.84889e-07
1.06709 1.82408 0 225 3.86683e-07
1.06784 1.82408 0 225 3.88506e-07
1.06859 1.82408 0 225 3.90357e-07
1.06934 1.82408 0 225 3.92278e-07
1.0701 1.82408 0 225 3.94187e-07
1.07085 1.82408 0 225 3.96126e-07
1.0716 1.82408 0 225 3.98095e-07
1.07235 1.82408 0 225 4.00094e-07
1.0731 1.82408 0 225 4.02127e-07
1.07385 1.82408 0 225 4.04191e-07
1.0746 1.82408 0 225 4.06288e-07
1.07535 1.82408 0 225 4.08418e-07
1.0761 1.82408 0 225 4.10582e-07
1.07685 1.82408 0 225 4.12779e-07
1.0776 1.82408 0 225 4.15007e-07
1.07835 1.82408 0 225 4.17276e-07
1.0791 1.82408 0 225 4.19579e-07
1.07985 1.82408 0 225 4.2192e-07
1.0806 1.82408 0 225 4.24299e-07
1.08135 1.82408 0 225 4.26716e-07
1.0821 1.82408 0 225 4.29171e-07
1.08285 1.82408 0 225 4.31666e-07
1.0836 1.82408 0 225 4.34201e-07
1.08435 1.82408 0 225 4.36778e-07
1.0851 1.82408 0 225 4.39396e-07
1.08585 1.82408 0 225 4.42057e-07
1.0866 1.82408 0 225 4.44763e-07
1.08735 1.82408 0 225 4.47513e-07
1.0881 1.82408 0 225 4.50309e-07
1.08885 1.82408 0 225 4.53151e-07
1.0896 1.82408 0 225 4.56041e-07
1.09035 1.82408 0 225 4.58981e-07
1.0911 1.82408 0 225 4.61973e-07
1.09185 1.82408 0 225 4.65016e-07
1.0926 1.82408 0 225 4.68087e-07
1.09335 1.82408 0 225 4.71236e-07
1.0941 1.82408 0 225 4.74443e-07
1.09485 1.82408 0 225 4.77709e-07
1.0956 1.82408 0 225 4.81036e-07
1.09635 1.82408 0 225 4.84427e-07
1.0971 1.82408 0 225 4.87885e-07
1.09785 1.82408 0 225 4.91411e-07
1.0986 1.82408 0 225 4.95012e-07
1.09935 1.82408 0 225 4.98688e-07
1.1001 1.82408 0 225 5.02445e-07
1.10085 1.82408 0 225 5.06287e-07
1.1016 1.82408 0 225 5.10219e-07
1.10235 1.82408 0 225 5.14247e-07
1.1031 1.82408 0 225 5.18378e-07
1.10385 1.82408 0 225 5.22615e-07
1.1046 1.82408 0 225 5.2697e-07
1.10535 1.82408 0 225 5.31445e-07
1.1061 1.82408 0 225 5.36046e-07
1.10685 1.82408 0 225 5.40767e-07
1.1076 1.82408 0 225 5.45611e-07
1.10835 1.82408 0 225 5.50559e-07
1.1091 1.82408 0 225 5.55578e-07
1.10985 1.82408 0 225 5.60616e-07
1.1106 1.82408 0 225 5.65609e-07
1.11135 1.82408 0 225 5.70477e-07
1.1121 1.82408 0 225 5.75144e-07
1.11285 1.82408 0 225 5.79566e-07
1.1136 1.82408 0 225 5.83749e-07
1.11435 1.82408 0 225 5.87756e-07
1.1151 1.82408 0 225 5.91673e-07
1.11585 1.82408 0 225 5.95604e-07
1.1166 1.82408 0 225 5.99636e-07
1.11735 1.82408 0 225 6.03734e-07
1.1181 1.82408 0 225 6.08109e-07
1.11885 1.82408 0 225 6.12688e-07
1.1196 1.82408 0 225 6.17471e-07
1.12035 1.82408 0 225 6.22448e-07
1.1211 1.82408 0 225 6.27612e-07
1.12185 1.82408 0 225 6.32949e-07
1.1226 1.82408 0 225 6.38455e-07
1.12335 1.82408 0 225 6.44121e-07
1.1241 1.82408 0 225 6.4994e-07
1.12485 1.82408 0 225 6.55907e-07
1.1256 1.82408 0 225 6.6201e-07
1.12635 1.82408 0 225 6.68262e-07
1.1271 1.82408 0 225 6.74655e-07
1.12785 1.82408 0 225 6.81186e-07
1.1286 1.82408 0 225 6.87855e-07
1.12935 1.82408 0 225 6.94669e-07
1.13011 1.82408 0 225 7.0162e-07
1.13086 1.82408 0 225 7.08717e-07
1.13161 1.82408 0 225 7.15961e-07
1.13236 1.82408 0 225 7.23351e-07
1.13311 1.82408 0 225 7.30895e-07
1.13386 1.82408 0 225 7.38591e-07
1.13461 1.82408 0 225 7.46444e-07
1.13536 1.82408 0 225 7.54456e-07
1.13611 1.82408 0 225 7.62632e-07
1.13686 1.82408 0 225 7.70975e-07
1.13761 1.82408 0 225 7.7949e-07
1.13836 1.82408 0 225 7.88177e-07
1.13911 1.82408 0 225 7.97043e-07
1.13986 1.82408 0 225 8.06094e-07
1.14061 1.82408 0 225 8.15332e-07
1.14136 1.82408 0 225 8.24768e-07
1.14211 1.82408 0 225 8.34194e-07
1.14286 1.82408 0 225 8.44027e-07
1.14361 1.82408 0 225 8.54066e-07
1.14436 1.82408 0 225 8.64324e-07
1.14511 1.82408 0 225 8.74803e-07
1.14586 1.82408 0 225 8.85507e-07
1.14661 1.82408 0 225 8.96443e-07
1.14736 1.82408 0 225 9.07623e-07
1.14811 1.82408 0 225 9.19048e-07
1.14886 1.82408 0 225 9.30728e-07
1.14961 1.82408 0 225 9.42671e-07
1.15036 1.82408 0 225 9.54886e-07
1.15111 1.82408 0 225 9.67372e-07
1.15186 1.82408 0 225 9.80145e-07
1.15261 1.82408 0 225 9.93214e-07
1.15336 1.82408 0 225 1.00658e-06
1.15411 1.82408 0 225 1.02027e-06
1.15486 1.82408 0 225 1.03427e-06
1.15561 1.82408 0 225 1.04862e-06
1.15636 1.82408 0 225 1.0633e-06
1.15711 1.82408 0 225 1.07833e-06
1.15786 1.82408 0 225 1.09374e-06
1.15861 1.82408 0 225 1.10951e-06
1.15936 1.82408 0 225 1.12568e-06
1.16011 1.82408 0 225 1.14225e-06
1.16086 1.82408 0 225 1.15923e-06
1.16161 1.82408 0 225 1.17664e-06
1.16236 1.82408 0 225 1.19449e-06
1.16311 1.82408 0 225 1.21281e-06
1.16386 1.82408 0 225 1.23159e-06
1.16461 1.82408 0 225 1.25086e-06
1.16536 1.82408 0 225 1.27064e-06
1.16611 1.82408 0 225 1.29095e-06
1.16686 1.82408 0 225 1.31178e-06
1.16761 1.82408 0 225 1.3332e-06
1.16836 1.82408 0 225 1.3552e-06
1.16911 1.82408 0 225 1.3773e-06
1.16986 1.82408 0 225 1.40051e-06
1.17061 1.82408 0 225 1.42439e-06
1.17136 1.82408 0 225 1.44893e-06
1.17211 1.82408 0 225 1.47416e-06
1.17286 1.82408 0 225 1.50012e-06
1.17361 1.82408 0 225 1.52684e-06
1.17436 1.82408 0 225 1.55433e-06
1.17511 1.82408 0 225 1.58265e-06
1.17586 1.82408 0 225 1.61181e-06
1.17661 1.82408 0 225 1.64185e-06
1.17736 1.82408 0 225 1.6728e-06
1.17811 1.82408 0 225 1.70471e-06
1.17886 1.82408 0 225 1.73759e-06
1.17961 1.82408 0 225 1.77152e-06
1.18036 1.82408 0 225 1.80653e-06
1.18111 1.82408 0 225 1.84265e-06
1.18186 1.82408 0 225 1.87995e-06
1.18261 1.82408 0 225 1.91848e-06
1.18336 1.82408 0 225 1.95827e-06
1.18411 1.82408 0 225 1.9994e-06
1.18486 1.82408 0 225 2.04191e-06
1.18561 1.82408 0 225 2.08589e-06
1.18636 1.82408 0 225 2.13138e-06
1.18711 1.82408 0 225 2.17847e-06
1.18786 1.82408 0 225 2.22723e-06
1.18861 1.82408 0 225 2.27773e-06
1.18936 1.82408 0 225 2.33006e-06
1.19012 1.82408 0 225 2.38432e-06
1.19087 1.82408 0 225 2.44059e-06
1.19162 1.82408 0 225 2.49898e-06
1.19237 1.82408 0 225 2.55959e-06
1.19312 1.82408 0 225 2.6225e-06
1.19387 1.82408 0 225 2.68791e-06
1.19462 1.82408 0 225 2.75589e-06
1.19537 1.82408 0 225 2.82661e-06
1.19612 1.82408 0 225 2.90019e-06
1.19687 1.82408 0 225 2.97536e-06
1.19762 1.82408 0 225 3.05509e-06
1.19837 1.82408 0 225 3.13822e-06
1.19912 1.82408 0 225 3.22491e-06
1.19987 1.82408 0 225 3.31534e-06
1.20062 1.82408 0 225 3.40976e-06
1.20137 1.82408 0 225 3.50841e-06
1.20212 1.82408 0 225 3.61156e-06
1.20287 1.82408 0 225 3.71944e-06
1.20362 1.82408 0 225 3.83237e-06
1.20437 1.82408 0 225 3.95066e-06
1.20512 1.82408 0 225 4.07462e-06
1.20587 1.82408 0 225 4.20473e-06
1.20662 1.82408 0 225 4.34122e-06
1.20737 1.82408 0 225 4.48466e-06
1.20812 1.82408 0 225 4.63551e-06
1.20887 1.82408 0 225 4.79425e-06
1.20962 1.82408 0 225 4.96141e-06
1.21037 1.82408 0 225 5.13764e-06
1.21112 1.82408 0 225 5.32357e-06
1.21187 1.82408 0 225 5.51994e-06
1.21262 1.82408 0 225 5.72751e-06
1.21337 1.82408 0 225 5.94715e-06
1.21412 1.82408 0 225 6.17981e-06
1.21487 1.82408 0 225 6.42644e-06
1.21562 1.82408 0 225 6.68834e-06
1.21637 1.82408 0 225 6.96676e-06
1.21712 1.82408 0 225 7.26294e-06
1.21787 1.82408 0 225 7.57856e-06
1.21862 1.82408 0 225 7.91515e-06
1.21937 1.82408 0 225 8.27478e-06
1.22012 1.82408 0 225 8.65947e-06
1.22087 1.82408 0 225 9.07158e-06
1.22162 1.82408 0 225 9.51359e-06
1.22237 1.82408 0 225 9.98871e-06
1.22312 1.82408 0 225 1.05e-05
1.22387 1.82408 0 225 1.10511e-05
1.22462 1.82408 0 225 1.16465e-05
1.22537 1.82408 0 225 1.22907e-05
1.22612 1.82408 0 225 1.29795e-05
1.22687 1.82408 0 225 1.37371e-05
1.22762 1.82408 0 225 1.45619e-05
1.22837 1.82408 0 225 1.54616e-05
1.22912 1.82408 0 225 1.64451e-05
1.22987 1.82408 0 225 1.75231e-05
1.23062 1.82408 0 225 1.87072e-05
1.23137 1.82408 0 225 2.00112e-05
1.23212 1.82408 0 225 2.14508e-05
1.23287 1.82408 0 225 2.3045e-05
1.23362 1.82408 0 225 2.4815e-05
1.23437 1.82408 0 225 2.67856e-05
1.23512 1.82408 0 225 2.89862e-05
1.23587 1.82408 0 225 3.1451e-05
1.23662 1.82408 0 225 3.42193e-05
1.23737 1.82408 0 225 3.73384e-05
1.23812 1.82408 0 225 4.08614e-05
1.23887 1.82408 0 225 4.48521e-05
1.23962 1.82408 0 225 4.93826e-05
1.24037 1.82408 0 225 5.45338e-05
1.24112 1.82408 0 225 6.03981e-05
1.24187 1.82408 0 225 6.70707e-05
1.24262 1.82408 0 225 7.46543e-05
1.24337 1.82408 0 225 8.32347e-05
1.24412 1.82408 0 225 9.28817e-05
1.24487 1.82408 0 225 0.000103602
1.24562 1.82408 0 225 0.000115314
1.24637 1.82408 0 225 0.000127785
1.24712 1.82408 0 225 0.000140582
1.24787 1.82408 0 225 0.00015302
1.24862 1.82408 0 225 0.000164172
1.24937 1.82408 0 225 0.000172961
1.25013 1.82408 0 225 0.000178362
1.25088 1.82408 0 225 0.000179661
1.25163 1.82408 0 225 0.000176675
1.25238 1.82408 0 225 0.000169815
1.25313 1.82408 0 225 0.000159947
1.25388 1.82408 0 225 0.000148144
1.25463 1.82408 0 225 0.000135448
1.25538 1.82408 0 225 0.000122695
1.25613 1.82408 0 225 0.000110469
1.25688 1.82408 0 225 9.92219e-05
1.25763 1.82408 0 225 8.88981e-05
1.25838 1.82408 0 225 7.96562e-05
1.25913 1.82408 0 225 7.14621e-05
1.25988 1.82408 0 225 6.42379e-05
1.26063 1.82408 0 225 5.78864e-05
1.26138 1.82408 0 225 5.23081e-05
1.26213 1.82408 0 225 4.74072e-05
1.26288 1.82408 0 225 4.30967e-05
1.26363 1.82408 0 225 3.92972e-05
1.26438 1.82408 0 225 3.59399e-05
1.26513 1.82408 0 225 3.29657e-05
1.26588 1.82408 0 225 3.03263e-05
1.26663 1.82408 0 225 2.79718e-05
1.26738 1.82408 0 225 2.58679e-05
1.26813 1.82408 0 225 2.3982e-05
1.26888 1.82408 0 225 2.22867e-05
1.26963 1.82408 0 225 2.07585e-05
1.27038 1.82408 0 225 1.93771e-05
1.27113 1.82408 0 225 1.81251e-05
1.27188 1.82408 0 225 1.69873e-05
1.27263 1.82408 0 225 1.59509e-05
1.27338 1.82408 0 225 1.50044e-05
1.27413 1.82408 0 225 1.41381e-05
1.27488 1.82408 0 225 1.33434e-05
1.27563 1.82408 0 225 1.2613e-05
1.27638 1.82408 0 225 1.19401e-05
1.27713 1.82408 0 225 1.13192e-05
1.27788 1.82408 0 225 1.07451e-05
1.27863 1.82408 0 225 1.02134e-05
1.27938 1.82408 0 225 9.71995e-06
1.28013 1.82408 0 225 9.26141e-06
1.28088 1.82408 0 225 8.83459e-06
1.28163 1.82408 0 225 8.43664e-06
1.28238 1.82408 0 225 8.06511e-06
1.28313 1.82408 0 225 7.71772e-06
1.28388 1.82408 0 225 7.39252e-06
1.28463 1.82408 0 225 7.08767e-06
1.28538 1.82408 0 225 6.80154e-06
1.28613 1.82408 0 225 6.53269e-06
1.28688 1.82408 0 225 6.27977e-06
1.28763 1.82408 0 225 6.04157e-06
1.28838 1.82408 0 225 5.81701e-06
1.28913 1.82408 0 225 5.60583e-06
1.28988 1.82408 0 225 5.40556e-06
1.29063 1.82408 0 225 5.21625e-06
1.29138 1.82408 0 225 5.03711e-06
1.29213 1.82408 0 225 4.86744e-06
1.29288 1.82408 0 225 4.70665e-06
1.29363 1.82408 0 225 4.55413e-06
1.29438 1.82408 0 225 4.40936e-06
1.29513 1.82408 0 225 4.27187e-06
1.29588 1.82408 0 225 4.14121e-06
1.29663 1.82408 0 225 4.01699e-06
1.29738 1.82408 0 225 3.89879e-06
1.29813 1.82408 0 225 3.78699e-06
1.29888 1.82408 0 225 3.67988e-06
1.29963 1.82408 0 225 3.57787e-06
1.30038 1.82408 0 225 3.48068e-06
1.30113 1.82408 0 225 3.38811e-06
1.30188 1.82408 0 225 3.29989e-06
1.30263 1.82408 0 225 3.21584e-06
1.30338 1.82408 0 225 3.13578e-06
1.30413 1.82408 0 225 3.05957e-06
1.30488 1.82408 0 225 2.98703e-06
1.30563 1.82408 0 225 2.91806e-06
1.30638 1.82408 0 225 2.85254e-06
1.30713 1.82408 0 225 2.79036e-06
1.30788 1.82408 0 225 2.73147e-06
1.30863 1.82408 0 225 2.67582e-06
1.30938 1.82408 0 225 2.62336e-06
1.31014 1.82408 0 225 2.57408e-06
1.31089 1.82408 0 225 2.528e-06
1.31164 1.82408 0 225 2.4851e-06
1.31239 1.82408 0 225 2.44542e-06
1.31314 1.82408 0 225 2.40903e-06
1.31389 1.82408 0 225 2.376e-06
1.31464 1.82408 0 225 2.34639e-06
1.31539 1.82408 0 225 2.32027e-06
1.31614 1.82408 0 225 2.29761e-06
1.31689 1.82408 0 225 2.27837e-06
1.31764 1.82408 0 225 2.26251e-06
1.31839 1.82408 0 225 2.24967e-06
1.31914 1.82408 0 225 2.23941e-06
1.31989 1.82408 0 225 2.23096e-06
1.32064 1.82408 0 225 2.22317e-06
1.32139 1.82408 0 225 2.21448e-06
1.32214 1.82408 0 225 2.20316e-06
1.32289 1.82408 0 225 2.18766e-06
1.32364 1.82408 0 225 2.16504e-06
1.32439 1.82408 0 225 2.13423e-06
1.32514 1.82408 0 225 2.09437e-06
1.32589 1.82408 0 225 2.04552e-06
1.32664 1.82408 0 225 1.98858e-06
1.32739 1.82408 0 225 1.92528e-06
1.32814 1.82408 0 225 1.858e-06
1.32889 1.82408 0 225 1.78927e-06
1.32964 1.82408 0 225 1.72181e-06
1.33039 1.82408 0 225 1.65815e-06
1.33114 1.82408 0 225 1.60084e-06
1.33189 1.82408 0 225 1.55157e-06
1.33264 1.82408 0 225 1.50807e-06
1.33339 1.82408 0 225 1.47703e-06
1.33414 1.82408 0 225 1.45397e-06
1.33489 1.82408 0 225 1.43686e-06
1.33564 1.82408 0 225 1.42301e-06
1.33639 1.82408 0 225 1.41017e-06
1.33714 1.82408 0 225 1.3965e-06
1.33789 1.82408 0 225 1.38094e-06
1.33864 1.82408 0 225 1.3633e-06
1.33939 1.82408 0 225 1.34361e-06
1.34014 1.82408 0 225 1.32233e-06
1.34089 1.82408 0 225 1.30004e-06
1.34164 1.82408 0 225 1.27725e-06
1.34239 1.82408 0 225 1.2543e-06
1.34314 1.82408 0 225 1.23159e-06
1.34389 1.82408 0 225 1.20933e-06
1.34464 1.82408 0 225 1.18768e-06
1.34539 1.82408 0 225 1.16671e-06
1.34614 1.82408 0 225 1.14649e-06
1.34689 1.82408 0 225 1.12702e-06
1.34764 1.82408 0 225 1.10833e-06
1.34839 1.82408 0 225 1.09035e-06
1.34914 1.82408 0 225 1.0731e-06
1.34989 1.82408 0 225 1.05652e-06
1.35064 1.82408 0 225 1.04058e-06
1.35139 1.82408 0 225 1.02527e-06
1.35214 1.82408 0 225 1.01056e-06
1.35289 1.82408 0 225 9.96366e-07
1.35364 1.82408 0 225 9.82715e-07
1.35439 1.82408 0 225 9.69528e-07
1.35514 1.82408 0 225 9.56801e-07
1.35589 1.82408 0 225 9.44533e-07
1.35664 1.82408 0 225 9.32662e-07
1.35739 1.82408 0 225 9.21183e-07
1.35814 1.82408 0 225 9.10068e-07
1.35889 1.82408 0 225 8.99622e-07
1.35964 1.82408 0 225 8.89213e-07
1.36039 1.82408 0 225 8.79117e-07
1.36114 1.82408 0 225 8.69323e-07
1.36189 1.82408 0 225 8.59849e-07
1.36264 1.82408 0 225 8.50635e-07
1.36339 1.82408 0 225 8.417e-07
1.36414 1.82408 0 225 8.33018e-07
1.36489 1.82408 0 225 8.24589e-07
1.36564 1.82408 0 225 8.16401e-07
1.36639 1.82408 0 225 8.08464e-07
1.36714 1.82408 0 225 8.00745e-07
1.36789 1.82408 0 225 7.93237e-07
1.36864 1.82408 0 225 7.85946e-07
1.36939 1.82408 0 225 7.78868e-07
1.37015 1.82408 0 225 7.71982e-07
1.3709 1.82408 0 225 7.65296e-07
1.37165 1.82408 0 225 7.58788e-07
1.3724 1.82408 0 225 7.52458e-07
1.37315 1.82408 0 225 7.46329e-07
1.3739 1.82408 0 225 7.40362e-07
1.37465 1.82408 0 225 7.34559e-07
1.3754 1.82408 0 225 7.2893e-07
1.37615 1.82408 0 225 7.2347e-07
1.3769 1.82408 0 225 7.18162e-07
1.37765 1.82408 0 225 7.13002e-07
1.3784 1.82408 0 225 7.07999e-07
1.37915 1.82408 0 225 7.03157e-07
1.3799 1.82408 0 225 6.98457e-07
1.38065 1.82408 0 225 6.93895e-07
1.3814 1.82408 0 225 6.89478e-07
1.38215 1.82408 0 225 6.85207e-07
1.3829 1.82408 0 225 6.81063e-07
1.38365 1.82408 0 225 6.77058e-07
1.3844 1.82408 0 225 6.73177e-07
1.38515 1.82408 0 225 6.69442e-07
1.3859 1.82408 0 225 6.65837e-07
1.38665 1.82408 0 225 6.62356e-07
1.3874 1.82408 0 225 6.59004e-07
1.38815 1.82408 0 225 6.55778e-07
1.3889 1.82408 0 225 6.52683e-07
1.38965 1.82408 0 225 6.49718e-07
1.3904 1.82408 0 225 6.46871e-07
1.39115 1.82408 0 225 6.44166e-07
1.3919 1.82408 0 225 6.41562e-07
1.39265 1.82408 0 225 6.3908e-07
1.3934 1.82408 0 225 6.36728e-07
1.39415 1.82408 0 225 6.34487e-07
1.3949 1.82408 0 225 6.32385e-07
1.39565 1.82408 0 225 6.3039e-07
1.3964 1.82408 0 225 6.29272e-07
1.39715 1.82408 0 225 6.27526e-07
1.3979 1.82408 0 225 6.25893e-07
1.39865 1.82408 0 225 6.24377e-07
1.3994 1.82408 0 225 6.22987e-07
1.40015 1.82408 0 225 6.21724e-07
1.4009 1.82408 0 225 6.20578e-07
1.40165 1.82408 0 225 6.19564e-07
1.4024 1.82408 0 225 6.1867e-07
1.40315 1.82408 0 225 6.17911e-07
1.4039 1.82408 0 225 6.17279e-07
1.40465 1.82408 0 225 6.16784e-07
1.4054 1.82408 0 225 6.16408e-07
1.40615 1.82408 0 225 6.16164e-07
1.4069 1.82408 0 225 6.16005e-07
1.40765 1.82408 0 225 6.16035e-07
1.4084 1.82408 0 225 6.16207e-07
1.40915 1.82408 0 225 6.16541e-07
1.4099 1.82408 0 225 6.16997e-07
1.41065 1.82408 0 225 6.17588e-07
1.4114 1.82408 0 225 6.18352e-07
1.41215 1.82408 0 225 6.19248e-07
1.4129 1.82408 0 225 6.20299e-07
1.41365 1.82408 0 225 6.21531e-07
1.4144 1.82408 0 225 6.22907e-07
1.41515 1.82408 0 225 6.24453e-07
1.4159 1.82408 0 225 6.26171e-07
1.41665 1.82408 0 225 6.28057e-07
1.4174 1.82408 0 225 6.30116e-07
1.41815 1.82408 0 225 6.32364e-07
1.4189 1.82408 0 225 6.34809e-07
1.41965 1.82408 0 225 6.37456e-07
1.4204 1.82408 0 225 6.40313e-07
1.42115 1.82408 0 225 6.43365e-07
1.4219 1.82408 0 225 6.46637e-07
1.42265 1.82408 0 225 6.5012e-07
1.4234 1.82408 0 225 6.53834e-07
1.42415 1.82408 0 225 6.57795e-07
1.4249 1.82408 0 225 6.61994e-07
1.42565 1.82408 0 225 6.66444e-07
1.4264 1.82408 0 225 6.71167e-07
1.42715 1.82408 0 225 6.76161e-07
1.4279 1.82408 0 225 6.81434e-07
1.42865 1.82408 0 225 6.87042e-07
1.4294 1.82408 0 225 6.9293e-07
1.43016 1.82408 0 225 6.99203e-07
1.43091 1.82408 0 225 7.05754e-07
1.43166 1.82408 0 225 7.12674e-07
1.43241 1.82408 0 225 7.19955e-07
1.43316 1.82408 0 225 7.27618e-07
1.43391 1.82408 0 225 7.35653e-07
1.43466 1.82408 0 225 7.44129e-07
1.43541 1.82408 0 225 7.53027e-07
1.43616 1.82408 0 225 7.64089e-07
1.43691 1.82408 0 225 7.73934e-07
1.43766 1.82408 0 225 7.84296e-07
1.43841 1.82408 0 225 7.95155e-07
1.43916 1.82408 0 225 8.06576e-07
1.43991 1.82408 0 225 8.18568e-07
1.44066 1.82408 0 225 8.31159e-07
1.44141 1.82408 0 225 8.44432e-07
1.44216 1.82408 0 225 8.58387e-07
1.44291 1.82408 0 225 8.73022e-07
1.44366 1.82408 0 225 8.88414e-07
1.44441 1.82408 0 225 9.04627e-07
1.44516 1.82408 0 225 9.21614e-07
1.44591 1.82408 0 225 9.39479e-07
1.44666 1.82408 0 225 9.58105e-07
1.44741 1.82408 0 225 9.77836e-07
1.44816 1.82408 0 225 9.98597e-07
1.44891 1.82408 0 225 1.02044e-06
1.44966 1.82408 0 225 1.04344e-06
1.45041 1.82408 0 225 1.06758e-06
1.45116 1.82408 0 225 1.09295e-06
1.45191 1.82408 0 225 1.11967e-06
1.45266 1.82408 0 225 1.14774e-06
1.45341 1.82408 0 225 1.17722e-06
1.45416 1.82408 0 225 1.20821e-06
1.45491 1.82408 0 225 1.24079e-06
1.45566 1.82408 0 225 1.27505e-06
1.45641 1.82408 0 225 1.31099e-06
1.45716 1.82408 0 225 1.34861e-06
1.45791 1.82408 0 225 1.38801e-06
1.45866 1.82408 0 225 1.42931e-06
1.45941 1.82408 0 225 1.47249e-06
1.46016 1.82408 0 225 1.51757e-06
1.46091 1.82408 0 225 1.56454e-06
1.46166 1.82408 0 225 1.61337e-06
1.46241 1.82408 0 225 1.66406e-06
1.46316 1.82408 0 225 1.71658e-06
1.46391 1.82408 0 225 1.77083e-06
1.46466 1.82408 0 225 1.82664e-06
1.46541 1.82408 0 225 1.88409e-06
1.46616 1.82408 0 225 1.94329e-06
1.46691 1.82408 0 225 2.00404e-06
1.46766 1.82408 0 225 2.06685e-06
1.46841 1.82408 0 225 2.13226e-06
1.46916 1.82408 0 225 2.20182e-06
1.46991 1.82408 0 225 2.27742e-06
1.47066 1.82408 0 225 2.36242e-06
1.47141 1.82408 0 225 2.46271e-06
1.47216 1.82408 0 225 2.58574e-06
1.47291 1.82408 0 225 2.74415e-06
1.47366 1.82408 0 225 2.95279e-06
1.47441 1.82408 0 225 3.23161e-06
1.47516 1.82408 0 225 3.60331e-06
1.47591 1.82408 0 225 4.093e-06
1.47666 1.82408 0 225 4.72306e-06
1.47741 1.82408 0 225 5.50821e-06
1.47816 1.82408 0 225 6.36237e-06
1.47891 1.82408 0 225 7.45382e-06
1.47966 1.82408 0 225 8.65469e-06
1.48041 1.82408 0 225 9.9127e-06
1.48116 1.82408 0 225 1.11608e-05
1.48191 1.82408 0 225 1.23268e-05
1.48266 1.82408 0 225 1.33413e-05
1.48341 1.82408 0 225 1.41441e-05
1.48416 1.82408 0 225 1.46902e-05
1.48491 1.82408 0 225 1.49554e-05
1.48566 1.82408 0 225 1.49401e-05
1.48641 1.82408 0 225 1.46669e-05
1.48716 1.82408 0 225 1.41768e-05
1.48791 1.82408 0 225 1.35211e-05
1.48866 1.82408 0 225 1.27539e-05
1.48941 1.82408 0 225 1.19263e-05
1.49017 1.82408 0 225 1.10771e-05
1.49092 1.82408 0 225 1.02394e-05
1.49167 1.82408 0 225 9.43491e-06
1.49242 1.82408 0 225 8.67757e-06
1.49317 1.82408 0 225 7.9747e-06
1.49392 1.82408 0 225 7.329e-06
1.49467 1.82408 0 225 6.74009e-06
1.49542 1.82408 0 225 6.20567e-06
1.49617 1.82408 0 225 5.72207e-06
1.49692 1.82408 0 225 5.28532e-06
1.49767 1.82408 0 225 4.89133e-06
1.49842 1.82408 0 225 4.53575e-06
1.49917 1.82408 0 225 4.21476e-06
1.49992 1.82408 0 225 3.92465e-06
1.50067 1.82408 0 225 3.66213e-06
1.50142 1.82408 0 225 3.42425e-06
1.50217 1.82408 0 225 3.20835e-06
1.50292 1.82408 0 225 3.01204e-06
1.50367 1.82408 0 225 2.83329e-06
1.50442 1.82408 0 225 2.67012e-06
1.50517 1.82408 0 225 2.52095e-06
1.50592 1.82408 0 225 2.38437e-06
1.50667 1.82408 0 225 2.259e-06
1.50742 1.82408 0 225 2.14375e-06
1.50817 1.82408 0 225 2.03764e-06
1.50892 1.82408 0 225 1.93974e-06
1.50967 1.82408 0 225 1.84932e-06
1.51042 1.82408 0 225 1.7656e-06
1.51117 1.82408 0 225 1.68798e-06
1.51192 1.82408 0 225 1.61591e-06
1.51267 1.82408 0 225 1.54891e-06
1.51342 1.82408 0 225 1.48651e-06
1.51417 1.82408 0 225 1.42834e-06
1.51492 1.82408 0 225 1.374e-06
1.51567 1.82408 0 225 1.32319e-06
1.51642 1.82408 0 225 1.27563e-06
1.51717 1.82408 0 225 1.23105e-06
1.51792 1.82408 0 225 1.18919e-06
1.51867 1.82408 0 225 1.14986e-06
1.51942 1.82408 0 225 1.11287e-06
1.52017 1.82408 0 225 1.07803e-06
1.52092 1.82408 0 225 1.04517e-06
1.52167 1.82408 0 225 1.01417e-06
1.52242 1.82408 0 225 9.84887e-07
1.52317 1.82408 0 225 9.5985e-07
1.52392 1.82408 0 225 9.3355e-07
1.52467 1.82408 0 225 9.08648e-07
1.52542 1.82408 0 225 8.85017e-07
1.52617 1.82408 0 225 8.62599e-07
1.52692 1.82408 0 225 8.41314e-07
1.52767 1.82408 0 225 8.21083e-07
1.52842 1.82408 0 225 8.01849e-07
1.52917 1.82408 0 225 7.83543e-07
1.52992 1.82408 0 225 7.66112e-07
1.53067 1.82408 0 225 7.49495e-07
1.53142 1.82408 0 225 7.3364e-07
1.53217 1.82408 0 225 7.1851e-07
1.53292 1.82408 0 225 7.04073e-07
1.53367 1.82408 0 225 6.90271e-07
1.53442 1.82408 0 225 6.77027e-07
1.53517 1.82408 0 225 6.64406e-07
1.53592 1.82408 0 225 6.52326e-07
1.53667 1.82408 0 225 6.40765e-07
1.53742 1.82408 0 225 6.29688e-07
1.53817 1.82408 0 225 6.19071e-07
1.53892 1.82408 0 225 6.08884e-07
1.53967 1.82408 0 225 5.99113e-07
1.54042 1.82408 0 225 5.89728e-07
1.54117 1.82408 0 225 5.80719e-07
1.54192 1.82408 0 225 5.7206e-07
1.54267 1.82408 0 225 5.63746e-07
1.54342 1.82408 0 225 5.55752e-07
1.54417 1.82408 0 225 5.48068e-07
1.54492 1.82408 0 225 5.40667e-07
1.54567 1.82408 0 225 5.33551e-07
1.54642 1.82408 0 225 5.26696e-07
1.54717 1.82408 0 225 5.20096e-07
1.54792 1.82408 0 225 5.13729e-07
1.54867 1.82408 0 225 5.07595e-07
1.54942 1.82408 0 225 5.01685e-07
1.55018 1.82408 0 225 4.95988e-07
1.55093 1.82408 0 225 4.90491e-07
1.55168 1.82408 0 225 4.85189e-07
1.55243 1.82408 0 225 4.80076e-07
1.55318 1.82408 0 225 4.75139e-07
1.55393 1.82408 0 225 4.70372e-07
1.55468 1.82408 0 225 4.6577e-07
1.55543 1.82408 0 225 4.61324e-07
1.55618 1.82408 0 225 4.57038e-07
1.55693 1.82408 0 225 4.52894e-07
1.55768 1.82408 0 225 4.48889e-07
1.55843 1.82408 0 225 4.4502e-07
1.55918 1.82408 0 225 4.41279e-07
1.55993 1.82408 0 225 4.37665e-07
1.56068 1.82408 0 225 4.3417e-07
1.56143 1.82408 0 225 4.30794e-07
1.56218 1.82408 0 225 4.27534e-07
1.56293 1.82408 0 225 4.24377e-07
1.56368 1.82408 0 225 4.2133e-07
1.56443 1.82408 0 225 4.1838e-07
1.56518 1.82408 0 225 4.15528e-07
1.56593 1.82408 0 225 4.12769e-07
1.56668 1.82408 0 225 4.10111e-07
1.56743 1.82408 0 225 4.07538e-07
1.56818 1.82408 0 225 4.05045e-07
1.56893 1.82408 0 225 4.02644e-07
1.56968 1.82408 0 225 4.00318e-07
1.57043 1.82408 0 225 3.9845e-07
1.57118 1.82408 0 225 3.96271e-07
1.57193 1.82408 0 225 3.94165e-07
1.57268 1.82408 0 225 3.92126e-07
1.57343 1.82408 0 225 3.90154e-07
1.57418 1.82408 0 225 3.88254e-07
1.57493 1.82408 0 225 3.86421e-07
1.57568 1.82408 0 225 3.84648e-07
1.57643 1.82408 0 225 3.82939e-07
1.57718 1.82408 0 225 3.81287e-07
1.57793 1.82408 0 225 3.79691e-07
1.57868 1.82408 0 225 3.78151e-07
1.57943 1.82408 0 225 3.7667e-07
1.58018 1.82408 0 225 3.75246e-07
1.58093 1.82408 0 225 3.7387e-07
1.58168 1.82408 0 225 3.72548e-07
1.58243 1.82408 0 225 3.71248e-07
1.58318 1.82408 0 225 3.70023e-07
1.58393 1.82408 0 225 3.68839e-07
1.58468 1.82408 0 225 3.67698e-07
1.58543 1.82408 0 225 3.66602e-07
1.58618 1.82408 0 225 3.6556e-07
1.58693 1.82408 0 225 3.64551e-07
1.58768 1.82408 0 225 3.63581e-07
1.58843 1.82408 0 225 3.62648e-07
1.58918 1.82408 0 225 3.61752e-07
1.58993 1.82408 0 225 3.60896e-07
1.59068 1.82408 0 225 3.60071e-07
1.59143 1.82408 0 225 3.59284e-07
1.59218 1.82408 0 225 3.58537e-07
1.59293 1.82408 0 225 3.57812e-07
1.59368 1.82408 0 225 3.57123e-07
1.59443 1.82408 0 225 3.56455e-07
1.59518 1.82408 0 225 3.55823e-07
1.59593 1.82408 0 225 3.5522e-07
1.59668 1.82408 0 225 3.54644e-07
1.59743 1.82408 0 225 3.54078e-07
1.59818 1.82408 0 225 3.53536e-07
1.59893 1.82408 0 225 3.53034e-07
1.59968 1.82408 0 225 3.52525e-07
1.60043 1.82408 0 225 3.52032e-07
1.60118 1.82408 0 225 3.51559e-07
1.60193 1.82408 0 225 3.51087e-07
1.60268 1.82408 0 225 3.50626e-07
1.60343 1.82408 0 225 3.50181e-07
1.60418 1.82408 0 225 3.49744e-07
1.60493 1.82408 0 225 3.49288e-07
1.60568 1.82408 0 225 3.48825e-07
1.60643 1.82408 0 225 3.48363e-07
1.60718 1.82408 0 225 3.47876e-07
1.60793 1.82408 0 225 3.47383e-07
1.60868 1.82408 0 225 3.46849e-07
1.60943 1.82408 0 225 3.46297e-07
1.61019 1.82408 0 225 3.45703e-07
1.61094 1.82408 0 225 3.45054e-07
1.61169 1.82408 0 225 3.44346e-07
1.61244 1.82408 0 225 3.43567e-07
1.61319 1.82408 0 225 3.42727e-07
1.61394 1.82408 0 225 3.41803e-07
1.61469 1.82408 0 225 3.40723e-07
1.61544 1.82408 0 225 3.39507e-07
1.61619 1.82408 0 225 3.38162e-07
1.61694 1.82408 0 225 3.36693e-07
1.61769 1.82408 0 225 3.34938e-07
1.61844 1.82408 0 225 3.32943e-07
1.61919 1.82408 0 225 3.30696e-07
1.61994 1.82408 0 225 3.28129e-07
1.62069 1.82408 0 225 3.25168e-07
1.62144 1.82408 0 225 3.21724e-07
1.62219 1.82408 0 225 3.17869e-07
1.62294 1.82408 0 225 3.13443e-07
1.62369 1.82408 0 225 3.08373e-07
1.62444 1.82408 0 225 3.02579e-07
1.62519 1.82408 0 225 2.95974e-07
1.62594 1.82408 0 225 2.88499e-07
1.62669 1.82408 0 225 2.79968e-07
1.62744 1.82408 0 225 2.70309e-07
1.62819 1.82408 0 225 2.59395e-07
1.62894 1.82408 0 225 2.47331e-07
1.62969 1.82408 0 225 2.33797e-07
1.63044 1.82408 0 225 2.18964e-07
1.63119 1.82408 0 225 2.02963e-07
1.63194 1.82408 0 225 1.86107e-07
1.63269 1.82408 0 225 1.68781e-07
1.63344 1.82408 0 225 1.5126e-07
1.63419 1.82408 0 225 1.35374e-07
1.63494 1.82408 0 225 1.21923e-07
1.63569 1.82408 0 225 1.12455e-07
1.63644 1.82408 0 225 1.08602e-07
1.63719 1.82408 0 225 1.11961e-07
1.63794 1.82408 0 225 1.23752e-07
1.63869 1.82408 0 225 1.44375e-07
1.63944 1.82408 0 225 1.73686e-07
1.64019 1.82408 0 225 2.10232e-07
1.64094 1.82408 0 225 2.51832e-07
1.64169 1.82408 0 225 2.95767e-07
1.64244 1.82408 0 225 3.39169e-07
1.64319 1.82408 0 225 3.79418e-07
1.64394 1.82408 0 225 4.14847e-07
1.64469 1.82408 0 225 4.44431e-07
1.64544 1.82408 0 225 4.67734e-07
1.64619 1.82408 0 225 4.85201e-07
1.64694 1.82408 0 225 4.97197e-07
1.64769 1.82408 0 225 5.0493e-07
1.64844 1.82408 0 225 5.09073e-07
1.64919 1.82408 0 225 5.10575e-07
1.64994 1.82408 0 225 5.10126e-07
1.65069 1.82408 0 225 5.08271e-07
1.65144 1.82408 0 225 5.05532e-07
1.65219 1.82408 0 225 5.02226e-07
1.65294 1.82408 0 225 4.98657e-07
1.65369 1.82408 0 225 4.95034e-07
1.65444 1.82408 0 225 4.91562e-07
1.65519 1.82408 0 225 4.88211e-07
1.65594 1.82408 0 225 4.85206e-07
1.65669 1.82408 0 225 4.82496e-07
1.65744 1.82408 0 225 4.80088e-07
1.65819 1.82408 0 225 4.77975e-07
1.65894 1.82408 0 225 4.76192e-07
1.65969 1.82408 0 225 4.74736e-07
1.66044 1.82408 0 225 4.73578e-07
1.66119 1.82408 0 225 4.72712e-07
1.66194 1.82408 0 225 4.72126e-07
1.66269 1.82408 0 225 4.71781e-07
1.66344 1.82408 0 225 4.71688e-07
1.66419 1.82408 0 225 4.7182e-07
1.66494 1.82408 0 225 4.72165e-07
1.66569 1.82408 0 225 4.72716e-07
1.66644 1.82408 0 225 4.73468e-07
1.66719 1.82408 0 225 4.7439e-07
1.66794 1.82408 0 225 4.75481e-07
1.66869 1.82408 0 225 4.76735e-07
1.66944 1.82408 0 225 4.78142e-07
1.6702 1.82408 0 225 4.79696e-07
1.67095 1.82408 0 225 4.81385e-07
1.6717 1.82408 0 225 4.8321e-07
1.67245 1.82408 0 225 4.85161e-07
1.6732 1.82408 0 225 4.87244e-07
1.67395 1.82408 0 225 4.89439e-07
1.6747 1.82408 0 225 4.91751e-07
1.67545 1.82408 0 225 4.94075e-07
1.6762 1.82408 0 225 4.96608e-07
1.67695 1.82408 0 225 4.99243e-07
1.6777 1.82408 0 225 5.01988e-07
1.67845 1.82408 0 225 5.04836e-07
1.6792 1.82408 0 225 5.07791e-07
1.67995 1.82408 0 225 5.10846e-07
1.6807 1.82408 0 225 5.14006e-07
1.68145 1.82408 0 225 5.17261e-07
1.6822 1.82408 0 225 5.20622e-07
1.68295 1.82408 0 225 5.24082e-07
1.6837 1.82408 0 225 5.27644e-07
1.68445 1.82408 0 225 5.31311e-07
1.6852 1.82408 0 225 5.35087e-07
1.68595 1.82408 0 225 5.38967e-07
1.6867 1.82408 0 225 5.42956e-07
1.68745 1.82408 0 225 5.47056e-07
1.6882 1.82408 0 225 5.51304e-07
1.68895 1.82408 0 225 5.55636e-07
1.6897 1.82408 0 225 5.6008e-07
1.69045 1.82408 0 225 5.64648e-07
1.6912 1.82408 0 225 5.6934e-07
1.69195 1.82408 0 225 5.74163e-07
1.6927 1.82408 0 225 5.79123e-07
1.69345 1.82408 0 225 5.84219e-07
1.6942 1.82408 0 225 5.89463e-07
1.69495 1.82408 0 225 5.94857e-07
1.6957 1.82408 0 225 6.00406e-07
1.69645 1.82408 0 225 6.06114e-07
1.6972 1.82408 0 225 6.11989e-07
1.69795 1.82408 0 225 6.18031e-07
1.6987 1.82408 0 225 6.24247e-07
1.69945 1.82408 0 225 6.30638e-07
1.7002 1.82408 0 225 6.37199e-07
1.70095 1.82408 0 225 6.43918e-07
1.7017 1.82408 0 225 6.50791e-07
1.70245 1.82408 0 225 6.5781e-07
1.7032 1.82408 0 225 6.64941e-07
1.70395 1.82408 0 225 6.72167e-07
1.7047 1.82408 0 225 6.79453e-07
1.70545 1.82408 0 225 6.8677e-07
1.7062 1.82408 0 225 6.94087e-07
1.70695 1.82408 0 225 7.01376e-07
1.7077 1.82408 0 225 7.0862e-07
1.70845 1.82408 0 225 7.1581e-07
1.7092 1.82408 0 225 7.22958e-07
1.70995 1.82408 0 225 7.30077e-07
1.7107 1.82408 0 225 7.37192e-07
1.71145 1.82408 0 225 7.44342e-07
1.7122 1.82408 0 225 7.51563e-07
1.71295 1.82408 0 225 7.58887e-07
1.7137 1.82408 0 225 7.66348e-07
1.71445 1.82408 0 225 7.73977e-07
1.7152 1.82408 0 225 7.81797e-07
1.71595 1.82408 0 225 7.89825e-07
1.7167 1.82408 0 225 7.98087e-07
1.71745 1.82408 0 225 8.06592e-07
1.7182 1.82408 0 225 8.15345e-07
1.71895 1.82408 0 225 8.24363e-07
1.7197 1.82408 0 225 8.33647e-07
1.72045 1.82408 0 225 8.43202e-07
1.7212 1.82408 0 225 8.53033e-07
1.72195 1.82408 0 225 8.63152e-07
1.7227 1.82408 0 225 8.73561e-07
1.72345 1.82408 0 225 8.8426e-07
1.7242 1.82408 0 225 8.95253e-07
1.72495 1.82408 0 225 9.0655e-07
1.7257 1.82408 0 225 9.18161e-07
1.72645 1.82408 0 225 9.30088e-07
1.7272 1.82408 0 225 9.42343e-07
1.72795 1.82408 0 225 9.54922e-07
1.7287 1.82408 0 225 9.67843e-07
1.72945 1.82408 0 225 9.81116e-07
1.73021 1.82408 0 225 9.94745e-07
1.73096 1.82408 0 225 1.00874e-06
1.73171 1.82408 0 225 1.02312e-06
1.73246 1.82408 0 225 1.03788e-06
1.73321 1.82408 0 225 1.05245e-06
1.73396 1.82408 0 225 1.068e-06
1.73471 1.82408 0 225 1.08398e-06
1.73546 1.82408 0 225 1.10041e-06
1.73621 1.82408 0 225 1.11729e-06
1.73696 1.82408 0 225 1.13464e-06
1.73771 1.82408 0 225 1.15248e-06
1.73846 1.82408 0 225 1.17082e-06
1.73921 1.82408 0 225 1.18968e-06
1.73996 1.82408 0 225 1.20907e-06
1.74071 1.82408 0 225 1.22902e-06
1.74146 1.82408 0 225 1.24955e-06
1.74221 1.82408 0 225 1.27067e-06
1.74296 1.82408 0 225 1.29242e-06
1.74371 1.82408 0 225 1.31481e-06
1.74446 1.82408 0 225 1.33788e-06
1.74521 1.82408 0 225 1.36162e-06
1.74596 1.82408 0 225 1.38614e-06
1.74671 1.82408 0 225 1.41137e-06
1.74746 1.82408 0 225 1.43738e-06
1.74821 1.82408 0 225 1.46421e-06
1.74896 1.82408 0 225 1.49188e-06
1.74971 1.82408 0 225 1.52043e-06
1.75046 1.82408 0 225 1.54988e-06
1.75121 1.82408 0 225 1.58031e-06
1.75196 1.82408 0 225 1.61172e-06
1.75271 1.82408 0 225 1.6442e-06
1.75346 1.82408 0 225 1.67775e-06
1.75421 1.82408 0 225 1.71245e-06
1.75496 1.82408 0 225 1.74834e-06
1.75571 1.82408 0 225 1.78546e-06
1.75646 1.82408 0 225 1.82388e-06
1.75721 1.82408 0 225 1.86367e-06
1.75796 1.82408 0 225 1.90488e-06
1.75871 1.82408 0 225 1.94759e-06
1.75946 1.82408 0 225 1.99185e-06
1.76021 1.82408 0 225 2.03775e-06
1.76096 1.82408 0 225 2.08537e-06
1.76171 1.82408 0 225 2.13481e-06
1.76246 1.82408 0 225 2.18615e-06
1.76321 1.82408 0 225 2.23948e-06
1.76396 1.82408 0 225 2.29492e-06
1.76471 1.82408 0 225 2.35257e-06
1.76546 1.82408 0 225 2.41255e-06
1.76621 1.82408 0 225 2.47499e-06
1.76696 1.82408 0 225 2.54002e-06
1.76771 1.82408 0 225 2.60778e-06
1.76846 1.82408 0 225 2.67841e-06
1.76921 1.82408 0 225 2.75212e-06
1.76996 1.82408 0 225 2.82905e-06
1.77071 1.82408 0 225 2.90938e-06
1.77146 1.82408 0 225 2.99336e-06
1.77221 1.82408 0 225 3.08117e-06
1.77296 1.82408 0 225 3.17304e-06
1.77371 1.82408 0 225 3.26925e-06
1.77446 1.82408 0 225 3.37004e-06
1.77521 1.82408 0 225 3.47573e-06
1.77596 1.82408 0 225 3.58663e-06
1.77671 1.82408 0 225 3.70305e-06
1.77746 1.82408 0 225 3.82541e-06
1.77821 1.82408 0 225 3.95406e-06
1.77896 1.82408 0 225 4.08947e-06
1.77971 1.82408 0 225 4.23211e-06
1.78046 1.82408 0 225 4.38249e-06
1.78121 1.82408 0 225 4.54113e-06
1.78196 1.82408 0 225 4.70865e-06
1.78271 1.82408 0 225 4.88573e-06
1.78346 1.82408 0 225 5.07311e-06
1.78421 1.82408 0 225 5.27152e-06
1.78496 1.82408 0 225 5.48185e-06
1.78571 1.82408 0 225 5.70504e-06
1.78646 1.82408 0 225 5.94209e-06
1.78721 1.82408 0 225 6.19421e-06
1.78796 1.82408 0 225 6.46263e-06
1.78871 1.82408 0 225 6.74866e-06
1.78946 1.82408 0 225 7.05386e-06
1.79022 1.82408 0 225 7.37993e-06
1.79097 1.82408 0 225 7.72869e-06
1.79172 1.82408 0 225 8.10218e-06
1.79247 1.82408 0 225 8.50267e-06
1.79322 1.82408 0 225 8.93267e-06
1.79397 1.82408 0 225 9.39495e-06
1.79472 1.82408 0 225 9.89259e-06
1.79547 1.82408 0 225 1.04163e-05
1.79622 1.82408 0 225 1.09945e-05
1.79697 1.82408 0 225 1.16194e-05
1.79772 1.82408 0 225 1.22958e-05
1.79847 1.82408 0 225 1.30289e-05
1.79922 1.82408 0 225 1.38243e-05
1.79997 1.82408 0 225 1.46885e-05
1.80072 1.82408 0 225 1.56286e-05
1.80147 1.82408 0 225 1.6652e-05
1.80222 1.82408 0 225 1.77673e-05
1.80297 1.82408 0 225 1.89836e-05
1.80372 1.82408 0 225 2.03104e-05
1.80447 1.82408 0 225 2.17583e-05
1.80522 1.82408 0 225 2.33378e-05
1.80597 1.82408 0 225 2.50594e-05
1.80672 1.82408 0 225 2.69333e-05
1.80747 1.82408 0 225 2.89683e-05
1.80822 1.82408 0 225 3.11714e-05
1.80897 1.82408 0 225 3.3545e-05
1.80972 1.82408 0 225 3.6087e-05
1.81047 1.82408 0 225 3.87875e-05
1.81122 1.82408 0 225 4.16262e-05
1.81197 1.82408 0 225 4.45692e-05
1.81272 1.82408 0 225 4.75673e-05
1.81347 1.82408 0 225 5.05523e-05
1.81422 1.82408 0 225 5.34383e-05
1.81497 1.82408 0 225 5.6122e-05
1.81572 1.82408 0 225 5.84886e-05
1.81647 1.82408 0 225 6.0421e-05
1.81722 1.82408 0 225 6.18116e-05
1.81797 1.82408 0 225 6.25762e-05
1.81872 1.82408 0 225 6.26656e-05
1.81947 1.82408 0 225 6.20739e-05
1.82022 1.82408 0 225 6.08381e-05
1.82097 1.82408 0 225 5.90341e-05
1.82172 1.82408 0 225 5.67648e-05
1.82247 1.82408 0 225 5.41462e-05
1.82322 1.82408 0 225 5.12945e-05
1.82397 1.82408 0 225 4.83182e-05
1.82472 1.82408 0 225 4.53079e-05
1.82547 1.82408 0 225 4.23371e-05
1.82622 1.82408 0 225 3.94607e-05
1.82697 1.82408 0 225 3.67162e-05
1.82772 1.82408 0 225 3.41276e-05
1.82847 1.82408 0 225 3.17073e-05
1.82922 1.82408 0 225 2.94594e-05
1.82997 1.82408 0 225 2.7382e-05
1.83072 1.82408 0 225 2.54692e-05
1.83147 1.82408 0 225 2.37123e-05
1.83222 1.82408 0 225 2.21016e-05
1.83297 1.82408 0 225 2.06261e-05
1.83372 1.82408 0 225 1.92754e-05
1.83447 1.82408 0 225 1.80387e-05
1.83522 1.82408 0 225 1.69064e-05
1.83597 1.82408 0 225 1.58687e-05
1.83672 1.82408 0 225 1.49173e-05
1.83747 1.82408 0 225 1.4044e-05
1.83822 1.82408 0 225 1.32418e-05
1.83897 1.82408 0 225 1.25041e-05
1.83972 1.82408 0 225 1.18248e-05
1.84047 1.82408 0 225 1.11986e-05
1.84122 1.82408 0 225 1.06206e-05
1.84197 1.82408 0 225 1.00866e-05
1.84272 1.82408 0 225 9.59269e-06
1.84347 1.82408 0 225 9.13519e-06
1.84422 1.82408 0 225 8.71104e-06
1.84497 1.82408 0 225 8.31737e-06
1.84572 1.82408 0 225 7.95164e-06
1.84647 1.82408 0 225 7.61151e-06
1.84722 1.82408 0 225 7.2949e-06
1.84797 1.82408 0 225 6.99995e-06
1.84872 1.82408 0 225 6.72495e-06
1.84947 1.82408 0 225 6.46838e-06
1.85023 1.82408 0 225 6.22885e-06
1.85098 1.82408 0 225 6.0051e-06
1.85173 1.82408 0 225 5.796e-06
1.85248 1.82408 0 225 5.60053e-06
1.85323 1.82408 0 225 5.41775e-06
1.85398 1.82408 0 225 5.24682e-06
1.85473 1.82408 0 225 5.08698e-06
1.85548 1.82408 0 225 4.93752e-06
1.85623 1.82408 0 225 4.79781e-06
1.85698 1.82408 0 225 4.66731e-06
1.85773 1.82408 0 225 4.54547e-06
1.85848 1.82408 0 225 4.43184e-06
1.85923 1.82408 0 225 4.32601e-06
1.85998 1.82408 0 225 4.22757e-06
1.86073 1.82408 0 225 4.1362e-06
1.86148 1.82408 0 225 4.05206e-06
1.86223 1.82408 0 225 3.97391e-06
1.86298 1.82408 0 225 3.90204e-06
1.86373 1.82408 0 225 3.83623e-06
1.86448 1.82408 0 225 3.77631e-06
1.86523 1.82408 0 225 3.72215e-06
1.86598 1.82408 0 225 3.6736e-06
1.86673 1.82408 0 225 3.6306e-06
1.86748 1.82408 0 225 3.59307e-06
1.86823 1.82408 0 225 3.56097e-06
1.86898 1.82408 0 225 3.5343e-06
1.86973 1.82408 0 225 3.51307e-06
1.87048 1.82408 0 225 3.49733e-06
1.87123 1.82408 0 225 3.48715e-06
1.87198 1.82408 0 225 3.48262e-06
1.87273 1.82408 0 225 3.48389e-06
1.87348 1.82408 0 225 3.49113e-06
1.87423 1.82408 0 225 3.50456e-06
1.87498 1.82408 0 225 3.5244e-06
1.87573 1.82408 0 225 3.55098e-06
1.87648 1.82408 0 225 3.58456e-06
1.87723 1.82408 0 225 3.62558e-06
1.87798 1.82408 0 225 3.67445e-06
1.87873 1.82408 0 225 3.73166e-06
1.87948 1.82408 0 225 3.79779e-06
1.88023 1.82408 0 225 3.87342e-06
1.88098 1.82408 0 225 3.9593e-06
1.88173 1.82408 0 225 4.05619e-06
1.88248 1.82408 0 225 4.16497e-06
1.88323 1.82408 0 225 4.28659e-06
1.88398 1.82408 0 225 4.42216e-06
1.88473 1.82408 0 225 4.5728e-06
1.88548 1.82408 0 225 4.73983e-06
1.88623 1.82408 0 225 4.92461e-06
1.88698 1.82408 0 225 5.12864e-06
1.88773 1.82408 0 225 5.35347e-06
1.88848 1.82408 0 225 5.60075e-06
1.88923 1.82408 0 225 5.87214e-06
1.88998 1.82408 0 225 6.16925e-06
1.89073 1.82408 0 225 6.49361e-06
1.89148 1.82408 0 225 6.84647e-06
1.89223 1.82408 0 225 7.22866e-06
1.89298 1.82408 0 225 7.6404e-06
1.89373 1.82408 0 225 8.08107e-06
1.89448 1.82408 0 225 8.5488e-06
1.89523 1.82408 0 225 9.04007e-06
1.89598 1.82408 0 225 9.54938e-06
1.89673 1.82408 0 225 1.00688e-05
1.89748 1.82408 0 225 1.05877e-05
1.89823 1.82408 0 225 1.10927e-05
1.89898 1.82408 0 225 1.15678e-05
1.89973 1.82408 0 225 1.1995e-05
1.90048 1.82408 0 225 1.23557e-05
1.90123 1.82408 0 225 1.26319e-05
1.90198 1.82408 0 225 1.28086e-05
1.90273 1.82408 0 225 1.2875e-05
1.90348 1.82408 0 225 1.28264e-05
1.90423 1.82408 0 225 1.26647e-05
1.90498 1.82408 0 225 1.23982e-05
1.90573 1.82408 0 225 1.20401e-05
1.90648 1.82408 0 225 1.16075e-05
1.90723 1.82408 0 225 1.11189e-05
1.90798 1.82408 0 225 1.05927e-05
1.90873 1.82408 0 225 1.0046e-05
1.90948 1.82408 0 225 9.49313e-06
1.91024 1.82408 0 225 8.946e-06
1.91099 1.82408 0 225 8.41369e-06
1.91174 1.82408 0 225 7.90265e-06
1.91249 1.82408 0 225 7.41707e-06
1.91324 1.82408 0 225 6.95955e-06
1.91399 1.82408 0 225 6.53112e-06
1.91474 1.82408 0 225 6.13187e-06
1.91549 1.82408 0 225 5.76115e-06
1.91624 1.82408 0 225 5.41779e-06
1.91699 1.82408 0 225 5.10033e-06
1.91774 1.82408 0 225 4.80713e-06
1.91849 1.82408 0 225 4.5365e-06
1.91924 1.82408 0 225 4.28672e-06
1.91999 1.82408 0 225 4.05617e-06
1.92074 1.82408 0 225 3.84328e-06
1.92149 1.82408 0 225 3.64654e-06
1.92224 1.82408 0 225 3.46458e-06
1.92299 1.82408 0 225 3.29612e-06
1.92374 1.82408 0 225 3.13999e-06
1.92449 1.82408 0 225 2.99514e-06
1.92524 1.82408 0 225 2.86056e-06
1.92599 1.82408 0 225 2.7354e-06
1.92674 1.82408 0 225 2.61883e-06
1.92749 1.82408 0 225 2.51013e-06
1.92824 1.82408 0 225 2.40864e-06
1.92899 1.82408 0 225 2.31376e-06
1.92974 1.82408 0 225 2.22494e-06
1.93049 1.82408 0 225 2.14169e-06
1.93124 1.82408 0 225 2.06358e-06
1.93199 1.82408 0 225 1.99018e-06
1.93274 1.82408 0 225 1.92114e-06
1.93349 1.82408 0 225 1.85623e-06
1.93424 1.82408 0 225 1.79493e-06
1.93499 1.82408 0 225 1.73707e-06
1.93574 1.82408 0 225 1.68239e-06
1.93649 1.82408 0 225 1.63067e-06
1.93724 1.82408 0 225 1.58168e-06
1.93799 1.82408 0 225 1.53526e-06
1.93874 1.82408 0 225 1.49121e-06
1.93949 1.82408 0 225 1.44937e-06
1.94024 1.82408 0 225 1.40959e-06
1.94099 1.82408 0 225 1.37175e-06
1.94174 1.82408 0 225 1.33571e-06
1.94249 1.82408 0 225 1.30135e-06
1.94324 1.82408 0 225 1.26859e-06
1.94399 1.82408 0 225 1.2373e-06
1.94474 1.82408 0 225 1.20741e-06
1.94549 1.82408 0 225 1.17882e-06
1.94624 1.82408 0 225 1.15146e-06
1.94699 1.82408 0 225 1.12527e-06
1.94774 1.82408 0 225 1.1001e-06
1.94849 1.82408 0 225 1.07602e-06
1.94924 1.82408 0 225 1.05292e-06
1.94999 1.82408 0 225 1.03074e-06
1.95074 1.82408 0 225 1.00943e-06
1.95149 1.82408 0 225 9.88934e-07
1.95224 1.82408 0 225 9.69225e-07
1.95299 1.82408 0 225 9.50257e-07
1.95374 1.82408 0 225 9.31985e-07
1.95449 1.82408 0 225 9.14376e-07
1.95524 1.82408 0 225 8.97394e-07
1.95599 1.82408 0 225 8.81029e-07
1.95674 1.82408 0 225 8.65225e-07
1.95749 1.82408 0 225 8.49959e-07
1.95824 1.82408 0 225 8.35219e-07
1.95899 1.82408 0 225 8.20968e-07
1.95974 1.82408 0 225 8.07184e-07
1.96049 1.82408 0 225 7.9385e-07
1.96124 1.82408 0 225 7.80951e-07
1.96199 1.82408 0 225 7.68454e-07
1.96274 1.82408 0 225 7.56347e-07
1.96349 1.82408 0 225 7.44623e-07
1.96424 1.82408 0 225 7.33252e-07
1.96499 1.82408 0 225 7.22225e-07
1.96574 1.82408 0 225 7.11526e-07
1.96649 1.82408 0 225 7.01147e-07
1.96724 1.82408 0 225 6.91064e-07
1.96799 1.82408 0 225 6.81293e-07
1.96874 1.82408 0 225 6.71782e-07
1.96949 1.82408 0 225 6.62545e-07
1.97025 1.82408 0 225 6.53559e-07
1.971 1.82408 0 225 6.44818e-07
1.97175 1.82408 0 225 6.36317e-07
1.9725 1.82408 0 225 6.28044e-07
1.97325 1.82408 0 225 6.19996e-07
1.974 1.82408 0 225 6.12155e-07
1.97475 1.82408 0 225 6.04525e-07
1.9755 1.82408 0 225 5.97096e-07
1.97625 1.82408 0 225 5.89843e-07
1.977 1.82408 0 225 5.8278e-07
1.97775 1.82408 0 225 5.75886e-07
1.9785 1.82408 0 225 5.69161e-07
1.97925 1.82408 0 225 5.62597e-07
1.98 1.82408 0 225 5.56192e-07
1.98075 1.82408 0 225 5.4994e-07
1.9815 1.82408 0 225 5.43835e-07
1.98225 1.82408 0 225 5.3787e-07
1.983 1.82408 0 225 5.32047e-07
1.98375 1.82408 0 225 5.2635e-07
1.9845 1.82408 0 225 5.20786e-07
1.98525 1.82408 0 225 5.15338e-07
1.986 1.82408 0 225 5.10008e-07
1.98675 1.82408 0 225 5.04796e-07
1.9875 1.82408 0 225 4.99693e-07
1.98825 1.82408 0 225 4.94689e-07
1.989 1.82408 0 225 4.89791e-07
1.98975 1.82408 0 225 4.84989e-07
1.9905 1.82408 0 225 4.80285e-07
1.99125 1.82408 0 225 4.75672e-07
1.992 1.82408 0 225 4.7114e-07
1.99275 1.82408 0 225 4.6671e-07
1.9935 1.82408 0 225 4.62347e-07
1.99425 1.82408 0 225 4.5805e-07
1.995 1.82408 0 225 4.53834e-07
1.99575 1.82408 0 225 4.49681e-07
1.9965 1.82408 0 225 4.45599e-07
1.99725 1.82408 0 225 4.41577e-07
1.998 1.82408 0 225 4.37612e-07
1.99875 1.82408 0 225 4.33696e-07
1.9995 1.82408 0 225 4.2983e-07
2.00025 1.82408 0 225 4.26011e-07
2.001 1.82408 0 225 4.22233e-07
2.00175 1.82408 0 225 4.18494e-07
2.0025 1.82408 0 225 4.14795e-07
2.00325 1.82408 0 225 4.11134e-07
2.004 1.82408 0 225 4.07483e-07
2.00475 1.82408 0 225 4.03851e-07
2.0055 1.82408 0 225 4.00234e-07
2.00625 1.82408 0 225 3.96626e-07
2.007 1.82408 0 225 3.93025e-07
2.00775 1.82408 0 225 3.89417e-07
2.0085 1.82408 0 225 3.85801e-07
2.00925 1.82408 0 225 3.82177e-07
2.01 1.82408 0 225 3.7852e-07
2.01075 1.82408 0 225 3.75369e-07
2.0115 1.82408 0 225 3.7162e-07
2.01225 1.82408 0 225 3.67827e-07
2.013 1.82408 0 225 3.63956e-07
2.01375 1.82408 0 225 3.60005e-07
2.0145 1.82408 0 225 3.55973e-07
2.01525 1.82408 0 225 3.51836e-07
2.016 1.82408 0 225 3.47592e-07
2.01675 1.82408 0 225 3.43219e-07
2.0175 1.82408 0 225 3.3868e-07
2.01825 1.82408 0 225 3.34001e-07
2.019 1.82408 0 225 3.29096e-07
2.01975 1.82408 0 225 3.23998e-07
2.0205 1.82408 0 225 3.18628e-07
2.02125 1.82408 0 225 3.1301e-07
2.022 1.82408 0 225 3.0706e-07
2.02275 1.82408 0 225 3.0075e-07
2.0235 1.82408 0 225 2.94074e-07
2.02425 1.82408 0 225 2.86946e-07
2.025 1.82408 0 225 2.7923e-07
2.02575 1.82408 0 225 2.71092e-07
2.0265 1.82408 0 225 2.62316e-07
2.02725 1.82408 0 225 2.52865e-07
2.028 1.82408 0 225 2.42709e-07
2.02875 1.82408 0 225 2.31657e-07
2.0295 1.82408 0 225 2.19708e-07
2.03026 1.82408 0 225 2.06684e-07
2.03101 1.82408 0 225 1.92474e-07
2.03176 1.82408 0 225 1.77008e-07
2.03251 1.82408 0 225 1.60016e-07
2.03326 1.82408 0 225 1.41393e-07
2.03401 1.82408 0 225 1.20984e-07
2.03476 1.82408 0 225 9.86198e-08
2.03551 1.82408 0 225 7.40083e-08
2.03626 1.82408 0 225 4.69746e-08
2.03701 1.82408 0 225 1.72879e-08
2.03776 1.82408 0 225 -1.52879e-08
2.03851 1.82408 0 225 -5.09372e-08
2.03926 1.82408 0 225 -9.00051e-08
2.04001 1.82408 0 225 -1.32618e-07
2.04076 1.82408 0 225 -1.78925e-07
2.04151 1.82408 0 225 -2.29007e-07
2.04226 1.82408 0 225 -2.82861e-07
2.04301 1.82408 0 225 -3.40252e-07
2.04376 1.82408 0 225 -4.01006e-07
2.04451 1.82408 0 225 -4.64536e-07
2.04526 1.82408 0 225 -5.30049e-07
2.04601 1.82408 0 225 -5.96425e-07
2.04676 1.82408 0 225 -6.62455e-07
2.04751 1.82408 0 225 -7.26188e-07
2.04826 1.82408 0 225 -7.85479e-07
2.04901 1.82408 0 225 -8.38108e-07
2.04976 1.82408 0 225 -8.8153e-07
2.05051 1.82408 0 225 -9.13129e-07
2.05126 1.82408 0 225 -9.30257e-07
2.05201 1.82408 0 225 -9.30243e-07
2.05276 1.82408 0 225 -9.11011e-07
2.05351 1.82408 0 225 -8.7096e-07
2.05426 1.82408 0 225 -8.09396e-07
2.05501 1.82408 0 225 -7.26466e-07
2.05576 1.82408 0 225 -6.23808e-07
2.05651 1.82408 0 225 -5.04308e-07
2.05726 1.82408 0 225 -3.72277e-07
2.05801 1.82408 0 225 -2.32342e-07
2.05876 1.82408 0 225 -8.99647e-08
2.05951 1.82408 0 225 4.93445e-08
2.06026 1.82408 0 225 1.80917e-07
2.06101 1.82408 0 225 3.0098e-07
2.06176 1.82408 0 225 4.06929e-07
2.06251 1.82408 0 225 4.97257e-07
2.06326 1.82408 0 225 5.71592e-07
2.06401 1.82408 0 225 6.30434e-07
2.06476 1.82408 0 225 6.7495e-07
2.06551 1.82408 0 225 7.0666e-07
2.06626 1.82408 0 225 7.27297e-07
2.06701 1.82408 0 225 7.38625e-07
2.06776 1.82408 0 225 7.42298e-07
2.06851 1.82408 0 225 7.39922e-07
2.06926 1.82408 0 225 7.32884e-07
2.07001 1.82408 0 225 7.22216e-07
2.07076 1.82408 0 225 7.08956e-07
2.07151 1.82408 0 225 6.93912e-07
2.07226 1.82408 0 225 6.77728e-07
2.07301 1.82408 0 225 6.60891e-07
2.07376 1.82408 0 225 6.43805e-07
2.07451 1.82408 0 225 6.26801e-07
2.07526 1.82408 0 225 6.10061e-07
2.07601 1.82408 0 225 5.93768e-07
2.07676 1.82408 0 225 5.78063e-07
2.07751 1.82408 0 225 5.63007e-07
2.07826 1.82408 0 225 5.48656e-07
2.07901 1.82408 0 225 5.3506e-07
2.07976 1.82408 0 225 5.22191e-07
2.08051 1.82408 0 225 5.1006e-07
2.08126 1.82408 0 225 4.98668e-07
2.08201 1.82408 0 225 4.88024e-07
2.08276 1.82408 0 225 4.78035e-07
2.08351 1.82408 0 225 4.68709e-07
2.08426 1.82408 0 225 4.60034e-07
2.08501 1.82408 0 225 4.5197e-07
2.08576 1.82408 0 225 4.44515e-07
2.08651 1.82408 0 225 4.37603e-07
2.08726 1.82408 0 225 4.31231e-07
2.08801 1.82408 0 225 4.25376e-07
2.08876 1.82408 0 225 4.20011e-07
2.08951 1.82408 0 225 4.15115e-07
2.09027 1.82408 0 225 4.10676e-07
2.09102 1.82408 0 225 4.06672e-07
2.09177 1.82408 0 225 4.03084e-07
2.09252 1.82408 0 225 3.99904e-07
2.09327 1.82408 0 225 3.97117e-07
2.09402 1.82408 0 225 3.98017e-07
2.09477 1.82408 0 225 3.95847e-07
2.09552 1.82408 0 225 3.94063e-07
2.09627 1.82408 0 225 3.92633e-07
2.09702 1.82408 0 225 3.91586e-07
2.09777 1.82408 0 225 3.90884e-07
2.09852 1.82408 0 225 3.90545e-07
2.09927 1.82408 0 225 3.90568e-07
2.10002 1.82408 0 225 3.90959e-07
2.10077 1.82408 0 225 3.91721e-07
2.10152 1.82408 0 225 3.92861e-07
2.10227 1.82408 0 225 3.9439e-07
2.10302 1.82408 0 225 3.96317e-07
2.10377 1.82408 0 225 3.98658e-07
2.10452 1.82408 0 225 4.01427e-07
2.10527 1.82408 0 225 4.04643e-07
2.10602 1.82408 0 225 4.08336e-07
2.10677 1.82408 0 225 4.12511e-07
2.10752 1.82408 0 225 4.17208e-07
2.10827 1.82408 0 225 4.22455e-07
2.10902 1.82408 0 225 4.28286e-07
2.10977 1.82408 0 225 4.34549e-07
2.11052 1.82408 0 225 4.41656e-07
2.11127 1.82408 0 225 4.49471e-07
2.11202 1.82408 0 225 4.58058e-07
2.11277 1.82408 0 225 4.67452e-07
2.11352 1.82408 0 225 4.77721e-07
2.11427 1.82408 0 225 4.88929e-07
2.11502 1.82408 0 225 5.01153e-07
2.11577 1.82408 0 225 5.14453e-07
2.11652 1.82408 0 225 5.28914e-07
2.11727 1.82408 0 225 5.44607e-07
2.11802 1.82408 0 225 5.61612e-07
2.11877 1.82408 0 225 5.80003e-07
2.11952 1.82408 0 225 5.99857e-07
2.12027 1.82408 0 225 6.2122e-07
2.12102 1.82408 0 225 6.44132e-07
2.12177 1.82408 0 225 6.68607e-07
2.12252 1.82408 0 225 6.94622e-07
2.12327 1.82408 0 225 7.22098e-07
2.12402 1.82408 0 225 7.50909e-07
2.12477 1.82408 0 225 7.80833e-07
2.12552 1.82408 0 225 8.1156e-07
2.12627 1.82408 0 225 8.42682e-07
2.12702 1.82408 0 225 8.73647e-07
2.12777 1.82408 0 225 9.0381e-07
2.12852 1.82408 0 225 9.32402e-07
2.12927 1.82408 0 225 9.58582e-07
2.13002 1.82408 0 225 9.81458e-07
2.13077 1.82408 0 225 1.00017e-06
2.13152 1.82408 0 225 1.01392e-06
2.13227 1.82408 0 225 1.02212e-06
2.13302 1.82408 0 225 1.02437e-06
2.13377 1.82408 0 225 1.02055e-06
2.13452 1.82408 0 225 1.01083e-06
2.13527 1.82408 0 225 9.95649e-07
2.13602 1.82408 0 225 9.75654e-07
2.13677 1.82408 0 225 9.51651e-07
2.13752 1.82408 0 225 9.24527e-07
2.13827 1.82408 0 225 8.95163e-07
2.13902 1.82408 0 225 8.64398e-07
2.13977 1.82408 0 225 8.32988e-07
2.14052 1.82408 0 225 8.01566e-07
2.14127 1.82408 0 225 7.7065e-07
2.14202 1.82408 0 225 7.40639e-07
2.14277 1.82408 0 225 7.11823e-07
2.14352 1.82408 0 225 6.84403e-07
2.14427 1.82408 0 225 6.58501e-07
2.14502 1.82408 0 225 6.34178e-07
2.14577 1.82408 0 225 6.11448e-07
2.14652 1.82408 0 225 5.90295e-07
2.14727 1.82408 0 225 5.70667e-07
2.14802 1.82408 0 225 5.52511e-07
2.14877 1.82408 0 225 5.35748e-07
2.14952 1.82408 0 225 5.20306e-07
2.15028 1.82408 0 225 5.06107e-07
2.15103 1.82408 0 225 4.93071e-07
2.15178 1.82408 0 225 4.81122e-07
2.15253 1.82408 0 225 4.70189e-07
2.15328 1.82408 0 225 4.60206e-07
2.15403 1.82408 0 225 4.51108e-07
2.15478 1.82408 0 225 4.42838e-07
2.15553 1.82408 0 225 4.35343e-07
2.15628 1.82408 0 225 4.28575e-07
2.15703 1.82408 0 225 4.2249e-07
2.15778 1.82408 0 225 4.17054e-07
2.15853 1.82408 0 225 4.12225e-07
2.15928 1.82408 0 225 4.07977e-07
2.16003 1.82408 0 225 4.04284e-07
2.16078 1.82408 0 225 4.01123e-07
2.16153 1.82408 0 225 3.98475e-07
2.16228 1.82408 0 225 3.96326e-07
2.16303 1.82408 0 225 3.94664e-07
2.16378 1.82408 0 225 3.93478e-07
2.16453 1.82408 0 225 3.92765e-07
2.16528 1.82408 0 225 3.9252e-07
2.16603 1.82408 0 225 3.92742e-07
2.16678 1.82408 0 225 3.93435e-07
2.16753 1.82408 0 225 3.94605e-07
2.16828 1.82408 0 225 3.96259e-07
2.16903 1.82408 0 225 3.98405e-07
2.16978 1.82408 0 225 4.01056e-07
2.17053 1.82408 0 225 4.04226e-07
2.17128 1.82408 0 225 4.07932e-07
2.17203 1.82408 0 225 4.12186e-07
2.17278 1.82408 0 225 4.17006e-07
2.17353 1.82408 0 225 4.2241e-07
2.17428 1.82408 0 225 4.28409e-07
2.17503 1.82408 0 225 4.35014e-07
2.17578 1.82408 0 225 4.4223e-07
2.17653 1.82408 0 225 4.50057e-07
2.17728 1.82408 0 225 4.58481e-07
2.17803 1.82408 0 225 4.67476e-07
2.17878 1.82408 0 225 4.77e-07
2.17953 1.82408 0 225 4.86989e-07
2.18028 1.82408 0 225 4.97354e-07
2.18103 1.82408 0 225 5.07976e-07
2.18178 1.82408 0 225 5.18706e-07
2.18253 1.82408 0 225 5.29363e-07
2.18328 1.82408 0 225 5.39731e-07
2.18403 1.82408 0 225 5.49571e-07
2.18478 1.82408 0 225 5.5862e-07
2.18553 1.82408 0 225 5.66686e-07
2.18628 1.82408 0 225 5.73365e-07
2.18703 1.82408 0 225 5.78492e-07
2.18778 1.82408 0 225 5.81884e-07
2.18853 1.82408 0 225 5.83405e-07
2.18928 1.82408 0 225 5.83003e-07
2.19003 1.82408 0 225 5.80696e-07
2.19078 1.82408 0 225 5.76576e-07
2.19153 1.82408 0 225 5.70804e-07
2.19228 1.82408 0 225 5.63587e-07
2.19303 1.82408 0 225 5.55167e-07
2.19378 1.82408 0 225 5.45803e-07
2.19453 1.82408 0 225 5.3575e-07
2.19528 1.82408 0 225 5.25249e-07
2.19603 1.82408 0 225 5.1452e-07
2.19678 1.82408 0 225 5.03751e-07
2.19753 1.82408 0 225 4.931e-07
2.19828 1.82408 0 225 4.82696e-07
2.19903 1.82408 0 225 4.7263e-07
2.19978 1.82408 0 225 4.62977e-07
2.20053 1.82408 0 225 4.53784e-07
2.20128 1.82408 0 225 4.45075e-07
2.20203 1.82408 0 225 4.36879e-07
2.20278 1.82408 0 225 4.29191e-07
2.20353 1.82408 0 225 4.22009e-07
2.20428 1.82408 0 225 4.15317e-07
2.20503 1.82408 0 225 4.09101e-07
2.20578 1.82408 0 225 4.0334e-07
2.20653 1.82408 0 225 3.98012e-07
2.20728 1.82408 0 225 3.93095e-07
2.20803 1.82408 0 225 3.88566e-07
2.20878 1.82408 0 225 3.84401e-07
2.20953 1.82408 0 225 3.8058e-07
2.21029 1.82408 0 225 3.77081e-07
2.21104 1.82408 0 225 3.73883e-07
2.21179 1.82408 0 225 3.70969e-07
2.21254 1.82408 0 225 3.68318e-07
2.21329 1.82408 0 225 3.65915e-07
2.21404 1.82408 0 225 3.63745e-07
2.21479 1.82408 0 225 3.61793e-07
2.21554 1.82408 0 225 3.60044e-07
2.21629 1.82408 0 225 3.58487e-07
2.21704 1.82408 0 225 3.5711e-07
2.21779 1.82408 0 225 3.55903e-07
2.21854 1.82408 0 225 3.54855e-07
2.21929 1.82408 0 225 3.53958e-07
2.22004 1.82408 0 225 3.53203e-07
2.22079 1.82408 0 225 3.52584e-07
2.22154 1.82408 0 225 3.52092e-07
2.22229 1.82408 0 225 3.51721e-07
2.22304 1.82408 0 225 3.51466e-07
2.22379 1.82408 0 225 3.5132e-07
2.22454 1.82408 0 225 3.5128e-07
2.22529 1.82408 0 225 3.5134e-07
2.22604 1.82408 0 225 3.51495e-07
2.22679 1.82408 0 225 3.51743e-07
2.22754 1.82408 0 225 3.5208e-07
2.22829 1.82408 0 225 3.52501e-07
2.22904 1.82408 0 225 3.53005e-07
2.22979 1.82408 0 225 3.53588e-07
2.23054 1.82408 0 225 3.54249e-07
2.23129 1.82408 0 225 3.54985e-07
2.23204 1.82408 0 225 3.55793e-07
2.23279 1.82408 0 225 3.56672e-07
2.23354 1.82408 0 225 3.5762e-07
2.23429 1.82408 0 225 3.58635e-07
2.23504 1.82408 0 225 3.59716e-07
2.23579 1.82408 0 225 3.60862e-07
2.23654 1.82408 0 225 3.62072e-07
2.23729 1.82408 0 225 3.63344e-07
2.23804 1.82408 0 225 3.64678e-07
2.23879 1.82408 0 225 3.66072e-07
2.23954 1.82408 0 225 3.67527e-07
2.24029 1.82408 0 225 3.69042e-07
2.24104 1.82408 0 225 3.70615e-07
2.24179 1.82408 0 225 3.72247e-07
2.24254 1.82408 0 225 3.73938e-07
2.24329 1.82408 0 225 3.75687e-07
2.24404 1.82408 0 225 3.77493e-07
2.24479 1.82408 0 225 3.79357e-07
2.24554 1.82408 0 225 3.81278e-07
2.24629 1.82408 0 225 3.83258e-07
2.24704 1.82408 0 225 3.85295e-07
2.24779 1.82408 0 225 3.87391e-07
2.24854 1.82408 0 225 3.89545e-07
2.24929 1.82408 0 225 3.91757e-07
2.25004 1.82408 0 225 3.94028e-07
2.25079 1.82408 0 225 3.96359e-07
2.25154 1.82408 0 225 3.98749e-07
2.25229 1.82408 0 225 4.012e-07
2.25304 1.82408 0 225 4.03712e-07
2.25379 1.82408 0 225 4.06285e-07
2.25454 1.82408 0 225 4.08919e-07
2.25529 1.82408 0 225 4.11617e-07
2.25604 1.82408 0 225 4.14379e-07
2.25679 1.82408 0 225 4.17205e-07
2.25754 1.82408 0 225 4.20098e-07
2.25829 1.82408 0 225 4.23058e-07
2.25904 1.82408 0 225 4.26085e-07
2.25979 1.82408 0 225 4.29181e-07
2.26054 1.82408 0 225 4.32347e-07
2.26129 1.82408 0 225 4.35586e-07
2.26204 1.82408 0 225 4.38897e-07
2.26279 1.82408 0 225 4.42283e-07
2.26354 1.82408 0 225 4.45744e-07
2.26429 1.82408 0 225 4.49282e-07
2.26504 1.82408 0 225 4.529e-07
2.26579 1.82408 0 225 4.56598e-07
2.26654 1.82408 0 225 4.6038e-07
2.26729 1.82408 0 225 4.64246e-07
2.26804 1.82408 0 225 4.682e-07
2.26879 1.82408 0 225 4.72242e-07
2.26954 1.82408 0 225 4.76375e-07
2.2703 1.82408 0 225 4.80601e-07
2.27105 1.82408 0 225 4.84924e-07
2.2718 1.82408 0 225 4.89346e-07
2.27255 1.82408 0 225 4.93871e-07
2.2733 1.82408 0 225 4.98499e-07
2.27405 1.82408 0 225 5.03234e-07
2.2748 1.82408 0 225 5.0808e-07
2.27555 1.82408 0 225 5.13041e-07
2.2763 1.82408 0 225 5.1812e-07
2.27705 1.82408 0 225 5.2332e-07
2.2778 1.82408 0 225 5.28644e-07
2.27855 1.82408 0 225 5.34097e-07
2.2793 1.82408 0 225 5.39682e-07
2.28005 1.82408 0 225 5.45403e-07
2.2808 1.82408 0 225 5.51264e-07
2.28155 1.82408 0 225 5.57269e-07
2.2823 1.82408 0 225 5.63421e-07
2.28305 1.82408 0 225 5.69722e-07
2.2838 1.82408 0 225 5.76176e-07
2.28455 1.82408 0 225 5.82587e-07
2.2853 1.82408 0 225 5.89346e-07
2.28605 1.82408 0 225 5.96262e-07
2.2868 1.82408 0 225 6.03331e-07
2.28755 1.82408 0 225 6.10551e-07
2.2883 1.82408 0 225 6.17919e-07
2.28905 1.82408 0 225 6.2543e-07
2.2898 1.82408 0 225 6.33073e-07
2.29055 1.82408 0 225 6.40839e-07
2.2913 1.82408 0 225 6.48717e-07
2.29205 1.82408 0 225 6.56694e-07
2.2928 1.82408 0 225 6.64756e-07
2.29355 1.82408 0 225 6.7289e-07
2.2943 1.82408 0 225 6.81087e-07
2.29505 1.82408 0 225 6.89335e-07
2.2958 1.82408 0 225 6.97632e-07
2.29655 1.82408 0 225 7.05975e-07
2.2973 1.82408 0 225 7.1437e-07
2.29805 1.82408 0 225 7.22829e-07
2.2988 1.82408 0 225 7.31361e-07
2.29955 1.82408 0 225 7.39992e-07
2.3003 1.82408 0 225 7.48742e-07
2.30105 1.82408 0 225 7.57636e-07
2.3018 1.82408 0 225 7.66703e-07
2.30255 1.82408 0 225 7.7596e-07
2.3033 1.82408 0 225 7.85438e-07
2.30405 1.82408 0 225 7.95158e-07
2.3048 1.82408 0 225 8.0514e-07
2.30555 1.82408 0 225 8.15406e-07
2.3063 1.82408 0 225 8.2597e-07
2.30705 1.82408 0 225 8.36855e-07
2.3078 1.82408 0 225 8.48071e-07
2.30855 1.82408 0 225 8.5963e-07
2.3093 1.82408 0 225 8.71545e-07
2.31005 1.82408 0 225 8.83829e-07
2.3108 1.82408 0 225 8.96493e-07
2.31155 1.82408 0 225 9.09545e-07
2.3123 1.82408 0 225 9.23e-07
2.31305 1.82408 0 225 9.36867e-07
2.3138 1.82408 0 225 9.51157e-07
2.31455 1.82408 0 225 9.65878e-07
2.3153 1.82408 0 225 9.81051e-07
2.31605 1.82408 0 225 9.96688e-07
2.3168 1.82408 0 225 1.0128e-06
2.31755 1.82408 0 225 1.0294e-06
2.3183 1.82408 0 225 1.04651e-06
2.31905 1.82408 0 225 1.06414e-06
2.3198 1.82408 0 225 1.08231e-06
2.32055 1.82408 0 225 1.10104e-06
2.3213 1.82408 0 225 1.12034e-06
2.32205 1.82408 0 225 1.14024e-06
2.3228 1.82408 0 225 1.16076e-06
2.32355 1.82408 0 225 1.18193e-06
2.3243 1.82408 0 225 1.20377e-06
2.32505 1.82408 0 225 1.2263e-06
2.3258 1.82408 0 225 1.24955e-06
2.32655 1.82408 0 225 1.27356e-06
2.3273 1.82408 0 225 1.29835e-06
2.32805 1.82408 0 225 1.32395e-06
2.3288 1.82408 0 225 1.35041e-06
2.32955 1.82408 0 225 1.37776e-06
2.33031 1.82408 0 225 1.40605e-06
2.33106 1.82408 0 225 1.43532e-06
2.33181 1.82408 0 225 1.46561e-06
2.33256 1.82408 0 225 1.49699e-06
2.33331 1.82408 0 225 1.52951e-06
2.33406 1.82408 0 225 1.56323e-06
2.33481 1.82408 0 225 1.59821e-06
2.33556 1.82408 0 225 1.63453e-06
2.33631 1.82408 0 225 1.67226e-06
2.33706 1.82408 0 225 1.71147e-06
2.33781 1.82408 0 225 1.75225e-06
2.33856 1.82408 0 225 1.79467e-06
2.33931 1.82408 0 225 1.83881e-06
2.34006 1.82408 0 225 1.88476e-06
2.34081 1.82408 0 225 1.93261e-06
2.34156 1.82408 0 225 1.98243e-06
2.34231 1.82408 0 225 2.03432e-06
2.34306 1.82408 0 225 2.08838e-06
2.34381 1.82408 0 225 2.14471e-06
2.34456 1.82408 0 225 2.20342e-06
2.34531 1.82408 0 225 2.26463e-06
2.34606 1.82408 0 225 2.32849e-06
2.34681 1.82408 0 225 2.39514e-06
2.34756 1.82408 0 225 2.46475e-06
2.34831 1.82408 0 225 2.53749e-06
2.34906 1.82408 0 225 2.61355e-06
2.34981 1.82408 0 225 2.69315e-06
2.35056 1.82408 0 225 2.7765e-06
2.35131 1.82408 0 225 2.86387e-06
2.35206 1.82408 0 225 2.9555e-06
2.35281 1.82408 0 225 3.05168e-06
2.35356 1.82408 0 225 3.15271e-06
2.35431 1.82408 0 225 3.25891e-06
2.35506 1.82408 0 225 3.37063e-06
2.35581 1.82408 0 225 3.48825e-06
2.35656 1.82408 0 225 3.61217e-06
2.35731 1.82408 0 225 3.74281e-06
2.35806 1.82408 0 225 3.88063e-06
2.35881 1.82408 0 225 4.02615e-06
2.35956 1.82408 0 225 4.17989e-06
2.36031 1.82408 0 225 4.3424e-06
2.36106 1.82408 0 225 4.51431e-06
2.36181 1.82408 0 225 4.69628e-06
2.36256 1.82408 0 225 4.88898e-06
2.36331 1.82408 0 225 5.09314e-06
2.36406 1.82408 0 225 5.30951e-06
2.36481 1.82408 0 225 5.5389e-06
2.36556 1.82408 0 225 5.78209e-06
2.36631 1.82408 0 225 6.03997e-06
2.36706 1.82408 0 225 6.31336e-06
2.36781 1.82408 0 225 6.6031e-06
2.36856 1.82408 0 225 6.90994e-06
2.36931 1.82408 0 225 7.23468e-06
2.37006 1.82408 0 225 7.5779e-06
2.37081 1.82408 0 225 7.94006e-06
2.37156 1.82408 0 225 8.32148e-06
2.37231 1.82408 0 225 8.72214e-06
2.37306 1.82408 0 225 9.14178e-06
2.37381 1.82408 0 225 9.57963e-06
2.37456 1.82408 0 225 1.00345e-05
2.37531 1.82408 0 225 1.05047e-05
2.37606 1.82408 0 225 1.09878e-05
2.37681 1.82408 0 225 1.1481e-05
2.37756 1.82408 0 225 1.19807e-05
2.37831 1.82408 0 225 1.24832e-05
2.37906 1.82408 0 225 1.29841e-05
2.37981 1.82408 0 225 1.34793e-05
2.38056 1.82408 0 225 1.39647e-05
2.38131 1.82408 0 225 1.44371e-05
2.38206 1.82408 0 225 1.48939e-05
2.38281 1.82408 0 225 1.53341e-05
2.38356 1.82408 0 225 1.57581e-05
2.38431 1.82408 0 225 1.61679e-05
2.38506 1.82408 0 225 1.6567e-05
2.38581 1.82408 0 225 1.69603e-05
2.38656 1.82408 0 225 1.73539e-05
2.38731 1.82408 0 225 1.77544e-05
2.38806 1.82408 0 225 1.81685e-05
2.38881 1.82408 0 225 1.8603e-05
2.38956 1.82408 0 225 1.90636e-05
2.39032 1.82408 0 225 1.95552e-05
2.39107 1.82408 0 225 2.00811e-05
2.39182 1.82408 0 225 2.0643e-05
2.39257 1.82408 0 225 2.12404e-05
2.39332 1.82408 0 225 2.18577e-05
2.39407 1.82408 0 225 2.25166e-05
2.39482 1.82408 0 225 2.31954e-05
2.39557 1.82408 0 225 2.38836e-05
2.39632 1.82408 0 225 2.45676e-05
2.39707 1.82408 0 225 2.52315e-05
2.39782 1.82408 0 225 2.58569e-05
2.39857 1.82408 0 225 2.6424e-05
2.39932 1.82408 0 225 2.69126e-05
2.40007 1.82408 0 225 2.73027e-05
2.40082 1.82408 0 225 2.75765e-05
2.40157 1.82408 0 225 2.77191e-05
2.40232 1.82408 0 225 2.77201e-05
2.40307 1.82408 0 225 2.75743e-05
2.40382 1.82408 0 225 2.72822e-05
2.40457 1.82408 0 225 2.68496e-05
2.40532 1.82408 0 225 2.62876e-05
2.40607 1.82408 0 225 2.56111e-05
2.40682 1.82408 0 225 2.48377e-05
2.40757 1.82408 0 225 2.39868e-05
2.40832 1.82408 0 225 2.30778e-05
2.40907 1.82408 0 225 2.21296e-05
2.40982 1.82408 0 225 2.11593e-05
2.41057 1.82408 0 225 2.01823e-05
2.41132 1.82408 0 225 1.92118e-05
2.41207 1.82408 0 225 1.82578e-05
2.41282 1.82408 0 225 1.73291e-05
2.41357 1.82408 0 225 1.6432e-05
2.41432 1.82408 0 225 1.55709e-05
2.41507 1.82408 0 225 1.47489e-05
2.41582 1.82408 0 225 1.39675e-05
2.41657 1.82408 0 225 1.32274e-05
2.41732 1.82408 0 225 1.25285e-05
2.41807 1.82408 0 225 1.187e-05
2.41882 1.82408 0 225 1.12505e-05
2.41957 1.82408 0 225 1.06687e-05
2.42032 1.82408 0 225 1.01227e-05
2.42107 1.82408 0 225 9.61067e-06
2.42182 1.82408 0 225 9.13077e-06
2.42257 1.82408 0 225 8.68102e-06
2.42332 1.82408 0 225 8.25955e-06
2.42407 1.82408 0 225 7.86454e-06
2.42482 1.82408 0 225 7.49422e-06
2.42557 1.82408 0 225 7.14695e-06
2.42632 1.82408 0 225 6.82112e-06
2.42707 1.82408 0 225 6.51522e-06
2.42782 1.82408 0 225 6.22789e-06
2.42857 1.82408 0 225 5.95783e-06
2.42932 1.82408 0 225 5.70382e-06
2.43007 1.82408 0 225 5.46476e-06
2.43082 1.82408 0 225 5.23959e-06
2.43157 1.82408 0 225 5.02735e-06
2.43232 1.82408 0 225 4.82715e-06
2.43307 1.82408 0 225 4.63816e-06
2.43382 1.82408 0 225 4.45963e-06
2.43457 1.82408 0 225 4.29084e-06
2.43532 1.82408 0 225 4.13114e-06
2.43607 1.82408 0 225 3.97992e-06
2.43682 1.82408 0 225 3.83663e-06
2.43757 1.82408 0 225 3.70076e-06
2.43832 1.82408 0 225 3.57182e-06
2.43907 1.82408 0 225 3.44938e-06
2.43982 1.82408 0 225 3.33302e-06
2.44057 1.82408 0 225 3.22237e-06
2.44132 1.82408 0 225 3.11706e-06
2.44207 1.82408 0 225 3.01679e-06
2.44282 1.82408 0 225 2.92124e-06
2.44357 1.82408 0 225 2.83013e-06
2.44432 1.82408 0 225 2.7432e-06
2.44507 1.82408 0 225 2.66022e-06
2.44582 1.82408 0 225 2.58094e-06
2.44657 1.82408 0 225 2.50515e-06
2.44732 1.82408 0 225 2.43267e-06
2.44807 1.82408 0 225 2.3633e-06
2.44882 1.82408 0 225 2.29688e-06
2.44957 1.82408 0 225 2.23325e-06
2.45033 1.82408 0 225 2.17225e-06
2.45108 1.82408 0 225 2.11375e-06
2.45183 1.82408 0 225 2.05761e-06
2.45258 1.82408 0 225 2.00372e-06
2.45333 1.82408 0 225 1.95195e-06
2.45408 1.82408 0 225 1.9022e-06
2.45483 1.82408 0 225 1.85436e-06
2.45558 1.82408 0 225 1.80835e-06
2.45633 1.82408 0 225 1.76407e-06
2.45708 1.82408 0 225 1.72143e-06
2.45783 1.82408 0 225 1.68037e-06
2.45858 1.82408 0 225 1.64079e-06
2.45933 1.82408 0 225 1.60265e-06
2.46008 1.82408 0 225 1.56586e-06
2.46083 1.82408 0 225 1.53037e-06
2.46158 1.82408 0 225 1.4961e-06
2.46233 1.82408 0 225 1.46301e-06
2.46308 1.82408 0 225 1.43105e-06
2.46383 1.82408 0 225 1.40017e-06
2.46458 1.82408 0 225 1.37032e-06
2.46533 1.82408 0 225 1.34144e-06
2.46608 1.82408 0 225 1.31352e-06
2.46683 1.82408 0 225 1.28649e-06
2.46758 1.82408 0 225 1.26032e-06
2.46833 1.82408 0 225 1.23498e-06
2.46908 1.82408 0 225 1.21043e-06
2.46983 1.82408 0 225 1.18664e-06
2.47058 1.82408 0 225 1.16358e-06
2.47133 1.82408 0 225 1.14122e-06
2.47208 1.82408 0 225 1.11952e-06
2.47283 1.82408 0 225 1.09845e-06
2.47358 1.82408 0 225 1.078e-06
2.47433 1.82408 0 225 1.05814e-06
2.47508 1.82408 0 225 1.03885e-06
2.47583 1.82408 0 225 1.0201e-06
2.47658 1.82408 0 225 1.00187e-06
2.47733 1.82408 0 225 9.84141e-07
2.47808 1.82408 0 225 9.66892e-07
2.47883 1.82408 0 225 9.50104e-07
2.47958 1.82408 0 225 9.33757e-07
2.48033 1.82408 0 225 9.17829e-07
2.48108 1.82408 0 225 9.02317e-07
2.48183 1.82408 0 225 8.87187e-07
2.48258 1.82408 0 225 8.72429e-07
2.48333 1.82408 0 225 8.5802e-07
2.48408 1.82408 0 225 8.43957e-07
2.48483 1.82408 0 225 8.30212e-07
2.48558 1.82408 0 225 8.1678e-07
2.48633 1.82408 0 225 8.03641e-07
2.48708 1.82408 0 225 7.90779e-07
2.48783 1.82408 0 225 7.7818e-07
2.48858 1.82408 0 225 7.65829e-07
2.48933 1.82408 0 225 7.53717e-07
2.49008 1.82408 0 225 7.41814e-07
2.49083 1.82408 0 225 7.30113e-07
2.49158 1.82408 0 225 7.18583e-07
2.49233 1.82408 0 225 7.07236e-07
2.49308 1.82408 0 225 6.96042e-07
2.49383 1.82408 0 225 6.84984e-07
2.49458 1.82408 0 225 6.74045e-07
2.49533 1.82408 0 225 6.63205e-07
2.49608 1.82408 0 225 6.52455e-07
2.49683 1.82408 0 225 6.41758e-07
2.49758 1.82408 0 225 6.31102e-07
2.49833 1.82408 0 225 6.20465e-07
2.49908 1.82408 0 225 6.09827e-07
2.49983 1.82408 0 225 5.99172e-07
2.50058 1.82408 0 225 5.88451e-07
2.50133 1.82408 0 225 5.77668e-07
2.50208 1.82408 0 225 5.66801e-07
2.50283 1.82408 0 225 5.55813e-07
2.50358 1.82408 0 225 5.44674e-07
2.50433 1.82408 0 225 5.33373e-07
2.50508 1.82408 0 225 5.2189e-07
2.50583 1.82408 0 225 5.1021e-07
2.50658 1.82408 0 225 4.98325e-07
2.50733 1.82408 0 225 4.86232e-07
2.50808 1.82408 0 225 4.7394e-07
2.50883 1.82408 0 225 4.6147e-07
2.50958 1.82408 0 225 4.48861e-07
2.51034 1.82408 0 225 4.36171e-07
2.51109 1.82408 0 225 4.23483e-07
2.51184 1.82408 0 225 4.10902e-07
2.51259 1.82408 0 225 3.98584e-07
2.51334 1.82408 0 225 3.86369e-07
2.51409 1.82408 0 225 3.75119e-07
2.51484 1.82408 0 225 3.64805e-07
2.51559 1.82408 0 225 3.5572e-07
2.51634 1.82408 0 225 3.48197e-07
2.51709 1.82408 0 225 3.42539e-07
2.51784 1.82408 0 225 3.39163e-07
2.51859 1.82408 0 225 3.38344e-07
2.51934 1.82408 0 225 3.40337e-07
2.52009 1.82408 0 225 3.45309e-07
2.52084 1.82408 0 225 3.53312e-07
2.52159 1.82408 0 225 3.64253e-07
2.52234 1.82408 0 225 3.77895e-07
2.52309 1.82408 0 225 3.9387e-07
2.52384 1.82408 0 225 4.11684e-07
2.52459 1.82408 0 225 4.30721e-07
2.52534 1.82408 0 225 4.503e-07
2.52609 1.82408 0 225 4.69796e-07
2.52684 1.82408 0 225 4.88554e-07
2.52759 1.82408 0 225 5.06009e-07
2.52834 1.82408 0 225 5.21674e-07
2.52909 1.82408 0 225 5.35245e-07
2.52984 1.82408 0 225 5.46457e-07
2.53059 1.82408 0 225 5.55281e-07
2.53134 1.82408 0 225 5.61427e-07
2.53209 1.82408 0 225 5.65422e-07
2.53284 1.82408 0 225 5.67162e-07
2.53359 1.82408 0 225 5.66833e-07
2.53434 1.82408 0 225 5.64652e-07
2.53509 1.82408 0 225 5.60854e-07
2.53584 1.82408 0 225 5.55672e-07
2.53659 1.82408 0 225 5.49349e-07
2.53734 1.82408 0 225 5.42099e-07
2.53809 1.82408 0 225 5.34134e-07
2.53884 1.82408 0 225 5.25638e-07
2.53959 1.82408 0 225 5.16779e-07
2.54034 1.82408 0 225 5.07691e-07
2.54109 1.82408 0 225 4.98498e-07
2.54184 1.82408 0 225 4.89297e-07
2.54259 1.82408 0 225 4.80171e-07
2.54334 1.82408 0 225 4.71185e-07
2.54409 1.82408 0 225 4.62384e-07
2.54484 1.82408 0 225 4.53812e-07
2.54559 1.82408 0 225 4.4549e-07
2.54634 1.82408 0 225 4.37439e-07
2.54709 1.82408 0 225 4.29675e-07
2.54784 1.82408 0 225 4.22196e-07
2.54859 1.82408 0 225 4.15012e-07
2.54934 1.82408 0 225 4.08111e-07
2.55009 1.82408 0 225 4.0149e-07
2.55084 1.82408 0 225 3.95142e-07
2.55159 1.82408 0 225 3.89057e-07
2.55234 1.82408 0 225 3.83224e-07
2.55309 1.82408 0 225 3.77631e-07
2.55384 1.82408 0 225 3.72265e-07
2.55459 1.82408 0 225 3.67114e-07
2.55534 1.82408 0 225 3.62165e-07
2.55609 1.82408 0 225 3.57407e-07
2.55684 1.82408 0 225 3.52827e-07
2.55759 1.82408 0 225 3.4842e-07
2.55834 1.82408 0 225 3.44167e-07
2.55909 1.82408 0 225 3.40065e-07
2.55984 1.82408 0 225 3.36104e-07
2.56059 1.82408 0 225 3.32278e-07
2.56134 1.82408 0 225 3.28578e-07
2.56209 1.82408 0 225 3.25e-07
2.56284 1.82408 0 225 3.21537e-07
2.56359 1.82408 0 225 3.18184e-07
2.56434 1.82408 0 225 3.14936e-07
2.56509 1.82408 0 225 3.11787e-07
2.56584 1.82408 0 225 3.08733e-07
2.56659 1.82408 0 225 3.05771e-07
2.56734 1.82408 0 225 3.02895e-07
2.56809 1.82408 0 225 3.00102e-07
2.56884 1.82408 0 225 2.97387e-07
2.56959 1.82408 0 225 2.94747e-07
2.57035 1.82408 0 225 2.92184e-07
2.5711 1.82408 0 225 2.89683e-07
2.57185 1.82408 0 225 2.87248e-07
2.5726 1.82408 0 225 2.84874e-07
2.57335 1.82408 0 225 2.82558e-07
2.5741 1.82408 0 225 2.80298e-07
2.57485 1.82408 0 225 2.78091e-07
2.5756 1.82408 0 225 2.75934e-07
2.57635 1.82408 0 225 2.73824e-07
2.5771 1.82408 0 225 2.71759e-07
2.57785 1.82408 0 225 2.69736e-07
2.5786 1.82408 0 225 2.67753e-07
2.57935 1.82408 0 225 2.65807e-07
2.5801 1.82408 0 225 2.63897e-07
2.58085 1.82408 0 225 2.62019e-07
2.5816 1.82408 0 225 2.60172e-07
2.58235 1.82408 0 225 2.58353e-07
2.5831 1.82408 0 225 2.56561e-07
2.58385 1.82408 0 225 2.54792e-07
2.5846 1.82408 0 225 2.53045e-07
2.58535 1.82408 0 225 2.51318e-07
2.5861 1.82408 0 225 2.49609e-07
2.58685 1.82408 0 225 2.47913e-07
2.5876 1.82408 0 225 2.4623e-07
2.58835 1.82408 0 225 2.44557e-07
2.5891 1.82408 0 225 2.42893e-07
2.58985 1.82408 0 225 2.41233e-07
2.5906 1.82408 0 225 2.39576e-07
2.59135 1.82408 0 225 2.37919e-07
2.5921 1.82408 0 225 2.36256e-07
2.59285 1.82408 0 225 2.3459e-07
2.5936 1.82408 0 225 2.32913e-07
2.59435 1.82408 0 225 2.31224e-07
2.5951 1.82408 0 225 2.29516e-07
2.59585 1.82408 0 225 2.27789e-07
2.5966 1.82408 0 225 2.26038e-07
2.59735 1.82408 0 225 2.24256e-07
2.5981 1.82408 0 225 2.22442e-07
2.59885 1.82408 0 225 2.2059e-07
2.5996 1.82408 0 225 2.18694e-07
2.60035 1.82408 0 225 2.16745e-07
2.6011 1.82408 0 225 2.14743e-07
2.60185 1.82408 0 225 2.12678e-07
2.6026 1.82408 0 225 2.10543e-07
2.60335 1.82408 0 225 2.08329e-07
2.6041 1.82408 0 225 2.06029e-07
2.60485 1.82408 0 225 2.03629e-07
2.6056 1.82408 0 225 2.01126e-07
2.60635 1.82408 0 225 1.98505e-07
2.6071 1.82408 0 225 1.95754e-07
2.60785 1.82408 0 225 1.92861e-07
2.6086 1.82408 0 225 1.8981e-07
2.60935 1.82408 0 225 1.86586e-07
2.6101 1.82408 0 225 1.83173e-07
2.61085 1.82408 0 225 1.79547e-07
2.6116 1.82408 0 225 1.75695e-07
2.61235 1.82408 0 225 1.71593e-07
2.6131 1.82408 0 225 1.67217e-07
2.61385 1.82408 0 225 1.62539e-07
2.6146 1.82408 0 225 1.57532e-07
2.61535 1.82408 0 225 1.52165e-07
2.6161 1.82408 0 225 1.46405e-07
2.61685 1.82408 0 225 1.40216e-07
2.6176 1.82408 0 225 1.3356e-07
2.61835 1.82408 0 225 1.26386e-07
2.6191 1.82408 0 225 1.18665e-07
2.61985 1.82408 0 225 1.1035e-07
2.6206 1.82408 0 225 1.01386e-07
2.62135 1.82408 0 225 9.17282e-08
2.6221 1.82408 0 225 8.13234e-08
2.62285 1.82408 0 225 7.01199e-08
2.6236 1.82408 0 225 5.80676e-08
2.62435 1.82408 0 225 4.51188e-08
2.6251 1.82408 0 225 3.1231e-08
2.62585 1.82408 0 225 1.63397e-08
2.6266 1.82408 0 225 4.77897e-10
2.62735 1.82408 0 225 -1.63896e-08
2.6281 1.82408 0 225 -3.42499e-08
2.62885 1.82408 0 225 -5.30631e-08
2.6296 1.82408 0 225 -7.2761e-08
2.63036 1.82408 0 225 -9.32425e-08
2.63111 1.82408 0 225 -1.14292e-07
2.63186 1.82408 0 225 -1.35713e-07
2.63261 1.82408 0 225 -1.57198e-07
2.63336 1.82408 0 225 -1.78388e-07
2.63411 1.82408 0 225 -1.98811e-07
2.63486 1.82408 0 225 -2.17941e-07
2.63561 1.82408 0 225 -2.35168e-07
2.63636 1.82408 0 225 -2.49821e-07
2.63711 1.82408 0 225 -2.61186e-07
2.63786 1.82408 0 225 -2.68544e-07
2.63861 1.82408 0 225 -2.71209e-07
2.63936 1.82408 0 225 -2.6858e-07
2.64011 1.82408 0 225 -2.60192e-07
2.64086 1.82408 0 225 -2.45803e-07
2.64161 1.82408 0 225 -2.25318e-07
2.64236 1.82408 0 225 -1.98968e-07
2.64311 1.82408 0 225 -1.67247e-07
2.64386 1.82408 0 225 -1.30915e-07
2.64461 1.82408 0 225 -9.09074e-08
2.64536 1.82408 0 225 -6.17236e-08
2.64611 1.82408 0 225 -1.58636e-08
2.64686 1.82408 0 225 3.02778e-08
2.64761 1.82408 0 225 7.55038e-08
2.64836 1.82408 0 225 1.18822e-07
2.64911 1.82408 0 225 1.59378e-07
2.64986 1.82408 0 225 1.96603e-07
2.65061 1.82408 0 225 2.30064e-07
2.65136 1.82408 0 225 2.59542e-07
2.65211 1.82408 0 225 2.84996e-07
2.65286 1.82408 0 225 3.06532e-07
2.65361 1.82408 0 225 3.24352e-07
2.65436 1.82408 0 225 3.38737e-07
2.65511 1.82408 0 225 3.50013e-07
2.65586 1.82408 0 225 3.58535e-07
2.65661 1.82408 0 225 3.64641e-07
2.65736 1.82408 0 225 3.68678e-07
2.65811 1.82408 0 225 3.70968e-07
2.65886 1.82408 0 225 3.71799e-07
2.65961 1.82408 0 225 3.71442e-07
2.66036 1.82408 0 225 3.70127e-07
2.66111 1.82408 0 225 3.68052e-07
2.66186 1.82408 0 225 3.65403e-07
2.66261 1.82408 0 225 3.62319e-07
2.66336 1.82408 0 225 3.58933e-07
2.66411 1.82408 0 225 3.55363e-07
2.66486 1.82408 0 225 3.51652e-07
2.66561 1.82408 0 225 3.47921e-07
2.66636 1.82408 0 225 3.44217e-07
2.66711 1.82408 0 225 3.40575e-07
2.66786 1.82408 0 225 3.3704e-07
2.66861 1.82408 0 225 3.33642e-07
2.66936 1.82408 0 225 3.30405e-07
2.67011 1.82408 0 225 3.27345e-07
2.67086 1.82408 0 225 3.24476e-07
2.67161 1.82408 0 225 3.2181e-07
2.67236 1.82408 0 225 3.19353e-07
2.67311 1.82408 0 225 3.17115e-07
2.67386 1.82408 0 225 3.15104e-07
2.67461 1.82408 0 225 3.13298e-07
2.67536 1.82408 0 225 3.11714e-07
2.67611 1.82408 0 225 3.10351e-07
2.67686 1.82408 0 225 3.09208e-07
2.67761 1.82408 0 225 3.08287e-07
2.67836 1.82408 0 225 3.07585e-07
2.67911 1.82408 0 225 3.07102e-07
2.67986 1.82408 0 225 3.06838e-07
2.68061 1.82408 0 225 3.06792e-07
2.68136 1.82408 0 225 3.06964e-07
2.68211 1.82408 0 225 3.07356e-07
2.68286 1.82408 0 225 3.07962e-07
2.68361 1.82408 0 225 3.08781e-07
2.68436 1.82408 0 225 3.09815e-07
2.68511 1.82408 0 225 3.11069e-07
2.68586 1.82408 0 225 3.12528e-07
2.68661 1.82408 0 225 3.14197e-07
2.68736 1.82408 0 225 3.16073e-07
2.68811 1.82408 0 225 3.18152e-07
2.68886 1.82408 0 225 3.20426e-07
2.68961 1.82408 0 225 3.2289e-07
2.69037 1.82408 0 225 3.25533e-07
2.69112 1.82408 0 225 3.28343e-07
2.69187 1.82408 0 225 3.31305e-07
2.69262 1.82408 0 225 3.34404e-07
2.69337 1.82408 0 225 3.37616e-07
2.69412 1.82408 0 225 3.40925e-07
2.69487 1.82408 0 225 3.443e-07
2.69562 1.82408 0 225 3.47717e-07
2.69637 1.82408 0 225 3.51152e-07
2.69712 1.82408 0 225 3.54578e-07
2.69787 1.82408 0 225 3.57971e-07
2.69862 1.82408 0 225 3.61312e-07
2.69937 1.82408 0 225 3.64585e-07
2.70012 1.82408 0 225 3.67783e-07
2.70087 1.82408 0 225 3.70904e-07
2.70162 1.82408 0 225 3.73953e-07
2.70237 1.82408 0 225 3.76946e-07
2.70312 1.82408 0 225 3.79901e-07
2.70387 1.82408 0 225 3.82847e-07
2.70462 1.82408 0 225 3.85816e-07
2.70537 1.82408 0 225 3.88843e-07
2.70612 1.82408 0 225 3.91968e-07
2.70687 1.82408 0 225 3.95227e-07
2.70762 1.82408 0 225 3.98662e-07
2.70837 1.82408 0 225 4.0231e-07
2.70912 1.82408 0 225 4.06209e-07
2.70987 1.82408 0 225 4.10395e-07
2.71062 1.82408 0 225 4.149e-07
2.71137 1.82408 0 225 4.19757e-07
2.71212 1.82408 0 225 4.24996e-07
2.71287 1.82408 0 225 4.30646e-07
2.71362 1.82408 0 225 4.36735e-07
2.71437 1.82408 0 225 4.4329e-07
2.71512 1.82408 0 225 4.5034e-07
2.71587 1.82408 0 225 4.57911e-07
2.71662 1.82408 0 225 4.66031e-07
2.71737 1.82408 0 225 4.74731e-07
2.71812 1.82408 0 225 4.84041e-07
2.71887 1.82408 0 225 4.93992e-07
2.71962 1.82408 0 225 5.04618e-07
2.72037 1.82408 0 225 5.15956e-07
2.72112 1.82408 0 225 5.28044e-07
2.72187 1.82408 0 225 5.40922e-07
2.72262 1.82408 0 225 5.54635e-07
2.72337 1.82408 0 225 5.69226e-07
2.72412 1.82408 0 225 5.84747e-07
2.72487 1.82408 0 225 6.01246e-07
2.72562 1.82408 0 225 6.18779e-07
2.72637 1.82408 0 225 6.374e-07
2.72712 1.82408 0 225 6.57171e-07
2.72787 1.82408 0 225 6.78149e-07
2.72862 1.82408 0 225 7.00397e-07
2.72937 1.82408 0 225 7.23974e-07
2.73012 1.82408 0 225 7.48942e-07
2.73087 1.82408 0 225 7.75358e-07
2.73162 1.82408 0 225 8.03278e-07
2.73237 1.82408 0 225 8.32748e-07
2.73312 1.82408 0 225 8.63807e-07
2.73387 1.82408 0 225 8.96481e-07
2.73462 1.82408 0 225 9.30782e-07
2.73537 1.82408 0 225 9.667e-07
2.73612 1.82408 0 225 1.0042e-06
2.73687 1.82408 0 225 1.04321e-06
2.73762 1.82408 0 225 1.08363e-06
2.73837 1.82408 0 225 1.12531e-06
2.73912 1.82408 0 225 1.16803e-06
2.73987 1.82408 0 225 1.21155e-06
2.74062 1.82408 0 225 1.25553e-06
2.74137 1.82408 0 225 1.29958e-06
2.74212 1.82408 0 225 1.34323e-06
2.74287 1.82408 0 225 1.38594e-06
2.74362 1.82408 0 225 1.42713e-06
2.74437 1.82408 0 225 1.46614e-06
2.74512 1.82408 0 225 1.50229e-06
2.74587 1.82408 0 225 1.5349e-06
2.74662 1.82408 0 225 1.56328e-06
2.74737 1.82408 0 225 1.58681e-06
2.74812 1.82408 0 225 1.60495e-06
2.74887 1.82408 0 225 1.61726e-06
2.74962 1.82408 0 225 1.62345e-06
2.75038 1.82408 0 225 1.62338e-06
2.75113 1.82408 0 225 1.61706e-06
2.75188 1.82408 0 225 1.60469e-06
2.75263 1.82408 0 225 1.5866e-06
2.75338 1.82408 0 225 1.56327e-06
2.75413 1.82408 0 225 1.53526e-06
2.75488 1.82408 0 225 1.50321e-06
2.75563 1.82408 0 225 1.4678e-06
2.75638 1.82408 0 225 1.42972e-06
2.75713 1.82408 0 225 1.38963e-06
2.75788 1.82408 0 225 1.34816e-06
2.75863 1.82408 0 225 1.30588e-06
2.75938 1.82408 0 225 1.26331e-06
2.76013 1.82408 0 225 1.22088e-06
2.76088 1.82408 0 225 1.17898e-06
2.76163 1.82408 0 225 1.13789e-06
2.76238 1.82408 0 225 1.09787e-06
2.76313 1.82408 0 225 1.05911e-06
2.76388 1.82408 0 225 1.02173e-06
2.76463 1.82408 0 225 9.85846e-07
2.76538 1.82408 0 225 9.51502e-07
2.76613 1.82408 0 225 9.18735e-07
2.76688 1.82408 0 225 8.87542e-07
2.76763 1.82408 0 225 8.57916e-07
2.76838 1.82408 0 225 8.29823e-07
2.76913 1.82408 0 225 8.03224e-07
2.76988 1.82408 0 225 7.78072e-07
2.77063 1.82408 0 225 7.54312e-07
2.77138 1.82408 0 225 7.31885e-07
2.77213 1.82408 0 225 7.10731e-07
2.77288 1.82408 0 225 6.90791e-07
2.77363 1.82408 0 225 6.72002e-07
2.77438 1.82408 0 225 6.54304e-07
2.77513 1.82408 0 225 6.3764e-07
2.77588 1.82408 0 225 6.2196e-07
2.77663 1.82408 0 225 6.07197e-07
2.77738 1.82408 0 225 5.93306e-07
2.77813 1.82408 0 225 5.8024e-07
2.77888 1.82408 0 225 5.67949e-07
2.77963 1.82408 0 225 5.56392e-07
2.78038 1.82408 0 225 5.45527e-07
2.78113 1.82408 0 225 5.35313e-07
2.78188 1.82408 0 225 5.25716e-07
2.78263 1.82408 0 225 5.16701e-07
2.78338 1.82408 0 225 5.08235e-07
2.78413 1.82408 0 225 5.0029e-07
2.78488 1.82408 0 225 4.92836e-07
2.78563 1.82408 0 225 4.85848e-07
2.78638 1.82408 0 225 4.79301e-07
2.78713 1.82408 0 225 4.73172e-07
2.78788 1.82408 0 225 4.67441e-07
2.78863 1.82408 0 225 4.6209e-07
2.78938 1.82408 0 225 4.57094e-07
2.79013 1.82408 0 225 4.52441e-07
2.79088 1.82408 0 225 4.48112e-07
2.79163 1.82408 0 225 4.44094e-07
2.79238 1.82408 0 225 4.40446e-07
2.79313 1.82408 0 225 4.37005e-07
2.79388 1.82408 0 225 4.33837e-07
2.79463 1.82408 0 225 4.30928e-07
2.79538 1.82408 0 225 4.2827e-07
2.79613 1.82408 0 225 4.25853e-07
2.79688 1.82408 0 225 4.23664e-07
2.79763 1.82408 0 225 4.21701e-07
2.79838 1.82408 0 225 4.19954e-07
2.79913 1.82408 0 225 4.18414e-07
2.79988 1.82408 0 225 4.17076e-07
2.80063 1.82408 0 225 4.15935e-07
2.80138 1.82408 0 225 4.14983e-07
2.80213 1.82408 0 225 4.14217e-07
2.80288 1.82408 0 225 4.13631e-07
2.80363 1.82408 0 225 4.13222e-07
2.80438 1.82408 0 225 4.12984e-07
2.80513 1.82408 0 225 4.12915e-07
2.80588 1.82408 0 225 4.13012e-07
2.80663 1.82408 0 225 4.13273e-07
2.80738 1.82408 0 225 4.13693e-07
2.80813 1.82408 0 225 4.14272e-07
2.80888 1.82408 0 225 4.15006e-07
2.80963 1.82408 0 225 4.15896e-07
2.81039 1.82408 0 225 4.16939e-07
2.81114 1.82408 0 225 4.18134e-07
2.81189 1.82408 0 225 4.19481e-07
2.81264 1.82408 0 225 4.20989e-07
2.81339 1.82408 0 225 4.22634e-07
2.81414 1.82408 0 225 4.24434e-07
2.81489 1.82408 0 225 4.26385e-07
2.81564 1.82408 0 225 4.28489e-07
2.81639 1.82408 0 225 4.30743e-07
2.81714 1.82408 0 225 4.33151e-07
2.81789 1.82408 0 225 4.35713e-07
2.81864 1.82408 0 225 4.38432e-07
2.81939 1.82408 0 225 4.41308e-07
2.82014 1.82408 0 225 4.44343e-07
2.82089 1.82408 0 225 4.47538e-07
2.82164 1.82408 0 225 4.50899e-07
2.82239 1.82408 0 225 4.54427e-07
2.82314 1.82408 0 225 4.58128e-07
2.82389 1.82408 0 225 4.61998e-07
2.82464 1.82408 0 225 4.6604e-07
2.82539 1.82408 0 225 4.70266e-07
2.82614 1.82408 0 225 4.74676e-07
2.82689 1.82408 0 225 4.79274e-07
2.82764 1.82408 0 225 4.84065e-07
2.82839 1.82408 0 225 4.89054e-07
2.82914 1.82408 0 225 4.94247e-07
2.82989 1.82408 0 225 4.99647e-07
2.83064 1.82408 0 225 5.05263e-07
2.83139 1.82408 0 225 5.11098e-07
2.83214 1.82408 0 225 5.17157e-07
2.83289 1.82408 0 225 5.23455e-07
2.83364 1.82408 0 225 5.29996e-07
2.83439 1.82408 0 225 5.36788e-07
2.83514 1.82408 0 225 5.43839e-07
2.83589 1.82408 0 225 5.5116e-07
2.83664 1.82408 0 225 5.58754e-07
2.83739 1.82408 0 225 5.66645e-07
2.83814 1.82408 0 225 5.74839e-07
2.83889 1.82408 0 225 5.83348e-07
2.83964 1.82408 0 225 5.92187e-07
2.84039 1.82408 0 225 6.01373e-07
2.84114 1.82408 0 225 6.1092e-07
2.84189 1.82408 0 225 6.20851e-07
2.84264 1.82408 0 225 6.31181e-07
2.84339 1.82408 0 225 6.41935e-07
2.84414 1.82408 0 225 6.5314e-07
2.84489 1.82408 0 225 6.64824e-07
2.84564 1.82408 0 225 6.77013e-07
2.84639 1.82408 0 225 6.89756e-07
2.84714 1.82408 0 225 7.03086e-07
2.84789 1.82408 0 225 7.17048e-07
2.84864 1.82408 0 225 7.31693e-07
2.84939 1.82408 0 225 7.47076e-07
2.85014 1.82408 0 225 7.63281e-07
2.85089 1.82408 0 225 7.80327e-07
2.85164 1.82408 0 225 7.98308e-07
2.85239 1.82408 0 225 8.17302e-07
2.85314 1.82408 0 225 8.37386e-07
2.85389 1.82408 0 225 8.58639e-07
2.85464 1.82408 0 225 8.81153e-07
2.85539 1.82408 0 225 9.05005e-07
2.85614 1.82408 0 225 9.3027e-07
2.85689 1.82408 0 225 9.57024e-07
2.85764 1.82408 0 225 9.85332e-07
2.85839 1.82408 0 225 1.01524e-06
2.85914 1.82408 0 225 1.04683e-06
2.85989 1.82408 0 225 1.08011e-06
2.86064 1.82408 0 225 1.11514e-06
2.86139 1.82408 0 225 1.15195e-06
2.86214 1.82408 0 225 1.19058e-06
2.86289 1.82408 0 225 1.23105e-06
2.86364 1.82408 0 225 1.27342e-06
2.86439 1.82408 0 225 1.31777e-06
2.86514 1.82408 0 225 1.36414e-06
2.86589 1.82408 0 225 1.41264e-06
2.86664 1.82408 0 225 1.46335e-06
2.86739 1.82408 0 225 1.51638e-06
2.86814 1.82408 0 225 1.57188e-06
2.86889 1.82408 0 225 1.62996e-06
2.86964 1.82408 0 225 1.69078e-06
2.8704 1.82408 0 225 1.75447e-06
2.87115 1.82408 0 225 1.82117e-06
2.8719 1.82408 0 225 1.89102e-06
2.87265 1.82408 0 225 1.96417e-06
2.8734 1.82408 0 225 2.04071e-06
2.87415 1.82408 0 225 2.12076e-06
2.8749 1.82408 0 225 2.20438e-06
2.87565 1.82408 0 225 2.2916e-06
2.8764 1.82408 0 225 2.38242e-06
2.87715 1.82408 0 225 2.47678e-06
2.8779 1.82408 0 225 2.57459e-06
2.87865 1.82408 0 225 2.67564e-06
2.8794 1.82408 0 225 2.77964e-06
2.88015 1.82408 0 225 2.88625e-06
2.8809 1.82408 0 225 2.99496e-06
2.88165 1.82408 0 225 3.10517e-06
2.8824 1.82408 0 225 3.2161e-06
2.88315 1.82408 0 225 3.32684e-06
2.8839 1.82408 0 225 3.43637e-06
2.88465 1.82408 0 225 3.54346e-06
2.8854 1.82408 0 225 3.64678e-06
2.88615 1.82408 0 225 3.74488e-06
2.8869 1.82408 0 225 3.83621e-06
2.88765 1.82408 0 225 3.91923e-06
2.8884 1.82408 0 225 3.9924e-06
2.88915 1.82408 0 225 4.05424e-06
2.8899 1.82408 0 225 4.10347e-06
2.89065 1.82408 0 225 4.139e-06
2.8914 1.82408 0 225 4.16006e-06
2.89215 1.82408 0 225 4.16615e-06
2.8929 1.82408 0 225 4.15717e-06
2.89365 1.82408 0 225 4.13338e-06
2.8944 1.82408 0 225 4.09539e-06
2.89515 1.82408 0 225 4.04412e-06
2.8959 1.82408 0 225 3.98076e-06
2.89665 1.82408 0 225 3.90668e-06
2.8974 1.82408 0 225 3.82343e-06
2.89815 1.82408 0 225 3.73261e-06
2.8989 1.82408 0 225 3.63579e-06
2.89965 1.82408 0 225 3.53454e-06
2.9004 1.82408 0 225 3.4303e-06
2.90115 1.82408 0 225 3.32441e-06
2.9019 1.82408 0 225 3.21805e-06
2.90265 1.82408 0 225 3.11226e-06
2.9034 1.82408 0 225 3.0079e-06
2.90415 1.82408 0 225 2.9057e-06
2.9049 1.82408 0 225 2.80626e-06
2.90565 1.82408 0 225 2.71001e-06
2.9064 1.82408 0 225 2.61731e-06
2.90715 1.82408 0 225 2.52839e-06
2.9079 1.82408 0 225 2.44339e-06
2.90865 1.82408 0 225 2.36241e-06
2.9094 1.82408 0 225 2.28549e-06
2.91015 1.82408 0 225 2.21259e-06
2.9109 1.82408 0 225 2.14367e-06
2.91165 1.82408 0 225 2.07864e-06
2.9124 1.82408 0 225 2.01739e-06
2.91315 1.82408 0 225 1.95982e-06
2.9139 1.82408 0 225 1.90578e-06
2.91465 1.82408 0 225 1.85514e-06
2.9154 1.82408 0 225 1.80775e-06
2.91615 1.82408 0 225 1.76349e-06
2.9169 1.82408 0 225 1.72221e-06
2.91765 1.82408 0 225 1.68378e-06
2.9184 1.82408 0 225 1.64806e-06
2.91915 1.82408 0 225 1.61493e-06
2.9199 1.82408 0 225 1.58427e-06
2.92065 1.82408 0 225 1.55598e-06
2.9214 1.82408 0 225 1.52993e-06
2.92215 1.82408 0 225 1.50602e-06
2.9229 1.82408 0 225 1.48417e-06
2.92365 1.82408 0 225 1.46428e-06
2.9244 1.82408 0 225 1.44628e-06
2.92515 1.82408 0 225 1.43009e-06
2.9259 1.82408 0 225 1.41563e-06
2.92665 1.82408 0 225 1.40284e-06
2.9274 1.82408 0 225 1.39167e-06
2.92815 1.82408 0 225 1.38207e-06
2.9289 1.82408 0 225 1.37397e-06
2.92965 1.82408 0 225 1.36735e-06
2.93041 1.82408 0 225 1.36216e-06
2.93116 1.82408 0 225 1.35836e-06
2.93191 1.82408 0 225 1.35592e-06
2.93266 1.82408 0 225 1.35483e-06
2.93341 1.82408 0 225 1.35506e-06
2.93416 1.82408 0 225 1.35659e-06
2.93491 1.82408 0 225 1.3594e-06
2.93566 1.82408 0 225 1.3635e-06
2.93641 1.82408 0 225 1.36886e-06
2.93716 1.82408 0 225 1.3755e-06
2.93791 1.82408 0 225 1.3834e-06
2.93866 1.82408 0 225 1.39257e-06
2.93941 1.82408 0 225 1.40303e-06
2.94016 1.82408 0 225 1.41478e-06
2.94091 1.82408 0 225 1.42784e-06
2.94166 1.82408 0 225 1.44223e-06
2.94241 1.82408 0 225 1.45797e-06
2.94316 1.82408 0 225 1.47508e-06
2.94391 1.82408 0 225 1.49361e-06
2.94466 1.82408 0 225 1.51357e-06
2.94541 1.82408 0 225 1.53502e-06
2.94616 1.82408 0 225 1.55799e-06
2.94691 1.82408 0 225 1.58253e-06
2.94766 1.82408 0 225 1.6087e-06
2.94841 1.82408 0 225 1.63654e-06
2.94916 1.82408 0 225 1.66613e-06
2.94991 1.82408 0 225 1.69752e-06
2.95066 1.82408 0 225 1.73079e-06
2.95141 1.82408 0 225 1.76603e-06
2.95216 1.82408 0 225 1.80331e-06
2.95291 1.82408 0 225 1.84272e-06
2.95366 1.82408 0 225 1.88438e-06
2.95441 1.82408 0 225 1.92837e-06
2.95516 1.82408 0 225 1.97482e-06
2.95591 1.82408 0 225 2.02385e-06
2.95666 1.82408 0 225 2.07322e-06
2.95741 1.82408 0 225 2.12772e-06
2.95816 1.82408 0 225 2.18521e-06
2.95891 1.82408 0 225 2.24587e-06
2.95966 1.82408 0 225 2.30985e-06
2.96041 1.82408 0 225 2.37735e-06
2.96116 1.82408 0 225 2.44855e-06
2.96191 1.82408 0 225 2.52367e-06
2.96266 1.82408 0 225 2.60294e-06
2.96341 1.82408 0 225 2.68658e-06
2.96416 1.82408 0 225 2.77486e-06
2.96491 1.82408 0 225 2.86804e-06
2.96566 1.82408 0 225 2.9664e-06
2.96641 1.82408 0 225 3.07023e-06
2.96716 1.82408 0 225 3.17986e-06
2.96791 1.82408 0 225 3.29562e-06
2.96866 1.82408 0 225 3.41784e-06
2.96941 1.82408 0 225 3.54689e-06
2.97016 1.82408 0 225 3.68314e-06
2.97091 1.82408 0 225 3.82697e-06
2.97166 1.82408 0 225 3.97876e-06
2.97241 1.82408 0 225 4.13892e-06
2.97316 1.82408 0 225 4.30783e-06
2.97391 1.82408 0 225 4.48586e-06
2.97466 1.82408 0 225 4.67339e-06
2.97541 1.82408 0 225 4.87074e-06
2.97616 1.82408 0 225 5.07822e-06
2.97691 1.82408 0 225 5.29605e-06
2.97766 1.82408 0 225 5.5244e-06
2.97841 1.82408 0 225 5.76335e-06
2.97916 1.82408 0 225 6.01279e-06
2.97991 1.82408 0 225 6.27251e-06
2.98066 1.82408 0 225 6.54212e-06
2.98141 1.82408 0 225 6.821e-06
2.98216 1.82408 0 225 7.10823e-06
2.98291 1.82408 0 225 7.40263e-06
2.98366 1.82408 0 225 7.70265e-06
2.98441 1.82408 0 225 8.00637e-06
2.98516 1.82408 0 225 8.31147e-06
2.98591 1.82408 0 225 8.6152e-06
2.98666 1.82408 0 225 8.91438e-06
2.98741 1.82408 0 225 9.20543e-06
2.98816 1.82408 0 225 9.48444e-06
2.98891 1.82408 0 225 9.74719e-06
2.98966 1.82408 0 225 9.9893e-06
2.99042 1.82408 0 225 1.02064e-05
2.99117 1.82408 0 225 1.03941e-05
2.99192 1.82408 0 225 1.05486e-05
2.99267 1.82408 0 225 1.06665e-05
2.99342 1.82408 0 225 1.07448e-05
2.99417 1.82408 0 225 1.07818e-05
2.99492 1.82408 0 225 1.07764e-05
2.99567 1.82408 0 225 1.07286e-05
2.99642 1.82408 0 225 1.06396e-05
2.99717 1.82408 0 225 1.05113e-05
2.99792 1.82408 0 225 1.03464e-05
2.99867 1.82408 0 225 1.01486e-05
2.99942 1.82408 0 225 9.92173e-06
3.00017 1.82408 0 225 9.67013e-06
3.00092 1.82408 0 225 9.39824e-06
3.00167 1.82408 0 225 9.11046e-06
3.00242 1.82408 0 225 8.81099e-06
3.00317 1.82408 0 225 8.50378e-06
3.00392 1.82408 0 225 8.19238e-06
3.00467 1.82408 0 225 7.87998e-06
3.00542 1.82408 0 225 7.56927e-06
3.00617 1.82408 0 225 7.26262e-06
3.00692 1.82408 0 225 6.96182e-06
3.00767 1.82408 0 225 6.66842e-06
3.00842 1.82408 0 225 6.38361e-06
3.00917 1.82408 0 225 6.10823e-06
3.00992 1.82408 0 225 5.84288e-06
3.01067 1.82408 0 225 5.58795e-06
3.01142 1.82408 0 225 5.3436e-06
3.01217 1.82408 0 225 5.10989e-06
3.01292 1.82408 0 225 4.8867e-06
3.01367 1.82408 0 225 4.67386e-06
3.01442 1.82408 0 225 4.47109e-06
3.01517 1.82408 0 225 4.27817e-06
3.01592 1.82408 0 225 4.09459e-06
3.01667 1.82408 0 225 3.92002e-06
3.01742 1.82408 0 225 3.75408e-06
3.01817 1.82408 0 225 3.59637e-06
3.01892 1.82408 0 225 3.44649e-06
3.01967 1.82408 0 225 3.30406e-06
3.02042 1.82408 0 225 3.1687e-06
3.02117 1.82408 0 225 3.04007e-06
3.02192 1.82408 0 225 2.9178e-06
3.02267 1.82408 0 225 2.80159e-06
3.02342 1.82408 0 225 2.69115e-06
3.02417 1.82408 0 225 2.58623e-06
3.02492 1.82408 0 225 2.48659e-06
3.02567 1.82408 0 225 2.39201e-06
3.02642 1.82408 0 225 2.30232e-06
3.02717 1.82408 0 225 2.21735e-06
3.02792 1.82408 0 225 2.13696e-06
3.02867 1.82408 0 225 2.06102e-06
3.02942 1.82408 0 225 1.98942e-06
3.03017 1.82408 0 225 1.92204e-06
3.03092 1.82408 0 225 1.85879e-06
3.03167 1.82408 0 225 1.79952e-06
3.03242 1.82408 0 225 1.74411e-06
3.03317 1.82408 0 225 1.6924e-06
3.03392 1.82408 0 225 1.64419e-06
3.03467 1.82408 0 225 1.5993e-06
3.03542 1.82408 0 225 1.55741e-06
3.03617 1.82408 0 225 1.51841e-06
3.03692 1.82408 0 225 1.48197e-06
3.03767 1.82408 0 225 1.44781e-06
3.03842 1.82408 0 225 1.41564e-06
3.03917 1.82408 0 225 1.38521e-06
3.03992 1.82408 0 225 1.35626e-06
3.04067 1.82408 0 225 1.32857e-06
3.04142 1.82408 0 225 1.30194e-06
3.04217 1.82408 0 225 1.27621e-06
3.04292 1.82408 0 225 1.25124e-06
3.04367 1.82408 0 225 1.22692e-06
3.04442 1.82408 0 225 1.20318e-06
3.04517 1.82408 0 225 1.17997e-06
3.04592 1.82408 0 225 1.15723e-06
3.04667 1.82408 0 225 1.13499e-06
3.04742 1.82408 0 225 1.11322e-06
3.04817 1.82408 0 225 1.09192e-06
3.04892 1.82408 0 225 1.07111e-06
3.04967 1.82408 0 225 1.0508e-06
3.05043 1.82408 0 225 1.031e-06
3.05118 1.82408 0 225 1.01172e-06
3.05193 1.82408 0 225 9.92996e-07
3.05268 1.82408 0 225 9.7482e-07
3.05343 1.82408 0 225 9.57208e-07
3.05418 1.82408 0 225 9.40167e-07
3.05493 1.82408 0 225 9.23703e-07
3.05568 1.82408 0 225 9.07824e-07
3.05643 1.82408 0 225 8.92523e-07
3.05718 1.82408 0 225 8.77802e-07
3.05793 1.82408 0 225 8.63667e-07
3.05868 1.82408 0 225 8.50107e-07
3.05943 1.82408 0 225 8.37122e-07
3.06018 1.82408 0 225 8.24708e-07
3.06093 1.82408 0 225 8.1286e-07
3.06168 1.82408 0 225 8.01575e-07
3.06243 1.82408 0 225 7.90847e-07
3.06318 1.82408 0 225 7.80673e-07
3.06393 1.82408 0 225 7.71048e-07
3.06468 1.82408 0 225 7.61971e-07
3.06543 1.82408 0 225 7.53436e-07
3.06618 1.82408 0 225 7.45443e-07
3.06693 1.82408 0 225 7.37989e-07
3.06768 1.82408 0 225 7.31079e-07
3.06843 1.82408 0 225 7.24704e-07
3.06918 1.82408 0 225 7.18871e-07
3.06993 1.82408 0 225 7.1358e-07
3.07068 1.82408 0 225 7.08834e-07
3.07143 1.82408 0 225 7.04638e-07
3.07218 1.82408 0 225 7.00996e-07
3.07293 1.82408 0 225 6.97915e-07
3.07368 1.82408 0 225 6.95399e-07
3.07443 1.82408 0 225 6.93458e-07
3.07518 1.82408 0 225 6.92097e-07
3.07593 1.82408 0 225 6.91325e-07
3.07668 1.82408 0 225 6.9115e-07
3.07743 1.82408 0 225 6.91579e-07
3.07818 1.82408 0 225 6.9262e-07
3.07893 1.82408 0 225 6.94278e-07
3.07968 1.82408 0 225 6.96559e-07
3.08043 1.82408 0 225 6.99464e-07
3.08118 1.82408 0 225 7.02994e-07
3.08193 1.82408 0 225 7.07144e-07
3.08268 1.82408 0 225 7.11904e-07
3.08343 1.82408 0 225 7.17262e-07
3.08418 1.82408 0 225 7.23196e-07
3.08493 1.82408 0 225 7.2967e-07
3.08568 1.82408 0 225 7.36646e-07
3.08643 1.82408 0 225 7.44072e-07
3.08718 1.82408 0 225 7.51883e-07
3.08793 1.82408 0 225 7.6e-07
3.08868 1.82408 0 225 7.68329e-07
3.08943 1.82408 0 225 7.7676e-07
3.09018 1.82408 0 225 7.85163e-07
3.09093 1.82408 0 225 7.93397e-07
3.09168 1.82408 0 225 8.01305e-07
3.09243 1.82408 0 225 8.0872e-07
3.09318 1.82408 0 225 8.15466e-07
3.09393 1.82408 0 225 8.21359e-07
3.09468 1.82408 0 225 8.26223e-07
3.09543 1.82408 0 225 8.29887e-07
3.09618 1.82408 0 225 8.32196e-07
3.09693 1.82408 0 225 8.33019e-07
3.09768 1.82408 0 225 8.32251e-07
3.09843 1.82408 0 225 8.29819e-07
3.09918 1.82408 0 225 8.25696e-07
3.09993 1.82408 0 225 8.19875e-07
3.10068 1.82408 0 225 8.12404e-07
3.10143 1.82408 0 225 8.03362e-07
3.10218 1.82408 0 225 7.92863e-07
3.10293 1.82408 0 225 7.81038e-07
3.10368 1.82408 0 225 7.68046e-07
3.10443 1.82408 0 225 7.54056e-07
3.10518 1.82408 0 225 7.39244e-07
3.10593 1.82408 0 225 7.23784e-07
3.10668 1.82408 0 225 7.07846e-07
3.10743 1.82408 0 225 6.91593e-07
3.10818 1.82408 0 225 6.75166e-07
3.10893 1.82408 0 225 6.587e-07
3.10968 1.82408 0 225 6.4231e-07
3.11044 1.82408 0 225 6.26097e-07
3.11119 1.82408 0 225 6.10145e-07
3.11194 1.82408 0 225 5.9452e-07
3.11269 1.82408 0 225 5.79278e-07
3.11344 1.82408 0 225 5.6446e-07
3.11419 1.82408 0 225 5.50104e-07
3.11494 1.82408 0 225 5.36219e-07
3.11569 1.82408 0 225 5.22824e-07
3.11644 1.82408 0 225 5.09925e-07
3.11719 1.82408 0 225 4.97524e-07
3.11794 1.82408 0 225 4.85614e-07
3.11869 1.82408 0 225 4.7419e-07
3.11944 1.82408 0 225 4.63238e-07
3.12019 1.82408 0 225 4.52746e-07
3.12094 1.82408 0 225 4.427e-07
3.12169 1.82408 0 225 4.33084e-07
3.12244 1.82408 0 225 4.23883e-07
3.12319 1.82408 0 225 4.15079e-07
3.12394 1.82408 0 225 4.06657e-07
3.12469 1.82408 0 225 3.98598e-07
3.12544 1.82408 0 225 3.90887e-07
3.12619 1.82408 0 225 3.83509e-07
3.12694 1.82408 0 225 3.76446e-07
3.12769 1.82408 0 225 3.69686e-07
3.12844 1.82408 0 225 3.63213e-07
3.12919 1.82408 0 225 3.57015e-07
3.12994 1.82408 0 225 3.51076e-07
3.13069 1.82408 0 225 3.45385e-07
3.13144 1.82408 0 225 3.39931e-07
3.13219 1.82408 0 225 3.34702e-07
3.13294 1.82408 0 225 3.29688e-07
3.13369 1.82408 0 225 3.24878e-07
3.13444 1.82408 0 225 3.20265e-07
3.13519 1.82408 0 225 3.15839e-07
3.13594 1.82408 0 225 3.11592e-07
3.13669 1.82408 0 225 3.07516e-07
3.13744 1.82408 0 225 3.03603e-07
3.13819 1.82408 0 225 2.99847e-07
3.13894 1.82408 0 225 2.96241e-07
3.13969 1.82408 0 225 2.92779e-07
3.14044 1.82408 0 225 2.89456e-07
3.14119 1.82408 0 225 2.86304e-07
3.14194 1.82408 0 225 2.83241e-07
3.14269 1.82408 0 225 2.803e-07
3.14344 1.82408 0 225 2.77479e-07
3.14419 1.82408 0 225 2.7477e-07
3.14494 1.82408 0 225 2.7217e-07
3.14569 1.82408 0 225 2.69674e-07
3.14644 1.82408 0 225 2.67279e-07
3.14719 1.82408 0 225 2.64979e-07
3.14794 1.82408 0 225 2.6277e-07
3.14869 1.82408 0 225 2.60649e-07
3.14944 1.82408 0 225 2.58608e-07
3.15019 1.82408 0 225 2.56645e-07
3.15094 1.82408 0 225 2.54753e-07
3.15169 1.82408 0 225 2.52927e-07
3.15244 1.82408 0 225 2.51161e-07
3.15319 1.82408 0 225 2.49449e-07
3.15394 1.82408 0 225 2.47783e-07
3.15469 1.82408 0 225 2.46159e-07
3.15544 1.82408 0 225 2.44567e-07
3.15619 1.82408 0 225 2.43001e-07
3.15694 1.82408 0 225 2.41457e-07
3.15769 1.82408 0 225 2.39926e-07
3.15844 1.82408 0 225 2.38402e-07
3.15919 1.82408 0 225 2.3688e-07
3.15994 1.82408 0 225 2.35355e-07
3.16069 1.82408 0 225 2.33825e-07
3.16144 1.82408 0 225 2.32285e-07
3.16219 1.82408 0 225 2.30736e-07
3.16294 1.82408 0 225 2.29177e-07
3.16369 1.82408 0 225 2.27607e-07
3.16444 1.82408 0 225 2.26059e-07
3.16519 1.82408 0 225 2.24476e-07
3.16594 1.82408 0 225 2.2289e-07
3.16669 1.82408 0 225 2.21305e-07
3.16744 1.82408 0 225 2.19723e-07
3.16819 1.82408 0 225 2.18148e-07
3.16894 1.82408 0 225 2.16585e-07
3.16969 1.82408 0 225 2.15038e-07
3.17045 1.82408 0 225 2.13508e-07
3.1712 1.82408 0 225 2.11998e-07
3.17195 1.82408 0 225 2.1051e-07
3.1727 1.82408 0 225 2.09046e-07
3.17345 1.82408 0 225 2.07608e-07
3.1742 1.82408 0 225 2.06196e-07
3.17495 1.82408 0 225 2.04811e-07
3.1757 1.82408 0 225 2.03453e-07
3.17645 1.82408 0 225 2.02122e-07
3.1772 1.82408 0 225 2.00817e-07
3.17795 1.82408 0 225 1.99538e-07
3.1787 1.82408 0 225 1.98284e-07
3.17945 1.82408 0 225 1.97052e-07
3.1802 1.82408 0 225 1.95843e-07
3.18095 1.82408 0 225 1.94652e-07
3.1817 1.82408 0 225 1.93479e-07
3.18245 1.82408 0 225 1.92324e-07
3.1832 1.82408 0 225 1.91185e-07
3.18395 1.82408 0 225 1.90057e-07
3.1847 1.82408 0 225 1.88939e-07
3.18545 1.82408 0 225 1.87829e-07
3.1862 1.82408 0 225 1.86726e-07
3.18695 1.82408 0 225 1.85625e-07
3.1877 1.82408 0 225 1.84524e-07
3.18845 1.82408 0 225 1.8342e-07
3.1892 1.82408 0 225 1.8231e-07
3.18995 1.82408 0 225 1.81192e-07
3.1907 1.82408 0 225 1.80061e-07
3.19145 1.82408 0 225 1.78914e-07
3.1922 1.82408 0 225 1.77748e-07
3.19295 1.82408 0 225 1.76559e-07
3.1937 1.82408 0 225 1.75342e-07
3.19445 1.82408 0 225 1.74094e-07
3.1952 1.82408 0 225 1.72809e-07
3.19595 1.82408 0 225 1.71481e-07
3.1967 1.82408 0 225 1.70107e-07
3.19745 1.82408 0 225 1.68676e-07
3.1982 1.82408 0 225 1.67192e-07
3.19895 1.82408 0 225 1.6564e-07
3.1997 1.82408 0 225 1.64019e-07
3.20045 1.82408 0 225 1.6232e-07
3.2012 1.82408 0 225 1.60535e-07
3.20195 1.82408 0 225 1.58656e-07
3.2027 1.82408 0 225 1.56675e-07
3.20345 1.82408 0 225 1.54584e-07
3.2042 1.82408 0 225 1.52372e-07
3.20495 1.82408 0 225 1.50031e-07
3.2057 1.82408 0 225 1.47551e-07
3.20645 1.82408 0 225 1.44928e-07
3.2072 1.82408 0 225 1.42136e-07
3.20795 1.82408 0 225 1.39178e-07
3.2087 1.82408 0 225 1.36041e-07
3.20945 1.82408 0 225 1.32714e-07
3.2102 1.82408 0 225 1.29188e-07
3.21095 1.82408 0 225 1.25455e-07
3.2117 1.82408 0 225 1.21508e-07
3.21245 1.82408 0 225 1.1734e-07
3.2132 1.82408 0 225 1.12949e-07
3.21395 1.82408 0 225 1.08333e-07
3.2147 1.82408 0 225 1.03495e-07
3.21545 1.82408 0 225 9.84407e-08
3.2162 1.82408 0 225 9.31789e-08
3.21695 1.82408 0 225 8.77333e-08
3.2177 1.82408 0 225 8.21211e-08
3.21845 1.82408 0 225 7.63804e-08
3.2192 1.82408 0 225 7.05476e-08
3.21995 1.82408 0 225 6.46669e-08
3.2207 1.82408 0 225 5.88064e-08
3.22145 1.82408 0 225 5.30298e-08
3.2222 1.82408 0 225 4.7415e-08
3.22295 1.82408 0 225 4.2049e-08
3.2237 1.82408 0 225 3.70268e-08
3.22445 1.82408 0 225 3.2449e-08
3.2252 1.82408 0 225 2.84197e-08
3.22595 1.82408 0 225 2.50434e-08
3.2267 1.82408 0 225 2.24215e-08
3.22745 1.82408 0 225 2.06487e-08
3.2282 1.82408 0 225 1.98092e-08
3.22895 1.82408 0 225 1.99738e-08
3.2297 1.82408 0 225 2.11691e-08
3.23046 1.82408 0 225 2.34402e-08
3.23121 1.82408 0 225 2.68763e-08
3.23196 1.82408 0 225 3.14297e-08
3.23271 1.82408 0 225 3.71044e-08
3.23346 1.82408 0 225 4.38784e-08
3.23421 1.82408 0 225 5.17297e-08
3.23496 1.82408 0 225 6.06345e-08
3.23571 1.82408 0 225 7.057e-08
3.23646 1.82408 0 225 8.15158e-08
3.23721 1.82408 0 225 9.34498e-08
3.23796 1.82408 0 225 1.06361e-07
3.23871 1.82408 0 225 1.20223e-07
3.23946 1.82408 0 225 1.35006e-07
3.24021 1.82408 0 225 1.50667e-07
3.24096 1.82408 0 225 1.67145e-07
3.24171 1.82408 0 225 1.8436e-07
3.24246 1.82408 0 225 2.02208e-07
3.24321 1.82408 0 225 2.20568e-07
3.24396 1.82408 0 225 2.39297e-07
3.24471 1.82408 0 225 2.58248e-07
3.24546 1.82408 0 225 2.77263e-07
3.24621 1.82408 0 225 2.96187e-07
3.24696 1.82408 0 225 3.14877e-07
3.24771 1.82408 0 225 3.33182e-07
3.24846 1.82408 0 225 3.51046e-07
3.24921 1.82408 0 225 3.68364e-07
3.24996 1.82408 0 225 3.85087e-07
3.25071 1.82408 0 225 4.0119e-07
3.25146 1.82408 0 225 4.16683e-07
3.25221 1.82408 0 225 4.31582e-07
3.25296 1.82408 0 225 4.45941e-07
3.25371 1.82408 0 225 4.59825e-07
3.25446 1.82408 0 225 4.73308e-07
3.25521 1.82408 0 225 4.86486e-07
3.25596 1.82408 0 225 4.9944e-07
3.25671 1.82408 0 225 5.12281e-07
3.25746 1.82408 0 225 5.25095e-07
3.25821 1.82408 0 225 5.37979e-07
3.25896 1.82408 0 225 5.51021e-07
3.25971 1.82408 0 225 5.64306e-07
3.26046 1.82408 0 225 5.77915e-07
3.26121 1.82408 0 225 5.9192e-07
3.26196 1.82408 0 225 6.06385e-07
3.26271 1.82408 0 225 6.21367e-07
3.26346 1.82408 0 225 6.36915e-07
3.26421 1.82408 0 225 6.53065e-07
3.26496 1.82408 0 225 6.6985e-07
3.26571 1.82408 0 225 6.87286e-07
3.26646 1.82408 0 225 7.05377e-07
3.26721 1.82408 0 225 7.24123e-07
3.26796 1.82408 0 225 7.43489e-07
3.26871 1.82408 0 225 7.63442e-07
3.26946 1.82408 0 225 7.83926e-07
3.27021 1.82408 0 225 8.04867e-07
3.27096 1.82408 0 225 8.26171e-07
3.27171 1.82408 0 225 8.47719e-07
3.27246 1.82408 0 225 8.69383e-07
3.27321 1.82408 0 225 8.90982e-07
3.27396 1.82408 0 225 9.12341e-07
3.27471 1.82408 0 225 9.33259e-07
3.27546 1.82408 0 225 9.53508e-07
3.27621 1.82408 0 225 9.72851e-07
3.27696 1.82408 0 225 9.91037e-07
3.27771 1.82408 0 225 1.00781e-06
3.27846 1.82408 0 225 1.02293e-06
3.27921 1.82408 0 225 1.03614e-06
3.27996 1.82408 0 225 1.04722e-06
3.28071 1.82408 0 225 1.05598e-06
3.28146 1.82408 0 225 1.06226e-06
3.28221 1.82408 0 225 1.06593e-06
3.28296 1.82408 0 225 1.06693e-06
3.28371 1.82408 0 225 1.06523e-06
3.28446 1.82408 0 225 1.06086e-06
3.28521 1.82408 0 225 1.05391e-06
3.28596 1.82408 0 225 1.0445e-06
3.28671 1.82408 0 225 1.03279e-06
3.28746 1.82408 0 225 1.01898e-06
3.28821 1.82408 0 225 1.0033e-06
3.28896 1.82408 0 225 9.85994e-07
3.28971 1.82408 0 225 9.67316e-07
3.29047 1.82408 0 225 9.47515e-07
3.29122 1.82408 0 225 9.26839e-07
3.29197 1.82408 0 225 9.0553e-07
3.29272 1.82408 0 225 8.83799e-07
3.29347 1.82408 0 225 8.61851e-07
3.29422 1.82408 0 225 8.39867e-07
3.29497 1.82408 0 225 8.18003e-07
3.29572 1.82408 0 225 7.96396e-07
3.29647 1.82408 0 225 7.75159e-07
3.29722 1.82408 0 225 7.54384e-07
3.29797 1.82408 0 225 7.34145e-07
3.29872 1.82408 0 225 7.14496e-07
3.29947 1.82408 0 225 6.95476e-07
3.30022 1.82408 0 225 6.77114e-07
3.30097 1.82408 0 225 6.59423e-07
3.30172 1.82408 0 225 6.42392e-07
3.30247 1.82408 0 225 6.26027e-07
3.30322 1.82408 0 225 6.10306e-07
3.30397 1.82408 0 225 5.95213e-07
3.30472 1.82408 0 225 5.80723e-07
3.30547 1.82408 0 225 5.66812e-07
3.30622 1.82408 0 225 5.53449e-07
3.30697 1.82408 0 225 5.40607e-07
3.30772 1.82408 0 225 5.28258e-07
3.30847 1.82408 0 225 5.16376e-07
3.30922 1.82408 0 225 5.04934e-07
3.30997 1.82408 0 225 4.93911e-07
3.31072 1.82408 0 225 4.83288e-07
3.31147 1.82408 0 225 4.73046e-07
3.31222 1.82408 0 225 4.6317e-07
3.31297 1.82408 0 225 4.53663e-07
3.31372 1.82408 0 225 4.44485e-07
3.31447 1.82408 0 225 4.35642e-07
3.31522 1.82408 0 225 4.27125e-07
3.31597 1.82408 0 225 4.1893e-07
3.31672 1.82408 0 225 4.1105e-07
3.31747 1.82408 0 225 4.03478e-07
3.31822 1.82408 0 225 3.96211e-07
3.31897 1.82408 0 225 3.89243e-07
3.31972 1.82408 0 225 3.82572e-07
3.32047 1.82408 0 225 3.76183e-07
3.32122 1.82408 0 225 3.70076e-07
3.32197 1.82408 0 225 3.64244e-07
3.32272 1.82408 0 225 3.5868e-07
3.32347 1.82408 0 225 3.5338e-07
3.32422 1.82408 0 225 3.48331e-07
3.32497 1.82408 0 225 3.43529e-07
3.32572 1.82408 0 225 3.38966e-07
3.32647 1.82408 0 225 3.34637e-07
3.32722 1.82408 0 225 3.30532e-07
3.32797 1.82408 0 225 3.26644e-07
3.32872 1.82408 0 225 3.22968e-07
3.32947 1.82408 0 225 3.19495e-07
3.33022 1.82408 0 225 3.16218e-07
3.33097 1.82408 0 225 3.13132e-07
3.33172 1.82408 0 225 3.1023e-07
3.33247 1.82408 0 225 3.07506e-07
3.33322 1.82408 0 225 3.04953e-07
3.33397 1.82408 0 225 3.02567e-07
3.33472 1.82408 0 225 3.00342e-07
3.33547 1.82408 0 225 2.98273e-07
3.33622 1.82408 0 225 2.96354e-07
3.33697 1.82408 0 225 2.94582e-07
3.33772 1.82408 0 225 2.92953e-07
3.33847 1.82408 0 225 2.91462e-07
3.33922 1.82408 0 225 2.90105e-07
3.33997 1.82408 0 225 2.88878e-07
3.34072 1.82408 0 225 2.8778e-07
3.34147 1.82408 0 225 2.86806e-07
3.34222 1.82408 0 225 2.85954e-07
3.34297 1.82408 0 225 2.85221e-07
3.34372 1.82408 0 225 2.84605e-07
3.34447 1.82408 0 225 2.84104e-07
3.34522 1.82408 0 225 2.83715e-07
3.34597 1.82408 0 225 2.83437e-07
3.34672 1.82408 0 225 2.83268e-07
3.34747 1.82408 0 225 2.83208e-07
3.34822 1.82408 0 225 2.83254e-07
3.34897 1.82408 0 225 2.83406e-07
3.34972 1.82408 0 225 2.83664e-07
3.35048 1.82408 0 225 2.84136e-07
3.35123 1.82408 0 225 2.84599e-07
3.35198 1.82408 0 225 2.85165e-07
3.35273 1.82408 0 225 2.85835e-07
3.35348 1.82408 0 225 2.86609e-07
3.35423 1.82408 0 225 2.87487e-07
3.35498 1.82408 0 225 2.88469e-07
3.35573 1.82408 0 225 2.89556e-07
3.35648 1.82408 0 225 2.90749e-07
3.35723 1.82408 0 225 2.92049e-07
3.35798 1.82408 0 225 2.93457e-07
3.35873 1.82408 0 225 2.94974e-07
3.35948 1.82408 0 225 2.96602e-07
3.36023 1.82408 0 225 2.98343e-07
3.36098 1.82408 0 225 3.00198e-07
3.36173 1.82408 0 225 3.02171e-07
3.36248 1.82408 0 225 3.04262e-07
3.36323 1.82408 0 225 3.06476e-07
3.36398 1.82408 0 225 3.08815e-07
3.36473 1.82408 0 225 3.11281e-07
3.36548 1.82408 0 225 3.13879e-07
3.36623 1.82408 0 225 3.16611e-07
3.36698 1.82408 0 225 3.19481e-07
3.36773 1.82408 0 225 3.22492e-07
3.36848 1.82408 0 225 3.2565e-07
3.36923 1.82408 0 225 3.28958e-07
3.36998 1.82408 0 225 3.32419e-07
3.37073 1.82408 0 225 3.36039e-07
3.37148 1.82408 0 225 3.39823e-07
3.37223 1.82408 0 225 3.43775e-07
3.37298 1.82408 0 225 3.479e-07
3.37373 1.82408 0 225 3.52204e-07
3.37448 1.82408 0 225 3.56693e-07
3.37523 1.82408 0 225 3.61363e-07
3.37598 1.82408 0 225 3.6624e-07
3.37673 1.82408 0 225 3.71321e-07
3.37748 1.82408 0 225 3.76613e-07
3.37823 1.82408 0 225 3.82123e-07
3.37898 1.82408 0 225 3.87859e-07
3.37973 1.82408 0 225 3.93831e-07
3.38048 1.82408 0 225 4.00045e-07
3.38123 1.82408 0 225 4.06514e-07
3.38198 1.82408 0 225 4.13248e-07
3.38273 1.82408 0 225 4.20255e-07
3.38348 1.82408 0 225 4.27548e-07
3.38423 1.82408 0 225 4.35138e-07
3.38498 1.82408 0 225 4.43037e-07
3.38573 1.82408 0 225 4.51258e-07
3.38648 1.82408 0 225 4.59814e-07
3.38723 1.82408 0 225 4.68719e-07
3.38798 1.82408 0 225 4.77989e-07
3.38873 1.82408 0 225 4.87638e-07
3.38948 1.82408 0 225 4.97684e-07
3.39023 1.82408 0 225 5.08141e-07
3.39098 1.82408 0 225 5.19029e-07
3.39173 1.82408 0 225 5.30367e-07
3.39248 1.82408 0 225 5.42175e-07
3.39323 1.82408 0 225 5.54474e-07
3.39398 1.82408 0 225 5.67288e-07
3.39473 1.82408 0 225 5.80639e-07
3.39548 1.82408 0 225 5.94555e-07
3.39623 1.82408 0 225 6.09063e-07
3.39698 1.82408 0 225 6.2419e-07
3.39773 1.82408 0 225 6.39971e-07
3.39848 1.82408 0 225 6.56436e-07
3.39923 1.82408 0 225 6.73621e-07
3.39998 1.82408 0 225 6.9156e-07
3.40073 1.82408 0 225 7.10289e-07
3.40148 1.82408 0 225 7.29851e-07
3.40223 1.82408 0 225 7.50283e-07
3.40298 1.82408 0 225 7.71626e-07
3.40373 1.82408 0 225 7.93921e-07
3.40448 1.82408 0 225 8.17207e-07
3.40523 1.82408 0 225 8.41526e-07
3.40598 1.82408 0 225 8.66916e-07
3.40673 1.82408 0 225 8.93413e-07
3.40748 1.82408 0 225 9.21053e-07
3.40823 1.82408 0 225 9.49867e-07
3.40898 1.82408 0 225 9.79879e-07
3.40973 1.82408 0 225 1.01111e-06
3.41049 1.82408 0 225 1.04357e-06
3.41124 1.82408 0 225 1.07727e-06
3.41199 1.82408 0 225 1.11219e-06
3.41274 1.82408 0 225 1.14832e-06
3.41349 1.82408 0 225 1.18562e-06
3.41424 1.82408 0 225 1.22404e-06
3.41499 1.82408 0 225 1.26349e-06
3.41574 1.82408 0 225 1.30389e-06
3.41649 1.82408 0 225 1.34511e-06
3.41724 1.82408 0 225 1.387e-06
3.41799 1.82408 0 225 1.42937e-06
3.41874 1.82408 0 225 1.47201e-06
3.41949 1.82408 0 225 1.51466e-06
3.42024 1.82408 0 225 1.55704e-06
3.42099 1.82408 0 225 1.59883e-06
3.42174 1.82408 0 225 1.63967e-06
3.42249 1.82408 0 225 1.67919e-06
3.42324 1.82408 0 225 1.71697e-06
3.42399 1.82408 0 225 1.7526e-06
3.42474 1.82408 0 225 1.78564e-06
3.42549 1.82408 0 225 1.81566e-06
3.42624 1.82408 0 225 1.84226e-06
3.42699 1.82408 0 225 1.86505e-06
3.42774 1.82408 0 225 1.88369e-06
3.42849 1.82408 0 225 1.89787e-06
3.42924 1.82408 0 225 1.90738e-06
3.42999 1.82408 0 225 1.91208e-06
3.43074 1.82408 0 225 1.91187e-06
3.43149 1.82408 0 225 1.90678e-06
3.43224 1.82408 0 225 1.8969e-06
3.43299 1.82408 0 225 1.8824e-06
3.43374 1.82408 0 225 1.86353e-06
3.43449 1.82408 0 225 1.8406e-06
3.43524 1.82408 0 225 1.81396e-06
3.43599 1.82408 0 225 1.78401e-06
3.43674 1.82408 0 225 1.75118e-06
3.43749 1.82408 0 225 1.71589e-06
3.43824 1.82408 0 225 1.67859e-06
3.43899 1.82408 0 225 1.6397e-06
3.43974 1.82408 0 225 1.59962e-06
3.44049 1.82408 0 225 1.55874e-06
3.44124 1.82408 0 225 1.5174e-06
3.44199 1.82408 0 225 1.47593e-06
3.44274 1.82408 0 225 1.43459e-06
3.44349 1.82408 0 225 1.39365e-06
3.44424 1.82408 0 225 1.35331e-06
3.44499 1.82408 0 225 1.31375e-06
3.44574 1.82408 0 225 1.27511e-06
3.44649 1.82408 0 225 1.23752e-06
3.44724 1.82408 0 225 1.20106e-06
3.44799 1.82408 0 225 1.16581e-06
3.44874 1.82408 0 225 1.13182e-06
3.44949 1.82408 0 225 1.09912e-06
3.45024 1.82408 0 225 1.06774e-06
3.45099 1.82408 0 225 1.03766e-06
3.45174 1.82408 0 225 1.00889e-06
3.45249 1.82408 0 225 9.81425e-07
3.45324 1.82408 0 225 9.55227e-07
3.45399 1.82408 0 225 9.3028e-07
3.45474 1.82408 0 225 9.06554e-07
3.45549 1.82408 0 225 8.84017e-07
3.45624 1.82408 0 225 8.62633e-07
3.45699 1.82408 0 225 8.42367e-07
3.45774 1.82408 0 225 8.23181e-07
3.45849 1.82408 0 225 8.05037e-07
3.45924 1.82408 0 225 7.87898e-07
3.45999 1.82408 0 225 7.71726e-07
3.46074 1.82408 0 225 7.56486e-07
3.46149 1.82408 0 225 7.4214e-07
3.46224 1.82408 0 225 7.28654e-07
3.46299 1.82408 0 225 7.15996e-07
3.46374 1.82408 0 225 7.04127e-07
3.46449 1.82408 0 225 6.93017e-07
3.46524 1.82408 0 225 6.82635e-07
3.46599 1.82408 0 225 6.7295e-07
3.46674 1.82408 0 225 6.63931e-07
3.46749 1.82408 0 225 6.55548e-07
3.46824 1.82408 0 225 6.47773e-07
3.46899 1.82408 0 225 6.40576e-07
3.46974 1.82408 0 225 6.33927e-07
3.4705 1.82408 0 225 6.27798e-07
3.47125 1.82408 0 225 6.2216e-07
3.472 1.82408 0 225 6.16983e-07
3.47275 1.82408 0 225 6.12237e-07
3.4735 1.82408 0 225 6.07893e-07
3.47425 1.82408 0 225 6.0392e-07
3.475 1.82408 0 225 6.00288e-07
3.47575 1.82408 0 225 5.96967e-07
3.4765 1.82408 0 225 5.93927e-07
3.47725 1.82408 0 225 5.91138e-07
3.478 1.82408 0 225 5.88572e-07
3.47875 1.82408 0 225 5.86203e-07
3.4795 1.82408 0 225 5.84005e-07
3.48025 1.82408 0 225 5.81956e-07
3.481 1.82408 0 225 5.8004e-07
3.48175 1.82408 0 225 5.78233e-07
3.4825 1.82408 0 225 5.76525e-07
3.48325 1.82408 0 225 5.74908e-07
3.484 1.82408 0 225 5.73376e-07
3.48475 1.82408 0 225 5.71929e-07
3.4855 1.82408 0 225 5.70566e-07
3.48625 1.82408 0 225 5.69295e-07
3.487 1.82408 0 225 5.68123e-07
3.48775 1.82408 0 225 5.67062e-07
3.4885 1.82408 0 225 5.66127e-07
3.48925 1.82408 0 225 5.65331e-07
3.49 1.82408 0 225 5.64692e-07
3.49075 1.82408 0 225 5.64226e-07
3.4915 1.82408 0 225 5.6395e-07
3.49225 1.82408 0 225 5.6388e-07
3.493 1.82408 0 225 5.64036e-07
3.49375 1.82408 0 225 5.64431e-07
3.4945 1.82408 0 225 5.65086e-07
3.49525 1.82408 0 225 5.66007e-07
3.496 1.82408 0 225 5.67211e-07
3.49675 1.82408 0 225 5.68712e-07
3.4975 1.82408 0 225 5.7052e-07
3.49825 1.82408 0 225 5.72649e-07
3.499 1.82408 0 225 5.75109e-07
3.49975 1.82408 0 225 5.77909e-07
3.5005 1.82408 0 225 5.81059e-07
3.50125 1.82408 0 225 5.84569e-07
3.502 1.82408 0 225 5.88449e-07
3.50275 1.82408 0 225 5.92706e-07
3.5035 1.82408 0 225 5.97352e-07
3.50425 1.82408 0 225 6.02394e-07
3.505 1.82408 0 225 6.07844e-07
3.50575 1.82408 0 225 6.1371e-07
3.5065 1.82408 0 225 6.20004e-07
3.50725 1.82408 0 225 6.26735e-07
3.508 1.82408 0 225 6.33914e-07
3.50875 1.82408 0 225 6.41551e-07
3.5095 1.82408 0 225 6.49661e-07
3.51025 1.82408 0 225 6.58256e-07
3.511 1.82408 0 225 6.67346e-07
3.51175 1.82408 0 225 6.76947e-07
3.5125 1.82408 0 225 6.8707e-07
3.51325 1.82408 0 225 6.97729e-07
3.514 1.82408 0 225 7.08938e-07
3.51475 1.82408 0 225 7.20709e-07
3.5155 1.82408 0 225 7.33058e-07
3.51625 1.82408 0 225 7.4599e-07
3.517 1.82408 0 225 7.59523e-07
3.51775 1.82408 0 225 7.73664e-07
3.5185 1.82408 0 225 7.88421e-07
3.51925 1.82408 0 225 8.03802e-07
3.52 1.82408 0 225 8.19808e-07
3.52075 1.82408 0 225 8.3644e-07
3.5215 1.82408 0 225 8.53693e-07
3.52225 1.82408 0 225 8.71559e-07
3.523 1.82408 0 225 8.90022e-07
3.52375 1.82408 0 225 9.09063e-07
3.5245 1.82408 0 225 9.28653e-07
3.52525 1.82408 0 225 9.48757e-07
3.526 1.82408 0 225 9.69331e-07
3.52675 1.82408 0 225 9.90322e-07
3.5275 1.82408 0 225 1.01167e-06
3.52825 1.82408 0 225 1.03329e-06
3.529 1.82408 0 225 1.05512e-06
3.52975 1.82408 0 225 1.07706e-06
3.53051 1.82408 0 225 1.09902e-06
3.53126 1.82408 0 225 1.12088e-06
3.53201 1.82408 0 225 1.14255e-06
3.53276 1.82408 0 225 1.16391e-06
3.53351 1.82408 0 225 1.18485e-06
3.53426 1.82408 0 225 1.20529e-06
3.53501 1.82408 0 225 1.22511e-06
3.53576 1.82408 0 225 1.24424e-06
3.53651 1.82408 0 225 1.26262e-06
3.53726 1.82408 0 225 1.2802e-06
3.53801 1.82408 0 225 1.29695e-06
3.53876 1.82408 0 225 1.31288e-06
3.53951 1.82408 0 225 1.32802e-06
3.54026 1.82408 0 225 1.3424e-06
3.54101 1.82408 0 225 1.35611e-06
3.54176 1.82408 0 225 1.36925e-06
3.54251 1.82408 0 225 1.38193e-06
3.54326 1.82408 0 225 1.39428e-06
3.54401 1.82408 0 225 1.40646e-06
3.54476 1.82408 0 225 1.41863e-06
3.54551 1.82408 0 225 1.43095e-06
3.54626 1.82408 0 225 1.44358e-06
3.54701 1.82408 0 225 1.45671e-06
3.54776 1.82408 0 225 1.47049e-06
3.54851 1.82408 0 225 1.4851e-06
3.54926 1.82408 0 225 1.50068e-06
3.55001 1.82408 0 225 1.5174e-06
3.55076 1.82408 0 225 1.5354e-06
3.55151 1.82408 0 225 1.55482e-06
3.55226 1.82408 0 225 1.57581e-06
3.55301 1.82408 0 225 1.59849e-06
3.55376 1.82408 0 225 1.623e-06
3.55451 1.82408 0 225 1.64943e-06
3.55526 1.82408 0 225 1.67794e-06
3.55601 1.82408 0 225 1.70864e-06
3.55676 1.82408 0 225 1.74165e-06
3.55751 1.82408 0 225 1.77709e-06
3.55826 1.82408 0 225 1.81509e-06
3.55901 1.82408 0 225 1.85579e-06
3.55976 1.82408 0 225 1.89929e-06
3.56051 1.82408 0 225 1.94575e-06
3.56126 1.82408 0 225 1.99528e-06
3.56201 1.82408 0 225 2.04802e-06
3.56276 1.82408 0 225 2.10411e-06
3.56351 1.82408 0 225 2.16367e-06
3.56426 1.82408 0 225 2.22682e-06
3.56501 1.82408 0 225 2.29367e-06
3.56576 1.82408 0 225 2.36434e-06
3.56651 1.82408 0 225 2.43891e-06
3.56726 1.82408 0 225 2.51743e-06
3.56801 1.82408 0 225 2.59995e-06
3.56876 1.82408 0 225 2.68648e-06
3.56951 1.82408 0 225 2.77699e-06
3.57026 1.82408 0 225 2.8714e-06
3.57101 1.82408 0 225 2.9696e-06
3.57176 1.82408 0 225 3.07142e-06
3.57251 1.82408 0 225 3.17661e-06
3.57326 1.82408 0 225 3.28489e-06
3.57401 1.82408 0 225 3.39587e-06
3.57476 1.82408 0 225 3.50913e-06
3.57551 1.82408 0 225 3.62413e-06
3.57626 1.82408 0 225 3.74027e-06
3.57701 1.82408 0 225 3.85686e-06
3.57776 1.82408 0 225 3.97313e-06
3.57851 1.82408 0 225 4.08819e-06
3.57926 1.82408 0 225 4.20112e-06
3.58001 1.82408 0 225 4.31087e-06
3.58076 1.82408 0 225 4.41638e-06
3.58151 1.82408 0 225 4.5165e-06
3.58226 1.82408 0 225 4.61007e-06
3.58301 1.82408 0 225 4.69591e-06
3.58376 1.82408 0 225 4.77288e-06
3.58451 1.82408 0 225 4.8399e-06
3.58526 1.82408 0 225 4.89597e-06
3.58601 1.82408 0 225 4.94021e-06
3.58676 1.82408 0 225 4.97189e-06
3.58751 1.82408 0 225 4.99049e-06
3.58826 1.82408 0 225 4.99568e-06
3.58901 1.82408 0 225 4.98731e-06
3.58976 1.82408 0 225 4.97264e-06
3.59052 1.82408 0 225 4.93819e-06
3.59127 1.82408 0 225 4.8911e-06
3.59202 1.82408 0 225 4.83209e-06
3.59277 1.82408 0 225 4.76203e-06
3.59352 1.82408 0 225 4.68194e-06
3.59427 1.82408 0 225 4.59291e-06
3.59502 1.82408 0 225 4.4961e-06
3.59577 1.82408 0 225 4.39269e-06
3.59652 1.82408 0 225 4.28388e-06
3.59727 1.82408 0 225 4.17083e-06
3.59802 1.82408 0 225 4.05458e-06
3.59877 1.82408 0 225 3.93619e-06
3.59952 1.82408 0 225 3.81659e-06
3.60027 1.82408 0 225 3.69663e-06
3.60102 1.82408 0 225 3.57705e-06
3.60177 1.82408 0 225 3.45852e-06
3.60252 1.82408 0 225 3.3416e-06
3.60327 1.82408 0 225 3.22676e-06
3.60402 1.82408 0 225 3.11438e-06
3.60477 1.82408 0 225 3.00478e-06
3.60552 1.82408 0 225 2.8982e-06
3.60627 1.82408 0 225 2.79483e-06
3.60702 1.82408 0 225 2.69479e-06
3.60777 1.82408 0 225 2.59817e-06
3.60852 1.82408 0 225 2.50501e-06
3.60927 1.82408 0 225 2.41532e-06
3.61002 1.82408 0 225 2.32908e-06
3.61077 1.82408 0 225 2.24624e-06
3.61152 1.82408 0 225 2.16676e-06
3.61227 1.82408 0 225 2.09054e-06
3.61302 1.82408 0 225 2.01751e-06
3.61377 1.82408 0 225 1.94757e-06
3.61452 1.82408 0 225 1.88061e-06
3.61527 1.82408 0 225 1.81654e-06
3.61602 1.82408 0 225 1.75523e-06
3.61677 1.82408 0 225 1.69662e-06
3.61752 1.82408 0 225 1.64053e-06
3.61827 1.82408 0 225 1.58688e-06
3.61902 1.82408 0 225 1.53556e-06
3.61977 1.82408 0 225 1.48647e-06
3.62052 1.82408 0 225 1.43951e-06
3.62127 1.82408 0 225 1.39456e-06
3.62202 1.82408 0 225 1.35154e-06
3.62277 1.82408 0 225 1.31036e-06
3.62352 1.82408 0 225 1.27092e-06
3.62427 1.82408 0 225 1.23312e-06
3.62502 1.82408 0 225 1.1969e-06
3.62577 1.82408 0 225 1.16216e-06
3.62652 1.82408 0 225 1.12883e-06
3.62727 1.82408 0 225 1.09685e-06
3.62802 1.82408 0 225 1.06613e-06
3.62877 1.82408 0 225 1.03661e-06
3.62952 1.82408 0 225 1.00824e-06
3.63027 1.82408 0 225 9.80941e-07
3.63102 1.82408 0 225 9.54672e-07
3.63177 1.82408 0 225 9.29378e-07
3.63252 1.82408 0 225 9.05008e-07
3.63327 1.82408 0 225 8.81518e-07
3.63402 1.82408 0 225 8.58866e-07
3.63477 1.82408 0 225 8.37011e-07
3.63552 1.82408 0 225 8.15917e-07
3.63627 1.82408 0 225 7.95549e-07
3.63702 1.82408 0 225 7.75874e-07
3.63777 1.82408 0 225 7.56863e-07
3.63852 1.82408 0 225 7.38488e-07
3.63927 1.82408 0 225 7.20721e-07
3.64002 1.82408 0 225 7.03539e-07
3.64077 1.82408 0 225 6.86915e-07
3.64152 1.82408 0 225 6.70828e-07
3.64227 1.82408 0 225 6.55255e-07
3.64302 1.82408 0 225 6.40183e-07
3.64377 1.82408 0 225 6.25585e-07
3.64452 1.82408 0 225 6.11443e-07
3.64527 1.82408 0 225 5.97742e-07
3.64602 1.82408 0 225 5.84466e-07
3.64677 1.82408 0 225 5.71598e-07
3.64752 1.82408 0 225 5.59124e-07
3.64827 1.82408 0 225 5.47032e-07
3.64902 1.82408 0 225 5.35308e-07
3.64977 1.82408 0 225 5.23941e-07
3.65053 1.82408 0 225 5.12921e-07
3.65128 1.82408 0 225 5.02238e-07
3.65203 1.82408 0 225 4.91886e-07
3.65278 1.82408 0 225 4.81856e-07
3.65353 1.82408 0 225 4.72142e-07
3.65428 1.82408 0 225 4.62739e-07
3.65503 1.82408 0 225 4.53646e-07
3.65578 1.82408 0 225 4.44859e-07
3.65653 1.82408 0 225 4.36376e-07
3.65728 1.82408 0 225 4.28195e-07
3.65803 1.82408 0 225 4.20317e-07
3.65878 1.82408 0 225 4.12739e-07
3.65953 1.82408 0 225 4.05461e-07
3.66028 1.82408 0 225 3.98482e-07
3.66103 1.82408 0 225 3.91799e-07
3.66178 1.82408 0 225 3.85409e-07
3.66253 1.82408 0 225 3.79306e-07
3.66328 1.82408 0 225 3.73483e-07
3.66403 1.82408 0 225 3.67932e-07
3.66478 1.82408 0 225 3.62642e-07
3.66553 1.82408 0 225 3.57598e-07
3.66628 1.82408 0 225 3.52785e-07
3.66703 1.82408 0 225 3.48187e-07
3.66778 1.82408 0 225 3.43784e-07
3.66853 1.82408 0 225 3.39556e-07
3.66928 1.82408 0 225 3.35484e-07
3.67003 1.82408 0 225 3.31549e-07
3.67078 1.82408 0 225 3.27729e-07
3.67153 1.82408 0 225 3.24006e-07
3.67228 1.82408 0 225 3.20361e-07
3.67303 1.82408 0 225 3.16786e-07
3.67378 1.82408 0 225 3.13266e-07
3.67453 1.82408 0 225 3.09789e-07
3.67528 1.82408 0 225 3.06345e-07
3.67603 1.82408 0 225 3.02934e-07
3.67678 1.82408 0 225 2.99548e-07
3.67753 1.82408 0 225 2.96186e-07
3.67828 1.82408 0 225 2.92844e-07
3.67903 1.82408 0 225 2.89527e-07
3.67978 1.82408 0 225 2.86233e-07
3.68053 1.82408 0 225 2.82966e-07
3.68128 1.82408 0 225 2.79728e-07
3.68203 1.82408 0 225 2.76521e-07
3.68278 1.82408 0 225 2.73348e-07
3.68353 1.82408 0 225 2.70212e-07
3.68428 1.82408 0 225 2.67117e-07
3.68503 1.82408 0 225 2.64063e-07
3.68578 1.82408 0 225 2.61054e-07
3.68653 1.82408 0 225 2.58092e-07
3.68728 1.82408 0 225 2.55179e-07
3.68803 1.82408 0 225 2.52316e-07
3.68878 1.82408 0 225 2.49505e-07
3.68953 1.82408 0 225 2.46746e-07
3.69028 1.82408 0 225 2.44025e-07
3.69103 1.82408 0 225 2.41373e-07
3.69178 1.82408 0 225 2.38775e-07
3.69253 1.82408 0 225 2.36231e-07
3.69328 1.82408 0 225 2.33741e-07
3.69403 1.82408 0 225 2.31303e-07
3.69478 1.82408 0 225 2.28919e-07
3.69553 1.82408 0 225 2.26588e-07
3.69628 1.82408 0 225 2.24308e-07
3.69703 1.82408 0 225 2.2208e-07
3.69778 1.82408 0 225 2.19902e-07
3.69853 1.82408 0 225 2.17774e-07
3.69928 1.82408 0 225 2.15695e-07
3.70003 1.82408 0 225 2.13664e-07
3.70078 1.82408 0 225 2.1168e-07
3.70153 1.82408 0 225 2.09742e-07
3.70228 1.82408 0 225 2.0785e-07
3.70303 1.82408 0 225 2.06003e-07
3.70378 1.82408 0 225 2.04197e-07
3.70453 1.82408 0 225 2.02436e-07
3.70528 1.82408 0 225 2.00717e-07
3.70603 1.82408 0 225 1.99039e-07
3.70678 1.82408 0 225 1.974e-07
3.70753 1.82408 0 225 1.95799e-07
3.70828 1.82408 0 225 1.9424e-07
3.70903 1.82408 0 225 1.92718e-07
3.70978 1.82408 0 225 1.91233e-07
3.71054 1.82408 0 225 1.89785e-07
3.71129 1.82408 0 225 1.88372e-07
3.71204 1.82408 0 225 1.86995e-07
3.71279 1.82408 0 225 1.85651e-07
3.71354 1.82408 0 225 1.84341e-07
3.71429 1.82408 0 225 1.83064e-07
3.71504 1.82408 0 225 1.81819e-07
3.71579 1.82408 0 225 1.80606e-07
3.71654 1.82408 0 225 1.79423e-07
3.71729 1.82408 0 225 1.78271e-07
3.71804 1.82408 0 225 1.77148e-07
3.71879 1.82408 0 225 1.76055e-07
3.71954 1.82408 0 225 1.74989e-07
3.72029 1.82408 0 225 1.73951e-07
3.72104 1.82408 0 225 1.72939e-07
3.72179 1.82408 0 225 1.71954e-07
3.72254 1.82408 0 225 1.70994e-07
3.72329 1.82408 0 225 1.70059e-07
3.72404 1.82408 0 225 1.69148e-07
3.72479 1.82408 0 225 1.6826e-07
3.72554 1.82408 0 225 1.67394e-07
3.72629 1.82408 0 225 1.66549e-07
3.72704 1.82408 0 225 1.65725e-07
3.72779 1.82408 0 225 1.64922e-07
3.72854 1.82408 0 225 1.64137e-07
3.72929 1.82408 0 225 1.6337e-07
3.73004 1.82408 0 225 1.6262e-07
3.73079 1.82408 0 225 1.61888e-07
3.73154 1.82408 0 225 1.61171e-07
3.73229 1.82408 0 225 1.60469e-07
3.73304 1.82408 0 225 1.59781e-07
3.73379 1.82408 0 225 1.59108e-07
3.73454 1.82408 0 225 1.58448e-07
3.73529 1.82408 0 225 1.57799e-07
3.73604 1.82408 0 225 1.57165e-07
3.73679 1.82408 0 225 1.56543e-07
3.73754 1.82408 0 225 1.55934e-07
3.73829 1.82408 0 225 1.55337e-07
3.73904 1.82408 0 225 1.5475e-07
3.73979 1.82408 0 225 1.54178e-07
3.74054 1.82408 0 225 1.53619e-07
3.74129 1.82408 0 225 1.53072e-07
3.74204 1.82408 0 225 1.52539e-07
3.74279 1.82408 0 225 1.52019e-07
3.74354 1.82408 0 225 1.51512e-07
3.74429 1.82408 0 225 1.51019e-07
3.74504 1.82408 0 225 1.5054e-07
3.74579 1.82408 0 225 1.50076e-07
3.74654 1.82408 0 225 1.49626e-07
3.74729 1.82408 0 225 1.49191e-07
3.74804 1.82408 0 225 1.4877e-07
3.74879 1.82408 0 225 1.48365e-07
3.74954 1.82408 0 225 1.47975e-07
3.75029 1.82408 0 225 1.476e-07
3.75104 1.82408 0 225 1.47241e-07
3.75179 1.82408 0 225 1.46897e-07
3.75254 1.82408 0 225 1.46569e-07
3.75329 1.82408 0 225 1.46257e-07
3.75404 1.82408 0 225 1.4596e-07
3.75479 1.82408 0 225 1.4568e-07
3.75554 1.82408 0 225 1.45413e-07
3.75629 1.82408 0 225 1.45165e-07
3.75704 1.82408 0 225 1.44934e-07
3.75779 1.82408 0 225 1.4472e-07
3.75854 1.82408 0 225 1.44523e-07
3.75929 1.82408 0 225 1.44344e-07
3.76004 1.82408 0 225 1.44183e-07
3.76079 1.82408 0 225 1.44041e-07
3.76154 1.82408 0 225 1.43918e-07
3.76229 1.82408 0 225 1.43816e-07
3.76304 1.82408 0 225 1.43735e-07
3.76379 1.82408 0 225 1.43675e-07
3.76454 1.82408 0 225 1.43637e-07
3.76529 1.82408 0 225 1.43623e-07
3.76604 1.82408 0 225 1.43634e-07
3.76679 1.82408 0 225 1.43671e-07
3.76754 1.82408 0 225 1.43733e-07
3.76829 1.82408 0 225 1.43822e-07
3.76904 1.82408 0 225 1.43937e-07
3.76979 1.82408 0 225 1.44081e-07
3.77055 1.82408 0 225 1.44251e-07
3.7713 1.82408 0 225 1.44449e-07
3.77205 1.82408 0 225 1.44675e-07
3.7728 1.82408 0 225 1.44926e-07
3.77355 1.82408 0 225 1.45204e-07
3.7743 1.82408 0 225 1.45506e-07
3.77505 1.82408 0 225 1.45832e-07
3.7758 1.82408 0 225 1.46179e-07
3.77655 1.82408 0 225 1.46548e-07
3.7773 1.82408 0 225 1.46935e-07
3.77805 1.82408 0 225 1.47341e-07
3.7788 1.82408 0 225 1.47762e-07
3.77955 1.82408 0 225 1.48195e-07
3.7803 1.82408 0 225 1.48644e-07
3.78105 1.82408 0 225 1.49106e-07
3.7818 1.82408 0 225 1.49579e-07
3.78255 1.82408 0 225 1.50062e-07
3.7833 1.82408 0 225 1.50554e-07
3.78405 1.82408 0 225 1.51055e-07
3.7848 1.82408 0 225 1.51564e-07
3.78555 1.82408 0 225 1.5208e-07
3.7863 1.82408 0 225 1.52605e-07
3.78705 1.82408 0 225 1.53137e-07
3.7878 1.82408 0 225 1.53675e-07
3.78855 1.82408 0 225 1.5422e-07
3.7893 1.82408 0 225 1.5477e-07
3.79005 1.82408 0 225 1.55327e-07
3.7908 1.82408 0 225 1.55889e-07
3.79155 1.82408 0 225 1.56456e-07
3.7923 1.82408 0 225 1.57028e-07
3.79305 1.82408 0 225 1.57604e-07
3.7938 1.82408 0 225 1.58184e-07
3.79455 1.82408 0 225 1.58764e-07
3.7953 1.82408 0 225 1.59349e-07
3.79605 1.82408 0 225 1.59937e-07
3.7968 1.82408 0 225 1.60526e-07
3.79755 1.82408 0 225 1.61117e-07
3.7983 1.82408 0 225 1.61708e-07
3.79905 1.82408 0 225 1.62299e-07
3.7998 1.82408 0 225 1.62891e-07
3.80055 1.82408 0 225 1.63482e-07
3.8013 1.82408 0 225 1.64075e-07
3.80205 1.82408 0 225 1.64668e-07
3.8028 1.82408 0 225 1.65264e-07
3.80355 1.82408 0 225 1.65864e-07
3.8043 1.82408 0 225 1.66471e-07
3.80505 1.82408 0 225 1.67087e-07
3.8058 1.82408 0 225 1.67717e-07
3.80655 1.82408 0 225 1.68367e-07
3.8073 1.82408 0 225 1.69043e-07
3.80805 1.82408 0 225 1.69754e-07
3.8088 1.82408 0 225 1.70509e-07
3.80955 1.82408 0 225 1.71323e-07
3.8103 1.82408 0 225 1.72209e-07
3.81105 1.82408 0 225 1.73185e-07
3.8118 1.82408 0 225 1.74274e-07
3.81255 1.82408 0 225 1.75498e-07
3.8133 1.82408 0 225 1.76887e-07
3.81405 1.82408 0 225 1.78474e-07
3.8148 1.82408 0 225 1.80295e-07
3.81555 1.82408 0 225 1.82393e-07
3.8163 1.82408 0 225 1.84813e-07
3.81705 1.82408 0 225 1.87608e-07
3.8178 1.82408 0 225 1.90833e-07
3.81855 1.82408 0 225 1.94548e-07
3.8193 1.82408 0 225 1.98817e-07
3.82005 1.82408 0 225 2.03706e-07
3.8208 1.82408 0 225 2.09283e-07
3.82155 1.82408 0 225 2.15616e-07
3.8223 1.82408 0 225 2.22772e-07
3.82305 1.82408 0 225 2.30804e-07
3.8238 1.82408 0 225 2.39788e-07
3.82455 1.82408 0 225 2.49765e-07
3.8253 1.82408 0 225 2.60741e-07
3.82605 1.82408 0 225 2.72805e-07
3.8268 1.82408 0 225 2.85924e-07
3.82755 1.82408 0 225 3.00131e-07
3.8283 1.82408 0 225 3.15388e-07
3.82905 1.82408 0 225 3.31657e-07
3.8298 1.82408 0 225 3.48885e-07
3.83056 1.82408 0 225 3.67003e-07
3.83131 1.82408 0 225 3.85926e-07
3.83206 1.82408 0 225 4.05557e-07
3.83281 1.82408 0 225 4.25789e-07
3.83356 1.82408 0 225 4.46508e-07
3.83431 1.82408 0 225 4.67591e-07
3.83506 1.82408 0 225 4.88917e-07
3.83581 1.82408 0 225 5.10359e-07
3.83656 1.82408 0 225 5.31793e-07
3.83731 1.82408 0 225 5.53096e-07
3.83806 1.82408 0 225 5.74149e-07
3.83881 1.82408 0 225 5.94817e-07
3.83956 1.82408 0 225 6.15019e-07
3.84031 1.82408 0 225 6.34624e-07
3.84106 1.82408 0 225 6.53521e-07
3.84181 1.82408 0 225 6.71599e-07
3.84256 1.82408 0 225 6.8875e-07
3.84331 1.82408 0 225 7.04871e-07
3.84406 1.82408 0 225 7.19858e-07
3.84481 1.82408 0 225 7.33612e-07
3.84556 1.82408 0 225 7.46038e-07
3.84631 1.82408 0 225 7.5705e-07
3.84706 1.82408 0 225 7.66569e-07
3.84781 1.82408 0 225 7.74527e-07
3.84856 1.82408 0 225 7.8087e-07
3.84931 1.82408 0 225 7.85558e-07
3.85006 1.82408 0 225 7.88571e-07
3.85081 1.82408 0 225 7.89903e-07
3.85156 1.82408 0 225 7.8957e-07
3.85231 1.82408 0 225 7.87606e-07
3.85306 1.82408 0 225 7.84063e-07
3.85381 1.82408 0 225 7.79012e-07
3.85456 1.82408 0 225 7.72539e-07
3.85531 1.82408 0 225 7.64743e-07
3.85606 1.82408 0 225 7.55734e-07
3.85681 1.82408 0 225 7.45632e-07
3.85756 1.82408 0 225 7.34561e-07
3.85831 1.82408 0 225 7.22656e-07
3.85906 1.82408 0 225 7.10027e-07
3.85981 1.82408 0 225 6.96807e-07
3.86056 1.82408 0 225 6.83117e-07
3.86131 1.82408 0 225 6.69072e-07
3.86206 1.82408 0 225 6.54779e-07
3.86281 1.82408 0 225 6.40337e-07
3.86356 1.82408 0 225 6.25852e-07
3.86431 1.82408 0 225 6.11374e-07
3.86506 1.82408 0 225 5.9699e-07
3.86581 1.82408 0 225 5.83849e-07
3.86656 1.82408 0 225 5.69808e-07
3.86731 1.82408 0 225 5.56025e-07
3.86806 1.82408 0 225 5.42541e-07
3.86881 1.82408 0 225 5.29385e-07
3.86956 1.82408 0 225 5.16586e-07
3.87031 1.82408 0 225 5.04162e-07
3.87106 1.82408 0 225 4.92127e-07
3.87181 1.82408 0 225 4.80494e-07
3.87256 1.82408 0 225 4.69268e-07
3.87331 1.82408 0 225 4.58452e-07
3.87406 1.82408 0 225 4.48047e-07
3.87481 1.82408 0 225 4.38063e-07
3.87556 1.82408 0 225 4.28472e-07
3.87631 1.82408 0 225 4.1928e-07
3.87706 1.82408 0 225 4.1048e-07
3.87781 1.82408 0 225 4.02065e-07
3.87856 1.82408 0 225 3.94026e-07
3.87931 1.82408 0 225 3.86353e-07
3.88006 1.82408 0 225 3.79036e-07
3.88081 1.82408 0 225 3.72067e-07
3.88156 1.82408 0 225 3.65434e-07
3.88231 1.82408 0 225 3.59128e-07
3.88306 1.82408 0 225 3.53139e-07
3.88381 1.82408 0 225 3.47455e-07
3.88456 1.82408 0 225 3.42069e-07
3.88531 1.82408 0 225 3.3697e-07
3.88606 1.82408 0 225 3.32149e-07
3.88681 1.82408 0 225 3.27598e-07
3.88756 1.82408 0 225 3.23307e-07
3.88831 1.82408 0 225 3.19269e-07
3.88906 1.82408 0 225 3.15476e-07
3.88981 1.82408 0 225 3.11921e-07
3.89057 1.82408 0 225 3.08596e-07
3.89132 1.82408 0 225 3.05497e-07
3.89207 1.82408 0 225 3.02614e-07
3.89282 1.82408 0 225 2.99943e-07
3.89357 1.82408 0 225 2.97479e-07
3.89432 1.82408 0 225 2.95213e-07
3.89507 1.82408 0 225 2.93147e-07
3.89582 1.82408 0 225 2.91275e-07
3.89657 1.82408 0 225 2.8959e-07
3.89732 1.82408 0 225 2.88091e-07
3.89807 1.82408 0 225 2.86775e-07
3.89882 1.82408 0 225 2.85637e-07
3.89957 1.82408 0 225 2.84676e-07
3.90032 1.82408 0 225 2.83889e-07
3.90107 1.82408 0 225 2.83275e-07
3.90182 1.82408 0 225 2.82832e-07
3.90257 1.82408 0 225 2.82559e-07
3.90332 1.82408 0 225 2.82454e-07
3.90407 1.82408 0 225 2.82518e-07
3.90482 1.82408 0 225 2.82752e-07
3.90557 1.82408 0 225 2.83151e-07
3.90632 1.82408 0 225 2.83719e-07
3.90707 1.82408 0 225 2.84455e-07
3.90782 1.82408 0 225 2.8536e-07
3.90857 1.82408 0 225 2.86436e-07
3.90932 1.82408 0 225 2.87683e-07
3.91007 1.82408 0 225 2.89103e-07
3.91082 1.82408 0 225 2.90697e-07
3.91157 1.82408 0 225 2.92468e-07
3.91232 1.82408 0 225 2.94418e-07
3.91307 1.82408 0 225 2.96547e-07
3.91382 1.82408 0 225 2.9886e-07
3.91457 1.82408 0 225 3.01357e-07
3.91532 1.82408 0 225 3.04042e-07
3.91607 1.82408 0 225 3.06916e-07
3.91682 1.82408 0 225 3.09982e-07
3.91757 1.82408 0 225 3.13242e-07
3.91832 1.82408 0 225 3.16698e-07
3.91907 1.82408 0 225 3.2035e-07
3.91982 1.82408 0 225 3.24201e-07
3.92057 1.82408 0 225 3.28251e-07
3.92132 1.82408 0 225 3.325e-07
3.92207 1.82408 0 225 3.36948e-07
3.92282 1.82408 0 225 3.41592e-07
3.92357 1.82408 0 225 3.46429e-07
3.92432 1.82408 0 225 3.51458e-07
3.92507 1.82408 0 225 3.56672e-07
3.92582 1.82408 0 225 3.62064e-07
3.92657 1.82408 0 225 3.67627e-07
3.92732 1.82408 0 225 3.7335e-07
3.92807 1.82408 0 225 3.79223e-07
3.92882 1.82408 0 225 3.85229e-07
3.92957 1.82408 0 225 3.91354e-07
3.93032 1.82408 0 225 3.97578e-07
3.93107 1.82408 0 225 4.03883e-07
3.93182 1.82408 0 225 4.10245e-07
3.93257 1.82408 0 225 4.16641e-07
3.93332 1.82408 0 225 4.23045e-07
3.93407 1.82408 0 225 4.29431e-07
3.93482 1.82408 0 225 4.3577e-07
3.93557 1.82408 0 225 4.42036e-07
3.93632 1.82408 0 225 4.48201e-07
3.93707 1.82408 0 225 4.5424e-07
3.93782 1.82408 0 225 4.6013e-07
3.93857 1.82408 0 225 4.65848e-07
3.93932 1.82408 0 225 4.71378e-07
3.94007 1.82408 0 225 4.76706e-07
3.94082 1.82408 0 225 4.81825e-07
3.94157 1.82408 0 225 4.86732e-07
3.94232 1.82408 0 225 4.91427e-07
3.94307 1.82408 0 225 4.95922e-07
3.94382 1.82408 0 225 5.00228e-07
3.94457 1.82408 0 225 5.04367e-07
3.94532 1.82408 0 225 5.08362e-07
3.94607 1.82408 0 225 5.12244e-07
3.94682 1.82408 0 225 5.16047e-07
3.94757 1.82408 0 225 5.19807e-07
3.94832 1.82408 0 225 5.23564e-07
3.94907 1.82408 0 225 5.27358e-07
3.94982 1.82408 0 225 5.31234e-07
3.95058 1.82408 0 225 5.35232e-07
3.95133 1.82408 0 225 5.39395e-07
3.95208 1.82408 0 225 5.43766e-07
3.95283 1.82408 0 225 5.48384e-07
3.95358 1.82408 0 225 5.53287e-07
3.95433 1.82408 0 225 5.58512e-07
3.95508 1.82408 0 225 5.64094e-07
3.95583 1.82408 0 225 5.70064e-07
3.95658 1.82408 0 225 5.76451e-07
3.95733 1.82408 0 225 5.83282e-07
3.95808 1.82408 0 225 5.90582e-07
3.95883 1.82408 0 225 5.9837e-07
3.95958 1.82408 0 225 6.06667e-07
3.96033 1.82408 0 225 6.15488e-07
3.96108 1.82408 0 225 6.24846e-07
3.96183 1.82408 0 225 6.3475e-07
3.96258 1.82408 0 225 6.45207e-07
3.96333 1.82408 0 225 6.5622e-07
3.96408 1.82408 0 225 6.67787e-07
3.96483 1.82408 0 225 6.79905e-07
3.96558 1.82408 0 225 6.92564e-07
3.96633 1.82408 0 225 7.05749e-07
3.96708 1.82408 0 225 7.19441e-07
3.96783 1.82408 0 225 7.33615e-07
3.96858 1.82408 0 225 7.48241e-07
3.96933 1.82408 0 225 7.63278e-07
3.97008 1.82408 0 225 7.78684e-07
3.97083 1.82408 0 225 7.94403e-07
3.97158 1.82408 0 225 8.10378e-07
3.97233 1.82408 0 225 8.26537e-07
3.97308 1.82408 0 225 8.42804e-07
3.97383 1.82408 0 225 8.59093e-07
3.97458 1.82408 0 225 8.75313e-07
3.97533 1.82408 0 225 8.91362e-07
3.97608 1.82408 0 225 9.07135e-07
3.97683 1.82408 0 225 9.22518e-07
3.97758 1.82408 0 225 9.37397e-07
3.97833 1.82408 0 225 9.51654e-07
3.97908 1.82408 0 225 9.65171e-07
3.97983 1.82408 0 225 9.77833e-07
3.98058 1.82408 0 225 9.89529e-07
3.98133 1.82408 0 225 1.00016e-06
3.98208 1.82408 0 225 1.00962e-06
3.98283 1.82408 0 225 1.01784e-06
3.98358 1.82408 0 225 1.02476e-06
3.98433 1.82408 0 225 1.03031e-06
3.98508 1.82408 0 225 1.03447e-06
3.98583 1.82408 0 225 1.03722e-06
3.98658 1.82408 0 225 1.03856e-06
3.98733 1.82408 0 225 1.03852e-06
3.98808 1.82408 0 225 1.03713e-06
3.98883 1.82408 0 225 1.03445e-06
3.98958 1.82408 0 225 1.03055e-06
3.99033 1.82408 0 225 1.02549e-06
3.99108 1.82408 0 225 1.01936e-06
3.99183 1.82408 0 225 1.01225e-06
3.99258 1.82408 0 225 1.00425e-06
3.99333 1.82408 0 225 9.95458e-07
3.99408 1.82408 0 225 9.85953e-07
3.99483 1.82408 0 225 9.75822e-07
3.99558 1.82408 0 225 9.65139e-07
3.99633 1.82408 0 225 9.53974e-07
3.99708 1.82408 0 225 9.42393e-07
3.99783 1.82408 0 225 9.30435e-07
3.99858 1.82408 0 225 9.18151e-07
3.99933 1.82408 0 225 9.05573e-07
4.00008 1.82408 0 225 8.92729e-07
4.00083 1.82408 0 225 8.79641e-07
4.00158 1.82408 0 225 8.66327e-07
4.00233 1.82408 0 225 8.52804e-07
4.00308 1.82408 0 225 8.39066e-07
4.00383 1.82408 0 225 8.2513e-07
4.00458 1.82408 0 225 8.11007e-07
4.00533 1.82408 0 225 7.96708e-07
4.00608 1.82408 0 225 7.82245e-07
4.00683 1.82408 0 225 7.67636e-07
4.00758 1.82408 0 225 7.52899e-07
4.00833 1.82408 0 225 7.38058e-07
4.00908 1.82408 0 225 7.23138e-07
4.00983 1.82408 0 225 7.08168e-07
4.01059 1.82408 0 225 6.93179e-07
4.01134 1.82408 0 225 6.78205e-07
4.01209 1.82408 0 225 6.6328e-07
4.01284 1.82408 0 225 6.48437e-07
4.01359 1.82408 0 225 6.3371e-07
4.01434 1.82408 0 225 6.19134e-07
4.01509 1.82408 0 225 6.04738e-07
4.01584 1.82408 0 225 5.90553e-07
4.01659 1.82408 0 225 5.76605e-07
4.01734 1.82408 0 225 5.62919e-07
4.01809 1.82408 0 225 5.49515e-07
4.01884 1.82408 0 225 5.36413e-07
4.01959 1.82408 0 225 5.23628e-07
4.02034 1.82408 0 225 5.11172e-07
4.02109 1.82408 0 225 4.99054e-07
4.02184 1.82408 0 225 4.87283e-07
4.02259 1.82408 0 225 4.75862e-07
4.02334 1.82408 0 225 4.64794e-07
4.02409 1.82408 0 225 4.54083e-07
4.02484 1.82408 0 225 4.43721e-07
4.02559 1.82408 0 225 4.33708e-07
4.02634 1.82408 0 225 4.2404e-07
4.02709 1.82408 0 225 4.14713e-07
4.02784 1.82408 0 225 4.05718e-07
4.02859 1.82408 0 225 3.97049e-07
4.02934 1.82408 0 225 3.88699e-07
4.03009 1.82408 0 225 3.8066e-07
4.03084 1.82408 0 225 3.72922e-07
4.03159 1.82408 0 225 3.65477e-07
4.03234 1.82408 0 225 3.58315e-07
4.03309 1.82408 0 225 3.51428e-07
4.03384 1.82408 0 225 3.44807e-07
4.03459 1.82408 0 225 3.38442e-07
4.03534 1.82408 0 225 3.32325e-07
4.03609 1.82408 0 225 3.26446e-07
4.03684 1.82408 0 225 3.20797e-07
4.03759 1.82408 0 225 3.1537e-07
4.03834 1.82408 0 225 3.10155e-07
4.03909 1.82408 0 225 3.05149e-07
4.03984 1.82408 0 225 3.00337e-07
4.04059 1.82408 0 225 2.95714e-07
4.04134 1.82408 0 225 2.91273e-07
4.04209 1.82408 0 225 2.87008e-07
4.04284 1.82408 0 225 2.82911e-07
4.04359 1.82408 0 225 2.78977e-07
4.04434 1.82408 0 225 2.75198e-07
4.04509 1.82408 0 225 2.71569e-07
4.04584 1.82408 0 225 2.68084e-07
4.04659 1.82408 0 225 2.64739e-07
4.04734 1.82408 0 225 2.61527e-07
4.04809 1.82408 0 225 2.58444e-07
4.04884 1.82408 0 225 2.55485e-07
4.04959 1.82408 0 225 2.52647e-07
4.05034 1.82408 0 225 2.49925e-07
4.05109 1.82408 0 225 2.47316e-07
4.05184 1.82408 0 225 2.44815e-07
4.05259 1.82408 0 225 2.42421e-07
4.05334 1.82408 0 225 2.4013e-07
4.05409 1.82408 0 225 2.3794e-07
4.05484 1.82408 0 225 2.35849e-07
4.05559 1.82408 0 225 2.33855e-07
4.05634 1.82408 0 225 2.31956e-07
4.05709 1.82408 0 225 2.30151e-07
4.05784 1.82408 0 225 2.2844e-07
4.05859 1.82408 0 225 2.26826e-07
4.05934 1.82408 0 225 2.25302e-07
4.06009 1.82408 0 225 2.2387e-07
4.06084 1.82408 0 225 2.22532e-07
4.06159 1.82408 0 225 2.21289e-07
4.06234 1.82408 0 225 2.20139e-07
4.06309 1.82408 0 225 2.19084e-07
4.06384 1.82408 0 225 2.18125e-07
4.06459 1.82408 0 225 2.17262e-07
4.06534 1.82408 0 225 2.16496e-07
4.06609 1.82408 0 225 2.15826e-07
4.06684 1.82408 0 225 2.15253e-07
4.06759 1.82408 0 225 2.14776e-07
4.06834 1.82408 0 225 2.14392e-07
4.06909 1.82408 0 225 2.141e-07
4.06984 1.82408 0 225 2.13896e-07
4.0706 1.82408 0 225 2.13779e-07
4.07135 1.82408 0 225 2.13743e-07
4.0721 1.82408 0 225 2.13783e-07
4.07285 1.82408 0 225 2.13895e-07
4.0736 1.82408 0 225 2.14071e-07
4.07435 1.82408 0 225 2.14306e-07
4.0751 1.82408 0 225 2.14593e-07
4.07585 1.82408 0 225 2.14926e-07
4.0766 1.82408 0 225 2.15298e-07
4.07735 1.82408 0 225 2.15703e-07
4.0781 1.82408 0 225 2.16136e-07
4.07885 1.82408 0 225 2.16591e-07
4.0796 1.82408 0 225 2.17063e-07
4.08035 1.82408 0 225 2.17549e-07
4.0811 1.82408 0 225 2.18045e-07
4.08185 1.82408 0 225 2.1855e-07
4.0826 1.82408 0 225 2.1906e-07
4.08335 1.82408 0 225 2.19575e-07
4.0841 1.82408 0 225 2.20095e-07
4.08485 1.82408 0 225 2.20619e-07
4.0856 1.82408 0 225 2.21147e-07
4.08635 1.82408 0 225 2.21681e-07
4.0871 1.82408 0 225 2.22222e-07
4.08785 1.82408 0 225 2.2277e-07
4.0886 1.82408 0 225 2.23328e-07
4.08935 1.82408 0 225 2.23897e-07
4.0901 1.82408 0 225 2.2448e-07
4.09085 1.82408 0 225 2.25078e-07
4.0916 1.82408 0 225 2.25693e-07
4.09235 1.82408 0 225 2.26328e-07
4.0931 1.82408 0 225 2.26984e-07
4.09385 1.82408 0 225 2.27665e-07
4.0946 1.82408 0 225 2.28371e-07
4.09535 1.82408 0 225 2.29107e-07
4.0961 1.82408 0 225 2.29875e-07
4.09685 1.82408 0 225 2.30678e-07
4.0976 1.82408 0 225 2.3152e-07
4.09835 1.82408 0 225 2.32404e-07
4.0991 1.82408 0 225 2.33334e-07
4.09985 1.82408 0 225 2.34315e-07
4.1006 1.82408 0 225 2.35355e-07
4.10135 1.82408 0 225 2.3646e-07
4.1021 1.82408 0 225 2.37635e-07
4.10285 1.82408 0 225 2.38891e-07
4.1036 1.82408 0 225 2.40235e-07
4.10435 1.82408 0 225 2.41678e-07
4.1051 1.82408 0 225 2.43233e-07
4.10585 1.82408 0 225 2.4491e-07
4.1066 1.82408 0 225 2.46726e-07
4.10735 1.82408 0 225 2.48693e-07
4.1081 1.82408 0 225 2.50829e-07
4.10885 1.82408 0 225 2.5315e-07
4.1096 1.82408 0 225 2.55674e-07
4.11035 1.82408 0 225 2.58417e-07
4.1111 1.82408 0 225 2.61401e-07
4.11185 1.82408 0 225 2.64641e-07
4.1126 1.82408 0 225 2.68154e-07
4.11335 1.82408 0 225 2.71958e-07
4.1141 1.82408 0 225 2.76065e-07
4.11485 1.82408 0 225 2.80486e-07
4.1156 1.82408 0 225 2.85237e-07
4.11635 1.82408 0 225 2.90322e-07
4.1171 1.82408 0 225 2.95744e-07
4.11785 1.82408 0 225 3.01504e-07
4.1186 1.82408 0 225 3.076e-07
4.11935 1.82408 0 225 3.14024e-07
4.1201 1.82408 0 225 3.20769e-07
4.12085 1.82408 0 225 3.2782e-07
4.1216 1.82408 0 225 3.35166e-07
4.12235 1.82408 0 225 3.42788e-07
4.1231 1.82408 0 225 3.50672e-07
4.12385 1.82408 0 225 3.588e-07
4.1246 1.82408 0 225 3.67155e-07
4.12535 1.82408 0 225 3.75723e-07
4.1261 1.82408 0 225 3.84491e-07
4.12685 1.82408 0 225 3.93447e-07
4.1276 1.82408 0 225 4.02585e-07
4.12835 1.82408 0 225 4.11899e-07
4.1291 1.82408 0 225 4.21388e-07
4.12985 1.82408 0 225 4.31054e-07
4.13061 1.82408 0 225 4.40903e-07
4.13136 1.82408 0 225 4.50942e-07
4.13211 1.82408 0 225 4.61185e-07
4.13286 1.82408 0 225 4.71644e-07
4.13361 1.82408 0 225 4.82338e-07
4.13436 1.82408 0 225 4.93286e-07
4.13511 1.82408 0 225 5.04507e-07
4.13586 1.82408 0 225 5.16026e-07
4.13661 1.82408 0 225 5.27867e-07
4.13736 1.82408 0 225 5.40053e-07
4.13811 1.82408 0 225 5.52612e-07
4.13886 1.82408 0 225 5.65569e-07
4.13961 1.82408 0 225 5.7895e-07
4.14036 1.82408 0 225 5.92785e-07
4.14111 1.82408 0 225 6.07099e-07
4.14186 1.82408 0 225 6.21918e-07
4.14261 1.82408 0 225 6.37271e-07
4.14336 1.82408 0 225 6.53184e-07
4.14411 1.82408 0 225 6.69683e-07
4.14486 1.82408 0 225 6.86795e-07
4.14561 1.82408 0 225 7.04547e-07
4.14636 1.82408 0 225 7.22967e-07
4.14711 1.82408 0 225 7.4208e-07
4.14786 1.82408 0 225 7.61914e-07
4.14861 1.82408 0 225 7.82498e-07
4.14936 1.82408 0 225 8.03859e-07
4.15011 1.82408 0 225 8.26025e-07
4.15086 1.82408 0 225 8.49028e-07
4.15161 1.82408 0 225 8.72895e-07
4.15236 1.82408 0 225 8.97658e-07
4.15311 1.82408 0 225 9.23346e-07
4.15386 1.82408 0 225 9.49992e-07
4.15461 1.82408 0 225 9.77623e-07
4.15536 1.82408 0 225 1.00627e-06
4.15611 1.82408 0 225 1.03597e-06
4.15686 1.82408 0 225 1.06673e-06
4.15761 1.82408 0 225 1.0986e-06
4.15836 1.82408 0 225 1.13158e-06
4.15911 1.82408 0 225 1.16571e-06
4.15986 1.82408 0 225 1.20099e-06
4.16061 1.82408 0 225 1.23745e-06
4.16136 1.82408 0 225 1.27507e-06
4.16211 1.82408 0 225 1.31385e-06
4.16286 1.82408 0 225 1.3538e-06
4.16361 1.82408 0 225 1.39487e-06
4.16436 1.82408 0 225 1.43705e-06
4.16511 1.82408 0 225 1.48028e-06
4.16586 1.82408 0 225 1.52451e-06
4.16661 1.82408 0 225 1.56965e-06
4.16736 1.82408 0 225 1.61561e-06
4.16811 1.82408 0 225 1.66228e-06
4.16886 1.82408 0 225 1.70952e-06
4.16961 1.82408 0 225 1.75718e-06
4.17036 1.82408 0 225 1.80507e-06
4.17111 1.82408 0 225 1.85299e-06
4.17186 1.82408 0 225 1.90071e-06
4.17261 1.82408 0 225 1.94797e-06
4.17336 1.82408 0 225 1.9945e-06
4.17411 1.82408 0 225 2.03999e-06
4.17486 1.82408 0 225 2.08413e-06
4.17561 1.82408 0 225 2.12658e-06
4.17636 1.82408 0 225 2.16698e-06
4.17711 1.82408 0 225 2.20499e-06
4.17786 1.82408 0 225 2.24025e-06
4.17861 1.82408 0 225 2.27241e-06
4.17936 1.82408 0 225 2.30113e-06
4.18011 1.82408 0 225 2.32611e-06
4.18086 1.82408 0 225 2.34705e-06
4.18161 1.82408 0 225 2.3637e-06
4.18236 1.82408 0 225 2.37586e-06
4.18311 1.82408 0 225 2.38338e-06
4.18386 1.82408 0 225 2.38616e-06
4.18461 1.82408 0 225 2.38415e-06
4.18536 1.82408 0 225 2.37737e-06
4.18611 1.82408 0 225 2.36589e-06
4.18686 1.82408 0 225 2.34984e-06
4.18761 1.82408 0 225 2.32941e-06
4.18836 1.82408 0 225 2.30925e-06
4.18911 1.82408 0 225 2.28088e-06
4.18986 1.82408 0 225 2.2489e-06
4.19062 1.82408 0 225 2.21364e-06
4.19137 1.82408 0 225 2.17545e-06
4.19212 1.82408 0 225 2.13469e-06
4.19287 1.82408 0 225 2.09173e-06
4.19362 1.82408 0 225 2.04692e-06
4.19437 1.82408 0 225 2.0006e-06
4.19512 1.82408 0 225 1.95312e-06
4.19587 1.82408 0 225 1.90478e-06
4.19662 1.82408 0 225 1.85589e-06
4.19737 1.82408 0 225 1.80672e-06
4.19812 1.82408 0 225 1.75751e-06
4.19887 1.82408 0 225 1.70848e-06
4.19962 1.82408 0 225 1.65982e-06
4.20037 1.82408 0 225 1.61171e-06
4.20112 1.82408 0 225 1.5643e-06
4.20187 1.82408 0 225 1.51771e-06
4.20262 1.82408 0 225 1.47205e-06
4.20337 1.82408 0 225 1.4274e-06
4.20412 1.82408 0 225 1.38384e-06
4.20487 1.82408 0 225 1.34141e-06
4.20562 1.82408 0 225 1.30016e-06
4.20637 1.82408 0 225 1.26012e-06
4.20712 1.82408 0 225 1.22129e-06
4.20787 1.82408 0 225 1.18369e-06
4.20862 1.82408 0 225 1.14731e-06
4.20937 1.82408 0 225 1.11215e-06
4.21012 1.82408 0 225 1.07819e-06
4.21087 1.82408 0 225 1.04542e-06
4.21162 1.82408 0 225 1.01381e-06
4.21237 1.82408 0 225 9.83336e-07
4.21312 1.82408 0 225 9.53972e-07
4.21387 1.82408 0 225 9.25688e-07
4.21462 1.82408 0 225 8.98452e-07
4.21537 1.82408 0 225 8.72232e-07
4.21612 1.82408 0 225 8.46995e-07
4.21687 1.82408 0 225 8.22708e-07
4.21762 1.82408 0 225 7.99338e-07
4.21837 1.82408 0 225 7.76852e-07
4.21912 1.82408 0 225 7.55217e-07
4.21987 1.82408 0 225 7.34402e-07
4.22062 1.82408 0 225 7.14375e-07
4.22137 1.82408 0 225 6.95105e-07
4.22212 1.82408 0 225 6.76564e-07
4.22287 1.82408 0 225 6.58721e-07
4.22362 1.82408 0 225 6.41549e-07
4.22437 1.82408 0 225 6.25021e-07
4.22512 1.82408 0 225 6.09111e-07
4.22587 1.82408 0 225 5.93794e-07
4.22662 1.82408 0 225 5.79045e-07
4.22737 1.82408 0 225 5.64842e-07
4.22812 1.82408 0 225 5.51162e-07
4.22887 1.82408 0 225 5.37983e-07
4.22962 1.82408 0 225 5.25286e-07
4.23037 1.82408 0 225 5.1305e-07
4.23112 1.82408 0 225 5.01257e-07
4.23187 1.82408 0 225 4.89889e-07
4.23262 1.82408 0 225 4.78929e-07
4.23337 1.82408 0 225 4.6836e-07
4.23412 1.82408 0 225 4.58167e-07
4.23487 1.82408 0 225 4.48335e-07
4.23562 1.82408 0 225 4.38849e-07
4.23637 1.82408 0 225 4.29696e-07
4.23712 1.82408 0 225 4.20864e-07
4.23787 1.82408 0 225 4.12338e-07
4.23862 1.82408 0 225 4.04109e-07
4.23937 1.82408 0 225 3.96164e-07
4.24012 1.82408 0 225 3.88492e-07
4.24087 1.82408 0 225 3.81084e-07
4.24162 1.82408 0 225 3.7393e-07
4.24237 1.82408 0 225 3.6702e-07
4.24312 1.82408 0 225 3.60346e-07
4.24387 1.82408 0 225 3.53898e-07
4.24462 1.82408 0 225 3.4767e-07
4.24537 1.82408 0 225 3.41653e-07
4.24612 1.82408 0 225 3.3584e-07
4.24687 1.82408 0 225 3.30223e-07
4.24762 1.82408 0 225 3.24797e-07
4.24837 1.82408 0 225 3.19555e-07
4.24912 1.82408 0 225 3.14491e-07
4.24987 1.82408 0 225 3.09598e-07
4.25063 1.82408 0 225 3.04872e-07
4.25138 1.82408 0 225 3.00307e-07
4.25213 1.82408 0 225 2.95898e-07
4.25288 1.82408 0 225 2.9164e-07
4.25363 1.82408 0 225 2.87528e-07
4.25438 1.82408 0 225 2.83559e-07
4.25513 1.82408 0 225 2.79728e-07
4.25588 1.82408 0 225 2.76029e-07
4.25663 1.82408 0 225 2.72461e-07
4.25738 1.82408 0 225 2.69018e-07
4.25813 1.82408 0 225 2.65697e-07
4.25888 1.82408 0 225 2.62495e-07
4.25963 1.82408 0 225 2.59407e-07
4.26038 1.82408 0 225 2.5643e-07
4.26113 1.82408 0 225 2.53561e-07
4.26188 1.82408 0 225 2.50797e-07
4.26263 1.82408 0 225 2.48134e-07
4.26338 1.82408 0 225 2.45569e-07
4.26413 1.82408 0 225 2.43098e-07
4.26488 1.82408 0 225 2.40719e-07
4.26563 1.82408 0 225 2.38428e-07
4.26638 1.82408 0 225 2.36222e-07
4.26713 1.82408 0 225 2.34098e-07
4.26788 1.82408 0 225 2.32053e-07
4.26863 1.82408 0 225 2.30082e-07
4.26938 1.82408 0 225 2.28184e-07
4.27013 1.82408 0 225 2.26356e-07
4.27088 1.82408 0 225 2.24593e-07
4.27163 1.82408 0 225 2.22894e-07
4.27238 1.82408 0 225 2.21255e-07
4.27313 1.82408 0 225 2.19674e-07
4.27388 1.82408 0 225 2.18149e-07
4.27463 1.82408 0 225 2.16676e-07
4.27538 1.82408 0 225 2.15255e-07
4.27613 1.82408 0 225 2.13884e-07
4.27688 1.82408 0 225 2.1256e-07
4.27763 1.82408 0 225 2.11283e-07
4.27838 1.82408 0 225 2.10052e-07
4.27913 1.82408 0 225 2.08867e-07
4.27988 1.82408 0 225 2.07727e-07
4.28063 1.82408 0 225 2.06632e-07
4.28138 1.82408 0 225 2.05583e-07
4.28213 1.82408 0 225 2.04581e-07
4.28288 1.82408 0 225 2.03627e-07
4.28363 1.82408 0 225 2.02721e-07
4.28438 1.82408 0 225 2.01866e-07
4.28513 1.82408 0 225 2.01063e-07
4.28588 1.82408 0 225 2.00314e-07
4.28663 1.82408 0 225 1.9962e-07
4.28738 1.82408 0 225 1.98984e-07
4.28813 1.82408 0 225 1.98407e-07
4.28888 1.82408 0 225 1.97891e-07
4.28963 1.82408 0 225 1.9744e-07
4.29038 1.82408 0 225 1.97053e-07
4.29113 1.82408 0 225 1.96734e-07
4.29188 1.82408 0 225 1.96483e-07
4.29263 1.82408 0 225 1.96303e-07
4.29338 1.82408 0 225 1.96195e-07
4.29413 1.82408 0 225 1.9616e-07
4.29488 1.82408 0 225 1.962e-07
4.29563 1.82408 0 225 1.96315e-07
4.29638 1.82408 0 225 1.96507e-07
4.29713 1.82408 0 225 1.96776e-07
4.29788 1.82408 0 225 1.97122e-07
4.29863 1.82408 0 225 1.97546e-07
4.29938 1.82408 0 225 1.98047e-07
4.30013 1.82408 0 225 1.98624e-07
4.30088 1.82408 0 225 1.99277e-07
4.30163 1.82408 0 225 2.00004e-07
4.30238 1.82408 0 225 2.00804e-07
4.30313 1.82408 0 225 2.01674e-07
4.30388 1.82408 0 225 2.02612e-07
4.30463 1.82408 0 225 2.03613e-07
4.30538 1.82408 0 225 2.04674e-07
4.30613 1.82408 0 225 2.0579e-07
4.30688 1.82408 0 225 2.06955e-07
4.30763 1.82408 0 225 2.08163e-07
4.30838 1.82408 0 225 2.09407e-07
4.30913 1.82408 0 225 2.10679e-07
4.30988 1.82408 0 225 2.1197e-07
4.31064 1.82408 0 225 2.1327e-07
4.31139 1.82408 0 225 2.14569e-07
4.31214 1.82408 0 225 2.15855e-07
4.31289 1.82408 0 225 2.17117e-07
4.31364 1.82408 0 225 2.18342e-07
4.31439 1.82408 0 225 2.19517e-07
4.31514 1.82408 0 225 2.2063e-07
4.31589 1.82408 0 225 2.21666e-07
4.31664 1.82408 0 225 2.22613e-07
4.31739 1.82408 0 225 2.23457e-07
4.31814 1.82408 0 225 2.24188e-07
4.31889 1.82408 0 225 2.24793e-07
4.31964 1.82408 0 225 2.25262e-07
4.32039 1.82408 0 225 2.25587e-07
4.32114 1.82408 0 225 2.25761e-07
4.32189 1.82408 0 225 2.25777e-07
4.32264 1.82408 0 225 2.25633e-07
4.32339 1.82408 0 225 2.25327e-07
4.32414 1.82408 0 225 2.24859e-07
4.32489 1.82408 0 225 2.24232e-07
4.32564 1.82408 0 225 2.2345e-07
4.32639 1.82408 0 225 2.2252e-07
4.32714 1.82408 0 225 2.21449e-07
4.32789 1.82408 0 225 2.20248e-07
4.32864 1.82408 0 225 2.18926e-07
4.32939 1.82408 0 225 2.17495e-07
4.33014 1.82408 0 225 2.15968e-07
4.33089 1.82408 0 225 2.14357e-07
4.33164 1.82408 0 225 2.12676e-07
4.33239 1.82408 0 225 2.10937e-07
4.33314 1.82408 0 225 2.09155e-07
4.33389 1.82408 0 225 2.0734e-07
4.33464 1.82408 0 225 2.05506e-07
4.33539 1.82408 0 225 2.03664e-07
4.33614 1.82408 0 225 2.01825e-07
4.33689 1.82408 0 225 1.99998e-07
4.33764 1.82408 0 225 1.98193e-07
4.33839 1.82408 0 225 1.96418e-07
4.33914 1.82408 0 225 1.9468e-07
4.33989 1.82408 0 225 1.92986e-07
4.34064 1.82408 0 225 1.91343e-07
4.34139 1.82408 0 225 1.89756e-07
4.34214 1.82408 0 225 1.88229e-07
4.34289 1.82408 0 225 1.86766e-07
4.34364 1.82408 0 225 1.8537e-07
4.34439 1.82408 0 225 1.84044e-07
4.34514 1.82408 0 225 1.8279e-07
4.34589 1.82408 0 225 1.8161e-07
4.34664 1.82408 0 225 1.80505e-07
4.34739 1.82408 0 225 1.79478e-07
4.34814 1.82408 0 225 1.78528e-07
4.34889 1.82408 0 225 1.77653e-07
4.34964 1.82408 0 225 1.7686e-07
4.35039 1.82408 0 225 1.76146e-07
4.35114 1.82408 0 225 1.75512e-07
4.35189 1.82408 0 225 1.74956e-07
4.35264 1.82408 0 225 1.7448e-07
4.35339 1.82408 0 225 1.74083e-07
4.35414 1.82408 0 225 1.73766e-07
4.35489 1.82408 0 225 1.73528e-07
4.35564 1.82408 0 225 1.73369e-07
4.35639 1.82408 0 225 1.73289e-07
4.35714 1.82408 0 225 1.73288e-07
4.35789 1.82408 0 225 1.73367e-07
4.35864 1.82408 0 225 1.73523e-07
4.35939 1.82408 0 225 1.7376e-07
4.36014 1.82408 0 225 1.74077e-07
4.36089 1.82408 0 225 1.74474e-07
4.36164 1.82408 0 225 1.74952e-07
4.36239 1.82408 0 225 1.7551e-07
4.36314 1.82408 0 225 1.76151e-07
4.36389 1.82408 0 225 1.76874e-07
4.36464 1.82408 0 225 1.77679e-07
4.36539 1.82408 0 225 1.7857e-07
4.36614 1.82408 0 225 1.79545e-07
4.36689 1.82408 0 225 1.80607e-07
4.36764 1.82408 0 225 1.81756e-07
4.36839 1.82408 0 225 1.82995e-07
4.36914 1.82408 0 225 1.84324e-07
4.36989 1.82408 0 225 1.85745e-07
4.37065 1.82408 0 225 1.8726e-07
4.3714 1.82408 0 225 1.88871e-07
4.37215 1.82408 0 225 1.9058e-07
4.3729 1.82408 0 225 1.92389e-07
4.37365 1.82408 0 225 1.943e-07
4.3744 1.82408 0 225 1.96316e-07
4.37515 1.82408 0 225 1.98439e-07
4.3759 1.82408 0 225 2.00672e-07
4.37665 1.82408 0 225 2.03017e-07
4.3774 1.82408 0 225 2.05464e-07
4.37815 1.82408 0 225 2.08043e-07
4.3789 1.82408 0 225 2.10743e-07
4.37965 1.82408 0 225 2.13567e-07
4.3804 1.82408 0 225 2.16519e-07
4.38115 1.82408 0 225 2.19601e-07
4.3819 1.82408 0 225 2.22818e-07
4.38265 1.82408 0 225 2.26172e-07
4.3834 1.82408 0 225 2.29666e-07
4.38415 1.82408 0 225 2.33304e-07
4.3849 1.82408 0 225 2.37089e-07
4.38565 1.82408 0 225 2.41024e-07
4.3864 1.82408 0 225 2.45112e-07
4.38715 1.82408 0 225 2.49355e-07
4.3879 1.82408 0 225 2.53757e-07
4.38865 1.82408 0 225 2.58317e-07
4.3894 1.82408 0 225 2.6304e-07
4.39015 1.82408 0 225 2.67925e-07
4.3909 1.82408 0 225 2.72973e-07
4.39165 1.82408 0 225 2.78176e-07
4.3924 1.82408 0 225 2.8355e-07
4.39315 1.82408 0 225 2.89083e-07
4.3939 1.82408 0 225 2.94775e-07
4.39465 1.82408 0 225 3.00619e-07
4.3954 1.82408 0 225 3.06612e-07
4.39615 1.82408 0 225 3.12746e-07
4.3969 1.82408 0 225 3.19013e-07
4.39765 1.82408 0 225 3.25402e-07
4.3984 1.82408 0 225 3.31902e-07
4.39915 1.82408 0 225 3.38497e-07
4.3999 1.82408 0 225 3.45171e-07
4.40065 1.82408 0 225 3.51906e-07
4.4014 1.82408 0 225 3.5868e-07
4.40215 1.82408 0 225 3.65469e-07
4.4029 1.82408 0 225 3.72248e-07
4.40365 1.82408 0 225 3.78986e-07
4.4044 1.82408 0 225 3.85654e-07
4.40515 1.82408 0 225 3.92217e-07
4.4059 1.82408 0 225 3.98642e-07
4.40665 1.82408 0 225 4.04892e-07
4.4074 1.82408 0 225 4.10929e-07
4.40815 1.82408 0 225 4.16716e-07
4.4089 1.82408 0 225 4.22208e-07
4.40965 1.82408 0 225 4.27382e-07
4.4104 1.82408 0 225 4.32194e-07
4.41115 1.82408 0 225 4.36613e-07
4.4119 1.82408 0 225 4.4061e-07
4.41265 1.82408 0 225 4.44157e-07
4.4134 1.82408 0 225 4.47235e-07
4.41415 1.82408 0 225 4.49827e-07
4.4149 1.82408 0 225 4.5191e-07
4.41565 1.82408 0 225 4.53508e-07
4.4164 1.82408 0 225 4.54609e-07
4.41715 1.82408 0 225 4.5522e-07
4.4179 1.82408 0 225 4.55357e-07
4.41865 1.82408 0 225 4.55038e-07
4.4194 1.82408 0 225 4.54287e-07
4.42015 1.82408 0 225 4.53132e-07
4.4209 1.82408 0 225 4.51602e-07
4.42165 1.82408 0 225 4.49731e-07
4.4224 1.82408 0 225 4.47551e-07
4.42315 1.82408 0 225 4.45094e-07
4.4239 1.82408 0 225 4.42392e-07
4.42465 1.82408 0 225 4.39474e-07
4.4254 1.82408 0 225 4.36369e-07
4.42615 1.82408 0 225 4.33099e-07
4.4269 1.82408 0 225 4.29687e-07
4.42765 1.82408 0 225 4.26152e-07
4.4284 1.82408 0 225 4.22508e-07
4.42915 1.82408 0 225 4.18771e-07
4.4299 1.82408 0 225 4.1495e-07
4.43066 1.82408 0 225 4.11055e-07
4.43141 1.82408 0 225 4.07096e-07
4.43216 1.82408 0 225 4.03079e-07
4.43291 1.82408 0 225 3.99013e-07
4.43366 1.82408 0 225 3.94905e-07
4.43441 1.82408 0 225 3.90763e-07
4.43516 1.82408 0 225 3.86595e-07
4.43591 1.82408 0 225 3.82411e-07
4.43666 1.82408 0 225 3.78219e-07
4.43741 1.82408 0 225 3.74031e-07
4.43816 1.82408 0 225 3.69857e-07
4.43891 1.82408 0 225 3.65708e-07
4.43966 1.82408 0 225 3.61596e-07
4.44041 1.82408 0 225 3.57531e-07
4.44116 1.82408 0 225 3.53525e-07
4.44191 1.82408 0 225 3.4959e-07
4.44266 1.82408 0 225 3.45734e-07
4.44341 1.82408 0 225 3.41969e-07
4.44416 1.82408 0 225 3.38305e-07
4.44491 1.82408 0 225 3.34748e-07
4.44566 1.82408 0 225 3.31309e-07
4.44641 1.82408 0 225 3.27995e-07
4.44716 1.82408 0 225 3.24812e-07
4.44791 1.82408 0 225 3.21767e-07
4.44866 1.82408 0 225 3.18874e-07
4.44941 1.82408 0 225 3.16121e-07
4.45016 1.82408 0 225 3.13522e-07
4.45091 1.82408 0 225 3.11081e-07
4.45166 1.82408 0 225 3.088e-07
4.45241 1.82408 0 225 3.06685e-07
4.45316 1.82408 0 225 3.04737e-07
4.45391 1.82408 0 225 3.0296e-07
4.45466 1.82408 0 225 3.01355e-07
4.45541 1.82408 0 225 2.99925e-07
4.45616 1.82408 0 225 2.98671e-07
4.45691 1.82408 0 225 2.97595e-07
4.45766 1.82408 0 225 2.967e-07
4.45841 1.82408 0 225 2.95981e-07
4.45916 1.82408 0 225 2.95441e-07
4.45991 1.82408 0 225 2.95081e-07
4.46066 1.82408 0 225 2.949e-07
4.46141 1.82408 0 225 2.94898e-07
4.46216 1.82408 0 225 2.95072e-07
4.46291 1.82408 0 225 2.95422e-07
4.46366 1.82408 0 225 2.95946e-07
4.46441 1.82408 0 225 2.96641e-07
4.46516 1.82408 0 225 2.97504e-07
4.46591 1.82408 0 225 2.98532e-07
4.46666 1.82408 0 225 2.9972e-07
4.46741 1.82408 0 225 3.01065e-07
4.46816 1.82408 0 225 3.0256e-07
4.46891 1.82408 0 225 3.04201e-07
4.46966 1.82408 0 225 3.05979e-07
4.47041 1.82408 0 225 3.07889e-07
4.47116 1.82408 0 225 3.09922e-07
4.47191 1.82408 0 225 3.1207e-07
4.47266 1.82408 0 225 3.14321e-07
4.47341 1.82408 0 225 3.16668e-07
4.47416 1.82408 0 225 3.19097e-07
4.47491 1.82408 0 225 3.21597e-07
4.47566 1.82408 0 225 3.24156e-07
4.47641 1.82408 0 225 3.26758e-07
4.47716 1.82408 0 225 3.2939e-07
4.47791 1.82408 0 225 3.32035e-07
4.47866 1.82408 0 225 3.34678e-07
4.47941 1.82408 0 225 3.373e-07
4.48016 1.82408 0 225 3.39884e-07
4.48091 1.82408 0 225 3.42411e-07
4.48166 1.82408 0 225 3.44861e-07
4.48241 1.82408 0 225 3.47215e-07
4.48316 1.82408 0 225 3.49452e-07
4.48391 1.82408 0 225 3.51553e-07
4.48466 1.82408 0 225 3.53498e-07
4.48541 1.82408 0 225 3.55266e-07
4.48616 1.82408 0 225 3.5684e-07
4.48691 1.82408 0 225 3.58202e-07
4.48766 1.82408 0 225 3.59336e-07
4.48841 1.82408 0 225 3.60228e-07
4.48916 1.82408 0 225 3.60866e-07
4.48991 1.82408 0 225 3.6124e-07
4.49067 1.82408 0 225 3.61343e-07
4.49142 1.82408 0 225 3.61172e-07
4.49217 1.82408 0 225 3.60726e-07
4.49292 1.82408 0 225 3.60006e-07
4.49367 1.82408 0 225 3.59019e-07
4.49442 1.82408 0 225 3.57774e-07
4.49517 1.82408 0 225 3.56281e-07
4.49592 1.82408 0 225 3.54555e-07
4.49667 1.82408 0 225 3.52613e-07
4.49742 1.82408 0 225 3.50474e-07
4.49817 1.82408 0 225 3.48159e-07
4.49892 1.82408 0 225 3.45689e-07
4.49967 1.82408 0 225 3.43088e-07
4.50042 1.82408 0 225 3.4038e-07
4.50117 1.82408 0 225 3.37588e-07
4.50192 1.82408 0 225 3.34737e-07
4.50267 1.82408 0 225 3.31849e-07
4.50342 1.82408 0 225 3.28948e-07
4.50417 1.82408 0 225 3.26056e-07
4.50492 1.82408 0 225 3.23193e-07
4.50567 1.82408 0 225 3.20379e-07
4.50642 1.82408 0 225 3.17633e-07
4.50717 1.82408 0 225 3.14971e-07
4.50792 1.82408 0 225 3.12412e-07
4.50867 1.82408 0 225 3.09964e-07
4.50942 1.82408 0 225 3.07645e-07
4.51017 1.82408 0 225 3.05464e-07
4.51092 1.82408 0 225 3.03433e-07
4.51167 1.82408 0 225 3.01563e-07
4.51242 1.82408 0 225 2.99858e-07
4.51317 1.82408 0 225 2.98327e-07
4.51392 1.82408 0 225 2.96977e-07
4.51467 1.82408 0 225 2.95814e-07
4.51542 1.82408 0 225 2.94841e-07
4.51617 1.82408 0 225 2.94065e-07
4.51692 1.82408 0 225 2.93487e-07
4.51767 1.82408 0 225 2.93111e-07
4.51842 1.82408 0 225 2.92939e-07
4.51917 1.82408 0 225 2.92973e-07
4.51992 1.82408 0 225 2.93215e-07
4.52067 1.82408 0 225 2.93667e-07
4.52142 1.82408 0 225 2.94329e-07
4.52217 1.82408 0 225 2.95202e-07
4.52292 1.82408 0 225 2.96286e-07
4.52367 1.82408 0 225 2.97581e-07
4.52442 1.82408 0 225 2.99086e-07
4.52517 1.82408 0 225 3.008e-07
4.52592 1.82408 0 225 3.02721e-07
4.52667 1.82408 0 225 3.04848e-07
4.52742 1.82408 0 225 3.07178e-07
4.52817 1.82408 0 225 3.09708e-07
4.52892 1.82408 0 225 3.12432e-07
4.52967 1.82408 0 225 3.15347e-07
4.53042 1.82408 0 225 3.18446e-07
4.53117 1.82408 0 225 3.21722e-07
4.53192 1.82408 0 225 3.25168e-07
4.53267 1.82408 0 225 3.28772e-07
4.53342 1.82408 0 225 3.32526e-07
4.53417 1.82408 0 225 3.36416e-07
4.53492 1.82408 0 225 3.40427e-07
4.53567 1.82408 0 225 3.44546e-07
4.53642 1.82408 0 225 3.48752e-07
4.53717 1.82408 0 225 3.53028e-07
4.53792 1.82408 0 225 3.57352e-07
4.53867 1.82408 0 225 3.61701e-07
4.53942 1.82408 0 225 3.66048e-07
4.54017 1.82408 0 225 3.70368e-07
4.54092 1.82408 0 225 3.74631e-07
4.54167 1.82408 0 225 3.78807e-07
4.54242 1.82408 0 225 3.82863e-07
4.54317 1.82408 0 225 3.86768e-07
4.54392 1.82408 0 225 3.90487e-07
4.54467 1.82408 0 225 3.93985e-07
4.54542 1.82408 0 225 3.9723e-07
4.54617 1.82408 0 225 4.00188e-07
4.54692 1.82408 0 225 4.02826e-07
4.54767 1.82408 0 225 4.05113e-07
4.54842 1.82408 0 225 4.0702e-07
4.54917 1.82408 0 225 4.08523e-07
4.54992 1.82408 0 225 4.09597e-07
4.55068 1.82408 0 225 4.10225e-07
4.55143 1.82408 0 225 4.1039e-07
4.55218 1.82408 0 225 4.10084e-07
4.55293 1.82408 0 225 4.093e-07
4.55368 1.82408 0 225 4.08038e-07
4.55443 1.82408 0 225 4.063e-07
4.55518 1.82408 0 225 4.04097e-07
4.55593 1.82408 0 225 4.01441e-07
4.55668 1.82408 0 225 3.9835e-07
4.55743 1.82408 0 225 3.94844e-07
4.55818 1.82408 0 225 3.90949e-07
4.55893 1.82408 0 225 3.86691e-07
4.55968 1.82408 0 225 3.82101e-07
4.56043 1.82408 0 225 3.77209e-07
4.56118 1.82408 0 225 3.72048e-07
4.56193 1.82408 0 225 3.66651e-07
4.56268 1.82408 0 225 3.61054e-07
4.56343 1.82408 0 225 3.55284e-07
4.56418 1.82408 0 225 3.49375e-07
4.56493 1.82408 0 225 3.43358e-07
4.56568 1.82408 0 225 3.37263e-07
4.56643 1.82408 0 225 3.31117e-07
4.56718 1.82408 0 225 3.24945e-07
4.56793 1.82408 0 225 3.18772e-07
4.56868 1.82408 0 225 3.12827e-07
4.56943 1.82408 0 225 3.06709e-07
4.57018 1.82408 0 225 3.00648e-07
4.57093 1.82408 0 225 2.9466e-07
4.57168 1.82408 0 225 2.8876e-07
4.57243 1.82408 0 225 2.82958e-07
4.57318 1.82408 0 225 2.77265e-07
4.57393 1.82408 0 225 2.71689e-07
4.57468 1.82408 0 225 2.66238e-07
4.57543 1.82408 0 225 2.60917e-07
4.57618 1.82408 0 225 2.55732e-07
4.57693 1.82408 0 225 2.50683e-07
4.57768 1.82408 0 225 2.45773e-07
4.57843 1.82408 0 225 2.41003e-07
4.57918 1.82408 0 225 2.36374e-07
4.57993 1.82408 0 225 2.31885e-07
4.58068 1.82408 0 225 2.2754e-07
4.58143 1.82408 0 225 2.23328e-07
4.58218 1.82408 0 225 2.19251e-07
4.58293 1.82408 0 225 2.15307e-07
4.58368 1.82408 0 225 2.11491e-07
4.58443 1.82408 0 225 2.07802e-07
4.58518 1.82408 0 225 2.04235e-07
4.58593 1.82408 0 225 2.00786e-07
4.58668 1.82408 0 225 1.97451e-07
4.58743 1.82408 0 225 1.94226e-07
4.58818 1.82408 0 225 1.91107e-07
4.58893 1.82408 0 225 1.88088e-07
4.58968 1.82408 0 225 1.85166e-07
4.59043 1.82408 0 225 1.82336e-07
4.59118 1.82408 0 225 1.79594e-07
4.59193 1.82408 0 225 1.76934e-07
4.59268 1.82408 0 225 1.74354e-07
4.59343 1.82408 0 225 1.71848e-07
4.59418 1.82408 0 225 1.69413e-07
4.59493 1.82408 0 225 1.67045e-07
4.59568 1.82408 0 225 1.6474e-07
4.59643 1.82408 0 225 1.62503e-07
4.59718 1.82408 0 225 1.60315e-07
4.59793 1.82408 0 225 1.5818e-07
4.59868 1.82408 0 225 1.56097e-07
4.59943 1.82408 0 225 1.54063e-07
4.60018 1.82408 0 225 1.52076e-07
4.60093 1.82408 0 225 1.50135e-07
4.60168 1.82408 0 225 1.48237e-07
4.60243 1.82408 0 225 1.46379e-07
4.60318 1.82408 0 225 1.44565e-07
4.60393 1.82408 0 225 1.42791e-07
4.60468 1.82408 0 225 1.41057e-07
4.60543 1.82408 0 225 1.39363e-07
4.60618 1.82408 0 225 1.37708e-07
4.60693 1.82408 0 225 1.36092e-07
4.60768 1.82408 0 225 1.34515e-07
4.60843 1.82408 0 225 1.32978e-07
4.60918 1.82408 0 225 1.3148e-07
4.60993 1.82408 0 225 1.30022e-07
4.61069 1.82408 0 225 1.28605e-07
4.61144 1.82408 0 225 1.27229e-07
4.61219 1.82408 0 225 1.25896e-07
4.61294 1.82408 0 225 1.24605e-07
4.61369 1.82408 0 225 1.23358e-07
4.61444 1.82408 0 225 1.22155e-07
4.61519 1.82408 0 225 1.20998e-07
4.61594 1.82408 0 225 1.19888e-07
4.61669 1.82408 0 225 1.18825e-07
4.61744 1.82408 0 225 1.17812e-07
4.61819 1.82408 0 225 1.16848e-07
4.61894 1.82408 0 225 1.15935e-07
4.61969 1.82408 0 225 1.15074e-07
4.62044 1.82408 0 225 1.14266e-07
4.62119 1.82408 0 225 1.13511e-07
4.62194 1.82408 0 225 1.12811e-07
4.62269 1.82408 0 225 1.12164e-07
4.62344 1.82408 0 225 1.11571e-07
4.62419 1.82408 0 225 1.11032e-07
4.62494 1.82408 0 225 1.10546e-07
4.62569 1.82408 0 225 1.10113e-07
4.62644 1.82408 0 225 1.0973e-07
4.62719 1.82408 0 225 1.09396e-07
4.62794 1.82408 0 225 1.09109e-07
4.62869 1.82408 0 225 1.08866e-07
4.62944 1.82408 0 225 1.08665e-07
4.63019 1.82408 0 225 1.08503e-07
4.63094 1.82408 0 225 1.08376e-07
4.63169 1.82408 0 225 1.08282e-07
4.63244 1.82408 0 225 1.08215e-07
4.63319 1.82408 0 225 1.08174e-07
4.63394 1.82408 0 225 1.08155e-07
4.63469 1.82408 0 225 1.08155e-07
4.63544 1.82408 0 225 1.0817e-07
4.63619 1.82408 0 225 1.08197e-07
4.63694 1.82408 0 225 1.08234e-07
4.63769 1.82408 0 225 1.08279e-07
4.63844 1.82408 0 225 1.08329e-07
4.63919 1.82408 0 225 1.08383e-07
4.63994 1.82408 0 225 1.08439e-07
4.64069 1.82408 0 225 1.08496e-07
4.64144 1.82408 0 225 1.08552e-07
4.64219 1.82408 0 225 1.0861e-07
4.64294 1.82408 0 225 1.08665e-07
4.64369 1.82408 0 225 1.08719e-07
4.64444 1.82408 0 225 1.08773e-07
4.64519 1.82408 0 225 1.08825e-07
4.64594 1.82408 0 225 1.08877e-07
4.64669 1.82408 0 225 1.08929e-07
4.64744 1.82408 0 225 1.08981e-07
4.64819 1.82408 0 225 1.09034e-07
4.64894 1.82408 0 225 1.09089e-07
4.64969 1.82408 0 225 1.09146e-07
4.65044 1.82408 0 225 1.09207e-07
4.65119 1.82408 0 225 1.09272e-07
4.65194 1.82408 0 225 1.09342e-07
4.65269 1.82408 0 225 1.09418e-07
4.65344 1.82408 0 225 1.09502e-07
4.65419 1.82408 0 225 1.09594e-07
4.65494 1.82408 0 225 1.09696e-07
4.65569 1.82408 0 225 1.09806e-07
4.65644 1.82408 0 225 1.09932e-07
4.65719 1.82408 0 225 1.10072e-07
4.65794 1.82408 0 225 1.10228e-07
4.65869 1.82408 0 225 1.10403e-07
4.65944 1.82408 0 225 1.10599e-07
4.66019 1.82408 0 225 1.10818e-07
4.66094 1.82408 0 225 1.11063e-07
4.66169 1.82408 0 225 1.11338e-07
4.66244 1.82408 0 225 1.11646e-07
4.66319 1.82408 0 225 1.1199e-07
4.66394 1.82408 0 225 1.12375e-07
4.66469 1.82408 0 225 1.12805e-07
4.66544 1.82408 0 225 1.13285e-07
4.66619 1.82408 0 225 1.13819e-07
4.66694 1.82408 0 225 1.14413e-07
4.66769 1.82408 0 225 1.15072e-07
4.66844 1.82408 0 225 1.15801e-07
4.66919 1.82408 0 225 1.16607e-07
4.66994 1.82408 0 225 1.17493e-07
4.6707 1.82408 0 225 1.18465e-07
4.67145 1.82408 0 225 1.19529e-07
4.6722 1.82408 0 225 1.20688e-07
4.67295 1.82408 0 225 1.21947e-07
4.6737 1.82408 0 225 1.23309e-07
4.67445 1.82408 0 225 1.24775e-07
4.6752 1.82408 0 225 1.26348e-07
4.67595 1.82408 0 225 1.28028e-07
4.6767 1.82408 0 225 1.29814e-07
4.67745 1.82408 0 225 1.31705e-07
4.6782 1.82408 0 225 1.33697e-07
4.67895 1.82408 0 225 1.35786e-07
4.6797 1.82408 0 225 1.37967e-07
4.68045 1.82408 0 225 1.40234e-07
4.6812 1.82408 0 225 1.4258e-07
4.68195 1.82408 0 225 1.44997e-07
4.6827 1.82408 0 225 1.47477e-07
4.68345 1.82408 0 225 1.50012e-07
4.6842 1.82408 0 225 1.52593e-07
4.68495 1.82408 0 225 1.55213e-07
4.6857 1.82408 0 225 1.57863e-07
4.68645 1.82408 0 225 1.60536e-07
4.6872 1.82408 0 225 1.63226e-07
4.68795 1.82408 0 225 1.65921e-07
4.6887 1.82408 0 225 1.68626e-07
4.68945 1.82408 0 225 1.71336e-07
4.6902 1.82408 0 225 1.74046e-07
4.69095 1.82408 0 225 1.76755e-07
4.6917 1.82408 0 225 1.79461e-07
4.69245 1.82408 0 225 1.82166e-07
4.6932 1.82408 0 225 1.8487e-07
4.69395 1.82408 0 225 1.87574e-07
4.6947 1.82408 0 225 1.90283e-07
4.69545 1.82408 0 225 1.92999e-07
4.6962 1.82408 0 225 1.95725e-07
4.69695 1.82408 0 225 1.98466e-07
4.6977 1.82408 0 225 2.01225e-07
4.69845 1.82408 0 225 2.04007e-07
4.6992 1.82408 0 225 2.06816e-07
4.69995 1.82408 0 225 2.09656e-07
4.7007 1.82408 0 225 2.12531e-07
4.70145 1.82408 0 225 2.15446e-07
4.7022 1.82408 0 225 2.18402e-07
4.70295 1.82408 0 225 2.21404e-07
4.7037 1.82408 0 225 2.24455e-07
4.70445 1.82408 0 225 2.27556e-07
4.7052 1.82408 0 225 2.30709e-07
4.70595 1.82408 0 225 2.33916e-07
4.7067 1.82408 0 225 2.37178e-07
4.70745 1.82408 0 225 2.40496e-07
4.7082 1.82408 0 225 2.43867e-07
4.70895 1.82408 0 225 2.47294e-07
4.7097 1.82408 0 225 2.50773e-07
4.71045 1.82408 0 225 2.54304e-07
4.7112 1.82408 0 225 2.57884e-07
4.71195 1.82408 0 225 2.61511e-07
4.7127 1.82408 0 225 2.65182e-07
4.71345 1.82408 0 225 2.68894e-07
4.7142 1.82408 0 225 2.72644e-07
4.71495 1.82408 0 225 2.76429e-07
4.7157 1.82408 0 225 2.80245e-07
4.71645 1.82408 0 225 2.84089e-07
4.7172 1.82408 0 225 2.87959e-07
4.71795 1.82408 0 225 2.91851e-07
4.7187 1.82408 0 225 2.95765e-07
4.71945 1.82408 0 225 2.99698e-07
4.7202 1.82408 0 225 3.03649e-07
4.72095 1.82408 0 225 3.0762e-07
4.7217 1.82408 0 225 3.11611e-07
4.72245 1.82408 0 225 3.15625e-07
4.7232 1.82408 0 225 3.19664e-07
4.72395 1.82408 0 225 3.23734e-07
4.7247 1.82408 0 225 3.2784e-07
4.72545 1.82408 0 225 3.31988e-07
4.7262 1.82408 0 225 3.36187e-07
4.72695 1.82408 0 225 3.40445e-07
4.7277 1.82408 0 225 3.44772e-07
4.72845 1.82408 0 225 3.49178e-07
4.7292 1.82408 0 225 3.53676e-07
4.72995 1.82408 0 225 3.58278e-07
4.73071 1.82408 0 225 3.62996e-07
4.73146 1.82408 0 225 3.67843e-07
4.73221 1.82408 0 225 3.72834e-07
4.73296 1.82408 0 225 3.77982e-07
4.73371 1.82408 0 225 3.83301e-07
4.73446 1.82408 0 225 3.88806e-07
4.73521 1.82408 0 225 3.94511e-07
4.73596 1.82408 0 225 4.0043e-07
4.73671 1.82408 0 225 4.06577e-07
4.73746 1.82408 0 225 4.12967e-07
4.73821 1.82408 0 225 4.19613e-07
4.73896 1.82408 0 225 4.26529e-07
4.73971 1.82408 0 225 4.33728e-07
4.74046 1.82408 0 225 4.41224e-07
4.74121 1.82408 0 225 4.4903e-07
4.74196 1.82408 0 225 4.57159e-07
4.74271 1.82408 0 225 4.65623e-07
4.74346 1.82408 0 225 4.74436e-07
4.74421 1.82408 0 225 4.83609e-07
4.74496 1.82408 0 225 4.93154e-07
4.74571 1.82408 0 225 5.03083e-07
4.74646 1.82408 0 225 5.13408e-07
4.74721 1.82408 0 225 5.24139e-07
4.74796 1.82408 0 225 5.35288e-07
4.74871 1.82408 0 225 5.46865e-07
4.74946 1.82408 0 225 5.58879e-07
4.75021 1.82408 0 225 5.71338e-07
4.75096 1.82408 0 225 5.84252e-07
4.75171 1.82408 0 225 5.97628e-07
4.75246 1.82408 0 225 6.11471e-07
4.75321 1.82408 0 225 6.25787e-07
4.75396 1.82408 0 225 6.40578e-07
4.75471 1.82408 0 225 6.55847e-07
4.75546 1.82408 0 225 6.71593e-07
4.75621 1.82408 0 225 6.87813e-07
4.75696 1.82408 0 225 7.04503e-07
4.75771 1.82408 0 225 7.21653e-07
4.75846 1.82408 0 225 7.39252e-07
4.75921 1.82408 0 225 7.57285e-07
4.75996 1.82408 0 225 7.75733e-07
4.76071 1.82408 0 225 7.9457e-07
4.76146 1.82408 0 225 8.13771e-07
4.76221 1.82408 0 225 8.333e-07
4.76296 1.82408 0 225 8.53117e-07
4.76371 1.82408 0 225 8.73176e-07
4.76446 1.82408 0 225 8.93424e-07
4.76521 1.82408 0 225 9.13803e-07
4.76596 1.82408 0 225 9.34245e-07
4.76671 1.82408 0 225 9.54677e-07
4.76746 1.82408 0 225 9.75018e-07
4.76821 1.82408 0 225 9.9518e-07
4.76896 1.82408 0 225 1.01507e-06
4.76971 1.82408 0 225 1.03458e-06
4.77046 1.82408 0 225 1.05361e-06
4.77121 1.82408 0 225 1.07205e-06
4.77196 1.82408 0 225 1.08978e-06
4.77271 1.82408 0 225 1.10668e-06
4.77346 1.82408 0 225 1.12263e-06
4.77421 1.82408 0 225 1.13751e-06
4.77496 1.82408 0 225 1.15121e-06
4.77571 1.82408 0 225 1.1636e-06
4.77646 1.82408 0 225 1.1746e-06
4.77721 1.82408 0 225 1.18409e-06
4.77796 1.82408 0 225 1.192e-06
4.77871 1.82408 0 225 1.19823e-06
4.77946 1.82408 0 225 1.20274e-06
4.78021 1.82408 0 225 1.20547e-06
4.78096 1.82408 0 225 1.2064e-06
4.78171 1.82408 0 225 1.2055e-06
4.78246 1.82408 0 225 1.20279e-06
4.78321 1.82408 0 225 1.19828e-06
4.78396 1.82408 0 225 1.19202e-06
4.78471 1.82408 0 225 1.18405e-06
4.78546 1.82408 0 225 1.17445e-06
4.78621 1.82408 0 225 1.16329e-06
4.78696 1.82408 0 225 1.15067e-06
4.78771 1.82408 0 225 1.1367e-06
4.78846 1.82408 0 225 1.12147e-06
4.78921 1.82408 0 225 1.10511e-06
4.78996 1.82408 0 225 1.08774e-06
4.79072 1.82408 0 225 1.06948e-06
4.79147 1.82408 0 225 1.05045e-06
4.79222 1.82408 0 225 1.03077e-06
4.79297 1.82408 0 225 1.01054e-06
4.79372 1.82408 0 225 9.89897e-07
4.79447 1.82408 0 225 9.68929e-07
4.79522 1.82408 0 225 9.47741e-07
4.79597 1.82408 0 225 9.26424e-07
4.79672 1.82408 0 225 9.05065e-07
4.79747 1.82408 0 225 8.8374e-07
4.79822 1.82408 0 225 8.62522e-07
4.79897 1.82408 0 225 8.41473e-07
4.79972 1.82408 0 225 8.20649e-07
4.80047 1.82408 0 225 8.001e-07
4.80122 1.82408 0 225 7.79868e-07
4.80197 1.82408 0 225 7.59989e-07
4.80272 1.82408 0 225 7.40494e-07
4.80347 1.82408 0 225 7.21409e-07
4.80422 1.82408 0 225 7.02754e-07
4.80497 1.82408 0 225 6.84545e-07
4.80572 1.82408 0 225 6.66793e-07
4.80647 1.82408 0 225 6.49508e-07
4.80722 1.82408 0 225 6.32694e-07
4.80797 1.82408 0 225 6.16353e-07
4.80872 1.82408 0 225 6.00485e-07
4.80947 1.82408 0 225 5.85088e-07
4.81022 1.82408 0 225 5.70156e-07
4.81097 1.82408 0 225 5.55684e-07
4.81172 1.82408 0 225 5.41664e-07
4.81247 1.82408 0 225 5.28087e-07
4.81322 1.82408 0 225 5.14943e-07
4.81397 1.82408 0 225 5.02222e-07
4.81472 1.82408 0 225 4.89913e-07
4.81547 1.82408 0 225 4.78003e-07
4.81622 1.82408 0 225 4.66481e-07
4.81697 1.82408 0 225 4.55334e-07
4.81772 1.82408 0 225 4.44549e-07
4.81847 1.82408 0 225 4.34115e-07
4.81922 1.82408 0 225 4.24017e-07
4.81997 1.82408 0 225 4.14245e-07
4.82072 1.82408 0 225 4.04785e-07
4.82147 1.82408 0 225 3.95626e-07
4.82222 1.82408 0 225 3.86756e-07
4.82297 1.82408 0 225 3.78163e-07
4.82372 1.82408 0 225 3.69837e-07
4.82447 1.82408 0 225 3.61768e-07
4.82522 1.82408 0 225 3.53946e-07
4.82597 1.82408 0 225 3.46361e-07
4.82672 1.82408 0 225 3.39004e-07
4.82747 1.82408 0 225 3.31868e-07
4.82822 1.82408 0 225 3.24944e-07
4.82897 1.82408 0 225 3.18226e-07
4.82972 1.82408 0 225 3.11707e-07
4.83047 1.82408 0 225 3.05381e-07
4.83122 1.82408 0 225 2.99241e-07
4.83197 1.82408 0 225 2.93284e-07
4.83272 1.82408 0 225 2.87504e-07
4.83347 1.82408 0 225 2.81897e-07
4.83422 1.82408 0 225 2.76459e-07
4.83497 1.82408 0 225 2.71185e-07
4.83572 1.82408 0 225 2.66072e-07
4.83647 1.82408 0 225 2.61116e-07
4.83722 1.82408 0 225 2.56314e-07
4.83797 1.82408 0 225 2.51663e-07
4.83872 1.82408 0 225 2.47158e-07
4.83947 1.82408 0 225 2.42797e-07
4.84022 1.82408 0 225 2.38571e-07
4.84097 1.82408 0 225 2.34485e-07
4.84172 1.82408 0 225 2.30531e-07
4.84247 1.82408 0 225 2.26705e-07
4.84322 1.82408 0 225 2.23003e-07
4.84397 1.82408 0 225 2.19421e-07
4.84472 1.82408 0 225 2.15954e-07
4.84547 1.82408 0 225 2.12598e-07
4.84622 1.82408 0 225 2.09349e-07
4.84697 1.82408 0 225 2.06202e-07
4.84772 1.82408 0 225 2.03153e-07
4.84847 1.82408 0 225 2.00198e-07
4.84922 1.82408 0 225 1.97332e-07
4.84997 1.82408 0 225 1.94551e-07
4.85073 1.82408 0 225 1.91852e-07
4.85148 1.82408 0 225 1.8923e-07
4.85223 1.82408 0 225 1.86683e-07
4.85298 1.82408 0 225 1.84207e-07
4.85373 1.82408 0 225 1.81798e-07
4.85448 1.82408 0 225 1.79455e-07
4.85523 1.82408 0 225 1.77175e-07
4.85598 1.82408 0 225 1.74955e-07
4.85673 1.82408 0 225 1.72793e-07
4.85748 1.82408 0 225 1.70687e-07
4.85823 1.82408 0 225 1.68636e-07
4.85898 1.82408 0 225 1.66638e-07
4.85973 1.82408 0 225 1.64692e-07
4.86048 1.82408 0 225 1.62796e-07
4.86123 1.82408 0 225 1.6095e-07
4.86198 1.82408 0 225 1.59153e-07
4.86273 1.82408 0 225 1.57402e-07
4.86348 1.82408 0 225 1.55699e-07
4.86423 1.82408 0 225 1.54042e-07
4.86498 1.82408 0 225 1.52431e-07
4.86573 1.82408 0 225 1.50864e-07
4.86648 1.82408 0 225 1.49342e-07
4.86723 1.82408 0 225 1.47863e-07
4.86798 1.82408 0 225 1.46427e-07
4.86873 1.82408 0 225 1.45035e-07
4.86948 1.82408 0 225 1.43684e-07
4.87023 1.82408 0 225 1.42375e-07
4.87098 1.82408 0 225 1.41107e-07
4.87173 1.82408 0 225 1.3988e-07
4.87248 1.82408 0 225 1.38693e-07
4.87323 1.82408 0 225 1.37545e-07
4.87398 1.82408 0 225 1.36436e-07
4.87473 1.82408 0 225 1.35365e-07
4.87548 1.82408 0 225 1.34332e-07
4.87623 1.82408 0 225 1.33336e-07
4.87698 1.82408 0 225 1.32376e-07
4.87773 1.82408 0 225 1.31452e-07
4.87848 1.82408 0 225 1.30562e-07
4.87923 1.82408 0 225 1.29707e-07
4.87998 1.82408 0 225 1.28884e-07
4.88073 1.82408 0 225 1.28094e-07
4.88148 1.82408 0 225 1.27336e-07
4.88223 1.82408 0 225 1.26609e-07
4.88298 1.82408 0 225 1.25911e-07
4.88373 1.82408 0 225 1.25243e-07
4.88448 1.82408 0 225 1.24602e-07
4.88523 1.82408 0 225 1.23989e-07
4.88598 1.82408 0 225 1.23401e-07
4.88673 1.82408 0 225 1.22839e-07
4.88748 1.82408 0 225 1.223e-07
4.88823 1.82408 0 225 1.21785e-07
4.88898 1.82408 0 225 1.21291e-07
4.88973 1.82408 0 225 1.20818e-07
4.89048 1.82408 0 225 1.20365e-07
4.89123 1.82408 0 225 1.1993e-07
4.89198 1.82408 0 225 1.19514e-07
4.89273 1.82408 0 225 1.19114e-07
4.89348 1.82408 0 225 1.18731e-07
4.89423 1.82408 0 225 1.18363e-07
4.89498 1.82408 0 225 1.18009e-07
4.89573 1.82408 0 225 1.1767e-07
4.89648 1.82408 0 225 1.17344e-07
4.89723 1.82408 0 225 1.17031e-07
4.89798 1.82408 0 225 1.16731e-07
4.89873 1.82408 0 225 1.16443e-07
4.89948 1.82408 0 225 1.16168e-07
4.90023 1.82408 0 225 1.15906e-07
4.90098 1.82408 0 225 1.15656e-07
4.90173 1.82408 0 225 1.15419e-07
4.90248 1.82408 0 225 1.15196e-07
4.90323 1.82408 0 225 1.14987e-07
4.90398 1.82408 0 225 1.14792e-07
4.90473 1.82408 0 225 1.14611e-07
4.90548 1.82408 0 225 1.14447e-07
4.90623 1.82408 0 225 1.14299e-07
4.90698 1.82408 0 225 1.14169e-07
4.90773 1.82408 0 225 1.14057e-07
4.90848 1.82408 0 225 1.13963e-07
4.90923 1.82408 0 225 1.1389e-07
4.90998 1.82408 0 225 1.13838e-07
4.91074 1.82408 0 225 1.13807e-07
4.91149 1.82408 0 225 1.13799e-07
4.91224 1.82408 0 225 1.13815e-07
4.91299 1.82408 0 225 1.13855e-07
4.91374 1.82408 0 225 1.13921e-07
4.91449 1.82408 0 225 1.14013e-07
4.91524 1.82408 0 225 1.14133e-07
4.91599 1.82408 0 225 1.1428e-07
4.91674 1.82408 0 225 1.14456e-07
4.91749 1.82408 0 225 1.14662e-07
4.91824 1.82408 0 225 1.14898e-07
4.91899 1.82408 0 225 1.15165e-07
4.91974 1.82408 0 225 1.15465e-07
4.92049 1.82408 0 225 1.15797e-07
4.92124 1.82408 0 225 1.16162e-07
4.92199 1.82408 0 225 1.16562e-07
4.92274 1.82408 0 225 1.16997e-07
4.92349 1.82408 0 225 1.17468e-07
4.92424 1.82408 0 225 1.17975e-07
4.92499 1.82408 0 225 1.18519e-07
4.92574 1.82408 0 225 1.19101e-07
4.92649 1.82408 0 225 1.19722e-07
4.92724 1.82408 0 225 1.20383e-07
4.92799 1.82408 0 225 1.21084e-07
4.92874 1.82408 0 225 1.21826e-07
4.92949 1.82408 0 225 1.2261e-07
4.93024 1.82408 0 225 1.23437e-07
4.93099 1.82408 0 225 1.24308e-07
4.93174 1.82408 0 225 1.25223e-07
4.93249 1.82408 0 225 1.26183e-07
4.93324 1.82408 0 225 1.27189e-07
4.93399 1.82408 0 225 1.28243e-07
4.93474 1.82408 0 225 1.29344e-07
4.93549 1.82408 0 225 1.30494e-07
4.93624 1.82408 0 225 1.31693e-07
4.93699 1.82408 0 225 1.32943e-07
4.93774 1.82408 0 225 1.34244e-07
4.93849 1.82408 0 225 1.35596e-07
4.93924 1.82408 0 225 1.37002e-07
4.93999 1.82408 0 225 1.3846e-07
4.94074 1.82408 0 225 1.39972e-07
4.94149 1.82408 0 225 1.41539e-07
4.94224 1.82408 0 225 1.43161e-07
4.94299 1.82408 0 225 1.44838e-07
4.94374 1.82408 0 225 1.46571e-07
4.94449 1.82408 0 225 1.48359e-07
4.94524 1.82408 0 225 1.50203e-07
4.94599 1.82408 0 225 1.52102e-07
4.94674 1.82408 0 225 1.54057e-07
4.94749 1.82408 0 225 1.56065e-07
4.94824 1.82408 0 225 1.58129e-07
4.94899 1.82408 0 225 1.60246e-07
4.94974 1.82408 0 225 1.62415e-07
4.95049 1.82408 0 225 1.64634e-07
4.95124 1.82408 0 225 1.66904e-07
4.95199 1.82408 0 225 1.6922e-07
4.95274 1.82408 0 225 1.71582e-07
4.95349 1.82408 0 225 1.73987e-07
4.95424 1.82408 0 225 1.76432e-07
4.95499 1.82408 0 225 1.78915e-07
4.95574 1.82408 0 225 1.81433e-07
4.95649 1.82408 0 225 1.83978e-07
4.95724 1.82408 0 225 1.86555e-07
4.95799 1.82408 0 225 1.89157e-07
4.95874 1.82408 0 225 1.9178e-07
4.95949 1.82408 0 225 1.94421e-07
4.96024 1.82408 0 225 1.97076e-07
4.96099 1.82408 0 225 1.99742e-07
4.96174 1.82408 0 225 2.02416e-07
4.96249 1.82408 0 225 2.05094e-07
4.96324 1.82408 0 225 2.07775e-07
4.96399 1.82408 0 225 2.10456e-07
4.96474 1.82408 0 225 2.13135e-07
4.96549 1.82408 0 225 2.15812e-07
4.96624 1.82408 0 225 2.18485e-07
4.96699 1.82408 0 225 2.21155e-07
4.96774 1.82408 0 225 2.23823e-07
4.96849 1.82408 0 225 2.2649e-07
4.96924 1.82408 0 225 2.29159e-07
4.96999 1.82408 0 225 2.31831e-07
4.97075 1.82408 0 225 2.34512e-07
4.9715 1.82408 0 225 2.37204e-07
4.97225 1.82408 0 225 2.39913e-07
4.973 1.82408 0 225 2.42644e-07
4.97375 1.82408 0 225 2.45403e-07
4.9745 1.82408 0 225 2.48195e-07
4.97525 1.82408 0 225 2.51027e-07
4.976 1.82408 0 225 2.53905e-07
4.97675 1.82408 0 225 2.56835e-07
4.9775 1.82408 0 225 2.59823e-07
4.97825 1.82408 0 225 2.62877e-07
4.979 1.82408 0 225 2.66e-07
4.97975 1.82408 0 225 2.69199e-07
4.9805 1.82408 0 225 2.72477e-07
4.98125 1.82408 0 225 2.7584e-07
4.982 1.82408 0 225 2.7929e-07
4.98275 1.82408 0 225 2.8283e-07
4.9835 1.82408 0 225 2.86461e-07
4.98425 1.82408 0 225 2.90182e-07
4.985 1.82408 0 225 2.93994e-07
4.98575 1.82408 0 225 2.97894e-07
4.9865 1.82408 0 225 3.01879e-07
4.98725 1.82408 0 225 3.05943e-07
4.988 1.82408 0 225 3.10081e-07
4.98875 1.82408 0 225 3.14283e-07
4.9895 1.82408 0 225 3.18541e-07
4.99025 1.82408 0 225 3.22844e-07
4.991 1.82408 0 225 3.27178e-07
4.99175 1.82408 0 225 3.31528e-07
4.9925 1.82408 0 225 3.35877e-07
4.99325 1.82408 0 225 3.40209e-07
4.994 1.82408 0 225 3.44502e-07
4.99475 1.82408 0 225 3.48736e-07
4.9955 1.82408 0 225 3.52886e-07
4.99625 1.82408 0 225 3.5693e-07
4.997 1.82408 0 225 3.60842e-07
4.99775 1.82408 0 225 3.64595e-07
4.9985 1.82408 0 225 3.68163e-07
4.99925 1.82408 0 225 3.71519e-07
5 1.82408 0 225 3.74636e-07
