0.5 1.82408 120 450 1.06739e-06
0.50075 1.82408 120 450 1.05321e-06
0.5015 1.82408 120 450 1.0396e-06
0.50225 1.82408 120 450 1.02651e-06
0.503001 1.82408 120 450 1.01409e-06
0.503751 1.82408 120 450 1.00214e-06
0.504501 1.82408 120 450 9.9016e-07
0.505251 1.82408 120 450 9.79408e-07
0.506001 1.82408 120 450 9.68916e-07
0.506751 1.82408 120 450 9.59082e-07
0.507501 1.82408 120 450 9.49821e-07
0.508251 1.82408 120 450 9.40802e-07
0.509002 1.82408 120 450 9.32261e-07
0.509752 1.82408 120 450 9.24277e-07
0.510502 1.82408 120 450 9.16562e-07
0.511252 1.82408 120 450 9.09325e-07
0.512002 1.82408 120 450 9.02687e-07
0.512752 1.82408 120 450 8.96353e-07
0.513502 1.82408 120 450 8.89732e-07
0.514252 1.82408 120 450 8.84144e-07
0.515003 1.82408 120 450 8.79062e-07
0.515753 1.82408 120 450 8.74227e-07
0.516503 1.82408 120 450 8.69768e-07
0.517253 1.82408 120 450 8.65746e-07
0.518003 1.82408 120 450 8.62203e-07
0.518753 1.82408 120 450 8.5911e-07
0.519503 1.82408 120 450 8.56395e-07
0.520253 1.82408 120 450 8.53796e-07
0.521004 1.82408 120 450 8.51631e-07
0.521754 1.82408 120 450 8.50124e-07
0.522504 1.82408 120 450 8.49104e-07
0.523254 1.82408 120 450 8.47712e-07
0.524004 1.82408 120 450 8.47413e-07
0.524754 1.82408 120 450 8.47762e-07
0.525504 1.82408 120 450 8.48257e-07
0.526254 1.82408 120 450 8.49597e-07
0.527005 1.82408 120 450 8.5111e-07
0.527755 1.82408 120 450 8.53194e-07
0.528505 1.82408 120 450 8.558e-07
0.529255 1.82408 120 450 8.59305e-07
0.530005 1.82408 120 450 8.63469e-07
0.530755 1.82408 120 450 8.68145e-07
0.531505 1.82408 120 450 8.73362e-07
0.532255 1.82408 120 450 8.79501e-07
0.533006 1.82408 120 450 8.85848e-07
0.533756 1.82408 120 450 8.93321e-07
0.534506 1.82408 120 450 9.01946e-07
0.535256 1.82408 120 450 9.11264e-07
0.536006 1.82408 120 450 9.21886e-07
0.536756 1.82408 120 450 9.34026e-07
0.537506 1.82408 120 450 9.47429e-07
0.538256 1.82408 120 450 9.6102e-07
0.539007 1.82408 120 450 9.76383e-07
0.539757 1.82408 120 450 9.93289e-07
0.540507 1.82408 120 450 1.01143e-06
0.541257 1.82408 120 450 1.03136e-06
0.542007 1.82408 120 450 1.05255e-06
0.542757 1.82408 120 450 1.07517e-06
0.543507 1.82408 120 450 1.09764e-06
0.544257 1.82408 120 450 1.12164e-06
0.545008 1.82408 120 450 1.14453e-06
0.545758 1.82408 120 450 1.16549e-06
0.546508 1.82408 120 450 1.18148e-06
0.547258 1.82408 120 450 1.18731e-06
0.548008 1.82408 120 450 1.17934e-06
0.548758 1.82408 120 450 1.1451e-06
0.549508 1.82408 120 450 1.06636e-06
0.550258 1.82408 120 450 9.1989e-07
0.551009 1.82408 120 450 6.44452e-07
0.551759 1.82408 120 450 1.77569e-07
0.552509 1.82408 120 450 -5.84905e-07
0.553259 1.82408 120 450 -1.78577e-06
0.554009 1.82408 120 450 -3.54609e-06
0.554759 1.82408 120 450 -5.8176e-06
0.555509 1.82408 120 450 -8.02994e-06
0.556259 1.82408 120 450 -9.01936e-06
0.55701 1.82408 120 450 -7.79541e-06
0.55776 1.82408 120 450 -4.73468e-06
0.55851 1.82408 120 450 -1.4078e-06
0.55926 1.82408 120 450 1.01289e-06
0.56001 1.82408 120 450 2.33958e-06
0.56076 1.82408 120 450 2.86642e-06
0.56151 1.82408 120 450 2.94676e-06
0.56226 1.82408 120 450 2.81615e-06
0.563011 1.82408 120 450 2.60571e-06
0.563761 1.82408 120 450 2.37528e-06
0.564511 1.82408 120 450 2.15967e-06
0.565261 1.82408 120 450 1.96816e-06
0.566011 1.82408 120 450 1.80305e-06
0.566761 1.82408 120 450 1.65968e-06
0.567511 1.82408 120 450 1.53752e-06
0.568261 1.82408 120 450 1.43345e-06
0.569012 1.82408 120 450 1.34498e-06
0.569762 1.82408 120 450 1.26958e-06
0.570512 1.82408 120 450 1.20505e-06
0.571262 1.82408 120 450 1.15003e-06
0.572012 1.82408 120 450 1.10297e-06
0.572762 1.82408 120 450 1.0623e-06
0.573512 1.82408 120 450 1.02726e-06
0.574262 1.82408 120 450 9.96934e-07
0.575013 1.82408 120 450 9.70796e-07
0.575763 1.82408 120 450 9.48374e-07
0.576513 1.82408 120 450 9.28999e-07
0.577263 1.82408 120 450 9.12558e-07
0.578013 1.82408 120 450 8.97986e-07
0.578763 1.82408 120 450 8.8566e-07
0.579513 1.82408 120 450 8.75035e-07
0.580263 1.82408 120 450 8.66093e-07
0.581014 1.82408 120 450 8.58663e-07
0.581764 1.82408 120 450 8.52488e-07
0.582514 1.82408 120 450 8.47523e-07
0.583264 1.82408 120 450 8.43555e-07
0.584014 1.82408 120 450 8.40564e-07
0.584764 1.82408 120 450 8.38532e-07
0.585514 1.82408 120 450 8.37312e-07
0.586264 1.82408 120 450 8.36917e-07
0.587015 1.82408 120 450 8.37155e-07
0.587765 1.82408 120 450 8.38092e-07
0.588515 1.82408 120 450 8.39654e-07
0.589265 1.82408 120 450 8.41789e-07
0.590015 1.82408 120 450 8.44559e-07
0.590765 1.82408 120 450 8.47834e-07
0.591515 1.82408 120 450 8.51617e-07
0.592265 1.82408 120 450 8.559e-07
0.593016 1.82408 120 450 8.60667e-07
0.593766 1.82408 120 450 8.65921e-07
0.594516 1.82408 120 450 8.71637e-07
0.595266 1.82408 120 450 8.77839e-07
0.596016 1.82408 120 450 8.845e-07
0.596766 1.82408 120 450 8.91599e-07
0.597516 1.82408 120 450 8.99147e-07
0.598266 1.82408 120 450 9.07143e-07
0.599017 1.82408 120 450 9.15583e-07
0.599767 1.82408 120 450 9.24477e-07
0.600517 1.82408 120 450 9.33849e-07
0.601267 1.82408 120 450 9.4367e-07
0.602017 1.82408 120 450 9.53972e-07
0.602767 1.82408 120 450 9.647e-07
0.603517 1.82408 120 450 9.75954e-07
0.604267 1.82408 120 450 9.87714e-07
0.605018 1.82408 120 450 9.99983e-07
0.605768 1.82408 120 450 1.01278e-06
0.606518 1.82408 120 450 1.02612e-06
0.607268 1.82408 120 450 1.04002e-06
0.608018 1.82408 120 450 1.05448e-06
0.608768 1.82408 120 450 1.06952e-06
0.609518 1.82408 120 450 1.08519e-06
0.610268 1.82408 120 450 1.10148e-06
0.611019 1.82408 120 450 1.11844e-06
0.611769 1.82408 120 450 1.13607e-06
0.612519 1.82408 120 450 1.15442e-06
0.613269 1.82408 120 450 1.1735e-06
0.614019 1.82408 120 450 1.19335e-06
0.614769 1.82408 120 450 1.214e-06
0.615519 1.82408 120 450 1.23549e-06
0.616269 1.82408 120 450 1.2577e-06
0.61702 1.82408 120 450 1.28096e-06
0.61777 1.82408 120 450 1.30519e-06
0.61852 1.82408 120 450 1.33042e-06
0.61927 1.82408 120 450 1.35671e-06
0.62002 1.82408 120 450 1.3841e-06
0.62077 1.82408 120 450 1.41266e-06
0.62152 1.82408 120 450 1.44242e-06
0.62227 1.82408 120 450 1.47348e-06
0.623021 1.82408 120 450 1.5059e-06
0.623771 1.82408 120 450 1.53974e-06
0.624521 1.82408 120 450 1.57511e-06
0.625271 1.82408 120 450 1.61204e-06
0.626021 1.82408 120 450 1.65066e-06
0.626771 1.82408 120 450 1.69109e-06
0.627521 1.82408 120 450 1.73338e-06
0.628271 1.82408 120 450 1.7777e-06
0.629022 1.82408 120 450 1.82414e-06
0.629772 1.82408 120 450 1.87256e-06
0.630522 1.82408 120 450 1.92369e-06
0.631272 1.82408 120 450 1.97739e-06
0.632022 1.82408 120 450 2.03382e-06
0.632772 1.82408 120 450 2.09316e-06
0.633522 1.82408 120 450 2.15565e-06
0.634272 1.82408 120 450 2.22145e-06
0.635023 1.82408 120 450 2.29086e-06
0.635773 1.82408 120 450 2.36411e-06
0.636523 1.82408 120 450 2.44152e-06
0.637273 1.82408 120 450 2.52338e-06
0.638023 1.82408 120 450 2.61001e-06
0.638773 1.82408 120 450 2.70174e-06
0.639523 1.82408 120 450 2.7991e-06
0.640273 1.82408 120 450 2.90254e-06
0.641024 1.82408 120 450 3.01249e-06
0.641774 1.82408 120 450 3.12959e-06
0.642524 1.82408 120 450 3.25442e-06
0.643274 1.82408 120 450 3.38766e-06
0.644024 1.82408 120 450 3.53006e-06
0.644774 1.82408 120 450 3.68192e-06
0.645524 1.82408 120 450 3.84546e-06
0.646274 1.82408 120 450 4.0211e-06
0.647025 1.82408 120 450 4.21013e-06
0.647775 1.82408 120 450 4.41389e-06
0.648525 1.82408 120 450 4.63393e-06
0.649275 1.82408 120 450 4.87207e-06
0.650025 1.82408 120 450 5.13016e-06
0.650775 1.82408 120 450 5.41088e-06
0.651525 1.82408 120 450 5.71671e-06
0.652275 1.82408 120 450 6.05067e-06
0.653026 1.82408 120 450 6.41631e-06
0.653776 1.82408 120 450 6.81792e-06
0.654526 1.82408 120 450 7.2604e-06
0.655276 1.82408 120 450 7.74924e-06
0.656026 1.82408 120 450 8.29114e-06
0.656776 1.82408 120 450 8.89388e-06
0.657526 1.82408 120 450 9.56723e-06
0.658276 1.82408 120 450 1.03224e-05
0.659027 1.82408 120 450 1.11728e-05
0.659777 1.82408 120 450 1.21329e-05
0.660527 1.82408 120 450 1.32271e-05
0.661277 1.82408 120 450 1.44784e-05
0.662027 1.82408 120 450 1.59165e-05
0.662777 1.82408 120 450 1.75816e-05
0.663527 1.82408 120 450 1.95217e-05
0.664277 1.82408 120 450 2.17985e-05
0.665028 1.82408 120 450 2.44908e-05
0.665778 1.82408 120 450 2.77018e-05
0.666528 1.82408 120 450 3.15635e-05
0.667278 1.82408 120 450 3.62493e-05
0.668028 1.82408 120 450 4.19888e-05
0.668778 1.82408 120 450 4.90817e-05
0.669528 1.82408 120 450 5.79117e-05
0.670278 1.82408 120 450 6.8962e-05
0.671029 1.82408 120 450 8.27882e-05
0.671779 1.82408 120 450 9.99262e-05
0.672529 1.82408 120 450 0.000120612
0.673279 1.82408 120 450 0.000144204
0.674029 1.82408 120 450 0.000168291
0.674779 1.82408 120 450 0.000188097
0.675529 1.82408 120 450 0.000197722
0.676279 1.82408 120 450 0.000193725
0.67703 1.82408 120 450 0.000177972
0.67778 1.82408 120 450 0.000156107
0.67853 1.82408 120 450 0.000133627
0.67928 1.82408 120 450 0.000113811
0.68003 1.82408 120 450 9.78945e-05
0.68078 1.82408 120 450 8.59922e-05
0.68153 1.82408 120 450 7.77995e-05
0.68228 1.82408 120 450 7.29343e-05
0.683031 1.82408 120 450 7.09889e-05
0.683781 1.82408 120 450 7.13672e-05
0.684531 1.82408 120 450 7.29373e-05
0.685281 1.82408 120 450 7.3814e-05
0.686031 1.82408 120 450 7.19368e-05
0.686781 1.82408 120 450 6.65042e-05
0.687531 1.82408 120 450 5.86078e-05
0.688281 1.82408 120 450 5.00925e-05
0.689032 1.82408 120 450 4.22787e-05
0.689782 1.82408 120 450 3.56814e-05
0.690532 1.82408 120 450 3.03189e-05
0.691282 1.82408 120 450 2.60136e-05
0.692032 1.82408 120 450 2.25539e-05
0.692782 1.82408 120 450 1.97668e-05
0.693532 1.82408 120 450 1.74727e-05
0.694282 1.82408 120 450 1.55761e-05
0.695033 1.82408 120 450 1.39907e-05
0.695783 1.82408 120 450 1.26515e-05
0.696533 1.82408 120 450 1.15094e-05
0.697283 1.82408 120 450 1.05268e-05
0.698033 1.82408 120 450 9.67456e-06
0.698783 1.82408 120 450 8.92989e-06
0.699533 1.82408 120 450 8.27493e-06
0.700283 1.82408 120 450 7.69553e-06
0.701034 1.82408 120 450 7.18016e-06
0.701784 1.82408 120 450 6.7193e-06
0.702534 1.82408 120 450 6.30551e-06
0.703284 1.82408 120 450 5.93222e-06
0.704034 1.82408 120 450 5.59444e-06
0.704784 1.82408 120 450 5.28762e-06
0.705534 1.82408 120 450 5.00792e-06
0.706284 1.82408 120 450 4.75229e-06
0.707035 1.82408 120 450 4.51796e-06
0.707785 1.82408 120 450 4.30259e-06
0.708535 1.82408 120 450 4.10424e-06
0.709285 1.82408 120 450 3.92113e-06
0.710035 1.82408 120 450 3.75174e-06
0.710785 1.82408 120 450 3.5936e-06
0.711535 1.82408 120 450 3.4478e-06
0.712285 1.82408 120 450 3.31219e-06
0.713036 1.82408 120 450 3.18579e-06
0.713786 1.82408 120 450 3.06791e-06
0.714536 1.82408 120 450 2.95776e-06
0.715286 1.82408 120 450 2.85481e-06
0.716036 1.82408 120 450 2.75825e-06
0.716786 1.82408 120 450 2.66765e-06
0.717536 1.82408 120 450 2.58268e-06
0.718286 1.82408 120 450 2.50279e-06
0.719037 1.82408 120 450 2.42765e-06
0.719787 1.82408 120 450 2.35689e-06
0.720537 1.82408 120 450 2.29023e-06
0.721287 1.82408 120 450 2.22738e-06
0.722037 1.82408 120 450 2.16812e-06
0.722787 1.82408 120 450 2.1122e-06
0.723537 1.82408 120 450 2.05938e-06
0.724287 1.82408 120 450 2.00945e-06
0.725038 1.82408 120 450 1.9623e-06
0.725788 1.82408 120 450 1.9177e-06
0.726538 1.82408 120 450 1.87552e-06
0.727288 1.82408 120 450 1.83565e-06
0.728038 1.82408 120 450 1.79798e-06
0.728788 1.82408 120 450 1.76229e-06
0.729538 1.82408 120 450 1.72796e-06
0.730288 1.82408 120 450 1.69607e-06
0.731039 1.82408 120 450 1.66599e-06
0.731789 1.82408 120 450 1.63755e-06
0.732539 1.82408 120 450 1.61078e-06
0.733289 1.82408 120 450 1.58546e-06
0.734039 1.82408 120 450 1.56159e-06
0.734789 1.82408 120 450 1.53915e-06
0.735539 1.82408 120 450 1.51808e-06
0.736289 1.82408 120 450 1.49838e-06
0.73704 1.82408 120 450 1.47992e-06
0.73779 1.82408 120 450 1.46266e-06
0.73854 1.82408 120 450 1.4466e-06
0.73929 1.82408 120 450 1.43178e-06
0.74004 1.82408 120 450 1.41797e-06
0.74079 1.82408 120 450 1.40531e-06
0.74154 1.82408 120 450 1.39372e-06
0.74229 1.82408 120 450 1.38322e-06
0.743041 1.82408 120 450 1.37374e-06
0.743791 1.82408 120 450 1.36534e-06
0.744541 1.82408 120 450 1.35823e-06
0.745291 1.82408 120 450 1.35191e-06
0.746041 1.82408 120 450 1.34662e-06
0.746791 1.82408 120 450 1.34236e-06
0.747541 1.82408 120 450 1.33922e-06
0.748291 1.82408 120 450 1.33703e-06
0.749042 1.82408 120 450 1.33505e-06
0.749792 1.82408 120 450 1.33501e-06
0.750542 1.82408 120 450 1.3361e-06
0.751292 1.82408 120 450 1.33836e-06
0.752042 1.82408 120 450 1.34179e-06
0.752792 1.82408 120 450 1.34629e-06
0.753542 1.82408 120 450 1.35205e-06
0.754292 1.82408 120 450 1.35909e-06
0.755043 1.82408 120 450 1.3675e-06
0.755793 1.82408 120 450 1.37723e-06
0.756543 1.82408 120 450 1.38834e-06
0.757293 1.82408 120 450 1.40104e-06
0.758043 1.82408 120 450 1.4153e-06
0.758793 1.82408 120 450 1.43131e-06
0.759543 1.82408 120 450 1.44909e-06
0.760293 1.82408 120 450 1.46866e-06
0.761044 1.82408 120 450 1.49095e-06
0.761794 1.82408 120 450 1.51476e-06
0.762544 1.82408 120 450 1.54082e-06
0.763294 1.82408 120 450 1.5695e-06
0.764044 1.82408 120 450 1.60073e-06
0.764794 1.82408 120 450 1.6347e-06
0.765544 1.82408 120 450 1.67167e-06
0.766294 1.82408 120 450 1.71203e-06
0.767045 1.82408 120 450 1.75595e-06
0.767795 1.82408 120 450 1.80395e-06
0.768545 1.82408 120 450 1.85588e-06
0.769295 1.82408 120 450 1.91258e-06
0.770045 1.82408 120 450 1.97194e-06
0.770795 1.82408 120 450 2.03839e-06
0.771545 1.82408 120 450 2.11069e-06
0.772295 1.82408 120 450 2.18944e-06
0.773046 1.82408 120 450 2.27463e-06
0.773796 1.82408 120 450 2.3673e-06
0.774546 1.82408 120 450 2.4677e-06
0.775296 1.82408 120 450 2.57628e-06
0.776046 1.82408 120 450 2.69288e-06
0.776796 1.82408 120 450 2.82002e-06
0.777546 1.82408 120 450 2.95467e-06
0.778296 1.82408 120 450 3.09591e-06
0.779047 1.82408 120 450 3.24504e-06
0.779797 1.82408 120 450 3.39922e-06
0.780547 1.82408 120 450 3.55664e-06
0.781297 1.82408 120 450 3.71686e-06
0.782047 1.82408 120 450 3.88201e-06
0.782797 1.82408 120 450 4.05921e-06
0.783547 1.82408 120 450 4.27707e-06
0.784297 1.82408 120 450 4.58598e-06
0.785048 1.82408 120 450 5.09572e-06
0.785798 1.82408 120 450 5.96312e-06
0.786548 1.82408 120 450 7.37702e-06
0.787298 1.82408 120 450 9.4599e-06
0.788048 1.82408 120 450 1.21891e-05
0.788798 1.82408 120 450 1.54111e-05
0.789548 1.82408 120 450 1.89595e-05
0.790298 1.82408 120 450 2.27894e-05
0.791049 1.82408 120 450 2.69291e-05
0.791799 1.82408 120 450 3.13544e-05
0.792549 1.82408 120 450 3.58575e-05
0.793299 1.82408 120 450 3.98905e-05
0.794049 1.82408 120 450 4.26421e-05
0.794799 1.82408 120 450 4.33543e-05
0.795549 1.82408 120 450 4.17711e-05
0.796299 1.82408 120 450 3.83453e-05
0.79705 1.82408 120 450 3.39252e-05
0.7978 1.82408 120 450 2.93101e-05
0.79855 1.82408 120 450 2.50137e-05
0.7993 1.82408 120 450 2.12641e-05
0.80005 1.82408 120 450 1.81059e-05
0.8008 1.82408 120 450 1.54927e-05
0.80155 1.82408 120 450 1.33456e-05
0.8023 1.82408 120 450 1.15825e-05
0.803051 1.82408 120 450 1.01301e-05
0.803801 1.82408 120 450 8.92787e-06
0.804551 1.82408 120 450 7.92627e-06
0.805301 1.82408 120 450 7.08615e-06
0.806051 1.82408 120 450 6.37666e-06
0.806801 1.82408 120 450 5.77347e-06
0.807551 1.82408 120 450 5.25738e-06
0.808301 1.82408 120 450 4.81307e-06
0.809052 1.82408 120 450 4.42829e-06
0.809802 1.82408 120 450 4.09328e-06
0.810552 1.82408 120 450 3.80009e-06
0.811302 1.82408 120 450 3.54227e-06
0.812052 1.82408 120 450 3.31452e-06
0.812802 1.82408 120 450 3.1128e-06
0.813552 1.82408 120 450 2.93287e-06
0.814302 1.82408 120 450 2.77211e-06
0.815053 1.82408 120 450 2.62797e-06
0.815803 1.82408 120 450 2.49828e-06
0.816553 1.82408 120 450 2.38129e-06
0.817303 1.82408 120 450 2.27547e-06
0.818053 1.82408 120 450 2.17955e-06
0.818803 1.82408 120 450 2.09236e-06
0.819553 1.82408 120 450 2.01298e-06
0.820303 1.82408 120 450 1.94058e-06
0.821054 1.82408 120 450 1.87442e-06
0.821804 1.82408 120 450 1.81385e-06
0.822554 1.82408 120 450 1.75836e-06
0.823304 1.82408 120 450 1.70744e-06
0.824054 1.82408 120 450 1.66066e-06
0.824804 1.82408 120 450 1.61766e-06
0.825554 1.82408 120 450 1.57811e-06
0.826304 1.82408 120 450 1.5417e-06
0.827055 1.82408 120 450 1.50819e-06
0.827805 1.82408 120 450 1.47735e-06
0.828555 1.82408 120 450 1.44896e-06
0.829305 1.82408 120 450 1.42284e-06
0.830055 1.82408 120 450 1.39883e-06
0.830805 1.82408 120 450 1.37677e-06
0.831555 1.82408 120 450 1.35657e-06
0.832305 1.82408 120 450 1.33804e-06
0.833056 1.82408 120 450 1.32109e-06
0.833806 1.82408 120 450 1.30565e-06
0.834556 1.82408 120 450 1.29162e-06
0.835306 1.82408 120 450 1.27892e-06
0.836056 1.82408 120 450 1.26748e-06
0.836806 1.82408 120 450 1.25725e-06
0.837556 1.82408 120 450 1.24815e-06
0.838306 1.82408 120 450 1.24014e-06
0.839057 1.82408 120 450 1.23317e-06
0.839807 1.82408 120 450 1.22723e-06
0.840557 1.82408 120 450 1.22223e-06
0.841307 1.82408 120 450 1.21816e-06
0.842057 1.82408 120 450 1.215e-06
0.842807 1.82408 120 450 1.21271e-06
0.843557 1.82408 120 450 1.21127e-06
0.844307 1.82408 120 450 1.21067e-06
0.845058 1.82408 120 450 1.21089e-06
0.845808 1.82408 120 450 1.21192e-06
0.846558 1.82408 120 450 1.21374e-06
0.847308 1.82408 120 450 1.21634e-06
0.848058 1.82408 120 450 1.21973e-06
0.848808 1.82408 120 450 1.22389e-06
0.849558 1.82408 120 450 1.22883e-06
0.850308 1.82408 120 450 1.23453e-06
0.851059 1.82408 120 450 1.24099e-06
0.851809 1.82408 120 450 1.24826e-06
0.852559 1.82408 120 450 1.25633e-06
0.853309 1.82408 120 450 1.26519e-06
0.854059 1.82408 120 450 1.27486e-06
0.854809 1.82408 120 450 1.28536e-06
0.855559 1.82408 120 450 1.2967e-06
0.856309 1.82408 120 450 1.3089e-06
0.85706 1.82408 120 450 1.32199e-06
0.85781 1.82408 120 450 1.33597e-06
0.85856 1.82408 120 450 1.3509e-06
0.85931 1.82408 120 450 1.36678e-06
0.86006 1.82408 120 450 1.38364e-06
0.86081 1.82408 120 450 1.40154e-06
0.86156 1.82408 120 450 1.4205e-06
0.86231 1.82408 120 450 1.44056e-06
0.863061 1.82408 120 450 1.46177e-06
0.863811 1.82408 120 450 1.48418e-06
0.864561 1.82408 120 450 1.50785e-06
0.865311 1.82408 120 450 1.53282e-06
0.866061 1.82408 120 450 1.55926e-06
0.866811 1.82408 120 450 1.58704e-06
0.867561 1.82408 120 450 1.61633e-06
0.868311 1.82408 120 450 1.64722e-06
0.869062 1.82408 120 450 1.67978e-06
0.869812 1.82408 120 450 1.7141e-06
0.870562 1.82408 120 450 1.75031e-06
0.871312 1.82408 120 450 1.78849e-06
0.872062 1.82408 120 450 1.82864e-06
0.872812 1.82408 120 450 1.87113e-06
0.873562 1.82408 120 450 1.91599e-06
0.874312 1.82408 120 450 1.96336e-06
0.875063 1.82408 120 450 2.01341e-06
0.875813 1.82408 120 450 2.06634e-06
0.876563 1.82408 120 450 2.12233e-06
0.877313 1.82408 120 450 2.1816e-06
0.878063 1.82408 120 450 2.24436e-06
0.878813 1.82408 120 450 2.31091e-06
0.879563 1.82408 120 450 2.38152e-06
0.880313 1.82408 120 450 2.45648e-06
0.881064 1.82408 120 450 2.53615e-06
0.881814 1.82408 120 450 2.6209e-06
0.882564 1.82408 120 450 2.71119e-06
0.883314 1.82408 120 450 2.80743e-06
0.884064 1.82408 120 450 2.9102e-06
0.884814 1.82408 120 450 3.02006e-06
0.885564 1.82408 120 450 3.13762e-06
0.886314 1.82408 120 450 3.26361e-06
0.887065 1.82408 120 450 3.39881e-06
0.887815 1.82408 120 450 3.54418e-06
0.888565 1.82408 120 450 3.70063e-06
0.889315 1.82408 120 450 3.86936e-06
0.890065 1.82408 120 450 4.05169e-06
0.890815 1.82408 120 450 4.24904e-06
0.891565 1.82408 120 450 4.46306e-06
0.892315 1.82408 120 450 4.69566e-06
0.893066 1.82408 120 450 4.94905e-06
0.893816 1.82408 120 450 5.22522e-06
0.894566 1.82408 120 450 5.52798e-06
0.895316 1.82408 120 450 5.86026e-06
0.896066 1.82408 120 450 6.22594e-06
0.896816 1.82408 120 450 6.62952e-06
0.897566 1.82408 120 450 7.07621e-06
0.898316 1.82408 120 450 7.57214e-06
0.899067 1.82408 120 450 8.12501e-06
0.899817 1.82408 120 450 8.74334e-06
0.900567 1.82408 120 450 9.43759e-06
0.901317 1.82408 120 450 1.02203e-05
0.902067 1.82408 120 450 1.11064e-05
0.902817 1.82408 120 450 1.21139e-05
0.903567 1.82408 120 450 1.32648e-05
0.904317 1.82408 120 450 1.45866e-05
0.905068 1.82408 120 450 1.61112e-05
0.905818 1.82408 120 450 1.78793e-05
0.906568 1.82408 120 450 1.99405e-05
0.907318 1.82408 120 450 2.23543e-05
0.908068 1.82408 120 450 2.51935e-05
0.908818 1.82408 120 450 2.85462e-05
0.909568 1.82408 120 450 3.25128e-05
0.910318 1.82408 120 450 3.72054e-05
0.911069 1.82408 120 450 4.2734e-05
0.911819 1.82408 120 450 4.91882e-05
0.912569 1.82408 120 450 5.65829e-05
0.913319 1.82408 120 450 6.47879e-05
0.914069 1.82408 120 450 7.34198e-05
0.914819 1.82408 120 450 8.17463e-05
0.915569 1.82408 120 450 8.86826e-05
0.916319 1.82408 120 450 9.30126e-05
0.91707 1.82408 120 450 9.38116e-05
0.91782 1.82408 120 450 9.09056e-05
0.91857 1.82408 120 450 8.49586e-05
0.91932 1.82408 120 450 7.71338e-05
0.92007 1.82408 120 450 6.86169e-05
0.92082 1.82408 120 450 6.02955e-05
0.92157 1.82408 120 450 5.26833e-05
0.92232 1.82408 120 450 4.6001e-05
0.923071 1.82408 120 450 4.02782e-05
0.923821 1.82408 120 450 3.54495e-05
0.924571 1.82408 120 450 3.14158e-05
0.925321 1.82408 120 450 2.8064e-05
0.926071 1.82408 120 450 2.52913e-05
0.926821 1.82408 120 450 2.30103e-05
0.927571 1.82408 120 450 2.11474e-05
0.928321 1.82408 120 450 1.96454e-05
0.929072 1.82408 120 450 1.846e-05
0.929822 1.82408 120 450 1.75586e-05
0.930572 1.82408 120 450 1.69182e-05
0.931322 1.82408 120 450 1.65248e-05
0.932072 1.82408 120 450 1.63715e-05
0.932822 1.82408 120 450 1.64561e-05
0.933572 1.82408 120 450 1.67781e-05
0.934322 1.82408 120 450 1.73336e-05
0.935073 1.82408 120 450 1.8106e-05
0.935823 1.82408 120 450 1.90534e-05
0.936573 1.82408 120 450 2.00941e-05
0.937323 1.82408 120 450 2.10943e-05
0.938073 1.82408 120 450 2.18742e-05
0.938823 1.82408 120 450 2.22437e-05
0.939573 1.82408 120 450 2.20653e-05
0.940323 1.82408 120 450 2.13127e-05
0.941074 1.82408 120 450 2.0082e-05
0.941824 1.82408 120 450 1.85416e-05
0.942574 1.82408 120 450 1.68742e-05
0.943324 1.82408 120 450 1.5224e-05
0.944074 1.82408 120 450 1.36821e-05
0.944824 1.82408 120 450 1.22926e-05
0.945574 1.82408 120 450 1.1068e-05
0.946324 1.82408 120 450 1.00023e-05
0.947075 1.82408 120 450 9.08052e-06
0.947825 1.82408 120 450 8.28455e-06
0.948575 1.82408 120 450 7.59644e-06
0.949325 1.82408 120 450 6.9997e-06
0.950075 1.82408 120 450 6.47981e-06
0.950825 1.82408 120 450 6.02406e-06
0.951575 1.82408 120 450 5.62187e-06
0.952325 1.82408 120 450 5.26419e-06
0.953076 1.82408 120 450 4.94302e-06
0.953826 1.82408 120 450 4.65173e-06
0.954576 1.82408 120 450 4.38448e-06
0.955326 1.82408 120 450 4.13657e-06
0.956076 1.82408 120 450 3.89289e-06
0.956826 1.82408 120 450 3.67241e-06
0.957576 1.82408 120 450 3.46691e-06
0.958326 1.82408 120 450 3.28153e-06
0.959077 1.82408 120 450 3.12572e-06
0.959827 1.82408 120 450 3.01221e-06
0.960577 1.82408 120 450 2.95365e-06
0.961327 1.82408 120 450 2.95636e-06
0.962077 1.82408 120 450 3.01518e-06
0.962827 1.82408 120 450 3.11319e-06
0.963577 1.82408 120 450 3.22775e-06
0.964327 1.82408 120 450 3.33929e-06
0.965078 1.82408 120 450 3.43658e-06
0.965828 1.82408 120 450 3.51808e-06
0.966578 1.82408 120 450 3.58721e-06
0.967328 1.82408 120 450 3.65135e-06
0.968078 1.82408 120 450 3.71772e-06
0.968828 1.82408 120 450 3.79291e-06
0.969578 1.82408 120 450 3.88258e-06
0.970328 1.82408 120 450 3.99152e-06
0.971079 1.82408 120 450 4.12415e-06
0.971829 1.82408 120 450 4.28484e-06
0.972579 1.82408 120 450 4.47815e-06
0.973329 1.82408 120 450 4.70905e-06
0.974079 1.82408 120 450 4.98337e-06
0.974829 1.82408 120 450 5.30762e-06
0.975579 1.82408 120 450 5.68936e-06
0.976329 1.82408 120 450 6.13695e-06
0.97708 1.82408 120 450 6.65928e-06
0.97783 1.82408 120 450 7.26515e-06
0.97858 1.82408 120 450 7.96193e-06
0.97933 1.82408 120 450 8.75315e-06
0.98008 1.82408 120 450 9.63503e-06
0.98083 1.82408 120 450 1.05913e-05
0.98158 1.82408 120 450 1.15869e-05
0.98233 1.82408 120 450 1.2563e-05
0.983081 1.82408 120 450 1.34359e-05
0.983831 1.82408 120 450 1.41059e-05
0.984581 1.82408 120 450 1.44788e-05
0.985331 1.82408 120 450 1.44927e-05
0.986081 1.82408 120 450 1.4141e-05
0.986831 1.82408 120 450 1.34745e-05
0.987581 1.82408 120 450 1.25828e-05
0.988331 1.82408 120 450 1.15672e-05
0.989082 1.82408 120 450 1.05163e-05
0.989832 1.82408 120 450 9.50009e-06
0.990582 1.82408 120 450 8.54753e-06
0.991332 1.82408 120 450 7.68414e-06
0.992082 1.82408 120 450 6.91564e-06
0.992832 1.82408 120 450 6.23953e-06
0.993582 1.82408 120 450 5.64793e-06
0.994332 1.82408 120 450 5.13203e-06
0.995083 1.82408 120 450 4.68252e-06
0.995833 1.82408 120 450 4.29034e-06
0.996583 1.82408 120 450 3.9474e-06
0.997333 1.82408 120 450 3.64683e-06
0.998083 1.82408 120 450 3.38227e-06
0.998833 1.82408 120 450 3.14868e-06
0.999583 1.82408 120 450 2.94162e-06
1.00033 1.82408 120 450 2.75725e-06
1.00108 1.82408 120 450 2.59229e-06
1.00183 1.82408 120 450 2.44411e-06
1.00258 1.82408 120 450 2.3104e-06
1.00333 1.82408 120 450 2.18917e-06
1.00408 1.82408 120 450 2.07877e-06
1.00483 1.82408 120 450 1.97779e-06
1.00558 1.82408 120 450 1.88454e-06
1.00633 1.82408 120 450 1.79811e-06
1.00708 1.82408 120 450 1.71745e-06
1.00783 1.82408 120 450 1.64144e-06
1.00858 1.82408 120 450 1.56925e-06
1.00933 1.82408 120 450 1.49989e-06
1.01009 1.82408 120 450 1.4325e-06
1.01084 1.82408 120 450 1.36617e-06
1.01159 1.82408 120 450 1.30016e-06
1.01234 1.82408 120 450 1.23303e-06
1.01309 1.82408 120 450 1.16362e-06
1.01384 1.82408 120 450 1.09058e-06
1.01459 1.82408 120 450 1.01228e-06
1.01534 1.82408 120 450 9.26587e-07
1.01609 1.82408 120 450 8.31927e-07
1.01684 1.82408 120 450 7.25449e-07
1.01759 1.82408 120 450 6.05047e-07
1.01834 1.82408 120 450 4.68945e-07
1.01909 1.82408 120 450 3.15755e-07
1.01984 1.82408 120 450 1.45727e-07
1.02059 1.82408 120 450 -3.61882e-08
1.02134 1.82408 120 450 -2.2762e-07
1.02209 1.82408 120 450 -3.92631e-07
1.02284 1.82408 120 450 -5.0917e-07
1.02359 1.82408 120 450 -5.39861e-07
1.02434 1.82408 120 450 -4.51221e-07
1.02509 1.82408 120 450 -2.27095e-07
1.02584 1.82408 120 450 1.13372e-07
1.02659 1.82408 120 450 5.22306e-07
1.02734 1.82408 120 450 9.2009e-07
1.02809 1.82408 120 450 1.25313e-06
1.02884 1.82408 120 450 1.4912e-06
1.02959 1.82408 120 450 1.63235e-06
1.03034 1.82408 120 450 1.69246e-06
1.03109 1.82408 120 450 1.69469e-06
1.03184 1.82408 120 450 1.65978e-06
1.03259 1.82408 120 450 1.60397e-06
1.03334 1.82408 120 450 1.5394e-06
1.03409 1.82408 120 450 1.47357e-06
1.03484 1.82408 120 450 1.41001e-06
1.03559 1.82408 120 450 1.35086e-06
1.03634 1.82408 120 450 1.29718e-06
1.03709 1.82408 120 450 1.24922e-06
1.03784 1.82408 120 450 1.20659e-06
1.03859 1.82408 120 450 1.16896e-06
1.03934 1.82408 120 450 1.1356e-06
1.04009 1.82408 120 450 1.10649e-06
1.04084 1.82408 120 450 1.08109e-06
1.04159 1.82408 120 450 1.0588e-06
1.04234 1.82408 120 450 1.03926e-06
1.04309 1.82408 120 450 1.02213e-06
1.04384 1.82408 120 450 1.00718e-06
1.04459 1.82408 120 450 9.94081e-07
1.04534 1.82408 120 450 9.82699e-07
1.04609 1.82408 120 450 9.72801e-07
1.04684 1.82408 120 450 9.64205e-07
1.04759 1.82408 120 450 9.56851e-07
1.04834 1.82408 120 450 9.50594e-07
1.04909 1.82408 120 450 9.45268e-07
1.04984 1.82408 120 450 9.40801e-07
1.05059 1.82408 120 450 9.37157e-07
1.05134 1.82408 120 450 9.34678e-07
1.05209 1.82408 120 450 9.32349e-07
1.05284 1.82408 120 450 9.30644e-07
1.05359 1.82408 120 450 9.29518e-07
1.05434 1.82408 120 450 9.2889e-07
1.05509 1.82408 120 450 9.28754e-07
1.05584 1.82408 120 450 9.29024e-07
1.05659 1.82408 120 450 9.29674e-07
1.05734 1.82408 120 450 9.30633e-07
1.05809 1.82408 120 450 9.31888e-07
1.05884 1.82408 120 450 9.3336e-07
1.05959 1.82408 120 450 9.35028e-07
1.06034 1.82408 120 450 9.3678e-07
1.06109 1.82408 120 450 9.38582e-07
1.06184 1.82408 120 450 9.40377e-07
1.06259 1.82408 120 450 9.41928e-07
1.06334 1.82408 120 450 9.43244e-07
1.06409 1.82408 120 450 9.44033e-07
1.06484 1.82408 120 450 9.4418e-07
1.06559 1.82408 120 450 9.43531e-07
1.06634 1.82408 120 450 9.4217e-07
1.06709 1.82408 120 450 9.38409e-07
1.06784 1.82408 120 450 9.32499e-07
1.06859 1.82408 120 450 9.23902e-07
1.06934 1.82408 120 450 9.11895e-07
1.0701 1.82408 120 450 8.95462e-07
1.07085 1.82408 120 450 8.73606e-07
1.0716 1.82408 120 450 8.45e-07
1.07235 1.82408 120 450 8.08153e-07
1.0731 1.82408 120 450 7.61574e-07
1.07385 1.82408 120 450 7.03946e-07
1.0746 1.82408 120 450 6.34085e-07
1.07535 1.82408 120 450 5.52455e-07
1.0761 1.82408 120 450 4.60901e-07
1.07685 1.82408 120 450 3.65286e-07
1.0776 1.82408 120 450 2.75503e-07
1.07835 1.82408 120 450 2.07559e-07
1.0791 1.82408 120 450 1.80499e-07
1.07985 1.82408 120 450 2.1323e-07
1.0806 1.82408 120 450 3.16884e-07
1.08135 1.82408 120 450 4.881e-07
1.0821 1.82408 120 450 7.0752e-07
1.08285 1.82408 120 450 9.45377e-07
1.0836 1.82408 120 450 1.17307e-06
1.08435 1.82408 120 450 1.36664e-06
1.0851 1.82408 120 450 1.5181e-06
1.08585 1.82408 120 450 1.62749e-06
1.0866 1.82408 120 450 1.70156e-06
1.08735 1.82408 120 450 1.74885e-06
1.0881 1.82408 120 450 1.77781e-06
1.08885 1.82408 120 450 1.79541e-06
1.0896 1.82408 120 450 1.80682e-06
1.09035 1.82408 120 450 1.81569e-06
1.0911 1.82408 120 450 1.82466e-06
1.09185 1.82408 120 450 1.83535e-06
1.0926 1.82408 120 450 1.84873e-06
1.09335 1.82408 120 450 1.86543e-06
1.0941 1.82408 120 450 1.88576e-06
1.09485 1.82408 120 450 1.91006e-06
1.0956 1.82408 120 450 1.93841e-06
1.09635 1.82408 120 450 1.97092e-06
1.0971 1.82408 120 450 2.00763e-06
1.09785 1.82408 120 450 2.04863e-06
1.0986 1.82408 120 450 2.09409e-06
1.09935 1.82408 120 450 2.14414e-06
1.1001 1.82408 120 450 2.19894e-06
1.10085 1.82408 120 450 2.25879e-06
1.1016 1.82408 120 450 2.32397e-06
1.10235 1.82408 120 450 2.39479e-06
1.1031 1.82408 120 450 2.47171e-06
1.10385 1.82408 120 450 2.55518e-06
1.1046 1.82408 120 450 2.64579e-06
1.10535 1.82408 120 450 2.74421e-06
1.1061 1.82408 120 450 2.85121e-06
1.10685 1.82408 120 450 2.9677e-06
1.1076 1.82408 120 450 3.0947e-06
1.10835 1.82408 120 450 3.23474e-06
1.1091 1.82408 120 450 3.38655e-06
1.10985 1.82408 120 450 3.55316e-06
1.1106 1.82408 120 450 3.73647e-06
1.11135 1.82408 120 450 3.93869e-06
1.1121 1.82408 120 450 4.1624e-06
1.11285 1.82408 120 450 4.41055e-06
1.1136 1.82408 120 450 4.68655e-06
1.11435 1.82408 120 450 4.99427e-06
1.1151 1.82408 120 450 5.33804e-06
1.11585 1.82408 120 450 5.72255e-06
1.1166 1.82408 120 450 6.15268e-06
1.11735 1.82408 120 450 6.63261e-06
1.1181 1.82408 120 450 7.16703e-06
1.11885 1.82408 120 450 7.7572e-06
1.1196 1.82408 120 450 8.4011e-06
1.12035 1.82408 120 450 9.09089e-06
1.1211 1.82408 120 450 9.81042e-06
1.12185 1.82408 120 450 1.05336e-05
1.1226 1.82408 120 450 1.12245e-05
1.12335 1.82408 120 450 1.18416e-05
1.1241 1.82408 120 450 1.23464e-05
1.12485 1.82408 120 450 1.27144e-05
1.1256 1.82408 120 450 1.29438e-05
1.12635 1.82408 120 450 1.3058e-05
1.1271 1.82408 120 450 1.30991e-05
1.12785 1.82408 120 450 1.31177e-05
1.1286 1.82408 120 450 1.31627e-05
1.12935 1.82408 120 450 1.32754e-05
1.13011 1.82408 120 450 1.34881e-05
1.13086 1.82408 120 450 1.38249e-05
1.13161 1.82408 120 450 1.43042e-05
1.13236 1.82408 120 450 1.49408e-05
1.13311 1.82408 120 450 1.57475e-05
1.13386 1.82408 120 450 1.67355e-05
1.13461 1.82408 120 450 1.79133e-05
1.13536 1.82408 120 450 1.9285e-05
1.13611 1.82408 120 450 2.08456e-05
1.13686 1.82408 120 450 2.25753e-05
1.13761 1.82408 120 450 2.44315e-05
1.13836 1.82408 120 450 2.6342e-05
1.13911 1.82408 120 450 2.81997e-05
1.13986 1.82408 120 450 2.98679e-05
1.14061 1.82408 120 450 3.11979e-05
1.14136 1.82408 120 450 3.20599e-05
1.14211 1.82408 120 450 3.238e-05
1.14286 1.82408 120 450 3.21633e-05
1.14361 1.82408 120 450 3.14952e-05
1.14436 1.82408 120 450 3.05157e-05
1.14511 1.82408 120 450 2.93841e-05
1.14586 1.82408 120 450 2.82478e-05
1.14661 1.82408 120 450 2.72248e-05
1.14736 1.82408 120 450 2.64001e-05
1.14811 1.82408 120 450 2.58311e-05
1.14886 1.82408 120 450 2.55543e-05
1.14961 1.82408 120 450 2.5594e-05
1.15036 1.82408 120 450 2.59683e-05
1.15111 1.82408 120 450 2.66939e-05
1.15186 1.82408 120 450 2.77866e-05
1.15261 1.82408 120 450 2.92623e-05
1.15336 1.82408 120 450 3.11263e-05
1.15411 1.82408 120 450 3.33966e-05
1.15486 1.82408 120 450 3.60528e-05
1.15561 1.82408 120 450 3.90372e-05
1.15636 1.82408 120 450 4.22483e-05
1.15711 1.82408 120 450 4.55112e-05
1.15786 1.82408 120 450 4.85703e-05
1.15861 1.82408 120 450 5.11066e-05
1.15936 1.82408 120 450 5.2786e-05
1.16011 1.82408 120 450 5.33395e-05
1.16086 1.82408 120 450 5.26461e-05
1.16161 1.82408 120 450 5.07698e-05
1.16236 1.82408 120 450 4.79418e-05
1.16311 1.82408 120 450 4.44813e-05
1.16386 1.82408 120 450 4.07128e-05
1.16461 1.82408 120 450 3.69054e-05
1.16536 1.82408 120 450 3.32479e-05
1.16611 1.82408 120 450 2.98542e-05
1.16686 1.82408 120 450 2.67773e-05
1.16761 1.82408 120 450 2.403e-05
1.16836 1.82408 120 450 2.16008e-05
1.16911 1.82408 120 450 1.94647e-05
1.16986 1.82408 120 450 1.75912e-05
1.17061 1.82408 120 450 1.59492e-05
1.17136 1.82408 120 450 1.45091e-05
1.17211 1.82408 120 450 1.32441e-05
1.17286 1.82408 120 450 1.21299e-05
1.17361 1.82408 120 450 1.11459e-05
1.17436 1.82408 120 450 1.02745e-05
1.17511 1.82408 120 450 9.5e-06
1.17586 1.82408 120 450 8.8097e-06
1.17661 1.82408 120 450 8.19236e-06
1.17736 1.82408 120 450 7.6385e-06
1.17811 1.82408 120 450 7.14004e-06
1.17886 1.82408 120 450 6.69012e-06
1.17961 1.82408 120 450 6.28295e-06
1.18036 1.82408 120 450 5.91322e-06
1.18111 1.82408 120 450 5.57675e-06
1.18186 1.82408 120 450 5.26962e-06
1.18261 1.82408 120 450 4.98865e-06
1.18336 1.82408 120 450 4.73109e-06
1.18411 1.82408 120 450 4.49438e-06
1.18486 1.82408 120 450 4.27628e-06
1.18561 1.82408 120 450 4.075e-06
1.18636 1.82408 120 450 3.88886e-06
1.18711 1.82408 120 450 3.71641e-06
1.18786 1.82408 120 450 3.55639e-06
1.18861 1.82408 120 450 3.40758e-06
1.18936 1.82408 120 450 3.26901e-06
1.19012 1.82408 120 450 3.13978e-06
1.19087 1.82408 120 450 3.01908e-06
1.19162 1.82408 120 450 2.90638e-06
1.19237 1.82408 120 450 2.80059e-06
1.19312 1.82408 120 450 2.70136e-06
1.19387 1.82408 120 450 2.60819e-06
1.19462 1.82408 120 450 2.52061e-06
1.19537 1.82408 120 450 2.43816e-06
1.19612 1.82408 120 450 2.3605e-06
1.19687 1.82408 120 450 2.28723e-06
1.19762 1.82408 120 450 2.21802e-06
1.19837 1.82408 120 450 2.15262e-06
1.19912 1.82408 120 450 2.09077e-06
1.19987 1.82408 120 450 2.03219e-06
1.20062 1.82408 120 450 1.97672e-06
1.20137 1.82408 120 450 1.92407e-06
1.20212 1.82408 120 450 1.87411e-06
1.20287 1.82408 120 450 1.82665e-06
1.20362 1.82408 120 450 1.78154e-06
1.20437 1.82408 120 450 1.7386e-06
1.20512 1.82408 120 450 1.69805e-06
1.20587 1.82408 120 450 1.65913e-06
1.20662 1.82408 120 450 1.62204e-06
1.20737 1.82408 120 450 1.58665e-06
1.20812 1.82408 120 450 1.55284e-06
1.20887 1.82408 120 450 1.52055e-06
1.20962 1.82408 120 450 1.4897e-06
1.21037 1.82408 120 450 1.46019e-06
1.21112 1.82408 120 450 1.43192e-06
1.21187 1.82408 120 450 1.4048e-06
1.21262 1.82408 120 450 1.37887e-06
1.21337 1.82408 120 450 1.3539e-06
1.21412 1.82408 120 450 1.32988e-06
1.21487 1.82408 120 450 1.30679e-06
1.21562 1.82408 120 450 1.28453e-06
1.21637 1.82408 120 450 1.26307e-06
1.21712 1.82408 120 450 1.24221e-06
1.21787 1.82408 120 450 1.222e-06
1.21862 1.82408 120 450 1.2023e-06
1.21937 1.82408 120 450 1.1831e-06
1.22012 1.82408 120 450 1.16424e-06
1.22087 1.82408 120 450 1.14562e-06
1.22162 1.82408 120 450 1.12733e-06
1.22237 1.82408 120 450 1.10895e-06
1.22312 1.82408 120 450 1.09051e-06
1.22387 1.82408 120 450 1.07171e-06
1.22462 1.82408 120 450 1.05245e-06
1.22537 1.82408 120 450 1.03251e-06
1.22612 1.82408 120 450 1.01164e-06
1.22687 1.82408 120 450 9.89465e-07
1.22762 1.82408 120 450 9.65671e-07
1.22837 1.82408 120 450 9.39845e-07
1.22912 1.82408 120 450 9.11281e-07
1.22987 1.82408 120 450 8.79791e-07
1.23062 1.82408 120 450 8.43969e-07
1.23137 1.82408 120 450 8.03447e-07
1.23212 1.82408 120 450 7.56964e-07
1.23287 1.82408 120 450 7.03822e-07
1.23362 1.82408 120 450 6.42771e-07
1.23437 1.82408 120 450 5.73189e-07
1.23512 1.82408 120 450 4.94635e-07
1.23587 1.82408 120 450 4.07632e-07
1.23662 1.82408 120 450 3.14084e-07
1.23737 1.82408 120 450 2.18059e-07
1.23812 1.82408 120 450 1.26227e-07
1.23887 1.82408 120 450 4.84643e-08
1.23962 1.82408 120 450 -2.84041e-09
1.24037 1.82408 120 450 -1.48849e-08
1.24112 1.82408 120 450 2.17836e-08
1.24187 1.82408 120 450 1.10318e-07
1.24262 1.82408 120 450 2.44278e-07
1.24337 1.82408 120 450 4.08278e-07
1.24412 1.82408 120 450 5.82513e-07
1.24487 1.82408 120 450 7.46961e-07
1.24562 1.82408 120 450 8.86703e-07
1.24637 1.82408 120 450 9.94803e-07
1.24712 1.82408 120 450 1.07036e-06
1.24787 1.82408 120 450 1.1166e-06
1.24862 1.82408 120 450 1.13874e-06
1.24937 1.82408 120 450 1.14253e-06
1.25013 1.82408 120 450 1.13314e-06
1.25088 1.82408 120 450 1.11458e-06
1.25163 1.82408 120 450 1.08982e-06
1.25238 1.82408 120 450 1.06095e-06
1.25313 1.82408 120 450 1.0294e-06
1.25388 1.82408 120 450 9.95899e-07
1.25463 1.82408 120 450 9.60754e-07
1.25538 1.82408 120 450 9.23988e-07
1.25613 1.82408 120 450 8.85235e-07
1.25688 1.82408 120 450 8.44045e-07
1.25763 1.82408 120 450 7.99871e-07
1.25838 1.82408 120 450 7.52126e-07
1.25913 1.82408 120 450 6.99748e-07
1.25988 1.82408 120 450 6.42886e-07
1.26063 1.82408 120 450 5.79531e-07
1.26138 1.82408 120 450 5.10405e-07
1.26213 1.82408 120 450 4.36234e-07
1.26288 1.82408 120 450 3.58926e-07
1.26363 1.82408 120 450 2.8133e-07
1.26438 1.82408 120 450 2.09327e-07
1.26513 1.82408 120 450 1.51157e-07
1.26588 1.82408 120 450 1.17365e-07
1.26663 1.82408 120 450 1.19563e-07
1.26738 1.82408 120 450 1.67851e-07
1.26813 1.82408 120 450 2.67208e-07
1.26888 1.82408 120 450 4.14204e-07
1.26963 1.82408 120 450 5.96142e-07
1.27038 1.82408 120 450 7.93411e-07
1.27113 1.82408 120 450 9.8426e-07
1.27188 1.82408 120 450 1.15189e-06
1.27263 1.82408 120 450 1.28577e-06
1.27338 1.82408 120 450 1.38331e-06
1.27413 1.82408 120 450 1.44739e-06
1.27488 1.82408 120 450 1.48415e-06
1.27563 1.82408 120 450 1.50082e-06
1.27638 1.82408 120 450 1.50557e-06
1.27713 1.82408 120 450 1.50056e-06
1.27788 1.82408 120 450 1.49116e-06
1.27863 1.82408 120 450 1.48022e-06
1.27938 1.82408 120 450 1.46973e-06
1.28013 1.82408 120 450 1.46079e-06
1.28088 1.82408 120 450 1.45437e-06
1.28163 1.82408 120 450 1.4508e-06
1.28238 1.82408 120 450 1.45016e-06
1.28313 1.82408 120 450 1.45262e-06
1.28388 1.82408 120 450 1.4582e-06
1.28463 1.82408 120 450 1.4667e-06
1.28538 1.82408 120 450 1.47819e-06
1.28613 1.82408 120 450 1.49257e-06
1.28688 1.82408 120 450 1.5097e-06
1.28763 1.82408 120 450 1.52955e-06
1.28838 1.82408 120 450 1.55215e-06
1.28913 1.82408 120 450 1.57746e-06
1.28988 1.82408 120 450 1.6055e-06
1.29063 1.82408 120 450 1.63632e-06
1.29138 1.82408 120 450 1.66998e-06
1.29213 1.82408 120 450 1.70655e-06
1.29288 1.82408 120 450 1.74614e-06
1.29363 1.82408 120 450 1.78891e-06
1.29438 1.82408 120 450 1.83499e-06
1.29513 1.82408 120 450 1.88456e-06
1.29588 1.82408 120 450 1.93787e-06
1.29663 1.82408 120 450 1.99513e-06
1.29738 1.82408 120 450 2.05663e-06
1.29813 1.82408 120 450 2.12266e-06
1.29888 1.82408 120 450 2.1936e-06
1.29963 1.82408 120 450 2.26981e-06
1.30038 1.82408 120 450 2.35177e-06
1.30113 1.82408 120 450 2.43998e-06
1.30188 1.82408 120 450 2.53498e-06
1.30263 1.82408 120 450 2.63741e-06
1.30338 1.82408 120 450 2.74799e-06
1.30413 1.82408 120 450 2.86753e-06
1.30488 1.82408 120 450 2.99693e-06
1.30563 1.82408 120 450 3.13722e-06
1.30638 1.82408 120 450 3.28957e-06
1.30713 1.82408 120 450 3.45529e-06
1.30788 1.82408 120 450 3.63589e-06
1.30863 1.82408 120 450 3.83309e-06
1.30938 1.82408 120 450 4.04882e-06
1.31014 1.82408 120 450 4.28534e-06
1.31089 1.82408 120 450 4.54518e-06
1.31164 1.82408 120 450 4.83127e-06
1.31239 1.82408 120 450 5.14698e-06
1.31314 1.82408 120 450 5.49614e-06
1.31389 1.82408 120 450 5.88315e-06
1.31464 1.82408 120 450 6.31307e-06
1.31539 1.82408 120 450 6.79158e-06
1.31614 1.82408 120 450 7.32527e-06
1.31689 1.82408 120 450 7.9215e-06
1.31764 1.82408 120 450 8.58832e-06
1.31839 1.82408 120 450 9.33488e-06
1.31914 1.82408 120 450 1.01706e-05
1.31989 1.82408 120 450 1.11042e-05
1.32064 1.82408 120 450 1.21472e-05
1.32139 1.82408 120 450 1.33062e-05
1.32214 1.82408 120 450 1.45859e-05
1.32289 1.82408 120 450 1.59851e-05
1.32364 1.82408 120 450 1.74942e-05
1.32439 1.82408 120 450 1.90889e-05
1.32514 1.82408 120 450 2.07291e-05
1.32589 1.82408 120 450 2.23535e-05
1.32664 1.82408 120 450 2.388e-05
1.32739 1.82408 120 450 2.52109e-05
1.32814 1.82408 120 450 2.62449e-05
1.32889 1.82408 120 450 2.68942e-05
1.32964 1.82408 120 450 2.71042e-05
1.33039 1.82408 120 450 2.68659e-05
1.33114 1.82408 120 450 2.62173e-05
1.33189 1.82408 120 450 2.52319e-05
1.33264 1.82408 120 450 2.40012e-05
1.33339 1.82408 120 450 2.26157e-05
1.33414 1.82408 120 450 2.11534e-05
1.33489 1.82408 120 450 1.96743e-05
1.33564 1.82408 120 450 1.82207e-05
1.33639 1.82408 120 450 1.6822e-05
1.33714 1.82408 120 450 1.54971e-05
1.33789 1.82408 120 450 1.42581e-05
1.33864 1.82408 120 450 1.31119e-05
1.33939 1.82408 120 450 1.20614e-05
1.34014 1.82408 120 450 1.11059e-05
1.34089 1.82408 120 450 1.02423e-05
1.34164 1.82408 120 450 9.46559e-06
1.34239 1.82408 120 450 8.76949e-06
1.34314 1.82408 120 450 8.14734e-06
1.34389 1.82408 120 450 7.59221e-06
1.34464 1.82408 120 450 7.09752e-06
1.34539 1.82408 120 450 6.65705e-06
1.34614 1.82408 120 450 6.2651e-06
1.34689 1.82408 120 450 5.9166e-06
1.34764 1.82408 120 450 5.60704e-06
1.34839 1.82408 120 450 5.33248e-06
1.34914 1.82408 120 450 5.08948e-06
1.34989 1.82408 120 450 4.8751e-06
1.35064 1.82408 120 450 4.68677e-06
1.35139 1.82408 120 450 4.52235e-06
1.35214 1.82408 120 450 4.37998e-06
1.35289 1.82408 120 450 4.25809e-06
1.35364 1.82408 120 450 4.15527e-06
1.35439 1.82408 120 450 4.07024e-06
1.35514 1.82408 120 450 4.00163e-06
1.35589 1.82408 120 450 3.94799e-06
1.35664 1.82408 120 450 3.90749e-06
1.35739 1.82408 120 450 3.87787e-06
1.35814 1.82408 120 450 3.85626e-06
1.35889 1.82408 120 450 3.83928e-06
1.35964 1.82408 120 450 3.82326e-06
1.36039 1.82408 120 450 3.80479e-06
1.36114 1.82408 120 450 3.78135e-06
1.36189 1.82408 120 450 3.75191e-06
1.36264 1.82408 120 450 3.7171e-06
1.36339 1.82408 120 450 3.67901e-06
1.36414 1.82408 120 450 3.64058e-06
1.36489 1.82408 120 450 3.60495e-06
1.36564 1.82408 120 450 3.57494e-06
1.36639 1.82408 120 450 3.55277e-06
1.36714 1.82408 120 450 3.54003e-06
1.36789 1.82408 120 450 3.53776e-06
1.36864 1.82408 120 450 3.54662e-06
1.36939 1.82408 120 450 3.56699e-06
1.37015 1.82408 120 450 3.59915e-06
1.3709 1.82408 120 450 3.64334e-06
1.37165 1.82408 120 450 3.69982e-06
1.3724 1.82408 120 450 3.76895e-06
1.37315 1.82408 120 450 3.85118e-06
1.3739 1.82408 120 450 3.9471e-06
1.37465 1.82408 120 450 4.05646e-06
1.3754 1.82408 120 450 4.18212e-06
1.37615 1.82408 120 450 4.32426e-06
1.3769 1.82408 120 450 4.48418e-06
1.37765 1.82408 120 450 4.66345e-06
1.3784 1.82408 120 450 4.8639e-06
1.37915 1.82408 120 450 5.08764e-06
1.3799 1.82408 120 450 5.33718e-06
1.38065 1.82408 120 450 5.61538e-06
1.3814 1.82408 120 450 5.92552e-06
1.38215 1.82408 120 450 6.27143e-06
1.3829 1.82408 120 450 6.65748e-06
1.38365 1.82408 120 450 7.08866e-06
1.3844 1.82408 120 450 7.57075e-06
1.38515 1.82408 120 450 8.11022e-06
1.3859 1.82408 120 450 8.71195e-06
1.38665 1.82408 120 450 9.389e-06
1.3874 1.82408 120 450 1.01481e-05
1.38815 1.82408 120 450 1.0999e-05
1.3889 1.82408 120 450 1.19519e-05
1.38965 1.82408 120 450 1.30168e-05
1.3904 1.82408 120 450 1.42028e-05
1.39115 1.82408 120 450 1.55164e-05
1.3919 1.82408 120 450 1.69597e-05
1.39265 1.82408 120 450 1.8527e-05
1.3934 1.82408 120 450 2.02014e-05
1.39415 1.82408 120 450 2.19501e-05
1.3949 1.82408 120 450 2.372e-05
1.39565 1.82408 120 450 2.54355e-05
1.3964 1.82408 120 450 2.69992e-05
1.39715 1.82408 120 450 2.83e-05
1.3979 1.82408 120 450 2.92275e-05
1.39865 1.82408 120 450 2.96919e-05
1.3994 1.82408 120 450 2.9644e-05
1.40015 1.82408 120 450 2.90874e-05
1.4009 1.82408 120 450 2.80766e-05
1.40165 1.82408 120 450 2.6706e-05
1.4024 1.82408 120 450 2.5087e-05
1.40315 1.82408 120 450 2.33303e-05
1.4039 1.82408 120 450 2.15309e-05
1.40465 1.82408 120 450 1.97618e-05
1.4054 1.82408 120 450 1.80737e-05
1.40615 1.82408 120 450 1.64968e-05
1.4069 1.82408 120 450 1.50462e-05
1.40765 1.82408 120 450 1.3726e-05
1.4084 1.82408 120 450 1.25332e-05
1.40915 1.82408 120 450 1.14604e-05
1.4099 1.82408 120 450 1.04981e-05
1.41065 1.82408 120 450 9.63547e-06
1.4114 1.82408 120 450 8.86229e-06
1.41215 1.82408 120 450 8.16824e-06
1.4129 1.82408 120 450 7.54391e-06
1.41365 1.82408 120 450 6.98089e-06
1.4144 1.82408 120 450 6.47117e-06
1.41515 1.82408 120 450 6.00791e-06
1.4159 1.82408 120 450 5.58497e-06
1.41665 1.82408 120 450 5.19671e-06
1.4174 1.82408 120 450 4.83833e-06
1.41815 1.82408 120 450 4.50557e-06
1.4189 1.82408 120 450 4.19485e-06
1.41965 1.82408 120 450 3.9033e-06
1.4204 1.82408 120 450 3.62889e-06
1.42115 1.82408 120 450 3.37066e-06
1.4219 1.82408 120 450 3.12962e-06
1.42265 1.82408 120 450 2.9066e-06
1.4234 1.82408 120 450 2.70519e-06
1.42415 1.82408 120 450 2.5302e-06
1.4249 1.82408 120 450 2.38807e-06
1.42565 1.82408 120 450 2.28414e-06
1.4264 1.82408 120 450 2.22233e-06
1.42715 1.82408 120 450 2.20248e-06
1.4279 1.82408 120 450 2.22017e-06
1.42865 1.82408 120 450 2.26667e-06
1.4294 1.82408 120 450 2.3317e-06
1.43016 1.82408 120 450 2.40046e-06
1.43091 1.82408 120 450 2.46482e-06
1.43166 1.82408 120 450 2.51844e-06
1.43241 1.82408 120 450 2.55861e-06
1.43316 1.82408 120 450 2.58611e-06
1.43391 1.82408 120 450 2.60322e-06
1.43466 1.82408 120 450 2.61323e-06
1.43541 1.82408 120 450 2.61908e-06
1.43616 1.82408 120 450 2.62469e-06
1.43691 1.82408 120 450 2.63109e-06
1.43766 1.82408 120 450 2.64024e-06
1.43841 1.82408 120 450 2.65145e-06
1.43916 1.82408 120 450 2.6633e-06
1.43991 1.82408 120 450 2.67323e-06
1.44066 1.82408 120 450 2.67777e-06
1.44141 1.82408 120 450 2.67304e-06
1.44216 1.82408 120 450 2.65547e-06
1.44291 1.82408 120 450 2.62255e-06
1.44366 1.82408 120 450 2.57352e-06
1.44441 1.82408 120 450 2.50948e-06
1.44516 1.82408 120 450 2.43315e-06
1.44591 1.82408 120 450 2.34826e-06
1.44666 1.82408 120 450 2.25869e-06
1.44741 1.82408 120 450 2.16799e-06
1.44816 1.82408 120 450 2.07901e-06
1.44891 1.82408 120 450 1.99378e-06
1.44966 1.82408 120 450 1.91361e-06
1.45041 1.82408 120 450 1.83915e-06
1.45116 1.82408 120 450 1.77066e-06
1.45191 1.82408 120 450 1.70805e-06
1.45266 1.82408 120 450 1.65108e-06
1.45341 1.82408 120 450 1.59939e-06
1.45416 1.82408 120 450 1.55255e-06
1.45491 1.82408 120 450 1.51016e-06
1.45566 1.82408 120 450 1.4718e-06
1.45641 1.82408 120 450 1.4371e-06
1.45716 1.82408 120 450 1.40571e-06
1.45791 1.82408 120 450 1.37734e-06
1.45866 1.82408 120 450 1.35173e-06
1.45941 1.82408 120 450 1.32856e-06
1.46016 1.82408 120 450 1.30764e-06
1.46091 1.82408 120 450 1.2888e-06
1.46166 1.82408 120 450 1.27185e-06
1.46241 1.82408 120 450 1.25667e-06
1.46316 1.82408 120 450 1.24311e-06
1.46391 1.82408 120 450 1.23107e-06
1.46466 1.82408 120 450 1.22045e-06
1.46541 1.82408 120 450 1.21117e-06
1.46616 1.82408 120 450 1.20313e-06
1.46691 1.82408 120 450 1.19629e-06
1.46766 1.82408 120 450 1.19058e-06
1.46841 1.82408 120 450 1.18596e-06
1.46916 1.82408 120 450 1.18239e-06
1.46991 1.82408 120 450 1.17983e-06
1.47066 1.82408 120 450 1.17824e-06
1.47141 1.82408 120 450 1.17761e-06
1.47216 1.82408 120 450 1.17792e-06
1.47291 1.82408 120 450 1.17915e-06
1.47366 1.82408 120 450 1.1813e-06
1.47441 1.82408 120 450 1.18433e-06
1.47516 1.82408 120 450 1.18827e-06
1.47591 1.82408 120 450 1.1931e-06
1.47666 1.82408 120 450 1.19883e-06
1.47741 1.82408 120 450 1.20546e-06
1.47816 1.82408 120 450 1.21302e-06
1.47891 1.82408 120 450 1.2215e-06
1.47966 1.82408 120 450 1.23093e-06
1.48041 1.82408 120 450 1.24131e-06
1.48116 1.82408 120 450 1.25268e-06
1.48191 1.82408 120 450 1.26505e-06
1.48266 1.82408 120 450 1.2785e-06
1.48341 1.82408 120 450 1.29298e-06
1.48416 1.82408 120 450 1.30857e-06
1.48491 1.82408 120 450 1.32529e-06
1.48566 1.82408 120 450 1.34322e-06
1.48641 1.82408 120 450 1.36237e-06
1.48716 1.82408 120 450 1.38279e-06
1.48791 1.82408 120 450 1.40458e-06
1.48866 1.82408 120 450 1.42773e-06
1.48941 1.82408 120 450 1.45257e-06
1.49017 1.82408 120 450 1.47868e-06
1.49092 1.82408 120 450 1.50641e-06
1.49167 1.82408 120 450 1.53579e-06
1.49242 1.82408 120 450 1.56694e-06
1.49317 1.82408 120 450 1.59993e-06
1.49392 1.82408 120 450 1.63487e-06
1.49467 1.82408 120 450 1.67186e-06
1.49542 1.82408 120 450 1.711e-06
1.49617 1.82408 120 450 1.75244e-06
1.49692 1.82408 120 450 1.79627e-06
1.49767 1.82408 120 450 1.84259e-06
1.49842 1.82408 120 450 1.89158e-06
1.49917 1.82408 120 450 1.94337e-06
1.49992 1.82408 120 450 1.99811e-06
1.50067 1.82408 120 450 2.056e-06
1.50142 1.82408 120 450 2.11719e-06
1.50217 1.82408 120 450 2.18191e-06
1.50292 1.82408 120 450 2.25038e-06
1.50367 1.82408 120 450 2.32286e-06
1.50442 1.82408 120 450 2.39966e-06
1.50517 1.82408 120 450 2.48119e-06
1.50592 1.82408 120 450 2.56797e-06
1.50667 1.82408 120 450 2.6606e-06
1.50742 1.82408 120 450 2.76003e-06
1.50817 1.82408 120 450 2.86743e-06
1.50892 1.82408 120 450 2.98461e-06
1.50967 1.82408 120 450 3.11363e-06
1.51042 1.82408 120 450 3.25762e-06
1.51117 1.82408 120 450 3.42053e-06
1.51192 1.82408 120 450 3.60722e-06
1.51267 1.82408 120 450 3.82353e-06
1.51342 1.82408 120 450 4.07573e-06
1.51417 1.82408 120 450 4.36994e-06
1.51492 1.82408 120 450 4.71172e-06
1.51567 1.82408 120 450 5.10432e-06
1.51642 1.82408 120 450 5.54906e-06
1.51717 1.82408 120 450 6.04502e-06
1.51792 1.82408 120 450 6.58958e-06
1.51867 1.82408 120 450 7.18031e-06
1.51942 1.82408 120 450 7.81599e-06
1.52017 1.82408 120 450 8.49773e-06
1.52092 1.82408 120 450 9.2295e-06
1.52167 1.82408 120 450 1.00171e-05
1.52242 1.82408 120 450 1.08678e-05
1.52317 1.82408 120 450 1.17888e-05
1.52392 1.82408 120 450 1.27861e-05
1.52467 1.82408 120 450 1.38628e-05
1.52542 1.82408 120 450 1.50175e-05
1.52617 1.82408 120 450 1.62423e-05
1.52692 1.82408 120 450 1.75209e-05
1.52767 1.82408 120 450 1.88257e-05
1.52842 1.82408 120 450 2.01172e-05
1.52917 1.82408 120 450 2.13429e-05
1.52992 1.82408 120 450 2.24404e-05
1.53067 1.82408 120 450 2.33416e-05
1.53142 1.82408 120 450 2.39819e-05
1.53217 1.82408 120 450 2.43101e-05
1.53292 1.82408 120 450 2.42976e-05
1.53367 1.82408 120 450 2.39449e-05
1.53442 1.82408 120 450 2.32806e-05
1.53517 1.82408 120 450 2.23565e-05
1.53592 1.82408 120 450 2.12378e-05
1.53667 1.82408 120 450 1.99928e-05
1.53742 1.82408 120 450 1.86842e-05
1.53817 1.82408 120 450 1.73651e-05
1.53892 1.82408 120 450 1.60755e-05
1.53967 1.82408 120 450 1.48469e-05
1.54042 1.82408 120 450 1.36901e-05
1.54117 1.82408 120 450 1.2618e-05
1.54192 1.82408 120 450 1.16341e-05
1.54267 1.82408 120 450 1.07371e-05
1.54342 1.82408 120 450 9.9238e-06
1.54417 1.82408 120 450 9.18879e-06
1.54492 1.82408 120 450 8.52621e-06
1.54567 1.82408 120 450 7.9299e-06
1.54642 1.82408 120 450 7.39386e-06
1.54717 1.82408 120 450 6.91238e-06
1.54792 1.82408 120 450 6.48017e-06
1.54867 1.82408 120 450 6.09243e-06
1.54942 1.82408 120 450 5.74481e-06
1.55018 1.82408 120 450 5.4335e-06
1.55093 1.82408 120 450 5.15508e-06
1.55168 1.82408 120 450 4.90649e-06
1.55243 1.82408 120 450 4.68495e-06
1.55318 1.82408 120 450 4.48801e-06
1.55393 1.82408 120 450 4.31342e-06
1.55468 1.82408 120 450 4.15878e-06
1.55543 1.82408 120 450 4.02194e-06
1.55618 1.82408 120 450 3.90059e-06
1.55693 1.82408 120 450 3.79225e-06
1.55768 1.82408 120 450 3.69424e-06
1.55843 1.82408 120 450 3.60369e-06
1.55918 1.82408 120 450 3.51765e-06
1.55993 1.82408 120 450 3.43316e-06
1.56068 1.82408 120 450 3.34763e-06
1.56143 1.82408 120 450 3.25901e-06
1.56218 1.82408 120 450 3.16606e-06
1.56293 1.82408 120 450 3.06838e-06
1.56368 1.82408 120 450 2.96647e-06
1.56443 1.82408 120 450 2.86145e-06
1.56518 1.82408 120 450 2.7549e-06
1.56593 1.82408 120 450 2.64849e-06
1.56668 1.82408 120 450 2.54382e-06
1.56743 1.82408 120 450 2.4422e-06
1.56818 1.82408 120 450 2.34466e-06
1.56893 1.82408 120 450 2.25194e-06
1.56968 1.82408 120 450 2.16437e-06
1.57043 1.82408 120 450 2.08216e-06
1.57118 1.82408 120 450 2.00527e-06
1.57193 1.82408 120 450 1.93358e-06
1.57268 1.82408 120 450 1.86686e-06
1.57343 1.82408 120 450 1.80486e-06
1.57418 1.82408 120 450 1.74724e-06
1.57493 1.82408 120 450 1.69371e-06
1.57568 1.82408 120 450 1.64397e-06
1.57643 1.82408 120 450 1.59775e-06
1.57718 1.82408 120 450 1.55476e-06
1.57793 1.82408 120 450 1.51476e-06
1.57868 1.82408 120 450 1.47752e-06
1.57943 1.82408 120 450 1.44282e-06
1.58018 1.82408 120 450 1.41048e-06
1.58093 1.82408 120 450 1.38033e-06
1.58168 1.82408 120 450 1.35218e-06
1.58243 1.82408 120 450 1.32592e-06
1.58318 1.82408 120 450 1.30139e-06
1.58393 1.82408 120 450 1.2785e-06
1.58468 1.82408 120 450 1.25714e-06
1.58543 1.82408 120 450 1.23719e-06
1.58618 1.82408 120 450 1.21857e-06
1.58693 1.82408 120 450 1.20121e-06
1.58768 1.82408 120 450 1.18502e-06
1.58843 1.82408 120 450 1.16999e-06
1.58918 1.82408 120 450 1.15597e-06
1.58993 1.82408 120 450 1.14297e-06
1.59068 1.82408 120 450 1.13089e-06
1.59143 1.82408 120 450 1.11972e-06
1.59218 1.82408 120 450 1.1094e-06
1.59293 1.82408 120 450 1.09992e-06
1.59368 1.82408 120 450 1.09121e-06
1.59443 1.82408 120 450 1.08324e-06
1.59518 1.82408 120 450 1.07599e-06
1.59593 1.82408 120 450 1.06941e-06
1.59668 1.82408 120 450 1.06349e-06
1.59743 1.82408 120 450 1.05819e-06
1.59818 1.82408 120 450 1.05358e-06
1.59893 1.82408 120 450 1.04947e-06
1.59968 1.82408 120 450 1.04589e-06
1.60043 1.82408 120 450 1.0429e-06
1.60118 1.82408 120 450 1.04034e-06
1.60193 1.82408 120 450 1.03825e-06
1.60268 1.82408 120 450 1.03661e-06
1.60343 1.82408 120 450 1.03542e-06
1.60418 1.82408 120 450 1.03454e-06
1.60493 1.82408 120 450 1.03401e-06
1.60568 1.82408 120 450 1.03376e-06
1.60643 1.82408 120 450 1.03384e-06
1.60718 1.82408 120 450 1.03412e-06
1.60793 1.82408 120 450 1.03447e-06
1.60868 1.82408 120 450 1.03488e-06
1.60943 1.82408 120 450 1.03529e-06
1.61019 1.82408 120 450 1.03561e-06
1.61094 1.82408 120 450 1.03572e-06
1.61169 1.82408 120 450 1.03563e-06
1.61244 1.82408 120 450 1.03501e-06
1.61319 1.82408 120 450 1.0338e-06
1.61394 1.82408 120 450 1.03185e-06
1.61469 1.82408 120 450 1.02899e-06
1.61544 1.82408 120 450 1.02511e-06
1.61619 1.82408 120 450 1.01985e-06
1.61694 1.82408 120 450 1.01316e-06
1.61769 1.82408 120 450 1.0049e-06
1.61844 1.82408 120 450 9.94977e-07
1.61919 1.82408 120 450 9.83326e-07
1.61994 1.82408 120 450 9.70261e-07
1.62069 1.82408 120 450 9.56157e-07
1.62144 1.82408 120 450 9.41812e-07
1.62219 1.82408 120 450 9.28485e-07
1.62294 1.82408 120 450 9.18013e-07
1.62369 1.82408 120 450 9.12877e-07
1.62444 1.82408 120 450 9.15787e-07
1.62519 1.82408 120 450 9.31198e-07
1.62594 1.82408 120 450 9.62466e-07
1.62669 1.82408 120 450 1.01292e-06
1.62744 1.82408 120 450 1.08511e-06
1.62819 1.82408 120 450 1.17937e-06
1.62894 1.82408 120 450 1.29417e-06
1.62969 1.82408 120 450 1.42556e-06
1.63044 1.82408 120 450 1.56788e-06
1.63119 1.82408 120 450 1.71547e-06
1.63194 1.82408 120 450 1.86211e-06
1.63269 1.82408 120 450 2.00355e-06
1.63344 1.82408 120 450 2.13652e-06
1.63419 1.82408 120 450 2.26137e-06
1.63494 1.82408 120 450 2.37837e-06
1.63569 1.82408 120 450 2.48944e-06
1.63644 1.82408 120 450 2.59715e-06
1.63719 1.82408 120 450 2.70424e-06
1.63794 1.82408 120 450 2.81377e-06
1.63869 1.82408 120 450 2.92839e-06
1.63944 1.82408 120 450 3.05065e-06
1.64019 1.82408 120 450 3.18287e-06
1.64094 1.82408 120 450 3.32729e-06
1.64169 1.82408 120 450 3.48588e-06
1.64244 1.82408 120 450 3.66047e-06
1.64319 1.82408 120 450 3.85282e-06
1.64394 1.82408 120 450 4.06466e-06
1.64469 1.82408 120 450 4.29782e-06
1.64544 1.82408 120 450 4.5543e-06
1.64619 1.82408 120 450 4.83629e-06
1.64694 1.82408 120 450 5.14626e-06
1.64769 1.82408 120 450 5.48692e-06
1.64844 1.82408 120 450 5.86117e-06
1.64919 1.82408 120 450 6.27195e-06
1.64994 1.82408 120 450 6.72238e-06
1.65069 1.82408 120 450 7.21523e-06
1.65144 1.82408 120 450 7.75235e-06
1.65219 1.82408 120 450 8.33522e-06
1.65294 1.82408 120 450 8.96347e-06
1.65369 1.82408 120 450 9.63431e-06
1.65444 1.82408 120 450 1.0342e-05
1.65519 1.82408 120 450 1.10769e-05
1.65594 1.82408 120 450 1.18241e-05
1.65669 1.82408 120 450 1.25638e-05
1.65744 1.82408 120 450 1.32703e-05
1.65819 1.82408 120 450 1.39139e-05
1.65894 1.82408 120 450 1.44627e-05
1.65969 1.82408 120 450 1.4886e-05
1.66044 1.82408 120 450 1.51588e-05
1.66119 1.82408 120 450 1.52654e-05
1.66194 1.82408 120 450 1.52028e-05
1.66269 1.82408 120 450 1.49801e-05
1.66344 1.82408 120 450 1.4618e-05
1.66419 1.82408 120 450 1.41449e-05
1.66494 1.82408 120 450 1.35918e-05
1.66569 1.82408 120 450 1.29893e-05
1.66644 1.82408 120 450 1.2364e-05
1.66719 1.82408 120 450 1.17371e-05
1.66794 1.82408 120 450 1.11233e-05
1.66869 1.82408 120 450 1.05316e-05
1.66944 1.82408 120 450 9.96643e-06
1.6702 1.82408 120 450 9.4286e-06
1.67095 1.82408 120 450 8.91677e-06
1.6717 1.82408 120 450 8.42873e-06
1.67245 1.82408 120 450 7.96228e-06
1.6732 1.82408 120 450 7.5159e-06
1.67395 1.82408 120 450 7.08898e-06
1.6747 1.82408 120 450 6.6815e-06
1.67545 1.82408 120 450 6.29427e-06
1.6762 1.82408 120 450 5.92802e-06
1.67695 1.82408 120 450 5.58357e-06
1.6777 1.82408 120 450 5.26138e-06
1.67845 1.82408 120 450 4.96152e-06
1.6792 1.82408 120 450 4.68367e-06
1.67995 1.82408 120 450 4.42716e-06
1.6807 1.82408 120 450 4.19107e-06
1.68145 1.82408 120 450 3.97426e-06
1.6822 1.82408 120 450 3.77552e-06
1.68295 1.82408 120 450 3.59356e-06
1.6837 1.82408 120 450 3.42716e-06
1.68445 1.82408 120 450 3.27501e-06
1.6852 1.82408 120 450 3.136e-06
1.68595 1.82408 120 450 3.00901e-06
1.6867 1.82408 120 450 2.89303e-06
1.68745 1.82408 120 450 2.78716e-06
1.6882 1.82408 120 450 2.69053e-06
1.68895 1.82408 120 450 2.60239e-06
1.6897 1.82408 120 450 2.52205e-06
1.69045 1.82408 120 450 2.44888e-06
1.6912 1.82408 120 450 2.38233e-06
1.69195 1.82408 120 450 2.3219e-06
1.6927 1.82408 120 450 2.26713e-06
1.69345 1.82408 120 450 2.21764e-06
1.6942 1.82408 120 450 2.17305e-06
1.69495 1.82408 120 450 2.13306e-06
1.6957 1.82408 120 450 2.09736e-06
1.69645 1.82408 120 450 2.06572e-06
1.6972 1.82408 120 450 2.0379e-06
1.69795 1.82408 120 450 2.0137e-06
1.6987 1.82408 120 450 1.99296e-06
1.69945 1.82408 120 450 1.9755e-06
1.7002 1.82408 120 450 1.9612e-06
1.70095 1.82408 120 450 1.94993e-06
1.7017 1.82408 120 450 1.94175e-06
1.70245 1.82408 120 450 1.93627e-06
1.7032 1.82408 120 450 1.93358e-06
1.70395 1.82408 120 450 1.93362e-06
1.7047 1.82408 120 450 1.93637e-06
1.70545 1.82408 120 450 1.94184e-06
1.7062 1.82408 120 450 1.95006e-06
1.70695 1.82408 120 450 1.9611e-06
1.7077 1.82408 120 450 1.97508e-06
1.70845 1.82408 120 450 1.99219e-06
1.7092 1.82408 120 450 2.01271e-06
1.70995 1.82408 120 450 2.037e-06
1.7107 1.82408 120 450 2.06551e-06
1.71145 1.82408 120 450 2.09883e-06
1.7122 1.82408 120 450 2.13763e-06
1.71295 1.82408 120 450 2.18264e-06
1.7137 1.82408 120 450 2.2346e-06
1.71445 1.82408 120 450 2.29416e-06
1.7152 1.82408 120 450 2.36195e-06
1.71595 1.82408 120 450 2.43827e-06
1.7167 1.82408 120 450 2.52325e-06
1.71745 1.82408 120 450 2.61681e-06
1.7182 1.82408 120 450 2.71878e-06
1.71895 1.82408 120 450 2.82895e-06
1.7197 1.82408 120 450 2.94729e-06
1.72045 1.82408 120 450 3.07397e-06
1.7212 1.82408 120 450 3.2094e-06
1.72195 1.82408 120 450 3.35426e-06
1.7227 1.82408 120 450 3.50952e-06
1.72345 1.82408 120 450 3.67631e-06
1.7242 1.82408 120 450 3.85595e-06
1.72495 1.82408 120 450 4.04989e-06
1.7257 1.82408 120 450 4.25963e-06
1.72645 1.82408 120 450 4.48675e-06
1.7272 1.82408 120 450 4.73281e-06
1.72795 1.82408 120 450 4.99937e-06
1.7287 1.82408 120 450 5.28795e-06
1.72945 1.82408 120 450 5.59995e-06
1.73021 1.82408 120 450 5.93663e-06
1.73096 1.82408 120 450 6.29907e-06
1.73171 1.82408 120 450 6.68918e-06
1.73246 1.82408 120 450 7.10563e-06
1.73321 1.82408 120 450 7.54989e-06
1.73396 1.82408 120 450 8.02228e-06
1.73471 1.82408 120 450 8.52304e-06
1.73546 1.82408 120 450 9.05245e-06
1.73621 1.82408 120 450 9.61052e-06
1.73696 1.82408 120 450 1.0197e-05
1.73771 1.82408 120 450 1.08107e-05
1.73846 1.82408 120 450 1.14491e-05
1.73921 1.82408 120 450 1.21072e-05
1.73996 1.82408 120 450 1.27766e-05
1.74071 1.82408 120 450 1.34448e-05
1.74146 1.82408 120 450 1.40944e-05
1.74221 1.82408 120 450 1.47032e-05
1.74296 1.82408 120 450 1.52451e-05
1.74371 1.82408 120 450 1.56919e-05
1.74446 1.82408 120 450 1.60164e-05
1.74521 1.82408 120 450 1.61954e-05
1.74596 1.82408 120 450 1.62134e-05
1.74671 1.82408 120 450 1.60651e-05
1.74746 1.82408 120 450 1.57562e-05
1.74821 1.82408 120 450 1.53028e-05
1.74896 1.82408 120 450 1.47286e-05
1.74971 1.82408 120 450 1.40618e-05
1.75046 1.82408 120 450 1.33318e-05
1.75121 1.82408 120 450 1.25661e-05
1.75196 1.82408 120 450 1.17886e-05
1.75271 1.82408 120 450 1.10184e-05
1.75346 1.82408 120 450 1.027e-05
1.75421 1.82408 120 450 9.55343e-06
1.75496 1.82408 120 450 8.8752e-06
1.75571 1.82408 120 450 8.23866e-06
1.75646 1.82408 120 450 7.645e-06
1.75721 1.82408 120 450 7.09398e-06
1.75796 1.82408 120 450 6.58432e-06
1.75871 1.82408 120 450 6.1142e-06
1.75946 1.82408 120 450 5.68162e-06
1.76021 1.82408 120 450 5.28463e-06
1.76096 1.82408 120 450 4.9215e-06
1.76171 1.82408 120 450 4.59081e-06
1.76246 1.82408 120 450 4.2915e-06
1.76321 1.82408 120 450 4.02273e-06
1.76396 1.82408 120 450 3.78375e-06
1.76471 1.82408 120 450 3.57363e-06
1.76546 1.82408 120 450 3.3909e-06
1.76621 1.82408 120 450 3.23353e-06
1.76696 1.82408 120 450 3.09868e-06
1.76771 1.82408 120 450 2.98282e-06
1.76846 1.82408 120 450 2.88201e-06
1.76921 1.82408 120 450 2.79229e-06
1.76996 1.82408 120 450 2.71007e-06
1.77071 1.82408 120 450 2.63247e-06
1.77146 1.82408 120 450 2.55741e-06
1.77221 1.82408 120 450 2.48363e-06
1.77296 1.82408 120 450 2.41063e-06
1.77371 1.82408 120 450 2.33832e-06
1.77446 1.82408 120 450 2.26699e-06
1.77521 1.82408 120 450 2.19708e-06
1.77596 1.82408 120 450 2.12903e-06
1.77671 1.82408 120 450 2.06331e-06
1.77746 1.82408 120 450 2.00025e-06
1.77821 1.82408 120 450 1.94013e-06
1.77896 1.82408 120 450 1.88311e-06
1.77971 1.82408 120 450 1.82929e-06
1.78046 1.82408 120 450 1.77873e-06
1.78121 1.82408 120 450 1.73143e-06
1.78196 1.82408 120 450 1.68733e-06
1.78271 1.82408 120 450 1.64637e-06
1.78346 1.82408 120 450 1.60848e-06
1.78421 1.82408 120 450 1.5736e-06
1.78496 1.82408 120 450 1.5416e-06
1.78571 1.82408 120 450 1.51245e-06
1.78646 1.82408 120 450 1.48598e-06
1.78721 1.82408 120 450 1.46285e-06
1.78796 1.82408 120 450 1.44152e-06
1.78871 1.82408 120 450 1.42264e-06
1.78946 1.82408 120 450 1.40608e-06
1.79022 1.82408 120 450 1.39173e-06
1.79097 1.82408 120 450 1.37944e-06
1.79172 1.82408 120 450 1.36898e-06
1.79247 1.82408 120 450 1.36012e-06
1.79322 1.82408 120 450 1.35259e-06
1.79397 1.82408 120 450 1.34607e-06
1.79472 1.82408 120 450 1.34012e-06
1.79547 1.82408 120 450 1.33437e-06
1.79622 1.82408 120 450 1.3284e-06
1.79697 1.82408 120 450 1.32184e-06
1.79772 1.82408 120 450 1.31439e-06
1.79847 1.82408 120 450 1.30585e-06
1.79922 1.82408 120 450 1.29617e-06
1.79997 1.82408 120 450 1.28542e-06
1.80072 1.82408 120 450 1.27381e-06
1.80147 1.82408 120 450 1.26165e-06
1.80222 1.82408 120 450 1.24933e-06
1.80297 1.82408 120 450 1.23725e-06
1.80372 1.82408 120 450 1.22582e-06
1.80447 1.82408 120 450 1.21542e-06
1.80522 1.82408 120 450 1.20636e-06
1.80597 1.82408 120 450 1.19896e-06
1.80672 1.82408 120 450 1.19341e-06
1.80747 1.82408 120 450 1.1899e-06
1.80822 1.82408 120 450 1.18855e-06
1.80897 1.82408 120 450 1.18948e-06
1.80972 1.82408 120 450 1.19274e-06
1.81047 1.82408 120 450 1.19838e-06
1.81122 1.82408 120 450 1.20636e-06
1.81197 1.82408 120 450 1.21661e-06
1.81272 1.82408 120 450 1.22901e-06
1.81347 1.82408 120 450 1.2433e-06
1.81422 1.82408 120 450 1.25917e-06
1.81497 1.82408 120 450 1.27611e-06
1.81572 1.82408 120 450 1.29351e-06
1.81647 1.82408 120 450 1.31053e-06
1.81722 1.82408 120 450 1.3262e-06
1.81797 1.82408 120 450 1.33941e-06
1.81872 1.82408 120 450 1.34889e-06
1.81947 1.82408 120 450 1.35348e-06
1.82022 1.82408 120 450 1.35211e-06
1.82097 1.82408 120 450 1.34401e-06
1.82172 1.82408 120 450 1.32882e-06
1.82247 1.82408 120 450 1.30679e-06
1.82322 1.82408 120 450 1.27843e-06
1.82397 1.82408 120 450 1.24504e-06
1.82472 1.82408 120 450 1.20789e-06
1.82547 1.82408 120 450 1.16867e-06
1.82622 1.82408 120 450 1.1289e-06
1.82697 1.82408 120 450 1.08977e-06
1.82772 1.82408 120 450 1.05209e-06
1.82847 1.82408 120 450 1.01629e-06
1.82922 1.82408 120 450 9.82244e-07
1.82997 1.82408 120 450 9.49588e-07
1.83072 1.82408 120 450 9.17842e-07
1.83147 1.82408 120 450 8.86616e-07
1.83222 1.82408 120 450 8.55106e-07
1.83297 1.82408 120 450 8.23496e-07
1.83372 1.82408 120 450 7.92069e-07
1.83447 1.82408 120 450 7.61476e-07
1.83522 1.82408 120 450 7.32845e-07
1.83597 1.82408 120 450 7.07627e-07
1.83672 1.82408 120 450 6.87755e-07
1.83747 1.82408 120 450 6.74976e-07
1.83822 1.82408 120 450 6.71465e-07
1.83897 1.82408 120 450 6.79169e-07
1.83972 1.82408 120 450 6.99435e-07
1.84047 1.82408 120 450 7.32843e-07
1.84122 1.82408 120 450 7.78934e-07
1.84197 1.82408 120 450 8.36129e-07
1.84272 1.82408 120 450 9.01846e-07
1.84347 1.82408 120 450 9.72782e-07
1.84422 1.82408 120 450 1.04545e-06
1.84497 1.82408 120 450 1.11676e-06
1.84572 1.82408 120 450 1.18405e-06
1.84647 1.82408 120 450 1.24556e-06
1.84722 1.82408 120 450 1.30171e-06
1.84797 1.82408 120 450 1.35024e-06
1.84872 1.82408 120 450 1.39304e-06
1.84947 1.82408 120 450 1.4311e-06
1.85023 1.82408 120 450 1.46568e-06
1.85098 1.82408 120 450 1.49793e-06
1.85173 1.82408 120 450 1.52942e-06
1.85248 1.82408 120 450 1.56113e-06
1.85323 1.82408 120 450 1.59407e-06
1.85398 1.82408 120 450 1.62908e-06
1.85473 1.82408 120 450 1.667e-06
1.85548 1.82408 120 450 1.70831e-06
1.85623 1.82408 120 450 1.75375e-06
1.85698 1.82408 120 450 1.80367e-06
1.85773 1.82408 120 450 1.85843e-06
1.85848 1.82408 120 450 1.91832e-06
1.85923 1.82408 120 450 1.98351e-06
1.85998 1.82408 120 450 2.05406e-06
1.86073 1.82408 120 450 2.12993e-06
1.86148 1.82408 120 450 2.21083e-06
1.86223 1.82408 120 450 2.29626e-06
1.86298 1.82408 120 450 2.38547e-06
1.86373 1.82408 120 450 2.47734e-06
1.86448 1.82408 120 450 2.57038e-06
1.86523 1.82408 120 450 2.66276e-06
1.86598 1.82408 120 450 2.75221e-06
1.86673 1.82408 120 450 2.83633e-06
1.86748 1.82408 120 450 2.91241e-06
1.86823 1.82408 120 450 2.97794e-06
1.86898 1.82408 120 450 3.03063e-06
1.86973 1.82408 120 450 3.06879e-06
1.87048 1.82408 120 450 3.09148e-06
1.87123 1.82408 120 450 3.09866e-06
1.87198 1.82408 120 450 3.09121e-06
1.87273 1.82408 120 450 3.07081e-06
1.87348 1.82408 120 450 3.03976e-06
1.87423 1.82408 120 450 3.00072e-06
1.87498 1.82408 120 450 2.95651e-06
1.87573 1.82408 120 450 2.90982e-06
1.87648 1.82408 120 450 2.86311e-06
1.87723 1.82408 120 450 2.8185e-06
1.87798 1.82408 120 450 2.77774e-06
1.87873 1.82408 120 450 2.74221e-06
1.87948 1.82408 120 450 2.71298e-06
1.88023 1.82408 120 450 2.69084e-06
1.88098 1.82408 120 450 2.67579e-06
1.88173 1.82408 120 450 2.66936e-06
1.88248 1.82408 120 450 2.67132e-06
1.88323 1.82408 120 450 2.68186e-06
1.88398 1.82408 120 450 2.70123e-06
1.88473 1.82408 120 450 2.72962e-06
1.88548 1.82408 120 450 2.76724e-06
1.88623 1.82408 120 450 2.81435e-06
1.88698 1.82408 120 450 2.87122e-06
1.88773 1.82408 120 450 2.93826e-06
1.88848 1.82408 120 450 3.01589e-06
1.88923 1.82408 120 450 3.10461e-06
1.88998 1.82408 120 450 3.20504e-06
1.89073 1.82408 120 450 3.31786e-06
1.89148 1.82408 120 450 3.44386e-06
1.89223 1.82408 120 450 3.58394e-06
1.89298 1.82408 120 450 3.73905e-06
1.89373 1.82408 120 450 3.91027e-06
1.89448 1.82408 120 450 4.09875e-06
1.89523 1.82408 120 450 4.30568e-06
1.89598 1.82408 120 450 4.53231e-06
1.89673 1.82408 120 450 4.77985e-06
1.89748 1.82408 120 450 5.04945e-06
1.89823 1.82408 120 450 5.34209e-06
1.89898 1.82408 120 450 5.65842e-06
1.89973 1.82408 120 450 5.99867e-06
1.90048 1.82408 120 450 6.36242e-06
1.90123 1.82408 120 450 6.74833e-06
1.90198 1.82408 120 450 7.15384e-06
1.90273 1.82408 120 450 7.57493e-06
1.90348 1.82408 120 450 8.00573e-06
1.90423 1.82408 120 450 8.43829e-06
1.90498 1.82408 120 450 8.86246e-06
1.90573 1.82408 120 450 9.26603e-06
1.90648 1.82408 120 450 9.63514e-06
1.90723 1.82408 120 450 9.95506e-06
1.90798 1.82408 120 450 1.02114e-05
1.90873 1.82408 120 450 1.03914e-05
1.90948 1.82408 120 450 1.04856e-05
1.91024 1.82408 120 450 1.04889e-05
1.91099 1.82408 120 450 1.04012e-05
1.91174 1.82408 120 450 1.02278e-05
1.91249 1.82408 120 450 9.97796e-06
1.91324 1.82408 120 450 9.66458e-06
1.91399 1.82408 120 450 9.3021e-06
1.91474 1.82408 120 450 8.90532e-06
1.91549 1.82408 120 450 8.48819e-06
1.91624 1.82408 120 450 8.06301e-06
1.91699 1.82408 120 450 7.64001e-06
1.91774 1.82408 120 450 7.22704e-06
1.91849 1.82408 120 450 6.83009e-06
1.91924 1.82408 120 450 6.45324e-06
1.91999 1.82408 120 450 6.09895e-06
1.92074 1.82408 120 450 5.76851e-06
1.92149 1.82408 120 450 5.46238e-06
1.92224 1.82408 120 450 5.18025e-06
1.92299 1.82408 120 450 4.92142e-06
1.92374 1.82408 120 450 4.68489e-06
1.92449 1.82408 120 450 4.46949e-06
1.92524 1.82408 120 450 4.27389e-06
1.92599 1.82408 120 450 4.09686e-06
1.92674 1.82408 120 450 3.93713e-06
1.92749 1.82408 120 450 3.7935e-06
1.92824 1.82408 120 450 3.66487e-06
1.92899 1.82408 120 450 3.55021e-06
1.92974 1.82408 120 450 3.44856e-06
1.93049 1.82408 120 450 3.35909e-06
1.93124 1.82408 120 450 3.28104e-06
1.93199 1.82408 120 450 3.21375e-06
1.93274 1.82408 120 450 3.15665e-06
1.93349 1.82408 120 450 3.10924e-06
1.93424 1.82408 120 450 3.07111e-06
1.93499 1.82408 120 450 3.04189e-06
1.93574 1.82408 120 450 3.02134e-06
1.93649 1.82408 120 450 3.00927e-06
1.93724 1.82408 120 450 3.0055e-06
1.93799 1.82408 120 450 3.00999e-06
1.93874 1.82408 120 450 3.02272e-06
1.93949 1.82408 120 450 3.04376e-06
1.94024 1.82408 120 450 3.07323e-06
1.94099 1.82408 120 450 3.1113e-06
1.94174 1.82408 120 450 3.15831e-06
1.94249 1.82408 120 450 3.21444e-06
1.94324 1.82408 120 450 3.28017e-06
1.94399 1.82408 120 450 3.35596e-06
1.94474 1.82408 120 450 3.44232e-06
1.94549 1.82408 120 450 3.53991e-06
1.94624 1.82408 120 450 3.64942e-06
1.94699 1.82408 120 450 3.77164e-06
1.94774 1.82408 120 450 3.90749e-06
1.94849 1.82408 120 450 4.05792e-06
1.94924 1.82408 120 450 4.22403e-06
1.94999 1.82408 120 450 4.40688e-06
1.95074 1.82408 120 450 4.60774e-06
1.95149 1.82408 120 450 4.82785e-06
1.95224 1.82408 120 450 5.06849e-06
1.95299 1.82408 120 450 5.33092e-06
1.95374 1.82408 120 450 5.61631e-06
1.95449 1.82408 120 450 5.92563e-06
1.95524 1.82408 120 450 6.25962e-06
1.95599 1.82408 120 450 6.61853e-06
1.95674 1.82408 120 450 7.00195e-06
1.95749 1.82408 120 450 7.40872e-06
1.95824 1.82408 120 450 7.83643e-06
1.95899 1.82408 120 450 8.28129e-06
1.95974 1.82408 120 450 8.73778e-06
1.96049 1.82408 120 450 9.1984e-06
1.96124 1.82408 120 450 9.65354e-06
1.96199 1.82408 120 450 1.00915e-05
1.96274 1.82408 120 450 1.04988e-05
1.96349 1.82408 120 450 1.08608e-05
1.96424 1.82408 120 450 1.11628e-05
1.96499 1.82408 120 450 1.1391e-05
1.96574 1.82408 120 450 1.15343e-05
1.96649 1.82408 120 450 1.15849e-05
1.96724 1.82408 120 450 1.15402e-05
1.96799 1.82408 120 450 1.1402e-05
1.96874 1.82408 120 450 1.11771e-05
1.96949 1.82408 120 450 1.08762e-05
1.97025 1.82408 120 450 1.05124e-05
1.971 1.82408 120 450 1.01003e-05
1.97175 1.82408 120 450 9.65443e-06
1.9725 1.82408 120 450 9.18842e-06
1.97325 1.82408 120 450 8.71411e-06
1.974 1.82408 120 450 8.24148e-06
1.97475 1.82408 120 450 7.77846e-06
1.9755 1.82408 120 450 7.33079e-06
1.97625 1.82408 120 450 6.90272e-06
1.977 1.82408 120 450 6.49695e-06
1.97775 1.82408 120 450 6.11488e-06
1.9785 1.82408 120 450 5.75711e-06
1.97925 1.82408 120 450 5.42374e-06
1.98 1.82408 120 450 5.11374e-06
1.98075 1.82408 120 450 4.82634e-06
1.9815 1.82408 120 450 4.56038e-06
1.98225 1.82408 120 450 4.31463e-06
1.983 1.82408 120 450 4.08769e-06
1.98375 1.82408 120 450 3.87827e-06
1.9845 1.82408 120 450 3.68509e-06
1.98525 1.82408 120 450 3.50692e-06
1.986 1.82408 120 450 3.34295e-06
1.98675 1.82408 120 450 3.19131e-06
1.9875 1.82408 120 450 3.0514e-06
1.98825 1.82408 120 450 2.92228e-06
1.989 1.82408 120 450 2.80308e-06
1.98975 1.82408 120 450 2.69298e-06
1.9905 1.82408 120 450 2.59126e-06
1.99125 1.82408 120 450 2.49725e-06
1.992 1.82408 120 450 2.41032e-06
1.99275 1.82408 120 450 2.32991e-06
1.9935 1.82408 120 450 2.25546e-06
1.99425 1.82408 120 450 2.18653e-06
1.995 1.82408 120 450 2.12265e-06
1.99575 1.82408 120 450 2.06345e-06
1.9965 1.82408 120 450 2.00854e-06
1.99725 1.82408 120 450 1.95767e-06
1.998 1.82408 120 450 1.91054e-06
1.99875 1.82408 120 450 1.86695e-06
1.9995 1.82408 120 450 1.8267e-06
2.00025 1.82408 120 450 1.78963e-06
2.001 1.82408 120 450 1.75563e-06
2.00175 1.82408 120 450 1.7246e-06
2.0025 1.82408 120 450 1.69646e-06
2.00325 1.82408 120 450 1.67113e-06
2.004 1.82408 120 450 1.64855e-06
2.00475 1.82408 120 450 1.62873e-06
2.0055 1.82408 120 450 1.61163e-06
2.00625 1.82408 120 450 1.59728e-06
2.007 1.82408 120 450 1.5857e-06
2.00775 1.82408 120 450 1.57697e-06
2.0085 1.82408 120 450 1.57122e-06
2.00925 1.82408 120 450 1.56859e-06
2.01 1.82408 120 450 1.56939e-06
2.01075 1.82408 120 450 1.57392e-06
2.0115 1.82408 120 450 1.58261e-06
2.01225 1.82408 120 450 1.59596e-06
2.013 1.82408 120 450 1.61464e-06
2.01375 1.82408 120 450 1.6394e-06
2.0145 1.82408 120 450 1.671e-06
2.01525 1.82408 120 450 1.71032e-06
2.016 1.82408 120 450 1.7582e-06
2.01675 1.82408 120 450 1.81534e-06
2.0175 1.82408 120 450 1.88226e-06
2.01825 1.82408 120 450 1.95916e-06
2.019 1.82408 120 450 2.04585e-06
2.01975 1.82408 120 450 2.14169e-06
2.0205 1.82408 120 450 2.24562e-06
2.02125 1.82408 120 450 2.35617e-06
2.022 1.82408 120 450 2.47154e-06
2.02275 1.82408 120 450 2.58965e-06
2.0235 1.82408 120 450 2.70824e-06
2.02425 1.82408 120 450 2.82485e-06
2.025 1.82408 120 450 2.93689e-06
2.02575 1.82408 120 450 3.04162e-06
2.0265 1.82408 120 450 3.13619e-06
2.02725 1.82408 120 450 3.21772e-06
2.028 1.82408 120 450 3.28345e-06
2.02875 1.82408 120 450 3.33091e-06
2.0295 1.82408 120 450 3.35815e-06
2.03026 1.82408 120 450 3.36392e-06
2.03101 1.82408 120 450 3.34789e-06
2.03176 1.82408 120 450 3.31063e-06
2.03251 1.82408 120 450 3.25365e-06
2.03326 1.82408 120 450 3.1792e-06
2.03401 1.82408 120 450 3.09005e-06
2.03476 1.82408 120 450 2.98924e-06
2.03551 1.82408 120 450 2.87994e-06
2.03626 1.82408 120 450 2.76504e-06
2.03701 1.82408 120 450 2.6472e-06
2.03776 1.82408 120 450 2.52871e-06
2.03851 1.82408 120 450 2.4113e-06
2.03926 1.82408 120 450 2.2964e-06
2.04001 1.82408 120 450 2.18503e-06
2.04076 1.82408 120 450 2.07785e-06
2.04151 1.82408 120 450 1.97526e-06
2.04226 1.82408 120 450 1.87746e-06
2.04301 1.82408 120 450 1.78446e-06
2.04376 1.82408 120 450 1.69617e-06
2.04451 1.82408 120 450 1.61241e-06
2.04526 1.82408 120 450 1.53291e-06
2.04601 1.82408 120 450 1.45741e-06
2.04676 1.82408 120 450 1.38561e-06
2.04751 1.82408 120 450 1.3172e-06
2.04826 1.82408 120 450 1.25187e-06
2.04901 1.82408 120 450 1.18934e-06
2.04976 1.82408 120 450 1.12933e-06
2.05051 1.82408 120 450 1.07161e-06
2.05126 1.82408 120 450 1.016e-06
2.05201 1.82408 120 450 9.62366e-07
2.05276 1.82408 120 450 9.10702e-07
2.05351 1.82408 120 450 8.60999e-07
2.05426 1.82408 120 450 8.13469e-07
2.05501 1.82408 120 450 7.68403e-07
2.05576 1.82408 120 450 7.26269e-07
2.05651 1.82408 120 450 6.87685e-07
2.05726 1.82408 120 450 6.5341e-07
2.05801 1.82408 120 450 6.2432e-07
2.05876 1.82408 120 450 6.01322e-07
2.05951 1.82408 120 450 5.8526e-07
2.06026 1.82408 120 450 5.77009e-07
2.06101 1.82408 120 450 5.76976e-07
2.06176 1.82408 120 450 5.85083e-07
2.06251 1.82408 120 450 6.00896e-07
2.06326 1.82408 120 450 6.23394e-07
2.06401 1.82408 120 450 6.51107e-07
2.06476 1.82408 120 450 6.82176e-07
2.06551 1.82408 120 450 7.1468e-07
2.06626 1.82408 120 450 7.46696e-07
2.06701 1.82408 120 450 7.76579e-07
2.06776 1.82408 120 450 8.03073e-07
2.06851 1.82408 120 450 8.25373e-07
2.06926 1.82408 120 450 8.43113e-07
2.07001 1.82408 120 450 8.56304e-07
2.07076 1.82408 120 450 8.65245e-07
2.07151 1.82408 120 450 8.70427e-07
2.07226 1.82408 120 450 8.72439e-07
2.07301 1.82408 120 450 8.71903e-07
2.07376 1.82408 120 450 8.6942e-07
2.07451 1.82408 120 450 8.65512e-07
2.07526 1.82408 120 450 8.60703e-07
2.07601 1.82408 120 450 8.55403e-07
2.07676 1.82408 120 450 8.49929e-07
2.07751 1.82408 120 450 8.4455e-07
2.07826 1.82408 120 450 8.39481e-07
2.07901 1.82408 120 450 8.34888e-07
2.07976 1.82408 120 450 8.30898e-07
2.08051 1.82408 120 450 8.2761e-07
2.08126 1.82408 120 450 8.25097e-07
2.08201 1.82408 120 450 8.23417e-07
2.08276 1.82408 120 450 8.22614e-07
2.08351 1.82408 120 450 8.22724e-07
2.08426 1.82408 120 450 8.23777e-07
2.08501 1.82408 120 450 8.25805e-07
2.08576 1.82408 120 450 8.28825e-07
2.08651 1.82408 120 450 8.32868e-07
2.08726 1.82408 120 450 8.37961e-07
2.08801 1.82408 120 450 8.44131e-07
2.08876 1.82408 120 450 8.51408e-07
2.08951 1.82408 120 450 8.59822e-07
2.09027 1.82408 120 450 8.69406e-07
2.09102 1.82408 120 450 8.8018e-07
2.09177 1.82408 120 450 8.92169e-07
2.09252 1.82408 120 450 9.05386e-07
2.09327 1.82408 120 450 9.1983e-07
2.09402 1.82408 120 450 9.3548e-07
2.09477 1.82408 120 450 9.52287e-07
2.09552 1.82408 120 450 9.70169e-07
2.09627 1.82408 120 450 9.88996e-07
2.09702 1.82408 120 450 1.00858e-06
2.09777 1.82408 120 450 1.02869e-06
2.09852 1.82408 120 450 1.04899e-06
2.09927 1.82408 120 450 1.06911e-06
2.10002 1.82408 120 450 1.08861e-06
2.10077 1.82408 120 450 1.10701e-06
2.10152 1.82408 120 450 1.12382e-06
2.10227 1.82408 120 450 1.13844e-06
2.10302 1.82408 120 450 1.15072e-06
2.10377 1.82408 120 450 1.16026e-06
2.10452 1.82408 120 450 1.16693e-06
2.10527 1.82408 120 450 1.17078e-06
2.10602 1.82408 120 450 1.17197e-06
2.10677 1.82408 120 450 1.17086e-06
2.10752 1.82408 120 450 1.16786e-06
2.10827 1.82408 120 450 1.16346e-06
2.10902 1.82408 120 450 1.15818e-06
2.10977 1.82408 120 450 1.15246e-06
2.11052 1.82408 120 450 1.14675e-06
2.11127 1.82408 120 450 1.1414e-06
2.11202 1.82408 120 450 1.13672e-06
2.11277 1.82408 120 450 1.13294e-06
2.11352 1.82408 120 450 1.13022e-06
2.11427 1.82408 120 450 1.12872e-06
2.11502 1.82408 120 450 1.12854e-06
2.11577 1.82408 120 450 1.12976e-06
2.11652 1.82408 120 450 1.13251e-06
2.11727 1.82408 120 450 1.13688e-06
2.11802 1.82408 120 450 1.14299e-06
2.11877 1.82408 120 450 1.15104e-06
2.11952 1.82408 120 450 1.16126e-06
2.12027 1.82408 120 450 1.17396e-06
2.12102 1.82408 120 450 1.18951e-06
2.12177 1.82408 120 450 1.20833e-06
2.12252 1.82408 120 450 1.2309e-06
2.12327 1.82408 120 450 1.25771e-06
2.12402 1.82408 120 450 1.28926e-06
2.12477 1.82408 120 450 1.32597e-06
2.12552 1.82408 120 450 1.36811e-06
2.12627 1.82408 120 450 1.41591e-06
2.12702 1.82408 120 450 1.46934e-06
2.12777 1.82408 120 450 1.52816e-06
2.12852 1.82408 120 450 1.59211e-06
2.12927 1.82408 120 450 1.66073e-06
2.13002 1.82408 120 450 1.73356e-06
2.13077 1.82408 120 450 1.81021e-06
2.13152 1.82408 120 450 1.88951e-06
2.13227 1.82408 120 450 1.97322e-06
2.13302 1.82408 120 450 2.06039e-06
2.13377 1.82408 120 450 2.15132e-06
2.13452 1.82408 120 450 2.24635e-06
2.13527 1.82408 120 450 2.346e-06
2.13602 1.82408 120 450 2.45088e-06
2.13677 1.82408 120 450 2.56165e-06
2.13752 1.82408 120 450 2.67903e-06
2.13827 1.82408 120 450 2.8037e-06
2.13902 1.82408 120 450 2.93636e-06
2.13977 1.82408 120 450 3.0776e-06
2.14052 1.82408 120 450 3.22798e-06
2.14127 1.82408 120 450 3.38789e-06
2.14202 1.82408 120 450 3.55759e-06
2.14277 1.82408 120 450 3.7371e-06
2.14352 1.82408 120 450 3.92618e-06
2.14427 1.82408 120 450 4.12422e-06
2.14502 1.82408 120 450 4.33017e-06
2.14577 1.82408 120 450 4.54246e-06
2.14652 1.82408 120 450 4.75892e-06
2.14727 1.82408 120 450 4.9767e-06
2.14802 1.82408 120 450 5.19227e-06
2.14877 1.82408 120 450 5.40142e-06
2.14952 1.82408 120 450 5.59939e-06
2.15028 1.82408 120 450 5.78104e-06
2.15103 1.82408 120 450 5.94115e-06
2.15178 1.82408 120 450 6.07478e-06
2.15253 1.82408 120 450 6.17766e-06
2.15328 1.82408 120 450 6.24661e-06
2.15403 1.82408 120 450 6.27985e-06
2.15478 1.82408 120 450 6.2772e-06
2.15553 1.82408 120 450 6.24014e-06
2.15628 1.82408 120 450 6.17163e-06
2.15703 1.82408 120 450 6.07578e-06
2.15778 1.82408 120 450 5.95759e-06
2.15853 1.82408 120 450 5.82243e-06
2.15928 1.82408 120 450 5.67572e-06
2.16003 1.82408 120 450 5.52258e-06
2.16078 1.82408 120 450 5.36764e-06
2.16153 1.82408 120 450 5.21489e-06
2.16228 1.82408 120 450 5.06767e-06
2.16303 1.82408 120 450 4.92862e-06
2.16378 1.82408 120 450 4.7998e-06
2.16453 1.82408 120 450 4.68275e-06
2.16528 1.82408 120 450 4.57855e-06
2.16603 1.82408 120 450 4.48795e-06
2.16678 1.82408 120 450 4.41144e-06
2.16753 1.82408 120 450 4.34931e-06
2.16828 1.82408 120 450 4.30173e-06
2.16903 1.82408 120 450 4.26877e-06
2.16978 1.82408 120 450 4.25048e-06
2.17053 1.82408 120 450 4.24691e-06
2.17128 1.82408 120 450 4.25809e-06
2.17203 1.82408 120 450 4.28412e-06
2.17278 1.82408 120 450 4.32512e-06
2.17353 1.82408 120 450 4.38126e-06
2.17428 1.82408 120 450 4.45278e-06
2.17503 1.82408 120 450 4.53996e-06
2.17578 1.82408 120 450 4.64312e-06
2.17653 1.82408 120 450 4.76264e-06
2.17728 1.82408 120 450 4.89889e-06
2.17803 1.82408 120 450 5.05226e-06
2.17878 1.82408 120 450 5.22314e-06
2.17953 1.82408 120 450 5.41184e-06
2.18028 1.82408 120 450 5.61859e-06
2.18103 1.82408 120 450 5.84348e-06
2.18178 1.82408 120 450 6.0864e-06
2.18253 1.82408 120 450 6.34692e-06
2.18328 1.82408 120 450 6.62426e-06
2.18403 1.82408 120 450 6.9171e-06
2.18478 1.82408 120 450 7.2235e-06
2.18553 1.82408 120 450 7.54068e-06
2.18628 1.82408 120 450 7.86506e-06
2.18703 1.82408 120 450 8.19202e-06
2.18778 1.82408 120 450 8.51587e-06
2.18853 1.82408 120 450 8.83011e-06
2.18928 1.82408 120 450 9.12736e-06
2.19003 1.82408 120 450 9.39982e-06
2.19078 1.82408 120 450 9.63975e-06
2.19153 1.82408 120 450 9.83994e-06
2.19228 1.82408 120 450 9.99435e-06
2.19303 1.82408 120 450 1.00987e-05
2.19378 1.82408 120 450 1.01507e-05
2.19453 1.82408 120 450 1.01505e-05
2.19528 1.82408 120 450 1.01006e-05
2.19603 1.82408 120 450 1.00053e-05
2.19678 1.82408 120 450 9.87066e-06
2.19753 1.82408 120 450 9.70363e-06
2.19828 1.82408 120 450 9.51153e-06
2.19903 1.82408 120 450 9.30157e-06
2.19978 1.82408 120 450 9.08022e-06
2.20053 1.82408 120 450 8.85307e-06
2.20128 1.82408 120 450 8.6245e-06
2.20203 1.82408 120 450 8.39761e-06
2.20278 1.82408 120 450 8.17423e-06
2.20353 1.82408 120 450 7.95502e-06
2.20428 1.82408 120 450 7.73966e-06
2.20503 1.82408 120 450 7.52712e-06
2.20578 1.82408 120 450 7.31575e-06
2.20653 1.82408 120 450 7.10387e-06
2.20728 1.82408 120 450 6.88984e-06
2.20803 1.82408 120 450 6.67236e-06
2.20878 1.82408 120 450 6.45067e-06
2.20953 1.82408 120 450 6.22456e-06
2.21029 1.82408 120 450 5.9945e-06
2.21104 1.82408 120 450 5.7615e-06
2.21179 1.82408 120 450 5.52699e-06
2.21254 1.82408 120 450 5.29266e-06
2.21329 1.82408 120 450 5.06029e-06
2.21404 1.82408 120 450 4.83163e-06
2.21479 1.82408 120 450 4.60827e-06
2.21554 1.82408 120 450 4.39159e-06
2.21629 1.82408 120 450 4.18269e-06
2.21704 1.82408 120 450 3.98235e-06
2.21779 1.82408 120 450 3.79112e-06
2.21854 1.82408 120 450 3.60932e-06
2.21929 1.82408 120 450 3.43707e-06
2.22004 1.82408 120 450 3.27427e-06
2.22079 1.82408 120 450 3.12077e-06
2.22154 1.82408 120 450 2.97623e-06
2.22229 1.82408 120 450 2.84033e-06
2.22304 1.82408 120 450 2.71264e-06
2.22379 1.82408 120 450 2.59276e-06
2.22454 1.82408 120 450 2.48021e-06
2.22529 1.82408 120 450 2.37457e-06
2.22604 1.82408 120 450 2.27539e-06
2.22679 1.82408 120 450 2.18226e-06
2.22754 1.82408 120 450 2.09476e-06
2.22829 1.82408 120 450 2.01252e-06
2.22904 1.82408 120 450 1.93519e-06
2.22979 1.82408 120 450 1.86242e-06
2.23054 1.82408 120 450 1.79386e-06
2.23129 1.82408 120 450 1.72925e-06
2.23204 1.82408 120 450 1.66829e-06
2.23279 1.82408 120 450 1.61075e-06
2.23354 1.82408 120 450 1.55654e-06
2.23429 1.82408 120 450 1.5051e-06
2.23504 1.82408 120 450 1.4564e-06
2.23579 1.82408 120 450 1.41027e-06
2.23654 1.82408 120 450 1.36651e-06
2.23729 1.82408 120 450 1.32498e-06
2.23804 1.82408 120 450 1.28551e-06
2.23879 1.82408 120 450 1.24801e-06
2.23954 1.82408 120 450 1.21228e-06
2.24029 1.82408 120 450 1.17823e-06
2.24104 1.82408 120 450 1.14575e-06
2.24179 1.82408 120 450 1.11473e-06
2.24254 1.82408 120 450 1.08509e-06
2.24329 1.82408 120 450 1.05671e-06
2.24404 1.82408 120 450 1.02953e-06
2.24479 1.82408 120 450 1.00346e-06
2.24554 1.82408 120 450 9.78415e-07
2.24629 1.82408 120 450 9.54326e-07
2.24704 1.82408 120 450 9.31126e-07
2.24779 1.82408 120 450 9.08749e-07
2.24854 1.82408 120 450 8.87131e-07
2.24929 1.82408 120 450 8.66211e-07
2.25004 1.82408 120 450 8.45931e-07
2.25079 1.82408 120 450 8.26234e-07
2.25154 1.82408 120 450 8.07062e-07
2.25229 1.82408 120 450 7.88378e-07
2.25304 1.82408 120 450 7.70097e-07
2.25379 1.82408 120 450 7.52177e-07
2.25454 1.82408 120 450 7.34576e-07
2.25529 1.82408 120 450 7.17238e-07
2.25604 1.82408 120 450 7.00115e-07
2.25679 1.82408 120 450 6.83159e-07
2.25754 1.82408 120 450 6.66323e-07
2.25829 1.82408 120 450 6.49566e-07
2.25904 1.82408 120 450 6.3285e-07
2.25979 1.82408 120 450 6.16143e-07
2.26054 1.82408 120 450 5.99438e-07
2.26129 1.82408 120 450 5.82718e-07
2.26204 1.82408 120 450 5.65951e-07
2.26279 1.82408 120 450 5.49182e-07
2.26354 1.82408 120 450 5.32454e-07
2.26429 1.82408 120 450 5.15823e-07
2.26504 1.82408 120 450 4.99422e-07
2.26579 1.82408 120 450 4.83373e-07
2.26654 1.82408 120 450 4.67848e-07
2.26729 1.82408 120 450 4.53054e-07
2.26804 1.82408 120 450 4.39224e-07
2.26879 1.82408 120 450 4.26602e-07
2.26954 1.82408 120 450 4.15431e-07
2.2703 1.82408 120 450 4.05925e-07
2.27105 1.82408 120 450 3.98239e-07
2.2718 1.82408 120 450 3.92442e-07
2.27255 1.82408 120 450 3.88486e-07
2.2733 1.82408 120 450 3.86198e-07
2.27405 1.82408 120 450 3.85274e-07
2.2748 1.82408 120 450 3.85361e-07
2.27555 1.82408 120 450 3.85832e-07
2.2763 1.82408 120 450 3.86212e-07
2.27705 1.82408 120 450 3.85977e-07
2.2778 1.82408 120 450 3.8469e-07
2.27855 1.82408 120 450 3.81924e-07
2.2793 1.82408 120 450 3.77473e-07
2.28005 1.82408 120 450 3.7123e-07
2.2808 1.82408 120 450 3.6326e-07
2.28155 1.82408 120 450 3.53693e-07
2.2823 1.82408 120 450 3.42863e-07
2.28305 1.82408 120 450 3.31198e-07
2.2838 1.82408 120 450 3.19227e-07
2.28455 1.82408 120 450 3.07566e-07
2.2853 1.82408 120 450 2.9689e-07
2.28605 1.82408 120 450 2.87898e-07
2.2868 1.82408 120 450 2.81267e-07
2.28755 1.82408 120 450 2.77562e-07
2.2883 1.82408 120 450 2.77302e-07
2.28905 1.82408 120 450 2.80799e-07
2.2898 1.82408 120 450 2.88062e-07
2.29055 1.82408 120 450 2.98866e-07
2.2913 1.82408 120 450 3.1272e-07
2.29205 1.82408 120 450 3.28906e-07
2.2928 1.82408 120 450 3.46558e-07
2.29355 1.82408 120 450 3.64738e-07
2.2943 1.82408 120 450 3.82553e-07
2.29505 1.82408 120 450 3.9919e-07
2.2958 1.82408 120 450 4.14212e-07
2.29655 1.82408 120 450 4.27216e-07
2.2973 1.82408 120 450 4.38229e-07
2.29805 1.82408 120 450 4.47392e-07
2.2988 1.82408 120 450 4.55069e-07
2.29955 1.82408 120 450 4.61722e-07
2.3003 1.82408 120 450 4.67939e-07
2.30105 1.82408 120 450 4.74216e-07
2.3018 1.82408 120 450 4.80996e-07
2.30255 1.82408 120 450 4.88568e-07
2.3033 1.82408 120 450 4.97134e-07
2.30405 1.82408 120 450 5.06664e-07
2.3048 1.82408 120 450 5.16996e-07
2.30555 1.82408 120 450 5.2782e-07
2.3063 1.82408 120 450 5.38845e-07
2.30705 1.82408 120 450 5.49669e-07
2.3078 1.82408 120 450 5.59943e-07
2.30855 1.82408 120 450 5.69378e-07
2.3093 1.82408 120 450 5.77487e-07
2.31005 1.82408 120 450 5.84735e-07
2.3108 1.82408 120 450 5.90812e-07
2.31155 1.82408 120 450 5.95732e-07
2.3123 1.82408 120 450 5.99578e-07
2.31305 1.82408 120 450 6.02507e-07
2.3138 1.82408 120 450 6.04659e-07
2.31455 1.82408 120 450 6.06195e-07
2.3153 1.82408 120 450 6.07272e-07
2.31605 1.82408 120 450 6.08037e-07
2.3168 1.82408 120 450 6.08623e-07
2.31755 1.82408 120 450 6.09145e-07
2.3183 1.82408 120 450 6.09704e-07
2.31905 1.82408 120 450 6.10384e-07
2.3198 1.82408 120 450 6.11255e-07
2.32055 1.82408 120 450 6.12373e-07
2.3213 1.82408 120 450 6.13785e-07
2.32205 1.82408 120 450 6.1553e-07
2.3228 1.82408 120 450 6.17637e-07
2.32355 1.82408 120 450 6.20132e-07
2.3243 1.82408 120 450 6.23035e-07
2.32505 1.82408 120 450 6.26347e-07
2.3258 1.82408 120 450 6.30118e-07
2.32655 1.82408 120 450 6.34343e-07
2.3273 1.82408 120 450 6.39035e-07
2.32805 1.82408 120 450 6.44202e-07
2.3288 1.82408 120 450 6.49855e-07
2.32955 1.82408 120 450 6.56006e-07
2.33031 1.82408 120 450 6.62661e-07
2.33106 1.82408 120 450 6.69827e-07
2.33181 1.82408 120 450 6.77507e-07
2.33256 1.82408 120 450 6.85701e-07
2.33331 1.82408 120 450 6.94406e-07
2.33406 1.82408 120 450 7.03615e-07
2.33481 1.82408 120 450 7.13314e-07
2.33556 1.82408 120 450 7.2349e-07
2.33631 1.82408 120 450 7.34126e-07
2.33706 1.82408 120 450 7.452e-07
2.33781 1.82408 120 450 7.56694e-07
2.33856 1.82408 120 450 7.68594e-07
2.33931 1.82408 120 450 7.8089e-07
2.34006 1.82408 120 450 7.93582e-07
2.34081 1.82408 120 450 8.06679e-07
2.34156 1.82408 120 450 8.20203e-07
2.34231 1.82408 120 450 8.34187e-07
2.34306 1.82408 120 450 8.48678e-07
2.34381 1.82408 120 450 8.63732e-07
2.34456 1.82408 120 450 8.79418e-07
2.34531 1.82408 120 450 8.9581e-07
2.34606 1.82408 120 450 9.12992e-07
2.34681 1.82408 120 450 9.31052e-07
2.34756 1.82408 120 450 9.50082e-07
2.34831 1.82408 120 450 9.70175e-07
2.34906 1.82408 120 450 9.91429e-07
2.34981 1.82408 120 450 1.01394e-06
2.35056 1.82408 120 450 1.03781e-06
2.35131 1.82408 120 450 1.06315e-06
2.35206 1.82408 120 450 1.09006e-06
2.35281 1.82408 120 450 1.11864e-06
2.35356 1.82408 120 450 1.14903e-06
2.35431 1.82408 120 450 1.18132e-06
2.35506 1.82408 120 450 1.21565e-06
2.35581 1.82408 120 450 1.25215e-06
2.35656 1.82408 120 450 1.29096e-06
2.35731 1.82408 120 450 1.3322e-06
2.35806 1.82408 120 450 1.37603e-06
2.35881 1.82408 120 450 1.42259e-06
2.35956 1.82408 120 450 1.47202e-06
2.36031 1.82408 120 450 1.52447e-06
2.36106 1.82408 120 450 1.58008e-06
2.36181 1.82408 120 450 1.63898e-06
2.36256 1.82408 120 450 1.70125e-06
2.36331 1.82408 120 450 1.767e-06
2.36406 1.82408 120 450 1.83625e-06
2.36481 1.82408 120 450 1.90901e-06
2.36556 1.82408 120 450 1.98521e-06
2.36631 1.82408 120 450 2.06468e-06
2.36706 1.82408 120 450 2.14722e-06
2.36781 1.82408 120 450 2.23246e-06
2.36856 1.82408 120 450 2.31992e-06
2.36931 1.82408 120 450 2.409e-06
2.37006 1.82408 120 450 2.49895e-06
2.37081 1.82408 120 450 2.5889e-06
2.37156 1.82408 120 450 2.67783e-06
2.37231 1.82408 120 450 2.76466e-06
2.37306 1.82408 120 450 2.84828e-06
2.37381 1.82408 120 450 2.92758e-06
2.37456 1.82408 120 450 3.00156e-06
2.37531 1.82408 120 450 3.0694e-06
2.37606 1.82408 120 450 3.13051e-06
2.37681 1.82408 120 450 3.18462e-06
2.37756 1.82408 120 450 3.23179e-06
2.37831 1.82408 120 450 3.27246e-06
2.37906 1.82408 120 450 3.30738e-06
2.37981 1.82408 120 450 3.33761e-06
2.38056 1.82408 120 450 3.36442e-06
2.38131 1.82408 120 450 3.38921e-06
2.38206 1.82408 120 450 3.41348e-06
2.38281 1.82408 120 450 3.43884e-06
2.38356 1.82408 120 450 3.46636e-06
2.38431 1.82408 120 450 3.49745e-06
2.38506 1.82408 120 450 3.53318e-06
2.38581 1.82408 120 450 3.57445e-06
2.38656 1.82408 120 450 3.62189e-06
2.38731 1.82408 120 450 3.67592e-06
2.38806 1.82408 120 450 3.7367e-06
2.38881 1.82408 120 450 3.80415e-06
2.38956 1.82408 120 450 3.87793e-06
2.39032 1.82408 120 450 3.95741e-06
2.39107 1.82408 120 450 4.04173e-06
2.39182 1.82408 120 450 4.12977e-06
2.39257 1.82408 120 450 4.22017e-06
2.39332 1.82408 120 450 4.31138e-06
2.39407 1.82408 120 450 4.4017e-06
2.39482 1.82408 120 450 4.48938e-06
2.39557 1.82408 120 450 4.57269e-06
2.39632 1.82408 120 450 4.65005e-06
2.39707 1.82408 120 450 4.72012e-06
2.39782 1.82408 120 450 4.78188e-06
2.39857 1.82408 120 450 4.83483e-06
2.39932 1.82408 120 450 4.87883e-06
2.40007 1.82408 120 450 4.91428e-06
2.40082 1.82408 120 450 4.94197e-06
2.40157 1.82408 120 450 4.963e-06
2.40232 1.82408 120 450 4.97872e-06
2.40307 1.82408 120 450 4.99052e-06
2.40382 1.82408 120 450 4.99976e-06
2.40457 1.82408 120 450 5.00764e-06
2.40532 1.82408 120 450 5.01507e-06
2.40607 1.82408 120 450 5.02268e-06
2.40682 1.82408 120 450 5.03072e-06
2.40757 1.82408 120 450 5.03911e-06
2.40832 1.82408 120 450 5.04747e-06
2.40907 1.82408 120 450 5.05516e-06
2.40982 1.82408 120 450 5.06141e-06
2.41057 1.82408 120 450 5.06541e-06
2.41132 1.82408 120 450 5.06639e-06
2.41207 1.82408 120 450 5.06377e-06
2.41282 1.82408 120 450 5.05722e-06
2.41357 1.82408 120 450 5.04676e-06
2.41432 1.82408 120 450 5.03274e-06
2.41507 1.82408 120 450 5.01592e-06
2.41582 1.82408 120 450 4.9973e-06
2.41657 1.82408 120 450 4.97818e-06
2.41732 1.82408 120 450 4.96007e-06
2.41807 1.82408 120 450 4.94444e-06
2.41882 1.82408 120 450 4.93288e-06
2.41957 1.82408 120 450 4.92686e-06
2.42032 1.82408 120 450 4.92767e-06
2.42107 1.82408 120 450 4.93644e-06
2.42182 1.82408 120 450 4.95405e-06
2.42257 1.82408 120 450 4.98112e-06
2.42332 1.82408 120 450 5.01796e-06
2.42407 1.82408 120 450 5.06459e-06
2.42482 1.82408 120 450 5.12073e-06
2.42557 1.82408 120 450 5.18576e-06
2.42632 1.82408 120 450 5.25873e-06
2.42707 1.82408 120 450 5.33836e-06
2.42782 1.82408 120 450 5.42307e-06
2.42857 1.82408 120 450 5.51101e-06
2.42932 1.82408 120 450 5.60006e-06
2.43007 1.82408 120 450 5.68798e-06
2.43082 1.82408 120 450 5.77238e-06
2.43157 1.82408 120 450 5.85092e-06
2.43232 1.82408 120 450 5.92129e-06
2.43307 1.82408 120 450 5.98136e-06
2.43382 1.82408 120 450 6.02918e-06
2.43457 1.82408 120 450 6.0631e-06
2.43532 1.82408 120 450 6.08167e-06
2.43607 1.82408 120 450 6.08374e-06
2.43682 1.82408 120 450 6.06838e-06
2.43757 1.82408 120 450 6.03495e-06
2.43832 1.82408 120 450 5.98305e-06
2.43907 1.82408 120 450 5.91259e-06
2.43982 1.82408 120 450 5.82382e-06
2.44057 1.82408 120 450 5.71738e-06
2.44132 1.82408 120 450 5.59429e-06
2.44207 1.82408 120 450 5.45599e-06
2.44282 1.82408 120 450 5.30428e-06
2.44357 1.82408 120 450 5.14133e-06
2.44432 1.82408 120 450 4.96932e-06
2.44507 1.82408 120 450 4.79069e-06
2.44582 1.82408 120 450 4.60784e-06
2.44657 1.82408 120 450 4.42303e-06
2.44732 1.82408 120 450 4.23833e-06
2.44807 1.82408 120 450 4.05556e-06
2.44882 1.82408 120 450 3.87626e-06
2.44957 1.82408 120 450 3.70169e-06
2.45033 1.82408 120 450 3.53282e-06
2.45108 1.82408 120 450 3.37038e-06
2.45183 1.82408 120 450 3.21482e-06
2.45258 1.82408 120 450 3.06647e-06
2.45333 1.82408 120 450 2.9254e-06
2.45408 1.82408 120 450 2.79163e-06
2.45483 1.82408 120 450 2.66505e-06
2.45558 1.82408 120 450 2.54552e-06
2.45633 1.82408 120 450 2.43273e-06
2.45708 1.82408 120 450 2.32645e-06
2.45783 1.82408 120 450 2.22636e-06
2.45858 1.82408 120 450 2.13217e-06
2.45933 1.82408 120 450 2.04356e-06
2.46008 1.82408 120 450 1.96023e-06
2.46083 1.82408 120 450 1.88188e-06
2.46158 1.82408 120 450 1.80823e-06
2.46233 1.82408 120 450 1.73901e-06
2.46308 1.82408 120 450 1.674e-06
2.46383 1.82408 120 450 1.61291e-06
2.46458 1.82408 120 450 1.55554e-06
2.46533 1.82408 120 450 1.50169e-06
2.46608 1.82408 120 450 1.45112e-06
2.46683 1.82408 120 450 1.40366e-06
2.46758 1.82408 120 450 1.3591e-06
2.46833 1.82408 120 450 1.31722e-06
2.46908 1.82408 120 450 1.2778e-06
2.46983 1.82408 120 450 1.24068e-06
2.47058 1.82408 120 450 1.20559e-06
2.47133 1.82408 120 450 1.17235e-06
2.47208 1.82408 120 450 1.14076e-06
2.47283 1.82408 120 450 1.11068e-06
2.47358 1.82408 120 450 1.08183e-06
2.47433 1.82408 120 450 1.0541e-06
2.47508 1.82408 120 450 1.02733e-06
2.47583 1.82408 120 450 1.00137e-06
2.47658 1.82408 120 450 9.7611e-07
2.47733 1.82408 120 450 9.5143e-07
2.47808 1.82408 120 450 9.27235e-07
2.47883 1.82408 120 450 9.03442e-07
2.47958 1.82408 120 450 8.7999e-07
2.48033 1.82408 120 450 8.56835e-07
2.48108 1.82408 120 450 8.33958e-07
2.48183 1.82408 120 450 8.11372e-07
2.48258 1.82408 120 450 7.89102e-07
2.48333 1.82408 120 450 7.67255e-07
2.48408 1.82408 120 450 7.45983e-07
2.48483 1.82408 120 450 7.25324e-07
2.48558 1.82408 120 450 7.05515e-07
2.48633 1.82408 120 450 6.86758e-07
2.48708 1.82408 120 450 6.69303e-07
2.48783 1.82408 120 450 6.53313e-07
2.48858 1.82408 120 450 6.39025e-07
2.48933 1.82408 120 450 6.26633e-07
2.49008 1.82408 120 450 6.16203e-07
2.49083 1.82408 120 450 6.07788e-07
2.49158 1.82408 120 450 6.0135e-07
2.49233 1.82408 120 450 5.96752e-07
2.49308 1.82408 120 450 5.93764e-07
2.49383 1.82408 120 450 5.92085e-07
2.49458 1.82408 120 450 5.91356e-07
2.49533 1.82408 120 450 5.91195e-07
2.49608 1.82408 120 450 5.9122e-07
2.49683 1.82408 120 450 5.91081e-07
2.49758 1.82408 120 450 5.90476e-07
2.49833 1.82408 120 450 5.89142e-07
2.49908 1.82408 120 450 5.86966e-07
2.49983 1.82408 120 450 5.83819e-07
2.50058 1.82408 120 450 5.79658e-07
2.50133 1.82408 120 450 5.74489e-07
2.50208 1.82408 120 450 5.68355e-07
2.50283 1.82408 120 450 5.61322e-07
2.50358 1.82408 120 450 5.53468e-07
2.50433 1.82408 120 450 5.44879e-07
2.50508 1.82408 120 450 5.35639e-07
2.50583 1.82408 120 450 5.25828e-07
2.50658 1.82408 120 450 5.15518e-07
2.50733 1.82408 120 450 5.04776e-07
2.50808 1.82408 120 450 4.93664e-07
2.50883 1.82408 120 450 4.82239e-07
2.50958 1.82408 120 450 4.70559e-07
2.51034 1.82408 120 450 4.58686e-07
2.51109 1.82408 120 450 4.46673e-07
2.51184 1.82408 120 450 4.34637e-07
2.51259 1.82408 120 450 4.22663e-07
2.51334 1.82408 120 450 4.10877e-07
2.51409 1.82408 120 450 3.99433e-07
2.51484 1.82408 120 450 3.88523e-07
2.51559 1.82408 120 450 3.78373e-07
2.51634 1.82408 120 450 3.69249e-07
2.51709 1.82408 120 450 3.61455e-07
2.51784 1.82408 120 450 3.55327e-07
2.51859 1.82408 120 450 3.51233e-07
2.51934 1.82408 120 450 3.49628e-07
2.52009 1.82408 120 450 3.50662e-07
2.52084 1.82408 120 450 3.54746e-07
2.52159 1.82408 120 450 3.62125e-07
2.52234 1.82408 120 450 3.7295e-07
2.52309 1.82408 120 450 3.8726e-07
2.52384 1.82408 120 450 4.04964e-07
2.52459 1.82408 120 450 4.25838e-07
2.52534 1.82408 120 450 4.49535e-07
2.52609 1.82408 120 450 4.75605e-07
2.52684 1.82408 120 450 5.03522e-07
2.52759 1.82408 120 450 5.32715e-07
2.52834 1.82408 120 450 5.62557e-07
2.52909 1.82408 120 450 5.92576e-07
2.52984 1.82408 120 450 6.22197e-07
2.53059 1.82408 120 450 6.50952e-07
2.53134 1.82408 120 450 6.7844e-07
2.53209 1.82408 120 450 7.04308e-07
2.53284 1.82408 120 450 7.28367e-07
2.53359 1.82408 120 450 7.50398e-07
2.53434 1.82408 120 450 7.70364e-07
2.53509 1.82408 120 450 7.88226e-07
2.53584 1.82408 120 450 8.04036e-07
2.53659 1.82408 120 450 8.17904e-07
2.53734 1.82408 120 450 8.29999e-07
2.53809 1.82408 120 450 8.40504e-07
2.53884 1.82408 120 450 8.49654e-07
2.53959 1.82408 120 450 8.57667e-07
2.54034 1.82408 120 450 8.64766e-07
2.54109 1.82408 120 450 8.71162e-07
2.54184 1.82408 120 450 8.77039e-07
2.54259 1.82408 120 450 8.82552e-07
2.54334 1.82408 120 450 8.8782e-07
2.54409 1.82408 120 450 8.92917e-07
2.54484 1.82408 120 450 8.97886e-07
2.54559 1.82408 120 450 9.02723e-07
2.54634 1.82408 120 450 9.07399e-07
2.54709 1.82408 120 450 9.11838e-07
2.54784 1.82408 120 450 9.15946e-07
2.54859 1.82408 120 450 9.19632e-07
2.54934 1.82408 120 450 9.22794e-07
2.55009 1.82408 120 450 9.25334e-07
2.55084 1.82408 120 450 9.27187e-07
2.55159 1.82408 120 450 9.28305e-07
2.55234 1.82408 120 450 9.28679e-07
2.55309 1.82408 120 450 9.28564e-07
2.55384 1.82408 120 450 9.27569e-07
2.55459 1.82408 120 450 9.26028e-07
2.55534 1.82408 120 450 9.24077e-07
2.55609 1.82408 120 450 9.21867e-07
2.55684 1.82408 120 450 9.19568e-07
2.55759 1.82408 120 450 9.17354e-07
2.55834 1.82408 120 450 9.15396e-07
2.55909 1.82408 120 450 9.1386e-07
2.55984 1.82408 120 450 9.129e-07
2.56059 1.82408 120 450 9.12659e-07
2.56134 1.82408 120 450 9.13264e-07
2.56209 1.82408 120 450 9.14828e-07
2.56284 1.82408 120 450 9.17456e-07
2.56359 1.82408 120 450 9.21239e-07
2.56434 1.82408 120 450 9.26265e-07
2.56509 1.82408 120 450 9.32613e-07
2.56584 1.82408 120 450 9.40365e-07
2.56659 1.82408 120 450 9.496e-07
2.56734 1.82408 120 450 9.60403e-07
2.56809 1.82408 120 450 9.72861e-07
2.56884 1.82408 120 450 9.87068e-07
2.56959 1.82408 120 450 1.00313e-06
2.57035 1.82408 120 450 1.02114e-06
2.5711 1.82408 120 450 1.04123e-06
2.57185 1.82408 120 450 1.0635e-06
2.5726 1.82408 120 450 1.08807e-06
2.57335 1.82408 120 450 1.11507e-06
2.5741 1.82408 120 450 1.14459e-06
2.57485 1.82408 120 450 1.17675e-06
2.5756 1.82408 120 450 1.21164e-06
2.57635 1.82408 120 450 1.24936e-06
2.5771 1.82408 120 450 1.28997e-06
2.57785 1.82408 120 450 1.33354e-06
2.5786 1.82408 120 450 1.38015e-06
2.57935 1.82408 120 450 1.42985e-06
2.5801 1.82408 120 450 1.4827e-06
2.58085 1.82408 120 450 1.53875e-06
2.5816 1.82408 120 450 1.59805e-06
2.58235 1.82408 120 450 1.66063e-06
2.5831 1.82408 120 450 1.7265e-06
2.58385 1.82408 120 450 1.79566e-06
2.5846 1.82408 120 450 1.86803e-06
2.58535 1.82408 120 450 1.94351e-06
2.5861 1.82408 120 450 2.02192e-06
2.58685 1.82408 120 450 2.10296e-06
2.5876 1.82408 120 450 2.18625e-06
2.58835 1.82408 120 450 2.27129e-06
2.5891 1.82408 120 450 2.35743e-06
2.58985 1.82408 120 450 2.44387e-06
2.5906 1.82408 120 450 2.52968e-06
2.59135 1.82408 120 450 2.61377e-06
2.5921 1.82408 120 450 2.69491e-06
2.59285 1.82408 120 450 2.77178e-06
2.5936 1.82408 120 450 2.84301e-06
2.59435 1.82408 120 450 2.90718e-06
2.5951 1.82408 120 450 2.96296e-06
2.59585 1.82408 120 450 3.00912e-06
2.5966 1.82408 120 450 3.04462e-06
2.59735 1.82408 120 450 3.0687e-06
2.5981 1.82408 120 450 3.08086e-06
2.59885 1.82408 120 450 3.08098e-06
2.5996 1.82408 120 450 3.06923e-06
2.60035 1.82408 120 450 3.04614e-06
2.6011 1.82408 120 450 3.01253e-06
2.60185 1.82408 120 450 2.96942e-06
2.6026 1.82408 120 450 2.91798e-06
2.60335 1.82408 120 450 2.85951e-06
2.6041 1.82408 120 450 2.7953e-06
2.60485 1.82408 120 450 2.72662e-06
2.6056 1.82408 120 450 2.65468e-06
2.60635 1.82408 120 450 2.58057e-06
2.6071 1.82408 120 450 2.50528e-06
2.60785 1.82408 120 450 2.42967e-06
2.6086 1.82408 120 450 2.35448e-06
2.60935 1.82408 120 450 2.28034e-06
2.6101 1.82408 120 450 2.20777e-06
2.61085 1.82408 120 450 2.13723e-06
2.6116 1.82408 120 450 2.06903e-06
2.61235 1.82408 120 450 2.00346e-06
2.6131 1.82408 120 450 1.94074e-06
2.61385 1.82408 120 450 1.88102e-06
2.6146 1.82408 120 450 1.8244e-06
2.61535 1.82408 120 450 1.77095e-06
2.6161 1.82408 120 450 1.72068e-06
2.61685 1.82408 120 450 1.6736e-06
2.6176 1.82408 120 450 1.62969e-06
2.61835 1.82408 120 450 1.58888e-06
2.6191 1.82408 120 450 1.55111e-06
2.61985 1.82408 120 450 1.51632e-06
2.6206 1.82408 120 450 1.48441e-06
2.62135 1.82408 120 450 1.4553e-06
2.6221 1.82408 120 450 1.4289e-06
2.62285 1.82408 120 450 1.40512e-06
2.6236 1.82408 120 450 1.38388e-06
2.62435 1.82408 120 450 1.36509e-06
2.6251 1.82408 120 450 1.34868e-06
2.62585 1.82408 120 450 1.33457e-06
2.6266 1.82408 120 450 1.3227e-06
2.62735 1.82408 120 450 1.31301e-06
2.6281 1.82408 120 450 1.30545e-06
2.62885 1.82408 120 450 1.29997e-06
2.6296 1.82408 120 450 1.29654e-06
2.63036 1.82408 120 450 1.29513e-06
2.63111 1.82408 120 450 1.29571e-06
2.63186 1.82408 120 450 1.29828e-06
2.63261 1.82408 120 450 1.30282e-06
2.63336 1.82408 120 450 1.30936e-06
2.63411 1.82408 120 450 1.31788e-06
2.63486 1.82408 120 450 1.32842e-06
2.63561 1.82408 120 450 1.34101e-06
2.63636 1.82408 120 450 1.35567e-06
2.63711 1.82408 120 450 1.37246e-06
2.63786 1.82408 120 450 1.39142e-06
2.63861 1.82408 120 450 1.41264e-06
2.63936 1.82408 120 450 1.43616e-06
2.64011 1.82408 120 450 1.46209e-06
2.64086 1.82408 120 450 1.49051e-06
2.64161 1.82408 120 450 1.52153e-06
2.64236 1.82408 120 450 1.55525e-06
2.64311 1.82408 120 450 1.5918e-06
2.64386 1.82408 120 450 1.63132e-06
2.64461 1.82408 120 450 1.67395e-06
2.64536 1.82408 120 450 1.71985e-06
2.64611 1.82408 120 450 1.76918e-06
2.64686 1.82408 120 450 1.82211e-06
2.64761 1.82408 120 450 1.87882e-06
2.64836 1.82408 120 450 1.93951e-06
2.64911 1.82408 120 450 2.00437e-06
2.64986 1.82408 120 450 2.0736e-06
2.65061 1.82408 120 450 2.14738e-06
2.65136 1.82408 120 450 2.22588e-06
2.65211 1.82408 120 450 2.30931e-06
2.65286 1.82408 120 450 2.39781e-06
2.65361 1.82408 120 450 2.49148e-06
2.65436 1.82408 120 450 2.59042e-06
2.65511 1.82408 120 450 2.69465e-06
2.65586 1.82408 120 450 2.8041e-06
2.65661 1.82408 120 450 2.91866e-06
2.65736 1.82408 120 450 3.03805e-06
2.65811 1.82408 120 450 3.16191e-06
2.65886 1.82408 120 450 3.28968e-06
2.65961 1.82408 120 450 3.42068e-06
2.66036 1.82408 120 450 3.55398e-06
2.66111 1.82408 120 450 3.68847e-06
2.66186 1.82408 120 450 3.82285e-06
2.66261 1.82408 120 450 3.9556e-06
2.66336 1.82408 120 450 4.08502e-06
2.66411 1.82408 120 450 4.20929e-06
2.66486 1.82408 120 450 4.32652e-06
2.66561 1.82408 120 450 4.43483e-06
2.66636 1.82408 120 450 4.53244e-06
2.66711 1.82408 120 450 4.61776e-06
2.66786 1.82408 120 450 4.68953e-06
2.66861 1.82408 120 450 4.74685e-06
2.66936 1.82408 120 450 4.78928e-06
2.67011 1.82408 120 450 4.81687e-06
2.67086 1.82408 120 450 4.83013e-06
2.67161 1.82408 120 450 4.83002e-06
2.67236 1.82408 120 450 4.81782e-06
2.67311 1.82408 120 450 4.79511e-06
2.67386 1.82408 120 450 4.7636e-06
2.67461 1.82408 120 450 4.72501e-06
2.67536 1.82408 120 450 4.681e-06
2.67611 1.82408 120 450 4.63312e-06
2.67686 1.82408 120 450 4.58251e-06
2.67761 1.82408 120 450 4.53018e-06
2.67836 1.82408 120 450 4.47676e-06
2.67911 1.82408 120 450 4.42258e-06
2.67986 1.82408 120 450 4.36765e-06
2.68061 1.82408 120 450 4.31174e-06
2.68136 1.82408 120 450 4.25439e-06
2.68211 1.82408 120 450 4.19499e-06
2.68286 1.82408 120 450 4.1329e-06
2.68361 1.82408 120 450 4.06745e-06
2.68436 1.82408 120 450 3.99809e-06
2.68511 1.82408 120 450 3.92439e-06
2.68586 1.82408 120 450 3.84615e-06
2.68661 1.82408 120 450 3.76337e-06
2.68736 1.82408 120 450 3.67631e-06
2.68811 1.82408 120 450 3.58543e-06
2.68886 1.82408 120 450 3.49134e-06
2.68961 1.82408 120 450 3.39481e-06
2.69037 1.82408 120 450 3.29665e-06
2.69112 1.82408 120 450 3.19762e-06
2.69187 1.82408 120 450 3.09852e-06
2.69262 1.82408 120 450 3e-06
2.69337 1.82408 120 450 2.90262e-06
2.69412 1.82408 120 450 2.80682e-06
2.69487 1.82408 120 450 2.71292e-06
2.69562 1.82408 120 450 2.62115e-06
2.69637 1.82408 120 450 2.53168e-06
2.69712 1.82408 120 450 2.4446e-06
2.69787 1.82408 120 450 2.35998e-06
2.69862 1.82408 120 450 2.27787e-06
2.69937 1.82408 120 450 2.1983e-06
2.70012 1.82408 120 450 2.12133e-06
2.70087 1.82408 120 450 2.04699e-06
2.70162 1.82408 120 450 1.97534e-06
2.70237 1.82408 120 450 1.9064e-06
2.70312 1.82408 120 450 1.84022e-06
2.70387 1.82408 120 450 1.77681e-06
2.70462 1.82408 120 450 1.71617e-06
2.70537 1.82408 120 450 1.65828e-06
2.70612 1.82408 120 450 1.60309e-06
2.70687 1.82408 120 450 1.55054e-06
2.70762 1.82408 120 450 1.50055e-06
2.70837 1.82408 120 450 1.45303e-06
2.70912 1.82408 120 450 1.40789e-06
2.70987 1.82408 120 450 1.36503e-06
2.71062 1.82408 120 450 1.32434e-06
2.71137 1.82408 120 450 1.28572e-06
2.71212 1.82408 120 450 1.24908e-06
2.71287 1.82408 120 450 1.21433e-06
2.71362 1.82408 120 450 1.18139e-06
2.71437 1.82408 120 450 1.15018e-06
2.71512 1.82408 120 450 1.12062e-06
2.71587 1.82408 120 450 1.09265e-06
2.71662 1.82408 120 450 1.0662e-06
2.71737 1.82408 120 450 1.04121e-06
2.71812 1.82408 120 450 1.01763e-06
2.71887 1.82408 120 450 9.95399e-07
2.71962 1.82408 120 450 9.74476e-07
2.72037 1.82408 120 450 9.54799e-07
2.72112 1.82408 120 450 9.36327e-07
2.72187 1.82408 120 450 9.1902e-07
2.72262 1.82408 120 450 9.02844e-07
2.72337 1.82408 120 450 8.87747e-07
2.72412 1.82408 120 450 8.73704e-07
2.72487 1.82408 120 450 8.60682e-07
2.72562 1.82408 120 450 8.48652e-07
2.72637 1.82408 120 450 8.37589e-07
2.72712 1.82408 120 450 8.27464e-07
2.72787 1.82408 120 450 8.18256e-07
2.72862 1.82408 120 450 8.09947e-07
2.72937 1.82408 120 450 8.02517e-07
2.73012 1.82408 120 450 7.9595e-07
2.73087 1.82408 120 450 7.90232e-07
2.73162 1.82408 120 450 7.85347e-07
2.73237 1.82408 120 450 7.81282e-07
2.73312 1.82408 120 450 7.78023e-07
2.73387 1.82408 120 450 7.75568e-07
2.73462 1.82408 120 450 7.73878e-07
2.73537 1.82408 120 450 7.72945e-07
2.73612 1.82408 120 450 7.72751e-07
2.73687 1.82408 120 450 7.73268e-07
2.73762 1.82408 120 450 7.74465e-07
2.73837 1.82408 120 450 7.76305e-07
2.73912 1.82408 120 450 7.7874e-07
2.73987 1.82408 120 450 7.81711e-07
2.74062 1.82408 120 450 7.85149e-07
2.74137 1.82408 120 450 7.8897e-07
2.74212 1.82408 120 450 7.93081e-07
2.74287 1.82408 120 450 7.97354e-07
2.74362 1.82408 120 450 8.01673e-07
2.74437 1.82408 120 450 8.05871e-07
2.74512 1.82408 120 450 8.09804e-07
2.74587 1.82408 120 450 8.13297e-07
2.74662 1.82408 120 450 8.16173e-07
2.74737 1.82408 120 450 8.1826e-07
2.74812 1.82408 120 450 8.19393e-07
2.74887 1.82408 120 450 8.18884e-07
2.74962 1.82408 120 450 8.17652e-07
2.75038 1.82408 120 450 8.15136e-07
2.75113 1.82408 120 450 8.11318e-07
2.75188 1.82408 120 450 8.06236e-07
2.75263 1.82408 120 450 8.00007e-07
2.75338 1.82408 120 450 7.92774e-07
2.75413 1.82408 120 450 7.84778e-07
2.75488 1.82408 120 450 7.763e-07
2.75563 1.82408 120 450 7.67658e-07
2.75638 1.82408 120 450 7.59192e-07
2.75713 1.82408 120 450 7.51245e-07
2.75788 1.82408 120 450 7.44139e-07
2.75863 1.82408 120 450 7.38156e-07
2.75938 1.82408 120 450 7.33517e-07
2.76013 1.82408 120 450 7.30371e-07
2.76088 1.82408 120 450 7.28781e-07
2.76163 1.82408 120 450 7.28728e-07
2.76238 1.82408 120 450 7.3011e-07
2.76313 1.82408 120 450 7.32759e-07
2.76388 1.82408 120 450 7.36457e-07
2.76463 1.82408 120 450 7.40961e-07
2.76538 1.82408 120 450 7.46019e-07
2.76613 1.82408 120 450 7.5136e-07
2.76688 1.82408 120 450 7.56859e-07
2.76763 1.82408 120 450 7.62318e-07
2.76838 1.82408 120 450 7.67628e-07
2.76913 1.82408 120 450 7.72734e-07
2.76988 1.82408 120 450 7.77628e-07
2.77063 1.82408 120 450 7.82346e-07
2.77138 1.82408 120 450 7.87113e-07
2.77213 1.82408 120 450 7.91725e-07
2.77288 1.82408 120 450 7.96459e-07
2.77363 1.82408 120 450 8.01455e-07
2.77438 1.82408 120 450 8.06859e-07
2.77513 1.82408 120 450 8.12828e-07
2.77588 1.82408 120 450 8.19512e-07
2.77663 1.82408 120 450 8.27087e-07
2.77738 1.82408 120 450 8.35709e-07
2.77813 1.82408 120 450 8.45542e-07
2.77888 1.82408 120 450 8.56751e-07
2.77963 1.82408 120 450 8.69497e-07
2.78038 1.82408 120 450 8.83942e-07
2.78113 1.82408 120 450 9.00239e-07
2.78188 1.82408 120 450 9.18534e-07
2.78263 1.82408 120 450 9.38954e-07
2.78338 1.82408 120 450 9.61621e-07
2.78413 1.82408 120 450 9.86622e-07
2.78488 1.82408 120 450 1.01402e-06
2.78563 1.82408 120 450 1.04385e-06
2.78638 1.82408 120 450 1.07613e-06
2.78713 1.82408 120 450 1.11081e-06
2.78788 1.82408 120 450 1.14785e-06
2.78863 1.82408 120 450 1.18717e-06
2.78938 1.82408 120 450 1.22866e-06
2.79013 1.82408 120 450 1.2722e-06
2.79088 1.82408 120 450 1.31764e-06
2.79163 1.82408 120 450 1.3648e-06
2.79238 1.82408 120 450 1.4135e-06
2.79313 1.82408 120 450 1.46349e-06
2.79388 1.82408 120 450 1.51452e-06
2.79463 1.82408 120 450 1.56626e-06
2.79538 1.82408 120 450 1.61833e-06
2.79613 1.82408 120 450 1.67029e-06
2.79688 1.82408 120 450 1.72162e-06
2.79763 1.82408 120 450 1.77173e-06
2.79838 1.82408 120 450 1.81998e-06
2.79913 1.82408 120 450 1.86564e-06
2.79988 1.82408 120 450 1.90797e-06
2.80063 1.82408 120 450 1.94621e-06
2.80138 1.82408 120 450 1.97961e-06
2.80213 1.82408 120 450 2.00748e-06
2.80288 1.82408 120 450 2.02921e-06
2.80363 1.82408 120 450 2.04433e-06
2.80438 1.82408 120 450 2.0525e-06
2.80513 1.82408 120 450 2.05357e-06
2.80588 1.82408 120 450 2.04759e-06
2.80663 1.82408 120 450 2.03477e-06
2.80738 1.82408 120 450 2.0155e-06
2.80813 1.82408 120 450 1.99032e-06
2.80888 1.82408 120 450 1.95986e-06
2.80963 1.82408 120 450 1.92484e-06
2.81039 1.82408 120 450 1.88604e-06
2.81114 1.82408 120 450 1.84421e-06
2.81189 1.82408 120 450 1.80008e-06
2.81264 1.82408 120 450 1.75435e-06
2.81339 1.82408 120 450 1.70762e-06
2.81414 1.82408 120 450 1.66042e-06
2.81489 1.82408 120 450 1.61323e-06
2.81564 1.82408 120 450 1.56639e-06
2.81639 1.82408 120 450 1.52022e-06
2.81714 1.82408 120 450 1.47493e-06
2.81789 1.82408 120 450 1.43069e-06
2.81864 1.82408 120 450 1.38763e-06
2.81939 1.82408 120 450 1.34581e-06
2.82014 1.82408 120 450 1.3053e-06
2.82089 1.82408 120 450 1.26613e-06
2.82164 1.82408 120 450 1.2283e-06
2.82239 1.82408 120 450 1.19185e-06
2.82314 1.82408 120 450 1.15675e-06
2.82389 1.82408 120 450 1.12303e-06
2.82464 1.82408 120 450 1.09066e-06
2.82539 1.82408 120 450 1.05966e-06
2.82614 1.82408 120 450 1.03001e-06
2.82689 1.82408 120 450 1.0017e-06
2.82764 1.82408 120 450 9.74722e-07
2.82839 1.82408 120 450 9.49056e-07
2.82914 1.82408 120 450 9.24682e-07
2.82989 1.82408 120 450 9.01576e-07
2.83064 1.82408 120 450 8.79713e-07
2.83139 1.82408 120 450 8.59061e-07
2.83214 1.82408 120 450 8.39588e-07
2.83289 1.82408 120 450 8.21262e-07
2.83364 1.82408 120 450 8.04048e-07
2.83439 1.82408 120 450 7.87912e-07
2.83514 1.82408 120 450 7.72821e-07
2.83589 1.82408 120 450 7.58745e-07
2.83664 1.82408 120 450 7.45655e-07
2.83739 1.82408 120 450 7.33524e-07
2.83814 1.82408 120 450 7.2233e-07
2.83889 1.82408 120 450 7.12056e-07
2.83964 1.82408 120 450 7.02685e-07
2.84039 1.82408 120 450 6.94209e-07
2.84114 1.82408 120 450 6.8662e-07
2.84189 1.82408 120 450 6.79913e-07
2.84264 1.82408 120 450 6.74097e-07
2.84339 1.82408 120 450 6.69159e-07
2.84414 1.82408 120 450 6.65103e-07
2.84489 1.82408 120 450 6.61927e-07
2.84564 1.82408 120 450 6.5962e-07
2.84639 1.82408 120 450 6.58168e-07
2.84714 1.82408 120 450 6.57545e-07
2.84789 1.82408 120 450 6.57716e-07
2.84864 1.82408 120 450 6.58633e-07
2.84939 1.82408 120 450 6.6024e-07
2.85014 1.82408 120 450 6.62456e-07
2.85089 1.82408 120 450 6.65232e-07
2.85164 1.82408 120 450 6.6848e-07
2.85239 1.82408 120 450 6.72124e-07
2.85314 1.82408 120 450 6.76094e-07
2.85389 1.82408 120 450 6.80326e-07
2.85464 1.82408 120 450 6.8477e-07
2.85539 1.82408 120 450 6.89384e-07
2.85614 1.82408 120 450 6.94154e-07
2.85689 1.82408 120 450 6.99063e-07
2.85764 1.82408 120 450 7.04112e-07
2.85839 1.82408 120 450 7.09308e-07
2.85914 1.82408 120 450 7.1467e-07
2.85989 1.82408 120 450 7.20218e-07
2.86064 1.82408 120 450 7.25976e-07
2.86139 1.82408 120 450 7.31968e-07
2.86214 1.82408 120 450 7.38219e-07
2.86289 1.82408 120 450 7.44753e-07
2.86364 1.82408 120 450 7.51591e-07
2.86439 1.82408 120 450 7.58757e-07
2.86514 1.82408 120 450 7.66273e-07
2.86589 1.82408 120 450 7.74161e-07
2.86664 1.82408 120 450 7.82444e-07
2.86739 1.82408 120 450 7.91154e-07
2.86814 1.82408 120 450 8.00315e-07
2.86889 1.82408 120 450 8.09966e-07
2.86964 1.82408 120 450 8.20144e-07
2.8704 1.82408 120 450 8.30896e-07
2.87115 1.82408 120 450 8.42268e-07
2.8719 1.82408 120 450 8.54313e-07
2.87265 1.82408 120 450 8.67089e-07
2.8734 1.82408 120 450 8.80653e-07
2.87415 1.82408 120 450 8.95068e-07
2.8749 1.82408 120 450 9.10399e-07
2.87565 1.82408 120 450 9.26712e-07
2.8764 1.82408 120 450 9.44075e-07
2.87715 1.82408 120 450 9.62558e-07
2.8779 1.82408 120 450 9.82235e-07
2.87865 1.82408 120 450 1.00318e-06
2.8794 1.82408 120 450 1.02547e-06
2.88015 1.82408 120 450 1.04919e-06
2.8809 1.82408 120 450 1.07441e-06
2.88165 1.82408 120 450 1.10125e-06
2.8824 1.82408 120 450 1.12977e-06
2.88315 1.82408 120 450 1.1601e-06
2.8839 1.82408 120 450 1.19233e-06
2.88465 1.82408 120 450 1.22658e-06
2.8854 1.82408 120 450 1.26297e-06
2.88615 1.82408 120 450 1.30163e-06
2.8869 1.82408 120 450 1.34268e-06
2.88765 1.82408 120 450 1.38628e-06
2.8884 1.82408 120 450 1.43257e-06
2.88915 1.82408 120 450 1.48169e-06
2.8899 1.82408 120 450 1.53378e-06
2.89065 1.82408 120 450 1.58898e-06
2.8914 1.82408 120 450 1.64743e-06
2.89215 1.82408 120 450 1.70922e-06
2.8929 1.82408 120 450 1.77442e-06
2.89365 1.82408 120 450 1.84311e-06
2.8944 1.82408 120 450 1.91526e-06
2.89515 1.82408 120 450 1.99079e-06
2.8959 1.82408 120 450 2.06956e-06
2.89665 1.82408 120 450 2.15132e-06
2.8974 1.82408 120 450 2.23574e-06
2.89815 1.82408 120 450 2.32238e-06
2.8989 1.82408 120 450 2.41072e-06
2.89965 1.82408 120 450 2.50011e-06
2.9004 1.82408 120 450 2.58983e-06
2.90115 1.82408 120 450 2.67912e-06
2.9019 1.82408 120 450 2.76715e-06
2.90265 1.82408 120 450 2.85309e-06
2.9034 1.82408 120 450 2.93611e-06
2.90415 1.82408 120 450 3.01543e-06
2.9049 1.82408 120 450 3.09034e-06
2.90565 1.82408 120 450 3.16019e-06
2.9064 1.82408 120 450 3.22443e-06
2.90715 1.82408 120 450 3.28258e-06
2.9079 1.82408 120 450 3.33429e-06
2.90865 1.82408 120 450 3.37923e-06
2.9094 1.82408 120 450 3.41718e-06
2.91015 1.82408 120 450 3.44799e-06
2.9109 1.82408 120 450 3.47155e-06
2.91165 1.82408 120 450 3.48778e-06
2.9124 1.82408 120 450 3.49672e-06
2.91315 1.82408 120 450 3.49842e-06
2.9139 1.82408 120 450 3.49304e-06
2.91465 1.82408 120 450 3.48082e-06
2.9154 1.82408 120 450 3.46208e-06
2.91615 1.82408 120 450 3.43727e-06
2.9169 1.82408 120 450 3.40689e-06
2.91765 1.82408 120 450 3.37153e-06
2.9184 1.82408 120 450 3.33187e-06
2.91915 1.82408 120 450 3.2886e-06
2.9199 1.82408 120 450 3.24241e-06
2.92065 1.82408 120 450 3.19399e-06
2.9214 1.82408 120 450 3.14402e-06
2.92215 1.82408 120 450 3.09312e-06
2.9229 1.82408 120 450 3.04183e-06
2.92365 1.82408 120 450 2.99062e-06
2.9244 1.82408 120 450 2.9399e-06
2.92515 1.82408 120 450 2.89e-06
2.9259 1.82408 120 450 2.8412e-06
2.92665 1.82408 120 450 2.79373e-06
2.9274 1.82408 120 450 2.74775e-06
2.92815 1.82408 120 450 2.70345e-06
2.9289 1.82408 120 450 2.66093e-06
2.92965 1.82408 120 450 2.62033e-06
2.93041 1.82408 120 450 2.58172e-06
2.93116 1.82408 120 450 2.5452e-06
2.93191 1.82408 120 450 2.51083e-06
2.93266 1.82408 120 450 2.47861e-06
2.93341 1.82408 120 450 2.44854e-06
2.93416 1.82408 120 450 2.42054e-06
2.93491 1.82408 120 450 2.39449e-06
2.93566 1.82408 120 450 2.37019e-06
2.93641 1.82408 120 450 2.3474e-06
2.93716 1.82408 120 450 2.32578e-06
2.93791 1.82408 120 450 2.30497e-06
2.93866 1.82408 120 450 2.28454e-06
2.93941 1.82408 120 450 2.26401e-06
2.94016 1.82408 120 450 2.24291e-06
2.94091 1.82408 120 450 2.22075e-06
2.94166 1.82408 120 450 2.19707e-06
2.94241 1.82408 120 450 2.17148e-06
2.94316 1.82408 120 450 2.14361e-06
2.94391 1.82408 120 450 2.11319e-06
2.94466 1.82408 120 450 2.08007e-06
2.94541 1.82408 120 450 2.04419e-06
2.94616 1.82408 120 450 2.00561e-06
2.94691 1.82408 120 450 1.96447e-06
2.94766 1.82408 120 450 1.92102e-06
2.94841 1.82408 120 450 1.87555e-06
2.94916 1.82408 120 450 1.82841e-06
2.94991 1.82408 120 450 1.78e-06
2.95066 1.82408 120 450 1.73072e-06
2.95141 1.82408 120 450 1.681e-06
2.95216 1.82408 120 450 1.63117e-06
2.95291 1.82408 120 450 1.58162e-06
2.95366 1.82408 120 450 1.53263e-06
2.95441 1.82408 120 450 1.4845e-06
2.95516 1.82408 120 450 1.43745e-06
2.95591 1.82408 120 450 1.39168e-06
2.95666 1.82408 120 450 1.34732e-06
2.95741 1.82408 120 450 1.3045e-06
2.95816 1.82408 120 450 1.26329e-06
2.95891 1.82408 120 450 1.22373e-06
2.95966 1.82408 120 450 1.18587e-06
2.96041 1.82408 120 450 1.14969e-06
2.96116 1.82408 120 450 1.11519e-06
2.96191 1.82408 120 450 1.08235e-06
2.96266 1.82408 120 450 1.05112e-06
2.96341 1.82408 120 450 1.02146e-06
2.96416 1.82408 120 450 9.93328e-07
2.96491 1.82408 120 450 9.66665e-07
2.96566 1.82408 120 450 9.41415e-07
2.96641 1.82408 120 450 9.17525e-07
2.96716 1.82408 120 450 8.9493e-07
2.96791 1.82408 120 450 8.73577e-07
2.96866 1.82408 120 450 8.5341e-07
2.96941 1.82408 120 450 8.34386e-07
2.97016 1.82408 120 450 8.16441e-07
2.97091 1.82408 120 450 7.99516e-07
2.97166 1.82408 120 450 7.83572e-07
2.97241 1.82408 120 450 7.68564e-07
2.97316 1.82408 120 450 7.5445e-07
2.97391 1.82408 120 450 7.41189e-07
2.97466 1.82408 120 450 7.28744e-07
2.97541 1.82408 120 450 7.17078e-07
2.97616 1.82408 120 450 7.0616e-07
2.97691 1.82408 120 450 6.95959e-07
2.97766 1.82408 120 450 6.86447e-07
2.97841 1.82408 120 450 6.77625e-07
2.97916 1.82408 120 450 6.69393e-07
2.97991 1.82408 120 450 6.61776e-07
2.98066 1.82408 120 450 6.5477e-07
2.98141 1.82408 120 450 6.48353e-07
2.98216 1.82408 120 450 6.42516e-07
2.98291 1.82408 120 450 6.3725e-07
2.98366 1.82408 120 450 6.32552e-07
2.98441 1.82408 120 450 6.28422e-07
2.98516 1.82408 120 450 6.24865e-07
2.98591 1.82408 120 450 6.21892e-07
2.98666 1.82408 120 450 6.19519e-07
2.98741 1.82408 120 450 6.17767e-07
2.98816 1.82408 120 450 6.16668e-07
2.98891 1.82408 120 450 6.16275e-07
2.98966 1.82408 120 450 6.16601e-07
2.99042 1.82408 120 450 6.1772e-07
2.99117 1.82408 120 450 6.19697e-07
2.99192 1.82408 120 450 6.22608e-07
2.99267 1.82408 120 450 6.26539e-07
2.99342 1.82408 120 450 6.31584e-07
2.99417 1.82408 120 450 6.37846e-07
2.99492 1.82408 120 450 6.45432e-07
2.99567 1.82408 120 450 6.54461e-07
2.99642 1.82408 120 450 6.65044e-07
2.99717 1.82408 120 450 6.77287e-07
2.99792 1.82408 120 450 6.9126e-07
2.99867 1.82408 120 450 7.07111e-07
2.99942 1.82408 120 450 7.2488e-07
3.00017 1.82408 120 450 7.44613e-07
3.00092 1.82408 120 450 7.66331e-07
3.00167 1.82408 120 450 7.90032e-07
3.00242 1.82408 120 450 8.15686e-07
3.00317 1.82408 120 450 8.43239e-07
3.00392 1.82408 120 450 8.72614e-07
3.00467 1.82408 120 450 9.03718e-07
3.00542 1.82408 120 450 9.3644e-07
3.00617 1.82408 120 450 9.70649e-07
3.00692 1.82408 120 450 1.00621e-06
3.00767 1.82408 120 450 1.04298e-06
3.00842 1.82408 120 450 1.08076e-06
3.00917 1.82408 120 450 1.11938e-06
3.00992 1.82408 120 450 1.15859e-06
3.01067 1.82408 120 450 1.19814e-06
3.01142 1.82408 120 450 1.23774e-06
3.01217 1.82408 120 450 1.27706e-06
3.01292 1.82408 120 450 1.3157e-06
3.01367 1.82408 120 450 1.35327e-06
3.01442 1.82408 120 450 1.38933e-06
3.01517 1.82408 120 450 1.42339e-06
3.01592 1.82408 120 450 1.45497e-06
3.01667 1.82408 120 450 1.48361e-06
3.01742 1.82408 120 450 1.50884e-06
3.01817 1.82408 120 450 1.53023e-06
3.01892 1.82408 120 450 1.54738e-06
3.01967 1.82408 120 450 1.56e-06
3.02042 1.82408 120 450 1.56785e-06
3.02117 1.82408 120 450 1.57081e-06
3.02192 1.82408 120 450 1.56885e-06
3.02267 1.82408 120 450 1.56205e-06
3.02342 1.82408 120 450 1.5506e-06
3.02417 1.82408 120 450 1.53477e-06
3.02492 1.82408 120 450 1.51492e-06
3.02567 1.82408 120 450 1.49148e-06
3.02642 1.82408 120 450 1.4649e-06
3.02717 1.82408 120 450 1.43569e-06
3.02792 1.82408 120 450 1.40435e-06
3.02867 1.82408 120 450 1.37135e-06
3.02942 1.82408 120 450 1.33717e-06
3.03017 1.82408 120 450 1.30225e-06
3.03092 1.82408 120 450 1.26698e-06
3.03167 1.82408 120 450 1.23172e-06
3.03242 1.82408 120 450 1.19678e-06
3.03317 1.82408 120 450 1.16242e-06
3.03392 1.82408 120 450 1.12887e-06
3.03467 1.82408 120 450 1.09632e-06
3.03542 1.82408 120 450 1.06493e-06
3.03617 1.82408 120 450 1.03482e-06
3.03692 1.82408 120 450 1.0061e-06
3.03767 1.82408 120 450 9.78823e-07
3.03842 1.82408 120 450 9.53051e-07
3.03917 1.82408 120 450 9.28808e-07
3.03992 1.82408 120 450 9.06102e-07
3.04067 1.82408 120 450 8.84918e-07
3.04142 1.82408 120 450 8.65223e-07
3.04217 1.82408 120 450 8.46962e-07
3.04292 1.82408 120 450 8.30065e-07
3.04367 1.82408 120 450 8.14437e-07
3.04442 1.82408 120 450 7.99982e-07
3.04517 1.82408 120 450 7.86582e-07
3.04592 1.82408 120 450 7.74116e-07
3.04667 1.82408 120 450 7.62459e-07
3.04742 1.82408 120 450 7.51489e-07
3.04817 1.82408 120 450 7.41092e-07
3.04892 1.82408 120 450 7.31164e-07
3.04967 1.82408 120 450 7.21615e-07
3.05043 1.82408 120 450 7.12372e-07
3.05118 1.82408 120 450 7.03379e-07
3.05193 1.82408 120 450 6.94597e-07
3.05268 1.82408 120 450 6.86005e-07
3.05343 1.82408 120 450 6.77595e-07
3.05418 1.82408 120 450 6.69374e-07
3.05493 1.82408 120 450 6.61358e-07
3.05568 1.82408 120 450 6.5357e-07
3.05643 1.82408 120 450 6.46041e-07
3.05718 1.82408 120 450 6.38803e-07
3.05793 1.82408 120 450 6.3189e-07
3.05868 1.82408 120 450 6.25335e-07
3.05943 1.82408 120 450 6.19172e-07
3.06018 1.82408 120 450 6.1343e-07
3.06093 1.82408 120 450 6.08137e-07
3.06168 1.82408 120 450 6.03317e-07
3.06243 1.82408 120 450 5.98991e-07
3.06318 1.82408 120 450 5.95177e-07
3.06393 1.82408 120 450 5.91889e-07
3.06468 1.82408 120 450 5.89139e-07
3.06543 1.82408 120 450 5.86935e-07
3.06618 1.82408 120 450 5.85281e-07
3.06693 1.82408 120 450 5.8418e-07
3.06768 1.82408 120 450 5.83634e-07
3.06843 1.82408 120 450 5.83639e-07
3.06918 1.82408 120 450 5.84186e-07
3.06993 1.82408 120 450 5.85265e-07
3.07068 1.82408 120 450 5.86861e-07
3.07143 1.82408 120 450 5.88953e-07
3.07218 1.82408 120 450 5.91521e-07
3.07293 1.82408 120 450 5.94534e-07
3.07368 1.82408 120 450 5.97956e-07
3.07443 1.82408 120 450 6.01745e-07
3.07518 1.82408 120 450 6.05852e-07
3.07593 1.82408 120 450 6.10221e-07
3.07668 1.82408 120 450 6.14788e-07
3.07743 1.82408 120 450 6.19482e-07
3.07818 1.82408 120 450 6.24223e-07
3.07893 1.82408 120 450 6.28911e-07
3.07968 1.82408 120 450 6.33494e-07
3.08043 1.82408 120 450 6.37859e-07
3.08118 1.82408 120 450 6.41911e-07
3.08193 1.82408 120 450 6.45557e-07
3.08268 1.82408 120 450 6.48711e-07
3.08343 1.82408 120 450 6.5129e-07
3.08418 1.82408 120 450 6.53226e-07
3.08493 1.82408 120 450 6.54466e-07
3.08568 1.82408 120 450 6.54977e-07
3.08643 1.82408 120 450 6.54727e-07
3.08718 1.82408 120 450 6.5372e-07
3.08793 1.82408 120 450 6.51979e-07
3.08868 1.82408 120 450 6.4954e-07
3.08943 1.82408 120 450 6.46455e-07
3.09018 1.82408 120 450 6.42794e-07
3.09093 1.82408 120 450 6.38634e-07
3.09168 1.82408 120 450 6.34063e-07
3.09243 1.82408 120 450 6.29172e-07
3.09318 1.82408 120 450 6.24055e-07
3.09393 1.82408 120 450 6.18804e-07
3.09468 1.82408 120 450 6.13511e-07
3.09543 1.82408 120 450 6.08262e-07
3.09618 1.82408 120 450 6.0314e-07
3.09693 1.82408 120 450 5.98222e-07
3.09768 1.82408 120 450 5.93581e-07
3.09843 1.82408 120 450 5.89291e-07
3.09918 1.82408 120 450 5.85408e-07
3.09993 1.82408 120 450 5.82002e-07
3.10068 1.82408 120 450 5.79134e-07
3.10143 1.82408 120 450 5.7687e-07
3.10218 1.82408 120 450 5.75274e-07
3.10293 1.82408 120 450 5.74413e-07
3.10368 1.82408 120 450 5.74357e-07
3.10443 1.82408 120 450 5.75179e-07
3.10518 1.82408 120 450 5.76954e-07
3.10593 1.82408 120 450 5.79758e-07
3.10668 1.82408 120 450 5.83667e-07
3.10743 1.82408 120 450 5.88755e-07
3.10818 1.82408 120 450 5.95089e-07
3.10893 1.82408 120 450 6.02727e-07
3.10968 1.82408 120 450 6.11718e-07
3.11044 1.82408 120 450 6.2209e-07
3.11119 1.82408 120 450 6.33857e-07
3.11194 1.82408 120 450 6.47011e-07
3.11269 1.82408 120 450 6.61503e-07
3.11344 1.82408 120 450 6.77315e-07
3.11419 1.82408 120 450 6.94367e-07
3.11494 1.82408 120 450 7.12583e-07
3.11569 1.82408 120 450 7.31867e-07
3.11644 1.82408 120 450 7.52126e-07
3.11719 1.82408 120 450 7.73269e-07
3.11794 1.82408 120 450 7.95217e-07
3.11869 1.82408 120 450 8.17898e-07
3.11944 1.82408 120 450 8.41262e-07
3.12019 1.82408 120 450 8.65283e-07
3.12094 1.82408 120 450 8.89938e-07
3.12169 1.82408 120 450 9.15266e-07
3.12244 1.82408 120 450 9.41286e-07
3.12319 1.82408 120 450 9.6805e-07
3.12394 1.82408 120 450 9.95624e-07
3.12469 1.82408 120 450 1.02409e-06
3.12544 1.82408 120 450 1.05353e-06
3.12619 1.82408 120 450 1.08405e-06
3.12694 1.82408 120 450 1.11574e-06
3.12769 1.82408 120 450 1.14872e-06
3.12844 1.82408 120 450 1.18306e-06
3.12919 1.82408 120 450 1.21888e-06
3.12994 1.82408 120 450 1.25626e-06
3.13069 1.82408 120 450 1.29527e-06
3.13144 1.82408 120 450 1.33598e-06
3.13219 1.82408 120 450 1.37843e-06
3.13294 1.82408 120 450 1.42265e-06
3.13369 1.82408 120 450 1.46863e-06
3.13444 1.82408 120 450 1.51634e-06
3.13519 1.82408 120 450 1.56571e-06
3.13594 1.82408 120 450 1.61663e-06
3.13669 1.82408 120 450 1.66895e-06
3.13744 1.82408 120 450 1.72245e-06
3.13819 1.82408 120 450 1.77688e-06
3.13894 1.82408 120 450 1.83191e-06
3.13969 1.82408 120 450 1.88715e-06
3.14044 1.82408 120 450 1.94216e-06
3.14119 1.82408 120 450 1.99642e-06
3.14194 1.82408 120 450 2.04936e-06
3.14269 1.82408 120 450 2.10035e-06
3.14344 1.82408 120 450 2.14873e-06
3.14419 1.82408 120 450 2.19382e-06
3.14494 1.82408 120 450 2.23492e-06
3.14569 1.82408 120 450 2.27136e-06
3.14644 1.82408 120 450 2.3025e-06
3.14719 1.82408 120 450 2.32781e-06
3.14794 1.82408 120 450 2.34679e-06
3.14869 1.82408 120 450 2.35909e-06
3.14944 1.82408 120 450 2.36452e-06
3.15019 1.82408 120 450 2.363e-06
3.15094 1.82408 120 450 2.35461e-06
3.15169 1.82408 120 450 2.33959e-06
3.15244 1.82408 120 450 2.3183e-06
3.15319 1.82408 120 450 2.29122e-06
3.15394 1.82408 120 450 2.25894e-06
3.15469 1.82408 120 450 2.22208e-06
3.15544 1.82408 120 450 2.18136e-06
3.15619 1.82408 120 450 2.13747e-06
3.15694 1.82408 120 450 2.09113e-06
3.15769 1.82408 120 450 2.043e-06
3.15844 1.82408 120 450 1.99374e-06
3.15919 1.82408 120 450 1.94393e-06
3.15994 1.82408 120 450 1.89411e-06
3.16069 1.82408 120 450 1.84473e-06
3.16144 1.82408 120 450 1.79622e-06
3.16219 1.82408 120 450 1.7489e-06
3.16294 1.82408 120 450 1.70308e-06
3.16369 1.82408 120 450 1.65898e-06
3.16444 1.82408 120 450 1.6168e-06
3.16519 1.82408 120 450 1.57667e-06
3.16594 1.82408 120 450 1.53871e-06
3.16669 1.82408 120 450 1.50301e-06
3.16744 1.82408 120 450 1.46962e-06
3.16819 1.82408 120 450 1.43858e-06
3.16894 1.82408 120 450 1.4099e-06
3.16969 1.82408 120 450 1.3836e-06
3.17045 1.82408 120 450 1.35969e-06
3.1712 1.82408 120 450 1.33816e-06
3.17195 1.82408 120 450 1.31901e-06
3.1727 1.82408 120 450 1.30224e-06
3.17345 1.82408 120 450 1.28782e-06
3.1742 1.82408 120 450 1.27577e-06
3.17495 1.82408 120 450 1.26606e-06
3.1757 1.82408 120 450 1.25869e-06
3.17645 1.82408 120 450 1.25364e-06
3.1772 1.82408 120 450 1.2509e-06
3.17795 1.82408 120 450 1.25045e-06
3.1787 1.82408 120 450 1.25227e-06
3.17945 1.82408 120 450 1.25631e-06
3.1802 1.82408 120 450 1.26253e-06
3.18095 1.82408 120 450 1.27087e-06
3.1817 1.82408 120 450 1.28125e-06
3.18245 1.82408 120 450 1.2936e-06
3.1832 1.82408 120 450 1.30781e-06
3.18395 1.82408 120 450 1.32375e-06
3.1847 1.82408 120 450 1.34129e-06
3.18545 1.82408 120 450 1.36027e-06
3.1862 1.82408 120 450 1.38051e-06
3.18695 1.82408 120 450 1.40181e-06
3.1877 1.82408 120 450 1.42393e-06
3.18845 1.82408 120 450 1.44662e-06
3.1892 1.82408 120 450 1.46961e-06
3.18995 1.82408 120 450 1.49259e-06
3.1907 1.82408 120 450 1.51521e-06
3.19145 1.82408 120 450 1.53714e-06
3.1922 1.82408 120 450 1.55798e-06
3.19295 1.82408 120 450 1.57737e-06
3.1937 1.82408 120 450 1.59491e-06
3.19445 1.82408 120 450 1.61022e-06
3.1952 1.82408 120 450 1.62296e-06
3.19595 1.82408 120 450 1.6328e-06
3.1967 1.82408 120 450 1.63947e-06
3.19745 1.82408 120 450 1.64275e-06
3.1982 1.82408 120 450 1.64252e-06
3.19895 1.82408 120 450 1.63869e-06
3.1997 1.82408 120 450 1.6313e-06
3.20045 1.82408 120 450 1.62044e-06
3.2012 1.82408 120 450 1.60628e-06
3.20195 1.82408 120 450 1.58906e-06
3.2027 1.82408 120 450 1.56908e-06
3.20345 1.82408 120 450 1.54668e-06
3.2042 1.82408 120 450 1.52222e-06
3.20495 1.82408 120 450 1.49608e-06
3.2057 1.82408 120 450 1.46865e-06
3.20645 1.82408 120 450 1.44031e-06
3.2072 1.82408 120 450 1.41141e-06
3.20795 1.82408 120 450 1.38229e-06
3.2087 1.82408 120 450 1.35326e-06
3.20945 1.82408 120 450 1.32458e-06
3.2102 1.82408 120 450 1.29648e-06
3.21095 1.82408 120 450 1.26916e-06
3.2117 1.82408 120 450 1.2428e-06
3.21245 1.82408 120 450 1.21753e-06
3.2132 1.82408 120 450 1.19346e-06
3.21395 1.82408 120 450 1.17066e-06
3.2147 1.82408 120 450 1.14921e-06
3.21545 1.82408 120 450 1.12912e-06
3.2162 1.82408 120 450 1.11045e-06
3.21695 1.82408 120 450 1.09317e-06
3.2177 1.82408 120 450 1.0773e-06
3.21845 1.82408 120 450 1.06282e-06
3.2192 1.82408 120 450 1.04971e-06
3.21995 1.82408 120 450 1.03795e-06
3.2207 1.82408 120 450 1.02752e-06
3.22145 1.82408 120 450 1.01839e-06
3.2222 1.82408 120 450 1.01054e-06
3.22295 1.82408 120 450 1.00394e-06
3.2237 1.82408 120 450 9.9858e-07
3.22445 1.82408 120 450 9.94438e-07
3.2252 1.82408 120 450 9.91505e-07
3.22595 1.82408 120 450 9.89771e-07
3.2267 1.82408 120 450 9.89231e-07
3.22745 1.82408 120 450 9.89884e-07
3.2282 1.82408 120 450 9.91728e-07
3.22895 1.82408 120 450 9.94767e-07
3.2297 1.82408 120 450 9.98994e-07
3.23046 1.82408 120 450 1.00441e-06
3.23121 1.82408 120 450 1.01101e-06
3.23196 1.82408 120 450 1.01878e-06
3.23271 1.82408 120 450 1.0277e-06
3.23346 1.82408 120 450 1.03776e-06
3.23421 1.82408 120 450 1.0489e-06
3.23496 1.82408 120 450 1.06109e-06
3.23571 1.82408 120 450 1.07427e-06
3.23646 1.82408 120 450 1.08834e-06
3.23721 1.82408 120 450 1.10323e-06
3.23796 1.82408 120 450 1.11881e-06
3.23871 1.82408 120 450 1.13494e-06
3.23946 1.82408 120 450 1.15148e-06
3.24021 1.82408 120 450 1.16824e-06
3.24096 1.82408 120 450 1.18502e-06
3.24171 1.82408 120 450 1.2016e-06
3.24246 1.82408 120 450 1.21774e-06
3.24321 1.82408 120 450 1.2332e-06
3.24396 1.82408 120 450 1.24771e-06
3.24471 1.82408 120 450 1.26104e-06
3.24546 1.82408 120 450 1.27292e-06
3.24621 1.82408 120 450 1.28315e-06
3.24696 1.82408 120 450 1.29151e-06
3.24771 1.82408 120 450 1.29785e-06
3.24846 1.82408 120 450 1.30205e-06
3.24921 1.82408 120 450 1.3033e-06
3.24996 1.82408 120 450 1.3031e-06
3.25071 1.82408 120 450 1.3007e-06
3.25146 1.82408 120 450 1.29619e-06
3.25221 1.82408 120 450 1.28968e-06
3.25296 1.82408 120 450 1.28134e-06
3.25371 1.82408 120 450 1.27136e-06
3.25446 1.82408 120 450 1.25994e-06
3.25521 1.82408 120 450 1.24729e-06
3.25596 1.82408 120 450 1.23364e-06
3.25671 1.82408 120 450 1.21919e-06
3.25746 1.82408 120 450 1.20412e-06
3.25821 1.82408 120 450 1.18862e-06
3.25896 1.82408 120 450 1.17282e-06
3.25971 1.82408 120 450 1.15684e-06
3.26046 1.82408 120 450 1.14076e-06
3.26121 1.82408 120 450 1.12464e-06
3.26196 1.82408 120 450 1.10852e-06
3.26271 1.82408 120 450 1.09241e-06
3.26346 1.82408 120 450 1.0763e-06
3.26421 1.82408 120 450 1.06016e-06
3.26496 1.82408 120 450 1.04395e-06
3.26571 1.82408 120 450 1.02763e-06
3.26646 1.82408 120 450 1.01115e-06
3.26721 1.82408 120 450 9.9447e-07
3.26796 1.82408 120 450 9.77561e-07
3.26871 1.82408 120 450 9.60398e-07
3.26946 1.82408 120 450 9.4297e-07
3.27021 1.82408 120 450 9.25282e-07
3.27096 1.82408 120 450 9.07352e-07
3.27171 1.82408 120 450 8.89212e-07
3.27246 1.82408 120 450 8.70916e-07
3.27321 1.82408 120 450 8.525e-07
3.27396 1.82408 120 450 8.34032e-07
3.27471 1.82408 120 450 8.1558e-07
3.27546 1.82408 120 450 7.97208e-07
3.27621 1.82408 120 450 7.78982e-07
3.27696 1.82408 120 450 7.60965e-07
3.27771 1.82408 120 450 7.43215e-07
3.27846 1.82408 120 450 7.25777e-07
3.27921 1.82408 120 450 7.08696e-07
3.27996 1.82408 120 450 6.92007e-07
3.28071 1.82408 120 450 6.75737e-07
3.28146 1.82408 120 450 6.59904e-07
3.28221 1.82408 120 450 6.44522e-07
3.28296 1.82408 120 450 6.29596e-07
3.28371 1.82408 120 450 6.15127e-07
3.28446 1.82408 120 450 6.0111e-07
3.28521 1.82408 120 450 5.87537e-07
3.28596 1.82408 120 450 5.74399e-07
3.28671 1.82408 120 450 5.61683e-07
3.28746 1.82408 120 450 5.49377e-07
3.28821 1.82408 120 450 5.37468e-07
3.28896 1.82408 120 450 5.25944e-07
3.28971 1.82408 120 450 5.14796e-07
3.29047 1.82408 120 450 5.04016e-07
3.29122 1.82408 120 450 4.93598e-07
3.29197 1.82408 120 450 4.83539e-07
3.29272 1.82408 120 450 4.7384e-07
3.29347 1.82408 120 450 4.64502e-07
3.29422 1.82408 120 450 4.55531e-07
3.29497 1.82408 120 450 4.46933e-07
3.29572 1.82408 120 450 4.38715e-07
3.29647 1.82408 120 450 4.30883e-07
3.29722 1.82408 120 450 4.23443e-07
3.29797 1.82408 120 450 4.164e-07
3.29872 1.82408 120 450 4.0975e-07
3.29947 1.82408 120 450 4.03491e-07
3.30022 1.82408 120 450 3.97612e-07
3.30097 1.82408 120 450 3.921e-07
3.30172 1.82408 120 450 3.86932e-07
3.30247 1.82408 120 450 3.82085e-07
3.30322 1.82408 120 450 3.77527e-07
3.30397 1.82408 120 450 3.73224e-07
3.30472 1.82408 120 450 3.69142e-07
3.30547 1.82408 120 450 3.65242e-07
3.30622 1.82408 120 450 3.61489e-07
3.30697 1.82408 120 450 3.57848e-07
3.30772 1.82408 120 450 3.54289e-07
3.30847 1.82408 120 450 3.50782e-07
3.30922 1.82408 120 450 3.47307e-07
3.30997 1.82408 120 450 3.43843e-07
3.31072 1.82408 120 450 3.40379e-07
3.31147 1.82408 120 450 3.36904e-07
3.31222 1.82408 120 450 3.33416e-07
3.31297 1.82408 120 450 3.29913e-07
3.31372 1.82408 120 450 3.26385e-07
3.31447 1.82408 120 450 3.22866e-07
3.31522 1.82408 120 450 3.19351e-07
3.31597 1.82408 120 450 3.15852e-07
3.31672 1.82408 120 450 3.12382e-07
3.31747 1.82408 120 450 3.08957e-07
3.31822 1.82408 120 450 3.05597e-07
3.31897 1.82408 120 450 3.02323e-07
3.31972 1.82408 120 450 2.99157e-07
3.32047 1.82408 120 450 2.96138e-07
3.32122 1.82408 120 450 2.93273e-07
3.32197 1.82408 120 450 2.90605e-07
3.32272 1.82408 120 450 2.88173e-07
3.32347 1.82408 120 450 2.86014e-07
3.32422 1.82408 120 450 2.84171e-07
3.32497 1.82408 120 450 2.82689e-07
3.32572 1.82408 120 450 2.81616e-07
3.32647 1.82408 120 450 2.80997e-07
3.32722 1.82408 120 450 2.8088e-07
3.32797 1.82408 120 450 2.81308e-07
3.32872 1.82408 120 450 2.8232e-07
3.32947 1.82408 120 450 2.83948e-07
3.33022 1.82408 120 450 2.86213e-07
3.33097 1.82408 120 450 2.89129e-07
3.33172 1.82408 120 450 2.92693e-07
3.33247 1.82408 120 450 2.96889e-07
3.33322 1.82408 120 450 3.01688e-07
3.33397 1.82408 120 450 3.07045e-07
3.33472 1.82408 120 450 3.12902e-07
3.33547 1.82408 120 450 3.19192e-07
3.33622 1.82408 120 450 3.25838e-07
3.33697 1.82408 120 450 3.32762e-07
3.33772 1.82408 120 450 3.3988e-07
3.33847 1.82408 120 450 3.4712e-07
3.33922 1.82408 120 450 3.54407e-07
3.33997 1.82408 120 450 3.61681e-07
3.34072 1.82408 120 450 3.6889e-07
3.34147 1.82408 120 450 3.75996e-07
3.34222 1.82408 120 450 3.82974e-07
3.34297 1.82408 120 450 3.89811e-07
3.34372 1.82408 120 450 3.96505e-07
3.34447 1.82408 120 450 4.03067e-07
3.34522 1.82408 120 450 4.09514e-07
3.34597 1.82408 120 450 4.15874e-07
3.34672 1.82408 120 450 4.22177e-07
3.34747 1.82408 120 450 4.28465e-07
3.34822 1.82408 120 450 4.34776e-07
3.34897 1.82408 120 450 4.41155e-07
3.34972 1.82408 120 450 4.47648e-07
3.35048 1.82408 120 450 4.54298e-07
3.35123 1.82408 120 450 4.61157e-07
3.35198 1.82408 120 450 4.68279e-07
3.35273 1.82408 120 450 4.75708e-07
3.35348 1.82408 120 450 4.83494e-07
3.35423 1.82408 120 450 4.91686e-07
3.35498 1.82408 120 450 5.00333e-07
3.35573 1.82408 120 450 5.09485e-07
3.35648 1.82408 120 450 5.19185e-07
3.35723 1.82408 120 450 5.2949e-07
3.35798 1.82408 120 450 5.40437e-07
3.35873 1.82408 120 450 5.52075e-07
3.35948 1.82408 120 450 5.64444e-07
3.36023 1.82408 120 450 5.7758e-07
3.36098 1.82408 120 450 5.91517e-07
3.36173 1.82408 120 450 6.06283e-07
3.36248 1.82408 120 450 6.21903e-07
3.36323 1.82408 120 450 6.38399e-07
3.36398 1.82408 120 450 6.55787e-07
3.36473 1.82408 120 450 6.7408e-07
3.36548 1.82408 120 450 6.93289e-07
3.36623 1.82408 120 450 7.1342e-07
3.36698 1.82408 120 450 7.34486e-07
3.36773 1.82408 120 450 7.56489e-07
3.36848 1.82408 120 450 7.79444e-07
3.36923 1.82408 120 450 8.03355e-07
3.36998 1.82408 120 450 8.28231e-07
3.37073 1.82408 120 450 8.54081e-07
3.37148 1.82408 120 450 8.80912e-07
3.37223 1.82408 120 450 9.08729e-07
3.37298 1.82408 120 450 9.37533e-07
3.37373 1.82408 120 450 9.67319e-07
3.37448 1.82408 120 450 9.98073e-07
3.37523 1.82408 120 450 1.02977e-06
3.37598 1.82408 120 450 1.06237e-06
3.37673 1.82408 120 450 1.09582e-06
3.37748 1.82408 120 450 1.13004e-06
3.37823 1.82408 120 450 1.16493e-06
3.37898 1.82408 120 450 1.20037e-06
3.37973 1.82408 120 450 1.23621e-06
3.38048 1.82408 120 450 1.27227e-06
3.38123 1.82408 120 450 1.30834e-06
3.38198 1.82408 120 450 1.34416e-06
3.38273 1.82408 120 450 1.37947e-06
3.38348 1.82408 120 450 1.41398e-06
3.38423 1.82408 120 450 1.44734e-06
3.38498 1.82408 120 450 1.47922e-06
3.38573 1.82408 120 450 1.50927e-06
3.38648 1.82408 120 450 1.53712e-06
3.38723 1.82408 120 450 1.56243e-06
3.38798 1.82408 120 450 1.58486e-06
3.38873 1.82408 120 450 1.60413e-06
3.38948 1.82408 120 450 1.61996e-06
3.39023 1.82408 120 450 1.63217e-06
3.39098 1.82408 120 450 1.6406e-06
3.39173 1.82408 120 450 1.6452e-06
3.39248 1.82408 120 450 1.64595e-06
3.39323 1.82408 120 450 1.64295e-06
3.39398 1.82408 120 450 1.63633e-06
3.39473 1.82408 120 450 1.6263e-06
3.39548 1.82408 120 450 1.61313e-06
3.39623 1.82408 120 450 1.59713e-06
3.39698 1.82408 120 450 1.57864e-06
3.39773 1.82408 120 450 1.55804e-06
3.39848 1.82408 120 450 1.53569e-06
3.39923 1.82408 120 450 1.51198e-06
3.39998 1.82408 120 450 1.48728e-06
3.40073 1.82408 120 450 1.46192e-06
3.40148 1.82408 120 450 1.43624e-06
3.40223 1.82408 120 450 1.41054e-06
3.40298 1.82408 120 450 1.38507e-06
3.40373 1.82408 120 450 1.36009e-06
3.40448 1.82408 120 450 1.33578e-06
3.40523 1.82408 120 450 1.31231e-06
3.40598 1.82408 120 450 1.28984e-06
3.40673 1.82408 120 450 1.26846e-06
3.40748 1.82408 120 450 1.24826e-06
3.40823 1.82408 120 450 1.22929e-06
3.40898 1.82408 120 450 1.2116e-06
3.40973 1.82408 120 450 1.1952e-06
3.41049 1.82408 120 450 1.18007e-06
3.41124 1.82408 120 450 1.1662e-06
3.41199 1.82408 120 450 1.15354e-06
3.41274 1.82408 120 450 1.14204e-06
3.41349 1.82408 120 450 1.13165e-06
3.41424 1.82408 120 450 1.12228e-06
3.41499 1.82408 120 450 1.11386e-06
3.41574 1.82408 120 450 1.1063e-06
3.41649 1.82408 120 450 1.0995e-06
3.41724 1.82408 120 450 1.09337e-06
3.41799 1.82408 120 450 1.08781e-06
3.41874 1.82408 120 450 1.08275e-06
3.41949 1.82408 120 450 1.0781e-06
3.42024 1.82408 120 450 1.07379e-06
3.42099 1.82408 120 450 1.06975e-06
3.42174 1.82408 120 450 1.06595e-06
3.42249 1.82408 120 450 1.06234e-06
3.42324 1.82408 120 450 1.05892e-06
3.42399 1.82408 120 450 1.05568e-06
3.42474 1.82408 120 450 1.05265e-06
3.42549 1.82408 120 450 1.04985e-06
3.42624 1.82408 120 450 1.04733e-06
3.42699 1.82408 120 450 1.04515e-06
3.42774 1.82408 120 450 1.04337e-06
3.42849 1.82408 120 450 1.04206e-06
3.42924 1.82408 120 450 1.04131e-06
3.42999 1.82408 120 450 1.04119e-06
3.43074 1.82408 120 450 1.04178e-06
3.43149 1.82408 120 450 1.04316e-06
3.43224 1.82408 120 450 1.0454e-06
3.43299 1.82408 120 450 1.04856e-06
3.43374 1.82408 120 450 1.05272e-06
3.43449 1.82408 120 450 1.05793e-06
3.43524 1.82408 120 450 1.06424e-06
3.43599 1.82408 120 450 1.0717e-06
3.43674 1.82408 120 450 1.08033e-06
3.43749 1.82408 120 450 1.09018e-06
3.43824 1.82408 120 450 1.10126e-06
3.43899 1.82408 120 450 1.11359e-06
3.43974 1.82408 120 450 1.12716e-06
3.44049 1.82408 120 450 1.14199e-06
3.44124 1.82408 120 450 1.15806e-06
3.44199 1.82408 120 450 1.17535e-06
3.44274 1.82408 120 450 1.19383e-06
3.44349 1.82408 120 450 1.21346e-06
3.44424 1.82408 120 450 1.23419e-06
3.44499 1.82408 120 450 1.25595e-06
3.44574 1.82408 120 450 1.27867e-06
3.44649 1.82408 120 450 1.30225e-06
3.44724 1.82408 120 450 1.32659e-06
3.44799 1.82408 120 450 1.35155e-06
3.44874 1.82408 120 450 1.37701e-06
3.44949 1.82408 120 450 1.4028e-06
3.45024 1.82408 120 450 1.42875e-06
3.45099 1.82408 120 450 1.45465e-06
3.45174 1.82408 120 450 1.48031e-06
3.45249 1.82408 120 450 1.5055e-06
3.45324 1.82408 120 450 1.52999e-06
3.45399 1.82408 120 450 1.55355e-06
3.45474 1.82408 120 450 1.57594e-06
3.45549 1.82408 120 450 1.59693e-06
3.45624 1.82408 120 450 1.6163e-06
3.45699 1.82408 120 450 1.63386e-06
3.45774 1.82408 120 450 1.64942e-06
3.45849 1.82408 120 450 1.66284e-06
3.45924 1.82408 120 450 1.67402e-06
3.45999 1.82408 120 450 1.68286e-06
3.46074 1.82408 120 450 1.68933e-06
3.46149 1.82408 120 450 1.69342e-06
3.46224 1.82408 120 450 1.69515e-06
3.46299 1.82408 120 450 1.69456e-06
3.46374 1.82408 120 450 1.6916e-06
3.46449 1.82408 120 450 1.68659e-06
3.46524 1.82408 120 450 1.6795e-06
3.46599 1.82408 120 450 1.6704e-06
3.46674 1.82408 120 450 1.65939e-06
3.46749 1.82408 120 450 1.64654e-06
3.46824 1.82408 120 450 1.63191e-06
3.46899 1.82408 120 450 1.61555e-06
3.46974 1.82408 120 450 1.59751e-06
3.4705 1.82408 120 450 1.57784e-06
3.47125 1.82408 120 450 1.55657e-06
3.472 1.82408 120 450 1.53373e-06
3.47275 1.82408 120 450 1.50938e-06
3.4735 1.82408 120 450 1.48358e-06
3.47425 1.82408 120 450 1.45639e-06
3.475 1.82408 120 450 1.4279e-06
3.47575 1.82408 120 450 1.39822e-06
3.4765 1.82408 120 450 1.36747e-06
3.47725 1.82408 120 450 1.33578e-06
3.478 1.82408 120 450 1.30331e-06
3.47875 1.82408 120 450 1.27023e-06
3.4795 1.82408 120 450 1.2367e-06
3.48025 1.82408 120 450 1.2029e-06
3.481 1.82408 120 450 1.16902e-06
3.48175 1.82408 120 450 1.13522e-06
3.4825 1.82408 120 450 1.10167e-06
3.48325 1.82408 120 450 1.06855e-06
3.484 1.82408 120 450 1.03599e-06
3.48475 1.82408 120 450 1.00415e-06
3.4855 1.82408 120 450 9.7314e-07
3.48625 1.82408 120 450 9.43072e-07
3.487 1.82408 120 450 9.14038e-07
3.48775 1.82408 120 450 8.86111e-07
3.4885 1.82408 120 450 8.59344e-07
3.48925 1.82408 120 450 8.33773e-07
3.49 1.82408 120 450 8.0941e-07
3.49075 1.82408 120 450 7.86253e-07
3.4915 1.82408 120 450 7.6428e-07
3.49225 1.82408 120 450 7.43452e-07
3.493 1.82408 120 450 7.23719e-07
3.49375 1.82408 120 450 7.05016e-07
3.4945 1.82408 120 450 6.87274e-07
3.49525 1.82408 120 450 6.70415e-07
3.496 1.82408 120 450 6.54362e-07
3.49675 1.82408 120 450 6.39037e-07
3.4975 1.82408 120 450 6.24365e-07
3.49825 1.82408 120 450 6.10279e-07
3.499 1.82408 120 450 5.96718e-07
3.49975 1.82408 120 450 5.83622e-07
3.5005 1.82408 120 450 5.70949e-07
3.50125 1.82408 120 450 5.5866e-07
3.502 1.82408 120 450 5.46724e-07
3.50275 1.82408 120 450 5.35117e-07
3.5035 1.82408 120 450 5.2382e-07
3.50425 1.82408 120 450 5.12822e-07
3.505 1.82408 120 450 5.02112e-07
3.50575 1.82408 120 450 4.91684e-07
3.5065 1.82408 120 450 4.81534e-07
3.50725 1.82408 120 450 4.71658e-07
3.508 1.82408 120 450 4.62055e-07
3.50875 1.82408 120 450 4.52723e-07
3.5095 1.82408 120 450 4.4366e-07
3.51025 1.82408 120 450 4.34863e-07
3.511 1.82408 120 450 4.26334e-07
3.51175 1.82408 120 450 4.18061e-07
3.5125 1.82408 120 450 4.10047e-07
3.51325 1.82408 120 450 4.02277e-07
3.514 1.82408 120 450 3.94758e-07
3.51475 1.82408 120 450 3.87474e-07
3.5155 1.82408 120 450 3.80426e-07
3.51625 1.82408 120 450 3.73603e-07
3.517 1.82408 120 450 3.6699e-07
3.51775 1.82408 120 450 3.60585e-07
3.5185 1.82408 120 450 3.54379e-07
3.51925 1.82408 120 450 3.48364e-07
3.52 1.82408 120 450 3.42531e-07
3.52075 1.82408 120 450 3.36871e-07
3.5215 1.82408 120 450 3.31375e-07
3.52225 1.82408 120 450 3.26035e-07
3.523 1.82408 120 450 3.20843e-07
3.52375 1.82408 120 450 3.15791e-07
3.5245 1.82408 120 450 3.1087e-07
3.52525 1.82408 120 450 3.06074e-07
3.526 1.82408 120 450 3.01395e-07
3.52675 1.82408 120 450 2.96826e-07
3.5275 1.82408 120 450 2.92361e-07
3.52825 1.82408 120 450 2.87993e-07
3.529 1.82408 120 450 2.83717e-07
3.52975 1.82408 120 450 2.79527e-07
3.53051 1.82408 120 450 2.75418e-07
3.53126 1.82408 120 450 2.71385e-07
3.53201 1.82408 120 450 2.67425e-07
3.53276 1.82408 120 450 2.63535e-07
3.53351 1.82408 120 450 2.59706e-07
3.53426 1.82408 120 450 2.5594e-07
3.53501 1.82408 120 450 2.52233e-07
3.53576 1.82408 120 450 2.48585e-07
3.53651 1.82408 120 450 2.44998e-07
3.53726 1.82408 120 450 2.41468e-07
3.53801 1.82408 120 450 2.38e-07
3.53876 1.82408 120 450 2.34598e-07
3.53951 1.82408 120 450 2.31267e-07
3.54026 1.82408 120 450 2.28015e-07
3.54101 1.82408 120 450 2.24851e-07
3.54176 1.82408 120 450 2.21789e-07
3.54251 1.82408 120 450 2.18842e-07
3.54326 1.82408 120 450 2.16029e-07
3.54401 1.82408 120 450 2.13368e-07
3.54476 1.82408 120 450 2.10885e-07
3.54551 1.82408 120 450 2.08603e-07
3.54626 1.82408 120 450 2.06553e-07
3.54701 1.82408 120 450 2.04764e-07
3.54776 1.82408 120 450 2.03269e-07
3.54851 1.82408 120 450 2.02102e-07
3.54926 1.82408 120 450 2.01297e-07
3.55001 1.82408 120 450 2.00887e-07
3.55076 1.82408 120 450 2.00905e-07
3.55151 1.82408 120 450 2.0138e-07
3.55226 1.82408 120 450 2.02337e-07
3.55301 1.82408 120 450 2.03796e-07
3.55376 1.82408 120 450 2.05771e-07
3.55451 1.82408 120 450 2.08269e-07
3.55526 1.82408 120 450 2.11289e-07
3.55601 1.82408 120 450 2.14819e-07
3.55676 1.82408 120 450 2.18842e-07
3.55751 1.82408 120 450 2.23328e-07
3.55826 1.82408 120 450 2.28242e-07
3.55901 1.82408 120 450 2.33538e-07
3.55976 1.82408 120 450 2.39155e-07
3.56051 1.82408 120 450 2.45053e-07
3.56126 1.82408 120 450 2.51137e-07
3.56201 1.82408 120 450 2.57394e-07
3.56276 1.82408 120 450 2.63734e-07
3.56351 1.82408 120 450 2.70095e-07
3.56426 1.82408 120 450 2.76415e-07
3.56501 1.82408 120 450 2.82639e-07
3.56576 1.82408 120 450 2.88719e-07
3.56651 1.82408 120 450 2.94611e-07
3.56726 1.82408 120 450 3.0028e-07
3.56801 1.82408 120 450 3.05701e-07
3.56876 1.82408 120 450 3.10854e-07
3.56951 1.82408 120 450 3.15728e-07
3.57026 1.82408 120 450 3.20319e-07
3.57101 1.82408 120 450 3.24628e-07
3.57176 1.82408 120 450 3.28662e-07
3.57251 1.82408 120 450 3.32431e-07
3.57326 1.82408 120 450 3.35951e-07
3.57401 1.82408 120 450 3.39107e-07
3.57476 1.82408 120 450 3.42199e-07
3.57551 1.82408 120 450 3.45095e-07
3.57626 1.82408 120 450 3.47816e-07
3.57701 1.82408 120 450 3.50384e-07
3.57776 1.82408 120 450 3.5282e-07
3.57851 1.82408 120 450 3.55148e-07
3.57926 1.82408 120 450 3.57389e-07
3.58001 1.82408 120 450 3.59566e-07
3.58076 1.82408 120 450 3.61703e-07
3.58151 1.82408 120 450 3.63823e-07
3.58226 1.82408 120 450 3.65948e-07
3.58301 1.82408 120 450 3.68101e-07
3.58376 1.82408 120 450 3.70304e-07
3.58451 1.82408 120 450 3.72581e-07
3.58526 1.82408 120 450 3.74951e-07
3.58601 1.82408 120 450 3.77438e-07
3.58676 1.82408 120 450 3.80061e-07
3.58751 1.82408 120 450 3.82841e-07
3.58826 1.82408 120 450 3.85796e-07
3.58901 1.82408 120 450 3.88945e-07
3.58976 1.82408 120 450 3.92308e-07
3.59052 1.82408 120 450 3.959e-07
3.59127 1.82408 120 450 3.99741e-07
3.59202 1.82408 120 450 4.03845e-07
3.59277 1.82408 120 450 4.0823e-07
3.59352 1.82408 120 450 4.12911e-07
3.59427 1.82408 120 450 4.17905e-07
3.59502 1.82408 120 450 4.23226e-07
3.59577 1.82408 120 450 4.2889e-07
3.59652 1.82408 120 450 4.34913e-07
3.59727 1.82408 120 450 4.41309e-07
3.59802 1.82408 120 450 4.48094e-07
3.59877 1.82408 120 450 4.55283e-07
3.59952 1.82408 120 450 4.62891e-07
3.60027 1.82408 120 450 4.70933e-07
3.60102 1.82408 120 450 4.79425e-07
3.60177 1.82408 120 450 4.88381e-07
3.60252 1.82408 120 450 4.97816e-07
3.60327 1.82408 120 450 5.07746e-07
3.60402 1.82408 120 450 5.18183e-07
3.60477 1.82408 120 450 5.29143e-07
3.60552 1.82408 120 450 5.40636e-07
3.60627 1.82408 120 450 5.52676e-07
3.60702 1.82408 120 450 5.65272e-07
3.60777 1.82408 120 450 5.78432e-07
3.60852 1.82408 120 450 5.92163e-07
3.60927 1.82408 120 450 6.06468e-07
3.61002 1.82408 120 450 6.21346e-07
3.61077 1.82408 120 450 6.36795e-07
3.61152 1.82408 120 450 6.52805e-07
3.61227 1.82408 120 450 6.69362e-07
3.61302 1.82408 120 450 6.86446e-07
3.61377 1.82408 120 450 7.04028e-07
3.61452 1.82408 120 450 7.22074e-07
3.61527 1.82408 120 450 7.4054e-07
3.61602 1.82408 120 450 7.5937e-07
3.61677 1.82408 120 450 7.78501e-07
3.61752 1.82408 120 450 7.97858e-07
3.61827 1.82408 120 450 8.17352e-07
3.61902 1.82408 120 450 8.36888e-07
3.61977 1.82408 120 450 8.56355e-07
3.62052 1.82408 120 450 8.75636e-07
3.62127 1.82408 120 450 8.94601e-07
3.62202 1.82408 120 450 9.13116e-07
3.62277 1.82408 120 450 9.31041e-07
3.62352 1.82408 120 450 9.48234e-07
3.62427 1.82408 120 450 9.64555e-07
3.62502 1.82408 120 450 9.79868e-07
3.62577 1.82408 120 450 9.94047e-07
3.62652 1.82408 120 450 1.00698e-06
3.62727 1.82408 120 450 1.01857e-06
3.62802 1.82408 120 450 1.02875e-06
3.62877 1.82408 120 450 1.03746e-06
3.62952 1.82408 120 450 1.04467e-06
3.63027 1.82408 120 450 1.0504e-06
3.63102 1.82408 120 450 1.05467e-06
3.63177 1.82408 120 450 1.05754e-06
3.63252 1.82408 120 450 1.05909e-06
3.63327 1.82408 120 450 1.05943e-06
3.63402 1.82408 120 450 1.05867e-06
3.63477 1.82408 120 450 1.05695e-06
3.63552 1.82408 120 450 1.05443e-06
3.63627 1.82408 120 450 1.05125e-06
3.63702 1.82408 120 450 1.04758e-06
3.63777 1.82408 120 450 1.04357e-06
3.63852 1.82408 120 450 1.03936e-06
3.63927 1.82408 120 450 1.03511e-06
3.64002 1.82408 120 450 1.03094e-06
3.64077 1.82408 120 450 1.02698e-06
3.64152 1.82408 120 450 1.02333e-06
3.64227 1.82408 120 450 1.02008e-06
3.64302 1.82408 120 450 1.0173e-06
3.64377 1.82408 120 450 1.01507e-06
3.64452 1.82408 120 450 1.01342e-06
3.64527 1.82408 120 450 1.01239e-06
3.64602 1.82408 120 450 1.01199e-06
3.64677 1.82408 120 450 1.01222e-06
3.64752 1.82408 120 450 1.01308e-06
3.64827 1.82408 120 450 1.01454e-06
3.64902 1.82408 120 450 1.01657e-06
3.64977 1.82408 120 450 1.01912e-06
3.65053 1.82408 120 450 1.02215e-06
3.65128 1.82408 120 450 1.02559e-06
3.65203 1.82408 120 450 1.0294e-06
3.65278 1.82408 120 450 1.03348e-06
3.65353 1.82408 120 450 1.03778e-06
3.65428 1.82408 120 450 1.04222e-06
3.65503 1.82408 120 450 1.04674e-06
3.65578 1.82408 120 450 1.05127e-06
3.65653 1.82408 120 450 1.05573e-06
3.65728 1.82408 120 450 1.06008e-06
3.65803 1.82408 120 450 1.06425e-06
3.65878 1.82408 120 450 1.06819e-06
3.65953 1.82408 120 450 1.07185e-06
3.66028 1.82408 120 450 1.07519e-06
3.66103 1.82408 120 450 1.07818e-06
3.66178 1.82408 120 450 1.08078e-06
3.66253 1.82408 120 450 1.08297e-06
3.66328 1.82408 120 450 1.08474e-06
3.66403 1.82408 120 450 1.08608e-06
3.66478 1.82408 120 450 1.08699e-06
3.66553 1.82408 120 450 1.08749e-06
3.66628 1.82408 120 450 1.08759e-06
3.66703 1.82408 120 450 1.08732e-06
3.66778 1.82408 120 450 1.08674e-06
3.66853 1.82408 120 450 1.08588e-06
3.66928 1.82408 120 450 1.08481e-06
3.67003 1.82408 120 450 1.08361e-06
3.67078 1.82408 120 450 1.08235e-06
3.67153 1.82408 120 450 1.0811e-06
3.67228 1.82408 120 450 1.07996e-06
3.67303 1.82408 120 450 1.07901e-06
3.67378 1.82408 120 450 1.07834e-06
3.67453 1.82408 120 450 1.07803e-06
3.67528 1.82408 120 450 1.07817e-06
3.67603 1.82408 120 450 1.07882e-06
3.67678 1.82408 120 450 1.08005e-06
3.67753 1.82408 120 450 1.08192e-06
3.67828 1.82408 120 450 1.08448e-06
3.67903 1.82408 120 450 1.08776e-06
3.67978 1.82408 120 450 1.0918e-06
3.68053 1.82408 120 450 1.09661e-06
3.68128 1.82408 120 450 1.10219e-06
3.68203 1.82408 120 450 1.10854e-06
3.68278 1.82408 120 450 1.11564e-06
3.68353 1.82408 120 450 1.12345e-06
3.68428 1.82408 120 450 1.13193e-06
3.68503 1.82408 120 450 1.14103e-06
3.68578 1.82408 120 450 1.15066e-06
3.68653 1.82408 120 450 1.16075e-06
3.68728 1.82408 120 450 1.1712e-06
3.68803 1.82408 120 450 1.18189e-06
3.68878 1.82408 120 450 1.19269e-06
3.68953 1.82408 120 450 1.20348e-06
3.69028 1.82408 120 450 1.21411e-06
3.69103 1.82408 120 450 1.22441e-06
3.69178 1.82408 120 450 1.23422e-06
3.69253 1.82408 120 450 1.24338e-06
3.69328 1.82408 120 450 1.25171e-06
3.69403 1.82408 120 450 1.25907e-06
3.69478 1.82408 120 450 1.26528e-06
3.69553 1.82408 120 450 1.27022e-06
3.69628 1.82408 120 450 1.27376e-06
3.69703 1.82408 120 450 1.2758e-06
3.69778 1.82408 120 450 1.27626e-06
3.69853 1.82408 120 450 1.2751e-06
3.69928 1.82408 120 450 1.27228e-06
3.70003 1.82408 120 450 1.26783e-06
3.70078 1.82408 120 450 1.26178e-06
3.70153 1.82408 120 450 1.25418e-06
3.70228 1.82408 120 450 1.24513e-06
3.70303 1.82408 120 450 1.23472e-06
3.70378 1.82408 120 450 1.22308e-06
3.70453 1.82408 120 450 1.21033e-06
3.70528 1.82408 120 450 1.1966e-06
3.70603 1.82408 120 450 1.182e-06
3.70678 1.82408 120 450 1.16667e-06
3.70753 1.82408 120 450 1.15073e-06
3.70828 1.82408 120 450 1.13428e-06
3.70903 1.82408 120 450 1.11741e-06
3.70978 1.82408 120 450 1.10019e-06
3.71054 1.82408 120 450 1.08269e-06
3.71129 1.82408 120 450 1.06496e-06
3.71204 1.82408 120 450 1.04702e-06
3.71279 1.82408 120 450 1.0289e-06
3.71354 1.82408 120 450 1.0106e-06
3.71429 1.82408 120 450 9.92134e-07
3.71504 1.82408 120 450 9.73491e-07
3.71579 1.82408 120 450 9.54669e-07
3.71654 1.82408 120 450 9.35661e-07
3.71729 1.82408 120 450 9.16465e-07
3.71804 1.82408 120 450 8.97083e-07
3.71879 1.82408 120 450 8.77522e-07
3.71954 1.82408 120 450 8.57796e-07
3.72029 1.82408 120 450 8.37929e-07
3.72104 1.82408 120 450 8.1795e-07
3.72179 1.82408 120 450 7.97897e-07
3.72254 1.82408 120 450 7.77814e-07
3.72329 1.82408 120 450 7.57751e-07
3.72404 1.82408 120 450 7.37763e-07
3.72479 1.82408 120 450 7.17905e-07
3.72554 1.82408 120 450 6.98237e-07
3.72629 1.82408 120 450 6.78818e-07
3.72704 1.82408 120 450 6.59724e-07
3.72779 1.82408 120 450 6.40976e-07
3.72854 1.82408 120 450 6.22644e-07
3.72929 1.82408 120 450 6.04779e-07
3.73004 1.82408 120 450 5.8743e-07
3.73079 1.82408 120 450 5.70631e-07
3.73154 1.82408 120 450 5.54421e-07
3.73229 1.82408 120 450 5.38831e-07
3.73304 1.82408 120 450 5.23887e-07
3.73379 1.82408 120 450 5.09607e-07
3.73454 1.82408 120 450 4.96005e-07
3.73529 1.82408 120 450 4.83088e-07
3.73604 1.82408 120 450 4.70854e-07
3.73679 1.82408 120 450 4.593e-07
3.73754 1.82408 120 450 4.48411e-07
3.73829 1.82408 120 450 4.38171e-07
3.73904 1.82408 120 450 4.28555e-07
3.73979 1.82408 120 450 4.19534e-07
3.74054 1.82408 120 450 4.11077e-07
3.74129 1.82408 120 450 4.03146e-07
3.74204 1.82408 120 450 3.95706e-07
3.74279 1.82408 120 450 3.88719e-07
3.74354 1.82408 120 450 3.82145e-07
3.74429 1.82408 120 450 3.75951e-07
3.74504 1.82408 120 450 3.70102e-07
3.74579 1.82408 120 450 3.64567e-07
3.74654 1.82408 120 450 3.59319e-07
3.74729 1.82408 120 450 3.54335e-07
3.74804 1.82408 120 450 3.49594e-07
3.74879 1.82408 120 450 3.45077e-07
3.74954 1.82408 120 450 3.40771e-07
3.75029 1.82408 120 450 3.3666e-07
3.75104 1.82408 120 450 3.32733e-07
3.75179 1.82408 120 450 3.28978e-07
3.75254 1.82408 120 450 3.25383e-07
3.75329 1.82408 120 450 3.21936e-07
3.75404 1.82408 120 450 3.18625e-07
3.75479 1.82408 120 450 3.15437e-07
3.75554 1.82408 120 450 3.12359e-07
3.75629 1.82408 120 450 3.09379e-07
3.75704 1.82408 120 450 3.06484e-07
3.75779 1.82408 120 450 3.03662e-07
3.75854 1.82408 120 450 3.00902e-07
3.75929 1.82408 120 450 2.98196e-07
3.76004 1.82408 120 450 2.95535e-07
3.76079 1.82408 120 450 2.92912e-07
3.76154 1.82408 120 450 2.90324e-07
3.76229 1.82408 120 450 2.87767e-07
3.76304 1.82408 120 450 2.8524e-07
3.76379 1.82408 120 450 2.82743e-07
3.76454 1.82408 120 450 2.80279e-07
3.76529 1.82408 120 450 2.77851e-07
3.76604 1.82408 120 450 2.75463e-07
3.76679 1.82408 120 450 2.73121e-07
3.76754 1.82408 120 450 2.70831e-07
3.76829 1.82408 120 450 2.686e-07
3.76904 1.82408 120 450 2.66437e-07
3.76979 1.82408 120 450 2.64352e-07
3.77055 1.82408 120 450 2.62353e-07
3.7713 1.82408 120 450 2.60451e-07
3.77205 1.82408 120 450 2.58659e-07
3.7728 1.82408 120 450 2.56988e-07
3.77355 1.82408 120 450 2.55451e-07
3.7743 1.82408 120 450 2.54062e-07
3.77505 1.82408 120 450 2.52835e-07
3.7758 1.82408 120 450 2.51783e-07
3.77655 1.82408 120 450 2.50921e-07
3.7773 1.82408 120 450 2.50263e-07
3.77805 1.82408 120 450 2.49822e-07
3.7788 1.82408 120 450 2.49611e-07
3.77955 1.82408 120 450 2.4964e-07
3.7803 1.82408 120 450 2.49917e-07
3.78105 1.82408 120 450 2.50447e-07
3.7818 1.82408 120 450 2.51234e-07
3.78255 1.82408 120 450 2.52273e-07
3.7833 1.82408 120 450 2.53559e-07
3.78405 1.82408 120 450 2.5508e-07
3.7848 1.82408 120 450 2.56817e-07
3.78555 1.82408 120 450 2.58749e-07
3.7863 1.82408 120 450 2.60848e-07
3.78705 1.82408 120 450 2.63082e-07
3.7878 1.82408 120 450 2.65413e-07
3.78855 1.82408 120 450 2.67804e-07
3.7893 1.82408 120 450 2.70212e-07
3.79005 1.82408 120 450 2.72596e-07
3.7908 1.82408 120 450 2.74921e-07
3.79155 1.82408 120 450 2.77145e-07
3.7923 1.82408 120 450 2.79236e-07
3.79305 1.82408 120 450 2.81162e-07
3.7938 1.82408 120 450 2.82903e-07
3.79455 1.82408 120 450 2.84439e-07
3.7953 1.82408 120 450 2.85759e-07
3.79605 1.82408 120 450 2.86858e-07
3.7968 1.82408 120 450 2.87736e-07
3.79755 1.82408 120 450 2.884e-07
3.7983 1.82408 120 450 2.88861e-07
3.79905 1.82408 120 450 2.89135e-07
3.7998 1.82408 120 450 2.8924e-07
3.80055 1.82408 120 450 2.89198e-07
3.8013 1.82408 120 450 2.89031e-07
3.80205 1.82408 120 450 2.88765e-07
3.8028 1.82408 120 450 2.88423e-07
3.80355 1.82408 120 450 2.8803e-07
3.8043 1.82408 120 450 2.8761e-07
3.80505 1.82408 120 450 2.87187e-07
3.8058 1.82408 120 450 2.86781e-07
3.80655 1.82408 120 450 2.86414e-07
3.8073 1.82408 120 450 2.86105e-07
3.80805 1.82408 120 450 2.85871e-07
3.8088 1.82408 120 450 2.85729e-07
3.80955 1.82408 120 450 2.85692e-07
3.8103 1.82408 120 450 2.85773e-07
3.81105 1.82408 120 450 2.85983e-07
3.8118 1.82408 120 450 2.86333e-07
3.81255 1.82408 120 450 2.8683e-07
3.8133 1.82408 120 450 2.8748e-07
3.81405 1.82408 120 450 2.8829e-07
3.8148 1.82408 120 450 2.89262e-07
3.81555 1.82408 120 450 2.90398e-07
3.8163 1.82408 120 450 2.91699e-07
3.81705 1.82408 120 450 2.93165e-07
3.8178 1.82408 120 450 2.94792e-07
3.81855 1.82408 120 450 2.96579e-07
3.8193 1.82408 120 450 2.9852e-07
3.82005 1.82408 120 450 3.00602e-07
3.8208 1.82408 120 450 3.02837e-07
3.82155 1.82408 120 450 3.05209e-07
3.8223 1.82408 120 450 3.07714e-07
3.82305 1.82408 120 450 3.10345e-07
3.8238 1.82408 120 450 3.13099e-07
3.82455 1.82408 120 450 3.15971e-07
3.8253 1.82408 120 450 3.18959e-07
3.82605 1.82408 120 450 3.22062e-07
3.8268 1.82408 120 450 3.25282e-07
3.82755 1.82408 120 450 3.2862e-07
3.8283 1.82408 120 450 3.3208e-07
3.82905 1.82408 120 450 3.35669e-07
3.8298 1.82408 120 450 3.39393e-07
3.83056 1.82408 120 450 3.4326e-07
3.83131 1.82408 120 450 3.4728e-07
3.83206 1.82408 120 450 3.51463e-07
3.83281 1.82408 120 450 3.5582e-07
3.83356 1.82408 120 450 3.60361e-07
3.83431 1.82408 120 450 3.65098e-07
3.83506 1.82408 120 450 3.70041e-07
3.83581 1.82408 120 450 3.75201e-07
3.83656 1.82408 120 450 3.80587e-07
3.83731 1.82408 120 450 3.86207e-07
3.83806 1.82408 120 450 3.92069e-07
3.83881 1.82408 120 450 3.9818e-07
3.83956 1.82408 120 450 4.04544e-07
3.84031 1.82408 120 450 4.11164e-07
3.84106 1.82408 120 450 4.18041e-07
3.84181 1.82408 120 450 4.25175e-07
3.84256 1.82408 120 450 4.32561e-07
3.84331 1.82408 120 450 4.40195e-07
3.84406 1.82408 120 450 4.48068e-07
3.84481 1.82408 120 450 4.56169e-07
3.84556 1.82408 120 450 4.64484e-07
3.84631 1.82408 120 450 4.72996e-07
3.84706 1.82408 120 450 4.81685e-07
3.84781 1.82408 120 450 4.90527e-07
3.84856 1.82408 120 450 4.99498e-07
3.84931 1.82408 120 450 5.08567e-07
3.85006 1.82408 120 450 5.17704e-07
3.85081 1.82408 120 450 5.26875e-07
3.85156 1.82408 120 450 5.36043e-07
3.85231 1.82408 120 450 5.45171e-07
3.85306 1.82408 120 450 5.54219e-07
3.85381 1.82408 120 450 5.63148e-07
3.85456 1.82408 120 450 5.71918e-07
3.85531 1.82408 120 450 5.8049e-07
3.85606 1.82408 120 450 5.88824e-07
3.85681 1.82408 120 450 5.96883e-07
3.85756 1.82408 120 450 6.0463e-07
3.85831 1.82408 120 450 6.12033e-07
3.85906 1.82408 120 450 6.1906e-07
3.85981 1.82408 120 450 6.25683e-07
3.86056 1.82408 120 450 6.31877e-07
3.86131 1.82408 120 450 6.37621e-07
3.86206 1.82408 120 450 6.42897e-07
3.86281 1.82408 120 450 6.47695e-07
3.86356 1.82408 120 450 6.52004e-07
3.86431 1.82408 120 450 6.55826e-07
3.86506 1.82408 120 450 6.59162e-07
3.86581 1.82408 120 450 6.62024e-07
3.86656 1.82408 120 450 6.64426e-07
3.86731 1.82408 120 450 6.66393e-07
3.86806 1.82408 120 450 6.67955e-07
3.86881 1.82408 120 450 6.69146e-07
3.86956 1.82408 120 450 6.70009e-07
3.87031 1.82408 120 450 6.70591e-07
3.87106 1.82408 120 450 6.70945e-07
3.87181 1.82408 120 450 6.71128e-07
3.87256 1.82408 120 450 6.71198e-07
3.87331 1.82408 120 450 6.71218e-07
3.87406 1.82408 120 450 6.71251e-07
3.87481 1.82408 120 450 6.71358e-07
3.87556 1.82408 120 450 6.71604e-07
3.87631 1.82408 120 450 6.72047e-07
3.87706 1.82408 120 450 6.72747e-07
3.87781 1.82408 120 450 6.73759e-07
3.87856 1.82408 120 450 6.75135e-07
3.87931 1.82408 120 450 6.76923e-07
3.88006 1.82408 120 450 6.79167e-07
3.88081 1.82408 120 450 6.81907e-07
3.88156 1.82408 120 450 6.85177e-07
3.88231 1.82408 120 450 6.89008e-07
3.88306 1.82408 120 450 6.93425e-07
3.88381 1.82408 120 450 6.98447e-07
3.88456 1.82408 120 450 7.04089e-07
3.88531 1.82408 120 450 7.1036e-07
3.88606 1.82408 120 450 7.17263e-07
3.88681 1.82408 120 450 7.24795e-07
3.88756 1.82408 120 450 7.32947e-07
3.88831 1.82408 120 450 7.41703e-07
3.88906 1.82408 120 450 7.51039e-07
3.88981 1.82408 120 450 7.60925e-07
3.89057 1.82408 120 450 7.71325e-07
3.89132 1.82408 120 450 7.82193e-07
3.89207 1.82408 120 450 7.93477e-07
3.89282 1.82408 120 450 8.05117e-07
3.89357 1.82408 120 450 8.17046e-07
3.89432 1.82408 120 450 8.2919e-07
3.89507 1.82408 120 450 8.4147e-07
3.89582 1.82408 120 450 8.53799e-07
3.89657 1.82408 120 450 8.6609e-07
3.89732 1.82408 120 450 8.7825e-07
3.89807 1.82408 120 450 8.90185e-07
3.89882 1.82408 120 450 9.01802e-07
3.89957 1.82408 120 450 9.13011e-07
3.90032 1.82408 120 450 9.23726e-07
3.90107 1.82408 120 450 9.33868e-07
3.90182 1.82408 120 450 9.43366e-07
3.90257 1.82408 120 450 9.52161e-07
3.90332 1.82408 120 450 9.60205e-07
3.90407 1.82408 120 450 9.67465e-07
3.90482 1.82408 120 450 9.73923e-07
3.90557 1.82408 120 450 9.79574e-07
3.90632 1.82408 120 450 9.8443e-07
3.90707 1.82408 120 450 9.88518e-07
3.90782 1.82408 120 450 9.91875e-07
3.90857 1.82408 120 450 9.94552e-07
3.90932 1.82408 120 450 9.96607e-07
3.91007 1.82408 120 450 9.98107e-07
3.91082 1.82408 120 450 9.9912e-07
3.91157 1.82408 120 450 9.99719e-07
3.91232 1.82408 120 450 9.99972e-07
3.91307 1.82408 120 450 9.99946e-07
3.91382 1.82408 120 450 9.99699e-07
3.91457 1.82408 120 450 9.99283e-07
3.91532 1.82408 120 450 9.98738e-07
3.91607 1.82408 120 450 9.98094e-07
3.91682 1.82408 120 450 9.97375e-07
3.91757 1.82408 120 450 9.96572e-07
3.91832 1.82408 120 450 9.95689e-07
3.91907 1.82408 120 450 9.94695e-07
3.91982 1.82408 120 450 9.9356e-07
3.92057 1.82408 120 450 9.92243e-07
3.92132 1.82408 120 450 9.9069e-07
3.92207 1.82408 120 450 9.88841e-07
3.92282 1.82408 120 450 9.86631e-07
3.92357 1.82408 120 450 9.83991e-07
3.92432 1.82408 120 450 9.80852e-07
3.92507 1.82408 120 450 9.77147e-07
3.92582 1.82408 120 450 9.72816e-07
3.92657 1.82408 120 450 9.67805e-07
3.92732 1.82408 120 450 9.62067e-07
3.92807 1.82408 120 450 9.55571e-07
3.92882 1.82408 120 450 9.48296e-07
3.92957 1.82408 120 450 9.40237e-07
3.93032 1.82408 120 450 9.31403e-07
3.93107 1.82408 120 450 9.21817e-07
3.93182 1.82408 120 450 9.11517e-07
3.93257 1.82408 120 450 9.00551e-07
3.93332 1.82408 120 450 8.88983e-07
3.93407 1.82408 120 450 8.76882e-07
3.93482 1.82408 120 450 8.64329e-07
3.93557 1.82408 120 450 8.51405e-07
3.93632 1.82408 120 450 8.382e-07
3.93707 1.82408 120 450 8.24802e-07
3.93782 1.82408 120 450 8.11297e-07
3.93857 1.82408 120 450 7.97776e-07
3.93932 1.82408 120 450 7.84319e-07
3.94007 1.82408 120 450 7.71005e-07
3.94082 1.82408 120 450 7.57909e-07
3.94157 1.82408 120 450 7.45097e-07
3.94232 1.82408 120 450 7.32632e-07
3.94307 1.82408 120 450 7.20569e-07
3.94382 1.82408 120 450 7.08957e-07
3.94457 1.82408 120 450 6.97839e-07
3.94532 1.82408 120 450 6.87253e-07
3.94607 1.82408 120 450 6.77229e-07
3.94682 1.82408 120 450 6.67795e-07
3.94757 1.82408 120 450 6.58971e-07
3.94832 1.82408 120 450 6.50773e-07
3.94907 1.82408 120 450 6.43212e-07
3.94982 1.82408 120 450 6.36295e-07
3.95058 1.82408 120 450 6.30022e-07
3.95133 1.82408 120 450 6.2439e-07
3.95208 1.82408 120 450 6.19393e-07
3.95283 1.82408 120 450 6.15018e-07
3.95358 1.82408 120 450 6.11246e-07
3.95433 1.82408 120 450 6.08057e-07
3.95508 1.82408 120 450 6.05431e-07
3.95583 1.82408 120 450 6.0332e-07
3.95658 1.82408 120 450 6.01696e-07
3.95733 1.82408 120 450 6.00519e-07
3.95808 1.82408 120 450 5.99745e-07
3.95883 1.82408 120 450 5.99285e-07
3.95958 1.82408 120 450 5.9917e-07
3.96033 1.82408 120 450 5.99307e-07
3.96108 1.82408 120 450 5.99641e-07
3.96183 1.82408 120 450 6.00117e-07
3.96258 1.82408 120 450 6.00678e-07
3.96333 1.82408 120 450 6.01271e-07
3.96408 1.82408 120 450 6.0184e-07
3.96483 1.82408 120 450 6.02333e-07
3.96558 1.82408 120 450 6.02698e-07
3.96633 1.82408 120 450 6.02885e-07
3.96708 1.82408 120 450 6.02847e-07
3.96783 1.82408 120 450 6.02539e-07
3.96858 1.82408 120 450 6.01916e-07
3.96933 1.82408 120 450 6.00939e-07
3.97008 1.82408 120 450 5.99569e-07
3.97083 1.82408 120 450 5.97654e-07
3.97158 1.82408 120 450 5.95398e-07
3.97233 1.82408 120 450 5.92654e-07
3.97308 1.82408 120 450 5.89401e-07
3.97383 1.82408 120 450 5.8562e-07
3.97458 1.82408 120 450 5.81299e-07
3.97533 1.82408 120 450 5.76431e-07
3.97608 1.82408 120 450 5.71018e-07
3.97683 1.82408 120 450 5.65069e-07
3.97758 1.82408 120 450 5.586e-07
3.97833 1.82408 120 450 5.51636e-07
3.97908 1.82408 120 450 5.44208e-07
3.97983 1.82408 120 450 5.36355e-07
3.98058 1.82408 120 450 5.28122e-07
3.98133 1.82408 120 450 5.1956e-07
3.98208 1.82408 120 450 5.10721e-07
3.98283 1.82408 120 450 5.01662e-07
3.98358 1.82408 120 450 4.9244e-07
3.98433 1.82408 120 450 4.83111e-07
3.98508 1.82408 120 450 4.7373e-07
3.98583 1.82408 120 450 4.64348e-07
3.98658 1.82408 120 450 4.55011e-07
3.98733 1.82408 120 450 4.45764e-07
3.98808 1.82408 120 450 4.36635e-07
3.98883 1.82408 120 450 4.27655e-07
3.98958 1.82408 120 450 4.18849e-07
3.99033 1.82408 120 450 4.10231e-07
3.99108 1.82408 120 450 4.01812e-07
3.99183 1.82408 120 450 3.93597e-07
3.99258 1.82408 120 450 3.85587e-07
3.99333 1.82408 120 450 3.7778e-07
3.99408 1.82408 120 450 3.7017e-07
3.99483 1.82408 120 450 3.62749e-07
3.99558 1.82408 120 450 3.55511e-07
3.99633 1.82408 120 450 3.48447e-07
3.99708 1.82408 120 450 3.41549e-07
3.99783 1.82408 120 450 3.34811e-07
3.99858 1.82408 120 450 3.28225e-07
3.99933 1.82408 120 450 3.21792e-07
4.00008 1.82408 120 450 3.15507e-07
4.00083 1.82408 120 450 3.09369e-07
4.00158 1.82408 120 450 3.03381e-07
4.00233 1.82408 120 450 2.97545e-07
4.00308 1.82408 120 450 2.91865e-07
4.00383 1.82408 120 450 2.86347e-07
4.00458 1.82408 120 450 2.80998e-07
4.00533 1.82408 120 450 2.75826e-07
4.00608 1.82408 120 450 2.70837e-07
4.00683 1.82408 120 450 2.66046e-07
4.00758 1.82408 120 450 2.61461e-07
4.00833 1.82408 120 450 2.57091e-07
4.00908 1.82408 120 450 2.52948e-07
4.00983 1.82408 120 450 2.49041e-07
4.01059 1.82408 120 450 2.45381e-07
4.01134 1.82408 120 450 2.41975e-07
4.01209 1.82408 120 450 2.38832e-07
4.01284 1.82408 120 450 2.35958e-07
4.01359 1.82408 120 450 2.33357e-07
4.01434 1.82408 120 450 2.31032e-07
4.01509 1.82408 120 450 2.28981e-07
4.01584 1.82408 120 450 2.27203e-07
4.01659 1.82408 120 450 2.2569e-07
4.01734 1.82408 120 450 2.24434e-07
4.01809 1.82408 120 450 2.23424e-07
4.01884 1.82408 120 450 2.22644e-07
4.01959 1.82408 120 450 2.22077e-07
4.02034 1.82408 120 450 2.21706e-07
4.02109 1.82408 120 450 2.21509e-07
4.02184 1.82408 120 450 2.21462e-07
4.02259 1.82408 120 450 2.21549e-07
4.02334 1.82408 120 450 2.21746e-07
4.02409 1.82408 120 450 2.22034e-07
4.02484 1.82408 120 450 2.22392e-07
4.02559 1.82408 120 450 2.22804e-07
4.02634 1.82408 120 450 2.23256e-07
4.02709 1.82408 120 450 2.23735e-07
4.02784 1.82408 120 450 2.24232e-07
4.02859 1.82408 120 450 2.2474e-07
4.02934 1.82408 120 450 2.25256e-07
4.03009 1.82408 120 450 2.25775e-07
4.03084 1.82408 120 450 2.263e-07
4.03159 1.82408 120 450 2.26832e-07
4.03234 1.82408 120 450 2.27374e-07
4.03309 1.82408 120 450 2.27932e-07
4.03384 1.82408 120 450 2.28511e-07
4.03459 1.82408 120 450 2.29119e-07
4.03534 1.82408 120 450 2.29762e-07
4.03609 1.82408 120 450 2.3045e-07
4.03684 1.82408 120 450 2.31188e-07
4.03759 1.82408 120 450 2.31987e-07
4.03834 1.82408 120 450 2.32852e-07
4.03909 1.82408 120 450 2.33793e-07
4.03984 1.82408 120 450 2.34817e-07
4.04059 1.82408 120 450 2.35931e-07
4.04134 1.82408 120 450 2.37143e-07
4.04209 1.82408 120 450 2.38459e-07
4.04284 1.82408 120 450 2.39886e-07
4.04359 1.82408 120 450 2.41429e-07
4.04434 1.82408 120 450 2.43096e-07
4.04509 1.82408 120 450 2.44891e-07
4.04584 1.82408 120 450 2.4682e-07
4.04659 1.82408 120 450 2.48888e-07
4.04734 1.82408 120 450 2.511e-07
4.04809 1.82408 120 450 2.53458e-07
4.04884 1.82408 120 450 2.55968e-07
4.04959 1.82408 120 450 2.58631e-07
4.05034 1.82408 120 450 2.61451e-07
4.05109 1.82408 120 450 2.64428e-07
4.05184 1.82408 120 450 2.67563e-07
4.05259 1.82408 120 450 2.70856e-07
4.05334 1.82408 120 450 2.74305e-07
4.05409 1.82408 120 450 2.77905e-07
4.05484 1.82408 120 450 2.81653e-07
4.05559 1.82408 120 450 2.85542e-07
4.05634 1.82408 120 450 2.89562e-07
4.05709 1.82408 120 450 2.93702e-07
4.05784 1.82408 120 450 2.97951e-07
4.05859 1.82408 120 450 3.02291e-07
4.05934 1.82408 120 450 3.06705e-07
4.06009 1.82408 120 450 3.11174e-07
4.06084 1.82408 120 450 3.15674e-07
4.06159 1.82408 120 450 3.20183e-07
4.06234 1.82408 120 450 3.24673e-07
4.06309 1.82408 120 450 3.29118e-07
4.06384 1.82408 120 450 3.33489e-07
4.06459 1.82408 120 450 3.3776e-07
4.06534 1.82408 120 450 3.41902e-07
4.06609 1.82408 120 450 3.45888e-07
4.06684 1.82408 120 450 3.49692e-07
4.06759 1.82408 120 450 3.53286e-07
4.06834 1.82408 120 450 3.5666e-07
4.06909 1.82408 120 450 3.59792e-07
4.06984 1.82408 120 450 3.62668e-07
4.0706 1.82408 120 450 3.65279e-07
4.07135 1.82408 120 450 3.67619e-07
4.0721 1.82408 120 450 3.69689e-07
4.07285 1.82408 120 450 3.71492e-07
4.0736 1.82408 120 450 3.73033e-07
4.07435 1.82408 120 450 3.7433e-07
4.0751 1.82408 120 450 3.75395e-07
4.07585 1.82408 120 450 3.76247e-07
4.0766 1.82408 120 450 3.76905e-07
4.07735 1.82408 120 450 3.77391e-07
4.0781 1.82408 120 450 3.77728e-07
4.07885 1.82408 120 450 3.7794e-07
4.0796 1.82408 120 450 3.78047e-07
4.08035 1.82408 120 450 3.78072e-07
4.0811 1.82408 120 450 3.78035e-07
4.08185 1.82408 120 450 3.77954e-07
4.0826 1.82408 120 450 3.77844e-07
4.08335 1.82408 120 450 3.7772e-07
4.0841 1.82408 120 450 3.77593e-07
4.08485 1.82408 120 450 3.77472e-07
4.0856 1.82408 120 450 3.77365e-07
4.08635 1.82408 120 450 3.77275e-07
4.0871 1.82408 120 450 3.77206e-07
4.08785 1.82408 120 450 3.77158e-07
4.0886 1.82408 120 450 3.77131e-07
4.08935 1.82408 120 450 3.77123e-07
4.0901 1.82408 120 450 3.7713e-07
4.09085 1.82408 120 450 3.7715e-07
4.0916 1.82408 120 450 3.77176e-07
4.09235 1.82408 120 450 3.77205e-07
4.0931 1.82408 120 450 3.77232e-07
4.09385 1.82408 120 450 3.77252e-07
4.0946 1.82408 120 450 3.77261e-07
4.09535 1.82408 120 450 3.77255e-07
4.0961 1.82408 120 450 3.77232e-07
4.09685 1.82408 120 450 3.77191e-07
4.0976 1.82408 120 450 3.77132e-07
4.09835 1.82408 120 450 3.77058e-07
4.0991 1.82408 120 450 3.76972e-07
4.09985 1.82408 120 450 3.76879e-07
4.1006 1.82408 120 450 3.76788e-07
4.10135 1.82408 120 450 3.76706e-07
4.1021 1.82408 120 450 3.76646e-07
4.10285 1.82408 120 450 3.76619e-07
4.1036 1.82408 120 450 3.76638e-07
4.10435 1.82408 120 450 3.76719e-07
4.1051 1.82408 120 450 3.76877e-07
4.10585 1.82408 120 450 3.77128e-07
4.1066 1.82408 120 450 3.7749e-07
4.10735 1.82408 120 450 3.77977e-07
4.1081 1.82408 120 450 3.78608e-07
4.10885 1.82408 120 450 3.794e-07
4.1096 1.82408 120 450 3.80367e-07
4.11035 1.82408 120 450 3.81527e-07
4.1111 1.82408 120 450 3.82894e-07
4.11185 1.82408 120 450 3.84484e-07
4.1126 1.82408 120 450 3.8631e-07
4.11335 1.82408 120 450 3.88386e-07
4.1141 1.82408 120 450 3.90725e-07
4.11485 1.82408 120 450 3.93339e-07
4.1156 1.82408 120 450 3.9624e-07
4.11635 1.82408 120 450 3.9944e-07
4.1171 1.82408 120 450 4.02948e-07
4.11785 1.82408 120 450 4.06777e-07
4.1186 1.82408 120 450 4.10936e-07
4.11935 1.82408 120 450 4.15434e-07
4.1201 1.82408 120 450 4.20282e-07
4.12085 1.82408 120 450 4.25488e-07
4.1216 1.82408 120 450 4.31061e-07
4.12235 1.82408 120 450 4.3701e-07
4.1231 1.82408 120 450 4.43344e-07
4.12385 1.82408 120 450 4.5007e-07
4.1246 1.82408 120 450 4.57197e-07
4.12535 1.82408 120 450 4.64731e-07
4.1261 1.82408 120 450 4.72679e-07
4.12685 1.82408 120 450 4.81048e-07
4.1276 1.82408 120 450 4.89842e-07
4.12835 1.82408 120 450 4.99066e-07
4.1291 1.82408 120 450 5.08722e-07
4.12985 1.82408 120 450 5.18814e-07
4.13061 1.82408 120 450 5.29341e-07
4.13136 1.82408 120 450 5.403e-07
4.13211 1.82408 120 450 5.5169e-07
4.13286 1.82408 120 450 5.63503e-07
4.13361 1.82408 120 450 5.75732e-07
4.13436 1.82408 120 450 5.88363e-07
4.13511 1.82408 120 450 6.01381e-07
4.13586 1.82408 120 450 6.14766e-07
4.13661 1.82408 120 450 6.28496e-07
4.13736 1.82408 120 450 6.42542e-07
4.13811 1.82408 120 450 6.56873e-07
4.13886 1.82408 120 450 6.71449e-07
4.13961 1.82408 120 450 6.86231e-07
4.14036 1.82408 120 450 7.01169e-07
4.14111 1.82408 120 450 7.16211e-07
4.14186 1.82408 120 450 7.31301e-07
4.14261 1.82408 120 450 7.46378e-07
4.14336 1.82408 120 450 7.61375e-07
4.14411 1.82408 120 450 7.76225e-07
4.14486 1.82408 120 450 7.90858e-07
4.14561 1.82408 120 450 8.052e-07
4.14636 1.82408 120 450 8.19182e-07
4.14711 1.82408 120 450 8.3273e-07
4.14786 1.82408 120 450 8.45777e-07
4.14861 1.82408 120 450 8.58257e-07
4.14936 1.82408 120 450 8.70108e-07
4.15011 1.82408 120 450 8.81275e-07
4.15086 1.82408 120 450 8.91708e-07
4.15161 1.82408 120 450 9.01364e-07
4.15236 1.82408 120 450 9.10207e-07
4.15311 1.82408 120 450 9.18207e-07
4.15386 1.82408 120 450 9.25343e-07
4.15461 1.82408 120 450 9.31597e-07
4.15536 1.82408 120 450 9.36957e-07
4.15611 1.82408 120 450 9.41415e-07
4.15686 1.82408 120 450 9.44968e-07
4.15761 1.82408 120 450 9.47614e-07
4.15836 1.82408 120 450 9.4935e-07
4.15911 1.82408 120 450 9.50177e-07
4.15986 1.82408 120 450 9.50094e-07
4.16061 1.82408 120 450 9.491e-07
4.16136 1.82408 120 450 9.47194e-07
4.16211 1.82408 120 450 9.44373e-07
4.16286 1.82408 120 450 9.40638e-07
4.16361 1.82408 120 450 9.35995e-07
4.16436 1.82408 120 450 9.30431e-07
4.16511 1.82408 120 450 9.23959e-07
4.16586 1.82408 120 450 9.16588e-07
4.16661 1.82408 120 450 9.08332e-07
4.16736 1.82408 120 450 8.99211e-07
4.16811 1.82408 120 450 8.89252e-07
4.16886 1.82408 120 450 8.78489e-07
4.16961 1.82408 120 450 8.66961e-07
4.17036 1.82408 120 450 8.54716e-07
4.17111 1.82408 120 450 8.41807e-07
4.17186 1.82408 120 450 8.28295e-07
4.17261 1.82408 120 450 8.14241e-07
4.17336 1.82408 120 450 7.99716e-07
4.17411 1.82408 120 450 7.84788e-07
4.17486 1.82408 120 450 7.6953e-07
4.17561 1.82408 120 450 7.54013e-07
4.17636 1.82408 120 450 7.3831e-07
4.17711 1.82408 120 450 7.2249e-07
4.17786 1.82408 120 450 7.06619e-07
4.17861 1.82408 120 450 6.90761e-07
4.17936 1.82408 120 450 6.74975e-07
4.18011 1.82408 120 450 6.59317e-07
4.18086 1.82408 120 450 6.43835e-07
4.18161 1.82408 120 450 6.28577e-07
4.18236 1.82408 120 450 6.1358e-07
4.18311 1.82408 120 450 5.98882e-07
4.18386 1.82408 120 450 5.84512e-07
4.18461 1.82408 120 450 5.70495e-07
4.18536 1.82408 120 450 5.56855e-07
4.18611 1.82408 120 450 5.43607e-07
4.18686 1.82408 120 450 5.30765e-07
4.18761 1.82408 120 450 5.1834e-07
4.18836 1.82408 120 450 5.06339e-07
4.18911 1.82408 120 450 4.94765e-07
4.18986 1.82408 120 450 4.8362e-07
4.19062 1.82408 120 450 4.72904e-07
4.19137 1.82408 120 450 4.62614e-07
4.19212 1.82408 120 450 4.52745e-07
4.19287 1.82408 120 450 4.43293e-07
4.19362 1.82408 120 450 4.34249e-07
4.19437 1.82408 120 450 4.25606e-07
4.19512 1.82408 120 450 4.17356e-07
4.19587 1.82408 120 450 4.0949e-07
4.19662 1.82408 120 450 4.01997e-07
4.19737 1.82408 120 450 3.94866e-07
4.19812 1.82408 120 450 3.88092e-07
4.19887 1.82408 120 450 3.81664e-07
4.19962 1.82408 120 450 3.75571e-07
4.20037 1.82408 120 450 3.69804e-07
4.20112 1.82408 120 450 3.64354e-07
4.20187 1.82408 120 450 3.59213e-07
4.20262 1.82408 120 450 3.54372e-07
4.20337 1.82408 120 450 3.49824e-07
4.20412 1.82408 120 450 3.45561e-07
4.20487 1.82408 120 450 3.41576e-07
4.20562 1.82408 120 450 3.37862e-07
4.20637 1.82408 120 450 3.34413e-07
4.20712 1.82408 120 450 3.31223e-07
4.20787 1.82408 120 450 3.28286e-07
4.20862 1.82408 120 450 3.25596e-07
4.20937 1.82408 120 450 3.23148e-07
4.21012 1.82408 120 450 3.20937e-07
4.21087 1.82408 120 450 3.18957e-07
4.21162 1.82408 120 450 3.17204e-07
4.21237 1.82408 120 450 3.15674e-07
4.21312 1.82408 120 450 3.14363e-07
4.21387 1.82408 120 450 3.13257e-07
4.21462 1.82408 120 450 3.12356e-07
4.21537 1.82408 120 450 3.11653e-07
4.21612 1.82408 120 450 3.11144e-07
4.21687 1.82408 120 450 3.1082e-07
4.21762 1.82408 120 450 3.10675e-07
4.21837 1.82408 120 450 3.10701e-07
4.21912 1.82408 120 450 3.10889e-07
4.21987 1.82408 120 450 3.1123e-07
4.22062 1.82408 120 450 3.11714e-07
4.22137 1.82408 120 450 3.12329e-07
4.22212 1.82408 120 450 3.13063e-07
4.22287 1.82408 120 450 3.13902e-07
4.22362 1.82408 120 450 3.14832e-07
4.22437 1.82408 120 450 3.15837e-07
4.22512 1.82408 120 450 3.16899e-07
4.22587 1.82408 120 450 3.18001e-07
4.22662 1.82408 120 450 3.19122e-07
4.22737 1.82408 120 450 3.20242e-07
4.22812 1.82408 120 450 3.21341e-07
4.22887 1.82408 120 450 3.22397e-07
4.22962 1.82408 120 450 3.23387e-07
4.23037 1.82408 120 450 3.2429e-07
4.23112 1.82408 120 450 3.25084e-07
4.23187 1.82408 120 450 3.25749e-07
4.23262 1.82408 120 450 3.26265e-07
4.23337 1.82408 120 450 3.26613e-07
4.23412 1.82408 120 450 3.26779e-07
4.23487 1.82408 120 450 3.26747e-07
4.23562 1.82408 120 450 3.26507e-07
4.23637 1.82408 120 450 3.26052e-07
4.23712 1.82408 120 450 3.25374e-07
4.23787 1.82408 120 450 3.24473e-07
4.23862 1.82408 120 450 3.23347e-07
4.23937 1.82408 120 450 3.22006e-07
4.24012 1.82408 120 450 3.20454e-07
4.24087 1.82408 120 450 3.18703e-07
4.24162 1.82408 120 450 3.16767e-07
4.24237 1.82408 120 450 3.1466e-07
4.24312 1.82408 120 450 3.12403e-07
4.24387 1.82408 120 450 3.10015e-07
4.24462 1.82408 120 450 3.0752e-07
4.24537 1.82408 120 450 3.04941e-07
4.24612 1.82408 120 450 3.02303e-07
4.24687 1.82408 120 450 2.99633e-07
4.24762 1.82408 120 450 2.96956e-07
4.24837 1.82408 120 450 2.94299e-07
4.24912 1.82408 120 450 2.91687e-07
4.24987 1.82408 120 450 2.89145e-07
4.25063 1.82408 120 450 2.86697e-07
4.25138 1.82408 120 450 2.84364e-07
4.25213 1.82408 120 450 2.82165e-07
4.25288 1.82408 120 450 2.80117e-07
4.25363 1.82408 120 450 2.78235e-07
4.25438 1.82408 120 450 2.7653e-07
4.25513 1.82408 120 450 2.75009e-07
4.25588 1.82408 120 450 2.73678e-07
4.25663 1.82408 120 450 2.72539e-07
4.25738 1.82408 120 450 2.7159e-07
4.25813 1.82408 120 450 2.70829e-07
4.25888 1.82408 120 450 2.7025e-07
4.25963 1.82408 120 450 2.69846e-07
4.26038 1.82408 120 450 2.69607e-07
4.26113 1.82408 120 450 2.69524e-07
4.26188 1.82408 120 450 2.69587e-07
4.26263 1.82408 120 450 2.69785e-07
4.26338 1.82408 120 450 2.70109e-07
4.26413 1.82408 120 450 2.70551e-07
4.26488 1.82408 120 450 2.711e-07
4.26563 1.82408 120 450 2.71752e-07
4.26638 1.82408 120 450 2.72498e-07
4.26713 1.82408 120 450 2.73336e-07
4.26788 1.82408 120 450 2.7426e-07
4.26863 1.82408 120 450 2.75268e-07
4.26938 1.82408 120 450 2.76357e-07
4.27013 1.82408 120 450 2.77527e-07
4.27088 1.82408 120 450 2.78775e-07
4.27163 1.82408 120 450 2.801e-07
4.27238 1.82408 120 450 2.815e-07
4.27313 1.82408 120 450 2.82974e-07
4.27388 1.82408 120 450 2.84519e-07
4.27463 1.82408 120 450 2.8613e-07
4.27538 1.82408 120 450 2.87804e-07
4.27613 1.82408 120 450 2.89535e-07
4.27688 1.82408 120 450 2.91313e-07
4.27763 1.82408 120 450 2.93129e-07
4.27838 1.82408 120 450 2.94981e-07
4.27913 1.82408 120 450 2.96853e-07
4.27988 1.82408 120 450 2.98733e-07
4.28063 1.82408 120 450 3.00607e-07
4.28138 1.82408 120 450 3.02459e-07
4.28213 1.82408 120 450 3.04276e-07
4.28288 1.82408 120 450 3.06041e-07
4.28363 1.82408 120 450 3.07737e-07
4.28438 1.82408 120 450 3.0935e-07
4.28513 1.82408 120 450 3.10864e-07
4.28588 1.82408 120 450 3.12262e-07
4.28663 1.82408 120 450 3.13532e-07
4.28738 1.82408 120 450 3.14663e-07
4.28813 1.82408 120 450 3.15643e-07
4.28888 1.82408 120 450 3.16464e-07
4.28963 1.82408 120 450 3.17121e-07
4.29038 1.82408 120 450 3.17609e-07
4.29113 1.82408 120 450 3.17928e-07
4.29188 1.82408 120 450 3.18078e-07
4.29263 1.82408 120 450 3.18063e-07
4.29338 1.82408 120 450 3.17888e-07
4.29413 1.82408 120 450 3.17561e-07
4.29488 1.82408 120 450 3.17091e-07
4.29563 1.82408 120 450 3.16486e-07
4.29638 1.82408 120 450 3.15759e-07
4.29713 1.82408 120 450 3.1492e-07
4.29788 1.82408 120 450 3.13981e-07
4.29863 1.82408 120 450 3.12952e-07
4.29938 1.82408 120 450 3.11846e-07
4.30013 1.82408 120 450 3.10671e-07
4.30088 1.82408 120 450 3.09436e-07
4.30163 1.82408 120 450 3.08151e-07
4.30238 1.82408 120 450 3.06821e-07
4.30313 1.82408 120 450 3.05452e-07
4.30388 1.82408 120 450 3.04049e-07
4.30463 1.82408 120 450 3.02616e-07
4.30538 1.82408 120 450 3.01154e-07
4.30613 1.82408 120 450 2.99666e-07
4.30688 1.82408 120 450 2.98151e-07
4.30763 1.82408 120 450 2.96611e-07
4.30838 1.82408 120 450 2.95046e-07
4.30913 1.82408 120 450 2.93454e-07
4.30988 1.82408 120 450 2.91837e-07
4.31064 1.82408 120 450 2.90192e-07
4.31139 1.82408 120 450 2.88522e-07
4.31214 1.82408 120 450 2.86826e-07
4.31289 1.82408 120 450 2.85104e-07
4.31364 1.82408 120 450 2.83359e-07
4.31439 1.82408 120 450 2.81593e-07
4.31514 1.82408 120 450 2.79807e-07
4.31589 1.82408 120 450 2.78007e-07
4.31664 1.82408 120 450 2.76194e-07
4.31739 1.82408 120 450 2.74374e-07
4.31814 1.82408 120 450 2.72551e-07
4.31889 1.82408 120 450 2.7073e-07
4.31964 1.82408 120 450 2.68916e-07
4.32039 1.82408 120 450 2.67114e-07
4.32114 1.82408 120 450 2.6533e-07
4.32189 1.82408 120 450 2.6357e-07
4.32264 1.82408 120 450 2.61839e-07
4.32339 1.82408 120 450 2.60141e-07
4.32414 1.82408 120 450 2.58482e-07
4.32489 1.82408 120 450 2.56868e-07
4.32564 1.82408 120 450 2.55302e-07
4.32639 1.82408 120 450 2.5379e-07
4.32714 1.82408 120 450 2.52336e-07
4.32789 1.82408 120 450 2.50945e-07
4.32864 1.82408 120 450 2.49621e-07
4.32939 1.82408 120 450 2.48367e-07
4.33014 1.82408 120 450 2.47189e-07
4.33089 1.82408 120 450 2.46091e-07
4.33164 1.82408 120 450 2.45075e-07
4.33239 1.82408 120 450 2.44147e-07
4.33314 1.82408 120 450 2.43309e-07
4.33389 1.82408 120 450 2.42565e-07
4.33464 1.82408 120 450 2.41917e-07
4.33539 1.82408 120 450 2.4137e-07
4.33614 1.82408 120 450 2.40925e-07
4.33689 1.82408 120 450 2.40583e-07
4.33764 1.82408 120 450 2.40348e-07
4.33839 1.82408 120 450 2.40219e-07
4.33914 1.82408 120 450 2.40196e-07
4.33989 1.82408 120 450 2.40283e-07
4.34064 1.82408 120 450 2.40477e-07
4.34139 1.82408 120 450 2.40778e-07
4.34214 1.82408 120 450 2.41186e-07
4.34289 1.82408 120 450 2.41701e-07
4.34364 1.82408 120 450 2.42321e-07
4.34439 1.82408 120 450 2.43046e-07
4.34514 1.82408 120 450 2.43876e-07
4.34589 1.82408 120 450 2.44811e-07
4.34664 1.82408 120 450 2.45851e-07
4.34739 1.82408 120 450 2.46996e-07
4.34814 1.82408 120 450 2.48248e-07
4.34889 1.82408 120 450 2.49609e-07
4.34964 1.82408 120 450 2.51081e-07
4.35039 1.82408 120 450 2.52666e-07
4.35114 1.82408 120 450 2.54367e-07
4.35189 1.82408 120 450 2.5619e-07
4.35264 1.82408 120 450 2.58136e-07
4.35339 1.82408 120 450 2.60213e-07
4.35414 1.82408 120 450 2.62423e-07
4.35489 1.82408 120 450 2.64773e-07
4.35564 1.82408 120 450 2.67269e-07
4.35639 1.82408 120 450 2.69916e-07
4.35714 1.82408 120 450 2.72721e-07
4.35789 1.82408 120 450 2.7569e-07
4.35864 1.82408 120 450 2.78831e-07
4.35939 1.82408 120 450 2.82151e-07
4.36014 1.82408 120 450 2.85656e-07
4.36089 1.82408 120 450 2.89355e-07
4.36164 1.82408 120 450 2.93257e-07
4.36239 1.82408 120 450 2.97368e-07
4.36314 1.82408 120 450 3.01698e-07
4.36389 1.82408 120 450 3.06255e-07
4.36464 1.82408 120 450 3.11047e-07
4.36539 1.82408 120 450 3.16087e-07
4.36614 1.82408 120 450 3.21382e-07
4.36689 1.82408 120 450 3.26944e-07
4.36764 1.82408 120 450 3.32781e-07
4.36839 1.82408 120 450 3.38905e-07
4.36914 1.82408 120 450 3.45327e-07
4.36989 1.82408 120 450 3.52057e-07
4.37065 1.82408 120 450 3.59106e-07
4.3714 1.82408 120 450 3.66485e-07
4.37215 1.82408 120 450 3.74205e-07
4.3729 1.82408 120 450 3.82277e-07
4.37365 1.82408 120 450 3.90709e-07
4.3744 1.82408 120 450 3.99512e-07
4.37515 1.82408 120 450 4.08692e-07
4.3759 1.82408 120 450 4.18257e-07
4.37665 1.82408 120 450 4.28213e-07
4.3774 1.82408 120 450 4.38556e-07
4.37815 1.82408 120 450 4.49299e-07
4.3789 1.82408 120 450 4.60434e-07
4.37965 1.82408 120 450 4.71957e-07
4.3804 1.82408 120 450 4.83859e-07
4.38115 1.82408 120 450 4.9613e-07
4.3819 1.82408 120 450 5.08752e-07
4.38265 1.82408 120 450 5.21705e-07
4.3834 1.82408 120 450 5.34963e-07
4.38415 1.82408 120 450 5.48496e-07
4.3849 1.82408 120 450 5.62268e-07
4.38565 1.82408 120 450 5.76236e-07
4.3864 1.82408 120 450 5.90353e-07
4.38715 1.82408 120 450 6.04567e-07
4.3879 1.82408 120 450 6.18818e-07
4.38865 1.82408 120 450 6.33042e-07
4.3894 1.82408 120 450 6.47168e-07
4.39015 1.82408 120 450 6.61122e-07
4.3909 1.82408 120 450 6.74826e-07
4.39165 1.82408 120 450 6.88191e-07
4.3924 1.82408 120 450 7.01132e-07
4.39315 1.82408 120 450 7.13559e-07
4.3939 1.82408 120 450 7.2538e-07
4.39465 1.82408 120 450 7.36505e-07
4.3954 1.82408 120 450 7.46841e-07
4.39615 1.82408 120 450 7.56302e-07
4.3969 1.82408 120 450 7.64803e-07
4.39765 1.82408 120 450 7.72267e-07
4.3984 1.82408 120 450 7.78627e-07
4.39915 1.82408 120 450 7.83814e-07
4.3999 1.82408 120 450 7.87779e-07
4.40065 1.82408 120 450 7.90485e-07
4.4014 1.82408 120 450 7.91905e-07
4.40215 1.82408 120 450 7.92025e-07
4.4029 1.82408 120 450 7.90847e-07
4.40365 1.82408 120 450 7.88385e-07
4.4044 1.82408 120 450 7.84668e-07
4.40515 1.82408 120 450 7.79737e-07
4.4059 1.82408 120 450 7.73645e-07
4.40665 1.82408 120 450 7.66456e-07
4.4074 1.82408 120 450 7.58242e-07
4.40815 1.82408 120 450 7.49082e-07
4.4089 1.82408 120 450 7.39064e-07
4.40965 1.82408 120 450 7.28275e-07
4.4104 1.82408 120 450 7.16809e-07
4.41115 1.82408 120 450 7.04755e-07
4.4119 1.82408 120 450 6.92207e-07
4.41265 1.82408 120 450 6.79253e-07
4.4134 1.82408 120 450 6.65978e-07
4.41415 1.82408 120 450 6.52464e-07
4.4149 1.82408 120 450 6.38786e-07
4.41565 1.82408 120 450 6.25016e-07
4.4164 1.82408 120 450 6.11217e-07
4.41715 1.82408 120 450 5.97448e-07
4.4179 1.82408 120 450 5.83761e-07
4.41865 1.82408 120 450 5.70202e-07
4.4194 1.82408 120 450 5.56811e-07
4.42015 1.82408 120 450 5.43624e-07
4.4209 1.82408 120 450 5.30668e-07
4.42165 1.82408 120 450 5.17969e-07
4.4224 1.82408 120 450 5.05545e-07
4.42315 1.82408 120 450 4.93413e-07
4.4239 1.82408 120 450 4.81585e-07
4.42465 1.82408 120 450 4.70068e-07
4.4254 1.82408 120 450 4.58869e-07
4.42615 1.82408 120 450 4.4799e-07
4.4269 1.82408 120 450 4.37435e-07
4.42765 1.82408 120 450 4.27201e-07
4.4284 1.82408 120 450 4.17287e-07
4.42915 1.82408 120 450 4.0769e-07
4.4299 1.82408 120 450 3.98407e-07
4.43066 1.82408 120 450 3.89431e-07
4.43141 1.82408 120 450 3.80758e-07
4.43216 1.82408 120 450 3.72383e-07
4.43291 1.82408 120 450 3.64299e-07
4.43366 1.82408 120 450 3.565e-07
4.43441 1.82408 120 450 3.4898e-07
4.43516 1.82408 120 450 3.41733e-07
4.43591 1.82408 120 450 3.34751e-07
4.43666 1.82408 120 450 3.28029e-07
4.43741 1.82408 120 450 3.2156e-07
4.43816 1.82408 120 450 3.15337e-07
4.43891 1.82408 120 450 3.09355e-07
4.43966 1.82408 120 450 3.03607e-07
4.44041 1.82408 120 450 2.98087e-07
4.44116 1.82408 120 450 2.92789e-07
4.44191 1.82408 120 450 2.87706e-07
4.44266 1.82408 120 450 2.82834e-07
4.44341 1.82408 120 450 2.78166e-07
4.44416 1.82408 120 450 2.73697e-07
4.44491 1.82408 120 450 2.6942e-07
4.44566 1.82408 120 450 2.65331e-07
4.44641 1.82408 120 450 2.6143e-07
4.44716 1.82408 120 450 2.57701e-07
4.44791 1.82408 120 450 2.54144e-07
4.44866 1.82408 120 450 2.50755e-07
4.44941 1.82408 120 450 2.47529e-07
4.45016 1.82408 120 450 2.44461e-07
4.45091 1.82408 120 450 2.41547e-07
4.45166 1.82408 120 450 2.38783e-07
4.45241 1.82408 120 450 2.36166e-07
4.45316 1.82408 120 450 2.33691e-07
4.45391 1.82408 120 450 2.31356e-07
4.45466 1.82408 120 450 2.29156e-07
4.45541 1.82408 120 450 2.27089e-07
4.45616 1.82408 120 450 2.25152e-07
4.45691 1.82408 120 450 2.23342e-07
4.45766 1.82408 120 450 2.21658e-07
4.45841 1.82408 120 450 2.20098e-07
4.45916 1.82408 120 450 2.18659e-07
4.45991 1.82408 120 450 2.1734e-07
4.46066 1.82408 120 450 2.1614e-07
4.46141 1.82408 120 450 2.15058e-07
4.46216 1.82408 120 450 2.14093e-07
4.46291 1.82408 120 450 2.13245e-07
4.46366 1.82408 120 450 2.12515e-07
4.46441 1.82408 120 450 2.11901e-07
4.46516 1.82408 120 450 2.11406e-07
4.46591 1.82408 120 450 2.11028e-07
4.46666 1.82408 120 450 2.1077e-07
4.46741 1.82408 120 450 2.10461e-07
4.46816 1.82408 120 450 2.10435e-07
4.46891 1.82408 120 450 2.10534e-07
4.46966 1.82408 120 450 2.10759e-07
4.47041 1.82408 120 450 2.11114e-07
4.47116 1.82408 120 450 2.11601e-07
4.47191 1.82408 120 450 2.12223e-07
4.47266 1.82408 120 450 2.12985e-07
4.47341 1.82408 120 450 2.13889e-07
4.47416 1.82408 120 450 2.14941e-07
4.47491 1.82408 120 450 2.16145e-07
4.47566 1.82408 120 450 2.17506e-07
4.47641 1.82408 120 450 2.19028e-07
4.47716 1.82408 120 450 2.20717e-07
4.47791 1.82408 120 450 2.22578e-07
4.47866 1.82408 120 450 2.24616e-07
4.47941 1.82408 120 450 2.26836e-07
4.48016 1.82408 120 450 2.29243e-07
4.48091 1.82408 120 450 2.31842e-07
4.48166 1.82408 120 450 2.34636e-07
4.48241 1.82408 120 450 2.37628e-07
4.48316 1.82408 120 450 2.40819e-07
4.48391 1.82408 120 450 2.44212e-07
4.48466 1.82408 120 450 2.47804e-07
4.48541 1.82408 120 450 2.51592e-07
4.48616 1.82408 120 450 2.55573e-07
4.48691 1.82408 120 450 2.59738e-07
4.48766 1.82408 120 450 2.64079e-07
4.48841 1.82408 120 450 2.68583e-07
4.48916 1.82408 120 450 2.73235e-07
4.48991 1.82408 120 450 2.78017e-07
4.49067 1.82408 120 450 2.82909e-07
4.49142 1.82408 120 450 2.87889e-07
4.49217 1.82408 120 450 2.92931e-07
4.49292 1.82408 120 450 2.98007e-07
4.49367 1.82408 120 450 3.0309e-07
4.49442 1.82408 120 450 3.08149e-07
4.49517 1.82408 120 450 3.13154e-07
4.49592 1.82408 120 450 3.18076e-07
4.49667 1.82408 120 450 3.22883e-07
4.49742 1.82408 120 450 3.27549e-07
4.49817 1.82408 120 450 3.32045e-07
4.49892 1.82408 120 450 3.36348e-07
4.49967 1.82408 120 450 3.40435e-07
4.50042 1.82408 120 450 3.44288e-07
4.50117 1.82408 120 450 3.47889e-07
4.50192 1.82408 120 450 3.51226e-07
4.50267 1.82408 120 450 3.54287e-07
4.50342 1.82408 120 450 3.57067e-07
4.50417 1.82408 120 450 3.59559e-07
4.50492 1.82408 120 450 3.61761e-07
4.50567 1.82408 120 450 3.63673e-07
4.50642 1.82408 120 450 3.65295e-07
4.50717 1.82408 120 450 3.6663e-07
4.50792 1.82408 120 450 3.67681e-07
4.50867 1.82408 120 450 3.68452e-07
4.50942 1.82408 120 450 3.68946e-07
4.51017 1.82408 120 450 3.69168e-07
4.51092 1.82408 120 450 3.69122e-07
4.51167 1.82408 120 450 3.68809e-07
4.51242 1.82408 120 450 3.68238e-07
4.51317 1.82408 120 450 3.67411e-07
4.51392 1.82408 120 450 3.66331e-07
4.51467 1.82408 120 450 3.65001e-07
4.51542 1.82408 120 450 3.63426e-07
4.51617 1.82408 120 450 3.61611e-07
4.51692 1.82408 120 450 3.5956e-07
4.51767 1.82408 120 450 3.5728e-07
4.51842 1.82408 120 450 3.54778e-07
4.51917 1.82408 120 450 3.52063e-07
4.51992 1.82408 120 450 3.49142e-07
4.52067 1.82408 120 450 3.46027e-07
4.52142 1.82408 120 450 3.4273e-07
4.52217 1.82408 120 450 3.39263e-07
4.52292 1.82408 120 450 3.3564e-07
4.52367 1.82408 120 450 3.31874e-07
4.52442 1.82408 120 450 3.27981e-07
4.52517 1.82408 120 450 3.23975e-07
4.52592 1.82408 120 450 3.19873e-07
4.52667 1.82408 120 450 3.15688e-07
4.52742 1.82408 120 450 3.11436e-07
4.52817 1.82408 120 450 3.07131e-07
4.52892 1.82408 120 450 3.02787e-07
4.52967 1.82408 120 450 2.98417e-07
4.53042 1.82408 120 450 2.94035e-07
4.53117 1.82408 120 450 2.8965e-07
4.53192 1.82408 120 450 2.85274e-07
4.53267 1.82408 120 450 2.80917e-07
4.53342 1.82408 120 450 2.76587e-07
4.53417 1.82408 120 450 2.72293e-07
4.53492 1.82408 120 450 2.68042e-07
4.53567 1.82408 120 450 2.6384e-07
4.53642 1.82408 120 450 2.59693e-07
4.53717 1.82408 120 450 2.55607e-07
4.53792 1.82408 120 450 2.51586e-07
4.53867 1.82408 120 450 2.47633e-07
4.53942 1.82408 120 450 2.43754e-07
4.54017 1.82408 120 450 2.39951e-07
4.54092 1.82408 120 450 2.36227e-07
4.54167 1.82408 120 450 2.32584e-07
4.54242 1.82408 120 450 2.29024e-07
4.54317 1.82408 120 450 2.25551e-07
4.54392 1.82408 120 450 2.22164e-07
4.54467 1.82408 120 450 2.18867e-07
4.54542 1.82408 120 450 2.1566e-07
4.54617 1.82408 120 450 2.12544e-07
4.54692 1.82408 120 450 2.0952e-07
4.54767 1.82408 120 450 2.0659e-07
4.54842 1.82408 120 450 2.03753e-07
4.54917 1.82408 120 450 2.01009e-07
4.54992 1.82408 120 450 1.9836e-07
4.55068 1.82408 120 450 1.95805e-07
4.55143 1.82408 120 450 1.93344e-07
4.55218 1.82408 120 450 1.90976e-07
4.55293 1.82408 120 450 1.88702e-07
4.55368 1.82408 120 450 1.86521e-07
4.55443 1.82408 120 450 1.84432e-07
4.55518 1.82408 120 450 1.82434e-07
4.55593 1.82408 120 450 1.80526e-07
4.55668 1.82408 120 450 1.78708e-07
4.55743 1.82408 120 450 1.76979e-07
4.55818 1.82408 120 450 1.75336e-07
4.55893 1.82408 120 450 1.7378e-07
4.55968 1.82408 120 450 1.72309e-07
4.56043 1.82408 120 450 1.70921e-07
4.56118 1.82408 120 450 1.69616e-07
4.56193 1.82408 120 450 1.68391e-07
4.56268 1.82408 120 450 1.67247e-07
4.56343 1.82408 120 450 1.66181e-07
4.56418 1.82408 120 450 1.65193e-07
4.56493 1.82408 120 450 1.64281e-07
4.56568 1.82408 120 450 1.63444e-07
4.56643 1.82408 120 450 1.62682e-07
4.56718 1.82408 120 450 1.61992e-07
4.56793 1.82408 120 450 1.61374e-07
4.56868 1.82408 120 450 1.60828e-07
4.56943 1.82408 120 450 1.60351e-07
4.57018 1.82408 120 450 1.59945e-07
4.57093 1.82408 120 450 1.59607e-07
4.57168 1.82408 120 450 1.59338e-07
4.57243 1.82408 120 450 1.59137e-07
4.57318 1.82408 120 450 1.59003e-07
4.57393 1.82408 120 450 1.58936e-07
4.57468 1.82408 120 450 1.58937e-07
4.57543 1.82408 120 450 1.59005e-07
4.57618 1.82408 120 450 1.5914e-07
4.57693 1.82408 120 450 1.59342e-07
4.57768 1.82408 120 450 1.59612e-07
4.57843 1.82408 120 450 1.59951e-07
4.57918 1.82408 120 450 1.60358e-07
4.57993 1.82408 120 450 1.60835e-07
4.58068 1.82408 120 450 1.61383e-07
4.58143 1.82408 120 450 1.62003e-07
4.58218 1.82408 120 450 1.62696e-07
4.58293 1.82408 120 450 1.63463e-07
4.58368 1.82408 120 450 1.64308e-07
4.58443 1.82408 120 450 1.65231e-07
4.58518 1.82408 120 450 1.66234e-07
4.58593 1.82408 120 450 1.67321e-07
4.58668 1.82408 120 450 1.68494e-07
4.58743 1.82408 120 450 1.69756e-07
4.58818 1.82408 120 450 1.7111e-07
4.58893 1.82408 120 450 1.72559e-07
4.58968 1.82408 120 450 1.74106e-07
4.59043 1.82408 120 450 1.75753e-07
4.59118 1.82408 120 450 1.77509e-07
4.59193 1.82408 120 450 1.79377e-07
4.59268 1.82408 120 450 1.81358e-07
4.59343 1.82408 120 450 1.83459e-07
4.59418 1.82408 120 450 1.85681e-07
4.59493 1.82408 120 450 1.8803e-07
4.59568 1.82408 120 450 1.90509e-07
4.59643 1.82408 120 450 1.93121e-07
4.59718 1.82408 120 450 1.95869e-07
4.59793 1.82408 120 450 1.98757e-07
4.59868 1.82408 120 450 2.01785e-07
4.59943 1.82408 120 450 2.04956e-07
4.60018 1.82408 120 450 2.08272e-07
4.60093 1.82408 120 450 2.11732e-07
4.60168 1.82408 120 450 2.15337e-07
4.60243 1.82408 120 450 2.19086e-07
4.60318 1.82408 120 450 2.22979e-07
4.60393 1.82408 120 450 2.27014e-07
4.60468 1.82408 120 450 2.31191e-07
4.60543 1.82408 120 450 2.35508e-07
4.60618 1.82408 120 450 2.39963e-07
4.60693 1.82408 120 450 2.44554e-07
4.60768 1.82408 120 450 2.4928e-07
4.60843 1.82408 120 450 2.5414e-07
4.60918 1.82408 120 450 2.59133e-07
4.60993 1.82408 120 450 2.64257e-07
4.61069 1.82408 120 450 2.69512e-07
4.61144 1.82408 120 450 2.74899e-07
4.61219 1.82408 120 450 2.80416e-07
4.61294 1.82408 120 450 2.86065e-07
4.61369 1.82408 120 450 2.91846e-07
4.61444 1.82408 120 450 2.97759e-07
4.61519 1.82408 120 450 3.03805e-07
4.61594 1.82408 120 450 3.09985e-07
4.61669 1.82408 120 450 3.16298e-07
4.61744 1.82408 120 450 3.22743e-07
4.61819 1.82408 120 450 3.29331e-07
4.61894 1.82408 120 450 3.36041e-07
4.61969 1.82408 120 450 3.42879e-07
4.62044 1.82408 120 450 3.49844e-07
4.62119 1.82408 120 450 3.5693e-07
4.62194 1.82408 120 450 3.64133e-07
4.62269 1.82408 120 450 3.71446e-07
4.62344 1.82408 120 450 3.7886e-07
4.62419 1.82408 120 450 3.86367e-07
4.62494 1.82408 120 450 3.93954e-07
4.62569 1.82408 120 450 4.01608e-07
4.62644 1.82408 120 450 4.09316e-07
4.62719 1.82408 120 450 4.17059e-07
4.62794 1.82408 120 450 4.24819e-07
4.62869 1.82408 120 450 4.32575e-07
4.62944 1.82408 120 450 4.40304e-07
4.63019 1.82408 120 450 4.47982e-07
4.63094 1.82408 120 450 4.55583e-07
4.63169 1.82408 120 450 4.63079e-07
4.63244 1.82408 120 450 4.70442e-07
4.63319 1.82408 120 450 4.77642e-07
4.63394 1.82408 120 450 4.84651e-07
4.63469 1.82408 120 450 4.91437e-07
4.63544 1.82408 120 450 4.97972e-07
4.63619 1.82408 120 450 5.04226e-07
4.63694 1.82408 120 450 5.10172e-07
4.63769 1.82408 120 450 5.15783e-07
4.63844 1.82408 120 450 5.21034e-07
4.63919 1.82408 120 450 5.25904e-07
4.63994 1.82408 120 450 5.30372e-07
4.64069 1.82408 120 450 5.3442e-07
4.64144 1.82408 120 450 5.38033e-07
4.64219 1.82408 120 450 5.41197e-07
4.64294 1.82408 120 450 5.43903e-07
4.64369 1.82408 120 450 5.46142e-07
4.64444 1.82408 120 450 5.47909e-07
4.64519 1.82408 120 450 5.49199e-07
4.64594 1.82408 120 450 5.50009e-07
4.64669 1.82408 120 450 5.50342e-07
4.64744 1.82408 120 450 5.50193e-07
4.64819 1.82408 120 450 5.49567e-07
4.64894 1.82408 120 450 5.48466e-07
4.64969 1.82408 120 450 5.46895e-07
4.65044 1.82408 120 450 5.44859e-07
4.65119 1.82408 120 450 5.42363e-07
4.65194 1.82408 120 450 5.39417e-07
4.65269 1.82408 120 450 5.36029e-07
4.65344 1.82408 120 450 5.3221e-07
4.65419 1.82408 120 450 5.27973e-07
4.65494 1.82408 120 450 5.23332e-07
4.65569 1.82408 120 450 5.18304e-07
4.65644 1.82408 120 450 5.12907e-07
4.65719 1.82408 120 450 5.07162e-07
4.65794 1.82408 120 450 5.01092e-07
4.65869 1.82408 120 450 4.9472e-07
4.65944 1.82408 120 450 4.88072e-07
4.66019 1.82408 120 450 4.81177e-07
4.66094 1.82408 120 450 4.74074e-07
4.66169 1.82408 120 450 4.66768e-07
4.66244 1.82408 120 450 4.59301e-07
4.66319 1.82408 120 450 4.51708e-07
4.66394 1.82408 120 450 4.44007e-07
4.66469 1.82408 120 450 4.36233e-07
4.66544 1.82408 120 450 4.28414e-07
4.66619 1.82408 120 450 4.20575e-07
4.66694 1.82408 120 450 4.12743e-07
4.66769 1.82408 120 450 4.04942e-07
4.66844 1.82408 120 450 3.97194e-07
4.66919 1.82408 120 450 3.89518e-07
4.66994 1.82408 120 450 3.81934e-07
4.6707 1.82408 120 450 3.74459e-07
4.67145 1.82408 120 450 3.67108e-07
4.6722 1.82408 120 450 3.59894e-07
4.67295 1.82408 120 450 3.52828e-07
4.6737 1.82408 120 450 3.45921e-07
4.67445 1.82408 120 450 3.39181e-07
4.6752 1.82408 120 450 3.32616e-07
4.67595 1.82408 120 450 3.26231e-07
4.6767 1.82408 120 450 3.20031e-07
4.67745 1.82408 120 450 3.1402e-07
4.6782 1.82408 120 450 3.082e-07
4.67895 1.82408 120 450 3.02573e-07
4.6797 1.82408 120 450 2.97141e-07
4.68045 1.82408 120 450 2.91902e-07
4.6812 1.82408 120 450 2.86858e-07
4.68195 1.82408 120 450 2.82008e-07
4.6827 1.82408 120 450 2.77349e-07
4.68345 1.82408 120 450 2.72882e-07
4.6842 1.82408 120 450 2.68602e-07
4.68495 1.82408 120 450 2.6451e-07
4.6857 1.82408 120 450 2.60601e-07
4.68645 1.82408 120 450 2.56873e-07
4.6872 1.82408 120 450 2.53324e-07
4.68795 1.82408 120 450 2.49951e-07
4.6887 1.82408 120 450 2.46749e-07
4.68945 1.82408 120 450 2.43717e-07
4.6902 1.82408 120 450 2.40851e-07
4.69095 1.82408 120 450 2.38147e-07
4.6917 1.82408 120 450 2.35603e-07
4.69245 1.82408 120 450 2.33215e-07
4.6932 1.82408 120 450 2.30979e-07
4.69395 1.82408 120 450 2.28894e-07
4.6947 1.82408 120 450 2.26954e-07
4.69545 1.82408 120 450 2.25157e-07
4.6962 1.82408 120 450 2.235e-07
4.69695 1.82408 120 450 2.21979e-07
4.6977 1.82408 120 450 2.20591e-07
4.69845 1.82408 120 450 2.19333e-07
4.6992 1.82408 120 450 2.18203e-07
4.69995 1.82408 120 450 2.17196e-07
4.7007 1.82408 120 450 2.16309e-07
4.70145 1.82408 120 450 2.15541e-07
4.7022 1.82408 120 450 2.14886e-07
4.70295 1.82408 120 450 2.14343e-07
4.7037 1.82408 120 450 2.1391e-07
4.70445 1.82408 120 450 2.13583e-07
4.7052 1.82408 120 450 2.13359e-07
4.70595 1.82408 120 450 2.13236e-07
4.7067 1.82408 120 450 2.1321e-07
4.70745 1.82408 120 450 2.1328e-07
4.7082 1.82408 120 450 2.13443e-07
4.70895 1.82408 120 450 2.13696e-07
4.7097 1.82408 120 450 2.14036e-07
4.71045 1.82408 120 450 2.14462e-07
4.7112 1.82408 120 450 2.14973e-07
4.71195 1.82408 120 450 2.15564e-07
4.7127 1.82408 120 450 2.16233e-07
4.71345 1.82408 120 450 2.16979e-07
4.7142 1.82408 120 450 2.17801e-07
4.71495 1.82408 120 450 2.18697e-07
4.7157 1.82408 120 450 2.19665e-07
4.71645 1.82408 120 450 2.20705e-07
4.7172 1.82408 120 450 2.21816e-07
4.71795 1.82408 120 450 2.22996e-07
4.7187 1.82408 120 450 2.24246e-07
4.71945 1.82408 120 450 2.25564e-07
4.7202 1.82408 120 450 2.26952e-07
4.72095 1.82408 120 450 2.28409e-07
4.7217 1.82408 120 450 2.29936e-07
4.72245 1.82408 120 450 2.31532e-07
4.7232 1.82408 120 450 2.33197e-07
4.72395 1.82408 120 450 2.34932e-07
4.7247 1.82408 120 450 2.36736e-07
4.72545 1.82408 120 450 2.38607e-07
4.7262 1.82408 120 450 2.40546e-07
4.72695 1.82408 120 450 2.42549e-07
4.7277 1.82408 120 450 2.44614e-07
4.72845 1.82408 120 450 2.46736e-07
4.7292 1.82408 120 450 2.48912e-07
4.72995 1.82408 120 450 2.51134e-07
4.73071 1.82408 120 450 2.53397e-07
4.73146 1.82408 120 450 2.55691e-07
4.73221 1.82408 120 450 2.58009e-07
4.73296 1.82408 120 450 2.60339e-07
4.73371 1.82408 120 450 2.62672e-07
4.73446 1.82408 120 450 2.64995e-07
4.73521 1.82408 120 450 2.67296e-07
4.73596 1.82408 120 450 2.69564e-07
4.73671 1.82408 120 450 2.71786e-07
4.73746 1.82408 120 450 2.73949e-07
4.73821 1.82408 120 450 2.76041e-07
4.73896 1.82408 120 450 2.78052e-07
4.73971 1.82408 120 450 2.79969e-07
4.74046 1.82408 120 450 2.81783e-07
4.74121 1.82408 120 450 2.83485e-07
4.74196 1.82408 120 450 2.85065e-07
4.74271 1.82408 120 450 2.86515e-07
4.74346 1.82408 120 450 2.8783e-07
4.74421 1.82408 120 450 2.89002e-07
4.74496 1.82408 120 450 2.90025e-07
4.74571 1.82408 120 450 2.90894e-07
4.74646 1.82408 120 450 2.91604e-07
4.74721 1.82408 120 450 2.92152e-07
4.74796 1.82408 120 450 2.92532e-07
4.74871 1.82408 120 450 2.92741e-07
4.74946 1.82408 120 450 2.92774e-07
4.75021 1.82408 120 450 2.92629e-07
4.75096 1.82408 120 450 2.92303e-07
4.75171 1.82408 120 450 2.91792e-07
4.75246 1.82408 120 450 2.91094e-07
4.75321 1.82408 120 450 2.90207e-07
4.75396 1.82408 120 450 2.8913e-07
4.75471 1.82408 120 450 2.87862e-07
4.75546 1.82408 120 450 2.86404e-07
4.75621 1.82408 120 450 2.84757e-07
4.75696 1.82408 120 450 2.82925e-07
4.75771 1.82408 120 450 2.80909e-07
4.75846 1.82408 120 450 2.78715e-07
4.75921 1.82408 120 450 2.7635e-07
4.75996 1.82408 120 450 2.73821e-07
4.76071 1.82408 120 450 2.71135e-07
4.76146 1.82408 120 450 2.68303e-07
4.76221 1.82408 120 450 2.65336e-07
4.76296 1.82408 120 450 2.62244e-07
4.76371 1.82408 120 450 2.5904e-07
4.76446 1.82408 120 450 2.55736e-07
4.76521 1.82408 120 450 2.52346e-07
4.76596 1.82408 120 450 2.48883e-07
4.76671 1.82408 120 450 2.4536e-07
4.76746 1.82408 120 450 2.4179e-07
4.76821 1.82408 120 450 2.38186e-07
4.76896 1.82408 120 450 2.3456e-07
4.76971 1.82408 120 450 2.30924e-07
4.77046 1.82408 120 450 2.27291e-07
4.77121 1.82408 120 450 2.23669e-07
4.77196 1.82408 120 450 2.20068e-07
4.77271 1.82408 120 450 2.16499e-07
4.77346 1.82408 120 450 2.12967e-07
4.77421 1.82408 120 450 2.09482e-07
4.77496 1.82408 120 450 2.06049e-07
4.77571 1.82408 120 450 2.02673e-07
4.77646 1.82408 120 450 1.99359e-07
4.77721 1.82408 120 450 1.96113e-07
4.77796 1.82408 120 450 1.92938e-07
4.77871 1.82408 120 450 1.89836e-07
4.77946 1.82408 120 450 1.86809e-07
4.78021 1.82408 120 450 1.83859e-07
4.78096 1.82408 120 450 1.80987e-07
4.78171 1.82408 120 450 1.78194e-07
4.78246 1.82408 120 450 1.75481e-07
4.78321 1.82408 120 450 1.72846e-07
4.78396 1.82408 120 450 1.70291e-07
4.78471 1.82408 120 450 1.67814e-07
4.78546 1.82408 120 450 1.65415e-07
4.78621 1.82408 120 450 1.63092e-07
4.78696 1.82408 120 450 1.60845e-07
4.78771 1.82408 120 450 1.58671e-07
4.78846 1.82408 120 450 1.5657e-07
4.78921 1.82408 120 450 1.5454e-07
4.78996 1.82408 120 450 1.5258e-07
4.79072 1.82408 120 450 1.50687e-07
4.79147 1.82408 120 450 1.4886e-07
4.79222 1.82408 120 450 1.47098e-07
4.79297 1.82408 120 450 1.45399e-07
4.79372 1.82408 120 450 1.43761e-07
4.79447 1.82408 120 450 1.42185e-07
4.79522 1.82408 120 450 1.40667e-07
4.79597 1.82408 120 450 1.39208e-07
4.79672 1.82408 120 450 1.37806e-07
4.79747 1.82408 120 450 1.36461e-07
4.79822 1.82408 120 450 1.35173e-07
4.79897 1.82408 120 450 1.3394e-07
4.79972 1.82408 120 450 1.32764e-07
4.80047 1.82408 120 450 1.31644e-07
4.80122 1.82408 120 450 1.3058e-07
4.80197 1.82408 120 450 1.29573e-07
4.80272 1.82408 120 450 1.28623e-07
4.80347 1.82408 120 450 1.27733e-07
4.80422 1.82408 120 450 1.26901e-07
4.80497 1.82408 120 450 1.2613e-07
4.80572 1.82408 120 450 1.25422e-07
4.80647 1.82408 120 450 1.24776e-07
4.80722 1.82408 120 450 1.24195e-07
4.80797 1.82408 120 450 1.2368e-07
4.80872 1.82408 120 450 1.23233e-07
4.80947 1.82408 120 450 1.22855e-07
4.81022 1.82408 120 450 1.22548e-07
4.81097 1.82408 120 450 1.22313e-07
4.81172 1.82408 120 450 1.22153e-07
4.81247 1.82408 120 450 1.22067e-07
4.81322 1.82408 120 450 1.22058e-07
4.81397 1.82408 120 450 1.22128e-07
4.81472 1.82408 120 450 1.22277e-07
4.81547 1.82408 120 450 1.22507e-07
4.81622 1.82408 120 450 1.22819e-07
4.81697 1.82408 120 450 1.23213e-07
4.81772 1.82408 120 450 1.23692e-07
4.81847 1.82408 120 450 1.24254e-07
4.81922 1.82408 120 450 1.24901e-07
4.81997 1.82408 120 450 1.25633e-07
4.82072 1.82408 120 450 1.2645e-07
4.82147 1.82408 120 450 1.2735e-07
4.82222 1.82408 120 450 1.28334e-07
4.82297 1.82408 120 450 1.294e-07
4.82372 1.82408 120 450 1.30546e-07
4.82447 1.82408 120 450 1.3177e-07
4.82522 1.82408 120 450 1.33071e-07
4.82597 1.82408 120 450 1.34445e-07
4.82672 1.82408 120 450 1.35889e-07
4.82747 1.82408 120 450 1.374e-07
4.82822 1.82408 120 450 1.38975e-07
4.82897 1.82408 120 450 1.4061e-07
4.82972 1.82408 120 450 1.42301e-07
4.83047 1.82408 120 450 1.44045e-07
4.83122 1.82408 120 450 1.45839e-07
4.83197 1.82408 120 450 1.47679e-07
4.83272 1.82408 120 450 1.49562e-07
4.83347 1.82408 120 450 1.51486e-07
4.83422 1.82408 120 450 1.53449e-07
4.83497 1.82408 120 450 1.55448e-07
4.83572 1.82408 120 450 1.57483e-07
4.83647 1.82408 120 450 1.59553e-07
4.83722 1.82408 120 450 1.61657e-07
4.83797 1.82408 120 450 1.63795e-07
4.83872 1.82408 120 450 1.65969e-07
4.83947 1.82408 120 450 1.68179e-07
4.84022 1.82408 120 450 1.70426e-07
4.84097 1.82408 120 450 1.72713e-07
4.84172 1.82408 120 450 1.75041e-07
4.84247 1.82408 120 450 1.77414e-07
4.84322 1.82408 120 450 1.79833e-07
4.84397 1.82408 120 450 1.82302e-07
4.84472 1.82408 120 450 1.84824e-07
4.84547 1.82408 120 450 1.87402e-07
4.84622 1.82408 120 450 1.9004e-07
4.84697 1.82408 120 450 1.92739e-07
4.84772 1.82408 120 450 1.95505e-07
4.84847 1.82408 120 450 1.98339e-07
4.84922 1.82408 120 450 2.01244e-07
4.84997 1.82408 120 450 2.04225e-07
4.85073 1.82408 120 450 2.07282e-07
4.85148 1.82408 120 450 2.10418e-07
4.85223 1.82408 120 450 2.13635e-07
4.85298 1.82408 120 450 2.16935e-07
4.85373 1.82408 120 450 2.20318e-07
4.85448 1.82408 120 450 2.23786e-07
4.85523 1.82408 120 450 2.27337e-07
4.85598 1.82408 120 450 2.3097e-07
4.85673 1.82408 120 450 2.34687e-07
4.85748 1.82408 120 450 2.38484e-07
4.85823 1.82408 120 450 2.42359e-07
4.85898 1.82408 120 450 2.46307e-07
4.85973 1.82408 120 450 2.50327e-07
4.86048 1.82408 120 450 2.54412e-07
4.86123 1.82408 120 450 2.58558e-07
4.86198 1.82408 120 450 2.62757e-07
4.86273 1.82408 120 450 2.67002e-07
4.86348 1.82408 120 450 2.71286e-07
4.86423 1.82408 120 450 2.75598e-07
4.86498 1.82408 120 450 2.7993e-07
4.86573 1.82408 120 450 2.84271e-07
4.86648 1.82408 120 450 2.88609e-07
4.86723 1.82408 120 450 2.92933e-07
4.86798 1.82408 120 450 2.9723e-07
4.86873 1.82408 120 450 3.01487e-07
4.86948 1.82408 120 450 3.05691e-07
4.87023 1.82408 120 450 3.09829e-07
4.87098 1.82408 120 450 3.13887e-07
4.87173 1.82408 120 450 3.17852e-07
4.87248 1.82408 120 450 3.21711e-07
4.87323 1.82408 120 450 3.25453e-07
4.87398 1.82408 120 450 3.29065e-07
4.87473 1.82408 120 450 3.32537e-07
4.87548 1.82408 120 450 3.35861e-07
4.87623 1.82408 120 450 3.39028e-07
4.87698 1.82408 120 450 3.42033e-07
4.87773 1.82408 120 450 3.44872e-07
4.87848 1.82408 120 450 3.47542e-07
4.87923 1.82408 120 450 3.50042e-07
4.87998 1.82408 120 450 3.52374e-07
4.88073 1.82408 120 450 3.54541e-07
4.88148 1.82408 120 450 3.56548e-07
4.88223 1.82408 120 450 3.58403e-07
4.88298 1.82408 120 450 3.60112e-07
4.88373 1.82408 120 450 3.61686e-07
4.88448 1.82408 120 450 3.63136e-07
4.88523 1.82408 120 450 3.64471e-07
4.88598 1.82408 120 450 3.65704e-07
4.88673 1.82408 120 450 3.66847e-07
4.88748 1.82408 120 450 3.6791e-07
4.88823 1.82408 120 450 3.68904e-07
4.88898 1.82408 120 450 3.69841e-07
4.88973 1.82408 120 450 3.70729e-07
4.89048 1.82408 120 450 3.71575e-07
4.89123 1.82408 120 450 3.72387e-07
4.89198 1.82408 120 450 3.73169e-07
4.89273 1.82408 120 450 3.73924e-07
4.89348 1.82408 120 450 3.74654e-07
4.89423 1.82408 120 450 3.75357e-07
4.89498 1.82408 120 450 3.76032e-07
4.89573 1.82408 120 450 3.76673e-07
4.89648 1.82408 120 450 3.77276e-07
4.89723 1.82408 120 450 3.77831e-07
4.89798 1.82408 120 450 3.78331e-07
4.89873 1.82408 120 450 3.78764e-07
4.89948 1.82408 120 450 3.79119e-07
4.90023 1.82408 120 450 3.79384e-07
4.90098 1.82408 120 450 3.79545e-07
4.90173 1.82408 120 450 3.79589e-07
4.90248 1.82408 120 450 3.79504e-07
4.90323 1.82408 120 450 3.79276e-07
4.90398 1.82408 120 450 3.78893e-07
4.90473 1.82408 120 450 3.78345e-07
4.90548 1.82408 120 450 3.7762e-07
4.90623 1.82408 120 450 3.7671e-07
4.90698 1.82408 120 450 3.75608e-07
4.90773 1.82408 120 450 3.74309e-07
4.90848 1.82408 120 450 3.72809e-07
4.90923 1.82408 120 450 3.71107e-07
4.90998 1.82408 120 450 3.69203e-07
4.91074 1.82408 120 450 3.671e-07
4.91149 1.82408 120 450 3.64802e-07
4.91224 1.82408 120 450 3.62318e-07
4.91299 1.82408 120 450 3.5965e-07
4.91374 1.82408 120 450 3.56809e-07
4.91449 1.82408 120 450 3.53807e-07
4.91524 1.82408 120 450 3.50654e-07
4.91599 1.82408 120 450 3.47363e-07
4.91674 1.82408 120 450 3.43946e-07
4.91749 1.82408 120 450 3.40416e-07
4.91824 1.82408 120 450 3.36787e-07
4.91899 1.82408 120 450 3.33072e-07
4.91974 1.82408 120 450 3.29284e-07
4.92049 1.82408 120 450 3.25436e-07
4.92124 1.82408 120 450 3.21542e-07
4.92199 1.82408 120 450 3.17613e-07
4.92274 1.82408 120 450 3.13662e-07
4.92349 1.82408 120 450 3.09699e-07
4.92424 1.82408 120 450 3.05736e-07
4.92499 1.82408 120 450 3.01783e-07
4.92574 1.82408 120 450 2.9785e-07
4.92649 1.82408 120 450 2.93946e-07
4.92724 1.82408 120 450 2.90081e-07
4.92799 1.82408 120 450 2.86263e-07
4.92874 1.82408 120 450 2.825e-07
4.92949 1.82408 120 450 2.78799e-07
4.93024 1.82408 120 450 2.75168e-07
4.93099 1.82408 120 450 2.71612e-07
4.93174 1.82408 120 450 2.68138e-07
4.93249 1.82408 120 450 2.64753e-07
4.93324 1.82408 120 450 2.6146e-07
4.93399 1.82408 120 450 2.58264e-07
4.93474 1.82408 120 450 2.5517e-07
4.93549 1.82408 120 450 2.52182e-07
4.93624 1.82408 120 450 2.49302e-07
4.93699 1.82408 120 450 2.46533e-07
4.93774 1.82408 120 450 2.43877e-07
4.93849 1.82408 120 450 2.41336e-07
4.93924 1.82408 120 450 2.3891e-07
4.93999 1.82408 120 450 2.366e-07
4.94074 1.82408 120 450 2.34405e-07
4.94149 1.82408 120 450 2.32326e-07
4.94224 1.82408 120 450 2.30359e-07
4.94299 1.82408 120 450 2.28504e-07
4.94374 1.82408 120 450 2.26758e-07
4.94449 1.82408 120 450 2.25118e-07
4.94524 1.82408 120 450 2.23581e-07
4.94599 1.82408 120 450 2.22141e-07
4.94674 1.82408 120 450 2.20796e-07
4.94749 1.82408 120 450 2.19539e-07
4.94824 1.82408 120 450 2.18365e-07
4.94899 1.82408 120 450 2.17269e-07
4.94974 1.82408 120 450 2.16242e-07
4.95049 1.82408 120 450 2.15279e-07
4.95124 1.82408 120 450 2.14372e-07
4.95199 1.82408 120 450 2.13512e-07
4.95274 1.82408 120 450 2.12693e-07
4.95349 1.82408 120 450 2.11906e-07
4.95424 1.82408 120 450 2.11141e-07
4.95499 1.82408 120 450 2.10392e-07
4.95574 1.82408 120 450 2.09648e-07
4.95649 1.82408 120 450 2.08902e-07
4.95724 1.82408 120 450 2.08145e-07
4.95799 1.82408 120 450 2.0737e-07
4.95874 1.82408 120 450 2.06568e-07
4.95949 1.82408 120 450 2.05736e-07
4.96024 1.82408 120 450 2.04863e-07
4.96099 1.82408 120 450 2.03946e-07
4.96174 1.82408 120 450 2.0298e-07
4.96249 1.82408 120 450 2.01962e-07
4.96324 1.82408 120 450 2.0089e-07
4.96399 1.82408 120 450 1.99763e-07
4.96474 1.82408 120 450 1.98581e-07
4.96549 1.82408 120 450 1.97345e-07
4.96624 1.82408 120 450 1.96057e-07
4.96699 1.82408 120 450 1.94722e-07
4.96774 1.82408 120 450 1.93343e-07
4.96849 1.82408 120 450 1.91926e-07
4.96924 1.82408 120 450 1.90477e-07
4.96999 1.82408 120 450 1.89002e-07
4.97075 1.82408 120 450 1.8751e-07
4.9715 1.82408 120 450 1.86006e-07
4.97225 1.82408 120 450 1.84499e-07
4.973 1.82408 120 450 1.82997e-07
4.97375 1.82408 120 450 1.81505e-07
4.9745 1.82408 120 450 1.80033e-07
4.97525 1.82408 120 450 1.78585e-07
4.976 1.82408 120 450 1.77168e-07
4.97675 1.82408 120 450 1.75788e-07
4.9775 1.82408 120 450 1.74449e-07
4.97825 1.82408 120 450 1.73157e-07
4.979 1.82408 120 450 1.71914e-07
4.97975 1.82408 120 450 1.70724e-07
4.9805 1.82408 120 450 1.69591e-07
4.98125 1.82408 120 450 1.68517e-07
4.982 1.82408 120 450 1.67503e-07
4.98275 1.82408 120 450 1.66552e-07
4.9835 1.82408 120 450 1.65666e-07
4.98425 1.82408 120 450 1.64845e-07
4.985 1.82408 120 450 1.64093e-07
4.98575 1.82408 120 450 1.63409e-07
4.9865 1.82408 120 450 1.62796e-07
4.98725 1.82408 120 450 1.62255e-07
4.988 1.82408 120 450 1.61788e-07
4.98875 1.82408 120 450 1.61396e-07
4.9895 1.82408 120 450 1.6108e-07
4.99025 1.82408 120 450 1.60842e-07
4.991 1.82408 120 450 1.60682e-07
4.99175 1.82408 120 450 1.60603e-07
4.9925 1.82408 120 450 1.60603e-07
4.99325 1.82408 120 450 1.60684e-07
4.994 1.82408 120 450 1.60845e-07
4.99475 1.82408 120 450 1.61085e-07
4.9955 1.82408 120 450 1.61404e-07
4.99625 1.82408 120 450 1.618e-07
4.997 1.82408 120 450 1.62269e-07
4.99775 1.82408 120 450 1.6281e-07
4.9985 1.82408 120 450 1.63418e-07
4.99925 1.82408 120 450 1.64089e-07
5 1.82408 120 450 1.64819e-07
